PitchNo,Date,Time,PAofInning,PitchofPA,Pitcher,PitcherId,PitcherThrows,PitcherTeam,Batter,BatterId,BatterSide,BatterTeam,Inning,Top/Bottom,Outs,Balls,Strikes,TaggedPitchType,AutoPitchType,PitchCall,KorBB,TaggedHitType,PlayResult,RelSpeed,SpinRate,SpinAxis,RelHeight,RelSide,Extension,InducedVertBreak,HorzBreak,VertApprAngle,HorzApprAngle,PlateLocHeight,PlateLocSide,ExitSpeed,Angle,Direction,Distance,Level,GameID,PitchUID,PitchReleaseConfidence,PitchLocationConfidence,PitchMovementConfidence
1,9/9/2025,05:10.6,,,"Bunnell, Jack",813673.0,Right,SAN_DIE8,"Bunnell, Jack",813673,Right,SAN_DIE8,1,Top,0,0,0,Undefined,Changeup,Undefined,Undefined,Undefined,Undefined,82.88382,2195.236079,227.302022,6.61269,3.06657,6.08682,18.57509,18.36946,-4.666128,-0.511648,4.45192,1.06599,,,,,TeamExclusive,20250909-UofSanDiego-Private-1,3363f700-8de2-11f0-8ba7-ff05ae97f8a5,High,High,High
2,9/9/2025,05:17.3,,,"Bunnell, Jack",813673.0,Right,SAN_DIE8,"Bunnell, Jack",813673,Right,SAN_DIE8,1,Top,0,0,0,Undefined,Changeup,Undefined,Undefined,Undefined,Undefined,84.20578,2210.969662,231.891246,6.46519,2.96679,6.67961,16.04213,18.57903,-4.870901,-1.648758,4.15215,-0.08501,,,,,TeamExclusive,20250909-UofSanDiego-Private-1,372ebaa0-8de2-11f0-8ba7-ff05ae97f8a5,High,High,High
3,9/9/2025,05:23.9,,,"Bunnell, Jack",813673.0,Right,SAN_DIE8,"Bunnell, Jack",813673,Right,SAN_DIE8,1,Top,0,0,0,Undefined,Changeup,Undefined,Undefined,Undefined,Undefined,83.27126,2200.90444,241.798102,6.13387,3.18552,6.54683,12.5317,20.55194,-4.059814,-0.715116,4.95572,0.82314,,,,,TeamExclusive,20250909-UofSanDiego-Private-1,3b2485e0-8de2-11f0-8ba7-ff05ae97f8a5,High,High,High
4,9/9/2025,05:33.2,,,"Bunnell, Jack",813673.0,Right,SAN_DIE8,"Bunnell, Jack",813673,Right,SAN_DIE8,1,Top,0,0,0,Undefined,Changeup,Undefined,Undefined,Undefined,Undefined,86.47836,2310.093484,235.325484,6.20427,2.9841,7.00481,14.42394,18.81182,-3.697718,-1.717261,4.92567,-0.1389,,,,,TeamExclusive,20250909-UofSanDiego-Private-1,40cb3570-8de2-11f0-8ba7-ff05ae97f8a5,High,High,High
5,9/9/2025,05:48.7,,,"Bunnell, Jack",813673.0,Right,SAN_DIE8,"Bunnell, Jack",813673,Right,SAN_DIE8,1,Top,0,0,0,Undefined,Four-Seam,Undefined,Undefined,Undefined,Undefined,86.29478,2233.338757,210.135889,6.17378,3.02525,6.04178,20.06694,10.75103,-4.172215,-1.615083,4.0822,0.6351,,,,,TeamExclusive,20250909-UofSanDiego-Private-1,4a003be0-8de2-11f0-8ba7-ff05ae97f8a5,High,High,High
6,9/9/2025,06:02.5,,,"Bunnell, Jack",813673.0,Right,SAN_DIE8,"Bunnell, Jack",813673,Right,SAN_DIE8,1,Top,0,0,0,Undefined,Four-Seam,Undefined,Undefined,Undefined,Undefined,86.97654,2285.17396,212.409837,6.20338,2.83784,6.09268,21.10989,12.4517,-5.24639,-2.373934,2.95278,-0.39456,,,,,TeamExclusive,20250909-UofSanDiego-Private-1,523e8640-8de2-11f0-8ba7-ff05ae97f8a5,High,High,High
7,9/9/2025,06:17.9,,,"Bunnell, Jack",813673.0,Right,SAN_DIE8,"Bunnell, Jack",813673,Right,SAN_DIE8,1,Top,0,0,0,Undefined,Four-Seam,Undefined,Undefined,Undefined,Undefined,86.91508,2109.902036,216.154425,5.94162,3.13271,6.07579,19.52001,13.3193,-4.449166,-1.064185,3.48829,1.0399,,,,,TeamExclusive,20250909-UofSanDiego-Private-1,5b70a680-8de2-11f0-8ba7-ff05ae97f8a5,High,High,High
8,9/9/2025,06:32.0,,,"Bunnell, Jack",813673.0,Right,SAN_DIE8,"Bunnell, Jack",813673,Right,SAN_DIE8,1,Top,0,0,0,Undefined,Four-Seam,Undefined,Undefined,Undefined,Undefined,85.76638,2208.912503,220.041702,5.89603,3.24271,6.30946,17.24647,13.37977,-5.663003,-2.387618,2.58502,-0.07082,,,,,TeamExclusive,20250909-UofSanDiego-Private-1,64001e20-8de2-11f0-8ba7-ff05ae97f8a5,High,High,High
9,9/9/2025,06:46.9,,,"Bunnell, Jack",813673.0,Right,SAN_DIE8,"Bunnell, Jack",813673,Right,SAN_DIE8,1,Top,0,0,0,Undefined,Curveball,Undefined,Undefined,Undefined,Undefined,77.90916,2242.43151,75.852332,5.78447,2.90381,6.1906,-2.37866,-15.19709,-6.903342,-6.165086,3.63164,-1.53778,,,,,TeamExclusive,20250909-UofSanDiego-Private-1,6cdfb190-8de2-11f0-8ba7-ff05ae97f8a5,High,High,High
10,9/9/2025,07:04.4,,,"Bunnell, Jack",813673.0,Right,SAN_DIE8,"Bunnell, Jack",813673,Right,SAN_DIE8,1,Top,0,0,0,Undefined,Four-Seam,Undefined,Undefined,Undefined,Undefined,85.33068,2221.989406,214.710776,6.09938,3.01966,6.13422,19.15788,12.22922,-3.116294,-2.008673,5.11618,0.14607,,,,,TeamExclusive,20250909-UofSanDiego-Private-1,774c9bc0-8de2-11f0-8ba7-ff05ae97f8a5,High,High,High
11,9/9/2025,07:37.1,,,"Bunnell, Jack",813673.0,Right,SAN_DIE8,"Bunnell, Jack",813673,Right,SAN_DIE8,1,Top,0,0,0,Undefined,Four-Seam,Undefined,Undefined,Undefined,Undefined,86.60847,2254.812401,220.677689,6.22544,2.8899,6.51564,17.77127,14.03599,-3.287481,-0.741271,5.06712,1.04248,,,,,TeamExclusive,20250909-UofSanDiego-Private-1,8aaffcc0-8de2-11f0-8ba7-ff05ae97f8a5,High,High,High
12,9/9/2025,07:50.2,,,"Bunnell, Jack",813673.0,Right,SAN_DIE8,"Bunnell, Jack",813673,Right,SAN_DIE8,1,Top,0,0,0,Undefined,Four-Seam,Undefined,Undefined,Undefined,Undefined,86.59941,2232.025291,211.381394,6.08095,2.75494,6.32583,20.04655,11.28107,-4.651341,-1.081323,3.51673,0.82023,,,,,TeamExclusive,20250909-UofSanDiego-Private-1,927a0180-8de2-11f0-8ba7-ff05ae97f8a5,High,High,High
13,9/9/2025,08:05.2,,,"Bunnell, Jack",813673.0,Right,SAN_DIE8,"Bunnell, Jack",813673,Right,SAN_DIE8,1,Top,0,0,0,Undefined,Four-Seam,Undefined,Undefined,Undefined,Undefined,87.00732,2154.308133,218.72797,5.87421,2.95139,6.37534,16.21395,11.9626,-5.403015,-1.085616,2.79983,0.95637,,,,,TeamExclusive,20250909-UofSanDiego-Private-1,9b67c5c0-8de2-11f0-8ba7-ff05ae97f8a5,High,High,High
14,9/9/2025,08:18.0,,,"Bunnell, Jack",813673.0,Right,SAN_DIE8,"Bunnell, Jack",813673,Right,SAN_DIE8,1,Top,0,0,0,Undefined,Curveball,Undefined,Undefined,Undefined,Undefined,77.80677,2350.215351,60.473046,5.71018,2.90697,5.95928,-8.07934,-17.07316,-8.256052,-5.375497,2.83014,-0.66063,,,,,TeamExclusive,20250909-UofSanDiego-Private-1,a3134600-8de2-11f0-8ba7-ff05ae97f8a5,High,High,High
15,9/9/2025,08:32.0,,,"Bunnell, Jack",813673.0,Right,SAN_DIE8,"Bunnell, Jack",813673,Right,SAN_DIE8,1,Top,0,0,0,Undefined,Curveball,Undefined,Undefined,Undefined,Undefined,77.63113,2295.192483,65.45653,5.6619,3.09645,6.13467,-6.3352,-17.18513,-7.148326,-6.143246,3.6671,-1.16434,,,,,TeamExclusive,20250909-UofSanDiego-Private-1,ab7b8690-8de2-11f0-8ba7-ff05ae97f8a5,High,High,High
16,9/9/2025,08:46.2,,,"Bunnell, Jack",813673.0,Right,SAN_DIE8,"Bunnell, Jack",813673,Right,SAN_DIE8,1,Top,0,0,0,Undefined,Four-Seam,Undefined,Undefined,Undefined,Undefined,87.32058,2278.279984,221.800458,6.04211,2.94015,6.59871,18.40741,15.14646,-3.206854,-1.253084,4.86859,0.53324,,,,,TeamExclusive,20250909-UofSanDiego-Private-1,b3d79220-8de2-11f0-8ba7-ff05ae97f8a5,High,High,High
17,9/9/2025,09:00.8,,,"Bunnell, Jack",813673.0,Right,SAN_DIE8,"Bunnell, Jack",813673,Right,SAN_DIE8,1,Top,0,0,0,Undefined,Changeup,Undefined,Undefined,Undefined,Undefined,80.30889,1468.484386,245.858733,5.54882,2.97515,6.71543,8.28965,15.01115,-9.470186,-1.573955,-0.06906,0.28195,,,,,TeamExclusive,20250909-UofSanDiego-Private-1,bc8c1df0-8de2-11f0-8ba7-ff05ae97f8a5,High,High,High
18,9/9/2025,10:09.4,,,"Bunnell, Jack",813673.0,Right,SAN_DIE8,"Bunnell, Jack",813673,Right,SAN_DIE8,1,Top,0,0,0,Undefined,Changeup,Undefined,Undefined,Undefined,Undefined,81.72227,1603.025283,243.382716,5.64794,3.25756,6.80682,10.51103,18.03517,-6.701669,0.364686,2.28018,2.08693,,,,,TeamExclusive,20250909-UofSanDiego-Private-1,e5904cd0-8de2-11f0-8ba7-ff05ae97f8a5,High,High,High
19,9/9/2025,10:31.9,,,"Bunnell, Jack",813673.0,Right,SAN_DIE8,"Bunnell, Jack",813673,Right,SAN_DIE8,1,Top,0,0,0,Undefined,Four-Seam,Undefined,Undefined,Undefined,Undefined,87.97376,2226.831607,212.015828,6.19345,2.78031,6.40741,22.48415,13.19749,-4.282917,-2.325659,3.60927,-0.45596,,,,,TeamExclusive,20250909-UofSanDiego-Private-1,f2efc310-8de2-11f0-8ba7-ff05ae97f8a5,High,High,High
20,9/9/2025,10:44.5,,,"Bunnell, Jack",813673.0,Right,SAN_DIE8,"Bunnell, Jack",813673,Right,SAN_DIE8,1,Top,0,0,0,Undefined,Curveball,Undefined,Undefined,Undefined,Undefined,77.79471,2307.279571,33.068126,5.73031,2.95995,5.80839,-9.98898,-7.38473,-7.648627,-4.427555,3.48746,-0.5486,,,,,TeamExclusive,20250909-UofSanDiego-Private-1,fa71c250-8de2-11f0-8ba7-ff05ae97f8a5,High,High,High
21,9/9/2025,10:58.9,,,"Bunnell, Jack",813673.0,Right,SAN_DIE8,"Bunnell, Jack",813673,Right,SAN_DIE8,1,Top,0,0,0,Undefined,Changeup,Undefined,Undefined,Undefined,Undefined,81.05853,1646.620237,241.964648,5.59914,3.07301,6.68924,10.68335,16.69647,-7.441138,-1.91986,1.71215,-0.07393,,,,,TeamExclusive,20250909-UofSanDiego-Private-1,030f1ca0-8de3-11f0-8ba7-ff05ae97f8a5,High,High,High
22,9/9/2025,11:22.4,,,"Bunnell, Jack",813673.0,Right,SAN_DIE8,"Bunnell, Jack",813673,Right,SAN_DIE8,1,Top,0,0,0,Undefined,Four-Seam,Undefined,Undefined,Undefined,Undefined,87.21426,2272.379548,222.21925,6.04384,2.67719,6.16243,19.53214,16.47804,-4.676899,-0.685856,3.38932,0.67314,,,,,TeamExclusive,20250909-UofSanDiego-Private-1,10fa0a00-8de3-11f0-8ba7-ff05ae97f8a5,High,High,High
23,9/9/2025,11:38.0,,,"Bunnell, Jack",813673.0,Right,SAN_DIE8,"Bunnell, Jack",813673,Right,SAN_DIE8,1,Top,0,0,0,Undefined,Sinker,Undefined,Undefined,Undefined,Undefined,87.2396,2155.085701,231.230342,5.81491,3.07699,6.28733,16.28005,18.58599,-5.337461,0.6392,2.80502,2.11821,,,,,TeamExclusive,20250909-UofSanDiego-Private-1,1a43a9e0-8de3-11f0-8ba7-ff05ae97f8a5,High,High,High
24,9/9/2025,11:53.0,,,"Bunnell, Jack",813673.0,Right,SAN_DIE8,"Bunnell, Jack",813673,Right,SAN_DIE8,1,Top,0,0,0,Undefined,Curveball,Undefined,Undefined,Undefined,Undefined,78.45821,2320.2978,35.305048,5.59698,3.04491,6.2052,-5.33205,-4.63855,-7.504617,-2.750602,2.9791,0.89154,,,,,TeamExclusive,20250909-UofSanDiego-Private-1,2338c120-8de3-11f0-8ba7-ff05ae97f8a5,High,High,High
25,9/9/2025,12:16.2,,,"Bunnell, Jack",813673.0,Right,SAN_DIE8,"Bunnell, Jack",813673,Right,SAN_DIE8,1,Top,0,0,0,Undefined,Four-Seam,Undefined,Undefined,Undefined,Undefined,87.1218,2259.918604,217.459721,6.05585,2.81342,6.45153,19.18596,13.77072,-5.071565,-2.629625,2.99924,-0.74857,,,,,TeamExclusive,20250909-UofSanDiego-Private-1,31118610-8de3-11f0-8ba7-ff05ae97f8a5,High,High,High
26,9/9/2025,12:33.2,,,"Bunnell, Jack",813673.0,Right,SAN_DIE8,"Bunnell, Jack",813673,Right,SAN_DIE8,1,Top,0,0,0,Undefined,Curveball,Undefined,Undefined,Undefined,Undefined,79.34966,2381.701774,50.40967,5.7867,2.8517,6.01627,-4.82272,-7.40449,-7.828368,-3.270499,2.7772,0.43824,,,,,TeamExclusive,20250909-UofSanDiego-Private-1,3b402ec0-8de3-11f0-8ba7-ff05ae97f8a5,High,High,High
27,9/9/2025,13:08.6,,,"Bunnell, Jack",813673.0,Right,SAN_DIE8,"Bunnell, Jack",813673,Right,SAN_DIE8,1,Top,0,0,0,Undefined,Sinker,Undefined,Undefined,Undefined,Undefined,87.52177,2245.661339,223.76699,5.95816,2.91598,6.41019,16.46044,14.67076,-5.353768,-0.710452,2.81292,1.04161,,,,,TeamExclusive,20250909-UofSanDiego-Private-1,50399910-8de3-11f0-8ba7-ff05ae97f8a5,High,High,High
28,9/9/2025,13:24.8,,,"Bunnell, Jack",813673.0,Right,SAN_DIE8,"Bunnell, Jack",813673,Right,SAN_DIE8,1,Top,0,0,0,Undefined,Changeup,Undefined,Undefined,Undefined,Undefined,81.96973,1515.347402,247.369463,5.65983,3.16759,6.80972,8.29591,16.68241,-7.68904,-0.113035,1.48964,1.67226,,,,,TeamExclusive,20250909-UofSanDiego-Private-1,5a005830-8de3-11f0-8ba7-ff05ae97f8a5,High,High,High
29,9/9/2025,13:52.2,,,"Bunnell, Jack",813673.0,Right,SAN_DIE8,"Bunnell, Jack",813673,Right,SAN_DIE8,1,Top,0,0,0,Undefined,Four-Seam,Undefined,Undefined,Undefined,Undefined,87.8773,2244.494225,220.122712,6.07711,2.73859,6.04704,18.1406,14.25454,-4.89419,-1.892301,3.23775,-0.19906,,,,,TeamExclusive,20250909-UofSanDiego-Private-1,6a408030-8de3-11f0-8ba7-ff05ae97f8a5,High,High,High
1,9/13/2025,55:40.7,,,"Bunnell, Jack",813673.0,Right,SAN_DIE8,"Bunnell, Jack",813673,Right,SAN_DIE8,1,Top,0,0,0,Undefined,Changeup,Undefined,Undefined,Undefined,Undefined,80.22909,2133.312576,136.260509,6.24929,-3.20414,5.7825,15.40261,-13.24485,-8.321659,1.916029,1.08625,-0.31646,,,,,TeamExclusive,20250913-UofSanDiego-Private-2,7b4e0050-90c2-11f0-b482-5d1185df5079,High,High,High
2,9/13/2025,55:50.4,,,"Bunnell, Jack",813673.0,Right,SAN_DIE8,"Bunnell, Jack",813673,Right,SAN_DIE8,1,Top,0,0,0,Undefined,Changeup,Undefined,Undefined,Undefined,Undefined,79.87362,1998.833211,140.269858,6.35844,-3.21409,5.6385,14.94103,-11.18957,-8.439221,1.481402,1.1127,-0.89804,,,,,TeamExclusive,20250913-UofSanDiego-Private-2,810b4520-90c2-11f0-b482-5d1185df5079,High,High,High
3,9/13/2025,55:59.9,,,"Bunnell, Jack",813673.0,Right,SAN_DIE8,"Bunnell, Jack",813673,Right,SAN_DIE8,1,Top,0,0,0,Undefined,Changeup,Undefined,Undefined,Undefined,Undefined,70.0835,1554.159469,136.399065,6.09799,-3.34702,5.77721,12.04595,-9.67501,-9.218863,0.50662,1.51257,-2.06713,,,,,TeamExclusive,20250913-UofSanDiego-Private-2,86c5a3c0-90c2-11f0-b482-5d1185df5079,High,High,High
4,9/13/2025,56:08.9,,,"Bunnell, Jack",813673.0,Right,SAN_DIE8,"Bunnell, Jack",813673,Right,SAN_DIE8,1,Top,0,0,0,Undefined,Changeup,Undefined,Undefined,Undefined,Undefined,69.89591,1450.426558,154.162203,5.97006,-3.23926,6.06863,13.07233,-5.40859,-9.181753,3.241193,1.36233,0.21518,,,,,TeamExclusive,20250913-UofSanDiego-Private-2,8c2426c0-90c2-11f0-b482-5d1185df5079,High,High,High
5,9/13/2025,56:18.6,,,"Bunnell, Jack",813673.0,Right,SAN_DIE8,"Bunnell, Jack",813673,Right,SAN_DIE8,1,Top,0,0,0,Undefined,Curveball,Undefined,Undefined,Undefined,Undefined,63.54565,1375.773556,321.550057,6.0044,-3.20998,5.8955,-7.71245,8.09713,-14.149495,3.147876,-0.4567,-0.96862,,,,,TeamExclusive,20250913-UofSanDiego-Private-2,91e933c0-90c2-11f0-b482-5d1185df5079,High,High,High
6,9/13/2025,56:32.0,,,"Bunnell, Jack",813673.0,Right,SAN_DIE8,"Bunnell, Jack",813673,Right,SAN_DIE8,1,Top,0,0,0,Undefined,Changeup,Undefined,Undefined,Undefined,Undefined,78.56309,1995.71052,150.935274,6.2393,-2.88378,5.86075,17.83178,-9.0615,-6.023796,3.333568,3.177,0.97089,,,,,TeamExclusive,20250913-UofSanDiego-Private-2,99e14d60-90c2-11f0-b482-5d1185df5079,High,High,High
7,9/13/2025,57:02.4,,,"Bunnell, Jack",813673.0,Right,SAN_DIE8,"Bunnell, Jack",813673,Right,SAN_DIE8,1,Top,0,0,0,Undefined,Changeup,Undefined,Undefined,Undefined,Undefined,79.42753,1968.863432,141.624932,6.17303,-2.87121,6.00522,16.55009,-11.85729,-8.362869,3.634226,0.94933,1.48821,,,,,TeamExclusive,20250913-UofSanDiego-Private-2,abfc01c0-90c2-11f0-b482-5d1185df5079,High,High,High
8,9/13/2025,57:15.4,,,"Bunnell, Jack",813673.0,Right,SAN_DIE8,"Bunnell, Jack",813673,Right,SAN_DIE8,1,Top,0,0,0,Undefined,Changeup,Undefined,Undefined,Undefined,Undefined,79.78754,2093.373106,131.894452,6.12909,-2.90434,6.12583,14.51489,-14.44312,-8.423779,3.677869,0.98631,1.70278,,,,,TeamExclusive,20250913-UofSanDiego-Private-2,b3a4e9f0-90c2-11f0-b482-5d1185df5079,High,High,High
9,9/13/2025,57:31.0,,,"Bunnell, Jack",813673.0,Right,SAN_DIE8,"Bunnell, Jack",813673,Right,SAN_DIE8,1,Top,0,0,0,Undefined,Changeup,Undefined,Undefined,Undefined,Undefined,79.91019,2010.436246,133.567116,6.30124,-3.00796,6.06876,14.87595,-13.973,-8.254299,3.372897,1.28831,1.28061,,,,,TeamExclusive,20250913-UofSanDiego-Private-2,bcf148f0-90c2-11f0-b482-5d1185df5079,High,High,High
10,9/13/2025,57:46.1,,,"Bunnell, Jack",813673.0,Right,SAN_DIE8,"Bunnell, Jack",813673,Right,SAN_DIE8,1,Top,0,0,0,Undefined,Changeup,Undefined,Undefined,Undefined,Undefined,78.05387,1925.578033,134.147279,6.22538,-3.06934,6.18536,15.00552,-13.78457,-8.54497,3.578248,1.10131,1.38706,,,,,TeamExclusive,20250913-UofSanDiego-Private-2,c5ef39d0-90c2-11f0-b482-5d1185df5079,High,High,High
11,9/13/2025,58:13.3,,,"Bunnell, Jack",813673.0,Right,SAN_DIE8,"Bunnell, Jack",813673,Right,SAN_DIE8,1,Top,0,0,0,Undefined,Changeup,Undefined,Undefined,Undefined,Undefined,70.22651,1451.231281,167.628623,5.9951,-3.52999,6.2214,15.39524,-2.91268,-10.561052,5.04739,-0.08369,1.38352,,,,,TeamExclusive,20250913-UofSanDiego-Private-2,d63f8e70-90c2-11f0-b482-5d1185df5079,High,High,High
12,9/13/2025,59:00.5,,,"Bunnell, Jack",813673.0,Right,SAN_DIE8,"Bunnell, Jack",813673,Right,SAN_DIE8,1,Top,0,0,0,Undefined,Changeup,Undefined,Undefined,Undefined,Undefined,78.3982,2066.821403,147.811431,6.15729,-3.39442,5.88148,18.64391,-10.64886,-8.476709,2.49473,0.79485,-0.18843,,,,,TeamExclusive,20250913-UofSanDiego-Private-2,f2658500-90c2-11f0-b482-5d1185df5079,High,High,High
13,9/13/2025,59:18.6,,,"Bunnell, Jack",813673.0,Right,SAN_DIE8,"Bunnell, Jack",813673,Right,SAN_DIE8,1,Top,0,0,0,Undefined,Changeup,Undefined,Undefined,Undefined,Undefined,79.54043,2105.910973,146.369018,6.11232,-3.55742,6.01098,17.7384,-10.74973,-8.07501,3.54361,1.05218,0.62508,,,,,TeamExclusive,20250913-UofSanDiego-Private-2,fd26a9b0-90c2-11f0-b482-5d1185df5079,High,High,High
14,9/13/2025,59:38.0,,,"Bunnell, Jack",813673.0,Right,SAN_DIE8,"Bunnell, Jack",813673,Right,SAN_DIE8,1,Top,0,0,0,Undefined,Changeup,Undefined,Undefined,Undefined,Undefined,79.81063,2082.112384,149.193186,6.161,-3.35781,5.90279,19.84056,-10.86316,-7.718381,3.556858,1.25641,0.85269,,,,,TeamExclusive,20250913-UofSanDiego-Private-2,08b22340-90c3-11f0-b482-5d1185df5079,High,High,High
15,9/13/2025,00:09.7,,,"Bunnell, Jack",813673.0,Right,SAN_DIE8,"Bunnell, Jack",813673,Right,SAN_DIE8,1,Top,0,0,0,Undefined,Changeup,Undefined,Undefined,Undefined,Undefined,80.90616,2070.678592,143.175854,6.21144,-2.80341,5.87751,19.81497,-13.60095,-7.435453,2.507911,1.50094,0.6592,,,,,TeamExclusive,20250913-UofSanDiego-Private-2,1ba49a00-90c3-11f0-b482-5d1185df5079,High,High,High
16,9/13/2025,00:27.2,,,"Bunnell, Jack",813673.0,Right,SAN_DIE8,"Bunnell, Jack",813673,Right,SAN_DIE8,1,Top,0,0,0,Undefined,Changeup,Undefined,Undefined,Undefined,Undefined,79.62916,1930.243972,141.858819,6.13845,-3.11424,5.98736,18.16166,-12.93698,-7.054153,3.622357,2.04825,1.3236,60.91054,4.516169,-83.192047,55.78095,TeamExclusive,20250913-UofSanDiego-Private-2,260a3130-90c3-11f0-b482-5d1185df5079,High,High,High
17,9/13/2025,00:59.9,,,"Bunnell, Jack",813673.0,Right,SAN_DIE8,"Bunnell, Jack",813673,Right,SAN_DIE8,1,Top,0,0,0,Undefined,Changeup,Undefined,Undefined,Undefined,Undefined,80.3687,2028.757425,125.743033,6.16385,-3.1582,5.92342,15.60359,-19.26603,-7.630301,2.055,1.7054,0.352,,,,,TeamExclusive,20250913-UofSanDiego-Private-2,398a41f0-90c3-11f0-b482-5d1185df5079,High,High,High
18,9/13/2025,01:24.2,,,"Bunnell, Jack",813673.0,Right,SAN_DIE8,"Bunnell, Jack",813673,Right,SAN_DIE8,1,Top,0,0,0,Undefined,Curveball,Undefined,Undefined,Undefined,Undefined,62.99973,1100.639018,299.599574,6.05114,-2.94044,6.12128,-2.94465,9.50725,-10.590161,3.763211,2.71431,-0.25143,69.98169,11.678167,24.013925,108.01036,TeamExclusive,20250913-UofSanDiego-Private-2,481f7910-90c3-11f0-b482-5d1185df5079,High,High,High
19,9/13/2025,02:01.9,,,"Bunnell, Jack",813673.0,Right,SAN_DIE8,"Bunnell, Jack",813673,Right,SAN_DIE8,1,Top,0,0,0,Undefined,Changeup,Undefined,Undefined,Undefined,Undefined,77.81889,2012.123635,134.65525,6.17178,-3.25714,5.97429,15.04871,-13.51902,-8.012604,1.079901,1.59336,-1.12846,,,,,TeamExclusive,20250913-UofSanDiego-Private-2,5e8878f0-90c3-11f0-b482-5d1185df5079,High,High,High
20,9/13/2025,02:17.6,,,"Bunnell, Jack",813673.0,Right,SAN_DIE8,"Bunnell, Jack",813673,Right,SAN_DIE8,1,Top,0,0,0,Undefined,Changeup,Undefined,Undefined,Undefined,Undefined,80.16587,2065.658137,131.813995,6.24017,-3.10146,6.17446,12.24564,-12.0043,-7.197713,0.361354,2.39536,-1.76627,,,,,TeamExclusive,20250913-UofSanDiego-Private-2,67dc7910-90c3-11f0-b482-5d1185df5079,High,High,High
21,9/13/2025,02:35.3,,,"Bunnell, Jack",813673.0,Right,SAN_DIE8,"Bunnell, Jack",813673,Right,SAN_DIE8,1,Top,0,0,0,Undefined,Changeup,Undefined,Undefined,Undefined,Undefined,81.43005,2194.808094,151.49302,6.27101,-3.2749,6.17025,17.03395,-8.47245,-5.809516,0.828779,3.19423,-1.80342,64.2937,46.45308,70.500314,192.35958,TeamExclusive,20250913-UofSanDiego-Private-2,72779f30-90c3-11f0-b482-5d1185df5079,High,High,High
22,9/13/2025,02:56.7,,,"Bunnell, Jack",813673.0,Right,SAN_DIE8,"Bunnell, Jack",813673,Right,SAN_DIE8,1,Top,0,0,0,Undefined,Changeup,Undefined,Undefined,Undefined,Undefined,71.62064,1465.76931,155.947164,6.07519,-3.08241,6.28802,14.05438,-5.37544,-8.010585,0.945959,2.33692,-1.76188,,,,,TeamExclusive,20250913-UofSanDiego-Private-2,7f304e20-90c3-11f0-b482-5d1185df5079,High,High,High
23,9/13/2025,03:21.0,,,"Bunnell, Jack",813673.0,Right,SAN_DIE8,"Bunnell, Jack",813673,Right,SAN_DIE8,1,Top,0,0,0,Undefined,Changeup,Undefined,Undefined,Undefined,Undefined,81.71968,2011.721877,137.135722,6.21693,-3.09921,5.9671,15.76591,-13.14764,-5.522143,0.86995,3.56901,-1.19807,,,,,TeamExclusive,20250913-UofSanDiego-Private-2,8d8a02e0-90c3-11f0-b482-5d1185df5079,High,High,High
24,9/13/2025,03:38.7,,,"Bunnell, Jack",813673.0,Right,SAN_DIE8,"Bunnell, Jack",813673,Right,SAN_DIE8,1,Top,0,0,0,Undefined,Changeup,Undefined,Undefined,Undefined,Undefined,79.25307,2045.306353,135.415199,6.21818,-3.33126,5.90013,18.20895,-16.20647,-7.537732,-1.024321,1.72735,-2.92999,,,,,TeamExclusive,20250913-UofSanDiego-Private-2,9838b100-90c3-11f0-b482-5d1185df5079,High,High,High
25,9/13/2025,03:58.0,,,"Bunnell, Jack",813673.0,Right,SAN_DIE8,"Bunnell, Jack",813673,Right,SAN_DIE8,1,Top,0,0,0,Undefined,Changeup,Undefined,Undefined,Undefined,Undefined,80.38618,2070.520226,138.467422,6.23171,-3.09705,5.94537,17.25351,-13.77855,-6.931081,0.785059,2.27531,-1.22087,60.61258,45.921326,14.320466,167.04758,TeamExclusive,20250913-UofSanDiego-Private-2,a3adbc60-90c3-11f0-b482-5d1185df5079,High,High,High
26,9/13/2025,04:39.9,,,"Bunnell, Jack",813673.0,Right,SAN_DIE8,"Bunnell, Jack",813673,Right,SAN_DIE8,1,Top,0,0,0,Undefined,Four-Seam,Undefined,Undefined,Undefined,Undefined,88.90671,2159.068179,208.828995,6.20825,1.31969,6.10413,18.54592,9.40752,-6.602098,-0.106617,1.7648,0.43694,,,,,TeamExclusive,20250913-UofSanDiego-Private-2,bca3a8b0-90c3-11f0-b482-5d1185df5079,High,High,High
27,9/13/2025,04:48.1,,,"Bunnell, Jack",813673.0,Right,SAN_DIE8,"Bunnell, Jack",813673,Right,SAN_DIE8,1,Top,0,0,0,Undefined,Four-Seam,Undefined,Undefined,Undefined,Undefined,87.61259,2218.812483,221.34023,5.97191,1.6167,6.10401,16.7008,13.40422,-4.663839,0.065249,3.58211,0.56083,,,,,TeamExclusive,20250913-UofSanDiego-Private-2,c1903000-90c3-11f0-b482-5d1185df5079,High,High,High
28,9/13/2025,04:58.5,,,"Bunnell, Jack",813673.0,Right,SAN_DIE8,"Bunnell, Jack",813673,Right,SAN_DIE8,1,Top,0,0,0,Undefined,Four-Seam,Undefined,Undefined,Undefined,Undefined,88.95467,2207.427203,207.247249,6.18332,1.46525,6.13548,20.74233,9.93579,-5.861942,-0.270416,2.24397,0.38773,,,,,TeamExclusive,20250913-UofSanDiego-Private-2,c7b92ef0-90c3-11f0-b482-5d1185df5079,High,High,High
29,9/13/2025,05:07.8,,,"Bunnell, Jack",813673.0,Right,SAN_DIE8,"Bunnell, Jack",813673,Right,SAN_DIE8,1,Top,0,0,0,Undefined,Changeup,Undefined,Undefined,Undefined,Undefined,79.50963,1806.311386,249.581527,5.7697,1.95484,6.20043,8.86355,19.03599,-8.068163,-0.164019,1.5588,0.21531,,,,,TeamExclusive,20250913-UofSanDiego-Private-2,cd588b80-90c3-11f0-b482-5d1185df5079,High,High,High
30,9/13/2025,05:17.2,,,"Bunnell, Jack",813673.0,Right,SAN_DIE8,"Bunnell, Jack",813673,Right,SAN_DIE8,1,Top,0,0,0,Undefined,Changeup,Undefined,Undefined,Undefined,Undefined,79.71556,1850.732155,247.705315,5.76798,2.00178,6.15804,10.04615,20.23981,-7.565165,0.830142,1.90069,1.08004,,,,,TeamExclusive,20250913-UofSanDiego-Private-2,d2f37b40-90c3-11f0-b482-5d1185df5079,High,High,High
31,9/13/2025,05:27.9,,,"Bunnell, Jack",813673.0,Right,SAN_DIE8,"Bunnell, Jack",813673,Right,SAN_DIE8,1,Top,0,0,0,Undefined,Four-Seam,Undefined,Undefined,Undefined,Undefined,87.72659,2243.287915,213.394652,6.09828,1.51715,6.18291,18.89375,11.47359,-3.720304,1.099862,4.40564,1.57717,,,,,TeamExclusive,20250913-UofSanDiego-Private-2,d94cb1f0-90c3-11f0-b482-5d1185df5079,High,High,High
32,9/13/2025,05:58.8,,,"Bunnell, Jack",813673.0,Right,SAN_DIE8,"Bunnell, Jack",813673,Right,SAN_DIE8,1,Top,0,0,0,Undefined,Four-Seam,Undefined,Undefined,Undefined,Undefined,90.45906,2189.504625,218.178566,6.10392,1.54128,6.35407,17.9621,13.05335,-4.817442,1.920474,3.24879,2.22116,,,,,TeamExclusive,20250913-UofSanDiego-Private-2,ebaa14a0-90c3-11f0-b482-5d1185df5079,High,High,High
33,9/13/2025,06:14.6,,,"Bunnell, Jack",813673.0,Right,SAN_DIE8,"Bunnell, Jack",813673,Right,SAN_DIE8,1,Top,0,0,0,Undefined,Changeup,Undefined,Undefined,Undefined,Undefined,80.02675,1792.768466,232.282341,5.77619,1.56367,6.32635,16.02276,18.53871,-5.906227,0.831297,2.90756,0.78487,70.66805,66.296903,-65.858608,160.53111,TeamExclusive,20250913-UofSanDiego-Private-2,f5217b40-90c3-11f0-b482-5d1185df5079,High,High,High
34,9/13/2025,06:38.2,,,"Bunnell, Jack",813673.0,Right,SAN_DIE8,"Bunnell, Jack",813673,Right,SAN_DIE8,1,Top,0,0,0,Undefined,Slider,Undefined,Undefined,Undefined,Undefined,77.40683,2346.813077,94.160013,5.87793,1.48886,5.68004,2.00728,-4.11244,-7.088475,-2.698302,3.33074,-0.68514,,,,,TeamExclusive,20250913-UofSanDiego-Private-2,0322d6d0-90c4-11f0-b482-5d1185df5079,High,High,High
35,9/13/2025,06:54.2,,,"Bunnell, Jack",813673.0,Right,SAN_DIE8,"Bunnell, Jack",813673,Right,SAN_DIE8,1,Top,0,0,0,Undefined,Changeup,Undefined,Undefined,Undefined,Undefined,81.39167,1697.256453,252.48094,5.62379,1.43823,6.41539,6.77918,16.51989,-10.3721,-2.51364,-0.81593,-2.25472,,,,,TeamExclusive,20250913-UofSanDiego-Private-2,0c9868b0-90c4-11f0-b482-5d1185df5079,High,High,High
36,9/13/2025,07:19.1,,,"Bunnell, Jack",813673.0,Right,SAN_DIE8,"Bunnell, Jack",813673,Right,SAN_DIE8,1,Top,0,0,0,Undefined,Four-Seam,Undefined,Undefined,Undefined,Undefined,90.72025,2266.006798,209.845395,5.9636,1.58921,6.61773,18.66013,9.96737,-6.085388,-0.432726,1.82853,0.36257,,,,,TeamExclusive,20250913-UofSanDiego-Private-2,1b9b2eb0-90c4-11f0-b482-5d1185df5079,High,High,High
37,9/13/2025,07:42.6,,,"Bunnell, Jack",813673.0,Right,SAN_DIE8,"Bunnell, Jack",813673,Right,SAN_DIE8,1,Top,0,0,0,Undefined,Curveball,Undefined,Undefined,Undefined,Undefined,76.54134,2498.960707,50.839734,5.89824,1.47279,5.48816,-4.98965,-8.25638,-8.572769,-3.972411,2.62342,-1.55824,,,,,TeamExclusive,20250913-UofSanDiego-Private-2,29763d90-90c4-11f0-b482-5d1185df5079,High,High,High
38,9/13/2025,07:58.1,,,"Bunnell, Jack",813673.0,Right,SAN_DIE8,"Bunnell, Jack",813673,Right,SAN_DIE8,1,Top,0,0,0,Undefined,Four-Seam,Undefined,Undefined,Undefined,Undefined,88.95692,2134.621958,208.381284,6.14377,1.57425,6.37873,18.66336,9.36717,-3.899206,0.980133,4.15408,1.69563,,,,,TeamExclusive,20250913-UofSanDiego-Private-2,32c8de20-90c4-11f0-b482-5d1185df5079,High,High,High
39,9/13/2025,08:30.0,,,"Bunnell, Jack",813673.0,Right,SAN_DIE8,"Bunnell, Jack",813673,Right,SAN_DIE8,1,Top,0,0,0,Undefined,Curveball,Undefined,Undefined,Undefined,Undefined,75.81165,2350.228531,49.66808,6.03327,1.60551,5.7275,-4.20603,-7.01315,-8.406761,-1.660985,2.93029,0.64437,,,,,TeamExclusive,20250913-UofSanDiego-Private-2,45bb06c0-90c4-11f0-b482-5d1185df5079,High,High,High
40,9/13/2025,08:43.6,,,"Bunnell, Jack",813673.0,Right,SAN_DIE8,"Bunnell, Jack",813673,Right,SAN_DIE8,1,Top,0,0,0,Undefined,Four-Seam,Undefined,Undefined,Undefined,Undefined,89.85536,2065.474144,196.020737,6.18601,1.15637,6.62752,14.26446,3.75213,-8.358082,-1.640288,0.3165,-0.65932,,,,,TeamExclusive,20250913-UofSanDiego-Private-2,4dde2800-90c4-11f0-b482-5d1185df5079,High,High,High
41,9/13/2025,08:59.5,,,"Bunnell, Jack",813673.0,Right,SAN_DIE8,"Bunnell, Jack",813673,Right,SAN_DIE8,1,Top,0,0,0,Undefined,Four-Seam,Undefined,Undefined,Undefined,Undefined,89.5643,2048.51511,202.478601,6.13093,1.50637,6.57121,13.4665,5.08335,-3.940463,-1.0942,4.43981,0.07982,,,,,TeamExclusive,20250913-UofSanDiego-Private-2,5745d730-90c4-11f0-b482-5d1185df5079,High,High,High
42,9/13/2025,09:16.5,,,"Bunnell, Jack",813673.0,Right,SAN_DIE8,"Bunnell, Jack",813673,Right,SAN_DIE8,1,Top,0,0,0,Undefined,Four-Seam,Undefined,Undefined,Undefined,Undefined,88.80559,1995.282522,194.715744,6.16556,1.31819,6.59541,18.28135,4.4689,-4.75563,-1.314011,3.393,-0.25827,88.18603,34.592125,-2.780799,307.20716,TeamExclusive,20250913-UofSanDiego-Private-2,618ce9e0-90c4-11f0-b482-5d1185df5079,High,High,High
43,9/13/2025,09:49.9,,,"Bunnell, Jack",813673.0,Right,SAN_DIE8,"Bunnell, Jack",813673,Right,SAN_DIE8,1,Top,0,0,0,Undefined,Curveball,Undefined,Undefined,Undefined,Undefined,74.83801,2418.605478,45.012914,5.92744,1.26122,5.87381,-5.90237,-7.56288,-9.738976,-1.176788,1.76202,0.80191,,,,,TeamExclusive,20250913-UofSanDiego-Private-2,75730f70-90c4-11f0-b482-5d1185df5079,High,High,High
44,9/13/2025,10:04.7,,,"Bunnell, Jack",813673.0,Right,SAN_DIE8,"Bunnell, Jack",813673,Right,SAN_DIE8,1,Top,0,0,0,Undefined,Curveball,Undefined,Undefined,Undefined,Undefined,75.39606,2619.246058,50.412303,5.91036,1.44811,5.79019,-5.93004,-9.088,-9.135284,-1.880455,2.23357,0.45929,84.14946,-23.526333,-39.008091,7.3696,TeamExclusive,20250913-UofSanDiego-Private-2,7e48b7d0-90c4-11f0-b482-5d1185df5079,High,High,High
45,9/13/2025,10:38.0,,,"Bunnell, Jack",813673.0,Right,SAN_DIE8,"Bunnell, Jack",813673,Right,SAN_DIE8,1,Top,0,0,0,Undefined,Four-Seam,Undefined,Undefined,Undefined,Undefined,90.10289,2254.68885,201.659752,6.14308,1.42057,6.55571,18.39969,6.82382,-5.97572,-0.11981,2.13505,0.74199,82.05391,34.016724,-35.684377,260.44513,TeamExclusive,20250913-UofSanDiego-Private-2,921ae030-90c4-11f0-b482-5d1185df5079,High,High,High
46,9/13/2025,11:09.2,,,"Bunnell, Jack",813673.0,Right,SAN_DIE8,"Bunnell, Jack",813673,Right,SAN_DIE8,1,Top,0,0,0,Undefined,Changeup,Undefined,Undefined,Undefined,Undefined,80.50538,1661.922182,238.820235,5.83822,1.39592,6.34493,10.3602,14.51532,-7.919954,1.369431,1.47733,1.44374,,,,,TeamExclusive,20250913-UofSanDiego-Private-2,a4b4afa0-90c4-11f0-b482-5d1185df5079,High,High,High
47,9/13/2025,11:23.5,,,"Bunnell, Jack",813673.0,Right,SAN_DIE8,"Bunnell, Jack",813673,Right,SAN_DIE8,1,Top,0,0,0,Undefined,Curveball,Undefined,Undefined,Undefined,Undefined,78.36464,2453.870741,69.944704,5.83243,1.66567,5.89183,-0.88823,-6.90237,-7.914637,-3.017908,2.62899,-0.56183,,,,,TeamExclusive,20250913-UofSanDiego-Private-2,ad3f1e30-90c4-11f0-b482-5d1185df5079,High,High,High
48,9/13/2025,11:38.6,,,"Bunnell, Jack",813673.0,Right,SAN_DIE8,"Bunnell, Jack",813673,Right,SAN_DIE8,1,Top,0,0,0,Undefined,Changeup,Undefined,Undefined,Undefined,Undefined,81.88694,1710.697217,228.556407,5.84208,1.21321,6.65315,13.90099,13.92375,-8.198047,0.507586,0.83528,0.51496,,,,,TeamExclusive,20250913-UofSanDiego-Private-2,b63a01d0-90c4-11f0-b482-5d1185df5079,High,High,High
49,9/13/2025,12:09.0,,,"Bunnell, Jack",813673.0,Right,SAN_DIE8,"Bunnell, Jack",813673,Right,SAN_DIE8,1,Top,0,0,0,Undefined,Changeup,Undefined,Undefined,Undefined,Undefined,81.623,1857.807396,243.923217,5.82681,1.29919,6.49153,9.713,16.69828,-7.408289,0.590813,1.90199,0.44776,,,,,TeamExclusive,20250913-UofSanDiego-Private-2,c858fbf0-90c4-11f0-b482-5d1185df5079,High,High,High
50,9/13/2025,12:24.5,,,"Bunnell, Jack",813673.0,Right,SAN_DIE8,"Bunnell, Jack",813673,Right,SAN_DIE8,1,Top,0,0,0,Undefined,Changeup,Undefined,Undefined,Undefined,Undefined,80.68445,1743.712619,249.000984,5.79228,1.51676,6.55556,8.16804,16.98442,-8.261122,0.351955,1.3189,0.42076,,,,,TeamExclusive,20250913-UofSanDiego-Private-2,d19d1d90-90c4-11f0-b482-5d1185df5079,High,High,High
51,9/13/2025,12:40.8,,,"Bunnell, Jack",813673.0,Right,SAN_DIE8,"Bunnell, Jack",813673,Right,SAN_DIE8,1,Top,0,0,0,Undefined,Curveball,Undefined,Undefined,Undefined,Undefined,76.2066,2343.506207,56.323163,5.9138,1.37015,5.69366,-3.3198,-7.43638,-7.329464,-0.579585,3.6731,1.45024,,,,,TeamExclusive,20250913-UofSanDiego-Private-2,db36b230-90c4-11f0-b482-5d1185df5079,High,High,High
52,9/13/2025,12:59.5,,,"Bunnell, Jack",813673.0,Right,SAN_DIE8,"Bunnell, Jack",813673,Right,SAN_DIE8,1,Top,0,0,0,Undefined,Four-Seam,Undefined,Undefined,Undefined,Undefined,89.35189,1999.822412,204.584366,6.20954,1.27103,6.67021,16.32217,6.90528,-6.577466,0.426797,1.86617,1.08558,,,,,TeamExclusive,20250913-UofSanDiego-Private-2,e672d340-90c4-11f0-b482-5d1185df5079,High,High,High
53,9/13/2025,13:38.3,,,"Bunnell, Jack",813673.0,Right,SAN_DIE8,"Bunnell, Jack",813673,Right,SAN_DIE8,1,Top,0,0,0,Undefined,Changeup,Undefined,Undefined,Undefined,Undefined,82.70594,2086.182278,216.314063,6.26326,1.82491,5.10635,21.58033,14.6465,-7.306923,0.987796,1.37689,1.5344,,,,,TeamExclusive,20250913-UofSanDiego-Private-2,fd9e38c0-90c4-11f0-b482-5d1185df5079,High,High,High
54,9/13/2025,13:51.3,,,"Bunnell, Jack",813673.0,Right,SAN_DIE8,"Bunnell, Jack",813673,Right,SAN_DIE8,1,Top,0,0,0,Undefined,Four-Seam,Undefined,Undefined,Undefined,Undefined,88.82396,2188.242792,204.196282,6.19366,1.15452,5.43749,20.76741,8.71611,-4.956255,-1.526363,3.08455,-1.00072,,,,,TeamExclusive,20250913-UofSanDiego-Private-2,054ced50-90c5-11f0-b482-5d1185df5079,High,High,High
55,9/13/2025,14:02.7,,,"Bunnell, Jack",813673.0,Right,SAN_DIE8,"Bunnell, Jack",813673,Right,SAN_DIE8,1,Top,0,0,0,Undefined,Curveball,Undefined,Undefined,Undefined,Undefined,78.13277,2465.512523,71.380157,6.03884,1.67428,5.10644,-0.94677,-7.12363,-10.502886,-2.539164,0.28016,-0.12116,,,,,TeamExclusive,20250913-UofSanDiego-Private-2,0c22a700-90c5-11f0-b482-5d1185df5079,High,High,High
56,9/13/2025,14:13.3,,,"Bunnell, Jack",813673.0,Right,SAN_DIE8,"Bunnell, Jack",813673,Right,SAN_DIE8,1,Top,0,0,0,Undefined,Four-Seam,Undefined,Undefined,Undefined,Undefined,89.40877,2262.305877,184.184505,6.25327,1.10017,5.33019,22.43399,1.54087,-3.29374,-1.048271,4.54665,-0.0119,,,,,TeamExclusive,20250913-UofSanDiego-Private-2,12551bd0-90c5-11f0-b482-5d1185df5079,High,High,High
57,9/13/2025,14:29.4,,,"Bunnell, Jack",813673.0,Right,SAN_DIE8,"Bunnell, Jack",813673,Right,SAN_DIE8,1,Top,0,0,0,Undefined,Four-Seam,Undefined,Undefined,Undefined,Undefined,86.63717,2044.520806,206.928557,6.23033,1.46255,5.07875,21.67572,10.16469,-2.343327,2.188771,5.80576,2.68017,,,,,TeamExclusive,20250913-UofSanDiego-Private-2,1be9ce70-90c5-11f0-b482-5d1185df5079,High,High,High
58,9/13/2025,15:01.1,,,"Bunnell, Jack",813673.0,Right,SAN_DIE8,"Bunnell, Jack",813673,Right,SAN_DIE8,1,Top,0,0,0,Undefined,Four-Seam,Undefined,Undefined,Undefined,Undefined,86.81912,2074.081169,199.860805,6.20728,1.3697,5.50837,17.33438,5.64067,-6.574985,1.085936,2.12205,1.91478,,,,,TeamExclusive,20250913-UofSanDiego-Private-2,2ecdc640-90c5-11f0-b482-5d1185df5079,High,High,High
59,9/13/2025,15:16.8,,,"Bunnell, Jack",813673.0,Right,SAN_DIE8,"Bunnell, Jack",813673,Right,SAN_DIE8,1,Top,0,0,0,Undefined,Four-Seam,Undefined,Undefined,Undefined,Undefined,87.79574,2130.480576,202.220486,6.29934,1.41019,5.37483,20.06052,7.56477,-5.174633,1.163015,3.17769,1.87014,,,,,TeamExclusive,20250913-UofSanDiego-Private-2,38328f40-90c5-11f0-b482-5d1185df5079,High,High,High
60,9/13/2025,15:38.2,,,"Bunnell, Jack",813673.0,Right,SAN_DIE8,"Bunnell, Jack",813673,Right,SAN_DIE8,1,Top,0,0,0,Undefined,Four-Seam,Undefined,Undefined,Undefined,Undefined,88.51711,2204.225096,203.517529,6.2046,1.40319,5.47272,21.51214,8.71469,-6.748581,-0.766783,1.39984,-0.04039,,,,,TeamExclusive,20250913-UofSanDiego-Private-2,45120010-90c5-11f0-b482-5d1185df5079,High,High,High
61,9/13/2025,15:54.8,,,"Bunnell, Jack",813673.0,Right,SAN_DIE8,"Bunnell, Jack",813673,Right,SAN_DIE8,1,Top,0,0,0,Undefined,Four-Seam,Undefined,Undefined,Undefined,Undefined,87.31071,2192.704728,201.80669,6.31781,1.32666,5.25327,21.5384,7.93556,-5.25257,0.460626,3.09793,1.09829,69.06809,6.071871,175.910491,53.54132,TeamExclusive,20250913-UofSanDiego-Private-2,4ef017c0-90c5-11f0-b482-5d1185df5079,High,High,High
62,9/13/2025,16:14.6,,,"Bunnell, Jack",813673.0,Right,SAN_DIE8,"Bunnell, Jack",813673,Right,SAN_DIE8,1,Top,0,0,0,Undefined,Slider,Undefined,Undefined,Undefined,Undefined,78.22974,2529.825683,77.81801,5.99057,1.66188,5.24378,-0.84028,-11.24131,-9.437499,-4.246479,1.30363,-1.39262,,,,,TeamExclusive,20250913-UofSanDiego-Private-2,5ac08990-90c5-11f0-b482-5d1185df5079,High,High,High
63,9/13/2025,16:41.3,,,"Bunnell, Jack",813673.0,Right,SAN_DIE8,"Bunnell, Jack",813673,Right,SAN_DIE8,1,Top,0,0,0,Undefined,Four-Seam,Undefined,Undefined,Undefined,Undefined,89.30197,2155.709878,176.702804,6.25989,1.38051,5.4761,23.38111,-1.26685,-6.793217,-2.313179,1.16748,-0.67975,,,,,TeamExclusive,20250913-UofSanDiego-Private-2,6aa216d0-90c5-11f0-b482-5d1185df5079,High,High,High
64,9/13/2025,17:00.2,,,"Bunnell, Jack",813673.0,Right,SAN_DIE8,"Bunnell, Jack",813673,Right,SAN_DIE8,1,Top,0,0,0,Undefined,Four-Seam,Undefined,Undefined,Undefined,Undefined,88.89908,2168.173601,207.651193,6.25173,1.40187,5.6057,22.17096,10.81568,-4.020292,0.124185,3.96559,0.61727,,,,,TeamExclusive,20250913-UofSanDiego-Private-2,75cc5d90-90c5-11f0-b482-5d1185df5079,High,High,High
65,9/13/2025,17:16.3,,,"Bunnell, Jack",813673.0,Right,SAN_DIE8,"Bunnell, Jack",813673,Right,SAN_DIE8,1,Top,0,0,0,Undefined,Four-Seam,Undefined,Undefined,Undefined,Undefined,87.76046,2163.356387,202.095233,6.23856,1.55141,5.2945,21.65737,8.16122,-5.994859,-1.777155,2.21169,-0.79728,,,,,TeamExclusive,20250913-UofSanDiego-Private-2,7f688a40-90c5-11f0-b482-5d1185df5079,High,High,High
66,9/13/2025,17:33.2,,,"Bunnell, Jack",813673.0,Right,SAN_DIE8,"Bunnell, Jack",813673,Right,SAN_DIE8,1,Top,0,0,0,Undefined,Four-Seam,Undefined,Undefined,Undefined,Undefined,87.72151,2105.084797,210.028834,6.33434,1.53878,5.43632,21.63989,11.56749,-5.980673,-0.239067,2.35551,0.35152,,,,,TeamExclusive,20250913-UofSanDiego-Private-2,89827270-90c5-11f0-b482-5d1185df5079,High,High,High
67,9/13/2025,17:48.3,,,"Bunnell, Jack",813673.0,Right,SAN_DIE8,"Bunnell, Jack",813673,Right,SAN_DIE8,1,Top,0,0,0,Undefined,Four-Seam,Undefined,Undefined,Undefined,Undefined,89.85072,2239.767072,204.666333,6.23298,1.37556,5.48829,21.46635,9.16126,-4.86571,-0.832379,3.14973,-0.16595,,,,,TeamExclusive,20250913-UofSanDiego-Private-2,928608a0-90c5-11f0-b482-5d1185df5079,High,High,High
68,9/13/2025,18:18.4,,,"Bunnell, Jack",813673.0,Right,SAN_DIE8,"Bunnell, Jack",813673,Right,SAN_DIE8,1,Top,0,0,0,Undefined,Slider,Undefined,Undefined,Undefined,Undefined,79.83508,2553.843143,93.771857,6.06788,1.44739,5.25477,1.98973,-8.75229,-6.719329,-2.207236,3.53761,0.10314,,,,,TeamExclusive,20250913-UofSanDiego-Private-2,a471e4d0-90c5-11f0-b482-5d1185df5079,High,High,High
69,9/13/2025,18:33.0,,,"Bunnell, Jack",813673.0,Right,SAN_DIE8,"Bunnell, Jack",813673,Right,SAN_DIE8,1,Top,0,0,0,Undefined,Four-Seam,Undefined,Undefined,Undefined,Undefined,90.68783,2241.768575,198.249668,6.27775,1.33398,5.51013,22.54698,6.9537,-4.634406,-1.822235,3.24963,-0.94949,,,,,TeamExclusive,20250913-UofSanDiego-Private-2,ad149650-90c5-11f0-b482-5d1185df5079,High,High,High
70,9/13/2025,18:48.9,,,"Bunnell, Jack",813673.0,Right,SAN_DIE8,"Bunnell, Jack",813673,Right,SAN_DIE8,1,Top,0,0,0,Undefined,Slider,Undefined,Undefined,Undefined,Undefined,79.88562,2631.687323,74.791821,6.03622,1.46496,5.33413,-1.31063,-10.03977,-9.287836,-3.282288,1.32385,-0.77565,,,,,TeamExclusive,20250913-UofSanDiego-Private-2,b6b97590-90c5-11f0-b482-5d1185df5079,High,High,High
71,9/13/2025,19:03.1,,,"Bunnell, Jack",813673.0,Right,SAN_DIE8,"Bunnell, Jack",813673,Right,SAN_DIE8,1,Top,0,0,0,Undefined,Curveball,Undefined,Undefined,Undefined,Undefined,78.90667,2650.94499,66.944521,5.99197,1.4286,5.49154,-3.29851,-10.95319,-11.533539,-5.658571,-0.65872,-2.95794,,,,,TeamExclusive,20250913-UofSanDiego-Private-2,bf2d27d0-90c5-11f0-b482-5d1185df5079,High,High,High
72,9/13/2025,19:22.4,,,"Bunnell, Jack",813673.0,Right,SAN_DIE8,"Bunnell, Jack",813673,Right,SAN_DIE8,1,Top,0,0,0,Undefined,Four-Seam,Undefined,Undefined,Undefined,Undefined,90.07767,2304.606194,204.328685,6.25963,1.1853,5.39678,22.20462,9.44784,-4.566896,-1.271299,3.2984,-0.79255,67.90519,67.513757,158.999787,,TeamExclusive,20250913-UofSanDiego-Private-2,cab37140-90c5-11f0-b482-5d1185df5079,High,High,High
73,9/13/2025,19:42.1,,,"Bunnell, Jack",813673.0,Right,SAN_DIE8,"Bunnell, Jack",813673,Right,SAN_DIE8,1,Top,0,0,0,Undefined,Slider,Undefined,Undefined,Undefined,Undefined,79.20798,2577.115652,97.034008,6.01693,1.48119,5.18676,2.89689,-12.21898,-7.783134,-2.778405,2.43453,-0.11261,58.33036,36.267851,154.32656,,TeamExclusive,20250913-UofSanDiego-Private-2,d6738f60-90c5-11f0-b482-5d1185df5079,High,High,High
74,9/13/2025,20:00.7,,,"Bunnell, Jack",813673.0,Right,SAN_DIE8,"Bunnell, Jack",813673,Right,SAN_DIE8,1,Top,0,0,0,Undefined,Four-Seam,Undefined,Undefined,Undefined,Undefined,90.86788,2176.146432,203.450645,6.28974,1.02125,5.50657,19.86379,8.05284,-5.206739,-0.049767,2.86861,0.30381,82.80582,8.113416,-43.025343,110.97235,TeamExclusive,20250913-UofSanDiego-Private-2,e1840c90-90c5-11f0-b482-5d1185df5079,High,High,High
75,9/13/2025,20:25.9,,,"Bunnell, Jack",813673.0,Right,SAN_DIE8,"Bunnell, Jack",813673,Right,SAN_DIE8,1,Top,0,0,0,Undefined,Slider,Undefined,Undefined,Undefined,Undefined,79.3931,2638.87316,79.647267,6.00964,1.55695,5.18294,0.27949,-6.3074,-8.3933,-3.156348,2.06503,-0.88766,59.8214,44.041384,103.396268,,TeamExclusive,20250913-UofSanDiego-Private-2,f08c77e0-90c5-11f0-b482-5d1185df5079,High,High,High
76,9/13/2025,20:43.1,,,"Bunnell, Jack",813673.0,Right,SAN_DIE8,"Bunnell, Jack",813673,Right,SAN_DIE8,1,Top,0,0,0,Undefined,Slider,Undefined,Undefined,Undefined,Undefined,78.9297,2620.527592,73.69014,5.97554,1.61407,5.21134,-1.68461,-10.21682,-8.555446,-3.319689,2.03037,-0.65506,57.78037,71.139982,124.808737,,TeamExclusive,20250913-UofSanDiego-Private-2,fad07d50-90c5-11f0-b482-5d1185df5079,High,High,High
77,9/13/2025,21:04.6,,,"Bunnell, Jack",813673.0,Right,SAN_DIE8,"Bunnell, Jack",813673,Right,SAN_DIE8,1,Top,0,0,0,Undefined,Four-Seam,Undefined,Undefined,Undefined,Undefined,91.74535,2214.714968,194.595088,6.245,0.93092,5.51137,20.24123,4.93744,-5.821287,-1.823837,2.15392,-1.18652,75.38122,6.934263,172.15352,55.65219,TeamExclusive,20250913-UofSanDiego-Private-2,07914290-90c6-11f0-b482-5d1185df5079,High,High,High
78,9/13/2025,21:25.5,,,"Bunnell, Jack",813673.0,Right,SAN_DIE8,"Bunnell, Jack",813673,Right,SAN_DIE8,1,Top,0,0,0,Undefined,Changeup,Undefined,Undefined,Undefined,Undefined,81.66235,2214.559188,247.038369,5.85536,1.71858,5.49153,9.13225,17.88714,-5.312094,-0.579404,3.96432,-0.31094,,,,,TeamExclusive,20250913-UofSanDiego-Private-2,13f2d0d0-90c6-11f0-b482-5d1185df5079,High,High,High
79,9/13/2025,21:42.8,,,"Bunnell, Jack",813673.0,Right,SAN_DIE8,"Bunnell, Jack",813673,Right,SAN_DIE8,1,Top,0,0,0,Undefined,Four-Seam,Undefined,Undefined,Undefined,Undefined,90.0579,2271.868633,194.220689,6.15626,1.28098,5.48278,22.59596,5.38528,-5.845513,-0.571145,1.96654,0.29801,,,,,TeamExclusive,20250913-UofSanDiego-Private-2,1e5cfbe0-90c6-11f0-b482-5d1185df5079,High,High,High
80,9/13/2025,22:10.1,,,"Bunnell, Jack",813673.0,Right,SAN_DIE8,"Bunnell, Jack",813673,Right,SAN_DIE8,1,Top,0,0,0,Undefined,Four-Seam,Undefined,Undefined,Undefined,Undefined,88.74665,2266.72501,194.464257,6.16985,1.22974,5.55328,19.6534,4.72985,-4.47801,-1.364205,3.58669,-0.43921,,,,,TeamExclusive,20250913-UofSanDiego-Private-2,2e8a8640-90c6-11f0-b482-5d1185df5079,High,High,High
81,9/13/2025,22:25.9,,,"Bunnell, Jack",813673.0,Right,SAN_DIE8,"Bunnell, Jack",813673,Right,SAN_DIE8,1,Top,0,0,0,Undefined,Four-Seam,Undefined,Undefined,Undefined,Undefined,90.50762,2292.786706,195.964485,6.20638,1.03189,5.38047,21.34544,5.73996,-3.94572,-2.474662,3.87052,-1.76718,,,,,TeamExclusive,20250913-UofSanDiego-Private-2,37e7ae20-90c6-11f0-b482-5d1185df5079,High,High,High
82,9/13/2025,22:52.4,,,"Bunnell, Jack",813673.0,Right,SAN_DIE8,"Bunnell, Jack",813673,Right,SAN_DIE8,1,Top,0,0,0,Undefined,Slider,Undefined,Undefined,Undefined,Undefined,79.37826,2510.993449,78.673704,5.94914,1.39504,5.33519,0.43039,-5.50788,-8.711003,-2.729202,1.73428,-0.70625,86.00505,21.846411,25.501887,272.52439,TeamExclusive,20250913-UofSanDiego-Private-2,47d7e160-90c6-11f0-b482-5d1185df5079,High,High,High
83,9/13/2025,23:21.6,,,"Bunnell, Jack",813673.0,Right,SAN_DIE8,"Bunnell, Jack",813673,Right,SAN_DIE8,1,Top,0,0,0,Undefined,Changeup,Undefined,Undefined,Undefined,Undefined,81.27862,2078.138605,249.134171,5.82933,1.58475,5.19486,8.3704,17.87336,-5.956894,0.953107,3.42728,0.99191,,,,,TeamExclusive,20250913-UofSanDiego-Private-2,59314190-90c6-11f0-b482-5d1185df5079,High,High,High
84,9/13/2025,23:40.5,,,"Bunnell, Jack",813673.0,Right,SAN_DIE8,"Bunnell, Jack",813673,Right,SAN_DIE8,1,Top,0,0,0,Undefined,Four-Seam,Undefined,Undefined,Undefined,Undefined,90.01034,2306.535437,198.368737,6.2078,1.23602,5.48755,22.39832,6.99469,-3.81143,-0.979193,3.95616,-0.26247,,,,,TeamExclusive,20250913-UofSanDiego-Private-2,645e6e80-90c6-11f0-b482-5d1185df5079,High,High,High
85,9/13/2025,23:55.8,,,"Bunnell, Jack",813673.0,Right,SAN_DIE8,"Bunnell, Jack",813673,Right,SAN_DIE8,1,Top,0,0,0,Undefined,Four-Seam,Undefined,Undefined,Undefined,Undefined,90.61795,2335.061721,192.815889,6.26255,0.96398,5.36162,19.95225,4.24024,-3.723292,-1.206267,4.26035,-0.52052,72.91056,14.328472,-176.648343,,TeamExclusive,20250913-UofSanDiego-Private-2,6da0bb60-90c6-11f0-b482-5d1185df5079,High,High,High
86,9/13/2025,24:12.8,,,"Bunnell, Jack",813673.0,Right,SAN_DIE8,"Bunnell, Jack",813673,Right,SAN_DIE8,1,Top,0,0,0,Undefined,Changeup,Undefined,Undefined,Undefined,Undefined,80.66706,2141.73362,244.415813,5.93225,1.7736,5.126,10.1052,17.87473,-6.25934,-0.550147,3.141,-0.23252,75.44884,69.866749,64.782302,92.88286,TeamExclusive,20250913-UofSanDiego-Private-2,77cc2fc0-90c6-11f0-b482-5d1185df5079,High,High,High
87,9/13/2025,24:36.3,,,"Bunnell, Jack",813673.0,Right,SAN_DIE8,"Bunnell, Jack",813673,Right,SAN_DIE8,1,Top,0,0,0,Undefined,Curveball,Undefined,Undefined,Undefined,Undefined,78.22576,2658.543808,62.97442,6.00981,1.45989,5.50308,-1.57236,-5.93788,-11.589013,-3.811104,-0.73381,-1.60977,,,,,TeamExclusive,20250913-UofSanDiego-Private-2,85bd37a0-90c6-11f0-b482-5d1185df5079,High,High,High
88,9/13/2025,25:03.3,,,"Bunnell, Jack",813673.0,Right,SAN_DIE8,"Bunnell, Jack",813673,Right,SAN_DIE8,1,Top,0,0,0,Undefined,Slider,Undefined,Undefined,Undefined,Undefined,78.85992,2563.88122,82.909023,6.04687,1.59951,5.42748,1.05484,-2.48457,-10.482239,-4.225374,0.04748,-2.15665,,,,,TeamExclusive,20250913-UofSanDiego-Private-2,95ce1240-90c6-11f0-b482-5d1185df5079,High,High,High
89,9/13/2025,25:24.5,,,"Bunnell, Jack",813673.0,Right,SAN_DIE8,"Bunnell, Jack",813673,Right,SAN_DIE8,1,Top,0,0,0,Undefined,Four-Seam,Undefined,Undefined,Undefined,Undefined,89.0345,2274.703406,201.446445,6.184,1.22103,5.47703,21.19434,7.76902,-4.775819,-1.40132,3.21612,-0.73733,76.73707,59.964411,122.84298,,TeamExclusive,20250913-UofSanDiego-Private-2,a27bc4b0-90c6-11f0-b482-5d1185df5079,High,High,High
90,9/13/2025,25:46.6,,,"Bunnell, Jack",813673.0,Right,SAN_DIE8,"Bunnell, Jack",813673,Right,SAN_DIE8,1,Top,0,0,0,Undefined,Four-Seam,Undefined,Undefined,Undefined,Undefined,89.32246,2125.37554,206.84391,6.25538,1.56919,5.49556,20.35111,9.64902,-5.545387,0.093822,2.55669,0.85311,,,,,TeamExclusive,20250913-UofSanDiego-Private-2,afaa8e00-90c6-11f0-b482-5d1185df5079,High,High,High
91,9/13/2025,26:17.5,,,"Bunnell, Jack",813673.0,Right,SAN_DIE8,"Bunnell, Jack",813673,Right,SAN_DIE8,1,Top,0,0,0,Undefined,Four-Seam,Undefined,Undefined,Undefined,Undefined,86.90785,2088.157331,210.792675,5.72153,2.15547,6.26078,19.34851,10.69737,-5.516878,-1.295685,2.32622,0.07002,,,,,TeamExclusive,20250913-UofSanDiego-Private-2,c2102e10-90c6-11f0-b482-5d1185df5079,High,High,High
92,9/13/2025,26:26.5,,,"Bunnell, Jack",813673.0,Right,SAN_DIE8,"Bunnell, Jack",813673,Right,SAN_DIE8,1,Top,0,0,0,Undefined,Four-Seam,Undefined,Undefined,Undefined,Undefined,87.20086,2107.033374,220.483956,5.62625,2.01011,6.38345,17.06324,13.43111,-7.170882,-1.632738,0.83229,-0.61069,,,,,TeamExclusive,20250913-UofSanDiego-Private-2,c76980f0-90c6-11f0-b482-5d1185df5079,High,High,High
93,9/13/2025,26:36.1,,,"Bunnell, Jack",813673.0,Right,SAN_DIE8,"Bunnell, Jack",813673,Right,SAN_DIE8,1,Top,0,0,0,Undefined,Curveball,Undefined,Undefined,Undefined,Undefined,70.93199,1967.079648,42.711296,5.60045,1.83774,5.893,-11.89158,-12.85347,-10.375541,-2.265895,1.92853,0.8101,,,,,TeamExclusive,20250913-UofSanDiego-Private-2,cd487e90-90c6-11f0-b482-5d1185df5079,High,High,High
94,9/13/2025,26:45.9,,,"Bunnell, Jack",813673.0,Right,SAN_DIE8,"Bunnell, Jack",813673,Right,SAN_DIE8,1,Top,0,0,0,Undefined,Curveball,Undefined,Undefined,Undefined,Undefined,71.8696,1817.660603,50.022923,5.57859,1.87444,6.01847,-8.44965,-12.35512,-11.854045,-4.103094,0.03359,-0.89092,,,,,TeamExclusive,20250913-UofSanDiego-Private-2,d3104ab0-90c6-11f0-b482-5d1185df5079,High,High,High
95,9/13/2025,26:57.3,,,"Bunnell, Jack",813673.0,Right,SAN_DIE8,"Bunnell, Jack",813673,Right,SAN_DIE8,1,Top,0,0,0,Undefined,Changeup,Undefined,Undefined,Undefined,Undefined,84.75395,1965.798765,210.694456,5.42692,1.87953,6.7924,17.21501,9.4039,-8.271546,-2.067098,-0.22086,-0.79211,,,,,TeamExclusive,20250913-UofSanDiego-Private-2,d9c6e3a0-90c6-11f0-b482-5d1185df5079,High,High,High
96,9/13/2025,27:10.3,,,"Bunnell, Jack",813673.0,Right,SAN_DIE8,"Bunnell, Jack",813673,Right,SAN_DIE8,1,Top,0,0,0,Undefined,Changeup,Undefined,Undefined,Undefined,Undefined,83.92594,2006.767659,212.746487,5.58588,2.14542,6.2215,18.48107,10.99127,-4.526691,0.562721,3.38357,1.74917,,,,,TeamExclusive,20250913-UofSanDiego-Private-2,e194e000-90c6-11f0-b482-5d1185df5079,High,High,High
97,9/13/2025,27:37.1,,,"Bunnell, Jack",813673.0,Right,SAN_DIE8,"Bunnell, Jack",813673,Right,SAN_DIE8,1,Top,0,0,0,Undefined,Changeup,Undefined,Undefined,Undefined,Undefined,84.64047,1987.024521,208.329538,5.61526,1.41868,6.91706,16.78395,8.33981,-6.154574,-1.428988,1.95226,-0.57771,,,,,TeamExclusive,20250913-UofSanDiego-Private-2,f189f540-90c6-11f0-b482-5d1185df5079,High,High,High
98,9/13/2025,27:50.8,,,"Bunnell, Jack",813673.0,Right,SAN_DIE8,"Bunnell, Jack",813673,Right,SAN_DIE8,1,Top,0,0,0,Undefined,Four-Seam,Undefined,Undefined,Undefined,Undefined,85.53344,2013.822413,209.136332,5.54412,1.30616,6.92362,18.46997,9.53804,-6.059606,-3.064015,1.7883,-2.28002,,,,,TeamExclusive,20250913-UofSanDiego-Private-2,f9b94b80-90c6-11f0-b482-5d1185df5079,High,High,High
99,9/13/2025,28:07.0,,,"Bunnell, Jack",813673.0,Right,SAN_DIE8,"Bunnell, Jack",813673,Right,SAN_DIE8,1,Top,0,0,0,Undefined,Four-Seam,Undefined,Undefined,Undefined,Undefined,86.53559,1998.468199,205.114612,5.7174,1.29161,6.74068,19.52962,8.54052,-5.319113,-1.806855,2.47265,-1.07083,,,,,TeamExclusive,20250913-UofSanDiego-Private-2,035e2ac0-90c7-11f0-b482-5d1185df5079,High,High,High
100,9/13/2025,28:25.3,,,"Bunnell, Jack",813673.0,Right,SAN_DIE8,"Bunnell, Jack",813673,Right,SAN_DIE8,1,Top,0,0,0,Undefined,Curveball,Undefined,Undefined,Undefined,Undefined,73.55127,1949.613515,58.254641,5.55257,1.38877,6.23088,-7.81197,-15.55225,-10.687038,-4.398848,0.8546,-1.36857,,,,,TeamExclusive,20250913-UofSanDiego-Private-2,0e430410-90c7-11f0-b482-5d1185df5079,High,High,High
101,9/13/2025,28:44.7,,,"Bunnell, Jack",813673.0,Right,SAN_DIE8,"Bunnell, Jack",813673,Right,SAN_DIE8,1,Top,0,0,0,Undefined,Curveball,Undefined,Undefined,Undefined,Undefined,70.60296,1766.682782,42.94143,5.42355,1.37671,6.52068,-11.7991,-12.8004,-9.912913,-3.010766,2.20303,-0.31618,87.43788,23.505881,-6.954503,307.19095,TeamExclusive,20250913-UofSanDiego-Private-2,19e42880-90c7-11f0-b482-5d1185df5079,High,High,High
102,9/13/2025,29:16.9,,,"Bunnell, Jack",813673.0,Right,SAN_DIE8,"Bunnell, Jack",813673,Right,SAN_DIE8,1,Top,0,0,0,Undefined,Curveball,Undefined,Undefined,Undefined,Undefined,71.90885,1837.708836,47.775296,5.53855,1.51342,6.42581,-10.94969,-14.1895,-11.621633,-4.146481,0.4584,-1.10857,,,,,TeamExclusive,20250913-UofSanDiego-Private-2,2d029140-90c7-11f0-b482-5d1185df5079,High,High,High
103,9/13/2025,29:30.0,,,"Bunnell, Jack",813673.0,Right,SAN_DIE8,"Bunnell, Jack",813673,Right,SAN_DIE8,1,Top,0,0,0,Undefined,Four-Seam,Undefined,Undefined,Undefined,Undefined,87.19138,2033.714734,201.310412,5.60064,1.28405,6.88011,19.78021,7.21,-6.13097,-1.254854,1.53819,-0.46026,,,,,TeamExclusive,20250913-UofSanDiego-Private-2,34cd0b30-90c7-11f0-b482-5d1185df5079,High,High,High
104,9/13/2025,29:48.6,,,"Bunnell, Jack",813673.0,Right,SAN_DIE8,"Bunnell, Jack",813673,Right,SAN_DIE8,1,Top,0,0,0,Undefined,Curveball,Undefined,Undefined,Undefined,Undefined,72.67875,1906.41471,53.339083,5.48978,1.26481,6.12585,-9.47749,-15.29702,-9.069117,-4.962485,2.60638,-2.05207,,,,,TeamExclusive,20250913-UofSanDiego-Private-2,3ff8d890-90c7-11f0-b482-5d1185df5079,High,High,High
105,9/13/2025,30:04.5,,,"Bunnell, Jack",813673.0,Right,SAN_DIE8,"Bunnell, Jack",813673,Right,SAN_DIE8,1,Top,0,0,0,Undefined,Four-Seam,Undefined,Undefined,Undefined,Undefined,85.53009,2087.831728,193.292278,5.72665,1.46521,7.00677,19.67867,4.34544,-4.888622,-2.357712,2.91597,-1.04121,,,,,TeamExclusive,20250913-UofSanDiego-Private-2,49636df0-90c7-11f0-b482-5d1185df5079,High,High,High
106,9/13/2025,30:25.0,,,"Bunnell, Jack",813673.0,Right,SAN_DIE8,"Bunnell, Jack",813673,Right,SAN_DIE8,1,Top,0,0,0,Undefined,Four-Seam,Undefined,Undefined,Undefined,Undefined,86.17923,2030.147397,194.020359,5.44195,0.99121,7.19813,18.63682,4.33099,-6.979692,-4.88634,0.75455,-3.80608,,,,,TeamExclusive,20250913-UofSanDiego-Private-2,55831130-90c7-11f0-b482-5d1185df5079,High,High,High
107,9/13/2025,30:50.6,,,"Bunnell, Jack",813673.0,Right,SAN_DIE8,"Bunnell, Jack",813673,Right,SAN_DIE8,1,Top,0,0,0,Undefined,Changeup,Undefined,Undefined,Undefined,Undefined,84.62886,1953.721244,208.954875,5.69907,1.097,6.92509,19.35119,9.96556,-7.220688,-0.05345,0.84477,0.21757,,,,,TeamExclusive,20250913-UofSanDiego-Private-2,64d22270-90c7-11f0-b482-5d1185df5079,High,High,High
108,9/13/2025,31:50.1,,,"Bunnell, Jack",813673.0,Right,SAN_DIE8,"Bunnell, Jack",813673,Right,SAN_DIE8,1,Top,0,0,0,Undefined,Four-Seam,Undefined,Undefined,Undefined,Undefined,85.11067,1959.441179,195.102124,5.67003,1.16956,6.97193,18.31997,4.59221,-4.990667,-1.038998,2.91405,-0.15828,74.80585,54.736277,24.491989,187.88501,TeamExclusive,20250913-UofSanDiego-Private-2,88563c90-90c7-11f0-b482-5d1185df5079,High,High,High
109,9/13/2025,32:28.3,,,"Bunnell, Jack",813673.0,Right,SAN_DIE8,"Bunnell, Jack",813673,Right,SAN_DIE8,1,Top,0,0,0,Undefined,Four-Seam,Undefined,Undefined,Undefined,Undefined,85.2819,1985.684431,197.372417,5.54306,1.71939,7.10369,17.60497,5.08713,-6.397071,-2.188448,1.55822,-0.69132,75.95935,2.14688,-86.195551,41.04816,TeamExclusive,20250913-UofSanDiego-Private-2,9f213290-90c7-11f0-b482-5d1185df5079,High,High,High
110,9/13/2025,32:54.3,,,"Bunnell, Jack",813673.0,Right,SAN_DIE8,"Bunnell, Jack",813673,Right,SAN_DIE8,1,Top,0,0,0,Undefined,Changeup,Undefined,Undefined,Undefined,Undefined,79.4702,1647.90958,236.972209,5.30881,1.73913,6.84127,12.10914,15.86339,-10.326473,-0.376446,-1.26616,0.06906,,,,,TeamExclusive,20250913-UofSanDiego-Private-2,ae8ad0b0-90c7-11f0-b482-5d1185df5079,High,High,High
111,9/13/2025,33:23.4,,,"Bunnell, Jack",813673.0,Right,SAN_DIE8,"Bunnell, Jack",813673,Right,SAN_DIE8,1,Top,0,0,0,Undefined,Four-Seam,Undefined,Undefined,Undefined,Undefined,85.0005,1985.394698,191.041082,5.47772,1.78106,7.16187,19.17052,3.46803,-4.817536,-2.14681,2.85247,-0.45451,85.56811,9.687315,-4.214138,143.77233,TeamExclusive,20250913-UofSanDiego-Private-2,bff1ec80-90c7-11f0-b482-5d1185df5079,High,High,High
112,9/13/2025,33:57.8,,,"Bunnell, Jack",813673.0,Right,SAN_DIE8,"Bunnell, Jack",813673,Right,SAN_DIE8,1,Top,0,0,0,Undefined,Curveball,Undefined,Undefined,Undefined,Undefined,71.22598,1717.13607,33.440741,5.64353,1.35041,6.69302,-13.50985,-10.29032,-9.582043,-2.870569,2.85962,-0.41619,,,,,TeamExclusive,20250913-UofSanDiego-Private-2,d47d04a0-90c7-11f0-b482-5d1185df5079,High,High,High
113,9/13/2025,34:13.6,,,"Bunnell, Jack",813673.0,Right,SAN_DIE8,"Bunnell, Jack",813673,Right,SAN_DIE8,1,Top,0,0,0,Undefined,Curveball,Undefined,Undefined,Undefined,Undefined,74.06728,2029.397186,47.200758,5.58171,1.3272,6.27161,-10.83473,-13.81481,-10.557364,-4.486782,1.27715,-1.65548,,,,,TeamExclusive,20250913-UofSanDiego-Private-2,ddf0c1c0-90c7-11f0-b482-5d1185df5079,High,High,High
114,9/13/2025,34:31.1,,,"Bunnell, Jack",813673.0,Right,SAN_DIE8,"Bunnell, Jack",813673,Right,SAN_DIE8,1,Top,0,0,0,Undefined,Four-Seam,Undefined,Undefined,Undefined,Undefined,85.69074,2063.49806,185.576563,5.60735,1.27586,7.11681,19.68914,1.78606,-6.027978,-2.782277,1.78189,-1.39895,,,,,TeamExclusive,20250913-UofSanDiego-Private-2,e84ae740-90c7-11f0-b482-5d1185df5079,High,High,High
115,9/13/2025,34:44.4,,,"Bunnell, Jack",813673.0,Right,SAN_DIE8,"Bunnell, Jack",813673,Right,SAN_DIE8,1,Top,0,0,0,Undefined,Curveball,Undefined,Undefined,Undefined,Undefined,72.493,2059.898107,38.433836,5.61692,1.20935,6.6082,-12.8306,-11.74052,-12.769951,-3.577623,-0.43012,-1.07962,,,,,TeamExclusive,20250913-UofSanDiego-Private-2,f0468350-90c7-11f0-b482-5d1185df5079,High,High,High
116,9/13/2025,35:03.3,,,"Bunnell, Jack",813673.0,Right,SAN_DIE8,"Bunnell, Jack",813673,Right,SAN_DIE8,1,Top,0,0,0,Undefined,Four-Seam,Undefined,Undefined,Undefined,Undefined,85.59928,1967.653672,202.60935,5.60436,1.24661,6.95732,17.32761,6.60044,-4.759968,-1.141993,3.18719,-0.34242,,,,,TeamExclusive,20250913-UofSanDiego-Private-2,fb7732b0-90c7-11f0-b482-5d1185df5079,High,High,High
117,9/13/2025,35:26.4,,,"Bunnell, Jack",813673.0,Right,SAN_DIE8,"Bunnell, Jack",813673,Right,SAN_DIE8,1,Top,0,0,0,Undefined,Curveball,Undefined,Undefined,Undefined,Undefined,71.58514,1786.88741,38.023849,5.45302,1.36748,6.46483,-13.0217,-11.788,-10.682449,-2.533521,1.53701,0.02812,,,,,TeamExclusive,20250913-UofSanDiego-Private-2,094d5f90-90c8-11f0-b482-5d1185df5079,High,High,High
118,9/13/2025,36:10.8,,,"Bunnell, Jack",813673.0,Right,SAN_DIE8,"Bunnell, Jack",813673,Right,SAN_DIE8,1,Top,0,0,0,Undefined,Changeup,Undefined,Undefined,Undefined,Undefined,75.91797,1963.76208,214.063639,6.64479,1.92131,4.28016,23.86686,14.56583,-5.334791,-1.383933,4.37252,-0.61352,,,,,TeamExclusive,20250913-UofSanDiego-Private-2,23b8d4e0-90c8-11f0-b482-5d1185df5079,High,High,High
119,9/13/2025,36:18.7,,,"Bunnell, Jack",813673.0,Right,SAN_DIE8,"Bunnell, Jack",813673,Right,SAN_DIE8,1,Top,0,0,0,Undefined,Changeup,Undefined,Undefined,Undefined,Undefined,75.30019,2075.152058,269.883876,6.16329,1.76863,4.54757,2.04398,22.57667,-7.565137,1.93165,3.4943,1.72447,,,,,TeamExclusive,20250913-UofSanDiego-Private-2,285cba70-90c8-11f0-b482-5d1185df5079,High,High,High
120,9/13/2025,36:27.2,,,"Bunnell, Jack",813673.0,Right,SAN_DIE8,"Bunnell, Jack",813673,Right,SAN_DIE8,1,Top,0,0,0,Undefined,Curveball,Undefined,Undefined,Undefined,Undefined,74.1307,2523.110863,67.407061,6.35467,1.80462,4.62751,-2.74477,-10.86115,-8.548417,-3.694317,3.16984,-0.80303,,,,,TeamExclusive,20250913-UofSanDiego-Private-2,2d711510-90c8-11f0-b482-5d1185df5079,High,High,High
121,9/13/2025,36:36.6,,,"Bunnell, Jack",813673.0,Right,SAN_DIE8,"Bunnell, Jack",813673,Right,SAN_DIE8,1,Top,0,0,0,Undefined,Four-Seam,Undefined,Undefined,Undefined,Undefined,88.10698,2174.10766,216.911162,6.33721,1.36583,5.40169,18.91529,13.04485,-3.231258,0.492377,5.13684,0.74134,,,,,TeamExclusive,20250913-UofSanDiego-Private-2,32f7b980-90c8-11f0-b482-5d1185df5079,High,High,High
122,9/13/2025,36:52.5,,,"Bunnell, Jack",813673.0,Right,SAN_DIE8,"Bunnell, Jack",813673,Right,SAN_DIE8,1,Top,0,0,0,Undefined,Four-Seam,Undefined,Undefined,Undefined,Undefined,87.59838,2195.606579,206.697204,6.29275,1.55519,5.23639,22.1858,10.33296,-3.42693,-1.035426,4.71025,-0.27787,,,,,TeamExclusive,20250913-UofSanDiego-Private-2,3c8edd20-90c8-11f0-b482-5d1185df5079,High,High,High
123,9/13/2025,37:20.9,,,"Bunnell, Jack",813673.0,Right,SAN_DIE8,"Bunnell, Jack",813673,Right,SAN_DIE8,1,Top,0,0,0,Undefined,Four-Seam,Undefined,Undefined,Undefined,Undefined,89.3352,2290.551468,203.900718,6.30642,1.43528,5.53695,21.26501,8.74249,-5.102235,-0.668654,3.05426,0.08226,73.01557,6.837262,178.388216,62.26854,TeamExclusive,20250913-UofSanDiego-Private-2,4d606fb0-90c8-11f0-b482-5d1185df5079,High,High,High
124,9/13/2025,37:37.0,,,"Bunnell, Jack",813673.0,Right,SAN_DIE8,"Bunnell, Jack",813673,Right,SAN_DIE8,1,Top,0,0,0,Undefined,Slider,Undefined,Undefined,Undefined,Undefined,78.95704,2616.991538,61.996974,6.03915,1.64914,5.19094,-2.3565,-7.27867,-8.40323,-3.408229,2.38255,-0.95145,,,,,TeamExclusive,20250913-UofSanDiego-Private-2,5717ec90-90c8-11f0-b482-5d1185df5079,High,High,High
125,9/13/2025,37:51.4,,,"Bunnell, Jack",813673.0,Right,SAN_DIE8,"Bunnell, Jack",813673,Right,SAN_DIE8,1,Top,0,0,0,Undefined,Four-Seam,Undefined,Undefined,Undefined,Undefined,89.65784,2309.272163,193.070847,6.32737,1.25366,5.51875,20.16848,4.385,-5.012149,-1.130217,3.12667,-0.16856,76.42703,6.705291,176.594259,57.13651,TeamExclusive,20250913-UofSanDiego-Private-2,5f8f6f60-90c8-11f0-b482-5d1185df5079,High,High,High
126,9/13/2025,38:15.8,,,"Bunnell, Jack",813673.0,Right,SAN_DIE8,"Bunnell, Jack",813673,Right,SAN_DIE8,1,Top,0,0,0,Undefined,Curveball,Undefined,Undefined,Undefined,Undefined,79.87953,2570.275079,46.466089,6.00502,1.60349,5.48404,-5.08335,-6.90217,-9.384499,-3.342702,1.551,-0.9484,,,,,TeamExclusive,20250913-UofSanDiego-Private-2,6e42dce0-90c8-11f0-b482-5d1185df5079,High,High,High
127,9/13/2025,38:48.1,,,"Bunnell, Jack",813673.0,Right,SAN_DIE8,"Bunnell, Jack",813673,Right,SAN_DIE8,1,Top,0,0,0,Undefined,Curveball,Undefined,Undefined,Undefined,Undefined,78.81525,2654.355342,56.645788,6.00004,1.56559,5.36866,-2.46134,-6.1117,-9.387956,-2.760902,1.44356,-0.51266,,,,,TeamExclusive,20250913-UofSanDiego-Private-2,8182fe70-90c8-11f0-b482-5d1185df5079,High,High,High
128,9/13/2025,39:03.1,,,"Bunnell, Jack",813673.0,Right,SAN_DIE8,"Bunnell, Jack",813673,Right,SAN_DIE8,1,Top,0,0,0,Undefined,Curveball,Undefined,Undefined,Undefined,Undefined,78.32189,2507.669545,36.864821,5.90681,1.65265,5.19293,-2.13465,-2.83421,-9.765466,-1.454898,1.03191,0.52141,,,,,TeamExclusive,20250913-UofSanDiego-Private-2,8a6e51b0-90c8-11f0-b482-5d1185df5079,High,High,High
129,9/13/2025,39:18.7,,,"Bunnell, Jack",813673.0,Right,SAN_DIE8,"Bunnell, Jack",813673,Right,SAN_DIE8,1,Top,0,0,0,Undefined,Four-Seam,Undefined,Undefined,Undefined,Undefined,89.75512,2404.793479,196.384067,6.24104,1.27095,5.4165,18.65899,5.08189,-5.474739,-2.903115,2.76404,-1.87434,,,,,TeamExclusive,20250913-UofSanDiego-Private-2,93bbe930-90c8-11f0-b482-5d1185df5079,High,High,High
130,9/13/2025,39:35.6,,,"Bunnell, Jack",813673.0,Right,SAN_DIE8,"Bunnell, Jack",813673,Right,SAN_DIE8,1,Top,0,0,0,Undefined,Four-Seam,Undefined,Undefined,Undefined,Undefined,88.8024,2353.239858,200.124025,6.18014,1.3423,5.45548,20.58997,7.01615,-5.530525,-1.254096,2.57286,-0.41628,62.16361,-40.547224,-86.262656,3.70133,TeamExclusive,20250913-UofSanDiego-Private-2,9dce5750-90c8-11f0-b482-5d1185df5079,High,High,High
131,9/13/2025,40:00.2,,,"Bunnell, Jack",813673.0,Right,SAN_DIE8,"Bunnell, Jack",813673,Right,SAN_DIE8,1,Top,0,0,0,Undefined,Four-Seam,Undefined,Undefined,Undefined,Undefined,89.58895,2164.542734,195.121984,6.28415,1.30081,5.49605,22.096,5.60744,-3.516481,-1.402106,4.36678,-0.47784,,,,,TeamExclusive,20250913-UofSanDiego-Private-2,ac4a1300-90c8-11f0-b482-5d1185df5079,High,High,High
132,9/13/2025,40:24.8,,,"Bunnell, Jack",813673.0,Right,SAN_DIE8,"Bunnell, Jack",813673,Right,SAN_DIE8,1,Top,0,0,0,Undefined,Four-Seam,Undefined,Undefined,Undefined,Undefined,87.39001,2225.222607,211.479492,6.26875,1.34182,5.48187,20.07395,11.38284,-5.03895,0.290715,3.27493,0.66563,59.97775,25.762627,168.569019,126.94653,TeamExclusive,20250913-UofSanDiego-Private-2,bb1ca140-90c8-11f0-b482-5d1185df5079,High,High,High
133,9/13/2025,40:44.5,,,"Bunnell, Jack",813673.0,Right,SAN_DIE8,"Bunnell, Jack",813673,Right,SAN_DIE8,1,Top,0,0,0,Undefined,Four-Seam,Undefined,Undefined,Undefined,Undefined,87.66873,2359.800006,210.291578,6.2811,1.02592,5.29602,19.33123,10.47028,-5.889312,-2.362653,2.49626,-2.065,,,,,TeamExclusive,20250913-UofSanDiego-Private-2,c6c45560-90c8-11f0-b482-5d1185df5079,High,High,High
134,9/13/2025,41:07.4,,,"Bunnell, Jack",813673.0,Right,SAN_DIE8,"Bunnell, Jack",813673,Right,SAN_DIE8,1,Top,0,0,0,Undefined,Four-Seam,Undefined,Undefined,Undefined,Undefined,87.36678,2237.45066,200.217773,6.21668,1.11321,5.40297,23.21545,8.05701,-3.621344,0.230376,4.24294,0.65817,,,,,TeamExclusive,20250913-UofSanDiego-Private-2,d46ae6c0-90c8-11f0-b482-5d1185df5079,High,High,High
135,9/13/2025,41:34.7,,,"Bunnell, Jack",813673.0,Right,SAN_DIE8,"Bunnell, Jack",813673,Right,SAN_DIE8,1,Top,0,0,0,Undefined,Four-Seam,Undefined,Undefined,Undefined,Undefined,86.14534,2312.245405,215.804612,6.15995,1.24321,5.42103,20.68592,13.84056,-5.387061,-1.582874,2.87514,-1.39104,,,,,TeamExclusive,20250913-UofSanDiego-Private-2,e4cb6800-90c8-11f0-b482-5d1185df5079,High,High,High
136,9/13/2025,41:59.3,,,"Bunnell, Jack",813673.0,Right,SAN_DIE8,"Bunnell, Jack",813673,Right,SAN_DIE8,1,Top,0,0,0,Undefined,Curveball,Undefined,Undefined,Undefined,Undefined,76.95726,2586.692504,92.856365,5.88986,1.71104,4.96966,1.91032,-10.23032,-8.698918,-2.672691,1.71659,0.04128,59.36841,18.577926,21.542227,139.3714,TeamExclusive,20250913-UofSanDiego-Private-2,f3781ec0-90c8-11f0-b482-5d1185df5079,High,High,High
137,9/13/2025,42:41.1,,,"Bunnell, Jack",813673.0,Right,SAN_DIE8,"Bunnell, Jack",813673,Right,SAN_DIE8,1,Top,0,0,0,Undefined,Four-Seam,Undefined,Undefined,Undefined,Undefined,87.66282,2207.48123,208.738824,6.23935,1.33425,5.22519,20.96375,10.73827,-3.704207,0.174082,4.38349,0.60384,,,,,TeamExclusive,20250913-UofSanDiego-Private-2,0c41f200-90c9-11f0-b482-5d1185df5079,High,High,High
138,9/13/2025,43:03.1,,,"Bunnell, Jack",813673.0,Right,SAN_DIE8,"Bunnell, Jack",813673,Right,SAN_DIE8,1,Top,0,0,0,Undefined,Four-Seam,Undefined,Undefined,Undefined,Undefined,87.16634,2290.166444,202.112275,6.15264,1.3207,5.4205,23.69698,9.06,-5.084205,-2.195278,2.7929,-1.49045,,,,,TeamExclusive,20250913-UofSanDiego-Private-2,1959b0e0-90c9-11f0-b482-5d1185df5079,High,High,High
139,9/13/2025,43:25.0,,,"Bunnell, Jack",813673.0,Right,SAN_DIE8,"Bunnell, Jack",813673,Right,SAN_DIE8,1,Top,0,0,0,Undefined,Four-Seam,Undefined,Undefined,Undefined,Undefined,87.50699,2327.027967,206.017246,6.25255,1.19218,5.43688,23.70505,10.87638,-6.164204,-1.117078,1.85464,-0.75918,,,,,TeamExclusive,20250913-UofSanDiego-Private-2,268e1f80-90c9-11f0-b482-5d1185df5079,High,High,High
140,9/13/2025,43:56.0,,,"Bunnell, Jack",813673.0,Right,SAN_DIE8,"Bunnell, Jack",813673,Right,SAN_DIE8,1,Top,0,0,0,Undefined,Four-Seam,Undefined,Undefined,Undefined,Undefined,88.06583,2268.876852,198.86767,6.17295,1.25684,5.50014,23.45942,7.52028,-4.294422,0.011384,3.54248,0.64126,,,,,TeamExclusive,20250913-UofSanDiego-Private-2,38e17010-90c9-11f0-b482-5d1185df5079,High,High,High
141,9/13/2025,44:12.3,,,"Bunnell, Jack",813673.0,Right,SAN_DIE8,"Bunnell, Jack",813673,Right,SAN_DIE8,1,Top,0,0,0,Undefined,Changeup,Undefined,Undefined,Undefined,Undefined,81.60942,2228.695598,256.626771,5.80624,1.67115,5.30992,7.22016,23.37363,-5.250957,3.045032,4.19215,2.58251,,,,,TeamExclusive,20250913-UofSanDiego-Private-2,42a54900-90c9-11f0-b482-5d1185df5079,High,High,High
142,9/13/2025,44:28.8,,,"Bunnell, Jack",813673.0,Right,SAN_DIE8,"Bunnell, Jack",813673,Right,SAN_DIE8,1,Top,0,0,0,Undefined,Four-Seam,Undefined,Undefined,Undefined,Undefined,88.72065,2366.983985,210.024436,6.21011,1.43325,5.3269,21.19367,11.44501,-3.631541,0.735097,4.3365,1.16991,,,,,TeamExclusive,20250913-UofSanDiego-Private-2,4c71fb90-90c9-11f0-b482-5d1185df5079,High,High,High
143,9/13/2025,44:56.1,,,"Bunnell, Jack",813673.0,Right,SAN_DIE8,"Bunnell, Jack",813673,Right,SAN_DIE8,1,Top,0,0,0,Undefined,Four-Seam,Undefined,Undefined,Undefined,Undefined,86.56047,2343.214978,206.381036,6.28971,1.01313,5.30191,24.52623,11.42879,-4.078882,-1.786402,3.89253,-1.61478,,,,,TeamExclusive,20250913-UofSanDiego-Private-2,5cb81700-90c9-11f0-b482-5d1185df5079,High,High,High
144,9/13/2025,45:13.0,,,"Bunnell, Jack",813673.0,Right,SAN_DIE8,"Bunnell, Jack",813673,Right,SAN_DIE8,1,Top,0,0,0,Undefined,Four-Seam,Undefined,Undefined,Undefined,Undefined,86.46876,2090.126852,207.519162,6.22854,1.15838,5.31343,23.38171,11.39099,-5.008114,-1.006761,3.06358,-0.73453,67.77711,17.671002,168.681814,134.54252,TeamExclusive,20250913-UofSanDiego-Private-2,66ef7240-90c9-11f0-b482-5d1185df5079,High,High,High
145,9/13/2025,45:34.1,,,"Bunnell, Jack",813673.0,Right,SAN_DIE8,"Bunnell, Jack",813673,Right,SAN_DIE8,1,Top,0,0,0,Undefined,Four-Seam,Undefined,Undefined,Undefined,Undefined,86.27028,2279.147438,200.725495,6.21404,1.35443,5.35693,22.24781,7.77756,-7.599348,-2.436609,0.76216,-1.57992,,,,,TeamExclusive,20250913-UofSanDiego-Private-2,735d0e70-90c9-11f0-b482-5d1185df5079,High,High,High
146,9/13/2025,45:57.5,,,"Bunnell, Jack",813673.0,Right,SAN_DIE8,"Bunnell, Jack",813673,Right,SAN_DIE8,1,Top,0,0,0,Undefined,Four-Seam,Undefined,Undefined,Undefined,Undefined,86.46048,2304.044043,190.905638,6.15933,1.24607,5.34933,25.85112,4.66599,-4.630218,-2.238643,3.19375,-1.24322,,,,,TeamExclusive,20250913-UofSanDiego-Private-2,8153e2b0-90c9-11f0-b482-5d1185df5079,High,High,High
147,9/13/2025,46:24.3,,,"Bunnell, Jack",813673.0,Right,SAN_DIE8,"Bunnell, Jack",813673,Right,SAN_DIE8,1,Top,0,0,0,Undefined,Four-Seam,Undefined,Undefined,Undefined,Undefined,86.96357,2271.91715,195.851304,6.21362,1.35813,5.42459,21.16222,5.58918,-6.424582,-1.54389,1.83876,-0.55402,,,,,TeamExclusive,20250913-UofSanDiego-Private-2,915d6a50-90c9-11f0-b482-5d1185df5079,High,High,High
148,9/13/2025,47:02.2,,,"Bunnell, Jack",813673.0,Right,SAN_DIE8,"Bunnell, Jack",813673,Right,SAN_DIE8,1,Top,0,0,0,Undefined,Changeup,Undefined,Undefined,Undefined,Undefined,82.82393,1924.943847,220.331849,5.65135,2.08518,6.46821,15.10725,11.52969,-6.382126,-0.614448,2.13405,0.5599,,,,,TeamExclusive,20250913-UofSanDiego-Private-2,a801c580-90c9-11f0-b482-5d1185df5079,High,High,High
149,9/13/2025,47:12.5,,,"Bunnell, Jack",813673.0,Right,SAN_DIE8,"Bunnell, Jack",813673,Right,SAN_DIE8,1,Top,0,0,0,Undefined,Curveball,Undefined,Undefined,Undefined,Undefined,70.24629,1871.161104,55.603968,5.71251,1.50734,5.92113,-6.25445,-12.00131,-10.037425,-2.561705,1.93249,0.13404,,,,,TeamExclusive,20250913-UofSanDiego-Private-2,ae2e1fd0-90c9-11f0-b482-5d1185df5079,High,High,High
150,9/13/2025,47:23.8,,,"Bunnell, Jack",813673.0,Right,SAN_DIE8,"Bunnell, Jack",813673,Right,SAN_DIE8,1,Top,0,0,0,Undefined,Changeup,Undefined,Undefined,Undefined,Undefined,82.22706,1941.384904,204.46682,5.76022,2.00543,6.50389,15.09119,6.24622,-4.576041,-1.222291,3.90161,0.36326,,,,,TeamExclusive,20250913-UofSanDiego-Private-2,b4e38040-90c9-11f0-b482-5d1185df5079,High,High,High
151,9/13/2025,47:36.4,,,"Bunnell, Jack",813673.0,Right,SAN_DIE8,"Bunnell, Jack",813673,Right,SAN_DIE8,1,Top,0,0,0,Undefined,Changeup,Undefined,Undefined,Undefined,Undefined,75.98475,1478.155931,231.691897,5.39025,1.92982,7.21246,10.72001,11.57056,-9.012581,-0.215163,0.38133,0.76782,,,,,TeamExclusive,20250913-UofSanDiego-Private-2,bc5f6500-90c9-11f0-b482-5d1185df5079,High,High,High
152,9/13/2025,47:50.3,,,"Bunnell, Jack",813673.0,Right,SAN_DIE8,"Bunnell, Jack",813673,Right,SAN_DIE8,1,Top,0,0,0,Undefined,Four-Seam,Undefined,Undefined,Undefined,Undefined,82.53867,1906.213625,181.432443,5.75235,2.04217,6.6033,21.99757,0.51118,-3.606015,-1.811136,4.26365,0.33983,,,,,TeamExclusive,20250913-UofSanDiego-Private-2,c4a72540-90c9-11f0-b482-5d1185df5079,High,High,High
153,9/13/2025,48:20.6,,,"Bunnell, Jack",813673.0,Right,SAN_DIE8,"Bunnell, Jack",813673,Right,SAN_DIE8,1,Top,0,0,0,Undefined,Cutter,Undefined,Undefined,Undefined,Undefined,84.29399,2083.153644,175.724935,5.55166,1.84989,7.0414,21.62844,-1.51114,-5.349148,-3.180865,2.28575,-0.91687,,,,,TeamExclusive,20250913-UofSanDiego-Private-2,d6b2e580-90c9-11f0-b482-5d1185df5079,High,High,High
154,9/13/2025,48:42.9,,,"Bunnell, Jack",813673.0,Right,SAN_DIE8,"Bunnell, Jack",813673,Right,SAN_DIE8,1,Top,0,0,0,Undefined,Changeup,Undefined,Undefined,Undefined,Undefined,84.49006,2057.035091,205.838361,5.42945,1.88533,7.0338,16.86595,7.51268,-6.878317,-2.33999,1.11749,-0.86798,,,,,TeamExclusive,20250913-UofSanDiego-Private-2,e3f3fe50-90c9-11f0-b482-5d1185df5079,High,High,High
155,9/13/2025,48:57.1,,,"Bunnell, Jack",813673.0,Right,SAN_DIE8,"Bunnell, Jack",813673,Right,SAN_DIE8,1,Top,0,0,0,Undefined,Changeup,Undefined,Undefined,Undefined,Undefined,83.88586,1939.895998,201.27007,5.7215,1.80997,6.80615,16.57363,5.89614,-5.586475,-0.862318,2.69996,0.53161,63.74423,29.901765,-166.218209,,TeamExclusive,20250913-UofSanDiego-Private-2,ec72d420-90c9-11f0-b482-5d1185df5079,High,High,High
156,9/13/2025,49:20.9,,,"Bunnell, Jack",813673.0,Right,SAN_DIE8,"Bunnell, Jack",813673,Right,SAN_DIE8,1,Top,0,0,0,Undefined,Curveball,Undefined,Undefined,Undefined,Undefined,72.71123,1840.252635,74.141206,5.59077,1.37663,6.14287,-3.18744,-19.1008,-7.824577,-3.860461,3.48486,-0.60077,,,,,TeamExclusive,20250913-UofSanDiego-Private-2,fa97e450-90c9-11f0-b482-5d1185df5079,High,High,High
157,9/13/2025,49:37.1,,,"Bunnell, Jack",813673.0,Right,SAN_DIE8,"Bunnell, Jack",813673,Right,SAN_DIE8,1,Top,0,0,0,Undefined,Four-Seam,Undefined,Undefined,Undefined,Undefined,83.80545,1874.375999,201.098761,5.7247,1.68549,6.95648,14.59233,5.08,-5.687176,-1.057684,2.78089,0.29948,82.25371,57.066108,-14.777574,201.24615,TeamExclusive,20250913-UofSanDiego-Private-2,045a36a0-90ca-11f0-b482-5d1185df5079,High,High,High
158,9/13/2025,50:11.6,,,"Bunnell, Jack",813673.0,Right,SAN_DIE8,"Bunnell, Jack",813673,Right,SAN_DIE8,1,Top,0,0,0,Undefined,Four-Seam,Undefined,Undefined,Undefined,Undefined,83.29497,2039.684373,193.367135,5.62869,1.33349,7.16934,17.16792,3.7411,-6.397474,-2.682899,1.84593,-1.41148,,,,,TeamExclusive,20250913-UofSanDiego-Private-2,18dcea50-90ca-11f0-b482-5d1185df5079,High,High,High
159,9/13/2025,50:26.0,,,"Bunnell, Jack",813673.0,Right,SAN_DIE8,"Bunnell, Jack",813673,Right,SAN_DIE8,1,Top,0,0,0,Undefined,Four-Seam,Undefined,Undefined,Undefined,Undefined,84.01905,1980.381696,191.368545,5.49156,1.36499,7.02901,17.15678,3.15264,-7.057471,-2.74998,1.07221,-1.39868,,,,,TeamExclusive,20250913-UofSanDiego-Private-2,216f2110-90ca-11f0-b482-5d1185df5079,High,High,High
160,9/13/2025,50:44.4,,,"Bunnell, Jack",813673.0,Right,SAN_DIE8,"Bunnell, Jack",813673,Right,SAN_DIE8,1,Top,0,0,0,Undefined,Curveball,Undefined,Undefined,Undefined,Undefined,71.10749,1693.903192,51.10192,5.43815,1.28537,6.56681,-7.8367,-12.1965,-10.861487,-4.813894,0.93912,-2.11201,,,,,TeamExclusive,20250913-UofSanDiego-Private-2,2c767680-90ca-11f0-b482-5d1185df5079,High,High,High
161,9/13/2025,51:00.2,,,"Bunnell, Jack",813673.0,Right,SAN_DIE8,"Bunnell, Jack",813673,Right,SAN_DIE8,1,Top,0,0,0,Undefined,Cutter,Undefined,Undefined,Undefined,Undefined,83.20307,1945.760922,174.895253,5.72367,1.21112,7.19556,17.34273,-1.4237,-5.70865,-3.466858,2.55852,-1.8142,64.03353,4.490738,11.742991,69.23257,TeamExclusive,20250913-UofSanDiego-Private-2,35d57320-90ca-11f0-b482-5d1185df5079,High,High,High
162,9/13/2025,51:30.8,,,"Bunnell, Jack",813673.0,Right,SAN_DIE8,"Bunnell, Jack",813673,Right,SAN_DIE8,1,Top,0,0,0,Undefined,Curveball,Undefined,Undefined,Undefined,Undefined,69.72419,1667.747796,42.653826,5.49402,1.21469,6.42019,-8.36016,-9.44693,-11.18491,-3.425907,0.84728,-1.14421,,,,,TeamExclusive,20250913-UofSanDiego-Private-2,48236c80-90ca-11f0-b482-5d1185df5079,High,High,High
163,9/13/2025,51:54.4,,,"Bunnell, Jack",813673.0,Right,SAN_DIE8,"Bunnell, Jack",813673,Right,SAN_DIE8,1,Top,0,0,0,Undefined,Four-Seam,Undefined,Undefined,Undefined,Undefined,84.76197,2097.051877,195.078701,5.7101,1.16913,7.16249,20.32454,5.12111,-6.359036,-2.646904,1.55362,-1.65817,,,,,TeamExclusive,20250913-UofSanDiego-Private-2,56200d20-90ca-11f0-b482-5d1185df5079,High,High,High
164,9/13/2025,52:12.2,,,"Bunnell, Jack",813673.0,Right,SAN_DIE8,"Bunnell, Jack",813673,Right,SAN_DIE8,1,Top,0,0,0,Undefined,Four-Seam,Undefined,Undefined,Undefined,Undefined,82.86973,1917.848357,182.049424,5.57312,1.18737,7.37458,18.98332,0.63075,-7.030041,-2.492959,1.05781,-1.11696,,,,,TeamExclusive,20250913-UofSanDiego-Private-2,60cb38d0-90ca-11f0-b482-5d1185df5079,High,High,High
165,9/13/2025,52:28.1,,,"Bunnell, Jack",813673.0,Right,SAN_DIE8,"Bunnell, Jack",813673,Right,SAN_DIE8,1,Top,0,0,0,Undefined,Changeup,Undefined,Undefined,Undefined,Undefined,82.06522,1950.212208,195.319876,5.77765,0.94375,6.93775,21.38619,5.4539,-5.055749,-1.045769,2.98777,-0.46252,63.43691,21.671142,161.463793,136.22118,TeamExclusive,20250913-UofSanDiego-Private-2,6a3001d0-90ca-11f0-b482-5d1185df5079,High,High,High
166,9/13/2025,52:49.8,,,"Bunnell, Jack",813673.0,Right,SAN_DIE8,"Bunnell, Jack",813673,Right,SAN_DIE8,1,Top,0,0,0,Undefined,Four-Seam,Undefined,Undefined,Undefined,Undefined,83.02378,2034.997322,190.880575,5.70396,0.91724,7.27627,20.11092,3.57536,-7.570815,-1.522749,0.64793,-0.75836,,,,,TeamExclusive,20250913-UofSanDiego-Private-2,772f0890-90ca-11f0-b482-5d1185df5079,High,High,High
167,9/13/2025,53:24.8,,,"Bunnell, Jack",813673.0,Right,SAN_DIE8,"Bunnell, Jack",813673,Right,SAN_DIE8,1,Top,0,0,0,Undefined,Curveball,Undefined,Undefined,Undefined,Undefined,68.96103,1772.678005,47.469374,5.37912,1.75226,6.07493,-10.19402,-13.42186,-9.018096,0.124059,3.13398,2.98511,,,,,TeamExclusive,20250913-UofSanDiego-Private-2,8c114160-90ca-11f0-b482-5d1185df5079,High,High,High
168,9/13/2025,53:49.8,,,"Bunnell, Jack",813673.0,Right,SAN_DIE8,"Bunnell, Jack",813673,Right,SAN_DIE8,1,Top,0,0,0,Undefined,Changeup,Undefined,Undefined,Undefined,Undefined,81.35452,1895.959863,184.968007,5.68617,0.75675,7.23912,16.56757,1.32083,-6.738766,-1.929412,1.75703,-1.10026,,,,,TeamExclusive,20250913-UofSanDiego-Private-2,9aea8660-90ca-11f0-b482-5d1185df5079,High,High,High
169,9/13/2025,54:07.6,,,"Bunnell, Jack",813673.0,Right,SAN_DIE8,"Bunnell, Jack",813673,Right,SAN_DIE8,1,Top,0,0,0,Undefined,Four-Seam,Undefined,Undefined,Undefined,Undefined,83.73078,2103.842975,199.012967,5.60686,0.99678,7.25715,19.58989,6.32107,-6.26515,-1.932882,1.63788,-1.27913,,,,,TeamExclusive,20250913-UofSanDiego-Private-2,a5873320-90ca-11f0-b482-5d1185df5079,High,High,High
170,9/13/2025,54:30.2,,,"Bunnell, Jack",813673.0,Right,SAN_DIE8,"Bunnell, Jack",813673,Right,SAN_DIE8,1,Top,0,0,0,Undefined,Curveball,Undefined,Undefined,Undefined,Undefined,68.33381,1768.104931,34.466074,5.58363,0.94348,6.08452,-10.90268,-8.90556,-10.83058,-3.421726,1.73851,-1.47893,,,,,TeamExclusive,20250913-UofSanDiego-Private-2,b2ffd6b0-90ca-11f0-b482-5d1185df5079,High,High,High
171,9/13/2025,55:23.1,,,"Bunnell, Jack",813673.0,Right,SAN_DIE8,"Bunnell, Jack",813673,Right,SAN_DIE8,1,Top,0,0,0,Undefined,Four-Seam,Undefined,Undefined,Undefined,Undefined,84.81799,2125.546883,199.303856,5.55539,1.75238,7.23158,19.87749,6.51473,-5.633911,-0.240992,2.08197,0.99142,,,,,TeamExclusive,20250913-UofSanDiego-Private-2,d2894390-90ca-11f0-b482-5d1185df5079,High,High,High
172,9/13/2025,55:39.6,,,"Bunnell, Jack",813673.0,Right,SAN_DIE8,"Bunnell, Jack",813673,Right,SAN_DIE8,1,Top,0,0,0,Undefined,Changeup,Undefined,Undefined,Undefined,Undefined,82.1914,2015.612895,198.127207,5.47968,1.57401,7.17494,14.95087,4.44634,-5.413257,-1.341578,2.84459,-0.01242,81.34707,49.482841,9.439045,234.11965,TeamExclusive,20250913-UofSanDiego-Private-2,dc5be990-90ca-11f0-b482-5d1185df5079,High,High,High
173,9/13/2025,56:28.5,,,"Bunnell, Jack",813673.0,Right,SAN_DIE8,"Bunnell, Jack",813673,Right,SAN_DIE8,1,Top,0,0,0,Undefined,Changeup,Undefined,Undefined,Undefined,Undefined,81.85805,1515.749676,193.962383,6.2441,1.58081,6.22053,16.72993,3.77173,-5.493093,-1.76757,3.50848,-0.3651,,,,,TeamExclusive,20250913-UofSanDiego-Private-2,f9880580-90ca-11f0-b482-5d1185df5079,High,High,High
174,9/13/2025,56:37.1,,,"Bunnell, Jack",813673.0,Right,SAN_DIE8,"Bunnell, Jack",813673,Right,SAN_DIE8,1,Top,0,0,0,Undefined,Changeup,Undefined,Undefined,Undefined,Undefined,83.11915,1657.091866,197.420185,6.114,1.58762,6.10226,18.27686,5.26461,-2.990139,-3.553153,5.48293,-2.1405,,,,,TeamExclusive,20250913-UofSanDiego-Private-2,fe85a3d0-90ca-11f0-b482-5d1185df5079,High,High,High
175,9/13/2025,56:47.4,,,"Bunnell, Jack",813673.0,Right,SAN_DIE8,"Bunnell, Jack",813673,Right,SAN_DIE8,1,Top,0,0,0,Undefined,Changeup,Undefined,Undefined,Undefined,Undefined,82.9812,1635.29629,197.264117,6.10993,1.29441,5.87511,17.92954,5.12748,-4.073195,-2.036029,4.47987,-1.02428,,,,,TeamExclusive,20250913-UofSanDiego-Private-2,04b2e880-90cb-11f0-b482-5d1185df5079,High,High,High
176,9/13/2025,56:56.8,,,"Bunnell, Jack",813673.0,Right,SAN_DIE8,"Bunnell, Jack",813673,Right,SAN_DIE8,1,Top,0,0,0,Undefined,Curveball,Undefined,Undefined,Undefined,Undefined,69.5789,2026.275361,32.535041,5.96095,1.37363,5.45078,-8.5902,-6.78937,-13.239165,-4.257659,-0.61931,-2.04595,,,,,TeamExclusive,20250913-UofSanDiego-Private-2,0a6b2440-90cb-11f0-b482-5d1185df5079,High,High,High
177,9/13/2025,57:10.6,,,"Bunnell, Jack",813673.0,Right,SAN_DIE8,"Bunnell, Jack",813673,Right,SAN_DIE8,1,Top,0,0,0,Undefined,Curveball,Undefined,Undefined,Undefined,Undefined,69.43832,2017.064731,54.503177,5.95011,1.61385,5.67543,-4.23209,-9.12752,-12.375327,-4.787376,-0.04076,-2.08991,,,,,TeamExclusive,20250913-UofSanDiego-Private-2,12a68870-90cb-11f0-b482-5d1185df5079,High,High,High
178,9/13/2025,57:20.4,,,"Bunnell, Jack",813673.0,Right,SAN_DIE8,"Bunnell, Jack",813673,Right,SAN_DIE8,1,Top,0,0,0,Undefined,Changeup,Undefined,Undefined,Undefined,Undefined,82.89794,1713.678229,202.976057,6.02226,1.31717,6.03778,16.69674,6.37737,-5.799255,-2.905838,2.96922,-1.90707,,,,,TeamExclusive,20250913-UofSanDiego-Private-2,18758080-90cb-11f0-b482-5d1185df5079,High,High,High
179,9/13/2025,57:29.9,,,"Bunnell, Jack",813673.0,Right,SAN_DIE8,"Bunnell, Jack",813673,Right,SAN_DIE8,1,Top,0,0,0,Undefined,Changeup,Undefined,Undefined,Undefined,Undefined,83.25864,1857.969926,200.088081,6.15976,1.89973,5.71931,19.84635,6.6717,-5.526075,-0.410195,3.05284,0.96169,,,,,TeamExclusive,20250913-UofSanDiego-Private-2,1e249480-90cb-11f0-b482-5d1185df5079,High,High,High
180,9/13/2025,57:57.3,,,"Bunnell, Jack",813673.0,Right,SAN_DIE8,"Bunnell, Jack",813673,Right,SAN_DIE8,1,Top,0,0,0,Undefined,Changeup,Undefined,Undefined,Undefined,Undefined,85.25656,1782.970514,203.826307,6.0322,1.31338,6.19128,17.02717,6.88351,-5.623103,-2.805465,2.85845,-1.85219,,,,,TeamExclusive,20250913-UofSanDiego-Private-2,2e77a840-90cb-11f0-b482-5d1185df5079,High,High,High
181,9/13/2025,58:10.1,,,"Bunnell, Jack",813673.0,Right,SAN_DIE8,"Bunnell, Jack",813673,Right,SAN_DIE8,1,Top,0,0,0,Undefined,Changeup,Undefined,Undefined,Undefined,Undefined,86.85749,1885.707819,205.194558,6.05709,1.45333,6.13697,18.60509,8.07945,-5.571282,-2.046482,2.69143,-1.1117,,,,,TeamExclusive,20250913-UofSanDiego-Private-2,3600fa80-90cb-11f0-b482-5d1185df5079,High,High,High
182,9/13/2025,58:23.6,,,"Bunnell, Jack",813673.0,Right,SAN_DIE8,"Bunnell, Jack",813673,Right,SAN_DIE8,1,Top,0,0,0,Undefined,Curveball,Undefined,Undefined,Undefined,Undefined,70.94666,1967.060218,30.672635,5.95884,1.31124,5.4979,-8.16575,-6.03981,-11.582179,-2.019228,0.78221,-0.07045,,,,,TeamExclusive,20250913-UofSanDiego-Private-2,3e261790-90cb-11f0-b482-5d1185df5079,High,High,High
183,9/13/2025,58:38.4,,,"Bunnell, Jack",813673.0,Right,SAN_DIE8,"Bunnell, Jack",813673,Right,SAN_DIE8,1,Top,0,0,0,Undefined,Changeup,Undefined,Undefined,Undefined,Undefined,86.66102,1782.583032,206.134513,5.95914,1.32677,6.07858,20.02851,9.11371,-5.070319,-1.896854,2.96551,-1.1875,74.22674,25.339022,41.224414,222.46476,TeamExclusive,20250913-UofSanDiego-Private-2,46f3d0b0-90cb-11f0-b482-5d1185df5079,High,High,High
184,9/13/2025,58:55.5,,,"Bunnell, Jack",813673.0,Right,SAN_DIE8,"Bunnell, Jack",813673,Right,SAN_DIE8,1,Top,0,0,0,Undefined,Four-Seam,Undefined,Undefined,Undefined,Undefined,85.89553,1859.536839,195.047369,6.02636,1.38605,5.90417,17.26473,4.21736,-5.4223,-3.122468,3.03942,-1.86681,,,,,TeamExclusive,20250913-UofSanDiego-Private-2,5105c9a0-90cb-11f0-b482-5d1185df5079,High,High,High
185,9/13/2025,59:19.6,,,"Bunnell, Jack",813673.0,Right,SAN_DIE8,"Bunnell, Jack",813673,Right,SAN_DIE8,1,Top,0,0,0,Undefined,Four-Seam,Undefined,Undefined,Undefined,Undefined,85.42454,1981.512939,201.937508,6.06703,1.61004,5.82679,18.18202,6.71118,-6.072904,1.621467,2.39508,2.55803,,,,,TeamExclusive,20250913-UofSanDiego-Private-2,5f648770-90cb-11f0-b482-5d1185df5079,High,High,High
186,9/13/2025,59:30.3,,,"Bunnell, Jack",813673.0,Right,SAN_DIE8,"Bunnell, Jack",813673,Right,SAN_DIE8,1,Top,0,0,0,Undefined,Four-Seam,Undefined,Undefined,Undefined,Undefined,85.30193,1963.832818,199.164059,5.99988,1.29696,5.78074,18.31103,5.83205,-5.72006,-0.349289,2.66351,0.48586,95.141,22.435965,-9.806388,312.27199,TeamExclusive,20250913-UofSanDiego-Private-2,65dcb7d0-90cb-11f0-b482-5d1185df5079,High,High,High
187,9/13/2025,00:02.0,,,"Bunnell, Jack",813673.0,Right,SAN_DIE8,"Bunnell, Jack",813673,Right,SAN_DIE8,1,Top,0,0,0,Undefined,Changeup,Undefined,Undefined,Undefined,Undefined,76.27679,1565.158906,195.815441,5.8311,1.74633,5.91085,13.01426,3.18717,-4.802844,0.882642,4.63476,2.30038,,,,,TeamExclusive,20250913-UofSanDiego-Private-2,78adc3e0-90cb-11f0-b482-5d1185df5079,High,High,High
188,9/13/2025,00:12.5,,,"Bunnell, Jack",813673.0,Right,SAN_DIE8,"Bunnell, Jack",813673,Right,SAN_DIE8,1,Top,0,0,0,Undefined,Four-Seam,Undefined,Undefined,Undefined,Undefined,85.98163,1930.267303,196.997427,5.94136,1.48551,5.87816,18.49729,5.20575,-2.855455,0.035078,5.20986,1.0847,,,,,TeamExclusive,20250913-UofSanDiego-Private-2,7eef2cd0-90cb-11f0-b482-5d1185df5079,High,High,High
189,9/13/2025,00:24.2,,,"Bunnell, Jack",813673.0,Right,SAN_DIE8,"Bunnell, Jack",813673,Right,SAN_DIE8,1,Top,0,0,0,Undefined,Four-Seam,Undefined,Undefined,Undefined,Undefined,83.43402,1857.789968,194.675013,5.91276,1.65647,6.16968,16.03343,3.80965,-6.825967,-1.345532,1.83919,0.09561,93.76476,-10.830795,20.648955,14.18427,TeamExclusive,20250913-UofSanDiego-Private-2,860300f0-90cb-11f0-b482-5d1185df5079,High,High,High
190,9/13/2025,00:49.4,,,"Bunnell, Jack",813673.0,Right,SAN_DIE8,"Bunnell, Jack",813673,Right,SAN_DIE8,1,Top,0,0,0,Undefined,Curveball,Undefined,Undefined,Undefined,Undefined,69.03548,1897.198251,53.734348,5.78736,1.64825,5.48804,-2.91992,-6.69126,-9.192922,-1.964615,2.69399,0.36853,,,,,TeamExclusive,20250913-UofSanDiego-Private-2,9517ef60-90cb-11f0-b482-5d1185df5079,High,High,High
191,9/13/2025,01:00.6,,,"Bunnell, Jack",813673.0,Right,SAN_DIE8,"Bunnell, Jack",813673,Right,SAN_DIE8,1,Top,0,0,0,Undefined,Curveball,Undefined,Undefined,Undefined,Undefined,70.99476,1747.925172,61.623894,5.78715,1.63351,5.56665,-0.55547,-4.76981,-9.453387,-1.288586,2.00565,0.82865,81.8812,-8.734226,-53.547082,14.66194,TeamExclusive,20250913-UofSanDiego-Private-2,9bb708b0-90cb-11f0-b482-5d1185df5079,High,High,High
192,9/13/2025,01:18.8,,,"Bunnell, Jack",813673.0,Right,SAN_DIE8,"Bunnell, Jack",813673,Right,SAN_DIE8,1,Top,0,0,0,Undefined,Changeup,Undefined,Undefined,Undefined,Undefined,78.61173,1841.741192,220.657547,5.78837,1.54926,6.38922,17.95277,14.01438,-8.514174,-2.07204,0.40548,-1.52524,,,,,TeamExclusive,20250913-UofSanDiego-Private-2,a687e4d0-90cb-11f0-b482-5d1185df5079,High,High,High
193,9/13/2025,01:31.7,,,"Bunnell, Jack",813673.0,Right,SAN_DIE8,"Bunnell, Jack",813673,Right,SAN_DIE8,1,Top,0,0,0,Undefined,Changeup,Undefined,Undefined,Undefined,Undefined,86.99423,1859.845904,202.945588,5.90251,1.53431,5.91765,19.44355,7.6665,-4.279373,-1.796579,3.63223,-0.77171,70.5951,9.441202,172.489836,79.22292,TeamExclusive,20250913-UofSanDiego-Private-2,ae3ab810-90cb-11f0-b482-5d1185df5079,High,High,High
194,9/13/2025,01:45.6,,,"Bunnell, Jack",813673.0,Right,SAN_DIE8,"Bunnell, Jack",813673,Right,SAN_DIE8,1,Top,0,0,0,Undefined,Curveball,Undefined,Undefined,Undefined,Undefined,71.4137,1969.975882,58.672854,5.88547,1.47313,5.62839,-4.09571,-10.06902,-9.032827,-3.13113,2.76864,-0.60926,95.02124,7.443994,-23.580318,129.63865,TeamExclusive,20250913-UofSanDiego-Private-2,b68adcc0-90cb-11f0-b482-5d1185df5079,High,High,High
195,9/13/2025,02:13.2,,,"Bunnell, Jack",813673.0,Right,SAN_DIE8,"Bunnell, Jack",813673,Right,SAN_DIE8,1,Top,0,0,0,Undefined,Changeup,Undefined,Undefined,Undefined,Undefined,84.45951,1854.358379,215.676101,5.9934,1.54622,5.99695,16.38339,10.69075,-4.513523,0.415298,3.99318,1.04062,,,,,TeamExclusive,20250913-UofSanDiego-Private-2,c6d95ca0-90cb-11f0-b482-5d1185df5079,High,High,High
196,9/13/2025,02:27.6,,,"Bunnell, Jack",813673.0,Right,SAN_DIE8,"Bunnell, Jack",813673,Right,SAN_DIE8,1,Top,0,0,0,Undefined,Curveball,Undefined,Undefined,Undefined,Undefined,70.02498,1938.412035,47.517105,5.72383,1.60893,5.6538,-6.7115,-9.52977,-11.850291,-3.752914,0.27699,-1.09365,,,,,TeamExclusive,20250913-UofSanDiego-Private-2,cfa84e40-90cb-11f0-b482-5d1185df5079,High,High,High
197,9/13/2025,02:53.3,,,"Bunnell, Jack",813673.0,Right,SAN_DIE8,"Bunnell, Jack",813673,Right,SAN_DIE8,1,Top,0,0,0,Undefined,Changeup,Undefined,Undefined,Undefined,Undefined,83.91509,1813.475655,214.744067,5.8916,1.51882,6.07954,16.18879,10.2091,-4.636373,-1.437237,3.82008,-0.66086,,,,,TeamExclusive,20250913-UofSanDiego-Private-2,debf86a0-90cb-11f0-b482-5d1185df5079,High,High,High
198,9/13/2025,03:05.8,,,"Bunnell, Jack",813673.0,Right,SAN_DIE8,"Bunnell, Jack",813673,Right,SAN_DIE8,1,Top,0,0,0,Undefined,Four-Seam,Undefined,Undefined,Undefined,Undefined,85.36375,2048.105993,214.886499,5.91798,1.61552,5.95637,20.73399,13.41434,-5.451492,-0.528926,2.61113,0.00836,64.54343,51.487661,119.01439,,TeamExclusive,20250913-UofSanDiego-Private-2,e6483ca0-90cb-11f0-b482-5d1185df5079,High,High,High
199,9/13/2025,03:24.9,,,"Bunnell, Jack",813673.0,Right,SAN_DIE8,"Bunnell, Jack",813673,Right,SAN_DIE8,1,Top,0,0,0,Undefined,Changeup,Undefined,Undefined,Undefined,Undefined,83.62362,1843.084036,216.056104,5.72956,1.82356,6.06553,17.33891,11.56776,-5.631131,-0.568488,2.64033,0.33389,60.67635,39.477876,153.738782,,TeamExclusive,20250913-UofSanDiego-Private-2,f1bb7340-90cb-11f0-b482-5d1185df5079,High,High,High
200,9/13/2025,03:45.1,,,"Bunnell, Jack",813673.0,Right,SAN_DIE8,"Bunnell, Jack",813673,Right,SAN_DIE8,1,Top,0,0,0,Undefined,Changeup,Undefined,Undefined,Undefined,Undefined,86.86432,1795.163071,222.590327,6.08246,1.3171,5.79327,15.508,12.86824,-5.946633,-0.226519,2.65787,0.03411,96.43484,22.90745,-25.366796,320.21866,TeamExclusive,20250913-UofSanDiego-Private-2,fdb65070-90cb-11f0-b482-5d1185df5079,High,High,High
201,9/13/2025,04:39.5,,,"Bunnell, Jack",813673.0,Right,SAN_DIE8,"Bunnell, Jack",813673,Right,SAN_DIE8,1,Top,0,0,0,Undefined,Four-Seam,Undefined,Undefined,Undefined,Undefined,83.41981,2154.047266,201.168155,6.21387,1.25677,5.90488,18.2532,6.45374,-7.307608,-1.712185,1.53936,-0.87125,,,,,TeamExclusive,20250913-UofSanDiego-Private-2,1e284890-90cc-11f0-b482-5d1185df5079,High,High,High
202,9/13/2025,04:53.3,,,"Bunnell, Jack",813673.0,Right,SAN_DIE8,"Bunnell, Jack",813673,Right,SAN_DIE8,1,Top,0,0,0,Undefined,Four-Seam,Undefined,Undefined,Undefined,Undefined,83.65203,2160.545753,197.317871,6.04566,1.47289,5.96805,22.74647,6.60115,-7.622656,-0.925551,0.67448,0.06449,,,,,TeamExclusive,20250913-UofSanDiego-Private-2,2665f6b0-90cc-11f0-b482-5d1185df5079,High,High,High
203,9/13/2025,05:08.6,,,"Bunnell, Jack",813673.0,Right,SAN_DIE8,"Bunnell, Jack",813673,Right,SAN_DIE8,1,Top,0,0,0,Undefined,Curveball,Undefined,Undefined,Undefined,Undefined,72.95987,2338.269821,35.083539,6.10574,1.4558,5.40291,-8.61961,-7.32996,-11.063126,-2.418388,1.14891,-0.19551,,,,,TeamExclusive,20250913-UofSanDiego-Private-2,2f85a060-90cc-11f0-b482-5d1185df5079,High,High,High
204,9/13/2025,05:23.6,,,"Bunnell, Jack",813673.0,Right,SAN_DIE8,"Bunnell, Jack",813673,Right,SAN_DIE8,1,Top,0,0,0,Undefined,Curveball,Undefined,Undefined,Undefined,Undefined,71.46624,1937.490634,262.64258,5.98817,1.25453,5.89132,2.95193,7.10603,-10.083949,0.338629,1.25483,0.97373,,,,,TeamExclusive,20250913-UofSanDiego-Private-2,38834320-90cc-11f0-b482-5d1185df5079,High,High,High
205,9/13/2025,05:36.1,,,"Bunnell, Jack",813673.0,Right,SAN_DIE8,"Bunnell, Jack",813673,Right,SAN_DIE8,1,Top,0,0,0,Undefined,Changeup,Undefined,Undefined,Undefined,Undefined,78.05322,2019.507677,226.379613,6.11561,1.73846,5.81125,12.93268,11.84737,-6.537971,0.46756,3.0727,1.18533,,,,,TeamExclusive,20250913-UofSanDiego-Private-2,3fee37f0-90cc-11f0-b482-5d1185df5079,High,High,High
206,9/13/2025,06:10.7,,,"Bunnell, Jack",813673.0,Right,SAN_DIE8,"Bunnell, Jack",813673,Right,SAN_DIE8,1,Top,0,0,0,Undefined,Four-Seam,Undefined,Undefined,Undefined,Undefined,86.5628,2260.935449,208.909187,6.20354,1.12281,6.08439,16.29926,8.24808,-5.923641,-0.57801,2.6918,-0.09943,86.67715,-20.493397,-13.626267,9.14684,TeamExclusive,20250913-UofSanDiego-Private-2,547de3f0-90cc-11f0-b482-5d1185df5079,High,High,High
207,9/13/2025,06:45.6,,,"Bunnell, Jack",813673.0,Right,SAN_DIE8,"Bunnell, Jack",813673,Right,SAN_DIE8,1,Top,0,0,0,Undefined,Four-Seam,Undefined,Undefined,Undefined,Undefined,87.29321,2157.995805,218.322548,6.13847,1.32365,5.99999,12.73898,9.05359,-6.56719,1.032405,2.24264,1.5247,,,,,TeamExclusive,20250913-UofSanDiego-Private-2,69395ae0-90cc-11f0-b482-5d1185df5079,High,High,High
208,9/13/2025,07:02.3,,,"Bunnell, Jack",813673.0,Right,SAN_DIE8,"Bunnell, Jack",813673,Right,SAN_DIE8,1,Top,0,0,0,Undefined,Four-Seam,Undefined,Undefined,Undefined,Undefined,87.52212,2152.071368,187.425415,6.21697,1.07269,6.01282,19.96025,2.42894,-5.7024,-0.366361,2.52653,0.53084,64.28396,41.596019,-121.515443,,TeamExclusive,20250913-UofSanDiego-Private-2,734c1720-90cc-11f0-b482-5d1185df5079,High,High,High
209,9/13/2025,07:22.2,,,"Bunnell, Jack",813673.0,Right,SAN_DIE8,"Bunnell, Jack",813673,Right,SAN_DIE8,1,Top,0,0,0,Undefined,Changeup,Undefined,Undefined,Undefined,Undefined,79.64038,1833.083441,245.933316,6.08982,1.35726,6.33827,8.36993,14.978,-5.603653,2.566936,4.18355,2.47281,,,,,TeamExclusive,20250913-UofSanDiego-Private-2,7f14c0c0-90cc-11f0-b482-5d1185df5079,High,High,High
210,9/13/2025,07:39.2,,,"Bunnell, Jack",813673.0,Right,SAN_DIE8,"Bunnell, Jack",813673,Right,SAN_DIE8,1,Top,0,0,0,Undefined,Four-Seam,Undefined,Undefined,Undefined,Undefined,87.51082,2349.113269,193.176456,6.21324,1.09908,5.95268,15.38272,3.3137,-5.413052,-0.996873,3.14179,-0.10182,66.24362,68.496245,-127.084916,,TeamExclusive,20250913-UofSanDiego-Private-2,894453d0-90cc-11f0-b482-5d1185df5079,High,High,High
211,9/13/2025,08:00.1,,,"Bunnell, Jack",813673.0,Right,SAN_DIE8,"Bunnell, Jack",813673,Right,SAN_DIE8,1,Top,0,0,0,Undefined,Four-Seam,Undefined,Undefined,Undefined,Undefined,88.41192,2267.530143,215.785702,6.09251,1.06046,6.0605,13.74339,8.99461,-6.248228,0.855425,2.33559,1.10178,92.56364,17.305845,-39.476424,229.68929,TeamExclusive,20250913-UofSanDiego-Private-2,95bfaba0-90cc-11f0-b482-5d1185df5079,High,High,High
212,9/13/2025,08:36.0,,,"Bunnell, Jack",813673.0,Right,SAN_DIE8,"Bunnell, Jack",813673,Right,SAN_DIE8,1,Top,0,0,0,Undefined,Changeup,Undefined,Undefined,Undefined,Undefined,74.95879,1335.750957,217.138942,6.11959,1.04604,5.49781,8.57311,4.90985,-6.044871,1.986815,4.41179,2.49621,,,,,TeamExclusive,20250913-UofSanDiego-Private-2,ab0d7780-90cc-11f0-b482-5d1185df5079,High,High,High
213,9/13/2025,08:55.4,,,"Bunnell, Jack",813673.0,Right,SAN_DIE8,"Bunnell, Jack",813673,Right,SAN_DIE8,1,Top,0,0,0,Undefined,Four-Seam,Undefined,Undefined,Undefined,Undefined,88.10475,2335.791094,196.990628,6.16733,1.02673,6.09093,18.18714,5.14319,-6.501701,-1.67114,1.8545,-0.94829,,,,,TeamExclusive,20250913-UofSanDiego-Private-2,b6b7eac0-90cc-11f0-b482-5d1185df5079,High,High,High
214,9/13/2025,09:22.7,,,"Bunnell, Jack",813673.0,Right,SAN_DIE8,"Bunnell, Jack",813673,Right,SAN_DIE8,1,Top,0,0,0,Undefined,Four-Seam,Undefined,Undefined,Undefined,Undefined,87.7056,2305.32363,201.576981,6.21553,1.0861,5.981,18.72836,6.85717,-5.802513,0.278405,2.55085,0.77258,56.68275,57.09633,120.510371,,TeamExclusive,20250913-UofSanDiego-Private-2,c6f26d70-90cc-11f0-b482-5d1185df5079,High,High,High
215,9/13/2025,09:41.1,,,"Bunnell, Jack",813673.0,Right,SAN_DIE8,"Bunnell, Jack",813673,Right,SAN_DIE8,1,Top,0,0,0,Undefined,Slider,Undefined,Undefined,Undefined,Undefined,86.96448,2335.271129,202.531216,5.98449,0.85589,6.25759,8.0602,2.80984,-9.563441,-0.819013,-0.30559,-0.13469,,,,,TeamExclusive,20250913-UofSanDiego-Private-2,d1ea3280-90cc-11f0-b482-5d1185df5079,High,High,High
216,9/13/2025,10:01.4,,,"Bunnell, Jack",813673.0,Right,SAN_DIE8,"Bunnell, Jack",813673,Right,SAN_DIE8,1,Top,0,0,0,Undefined,Four-Seam,Undefined,Undefined,Undefined,Undefined,86.13944,2197.512809,198.846193,6.26931,0.94763,6.10642,17.55843,5.4726,-6.123997,0.537048,2.55795,0.98787,90.49668,28.675609,-14.503296,316.19456,TeamExclusive,20250913-UofSanDiego-Private-2,de082810-90cc-11f0-b482-5d1185df5079,High,High,High
217,9/13/2025,10:38.4,,,"Bunnell, Jack",813673.0,Right,SAN_DIE8,"Bunnell, Jack",813673,Right,SAN_DIE8,1,Top,0,0,0,Undefined,Four-Seam,Undefined,Undefined,Undefined,Undefined,86.24456,2218.432489,200.749037,6.06527,1.26719,6.20502,13.2345,4.46512,-7.468552,-0.576693,1.4199,0.36202,,,,,TeamExclusive,20250913-UofSanDiego-Private-2,f4183280-90cc-11f0-b482-5d1185df5079,High,High,High
218,9/13/2025,11:16.0,,,"Bunnell, Jack",813673.0,Right,SAN_DIE8,"Bunnell, Jack",813673,Right,SAN_DIE8,1,Top,0,0,0,Undefined,Four-Seam,Undefined,Undefined,Undefined,Undefined,86.06324,2218.933192,195.32122,6.04652,0.75916,6.01027,18.70052,4.69296,-7.352239,0.598806,1.10672,0.92238,,,,,TeamExclusive,20250913-UofSanDiego-Private-2,0a6a9d20-90cd-11f0-b482-5d1185df5079,High,High,High
219,9/13/2025,11:34.3,,,"Bunnell, Jack",813673.0,Right,SAN_DIE8,"Bunnell, Jack",813673,Right,SAN_DIE8,1,Top,0,0,0,Undefined,Four-Seam,Undefined,Undefined,Undefined,Undefined,84.1597,2208.824176,211.072162,6.11727,1.3737,6.17911,16.14383,8.82623,-5.27839,0.687656,3.43833,1.27304,,,,,TeamExclusive,20250913-UofSanDiego-Private-2,154898a0-90cd-11f0-b482-5d1185df5079,High,High,High
220,9/13/2025,11:54.1,,,"Bunnell, Jack",813673.0,Right,SAN_DIE8,"Bunnell, Jack",813673,Right,SAN_DIE8,1,Top,0,0,0,Undefined,Curveball,Undefined,Undefined,Undefined,Undefined,77.29535,2401.245287,47.930502,6.05935,1.42682,5.4278,-8.68599,-11.74784,-10.774421,-2.773194,0.99,-0.18433,,,,,TeamExclusive,20250913-UofSanDiego-Private-2,213b3870-90cd-11f0-b482-5d1185df5079,High,High,High
221,9/13/2025,12:15.7,,,"Bunnell, Jack",813673.0,Right,SAN_DIE8,"Bunnell, Jack",813673,Right,SAN_DIE8,1,Top,0,0,0,Undefined,Curveball,Undefined,Undefined,Undefined,Undefined,76.5457,2476.388738,43.771351,6.07042,1.39948,5.23479,-9.75918,-11.2365,-11.877094,-2.717861,0.10604,-0.20966,,,,,TeamExclusive,20250913-UofSanDiego-Private-2,2e216000-90cd-11f0-b482-5d1185df5079,High,High,High
222,9/13/2025,12:38.3,,,"Bunnell, Jack",813673.0,Right,SAN_DIE8,"Bunnell, Jack",813673,Right,SAN_DIE8,1,Top,0,0,0,Undefined,Four-Seam,Undefined,Undefined,Undefined,Undefined,88.04682,2264.640062,199.715702,6.09908,1.2691,6.17707,17.05902,5.63646,-5.746246,-0.06177,2.58278,0.74214,97.52768,-24.235666,-30.534227,5.95934,TeamExclusive,20250913-UofSanDiego-Private-2,3b9129f0-90cd-11f0-b482-5d1185df5079,High,High,High
223,9/13/2025,13:46.2,,,"Bunnell, Jack",813673.0,Right,SAN_DIE8,"Bunnell, Jack",813673,Right,SAN_DIE8,1,Top,0,0,0,Undefined,Four-Seam,Undefined,Undefined,Undefined,Undefined,86.13799,2207.217112,207.929282,6.1679,1.27057,5.85902,16.66906,8.09937,-6.167792,-1.6508,2.43493,-0.93849,,,,,TeamExclusive,20250913-UofSanDiego-Private-2,6413ccc0-90cd-11f0-b482-5d1185df5079,High,High,High
224,9/13/2025,14:21.5,,,"Bunnell, Jack",813673.0,Right,SAN_DIE8,"Bunnell, Jack",813673,Right,SAN_DIE8,1,Top,0,0,0,Undefined,Four-Seam,Undefined,Undefined,Undefined,Undefined,85.57263,2160.990701,207.528711,6.10839,1.16451,5.82881,16.35221,7.79,-5.683608,0.778948,2.90138,1.23908,,,,,TeamExclusive,20250913-UofSanDiego-Private-2,7910e090-90cd-11f0-b482-5d1185df5079,High,High,High
225,9/13/2025,14:38.5,,,"Bunnell, Jack",813673.0,Right,SAN_DIE8,"Bunnell, Jack",813673,Right,SAN_DIE8,1,Top,0,0,0,Undefined,Four-Seam,Undefined,Undefined,Undefined,Undefined,85.61473,2264.183343,198.510678,6.19939,1.14459,5.79311,19.46119,6.02307,-5.464725,-1.489802,2.96169,-0.74332,84.98454,32.509366,23.892286,273.62789,TeamExclusive,20250913-UofSanDiego-Private-2,832bb320-90cd-11f0-b482-5d1185df5079,High,High,High
226,9/13/2025,15:26.2,,,"Bunnell, Jack",813673.0,Right,SAN_DIE8,"Bunnell, Jack",813673,Right,SAN_DIE8,1,Top,0,0,0,Undefined,Changeup,Undefined,Undefined,Undefined,Undefined,80.20866,1703.481268,206.686809,5.98878,1.72343,5.97074,18.63548,8.46445,-5.23132,-3.064575,3.57697,-1.82476,,,,,TeamExclusive,20250913-UofSanDiego-Private-2,9fa93f90-90cd-11f0-b482-5d1185df5079,High,High,High
227,9/13/2025,15:35.0,,,"Bunnell, Jack",813673.0,Right,SAN_DIE8,"Bunnell, Jack",813673,Right,SAN_DIE8,1,Top,0,0,0,Undefined,Changeup,Undefined,Undefined,Undefined,Undefined,82.54072,1741.244905,207.011601,5.94644,1.54184,5.96193,20.33607,9.47729,-5.464595,-2.86199,2.96667,-1.90268,,,,,TeamExclusive,20250913-UofSanDiego-Private-2,a4e5e2b0-90cd-11f0-b482-5d1185df5079,High,High,High
228,9/13/2025,15:43.9,,,"Bunnell, Jack",813673.0,Right,SAN_DIE8,"Bunnell, Jack",813673,Right,SAN_DIE8,1,Top,0,0,0,Undefined,Curveball,Undefined,Undefined,Undefined,Undefined,70.43889,2072.567172,40.961996,5.97059,1.67057,5.56116,-7.98185,-8.66292,-12.487254,-4.059775,-0.04922,-1.39787,,,,,TeamExclusive,20250913-UofSanDiego-Private-2,aa343910-90cd-11f0-b482-5d1185df5079,High,High,High
229,9/13/2025,15:52.2,,,"Bunnell, Jack",813673.0,Right,SAN_DIE8,"Bunnell, Jack",813673,Right,SAN_DIE8,1,Top,0,0,0,Undefined,Changeup,Undefined,Undefined,Undefined,Undefined,80.50673,1612.993242,207.302388,6.0812,1.48225,5.97046,22.53493,10.72942,-5.822726,-2.86416,2.73774,-2.06775,,,,,TeamExclusive,20250913-UofSanDiego-Private-2,af31d760-90cd-11f0-b482-5d1185df5079,High,High,High
230,9/13/2025,16:01.8,,,"Bunnell, Jack",813673.0,Right,SAN_DIE8,"Bunnell, Jack",813673,Right,SAN_DIE8,1,Top,0,0,0,Undefined,Changeup,Undefined,Undefined,Undefined,Undefined,80.56022,1733.403453,208.123132,5.9879,1.56766,5.96876,20.80009,10.22969,-6.134074,-1.670175,2.45437,-0.83301,,,,,TeamExclusive,20250913-UofSanDiego-Private-2,b4d9bf70-90cd-11f0-b482-5d1185df5079,High,High,High
231,9/13/2025,16:33.0,,,"Bunnell, Jack",813673.0,Right,SAN_DIE8,"Bunnell, Jack",813673,Right,SAN_DIE8,1,Top,0,0,0,Undefined,Changeup,Undefined,Undefined,Undefined,Undefined,77.5089,1593.935477,223.132092,5.71806,1.88969,6.01319,16.15402,13.29619,-8.631211,1.950649,0.5972,2.58576,,,,,TeamExclusive,20250913-UofSanDiego-Private-2,c77eb270-90cd-11f0-b482-5d1185df5079,High,High,High
232,9/13/2025,16:43.7,,,"Bunnell, Jack",813673.0,Right,SAN_DIE8,"Bunnell, Jack",813673,Right,SAN_DIE8,1,Top,0,0,0,Undefined,Changeup,Undefined,Undefined,Undefined,Undefined,85.96116,1824.727522,206.820254,6.03353,1.65597,5.85726,19.84859,9.19205,-3.58685,-0.852903,4.58828,0.0985,,,,,TeamExclusive,20250913-UofSanDiego-Private-2,cdb482a0-90cd-11f0-b482-5d1185df5079,High,High,High
233,9/13/2025,16:56.7,,,"Bunnell, Jack",813673.0,Right,SAN_DIE8,"Bunnell, Jack",813673,Right,SAN_DIE8,1,Top,0,0,0,Undefined,Changeup,Undefined,Undefined,Undefined,Undefined,82.42631,1898.576473,206.551768,5.74068,1.92331,6.08127,20.1617,9.24351,-7.369707,-0.674347,0.9534,0.52879,,,,,TeamExclusive,20250913-UofSanDiego-Private-2,d592aba0-90cd-11f0-b482-5d1185df5079,High,High,High
234,9/13/2025,17:11.0,,,"Bunnell, Jack",813673.0,Right,SAN_DIE8,"Bunnell, Jack",813673,Right,SAN_DIE8,1,Top,0,0,0,Undefined,Changeup,Undefined,Undefined,Undefined,Undefined,84.55739,1726.80686,214.527922,5.78617,1.88344,5.97381,20.23336,12.79083,-7.862851,-0.251665,0.3654,0.58389,,,,,TeamExclusive,20250913-UofSanDiego-Private-2,de168a80-90cd-11f0-b482-5d1185df5079,High,High,High
235,9/13/2025,17:46.6,,,"Bunnell, Jack",813673.0,Right,SAN_DIE8,"Bunnell, Jack",813673,Right,SAN_DIE8,1,Top,0,0,0,Undefined,Changeup,Undefined,Undefined,Undefined,Undefined,84.96126,1844.154804,214.61735,5.72043,1.60911,6.09489,19.83462,12.58367,-6.105323,-1.482085,1.94769,-0.80936,71.54915,61.755051,44.81214,,TeamExclusive,20250913-UofSanDiego-Private-2,f355d770-90cd-11f0-b482-5d1185df5079,High,High,High
236,9/13/2025,18:13.1,,,"Bunnell, Jack",813673.0,Right,SAN_DIE8,"Bunnell, Jack",813673,Right,SAN_DIE8,1,Top,0,0,0,Undefined,Changeup,Undefined,Undefined,Undefined,Undefined,84.75805,1912.028038,209.283788,5.74397,1.12871,5.98458,20.5221,10.49753,-5.054996,-2.261161,2.99819,-1.84146,,,,,TeamExclusive,20250913-UofSanDiego-Private-2,032192c0-90ce-11f0-b482-5d1185df5079,High,High,High
237,9/13/2025,18:26.7,,,"Bunnell, Jack",813673.0,Right,SAN_DIE8,"Bunnell, Jack",813673,Right,SAN_DIE8,1,Top,0,0,0,Undefined,Curveball,Undefined,Undefined,Undefined,Undefined,72.31867,2132.753166,89.604347,5.74449,1.26235,5.56903,1.95925,-11.17225,-7.064015,-4.02436,3.89344,-1.57107,,,,,TeamExclusive,20250913-UofSanDiego-Private-2,0b228600-90ce-11f0-b482-5d1185df5079,High,High,High
238,9/13/2025,18:37.8,,,"Bunnell, Jack",813673.0,Right,SAN_DIE8,"Bunnell, Jack",813673,Right,SAN_DIE8,1,Top,0,0,0,Undefined,Changeup,Undefined,Undefined,Undefined,Undefined,84.631,1956.906509,210.0316,5.78517,1.52319,5.94062,19.27178,10.22638,-3.434621,-3.153271,4.58786,-2.25466,,,,,TeamExclusive,20250913-UofSanDiego-Private-2,11b654b0-90ce-11f0-b482-5d1185df5079,High,High,High
239,9/13/2025,19:03.5,,,"Bunnell, Jack",813673.0,Right,SAN_DIE8,"Bunnell, Jack",813673,Right,SAN_DIE8,1,Top,0,0,0,Undefined,Changeup,Undefined,Undefined,Undefined,Undefined,83.09364,1807.136613,205.756017,5.7861,1.87625,5.99334,17.38147,7.61993,-5.270088,-2.465584,3.13087,-1.04449,89.38143,10.362125,4.21802,221.80592,TeamExclusive,20250913-UofSanDiego-Private-2,212941a0-90ce-11f0-b482-5d1185df5079,High,High,High
240,9/13/2025,20:03.1,,,"Bunnell, Jack",813673.0,Right,SAN_DIE8,"Bunnell, Jack",813673,Right,SAN_DIE8,1,Top,0,0,0,Undefined,Changeup,Undefined,Undefined,Undefined,Undefined,81.41904,1836.846311,197.373081,5.88749,2.05336,5.90193,21.30867,6.14654,-6.889453,-2.548127,1.53097,-0.82586,,,,,TeamExclusive,20250913-UofSanDiego-Private-2,44b60e50-90ce-11f0-b482-5d1185df5079,High,High,High
241,9/13/2025,20:27.4,,,"Bunnell, Jack",813673.0,Right,SAN_DIE8,"Bunnell, Jack",813673,Right,SAN_DIE8,1,Top,0,0,0,Undefined,Changeup,Undefined,Undefined,Undefined,Undefined,83.77285,1838.881084,197.127625,5.85906,1.61551,5.85922,21.14938,6.0352,-5.526409,-3.011314,2.58816,-1.6873,,,,,TeamExclusive,20250913-UofSanDiego-Private-2,53142fe0-90ce-11f0-b482-5d1185df5079,High,High,High
242,9/13/2025,20:41.3,,,"Bunnell, Jack",813673.0,Right,SAN_DIE8,"Bunnell, Jack",813673,Right,SAN_DIE8,1,Top,0,0,0,Undefined,Curveball,Undefined,Undefined,Undefined,Undefined,72.20406,2042.216011,88.028142,5.72704,1.84483,5.48079,1.68736,-10.7189,-8.802798,-3.240929,2.25181,-0.29405,60.4167,44.282491,105.648961,,TeamExclusive,20250913-UofSanDiego-Private-2,5b7a4d90-90ce-11f0-b482-5d1185df5079,High,High,High
243,9/13/2025,20:57.3,,,"Bunnell, Jack",813673.0,Right,SAN_DIE8,"Bunnell, Jack",813673,Right,SAN_DIE8,1,Top,0,0,0,Undefined,Four-Seam,Undefined,Undefined,Undefined,Undefined,83.91499,2032.167523,214.521065,5.77887,1.85554,5.99139,19.48832,12.36863,-4.426324,-1.116881,3.6441,-0.2086,,,,,TeamExclusive,20250913-UofSanDiego-Private-2,64e271f0-90ce-11f0-b482-5d1185df5079,High,High,High
244,9/13/2025,21:17.6,,,"Bunnell, Jack",813673.0,Right,SAN_DIE8,"Bunnell, Jack",813673,Right,SAN_DIE8,1,Top,0,0,0,Undefined,Changeup,Undefined,Undefined,Undefined,Undefined,76.48153,1673.380584,224.954357,5.63718,2.15794,5.98988,14.21816,12.47572,-5.52549,0.008991,3.61564,1.12774,,,,,TeamExclusive,20250913-UofSanDiego-Private-2,70fe1d90-90ce-11f0-b482-5d1185df5079,High,High,High
245,9/13/2025,21:53.7,,,"Bunnell, Jack",813673.0,Right,SAN_DIE8,"Bunnell, Jack",813673,Right,SAN_DIE8,1,Top,0,0,0,Undefined,Changeup,Undefined,Undefined,Undefined,Undefined,82.96365,1999.174549,220.388797,5.84873,1.89924,6.23646,16.67469,12.91953,-4.618843,-2.400376,3.82622,-1.39025,,,,,TeamExclusive,20250913-UofSanDiego-Private-2,86762dc0-90ce-11f0-b482-5d1185df5079,High,High,High
246,9/13/2025,22:05.9,,,"Bunnell, Jack",813673.0,Right,SAN_DIE8,"Bunnell, Jack",813673,Right,SAN_DIE8,1,Top,0,0,0,Undefined,Changeup,Undefined,Undefined,Undefined,Undefined,82.05192,2011.542673,212.525706,5.86098,1.84158,5.98017,19.0706,11.18237,-6.401534,-2.152585,2.05356,-1.08556,,,,,TeamExclusive,20250913-UofSanDiego-Private-2,8de80060-90ce-11f0-b482-5d1185df5079,High,High,High
247,9/13/2025,22:17.6,,,"Bunnell, Jack",813673.0,Right,SAN_DIE8,"Bunnell, Jack",813673,Right,SAN_DIE8,1,Top,0,0,0,Undefined,Changeup,Undefined,Undefined,Undefined,Undefined,83.3217,1725.409189,208.5238,5.97551,1.79642,5.81746,19.13737,9.54087,-5.095985,-0.486745,3.31926,0.54928,,,,,TeamExclusive,20250913-UofSanDiego-Private-2,94da69d0-90ce-11f0-b482-5d1185df5079,High,High,High
248,9/13/2025,22:44.3,,,"Bunnell, Jack",813673.0,Right,SAN_DIE8,"Bunnell, Jack",813673,Right,SAN_DIE8,1,Top,0,0,0,Undefined,Changeup,Undefined,Undefined,Undefined,Undefined,77.53043,1647.270297,211.924379,5.71718,2.25408,5.93335,17.31521,9.81201,-4.361858,1.259023,4.36994,2.60535,,,,,TeamExclusive,20250913-UofSanDiego-Private-2,a4ae1460-90ce-11f0-b482-5d1185df5079,High,High,High
249,9/13/2025,22:58.4,,,"Bunnell, Jack",813673.0,Right,SAN_DIE8,"Bunnell, Jack",813673,Right,SAN_DIE8,1,Top,0,0,0,Undefined,Changeup,Undefined,Undefined,Undefined,Undefined,83.32474,1769.743905,219.853442,5.81598,1.87331,5.89614,15.92343,12.16481,-6.309039,1.78025,2.18853,2.51147,,,,,TeamExclusive,20250913-UofSanDiego-Private-2,ad33a0f0-90ce-11f0-b482-5d1185df5079,High,High,High
250,9/13/2025,23:23.9,,,"Bunnell, Jack",813673.0,Right,SAN_DIE8,"Bunnell, Jack",813673,Right,SAN_DIE8,1,Top,0,0,0,Undefined,Changeup,Undefined,Undefined,Undefined,Undefined,82.97975,1562.092922,203.623917,5.8126,1.66728,5.91104,18.84686,7.64556,-3.284909,-1.27352,4.81717,-0.15102,,,,,TeamExclusive,20250913-UofSanDiego-Private-2,bc3db9f0-90ce-11f0-b482-5d1185df5079,High,High,High
251,9/13/2025,23:40.4,,,"Bunnell, Jack",813673.0,Right,SAN_DIE8,"Bunnell, Jack",813673,Right,SAN_DIE8,1,Top,0,0,0,Undefined,Changeup,Undefined,Undefined,Undefined,Undefined,83.84485,1500.858552,213.280925,5.8209,1.26694,6.06209,17.76851,10.82032,-4.835804,-1.665884,3.35719,-1.17566,,,,,TeamExclusive,20250913-UofSanDiego-Private-2,c6193990-90ce-11f0-b482-5d1185df5079,High,High,High
252,9/13/2025,23:55.5,,,"Bunnell, Jack",813673.0,Right,SAN_DIE8,"Bunnell, Jack",813673,Right,SAN_DIE8,1,Top,0,0,0,Undefined,Curveball,Undefined,Undefined,Undefined,Undefined,71.99332,1861.240832,38.845954,5.5976,1.77066,5.72603,-4.66229,-5.21953,-9.386472,-3.591696,2.03225,-1.14207,,,,,TeamExclusive,20250913-UofSanDiego-Private-2,cf44f130-90ce-11f0-b482-5d1185df5079,High,High,High
253,9/13/2025,24:15.2,,,"Bunnell, Jack",813673.0,Right,SAN_DIE8,"Bunnell, Jack",813673,Right,SAN_DIE8,1,Top,0,0,0,Undefined,Curveball,Undefined,Undefined,Undefined,Undefined,72.37664,1863.685304,35.83719,5.71754,1.77615,5.43226,-3.89449,-4.05504,-7.282441,-1.185898,4.0165,1.00307,,,,,TeamExclusive,20250913-UofSanDiego-Private-2,dadaa3f0-90ce-11f0-b482-5d1185df5079,High,High,High
254,9/13/2025,24:31.4,,,"Bunnell, Jack",813673.0,Right,SAN_DIE8,"Bunnell, Jack",813673,Right,SAN_DIE8,1,Top,0,0,0,Undefined,Changeup,Undefined,Undefined,Undefined,Undefined,83.35324,1497.513617,209.435181,5.79103,1.48743,5.93186,14.01745,7.15985,-4.579127,-0.339947,3.94181,0.57569,,,,,TeamExclusive,20250913-UofSanDiego-Private-2,e47dae70-90ce-11f0-b482-5d1185df5079,High,High,High
255,9/13/2025,24:52.1,,,"Bunnell, Jack",813673.0,Right,SAN_DIE8,"Bunnell, Jack",813673,Right,SAN_DIE8,1,Top,0,0,0,Undefined,Curveball,Undefined,Undefined,Undefined,Undefined,72.35347,1900.291349,56.62676,5.64357,1.63463,5.52665,-2.26354,-5.95016,-8.005722,-4.311552,3.08712,-1.90681,,,,,TeamExclusive,20250913-UofSanDiego-Private-2,f0dca4a0-90ce-11f0-b482-5d1185df5079,High,High,High
256,9/13/2025,25:28.0,,,"Bunnell, Jack",813673.0,Right,SAN_DIE8,"Bunnell, Jack",813673,Right,SAN_DIE8,1,Top,0,0,0,Undefined,Four-Seam,Undefined,Undefined,Undefined,Undefined,84.2056,2122.682493,219.151529,6.51447,1.06002,5.87655,19.07525,14.45942,-5.714707,1.120946,3.10402,0.896,,,,,TeamExclusive,20250913-UofSanDiego-Private-2,063cc000-90cf-11f0-b482-5d1185df5079,High,High,High
257,9/13/2025,25:41.1,,,"Bunnell, Jack",813673.0,Right,SAN_DIE8,"Bunnell, Jack",813673,Right,SAN_DIE8,1,Top,0,0,0,Undefined,Four-Seam,Undefined,Undefined,Undefined,Undefined,84.96606,2061.321235,212.201999,6.50317,1.01905,5.96855,19.68848,11.56056,-4.856017,1.225421,3.80082,1.19193,,,,,TeamExclusive,20250913-UofSanDiego-Private-2,0e01e2c0-90cf-11f0-b482-5d1185df5079,High,High,High
258,9/13/2025,25:53.4,,,"Bunnell, Jack",813673.0,Right,SAN_DIE8,"Bunnell, Jack",813673,Right,SAN_DIE8,1,Top,0,0,0,Undefined,Four-Seam,Undefined,Undefined,Undefined,Undefined,83.57538,2092.152641,215.816498,6.52053,0.85996,5.91489,19.64828,13.19056,-5.544897,0.907237,3.28855,0.6028,,,,,TeamExclusive,20250913-UofSanDiego-Private-2,155c83e0-90cf-11f0-b482-5d1185df5079,High,High,High
259,9/13/2025,26:05.1,,,"Bunnell, Jack",813673.0,Right,SAN_DIE8,"Bunnell, Jack",813673,Right,SAN_DIE8,1,Top,0,0,0,Undefined,Curveball,Undefined,Undefined,Undefined,Undefined,73.58169,1959.927227,27.754894,6.41883,0.89724,5.47498,-13.25674,-7.89453,-8.857871,-1.117993,3.88498,0.51016,,,,,TeamExclusive,20250913-UofSanDiego-Private-2,1c55f230-90cf-11f0-b482-5d1185df5079,High,High,High
260,9/13/2025,26:16.7,,,"Bunnell, Jack",813673.0,Right,SAN_DIE8,"Bunnell, Jack",813673,Right,SAN_DIE8,1,Top,0,0,0,Undefined,Changeup,Undefined,Undefined,Undefined,Undefined,75.4839,1455.283047,238.535627,6.28728,1.14572,6.50536,8.91044,11.96631,-6.249039,1.674359,4.05889,1.68512,,,,,TeamExclusive,20250913-UofSanDiego-Private-2,234cef80-90cf-11f0-b482-5d1185df5079,High,High,High
261,9/13/2025,26:28.2,,,"Bunnell, Jack",813673.0,Right,SAN_DIE8,"Bunnell, Jack",813673,Right,SAN_DIE8,1,Top,0,0,0,Undefined,Changeup,Undefined,Undefined,Undefined,Undefined,74.83528,1511.44464,229.815952,6.16128,1.23022,6.33619,12.54568,12.92894,-9.886344,0.176347,0.278,0.31084,,,,,TeamExclusive,20250913-UofSanDiego-Private-2,2a3805f0-90cf-11f0-b482-5d1185df5079,High,High,High
262,9/13/2025,26:40.9,,,"Bunnell, Jack",813673.0,Right,SAN_DIE8,"Bunnell, Jack",813673,Right,SAN_DIE8,1,Top,0,0,0,Undefined,Four-Seam,Undefined,Undefined,Undefined,Undefined,84.70098,1936.697825,193.148107,6.45681,1.03519,5.80436,20.33434,4.4276,-4.685076,-0.226561,3.90334,0.45562,,,,,TeamExclusive,20250913-UofSanDiego-Private-2,31cb1c30-90cf-11f0-b482-5d1185df5079,High,High,High
263,9/13/2025,27:10.3,,,"Bunnell, Jack",813673.0,Right,SAN_DIE8,"Bunnell, Jack",813673,Right,SAN_DIE8,1,Top,0,0,0,Undefined,Four-Seam,Undefined,Undefined,Undefined,Undefined,86.45859,2100.480683,224.823938,6.4153,0.65079,6.29121,17.27737,15.87769,-7.158027,-0.78195,1.64885,-1.39217,,,,,TeamExclusive,20250913-UofSanDiego-Private-2,434dd650-90cf-11f0-b482-5d1185df5079,High,High,High
264,9/13/2025,27:23.8,,,"Bunnell, Jack",813673.0,Right,SAN_DIE8,"Bunnell, Jack",813673,Right,SAN_DIE8,1,Top,0,0,0,Undefined,Four-Seam,Undefined,Undefined,Undefined,Undefined,85.11979,2044.35185,222.302633,6.36484,0.71624,6.17005,17.72489,14.90107,-6.642002,0.704826,2.14855,0.1249,78.56869,41.95252,-42.293043,276.51871,TeamExclusive,20250913-UofSanDiego-Private-2,4b555940-90cf-11f0-b482-5d1185df5079,High,High,High
265,9/13/2025,27:56.0,,,"Bunnell, Jack",813673.0,Right,SAN_DIE8,"Bunnell, Jack",813673,Right,SAN_DIE8,1,Top,0,0,0,Undefined,Four-Seam,Undefined,Undefined,Undefined,Undefined,85.63352,2013.67695,189.828852,6.49234,0.58215,6.09734,21.82533,3.54988,-5.319023,-0.953033,3.12997,-0.59518,71.28081,57.573481,153.961601,,TeamExclusive,20250913-UofSanDiego-Private-2,5e7dfb30-90cf-11f0-b482-5d1185df5079,High,High,High
266,9/13/2025,28:14.4,,,"Bunnell, Jack",813673.0,Right,SAN_DIE8,"Bunnell, Jack",813673,Right,SAN_DIE8,1,Top,0,0,0,Undefined,Curveball,Undefined,Undefined,Undefined,Undefined,73.90546,2258.837961,60.348749,6.11332,1.11141,5.621,-5.44894,-12.64611,-8.849257,-2.085573,2.88822,0.22226,,,,,TeamExclusive,20250913-UofSanDiego-Private-2,69765c80-90cf-11f0-b482-5d1185df5079,High,High,High
267,9/13/2025,28:29.8,,,"Bunnell, Jack",813673.0,Right,SAN_DIE8,"Bunnell, Jack",813673,Right,SAN_DIE8,1,Top,0,0,0,Undefined,Curveball,Undefined,Undefined,Undefined,Undefined,75.98175,2277.170405,58.809008,5.97824,1.02359,5.55008,-4.31024,-9.73871,-10.176018,-4.175544,1.09888,-2.0667,,,,,TeamExclusive,20250913-UofSanDiego-Private-2,72b0e130-90cf-11f0-b482-5d1185df5079,High,High,High
268,9/13/2025,28:47.7,,,"Bunnell, Jack",813673.0,Right,SAN_DIE8,"Bunnell, Jack",813673,Right,SAN_DIE8,1,Top,0,0,0,Undefined,Four-Seam,Undefined,Undefined,Undefined,Undefined,88.36631,2243.155778,216.998995,6.43881,0.55565,5.96457,20.36426,14.29253,-4.766258,0.204069,3.57258,-0.44508,77.96909,34.389655,-5.391901,275.6136,TeamExclusive,20250913-UofSanDiego-Private-2,7d5a1110-90cf-11f0-b482-5d1185df5079,High,High,High
269,9/13/2025,29:19.8,,,"Bunnell, Jack",813673.0,Right,SAN_DIE8,"Bunnell, Jack",813673,Right,SAN_DIE8,1,Top,0,0,0,Undefined,Four-Seam,Undefined,Undefined,Undefined,Undefined,86.87585,2230.762738,211.785747,6.40646,0.5719,6.28434,20.84828,12.06453,-7.288036,-2.256502,1.22323,-2.51271,,,,,TeamExclusive,20250913-UofSanDiego-Private-2,90871fd0-90cf-11f0-b482-5d1185df5079,High,High,High
270,9/13/2025,29:35.4,,,"Bunnell, Jack",813673.0,Right,SAN_DIE8,"Bunnell, Jack",813673,Right,SAN_DIE8,1,Top,0,0,0,Undefined,Four-Seam,Undefined,Undefined,Undefined,Undefined,85.4444,2138.926704,213.847702,6.49425,0.56379,6.05669,19.49686,12.12729,-7.482809,0.172395,1.34171,-0.28776,,,,,TeamExclusive,20250913-UofSanDiego-Private-2,99c59c20-90cf-11f0-b482-5d1185df5079,High,High,High
271,9/13/2025,29:52.8,,,"Bunnell, Jack",813673.0,Right,SAN_DIE8,"Bunnell, Jack",813673,Right,SAN_DIE8,1,Top,0,0,0,Undefined,Four-Seam,Undefined,Undefined,Undefined,Undefined,85.83789,2189.469481,212.376259,6.39116,0.61594,6.29224,21.17981,12.53087,-6.230778,-0.97111,2.25076,-1.32215,55.73887,53.040875,116.644234,,TeamExclusive,20250913-UofSanDiego-Private-2,a43126c0-90cf-11f0-b482-5d1185df5079,High,High,High
272,9/13/2025,30:12.5,,,"Bunnell, Jack",813673.0,Right,SAN_DIE8,"Bunnell, Jack",813673,Right,SAN_DIE8,1,Top,0,0,0,Undefined,Curveball,Undefined,Undefined,Undefined,Undefined,74.74494,2126.143317,25.84237,6.20772,0.70277,5.6918,-13.21339,-7.12933,-10.861373,-3.042243,1.53401,-1.53582,,,,,TeamExclusive,20250913-UofSanDiego-Private-2,afd55870-90cf-11f0-b482-5d1185df5079,High,High,High
273,9/13/2025,30:27.6,,,"Bunnell, Jack",813673.0,Right,SAN_DIE8,"Bunnell, Jack",813673,Right,SAN_DIE8,1,Top,0,0,0,Undefined,Four-Seam,Undefined,Undefined,Undefined,Undefined,86.61896,2210.978191,223.359844,6.48144,0.68878,5.99729,17.8732,15.70505,-6.223822,1.037085,2.5007,0.34066,108.97348,-20.759508,-75.663862,8.02252,TeamExclusive,20250913-UofSanDiego-Private-2,b8e01a90-90cf-11f0-b482-5d1185df5079,High,High,High
274,9/13/2025,30:56.7,,,"Bunnell, Jack",813673.0,Right,SAN_DIE8,"Bunnell, Jack",813673,Right,SAN_DIE8,1,Top,0,0,0,Undefined,Curveball,Undefined,Undefined,Undefined,Undefined,75.78781,2243.516259,69.755912,6.05616,1.00227,5.72854,-0.89071,-7.20445,-10.241226,-3.46016,0.92423,-1.61929,,,,,TeamExclusive,20250913-UofSanDiego-Private-2,ca3c8800-90cf-11f0-b482-5d1185df5079,High,High,High
275,9/13/2025,31:23.7,,,"Bunnell, Jack",813673.0,Right,SAN_DIE8,"Bunnell, Jack",813673,Right,SAN_DIE8,1,Top,0,0,0,Undefined,Four-Seam,Undefined,Undefined,Undefined,Undefined,85.44018,2092.323558,212.671956,6.35166,0.78375,5.90906,17.32576,10.19253,-5.674448,0.548554,3.09043,0.44325,,,,,TeamExclusive,20250913-UofSanDiego-Private-2,da60c390-90cf-11f0-b482-5d1185df5079,High,High,High
276,9/13/2025,31:39.8,,,"Bunnell, Jack",813673.0,Right,SAN_DIE8,"Bunnell, Jack",813673,Right,SAN_DIE8,1,Top,0,0,0,Undefined,Changeup,Undefined,Undefined,Undefined,Undefined,74.50073,1499.207628,241.488067,6.12792,1.00787,6.03372,11.27646,17.29206,-6.908528,0.739175,3.31086,0.25124,80.17928,-16.164466,-2.209533,11.55666,TeamExclusive,20250913-UofSanDiego-Private-2,e3fca220-90cf-11f0-b482-5d1185df5079,High,High,High
277,9/13/2025,32:16.1,,,"Bunnell, Jack",813673.0,Right,SAN_DIE8,"Bunnell, Jack",813673,Right,SAN_DIE8,1,Top,0,0,0,Undefined,Changeup,Undefined,Undefined,Undefined,Undefined,73.78724,1558.022928,233.969597,6.13783,0.9637,6.10454,12.98509,15.38316,-7.453257,1.594849,2.69475,1.155,,,,,TeamExclusive,20250913-UofSanDiego-Private-2,f9a75b10-90cf-11f0-b482-5d1185df5079,High,High,High
278,9/13/2025,32:30.8,,,"Bunnell, Jack",813673.0,Right,SAN_DIE8,"Bunnell, Jack",813673,Right,SAN_DIE8,1,Top,0,0,0,Undefined,Four-Seam,Undefined,Undefined,Undefined,Undefined,87.82955,2285.052596,215.26038,6.43934,0.53219,6.01178,20.29828,13.35772,-5.347749,1.461883,3.06794,0.77333,74.88753,23.40252,4.652333,237.74336,TeamExclusive,20250913-UofSanDiego-Private-2,0247c2a0-90d0-11f0-b482-5d1185df5079,High,High,High
279,9/13/2025,33:10.6,,,"Bunnell, Jack",813673.0,Right,SAN_DIE8,"Bunnell, Jack",813673,Right,SAN_DIE8,1,Top,0,0,0,Undefined,Changeup,Undefined,Undefined,Undefined,Undefined,84.65218,2195.4071,221.727969,6.33301,2.18202,5.65183,15.64202,12.59808,-6.895386,-0.539822,2.1503,0.62829,,,,,TeamExclusive,20250913-UofSanDiego-Private-2,1a169410-90d0-11f0-b482-5d1185df5079,High,High,High
280,9/13/2025,33:21.6,,,"Bunnell, Jack",813673.0,Right,SAN_DIE8,"Bunnell, Jack",813673,Right,SAN_DIE8,1,Top,0,0,0,Undefined,Four-Seam,Undefined,Undefined,Undefined,Undefined,86.14549,2210.736327,221.737145,6.28163,2.0632,5.87942,16.35591,13.37513,-6.96499,1.232012,1.81057,2.09143,,,,,TeamExclusive,20250913-UofSanDiego-Private-2,20a27380-90d0-11f0-b482-5d1185df5079,High,High,High
281,9/13/2025,33:34.2,,,"Bunnell, Jack",813673.0,Right,SAN_DIE8,"Bunnell, Jack",813673,Right,SAN_DIE8,1,Top,0,0,0,Undefined,Four-Seam,Undefined,Undefined,Undefined,Undefined,87.73444,2266.759222,211.920624,6.49629,1.74553,5.71287,16.84654,9.7267,-6.522236,-1.092779,2.24478,-0.0832,,,,,TeamExclusive,20250913-UofSanDiego-Private-2,2816b720-90d0-11f0-b482-5d1185df5079,High,High,High
282,9/13/2025,33:46.3,,,"Bunnell, Jack",813673.0,Right,SAN_DIE8,"Bunnell, Jack",813673,Right,SAN_DIE8,1,Top,0,0,0,Undefined,Four-Seam,Undefined,Undefined,Undefined,Undefined,86.59409,2245.520305,214.191759,6.50252,2.09187,5.85887,17.21796,10.76642,-5.723589,-2.097162,3.10438,-0.75362,,,,,TeamExclusive,20250913-UofSanDiego-Private-2,2f5ce5e0-90d0-11f0-b482-5d1185df5079,High,High,High
283,9/13/2025,33:58.7,,,"Bunnell, Jack",813673.0,Right,SAN_DIE8,"Bunnell, Jack",813673,Right,SAN_DIE8,1,Top,0,0,0,Undefined,Four-Seam,Undefined,Undefined,Undefined,Undefined,86.79939,2264.825227,218.636195,6.29021,2.12656,5.55146,15.37682,11.23816,-5.857772,-1.964311,2.88606,-0.64538,,,,,TeamExclusive,20250913-UofSanDiego-Private-2,36bdefa0-90d0-11f0-b482-5d1185df5079,High,High,High
284,9/13/2025,34:10.5,,,"Bunnell, Jack",813673.0,Right,SAN_DIE8,"Bunnell, Jack",813673,Right,SAN_DIE8,1,Top,0,0,0,Undefined,Changeup,Undefined,Undefined,Undefined,Undefined,81.62524,2109.450156,213.922864,6.53613,2.66309,5.29629,17.51324,10.73127,-4.575719,-1.153375,4.64721,0.68717,,,,,TeamExclusive,20250913-UofSanDiego-Private-2,3db00af0-90d0-11f0-b482-5d1185df5079,High,High,High
285,9/13/2025,34:38.7,,,"Bunnell, Jack",813673.0,Right,SAN_DIE8,"Bunnell, Jack",813673,Right,SAN_DIE8,1,Top,0,0,0,Undefined,Four-Seam,Undefined,Undefined,Undefined,Undefined,88.38579,2267.944005,207.400676,6.39187,1.83273,6.07654,17.12206,8.22323,-5.37908,-2.370872,3.16505,-1.04694,,,,,TeamExclusive,20250913-UofSanDiego-Private-2,4e84d1d0-90d0-11f0-b482-5d1185df5079,High,High,High
286,9/13/2025,34:52.8,,,"Bunnell, Jack",813673.0,Right,SAN_DIE8,"Bunnell, Jack",813673,Right,SAN_DIE8,1,Top,0,0,0,Undefined,Four-Seam,Undefined,Undefined,Undefined,Undefined,88.40284,2277.986803,195.496664,6.79697,1.54949,5.75159,19.78052,5.12284,-4.521437,-1.90539,4.17372,-0.65164,,,,,TeamExclusive,20250913-UofSanDiego-Private-2,56e5e670-90d0-11f0-b482-5d1185df5079,High,High,High
287,9/13/2025,35:06.6,,,"Bunnell, Jack",813673.0,Right,SAN_DIE8,"Bunnell, Jack",813673,Right,SAN_DIE8,1,Top,0,0,0,Undefined,Curveball,Undefined,Undefined,Undefined,Undefined,71.12639,2148.237463,54.537335,6.49159,2.17299,4.72065,-10.12516,-16.90509,-11.235349,-5.144462,1.72245,-1.29792,,,,,TeamExclusive,20250913-UofSanDiego-Private-2,5f3dac40-90d0-11f0-b482-5d1185df5079,High,High,High
288,9/13/2025,35:21.0,,,"Bunnell, Jack",813673.0,Right,SAN_DIE8,"Bunnell, Jack",813673,Right,SAN_DIE8,1,Top,0,0,0,Undefined,Four-Seam,Undefined,Undefined,Undefined,Undefined,88.99713,2245.808904,199.358743,6.90758,1.35168,5.60819,20.58316,6.7102,-6.955367,0.658082,1.95674,1.40653,,,,,TeamExclusive,20250913-UofSanDiego-Private-2,67cbeb60-90d0-11f0-b482-5d1185df5079,High,High,High
289,9/13/2025,35:35.8,,,"Bunnell, Jack",813673.0,Right,SAN_DIE8,"Bunnell, Jack",813673,Right,SAN_DIE8,1,Top,0,0,0,Undefined,Four-Seam,Undefined,Undefined,Undefined,Undefined,88.32686,2214.739078,206.003147,6.79915,1.31977,5.67998,19.48285,8.78308,-7.771032,-1.175768,1.20772,-0.5085,72.1861,-12.524075,-12.01629,7.20945,TeamExclusive,20250913-UofSanDiego-Private-2,70942640-90d0-11f0-b482-5d1185df5079,High,High,High
290,9/13/2025,36:02.3,,,"Bunnell, Jack",813673.0,Right,SAN_DIE8,"Bunnell, Jack",813673,Right,SAN_DIE8,1,Top,0,0,0,Undefined,Curveball,Undefined,Undefined,Undefined,Undefined,70.59028,2128.604567,45.54669,6.51164,1.84472,4.69661,-12.95583,-15.12863,-13.485818,-5.209355,-0.18545,-1.83234,,,,,TeamExclusive,20250913-UofSanDiego-Private-2,80751740-90d0-11f0-b482-5d1185df5079,High,High,High
291,9/13/2025,36:14.7,,,"Bunnell, Jack",813673.0,Right,SAN_DIE8,"Bunnell, Jack",813673,Right,SAN_DIE8,1,Top,0,0,0,Undefined,Four-Seam,Undefined,Undefined,Undefined,Undefined,88.57935,2219.26272,198.655971,6.97149,1.33073,5.68848,20.37572,6.43221,-4.671919,-0.349239,4.15451,0.46941,,,,,TeamExclusive,20250913-UofSanDiego-Private-2,87b7eaa0-90d0-11f0-b482-5d1185df5079,High,High,High
292,9/13/2025,36:27.3,,,"Bunnell, Jack",813673.0,Right,SAN_DIE8,"Bunnell, Jack",813673,Right,SAN_DIE8,1,Top,0,0,0,Undefined,Curveball,Undefined,Undefined,Undefined,Undefined,71.02956,1974.816377,42.580626,6.45022,1.92033,5.3348,-14.01225,-14.66871,-10.824515,-3.960069,2.46546,-0.56842,,,,,TeamExclusive,20250913-UofSanDiego-Private-2,8f623260-90d0-11f0-b482-5d1185df5079,High,High,High
293,9/13/2025,36:43.6,,,"Bunnell, Jack",813673.0,Right,SAN_DIE8,"Bunnell, Jack",813673,Right,SAN_DIE8,1,Top,0,0,0,Undefined,Four-Seam,Undefined,Undefined,Undefined,Undefined,88.2249,2211.805062,196.703644,7.06144,0.99456,5.73805,20.12123,5.61985,-7.020534,-2.882984,2.09922,-2.16054,,,,,TeamExclusive,20250913-UofSanDiego-Private-2,990bf3a0-90d0-11f0-b482-5d1185df5079,High,High,High
294,9/13/2025,36:57.0,,,"Bunnell, Jack",813673.0,Right,SAN_DIE8,"Bunnell, Jack",813673,Right,SAN_DIE8,1,Top,0,0,0,Undefined,Curveball,Undefined,Undefined,Undefined,Undefined,68.76552,1962.721364,44.080291,6.5365,1.77387,4.87818,-13.26131,-14.86198,-10.834279,-2.716855,2.81544,0.44717,,,,,TeamExclusive,20250913-UofSanDiego-Private-2,a1112ca0-90d0-11f0-b482-5d1185df5079,High,High,High
295,9/13/2025,37:14.6,,,"Bunnell, Jack",813673.0,Right,SAN_DIE8,"Bunnell, Jack",813673,Right,SAN_DIE8,1,Top,0,0,0,Undefined,Curveball,Undefined,Undefined,Undefined,Undefined,69.70019,2023.833878,34.388491,6.57881,1.68227,4.33068,-13.68698,-10.79666,-12.546911,-3.668799,1.05861,-0.91833,,,,,TeamExclusive,20250913-UofSanDiego-Private-2,ab906650-90d0-11f0-b482-5d1185df5079,High,High,High
296,9/13/2025,37:32.7,,,"Bunnell, Jack",813673.0,Right,SAN_DIE8,"Bunnell, Jack",813673,Right,SAN_DIE8,1,Top,0,0,0,Undefined,Four-Seam,Undefined,Undefined,Undefined,Undefined,86.61167,2293.521818,207.906666,6.69155,1.59139,5.77671,20.02458,9.86512,-4.668114,-1.018291,4.06132,-0.17748,69.73598,16.184335,176.826952,128.9027,TeamExclusive,20250913-UofSanDiego-Private-2,b63ca370-90d0-11f0-b482-5d1185df5079,High,High,High
297,9/13/2025,37:50.8,,,"Bunnell, Jack",813673.0,Right,SAN_DIE8,"Bunnell, Jack",813673,Right,SAN_DIE8,1,Top,0,0,0,Undefined,Four-Seam,Undefined,Undefined,Undefined,Undefined,89.46612,2328.752962,200.037131,7.06963,1.22444,5.63892,22.94434,7.88556,-6.283135,-1.104005,2.46338,-0.46217,,,,,TeamExclusive,20250913-UofSanDiego-Private-2,c11a9ef0-90d0-11f0-b482-5d1185df5079,High,High,High
298,9/13/2025,38:15.7,,,"Bunnell, Jack",813673.0,Right,SAN_DIE8,"Bunnell, Jack",813673,Right,SAN_DIE8,1,Top,0,0,0,Undefined,Four-Seam,Undefined,Undefined,Undefined,Undefined,86.85018,2272.612804,213.70687,6.59543,1.7586,5.89269,20.45859,12.63867,-5.982889,-0.270675,2.72198,0.45467,93.11872,21.391574,-3.973376,322.3743,TeamExclusive,20250913-UofSanDiego-Private-2,cfe516e0-90d0-11f0-b482-5d1185df5079,High,High,High
299,9/13/2025,38:42.7,,,"Bunnell, Jack",813673.0,Right,SAN_DIE8,"Bunnell, Jack",813673,Right,SAN_DIE8,1,Top,0,0,0,Undefined,Curveball,Undefined,Undefined,Undefined,Undefined,71.28388,2186.016512,27.968855,6.52023,2.09471,4.6966,-9.52406,-6.06115,-14.458413,-3.795468,-1.52543,-0.99988,,,,,TeamExclusive,20250913-UofSanDiego-Private-2,e0070880-90d0-11f0-b482-5d1185df5079,High,High,High
300,9/13/2025,39:01.5,,,"Bunnell, Jack",813673.0,Right,SAN_DIE8,"Bunnell, Jack",813673,Right,SAN_DIE8,1,Top,0,0,0,Undefined,Four-Seam,Undefined,Undefined,Undefined,Undefined,87.90855,2375.069381,211.641325,6.58008,1.71025,5.85312,19.89249,11.44142,-5.889011,-2.152326,2.69914,-1.24252,,,,,TeamExclusive,20250913-UofSanDiego-Private-2,eb2f2c60-90d0-11f0-b482-5d1185df5079,High,High,High
301,9/13/2025,39:13.5,,,"Bunnell, Jack",813673.0,Right,SAN_DIE8,"Bunnell, Jack",813673,Right,SAN_DIE8,1,Top,0,0,0,Undefined,Four-Seam,Undefined,Undefined,Undefined,Undefined,88.91473,2343.475619,201.281071,6.97653,1.14194,5.42433,24.7434,9.10937,-5.586425,-0.544368,2.92453,-0.12622,,,,,TeamExclusive,20250913-UofSanDiego-Private-2,f23ff340-90d0-11f0-b482-5d1185df5079,High,High,High
302,9/13/2025,39:27.6,,,"Bunnell, Jack",813673.0,Right,SAN_DIE8,"Bunnell, Jack",813673,Right,SAN_DIE8,1,Top,0,0,0,Undefined,Four-Seam,Undefined,Undefined,Undefined,Undefined,88.76993,2354.900137,200.371714,7.02967,1.1146,5.53508,25.1182,8.79847,-6.997442,0.291748,1.64557,0.65463,59.18501,26.72414,41.183922,155.12405,TeamExclusive,20250913-UofSanDiego-Private-2,fac817e0-90d0-11f0-b482-5d1185df5079,High,High,High
303,9/13/2025,39:48.3,,,"Bunnell, Jack",813673.0,Right,SAN_DIE8,"Bunnell, Jack",813673,Right,SAN_DIE8,1,Top,0,0,0,Undefined,Curveball,Undefined,Undefined,Undefined,Undefined,68.55493,1942.767623,53.221641,7.02722,1.27935,4.59252,-5.47477,-10.3278,-11.555089,-3.093307,2.01113,-0.79775,51.62979,52.289495,73.302795,122.38039,TeamExclusive,20250913-UofSanDiego-Private-2,07360230-90d1-11f0-b482-5d1185df5079,High,High,High
304,9/13/2025,40:11.1,,,"Bunnell, Jack",813673.0,Right,SAN_DIE8,"Bunnell, Jack",813673,Right,SAN_DIE8,1,Top,0,0,0,Undefined,Four-Seam,Undefined,Undefined,Undefined,Undefined,89.30275,2344.384181,206.887294,7.04169,1.26101,5.58736,23.86883,11.38138,-4.108986,-0.99995,4.46277,-0.61969,,,,,TeamExclusive,20250913-UofSanDiego-Private-2,149132b0-90d1-11f0-b482-5d1185df5079,High,High,High
305,9/13/2025,40:24.1,,,"Bunnell, Jack",813673.0,Right,SAN_DIE8,"Bunnell, Jack",813673,Right,SAN_DIE8,1,Top,0,0,0,Undefined,Four-Seam,Undefined,Undefined,Undefined,Undefined,88.06266,2323.761543,214.925542,6.47267,1.72456,5.85456,21.4432,14.00446,-6.180684,-1.4276,2.20357,-0.76709,62.96103,31.611944,153.789091,,TeamExclusive,20250913-UofSanDiego-Private-2,1c7ca220-90d1-11f0-b482-5d1185df5079,High,High,High
306,9/13/2025,40:47.6,,,"Bunnell, Jack",813673.0,Right,SAN_DIE8,"Bunnell, Jack",813673,Right,SAN_DIE8,1,Top,0,0,0,Undefined,Curveball,Undefined,Undefined,Undefined,Undefined,71.90454,2186.490069,37.347878,6.4239,1.99298,5.05799,-11.1467,-9.95658,-11.861257,-5.56533,1.03941,-2.43226,,,,,TeamExclusive,20250913-UofSanDiego-Private-2,2a6ac3d0-90d1-11f0-b482-5d1185df5079,High,High,High
307,9/13/2025,41:09.5,,,"Bunnell, Jack",813673.0,Right,SAN_DIE8,"Bunnell, Jack",813673,Right,SAN_DIE8,1,Top,0,0,0,Undefined,Four-Seam,Undefined,Undefined,Undefined,Undefined,87.55104,2321.27654,206.449426,6.69949,1.602,5.86044,20.85229,9.69087,-5.754987,-1.059344,2.9048,-0.1892,66.65735,72.568269,45.258459,76.27227,TeamExclusive,20250913-UofSanDiego-Private-2,37845770-90d1-11f0-b482-5d1185df5079,High,High,High
308,9/13/2025,41:42.1,,,"Bunnell, Jack",813673.0,Right,SAN_DIE8,"Bunnell, Jack",813673,Right,SAN_DIE8,1,Top,0,0,0,Undefined,Curveball,Undefined,Undefined,Undefined,Undefined,70.19186,2007.468149,28.192872,6.53594,1.90756,5.19222,-16.53292,-10.0178,-12.263531,-3.774099,1.55549,-0.80389,,,,,TeamExclusive,20250913-UofSanDiego-Private-2,4b0579a0-90d1-11f0-b482-5d1185df5079,High,High,High
309,9/13/2025,42:03.0,,,"Bunnell, Jack",813673.0,Right,SAN_DIE8,"Bunnell, Jack",813673,Right,SAN_DIE8,1,Top,0,0,0,Undefined,Four-Seam,Undefined,Undefined,Undefined,Undefined,87.5779,2362.506039,205.172299,6.86704,1.3524,5.73628,23.08926,10.20816,-4.269924,0.114404,4.27944,0.609,,,,,TeamExclusive,20250913-UofSanDiego-Private-2,575099b0-90d1-11f0-b482-5d1185df5079,High,High,High
310,9/13/2025,42:18.8,,,"Bunnell, Jack",813673.0,Right,SAN_DIE8,"Bunnell, Jack",813673,Right,SAN_DIE8,1,Top,0,0,0,Undefined,Curveball,Undefined,Undefined,Undefined,Undefined,70.10642,2015.479337,28.600258,6.62662,1.84658,4.65901,-17.15249,-10.45591,-11.503403,-2.83431,2.37461,0.03033,,,,,TeamExclusive,20250913-UofSanDiego-Private-2,60c911c0-90d1-11f0-b482-5d1185df5079,High,High,High
311,9/13/2025,42:34.5,,,"Bunnell, Jack",813673.0,Right,SAN_DIE8,"Bunnell, Jack",813673,Right,SAN_DIE8,1,Top,0,0,0,Undefined,Four-Seam,Undefined,Undefined,Undefined,Undefined,89.76159,2370.815176,202.320043,7.03587,1.19559,5.66906,24.07824,9.33402,-5.47147,0.89424,3.09054,1.252,,,,,TeamExclusive,20250913-UofSanDiego-Private-2,6a0e6be0-90d1-11f0-b482-5d1185df5079,High,High,High
312,9/13/2025,43:09.4,,,"Bunnell, Jack",813673.0,Right,SAN_DIE8,"Bunnell, Jack",813673,Right,SAN_DIE8,1,Top,0,0,0,Undefined,Changeup,Undefined,Undefined,Undefined,Undefined,80.96576,2095.442412,166.663731,5.85928,-0.9398,6.02339,20.39202,-4.47118,-6.326626,2.52119,2.0914,1.7695,,,,,TeamExclusive,20250913-UofSanDiego-Private-2,7ee88e60-90d1-11f0-b482-5d1185df5079,High,High,High
313,9/13/2025,43:22.5,,,"Bunnell, Jack",813673.0,Right,SAN_DIE8,"Bunnell, Jack",813673,Right,SAN_DIE8,1,Top,0,0,0,Undefined,Changeup,Undefined,Undefined,Undefined,Undefined,81.81933,1981.910601,144.441709,5.83265,-0.83494,5.88731,18.49879,-12.22851,-5.271708,-0.136459,3.09586,0.05692,,,,,TeamExclusive,20250913-UofSanDiego-Private-2,86b48ef0-90d1-11f0-b482-5d1185df5079,High,High,High
314,9/13/2025,43:35.9,,,"Bunnell, Jack",813673.0,Right,SAN_DIE8,"Bunnell, Jack",813673,Right,SAN_DIE8,1,Top,0,0,0,Undefined,Changeup,Undefined,Undefined,Undefined,Undefined,81.43315,1983.930218,152.304845,5.75673,-1.02399,5.87701,20.19025,-9.81001,-7.828207,1.204323,0.53799,0.91245,,,,,TeamExclusive,20250913-UofSanDiego-Private-2,8ed62990-90d1-11f0-b482-5d1185df5079,High,High,High
315,9/13/2025,43:51.4,,,"Bunnell, Jack",813673.0,Right,SAN_DIE8,"Bunnell, Jack",813673,Right,SAN_DIE8,1,Top,0,0,0,Undefined,Curveball,Undefined,Undefined,Undefined,Undefined,69.57002,2106.940353,322.160561,5.63089,-1.08661,5.30153,-6.7065,6.68575,-12.401125,4.221924,-0.36322,2.32052,,,,,TeamExclusive,20250913-UofSanDiego-Private-2,980eb270-90d1-11f0-b482-5d1185df5079,High,High,High
316,9/13/2025,44:05.2,,,"Bunnell, Jack",813673.0,Right,SAN_DIE8,"Bunnell, Jack",813673,Right,SAN_DIE8,1,Top,0,0,0,Undefined,Four-Seam,Undefined,Undefined,Undefined,Undefined,85.44573,2123.977887,154.056934,5.76657,-1.06041,5.99516,17.69139,-7.95504,-5.614495,1.228622,2.49159,0.74103,,,,,TeamExclusive,20250913-UofSanDiego-Private-2,a0442330-90d1-11f0-b482-5d1185df5079,High,High,High
317,9/13/2025,44:39.3,,,"Bunnell, Jack",813673.0,Right,SAN_DIE8,"Bunnell, Jack",813673,Right,SAN_DIE8,1,Top,0,0,0,Undefined,Four-Seam,Undefined,Undefined,Undefined,Undefined,87.10921,2157.237435,156.893804,5.80401,-0.68351,6.06922,17.42513,-6.90248,-6.536033,1.710874,1.54008,1.47552,,,,,TeamExclusive,20250913-UofSanDiego-Private-2,b4969f20-90d1-11f0-b482-5d1185df5079,High,High,High
318,9/13/2025,44:54.4,,,"Bunnell, Jack",813673.0,Right,SAN_DIE8,"Bunnell, Jack",813673,Right,SAN_DIE8,1,Top,0,0,0,Undefined,Four-Seam,Undefined,Undefined,Undefined,Undefined,87.44546,2139.060071,151.124055,5.81033,-0.65731,5.90374,17.31639,-8.87678,-5.945555,0.471272,2.07676,0.51997,73.01217,18.708334,-150.920441,,TeamExclusive,20250913-UofSanDiego-Private-2,bd8a56d0-90d1-11f0-b482-5d1185df5079,High,High,High
319,9/13/2025,45:11.6,,,"Bunnell, Jack",813673.0,Right,SAN_DIE8,"Bunnell, Jack",813673,Right,SAN_DIE8,1,Top,0,0,0,Undefined,Curveball,Undefined,Undefined,Undefined,Undefined,75.01214,2213.322935,325.20574,5.6694,-0.8791,5.57369,-12.87245,10.11804,-12.550781,2.165526,-0.6192,0.29018,,,,,TeamExclusive,20250913-UofSanDiego-Private-2,c7d1deb0-90d1-11f0-b482-5d1185df5079,High,High,High
320,9/13/2025,45:54.3,,,"Bunnell, Jack",813673.0,Right,SAN_DIE8,"Bunnell, Jack",813673,Right,SAN_DIE8,1,Top,0,0,0,Undefined,Four-Seam,Undefined,Undefined,Undefined,Undefined,87.66838,2119.549125,160.774897,5.81441,-0.76819,6.06904,19.00879,-6.17146,-4.795189,1.628656,3.04105,1.25335,71.51726,11.575926,-169.658816,,TeamExclusive,20250913-UofSanDiego-Private-2,e13fba20-90d1-11f0-b482-5d1185df5079,High,High,High
321,9/13/2025,46:12.9,,,"Bunnell, Jack",813673.0,Right,SAN_DIE8,"Bunnell, Jack",813673,Right,SAN_DIE8,1,Top,0,0,0,Undefined,Curveball,Undefined,Undefined,Undefined,Undefined,75.10443,2121.871104,318.463541,5.71695,-0.87098,5.5396,-6.32933,6.96071,-8.644188,2.614945,2.54514,0.9925,,,,,TeamExclusive,20250913-UofSanDiego-Private-2,ec5eb640-90d1-11f0-b482-5d1185df5079,High,High,High
322,9/13/2025,46:31.2,,,"Bunnell, Jack",813673.0,Right,SAN_DIE8,"Bunnell, Jack",813673,Right,SAN_DIE8,1,Top,0,0,0,Undefined,Curveball,Undefined,Undefined,Undefined,Undefined,75.34029,2177.563369,305.041676,5.65277,-1.03756,5.62173,-8.34304,14.12855,-9.295187,3.527763,2.02317,1.07388,49.23905,-79.420653,101.549662,1.85802,TeamExclusive,20250913-UofSanDiego-Private-2,f74fc490-90d1-11f0-b482-5d1185df5079,High,High,High
323,9/13/2025,47:01.2,,,"Bunnell, Jack",813673.0,Right,SAN_DIE8,"Bunnell, Jack",813673,Right,SAN_DIE8,1,Top,0,0,0,Undefined,Curveball,Undefined,Undefined,Undefined,Undefined,76.67321,2140.46666,299.450103,5.66916,-0.89215,5.72976,-5.21362,11.99631,-9.455524,5.024364,1.48715,2.79164,,,,,TeamExclusive,20250913-UofSanDiego-Private-2,0911f8b0-90d2-11f0-b482-5d1185df5079,High,High,High
324,9/13/2025,47:17.4,,,"Bunnell, Jack",813673.0,Right,SAN_DIE8,"Bunnell, Jack",813673,Right,SAN_DIE8,1,Top,0,0,0,Undefined,Four-Seam,Undefined,Undefined,Undefined,Undefined,88.28944,2157.710551,153.356886,5.89861,-0.7103,5.98421,19.71855,-9.27193,-4.964512,-0.464087,2.83799,-0.36798,59.03786,72.243818,-176.768235,104.21102,TeamExclusive,20250913-UofSanDiego-Private-2,12cd9440-90d2-11f0-b482-5d1185df5079,High,High,High
325,9/13/2025,47:39.9,,,"Bunnell, Jack",813673.0,Right,SAN_DIE8,"Bunnell, Jack",813673,Right,SAN_DIE8,1,Top,0,0,0,Undefined,Four-Seam,Undefined,Undefined,Undefined,Undefined,87.99524,1957.728568,151.930008,5.76198,-0.91656,6.13406,11.49638,-5.43618,-6.243573,1.009578,2.24058,0.47019,81.80088,25.091578,-27.185887,248.68324,TeamExclusive,20250913-UofSanDiego-Private-2,2038f160-90d2-11f0-b482-5d1185df5079,High,High,High
326,9/13/2025,48:13.5,,,"Bunnell, Jack",813673.0,Right,SAN_DIE8,"Bunnell, Jack",813673,Right,SAN_DIE8,1,Top,0,0,0,Undefined,Four-Seam,Undefined,Undefined,Undefined,Undefined,87.46954,1991.813608,146.984135,5.8372,-0.93847,5.99779,16.21221,-9.67123,-4.781409,-1.095634,3.33226,-1.14767,,,,,TeamExclusive,20250913-UofSanDiego-Private-2,342c3650-90d2-11f0-b482-5d1185df5079,High,High,High
327,9/13/2025,48:28.1,,,"Bunnell, Jack",813673.0,Right,SAN_DIE8,"Bunnell, Jack",813673,Right,SAN_DIE8,1,Top,0,0,0,Undefined,Four-Seam,Undefined,Undefined,Undefined,Undefined,87.58485,2053.529313,155.489939,5.84814,-0.71532,5.90853,15.91304,-6.6578,-5.091791,-0.032556,3.06367,-0.19064,,,,,TeamExclusive,20250913-UofSanDiego-Private-2,3cdaa7a0-90d2-11f0-b482-5d1185df5079,High,High,High
328,9/13/2025,48:42.6,,,"Bunnell, Jack",813673.0,Right,SAN_DIE8,"Bunnell, Jack",813673,Right,SAN_DIE8,1,Top,0,0,0,Undefined,Four-Seam,Undefined,Undefined,Undefined,Undefined,87.70791,2085.577545,157.311501,5.89825,-0.76709,6.08438,14.80698,-5.65008,-5.113604,0.04995,3.16922,-0.24989,62.29587,37.793988,23.569832,196.31468,TeamExclusive,20250913-UofSanDiego-Private-2,45917d60-90d2-11f0-b482-5d1185df5079,High,High,High
329,9/13/2025,49:20.5,,,"Bunnell, Jack",813673.0,Right,SAN_DIE8,"Bunnell, Jack",813673,Right,SAN_DIE8,1,Top,0,0,0,Undefined,Changeup,Undefined,Undefined,Undefined,Undefined,81.26912,1405.575187,144.066957,5.72172,-0.64687,6.15887,13.60804,-8.6604,-7.071284,-0.273777,1.85607,-0.17696,57.45546,-76.131887,-10.636129,0.45206,TeamExclusive,20250913-UofSanDiego-Private-2,5c2fe520-90d2-11f0-b482-5d1185df5079,High,High,High
330,9/13/2025,50:02.5,,,"Bunnell, Jack",813673.0,Right,SAN_DIE8,"Bunnell, Jack",813673,Right,SAN_DIE8,1,Top,0,0,0,Undefined,Changeup,Undefined,Undefined,Undefined,Undefined,80.04996,1538.066691,132.795856,5.65354,-0.91451,6.1882,13.09654,-12.61477,-8.97148,-1.330377,0.03472,-1.08803,,,,,TeamExclusive,20250913-UofSanDiego-Private-2,753e6280-90d2-11f0-b482-5d1185df5079,High,High,High
331,9/13/2025,50:16.9,,,"Bunnell, Jack",813673.0,Right,SAN_DIE8,"Bunnell, Jack",813673,Right,SAN_DIE8,1,Top,0,0,0,Undefined,Four-Seam,Undefined,Undefined,Undefined,Undefined,88.10689,2115.940648,142.373358,5.82766,-0.65441,5.82509,17.4758,-12.39241,-6.087385,-1.533954,1.97966,-1.0471,62.09866,43.716273,114.75324,,TeamExclusive,20250913-UofSanDiego-Private-2,7dd61780-90d2-11f0-b482-5d1185df5079,High,High,High
332,9/13/2025,50:34.7,,,"Bunnell, Jack",813673.0,Right,SAN_DIE8,"Bunnell, Jack",813673,Right,SAN_DIE8,1,Top,0,0,0,Undefined,Four-Seam,Undefined,Undefined,Undefined,Undefined,87.61683,2118.976501,159.818352,5.82968,-0.84575,6.07034,17.83765,-6.08709,-5.530667,-0.583943,2.45352,-0.8787,,,,,TeamExclusive,20250913-UofSanDiego-Private-2,886074c0-90d2-11f0-b482-5d1185df5079,High,High,High
333,9/13/2025,50:56.5,,,"Bunnell, Jack",813673.0,Right,SAN_DIE8,"Bunnell, Jack",813673,Right,SAN_DIE8,1,Top,0,0,0,Undefined,Changeup,Undefined,Undefined,Undefined,Undefined,79.61179,1540.900222,134.37132,5.71516,-0.80994,6.03455,14.42509,-13.12859,-8.379321,-1.947254,0.64257,-1.51614,,,,,TeamExclusive,20250913-UofSanDiego-Private-2,9565bd10-90d2-11f0-b482-5d1185df5079,High,High,High
334,9/13/2025,51:15.3,,,"Bunnell, Jack",813673.0,Right,SAN_DIE8,"Bunnell, Jack",813673,Right,SAN_DIE8,1,Top,0,0,0,Undefined,Four-Seam,Undefined,Undefined,Undefined,Undefined,87.43147,2239.783267,173.491836,5.86631,-0.63511,6.16041,19.51245,-2.08099,-5.881318,0.83414,2.02957,0.30901,84.31751,-2.141192,-19.533233,28.32363,TeamExclusive,20250913-UofSanDiego-Private-2,a08ea440-90d2-11f0-b482-5d1185df5079,High,High,High
335,9/13/2025,51:54.3,,,"Bunnell, Jack",813673.0,Right,SAN_DIE8,"Bunnell, Jack",813673,Right,SAN_DIE8,1,Top,0,0,0,Undefined,Four-Seam,Undefined,Undefined,Undefined,Undefined,87.75443,2009.988816,145.323025,5.72772,-0.74812,5.90538,16.54064,-10.60225,-6.213227,-0.371686,1.78661,-0.20911,,,,,TeamExclusive,20250913-UofSanDiego-Private-2,b7d0ed20-90d2-11f0-b482-5d1185df5079,High,High,High
336,9/13/2025,52:09.8,,,"Bunnell, Jack",813673.0,Right,SAN_DIE8,"Bunnell, Jack",813673,Right,SAN_DIE8,1,Top,0,0,0,Undefined,Curveball,Undefined,Undefined,Undefined,Undefined,73.89952,2202.531898,330.718021,5.67725,-0.85672,5.6713,-11.34953,7.30056,-9.401382,2.948113,2.39639,1.28299,,,,,TeamExclusive,20250913-UofSanDiego-Private-2,c127fa80-90d2-11f0-b482-5d1185df5079,High,High,High
337,9/13/2025,52:25.9,,,"Bunnell, Jack",813673.0,Right,SAN_DIE8,"Bunnell, Jack",813673,Right,SAN_DIE8,1,Top,0,0,0,Undefined,Curveball,Undefined,Undefined,Undefined,Undefined,75.60832,2182.220441,328.968839,5.64841,-0.89876,5.40614,-10.41713,7.24296,-9.210342,2.520324,2.27002,0.85774,50.19424,-41.732894,-87.700969,3.13537,TeamExclusive,20250913-UofSanDiego-Private-2,cab92ab0-90d2-11f0-b482-5d1185df5079,High,High,High
338,9/13/2025,53:05.6,,,"Bunnell, Jack",813673.0,Right,SAN_DIE8,"Bunnell, Jack",813673,Right,SAN_DIE8,1,Top,0,0,0,Undefined,Four-Seam,Undefined,Undefined,Undefined,Undefined,82.30221,2240.692657,209.835549,6.41478,2.03992,5.83958,17.8184,9.43477,-6.530844,0.014105,2.50162,1.26634,,,,,TeamExclusive,20250913-UofSanDiego-Private-2,e23c4d20-90d2-11f0-b482-5d1185df5079,High,High,High
339,9/13/2025,53:17.1,,,"Bunnell, Jack",813673.0,Right,SAN_DIE8,"Bunnell, Jack",813673,Right,SAN_DIE8,1,Top,0,0,0,Undefined,Four-Seam,Undefined,Undefined,Undefined,Undefined,86.01762,2342.69325,210.238065,6.48488,1.91731,5.95595,18.08253,9.75252,-8.435072,-1.591159,0.48579,-0.37183,,,,,TeamExclusive,20250913-UofSanDiego-Private-2,e9351f30-90d2-11f0-b482-5d1185df5079,High,High,High
340,9/13/2025,53:29.1,,,"Bunnell, Jack",813673.0,Right,SAN_DIE8,"Bunnell, Jack",813673,Right,SAN_DIE8,1,Top,0,0,0,Undefined,Four-Seam,Undefined,Undefined,Undefined,Undefined,85.17769,2206.764352,203.092755,6.9086,1.45557,5.65989,23.67391,9.48898,-7.224619,-0.094856,1.66002,0.57659,,,,,TeamExclusive,20250913-UofSanDiego-Private-2,f05130b0-90d2-11f0-b482-5d1185df5079,High,High,High
341,9/13/2025,53:39.6,,,"Bunnell, Jack",813673.0,Right,SAN_DIE8,"Bunnell, Jack",813673,Right,SAN_DIE8,1,Top,0,0,0,Undefined,Cutter,Undefined,Undefined,Undefined,Undefined,83.65649,2182.026713,195.885347,6.937,1.5418,5.80205,17.79678,4.68205,-8.132432,-1.962565,1.39944,-0.67495,,,,,TeamExclusive,20250913-UofSanDiego-Private-2,f6972d80-90d2-11f0-b482-5d1185df5079,High,High,High
342,9/13/2025,53:51.5,,,"Bunnell, Jack",813673.0,Right,SAN_DIE8,"Bunnell, Jack",813673,Right,SAN_DIE8,1,Top,0,0,0,Undefined,Four-Seam,Undefined,Undefined,Undefined,Undefined,82.99445,2241.923238,210.889573,6.80866,2.23163,5.0845,19.07804,10.51426,-5.557536,-0.742525,3.727,0.656,,,,,TeamExclusive,20250913-UofSanDiego-Private-2,fdbe3b80-90d2-11f0-b482-5d1185df5079,High,High,High
343,9/13/2025,54:18.4,,,"Bunnell, Jack",813673.0,Right,SAN_DIE8,"Bunnell, Jack",813673,Right,SAN_DIE8,1,Top,0,0,0,Undefined,Four-Seam,Undefined,Undefined,Undefined,Undefined,87.51753,2253.90886,204.134178,6.70587,1.65847,6.14323,20.96903,8.81575,-6.157151,-0.344377,2.4927,0.60582,,,,,TeamExclusive,20250913-UofSanDiego-Private-2,0db832c0-90d3-11f0-b482-5d1185df5079,High,High,High
344,9/13/2025,54:30.4,,,"Bunnell, Jack",813673.0,Right,SAN_DIE8,"Bunnell, Jack",813673,Right,SAN_DIE8,1,Top,0,0,0,Undefined,Four-Seam,Undefined,Undefined,Undefined,Undefined,87.29123,2194.309596,206.802399,6.62,1.71136,5.82724,21.50745,10.21146,-6.325516,0.372787,2.21558,1.2071,,,,,TeamExclusive,20250913-UofSanDiego-Private-2,14e3ad90-90d3-11f0-b482-5d1185df5079,High,High,High
345,9/13/2025,54:42.0,,,"Bunnell, Jack",813673.0,Right,SAN_DIE8,"Bunnell, Jack",813673,Right,SAN_DIE8,1,Top,0,0,0,Undefined,Curveball,Undefined,Undefined,Undefined,Undefined,72.70501,2107.810987,33.060654,6.33719,1.87669,5.04103,-8.67914,-6.82418,-12.108391,-3.38836,0.36971,-0.74813,,,,,TeamExclusive,20250913-UofSanDiego-Private-2,1bd72870-90d3-11f0-b482-5d1185df5079,High,High,High
346,9/13/2025,54:56.9,,,"Bunnell, Jack",813673.0,Right,SAN_DIE8,"Bunnell, Jack",813673,Right,SAN_DIE8,1,Top,0,0,0,Undefined,Curveball,Undefined,Undefined,Undefined,Undefined,72.07316,2104.57792,32.770778,6.58186,1.81948,4.88845,-9.92693,-7.56874,-11.112532,-3.037766,1.77474,-0.4209,80.18606,-22.574782,-17.38987,6.98313,TeamExclusive,20250913-UofSanDiego-Private-2,24b471f0-90d3-11f0-b482-5d1185df5079,High,High,High
347,9/13/2025,55:24.7,,,"Bunnell, Jack",813673.0,Right,SAN_DIE8,"Bunnell, Jack",813673,Right,SAN_DIE8,1,Top,0,0,0,Undefined,Curveball,Undefined,Undefined,Undefined,Undefined,72.27624,2112.178001,53.135172,6.50623,1.97349,4.77843,-5.37717,-9.51438,-10.854643,-3.988802,1.49809,-1.01387,,,,,TeamExclusive,20250913-UofSanDiego-Private-2,354af750-90d3-11f0-b482-5d1185df5079,High,High,High
348,9/13/2025,55:35.8,,,"Bunnell, Jack",813673.0,Right,SAN_DIE8,"Bunnell, Jack",813673,Right,SAN_DIE8,1,Top,0,0,0,Undefined,Four-Seam,Undefined,Undefined,Undefined,Undefined,87.8582,2274.746741,204.322308,6.73151,1.44411,6.13136,20.86879,8.89374,-4.297566,-2.162949,4.20506,-1.29607,,,,,TeamExclusive,20250913-UofSanDiego-Private-2,3bbe93d0-90d3-11f0-b482-5d1185df5079,High,High,High
349,9/13/2025,55:49.4,,,"Bunnell, Jack",813673.0,Right,SAN_DIE8,"Bunnell, Jack",813673,Right,SAN_DIE8,1,Top,0,0,0,Undefined,Four-Seam,Undefined,Undefined,Undefined,Undefined,86.03995,2220.880106,194.685403,7.12391,1.18969,5.69357,23.74249,5.85756,-7.032229,1.757981,1.98173,2.3403,,,,,TeamExclusive,20250913-UofSanDiego-Private-2,43f9d0f0-90d3-11f0-b482-5d1185df5079,High,High,High
350,9/13/2025,56:08.2,,,"Bunnell, Jack",813673.0,Right,SAN_DIE8,"Bunnell, Jack",813673,Right,SAN_DIE8,1,Top,0,0,0,Undefined,Four-Seam,Undefined,Undefined,Undefined,Undefined,86.33339,2208.62029,204.995976,6.73277,1.46013,5.98172,21.10336,9.25044,-4.763231,0.247148,3.87772,0.91868,,,,,TeamExclusive,20250913-UofSanDiego-Private-2,4f0e93e0-90d3-11f0-b482-5d1185df5079,High,High,High
351,9/13/2025,56:20.1,,,"Bunnell, Jack",813673.0,Right,SAN_DIE8,"Bunnell, Jack",813673,Right,SAN_DIE8,1,Top,0,0,0,Undefined,Four-Seam,Undefined,Undefined,Undefined,Undefined,85.93861,2271.672917,200.985369,6.57952,1.49815,5.92765,21.25867,7.66764,-5.462154,-1.48021,3.08571,-0.51408,72.41879,38.16428,30.180207,237.5867,TeamExclusive,20250913-UofSanDiego-Private-2,5644e420-90d3-11f0-b482-5d1185df5079,High,High,High
352,9/13/2025,56:46.0,,,"Bunnell, Jack",813673.0,Right,SAN_DIE8,"Bunnell, Jack",813673,Right,SAN_DIE8,1,Top,0,0,0,Undefined,Curveball,Undefined,Undefined,Undefined,Undefined,70.53344,2141.822689,41.177584,6.47149,2.01244,4.84733,-10.54351,-10.96213,-12.273701,-5.133894,0.82276,-1.9358,,,,,TeamExclusive,20250913-UofSanDiego-Private-2,65ac8670-90d3-11f0-b482-5d1185df5079,High,High,High
353,9/13/2025,56:58.5,,,"Bunnell, Jack",813673.0,Right,SAN_DIE8,"Bunnell, Jack",813673,Right,SAN_DIE8,1,Top,0,0,0,Undefined,Four-Seam,Undefined,Undefined,Undefined,Undefined,85.28323,2256.718447,206.738007,6.60324,1.66725,5.99807,20.00824,9.42823,-4.989814,-1.674584,3.71179,-0.66969,73.07854,67.887902,-173.419648,,TeamExclusive,20250913-UofSanDiego-Private-2,6d231400-90d3-11f0-b482-5d1185df5079,High,High,High
354,9/13/2025,57:13.9,,,"Bunnell, Jack",813673.0,Right,SAN_DIE8,"Bunnell, Jack",813673,Right,SAN_DIE8,1,Top,0,0,0,Undefined,Curveball,Undefined,Undefined,Undefined,Undefined,70.67056,1941.846861,41.370253,6.44682,1.9591,5.05232,-9.35938,-10.01272,-11.770996,-2.841523,1.19891,0.11951,,,,,TeamExclusive,20250913-UofSanDiego-Private-2,767602b0-90d3-11f0-b482-5d1185df5079,High,High,High
355,9/13/2025,57:26.6,,,"Bunnell, Jack",813673.0,Right,SAN_DIE8,"Bunnell, Jack",813673,Right,SAN_DIE8,1,Top,0,0,0,Undefined,Changeup,Undefined,Undefined,Undefined,Undefined,86.05964,2146.952042,223.309745,6.42591,1.91404,5.99536,13.11131,11.17005,-5.268037,-0.962808,3.78958,0.09143,,,,,TeamExclusive,20250913-UofSanDiego-Private-2,7dd14010-90d3-11f0-b482-5d1185df5079,High,High,High
356,9/13/2025,57:40.3,,,"Bunnell, Jack",813673.0,Right,SAN_DIE8,"Bunnell, Jack",813673,Right,SAN_DIE8,1,Top,0,0,0,Undefined,Curveball,Undefined,Undefined,Undefined,Undefined,73.30333,2146.342529,41.216604,6.44491,1.95524,5.10917,-9.06217,-9.3778,-9.519852,-4.291986,2.89943,-1.31014,,,,,TeamExclusive,20250913-UofSanDiego-Private-2,860a3340-90d3-11f0-b482-5d1185df5079,High,High,High
357,9/13/2025,58:06.4,,,"Bunnell, Jack",813673.0,Right,SAN_DIE8,"Bunnell, Jack",813673,Right,SAN_DIE8,1,Top,0,0,0,Undefined,Four-Seam,Undefined,Undefined,Undefined,Undefined,87.99499,2308.384616,217.202145,6.67101,1.95538,5.77404,13.86883,9.59721,-5.448628,-0.643879,3.66434,0.55646,,,,,TeamExclusive,20250913-UofSanDiego-Private-2,95a5dde0-90d3-11f0-b482-5d1185df5079,High,High,High
358,9/13/2025,58:18.3,,,"Bunnell, Jack",813673.0,Right,SAN_DIE8,"Bunnell, Jack",813673,Right,SAN_DIE8,1,Top,0,0,0,Undefined,Four-Seam,Undefined,Undefined,Undefined,Undefined,87.43753,2273.381347,213.001132,6.57476,1.80954,5.9632,15.88804,9.48733,-4.522436,-0.63051,4.32265,0.43477,,,,,TeamExclusive,20250913-UofSanDiego-Private-2,9ca7b0a0-90d3-11f0-b482-5d1185df5079,High,High,High
359,9/13/2025,58:30.2,,,"Bunnell, Jack",813673.0,Right,SAN_DIE8,"Bunnell, Jack",813673,Right,SAN_DIE8,1,Top,0,0,0,Undefined,Four-Seam,Undefined,Undefined,Undefined,Undefined,87.23873,2165.388728,220.782401,6.40183,1.914,5.78815,14.93639,11.78375,-6.382454,0.831034,2.49282,1.70414,,,,,TeamExclusive,20250913-UofSanDiego-Private-2,a3c19f40-90d3-11f0-b482-5d1185df5079,High,High,High
360,9/13/2025,58:45.4,,,"Bunnell, Jack",813673.0,Right,SAN_DIE8,"Bunnell, Jack",813673,Right,SAN_DIE8,1,Top,0,0,0,Undefined,Four-Seam,Undefined,Undefined,Undefined,Undefined,87.65447,2237.702892,210.096228,6.79191,1.44469,5.89999,17.41847,9.36981,-5.512351,0.003852,3.45705,0.66745,83.99905,21.650956,-37.879101,233.73835,TeamExclusive,20250913-UofSanDiego-Private-2,ace1be20-90d3-11f0-b482-5d1185df5079,High,High,High
361,9/13/2025,59:08.7,,,"Bunnell, Jack",813673.0,Right,SAN_DIE8,"Bunnell, Jack",813673,Right,SAN_DIE8,1,Top,0,0,0,Undefined,Four-Seam,Undefined,Undefined,Undefined,Undefined,88.79672,2199.515108,197.002636,6.59638,1.67741,5.68525,18.15501,5.17201,-6.361405,-1.48926,2.32439,-0.14216,,,,,TeamExclusive,20250913-UofSanDiego-Private-2,bab0e620-90d3-11f0-b482-5d1185df5079,High,High,High
362,9/13/2025,59:30.5,,,"Bunnell, Jack",813673.0,Right,SAN_DIE8,"Bunnell, Jack",813673,Right,SAN_DIE8,1,Top,0,0,0,Undefined,Curveball,Undefined,Undefined,Undefined,Undefined,71.57874,1970.108489,46.084823,6.43469,2.04604,5.18222,-8.33674,-10.57831,-11.365234,-2.774843,1.32172,0.32302,57.53072,-68.784807,97.044863,1.62943,TeamExclusive,20250913-UofSanDiego-Private-2,c7d5eb70-90d3-11f0-b482-5d1185df5079,High,High,High
363,9/13/2025,59:59.6,,,"Bunnell, Jack",813673.0,Right,SAN_DIE8,"Bunnell, Jack",813673,Right,SAN_DIE8,1,Top,0,0,0,Undefined,Curveball,Undefined,Undefined,Undefined,Undefined,70.87786,1984.988384,48.814642,6.52958,1.64845,5.03446,-9.02934,-12.5369,-12.991537,-4.998151,-0.00916,-2.0186,,,,,TeamExclusive,20250913-UofSanDiego-Private-2,d9378900-90d3-11f0-b482-5d1185df5079,High,High,High
364,9/13/2025,00:16.9,,,"Bunnell, Jack",813673.0,Right,SAN_DIE8,"Bunnell, Jack",813673,Right,SAN_DIE8,1,Top,0,0,0,Undefined,Four-Seam,Undefined,Undefined,Undefined,Undefined,89.3479,2198.365473,187.341047,6.84887,1.28661,5.77049,20.8482,2.52977,-4.87934,-2.003733,3.70296,-0.78966,,,,,TeamExclusive,20250913-UofSanDiego-Private-2,e34b0890-90d3-11f0-b482-5d1185df5079,High,High,High
365,9/13/2025,00:29.1,,,"Bunnell, Jack",813673.0,Right,SAN_DIE8,"Bunnell, Jack",813673,Right,SAN_DIE8,1,Top,0,0,0,Undefined,Four-Seam,Undefined,Undefined,Undefined,Undefined,88.72113,2193.75239,188.987157,6.89978,1.39535,5.68206,21.84934,3.25197,-5.567293,0.507895,3.09035,1.59784,,,,,TeamExclusive,20250913-UofSanDiego-Private-2,eaa841c0-90d3-11f0-b482-5d1185df5079,High,High,High
366,9/13/2025,00:44.1,,,"Bunnell, Jack",813673.0,Right,SAN_DIE8,"Bunnell, Jack",813673,Right,SAN_DIE8,1,Top,0,0,0,Undefined,Four-Seam,Undefined,Undefined,Undefined,Undefined,87.08266,2220.806584,183.639064,6.85773,1.23782,5.93806,20.9508,1.2537,-6.204001,-2.073191,2.60484,-0.79086,,,,,TeamExclusive,20250913-UofSanDiego-Private-2,f3aa2a40-90d3-11f0-b482-5d1185df5079,High,High,High
367,9/13/2025,00:59.8,,,"Bunnell, Jack",813673.0,Right,SAN_DIE8,"Bunnell, Jack",813673,Right,SAN_DIE8,1,Top,0,0,0,Undefined,Four-Seam,Undefined,Undefined,Undefined,Undefined,89.54021,2281.806199,184.519194,7.0395,1.19931,5.92049,22.52155,1.67996,-5.175176,-1.522317,3.48426,-0.35372,82.52838,40.751304,69.051532,285.70884,TeamExclusive,20250913-UofSanDiego-Private-2,fcfd18f0-90d3-11f0-b482-5d1185df5079,High,High,High
368,9/13/2025,01:16.7,,,"Bunnell, Jack",813673.0,Right,SAN_DIE8,"Bunnell, Jack",813673,Right,SAN_DIE8,1,Top,0,0,0,Undefined,Four-Seam,Undefined,Undefined,Undefined,Undefined,90.08968,2286.654209,202.039494,6.91647,1.20078,5.95264,19.90509,7.5717,-4.310076,-1.019428,4.33345,-0.37522,,,,,TeamExclusive,20250913-UofSanDiego-Private-2,06ec95c0-90d4-11f0-b482-5d1185df5079,High,High,High
369,9/13/2025,01:31.3,,,"Bunnell, Jack",813673.0,Right,SAN_DIE8,"Bunnell, Jack",813673,Right,SAN_DIE8,1,Top,0,0,0,Undefined,Four-Seam,Undefined,Undefined,Undefined,Undefined,88.86715,2323.902532,208.037611,6.71082,1.50378,5.92444,20.28399,10.08245,-4.561659,0.296575,3.99449,0.93917,,,,,TeamExclusive,20250913-UofSanDiego-Private-2,0fa148a0-90d4-11f0-b482-5d1185df5079,High,High,High
370,9/13/2025,02:15.4,,,"Bunnell, Jack",813673.0,Right,SAN_DIE8,"Bunnell, Jack",813673,Right,SAN_DIE8,1,Top,0,0,0,Undefined,Changeup,Undefined,Undefined,Undefined,Undefined,79.68248,1962.118028,170.100086,5.76214,-0.94365,5.87543,18.32202,-2.94626,-4.191015,0.62458,4.25093,-0.1182,,,,,TeamExclusive,20250913-UofSanDiego-Private-2,29fedb40-90d4-11f0-b482-5d1185df5079,High,High,High
371,9/13/2025,02:27.9,,,"Bunnell, Jack",813673.0,Right,SAN_DIE8,"Bunnell, Jack",813673,Right,SAN_DIE8,1,Top,0,0,0,Undefined,Changeup,Undefined,Undefined,Undefined,Undefined,80.58358,2043.04809,148.014988,5.79529,-1.09668,6.01498,17.28084,-9.90099,-5.578616,-0.200793,2.98046,-0.45768,,,,,TeamExclusive,20250913-UofSanDiego-Private-2,318e20f0-90d4-11f0-b482-5d1185df5079,High,High,High
372,9/13/2025,02:41.1,,,"Bunnell, Jack",813673.0,Right,SAN_DIE8,"Bunnell, Jack",813673,Right,SAN_DIE8,1,Top,0,0,0,Undefined,Curveball,Undefined,Undefined,Undefined,Undefined,70.28251,2147.999045,343.296881,5.68774,-0.72251,5.55169,-11.31418,3.97988,-12.07865,3.473468,0.35361,2.19218,,,,,TeamExclusive,20250913-UofSanDiego-Private-2,397857e0-90d4-11f0-b482-5d1185df5079,High,High,High
373,9/13/2025,02:59.8,,,"Bunnell, Jack",813673.0,Right,SAN_DIE8,"Bunnell, Jack",813673,Right,SAN_DIE8,1,Top,0,0,0,Undefined,Changeup,Undefined,Undefined,Undefined,Undefined,75.86663,1542.08771,147.020973,5.76569,-1.02016,6.00859,15.5665,-9.04741,-8.69139,1.050403,0.64989,0.70866,,,,,TeamExclusive,20250913-UofSanDiego-Private-2,44894a40-90d4-11f0-b482-5d1185df5079,High,High,High
374,9/13/2025,03:12.7,,,"Bunnell, Jack",813673.0,Right,SAN_DIE8,"Bunnell, Jack",813673,Right,SAN_DIE8,1,Top,0,0,0,Undefined,Changeup,Undefined,Undefined,Undefined,Undefined,84.76766,1967.194749,155.81158,5.80094,-0.88378,5.84679,20.02414,-8.37926,-4.56504,-0.495911,3.37642,-0.64657,,,,,TeamExclusive,20250913-UofSanDiego-Private-2,4c376290-90d4-11f0-b482-5d1185df5079,High,High,High
375,9/13/2025,03:41.1,,,"Bunnell, Jack",813673.0,Right,SAN_DIE8,"Bunnell, Jack",813673,Right,SAN_DIE8,1,Top,0,0,0,Undefined,Four-Seam,Undefined,Undefined,Undefined,Undefined,87.6074,1902.846026,141.214444,5.84818,-0.83596,6.1556,14.45946,-10.57595,-5.746304,0.195667,2.56487,0.22632,,,,,TeamExclusive,20250913-UofSanDiego-Private-2,5d23f730-90d4-11f0-b482-5d1185df5079,High,High,High
376,9/13/2025,03:54.9,,,"Bunnell, Jack",813673.0,Right,SAN_DIE8,"Bunnell, Jack",813673,Right,SAN_DIE8,1,Top,0,0,0,Undefined,Four-Seam,Undefined,Undefined,Undefined,Undefined,87.74466,2139.627272,161.77502,5.8125,-0.73228,6.0647,20.34726,-6.27303,-4.606098,0.531882,3.09135,0.28249,69.84772,13.364055,167.879426,113.12727,TeamExclusive,20250913-UofSanDiego-Private-2,6545b8e0-90d4-11f0-b482-5d1185df5079,High,High,High
377,9/13/2025,04:11.4,,,"Bunnell, Jack",813673.0,Right,SAN_DIE8,"Bunnell, Jack",813673,Right,SAN_DIE8,1,Top,0,0,0,Undefined,Sinker,Undefined,Undefined,Undefined,Undefined,87.29429,2066.971346,136.598289,5.81068,-0.77456,5.99844,15.16678,-13.08761,-6.116908,-0.094235,2.15192,0.22905,90.32088,-0.831556,18.229473,37.52018,TeamExclusive,20250913-UofSanDiego-Private-2,6f23a980-90d4-11f0-b482-5d1185df5079,High,High,High
378,9/13/2025,04:45.1,,,"Bunnell, Jack",813673.0,Right,SAN_DIE8,"Bunnell, Jack",813673,Right,SAN_DIE8,1,Top,0,0,0,Undefined,Curveball,Undefined,Undefined,Undefined,Undefined,77.14981,2290.264909,301.394375,5.70298,-0.97863,5.6044,-6.84158,13.89308,-7.673768,3.25517,3.34782,0.90234,,,,,TeamExclusive,20250913-UofSanDiego-Private-2,83396a90-90d4-11f0-b482-5d1185df5079,High,High,High
379,9/13/2025,04:58.5,,,"Bunnell, Jack",813673.0,Right,SAN_DIE8,"Bunnell, Jack",813673,Right,SAN_DIE8,1,Top,0,0,0,Undefined,Four-Seam,Undefined,Undefined,Undefined,Undefined,88.12259,2171.066671,147.913202,5.81068,-0.66821,5.87464,15.97895,-9.23894,-4.400934,2.876024,3.61172,2.77389,,,,,TeamExclusive,20250913-UofSanDiego-Private-2,8b2faf70-90d4-11f0-b482-5d1185df5079,High,High,High
380,9/13/2025,05:14.9,,,"Bunnell, Jack",813673.0,Right,SAN_DIE8,"Bunnell, Jack",813673,Right,SAN_DIE8,1,Top,0,0,0,Undefined,Curveball,Undefined,Undefined,Undefined,Undefined,74.95739,2329.066808,301.986303,5.65329,-1.04355,5.65952,-8.68245,16.64635,-9.864411,3.011495,1.61087,0.37046,68.01017,-4.370395,37.068704,17.46491,TeamExclusive,20250913-UofSanDiego-Private-2,95134560-90d4-11f0-b482-5d1185df5079,High,High,High
381,9/13/2025,05:46.5,,,"Bunnell, Jack",813673.0,Right,SAN_DIE8,"Bunnell, Jack",813673,Right,SAN_DIE8,1,Top,0,0,0,Undefined,Sinker,Undefined,Undefined,Undefined,Undefined,87.47374,2114.282602,131.731178,5.82379,-0.71432,6.17522,14.11268,-14.43729,-5.592831,-1.168826,2.69464,-0.59,80.94497,42.085121,19.33921,276.90366,TeamExclusive,20250913-UofSanDiego-Private-2,a7d38890-90d4-11f0-b482-5d1185df5079,High,High,High
382,9/13/2025,06:20.8,,,"Bunnell, Jack",813673.0,Right,SAN_DIE8,"Bunnell, Jack",813673,Right,SAN_DIE8,1,Top,0,0,0,Undefined,Four-Seam,Undefined,Undefined,Undefined,Undefined,88.63311,2176.591471,136.141722,5.75388,-0.73843,6.08988,16.05399,-14.3332,-6.509437,-0.467104,1.4918,0.02441,59.14013,-79.934645,-7.182935,0.55778,TeamExclusive,20250913-UofSanDiego-Private-2,bc351fb0-90d4-11f0-b482-5d1185df5079,High,High,High
383,9/13/2025,06:56.1,,,"Bunnell, Jack",813673.0,Right,SAN_DIE8,"Bunnell, Jack",813673,Right,SAN_DIE8,1,Top,0,0,0,Undefined,Changeup,Undefined,Undefined,Undefined,Undefined,80.46999,1753.78279,157.2082,5.73637,-0.74495,6.30225,21.64367,-8.50288,-5.138295,-0.983332,2.95841,-0.94249,,,,,TeamExclusive,20250913-UofSanDiego-Private-2,d16a8190-90d4-11f0-b482-5d1185df5079,High,High,High
384,9/13/2025,07:11.0,,,"Bunnell, Jack",813673.0,Right,SAN_DIE8,"Bunnell, Jack",813673,Right,SAN_DIE8,1,Top,0,0,0,Undefined,Curveball,Undefined,Undefined,Undefined,Undefined,74.70205,2308.167037,294.016806,5.64414,-1.02587,5.58994,-5.15111,15.39918,-8.532907,1.342093,2.59488,-1.05942,,,,,TeamExclusive,20250913-UofSanDiego-Private-2,da424cd0-90d4-11f0-b482-5d1185df5079,High,High,High
385,9/13/2025,07:25.7,,,"Bunnell, Jack",813673.0,Right,SAN_DIE8,"Bunnell, Jack",813673,Right,SAN_DIE8,1,Top,0,0,0,Undefined,Curveball,Undefined,Undefined,Undefined,Undefined,75.28812,2345.093368,296.600289,5.70887,-0.89821,5.69788,-7.23233,17.83064,-9.070459,2.503053,2.26123,-0.05739,72.90453,-10.202521,-31.427261,13.95782,TeamExclusive,20250913-UofSanDiego-Private-2,e308b2f0-90d4-11f0-b482-5d1185df5079,High,High,High
386,9/13/2025,08:46.7,,,"Bunnell, Jack",813673.0,Right,SAN_DIE8,"Bunnell, Jack",813673,Right,SAN_DIE8,1,Top,0,0,0,Undefined,Changeup,Undefined,Undefined,Undefined,Undefined,80.78733,2143.831082,209.753552,5.95075,1.96368,6.04845,19.26166,10.15871,-4.058925,-0.212466,4.4059,0.92155,,,,,TeamExclusive,20250913-UofSanDiego-Private-2,13513bd0-90d5-11f0-b482-5d1185df5079,High,High,High
387,9/13/2025,08:58.5,,,"Bunnell, Jack",813673.0,Right,SAN_DIE8,"Bunnell, Jack",813673,Right,SAN_DIE8,1,Top,0,0,0,Undefined,Changeup,Undefined,Undefined,Undefined,Undefined,83.02478,2261.196662,216.113068,5.9032,1.81336,6.53255,19.2821,13.07016,-5.483985,-0.412998,2.78805,0.34629,,,,,TeamExclusive,20250913-UofSanDiego-Private-2,1a588cd0-90d5-11f0-b482-5d1185df5079,High,High,High
388,9/13/2025,09:11.8,,,"Bunnell, Jack",813673.0,Right,SAN_DIE8,"Bunnell, Jack",813673,Right,SAN_DIE8,1,Top,0,0,0,Undefined,Slider,Undefined,Undefined,Undefined,Undefined,75.52775,2327.223733,106.941962,5.64023,2.19297,5.85897,4.32855,-8.82977,-6.999273,-4.81945,3.13075,-1.55756,,,,,TeamExclusive,20250913-UofSanDiego-Private-2,2247a5c0-90d5-11f0-b482-5d1185df5079,High,High,High
389,9/13/2025,09:24.2,,,"Bunnell, Jack",813673.0,Right,SAN_DIE8,"Bunnell, Jack",813673,Right,SAN_DIE8,1,Top,0,0,0,Undefined,Slider,Undefined,Undefined,Undefined,Undefined,74.97299,2415.632494,139.132589,5.70744,2.12324,5.77559,8.81626,-6.39284,-8.005281,-3.212198,1.82282,-0.33444,,,,,TeamExclusive,20250913-UofSanDiego-Private-2,29b35de0-90d5-11f0-b482-5d1185df5079,High,High,High
390,9/13/2025,09:37.1,,,"Bunnell, Jack",813673.0,Right,SAN_DIE8,"Bunnell, Jack",813673,Right,SAN_DIE8,1,Top,0,0,0,Undefined,Curveball,Undefined,Undefined,Undefined,Undefined,71.70659,2163.60882,45.666495,5.98647,1.75006,5.82942,-14.2293,-16.4741,-13.158554,-4.591963,-0.32997,-1.13245,,,,,TeamExclusive,20250913-UofSanDiego-Private-2,31525b00-90d5-11f0-b482-5d1185df5079,High,High,High
391,9/13/2025,09:49.9,,,"Bunnell, Jack",813673.0,Right,SAN_DIE8,"Bunnell, Jack",813673,Right,SAN_DIE8,1,Top,0,0,0,Undefined,Four-Seam,Undefined,Undefined,Undefined,Undefined,84.84295,2385.598244,205.016024,5.87306,1.74986,6.55745,19.0121,8.24052,-6.325939,-0.468789,1.86516,0.63325,,,,,TeamExclusive,20250913-UofSanDiego-Private-2,38f92050-90d5-11f0-b482-5d1185df5079,High,High,High
392,9/13/2025,10:01.8,,,"Bunnell, Jack",813673.0,Right,SAN_DIE8,"Bunnell, Jack",813673,Right,SAN_DIE8,1,Top,0,0,0,Undefined,Changeup,Undefined,Undefined,Undefined,Undefined,78.80445,2087.759806,228.969373,5.75858,1.9507,6.21459,14.55576,15.03154,-5.165374,0.179725,3.72528,0.86528,,,,,TeamExclusive,20250913-UofSanDiego-Private-2,40111320-90d5-11f0-b482-5d1185df5079,High,High,High
393,9/13/2025,10:34.1,,,"Bunnell, Jack",813673.0,Right,SAN_DIE8,"Bunnell, Jack",813673,Right,SAN_DIE8,1,Top,0,0,0,Undefined,Four-Seam,Undefined,Undefined,Undefined,Undefined,85.93211,2399.604073,222.111679,5.88452,1.66154,6.35276,16.65981,13.87225,-5.774263,0.491332,2.50097,0.95774,,,,,TeamExclusive,20250913-UofSanDiego-Private-2,53337380-90d5-11f0-b482-5d1185df5079,High,High,High
394,9/13/2025,10:48.9,,,"Bunnell, Jack",813673.0,Right,SAN_DIE8,"Bunnell, Jack",813673,Right,SAN_DIE8,1,Top,0,0,0,Undefined,Slider,Undefined,Undefined,Undefined,Undefined,78.81899,2493.971744,87.878448,5.56619,1.58252,5.79589,0.94929,-15.15422,-7.09643,-3.868298,2.89162,-0.75364,,,,,TeamExclusive,20250913-UofSanDiego-Private-2,5c0c2920-90d5-11f0-b482-5d1185df5079,High,High,High
395,9/13/2025,11:13.1,,,"Bunnell, Jack",813673.0,Right,SAN_DIE8,"Bunnell, Jack",813673,Right,SAN_DIE8,1,Top,0,0,0,Undefined,Curveball,Undefined,Undefined,Undefined,Undefined,74.86177,2178.648173,30.077825,5.54147,1.71662,5.97728,-14.10209,-9.1763,-10.309864,-3.493517,1.56935,-0.75524,82.76527,-12.728907,-6.185469,9.16886,TeamExclusive,20250913-UofSanDiego-Private-2,6a91a8d0-90d5-11f0-b482-5d1185df5079,High,High,High
396,9/13/2025,11:44.1,,,"Bunnell, Jack",813673.0,Right,SAN_DIE8,"Bunnell, Jack",813673,Right,SAN_DIE8,1,Top,0,0,0,Undefined,Changeup,Undefined,Undefined,Undefined,Undefined,86.02752,2339.014903,234.601349,5.57013,1.83574,6.5912,13.97005,17.88241,-4.853652,1.017582,3.23902,1.27851,,,,,TeamExclusive,20250913-UofSanDiego-Private-2,7cf944b0-90d5-11f0-b482-5d1185df5079,High,High,High
397,9/13/2025,12:10.7,,,"Bunnell, Jack",813673.0,Right,SAN_DIE8,"Bunnell, Jack",813673,Right,SAN_DIE8,1,Top,0,0,0,Undefined,Slider,Undefined,Undefined,Undefined,Undefined,79.57863,2342.867428,101.68945,5.62984,1.64494,5.75582,3.44181,-9.93064,-7.550826,-5.275165,2.19365,-2.44799,,,,,TeamExclusive,20250913-UofSanDiego-Private-2,8cd44240-90d5-11f0-b482-5d1185df5079,High,High,High
398,9/13/2025,12:28.8,,,"Bunnell, Jack",813673.0,Right,SAN_DIE8,"Bunnell, Jack",813673,Right,SAN_DIE8,1,Top,0,0,0,Undefined,Cutter,Undefined,Undefined,Undefined,Undefined,85.11992,2445.007806,192.613096,5.9155,1.12853,6.42534,19.15725,3.9774,-3.173435,-0.494325,4.82303,0.34296,,,,,TeamExclusive,20250913-UofSanDiego-Private-2,978dc5d0-90d5-11f0-b482-5d1185df5079,High,High,High
399,9/13/2025,12:57.4,,,"Bunnell, Jack",813673.0,Right,SAN_DIE8,"Bunnell, Jack",813673,Right,SAN_DIE8,1,Top,0,0,0,Undefined,Cutter,Undefined,Undefined,Undefined,Undefined,83.17293,2278.34654,192.427518,5.76714,1.63561,6.27318,18.57525,3.78732,-4.625871,-1.823964,3.51632,-0.36185,,,,,TeamExclusive,20250913-UofSanDiego-Private-2,a8a89660-90d5-11f0-b482-5d1185df5079,High,High,High
400,9/13/2025,13:15.2,,,"Bunnell, Jack",813673.0,Right,SAN_DIE8,"Bunnell, Jack",813673,Right,SAN_DIE8,1,Top,0,0,0,Undefined,Changeup,Undefined,Undefined,Undefined,Undefined,83.45984,2282.656498,213.491898,5.69616,1.57294,6.52282,16.59434,10.15398,-4.618692,0.421859,3.53113,1.11415,,,,,TeamExclusive,20250913-UofSanDiego-Private-2,b3378780-90d5-11f0-b482-5d1185df5079,High,High,High
401,9/13/2025,13:36.1,,,"Bunnell, Jack",813673.0,Right,SAN_DIE8,"Bunnell, Jack",813673,Right,SAN_DIE8,1,Top,0,0,0,Undefined,Cutter,Undefined,Undefined,Undefined,Undefined,83.67,2269.07434,192.806481,5.65013,1.60683,6.55992,18.51174,3.8989,-4.800392,-2.237059,3.18625,-0.77003,,,,,TeamExclusive,20250913-UofSanDiego-Private-2,bfac0180-90d5-11f0-b482-5d1185df5079,High,High,High
402,9/13/2025,14:14.6,,,"Bunnell, Jack",813673.0,Right,SAN_DIE8,"Bunnell, Jack",813673,Right,SAN_DIE8,1,Top,0,0,0,Undefined,Four-Seam,Undefined,Undefined,Undefined,Undefined,87.24624,2341.256956,215.513909,5.7406,1.75606,6.35502,17.91556,11.83623,-3.780348,0.226425,4.0314,0.97901,,,,,TeamExclusive,20250913-UofSanDiego-Private-2,d698b050-90d5-11f0-b482-5d1185df5079,High,High,High
403,9/13/2025,14:31.0,,,"Bunnell, Jack",813673.0,Right,SAN_DIE8,"Bunnell, Jack",813673,Right,SAN_DIE8,1,Top,0,0,0,Undefined,Four-Seam,Undefined,Undefined,Undefined,Undefined,88.11999,2303.463317,208.65083,5.63787,1.73392,6.49611,15.44135,7.72496,-4.261644,-1.716227,3.62127,-0.48509,,,,,TeamExclusive,20250913-UofSanDiego-Private-2,e05f2150-90d5-11f0-b482-5d1185df5079,High,High,High
404,9/13/2025,14:48.8,,,"Bunnell, Jack",813673.0,Right,SAN_DIE8,"Bunnell, Jack",813673,Right,SAN_DIE8,1,Top,0,0,0,Undefined,Curveball,Undefined,Undefined,Undefined,Undefined,77.1721,1907.653802,41.683793,5.61575,1.79563,5.55848,-7.45741,-8.01591,-9.933321,-2.998935,1.11119,-0.33582,,,,,TeamExclusive,20250913-UofSanDiego-Private-2,eb291fa0-90d5-11f0-b482-5d1185df5079,High,High,High
405,9/13/2025,15:08.5,,,"Bunnell, Jack",813673.0,Right,SAN_DIE8,"Bunnell, Jack",813673,Right,SAN_DIE8,1,Top,0,0,0,Undefined,Cutter,Undefined,Undefined,Undefined,Undefined,86.06444,2424.818959,198.23182,5.59287,1.66981,6.659,17.43977,5.31563,-5.299087,0.008595,2.5691,1.23462,,,,,TeamExclusive,20250913-UofSanDiego-Private-2,f6cd2a40-90d5-11f0-b482-5d1185df5079,High,High,High
406,9/13/2025,15:27.8,,,"Bunnell, Jack",813673.0,Right,SAN_DIE8,"Bunnell, Jack",813673,Right,SAN_DIE8,1,Top,0,0,0,Undefined,Four-Seam,Undefined,Undefined,Undefined,Undefined,84.96737,2397.890112,208.398403,5.75449,1.52141,6.53331,17.55883,8.76398,-5.201073,-0.55974,2.90538,0.27787,96.37047,27.416104,5.685788,363.61461,TeamExclusive,20250913-UofSanDiego-Private-2,025ff6d0-90d6-11f0-b482-5d1185df5079,High,High,High
407,9/13/2025,16:20.9,,,"Bunnell, Jack",813673.0,Right,SAN_DIE8,"Bunnell, Jack",813673,Right,SAN_DIE8,1,Top,0,0,0,Undefined,Changeup,Undefined,Undefined,Undefined,Undefined,86.14241,2265.979049,237.895298,5.91361,1.64484,6.22937,12.09831,17.1321,-7.073913,-0.406569,1.70117,-0.15818,102.3375,5.012619,2.323036,125.05344,TeamExclusive,20250913-UofSanDiego-Private-2,21f99050-90d6-11f0-b482-5d1185df5079,High,High,High
408,9/13/2025,16:54.3,,,"Bunnell, Jack",813673.0,Right,SAN_DIE8,"Bunnell, Jack",813673,Right,SAN_DIE8,1,Top,0,0,0,Undefined,Slider,Undefined,Undefined,Undefined,Undefined,78.17079,2351.335294,158.19088,5.45642,1.94943,5.61599,10.08197,-3.40689,-6.299394,-2.472688,2.84478,-0.07564,,,,,TeamExclusive,20250913-UofSanDiego-Private-2,35d8b100-90d6-11f0-b482-5d1185df5079,High,High,High
409,9/13/2025,17:09.1,,,"Bunnell, Jack",813673.0,Right,SAN_DIE8,"Bunnell, Jack",813673,Right,SAN_DIE8,1,Top,0,0,0,Undefined,Slider,Undefined,Undefined,Undefined,Undefined,77.28772,2349.071075,105.695149,5.32435,2.25907,5.78602,4.91949,-12.22898,-8.104316,-5.475047,1.47749,-1.82504,,,,,TeamExclusive,20250913-UofSanDiego-Private-2,3ebd9ba0-90d6-11f0-b482-5d1185df5079,High,High,High
410,9/13/2025,17:26.4,,,"Bunnell, Jack",813673.0,Right,SAN_DIE8,"Bunnell, Jack",813673,Right,SAN_DIE8,1,Top,0,0,0,Undefined,Changeup,Undefined,Undefined,Undefined,Undefined,83.44328,2169.911037,215.411974,5.76287,1.56564,6.3616,14.34721,9.26729,-7.246024,-2.051801,1.3682,-1.09612,,,,,TeamExclusive,20250913-UofSanDiego-Private-2,490b3e00-90d6-11f0-b482-5d1185df5079,High,High,High
411,9/13/2025,17:50.2,,,"Bunnell, Jack",813673.0,Right,SAN_DIE8,"Bunnell, Jack",813673,Right,SAN_DIE8,1,Top,0,0,0,Undefined,Slider,Undefined,Undefined,Undefined,Undefined,75.77315,2356.571141,114.515522,5.44198,2.05552,5.5678,5.9065,-9.3215,-7.962238,-4.413332,1.86308,-1.29534,,,,,TeamExclusive,20250913-UofSanDiego-Private-2,5747f4e0-90d6-11f0-b482-5d1185df5079,High,High,High
412,9/13/2025,18:48.3,,,"Bunnell, Jack",813673.0,Right,SAN_DIE8,"Bunnell, Jack",813673,Right,SAN_DIE8,1,Top,0,0,0,Undefined,Four-Seam,Undefined,Undefined,Undefined,Undefined,89.42496,2531.802621,204.079851,5.7433,1.08722,6.33261,18.48084,7.68745,-5.363285,-0.725775,2.36182,-0.22154,,,,,TeamExclusive,20250913-UofSanDiego-Private-2,79e4e350-90d6-11f0-b482-5d1185df5079,High,High,High
413,9/13/2025,18:59.6,,,"Bunnell, Jack",813673.0,Right,SAN_DIE8,"Bunnell, Jack",813673,Right,SAN_DIE8,1,Top,0,0,0,Undefined,Four-Seam,Undefined,Undefined,Undefined,Undefined,89.01855,2617.551693,202.970069,5.69372,1.19321,6.24558,15.84883,6.21796,-6.478534,-1.38352,1.47439,-0.60153,,,,,TeamExclusive,20250913-UofSanDiego-Private-2,809a6ad0-90d6-11f0-b482-5d1185df5079,High,High,High
414,9/13/2025,19:11.9,,,"Bunnell, Jack",813673.0,Right,SAN_DIE8,"Bunnell, Jack",813673,Right,SAN_DIE8,1,Top,0,0,0,Undefined,Curveball,Undefined,Undefined,Undefined,Undefined,72.75852,2711.413478,29.429989,5.77318,1.03511,5.03407,-21.12493,-13.10824,-11.135281,-4.386047,1.9508,-2.009,,,,,TeamExclusive,20250913-UofSanDiego-Private-2,87fb7490-90d6-11f0-b482-5d1185df5079,High,High,High
415,9/13/2025,19:25.4,,,"Bunnell, Jack",813673.0,Right,SAN_DIE8,"Bunnell, Jack",813673,Right,SAN_DIE8,1,Top,0,0,0,Undefined,Curveball,Undefined,Undefined,Undefined,Undefined,71.36029,2545.898657,53.451433,5.42044,1.35581,5.36371,-15.38528,-23.94615,-11.734568,-3.82563,0.80698,-0.21967,,,,,TeamExclusive,20250913-UofSanDiego-Private-2,90028250-90d6-11f0-b482-5d1185df5079,High,High,High
416,9/13/2025,19:39.7,,,"Bunnell, Jack",813673.0,Right,SAN_DIE8,"Bunnell, Jack",813673,Right,SAN_DIE8,1,Top,0,0,0,Undefined,Four-Seam,Undefined,Undefined,Undefined,Undefined,85.5519,2465.010557,208.098622,5.64594,1.38771,6.42079,15.33194,7.52331,-5.91711,-0.99144,2.23576,-0.15085,,,,,TeamExclusive,20250913-UofSanDiego-Private-2,987e4ae0-90d6-11f0-b482-5d1185df5079,High,High,High
417,9/13/2025,20:04.6,,,"Bunnell, Jack",813673.0,Right,SAN_DIE8,"Bunnell, Jack",813673,Right,SAN_DIE8,1,Top,0,0,0,Undefined,Four-Seam,Undefined,Undefined,Undefined,Undefined,88.08707,2523.570488,202.241366,5.66625,1.29238,6.63373,16.4467,6.24985,-3.488906,-0.950623,4.21919,-0.09844,,,,,TeamExclusive,20250913-UofSanDiego-Private-2,a74ba900-90d6-11f0-b482-5d1185df5079,High,High,High
418,9/13/2025,20:19.4,,,"Bunnell, Jack",813673.0,Right,SAN_DIE8,"Bunnell, Jack",813673,Right,SAN_DIE8,1,Top,0,0,0,Undefined,Four-Seam,Undefined,Undefined,Undefined,Undefined,87.45843,2560.564956,192.956976,5.66212,1.14311,6.51613,19.36529,4.1702,-4.934214,-1.306531,2.70393,-0.40344,96.8776,8.762719,-1.989494,176.9644,TeamExclusive,20250913-UofSanDiego-Private-2,b01e4420-90d6-11f0-b482-5d1185df5079,High,High,High
419,9/13/2025,20:52.9,,,"Bunnell, Jack",813673.0,Right,SAN_DIE8,"Bunnell, Jack",813673,Right,SAN_DIE8,1,Top,0,0,0,Undefined,Four-Seam,Undefined,Undefined,Undefined,Undefined,86.1566,2444.05072,198.402324,5.61444,1.46888,6.29008,19.69659,6.08784,-8.248013,-1.515243,-0.32043,-0.43549,,,,,TeamExclusive,20250913-UofSanDiego-Private-2,c419c670-90d6-11f0-b482-5d1185df5079,High,High,High
420,9/13/2025,21:22.5,,,"Bunnell, Jack",813673.0,Right,SAN_DIE8,"Bunnell, Jack",813673,Right,SAN_DIE8,1,Top,0,0,0,Undefined,Cutter,Undefined,Undefined,Undefined,Undefined,83.55928,2491.621672,173.152757,5.57388,1.1525,6.48641,16.78414,-1.85831,-5.065582,-3.475121,2.99806,-1.8872,,,,,TeamExclusive,20250913-UofSanDiego-Private-2,d5d40b50-90d6-11f0-b482-5d1185df5079,High,High,High
421,9/13/2025,21:53.5,,,"Bunnell, Jack",813673.0,Right,SAN_DIE8,"Bunnell, Jack",813673,Right,SAN_DIE8,1,Top,0,0,0,Undefined,Cutter,Undefined,Undefined,Undefined,Undefined,84.67213,2354.957038,196.478454,5.57045,1.40102,6.2943,19.76985,5.43721,-3.930597,0.483482,3.7599,1.39367,,,,,TeamExclusive,20250913-UofSanDiego-Private-2,e837fdb0-90d6-11f0-b482-5d1185df5079,High,High,High
422,9/13/2025,22:16.4,,,"Bunnell, Jack",813673.0,Right,SAN_DIE8,"Bunnell, Jack",813673,Right,SAN_DIE8,1,Top,0,0,0,Undefined,Slider,Undefined,Undefined,Undefined,Undefined,83.82466,2338.012017,189.168891,5.70251,1.31371,6.37031,15.99304,2.37126,-6.264809,-2.589974,2.05452,-1.2689,,,,,TeamExclusive,20250913-UofSanDiego-Private-2,f5f30170-90d6-11f0-b482-5d1185df5079,High,High,High
423,9/13/2025,22:35.8,,,"Bunnell, Jack",813673.0,Right,SAN_DIE8,"Bunnell, Jack",813673,Right,SAN_DIE8,1,Top,0,0,0,Undefined,Cutter,Undefined,Undefined,Undefined,Undefined,83.83958,2238.966093,171.143578,5.65865,1.43847,6.52863,17.19883,-2.48284,-4.82389,-2.368243,3.23207,-0.52848,77.71353,1.835404,-32.385509,57.13044,TeamExclusive,20250913-UofSanDiego-Private-2,016797a0-90d7-11f0-b482-5d1185df5079,High,High,High
424,9/13/2025,23:09.8,,,"Bunnell, Jack",813673.0,Right,SAN_DIE8,"Bunnell, Jack",813673,Right,SAN_DIE8,1,Top,0,0,0,Undefined,Cutter,Undefined,Undefined,Undefined,Undefined,85.39847,2461.887383,182.73685,5.67425,1.4241,6.59446,17.95064,0.79969,-6.594044,-2.647883,1.4149,-1.07051,,,,,TeamExclusive,20250913-UofSanDiego-Private-2,15b27270-90d7-11f0-b482-5d1185df5079,High,High,High
425,9/13/2025,23:27.2,,,"Bunnell, Jack",813673.0,Right,SAN_DIE8,"Bunnell, Jack",813673,Right,SAN_DIE8,1,Top,0,0,0,Undefined,Cutter,Undefined,Undefined,Undefined,Undefined,83.70966,2428.919377,180.296705,5.68805,1.41334,6.31331,18.18647,0.08752,-2.883806,-2.925158,5.01557,-1.29089,,,,,TeamExclusive,20250913-UofSanDiego-Private-2,1ff9fa50-90d7-11f0-b482-5d1185df5079,High,High,High
426,9/13/2025,23:52.0,,,"Bunnell, Jack",813673.0,Right,SAN_DIE8,"Bunnell, Jack",813673,Right,SAN_DIE8,1,Top,0,0,0,Undefined,Slider,Undefined,Undefined,Undefined,Undefined,83.42796,2335.823404,191.301336,5.66407,1.40173,6.49284,16.24178,2.97303,-5.920154,-1.589507,2.37037,-0.30576,75.61038,3.402247,-14.503676,70.46015,TeamExclusive,20250913-UofSanDiego-Private-2,2ed8e4a0-90d7-11f0-b482-5d1185df5079,High,High,High
427,9/13/2025,24:31.5,,,"Bunnell, Jack",813673.0,Right,SAN_DIE8,"Bunnell, Jack",813673,Right,SAN_DIE8,1,Top,0,0,0,Undefined,Changeup,Undefined,Undefined,Undefined,Undefined,80.78783,2221.837125,213.277793,5.68012,1.16022,6.22836,16.02804,9.5378,-6.057471,0.476833,2.53035,0.80492,,,,,TeamExclusive,20250913-UofSanDiego-Private-2,467422f0-90d7-11f0-b482-5d1185df5079,High,High,High
428,9/13/2025,24:49.6,,,"Bunnell, Jack",813673.0,Right,SAN_DIE8,"Bunnell, Jack",813673,Right,SAN_DIE8,1,Top,0,0,0,Undefined,Four-Seam,Undefined,Undefined,Undefined,Undefined,83.80038,2245.494052,202.354491,5.74189,1.31724,6.36377,15.52119,5.83756,-5.16456,-1.613487,3.17306,-0.65433,61.41489,26.738699,-132.186598,140.60079,TeamExclusive,20250913-UofSanDiego-Private-2,513806c0-90d7-11f0-b482-5d1185df5079,High,High,High
429,9/13/2025,25:14.1,,,"Bunnell, Jack",813673.0,Right,SAN_DIE8,"Bunnell, Jack",813673,Right,SAN_DIE8,1,Top,0,0,0,Undefined,Changeup,Undefined,Undefined,Undefined,Undefined,79.68457,1695.118961,229.772971,5.43442,1.26409,6.3014,10.28123,10.28981,-5.521277,-1.058487,3.39648,-0.56792,,,,,TeamExclusive,20250913-UofSanDiego-Private-2,5fd665a0-90d7-11f0-b482-5d1185df5079,High,High,High
430,9/13/2025,25:35.1,,,"Bunnell, Jack",813673.0,Right,SAN_DIE8,"Bunnell, Jack",813673,Right,SAN_DIE8,1,Top,0,0,0,Undefined,Cutter,Undefined,Undefined,Undefined,Undefined,86.15058,2544.854371,186.749832,5.63683,1.41972,6.54258,18.23599,2.01366,-6.23364,-1.867875,1.64015,-0.46194,80.85982,2.727815,-34.866676,46.34309,TeamExclusive,20250913-UofSanDiego-Private-2,6c45d690-90d7-11f0-b482-5d1185df5079,High,High,High
431,9/13/2025,26:58.6,,,"Bunnell, Jack",813673.0,Right,SAN_DIE8,"Bunnell, Jack",813673,Right,SAN_DIE8,1,Top,0,0,0,Undefined,Cutter,Undefined,Undefined,Undefined,Undefined,85.27656,2410.334033,185.190479,5.72021,1.35235,6.56206,17.26336,1.45256,-5.041525,-2.273174,2.99138,-0.85393,,,,,TeamExclusive,20250913-UofSanDiego-Private-2,9e210d60-90d7-11f0-b482-5d1185df5079,High,High,High
432,9/13/2025,27:20.2,,,"Bunnell, Jack",813673.0,Right,SAN_DIE8,"Bunnell, Jack",813673,Right,SAN_DIE8,1,Top,0,0,0,Undefined,Four-Seam,Undefined,Undefined,Undefined,Undefined,87.35258,2584.146138,189.153462,5.59198,1.16624,6.66139,17.38296,2.60969,-6.018198,-2.258781,1.77797,-1.11939,,,,,TeamExclusive,20250913-UofSanDiego-Private-2,aafc1160-90d7-11f0-b482-5d1185df5079,High,High,High
433,9/13/2025,27:49.9,,,"Bunnell, Jack",813673.0,Right,SAN_DIE8,"Bunnell, Jack",813673,Right,SAN_DIE8,1,Top,0,0,0,Undefined,Curveball,Undefined,Undefined,Undefined,Undefined,71.76364,2528.703689,39.448029,5.4101,1.41492,5.92714,-14.45123,-13.74619,-9.597653,-3.100226,2.69565,-0.31447,,,,,TeamExclusive,20250913-UofSanDiego-Private-2,bcb23790-90d7-11f0-b482-5d1185df5079,High,High,High
434,9/13/2025,28:10.2,,,"Bunnell, Jack",813673.0,Right,SAN_DIE8,"Bunnell, Jack",813673,Right,SAN_DIE8,1,Top,0,0,0,Undefined,Curveball,Undefined,Undefined,Undefined,Undefined,71.38854,2620.891323,14.930139,5.43597,0.91297,5.84917,-19.57722,-5.75051,-11.793026,-1.693857,0.99265,-0.17783,,,,,TeamExclusive,20250913-UofSanDiego-Private-2,c8d6bcd0-90d7-11f0-b482-5d1185df5079,High,High,High
435,9/13/2025,28:57.4,,,"Bunnell, Jack",813673.0,Right,SAN_DIE8,"Bunnell, Jack",813673,Right,SAN_DIE8,1,Top,0,0,0,Undefined,Four-Seam,Undefined,Undefined,Undefined,Undefined,88.35519,2537.042027,195.070313,5.73991,1.47776,6.64672,16.72548,4.17906,-4.582235,-1.338434,3.25915,-0.09577,85.37292,31.98222,58.419105,270.01895,TeamExclusive,20250913-UofSanDiego-Private-2,e4e581e0-90d7-11f0-b482-5d1185df5079,High,High,High
436,9/13/2025,29:26.7,,,"Bunnell, Jack",813673.0,Right,SAN_DIE8,"Bunnell, Jack",813673,Right,SAN_DIE8,1,Top,0,0,0,Undefined,Cutter,Undefined,Undefined,Undefined,Undefined,86.59624,2404.256535,190.841222,5.5918,1.33789,6.88793,15.40985,2.72421,-6.559756,-1.043449,1.48991,0.15982,,,,,TeamExclusive,20250913-UofSanDiego-Private-2,f6609ae0-90d7-11f0-b482-5d1185df5079,High,High,High
437,9/13/2025,29:51.7,,,"Bunnell, Jack",813673.0,Right,SAN_DIE8,"Bunnell, Jack",813673,Right,SAN_DIE8,1,Top,0,0,0,Undefined,Curveball,Undefined,Undefined,Undefined,Undefined,72.1006,2629.786175,62.115081,5.29645,1.62885,6.03914,-8.50272,-19.79044,-9.060063,-3.285455,2.42657,0.23957,71.52294,-38.898353,-26.79422,6.03617,TeamExclusive,20250913-UofSanDiego-Private-2,05504e10-90d8-11f0-b482-5d1185df5079,High,High,High
438,9/13/2025,24:32.4,,,"Bunnell, Jack",813673.0,Right,SAN_DIE8,"Bunnell, Jack",813673,Right,SAN_DIE8,1,Top,0,0,0,Undefined,Changeup,Undefined,Undefined,Undefined,Undefined,81.85689,1953.248048,217.780377,6.0651,1.90057,6.16204,14.84906,10.2552,-7.027932,1.087031,2.07281,2.04887,,,,,TeamExclusive,20250913-UofSanDiego-Private-2,a8c3b3f0-90df-11f0-b482-5d1185df5079,High,High,High
439,9/13/2025,24:41.7,,,"Bunnell, Jack",813673.0,Right,SAN_DIE8,"Bunnell, Jack",813673,Right,SAN_DIE8,1,Top,0,0,0,Undefined,Changeup,Undefined,Undefined,Undefined,Undefined,84.23738,2032.897018,212.179036,6.07003,1.88115,6.15502,13.26961,7.43599,-5.067553,1.104602,3.8076,2.28196,,,,,TeamExclusive,20250913-UofSanDiego-Private-2,ae323c80-90df-11f0-b482-5d1185df5079,High,High,High
440,9/13/2025,24:51.6,,,"Bunnell, Jack",813673.0,Right,SAN_DIE8,"Bunnell, Jack",813673,Right,SAN_DIE8,1,Top,0,0,0,Undefined,Four-Seam,Undefined,Undefined,Undefined,Undefined,85.55776,2217.131293,201.535848,6.09176,1.67953,6.41267,18.29733,6.64756,-4.545769,-0.649931,3.79596,0.52828,,,,,TeamExclusive,20250913-UofSanDiego-Private-2,b42efb50-90df-11f0-b482-5d1185df5079,High,High,High
441,9/13/2025,25:03.8,,,"Bunnell, Jack",813673.0,Right,SAN_DIE8,"Bunnell, Jack",813673,Right,SAN_DIE8,1,Top,0,0,0,Undefined,Curveball,Undefined,Undefined,Undefined,Undefined,74.92781,2568.61108,54.953648,5.86715,1.82154,5.64939,-6.46288,-11.92595,-10.194604,-3.801813,1.39807,-0.72786,,,,,TeamExclusive,20250913-UofSanDiego-Private-2,bb7e78e0-90df-11f0-b482-5d1185df5079,High,High,High
442,9/13/2025,25:16.1,,,"Bunnell, Jack",813673.0,Right,SAN_DIE8,"Bunnell, Jack",813673,Right,SAN_DIE8,1,Top,0,0,0,Undefined,Four-Seam,Undefined,Undefined,Undefined,Undefined,84.81261,2352.013574,193.00716,6.03187,1.72629,6.20559,22.97104,4.95437,-3.904208,-0.493199,4.02656,0.8585,,,,,TeamExclusive,20250913-UofSanDiego-Private-2,c2d1c700-90df-11f0-b482-5d1185df5079,High,High,High
443,9/13/2025,25:26.3,,,"Bunnell, Jack",813673.0,Right,SAN_DIE8,"Bunnell, Jack",813673,Right,SAN_DIE8,1,Top,0,0,0,Undefined,Four-Seam,Undefined,Undefined,Undefined,Undefined,84.53658,2298.382321,207.966784,6.14679,1.80008,6.23049,19.46867,9.51788,-4.929238,0.655082,3.50567,1.61145,,,,,TeamExclusive,20250913-UofSanDiego-Private-2,c8dbf350-90df-11f0-b482-5d1185df5079,High,High,High
444,9/13/2025,25:56.5,,,"Bunnell, Jack",813673.0,Right,SAN_DIE8,"Bunnell, Jack",813673,Right,SAN_DIE8,1,Top,0,0,0,Undefined,Four-Seam,Undefined,Undefined,Undefined,Undefined,91.23949,2485.532164,197.277378,6.2449,1.36265,6.54485,18.46611,5.34843,-5.293471,-2.376054,2.8248,-1.2632,,,,,TeamExclusive,20250913-UofSanDiego-Private-2,dade8bd0-90df-11f0-b482-5d1185df5079,High,High,High
445,9/13/2025,26:12.6,,,"Bunnell, Jack",813673.0,Right,SAN_DIE8,"Bunnell, Jack",813673,Right,SAN_DIE8,1,Top,0,0,0,Undefined,Four-Seam,Undefined,Undefined,Undefined,Undefined,90.34045,2406.657941,187.466367,6.14054,1.24928,6.77119,17.87753,2.18024,-4.629049,-3.202632,3.41982,-1.86,,,,,TeamExclusive,20250913-UofSanDiego-Private-2,e472c940-90df-11f0-b482-5d1185df5079,High,High,High
446,9/13/2025,26:29.7,,,"Bunnell, Jack",813673.0,Right,SAN_DIE8,"Bunnell, Jack",813673,Right,SAN_DIE8,1,Top,0,0,0,Undefined,Curveball,Undefined,Undefined,Undefined,Undefined,76.54902,2461.108318,48.594292,6.00142,1.27047,6.11122,-11.24784,-14.78036,-12.314181,-3.55288,-0.2687,-0.76984,,,,,TeamExclusive,20250913-UofSanDiego-Private-2,eeae1c20-90df-11f0-b482-5d1185df5079,High,High,High
447,9/13/2025,26:47.7,,,"Bunnell, Jack",813673.0,Right,SAN_DIE8,"Bunnell, Jack",813673,Right,SAN_DIE8,1,Top,0,0,0,Undefined,Four-Seam,Undefined,Undefined,Undefined,Undefined,90.11876,2446.155942,193.225343,6.27484,1.40915,6.55735,21.69793,4.80441,-2.777739,-0.454548,4.9658,0.59232,,,,,TeamExclusive,20250913-UofSanDiego-Private-2,f947bba0-90df-11f0-b482-5d1185df5079,High,High,High
448,9/13/2025,27:09.8,,,"Bunnell, Jack",813673.0,Right,SAN_DIE8,"Bunnell, Jack",813673,Right,SAN_DIE8,1,Top,0,0,0,Undefined,Four-Seam,Undefined,Undefined,Undefined,Undefined,87.75398,2454.934527,187.296779,6.21852,1.3169,6.49706,22.27096,2.65984,-2.965935,-0.80985,4.93145,0.35195,50.747,4.565973,-177.844405,43.65361,TeamExclusive,20250913-UofSanDiego-Private-2,0676d310-90e0-11f0-b482-5d1185df5079,High,High,High
449,9/13/2025,27:41.8,,,"Bunnell, Jack",813673.0,Right,SAN_DIE8,"Bunnell, Jack",813673,Right,SAN_DIE8,1,Top,0,0,0,Undefined,Four-Seam,Undefined,Undefined,Undefined,Undefined,87.12794,2412.598867,191.568541,6.24724,1.4194,6.60746,21.37859,4.04295,-5.874369,-2.149971,2.42791,-0.88777,91.45037,31.254885,10.566027,346.86865,TeamExclusive,20250913-UofSanDiego-Private-2,19a679e0-90e0-11f0-b482-5d1185df5079,High,High,High
450,9/13/2025,28:14.4,,,"Bunnell, Jack",813673.0,Right,SAN_DIE8,"Bunnell, Jack",813673,Right,SAN_DIE8,1,Top,0,0,0,Undefined,Curveball,Undefined,Undefined,Undefined,Undefined,77.50957,2655.805149,68.335962,6.10265,1.44802,5.62082,-1.87402,-9.81438,-10.477387,-4.068727,0.76691,-1.53015,,,,,TeamExclusive,20250913-UofSanDiego-Private-2,2d1bb530-90e0-11f0-b482-5d1185df5079,High,High,High
451,9/13/2025,28:33.0,,,"Bunnell, Jack",813673.0,Right,SAN_DIE8,"Bunnell, Jack",813673,Right,SAN_DIE8,1,Top,0,0,0,Undefined,Curveball,Undefined,Undefined,Undefined,Undefined,76.55496,2595.437422,62.54627,6.01416,1.61866,5.83828,-4.81,-12.76268,-8.793018,-0.717089,2.55509,2.01947,,,,,TeamExclusive,20250913-UofSanDiego-Private-2,38272950-90e0-11f0-b482-5d1185df5079,High,High,High
452,9/13/2025,29:10.8,,,"Bunnell, Jack",813673.0,Right,SAN_DIE8,"Bunnell, Jack",813673,Right,SAN_DIE8,1,Top,0,0,0,Undefined,Splitter,Undefined,Undefined,Undefined,Undefined,79.50319,940.472133,245.223812,5.98324,1.34626,6.41153,5.08721,7.51996,-5.85577,-0.637662,4.1013,0.13345,,,,,TeamExclusive,20250913-UofSanDiego-Private-2,4ea84510-90e0-11f0-b482-5d1185df5079,High,High,High
453,9/13/2025,29:29.1,,,"Bunnell, Jack",813673.0,Right,SAN_DIE8,"Bunnell, Jack",813673,Right,SAN_DIE8,1,Top,0,0,0,Undefined,Four-Seam,Undefined,Undefined,Undefined,Undefined,89.44111,2524.759019,189.81475,6.1837,1.25692,6.9273,20.80596,3.39496,-6.032741,-1.624345,1.94619,-0.5052,63.76428,31.255392,154.078485,,TeamExclusive,20250913-UofSanDiego-Private-2,59920060-90e0-11f0-b482-5d1185df5079,High,High,High
454,9/13/2025,29:54.8,,,"Bunnell, Jack",813673.0,Right,SAN_DIE8,"Bunnell, Jack",813673,Right,SAN_DIE8,1,Top,0,0,0,Undefined,Curveball,Undefined,Undefined,Undefined,Undefined,77.22908,2612.958919,62.564953,6.11933,1.32137,6.07517,-5.68429,-15.00485,-9.533402,-3.835406,2.09339,-0.97304,,,,,TeamExclusive,20250913-UofSanDiego-Private-2,68f6e390-90e0-11f0-b482-5d1185df5079,High,High,High
455,9/13/2025,30:19.8,,,"Bunnell, Jack",813673.0,Right,SAN_DIE8,"Bunnell, Jack",813673,Right,SAN_DIE8,1,Top,0,0,0,Undefined,Four-Seam,Undefined,Undefined,Undefined,Undefined,91.71961,2517.788181,203.605615,6.23283,1.19907,6.45786,20.13607,8.20563,-6.091426,-0.011507,1.94187,0.50483,,,,,TeamExclusive,20250913-UofSanDiego-Private-2,77cb94b0-90e0-11f0-b482-5d1185df5079,High,High,High
456,9/13/2025,30:56.3,,,"Bunnell, Jack",813673.0,Right,SAN_DIE8,"Bunnell, Jack",813673,Right,SAN_DIE8,1,Top,0,0,0,Undefined,Curveball,Undefined,Undefined,Undefined,Undefined,77.86112,2653.943228,81.204082,5.99414,1.45355,6.18298,0.25358,-10.85859,-10.51455,-3.451337,0.40304,-0.82445,,,,,TeamExclusive,20250913-UofSanDiego-Private-2,8d8e4270-90e0-11f0-b482-5d1185df5079,High,High,High
457,9/13/2025,31:17.3,,,"Bunnell, Jack",813673.0,Right,SAN_DIE8,"Bunnell, Jack",813673,Right,SAN_DIE8,1,Top,0,0,0,Undefined,Four-Seam,Undefined,Undefined,Undefined,Undefined,89.8797,2565.882691,195.628842,6.15593,1.22072,6.87516,23.11576,6.07803,-4.476095,-2.119388,3.22174,-1.21752,92.95161,33.834371,13.422257,336.726,TeamExclusive,20250913-UofSanDiego-Private-2,9a12e910-90e0-11f0-b482-5d1185df5079,High,High,High
458,9/13/2025,32:23.0,,,"Bunnell, Jack",813673.0,Right,SAN_DIE8,"Bunnell, Jack",813673,Right,SAN_DIE8,1,Top,0,0,0,Undefined,Changeup,Undefined,Undefined,Undefined,Undefined,77.80598,1456.975805,192.490944,6.87536,-0.07429,5.53135,6.83823,1.16201,-8.372452,0.064656,2.60691,-0.11102,,,,,TeamExclusive,20250913-UofSanDiego-Private-2,c14f2930-90e0-11f0-b482-5d1185df5079,High,High,High
459,9/13/2025,32:33.0,,,"Bunnell, Jack",813673.0,Right,SAN_DIE8,"Bunnell, Jack",813673,Right,SAN_DIE8,1,Top,0,0,0,Undefined,Slider,Undefined,Undefined,Undefined,Undefined,80.57806,1737.911967,161.915793,6.90022,0.26955,5.52195,5.72496,-1.34693,-7.658605,-0.859081,3.1728,-0.42117,,,,,TeamExclusive,20250913-UofSanDiego-Private-2,c71595c0-90e0-11f0-b482-5d1185df5079,High,High,High
460,9/13/2025,32:43.9,,,"Bunnell, Jack",813673.0,Right,SAN_DIE8,"Bunnell, Jack",813673,Right,SAN_DIE8,1,Top,0,0,0,Undefined,Curveball,Undefined,Undefined,Undefined,Undefined,70.2157,2030.296473,42.826093,6.75786,0.28521,4.97567,-3.91662,-5.65174,-9.017454,0.10098,3.84977,0.85239,,,,,TeamExclusive,20250913-UofSanDiego-Private-2,cdaac400-90e0-11f0-b482-5d1185df5079,High,High,High
461,9/13/2025,32:54.6,,,"Bunnell, Jack",813673.0,Right,SAN_DIE8,"Bunnell, Jack",813673,Right,SAN_DIE8,1,Top,0,0,0,Undefined,Curveball,Undefined,Undefined,Undefined,Undefined,66.98405,1987.947011,55.674708,6.74263,0.04668,5.01666,-5.53949,-11.77209,-11.687089,-1.098693,1.94469,-0.00251,,,,,TeamExclusive,20250913-UofSanDiego-Private-2,d40fe190-90e0-11f0-b482-5d1185df5079,High,High,High
462,9/13/2025,33:09.2,,,"Bunnell, Jack",813673.0,Right,SAN_DIE8,"Bunnell, Jack",813673,Right,SAN_DIE8,1,Top,0,0,0,Undefined,Changeup,Undefined,Undefined,Undefined,Undefined,76.81255,1727.258587,228.767667,6.65538,0.27743,5.59106,14.87056,14.68658,-9.068941,1.318171,1.29645,0.28032,,,,,TeamExclusive,20250913-UofSanDiego-Private-2,dcc99d80-90e0-11f0-b482-5d1185df5079,High,High,High
463,9/13/2025,33:20.3,,,"Bunnell, Jack",813673.0,Right,SAN_DIE8,"Bunnell, Jack",813673,Right,SAN_DIE8,1,Top,0,0,0,Undefined,Slider,Undefined,Undefined,Undefined,Undefined,80.1835,2017.816706,172.355505,6.81442,-0.03915,5.56364,13.88745,-1.6741,-5.798518,-0.349952,4.11785,-0.22651,,,,,TeamExclusive,20250913-UofSanDiego-Private-2,e360a080-90e0-11f0-b482-5d1185df5079,High,High,High
1,9/19/2025,52:45.9,1.0,1.0,"DeSchryver, Nate",695536.0,Right,SAN_TOR,"DeSchryver, Nate",695536,Right,SAN_TOR,1,Top,0,0,0,FourSeamFastBall,Four-Seam,BallCalled,Undefined,Undefined,Undefined,87.61934,2206.493161,179.072881,5.75172,1.3371,6.98701,16.70741,-0.25165,-4.100391,-1.040884,3.73145,0.41136,,,,,TeamExclusive,20250919-UofSanDiego-Private-1,7350a470-9581-11f0-8e06-cb61934ceb74,High,High,High
2,9/19/2025,53:07.0,1.0,2.0,"DeSchryver, Nate",695536.0,Right,SAN_TOR,"DeSchryver, Nate",695536,Right,SAN_TOR,1,Top,0,1,0,FourSeamFastBall,Cutter,BallCalled,Undefined,Undefined,Undefined,86.02926,2239.587231,179.438411,5.75166,1.11458,7.15237,14.64359,-0.13319,-7.344547,-0.934999,0.97645,0.27801,,,,,TeamExclusive,20250919-UofSanDiego-Private-1,7fe550a0-9581-11f0-8e06-cb61934ceb74,High,High,High
3,9/19/2025,53:27.3,1.0,3.0,"DeSchryver, Nate",695536.0,Right,SAN_TOR,"DeSchryver, Nate",695536,Right,SAN_TOR,1,Top,0,2,0,Fastball,Four-Seam,BallCalled,Undefined,Undefined,Undefined,87.95964,2248.406158,188.309679,5.74331,1.24162,7.07723,14.82367,2.01823,-3.772157,-0.774499,4.09645,0.37031,,,,,TeamExclusive,20250919-UofSanDiego-Private-1,8bf822a0-9581-11f0-8e06-cb61934ceb74,High,High,High
4,9/19/2025,53:51.8,1.0,4.0,"DeSchryver, Nate",695536.0,Right,SAN_TOR,"DeSchryver, Nate",695536,Right,SAN_TOR,1,Top,0,3,0,FourSeamFastBall,Cutter,BallCalled,Walk,Undefined,Undefined,86.51161,2148.755765,190.114048,5.75804,1.20912,7.03398,13.30005,2.18925,-5.361327,0.446948,2.87871,1.43265,,,,,TeamExclusive,20250919-UofSanDiego-Private-1,9a923bc0-9581-11f0-8e06-cb61934ceb74,High,High,High
5,9/19/2025,54:12.2,2.0,1.0,"DeSchryver, Nate",695536.0,Right,SAN_TOR,"DeSchryver, Nate",695536,Right,SAN_TOR,1,Top,0,0,0,FourSeamFastBall,Cutter,InPlay,Undefined,FlyBall,HomeRun,85.77959,2095.631077,184.466336,5.71705,1.1428,7.00414,13.34233,0.96016,-5.77968,-0.196233,2.50492,0.88431,103.75183,23.062561,-13.908833,356.63565,TeamExclusive,20250919-UofSanDiego-Private-1,a6be3b10-9581-11f0-8e06-cb61934ceb74,High,High,High
6,9/19/2025,54:53.8,3.0,1.0,"DeSchryver, Nate",695536.0,Right,SAN_TOR,"DeSchryver, Nate",695536,Right,SAN_TOR,1,Top,0,0,0,FourSeamFastBall,Four-Seam,StrikeCalled,Undefined,Undefined,Undefined,88.68541,2282.534993,195.992962,5.67408,0.94519,7.31109,21.51891,5.86122,-5.603309,-1.456784,1.76903,-0.85968,,,,,TeamExclusive,20250919-UofSanDiego-Private-1,bf896de0-9581-11f0-8e06-cb61934ceb74,High,High,High
7,9/19/2025,55:14.7,3.0,2.0,"DeSchryver, Nate",695536.0,Right,SAN_TOR,"DeSchryver, Nate",695536,Right,SAN_TOR,1,Top,0,0,1,FourSeamFastBall,Four-Seam,BallCalled,Undefined,Undefined,Undefined,88.45339,2289.848283,177.399595,5.77433,0.85627,7.23577,22.44757,-0.97071,-4.189967,-2.259539,3.09905,-1.10899,,,,,TeamExclusive,20250919-UofSanDiego-Private-1,cc02c9e0-9581-11f0-8e06-cb61934ceb74,High,High,High
8,9/19/2025,55:34.3,3.0,3.0,"DeSchryver, Nate",695536.0,Right,SAN_TOR,"DeSchryver, Nate",695536,Right,SAN_TOR,1,Top,0,1,1,Fastball,Four-Seam,BallCalled,Undefined,Undefined,Undefined,86.84053,2291.758372,194.819469,5.72852,0.87107,6.9514,23.23856,5.85221,-3.576988,-0.76187,3.67263,-0.30951,,,,,TeamExclusive,20250919-UofSanDiego-Private-1,d7af38f0-9581-11f0-8e06-cb61934ceb74,High,High,High
9,9/19/2025,55:56.6,3.0,4.0,"DeSchryver, Nate",695536.0,Right,SAN_TOR,"DeSchryver, Nate",695536,Right,SAN_TOR,1,Top,0,2,1,FourSeamFastBall,Four-Seam,FoulBallNotFieldable,Undefined,Undefined,Undefined,86.39981,2276.260294,189.054313,5.71682,1.06552,7.1328,18.38218,2.75921,-6.433926,-0.83553,1.44662,0.07771,75.08053,49.920581,63.429902,231.29878,TeamExclusive,20250919-UofSanDiego-Private-1,e4fd9830-9581-11f0-8e06-cb61934ceb74,High,High,High
10,9/19/2025,56:20.8,3.0,5.0,"DeSchryver, Nate",695536.0,Right,SAN_TOR,"DeSchryver, Nate",695536,Right,SAN_TOR,1,Top,0,2,2,FourSeamFastBall,Four-Seam,FoulBallNotFieldable,Undefined,Undefined,Undefined,87.80242,2101.352863,199.053767,5.68574,0.87688,7.42588,21.74363,7.10721,-3.718393,-0.767521,3.56996,-0.40693,77.98462,54.412255,47.490678,211.42316,TeamExclusive,20250919-UofSanDiego-Private-1,f362bea0-9581-11f0-8e06-cb61934ceb74,High,High,High
11,9/19/2025,56:53.6,3.0,6.0,"DeSchryver, Nate",695536.0,Right,SAN_TOR,"DeSchryver, Nate",695536,Right,SAN_TOR,1,Top,0,2,2,FourSeamFastBall,Four-Seam,BallCalled,Undefined,Undefined,Undefined,86.1083,2228.080236,204.149196,5.7383,0.84646,6.95275,17.22123,7.16709,-3.564869,0.976456,4.29505,1.13806,,,,,TeamExclusive,20250919-UofSanDiego-Private-1,06f67e70-9582-11f0-8e06-cb61934ceb74,High,High,High
12,9/19/2025,57:14.7,3.0,7.0,"DeSchryver, Nate",695536.0,Right,SAN_TOR,"DeSchryver, Nate",695536,Right,SAN_TOR,1,Top,0,3,2,FourSeamFastBall,Four-Seam,InPlay,Undefined,LineDrive,Double,85.61966,2143.871313,205.923852,5.68577,1.00106,7.14263,20.12214,9.15048,-5.026315,-0.115099,2.70686,0.13456,98.44227,16.288289,-14.919792,342.69184,TeamExclusive,20250919-UofSanDiego-Private-1,13881d60-9582-11f0-8e06-cb61934ceb74,High,High,High
13,9/19/2025,58:04.2,4.0,1.0,"DeSchryver, Nate",695536.0,Right,SAN_TOR,"DeSchryver, Nate",695536,Right,SAN_TOR,1,Top,0,0,0,FourSeamFastBall,Four-Seam,StrikeSwinging,Undefined,Undefined,Undefined,88.88548,2149.314937,180.90612,5.6817,0.9681,7.11375,20.31316,0.30378,-5.710946,-1.750244,1.78277,-0.64554,,,,,TeamExclusive,20250919-UofSanDiego-Private-1,310a2180-9582-11f0-8e06-cb61934ceb74,High,High,High
14,9/19/2025,58:37.4,4.0,2.0,"DeSchryver, Nate",695536.0,Right,SAN_TOR,"DeSchryver, Nate",695536,Right,SAN_TOR,1,Top,0,0,1,FourSeamFastBall,Four-Seam,BallCalled,Undefined,Undefined,Undefined,87.36773,2186.266496,197.947879,5.76864,0.8556,7.12821,20.42615,6.23784,-3.373053,-0.838257,4.11793,-0.42405,,,,,TeamExclusive,20250919-UofSanDiego-Private-1,44cf5190-9582-11f0-8e06-cb61934ceb74,High,High,High
15,9/19/2025,59:02.4,4.0,3.0,"DeSchryver, Nate",695536.0,Right,SAN_TOR,"DeSchryver, Nate",695536,Right,SAN_TOR,1,Top,0,1,1,FourSeamFastBall,Four-Seam,StrikeCalled,Undefined,Undefined,Undefined,87.64086,2114.234153,202.358109,5.71576,0.89122,7.20866,17.10788,6.58662,-4.531321,0.219931,3.23344,0.54156,,,,,TeamExclusive,20250919-UofSanDiego-Private-1,53b40840-9582-11f0-8e06-cb61934ceb74,High,High,High
16,9/19/2025,59:24.7,4.0,4.0,"DeSchryver, Nate",695536.0,Right,SAN_TOR,"DeSchryver, Nate",695536,Right,SAN_TOR,1,Top,0,1,2,FourSeamFastBall,Four-Seam,FoulBallNotFieldable,Undefined,Undefined,Undefined,88.09831,2235.966728,198.015706,5.73513,0.83357,7.14647,17.07158,5.21146,-5.385653,-0.948939,2.42781,-0.46111,69.76458,35.470269,141.374703,,TeamExclusive,20250919-UofSanDiego-Private-1,60fee510-9582-11f0-8e06-cb61934ceb74,High,High,High
17,9/19/2025,59:55.6,4.0,5.0,"DeSchryver, Nate",695536.0,Right,SAN_TOR,"DeSchryver, Nate",695536,Right,SAN_TOR,1,Top,0,1,2,FourSeamFastBall,Four-Seam,InPlay,Undefined,GroundBall,Single,87.16136,2171.238863,194.966043,5.7515,0.83292,7.21469,15.70572,3.93071,-6.087812,0.013789,1.95129,0.5176,104.15004,-1.652646,-37.427146,66.31683,TeamExclusive,20250919-UofSanDiego-Private-1,736e2210-9582-11f0-8e06-cb61934ceb74,High,High,High
18,9/19/2025,00:33.7,5.0,1.0,"DeSchryver, Nate",695536.0,Right,SAN_TOR,"DeSchryver, Nate",695536,Right,SAN_TOR,1,Top,0,0,0,FourSeamFastBall,Cutter,BallCalled,Undefined,Undefined,Undefined,84.71016,2203.594592,186.929624,5.68727,1.32057,7.00349,20.35434,2.32102,-4.577134,0.116974,3.14628,1.23354,,,,,TeamExclusive,20250919-UofSanDiego-Private-1,8a2ac030-9582-11f0-8e06-cb61934ceb74,High,High,High
19,9/19/2025,00:53.6,5.0,2.0,"DeSchryver, Nate",695536.0,Right,SAN_TOR,"DeSchryver, Nate",695536,Right,SAN_TOR,1,Top,0,1,0,FourSeamFastBall,Four-Seam,FoulBallNotFieldable,Undefined,Undefined,Undefined,86.94308,2359.484584,188.445816,5.75057,1.10347,7.03546,21.96509,3.07929,-5.438179,-0.178212,2.12718,0.68502,78.91895,48.064078,-71.350159,,TeamExclusive,20250919-UofSanDiego-Private-1,95fdf120-9582-11f0-8e06-cb61934ceb74,High,High,High
20,9/19/2025,01:19.6,5.0,3.0,"DeSchryver, Nate",695536.0,Right,SAN_TOR,"DeSchryver, Nate",695536,Right,SAN_TOR,1,Top,0,1,1,FourSeamFastBall,Four-Seam,InPlay,Undefined,Popup,Undefined,86.83717,2207.752353,216.573675,5.71996,1.07995,6.98364,15.12997,10.32186,-5.456891,0.741191,2.6585,0.89347,88.73599,55.333941,-10.347131,229.71905,TeamExclusive,20250919-UofSanDiego-Private-1,a57f5d00-9582-11f0-8e06-cb61934ceb74,High,High,High
21,9/19/2025,06:16.1,6.0,1.0,"Cody, Hayden",822563.0,Right,SAN_TOR,"Cody, Hayden",822563,Right,SAN_TOR,1,Top,0,0,0,Sinker,Sinker,BallCalled,Undefined,Undefined,Undefined,90.25201,2000.202336,244.344144,5.71512,1.51082,5.32923,9.07941,16.46615,-4.495455,0.86012,3.85903,0.94618,,,,,TeamExclusive,20250919-UofSanDiego-Private-1,56238c30-9583-11f0-8e06-cb61934ceb74,High,High,High
22,9/19/2025,06:37.6,6.0,2.0,"Cody, Hayden",822563.0,Right,SAN_TOR,"Cody, Hayden",822563,Right,SAN_TOR,1,Top,0,1,0,Sinker,Sinker,BallCalled,Undefined,Undefined,Undefined,90.21581,2024.465989,228.36254,5.65032,1.53962,5.50417,13.28835,13.64371,-6.197293,-2.366527,1.82486,-1.81047,,,,,TeamExclusive,20250919-UofSanDiego-Private-1,630c24c0-9583-11f0-8e06-cb61934ceb74,High,High,High
23,9/19/2025,07:00.6,6.0,3.0,"Cody, Hayden",822563.0,Right,SAN_TOR,"Cody, Hayden",822563,Right,SAN_TOR,1,Top,0,2,0,Sinker,Sinker,BallCalled,Undefined,Undefined,Undefined,90.44471,1987.337664,233.141729,5.69596,1.77819,5.33345,14.21249,17.22379,-5.011556,1.003883,2.961,1.28483,,,,,TeamExclusive,20250919-UofSanDiego-Private-1,709fca60-9583-11f0-8e06-cb61934ceb74,High,High,High
24,9/19/2025,07:23.0,6.0,4.0,"Cody, Hayden",822563.0,Right,SAN_TOR,"Cody, Hayden",822563,Right,SAN_TOR,1,Top,0,3,0,Sinker,Sinker,StrikeCalled,Undefined,Undefined,Undefined,90.4658,2044.984968,233.108799,5.61404,1.6273,5.53278,14.49607,17.63288,-5.775209,-0.348237,2.11473,-0.16633,,,,,TeamExclusive,20250919-UofSanDiego-Private-1,7e1c6590-9583-11f0-8e06-cb61934ceb74,High,High,High
25,9/19/2025,07:46.4,6.0,5.0,"Cody, Hayden",822563.0,Right,SAN_TOR,"Cody, Hayden",822563,Right,SAN_TOR,1,Top,0,3,1,Sinker,Sinker,InPlay,Undefined,GroundBall,Undefined,90.40108,1984.422249,234.132535,5.61452,1.75773,5.40213,12.20095,15.22363,-5.341528,-0.28044,2.69447,0.22701,94.85181,-11.124069,0.190877,14.5423,TeamExclusive,20250919-UofSanDiego-Private-1,8c0e09b0-9583-11f0-8e06-cb61934ceb74,High,High,High
26,9/19/2025,08:38.2,7.0,1.0,"Cody, Hayden",822563.0,Right,SAN_TOR,"Cody, Hayden",822563,Right,SAN_TOR,1,Top,0,0,0,Sinker,Sinker,BallCalled,Undefined,Undefined,Undefined,91.64294,2067.003467,253.750768,5.59762,1.65218,5.32869,6.82992,19.57316,-4.389121,1.73923,3.93285,1.65322,,,,,TeamExclusive,20250919-UofSanDiego-Private-1,aad14060-9583-11f0-8e06-cb61934ceb74,High,High,High
27,9/19/2025,09:02.7,7.0,2.0,"Cody, Hayden",822563.0,Right,SAN_TOR,"Cody, Hayden",822563,Right,SAN_TOR,1,Top,0,1,0,Sinker,Sinker,InPlay,Undefined,GroundBall,Undefined,90.96189,2039.177447,251.762368,5.61851,1.7469,5.39819,7.32398,18.87434,-6.087615,-0.390356,2.33214,-0.19127,73.9159,-53.700231,-40.980662,2.92341,TeamExclusive,20250919-UofSanDiego-Private-1,b98bb2c0-9583-11f0-8e06-cb61934ceb74,High,High,High
28,9/19/2025,09:46.0,8.0,1.0,"Cody, Hayden",822563.0,Right,SAN_TOR,"Cody, Hayden",822563,Right,SAN_TOR,1,Top,0,0,0,Sinker,Sinker,BallCalled,Undefined,Undefined,Undefined,90.33085,2103.647831,243.176599,5.64031,1.659,5.30963,10.51764,18.39095,-3.542081,1.548595,4.58302,1.58136,,,,,TeamExclusive,20250919-UofSanDiego-Private-1,d332edb0-9583-11f0-8e06-cb61934ceb74,High,High,High
29,9/19/2025,10:08.4,8.0,2.0,"Cody, Hayden",822563.0,Right,SAN_TOR,"Cody, Hayden",822563,Right,SAN_TOR,1,Top,0,1,0,Sinker,Sinker,InPlay,Undefined,GroundBall,Undefined,90.80837,2083.390194,236.881883,5.60477,1.81687,5.20233,12.05536,16.44229,-5.108624,1.108978,2.95163,1.48936,84.35959,-3.005206,7.940649,30.96919,TeamExclusive,20250919-UofSanDiego-Private-1,e0af13b0-9583-11f0-8e06-cb61934ceb74,High,High,High
30,9/19/2025,10:50.4,9.0,1.0,"Cody, Hayden",822563.0,Right,SAN_TOR,"Cody, Hayden",822563,Right,SAN_TOR,1,Top,0,0,0,Sinker,Sinker,InPlay,Undefined,GroundBall,Undefined,90.20545,1900.596486,236.384309,5.63921,1.63137,5.50942,11.37666,15.45706,-5.604296,-0.741777,2.51219,-0.34961,94.07898,-18.545148,2.434172,9.04129,TeamExclusive,20250919-UofSanDiego-Private-1,f9ae4ed0-9583-11f0-8e06-cb61934ceb74,High,High,High
31,9/19/2025,11:30.7,10.0,1.0,"Cody, Hayden",822563.0,Right,SAN_TOR,"Cody, Hayden",822563,Right,SAN_TOR,1,Top,0,0,0,Sinker,Sinker,FoulBallNotFieldable,Undefined,Undefined,Undefined,89.82941,1985.925453,236.492634,5.60442,1.53464,5.57957,13.52465,18.53725,-5.776156,0.028066,2.21878,0.01699,81.28892,65.061326,66.454503,160.26648,TeamExclusive,20250919-UofSanDiego-Private-1,11b8c9b0-9584-11f0-8e06-cb61934ceb74,High,High,High
32,9/19/2025,12:05.4,10.0,2.0,"Cody, Hayden",822563.0,Right,SAN_TOR,"Cody, Hayden",822563,Right,SAN_TOR,1,Top,0,0,1,Sinker,Sinker,BallCalled,Undefined,Undefined,Undefined,91.25737,2071.229302,241.97662,5.61872,1.68416,5.20195,10.2215,17.12639,-4.330058,0.751383,3.74084,0.9644,,,,,TeamExclusive,20250919-UofSanDiego-Private-1,266dff10-9584-11f0-8e06-cb61934ceb74,High,High,High
33,9/19/2025,12:33.8,10.0,3.0,"Cody, Hayden",822563.0,Right,SAN_TOR,"Cody, Hayden",822563,Right,SAN_TOR,1,Top,0,1,1,Sinker,Sinker,InPlay,Undefined,LineDrive,Undefined,90.9437,2084.8722,242.315657,5.58066,1.80397,5.39172,10.36548,17.52808,-4.518431,0.025941,3.55287,0.36919,96.04003,20.049398,-7.676902,351.90178,TeamExclusive,20250919-UofSanDiego-Private-1,37598240-9584-11f0-8e06-cb61934ceb74,High,High,High
34,9/19/2025,13:21.3,11.0,1.0,"Cody, Hayden",822563.0,Right,SAN_TOR,"Cody, Hayden",822563,Right,SAN_TOR,1,Top,0,0,0,Sinker,Sinker,InPlay,Undefined,Popup,Undefined,90.85571,1956.165952,240.357207,5.58173,1.00201,5.28335,10.18871,15.85914,-4.852474,0.608128,3.25653,0.25174,85.04964,74.90503,-17.467352,,TeamExclusive,20250919-UofSanDiego-Private-1,53acf170-9584-11f0-8e06-cb61934ceb74,High,High,High
35,9/19/2025,13:59.7,12.0,1.0,"Cody, Hayden",822563.0,Right,SAN_TOR,"Cody, Hayden",822563,Right,SAN_TOR,1,Top,0,0,0,Sinker,Sinker,InPlay,Undefined,GroundBall,Undefined,90.2065,1971.218781,247.001395,5.63652,1.64197,5.50404,8.95063,18.21745,-6.601485,-0.283752,1.81832,-0.14175,98.02163,-5.992846,-19.839041,17.32565,TeamExclusive,20250919-UofSanDiego-Private-1,6a9d22b0-9584-11f0-8e06-cb61934ceb74,High,High,High
36,9/19/2025,14:40.6,13.0,1.0,"Cody, Hayden",822563.0,Right,SAN_TOR,"Cody, Hayden",822563,Right,SAN_TOR,1,Top,0,0,0,Sinker,Sinker,BallCalled,Undefined,Undefined,Undefined,89.17849,1964.305567,238.838733,5.58998,1.53138,5.456,10.7789,16.03702,-4.141018,0.876302,3.95006,1.01609,,,,,TeamExclusive,20250919-UofSanDiego-Private-1,82d4a100-9584-11f0-8e06-cb61934ceb74,High,High,High
37,9/19/2025,15:03.4,13.0,2.0,"Cody, Hayden",822563.0,Right,SAN_TOR,"Cody, Hayden",822563,Right,SAN_TOR,1,Top,0,1,0,Sinker,Sinker,FoulBallNotFieldable,Undefined,Undefined,Undefined,89.62217,2054.005852,261.600554,5.70524,1.63759,5.49212,3.87929,18.38395,-6.918469,-0.189338,2.02522,-0.07302,,,,,TeamExclusive,20250919-UofSanDiego-Private-1,907c1cc0-9584-11f0-8e06-cb61934ceb74,High,High,High
38,9/19/2025,15:47.2,13.0,3.0,"Cody, Hayden",822563.0,Right,SAN_TOR,"Cody, Hayden",822563,Right,SAN_TOR,1,Top,0,1,1,Sinker,Sinker,FoulBallNotFieldable,Undefined,Undefined,Undefined,90.70718,2099.458746,237.866652,5.55732,1.72532,5.54431,10.70406,15.15867,-5.791032,-0.775971,2.3156,-0.26257,76.7497,54.287581,108.724679,,TeamExclusive,20250919-UofSanDiego-Private-1,aa968be0-9584-11f0-8e06-cb61934ceb74,High,High,High
39,9/19/2025,16:13.6,13.0,4.0,"Cody, Hayden",822563.0,Right,SAN_TOR,"Cody, Hayden",822563,Right,SAN_TOR,1,Top,0,1,2,Sinker,Sinker,BallCalled,Undefined,Undefined,Undefined,90.56898,2181.949813,226.36653,5.72924,1.41776,5.52829,16.08076,15.6595,-2.618794,0.081318,5.02463,0.19114,,,,,TeamExclusive,20250919-UofSanDiego-Private-1,ba3b8550-9584-11f0-8e06-cb61934ceb74,High,High,High
40,9/19/2025,16:41.1,13.0,5.0,"Cody, Hayden",822563.0,Right,SAN_TOR,"Cody, Hayden",822563,Right,SAN_TOR,1,Top,0,2,2,Sinker,Sinker,BallCalled,Undefined,Undefined,Undefined,91.15275,2079.125081,249.059348,5.55092,1.58829,5.31745,8.02367,18.20336,-4.456918,0.48963,3.72131,0.5322,,,,,TeamExclusive,20250919-UofSanDiego-Private-1,caa5ca90-9584-11f0-8e06-cb61934ceb74,High,High,High
41,9/19/2025,17:07.1,13.0,6.0,"Cody, Hayden",822563.0,Right,SAN_TOR,"Cody, Hayden",822563,Right,SAN_TOR,1,Top,0,3,2,Sinker,Sinker,HitByPitch,Walk,Undefined,Undefined,91.25292,2065.860494,250.581124,5.56906,1.50086,5.26949,7.47221,18.15265,-4.083563,2.649951,4.14224,2.47787,,,,,TeamExclusive,20250919-UofSanDiego-Private-1,da32a820-9584-11f0-8e06-cb61934ceb74,High,High,High
116,9/26/2025,46:04.7,1.0,1.0,"Piper, Logan",822622.0,Right,SAN_TOR,"Martinez, Cade",832119,Right,SAN_TOR,3,Top,0,0,0,ChangeUp,Changeup,StrikeSwinging,Undefined,Undefined,Undefined,82.31851,1292.425038,86.852773,5.63954,-1.55397,5.11837,0.35657,-16.57288,-9.41015,0.286997,0.40081,0.10354,,,,,TeamExclusive,20250926-UofSanDiego-Private-2,f7abd8f0-9b32-11f0-a805-71ab9b6d3f26,High,High,High
122,9/26/2025,49:03.8,2.0,5.0,"Piper, Logan",822622.0,Right,SAN_TOR,"Piper, Logan",822029,Left,SAN_TOR,3,Top,0,0,2,Slider,Curveball,StrikeCalled,Strikeout,Undefined,Undefined,79.30525,2580.388406,343.944418,5.63375,-1.47718,5.01616,-12.2228,3.95685,-7.750542,1.352843,3.41546,-0.53045,,,,,TeamExclusive,20250926-UofSanDiego-Private-2,6255c170-9b33-11f0-a805-71ab9b6d3f26,High,High,High
118,9/26/2025,47:07.2,2.0,1.0,"Piper, Logan",822622.0,Right,SAN_TOR,"Piper, Logan",822029,Left,SAN_TOR,3,Top,0,0,0,Fastball,Four-Seam,StrikeCalled,Undefined,Undefined,Undefined,88.30021,2429.69472,137.171425,5.7375,-1.44632,5.44944,19.95143,-17.20698,-4.546568,0.580835,3.1253,0.52845,,,,,TeamExclusive,20250926-UofSanDiego-Private-2,1cd6c540-9b33-11f0-a805-71ab9b6d3f26,High,High,High
117,9/26/2025,46:26.7,1.0,2.0,"Piper, Logan",822622.0,Right,SAN_TOR,"Martinez, Cade",832119,Right,SAN_TOR,3,Top,0,0,1,Fastball,Four-Seam,HitByPitch,Undefined,Undefined,Undefined,89.51663,2470.687255,137.665962,5.77701,-1.28994,5.33575,19.34446,-16.40686,-3.687782,1.792353,3.93794,1.7551,,,,,TeamExclusive,20250926-UofSanDiego-Private-2,04b87440-9b33-11f0-a805-71ab9b6d3f26,High,High,High
120,9/26/2025,48:11.3,2.0,3.0,"Piper, Logan",822622.0,Right,SAN_TOR,"Piper, Logan",822029,Left,SAN_TOR,3,Top,0,0,2,Fastball,Four-Seam,FoulBallNotFieldable,Undefined,Undefined,Undefined,89.52377,2451.831734,134.768903,5.71397,-1.26162,5.53871,20.83391,-19.63611,-4.764671,0.291001,2.73199,0.64299,78.48553,45.959553,-59.672905,223.70042,TeamExclusive,20250926-UofSanDiego-Private-2,4321eea0-9b33-11f0-a805-71ab9b6d3f26,High,High,High
121,9/26/2025,48:37.0,2.0,4.0,"Piper, Logan",822622.0,Right,SAN_TOR,"Piper, Logan",822029,Left,SAN_TOR,3,Top,0,0,2,Fastball,Four-Seam,FoulBallNotFieldable,Undefined,Undefined,Undefined,89.42127,2485.266553,139.792425,5.83441,-1.24513,5.24989,17.98595,-13.93765,-3.802177,-0.237401,4.07465,-0.30799,66.12762,8.009948,-166.501886,115.49239,TeamExclusive,20250926-UofSanDiego-Private-2,525bf140-9b33-11f0-a805-71ab9b6d3f26,High,High,High
119,9/26/2025,47:46.6,2.0,2.0,"Piper, Logan",822622.0,Right,SAN_TOR,"Piper, Logan",822029,Left,SAN_TOR,3,Top,0,0,1,Fastball,Four-Seam,StrikeCalled,Undefined,Undefined,Undefined,89.15472,2409.750633,138.173848,5.81132,-1.10664,5.43182,21.45891,-17.95013,-5.072207,0.816358,2.52873,1.1502,,,,,TeamExclusive,20250926-UofSanDiego-Private-2,344e00d0-9b33-11f0-a805-71ab9b6d3f26,High,High,High
95,9/26/2025,35:03.3,7.0,1.0,"Gutierrez, Diego",822622.0,Right,SAN_TOR,"Button, Nico",800888,Left,SAN_TOR,2,Top,2,0,0,Fastball,Four-Seam,StrikeCalled,Undefined,Undefined,Undefined,90.25617,2527.814894,212.457465,6.1167,1.23869,6.42025,19.33962,11.40394,-4.352215,-0.015188,3.60939,0.27514,,,,,TeamExclusive,20250926-UofSanDiego-Private-2,6d70d7e0-9b31-11f0-a805-71ab9b6d3f26,High,High,High
96,9/26/2025,35:25.2,7.0,2.0,"Gutierrez, Diego",822622.0,Right,SAN_TOR,"Button, Nico",800888,Left,SAN_TOR,2,Top,2,0,1,Fastball,Four-Seam,FoulBallNotFieldable,Undefined,Undefined,Undefined,90.02502,2564.525191,213.420122,6.09914,1.28616,6.43987,18.03084,11.00505,-5.309632,-0.315369,2.80201,0.07975,79.03834,35.266253,-65.489034,223.20939,TeamExclusive,20250926-UofSanDiego-Private-2,7a7ab410-9b31-11f0-a805-71ab9b6d3f26,High,High,High
47,9/19/2025,22:26.0,15.0,2.0,"Gutierrez, Diego",822622.0,Right,SAN_TOR,"Gutierrez, Diego",822622,Right,SAN_TOR,1,Top,0,0,1,Fastball,Four-Seam,BallCalled,Undefined,Undefined,Undefined,89.68525,2477.525475,210.315611,6.13537,1.34348,6.40516,20.1669,11.00461,-7.045146,0.084101,1.05848,0.50383,,,,,TeamExclusive,20250919-UofSanDiego-Private-1,985c4c20-9585-11f0-8e06-cb61934ceb74,High,High,High
51,9/19/2025,23:59.6,15.0,6.0,"Gutierrez, Diego",822622.0,Right,SAN_TOR,"Gutierrez, Diego",822622,Right,SAN_TOR,1,Top,0,2,2,Fastball,Four-Seam,FoulBallNotFieldable,Undefined,Undefined,Undefined,90.04235,2441.669311,204.803676,6.10093,1.34438,6.4482,21.58407,9.36142,-4.810052,-1.546559,2.95814,-0.85594,74.59267,14.229794,165.358348,,TeamExclusive,20250919-UofSanDiego-Private-1,d00653f0-9585-11f0-8e06-cb61934ceb74,High,High,High
48,9/19/2025,22:47.5,15.0,3.0,"Gutierrez, Diego",822622.0,Right,SAN_TOR,"Gutierrez, Diego",822622,Right,SAN_TOR,1,Top,0,1,1,Fastball,Four-Seam,StrikeCalled,Undefined,Undefined,Undefined,91.03561,2399.386932,211.986705,6.09229,1.35275,6.3656,19.668,11.50268,-4.970953,-0.91966,2.87443,-0.45098,,,,,TeamExclusive,20250919-UofSanDiego-Private-1,a52b4230-9585-11f0-8e06-cb61934ceb74,High,High,High
53,9/19/2025,25:01.2,16.0,1.0,"Gutierrez, Diego",822622.0,Right,SAN_TOR,"Gutierrez, Diego",822622,Right,SAN_TOR,1,Top,0,0,0,Fastball,Four-Seam,FoulBallNotFieldable,Undefined,Undefined,Undefined,89.02348,2489.73065,205.493399,6.11976,1.36212,6.1969,24.09808,10.86174,-4.321707,-0.43749,3.27886,0.05436,,,,,TeamExclusive,20250919-UofSanDiego-Private-1,f4bbc220-9585-11f0-8e06-cb61934ceb74,High,High,High
43,10/3/2025,38:52.5,1.0,1.0,"Gutierrez, Diego",822622.0,Right,SAN_TOR,"Venverloh, Vincent",832123,Right,SAN_TOR,2,Bottom,0,0,0,Undefined,Changeup,Undefined,Undefined,Undefined,Undefined,82.87981,2228.210009,216.93556,5.9778,1.3665,6.24232,20.43166,14.40654,-6.348648,-0.280946,1.93123,-0.09236,,,,,TeamExclusive,20251003-UofSanDiego-Private-1,80b915e0-a0ba-11f0-a266-b9e2020d2c65,High,High,High
45,10/3/2025,40:58.7,1.0,3.0,"Gutierrez, Diego",822622.0,Right,SAN_TOR,"Venverloh, Vincent",832123,Right,SAN_TOR,2,Bottom,0,0,1,Fastball,Four-Seam,FoulBallNotFieldable,Undefined,Undefined,Undefined,89.70845,2452.825444,205.682524,5.9862,1.3668,6.54291,21.91375,9.99229,-4.66992,-0.933008,2.88261,-0.32054,67.12995,39.810535,159.053318,,TeamExclusive,20251003-UofSanDiego-Private-1,cbe466f0-a0ba-11f0-a266-b9e2020d2c65,High,High,High
35,10/31/2025,49:31.4,3.0,4.0,"Gutierrez, Diego",822622.0,Right,SAN_TOR,"Senesac, Max",824637,Right,SAN_TOR,2,Top,2,0,2,Fastball,Four-Seam,InPlay,Undefined,LineDrive,Single,91.98098,2477.495047,208.818366,6.08772,1.39261,6.24884,23.02631,11.92422,-4.831179,-1.488977,2.71171,-0.97251,92.68024,10.910969,28.662054,208.73927,TeamExclusive,20251031-UofSanDiego-Private-1,7ba8f440-b6a3-11f0-9d08-9fdacb65dc91,High,High,High
52,9/19/2025,24:22.6,15.0,7.0,"Gutierrez, Diego",822622.0,Right,SAN_TOR,"Gutierrez, Diego",822622,Right,SAN_TOR,1,Top,0,2,2,Fastball,Four-Seam,InPlay,Undefined,GroundBall,Undefined,89.62003,2514.706187,211.55852,6.10682,1.40182,6.48687,18.84666,10.84229,-6.407737,-0.331399,1.67704,0.19429,71.50468,-36.210761,-23.274333,3.92721,TeamExclusive,20250919-UofSanDiego-Private-1,ddd1f980-9585-11f0-8e06-cb61934ceb74,High,High,High
20,10/3/2025,24:05.7,1.0,4.0,"Gutierrez, Diego",822622.0,Right,SAN_TOR,"Lane, Isaiah",805182,Right,SAN_TOR,1,Bottom,0,2,1,Fastball,Four-Seam,InPlay,Undefined,FlyBall,Out,90.16527,2445.726856,216.105675,5.96805,1.40525,6.62406,21.76541,15.00804,-5.136054,-0.305653,2.4416,-0.12326,81.59321,23.398599,-2.765754,291.41467,TeamExclusive,20251003-UofSanDiego-Private-1,70298040-a0b8-11f0-a266-b9e2020d2c65,High,High,High
97,9/26/2025,35:52.9,7.0,3.0,"Gutierrez, Diego",822622.0,Right,SAN_TOR,"Button, Nico",800888,Left,SAN_TOR,2,Top,2,0,2,Fastball,Four-Seam,FoulBallNotFieldable,Undefined,Undefined,Undefined,89.01662,2442.073124,220.615595,6.10895,1.40736,6.43532,18.85729,15.17398,-3.809549,-0.042993,4.11402,0.10518,71.14912,59.109894,-146.742666,,TeamExclusive,20250926-UofSanDiego-Private-2,8b032fb0-9b31-11f0-a805-71ab9b6d3f26,High,High,High
17,10/3/2025,22:59.1,1.0,1.0,"Gutierrez, Diego",822622.0,Right,SAN_TOR,"Lane, Isaiah",805182,Right,SAN_TOR,1,Bottom,0,0,0,Fastball,Four-Seam,BallCalled,Undefined,Undefined,Undefined,90.48128,2334.152089,204.10053,5.94731,1.41964,6.49904,20.27548,8.56965,-6.211881,-1.485104,1.50051,-0.65732,,,,,TeamExclusive,20251003-UofSanDiego-Private-1,48709610-a0b8-11f0-a266-b9e2020d2c65,High,High,High
18,10/3/2025,23:17.8,1.0,2.0,"Gutierrez, Diego",822622.0,Right,SAN_TOR,"Lane, Isaiah",805182,Right,SAN_TOR,1,Bottom,0,1,0,Fastball,Four-Seam,BallCalled,Undefined,Undefined,Undefined,91.19233,2436.756733,199.652442,5.86149,1.42976,6.79784,20.46895,6.89752,-7.040015,-2.601595,0.61259,-1.52055,,,,,TeamExclusive,20251003-UofSanDiego-Private-1,53a1e1b0-a0b8-11f0-a266-b9e2020d2c65,High,High,High
50,9/19/2025,23:37.1,15.0,5.0,"Gutierrez, Diego",822622.0,Right,SAN_TOR,"Gutierrez, Diego",822622,Right,SAN_TOR,1,Top,0,1,2,Fastball,Four-Seam,BallCalled,Undefined,Undefined,Undefined,89.7363,2420.755494,204.734522,6.13064,1.43337,6.43076,20.40442,8.81359,-3.334455,-0.634032,4.45021,0.11697,,,,,TeamExclusive,20250919-UofSanDiego-Private-1,c29ddd00-9585-11f0-8e06-cb61934ceb74,High,High,High
64,9/19/2025,30:42.3,19.0,1.0,"Edwards, Jagger",1000115024.0,Left,SAN_TOR,"Edwards, Jagger",1000115024,Right,SAN_TOR,1,Top,1,0,0,Undefined,Changeup,Undefined,Undefined,Undefined,Undefined,72.91057,1733.612254,148.398433,6.5303,-1.34232,5.37287,20.36458,-11.21024,-3.385129,0.141698,6.61388,-0.27879,,,,,TeamExclusive,20250919-UofSanDiego-Private-1,c0223930-9586-11f0-8e06-cb61934ceb74,High,High,High
65,9/19/2025,30:50.7,19.0,2.0,"Edwards, Jagger",1000115024.0,Left,SAN_TOR,"Edwards, Jagger",1000115024,Right,SAN_TOR,1,Top,1,0,0,Undefined,Changeup,Undefined,Undefined,Undefined,Undefined,77.99345,1842.993794,147.905483,6.38509,-1.55038,5.47333,19.26662,-10.9743,-4.976601,1.274197,4.3566,0.55509,,,,,TeamExclusive,20250919-UofSanDiego-Private-1,c512b820-9586-11f0-8e06-cb61934ceb74,High,High,High
66,9/19/2025,34:46.6,19.0,3.0,"Edwards, Jagger",1000115024.0,Left,SAN_TOR,"Edwards, Jagger",1000115024,Right,SAN_TOR,1,Top,1,0,0,Fastball,Four-Seam,FoulBallNotFieldable,Undefined,Undefined,Undefined,87.10812,1950.480192,159.879944,5.95201,-1.59538,6.46831,17.51036,-5.94071,-4.252503,1.348505,3.82856,0.13812,,,,,TeamExclusive,20250919-UofSanDiego-Private-1,51c5da90-9587-11f0-8e06-cb61934ceb74,High,High,High
67,9/19/2025,35:13.3,19.0,4.0,"Edwards, Jagger",1000115024.0,Left,SAN_TOR,"Edwards, Jagger",1000115024,Right,SAN_TOR,1,Top,1,0,1,Fastball,Four-Seam,FoulBallNotFieldable,Undefined,Undefined,Undefined,87.18877,1965.700762,155.8153,5.95607,-1.68391,6.34328,17.39879,-7.28508,-4.861574,1.475593,3.22477,0.28158,69.20622,21.202853,169.256014,,TeamExclusive,20250919-UofSanDiego-Private-1,61afcc40-9587-11f0-8e06-cb61934ceb74,High,High,High
68,9/19/2025,35:39.0,19.0,5.0,"Edwards, Jagger",1000115024.0,Left,SAN_TOR,"Edwards, Jagger",1000115024,Right,SAN_TOR,1,Top,1,0,2,Fastball,Sinker,BallCalled,Undefined,Undefined,Undefined,88.25523,2026.615388,136.679256,5.98461,-1.49914,6.142,15.12796,-12.92418,-4.398715,0.58926,3.91776,0.12117,,,,,TeamExclusive,20250919-UofSanDiego-Private-1,70e70fc0-9587-11f0-8e06-cb61934ceb74,High,High,High
69,9/19/2025,36:03.9,19.0,6.0,"Edwards, Jagger",1000115024.0,Left,SAN_TOR,"Edwards, Jagger",1000115024,Right,SAN_TOR,1,Top,1,1,2,Fastball,Four-Seam,BallCalled,Undefined,Undefined,Undefined,89.11624,1987.988852,141.67218,5.87529,-1.54822,6.45919,14.55855,-10.54843,-7.116501,2.101316,1.18291,1.26191,,,,,TeamExclusive,20250919-UofSanDiego-Private-1,7fcb7850-9587-11f0-8e06-cb61934ceb74,High,High,High
70,9/19/2025,36:29.5,19.0,7.0,"Edwards, Jagger",1000115024.0,Left,SAN_TOR,"Edwards, Jagger",1000115024,Right,SAN_TOR,1,Top,1,2,2,Fastball,Four-Seam,FoulBallNotFieldable,Undefined,Undefined,Undefined,88.57331,1976.027375,144.790012,5.87714,-1.53841,6.37017,14.77957,-9.51497,-5.233595,0.305093,2.98473,-0.46477,69.27877,33.568659,152.351776,,TeamExclusive,20250919-UofSanDiego-Private-1,8f129a50-9587-11f0-8e06-cb61934ceb74,High,High,High
71,9/19/2025,36:57.2,19.0,8.0,"Edwards, Jagger",1000115024.0,Left,SAN_TOR,"Edwards, Jagger",1000115024,Right,SAN_TOR,1,Top,1,2,2,Fastball,Sinker,BallCalled,Undefined,Undefined,Undefined,88.47691,2039.372819,140.87973,5.863,-1.83043,6.27793,16.64025,-12.58489,-4.788243,-1.460433,3.1803,-2.1278,,,,,TeamExclusive,20250919-UofSanDiego-Private-1,9f79ab40-9587-11f0-8e06-cb61934ceb74,High,High,High
72,9/19/2025,37:15.6,19.0,9.0,"Edwards, Jagger",1000115024.0,Left,SAN_TOR,"Edwards, Jagger",1000115024,Right,SAN_TOR,1,Top,1,3,2,Fastball,Four-Seam,BallCalled,Walk,Undefined,Undefined,87.63343,2002.950422,145.884349,5.89671,-1.53055,6.19519,18.09044,-11.50489,-4.503056,-1.149032,3.38675,-1.63271,,,,,TeamExclusive,20250919-UofSanDiego-Private-1,aa77b1e0-9587-11f0-8e06-cb61934ceb74,High,High,High
73,9/19/2025,37:38.4,20.0,1.0,"Edwards, Jagger",1000115024.0,Left,SAN_TOR,"Edwards, Jagger",1000115024,Right,SAN_TOR,1,Top,1,0,0,Fastball,Four-Seam,BallCalled,Undefined,Undefined,Undefined,86.71187,1977.29495,147.620211,5.89187,-1.45097,6.55733,16.64666,-9.88571,-3.558153,0.44801,4.40712,-0.21731,,,,,TeamExclusive,20250919-UofSanDiego-Private-1,b8151b80-9587-11f0-8e06-cb61934ceb74,High,High,High
74,9/19/2025,37:56.5,20.0,2.0,"Edwards, Jagger",1000115024.0,Left,SAN_TOR,"Edwards, Jagger",1000115024,Right,SAN_TOR,1,Top,1,1,0,Fastball,Changeup,StrikeSwinging,Undefined,Undefined,Undefined,85.79286,1798.973576,151.853214,5.80851,-1.59866,6.27851,16.69965,-8.3065,-4.77756,0.043589,3.30289,-0.86641,,,,,TeamExclusive,20250919-UofSanDiego-Private-1,c2e18ad0-9587-11f0-8e06-cb61934ceb74,High,High,High
75,9/19/2025,38:14.2,20.0,3.0,"Edwards, Jagger",1000115024.0,Left,SAN_TOR,"Edwards, Jagger",1000115024,Right,SAN_TOR,1,Top,1,1,1,Fastball,Changeup,StrikeSwinging,Undefined,Undefined,Undefined,86.5061,1796.45569,145.995104,6.02856,-1.54074,6.34513,14.9104,-9.25741,-4.459644,0.202737,3.92814,-0.58305,,,,,TeamExclusive,20250919-UofSanDiego-Private-1,cd7e5ea0-9587-11f0-8e06-cb61934ceb74,High,High,High
76,9/19/2025,38:39.3,20.0,4.0,"Edwards, Jagger",1000115024.0,Left,SAN_TOR,"Edwards, Jagger",1000115024,Right,SAN_TOR,1,Top,1,1,2,Fastball,Changeup,BallCalled,Undefined,Undefined,Undefined,86.98098,1534.268638,149.67222,5.95223,-1.31254,6.43023,12.97705,-6.94504,-3.222849,0.23152,5.09657,-0.52157,,,,,TeamExclusive,20250919-UofSanDiego-Private-1,dc627910-9587-11f0-8e06-cb61934ceb74,High,High,High
77,9/19/2025,38:56.2,20.0,5.0,"Edwards, Jagger",1000115024.0,Left,SAN_TOR,"Edwards, Jagger",1000115024,Right,SAN_TOR,1,Top,1,2,2,Fastball,Changeup,InPlay,Undefined,GroundBall,Undefined,85.75589,1483.595078,137.632697,5.8492,-1.61657,6.15959,10.82603,-8.82599,-6.970099,0.397843,1.78161,-0.5124,103.40153,-2.520476,8.253658,30.67283,TeamExclusive,20250919-UofSanDiego-Private-1,e6822da0-9587-11f0-8e06-cb61934ceb74,High,High,High
78,9/19/2025,39:30.5,21.0,1.0,"Edwards, Jagger",1000115024.0,Left,SAN_TOR,"Edwards, Jagger",1000115024,Right,SAN_TOR,1,Top,1,0,0,Fastball,Four-Seam,BallCalled,Undefined,Undefined,Undefined,86.6008,1953.725114,133.659657,5.93805,-1.48221,6.38437,12.46016,-11.90142,-4.095729,-0.475856,4.33991,-0.92873,,,,,TeamExclusive,20250919-UofSanDiego-Private-1,faddd150-9587-11f0-8e06-cb61934ceb74,High,High,High
79,9/19/2025,39:46.6,21.0,2.0,"Edwards, Jagger",1000115024.0,Left,SAN_TOR,"Edwards, Jagger",1000115024,Right,SAN_TOR,1,Top,1,1,0,Fastball,Four-Seam,StrikeSwinging,Undefined,Undefined,Undefined,87.03679,2003.574192,167.782137,5.84741,-1.52282,6.38978,22.08029,-4.49929,-4.489175,0.746084,3.12809,-0.46177,,,,,TeamExclusive,20250919-UofSanDiego-Private-1,0491f2d0-9588-11f0-8e06-cb61934ceb74,High,High,High
80,9/19/2025,40:05.0,21.0,3.0,"Edwards, Jagger",1000115024.0,Left,SAN_TOR,"Edwards, Jagger",1000115024,Right,SAN_TOR,1,Top,1,1,1,Fastball,Sinker,BallCalled,Undefined,Undefined,Undefined,86.45908,2101.403689,142.020848,6.01493,-1.38703,6.15966,20.46289,-14.98607,-6.680427,-1.072217,1.40932,-1.12858,,,,,TeamExclusive,20250919-UofSanDiego-Private-1,0f7397d0-9588-11f0-8e06-cb61934ceb74,High,High,High
81,9/19/2025,40:25.2,21.0,4.0,"Edwards, Jagger",1000115024.0,Left,SAN_TOR,"Edwards, Jagger",1000115024,Right,SAN_TOR,1,Top,1,2,1,Fastball,Four-Seam,BallCalled,Undefined,Undefined,Undefined,86.64545,2067.705502,156.717509,5.84981,-1.3721,6.45735,22.69564,-9.21469,-3.729946,0.983244,3.79912,0.29807,,,,,TeamExclusive,20250919-UofSanDiego-Private-1,1b7e0560-9588-11f0-8e06-cb61934ceb74,High,High,High
82,9/19/2025,40:40.9,21.0,5.0,"Edwards, Jagger",1000115024.0,Left,SAN_TOR,"Edwards, Jagger",1000115024,Right,SAN_TOR,1,Top,1,3,1,Fastball,Changeup,BallCalled,Walk,Undefined,Undefined,85.035,1982.903861,120.104007,5.90281,-1.5437,6.09051,12.0202,-18.49064,-6.527554,-2.356782,2.25866,-2.18071,,,,,TeamExclusive,20250919-UofSanDiego-Private-1,24f6cb90-9588-11f0-8e06-cb61934ceb74,High,High,High
83,9/19/2025,42:55.1,22.0,1.0,"Piper, Logan",822029.0,Left,SAN_TOR,"Piper, Logan",822029,Left,SAN_TOR,1,Top,1,0,0,Fastball,Four-Seam,InPlay,Undefined,LineDrive,Single,86.30294,2368.359198,143.054361,5.7406,-1.49198,5.15425,18.04284,-12.4741,-3.929702,0.156791,4.04087,-0.30618,,,,,TeamExclusive,20250919-UofSanDiego-Private-1,74e263d0-9588-11f0-8e06-cb61934ceb74,High,High,High
84,9/19/2025,43:08.1,23.0,1.0,"Piper, Logan",822029.0,Left,SAN_TOR,"Piper, Logan",822029,Left,SAN_TOR,1,Top,1,0,0,Undefined,Four-Seam,Undefined,Undefined,Undefined,Undefined,86.66142,2250.497629,152.054693,5.86457,-1.30025,5.06882,19.22592,-9.39961,-3.94259,1.339673,4.05407,0.74529,,,,,TeamExclusive,20250919-UofSanDiego-Private-1,7c9e5ed0-9588-11f0-8e06-cb61934ceb74,High,High,High
85,9/19/2025,44:03.9,23.0,2.0,"Piper, Logan",822029.0,Left,SAN_TOR,"Piper, Logan",822029,Left,SAN_TOR,1,Top,1,0,0,Undefined,Changeup,Undefined,Undefined,Undefined,Undefined,87.59857,2343.161657,128.135737,5.62503,-1.45178,5.23613,14.9408,-17.13698,-4.710853,-1.340439,3.36785,-1.28387,76.93561,22.510567,6.19202,251.96342,TeamExclusive,20250919-UofSanDiego-Private-1,9df6bf50-9588-11f0-8e06-cb61934ceb74,High,High,High
86,9/19/2025,44:47.5,23.0,3.0,"Piper, Logan",822029.0,Left,SAN_TOR,"Piper, Logan",822029,Left,SAN_TOR,1,Top,1,0,0,Undefined,Four-Seam,Undefined,Undefined,Undefined,Undefined,88.11569,2360.885759,141.348302,5.66677,-1.22769,5.27732,20.5969,-15.40028,-2.363634,-0.357262,5.06666,-0.28202,,,,,TeamExclusive,20250919-UofSanDiego-Private-1,b7db2a50-9588-11f0-8e06-cb61934ceb74,High,High,High
87,9/19/2025,45:05.4,23.0,4.0,"Piper, Logan",822029.0,Left,SAN_TOR,"Piper, Logan",822029,Left,SAN_TOR,1,Top,1,0,0,Undefined,Four-Seam,Undefined,Undefined,Undefined,Undefined,87.95248,2364.953656,143.463097,5.63713,-1.26546,5.23949,20.60159,-14.24965,-4.954056,1.23473,2.60222,1.08043,,,,,TeamExclusive,20250919-UofSanDiego-Private-1,c27dca80-9588-11f0-8e06-cb61934ceb74,High,High,High
88,9/19/2025,45:27.3,23.0,5.0,"Piper, Logan",822029.0,Left,SAN_TOR,"Piper, Logan",822029,Left,SAN_TOR,1,Top,1,0,0,Fastball,Four-Seam,StrikeCalled,Undefined,Undefined,Undefined,88.24048,2393.432291,144.247929,5.63149,-1.24668,5.26791,21.37037,-14.3919,-3.433034,0.056375,3.96058,0.00379,,,,,TeamExclusive,20250919-UofSanDiego-Private-1,cf89c990-9588-11f0-8e06-cb61934ceb74,High,High,High
89,9/19/2025,45:46.6,23.0,6.0,"Piper, Logan",822029.0,Left,SAN_TOR,"Piper, Logan",822029,Left,SAN_TOR,1,Top,1,0,1,Fastball,Four-Seam,FoulBallNotFieldable,Undefined,Undefined,Undefined,88.58034,2382.102684,151.164442,5.69338,-1.00671,5.31078,23.12139,-11.96233,-4.401256,0.251204,2.93908,0.2247,,,,,TeamExclusive,20250919-UofSanDiego-Private-1,db136e60-9588-11f0-8e06-cb61934ceb74,High,High,High
90,9/19/2025,46:10.2,23.0,7.0,"Piper, Logan",822029.0,Left,SAN_TOR,"Piper, Logan",822029,Left,SAN_TOR,1,Top,1,0,2,Fastball,Four-Seam,BallCalled,Undefined,Undefined,Undefined,88.57244,2362.745963,129.462489,5.67333,-1.24257,5.25101,16.77296,-18.67131,-3.497833,-0.969407,4.31708,-0.59947,,,,,TeamExclusive,20250919-UofSanDiego-Private-1,e93c2810-9588-11f0-8e06-cb61934ceb74,High,High,High
91,9/19/2025,46:30.2,23.0,8.0,"Piper, Logan",822029.0,Left,SAN_TOR,"Piper, Logan",822029,Left,SAN_TOR,1,Top,1,1,2,Fastball,Sinker,FoulBallNotFieldable,Undefined,Undefined,Undefined,87.55172,2289.11704,132.437364,5.6925,-1.17491,5.32092,16.98253,-17.08151,-5.357112,-1.04615,2.59943,-0.7334,68.96288,25.490129,163.596541,,TeamExclusive,20250919-UofSanDiego-Private-1,f51bdc20-9588-11f0-8e06-cb61934ceb74,High,High,High
92,9/19/2025,46:56.3,23.0,9.0,"Piper, Logan",822029.0,Left,SAN_TOR,"Piper, Logan",822029,Left,SAN_TOR,1,Top,1,1,2,Fastball,Four-Seam,BallCalled,Undefined,Undefined,Undefined,90.12138,2363.235225,146.589874,5.69875,-1.1331,5.38547,21.56076,-13.38426,-2.813555,-1.478576,4.43178,-1.4044,,,,,TeamExclusive,20250919-UofSanDiego-Private-1,049b2520-9589-11f0-8e06-cb61934ceb74,High,High,High
93,9/19/2025,47:17.9,23.0,10.0,"Piper, Logan",822029.0,Left,SAN_TOR,"Piper, Logan",822029,Left,SAN_TOR,1,Top,1,2,2,Fastball,Four-Seam,StrikeSwinging,Strikeout,Undefined,Undefined,89.13246,2352.760728,148.996936,5.60953,-1.20465,5.33009,21.34383,-12.07713,-4.599301,0.701601,2.72186,0.45882,,,,,TeamExclusive,20250919-UofSanDiego-Private-1,11784c00-9589-11f0-8e06-cb61934ceb74,High,High,High
94,9/19/2025,47:43.7,24.0,1.0,"Piper, Logan",822029.0,Left,SAN_TOR,"Piper, Logan",822029,Left,SAN_TOR,1,Top,2,0,0,Fastball,Four-Seam,StrikeCalled,Undefined,Undefined,Undefined,88.25849,2328.961,133.218233,5.74358,-1.08795,5.26261,17.74363,-17.60292,-5.52606,-0.294216,2.3149,0.1014,,,,,TeamExclusive,20250919-UofSanDiego-Private-1,20cf2570-9589-11f0-8e06-cb61934ceb74,High,High,High
95,9/19/2025,48:00.6,24.0,2.0,"Piper, Logan",822029.0,Left,SAN_TOR,"Piper, Logan",822029,Left,SAN_TOR,1,Top,2,0,1,Fastball,Four-Seam,FoulBallNotFieldable,Undefined,Undefined,Undefined,88.47866,2368.186754,135.609661,5.74745,-1.0156,5.37536,17.85454,-16.30721,-6.01344,-0.046194,1.82991,0.29925,46.41601,2.910196,-60.535458,34.92758,TeamExclusive,20250919-UofSanDiego-Private-1,2b023af0-9589-11f0-8e06-cb61934ceb74,High,High,High
96,9/19/2025,48:25.9,24.0,3.0,"Piper, Logan",822029.0,Left,SAN_TOR,"Piper, Logan",822029,Left,SAN_TOR,1,Top,2,0,2,Fastball,Four-Seam,BallCalled,Undefined,Undefined,Undefined,90.11324,2350.130741,151.768183,5.72481,-0.9924,5.32382,23.55596,-11.98095,-1.883084,-0.035302,5.16295,-0.02843,,,,,TeamExclusive,20250919-UofSanDiego-Private-1,39fdfc10-9589-11f0-8e06-cb61934ceb74,High,High,High
97,9/19/2025,48:49.4,24.0,4.0,"Piper, Logan",822029.0,Left,SAN_TOR,"Piper, Logan",822029,Left,SAN_TOR,1,Top,2,1,2,Fastball,Four-Seam,StrikeSwinging,Strikeout,Undefined,Undefined,88.92872,2346.872319,137.837469,5.8208,-0.95853,5.34,19.88702,-16.81521,-3.92776,-1.635363,3.73317,-1.09211,,,,,TeamExclusive,20250919-UofSanDiego-Private-1,4805e750-9589-11f0-8e06-cb61934ceb74,High,High,High
98,9/19/2025,49:25.7,25.0,1.0,"Piper, Logan",822029.0,Left,SAN_TOR,"Piper, Logan",822029,Left,SAN_TOR,1,Top,0,0,0,Fastball,Four-Seam,StrikeSwinging,Undefined,Undefined,Undefined,89.2574,2354.759575,130.390915,5.75154,-1.08584,5.40289,17.29036,-18.84985,-5.359864,-0.361481,2.47788,0.14478,,,,,TeamExclusive,20250919-UofSanDiego-Private-1,5dbc11f0-9589-11f0-8e06-cb61934ceb74,High,High,High
99,9/19/2025,49:47.1,25.0,2.0,"Piper, Logan",822029.0,Left,SAN_TOR,"Piper, Logan",822029,Left,SAN_TOR,1,Top,0,0,1,Fastball,Four-Seam,StrikeSwinging,Undefined,Undefined,Undefined,88.91693,2354.198669,153.570314,5.63891,-1.07458,5.41738,23.64056,-11.14197,-3.794797,-0.509082,3.32016,-0.62375,,,,,TeamExclusive,20250919-UofSanDiego-Private-1,6a699d50-9589-11f0-8e06-cb61934ceb74,High,High,High
100,9/19/2025,50:06.9,25.0,3.0,"Piper, Logan",822029.0,Left,SAN_TOR,"Piper, Logan",822029,Left,SAN_TOR,1,Top,0,0,2,Fastball,Four-Seam,StrikeSwinging,Strikeout,Undefined,Undefined,89.91992,2362.612828,154.813093,5.62166,-1.15455,5.52098,25.48533,-11.37753,-3.849009,-0.454681,3.06176,-0.63254,,,,,TeamExclusive,20250919-UofSanDiego-Private-1,762f39b0-9589-11f0-8e06-cb61934ceb74,High,High,High
101,9/19/2025,50:43.1,26.0,1.0,"Piper, Logan",822029.0,Left,SAN_TOR,"Piper, Logan",822029,Left,SAN_TOR,1,Top,1,0,0,Fastball,Four-Seam,BallCalled,Undefined,Undefined,Undefined,89.26162,2358.605041,133.675939,5.74598,-1.03596,5.65307,18.42938,-18.05721,-4.358026,-2.497395,3.29072,-1.86073,,,,,TeamExclusive,20250919-UofSanDiego-Private-1,8bc66aa0-9589-11f0-8e06-cb61934ceb74,High,High,High
102,9/19/2025,51:08.6,26.0,2.0,"Piper, Logan",822029.0,Left,SAN_TOR,"Piper, Logan",822029,Left,SAN_TOR,1,Top,1,1,0,Fastball,Four-Seam,StrikeSwinging,Undefined,Undefined,Undefined,88.72695,2357.458828,128.221487,5.6501,-1.23678,5.44938,17.61182,-20.7071,-5.850264,-0.716008,1.9377,-0.18275,,,,,TeamExclusive,20250919-UofSanDiego-Private-1,9b0f8870-9589-11f0-8e06-cb61934ceb74,High,High,High
103,9/19/2025,51:34.3,26.0,3.0,"Piper, Logan",822029.0,Left,SAN_TOR,"Piper, Logan",822029,Left,SAN_TOR,1,Top,1,1,1,Fastball,Four-Seam,StrikeSwinging,Undefined,Undefined,Undefined,89.0524,2323.623155,144.864757,5.70298,-1.16983,5.53786,21.3121,-14.13749,-4.624127,0.160353,2.78498,0.15664,,,,,TeamExclusive,20250919-UofSanDiego-Private-1,aa48c7c0-9589-11f0-8e06-cb61934ceb74,High,High,High
104,9/19/2025,52:06.9,26.0,4.0,"Piper, Logan",822029.0,Left,SAN_TOR,"Piper, Logan",822029,Left,SAN_TOR,1,Top,1,1,2,Fastball,Four-Seam,StrikeCalled,Strikeout,Undefined,Undefined,89.25802,2337.632626,157.378212,5.60589,-1.10625,5.58926,23.6645,-9.35115,-4.343994,-0.899469,2.74017,-1.16735,,,,,TeamExclusive,20250919-UofSanDiego-Private-1,bddbc440-9589-11f0-8e06-cb61934ceb74,High,High,High
105,9/19/2025,52:59.5,27.0,1.0,"Frize, Drake",813667.0,Right,SAN_TOR,"Frize, Drake",813667,Left,SAN_TOR,1,Top,2,0,0,Fastball,Changeup,StrikeCalled,Undefined,Undefined,Undefined,84.04816,1886.126187,197.797928,6.68627,1.55002,4.90391,23.0584,6.95473,-2.837156,-0.922869,5.7541,0.09838,,,,,TeamExclusive,20250919-UofSanDiego-Private-1,dd116bd0-9589-11f0-8e06-cb61934ceb74,High,High,High
106,9/19/2025,53:08.6,27.0,2.0,"Piper, Logan",822029.0,Left,SAN_TOR,"Piper, Logan",822029,Left,SAN_TOR,1,Top,2,0,0,Undefined,Changeup,Undefined,Undefined,Undefined,Undefined,85.46055,1734.276668,206.549114,6.65037,1.08797,5.07704,20.14127,9.41209,-1.655295,0.163614,6.94001,0.4592,,,,,TeamExclusive,20250919-UofSanDiego-Private-1,e28105d0-9589-11f0-8e06-cb61934ceb74,High,High,High
107,9/19/2025,55:25.3,27.0,3.0,"Frize, Drake",813667.0,Right,SAN_TOR,"Frize, Drake",813667,Left,SAN_TOR,1,Top,2,0,0,Undefined,Four-Seam,Undefined,Undefined,Undefined,Undefined,89.85108,2024.733913,199.822642,6.2651,1.15898,5.66024,23.38808,7.988,-5.050932,-0.607811,2.72246,-0.07285,,,,,TeamExclusive,20250919-UofSanDiego-Private-1,33fab820-958a-11f0-8e06-cb61934ceb74,High,High,High
108,9/19/2025,55:42.2,27.0,4.0,"Frize, Drake",813667.0,Right,SAN_TOR,"Frize, Drake",813667,Left,SAN_TOR,1,Top,2,0,0,Undefined,Four-Seam,Undefined,Undefined,Undefined,Undefined,89.09132,2044.256019,216.629984,6.20752,0.98802,5.63355,19.62422,13.67808,-4.751646,0.879761,3.30772,0.66945,,,,,TeamExclusive,20250919-UofSanDiego-Private-1,3e20ae40-958a-11f0-8e06-cb61934ceb74,High,High,High
