player,team,season,height_in,class_year,bats,throws,hometown_city,hometown_state,high_school
Diego Cardenas,Abilene Christian,2026,73,Sr.,LEFT,RIGHT,El Paso,TX,Riverside HS
Maddox Miesse,Abilene Christian,2026,72,Sr.,RIGHT,RIGHT,Adkins,TX,East Central HS
Nick Arias,Abilene Christian,2026,71,Sr.,RIGHT,RIGHT,Tucson,AZ,Tucson HS
Zandt Payne,Abilene Christian,2026,70,Sr.,BOTH,RIGHT,Edmond,OK,Deer Creek HS
Grant Watkins,Abilene Christian,2026,74,Sr.,LEFT,RIGHT,Los Alamos,NM,Los Alamos HS
Brady Ladusau,Abilene Christian,2026,73,Fr.,RIGHT,RIGHT,Heath,TX,Rockwall Heath High School
JT Thompson,Abilene Christian,2026,69,Sr.,LEFT,RIGHT,Abilene,TX,Wylie
Ryan Jones,Abilene Christian,2026,75,Fr.,LEFT,RIGHT,Aledo,TX,Aledo
Braden Regala,Abilene Christian,2026,68,So.,BOTH,LEFT,Abilene,TX,Wylie HS
Brady Gray,Abilene Christian,2026,72,So.,BOTH,RIGHT,Farmersville,TX,Farmersville HS
Kanon Sundgren,Abilene Christian,2026,73,Sr.,RIGHT,RIGHT,Silsbee,TX,Silsbee High School
Gavin Brzozowski,Abilene Christian,2026,73,Sr.,LEFT,LEFT,Mansfield,TX,Mansfield HS
Sam Hardcastle,Abilene Christian,2026,75,Sr.,RIGHT,RIGHT,Richmond,TX,Foster HS
Reese Borho,Abilene Christian,2026,72,Jr.,LEFT,LEFT,Abilene,TX,Wylie HS
Blaine Palmer,Abilene Christian,2026,71,Sr.,RIGHT,RIGHT,Buffalo Gap,TX,Jim Ned HS
Brett Lanman,Abilene Christian,2026,77,Jr.,LEFT,LEFT,Fairview,TX,Lovejoy HS
Baron Mannis,Abilene Christian,2026,73,Fr.,LEFT,LEFT,Argyle,TX,Argyle High School
Carson Wallace,Abilene Christian,2026,74,Fr.,LEFT,LEFT,Diana,TX,Harleton High School
Aidan Coleman,Abilene Christian,2026,73,Jr.,RIGHT,RIGHT,San Antonio,TX,Reagan
David Jeon,Abilene Christian,2026,72,Sr.,RIGHT,RIGHT,Coppell,TX,Coppell HS
Brady Coe,Abilene Christian,2026,69,So.,RIGHT,RIGHT,Fairview,TX,Allen HS
Noah Galvan,Abilene Christian,2026,71,Sr.,RIGHT,RIGHT,Fresno,CA,Clovis West HS
Collin Adams,Abilene Christian,2026,70,Jr.,LEFT,LEFT,Forney,TX,Rockwall Heath High School
Cade McGarrh,Abilene Christian,2026,75,Sr.,LEFT,RIGHT,Frisco,TX,Liberty HS
Evan Whiteaker,Abilene Christian,2026,76,Sr.,RIGHT,RIGHT,West Chester,OH,Lakota East
OJ Gonzalez,Abilene Christian,2026,72,So.,RIGHT,RIGHT,Lakeway,TX,Lake Travis HS
Caden Greanead,Abilene Christian,2026,75,Sr.,RIGHT,RIGHT,Denton,TX,Denton HS
Everett Swaim,Abilene Christian,2026,75,Jr.,RIGHT,RIGHT,Richmond,Canada,MacNeill Secondary
Logan Young,Abilene Christian,2026,75,So.,RIGHT,RIGHT,Lewisville,TX,Hebron High School
Grayson McKelvey,Abilene Christian,2026,73,Fr.,RIGHT,RIGHT,Aledo,TX,Aledo High School
Will Patterson,Abilene Christian,2026,78,Jr.,LEFT,LEFT,The Colony,TX,Hebron High School
Chase Batten,Abilene Christian,2026,72,Fr.,LEFT,LEFT,Richmond,TX,Foster High School
Garrett Hutchins,Air Force,2026,77,Fr.,LEFT,LEFT,Lucas,TX,Lovejoy High School
Wyatt Hanoian,Air Force,2026,69,Fr.,BOTH,RIGHT,Costa Mesa,CA,Silicon Valley High School
Walker Zapp,Air Force,2026,71,Sr.,RIGHT,RIGHT,Auburn,AL,Auburn
Brooks Burdine,Air Force,2026,70,Fr.,LEFT,LEFT,Aledo,TX,Aledo High School
Benjamin Niednagel,Air Force,2026,69,Sr.,LEFT,RIGHT,Santa Clarita,CA,Hart
TJ Oster,Air Force,2026,69,Sr.,RIGHT,RIGHT,Phoenix,AZ,Valley Christian
Tripp Garrish,Air Force,2026,73,Sr.,LEFT,LEFT,Belmont,CA,Carlmont
Kayden Bradshaw,Air Force,2026,73,So.,RIGHT,RIGHT,Dallas,TX,Scurry-Rosser
Landon Boyd,Air Force,2026,72,Sr.,BOTH,RIGHT,Parker,CO,Sandra Day O'Connor
Dawson Thrush,Air Force,2026,72,So.,RIGHT,RIGHT,Jupiter,FL,William T. Dwyer
Luke Elmore,Air Force,2026,72,Jr.,RIGHT,RIGHT,Panama City,FL,Mosley
Cole Jenkins,Air Force,2026,70,So.,RIGHT,RIGHT,Highlands Ranch,CO,Chaparral
Christian Taylor,Air Force,2026,71,Jr.,RIGHT,RIGHT,Davidson County,TN,Green Hill
Van Klein,Air Force,2026,72,Jr.,RIGHT,RIGHT,Flower Mound,TX,Marcus
Blake Campbell,Air Force,2026,70,Fr.,RIGHT,RIGHT,Lexington,KY,Lexington Christian Academy
Cam Anstey,Air Force,2026,72,Jr.,RIGHT,RIGHT,Winter Garden,FL,Monteverde Academy
Cooper Winchester,Air Force,2026,71,So.,RIGHT,BOTH,New Orleans,LA,Saint Paul School
JD Wolff,Air Force,2026,68,So.,RIGHT,LEFT,Bradenton,FL,IMG Academy
Aiden Poe,Air Force,2026,71,Fr.,RIGHT,RIGHT,Vincent,AL,Vincent Middle High School
Samuel Hentges,Air Force,2026,74,Jr.,LEFT,LEFT,Seal Beach,CA,St. John Bosco
Gaines Estridge,Air Force,2026,74,Jr.,RIGHT,RIGHT,Fort Worth,TX,Covenant Christian Academy
Bowen Brantingham,Air Force,2026,75,Jr.,RIGHT,RIGHT,St. Louis,MO,John Burroughs
Trey Rutledge,Air Force,2026,73,Fr.,RIGHT,RIGHT,Albertville,AL,Plainview School
Patrick Davidson,Air Force,2026,76,Jr.,RIGHT,RIGHT,Auburn,AL,Auburn
Jordan Watkins,Air Force,2026,,Fr.,,,Las Vegas,NV,Faith Lutheran High School
Cranz Smelcer,Air Force,2026,78,So.,RIGHT,RIGHT,Cary,NC,Apex
Ethan Dillinger,Air Force,2026,73,Jr.,LEFT,LEFT,Erie,CO,Erie
Charlie Russell,Air Force,2026,77,Jr.,RIGHT,RIGHT,Columbus,OH,Bishop Ready
Gunner Gilmore,Air Force,2026,74,So.,RIGHT,RIGHT,Olive Branch,MS,Lewisburg
Davis Rhyne,Air Force,2026,77,Jr.,RIGHT,RIGHT,Harrisburg,NC,Hickory Ridge
Marcus Downing,Air Force,2026,75,So.,RIGHT,RIGHT,Phoenix,AZ,Pinnacle
Easton Miller,Air Force,2026,73,So.,RIGHT,RIGHT,Fort Collins,CO,Fossil Ridge
Joey Collier,Air Force,2026,72,Sr.,LEFT,LEFT,Surprise,AZ,Paradise Honors
Joshua Holst,Air Force,2026,75,Fr.,LEFT,LEFT,Libertyville,IL,Libertyville High School
Atticus Huffstutler,Akron,2026,75,Fr.,,,Saint Pete Beach,FL,Dixie M. Hollins HS
Austin Lafferty,Akron,2026,71,Jr.,RIGHT,RIGHT,Pittsburgh,PA,South Park
Easton Amundson,Akron,2026,75,Sr.,LEFT,RIGHT,Nampa,ID,Ridgevue HS
Blake Bowen,Akron,2026,74,So.,LEFT,RIGHT,Wooster,OH,Wooster HS
Brady Bowen,Akron,2026,72,Fr.,,,Wooster,OH,Wooster High School
Brody Chrisman,Akron,2026,75,So.,LEFT,RIGHT,Zionsville,IN,Zionsville
Kelton Phillips,Akron,2026,,Sr.,,,,,
Tucker Biehl,Akron,2026,75,Jr.,,,,,
Gabe Mathison,Akron,2026,73,Fr.,,,Carmel,IN,Carmel High School
Brennan Morgan,Akron,2026,75,Jr.,RIGHT,RIGHT,Marlow,OK,Marlow HS
Henry Hayman,Akron,2026,73,Sr.,RIGHT,RIGHT,Melbourne,Australia,Brighton Grammar School
Prince DeBoskie,Akron,2026,72,Jr.,,,,,
Gio Melchione,Akron,2026,72,So.,RIGHT,RIGHT,Gilbert,AZ,Desert Ridge HS
Kyle McConachie,Akron,2026,70,Sr.,RIGHT,RIGHT,Columbia,IL,Columbia HS
Mitchel Szymczak,Akron,2026,70,Sr.,RIGHT,RIGHT,Strongsville,OH,Strongsville
Derek Occhipinti,Akron,2026,76,So.,RIGHT,RIGHT,Macedonia,OH,Westlake HS
Nathan Currah,Akron,2026,76,So.,LEFT,LEFT,Georgetown,Canada,Christ the King
Elijah Griffith,Akron,2026,74,Jr.,RIGHT,RIGHT,New Albany,OH,New Albany
Carter Beck,Akron,2026,72,Fr.,,,Avon,IN,Avon High School
Floyd McKenna,Akron,2026,71,Jr.,LEFT,LEFT,Pittsburgh,PA,Bonita
Parker Munday,Akron,2026,70,Jr.,LEFT,LEFT,Chagrin Falls,OH,Kenston
Jeremiah Newman,Akron,2026,72,Sr.,RIGHT,RIGHT,Atlanta,GA,
Josiah Ross,Akron,2026,73,Jr.,RIGHT,RIGHT,Lewis Center,OH,Olentangy Orange
Landon Vandegrift,Akron,2026,73,So.,RIGHT,RIGHT,Orient,OH,Teays Valley
Trieg Matthews,Akron,2026,76,Fr.,,,Liberty Twp,OH,Lakota East High School
Taylor Bednar,Akron,2026,72,So.,RIGHT,RIGHT,Galena,OH,Olentangy Berlin
John Allen,Akron,2026,74,Sr.,LEFT,LEFT,Wadsworth,OH,Wadsworth
Garrett Groce,Akron,2026,75,Fr.,,,Danville,IN,Danville Community High School
Brady Neal,Alabama,2026,70,Sr.,LEFT,RIGHT,Tallahassee,FL,IMG Academy
Bryce Fowler,Alabama,2026,74,Sr.,LEFT,LEFT,Madison,MS,Germantown HS
Justin Lebron,Alabama,2026,74,Jr.,RIGHT,RIGHT,Miramar,FL,Archbishop Edward McCarthy
Johnny Lemm,Alabama,2026,75,Sr.,LEFT,RIGHT,Brisbane,Australia,Narangba Valley State
JoJo Williamson,Alabama,2026,68,So.,LEFT,RIGHT,Hartselle,AL,Hartselle
Eric Hines,Alabama,2026,75,Fr.,RIGHT,RIGHT,Tuscaloosa,AL,American Christian Academy
Luke Vaughn,Alabama,2026,74,Jr.,RIGHT,RIGHT,Cincinnati,OH,Elder
Justin Osterhouse,Alabama,2026,73,Jr.,LEFT,RIGHT,Grand Rapids,MI,Forrest Hills Central
Jason Torres,Alabama,2026,73,Sr.,RIGHT,RIGHT,Hialeah,FL,Miami Springs
Brennan Holt,Alabama,2026,69,Sr.,LEFT,RIGHT,Baton Rouge,LA,Parkview Baptist
Peyton Steele,Alabama,2026,73,So.,RIGHT,RIGHT,Decatur,AL,Hartselle
Will Plattner,Alabama,2026,73,Sr.,RIGHT,RIGHT,Springfield,IL,Glenwood
Chase Kroberger,Alabama,2026,72,Fr.,RIGHT,RIGHT,Moorestown,NJ,Moorestown
Andrew Purdy,Alabama,2026,74,Fr.,LEFT,RIGHT,Cartersville,GA,Cartersville
Evan Taylor,Alabama,2026,72,Fr.,RIGHT,RIGHT,Ocean City,NJ,Ocean City
Bobby Alcock,Alabama,2026,77,Sr.,RIGHT,RIGHT,Lynn,MA,The Winchendon School
Hagan Banks,Alabama,2026,76,Sr.,RIGHT,RIGHT,Plainville,GA,Calhoun
Sam Mitchell,Alabama,2026,79,Jr.,RIGHT,RIGHT,Madison,AL,Bob Jones
Evan Steckmesser,Alabama,2026,73,Sr.,LEFT,LEFT,Huntsville,AL,Grissom
Zane Adams,Alabama,2026,76,Jr.,LEFT,LEFT,Porter,TX,Porter
Myles Upchurch,Alabama,2026,76,Fr.,RIGHT,RIGHT,Odenton,MD,St. Albans
Austin Morris,Alabama,2026,76,Jr.,RIGHT,RIGHT,Warrior,AL,Mortimer Jordan
Ashton Crowther,Alabama,2026,75,Jr.,LEFT,LEFT,Trinity,FL,J.W. Mitchell
Tyler Fay,Alabama,2026,77,Jr.,RIGHT,RIGHT,Doniphan,NE,Grand Island Senior
Luke Smyers,Alabama,2026,75,Fr.,LEFT,LEFT,Henrico,VA,Godwin
JT Blackwood,Alabama,2026,74,Sr.,RIGHT,RIGHT,Cullman,AL,Hartselle
Matthew Heiberger,Alabama,2026,75,Jr.,LEFT,LEFT,Birmingham,AL,Oak Mountain
Joseph Chiarodo,Alabama,2026,71,Fr.,RIGHT,RIGHT,Edwardsville,IL,Edwardsville
Anthony Pesci,Alabama,2026,76,So.,LEFT,RIGHT,Commerce Township,MI,Orchard Lake Saint Mary's Prep
Owen Sarna,Alabama,2026,73,Jr.,RIGHT,RIGHT,Rock Hill,SC,Northwestern
Connor Lehman,Alabama,2026,74,So.,LEFT,LEFT,Indian Mound,TN,Stewart County
Tervell Johnson,Alabama A&M,2026,72,Sr.,RIGHT,RIGHT,Atlanta,GA,Mays High School
Keilon Parnell,Alabama A&M,2026,72,Jr.,LEFT,LEFT,Pascagoula,MS,Pascagoula High School
Tarris Murray,Alabama A&M,2026,75,Jr.,RIGHT,RIGHT,Desoto,TX,Prestonwood Christian Academy
DeVante Wells,Alabama A&M,2026,73,Jr.,RIGHT,RIGHT,Pinson,AL,Pinson Valley HS
Miles Jackson,Alabama A&M,2026,71,Sr.,RIGHT,RIGHT,Atlanta,GA,
Zamar Lewis,Alabama A&M,2026,76,Jr.,RIGHT,RIGHT,Blandenboro,NC,East Bladen High School
KJ Stanfield,Alabama A&M,2026,74,Sr.,LEFT,LEFT,Danville,KY,Danville HS
Isaac Castro,Alabama A&M,2026,70,Sr.,RIGHT,RIGHT,Miami,FL,
AJ Anderson,Alabama A&M,2026,74,Sr.,RIGHT,RIGHT,Matthews,NC,
Zak Rice,Alabama A&M,2026,72,Sr.,RIGHT,RIGHT,Laurens,SC,Laurens HS
Keondre Fields,Alabama A&M,2026,73,Jr.,RIGHT,RIGHT,Memphis,TN,
Brycen Hammonds,Alabama A&M,2026,70,Sr.,RIGHT,RIGHT,Madison,AK,Bob Jones HS
Charles Morris,Alabama A&M,2026,76,So.,LEFT,LEFT,Mobile,AL,
Raymond Clark,Alabama A&M,2026,76,Jr.,LEFT,LEFT,Atlanta,GA,
Evan Hurlburt,Alabama A&M,2026,72,Sr.,RIGHT,RIGHT,Arvada,CO,
Brady Baxter,Alabama A&M,2026,75,Jr.,RIGHT,RIGHT,Danville,KY,Danville High School
Will Tarpley,Alabama A&M,2026,75,Sr.,LEFT,LEFT,Pinson,AL,
Virgil Heath,Alabama A&M,2026,74,Fr.,RIGHT,RIGHT,Lawrenceville,GA,Brookwood HS
Tony Torres,Alabama A&M,2026,74,So.,RIGHT,RIGHT,Lynn,MA,Redan HS
Terence Sales,Alabama A&M,2026,69,Sr.,LEFT,LEFT,,,
Anthony Mateo,Alabama A&M,2026,74,So.,RIGHT,RIGHT,Lynn,MA,Redan HS
Nicholas Espinola,Alabama A&M,2026,74,Sr.,RIGHT,RIGHT,Aurora,CO,
Edyn Barber,Alabama A&M,2026,76,Jr.,RIGHT,RIGHT,Cranbrook,Canada,Unknown School
Jorge Bello,Alabama State,2026,70,Jr.,RIGHT,RIGHT,Orlando,FL,Monteverde Academy
Niguel Jenkins,Alabama State,2026,75,Jr.,RIGHT,RIGHT,Pike Road,AL,Pike Road
Trey Callaway,Alabama State,2026,73,So.,RIGHT,RIGHT,Atlanta,GA,Dutchtown HS
Devin Chandler,Alabama State,2026,68,Sr.,RIGHT,RIGHT,Ellenwood,GA,Stockbridge HS
Miguel Oropeza,Alabama State,2026,72,Sr.,RIGHT,RIGHT,Talladega,AL,International School
Adrian Mendoza,Alabama State,2026,72,Fr.,RIGHT,RIGHT,Isabela,PR,Greensboro Day School
Breydon Divine,Alabama State,2026,71,Jr.,RIGHT,RIGHT,Douglasville,GA,Robert S Alexander Comp HS
Fabian Santana,Alabama State,2026,70,So.,RIGHT,RIGHT,Juncos,PR,
Jackson Williams,Alabama State,2026,76,So.,RIGHT,RIGHT,Smyrna,MI,
Skywalker Mann,Alabama State,2026,69,Sr.,RIGHT,RIGHT,Lees Summit,MO,Lees Summit West High School
Alex Espaillat,Alabama State,2026,72,So.,RIGHT,RIGHT,Seminole,AL,Seminole HS
Cale Clark,Alabama State,2026,72,Jr.,LEFT,RIGHT,Republic,MO,Marionville R9 High School
Jose Alfonso,Alabama State,2026,68,Jr.,RIGHT,RIGHT,Hialeah,FL,Miami Christian School
Aden Malpass,Alabama State,2026,72,So.,LEFT,LEFT,Hoover,AL,John Carroll Catholic HS
Quentin Jenkins,Alabama State,2026,70,Jr.,RIGHT,RIGHT,Nolensville,TN,Nolensville HS
Joe Dolinshek,Alabama State,2026,79,Jr.,RIGHT,LEFT,Clayton,NC,Corinth Holders High School
Jorhan LaBoy,Alabama State,2026,69,Sr.,LEFT,LEFT,Humacao,PR,International Baseball Acad.
Trey Power,Alabama State,2026,70,So.,LEFT,LEFT,P C Beach,FL,
Esaid Pena,Alabama State,2026,73,Sr.,RIGHT,RIGHT,Miami,FL,
Caleb Sanders,Alabama State,2026,61,Sr.,LEFT,LEFT,Auburn,AL,
James Peterson,Alabama State,2026,74,So.,RIGHT,RIGHT,Summerville,SC,
Camden Matthews,Alabama State,2026,75,Sr.,RIGHT,RIGHT,Scottsboro,AL,Scottsboro HS
Jacob Loeffler,Alabama State,2026,76,So.,RIGHT,RIGHT,Cocoa Beach,FL,
Zane Baltz,Alabama State,2026,76,Jr.,RIGHT,RIGHT,Brentwood,CA,Heritage
Caio De Araujo,Alabama State,2026,74,Sr.,RIGHT,RIGHT,Indaiatuba,Brazil,
Jaxon Baptist,Alabama State,2026,71,Fr.,RIGHT,RIGHT,El Paso,TX,Coronado High School
John Gonzalez,Alabama State,2026,71,Fr.,LEFT,LEFT,Saint Cloud,FL,Central Pointe Christian Acdmy
Jayden Torres,Alabama State,2026,69,Fr.,LEFT,LEFT,Brooklyn,NY,Grand Street Campus
Otis Brooks,Alabama State,2026,72,Jr.,RIGHT,RIGHT,Gulfport,MS,ST Patrick Catholic High Sch
Cooper Loyal,Albany,2026,72,Jr.,RIGHT,RIGHT,Victor,NY,Victor
Patrick DeSarno,Albany,2026,71,Fr.,RIGHT,RIGHT,Mineola,NY,Archbishop Molloy High School
Mike Maggio,Albany,2026,70,Jr.,RIGHT,RIGHT,Farmingdale,NY,Farmingdale
Jaxon Mueller,Albany,2026,76,Fr.,RIGHT,,Stillwater,NY,Stillwater Central
Logan Morris,Albany,2026,75,So.,RIGHT,,Port Jervis,NY,Port Jervis
Luke Filippi,Albany,2026,73,Sr.,RIGHT,RIGHT,Port Jefferson,NY,Port Jefferson
Tre Mariano,Albany,2026,78,Sr.,RIGHT,RIGHT,Cohoes,NY,Shaker
Levi McAllister,Albany,2026,69,Jr.,RIGHT,RIGHT,Concord,NH,St. Mark's School
Kyle Stephens,Albany,2026,73,So.,RIGHT,,Glastonbury,CT,Glastonbury
John Vitucci,Albany,2026,71,So.,LEFT,LEFT,Staten Island,NY,Susan E. Wagner
Brian Guerrero,Albany,2026,73,Fr.,RIGHT,RIGHT,Danbury,CT,Danbury High School
Zach Mravlja,Albany,2026,69,Fr.,LEFT,LEFT,Rexford,NY,Niskayuna High School
Justin Hurd,Albany,2026,70,Jr.,RIGHT,RIGHT,Warwick,NY,Warwick
Victor Mazzara,Albany,2026,71,Jr.,RIGHT,RIGHT,Buffalo,NY,Canisius
Matthew Mariano,Albany,2026,72,Sr.,RIGHT,RIGHT,Clifton Park,NY,Shenendehowa
Tyler Kneller,Albany,2026,76,So.,,,Chatham,NY,
Christian Mello,Albany,2026,75,So.,,RIGHT,Saratoga Springs,NY,Saratoga Springs
Alex Enea,Albany,2026,69,So.,,,Cortlandt Manor,NY,Walter Panas
Ethan Nardacci,Albany,2026,75,So.,,,Wynantskill,NY,Averill Park
Dylan Banner,Albany,2026,77,Sr.,RIGHT,RIGHT,Plainview,NY,Plainview JFK
Jameson Walsh,Albany,2026,72,Fr.,,,Chautauqua,NY,Southwestern
Mark Gajowski,Albany,2026,71,So.,,LEFT,Riverhead,NY,Riverhead
Brian Cadieux,Albany,2026,72,Fr.,,RIGHT,Merrick,NY,Kellenberg
Zachary Nalawadi,Albany,2026,,Fr.,RIGHT,RIGHT,West Seneca,NY,Orchard Park High School
Cooper Harris,Alcorn State,2026,72,Jr.,RIGHT,RIGHT,Gainesville,VA,Battlefield High School
Asher Friedman,Alcorn State,2026,72,So.,RIGHT,RIGHT,Rockville,MD,Rockville High School
Keaten Hawk,Alcorn State,2026,74,Jr.,LEFT,RIGHT,Alvin,TX,Danbury High School
Kanious Davis,Alcorn State,2026,69,So.,RIGHT,RIGHT,Atlanta,GA,Maynard Jackson
Clayvonjae Wright,Alcorn State,2026,68,So.,RIGHT,RIGHT,Roxie,MO,Franklin County HS
Rayfield Adams,Alcorn State,2026,69,Sr.,LEFT,LEFT,Jackson,MS,Jackson Academy
Chase Moore,Alcorn State,2026,72,So.,BOTH,RIGHT,Lexington,KY,
Jaylyn Bennett,Alcorn State,2026,72,Sr.,RIGHT,RIGHT,Dallas,TX,
Adrian Vallescorbo,Alcorn State,2026,74,Sr.,BOTH,RIGHT,Bayamon,PR,EL Shaddai Christian Academy
Julian Jarrett,Alcorn State,2026,69,Jr.,RIGHT,RIGHT,Brownsville,TN,
Chance Jackson,Alcorn State,2026,73,Jr.,RIGHT,RIGHT,Jackson,MO,Terry HS
Nico Garcia,Alcorn State,2026,73,Fr.,RIGHT,RIGHT,San Antonio,TX,Oliver Wendell Holmes HS
Gavin Caston,Alcorn State,2026,75,Sr.,RIGHT,RIGHT,Jackson,MO,Terry HS
Jamir Holloway,Alcorn State,2026,72,Fr.,RIGHT,RIGHT,Jonesboro,GA,Redan High School
Michael Bonelli,Alcorn State,2026,75,Fr.,LEFT,LEFT,Lilburn,GA,Parkview High School
Jose Cherena,Alcorn State,2026,69,Jr.,LEFT,LEFT,Toa Baja,PR,Antilles High School
Caden Wade,Alcorn State,2026,70,Jr.,LEFT,LEFT,Meridian,MS,
Kayden Sutton,Alcorn State,2026,74,Fr.,RIGHT,RIGHT,Hogasnvile,GA,Lagrange High School
Hayden Konkler,Alcorn State,2026,75,Sr.,RIGHT,RIGHT,Orlando,FL,Lake Howell HS
Hunter Bell,Alcorn State,2026,77,Jr.,RIGHT,RIGHT,Sarasota,FL,
Nicholas Johnson,Alcorn State,2026,74,Fr.,RIGHT,RIGHT,Snellville,GA,Shiloh High School
Garrett Oswald,Alcorn State,2026,73,---,LEFT,LEFT,Cheyenne,WY,
Myles Dews,Alcorn State,2026,74,Sr.,RIGHT,RIGHT,Fort Worth,TX,Keller Timber Creek HS
Yoni Castro,Alcorn State,2026,72,Jr.,RIGHT,RIGHT,Somerton,AZ,Life Preparatory Academy
Jacob Wingard,Alcorn State,2026,75,Jr.,RIGHT,RIGHT,League City,TX,Clear Springs High School
Devin Kriley,Alcorn State,2026,71,Fr.,LEFT,LEFT,Goodyear,AZ,Estrella Foothills High School
Tristan Delaplante,Alcorn State,2026,74,Jr.,RIGHT,RIGHT,Hamilton,Canada,Unknown School
Braeden Harrison,Anderson (SC),2026,76,Sr.,RIGHT,RIGHT,Spartanburg,SC,Dorman
Adams Faucett,Anderson (SC),2026,72,Sr.,LEFT,LEFT,Spartanburg,SC,Dorman
Gray Wells,Anderson (SC),2026,70,Sr.,RIGHT,RIGHT,Chapin,SC,Chapin
Brooks Mauro,Anderson (SC),2026,75,Sr.,RIGHT,RIGHT,Clemson,SC,Daniel
Ethan Bonocore,Anderson (SC),2026,73,Jr.,RIGHT,RIGHT,Jupiter,FL,Jupiter Christian School
Ben Bullard,Anderson (SC),2026,73,Jr.,RIGHT,RIGHT,Mount Pleasant,SC,Wando HS
Levi Medford,Anderson (SC),2026,71,Sr.,RIGHT,RIGHT,Canton,NC,Pisgah
Dominick Bello,Anderson (SC),2026,74,Jr.,RIGHT,RIGHT,Orlando,FL,Bishop Moore Catholic
Zach Stover,Anderson (SC),2026,72,Jr.,RIGHT,RIGHT,Powdersville,SC,Powdersville
Cole Davis,Anderson (SC),2026,74,Sr.,LEFT,LEFT,Simpsonville,SC,Mauldin
Carson Roberts,Anderson (SC),2026,74,So.,RIGHT,RIGHT,Seneca,SC,Crescent
Kaleb Owens,Anderson (SC),2026,73,So.,RIGHT,RIGHT,Easley,SC,Easley
Walker Noland,Anderson (SC),2026,77,Sr.,RIGHT,RIGHT,Marietta,GA,Lassiter
Caleb Costa,Anderson (SC),2026,73,Sr.,RIGHT,RIGHT,Charleston,SC,Oceanside Collegiate
Brendan Clarke,Anderson (SC),2026,74,So.,RIGHT,RIGHT,Barrie,Canada,Innisdale
Austin Beck,Angelo State,2026,,Sr.,RIGHT,RIGHT,,,
Chase Pendley,Angelo State,2026,72,Sr.,RIGHT,RIGHT,Prosper,TX,Prosper
Blake Wilhoite,Angelo State,2026,71,Sr.,LEFT,RIGHT,Midlothian,TX,
Drew DuPont,Appalachian State,2026,71,Jr.,LEFT,RIGHT,Dale,IN,Tecumseh Junior Senior HS
Steven Smith,Appalachian State,2026,68,Sr.,RIGHT,RIGHT,,,
Kameron Miller,Appalachian State,2026,73,Jr.,RIGHT,RIGHT,Harrisburg,NC,Hickory Grove
Charlie Evans,Appalachian State,2026,69,Jr.,RIGHT,RIGHT,Levittown,PA,Pennsbury H.S.
Jalen Seward,Appalachian State,2026,75,Jr.,RIGHT,RIGHT,Chandler,AZ,Corona Del Sol High School
Jake Mummau,Appalachian State,2026,72,Sr.,BOTH,RIGHT,Palm Harbor,FL,
Riley Luft,Appalachian State,2026,71,So.,RIGHT,RIGHT,Boca Raton,FL,North Broward Prep
Ethan Puig,Appalachian State,2026,71,So.,RIGHT,RIGHT,Miami,FL,Westminster Christian
Colton Denton,Appalachian State,2026,73,Fr.,RIGHT,RIGHT,Knoxville,TN,Hardin Valley Academy
Nico Soul,Appalachian State,2026,73,Fr.,LEFT,RIGHT,Waxhaw,NC,Marvin Ridge High School
Joseph Zamora,Appalachian State,2026,70,Sr.,BOTH,RIGHT,Miami,FL,Miami Southridge
Tank Yaghoubi,Appalachian State,2026,70,Sr.,LEFT,LEFT,Massapequa,NY,Woodberry Forest
Jonathan Xuereb,Appalachian State,2026,73,Jr.,RIGHT,RIGHT,Boca Raton,FL,North Broward Prep
Tommy Walker,Appalachian State,2026,72,Sr.,RIGHT,RIGHT,Charlotte,NC,Providence
Brooks Wright,Appalachian State,2026,70,Fr.,RIGHT,RIGHT,Knoxville,TN,Bearden High School
Ethan Wilson,Appalachian State,2026,73,Sr.,RIGHT,RIGHT,Waxhaw,NC,Cuthbertson
Max Tramontana,Appalachian State,2026,74,Jr.,RIGHT,RIGHT,Cincinnati,OH,Moeller
Jordan Fisher,Appalachian State,2026,76,Sr.,RIGHT,RIGHT,Denver,NC,East Lincoln
Conner Barozzino,Appalachian State,2026,73,So.,RIGHT,RIGHT,Cornelius,NC,Hickory Grove Christian
Nick DiRito,Appalachian State,2026,72,Jr.,RIGHT,RIGHT,Hopkinton,MA,Hopkinton
Gage Peterson,Appalachian State,2026,77,Jr.,RIGHT,RIGHT,Jonesborough,TN,David Crockett High School
Everette Harris,Appalachian State,2026,74,Sr.,RIGHT,RIGHT,Charlotte,NC,Charlotte Christian
Reyn Watson,Appalachian State,2026,75,Sr.,LEFT,LEFT,Green Sea,SC,Pee Dee Academy
Jake Beaty,Appalachian State,2026,74,Sr.,LEFT,LEFT,Belmont,NC,South Point
Tanner Nolan,Appalachian State,2026,71,Jr.,LEFT,LEFT,Deptford,NJ,Gloucester Catholic HS
Grant Gardner,Appalachian State,2026,69,Fr.,RIGHT,RIGHT,Charlotte,NC,Covenant Day School
JJ Garcia,Appalachian State,2026,78,Sr.,RIGHT,RIGHT,Statesville,NC,Combine Academy
Calvert Clark,Appalachian State,2026,76,Jr.,RIGHT,RIGHT,Charlotte,NC,Charlotte Christian
Logan Tibbett,Appalachian State,2026,75,Jr.,RIGHT,RIGHT,Tulsa,OK,Jenks High School
Tony Lira,Arizona,2026,74,So.,RIGHT,RIGHT,Citrus Heights,CA,Oakmont HS
Beau Sylvester,Arizona,2026,72,Sr.,RIGHT,RIGHT,Kailua,HI,Kamehameha Kapalama HS
Caleb Danzeisen,Arizona,2026,73,Fr.,LEFT,RIGHT,Laveen,AZ,Valley Christian HS
Carson McEntire,Arizona,2026,74,So.,RIGHT,RIGHT,Peoria,AZ,Mountain Ridge HS
Cash Brennan,Arizona,2026,76,Fr.,LEFT,RIGHT,Rocklin,CA,Rocklin High School
Andrew Cain,Arizona,2026,74,Jr.,LEFT,RIGHT,Oro Valley,AZ,Ironwood Ridge HS
Jackson Forbes,Arizona,2026,71,So.,LEFT,RIGHT,Peoria,AZ,Mountain Ridge HS
Nate Novitske,Arizona,2026,71,So.,LEFT,RIGHT,Pleasanton,CA,Foothill HS
Joe Forbes,Arizona,2026,74,Fr.,RIGHT,RIGHT,Peoria,AZ,Mountain Ridge High School
Maddox Mihalakis,Arizona,2026,74,Sr.,LEFT,RIGHT,Hopkins,MN,Hopkins HS
Roman Meyers,Arizona,2026,75,So.,RIGHT,RIGHT,Murrieta,CA,Vista Murrieta HS
Tyler Bickers,Arizona,2026,72,Sr.,RIGHT,RIGHT,Macomb,IL,Macomb
Mathis Meurant,Arizona,2026,75,Sr.,BOTH,RIGHT,Vaires-sur-Marne,France,Maurice Rondeau HS
TJ Adams,Arizona,2026,73,Jr.,RIGHT,RIGHT,Mesa,AZ,Red Mountain HS
Dominic Rodriguez,Arizona,2026,73,Sr.,RIGHT,RIGHT,Turlock,CA,Turlock HS
Gavin Triezenberg,Arizona,2026,74,Fr.,RIGHT,RIGHT,Palos Heights,IL,Brother Rice High School
Matthew Martinez,Arizona,2026,71,Sr.,RIGHT,RIGHT,Peoria,AZ,Mountain Ridge HS
Corey Kling,Arizona,2026,71,Jr.,RIGHT,RIGHT,Delray Beach,FL,West Boca Raton HS
Patrick Morris,Arizona,2026,74,Sr.,LEFT,LEFT,Chandler,AZ,Chandler HS
Garrett Hicks,Arizona,2026,73,Sr.,RIGHT,RIGHT,Buckeye,AZ,Verrado HS
Maclain Roberts,Arizona,2026,77,Jr.,LEFT,LEFT,Tucson,AZ,International School
Evan Brandt,Arizona,2026,76,Jr.,RIGHT,RIGHT,Argyle,TX,Argyle High School
Benton Hickman,Arizona,2026,73,Fr.,RIGHT,RIGHT,Litchfield Park,AZ,Brophy College Preparatory
Smith Bailey,Arizona,2026,76,So.,RIGHT,RIGHT,Peoria,AZ,Mountain Ridge HS
Collin McKinney,Arizona,2026,77,Jr.,RIGHT,RIGHT,League City,TX,Clear Creek HS
Luc Fladda,Arizona,2026,73,Sr.,LEFT,LEFT,Saint Louis,MO,
Owen Kramkowski,Arizona,2026,75,Jr.,RIGHT,RIGHT,Sahuarita,AZ,Walden Grove HS
Jack Lafflam,Arizona,2026,78,Fr.,RIGHT,RIGHT,Scottsdale,AZ,Brophy College Preparatory
Landon Hairston,Arizona State,2026,71,So.,LEFT,LEFT,Queen Creek,AZ,Casteel
Nu'u Contrades,Arizona State,2026,70,Sr.,RIGHT,RIGHT,Ewa Beach,HI,Saint Louis School
Dominic Smaldino,Arizona State,2026,78,Jr.,RIGHT,RIGHT,Ladera Ranch,CA,JSerra Catholic HS
Dean Toigo,Arizona State,2026,76,Sr.,LEFT,RIGHT,Yorba Linda,CA,
Coen Niclai,Arizona State,2026,74,So.,RIGHT,RIGHT,Anchorage,AK,Service HS
Matt Polk,Arizona State,2026,71,Sr.,RIGHT,RIGHT,Long Beach,CA,Orange Lutheran
Ky McGary,Arizona State,2026,71,So.,RIGHT,RIGHT,Phoenix,AZ,Sandra Day O'Connor
Garrett Michel,Arizona State,2026,72,Sr.,LEFT,RIGHT,Denver,NC,East Lincoln
Austen Roellig,Arizona State,2026,71,So.,RIGHT,RIGHT,Rancho Cucamonga,CA,Etiwanda HS
Beckett Zavorek,Arizona State,2026,69,So.,RIGHT,RIGHT,Fresno,CA,Bullard
Dominic Longo,Arizona State,2026,75,Jr.,RIGHT,RIGHT,Liberty Lake,WA,University HS
P.J. Moutzouridis,Arizona State,2026,73,Jr.,RIGHT,RIGHT,San Jose,CA,Valley Christian HS
Brody Briggs,Arizona State,2026,73,So.,LEFT,RIGHT,Tulsa,OK,Union
Sam Myers,Arizona State,2026,69,Jr.,LEFT,LEFT,Cypress,TX,Cypress Woods
Finn Leach,Arizona State,2026,72,Fr.,BOTH,RIGHT,Seattle,WA,Nathan Hale High School
Alex Overbay,Arizona State,2026,75,Jr.,RIGHT,RIGHT,Tumwater,WA,Tumwater
Jaden Alba,Arizona State,2026,75,Jr.,RIGHT,RIGHT,Long Beach,CA,Gahr
Wyatt Halvorson,Arizona State,2026,75,Jr.,RIGHT,RIGHT,Scottsdale,AZ,Chaparral
Sean Fitzpatrick,Arizona State,2026,72,Sr.,LEFT,LEFT,Spring,TX,Concordia Lutheran HS
Derek Schaefer,Arizona State,2026,74,Jr.,RIGHT,RIGHT,Cave Creek,AZ,Cactus Shadows
Colby Guy,Arizona State,2026,70,Sr.,RIGHT,RIGHT,Chester,SC,Jackson State / Legion Collegiate Academy
Colin Linder,Arizona State,2026,75,Jr.,RIGHT,RIGHT,Suwanee,GA,Lambert
Cole Carlon,Arizona State,2026,77,Jr.,LEFT,LEFT,Tempe,AZ,Corona Del Sol
Kole Klecker,Arizona State,2026,74,Sr.,RIGHT,RIGHT,Chandler,AZ,Hamilton
Taylor Penn,Arizona State,2026,77,So.,RIGHT,RIGHT,Versailles,KY,Woodford County HS
Eli Buxton,Arizona State,2026,77,So.,RIGHT,RIGHT,Sand Springs,OK,Charles Page
Finn Edwards,Arizona State,2026,79,So.,RIGHT,RIGHT,Bend,OR,Summit High School
Josh Butler,Arizona State,2026,78,Jr.,RIGHT,RIGHT,Phoenix,AZ,Sandra Day O'Connor
Austin Musso,Arizona State,2026,74,Fr.,RIGHT,RIGHT,Mascoutah,IL,Mascoutah High School
Easton Barrett,Arizona State,2026,72,So.,LEFT,LEFT,Springville,UT,Springville
Brady Louck,Arizona State,2026,70,Jr.,LEFT,LEFT,Plainfield,IL,Plainfield East
Nick Anello,Arizona State,2026,76,Sr.,RIGHT,RIGHT,Fort Lauderdale,FL,Calvary Christian Academy
Ryder Helfrick,Arkansas,2026,73,Jr.,RIGHT,RIGHT,Discovery Bay,CA,Clayton Valley Charter HS
Camden Kozeal,Arkansas,2026,70,Jr.,LEFT,RIGHT,Omaha,NE,Millard South HS
Zack Stewart,Arkansas,2026,74,Sr.,LEFT,RIGHT,Lebanon,MO,Lebanon HS
Damian Ruiz,Arkansas,2026,72,Jr.,RIGHT,RIGHT,Livingston,TX,Livingston HS
TJ Pompey,Arkansas,2026,76,Jr.,RIGHT,RIGHT,Coppell,TX,Coppell HS
Carter Rutenbar,Arkansas,2026,71,Fr.,LEFT,RIGHT,Midlothian,TX,Midlothian Heritage HS
Kuhio Aloy,Arkansas,2026,73,Jr.,RIGHT,RIGHT,Wailuku,HI,H.P. Baldwin HS
Maika Niu,Arkansas,2026,73,Sr.,RIGHT,RIGHT,Mechanicsburg,PA,Trinity HS
Christian Turner,Arkansas,2026,72,Fr.,LEFT,RIGHT,Haughton,LA,Haughton HS
Nolan Souza,Arkansas,2026,75,Jr.,LEFT,RIGHT,Honolulu,HI,Punahou School
Reese Robinett,Arkansas,2026,75,Jr.,LEFT,RIGHT,Kennett,MO,Kennett HS
Alexander Peck,Arkansas,2026,76,Fr.,RIGHT,RIGHT,Franklin,TN,University School of Nashville
Carson Brumbaugh,Arkansas,2026,75,Fr.,RIGHT,RIGHT,Edmond,OK,Edmond Santa Fe HS
Ethan McElvain,Arkansas,2026,76,Jr.,BOTH,LEFT,Thompsons Station,TN,Nolensville HS
Hunter Dietz,Arkansas,2026,78,So.,RIGHT,LEFT,Trinity,FL,Calvary Christian HS
Steele Eaves,Arkansas,2026,72,So.,RIGHT,RIGHT,Lonoke,AR,Lonoke HS
Colin Fisher,Arkansas,2026,75,Jr.,LEFT,LEFT,Noble,OK,Noble HS
Tate McGuire,Arkansas,2026,75,Jr.,RIGHT,RIGHT,Liberty,MO,Liberty North HS
Cole Gibler,Arkansas,2026,74,So.,LEFT,LEFT,Blue Springs,MO,Blue Springs HS
Parker Coil,Arkansas,2026,75,Sr.,RIGHT,LEFT,Edmond,OK,Edmond Memorial HS
Peyton Lee,Arkansas,2026,77,Fr.,RIGHT,RIGHT,Maumelle,AR,Maumelle HS
Gabe Gaeckle,Arkansas,2026,72,Jr.,RIGHT,RIGHT,Aptos,CA,Aptos HS
James DeCremer,Arkansas,2026,73,So.,RIGHT,RIGHT,Phoenix,AZ,Brophy College Prep
Cooper Dossett,Arkansas,2026,72,Jr.,RIGHT,RIGHT,Springdale,AR,Har-Ber HS
Mark Brissey,Arkansas,2026,75,Fr.,RIGHT,RIGHT,Batesville,AR,Fayetteville HS
Jackson Kircher,Arkansas,2026,76,So.,RIGHT,RIGHT,Little Rock,AR,Little Rock Christian Academy
Jordan Martin,Arkansas,2026,78,Fr.,RIGHT,RIGHT,Jefferson City,MO,Jefferson City HS
Luke Cornelison,Arkansas,2026,73,Fr.,RIGHT,RIGHT,Springdale,AR,Har-Ber HS
Joey Lorenzini,Arkansas,2026,77,Fr.,LEFT,LEFT,Rocklin,CA,Rocklin HS
Adam Mustow,Arkansas State,2026,76,Jr.,LEFT,RIGHT,Sydney,Australia,
Derek Martinez,Arkansas State,2026,76,Fr.,RIGHT,RIGHT,Clermont,FL,TNXL Academy
Cason Campbell,Arkansas State,2026,72,Sr.,LEFT,RIGHT,Mccrory,AR,McCrory HS
Ashton Quiller,Arkansas State,2026,69,So.,RIGHT,LEFT,Lake Charles,LA,Barbe HS
Lane Walton,Arkansas State,2026,76,So.,LEFT,RIGHT,Sugar Land,TX,
Evan Griffis,Arkansas State,2026,75,Sr.,RIGHT,RIGHT,Longwood,FL,Lake Brantley HS
Patrick Engskov,Arkansas State,2026,72,Sr.,RIGHT,RIGHT,Little Rock,AR,Pulaski Academy
Joey McLaughlin,Arkansas State,2026,73,Fr.,LEFT,BOTH,Harrah,OK,Harrah HS
Cross Jumper,Arkansas State,2026,74,Sr.,RIGHT,RIGHT,Jonesboro,AR,Jonesboro HS
Aidan Houseworth,Arkansas State,2026,75,So.,LEFT,RIGHT,Saint Louis,MO,Chaminade HS
Kaden Amundson,Arkansas State,2026,70,Sr.,RIGHT,RIGHT,Ostego,MN,St. Michael-Albertville HS
Cole Manuel,Arkansas State,2026,72,Jr.,RIGHT,RIGHT,Clinton,MS,
Cougar Cooke,Arkansas State,2026,75,Jr.,BOTH,RIGHT,Show Low,AZ,Show Low
Raul Torres,Arkansas State,2026,71,Sr.,RIGHT,RIGHT,San Lorenzo,PR,Leadership Christian Academy
Jake Henry Williams,Arkansas State,2026,73,Sr.,RIGHT,RIGHT,Jonesboro,AR,Jonesboro HS
Kole Turner,Arkansas State,2026,74,Sr.,RIGHT,RIGHT,White Rock,Canada,Elgin Park Secondary
Chase Richter,Arkansas State,2026,73,Sr.,LEFT,LEFT,Tomball,TX,Cypress Woods
Tyler Weimer,Arkansas State,2026,74,So.,RIGHT,RIGHT,Raceland,LA,E.D. White HS
Ryan Ashford,Arkansas State,2026,74,So.,LEFT,LEFT,Lake Mary,FL,Lake Mary
Brett Foss,Arkansas State,2026,76,Sr.,RIGHT,RIGHT,Prosper,TX,Rock Hill HS
Cooper Garrison,Arkansas State,2026,71,Sr.,RIGHT,RIGHT,Gulfport,MS,Gulfport High School
Dylan Farley,Arkansas State,2026,75,Sr.,LEFT,LEFT,Zuid-Scharwoude,Netherlands,Caland Lyceum
Andrew Allen,Arkansas State,2026,74,So.,RIGHT,RIGHT,Ohatchee,AL,Alexandria HS
Collin Maloney,Arkansas State,2026,75,Jr.,RIGHT,RIGHT,Saint Louis,MO,Mehlville HS
Jelle Van Der Lelie,Arkansas State,2026,77,Sr.,RIGHT,RIGHT,Leiden,Netherlands,
Jack Nelson,Arkansas State,2026,76,Sr.,LEFT,LEFT,Zionsville,IN,Zionsville Community HS
Ckyler Tengler,Arkansas State,2026,77,Jr.,RIGHT,RIGHT,Searcy,AR,
Houston Tomlinson,Arkansas State,2026,72,Fr.,RIGHT,RIGHT,Spring,TX,
Taylor Seay,Arkansas State,2026,72,Jr.,RIGHT,RIGHT,Lake Jackson,TX,Brazoswood
Aaron Grant,Arkansas-Pine Bluff,2026,,Fr.,,,,,
Jose Vasquez,Arkansas-Pine Bluff,2026,,Fr.,,,,,
Michael Saumell,Arkansas-Pine Bluff,2026,74,Sr.,BOTH,RIGHT,Spring,TX,Klein Cain HS
Blake Coleman,Arkansas-Pine Bluff,2026,,So.,,,,,
Zach Wieder,Arkansas-Pine Bluff,2026,74,Sr.,BOTH,RIGHT,Powder Springs,GA,Hillgrove
Lazaro Alvarado,Arkansas-Pine Bluff,2026,,Jr.,,,,,
Konner Gidley,Arkansas-Pine Bluff,2026,72,Jr.,,,Beloit,WI,FJ Turner
Zyon Hamilton,Arkansas-Pine Bluff,2026,,Jr.,,,,,
Matt Dworsky,Arkansas-Pine Bluff,2026,,Sr.,,,,,
Ian Smith,Arkansas-Pine Bluff,2026,,Jr.,,,,,
Nick Hockemeyer,Arkansas-Pine Bluff,2026,68,Jr.,LEFT,LEFT,Fort Wayne,IN,Homestead HS
Joe Adams,Arkansas-Pine Bluff,2026,,So.,,,,,
Weston Gingerich,Arkansas-Pine Bluff,2026,70,Sr.,LEFT,LEFT,Carmel,IN,Guerin Catholic
Dane Small,Arkansas-Pine Bluff,2026,72,Jr.,RIGHT,RIGHT,,,
Jack Hasten,Arkansas-Pine Bluff,2026,,Sr.,,,,,
Jordan Medellin,Arkansas-Pine Bluff,2026,73,Jr.,BOTH,RIGHT,League City,TX,Bay Area Christian
Ryland Morin,Arkansas-Pine Bluff,2026,,Jr.,,,,,
Reagan James,Arkansas-Pine Bluff,2026,,Jr.,,,,,
Kenney Fabian,Arkansas-Pine Bluff,2026,,Sr.,,,,,
Brendan Hamlin,Arkansas-Pine Bluff,2026,,Sr.,,,,,
Emerson Lott,Arkansas-Pine Bluff,2026,,Jr.,,,,,
Jalen Porter,Arkansas-Pine Bluff,2026,,Sr.,,,,,
Joseph King,Arkansas-Pine Bluff,2026,,Fr.,,,,,
Nate Lee,Arkansas-Pine Bluff,2026,,Jr.,,,,,
JoJo Overbeek,Army,2026,76,Fr.,LEFT,RIGHT,Weatherford,TX,Anderson High School
Mason Scott,Army,2026,75,Fr.,RIGHT,RIGHT,Greenwood Village,CO,Cherry Creek High School
William Parker,Army,2026,73,Sr.,RIGHT,RIGHT,Hopedale,MA,Hopedale
Chris Barr,Army,2026,71,Sr.,BOTH,RIGHT,Sarasota,FL,Riverview
Thomas Schreck,Army,2026,69,Sr.,RIGHT,RIGHT,Needville,TX,Needville
Paul Andrzejewski,Army,2026,73,Jr.,RIGHT,RIGHT,Huntsville,AL,St. John Paul II Catholic
Bennie Franquiz,Army,2026,69,Fr.,LEFT,RIGHT,Mount Sinai,NY,Mount Sinai High School
John McKillop,Army,2026,75,So.,LEFT,RIGHT,Charlotte,NC,Charlotte Catholic
Carter Hewitt,Army,2026,74,Sr.,RIGHT,RIGHT,Jupiter,FL,The McCallie School
Addison Ainsworth,Army,2026,72,Sr.,LEFT,RIGHT,Baton Rouge,LA,Catholic
Max McGlone,Army,2026,72,Jr.,RIGHT,RIGHT,Doylestown,PA,Central Bucks West
David Dubrule,Army,2026,72,Fr.,RIGHT,RIGHT,Venice,FL,Venice High School
Jack Quinlan,Army,2026,71,Sr.,RIGHT,RIGHT,Sayville,NY,Sayville
Zachary Farrell,Army,2026,69,Sr.,RIGHT,RIGHT,Carlsbad,CA,San Marcos
Jake Pineda,Army,2026,71,Fr.,LEFT,RIGHT,Centerville,TX,Centerville High School
JT Craig,Army,2026,73,So.,RIGHT,RIGHT,Phoenix,AZ,Brophy College Preparatory (USMAPS)
Trey Ates,Army,2026,73,Sr.,RIGHT,RIGHT,Dallas,TX,Lake Highlands (Paris JC)
Jakob Vanderhave,Army,2026,72,Jr.,RIGHT,RIGHT,Charlotte,NC,Charlotte Country Day School
Michael Delph,Army,2026,73,So.,LEFT,RIGHT,Knoxville,TN,Farragut
Andrew Berg,Army,2026,72,Sr.,RIGHT,RIGHT,Conroe,TX,Conroe
Kevin Reavey,Army,2026,75,So.,RIGHT,RIGHT,Havertown,PA,The Haverford School
Sean Newton,Army,2026,78,So.,RIGHT,RIGHT,Saint Petersburg,FL,Osceola Fundamental
Walker Calvo,Army,2026,75,So.,RIGHT,RIGHT,Fullerton,CA,La Mirada
Robbie Penswick,Army,2026,73,Jr.,RIGHT,RIGHT,Plymouth,MA,Sturgis East
Anthony Ramirez,Army,2026,72,So.,RIGHT,RIGHT,Deer Park,TX,Deer Park
Mark Abell,Army,2026,70,Jr.,LEFT,RIGHT,Evans,GA,Greenbrier
Maxim Donecea,Army,2026,71,Fr.,LEFT,LEFT,Northport,NY,Northport High School
Ian Standlee,Army,2026,74,So.,RIGHT,RIGHT,Tomball,TX,Klein Cain
Joseph Vaccarella,Army,2026,76,Fr.,LEFT,RIGHT,Mickleton,NJ,PDG Academy
Josh Overbeek,Army,2026,76,Fr.,LEFT,RIGHT,Weatherford,TX,Anderson High School
William Leahy,Army,2026,70,Fr.,LEFT,LEFT,Henderson,NC,Heritage High School
Chase Fralick,Auburn,2026,74,So.,LEFT,RIGHT,Peachtree City,GA,McIntosh
Ethin Bingaman,Auburn,2026,73,Fr.,RIGHT,RIGHT,Redlands,CA,Corona High School
Bub Terrell,Auburn,2026,75,So.,LEFT,LEFT,Alabaster,AL,Thompson
Eric Guevara,Auburn,2026,71,Jr.,RIGHT,RIGHT,Parque Lefevre,Panama,Georgia Premier Academy
Mason McCraine,Auburn,2026,79,Fr.,LEFT,LEFT,Salem,AL,Glenwood School
Brandon McCraine,Auburn,2026,75,Fr.,RIGHT,RIGHT,Smiths Station,AL,Smiths Station
Chris Rembert,Auburn,2026,72,So.,RIGHT,RIGHT,Pensacola,FL,Pensacola Catholic
Bristol Carter,Auburn,2026,71,So.,RIGHT,RIGHT,Oak Ridge,NC,Northwest Guilford
Taylor Belza,Auburn,2026,73,Fr.,LEFT,RIGHT,Grafton,OH,P27 Academy
Lucas Steele,Auburn,2026,71,Sr.,BOTH,RIGHT,Hoover,AL,Hoover
Eddie Madrigal,Auburn,2026,73,Jr.,LEFT,RIGHT,Elk Grove,CA,Elk Grove High School
Ryne Farber,Auburn,2026,71,Jr.,BOTH,RIGHT,San Antonio,TX,Johnson High School
Cade Belyeu,Auburn,2026,75,Jr.,LEFT,RIGHT,Auburn,AL,Auburn
Logan Gregorio,Auburn,2026,73,Sr.,LEFT,RIGHT,Naperville,IL,Waubonsie Valley
Todd Clay,Auburn,2026,75,Sr.,RIGHT,RIGHT,Auburn,AL,Auburn
Caiden Combs,Auburn,2026,76,Fr.,RIGHT,RIGHT,Mount Olive,AL,Gardendale High School
Ryan Hetzler,Auburn,2026,71,Jr.,RIGHT,RIGHT,Corona,CA,Arlington
Andreas Alvarez,Auburn,2026,70,So.,,RIGHT,Largo,FL,Northside Christian
Jett Johnston,Auburn,2026,73,Jr.,RIGHT,RIGHT,Knoxville,TN,Farragut
Griffin Graves,Auburn,2026,70,Jr.,,LEFT,Jackson,TN,Trinity Christian
Alex Petrovic,Auburn,2026,76,So.,,RIGHT,Cypress,TX,Concordia Lutheran
Drew Whalen,Auburn,2026,73,Jr.,RIGHT,RIGHT,Franklin,TN,Franklin HS
LJ Cormier,Auburn,2026,74,Fr.,,RIGHT,Ralph,AL,Sipsey Valley High School
Abe Chancellor,Auburn,2026,75,Sr.,,LEFT,Dothan,AL,Providence Christian
Marcel Kulik,Auburn,2026,72,So.,RIGHT,RIGHT,Eastchester,NY,Iona Prep
Jake Marciano,Auburn,2026,75,So.,LEFT,LEFT,Bayville,NJ,Donovan Catholic
Ethan Harden,Auburn,2026,72,Jr.,RIGHT,LEFT,Franklin,TN,Battle Ground Adademy
Jackson Sanders,Auburn,2026,75,So.,,LEFT,Opelika,AL,Valley
Justice de Jong,Auburn,2026,76,Fr.,,RIGHT,New York,NY,Poly Prep Country Day
Garrett Brewer,Auburn,2026,75,Jr.,LEFT,LEFT,Eau Claire,MI,Berrien Springs
Christian Chatterton,Auburn,2026,72,So.,,RIGHT,Killen,AL,Brooks
Dominick Regira,Auburn Montgomery,2026,73,Jr.,LEFT,RIGHT,Gonzales,LA,East Ascension HS
Kyle Hipp,Auburn Montgomery,2026,,Sr.,RIGHT,RIGHT,,,
Tucker Burns,Auburn Montgomery,2026,,Sr.,RIGHT,RIGHT,,,
Lucas Baggett,Auburn Montgomery,2026,70,Sr.,RIGHT,RIGHT,Pike Road,AL,
Mason Pangborn,Austin Peay,2026,73,So.,LEFT,RIGHT,Overland Park,KS,Blue Valley Southwest HS
Ty Wisdom,Austin Peay,2026,73,Jr.,LEFT,RIGHT,Kansas City,MO,Liberty North HS
DJ Merriweather,Austin Peay,2026,71,Jr.,LEFT,LEFT,Clarksville,TN,Clarksville Academy
Zion Taylor,Austin Peay,2026,74,Sr.,LEFT,RIGHT,Stockbridge,GA,Hope Christian Academy
Cole Johnson,Austin Peay,2026,77,So.,RIGHT,RIGHT,Austin,TX,Lake Travis HS
Ray Velazquez,Austin Peay,2026,73,Sr.,RIGHT,RIGHT,Lowell,MA,St. Thomas More HS
Houston Hebert,Austin Peay,2026,77,Fr.,RIGHT,RIGHT,Clarksville,TN,Rossview HS
Paris Pridgen,Austin Peay,2026,72,Sr.,RIGHT,RIGHT,Clarksville,TN,Clarksville Academy
Andres Matias,Austin Peay,2026,72,Sr.,RIGHT,RIGHT,Santo Domingo,Dominican Republic,Americas Bicultural School
Derrick Mitchell,Austin Peay,2026,75,So.,BOTH,RIGHT,Plano,TX,John Paul II HS
Mason Pickering,Austin Peay,2026,71,Fr.,LEFT,RIGHT,Muskogee,OK,Hilldale High School
Kyler Proctor,Austin Peay,2026,70,So.,RIGHT,RIGHT,Silo,OK,Silo HS
Trevor Conley,Austin Peay,2026,71,Sr.,LEFT,RIGHT,Cincinnati,OH,West Clermont
Dillon Adkins,Austin Peay,2026,71,Fr.,LEFT,LEFT,Madison Heights,AL,Bob Jones HS
TJ Costello,Austin Peay,2026,73,Jr.,RIGHT,RIGHT,Pleasanton,CA,Dublin HS
Keaton Cottam,Austin Peay,2026,74,Sr.,RIGHT,RIGHT,Burlington,Canada,King's Christian Collegiate
Drew DeLucia,Austin Peay,2026,73,Sr.,RIGHT,RIGHT,Medway,MA,Catholic Memorial HS
Kade Shatwell,Austin Peay,2026,76,Sr.,RIGHT,RIGHT,Edmond,OK,Santa Fe HS
Kaleb Applebey,Austin Peay,2026,79,Sr.,RIGHT,RIGHT,Mount Carmel,IL,Mount Carmel HS
Cody Airington,Austin Peay,2026,74,Jr.,RIGHT,RIGHT,Tupelo,OK,Tupelo HS
Jackson Hohensee,Austin Peay,2026,74,Sr.,RIGHT,RIGHT,Anthem,AZ,Boulder Creek HS
Ryker Walton,Austin Peay,2026,74,Sr.,RIGHT,RIGHT,Potosi,MO,Potosi HS
Gavin Alveti,Austin Peay,2026,72,Sr.,RIGHT,RIGHT,Searcy,AR,Harding Academy
Chance Cox,Austin Peay,2026,74,Sr.,LEFT,LEFT,Oklahoma City,OK,Mustang HS
Brody Lanham,Austin Peay,2026,78,Sr.,RIGHT,RIGHT,Clarksville,TN,Clarksville HS
Colin Carney,Austin Peay,2026,78,So.,RIGHT,RIGHT,Kingwood,TX,Porter HS
Elijah Underhill,Austin Peay,2026,72,Jr.,RIGHT,RIGHT,Hopkinsville,KY,Christian County HS
Jett Hope,Austin Peay,2026,74,So.,RIGHT,RIGHT,Bixby,OK,Bixby HS
Bryce McCain,Austin Peay,2026,73,Jr.,RIGHT,RIGHT,Aledo,TX,Aledo HS
Aaron Lewis,Austin Peay,2026,74,Sr.,RIGHT,RIGHT,Kearney,MO,Liberty North HS
Kade Foulke,Austin Peay,2026,73,Sr.,LEFT,LEFT,Phoenix,AZ,Spruce Creek HS
Jacob Hayes,Azusa Pacific,2026,77,So.,RIGHT,RIGHT,Anacortes,WA,Anacortes HS
Blake Hagerty,Azusa Pacific,2026,76,Sr.,RIGHT,RIGHT,Chino Hills,CA,Chino Hills HS
Damian Pasillas,Azusa Pacific,2026,73,Jr.,RIGHT,RIGHT,San Diego,CA,Otay Ranch HS
Casey Spencer,Azusa Pacific,2026,69,Sr.,RIGHT,RIGHT,Arcadia,CA,Arcadia HS
Ezra McNaughton,BYU,2026,71,So.,LEFT,RIGHT,Mesa,AZ,Mountain View
Crew McChesney,BYU,2026,72,Jr.,LEFT,RIGHT,Highland,UT,Lone Peak
Ryder Robinson,BYU,2026,74,Jr.,BOTH,RIGHT,Cedar Hills,UT,American Fork
Easton Jones,BYU,2026,75,Sr.,RIGHT,RIGHT,American Fork,UT,American Fork
Patrick Graham,BYU,2026,71,Sr.,RIGHT,RIGHT,Naperville,IL,Naperville North
Matt Hansen,BYU,2026,73,So.,LEFT,RIGHT,Colorado Springs,CO,Huntington Beach
Luke Anderson,BYU,2026,70,Sr.,RIGHT,RIGHT,Santa Clara,UT,Snow Canyon
Ryker Schow,BYU,2026,72,Jr.,RIGHT,RIGHT,Pleasant Grove,UT,Pleasant Grove
Cooper Jones,BYU,2026,73,Fr.,RIGHT,RIGHT,American Fork,UT,American Fork
Bryker Hurdsman,BYU,2026,76,Sr.,RIGHT,RIGHT,St George,UT,Desert Hills
Tu'alau Wolfgramm,BYU,2026,70,So.,RIGHT,RIGHT,Pleasant Grove,UT,American Fork
Keoni Painter,BYU,2026,71,Jr.,LEFT,LEFT,Kula,HI,Kamehameha
Parker Goff,BYU,2026,71,Sr.,RIGHT,RIGHT,Herriman,UT,Riverton
Ridge Erickson,BYU,2026,71,So.,RIGHT,RIGHT,St George,UT,Dixie
Cayson Bell,BYU,2026,73,So.,RIGHT,RIGHT,St George,UT,Dixie
Daniel Brousseau,BYU,2026,77,Jr.,RIGHT,RIGHT,Murray,UT,Murray
Brock Snow,BYU,2026,73,So.,LEFT,LEFT,Mesa,AZ,Mountain View
Ashton Johnson,BYU,2026,71,Sr.,RIGHT,LEFT,Holladay,UT,Olympus
Ethan Zufall,BYU,2026,73,Fr.,RIGHT,RIGHT,Broomfield,CO,Broomfield
Luke Sterner,BYU,2026,74,Sr.,RIGHT,RIGHT,Laguna Niguel,CA,Dana Hills
Wayland Crane,BYU,2026,72,Sr.,LEFT,LEFT,Delta,UT,Delta
Tyler Ball,BYU,2026,73,Fr.,RIGHT,RIGHT,Highland,UT,Skyridge
Austin Park,BYU,2026,73,Fr.,RIGHT,RIGHT,Mona,UT,Juab
Jaxon Clayton,BYU,2026,73,Fr.,RIGHT,RIGHT,Brookfield,WI,Brookfield Central
Nate Gray,BYU,2026,73,Jr.,RIGHT,RIGHT,Queen Creek,AZ,Queen Creek
Justis Reiser,BYU,2026,73,Jr.,RIGHT,LEFT,South Jordan,UT,Bingham
Brayden Marx,BYU,2026,72,Jr.,RIGHT,RIGHT,Pleasant Grove,UT,Pleasant Grove
Garrison Sumner,BYU,2026,75,Sr.,RIGHT,RIGHT,Eagle Mountain,UT,Westlake
Nathaniel Wochner,BYU,2026,76,Fr.,RIGHT,RIGHT,Arvada,CO,Broomfield
Bryant Ball,BYU,2026,70,Sr.,RIGHT,RIGHT,Highland,UT,Skyridge
Maalik Perkins,Ball State,2026,66,Fr.,RIGHT,RIGHT,Greenwood,IN,Whiteland
John Colligan,Ball State,2026,74,So.,RIGHT,RIGHT,Alexandria,VA,West Potomac
Jack Bakus,Ball State,2026,76,Jr.,LEFT,RIGHT,Midland,MI,Herbert Henry Dow
Huston Dunn,Ball State,2026,73,Fr.,LEFT,RIGHT,Fishers,IN,Fishers
Brayden Huebner,Ball State,2026,74,So.,RIGHT,RIGHT,Evansville,IN,Evansville North
Kenskey Thomas,Ball State,2026,69,Jr.,RIGHT,RIGHT,Canton,GA,Sequoyah
Charlie Keller,Ball State,2026,73,Jr.,LEFT,RIGHT,Mobile,AL,Mobile Christian
Brett Griffiths,Ball State,2026,72,Sr.,RIGHT,RIGHT,Carmichael,CA,Jesuit
Gavin Balius,Ball State,2026,73,Sr.,RIGHT,RIGHT,Flushing,MI,Flushing
Taber Stokes,Ball State,2026,72,Jr.,RIGHT,RIGHT,Edmond,OK,Mustang High School
Ryan Muizelaar,Ball State,2026,73,Sr.,RIGHT,RIGHT,Grand Forks,ND,Red River
Brady Davidson,Ball State,2026,67,Jr.,LEFT,RIGHT,Pleasant Prairie,WI,Kenosha St. Joseph
Jacob Gillis,Ball State,2026,77,Jr.,RIGHT,RIGHT,Fergus,Canada,Erin District
Maxwell Kalk,Ball State,2026,72,Jr.,LEFT,RIGHT,Appleton,WI,Kimberly
Preston Murphy,Ball State,2026,69,Jr.,RIGHT,RIGHT,Miramar Beach,FL,Niceville
Kendric Sorgius,Ball State,2026,78,Jr.,LEFT,RIGHT,Petersburg,IN,Pike Central
Tommy Landsnes,Ball State,2026,72,Jr.,LEFT,RIGHT,Richmond,VA,Brunswick Academy
Nathan Bartlett,Ball State,2026,71,Jr.,RIGHT,RIGHT,Lees Summit,MO,Summit Christian Academy
John Chambers,Ball State,2026,73,Sr.,RIGHT,RIGHT,Grain Valley,MO,Blue Springs South
Alex Burden,Ball State,2026,70,Sr.,RIGHT,LEFT,Baton Rouge,LA,Cypress Lake
Jeremy Jones,Ball State,2026,72,Jr.,RIGHT,RIGHT,Chandler,AZ,Hamilton
Owen Quinn,Ball State,2026,76,Sr.,RIGHT,RIGHT,Indianapolis,IN,Lawrence North
Brady Strawmyer,Ball State,2026,77,Jr.,LEFT,LEFT,Fishers,IN,Hamilton Southeastern
Brendan Garza,Ball State,2026,73,So.,RIGHT,RIGHT,Mattawan,MI,Mattawan
Zachary Kwasny,Ball State,2026,77,Jr.,RIGHT,RIGHT,Mokena,IL,Lincoln-Way East
Zander Bretza,Ball State,2026,72,Jr.,RIGHT,RIGHT,Santa Ana,CA,Segerstrom
Joseph Lafkas,Ball State,2026,74,Fr.,RIGHT,RIGHT,Cincinnati,OH,Turpin
Zachary Leduc,Ball State,2026,74,Sr.,RIGHT,RIGHT,,,St-Gabriel
Tyce Armstrong,Baylor,2026,76,Sr.,RIGHT,RIGHT,Magnolia,TX,Magnolia HS
Travis Sanders,Baylor,2026,74,Jr.,RIGHT,RIGHT,Copperas Cove,TX,Copperas Cove HS
Brady Janusek,Baylor,2026,76,Fr.,RIGHT,RIGHT,Argyle,TX,Liberty Christian HS
John Youens,Baylor,2026,75,So.,LEFT,LEFT,Waco,TX,Bosqueville HS
JJ Kennett,Baylor,2026,70,Jr.,RIGHT,RIGHT,Mandeville,LA,Ridge Point HS
Dylan Perez,Baylor,2026,72,Fr.,LEFT,LEFT,Boerne,TX,Boerne HS
Cade Dodson,Baylor,2026,69,So.,LEFT,RIGHT,Gunter,TX,Gunter HS
Brytton Clements,Baylor,2026,74,Fr.,RIGHT,RIGHT,Laredo,TX,Alexander HS
Robert De La Garza,Baylor,2026,71,Jr.,RIGHT,RIGHT,Eagle Pass,TX,Eagle Pass HS
Hunter Snow,Baylor,2026,75,Fr.,LEFT,RIGHT,Carmel,IN,Carmel HS
Pearson Riebock,Baylor,2026,72,So.,LEFT,RIGHT,Rockwall,TX,Rockwall HS
Cole Lanclos,Baylor,2026,70,Fr.,RIGHT,RIGHT,Montgomery,TX,Concordia Lutheran HS
Ty Johnson,Baylor,2026,70,Sr.,LEFT,RIGHT,Flower Mound,TX,Marcus HS
Brayden Buchanan,Baylor,2026,74,So.,RIGHT,RIGHT,Austin,TX,Vandegrift HS
Caleb Bergman,Baylor,2026,69,Sr.,RIGHT,RIGHT,Parker,TX,Plano East HS
Bo Caraway,Baylor,2026,70,Fr.,LEFT,RIGHT,Cypress,TX,Cy-Fair HS
Cash McDade,Baylor,2026,71,Fr.,RIGHT,RIGHT,Fairfax,VA,Gonzaga College HS
Stefan Stahl,Baylor,2026,74,Sr.,LEFT,LEFT,Richardson,TX,J.J. Pearce HS
Luke McLeod,Baylor,2026,73,Fr.,RIGHT,RIGHT,Sour Lake,TX,Hardin-Jefferson HS
Charlie Atkinson,Baylor,2026,77,Jr.,RIGHT,RIGHT,Katy,TX,Cinco Ranch HS
Brayden Bergman,Baylor,2026,73,Fr.,RIGHT,RIGHT,Parker,TX,Plano East HS
Lucas Davenport,Baylor,2026,78,Jr.,RIGHT,RIGHT,Prosper,TX,Prosper HS
Caleb Bunch,Baylor,2026,77,Sr.,RIGHT,RIGHT,Keller,TX,Covenant Christian Academy
Zack Wallace,Baylor,2026,70,So.,RIGHT,RIGHT,Monroe Township,NJ,Monroe Township HS
Cayden Baker,Baylor,2026,70,Fr.,LEFT,RIGHT,Olive Branch,MS,Lewisburg HS
Grayson Murry,Baylor,2026,77,Sr.,BOTH,RIGHT,Tyler,TX,Brook Hill HS
Ethan Calder,Baylor,2026,71,Sr.,LEFT,LEFT,Austin,TX,Lake Travis HS
Robert Ruais,Baylor,2026,74,Jr.,LEFT,LEFT,Celina,TX,Celina HS
Cade Hansen,Baylor,2026,75,Sr.,RIGHT,RIGHT,New Braunfels,TX,Smithson Valley HS
Mason Green,Baylor,2026,76,Jr.,RIGHT,LEFT,Cypress,TX,Cy Woods HS
Caldwell McFaddin,Baylor,2026,73,Fr.,RIGHT,RIGHT,Magnolia,TX,Magnolia West HS
Luke DeVasher,Baylor,2026,70,Jr.,RIGHT,RIGHT,Mansfield,TX,Mansfield Legacy HS
Camden Clewett,Baylor,2026,71,So.,RIGHT,RIGHT,Montgomery,TX,Montgomery HS
Cade Waibel,Baylor,2026,76,Jr.,RIGHT,RIGHT,Austin,TX,Round Rock HS
AJ Swader,Bellarmine,2026,73,Sr.,LEFT,RIGHT,Murfreesboro,TN,Oakland HS
Jake Bell,Bellarmine,2026,75,Fr.,RIGHT,RIGHT,Cincinnati,OH,Moeller High School
Landon Akers,Bellarmine,2026,73,So.,RIGHT,RIGHT,Louisville,KY,St. Xavier
Nickolas Gnardellis,Bellarmine,2026,70,Jr.,RIGHT,RIGHT,Dix Hills,NY,Commack
Connor Pawlowski,Bellarmine,2026,75,So.,RIGHT,RIGHT,San Jose,CA,Pioneer HS
Luke Scales,Bellarmine,2026,73,Sr.,RIGHT,RIGHT,Owensboro,KY,Owensboro Catholic
Sawyer Pace,Bellarmine,2026,72,Sr.,LEFT,RIGHT,Tecumseh,Canada,Tecumseh Vista Academy
Eli Watson,Bellarmine,2026,73,Sr.,LEFT,RIGHT,Jeffersonville,IN,Providence
Cole Huett,Bellarmine,2026,72,Fr.,LEFT,LEFT,Corydon,IN,Our Lady OF Providence HS
Luca Hoerger,Bellarmine,2026,74,Jr.,RIGHT,RIGHT,Heidenheim An Der Brenz,Germany,Arizona Western Coll Upward BD
Logan Murphy,Bellarmine,2026,74,Sr.,RIGHT,RIGHT,Fairfield,OH,Fairfield High School
Mason Acton,Bellarmine,2026,73,So.,LEFT,RIGHT,Somerset,KY,Pulaski County
Charlie Rife,Bellarmine,2026,72,Sr.,RIGHT,RIGHT,Waldron,IN,Shelbyville
Aaron Ragat,Bellarmine,2026,70,Jr.,LEFT,LEFT,Torrance,CA,South Torrance
Chase Carver,Bellarmine,2026,73,Jr.,RIGHT,RIGHT,Bowling Green,KY,Warren East
Chase Chamberlain,Bellarmine,2026,72,So.,RIGHT,RIGHT,Louisville,KY,duPont Manuel
Cade Rusch,Bellarmine,2026,75,Sr.,RIGHT,RIGHT,Prospect,KY,North Oldham High School
Deaton Oak,Bellarmine,2026,75,Sr.,RIGHT,RIGHT,La Grange,KY,Oldham County
Austin Egan,Bellarmine,2026,69,Jr.,RIGHT,RIGHT,Puyallup,WA,Governor J R Rogers HS
NIkau Heeney,Bellarmine,2026,70,Jr.,LEFT,LEFT,Burlingame,CA,International School
Evan Hart,Bellarmine,2026,76,Jr.,RIGHT,LEFT,Harrodsburg,KY,Mercer County Senior
Raygan New,Bellarmine,2026,76,Fr.,LEFT,RIGHT,Somerset,KY,Somerset High School
Drew Jennings,Bellarmine,2026,75,Fr.,RIGHT,RIGHT,Brownsburg,IN,Brownsburg High School
Jaxson Howard,Bellarmine,2026,79,Fr.,RIGHT,RIGHT,Lexington,KY,Sayre School
Karl Ralamb,Bellarmine,2026,76,Jr.,RIGHT,RIGHT,Las Vegas,NV,Faith Lutheran Academy
Presley Monteforte,Bellarmine,2026,72,Sr.,RIGHT,LEFT,Centennial,CO,Arapahoe
Connor Sims,Bellarmine,2026,74,So.,RIGHT,RIGHT,Greenfield,IN,Greenfield Central High School
Charlie Davis,Belmont,2026,70,Sr.,LEFT,RIGHT,Paris,TN,
Jake Maddox,Belmont,2026,77,So.,LEFT,RIGHT,Murfreesboro,TN,Central Magnet School
Landon Godsey,Belmont,2026,72,Sr.,RIGHT,RIGHT,Indianapolis,IN,Southport HS
Brody Langlotz,Belmont,2026,74,So.,RIGHT,RIGHT,Panama City Beach,FL,Deane Bozeman School
Michael Sprockett,Belmont,2026,70,Sr.,LEFT,RIGHT,West Chester,OH,Lakota East HS
Brady Holbrook,Belmont,2026,73,Fr.,LEFT,LEFT,Cumming,GA,North Forsyth High School
JD Whitworth,Belmont,2026,70,Fr.,RIGHT,RIGHT,Collierville,TN,Collierville High School
Cavan McMeans,Belmont,2026,72,So.,RIGHT,RIGHT,Leesburg,VA,Riverside HS
Michael Lareau,Belmont,2026,75,Sr.,LEFT,LEFT,Allen Park,MI,Allen Park HS
Nate Webb,Belmont,2026,76,Fr.,RIGHT,RIGHT,Hendersonville,TN,Pope John Paul II Preparatory School
Isaac VanderWoude,Belmont,2026,72,Fr.,LEFT,RIGHT,Saint John,IN,Illiana Christian HS
Gardner Lawrence,Belmont,2026,72,Sr.,LEFT,LEFT,Dallas,TX,Jesuit College Preparatory School of Dallas
Noah Burnham,Belmont,2026,69,Fr.,RIGHT,RIGHT,Valdosta,GA,Lowndes High School
Nicholas Stinson,Belmont,2026,75,Fr.,LEFT,RIGHT,Kennesaw,GA,North Cobb Christian
Dean Spoto,Belmont,2026,69,So.,RIGHT,RIGHT,Tampa,FL,Jesuit HS
Zane Brown,Belmont,2026,76,Jr.,RIGHT,RIGHT,Cottontown,TN,White House HS
Sam Heyman,Belmont,2026,74,Sr.,RIGHT,RIGHT,Lafayette,CA,Acalanes High School
Owen Marsh,Belmont,2026,76,Sr.,LEFT,RIGHT,Lakewood,CO,Lakewood HS
Andrew Perry,Belmont,2026,72,So.,RIGHT,LEFT,Jackson,TN,Trinity Christian Academy
McKale Stevenson,Belmont,2026,75,Fr.,RIGHT,RIGHT,Atlanta,GA,Saint Pius X Catholic HS
Krish Gandhi,Belmont,2026,72,So.,RIGHT,LEFT,Suwanee,GA,Lambert HS
Owen Cavey,Belmont,2026,73,So.,LEFT,LEFT,Medina,OH,Medina High School
Tate Marland,Belmont,2026,72,So.,RIGHT,LEFT,Lakeville,MN,Lakeville South
Brooks McDonnough,Belmont,2026,75,---,RIGHT,RIGHT,Brentwood,TN,Brentwood HS
Jonathon Van Ness,Belmont,2026,75,So.,RIGHT,RIGHT,Knoxville,TN,Christian Academy of Knoxville
Ridge Harvey,Belmont,2026,73,Fr.,RIGHT,LEFT,Collierville,TN,Collierville High School
Lake Morris,Belmont,2026,71,So.,LEFT,LEFT,Gallatin,TN,Hendersonville HS
Shane Duke,Belmont,2026,77,Fr.,LEFT,RIGHT,Huntsville,AL,Madison Academy
Cole Kenyon,Belmont,2026,74,Fr.,LEFT,RIGHT,North Barrington,IL,Lake Zurich Senior High School
Aubrey Moraitakis,Belmont,2026,70,Fr.,LEFT,RIGHT,Roswell,GA,Fellowship Christian School
Andrey Martinez,Bethune-Cookman,2026,74,Sr.,RIGHT,RIGHT,Barranquilla,Colombia,CEICO High School
Sergio Rivera,Bethune-Cookman,2026,73,Sr.,RIGHT,RIGHT,Bayamon,PR,Leadership Christian Academy
Michael Rodriguez,Bethune-Cookman,2026,71,Jr.,LEFT,RIGHT,Pembroke Pines,FL,West Broward
Jose Fernandez,Bethune-Cookman,2026,75,Jr.,RIGHT,RIGHT,Bolivar,Venezuela,Scotland Campus (Pa.)
Darryl Lee,Bethune-Cookman,2026,70,Sr.,LEFT,LEFT,Troy,AL,Pike Liberal Arts
Maikol Lucena,Bethune-Cookman,2026,69,Jr.,RIGHT,RIGHT,Tintorero,Venezuela,
Christopher Watson,Bethune-Cookman,2026,76,Sr.,RIGHT,RIGHT,Ridgeland,MS,St. Joseph
Erick Almonte,Bethune-Cookman,2026,72,Sr.,BOTH,RIGHT,Santo Domingo,Dominican Republic,TNXL Academy
Jeter Polledo,Bethune-Cookman,2026,70,So.,RIGHT,RIGHT,Hialeah,FL,Miami Christian School
Jorge Rodriguez,Bethune-Cookman,2026,72,Sr.,RIGHT,RIGHT,Ponce,PR,Puerto Rico Baseball Academy & HS
Jean Carlos Zambrano,Bethune-Cookman,2026,73,So.,RIGHT,RIGHT,Miami,FL,St. Brendan
Julian Carrasquilla  Jr,Bethune-Cookman,2026,75,Sr.,RIGHT,RIGHT,Miami,FL,Miami Southridge Senior
Anthony Anselmo,Bethune-Cookman,2026,70,Sr.,RIGHT,RIGHT,Spring Hill,FL,Nature Coast Technical HS
Edwin Sanchez,Bethune-Cookman,2026,67,Sr.,LEFT,LEFT,Guayama,PR,Albergue Olimpico Baseball Academy
Justin Morales,Bethune-Cookman,2026,76,Jr.,RIGHT,RIGHT,Oranjestad,Aruba,TNXL Academy
Dawson Turner,Bethune-Cookman,2026,80,Sr.,LEFT,LEFT,Saint Cloud,FL,TNXL Academy
Andris Barroso,Bethune-Cookman,2026,78,Jr.,RIGHT,RIGHT,Key West,FL,Key West High School
Pablo Torres,Bethune-Cookman,2026,71,Sr.,RIGHT,RIGHT,Orlando,FL,Central Pointe Christian Academy
David Morrissey,Bethune-Cookman,2026,72,Jr.,LEFT,LEFT,Melbourne,FL,Eau Gallie High School
Matthew Bolton,Binghamton,2026,72,So.,RIGHT,RIGHT,Levittown,NY,Division
Braylen Gonzalez,Binghamton,2026,69,So.,LEFT,LEFT,Bethlehem,PA,Liberty
Sean Sweeney,Binghamton,2026,67,So.,RIGHT,RIGHT,Elmont,NY,Chaminade
Tommy Popoff,Binghamton,2026,73,So.,RIGHT,RIGHT,Mount Royal,NJ,Kingsway
Steven Kraus,Binghamton,2026,73,So.,LEFT,LEFT,Hilton,NY,Hilton
Grant Hunter,Binghamton,2026,71,So.,RIGHT,RIGHT,Mount Laurel,NJ,Lenape
Caden Albright,Binghamton,2026,72,Fr.,RIGHT,RIGHT,Cortland,NY,Cortland Jr-sr High School
Tim Hennig,Binghamton,2026,72,So.,LEFT,RIGHT,Wantagh,NY,Wantagh
Zachary Anderson,Binghamton,2026,70,Jr.,RIGHT,RIGHT,Temecula,CA,Temecula Valley High School
Zack Kent,Binghamton,2026,69,Sr.,RIGHT,RIGHT,Wakefield,MA,Wakefield Memorial
Andrew Heppner,Binghamton,2026,75,So.,RIGHT,RIGHT,Floral Park,NY,Holy Trinity Diocesan
Michael Stellrecht,Binghamton,2026,71,Sr.,BOTH,RIGHT,East Amherst,NY,Williamsville East
Ian Kaiser,Binghamton,2026,70,Jr.,LEFT,LEFT,Montville,NJ,Montville
Ben Griffith,Binghamton,2026,72,So.,RIGHT,RIGHT,Shrewsbury,MA,Shrewsbury
Soren Gregor,Binghamton,2026,72,Fr.,,RIGHT,Flemington,NJ,Hunterdon Central Regional HS
Jackson Mitchell,Binghamton,2026,76,Jr.,RIGHT,RIGHT,Warwick,NY,Warwick
Aiden Milburn,Binghamton,2026,72,So.,RIGHT,RIGHT,Baldwinsville,NY,C. W. Baker
Colin Rhein,Binghamton,2026,76,Jr.,,,Lindenhurst,NY,North Babylon
Conner Griffin,Binghamton,2026,77,Jr.,RIGHT,RIGHT,Clarks Summit,PA,Abington Heights
Mason Holloway,Binghamton,2026,75,Fr.,,RIGHT,Horseheads,NY,Horseheads High School
Jake Dally,Binghamton,2026,72,Jr.,RIGHT,RIGHT,Bethlehem,PA,
Hayden Tarsia,Binghamton,2026,74,Jr.,RIGHT,RIGHT,Fishkill,NY,
Daniel McAliney,Binghamton,2026,76,Sr.,,RIGHT,Webster,NY,McQuaid Jesuit
Vincent Luther,Binghamton,2026,76,So.,LEFT,LEFT,Ridgewood,NJ,Ridgewood
Brady Lesiak,Binghamton,2026,69,So.,RIGHT,RIGHT,Manahawkin,NJ,Southern Regional
Conlan Taylor,Binghamton,2026,69,Fr.,,RIGHT,Nichols,NY,Owego Free Academy
Brady Bouchard,Binghamton,2026,74,So.,RIGHT,RIGHT,Penn Yan,NY,Penn Yan
Ryan Bates,Binghamton,2026,72,Jr.,RIGHT,RIGHT,Cohoes,NY,Shaker
Jonny Tewinkle,Biola,2026,74,Sr.,RIGHT,RIGHT,Rancho Santa Margarita,CA,Capistrano Valley Christian
James Whitman,Biola,2026,78,Sr.,RIGHT,RIGHT,San Diego,CA,Helix Charter
Luke Caruso,Biola,2026,71,Jr.,RIGHT,RIGHT,Carlsbad,CA,Sage Creek
Adiel Torres,Biola,2026,72,Jr.,RIGHT,RIGHT,San Diego,CA,Bonita Vista
Josh McAninch,Biola,2026,73,Sr.,RIGHT,RIGHT,Wildomar,CA,Elsinore
Nick Madole,Biola,2026,71,Sr.,RIGHT,RIGHT,Huntingtn Bch,CA,Huntington Beach
Gabe Magallan,Biola,2026,70,Sr.,RIGHT,RIGHT,Hanford,CA,Hanford
Wyatt Nichol,Biola,2026,73,Jr.,RIGHT,RIGHT,Laguna Niguel,CA,Crean Lutheran HS
Luke Ballantyne,Biola,2026,71,So.,LEFT,LEFT,Chino,CA,Ontario Christian
Jack O'Brasky,Biola,2026,72,So.,RIGHT,RIGHT,Scottsdale,AZ,Arcadia
Grayson Peel,Bluefield State University,2026,75,Jr.,,,,,
Jack Toomey,Boston College,2026,75,Sr.,RIGHT,RIGHT,Wellesley,MA,St. Sebastian's
Nick Wang,Boston College,2026,73,Sr.,RIGHT,RIGHT,Newton,MA,Buckingham Browne & Nichols
Julio Solier,Boston College,2026,72,So.,RIGHT,RIGHT,Guayama,PR,Springfield Central
Ty Mainolfi,Boston College,2026,73,So.,LEFT,RIGHT,Staten Island,NY,St. Peter's Boys
Kyle Wolff,Boston College,2026,73,Sr.,RIGHT,LEFT,Andover,MA,Middlesex School
Luke Gallo,Boston College,2026,70,Fr.,RIGHT,RIGHT,Shrewsbury,MA,Phillips Academy
Colin Larson,Boston College,2026,69,So.,LEFT,LEFT,Easthampton,MA,Williston Northampton School
Gunnar Johnson,Boston College,2026,72,Sr.,RIGHT,RIGHT,Newington,CT,Newington
Danny Surowiec,Boston College,2026,75,So.,LEFT,RIGHT,West Chester,PA,West Chester Henderson
Carter Hendrickson,Boston College,2026,71,Sr.,RIGHT,LEFT,Farmington,MN,Farmington
Cesar Gonzalez,Boston College,2026,69,So.,RIGHT,RIGHT,Maracaibo,Venezuela,Springfield Commonwealth
Ben Williams,Boston College,2026,72,So.,RIGHT,RIGHT,Hanover,NH,Avon Old Farms
Owen DeShazo,Boston College,2026,78,Sr.,RIGHT,RIGHT,Glen Allen,VA,Hanover High School
Jace Roossien,Boston College,2026,72,So.,BOTH,RIGHT,Nahant,MA,Phillips Academy
Esteban Garcia,Boston College,2026,74,Jr.,LEFT,RIGHT,Queens,NY,Poly Prep Country Day
Sean Martinez,Boston College,2026,71,So.,RIGHT,RIGHT,Perkasie,PA,Lansdale Catholic HS
Chase Hartsell,Boston College,2026,74,Fr.,RIGHT,RIGHT,Bridgewater,MA,Dexter Southfield
Brady Miller,Boston College,2026,77,So.,RIGHT,LEFT,Harwich,MA,Belmont Hill
Peter Schaefer,Boston College,2026,72,Sr.,LEFT,RIGHT,Knoxville,TN,Webb School of Knoxville
Sean Hard,Boston College,2026,77,Sr.,RIGHT,RIGHT,Mahwah,NJ,St. Joseph's Regional
AJ Colarusso,Boston College,2026,72,Sr.,LEFT,LEFT,Leominster,MA,Groton School
Luke D'Ancona,Boston College,2026,75,Fr.,RIGHT,RIGHT,Swarthmore,PA,Strath Haven High School
Jacob Burnham,Boston College,2026,72,So.,RIGHT,LEFT,Key West,FL,Key West High School
John Kwiatkowski,Boston College,2026,78,Sr.,LEFT,LEFT,Floral Park,NY,Kellenberg Memorial
John Mitchell,Boston College,2026,73,So.,RIGHT,RIGHT,Cypress,TX,Saint John XXIII College Prep
Kyle Kipp,Boston College,2026,74,Jr.,RIGHT,RIGHT,Stamford,CT,Westhill High School
Gavin Soares,Boston College,2026,75,So.,RIGHT,RIGHT,Ho Ho Kus,NJ,Northern Highlands
Tyler Mudd,Boston College,2026,69,Sr.,LEFT,LEFT,Shrewsbury,MA,Deerfield Academy
Drew Grumbles,Boston College,2026,73,Jr.,RIGHT,RIGHT,Maumelle,AR,Episcopal Collegiate School
Samuel Seidel,Bowling Green,2026,70,Sr.,LEFT,RIGHT,Greenwich,OH,South Central
Vinny Salvione,Bowling Green,2026,72,Jr.,RIGHT,RIGHT,Milwaukie,OR,Rex Putnam HS
Carter Mottice,Bowling Green,2026,70,So.,LEFT,LEFT,Canal Fulton,OH,Masillon Jackson
Brayden Curlis,Bowling Green,2026,71,So.,RIGHT,RIGHT,Cincinnati,OH,Cincinnati Elder
Brady Birchmeier,Bowling Green,2026,75,Jr.,RIGHT,RIGHT,New Lothrop,MI,New Lothrop
Griffin Scheiderer,Bowling Green,2026,70,Fr.,LEFT,RIGHT,Marysville,OH,Marysville High School
Pauly Mancino,Bowling Green,2026,72,Jr.,RIGHT,RIGHT,Westlake,OH,Saint Ignatius
Zack Horky,Bowling Green,2026,75,Sr.,RIGHT,RIGHT,Blissfield,OH,Blissfield
Anthony Mitta,Bowling Green,2026,72,Sr.,LEFT,RIGHT,Raleigh,NC,Leesville Road
Andrew Dilodovico,Bowling Green,2026,73,Fr.,RIGHT,RIGHT,Grosse Pointe Farms,MI,Grosse Pointe South HS
Alex Laird,Bowling Green,2026,75,So.,RIGHT,RIGHT,Canton,OH,GlenOak
Lance Vickers,Bowling Green,2026,71,Jr.,RIGHT,RIGHT,Jefferson Hills,PA,Thomas Jefferson High School
TJ Takats,Bowling Green,2026,77,Jr.,LEFT,LEFT,Perrysburg,OH,Perrysburg
Cooper McKenzie,Bowling Green,2026,76,Sr.,RIGHT,RIGHT,Wheelersburg,OH,Wheelersburg
Andrew Heffernan,Bowling Green,2026,74,Jr.,RIGHT,RIGHT,South Portland,ME,South Portland High School
Carrson Sova,Bowling Green,2026,82,So.,RIGHT,RIGHT,Liberty Township,OH,Bishop Fenwick
CJ Boudreaux,Bowling Green,2026,73,So.,RIGHT,RIGHT,Oregon,OH,Oregon Clay
Nate Kress,Bowling Green,2026,75,So.,RIGHT,RIGHT,Weston,OH,Bowling Green
Ty Roder,Bowling Green,2026,75,Sr.,RIGHT,RIGHT,Waterville,OH,Wayne
Micah Smith,Bowling Green,2026,74,So.,RIGHT,RIGHT,Flat Rock,MI,New Boston Huron
Ethan Stade,Bowling Green,2026,76,Sr.,LEFT,LEFT,New Ulm,MN,New Ulm
Ethan Papacek,Bowling Green,2026,74,Fr.,RIGHT,RIGHT,Shelby Township,MI,Stoney Creek
Jacob Turner,Bowling Green,2026,70,Sr.,RIGHT,RIGHT,Saint Clair,MI,St. Clair
Lucas Krouse,Bowling Green,2026,74,Sr.,LEFT,LEFT,Antwerp,OH,Antwerp
Jackson Miller,Bowling Green,2026,76,Fr.,RIGHT,LEFT,White Lake,MI,Lakeland High School
Kade Arn,Bowling Green,2026,76,Sr.,RIGHT,RIGHT,Bellefontaine,OH,Benjamin Logan
Joey Buchanan,Bowling Green,2026,73,Fr.,LEFT,LEFT,Milford,OH,Milford High School
Titus Lotz,Bowling Green,2026,73,So.,LEFT,LEFT,Washington Court House,OH,Washington
Landon Lowe,Bradley,2026,70,Sr.,BOTH,LEFT,Key West,FL,
Walker Buchanan,Bradley,2026,75,Jr.,RIGHT,RIGHT,Lebanon,VA,Lebanon
Angelo Aleman,Bradley,2026,74,Jr.,RIGHT,,Los Angeles,CA,
Luke Skinner,Bradley,2026,73,So.,LEFT,RIGHT,Woodbury,MN,East Ridge HS
Michael Quick,Bradley,2026,,Sr.,,,,,
Cal Leighton,Bradley,2026,72,Fr.,,,,,
AJ Garcia,Bradley,2026,70,Jr.,LEFT,LEFT,Chicago,IL,DePaul College Park
Sohrab Rezaei,Bradley,2026,,Jr.,,,Chicago,IL,Univ OF Chicago Laboratory HS
Hayden Miller,Bradley,2026,72,Sr.,RIGHT,RIGHT,Sandy Hook,CT,Salisbury School
Jaxon Schumacher,Bradley,2026,,Jr.,,,Treynor,IA,Treynor Community High School
Colin McCormick,Bradley,2026,73,So.,RIGHT,RIGHT,Chicago,IL,IMG Academy
Anthony Martinez,Bradley,2026,,Jr.,,,Frankfort,IL,Lockport Township High School
River Lindsey,Bradley,2026,,Jr.,,,Loves Park,IL,Eisenhower High School
Peyton Nelson,Bradley,2026,72,Sr.,RIGHT,RIGHT,Little Rock,AR,Joe T. Robinson HS
Andre Vidal,Bradley,2026,71,Sr.,,,Miami,FL,Doral Academy
Jack Holubowski,Bradley,2026,74,Jr.,RIGHT,RIGHT,Chesterfield,MO,Marquette HS
Brady Appel,Bradley,2026,,Jr.,,,Orlando,FL,Montverde Academy
Ryan Schaffnit,Bradley,2026,,Fr.,,,Morton,IL,Morton High School
Calen Scheider,Bradley,2026,,Fr.,,,Gilberts,IL,Hampshire High School
Eli Lehrman,Bradley,2026,72,Sr.,,LEFT,Anamosa,IA,
Davis Webb,Bradley,2026,,Jr.,,,Tipton,IA,Tipton Community High School
Gavin Thompson,Bradley,2026,77,Sr.,,RIGHT,Pekin,IL,
Mason Lee,Bradley,2026,,Fr.,,,Saint Ann,MO,Pattonville High School
Drew Politte,Bradley,2026,72,Sr.,,RIGHT,Saint Louis,MO,
Luke Leverton,Bradley,2026,73,Sr.,RIGHT,RIGHT,Richmond,IN,Seton Catholic HS
Robert Sanford,Bradley,2026,,Jr.,,,Carrollton,TX,Hebron High School
Joey Cirelli,Bradley,2026,77,Sr.,RIGHT,RIGHT,Martinez,CA,
Lou Levy,Bradley,2026,75,Sr.,RIGHT,RIGHT,Highlands Ranch,CO,Mountain Vista
Josh Vaughn,Bradley,2026,72,So.,,RIGHT,Mapleton,IL,Illini Bluffs High School
Jackson Horras,Bradley,2026,76,Sr.,,RIGHT,Keota,IA,
Tristan Duke,Bradley,2026,,Sr.,,,Flower Mound,TX,Flower Mound High School
Diego Menjivar,Bradley,2026,,Sr.,,,Benicia,CA,Benicia High School
Mika Petersen,Brown,2026,70,Sr.,LEFT,LEFT,Stamford,CT,Academy of Information Technology and Engineering
Alex Benevento,Brown,2026,70,So.,RIGHT,RIGHT,New Canaan,CT,New Canaan
Logan Meusy,Brown,2026,71,Sr.,RIGHT,RIGHT,Las Vegas,NV,Liberty
Matt Luigs,Brown,2026,72,Fr.,RIGHT,RIGHT,Marietta,GA,Holy Innocents Episcopal Sch
Mark Henshon,Brown,2026,73,Sr.,RIGHT,RIGHT,Wellesley,MA,Roxbury Latin
DJ Dillehay,Brown,2026,76,Sr.,RIGHT,RIGHT,Tullahoma,TN,Tullahoma
Christian Butera,Brown,2026,75,So.,RIGHT,RIGHT,E Greenwich,RI,Bishop Hendricken
Alex Mihailovich,Brown,2026,70,Fr.,LEFT,RIGHT,Stamford,CT,Westminster School
Brady Dever,Brown,2026,75,Jr.,LEFT,RIGHT,Houston,TX,Fort Bend Christian Academy
Andrew Hanlon,Brown,2026,70,Jr.,RIGHT,RIGHT,Fort Myers,FL,Bishop Verot
Jack Edmunds,Brown,2026,74,So.,RIGHT,RIGHT,Sammamish,WA,Eastlake
Miles Newsome,Brown,2026,73,Jr.,RIGHT,RIGHT,Chapel Hill,NC,C.E. Jordan
Brandon Chang,Brown,2026,70,Jr.,RIGHT,RIGHT,Irvine,CA,JSerra Catholic
Cameron LaGrassa,Brown,2026,72,So.,LEFT,RIGHT,Middleton,MA,St. John's Prep
Christian Keel,Brown,2026,73,Sr.,RIGHT,RIGHT,Mooresville,NC,Community School of Davidson
Peter Dubie,Brown,2026,76,Sr.,RIGHT,RIGHT,Indianapolis,IN,Park Tudor School
Drew Nelson,Brown,2026,77,Fr.,RIGHT,RIGHT,Ladera Ranch,CA,San Juan Hills High School
Dylan Reid,Brown,2026,72,Sr.,RIGHT,RIGHT,Sandy Springs,GA,North Springs
Matthew Wilmarth,Brown,2026,70,So.,RIGHT,RIGHT,Pittsford,NY,McQuaid Jesuit
Brenden Kline,Brown,2026,76,Jr.,RIGHT,RIGHT,Flower Mound,TX,Flower Mound
Camren Piwnicki,Brown,2026,71,Fr.,RIGHT,RIGHT,Newfields,NH,Exeter High School
Ian Keusch,Brown,2026,72,So.,RIGHT,RIGHT,Dover,MA,The Rivers School
Bryan Yang,Brown,2026,74,So.,RIGHT,RIGHT,Chino Hills,CA,Ruben S. Ayala
Ty Harris,Brown,2026,72,Sr.,LEFT,LEFT,The Woodlands,TX,The Woodlands
Calvin McBurney,Brown,2026,73,Fr.,RIGHT,RIGHT,Atlanta,GA,The Westminster Schools
Ellis Garcia,Bryant,2026,72,Jr.,RIGHT,RIGHT,Elmwood Park,NJ,P27 Academy
Casey Wensley,Bryant,2026,73,Jr.,LEFT,RIGHT,Raynham,MA,Bridgewater Raynham
Cam Papetti,Bryant,2026,74,So.,RIGHT,RIGHT,Grafton,MA,Worcester Academy
Charlie Saul,Bryant,2026,73,Jr.,RIGHT,RIGHT,River Vale,NJ,Pascack Valley
Alejandro Vazquez,Bryant,2026,72,So.,RIGHT,RIGHT,Parkland,FL,ESB Academy
Carlos Irizarry,Bryant,2026,69,Sr.,RIGHT,RIGHT,Chantilly,VA,St. Paul VI Catholic
Justin Hackett,Bryant,2026,73,Sr.,RIGHT,RIGHT,Wallingford,CT,Lyman Hall
Michael Fiatarone,Bryant,2026,71,Fr.,LEFT,RIGHT,Shelton,CT,Salisbury School
Hudson Story,Bryant,2026,74,Jr.,LEFT,LEFT,Pasadena,CA,Maranatha High School
Gavin Greger,Bryant,2026,72,Sr.,LEFT,LEFT,Bristol,CT,Avon Old Farms
Jacob Gaudreau,Bryant,2026,69,Sr.,LEFT,RIGHT,Burrillville,RI,La Salle Academy
Hunter Kingsbury,Bryant,2026,74,So.,LEFT,RIGHT,Newbury,MA,Governor's Academy
Dylan Prince,Bryant,2026,71,Fr.,RIGHT,RIGHT,Doral,FL,Doral Academy Charter HS
Brandyn Durand,Bryant,2026,75,Sr.,RIGHT,RIGHT,Somerset,MA,Bishop Hendricken
Zac Zyons,Bryant,2026,70,Sr.,LEFT,RIGHT,South Kingstown,RI,South Kingstown
Zev Salsberg,Bryant,2026,73,So.,RIGHT,RIGHT,Toronto,Canada,A3 Academy
Billy Mulholland,Bryant,2026,73,Jr.,RIGHT,RIGHT,Montvale,NJ,Pascack Hills
Greg Gorman,Bryant,2026,76,Sr.,LEFT,RIGHT,Westerly,RI,Westerly
Aidan Vining,Bryant,2026,72,Sr.,LEFT,LEFT,Woburn,MA,Woburn Memorial
Dylan Scudder,Bryant,2026,79,Sr.,RIGHT,RIGHT,Simsbury,CT,Simsbury
Kaden Hilburger,Bryant,2026,72,Jr.,BOTH,RIGHT,Yorktown,VA,Tabb
Sean Zaslaw,Bryant,2026,72,Jr.,RIGHT,RIGHT,Weymouth,MA,Weymouth
Ty Davis,Bryant,2026,74,So.,RIGHT,RIGHT,Bristol,CT,Bristol Central
Justin Dressler,Bryant,2026,74,So.,RIGHT,RIGHT,Waldwick,NJ,Waldwick High School
Jackson Vanesko,Bryant,2026,76,Sr.,RIGHT,LEFT,Ocean City,NJ,St. Augustine Prep
Owen Birchard,Bryant,2026,71,So.,RIGHT,RIGHT,Auburn,NY,Auburn
Cole Schiff,Bryant,2026,76,Sr.,LEFT,LEFT,Wake Forest,NC,Heritage HS
Thomas Galusha,Bryant,2026,75,So.,RIGHT,RIGHT,Middlebury,CT,Salisbury School
Bradley Lewis,Bryant,2026,70,Sr.,LEFT,LEFT,Greer,SC,James L. Mann
Tommy Flaherty,Bryant,2026,75,Sr.,RIGHT,RIGHT,Windham,NH,Pimlico Academy
Landon White,Bryant,2026,78,Sr.,RIGHT,RIGHT,Wallingford,CT,Choate Rosemary Hall
Zach Davis,Bryant,2026,77,So.,RIGHT,RIGHT,Colchester,VT,Colchester
Michael Trommer,Bucknell,2026,74,Sr.,LEFT,RIGHT,Trevose,PA,Archbishop Wood
Michael Chiaravallo,Bucknell,2026,72,Jr.,RIGHT,RIGHT,Cream Ridge,NJ,The Hun School
Garrett Mathias,Bucknell,2026,71,Fr.,LEFT,RIGHT,Philadelphia,PA,William Penn Charter School
Lleyton Coupe,Bucknell,2026,74,So.,LEFT,RIGHT,Phoenixville,PA,Phoenixville
Garrison Bullock,Bucknell,2026,74,Jr.,RIGHT,RIGHT,Concord,NC,Central Cabbarus
Brady Green,Bucknell,2026,68,Fr.,RIGHT,RIGHT,Oak Park,IL,Oak Park & River Forest HS
John Calabrese,Bucknell,2026,70,So.,LEFT,LEFT,Staten Island,NY,Poly Prep
Deacon Bowne,Bucknell,2026,71,So.,RIGHT,RIGHT,Hamilton Square,NJ,Hun School
Billy Fluharty,Bucknell,2026,71,Jr.,RIGHT,RIGHT,Fredericksburg,VA,Riverbend
Ty Lagoni,Bucknell,2026,72,Jr.,RIGHT,RIGHT,Pittsburgh,PA,Upper Saint Clair High School
Zach Selfon,Bucknell,2026,69,Jr.,RIGHT,RIGHT,Mahwah,NJ,Mahwah HS
Ryan Facinelli,Bucknell,2026,71,Sr.,LEFT,RIGHT,Whitehouse Station,NJ,Hunterdon Central
Andrew Swenson,Bucknell,2026,69,Jr.,RIGHT,RIGHT,Enola,PA,East Pennsboro
Luke Nascimento,Bucknell,2026,72,Jr.,RIGHT,RIGHT,Scarsdale,NY,Iona Prep
Christopher Morabito,Bucknell,2026,72,Jr.,LEFT,RIGHT,Mc Lean,VA,McLean
Liam Jones,Bucknell,2026,73,Fr.,RIGHT,RIGHT,Alexandria,VA,Alexandria City High School
Jacob Schultz,Bucknell,2026,72,Jr.,RIGHT,RIGHT,Exton,PA,Downingtown East
Frankie Bilecki,Bucknell,2026,74,So.,LEFT,LEFT,Chicago,IL,Marist
Bryce Mitchell,Bucknell,2026,72,So.,RIGHT,RIGHT,Damascus,MD,Damascus
Jonathan Adelmann,Bucknell,2026,79,Jr.,RIGHT,RIGHT,Mount Laurel,NJ,Lenape
Tyler Seidman,Bucknell,2026,74,Fr.,RIGHT,LEFT,Philadelphia,PA,Central High School
Brady Hoar,Bucknell,2026,76,Fr.,RIGHT,RIGHT,Tampa,FL,Jesuit High School
Dante Pavone,Bucknell,2026,76,Jr.,RIGHT,RIGHT,Hopkinton,MA,Dexter Southfield
Kobe Julks,Bucknell,2026,76,Sr.,RIGHT,RIGHT,Chatham,MA,St. George's School
Tyler Hawkins,Bucknell,2026,76,So.,RIGHT,RIGHT,Santa Ana,CA,Foothill
Hadley Maxwell,Bucknell,2026,75,Sr.,RIGHT,RIGHT,Nashville,TN,Franklin Road Academy
Everett Garber,Bucknell,2026,75,So.,RIGHT,RIGHT,New York,NY,Dwight-Englewood
Mikey Myro,Bucknell,2026,72,Sr.,RIGHT,RIGHT,Orwigsburg,PA,Blue Mountain
Ryan Delaney,Bucknell,2026,73,Sr.,LEFT,LEFT,Danville,CA,San Ramon Valley
Ethan Firestein,Bucknell,2026,72,Sr.,RIGHT,RIGHT,Hollywood,FL,Posnack School
AJ Murray,Bucknell,2026,73,So.,LEFT,RIGHT,Arlington,VA,Bishop O'Connell
Charlie Schebler,Butler,2026,74,Jr.,LEFT,RIGHT,Batesville,IN,Batesville
Matthew Rhoades,Butler,2026,75,Jr.,LEFT,LEFT,Monument,CO,Lewis Palmer High School
Danny Gavin,Butler,2026,71,Jr.,LEFT,LEFT,Iowa City,IA,Regina Catholic
David Ayers,Butler,2026,76,Jr.,LEFT,RIGHT,Fishers,IN,Cathedral
Easton Moore,Butler,2026,73,Jr.,RIGHT,RIGHT,Zionsville,IN,Zionsville
Logan Baker,Butler,2026,76,Sr.,RIGHT,RIGHT,Austin,TX,Lake Travis HS
Aidan Thaxton,Butler,2026,71,So.,RIGHT,RIGHT,,,St. Ignatius Prep
Gavin Gilmore,Butler,2026,75,Jr.,RIGHT,RIGHT,Eastampton,NJ,Rancocas Valley Regional
Logan Crock,Butler,2026,68,So.,BOTH,RIGHT,Noblesville,IN,Lawrence North
Will White,Butler,2026,71,Jr.,RIGHT,RIGHT,Northridge,CA,LA Valley College
William Burgess,Butler,2026,76,Sr.,LEFT,LEFT,Ashton,MD,Georgetown Prep
Connor Sackett,Butler,2026,75,Sr.,RIGHT,RIGHT,Rochester,NY,Fairport
Alex Christie,Butler,2026,77,Sr.,RIGHT,RIGHT,Greenwood,IN,Center Grove
Gunnar Duncan,Butler,2026,69,So.,RIGHT,RIGHT,Eaton,CO,Eaton
Chris Lewis,Butler,2026,70,So.,RIGHT,RIGHT,Batesville,IN,Batesville High School
Jack Zeller,Butler,2026,71,Fr.,LEFT,RIGHT,Pleasant Prairie,WI,Indian Trail High Schl & Acdmy
Ian Choi,Butler,2026,69,Sr.,RIGHT,RIGHT,Mount Pleasant,WI,Indian Trail
Ian Regal,Butler,2026,74,So.,LEFT,LEFT,Rochester,MN,Mayo Senior HS
Grayson Bradberry,Butler,2026,72,Fr.,RIGHT,RIGHT,Columbia City,IN,Columbia City High School
Garyson Smiddy,Butler,2026,79,Fr.,LEFT,LEFT,Defiance,OH,Defiance Senior High School
Alex Kanipe,Butler,2026,74,Sr.,RIGHT,RIGHT,Radford,VA,Radford
Max Winders,Butler,2026,77,So.,RIGHT,RIGHT,Carmel,IN,Carmel HS
Tre Benjamin,Butler,2026,78,Sr.,RIGHT,RIGHT,Mundelein,IL,Mundelein
Brock Buckley,Butler,2026,76,Sr.,RIGHT,RIGHT,Carmel,IN,Covenant Christian High School
Jake Thomas,Butler,2026,75,Fr.,RIGHT,RIGHT,Kansas City,MO,Staley High School
Niko Kreuzer,Butler,2026,76,So.,RIGHT,RIGHT,Westerville,OH,St. Francis Desales
Logan Wiley,Butler,2026,72,Jr.,,LEFT,Wilmington,DE,Delaware Military Academy
Corbin Snyder,Butler,2026,78,So.,RIGHT,RIGHT,Greentown,IN,Eastern
Jack Hagen,Butler,2026,75,Sr.,,,San Clemente,CA,San Clemente
Simon Linde,Butler,2026,73,Jr.,RIGHT,RIGHT,Kansas City,MO,Liberty
Zak White,Butler,2026,76,So.,RIGHT,RIGHT,Lafayette,CO,Centaurus
Aidan Hatcher,Butler,2026,73,Jr.,RIGHT,RIGHT,Zionsville,IN,Zionsville Community
Alex Thomas,Butler,2026,70,Jr.,LEFT,LEFT,Elkhorn,NE,Elkhorn South
Brett Sherrard,Butler,2026,70,Jr.,LEFT,RIGHT,Bloomfield,IN,Bloomfield
Taison Miller,CSU Bakersfield,2026,,Fr.,LEFT,LEFT,Long Beach,CA,Gahr HS
Kanoa Morisaki,CSU Bakersfield,2026,72,Jr.,RIGHT,RIGHT,Honolulu,HI,Kaiser HS
Evan Cloyd,CSU Bakersfield,2026,73,Sr.,RIGHT,RIGHT,Bakersfield,CA,Bakersfield Christian HS
Elgin Bennett,CSU Bakersfield,2026,72,Sr.,LEFT,LEFT,Atlanta,GA,Chipola College
Dusty Vela,CSU Bakersfield,2026,70,Sr.,LEFT,RIGHT,Chico,CA,
Devon Wilkes,CSU Bakersfield,2026,,Fr.,LEFT,LEFT,Oxnard,CA,Pacifica HS
Jacob May,CSU Bakersfield,2026,,So.,LEFT,RIGHT,Chula Vista,CA,
Yahir Acevedo,CSU Bakersfield,2026,,Jr.,LEFT,LEFT,Arecibo,PR,
Elijah Pelayo,CSU Bakersfield,2026,71,Sr.,RIGHT,RIGHT,Pico Rivera,CA,Mt. San Antonio College
Adam Salazar,CSU Bakersfield,2026,66,So.,LEFT,LEFT,Bakersfield,CA,Ridgeview HS
Nick Mascaro,CSU Bakersfield,2026,75,Sr.,LEFT,RIGHT,Orange,CA,Cypress College
Brendan Thompson,CSU Bakersfield,2026,,Fr.,RIGHT,RIGHT,Grand Rapids,MI,Forest Hills Eastern HS
Garrett Teunissen,CSU Bakersfield,2026,69,Sr.,RIGHT,RIGHT,Corona,CA,Hillcrest HS
Carter Jorissen,CSU Bakersfield,2026,,Jr.,RIGHT,RIGHT,Rancho Santa Margarita,CA,
Carlos Cordero,CSU Bakersfield,2026,,Jr.,RIGHT,RIGHT,Barquisimeto,Venezuela,
Matthew Dobson,CSU Bakersfield,2026,73,Sr.,RIGHT,RIGHT,Mission Viejo,CA,Santa Ana College
Lewis Barnum,CSU Bakersfield,2026,71,Sr.,RIGHT,RIGHT,San Diego,CA,Cathedral Catholic
CJ Brown,CSU Bakersfield,2026,74,Sr.,RIGHT,RIGHT,Garden Grove,CA,Santa Ana College
Payton Pudenz,CSU Bakersfield,2026,,So.,RIGHT,RIGHT,Mesa,AZ,
Saul Bolivar,CSU Bakersfield,2026,,Jr.,RIGHT,RIGHT,Miranda,Venezuela,
Gethse Ulloa,CSU Bakersfield,2026,,Jr.,RIGHT,RIGHT,El Paso,TX,
Ethan Myers,CSU Bakersfield,2026,,Fr.,RIGHT,RIGHT,Clovis,CA,Buchanan HS
Alex Navarrete,CSU Bakersfield,2026,71,Sr.,RIGHT,RIGHT,Colton,CA,Colton
Ryan King,CSU Bakersfield,2026,76,So.,RIGHT,RIGHT,Bloomfield Hills,MI,Grand Valley State
Dante Jackson,CSU Bakersfield,2026,79,Sr.,LEFT,LEFT,Laguna Woods,CA,Golden West College
Ethan Minaker,CSU Bakersfield,2026,,Jr.,LEFT,LEFT,Winnipeg,Canada,
Jacob Gutierrez,CSU Bakersfield,2026,75,Sr.,RIGHT,RIGHT,Bakersfield,CA,Ridgeview High School
Brock Adamson,CSU Bakersfield,2026,,Jr.,LEFT,LEFT,Ankeny,IA,
Shane McAlinden,CSU Bakersfield,2026,72,Jr.,RIGHT,RIGHT,Brownstown,MI,Riverview
Joe Tootle,CSU Bakersfield,2026,74,Sr.,RIGHT,RIGHT,Powell,OH,Olentangy Liberty
Jeter Schuerman,CSU Bakersfield,2026,74,Sr.,RIGHT,RIGHT,Mead,WA,Spokane Falls CC
Levi Grothen,CSU Bakersfield,2026,,Fr.,RIGHT,RIGHT,Bakersfield,CA,Frontier HS
Nathaniel Pimentel,CSU Bakersfield,2026,,Fr.,RIGHT,RIGHT,Alta Loma,CA,Alta Loma HS
Roman Bracamonte,CSU Bakersfield,2026,76,Jr.,RIGHT,RIGHT,Nogales,AZ,
Joseph O'Regan,CSU Bakersfield,2026,,Jr.,LEFT,LEFT,Rancho Cucamonga,CA,
Eddie Alfaro,CSU San Bernardino,2026,71,Jr.,RIGHT,RIGHT,Moreno Valley,CA,Canyon Springs
Dominic Dominguez,CSU San Bernardino,2026,72,Sr.,LEFT,RIGHT,Victorville,CA,Victor Valley
Benji Solano,CSU San Bernardino,2026,73,Sr.,LEFT,RIGHT,Chula Vista,CA,Montgomery
Jeremy Giesegh,CSU San Bernardino,2026,73,Sr.,RIGHT,RIGHT,Upland,CA,Upland
Keedan Nadeau,CSU San Bernardino,2026,72,So.,RIGHT,RIGHT,Highland,CA,Citrus Valley
Patrick Fregoso,CSU San Bernardino,2026,70,Sr.,LEFT,RIGHT,Eastvale,CA,Eleanor Roosevelt
Josh VerKuilen,CSU San Bernardino,2026,74,Sr.,RIGHT,RIGHT,Glendora,CA,Glendora
Devyn Hernandez,CSU San Bernardino,2026,73,Sr.,RIGHT,RIGHT,Pasco,WA,Chiawana
Ryan Tayman,Cal Poly,2026,74,Jr.,RIGHT,RIGHT,Grover Beach,CA,Arroyo Grande HS
Casey Murray,Cal Poly,2026,74,Sr.,RIGHT,RIGHT,Riverside,CA,Orange Vista HS
Dylan Kordic,Cal Poly,2026,75,Sr.,LEFT,RIGHT,San Pedro,CA,San Pedro HS
Cameron Hoiland,Cal Poly,2026,74,Sr.,LEFT,LEFT,Bellevue,WA,Kentridge HS
Nate Castellon,Cal Poly,2026,69,So.,RIGHT,RIGHT,Woodland Hills,CA,Calabasas HS
Alejandro Garza,Cal Poly,2026,69,Jr.,RIGHT,RIGHT,Bakersfield,CA,Highland HS
Gavin Spiridonoff,Cal Poly,2026,72,Fr.,RIGHT,RIGHT,Aliso Viejo,CA,Santa Margarita Catholic HS
Jake Downing,Cal Poly,2026,70,So.,LEFT,RIGHT,Redwood City,CA,Serra HS
Dante Vachini,Cal Poly,2026,75,So.,LEFT,RIGHT,Cotati,CA,Petaluma HS
Antonio Castro,Cal Poly,2026,73,Fr.,LEFT,RIGHT,Concord,CA,De La Salle High School
Braxton Thomas,Cal Poly,2026,74,Jr.,LEFT,LEFT,Patterson,CA,Central Catholic HS
Xander McLaurin,Cal Poly,2026,72,Sr.,RIGHT,RIGHT,Long Beach,CA,Wilson HS
Vincent Van der Wel,Cal Poly,2026,74,So.,LEFT,RIGHT,Woodland Hills,CA,Chaminade HS
Nick Bonn,Cal Poly,2026,72,Sr.,RIGHT,RIGHT,Laguna Beach,CA,Laguna Beach HS
Griffin Naess,Cal Poly,2026,78,Jr.,RIGHT,RIGHT,Laguna Beach,CA,Laguna Beach HS
Chris Downs,Cal Poly,2026,79,Jr.,LEFT,LEFT,Santa Clarita,CA,Hart HS
Corden Pettey,Cal Poly,2026,74,Fr.,RIGHT,RIGHT,Rocklin,CA,Whitney High School
Luke Kalfsbeek,Cal Poly,2026,75,So.,LEFT,LEFT,Arbuckle,CA,Colusa HS
Carson Turnquist,Cal Poly,2026,77,Jr.,RIGHT,RIGHT,Paso Robles,CA,Paso Robles HS
Troy Cooper,Cal Poly,2026,74,So.,RIGHT,RIGHT,Stevenson Ranch,CA,Hart HS
Brady Estes,Cal Poly,2026,75,Fr.,LEFT,LEFT,Rocklin,CA,Whitney High School
Joshua Volmerding,Cal Poly,2026,76,Jr.,LEFT,LEFT,Santa Rosa,CA,Maria Carrillo HS
Sean McGrath,Cal Poly,2026,73,Fr.,RIGHT,RIGHT,Novato,CA,San Marin High School
Josh Morano,Cal Poly,2026,76,Jr.,LEFT,LEFT,Livermore,CA,Granada HS
Laif Palmer,Cal Poly,2026,78,Jr.,RIGHT,RIGHT,Golden,CO,Golden
Arlo Pendleton,Cal Poly,2026,77,Fr.,RIGHT,RIGHT,Petaluma,CA,Petaluma High School
Paul Contreras,Cal State Fullerton,2026,75,Jr.,RIGHT,RIGHT,Salida,CA,Joseph A. Gregori HS
Esteban Olazaba,Cal State Fullerton,2026,68,Fr.,RIGHT,RIGHT,Riverside,CA,Aquinas High School
Cameron Kim,Cal State Fullerton,2026,76,Jr.,RIGHT,RIGHT,Jurupa Valley,CA,Norco HS
Nick Miller,Cal State Fullerton,2026,74,Sr.,RIGHT,RIGHT,Ventura,CA,St. Bonaventure HS
Ty Thomas,Cal State Fullerton,2026,75,Jr.,RIGHT,RIGHT,San Bernardino,CA,Cajon HS
Eli Lopez,Cal State Fullerton,2026,69,Sr.,RIGHT,RIGHT,Whittier,CA,Los Altos HS
Bren Wilkinson,Cal State Fullerton,2026,70,Sr.,RIGHT,RIGHT,Long Beach,CA,Cypress HS
Andrew Kirchner,Cal State Fullerton,2026,77,Sr.,LEFT,RIGHT,Lakewood,CA,Gahr HS
Cade O'Hara,Cal State Fullerton,2026,72,Jr.,RIGHT,RIGHT,Tustin,CA,Mater Dei
Hunter Meyer,Cal State Fullerton,2026,73,Fr.,RIGHT,RIGHT,Rancho Cucamonga,CA,Los Osos HS
Cam Burdick,Cal State Fullerton,2026,75,Jr.,RIGHT,RIGHT,Carlsbad,CA,Carlsbad HS
Niko Lombardi,Cal State Fullerton,2026,70,Sr.,RIGHT,RIGHT,Fremont,CA,Washington HS
Max Ortega,Cal State Fullerton,2026,71,Sr.,RIGHT,RIGHT,Stockton,CA,Saint Mary's HS
Britton Beeson,Cal State Fullerton,2026,74,Jr.,RIGHT,RIGHT,Villa Park,CA,Villa Park HS
Damian Casas,Cal State Fullerton,2026,73,Fr.,LEFT,LEFT,Fontana,CA,Aquinas High School
Brady Dobson,Cal State Fullerton,2026,75,Fr.,LEFT,LEFT,Stockton,CA,Lincoln HS
Andrew Wright,Cal State Fullerton,2026,73,Jr.,RIGHT,LEFT,Woodbridge,CA,Lodi HS
Bobby Mahoney,Cal State Fullerton,2026,75,Fr.,RIGHT,RIGHT,Riverside,CA,Arrowhead Christian Academy
Brock Mayer,Cal State Fullerton,2026,72,Sr.,RIGHT,RIGHT,Torrance,CA,Torrance High School
Dylan Goff,Cal State Fullerton,2026,74,Jr.,RIGHT,RIGHT,Fontana,CA,Etiwanda HS
Dylan Smith,Cal State Fullerton,2026,74,So.,RIGHT,RIGHT,Torrance,CA,West HS
Mikiah Negrete,Cal State Fullerton,2026,73,Sr.,LEFT,LEFT,Oceanside,CA,Servite HS
Ryan Seo,Cal State Fullerton,2026,71,Sr.,RIGHT,RIGHT,Sacramento,CA,Inderkum HS
Landon Martin,Cal State Fullerton,2026,76,So.,RIGHT,RIGHT,La Habra,CA,Sonora HS
Chris Hernandez,Cal State Fullerton,2026,74,Jr.,RIGHT,RIGHT,Bakersfield,CA,Bakersfield Christian HS
Nicholas Santivanez,Cal State Fullerton,2026,75,So.,LEFT,RIGHT,Orange,CA,El Modena HS
Brady Dockan,Cal State Fullerton,2026,75,So.,LEFT,LEFT,San Diego,CA,Rancho Bernardo HS
Dylan Nieto,Cal State Fullerton,2026,76,So.,RIGHT,RIGHT,Mission Viejo,CA,Tesoro High School
Joseph Jasso,Cal State Fullerton,2026,75,Jr.,RIGHT,RIGHT,South Gate,CA,South East High School
Jayden Harper,Cal State Fullerton,2026,76,Sr.,RIGHT,LEFT,Fremont,CA,Kennedy HS
Masen Swan,Cal State Fullerton,2026,72,Fr.,BOTH,LEFT,Riverside,CA,Martin Luther King HS
Matthew Thomas,Cal State Northridge,2026,75,Jr.,RIGHT,RIGHT,Garden Grove,CA,Cypress HS
Matthew Pena,Cal State Northridge,2026,72,Jr.,LEFT,LEFT,Hollister,CA,San Benito HS
Matthew Cormier,Cal State Northridge,2026,73,So.,RIGHT,RIGHT,Castro Valley,CA,Castro Valley High School
Kyle Panganiban,Cal State Northridge,2026,71,So.,RIGHT,RIGHT,Cerritos,CA,Gahr HS
Vaughn Coleman,Cal State Northridge,2026,72,Fr.,RIGHT,RIGHT,Claremont,CA,San Dimas High School
Will Linberg,Cal State Northridge,2026,74,Sr.,LEFT,LEFT,Sacramento,CA,Rio Americano HS
Andrew Becker,Cal State Northridge,2026,73,So.,LEFT,LEFT,Solana Beach,CA,Canyon Crest Academy
Mateo Rickman,Cal State Northridge,2026,74,Fr.,RIGHT,RIGHT,Torrance,CA,Torrance High School
Colton Boardman,Cal State Northridge,2026,69,So.,LEFT,RIGHT,Las Vegas,NV,Bishop Gorman HS
Trent Abel,Cal State Northridge,2026,71,Jr.,RIGHT,RIGHT,San Diego,CA,Rancho Bernardo HS
Xavier Rios,Cal State Northridge,2026,74,So.,RIGHT,RIGHT,Castro Valley,CA,Moreau Catholic HS
Jehee Lee,Cal State Northridge,2026,70,So.,RIGHT,RIGHT,San Diego,CA,Rancho Bernardo HS
Cameron Calvillo,Cal State Northridge,2026,70,Sr.,RIGHT,RIGHT,Castro Valley,CA,Castro Valley HS
Evan Saito,Cal State Northridge,2026,74,Jr.,RIGHT,RIGHT,Torrance,CA,Torrance High School
Daniel Behrmann,Cal State Northridge,2026,69,Jr.,RIGHT,RIGHT,Tracy,CA,Tracy Joint Union High School
Logan Miller,Cal State Northridge,2026,76,Jr.,RIGHT,RIGHT,Boise,ID,Timberline HS
James Voorhies,Cal State Northridge,2026,76,Fr.,RIGHT,RIGHT,Pleasant Hill,CA,College Park High School
Traig Oughton,Cal State Northridge,2026,76,Jr.,RIGHT,RIGHT,Peoria,AZ,Mountain Ridge High School
Zach Johnson,Cal State Northridge,2026,71,Sr.,RIGHT,RIGHT,West Linn,OR,West Linn
Jaiden Turner,Cal State Northridge,2026,75,Jr.,RIGHT,RIGHT,Billings,MT,Billings Senior High School
Charles Rogers,Cal State Northridge,2026,51,Fr.,RIGHT,RIGHT,Lake Elsinore,CA,Centennial High School
Adam Christopher,Cal State Northridge,2026,75,Sr.,RIGHT,RIGHT,Northridge,CA,El Camino Real
Ryan Ellis,Cal State Northridge,2026,77,Jr.,RIGHT,RIGHT,San Diego,CA,Patrick Henry HS
Gabriel Hernandez,Cal State Northridge,2026,70,So.,RIGHT,RIGHT,Barstow,CA,Barstow HS
Lucas Alaniz,Cal State Northridge,2026,74,Sr.,RIGHT,RIGHT,Waterford,CA,Hughson HS
Kody King,Cal State Northridge,2026,75,So.,LEFT,LEFT,San Dimas,CA,San Dimas HS
Cody Carson,Cal State Northridge,2026,73,Sr.,RIGHT,RIGHT,Thousand Oaks,CA,Thousand Oaks HS
Gage McCown,Cal State Northridge,2026,72,Fr.,BOTH,RIGHT,Las Vegas,NV,Las Vegas High School
Jack Jones,Cal State Northridge,2026,73,Fr.,RIGHT,LEFT,Lompoc,CA,Lompoc High School
Calix Armijo,Cal State Northridge,2026,70,Sr.,RIGHT,RIGHT,Redondo Beach,CA,Mary Star of the Sea HS
Jackson Banuelos,Cal State Northridge,2026,71,So.,LEFT,LEFT,Santa Clarita,CA,West Ranch HS
Hideki Prather,California,2026,70,Jr.,RIGHT,RIGHT,Oakland,CA,Campolindo HS
Jacob French,California,2026,73,Jr.,LEFT,RIGHT,Benicia,CA,Benicia HS
Kevin Jeon,California,2026,72,Fr.,RIGHT,RIGHT,Fullerton,CA,LA Mirada High School
Jett Kenady,California,2026,74,Fr.,RIGHT,RIGHT,Carlsbad,CA,Silicon Valley High School
Daniel Murillo,California,2026,71,Sr.,RIGHT,RIGHT,Long Beach,CA,Millikan HS
Carl Schmidt,California,2026,71,So.,RIGHT,RIGHT,Petaluma,CA,Marin Catholic HS
Tyler Leroy,California,2026,74,Sr.,RIGHT,RIGHT,Delran,NJ,Southern Illinois
Cade Campbell,California,2026,73,Sr.,RIGHT,RIGHT,Lodi,CA,Tokay
Lawson Olmstead,California,2026,73,Fr.,RIGHT,RIGHT,Costa Mesa,CA,Mater Dei High School
Josh Hanson,California,2026,73,So.,RIGHT,RIGHT,San Francisco,CA,IMG Academy
Taichi Nakao,California,2026,68,Sr.,RIGHT,RIGHT,,,Lynfield College
Jordy Lopez,California,2026,70,So.,LEFT,LEFT,Elk Grove,CA,Franklin HS
Ethan Kodama,California,2026,74,So.,LEFT,RIGHT,West Hills,CA,Crespi HS
Gannon Snyder,California,2026,74,Jr.,RIGHT,RIGHT,Saint Louis,MO,Parkway West
Kalen Applefield,California,2026,73,So.,RIGHT,RIGHT,Carlsbad,CA,La Costa Canyon HS
Brady Errecart,California,2026,73,Fr.,RIGHT,RIGHT,Stockton,CA,Saint Marys High School
Jackson Norum,California,2026,74,Fr.,RIGHT,RIGHT,San Diego,CA,LA Jolla Country Day School
Trenton Roach,California,2026,76,Fr.,BOTH,RIGHT,Hollister,CA,San Benito High School
Jett Wright,California,2026,79,Fr.,RIGHT,RIGHT,Dallas,TX,Highland Park High School
Cole Clark,California,2026,70,Sr.,RIGHT,RIGHT,Burbank,CA,Notre Dame HS
Oliver De La Torre,California,2026,76,Jr.,RIGHT,RIGHT,Pleasanton,CA,Amador Valley HS
Gavin Eddy,California,2026,77,So.,RIGHT,RIGHT,Claremont,CA,Damien HS
Otto Espinoza,California,2026,74,Fr.,RIGHT,RIGHT,Huntington Beach,CA,Huntington Beach High School
Cade Colombara,California,2026,76,Fr.,RIGHT,RIGHT,Woodland,CA,Jesuit High School
Tanner Grove,California,2026,73,So.,LEFT,LEFT,Lodi,CA,Saint Marys High School
Ryan Spalliero,California,2026,72,Sr.,RIGHT,RIGHT,Fresno,CA,Central HS
Take Kreis,California,2026,75,Fr.,RIGHT,RIGHT,Pleasanton,CA,Foothill High School
Quinn Larson,California,2026,77,Jr.,RIGHT,RIGHT,Gilroy,CA,Gilroy HS
Ethan Foley,California,2026,75,Jr.,RIGHT,RIGHT,Lancaster,CA,Eastside HS
JJ Hollis,California,2026,76,Jr.,RIGHT,RIGHT,Laguna Niguel,CA,JSerra Catholic HS
Garrett Mackowiak,California,2026,69,Jr.,LEFT,LEFT,Wesley Chapel,FL,P27 Academy
Duncan Russell,California,2026,78,Fr.,RIGHT,RIGHT,Berkeley,CA,Bishop Odowd High School
Eric Ruiz,California Baptist,2026,74,Fr.,RIGHT,RIGHT,Hesperia,CA,Sultana High School
Connor Ross,California Baptist,2026,72,Sr.,RIGHT,RIGHT,Fairfield,CA,
Cole Hansen,California Baptist,2026,72,Fr.,RIGHT,RIGHT,Norco,CA,
Christian Ramirez,California Baptist,2026,69,So.,RIGHT,RIGHT,Corona,CA,Santiago High School
Bryce McFeely,California Baptist,2026,73,Sr.,RIGHT,RIGHT,Seattle,WA,
Cole Howarth,California Baptist,2026,78,Sr.,RIGHT,RIGHT,Chino Hills,CA,Chino Hills HS
Riley Hunsaker,California Baptist,2026,73,Jr.,LEFT,LEFT,Highland,CA,
Ben Castelli,California Baptist,2026,72,Sr.,LEFT,RIGHT,Anaheim,CA,
Camden Andrews,California Baptist,2026,71,Jr.,RIGHT,RIGHT,Duarte,CA,Maranatha HS
Ryder Dykstra,California Baptist,2026,72,Fr.,LEFT,RIGHT,Corona,CA,Corona Centennial HS
Diesel Toth,California Baptist,2026,72,Fr.,RIGHT,RIGHT,Highland,CA,Redlands Christian School
Samuel Lopez,California Baptist,2026,69,Fr.,LEFT,RIGHT,Fontana,CA,Summit High School
Carter Eberhard,California Baptist,2026,74,So.,LEFT,RIGHT,Castro Valley,CA,Redwood Christian High School
Thomas Entrekin,California Baptist,2026,70,Fr.,LEFT,RIGHT,Alpine,CA,Granite Hills High School
Matthew Chavez,California Baptist,2026,71,Sr.,RIGHT,RIGHT,Colton,CA,
Matthew Bline,California Baptist,2026,70,Fr.,LEFT,LEFT,Highland,CA,Citrus Valley High School
Ryne Palmer,California Baptist,2026,76,Sr.,RIGHT,RIGHT,Peoria,AZ,Sunrise Mountain HS
Michael Malki,California Baptist,2026,72,So.,RIGHT,RIGHT,Corona,CA,Centennial High School
Niko Urquidi,California Baptist,2026,73,Jr.,LEFT,LEFT,Murrieta,CA,Vista Murrieta
Alfredo Capacete,California Baptist,2026,74,Sr.,RIGHT,RIGHT,Jurupa Valley,CA,Etiwanda HS
Zach Yates,California Baptist,2026,74,Sr.,RIGHT,RIGHT,Tustin,CA,
Luis Becerra,California Baptist,2026,76,Sr.,RIGHT,RIGHT,San Leandro,CA,Moreau Catholic HS
Bryan Peck,California Baptist,2026,74,Sr.,RIGHT,RIGHT,Palmdale,CA,
Sam Burgess,California Baptist,2026,73,So.,LEFT,LEFT,Riverside,CA,Corona High School
John Carlson,California Baptist,2026,74,Fr.,RIGHT,RIGHT,Valencia,CA,Trinity Classical Academy
Kody Smathers,California Baptist,2026,76,Fr.,RIGHT,RIGHT,Fontana,CA,Summit High School
Cameron Teper,California Baptist,2026,73,Jr.,LEFT,LEFT,Corona,CA,Santiago High School
Carson Olsen,California Baptist,2026,77,Sr.,RIGHT,RIGHT,Murrieta,CA,Murrieta Valley HS
Andrew Rudd,California Baptist,2026,77,Jr.,RIGHT,RIGHT,Riverside,GA,Arlington High School
Noah Smith,California Baptist,2026,75,Jr.,RIGHT,RIGHT,Highland,CA,Citrus Valley High School
Daniel Orozco,California Lutheran,2026,71,Sr.,LEFT,RIGHT,,,
Kai Caranto,California Lutheran,2026,67,Jr.,RIGHT,RIGHT,,,
Oscar Lopez,California Lutheran,2026,75,Jr.,LEFT,LEFT,,,
Jett Music,Campbell,2026,74,So.,RIGHT,RIGHT,Clayton,NC,Corinth Holders
Joseph Simpson,Campbell,2026,75,Sr.,RIGHT,RIGHT,Clinton,IA,Clinton River
Joey Morton,Campbell,2026,76,Sr.,LEFT,LEFT,Oxford,PA,Oxford Area HS
Carlos Lugo,Campbell,2026,69,Fr.,LEFT,LEFT,Fort Lauderdale,FL,Calvary Christian Academy
Trenton Rumley,Campbell,2026,67,Sr.,RIGHT,RIGHT,Cowlesville,NY,St. Mary's
Andrew Schuldt,Campbell,2026,69,Jr.,RIGHT,RIGHT,Cornelius,NC,Hough
Logen Sutton,Campbell,2026,73,Sr.,RIGHT,RIGHT,Knoxville,TN,Powell
Mikey Murphy,Campbell,2026,71,Jr.,RIGHT,RIGHT,Minooka,IL,Minooka
Logan Chapman,Campbell,2026,72,Jr.,RIGHT,RIGHT,Apopka,FL,Montverde Academy HS
Jonah Oster,Campbell,2026,74,Sr.,RIGHT,RIGHT,Apex,NC,Middle Creek
Lukas Schramm,Campbell,2026,75,Jr.,RIGHT,RIGHT,Apex,NC,
Elijah Clayton,Campbell,2026,70,So.,RIGHT,RIGHT,Westlake Village,CA,Oaks Christian HS
Jackson Thompson,Campbell,2026,74,Sr.,RIGHT,RIGHT,Camp Hill,PA,Camp Hill
Andrew Keller,Campbell,2026,75,So.,LEFT,RIGHT,Fuquay Varina,NC,Fuquay Varina
Nik Sanders,Campbell,2026,74,Jr.,RIGHT,RIGHT,Waco,TX,
Darnell Parker,Campbell,2026,73,Jr.,RIGHT,RIGHT,Carrollton,VA,Namsemond River
Aaron Smigelski,Campbell,2026,74,Sr.,LEFT,RIGHT,Clayton,NC,PRO5 Baseball Academy
Braxton Shaffer,Campbell,2026,79,Jr.,RIGHT,RIGHT,Grinnell,IA,Grinnell Community SR HS
Caleb White,Campbell,2026,80,Sr.,RIGHT,RIGHT,Van,TX,Van
Lleyton Grubich,Campbell,2026,72,Jr.,LEFT,LEFT,Mchenry,IL,Mchenry Community
Owen Simmons,Campbell,2026,73,Jr.,RIGHT,RIGHT,Greensboro,NC,Northwest Guilford
David Rossow,Campbell,2026,75,Sr.,RIGHT,RIGHT,Boca Raton,FL,Cardinal Gibbons
Cooper Clark,Campbell,2026,76,Jr.,RIGHT,RIGHT,Clayton,NC,Homeschooled
Connor Hensley,Campbell,2026,75,Sr.,RIGHT,RIGHT,Casselberry,FL,Lake Brantley
Mason Smith,Campbell,2026,72,Jr.,RIGHT,RIGHT,Denver,NC,Lincoln Charter
Beau Brailey,Campbell,2026,75,So.,RIGHT,RIGHT,Hoschton,GA,Mill Creek
Zachary Sabers,Campbell,2026,74,Sr.,RIGHT,RIGHT,Dubuque,IA,Hempstead
Camden Wimbish,Campbell,2026,74,Jr.,BOTH,RIGHT,Locust,NC,West Stanly High School
Parker Webb,Campbell,2026,74,Sr.,RIGHT,RIGHT,Fayetteville,TN,Lincoln County
Gabriel Cruz,Campbell,2026,70,So.,RIGHT,RIGHT,Miami,FL,Columbus HS
Thomas Zwirecki,Canisius,2026,74,Sr.,RIGHT,RIGHT,East Amherst,NY,St. Joseph’s Collegiate Institute
Eric Weeks,Canisius,2026,69,Jr.,RIGHT,RIGHT,E Pittsburgh,PA,Hampton
Bennett Cox,Canisius,2026,69,So.,RIGHT,RIGHT,Newtown Square,PA,Marple Newtown
Grady Brown,Canisius,2026,72,Fr.,LEFT,RIGHT,Amherst,NY,Amherst
Justin Bremner,Canisius,2026,72,Jr.,RIGHT,RIGHT,Twinsburg,OH,Walsh Jesuit
Tommy Sheridan,Canisius,2026,73,Sr.,RIGHT,RIGHT,Tunkhannock,PA,Tunkhannock
Michael Kelly,Canisius,2026,75,Jr.,RIGHT,RIGHT,Frenchtown,NJ,Delaware Valley
Owen Silliman,Canisius,2026,74,Sr.,RIGHT,RIGHT,East Aurora,NY,Iroquois
Brayden Hy,Canisius,2026,69,So.,RIGHT,RIGHT,Lockport,NY,Royalton-Hartland
Mason Cisco,Canisius,2026,72,Sr.,LEFT,RIGHT,Buffalo,NY,Lancaster
JC Spinosa,Canisius,2026,71,Jr.,RIGHT,RIGHT,Bethlehem,PA,Liberty
Andrew Marcello,Canisius,2026,70,Sr.,RIGHT,RIGHT,Brentwood,PA,Pittsburgh Central Catholic
Blake Herman,Canisius,2026,71,Fr.,RIGHT,RIGHT,Gowanda,NY,Gowanda
Jake Cagna,Canisius,2026,74,Fr.,LEFT,RIGHT,Egg Harbor Township,NJ,Egg Harbor Township
Rocco Panepinto,Canisius,2026,75,Fr.,RIGHT,RIGHT,Buffalo,NY,Sweet Home
Tyson Kaufman,Canisius,2026,72,Jr.,RIGHT,RIGHT,Drumbo,Canada,Huron Park
Mark Rogers,Canisius,2026,72,Fr.,,LEFT,Cambridge,Canada,Jacob Hespeler Secondary
Noah Albano,Canisius,2026,74,So.,RIGHT,RIGHT,Buffalo,NY,Saint Francis
Jacob Hageman,Canisius,2026,,Jr.,,LEFT,Coquitlam,Canada,Unknown School
Felix Morin,Canisius,2026,76,Sr.,LEFT,LEFT,Quebec City,Canada,Blyth Academy
Weston Elkovitch,Canisius,2026,72,So.,LEFT,LEFT,Victor,NY,Victor
Sam Staerker,Canisius,2026,72,Sr.,RIGHT,RIGHT,Panama City Beach,FL,Iroquois
Joe LoPinto,Canisius,2026,72,Jr.,RIGHT,RIGHT,East Hanover,NJ,Hanover Park
Brian Smith,Canisius,2026,71,So.,RIGHT,RIGHT,Williamsville,NY,Williamsville East
Trent Rudge,Canisius,2026,72,Fr.,,RIGHT,Cottam,Canada,Essex
Logan Floyd,Carson-Newman,2026,,Jr.,,,,,
Tanner Kilgore,Carson-Newman,2026,,Jr.,,,,,
Braxton Smith,Carson-Newman,2026,,So.,,,,,
Ryan Bolton,Carson-Newman,2026,,Sr.,,,,,
Ian Hubbard,Carson-Newman,2026,72,So.,,,Oak Ridge,TN,Knoxville Catholic
Cole Nathan,Carson-Newman,2026,,Jr.,,,,,
Aiden Gibson,Carson-Newman,2026,,Sr.,,,,,
Jacob Rogers,Carson-Newman,2026,,Sr.,,,,,
Kevin Hammond,Carson-Newman,2026,71,So.,RIGHT,RIGHT,Keller,TX,Keller
Kolton Casson,Carson-Newman,2026,,So.,,,,,
Christian Henderson,Carson-Newman,2026,,So.,,,,,
Brock Culpepper,Carson-Newman,2026,,Sr.,,,,,
Ryan Higgins,Carson-Newman,2026,,Jr.,,,,,
Kaden Wilde,Cedarville,2026,70,Jr.,RIGHT,RIGHT,Fairfield,CA,Angelo Rodriguez
Grayson Weikel,Cedarville,2026,73,So.,LEFT,RIGHT,Harleysville,PA,Faith Christian
Chris Montes de Oca,Cedarville,2026,70,So.,LEFT,RIGHT,Rancho Cucamonga,CA,Etiwanda
Eli Henderson,Cedarville,2026,68,Jr.,LEFT,RIGHT,Clovis,CA,Clovis
Jackson Leaman,Cedarville,2026,73,Jr.,RIGHT,RIGHT,Christiana,PA,Octotara Area
Keaton Laidley,Central Arkansas,2026,74,Jr.,LEFT,RIGHT,Aledo,TX,Aledo High School
Parker Gwyn,Central Arkansas,2026,69,Jr.,RIGHT,RIGHT,Lafayette,LA,Acadiana High School
Landon Carter,Central Arkansas,2026,72,Fr.,RIGHT,RIGHT,Sherwood,AR,P27 Academy
Nathan Negre,Central Arkansas,2026,71,So.,RIGHT,RIGHT,Aurora,MO,
Jagger Schattle,Central Arkansas,2026,73,Sr.,LEFT,LEFT,Richardson,TX,
Zeb Allen,Central Arkansas,2026,71,Jr.,LEFT,LEFT,Fort Smith,AR,
Mark Ross II,Central Arkansas,2026,73,So.,RIGHT,RIGHT,Springfield,MO,
Jack Runsick,Central Arkansas,2026,74,So.,RIGHT,RIGHT,Greenbrier,AR,Greenbrier High School
Zane Denton,Central Arkansas,2026,72,Jr.,RIGHT,RIGHT,Berry Creek,CA,Las Plumas High School
Zach Adams,Central Arkansas,2026,81,Jr.,BOTH,RIGHT,Fayetteville,AR,Fayetteville High School
Keon Moseni,Central Arkansas,2026,72,Sr.,LEFT,RIGHT,Mitchell/Ontario,Canada,
Noah Goodshield,Central Arkansas,2026,71,Sr.,RIGHT,RIGHT,,,
Casey Shipley,Central Arkansas,2026,75,Sr.,RIGHT,RIGHT,Farmington,AR,
Sam Reynolds,Central Arkansas,2026,75,Jr.,RIGHT,RIGHT,Hattieville,AR,Wonderview HS
Jayden Sloan,Central Arkansas,2026,69,Fr.,LEFT,LEFT,Sherwood,AR,Sylvan Hills High School
Kade Seldomridge,Central Arkansas,2026,69,Sr.,RIGHT,RIGHT,Rogers,AR,
Caide White,Central Arkansas,2026,72,So.,RIGHT,RIGHT,Republic,MO,
Hunter Alexander,Central Arkansas,2026,71,Sr.,RIGHT,RIGHT,Bigelow,AR,
Silas Cowgill,Central Arkansas,2026,72,Sr.,RIGHT,RIGHT,Texarkana,TX,Redwater HS
JB Williams,Central Arkansas,2026,74,Jr.,RIGHT,RIGHT,Nesbit,MS,Northpoint Christian School
Patrick Fernandez,Central Arkansas,2026,74,Jr.,RIGHT,RIGHT,Irvine,CA,Benicia High School
Jake Jones,Central Arkansas,2026,70,Jr.,RIGHT,RIGHT,Springdale,AR,
Denver Hamilton,Central Arkansas,2026,72,Jr.,RIGHT,RIGHT,Red Oak,OK,Red Oak School
Jacob Pannell,Central Arkansas,2026,73,Sr.,RIGHT,RIGHT,Fayetteville,AR,
Austin Jones,Central Arkansas,2026,70,Jr.,RIGHT,RIGHT,Springdale,AR,
Kannon Nesslage,Central Arkansas,2026,80,Sr.,RIGHT,RIGHT,Saint Charles,MO,Kirkwood HS
Samuel Curtis,Central Arkansas,2026,72,Jr.,RIGHT,LEFT,Corinth,MS,Corinth High School
Braxton Haywood,Central Arkansas,2026,76,So.,RIGHT,RIGHT,Rogers,AR,Rogers HS
Luke Lorence,Central Arkansas,2026,72,So.,RIGHT,RIGHT,Little Rock,AR,
Caden Meeler,Central Arkansas,2026,72,Fr.,RIGHT,RIGHT,Morrilton,AR,Morrilton High School
Nicholas French,Central Arkansas,2026,74,So.,RIGHT,RIGHT,Greenbrier,AR,Saint Joseph School
Spencer Verburg,Central Michigan,2026,74,Sr.,RIGHT,RIGHT,Grandville,MI,Grandville
Jonathan Fleaka,Central Michigan,2026,70,Fr.,RIGHT,RIGHT,Kildeer,IL,Lake Zurich / Illinois - Chicago
Logan Keilen,Central Michigan,2026,72,Fr.,RIGHT,RIGHT,Saint Johns,MI,Saint Johns High School
Cole Prout,Central Michigan,2026,74,Sr.,LEFT,LEFT,Standish,MI,Standing-Sterling Central
Harrison Bowman,Central Michigan,2026,73,Jr.,RIGHT,RIGHT,Owensboro,KY,Apollo / Troy
Nathan Ball,Central Michigan,2026,76,Jr.,LEFT,RIGHT,Bay City,MI,Bay City John Glenn / Eastern Michigan
Joey Milto,Central Michigan,2026,73,Sr.,LEFT,RIGHT,Greenwood,IN,Roncalli / Bellarmine
Brady Krzciok,Central Michigan,2026,75,Sr.,LEFT,RIGHT,Clarkston,MI,Clarkston / Macomb CC
Zach Knowlton,Central Michigan,2026,68,Sr.,RIGHT,RIGHT,Olathe,KS,Spring Hill
Bryson Webb,Central Michigan,2026,71,Jr.,RIGHT,RIGHT,De Pere,WI,De Pere
Miguel Correa,Central Michigan,2026,71,So.,RIGHT,RIGHT,Avon,IN,Avon / Thomas More
Drew Loikits,Central Michigan,2026,73,So.,RIGHT,RIGHT,South Haven,MI,St. Joseph / Wofford
Cayden Smith,Central Michigan,2026,70,So.,RIGHT,RIGHT,Lake Isabella,MI,Beal City
Rees Campanale,Central Michigan,2026,74,Sr.,RIGHT,RIGHT,Longwood,FL,Lyman / Rochester Comm - Technical College
Cameron Niehaus,Central Michigan,2026,75,Fr.,RIGHT,RIGHT,Canton,MI,Divine Child
Jared Hanson,Central Michigan,2026,75,Jr.,RIGHT,RIGHT,Escanaba,MI,Escanaba
Hayden Bailey,Central Michigan,2026,76,Sr.,RIGHT,RIGHT,Davison,MI,Davison / Madonna
Gavin Moczydlowsky,Central Michigan,2026,73,Jr.,RIGHT,RIGHT,New Boston,MI,New Boston Huron / Michigan State
Jack Griffiths,Central Michigan,2026,78,So.,RIGHT,RIGHT,Traverse City,MI,Traverse City West / Butler
Liam Stumpf,Central Michigan,2026,72,Sr.,RIGHT,RIGHT,Dodgeville,WI,Mineral Point / Madison College
Jake Brown,Central Michigan,2026,75,Jr.,LEFT,RIGHT,Rockford,MI,Rockford
Tyson Potts,Central Michigan,2026,74,Sr.,RIGHT,RIGHT,Prescott,AZ,Prescott / Wayland Baptist
Luke Neiswonger,Central Michigan,2026,74,Fr.,RIGHT,RIGHT,Fort Wayne,IN,Homestead
Jack Potteiger,Central Michigan,2026,77,Sr.,LEFT,LEFT,High Ridge,MO,Rockwood Summit / Eastern Illinois
Nate Ross,Central Michigan,2026,73,Sr.,RIGHT,RIGHT,Jenison,MI,Jenison / Kellogg CC
Mitch Tarnowski,Central Michigan,2026,75,Fr.,LEFT,LEFT,Independence,OH,Saint Ignatius
Max Hammond,Central Michigan,2026,73,So.,RIGHT,LEFT,Reed City,MI,Reed City
Kenny Keller,Central Michigan,2026,71,Sr.,LEFT,LEFT,Tampa,FL,Thomas R. Robinson / East Tennessee State
Carter Campau,Central Michigan,2026,74,Jr.,RIGHT,RIGHT,Midland,MI,Bullock Creek
Aaron Lopez,Centre,2026,69,Sr.,RIGHT,RIGHT,,,
Ayden Lohr,Centre,2026,74,Jr.,RIGHT,RIGHT,,,
Evan Rygalski,Centre,2026,72,So.,RIGHT,RIGHT,,,
Chase Austin,Centre,2026,73,Sr.,LEFT,RIGHT,,,
Graham Johnson,Centre,2026,74,Jr.,RIGHT,RIGHT,,,
Evan Weyler,Centre,2026,77,Sr.,RIGHT,RIGHT,,,
Andrew Zimmerman,Centre,2026,77,So.,RIGHT,RIGHT,,,
Zach Heavern,Centre,2026,74,Sr.,RIGHT,RIGHT,,,
Isaac Rone,Centre,2026,71,So.,RIGHT,RIGHT,,,
Luke Bradley,Chapman,2026,77,Jr.,RIGHT,RIGHT,,,
Mason Reising,Charleston Southern,2026,74,So.,RIGHT,RIGHT,Granite Falls,NC,South Caldwell HS
Alex Marot,Charleston Southern,2026,75,So.,RIGHT,RIGHT,Johnston,RI,The Winchendon School
Blake Edgmon,Charleston Southern,2026,75,Sr.,RIGHT,RIGHT,Bakersfield,CA,Frontier HS
Tyler Wright,Charleston Southern,2026,72,So.,RIGHT,RIGHT,Holly Hill,SC,Holly Hill Academy
Garrison Barile,Charleston Southern,2026,74,Jr.,RIGHT,RIGHT,Greenwood,IN,Center Grove
Kain Collins,Charleston Southern,2026,70,Sr.,LEFT,RIGHT,Kingston,TN,Roane County HS
Nathan Martinez,Charleston Southern,2026,74,Sr.,RIGHT,RIGHT,Murrieta,CA,Vista Murrieta HS
Chandler Tuupo,Charleston Southern,2026,73,Sr.,LEFT,LEFT,Issaquah,WA,Issaquah HS
Gavin Speirs,Charleston Southern,2026,72,Jr.,LEFT,RIGHT,Westminster,CO,Broomfield High School
Cross Yarborough,Charleston Southern,2026,72,Fr.,RIGHT,RIGHT,Aiken,SC,P27 Academy
Caden Wolfley,Charleston Southern,2026,72,Fr.,LEFT,LEFT,Beaver Springs,PA,Midd-West HS
Lucas Pringle,Charleston Southern,2026,73,Sr.,LEFT,RIGHT,Shawnee,KS,Mill Valley HS
Ethan Reader,Charleston Southern,2026,72,Jr.,RIGHT,RIGHT,San Francisco,CA,Inspiration Academy
John Emendorfer,Charleston Southern,2026,72,So.,RIGHT,RIGHT,Cleveland,TN,Baylor School
Ean Czech,Charleston Southern,2026,76,Jr.,RIGHT,RIGHT,Downers Grove,IL,Downers Grove North High School
Matthew Gallant,Charleston Southern,2026,76,So.,LEFT,LEFT,Folsom,CA,Sheldon HS
Christian Krause,Charleston Southern,2026,75,Sr.,RIGHT,RIGHT,Matawan,NJ,Old Bridge HS
Aydan Smith,Charleston Southern,2026,73,Fr.,RIGHT,RIGHT,Midlothian,VA,Monacan HS
Jack Bunnell,Charleston Southern,2026,70,Sr.,RIGHT,RIGHT,Irvine,CA,Woodbridge
Hayden Henry,Charleston Southern,2026,73,Sr.,RIGHT,RIGHT,Jacksonville,FL,Bartram Trail HS
Drew Dawson,Charleston Southern,2026,77,Jr.,RIGHT,RIGHT,Gainesville,FL,P K Yonge School
Tyler Henshaw,Charleston Southern,2026,70,Sr.,LEFT,LEFT,Brockport,NY,Brockport HS
Drew Brown,Charleston Southern,2026,70,So.,RIGHT,RIGHT,Sacramento,CA,Inderkum High School
Tristan Stephenson,Charleston Southern,2026,75,So.,RIGHT,RIGHT,Yardley,PA,Notre Dame HS
Zach Stichweh,Charleston Southern,2026,72,Jr.,RIGHT,RIGHT,Boonton,NJ,Don Bosco Prep
Brady Bickett,Charleston Southern,2026,70,Jr.,LEFT,LEFT,Rapid City,SD,Stevens High School
Hunter Porter,Charleston Southern,2026,76,Sr.,RIGHT,RIGHT,Parkland County,Canada,Vauxhall Academy
Kale Hopke,Charleston Southern,2026,74,Jr.,RIGHT,LEFT,Amery,WI,Amery
Bryson Huwar,Charleston Southern,2026,72,Jr.,RIGHT,RIGHT,Strattanville,PA,Clarion-limestone Area HS
Titus Von Kapff,Charleston Southern,2026,73,Jr.,RIGHT,RIGHT,Munich,Germany,Humboldt Vaterstetten
Corbin Payne,Charleston Southern,2026,73,Jr.,LEFT,LEFT,Battle Ground,IN,Harrison High School
Kayden Althoff,Charleston Southern,2026,76,Jr.,RIGHT,RIGHT,Teutopolis,IL,Teutopolis High School
Alec DeMartino,Charlotte,2026,75,Sr.,RIGHT,RIGHT,Raleigh,NC,Millbrook
Cody Gunderson,Charlotte,2026,76,Sr.,RIGHT,RIGHT,St. Malo,Canada,Institute College St. Pierre
Todd Hudson,Charlotte,2026,78,Sr.,LEFT,RIGHT,Lexington,SC,River Bluff
Dylan Koontz,Charlotte,2026,72,Sr.,LEFT,RIGHT,Huntersville,NC,Hough
Robert Nedry,Charlotte,2026,74,Jr.,LEFT,RIGHT,Lighthouse Point,FL,Westminister Academy
Spencer Nolan,Charlotte,2026,77,Sr.,RIGHT,RIGHT,Wilmington,NC,Hoggard
Dawson Bryce,Charlotte,2026,75,Jr.,RIGHT,RIGHT,Taunton,MA,Taunton
Adrian Jimenez,Charlotte,2026,70,So.,RIGHT,RIGHT,Lilburn,GA,Parkview
Cale Stricklin,Charlotte,2026,70,Jr.,RIGHT,RIGHT,Watkinsville,GA,North Oconee
Aaron Orozco,Charlotte,2026,74,Fr.,RIGHT,RIGHT,West Palm Beach,FL,Saint Andrews School
Johnny Sutryk,Charlotte,2026,73,Jr.,RIGHT,RIGHT,Virginia Beach,VA,IMG Academy
Juan Rivera,Charlotte,2026,67,Sr.,LEFT,RIGHT,Mission,TX,Sharyland Pioneer
Carson Bayne,Charlotte,2026,71,Sr.,RIGHT,RIGHT,Jacksonville,FL,Sandalwood
Walker Morgan,Charlotte,2026,79,Jr.,LEFT,RIGHT,Montgomery,AL,Homelife Academy
Chase Carson,Charlotte,2026,76,Sr.,LEFT,LEFT,Topeka,KS,Shawnee Heights
Andrew Kribbs,Charlotte,2026,72,Sr.,RIGHT,RIGHT,Knoxville,TN,CAK
Adam Stanton,Charlotte,2026,75,Sr.,RIGHT,RIGHT,Eagan,MN,Eagan
Eddie Copper,Charlotte,2026,74,Jr.,RIGHT,RIGHT,Ivyland,PA,P27 Academy
Joseph Taylor,Charlotte,2026,71,Jr.,RIGHT,RIGHT,Apex,NC,Pro 5 Baseball Academy
Ryan Combs,Charlotte,2026,75,Sr.,RIGHT,RIGHT,Sarasota,FL,Lakewood Ranch
AJ Camp,Charlotte,2026,73,Jr.,BOTH,LEFT,Stallings,NC,Combine Academy
Sebastian Perez,Charlotte,2026,77,Sr.,RIGHT,RIGHT,Southwest Ranches,FL,West Broward
Wesley Jones,Charlotte,2026,76,Jr.,RIGHT,RIGHT,Charlotte,NC,Charlotte Christian
Jaden Winter,Charlotte,2026,77,Sr.,RIGHT,RIGHT,Apex,NC,Pro5 Baseball Academy
Drew Munn,Charlotte,2026,74,Sr.,RIGHT,RIGHT,Huntington,NY,Cold Spring Harbor
Chayse Oxborrow,Charlotte,2026,73,Jr.,RIGHT,LEFT,Preston,ID,Preston High School
Hunter Sloop,Charlotte,2026,79,Sr.,RIGHT,RIGHT,Mount Pleasant,NC,P27
Adam Baker,Charlotte,2026,78,Jr.,RIGHT,RIGHT,Knoxville,TN,Hardin Valley Academy
Corey Savedoff,Chicago,2026,73,Sr.,RIGHT,RIGHT,New City,NY,Clarkstown North
Quinton Coats,Cincinnati,2026,75,So.,RIGHT,RIGHT,Olathe,KS,Olathe South
Jack Natili,Cincinnati,2026,75,Jr.,RIGHT,RIGHT,Pittsburgh,PA,Peters Twp.
Ryan Tyranski,Cincinnati,2026,76,Fr.,LEFT,RIGHT,Birmingham,MI,Brother Rice
Enzo Infelise,Cincinnati,2026,74,Fr.,RIGHT,RIGHT,Joliet,IL,Providence Catholic
Derrick Pitts,Cincinnati,2026,74,So.,RIGHT,RIGHT,Saint Louis,MO,Christian Brothers College
Jackson Smith,Cincinnati,2026,72,So.,LEFT,RIGHT,Channahon,IL,Providence Catholic
Cal Sefcik,Cincinnati,2026,72,Jr.,RIGHT,RIGHT,Palos Heights,IL,Marist
Parker McDaniels,Cincinnati,2026,73,So.,RIGHT,RIGHT,Delaware,OH,Olentangy Berlin
Charlie Niehaus,Cincinnati,2026,70,Jr.,RIGHT,RIGHT,West Chester,OH,Archbishop Moeller
Conlan Daniel,Cincinnati,2026,72,So.,RIGHT,RIGHT,Cincinnati,OH,Moeller
Christian Mitchelle,Cincinnati,2026,71,Sr.,RIGHT,RIGHT,Romeoville,IL,Plainfield East
Jackson Reardon,Cincinnati,2026,75,Fr.,RIGHT,RIGHT,Hebron,KY,Covington Catholic
Luke Sefcik,Cincinnati,2026,70,Sr.,RIGHT,RIGHT,Palos Heights,IL,Marist
Joe DuSell,Cincinnati,2026,74,Fr.,LEFT,LEFT,Elgin,IL,St. Edward Central Catholic
Carson Marsh,Cincinnati,2026,70,Jr.,RIGHT,RIGHT,West Chester,OH,Archbishop Moeller
Alex Gonzalez,Cincinnati,2026,72,Fr.,RIGHT,RIGHT,Mclean,VA,McLean
Logan Knight,Cincinnati,2026,78,Sr.,RIGHT,RIGHT,London,Canada,Sir Wilfred Laurier
Nathan Taylor,Cincinnati,2026,76,Jr.,LEFT,RIGHT,Amelia,OH,West Clermont
Adam Buczkowski,Cincinnati,2026,74,So.,RIGHT,RIGHT,Carmel,IN,Carmel
Joel Pineiro,Cincinnati,2026,73,Sr.,RIGHT,RIGHT,Miami,FL,Westminister Christian
Chad Brown,Cincinnati,2026,78,Fr.,RIGHT,RIGHT,Hemlock,MI,Hemlock
Brennan Eager,Cincinnati,2026,74,So.,LEFT,LEFT,West Monroe,LA,West Monroe
Hudson Johnson,Cincinnati,2026,73,So.,LEFT,LEFT,Prior Lake,MN,Prior Lake
Dominic Mauro,Cincinnati,2026,73,Jr.,RIGHT,RIGHT,Lapeer,MI,Davison
Connor Blue,Cincinnati,2026,75,Fr.,RIGHT,RIGHT,O Fallon,IL,O Fallon Township High School
Dillon Schueler,Cincinnati,2026,74,Sr.,RIGHT,RIGHT,Rock Falls,IL,Rock Falls
Adam Brouwer,Cincinnati,2026,73,Sr.,RIGHT,RIGHT,Tinley Park,IL,Chicago Christian
Charlie Dieruf,Cincinnati,2026,73,So.,RIGHT,RIGHT,Hebron,KY,Covington Catholic
Brenden Garula,Cincinnati,2026,72,Jr.,RIGHT,LEFT,Mason,OH,Mason
Brendin Oliver,Cincinnati,2026,75,So.,RIGHT,RIGHT,Mooresville,IN,Mooresville
Daniel Young,Claflin,2026,75,So.,RIGHT,RIGHT,Macon,GA,Warner Robins High
Nate Savoie,Clemson,2026,72,So.,RIGHT,RIGHT,Newport Beach,CA,Orange Lutheran HS
Jarren Purify,Clemson,2026,70,Jr.,RIGHT,RIGHT,Detroit,MI,University Liggett School
Luke Gaffney,Clemson,2026,73,Jr.,RIGHT,RIGHT,Danville,KY,Boyle County HS
Jacob Jarrell,Clemson,2026,72,Sr.,RIGHT,RIGHT,Florence,SC,P27 Academy
Tryston McCladdie,Clemson,2026,71,Jr.,LEFT,RIGHT,Harlem,GA,Harlem HS
Jack Crighton,Clemson,2026,75,Sr.,RIGHT,RIGHT,Rochester Hills,MI,Orchard Lake St. Mary's Preparatory
Tyler Lichtenberger,Clemson,2026,72,So.,LEFT,RIGHT,Boca Raton,FL,West Boca Raton Community HS
Bryce Clavon,Clemson,2026,70,So.,RIGHT,RIGHT,Stockbridge,GA,Kell HS
Jay Dillard,Clemson,2026,69,Jr.,RIGHT,RIGHT,Anderson,SC,T.L. Hanna HS
Jason Fultz,Clemson,2026,72,Fr.,RIGHT,RIGHT,Harborcreek,PA,P27 (S.C.) Academy
Jackson Moore,Clemson,2026,69,Fr.,LEFT,RIGHT,Hartsville,SC,Hartsville HS
Ty Dalley,Clemson,2026,75,Sr.,LEFT,RIGHT,Vidalia,GA,Vidalia HS
Nathan Dvorsky,Clemson,2026,73,Sr.,RIGHT,RIGHT,Suwanee,GA,Lambert HS
Hayden Simmerson,Clemson,2026,74,Jr.,RIGHT,RIGHT,Salisbury,NC,Jesse C. Carson HS
Eston Simpson,Clemson,2026,77,Fr.,RIGHT,RIGHT,Jefferson,GA,Jefferson HS
Michael Sharman,Clemson,2026,73,Sr.,RIGHT,LEFT,Woodstock,GA,Etowah HS
Danny Nelson,Clemson,2026,73,Fr.,RIGHT,RIGHT,Hershey,PA,Hershey HS
Brendon Bennett,Clemson,2026,73,Fr.,LEFT,LEFT,Novi,MI,Novi HS
Ariston Veasey,Clemson,2026,73,Jr.,RIGHT,RIGHT,Peachtree City,GA,Starr's Mill HS
Noah Samol,Clemson,2026,79,Jr.,LEFT,LEFT,Mason,OH,Mason HS
Drew Titsworth,Clemson,2026,75,Jr.,LEFT,RIGHT,Frankenmuth,MI,Frankenmuth HS
Aidan Knaak,Clemson,2026,73,Jr.,RIGHT,RIGHT,Fort Myers,FL,Bishop Verot Catholic HS
Justin LeGuernic,Clemson,2026,76,Jr.,RIGHT,LEFT,Dix Hills,NY,Half Hollow Hills HS West
Dylan Harrison,Clemson,2026,77,Fr.,LEFT,RIGHT,Fontana,CA,Summit High School
Dion Brown,Clemson,2026,70,So.,RIGHT,RIGHT,York,SC,Lewisville HS
Landon Fowler,Clemson,2026,75,Fr.,RIGHT,RIGHT,Easley,SC,Powdersville HS
Joe Allen,Clemson,2026,75,Sr.,RIGHT,RIGHT,Hampton Falls,NH,Winnacunnet HS
Talan Bell,Clemson,2026,70,So.,LEFT,LEFT,Oviedo,FL,Hagerty HS
Dane Moehler,Clemson,2026,74,So.,RIGHT,RIGHT,Marietta,GA,Walton HS
Peyton Miller,Clemson,2026,76,Fr.,RIGHT,RIGHT,Phoenix,MD,IMG (Fla.) Academy
Cruz Harlan,Coastal Carolina,2026,69,So.,BOTH,RIGHT,Centralia,IL,Centralia High School
Trace Mazon,Coastal Carolina,2026,72,Jr.,RIGHT,RIGHT,Aledo,TX,Aledo High School
Rex Watson,Coastal Carolina,2026,71,So.,LEFT,LEFT,Manteca,CA,Manteca
Dean Mihos,Coastal Carolina,2026,69,Sr.,RIGHT,RIGHT,Chester Springs,PA,Owen J. Roberts
Brice Estep,Coastal Carolina,2026,70,Jr.,RIGHT,RIGHT,Fort Mitchell,KY,P27 Academy
Jordan Taylor,Coastal Carolina,2026,73,Jr.,RIGHT,RIGHT,Jacksonville,FL,St. Johns Country Day School
Walker Mitchell,Coastal Carolina,2026,71,Jr.,RIGHT,RIGHT,Lexington,SC,River Bluff
Blake Barthol,Coastal Carolina,2026,69,Sr.,LEFT,RIGHT,Allentown,PA,Parkland
Jackson Winer,Coastal Carolina,2026,75,Fr.,LEFT,LEFT,Daniel Island,SC,Bishop England High School
Domenico Tozzi,Coastal Carolina,2026,70,So.,RIGHT,RIGHT,Camp Hill,PA,Camp Hill
Ty Barrango,Coastal Carolina,2026,73,Sr.,RIGHT,RIGHT,San Mateo,CA,Aragon
Blagen Pado,Coastal Carolina,2026,70,So.,RIGHT,RIGHT,Haymarket,VA,Highland
Colby Thorndyke,Coastal Carolina,2026,72,So.,LEFT,RIGHT,Fairmont,NC,Fairmont
Brayden Horton,Coastal Carolina,2026,72,Jr.,LEFT,RIGHT,Sayre,PA,
Cole Chamberlain,Coastal Carolina,2026,74,So.,LEFT,RIGHT,Novato,CA,San Marin
Phillip Ard,Coastal Carolina,2026,75,Sr.,RIGHT,RIGHT,Cochran,GA,
Cameron Flukey,Coastal Carolina,2026,78,Jr.,RIGHT,RIGHT,Egg Harbor Township,NJ,Egg Harbor
Daniel Parker,Coastal Carolina,2026,72,Fr.,BOTH,RIGHT,Hartsville,SC,The South Carolina Preparatory Academy
Jackson Smallets,Coastal Carolina,2026,76,Fr.,RIGHT,RIGHT,Sicklerville,NJ,Gloucester Catholic HS
Ross Norman,Coastal Carolina,2026,79,Jr.,RIGHT,RIGHT,Ringgold,GA,Ringgold
Colby Richardson,Coastal Carolina,2026,70,Fr.,LEFT,LEFT,Mullins,SC,Pee Dee Academy
Ryan Lynch,Coastal Carolina,2026,76,Sr.,RIGHT,RIGHT,Snohomish,WA,Monroe
Scott Doran,Coastal Carolina,2026,76,So.,RIGHT,RIGHT,Erdenheim,PA,The William Penn Charter School
Darin Horn,Coastal Carolina,2026,76,Sr.,RIGHT,RIGHT,Bluffton,SC,May River
Luke Jones,Coastal Carolina,2026,70,So.,RIGHT,RIGHT,Greenville,SC,JL Mann
Case Bosch,Coastal Carolina,2026,77,Fr.,LEFT,LEFT,Grandville,MI,Jenison Innovation Academy
Jaxon Appelman,Coastal Carolina,2026,73,So.,RIGHT,RIGHT,Edison,NJ,Edison
Connor Kane,Coastal Carolina,2026,73,Sr.,RIGHT,RIGHT,Wilmington,NC,Laney
Kellen Karr,Coastal Carolina,2026,78,Fr.,LEFT,LEFT,Lincolnton,NC,North Lincoln High School
Luke Peterson,Coker,2026,71,Jr.,RIGHT,RIGHT,Lithia,FL,Newsome HS
Casey Cleghorn,Coker,2026,72,Jr.,LEFT,LEFT,Boca Raton,FL,Boca HS
Dylan Johnson,College of Charleston,2026,73,Sr.,RIGHT,RIGHT,Lexington,SC,White Knoll HS
Brent Gibbs,College of Charleston,2026,67,Jr.,BOTH,RIGHT,Columbia,SC,Spring Valley HS
Will Tippett,College of Charleston,2026,73,Sr.,RIGHT,RIGHT,Stone Mountain,GA,St. Pius X HS
Reece Holbrook,College of Charleston,2026,72,Sr.,LEFT,RIGHT,Mount Pleasant,SC,Hammond
Alex Lacoste,College of Charleston,2026,76,So.,RIGHT,RIGHT,Simpsonville,SC,Hillcrest
Braeden Smith,College of Charleston,2026,72,Jr.,LEFT,RIGHT,Statham,GA,North Oconee
Ethan Plyler,College of Charleston,2026,72,Sr.,RIGHT,RIGHT,Lexington,SC,
Jacob Amman,College of Charleston,2026,74,Fr.,RIGHT,RIGHT,Charleston,SC,James Island Charter HS
Jackson Berini,College of Charleston,2026,70,So.,LEFT,RIGHT,Durham,NC,Orange
Nick Diaz,College of Charleston,2026,77,Fr.,RIGHT,RIGHT,Parkland,FL,Marjory Stoneman Douglas HS
Stow Rogers,College of Charleston,2026,74,Fr.,RIGHT,RIGHT,Charleston,SC,James Island Charter HS
Landon Penfield,College of Charleston,2026,73,So.,LEFT,RIGHT,Blythewood,SC,Blythewood
Payton Frehner,College of Charleston,2026,72,Sr.,RIGHT,RIGHT,Waukesha,WI,
Will Burgess,College of Charleston,2026,75,Fr.,RIGHT,RIGHT,Lexington,SC,Lexington High School
Austin Wiegandt,College of Charleston,2026,72,Fr.,RIGHT,RIGHT,Miami,FL,Westminster Christian School
Kurt Rogers,College of Charleston,2026,75,Sr.,RIGHT,RIGHT,Westminster,SC,West Oak
Carson Bryant,College of Charleston,2026,72,Jr.,RIGHT,RIGHT,Perry,GA,Perry
Jace Stancil,College of Charleston,2026,75,Fr.,RIGHT,RIGHT,Charleston,SC,The South Carolina Preparatory Academy
Parker Sweeney,College of Charleston,2026,72,So.,LEFT,LEFT,Hagerstown,MD,St. Maria Goretti Catholic
Alex Lyon,College of Charleston,2026,72,Sr.,RIGHT,RIGHT,Columbia,SC,White Knoll HS
Carter Harrington,College of Charleston,2026,76,Fr.,RIGHT,RIGHT,Columbia,SC,A C Flora High School
Ryan Hench,College of Charleston,2026,74,So.,RIGHT,RIGHT,Hillsborough,NC,Orange
Conner Frail,College of Charleston,2026,76,Jr.,RIGHT,RIGHT,Winston Salem,NC,R J Reynolds High School
Kaden Myers,College of Charleston,2026,73,Fr.,RIGHT,RIGHT,Prosperity,SC,Mid Carolina High School
Drew Medley,College of Charleston,2026,74,So.,RIGHT,RIGHT,Gaffney,SC,
Kevin Samonsky,College of Charleston,2026,72,So.,RIGHT,RIGHT,Irmo,SC,Dutch Fork
Hayden Thomas,College of Charleston,2026,72,Jr.,LEFT,LEFT,Lexington,SC,Brookland-Cayce HS
Kevin Steelman,College of Charleston,2026,77,Jr.,RIGHT,RIGHT,Columbia,SC,Blythewood HS
Davis Aiken,College of Charleston,2026,70,Sr.,RIGHT,RIGHT,Simpsonville,SC,Mauldin HS
Sean McCabe,College of Charleston,2026,74,Fr.,RIGHT,RIGHT,Fairfax,VA,St. John's College High School
Cole Fellows,Columbia,2026,73,Sr.,LEFT,RIGHT,Clovis,CA,Clovis North
Jimmy Chadwell,Columbia,2026,74,So.,RIGHT,RIGHT,Longmeadow,MA,Loomis Chaffee
Jack Kail,Columbia,2026,68,Sr.,LEFT,RIGHT,McMurray,PA,Peters Township
Anthony Temesvary,Columbia,2026,71,So.,RIGHT,RIGHT,Los Angeles,CA,El Segundo
Hunter Snyder,Columbia,2026,72,Jr.,LEFT,RIGHT,Saint John,IN,Lake Central
Owen Estabrook,Columbia,2026,73,Jr.,RIGHT,RIGHT,Santa Barbara,CA,San Marcos
Tate Vogler,Columbia,2026,75,So.,LEFT,RIGHT,Clemmons,NC,Westchester Country Day School
Jackson Brewer,Columbia,2026,75,So.,LEFT,LEFT,Mequon,WI,Homestead
Charlie Slabaugh,Columbia,2026,72,Fr.,LEFT,LEFT,Lexington,KY,Sayre School
Ben Fishel,Columbia,2026,71,So.,RIGHT,RIGHT,Tappan,NY,Tappan Zee
Lucas Jackson,Columbia,2026,74,Jr.,LEFT,RIGHT,Fort Smith,AR,Southside
Ben Seminara,Columbia,2026,73,Sr.,RIGHT,RIGHT,Jupiter,FL,Choate
Alex Sotiropoulos,Columbia,2026,76,So.,RIGHT,RIGHT,Tampa,FL,Tampa Catholic
Evan Kleinhans,Columbia,2026,76,Sr.,RIGHT,RIGHT,Berkeley,CA,St. Mary's
Thomas Santana,Columbia,2026,73,Sr.,RIGHT,RIGHT,Millburn,NJ,Pingry School
Baylor Hicks,Columbia,2026,75,Jr.,RIGHT,RIGHT,Cumming,GA,South Forsyth
Brendan Murphy,Columbia,2026,72,So.,LEFT,LEFT,Naples,FL,Naples
Payton Soske,Columbia,2026,76,Jr.,RIGHT,RIGHT,Barrington,IL,Barrington
Will Harrigan,Columbia,2026,70,Jr.,RIGHT,RIGHT,Syracuse,NY,Christian Brothers Academy
Ray Huke,Columbia,2026,74,So.,RIGHT,RIGHT,Potomac,MD,Georgetown Preparatory
Jack Korthas,Columbia,2026,73,Fr.,LEFT,LEFT,Trophy Club,TX,Byron Nelson High School
Tomas Lopez,Columbia,2026,75,Jr.,RIGHT,RIGHT,Redondo Beach,CA,Redondo Union
Daniel Mills,Columbia,2026,76,So.,RIGHT,RIGHT,Northern Beaches,New South Wales (Australia),St. Augustine's College (Australia)
Jake Taylor,Columbia,2026,75,Fr.,RIGHT,RIGHT,Belmont,MA,Boston College High School
Koby Seelig,Columbia,2026,74,Fr.,RIGHT,RIGHT,Boston,MA,Img Academy
Warrick Wilmot,Columbus State,2026,75,Sr.,LEFT,RIGHT,Panama City,FL,
Cayden Evans,Columbus State,2026,75,Sr.,LEFT,RIGHT,Largo,FL,
Luke Miller,Columbus State,2026,72,So.,LEFT,LEFT,Cartersville,GA,
Cole Eison,Columbus State,2026,70,Jr.,LEFT,RIGHT,Winston,GA,
Corey Berry,Columbus State,2026,72,Jr.,LEFT,RIGHT,Acworth,GA,East Paulding
Tucker Starling,Columbus State,2026,73,Sr.,RIGHT,RIGHT,Hogansville,GA,
Connor Folds,Columbus State,2026,72,Jr.,RIGHT,RIGHT,Columbus,GA,Calvary Christian
Bailey Thorne,Columbus State,2026,72,So.,RIGHT,RIGHT,Phenix City,AL,
Wyatt Madison,Concordia Irvine,2026,71,Jr.,LEFT,LEFT,,,
Isaiah Walz,Concordia Irvine,2026,70,Jr.,RIGHT,RIGHT,Yucaipa,CA,Yucaipa
Jackson Marshall,Connecticut,2026,80,Fr.,RIGHT,RIGHT,Hooksett,NH,Pinkerton
Camden Righi,Connecticut,2026,,Fr.,LEFT,RIGHT,Wethersfield,CT,Wethersfield High School
Chris Polemeni,Connecticut,2026,72,So.,RIGHT,RIGHT,Staten Island,NY,St. Peter's Boys'
Bryce Detwiler,Connecticut,2026,,Fr.,RIGHT,RIGHT,Shillington,PA,Governor Mifflin School Dist
Anthony Belisario,Connecticut,2026,,So.,RIGHT,RIGHT,,,
Nater Wachter,Connecticut,2026,76,So.,RIGHT,RIGHT,Concord,NH,Concord
Robert Rispoli,Connecticut,2026,70,Jr.,RIGHT,RIGHT,Staten Island,NY,
Maddix Dalena,Connecticut,2026,75,Sr.,,,Montoursville,PA,
Tyler Minick,Connecticut,2026,72,Jr.,RIGHT,RIGHT,Reading,PA,
Chris Cancel,Connecticut,2026,72,So.,RIGHT,RIGHT,Staten Island,NY,TNXL Academy
Chase Taylor,Connecticut,2026,,Jr.,,,Concord,CA,Concord High School
Evan Menzel,Connecticut,2026,69,So.,LEFT,RIGHT,,,
Gabriel Tirado,Connecticut,2026,,So.,LEFT,RIGHT,,,
Steve Thomas,Connecticut,2026,72,Sr.,RIGHT,RIGHT,Chadds Ford,PA,Unionville
Peyton Jemison,Connecticut,2026,72,So.,RIGHT,RIGHT,Monroe,NY,Monroe Woodbury
Connor Lane,Connecticut,2026,,So.,RIGHT,RIGHT,Old Saybrook,CT,
Charles West,Connecticut,2026,71,Jr.,,LEFT,South Setauket,NY,
Greg Shaw,Connecticut,2026,75,Jr.,,,Cornwall On Hudson,NY,Cornwall Central
Garret Garbinski,Connecticut,2026,71,Jr.,,,Clinton,CT,The Morgan School
Paxton Meyers,Connecticut,2026,72,Sr.,RIGHT,RIGHT,West Nyack,NY,Clarkstown South
Cayden Suchy,Connecticut,2026,,So.,LEFT,LEFT,,,
Frank Spirito IV,Connecticut,2026,72,Jr.,,RIGHT,Bristol,CT,
Charlie Hale,Connecticut,2026,,Jr.,,,,,
Sean Finn,Connecticut,2026,69,Jr.,RIGHT,RIGHT,Warrington,PA,
Austin Trumpour,Connecticut,2026,75,Sr.,,RIGHT,Jensen Beach,FL,Jensen Beach
Oliver Pudvar,Connecticut,2026,71,So.,,,Shelburne,VT,Champlain Valley Union
Joseph Talarico,Connecticut,2026,,Jr.,RIGHT,RIGHT,Goleta,CA,Dos Pueblos High School
Evan Hamberger,Connecticut,2026,,Sr.,LEFT,LEFT,,,
Robbie Gilchrist,Connecticut,2026,75,Sr.,RIGHT,RIGHT,,,
Drew Smith,Connecticut,2026,,So.,RIGHT,RIGHT,,,
Tristan Aasland,Connecticut,2026,,Jr.,,,Snoqualmie,WA,Mount SI High School
JT Caruso,Connecticut,2026,74,So.,LEFT,LEFT,Mount Sinai,NY,Mount Sinai
Kyle Peters,Connecticut,2026,72,Jr.,,RIGHT,Hazleton,PA,
Nelson Grajales,Coppin State,2026,73,Jr.,RIGHT,RIGHT,Odenton,MD,Arundel Senior High School
Jordan Treadwell,Coppin State,2026,72,Jr.,LEFT,RIGHT,Temecula,CA,Murrieta Valley High School
Agustin Murillo,Coppin State,2026,66,Jr.,RIGHT,RIGHT,Linthicum Heights,MD,North County High School
Marcus Sanders,Coppin State,2026,73,Sr.,RIGHT,RIGHT,Tucson,AZ,Catalina Foothills HS
AJ Hurtado,Coppin State,2026,70,Jr.,RIGHT,RIGHT,Riverside,CA,Ramona High School
Emilio Feliciano,Coppin State,2026,70,Jr.,RIGHT,RIGHT,Auburn,WA,Auburn Mountainview HS
Angel Garcia,Coppin State,2026,72,Fr.,RIGHT,RIGHT,Miami,FL,True North Classical Academy HS
Terrell Milliner,Coppin State,2026,72,Jr.,RIGHT,RIGHT,Fairburn,GA,Unknown School
Noah Hogan,Coppin State,2026,70,So.,LEFT,LEFT,Macungie,PA,Emmaus HS
Bryce Thompson,Coppin State,2026,72,Sr.,RIGHT,RIGHT,Upper Marlboro,MD,Bishop McNamara HS
Pranav Sundar,Coppin State,2026,74,Sr.,RIGHT,RIGHT,San Ramon,CA,
Kenan Harvey,Coppin State,2026,77,Jr.,RIGHT,RIGHT,Gilbert,AZ,Williams Field High School
Pedro Agosto,Coppin State,2026,71,Jr.,RIGHT,RIGHT,Deland,FL,Sunshine State Elite Academy
Edwin Sanchez Jr.,Coppin State,2026,73,So.,LEFT,LEFT,Tuckahoe,NY,The Harvey School
Jackson Montgomery,Coppin State,2026,72,Jr.,RIGHT,RIGHT,Gary,IN,Bishop Noll Institute
Jack Joyce,Coppin State,2026,73,Jr.,RIGHT,RIGHT,Canby,OR,
Luke Corcoran,Coppin State,2026,72,Sr.,LEFT,LEFT,Middletown,NJ,
Jake Cumming,Coppin State,2026,76,So.,RIGHT,RIGHT,Fernley,NV,Fernley HS
Aaden Lopez,Coppin State,2026,71,Fr.,RIGHT,RIGHT,Reading,PA,Muhlenberg High School
Brandon Stephens,Coppin State,2026,75,Jr.,RIGHT,RIGHT,Decatur,GA,Decatur HS
Abel Ortiz,Coppin State,2026,70,Fr.,RIGHT,LEFT,Queens,NY,Richmond Hill High School
Dillion Kirksey,Coppin State,2026,74,Jr.,LEFT,RIGHT,Ridgefield,WA,Ridgefield High School
Nicco Holland,Coppin State,2026,70,Jr.,RIGHT,RIGHT,Odenton,MD,Mount Saint Joseph High School
Owen Carlson,Cornell,2026,71,Jr.,LEFT,RIGHT,Los Angeles,CA,Harvard-Westlake School
Kevin Hager,Cornell,2026,72,Jr.,RIGHT,RIGHT,Berkeley Heights,NJ,Delbarton School
Trent Lopez,Cornell,2026,70,Fr.,RIGHT,RIGHT,Chevy Chase,MD,Bethesda-Chevy Chase HS
Caden Wildman,Cornell,2026,75,Sr.,RIGHT,RIGHT,Woodbury,MN,East Ridge HS
Mason Barela,Cornell,2026,68,So.,RIGHT,RIGHT,Jupiter,FL,Jupiter HS
Jake Hower,Cornell,2026,72,Fr.,RIGHT,RIGHT,Erie,PA,McDowell HS
Tyler Beaulieu,Cornell,2026,73,So.,RIGHT,RIGHT,Berwyn,PA,Episcopal Academy
Caden Callaway,Cornell,2026,67,Fr.,RIGHT,RIGHT,Kingwood,TX,Kingwood High School
TJ Swidorski,Cornell,2026,72,Sr.,RIGHT,RIGHT,Woodbury,MN,East Ridge HS
Luke Johnson,Cornell,2026,73,Jr.,RIGHT,RIGHT,Coto De Caza,CA,Santa Margarita Catholic HS
Jayden Shin,Cornell,2026,74,So.,LEFT,RIGHT,Pennington,NJ,Hopewell Valley HS
Ryan Dillon,Cornell,2026,73,So.,RIGHT,RIGHT,Marlborough,MA,Marlborough HS
Aiden Barclay,Cornell,2026,75,Fr.,RIGHT,RIGHT,Dover,MA,Deerfield Academy
Troy Ashkinos,Cornell,2026,75,So.,RIGHT,RIGHT,Fairfield,CT,Trinity-Pawling
Ethan Hamill,Cornell,2026,75,Sr.,RIGHT,RIGHT,Chester,VA,Thomas Dale HS
John Hegarty,Cornell,2026,77,So.,LEFT,RIGHT,Needham,MA,St. Mark's School
Huxley Holcombe,Cornell,2026,78,Jr.,LEFT,LEFT,Worcester,MA,Worcester Academy
Michael Tight,Cornell,2026,75,Fr.,RIGHT,RIGHT,Lighthouse Point,FL,Saint Andrews School
Ross Yoshida,Cornell,2026,72,Fr.,RIGHT,RIGHT,Orchard Park,NY,Nichols School
Ethan Van Sice,Cornell,2026,69,Jr.,RIGHT,RIGHT,Arlington,VA,Gonzaga College
Josh Shea,Cornell,2026,71,Sr.,RIGHT,RIGHT,Cortlandt Manor,NY,Hendrick Hudson HS
Carson Mayfield,Cornell,2026,77,Sr.,RIGHT,RIGHT,Annandale,VA,Bishop O'Connell HS
Max Foster,Cornell,2026,75,Jr.,RIGHT,RIGHT,Bethel,CT,Bethel HS
Andrew Houghton,Cornell,2026,75,Jr.,LEFT,LEFT,Portsmouth,NH,Phillips Exeter Academy
Braeden Johnson,Cornell,2026,76,So.,LEFT,LEFT,Unadilla,NY,Unatego HS
Noah Keller,Cornell,2026,73,Sr.,LEFT,LEFT,Goodrich,MI,Goodrich HS
Ben North,Creighton,2026,72,Sr.,RIGHT,RIGHT,Woodbury,MN,East Ridge HS
Isaac Wachsmann,Creighton,2026,76,So.,RIGHT,RIGHT,Centennial,CO,Regis Jesuit
Teddy Deters,Creighton,2026,74,Sr.,RIGHT,RIGHT,Orono,MN,Orono HS
Rocco Gump,Creighton,2026,75,Sr.,BOTH,RIGHT,Chandler,AZ,Seaton Catholic Prep
Nate McHugh,Creighton,2026,70,Sr.,RIGHT,RIGHT,Franktown,CO,Regis Jesuit HS
Connor Capece,Creighton,2026,72,Jr.,RIGHT,RIGHT,Omaha,NE,Gross Catholic HS
Chris Baillargeon,Creighton,2026,72,Sr.,RIGHT,RIGHT,Staten Island,NY,Xaverian
Lew Rice,Creighton,2026,70,Sr.,LEFT,RIGHT,Holly Hill,SC,IMG Academy
Nick Bowron,Creighton,2026,75,Fr.,LEFT,RIGHT,Rochester,MN,Rochester Lourdes High School
Nick Venteicher,Creighton,2026,70,So.,RIGHT,RIGHT,Omaha,NE,Millard West HS
Joe Washburn,Creighton,2026,67,Fr.,LEFT,RIGHT,South Bend,IN,Saint Joseph High School
Cooper Fuchino,Creighton,2026,73,Sr.,RIGHT,RIGHT,Rolling Hills Estates,CA,Peninsula HS
Brody Shinkle,Creighton,2026,70,Fr.,RIGHT,RIGHT,Olathe,KS,Blue Valley Southwest
Shane Curtin,Creighton,2026,72,Sr.,LEFT,LEFT,La Grange,IL,Mount Carmel HS
JT Adams,Creighton,2026,74,Jr.,LEFT,RIGHT,Olathe,KS,Olathe North High School
Wilson Magers,Creighton,2026,74,So.,RIGHT,RIGHT,Mankato,MN,Mankato West HS
Eli Nissen,Creighton,2026,70,So.,LEFT,LEFT,Minot,ND,Minot HS
Anthony Unga,Creighton,2026,76,So.,RIGHT,RIGHT,Oakville,Canada,P27 Academy
Shea Wendt,Creighton,2026,73,Jr.,RIGHT,RIGHT,Blair,NE,Blair HS
Joe Hauser,Creighton,2026,74,Sr.,RIGHT,RIGHT,Waunakee,WI,Waunakee HS
Jack Pineau,Creighton,2026,72,Jr.,RIGHT,RIGHT,Thunder Bay,Canada,St. Ignatius HS
Matt Goldenbaum,Creighton,2026,73,So.,RIGHT,RIGHT,Fairless Hills,PA,Holy Ghost Prep
Jakob Ruhl,Creighton,2026,75,Fr.,LEFT,RIGHT,Central City,NE,Central City High School
Jimmy Burke,Creighton,2026,77,Sr.,RIGHT,RIGHT,Orland Park,IL,Carl Sandburg HS
Evan Stratton,Creighton,2026,75,Jr.,RIGHT,RIGHT,Redlands,CA,Redlands High School
Maximus McClellan,Creighton,2026,79,Fr.,RIGHT,RIGHT,Avon Lake,OH,St. Edward HS
Ian Koosman,Creighton,2026,73,Sr.,RIGHT,RIGHT,Willmar,MN,Willmar Senior HS
Brian Gould,Creighton,2026,71,Fr.,RIGHT,RIGHT,O'fallon,MO,Mary Institute Saint Louis Cds
Brendan Strenke,Creighton,2026,73,Jr.,RIGHT,RIGHT,Clayton,WI,Turtle Lake HS
Henry Prindl,Creighton,2026,77,So.,RIGHT,RIGHT,Las Vegas,NV,Bishop Gorman HS
Jake Bennett,Dallas Baptist,2026,74,Sr.,RIGHT,RIGHT,Louisville,KY,St. Xavier HS
Luke Pettitte,Dallas Baptist,2026,74,Jr.,RIGHT,RIGHT,Houston,TX,Second Baptist School
Ben Tryon,Dallas Baptist,2026,72,Jr.,LEFT,RIGHT,Southlake,TX,Carroll HS
Dylan Schlaegel,Dallas Baptist,2026,70,So.,RIGHT,RIGHT,Mansfield,TX,Mansfield Legacy HS
Chayton Krauss,Dallas Baptist,2026,75,Sr.,RIGHT,RIGHT,Coppell,TX,Coppell HS
Cooper Neville,Dallas Baptist,2026,72,Jr.,LEFT,RIGHT,Glendale,AZ,Mountain Ridge HS
Brooks Sartain,Dallas Baptist,2026,73,Fr.,LEFT,RIGHT,Fort Worth,TX,Trinity Valley School
Mac Rose,Dallas Baptist,2026,72,Sr.,LEFT,RIGHT,Rockwall,TX,Rockwall HS
Ryan Martin,Dallas Baptist,2026,70,Jr.,RIGHT,RIGHT,Marietta,GA,Lassiter HS
Dylan Cupp,Dallas Baptist,2026,73,Jr.,RIGHT,RIGHT,Cedartown,GA,Cedartown HS
Keaton Grady,Dallas Baptist,2026,69,Sr.,BOTH,RIGHT,Elgin,TX,Elgin HS
Adam Berghult,Dallas Baptist,2026,74,Sr.,RIGHT,RIGHT,Edina,MN,Edina HS
Jude Hall,Dallas Baptist,2026,71,Sr.,LEFT,RIGHT,Chilliwack,Canada,GW Graham Secondary School
Landon Underhill,Dallas Baptist,2026,72,Sr.,LEFT,RIGHT,Hurst,TX,East Coweta HS
Urim Ibrahimi,Dallas Baptist,2026,73,Jr.,RIGHT,RIGHT,Arlington,TX,Mansfield Legacy High School
Hogan Nelson,Dallas Baptist,2026,70,Fr.,RIGHT,RIGHT,Fort Worth,TX,Liberty Christian School
Aiden VanDeHatert,Dallas Baptist,2026,75,So.,LEFT,LEFT,Fairfield,OH,Badin HS
Max Luzarraga,Dallas Baptist,2026,74,Fr.,RIGHT,RIGHT,Matthews,NC,Weddington HS
Avery Duncan,Dallas Baptist,2026,74,So.,RIGHT,RIGHT,Green Bay,WI,Notre Dame Academy
Liam Watt,Dallas Baptist,2026,73,Sr.,LEFT,LEFT,Burlington,Canada,Nelson HS
Ryan Borberg,Dallas Baptist,2026,73,Sr.,RIGHT,RIGHT,Lake Quivira,KS,Shawnee Mission NW HS
Armani Knipper,Dallas Baptist,2026,72,Jr.,RIGHT,RIGHT,Southlake,TX,Southlake Carroll HS
Athan Kroll,Dallas Baptist,2026,76,So.,RIGHT,RIGHT,Brighton,CO,Valor Christian HS
JT Long,Dallas Baptist,2026,78,Jr.,RIGHT,RIGHT,Madeira Beach,FL,Calvary Christian HS
Russ Smith,Dallas Baptist,2026,72,So.,RIGHT,RIGHT,Burden,KS,Central HS
Tate Hess,Dallas Baptist,2026,74,Jr.,RIGHT,RIGHT,Singer,LA,Singer
Jared Schaeffer,Dallas Baptist,2026,72,Sr.,RIGHT,RIGHT,Katy,TX,James E. Taylor High School
Michael Benzor,Dallas Baptist,2026,76,Jr.,LEFT,LEFT,Houston,TX,Porter HS
Jerrod Jenkins,Dallas Baptist,2026,75,Sr.,RIGHT,RIGHT,Winchester,VA,Millbrook HS
Dillon Haines,Dallas Baptist,2026,69,Sr.,LEFT,LEFT,Saint Augustine,FL,Episcopal HS
Ashton Branson,Dallas Baptist,2026,71,Sr.,RIGHT,RIGHT,Little Rock,AR,Sheridan School
Milo Suarez,Dartmouth,2026,70,Sr.,RIGHT,RIGHT,Pinecrest,FL,Gulliver Prep
Axel Riess,Dartmouth,2026,74,So.,RIGHT,RIGHT,New York City,NY,Stuyvesant HS
Henry Murray,Dartmouth,2026,70,Fr.,BOTH,RIGHT,Chicago,IL,Lane Technical High School
Sam Andersen,Dartmouth,2026,72,Fr.,RIGHT,RIGHT,Toronto,Canada,Royal St. George's College
Tyler Sirchia,Dartmouth,2026,75,So.,LEFT,RIGHT,Armonk,NY,Fordham Preparatory School
Nico Baez,Dartmouth,2026,68,Sr.,LEFT,RIGHT,Orlando,FL,Olympia
Austin Moran,Dartmouth,2026,73,Fr.,RIGHT,RIGHT,Huntersville,NC,Community School OF Davidson
Jack Espiritu-Niswonger,Dartmouth,2026,71,Fr.,RIGHT,RIGHT,Superior,CO,Fairview High School
AJ Demastrie,Dartmouth,2026,70,Jr.,BOTH,RIGHT,Woodstock,GA,River Ridge
Camden Rush,Dartmouth,2026,74,Jr.,RIGHT,RIGHT,Modesto,CA,Thomas Downey
Chris Miller,Dartmouth,2026,75,Jr.,RIGHT,RIGHT,Dardanelle,AR,Dardanelle
Alejandro Puig,Dartmouth,2026,72,So.,RIGHT,RIGHT,Pembroke Pines,FL,Pembroke Pines Charter High School
Taer Rodriguez,Dartmouth,2026,68,Sr.,RIGHT,RIGHT,Corona,CA,La Sierra
Gus Begert,Dartmouth,2026,75,Fr.,RIGHT,RIGHT,Austin,TX,L C Anderson High School
Stefan Di Corrado,Dartmouth,2026,73,So.,LEFT,RIGHT,Mississauga,Canada,Crescent School
Eddie Albert,Dartmouth,2026,73,Sr.,RIGHT,RIGHT,Pittsburgh,PA,Upper St. Clair
Nate Isler,Dartmouth,2026,78,Jr.,RIGHT,RIGHT,Milton,GA,Cambridge
Andrew Lombana,Dartmouth,2026,,So.,LEFT,LEFT,,,
Nate Kugler,Dartmouth,2026,73,So.,RIGHT,RIGHT,Studio City,CA,Notre Dame High School
Mac Burke,Dartmouth,2026,76,Sr.,RIGHT,RIGHT,Woodbridge,CT,Amity Regional
Marco Dumsky,Dartmouth,2026,76,Jr.,RIGHT,RIGHT,Lees Summit,MO,Rockhurst
Kyle Klaric-Schell,Dartmouth,2026,,So.,RIGHT,RIGHT,,,
Nathan Matoush,Dartmouth,2026,75,Fr.,LEFT,LEFT,Hillsboro,IL,Hillsboro High School
Trey Sejnoha,Dartmouth,2026,73,Jr.,RIGHT,RIGHT,Brandon,SD,Brandon Valley
Izzy Parsky,Dartmouth,2026,74,Fr.,RIGHT,RIGHT,Pacific Palisades,CA,Viewpoint School
Aidan Plummer,Dartmouth,2026,73,Sr.,RIGHT,RIGHT,Grand Blanc,MI,Luke M. Powers Catholic
Jameson Daly,Davidson,2026,71,So.,LEFT,RIGHT,Evans,GA,Greenbrier
Anthony Torreso,Davidson,2026,74,Jr.,RIGHT,RIGHT,Stratford,CT,Salisbury School
Matthew Manjooran,Davidson,2026,70,Fr.,RIGHT,RIGHT,Camas,WA,Camas High School
Forrest Lietz,Davidson,2026,72,Jr.,LEFT,LEFT,Berkeley Lake,GA,Wesleyan School
Scott Edwards,Davidson,2026,71,Sr.,RIGHT,RIGHT,Fort Myers,FL,Canterbury
Gavin Thomas,Davidson,2026,73,Jr.,RIGHT,RIGHT,Lake Mary,FL,Master's Academy
Matthew Vannoy,Davidson,2026,69,Fr.,BOTH,RIGHT,Raleigh,NC,Needham B Broughton HS
Will Brooks,Davidson,2026,71,So.,RIGHT,RIGHT,Marshville,NC,Metrolina Christian
Jake Suarez,Davidson,2026,70,Jr.,LEFT,RIGHT,Miami,FL,Westminster Christian
Aidan Rice,Davidson,2026,73,Sr.,RIGHT,RIGHT,Durham,NC,Northern Durham
Theo Loughlin,Davidson,2026,74,Fr.,LEFT,RIGHT,Annapolis,MD,Archbishop Spalding HS
Brendan Fritch,Davidson,2026,71,Fr.,RIGHT,RIGHT,Broomfield,CO,Broomfield High School
Fredy Diaz,Davidson,2026,71,So.,RIGHT,RIGHT,Middletown,MD,Middletown
Cooper Collins,Davidson,2026,71,So.,RIGHT,RIGHT,Gainesville,FL,Buchholz
Will McCullough,Davidson,2026,71,Fr.,RIGHT,RIGHT,Morrow,OH,Archbishop Moeller
Cooper Cavanaugh,Davidson,2026,75,Jr.,LEFT,LEFT,Hampstead,NC,Topsail
Garrett Pyne,Davidson,2026,78,Fr.,RIGHT,RIGHT,Harrisburg,NC,Hickory Ridge
Daniel Smith,Davidson,2026,77,So.,RIGHT,RIGHT,Norfolk,VA,Granby
Simon Yochum,Davidson,2026,71,So.,RIGHT,RIGHT,Sarasota,FL,Pine View
Wilson Perkins,Davidson,2026,74,Sr.,RIGHT,RIGHT,Niceville,FL,Niceville
Ivan Hoyt,Davidson,2026,73,Jr.,RIGHT,RIGHT,Boerne,TX,Cornerstone Christian
Parker Jones,Davidson,2026,73,So.,RIGHT,RIGHT,Raleigh,NC,Leesville Road
Edward Hall,Davidson,2026,75,Sr.,RIGHT,RIGHT,Rochester,NY,McQuaid Jesuit
Carson Taggart,Davidson,2026,76,Fr.,LEFT,LEFT,Suwanee,GA,Lambert High School
Matthew Hamilton,Davidson,2026,74,So.,RIGHT,RIGHT,Rose Valley,PA,Friends Central
Will Marenghi,Davidson,2026,73,So.,RIGHT,RIGHT,Encinitas,CA,Santa Fe Christian
Brycen Champey,Davidson,2026,75,Sr.,RIGHT,RIGHT,New Bern,NC,New Bern
Keely Furr,Davidson,2026,75,Jr.,RIGHT,RIGHT,Harrrisburg,NC,Hickory Ridge High School
Jacob Vokal,Davidson,2026,70,So.,RIGHT,RIGHT,Hoschton,GA,Cherokee Bluff
Will Banks,Davidson,2026,78,Sr.,RIGHT,RIGHT,Hickory,NC,Hickory
Zach Calef-Boring,Davis & Elkins,2026,68,Jr.,RIGHT,RIGHT,Buckhannon,WV,Buckhannon-Upshur
Carson Gorby,Davis & Elkins,2026,68,Jr.,RIGHT,RIGHT,Paden City,WV,Tyler Consolidated
Cooper Blackburn,Davis & Elkins,2026,,Jr.,,RIGHT,,,
Martin Howell,Dayton,2026,74,So.,RIGHT,RIGHT,Gillette,NJ,Watchung Hills Regional
Danny MacDougall,Dayton,2026,73,Sr.,RIGHT,RIGHT,Taunton,MA,Taunton
Sam Stem,Dayton,2026,74,Sr.,LEFT,LEFT,Erie,CO,Erie HS
Michael Smith,Dayton,2026,75,Jr.,RIGHT,RIGHT,Pensacola,FL,Pensacola Catholic HS
Jason Bello,Dayton,2026,72,So.,RIGHT,RIGHT,Fort Myers,FL,Bishop Verot Catholic
Ryan MacDougall,Dayton,2026,73,Jr.,LEFT,RIGHT,Taunton,MA,Taunton
Colin Lynch,Dayton,2026,75,Fr.,RIGHT,RIGHT,Doylestown,PA,Central Bucks High School East
Alejandro Sardinas,Dayton,2026,73,So.,RIGHT,RIGHT,Miramar,FL,West Broward
Bobby Stang,Dayton,2026,76,Jr.,RIGHT,RIGHT,Massapequa,NY,Massapequa
Grayson Carpenter,Dayton,2026,70,Fr.,RIGHT,RIGHT,Ft Myers,FL,Bishop Verot High School
Dyrenson Wouters,Dayton,2026,66,Jr.,RIGHT,RIGHT,Oranjestad,Aruba,Celgio Arubano
Michael Lucarelli,Dayton,2026,72,Jr.,LEFT,RIGHT,Marlton,NJ,Paul VI
Aiden Heberlie,Dayton,2026,75,Sr.,RIGHT,RIGHT,Ste Genevieve,MO,Valle Catholic
Tommy Ahlers,Dayton,2026,73,Sr.,RIGHT,RIGHT,Salem,NH,Salem High School
Mark Rutherford,Dayton,2026,70,So.,BOTH,RIGHT,Mason,OH,William Mason
Amir Gray,Dayton,2026,73,Jr.,LEFT,RIGHT,South Holland,IL,Brother Rice
Sawyer Jensen,Dayton,2026,80,So.,RIGHT,RIGHT,Calgary,Canada,Strathmore
Niklas Pavia,Dayton,2026,76,Jr.,RIGHT,RIGHT,Bolton,MA,Nashoba Regional
Lucas Collins,Dayton,2026,72,Fr.,LEFT,LEFT,Fort Wayne,IN,Bishop Dwenger High School
Mason LaBuda,Dayton,2026,76,Fr.,LEFT,LEFT,Boiling Spgs,PA,Boiling Springs High School
Jon Whiteside,Dayton,2026,75,So.,RIGHT,RIGHT,Troy,MI,Troy High School
Riley Cahill,Dayton,2026,72,So.,RIGHT,RIGHT,Oakwood,OH,Oakwood
Michael Fortes,Dayton,2026,74,Sr.,RIGHT,RIGHT,Weston,FL,West Broward
Peyton Malecha,Dayton,2026,77,Sr.,RIGHT,RIGHT,Denver,CO,Legacy
Lukasz Rondeau,Dayton,2026,74,So.,LEFT,LEFT,Windham,NH,Austin Prep
Jack Zimmerman,Dayton,2026,75,Fr.,LEFT,LEFT,Revere,MA,St. Mary's High School
Carson Samuels,Dayton,2026,72,So.,LEFT,LEFT,Gahanna,OH,Gahanna Local
John Delgado,Dayton,2026,72,Jr.,LEFT,LEFT,Westminster,MD,Gerstell Academy
David Cox,Dayton,2026,75,So.,RIGHT,RIGHT,Oak Brook,IL,Nazareth
Austin McNabb,Dayton,2026,76,Fr.,RIGHT,RIGHT,Indianapolis,IN,Perry Meridian High School
James Heller,Dayton,2026,75,So.,RIGHT,RIGHT,Los Angeles,CA,de Toledo
Jackson Judy,Dayton,2026,75,Sr.,RIGHT,RIGHT,Columbus,OH,Worthington Kilbourne
Will Perkowski,Dayton,2026,76,So.,RIGHT,RIGHT,New Boston,NH,Goffstown
Evan Bouldin,Delaware,2026,74,Sr.,,,Middletown,DE,Appoquinimink
Anthony DeCesare,Delaware,2026,74,Fr.,RIGHT,RIGHT,Yorktown Heights,NY,Stony Brook School
Jeremy Wolf,Delaware,2026,69,Sr.,RIGHT,RIGHT,Sicklerville,NJ,Gloucester
Vince Davis,Delaware,2026,72,Jr.,,,Somerdale,NJ,Highland
Sal Mineo,Delaware,2026,71,So.,LEFT,LEFT,Slippery Rock,PA,Slippery Rock High School
Sam Winsett,Delaware,2026,73,So.,RIGHT,RIGHT,Voorhees,NJ,Eastern
LT Cockrill,Delaware,2026,70,Sr.,RIGHT,RIGHT,Palmetto,FL,Centennial
Anthony Charles,Delaware,2026,75,Sr.,LEFT,LEFT,Mullica Hill,NJ,
Noah Burroughs,Delaware,2026,73,So.,RIGHT,RIGHT,Millsboro,DE,Sussex Central
Cole Carbone,Delaware,2026,74,Jr.,LEFT,RIGHT,Cranston,RI,Cranston HS
Matthew Minckler,Delaware,2026,72,So.,,,Portsmouth,NH,Portsmouth
Harry Carr,Delaware,2026,73,So.,LEFT,RIGHT,Philadelphia,PA,Monsignor Bonner
Connor Doherty,Delaware,2026,73,Fr.,RIGHT,RIGHT,Fairfax,VA,James W Robinson JR Sec School
Luke Lambert,Delaware,2026,69,Sr.,RIGHT,RIGHT,Allegheny,PA,West Allegheny
Ryan Pugh,Delaware,2026,72,So.,RIGHT,RIGHT,South Riding,VA,Freedom
Nick Bilotto,Delaware,2026,74,Fr.,RIGHT,RIGHT,Ellicott City,MD,Glenelg High School
Jackson Hulcher,Delaware,2026,75,Jr.,RIGHT,RIGHT,Ashburn,VA,Broad Run High School
Elias Conway,Delaware,2026,72,Jr.,LEFT,,East Nassau,NY,Columbia
Jake Marchesano,Delaware,2026,74,Fr.,RIGHT,RIGHT,Feasterville Trevose,PA,Archbishop Ryan High School
Doug Marose,Delaware,2026,77,Sr.,,,Laytonsville,MD,Gaithersburg
Matt Reyes,Delaware,2026,70,Jr.,,,Northford,CT,St. Thomas More
Chase Deibler,Delaware,2026,75,Fr.,RIGHT,RIGHT,Enola,PA,East Pennsboro Area HS
Ryan McLaughlin,Delaware,2026,74,Jr.,,RIGHT,Berlin,MD,Stephen Decatur
Dylan Bryan,Delaware,2026,74,Jr.,LEFT,LEFT,Lutherville,MD,Loyola-Blakefield
Ben Moyzan,Delaware,2026,73,Jr.,RIGHT,RIGHT,Bethlehem,PA,IMG Academy
Jake Pollaro,Delaware,2026,77,So.,,,Pittsburgh,PA,North Hills
Andrew Callaway,Delaware,2026,71,Jr.,RIGHT,LEFT,Seaford,DE,Delmar Senior
Evan Lewis,Delaware,2026,74,Sr.,,RIGHT,Severna Park,MD,Severna Park
Jonah Richardson,Delaware,2026,72,So.,,,Boiling Spgs,PA,Boiling Spring
Brady Blum,Delaware,2026,73,So.,,,Northfield,NJ,Mainland
Ethan Shaub,Delaware,2026,71,Sr.,,LEFT,Haddon Township,NJ,Haddon Township
Justin Batts,Delaware State,2026,71,So.,,,North Bergen,NJ,Bergen Catholic HS
Caleb King,Delaware State,2026,71,So.,,,Newark,DE,St. Mark's
Jabril Bullock,Delaware State,2026,,Sr.,,,Richmond,VA,Varina High School
Carter Boyd,Delaware State,2026,72,So.,,,Middletown,DE,Middletown High School
Alec Rodriguez,Delaware State,2026,70,Sr.,LEFT,RIGHT,Dover,DE,
Rosnell Lewis,Delaware State,2026,70,Fr.,,,Dagsboro,DE,
Hassan Turner,Delaware State,2026,70,So.,,,New Castle,DE,William Penn High School
Santino Harwood,Delaware State,2026,71,So.,,,Philadelphia,PA,Roman Catholic
Jaryn Sample,Delaware State,2026,73,Jr.,,,Delmar,DE,Sussex Technical
Andrew Shute,Delaware State,2026,76,Fr.,,,Newark,DE,
Ethan Johnson,Delaware State,2026,72,So.,,,Cumming,GA,South Forsyth
Kaleb Scott,Delaware State,2026,72,So.,,,Inglewood,CA,
Jeremy Vest,Delaware State,2026,74,So.,,,Georgetown,DE,Sussex Tech HS
Shane Carter,Delaware State,2026,72,Fr.,,,San Diego,CA,
Nathan Vidmar,Delaware State,2026,76,Sr.,,,Canonsburg,PA,Canon-McMillan
James Breen,Delaware State,2026,71,So.,,,Middletown,DE,St. George's Technical
Ryan Mejia,Delaware State,2026,72,Jr.,,,Milford,DE,Milford Senior HS
Sean Ely Jr,Delaware State,2026,68,Fr.,,,Selbyville,DE,
Cade Greer,Delta State,2026,72,Sr.,RIGHT,RIGHT,Olive Branch,MS,Lewisburg
Bo Rock,Delta State,2026,73,Sr.,LEFT,RIGHT,Amory,MS,Amory High School
Mason Shropshire,Delta State,2026,71,Sr.,RIGHT,RIGHT,Collierville,TN,Evangelical Christian School
Cider Canon,Duke,2026,71,So.,RIGHT,RIGHT,San Marino,CA,Maranatha
Matthew Strand,Duke,2026,72,Sr.,RIGHT,RIGHT,Suwanee,GA,North Gwinnett
RJ Hamilton,Duke,2026,70,Jr.,RIGHT,RIGHT,Hoover,AL,Hoover
Kaden Smith,Duke,2026,75,Sr.,RIGHT,RIGHT,Yanceyville,NC,Western Alamance HS
Anthony Runfola,Duke,2026,72,Sr.,RIGHT,RIGHT,Phoenix,AZ,Brophy College Preparatory
Tyler Albright,Duke,2026,72,Sr.,RIGHT,LEFT,Greensboro,NC,Grimsley
Adam Troch,Duke,2026,72,So.,LEFT,LEFT,Bethesda,MD,St. Johns College
Jake Lambdin,Duke,2026,70,Jr.,RIGHT,RIGHT,Rancho Santa Margarita,CA,Tesoro
Brooks Perez,Duke,2026,75,Fr.,LEFT,LEFT,Boerne,TX,Boerne High School
Bobby Marsh,Duke,2026,74,Sr.,LEFT,LEFT,Bellefonte,PA,Bellefonte Area
Collin Anderson,Duke,2026,70,Fr.,RIGHT,RIGHT,Rockville Centre,NY,Chaminade High School
Michael DiMartini,Duke,2026,74,Jr.,RIGHT,RIGHT,Allegheny,PA,South Fayette
Ben Petrone,Duke,2026,72,Sr.,LEFT,RIGHT,Princeton,NJ,The Hun School
Coltin Quagliano,Duke,2026,70,Sr.,RIGHT,RIGHT,Kewanee,IL,Wethersfield
Adin Zorn,Duke,2026,75,Jr.,RIGHT,RIGHT,Aliquippa,PA,Sewickley Academy
Jeff Lougee,Duke,2026,72,So.,LEFT,RIGHT,Mechanicsburg,PA,Mechanicsburg Area
Peter Lemke,Duke,2026,72,Jr.,RIGHT,RIGHT,Geneva,IL,St. Francis
Matthew Nochowitz,Duke,2026,76,Jr.,RIGHT,RIGHT,Glen Head,NY,North Shore High School
Edward Hart,Duke,2026,77,Sr.,LEFT,LEFT,San Antonio,TX,Alamo Heights
Aiden O'Connell,Duke,2026,74,So.,LEFT,LEFT,Bedford,NH,Bedford
Andy Leon,Duke,2026,73,Sr.,RIGHT,RIGHT,Sugar Land,TX,Strake Jesuit Prep
Caleb Anderson,Duke,2026,72,Sr.,RIGHT,RIGHT,Springdale,AR,Shiloh Christian
Ben Dean,Duke,2026,75,So.,RIGHT,RIGHT,Swanzey,NH,Monadnock Regional
Jack Feehery,Duke,2026,72,So.,LEFT,LEFT,Washington,DC,Gonzaga College
Aidan Weaver,Duke,2026,77,Sr.,RIGHT,RIGHT,Jamison,PA,Central Bucks-East
Bennett LaPalm,Duke,2026,73,Jr.,RIGHT,LEFT,Bellbrook,OH,Bellbrook
David Boisvert,Duke,2026,77,Sr.,RIGHT,RIGHT,Charlotte,NC,Cannon School
Roman DiGiacomo,Duke,2026,75,Sr.,RIGHT,RIGHT,Fairfield,CT,Fairfield Warde
Grayson Walker,Duke,2026,75,Sr.,RIGHT,RIGHT,Newtown Square,PA,The Haverford School
Drew Bryan,Duke,2026,72,Sr.,RIGHT,RIGHT,Sanford,NC,Southern Lee
Marcello Mastroianni,Duke,2026,75,Jr.,LEFT,LEFT,Little Silver,NJ,Ranney School
Jack Hedrick,Duke,2026,77,So.,RIGHT,RIGHT,Charlotte,NC,Charlotte Catholic
Jordan Regulski,Duke,2026,75,Fr.,RIGHT,RIGHT,Hurlock,MD,Colonel Richardson High School
Jack Herring,East Carolina,2026,70,Sr.,BOTH,RIGHT,Atlanta,GA,St. Pius X
Davin Whitaker,East Carolina,2026,73,So.,LEFT,RIGHT,Mocksville,NC,Davie County
Braden Burress,East Carolina,2026,69,So.,RIGHT,RIGHT,Snow Hill,NC,Greene Central
Michael Kalinich,East Carolina,2026,71,So.,LEFT,RIGHT,Longwood,FL,Lake Brantley
Jeff Sabater,East Carolina,2026,70,Sr.,LEFT,RIGHT,Lansdale,PA,North Penn
Brayden Bachman,East Carolina,2026,70,Fr.,RIGHT,RIGHT,Chesapeake,VA,Hickory High School
Grady Lenahan,East Carolina,2026,70,Fr.,RIGHT,RIGHT,Bristow,VA,Patriot High School
Walker Barron,East Carolina,2026,70,Jr.,RIGHT,RIGHT,Atlanta,GA,IMG Academy
Matthew Lashley,East Carolina,2026,71,Jr.,LEFT,RIGHT,Lake Worth,FL,Park Vista Community HS
Colby Wallace,East Carolina,2026,74,Jr.,RIGHT,RIGHT,Biscoe,NC,Pinecrest
Alex Bouche,East Carolina,2026,74,Sr.,RIGHT,RIGHT,Chesapeake,VA,South Central
Austin Irby,East Carolina,2026,71,So.,LEFT,RIGHT,Virginia Beach,VA,Cox
Carlos Jacome,East Carolina,2026,72,Jr.,RIGHT,RIGHT,Caracas,Venezuela,Christopher Columbus
Jack Vogele,East Carolina,2026,75,Jr.,RIGHT,RIGHT,Cincinnati,OH,Cincinnati Hills Christian Academy
Nick Parham,East Carolina,2026,70,Jr.,LEFT,RIGHT,Asheville,NC,T.C. Roberson
Blade Carver,East Carolina,2026,72,Jr.,RIGHT,RIGHT,Corinth,TX,John H Guyer High School
Joseph Webb,East Carolina,2026,75,Sr.,RIGHT,RIGHT,Lawndale,NC,Burns High School
Frank Ciccone,East Carolina,2026,74,Sr.,RIGHT,RIGHT,Hanover,NJ,Pope John XXIII
Gavin Van Kempen,East Carolina,2026,79,Sr.,RIGHT,RIGHT,Castleton,NY,Maple Hill
Nicholas Moran,East Carolina,2026,75,Sr.,LEFT,LEFT,Wake Forest,NC,Wake Forest
Ryan Towers,East Carolina,2026,72,Sr.,LEFT,LEFT,Henderson,NV,Liberty HS
Jackson DiLorenzo,East Carolina,2026,72,Jr.,RIGHT,RIGHT,Cortlandt Manor,NY,Walter Panas
Sean Jenkins,East Carolina,2026,74,So.,RIGHT,RIGHT,Hickory,NC,Fred T Foard
Ethan Norby,East Carolina,2026,69,Jr.,LEFT,LEFT,Kernersville,NC,East Forsyth
Gavin Marley,East Carolina,2026,73,Jr.,RIGHT,RIGHT,Hickory,NC,St. Stephens
Colby Weber,East Carolina,2026,79,Fr.,RIGHT,RIGHT,Allison Park,PA,Shaler Area High School
Luke Payne,East Carolina,2026,76,Jr.,RIGHT,LEFT,Gallatin,TN,Goodpasture Christian School
Charlie Hoagland,East Carolina,2026,73,Fr.,RIGHT,LEFT,Vandalia,OH,Chaminade Julienne High School
Ethan Rose,East Carolina,2026,76,Fr.,RIGHT,RIGHT,Bridgeville,PA,South Fayette High School
Brett Antolick,East Carolina,2026,75,So.,RIGHT,RIGHT,Conyngham,PA,Hazelton Area
Thomas Paxton,East Carolina,2026,75,Jr.,RIGHT,RIGHT,Waxhaw,NC,Cuthberson High School
Tristan Curless,East Tennessee State,2026,75,Sr.,LEFT,LEFT,Amarillo,TX,Amarillo High School
Griffin Sorrow,East Tennessee State,2026,69,Jr.,RIGHT,RIGHT,Fayetteville,GA,Woodward Academy
Nate Conner,East Tennessee State,2026,73,Jr.,LEFT,LEFT,Johnson City,TN,Science Hill High School
Henry Ferguson,East Tennessee State,2026,72,So.,RIGHT,RIGHT,Knoxville,TN,Hardin Valley Academy
Luke Matlock,East Tennessee State,2026,72,Jr.,RIGHT,RIGHT,Cypress,CA,Cypress High School
Jamie Palmese,East Tennessee State,2026,71,Jr.,RIGHT,RIGHT,Berlin,CT,Westminster School
Gabe Juarez,East Tennessee State,2026,75,Sr.,RIGHT,RIGHT,Reseda,CA,Cleveland High School
Tyler Fetterman,East Tennessee State,2026,73,So.,RIGHT,LEFT,Aldie,VA,Independence High School
Ian Guanzon,East Tennessee State,2026,72,Jr.,RIGHT,RIGHT,Chico,CA,Pleasant Valley SR High School
Mason Ault,East Tennessee State,2026,72,Fr.,RIGHT,RIGHT,Ancaster,Canada,Ontario Schools
Joey Little,East Tennessee State,2026,73,Sr.,RIGHT,RIGHT,Hawthorn Woods,IL,Adalai E. Stevenson High School
Axel Melendez,East Tennessee State,2026,70,So.,LEFT,RIGHT,Cidra,PR,P27 Academy
Ty Galusky,East Tennessee State,2026,72,Jr.,LEFT,RIGHT,Morgantown,WV,Morgantown High School
Andrew Palmer,East Tennessee State,2026,73,Fr.,RIGHT,RIGHT,Mt. Pleasant,SC,Oceanside Collegiate Academy
Andrew Hill,East Tennessee State,2026,76,So.,RIGHT,RIGHT,Knoxville,TN,Knoxville Central High School
Matt Evans,East Tennessee State,2026,70,Fr.,RIGHT,RIGHT,Ellenwood,GA,Redan High School
Colin Eaton,East Tennessee State,2026,70,Sr.,RIGHT,RIGHT,Cartersville,GA,Cartersville High School
Tadan Bell,East Tennessee State,2026,74,Jr.,LEFT,LEFT,Columbus,NE,Columbus
Cody Carwile,East Tennessee State,2026,76,Sr.,LEFT,LEFT,Fleming Island,FL,Flemind Island High School
Cooper Jones,East Tennessee State,2026,73,Fr.,RIGHT,RIGHT,Hixson,TN,Notre Dame High School
Stratton Scott,East Tennessee State,2026,74,Fr.,RIGHT,RIGHT,Knoxville,TN,Farragut HS
Carter Oliff,East Tennessee State,2026,75,Sr.,RIGHT,RIGHT,Brentwood,TN,Franklin Road Academy
Andrew Cotten,East Tennessee State,2026,77,Sr.,RIGHT,RIGHT,Lexington,SC,P27 Academy
Reid Brosnan,East Tennessee State,2026,74,Fr.,RIGHT,RIGHT,Atlanta,GA,Lakeside HS
Jack Vest,East Tennessee State,2026,73,So.,RIGHT,RIGHT,Lewisville,NC,West Forsyth High School
Evan Rolison,East Tennessee State,2026,74,Jr.,RIGHT,RIGHT,Flower Mound,TX,Flower Mound High School
Reilly Byers,East Tennessee State,2026,73,Jr.,LEFT,LEFT,Knoxville,TN,Gibbs High School
Michael Harpster,East Tennessee State,2026,72,Jr.,RIGHT,RIGHT,Lynchburg,VA,E.C. Glass High School
Thomas Costarelli,East Tennessee State,2026,71,Fr.,LEFT,LEFT,Islip Terrace,NY,East Islip High School
Derek McCarley,East Tennessee State,2026,70,Sr.,LEFT,LEFT,Seymour,TN,Seymour High School
Tyler Kropis,East Tennessee State,2026,74,Fr.,LEFT,LEFT,Seekonk,MA,Silicon Valley High School
Logan Grass,East Tennessee State,2026,71,So.,RIGHT,RIGHT,Acworth,GA,Allatoona High School
Michael O'Conor,Eastern Illinois,2026,71,Sr.,RIGHT,RIGHT,Des Plaines,IL,Niles Notre Dame
Luke Melton,Eastern Illinois,2026,71,Sr.,RIGHT,RIGHT,Saint Louis,MO,Lindbergh
James Love,Eastern Illinois,2026,73,So.,RIGHT,RIGHT,Joliet,IL,Joliet West
Brett Stanley,Eastern Illinois,2026,68,Sr.,RIGHT,RIGHT,Washington Township,MI,De La Salle
Zak Goodwin,Eastern Illinois,2026,70,Sr.,LEFT,RIGHT,Roseville,MN,Roseville
Chris Worcester,Eastern Illinois,2026,69,Sr.,RIGHT,RIGHT,Bloomingdale,IL,Lake Park
Eli Hill,Eastern Illinois,2026,68,Sr.,RIGHT,RIGHT,Smithton,IL,Freeburg
Quade Peters,Eastern Illinois,2026,68,Sr.,RIGHT,RIGHT,Riverside,ND,Fargo Sheyenne
Joey Hagen,Eastern Illinois,2026,72,Sr.,LEFT,LEFT,Johnsburg,IL,Johnsburg
Colin Horneman,Eastern Illinois,2026,72,Jr.,RIGHT,RIGHT,Saint John,IN,Mt. Carmel
Peyton Wilson,Eastern Illinois,2026,68,Sr.,RIGHT,RIGHT,American Fork,UT,American Fork High School
Tyler Castro,Eastern Illinois,2026,73,Sr.,LEFT,RIGHT,Huntley,IL,Huntley
Ethan Rossi,Eastern Illinois,2026,71,Sr.,RIGHT,RIGHT,Mount Prospect,IL,Mount Prospect
Kyree Alexander,Eastern Illinois,2026,68,Sr.,RIGHT,RIGHT,Chicago,IL,Thornwood
Dylan Drumke,Eastern Illinois,2026,70,Sr.,RIGHT,RIGHT,Libertyville,IL,Libertyville
Jake Ferguson,Eastern Illinois,2026,70,Sr.,RIGHT,RIGHT,Mill Valley,CA,Tamalpais
Dalton Boruff,Eastern Illinois,2026,70,Sr.,RIGHT,RIGHT,Bartelso,IL,Breese Central
James Geshel,Eastern Illinois,2026,76,Sr.,RIGHT,RIGHT,Rockford,MI,Rockford
Bryce Riggs,Eastern Illinois,2026,72,Jr.,RIGHT,RIGHT,Cicero,IN,Noblesville
Anthony Solis,Eastern Illinois,2026,71,Jr.,RIGHT,RIGHT,Beach Park,IL,Waukegan
Tyler Conklin,Eastern Illinois,2026,71,Sr.,RIGHT,RIGHT,Maple Park,IL,Kaneland
Mac Zawistoski,Eastern Illinois,2026,73,Jr.,RIGHT,LEFT,Coto De Caza,CA,JSerra Catholic
Jarrett Kinder,Eastern Illinois,2026,75,Fr.,LEFT,RIGHT,Princeton,IN,Princeton Community High Sch
Nathan Marshall,Eastern Illinois,2026,75,Sr.,RIGHT,RIGHT,Albany,OR,West Albany
Jack Helms,Eastern Illinois,2026,76,Jr.,RIGHT,RIGHT,Mattoon,IL,Mattoon Senior High School
Eddie Scaccia,Eastern Illinois,2026,75,Jr.,RIGHT,RIGHT,Oswego,IL,Oswego High School
Dominic Cristinzio,Eastern Illinois,2026,75,Jr.,LEFT,LEFT,Parker,CO,Legend High School
Blaine Nunnally,Eastern Illinois,2026,70,Jr.,RIGHT,RIGHT,New Palestine,IN,New Palestine High School
Hayden Trier,Eastern Illinois,2026,76,Jr.,RIGHT,RIGHT,Louisville,KY,Trinity High School
Khaleel Pratt,Eastern Kentucky,2026,77,Fr.,BOTH,RIGHT,,,Augusta Christian HS
Pedro Moreno,Eastern Kentucky,2026,68,Sr.,RIGHT,RIGHT,Caracas,Venezuela,UEC Neuestra Señora Del Carmen
David Alvarez,Eastern Kentucky,2026,74,Jr.,LEFT,RIGHT,Ontario,CA,St. Joan of Arc
Dylan Littlefield,Eastern Kentucky,2026,69,Fr.,LEFT,RIGHT,Pepperell,MA,IMG Academy
Jay Douglas,Eastern Kentucky,2026,72,Sr.,RIGHT,RIGHT,Rock Hill,SC,
Tyler Phillips,Eastern Kentucky,2026,75,Jr.,RIGHT,RIGHT,Snellville,GA,Grayson HS
Silas Shaffer,Eastern Kentucky,2026,75,Jr.,RIGHT,RIGHT,Mount Vernon,KY,
Kobe Benson,Eastern Kentucky,2026,69,Sr.,BOTH,RIGHT,Boynton Beach,FL,
Boone Shevey,Eastern Kentucky,2026,70,Sr.,BOTH,RIGHT,Springfield,MO,
Gunnar Bingham,Eastern Kentucky,2026,72,Sr.,LEFT,RIGHT,Eddyville,KY,Lyon County HS
Jackson Cauthron,Eastern Kentucky,2026,70,Sr.,LEFT,RIGHT,Murfreesboro,TN,Siegel HS
Carson Bittner,Eastern Kentucky,2026,74,Jr.,RIGHT,RIGHT,Phoenix,AZ,Desert Vista HS
Jackson Reid,Eastern Kentucky,2026,70,Jr.,LEFT,RIGHT,Gilbert,AZ,Campo Verde HS
Ricco Longo,Eastern Kentucky,2026,69,Jr.,RIGHT,RIGHT,Spokane,WA,University HS
Owen Barger,Eastern Kentucky,2026,72,Jr.,RIGHT,RIGHT,Shepherdsville,KY,North Bullitt HS
Julius Scearce,Eastern Kentucky,2026,73,Sr.,LEFT,RIGHT,Lexington,KY,
Ryan Johnson,Eastern Kentucky,2026,70,Fr.,LEFT,LEFT,Carlisle,KY,Nicholas County HS
Jacob Price,Eastern Kentucky,2026,76,Jr.,RIGHT,RIGHT,,,Christian Academy of Louisville
Carson Van Haaren,Eastern Kentucky,2026,72,So.,RIGHT,RIGHT,Lexington,KY,Tates Creek HS
Griffin Howell,Eastern Kentucky,2026,73,Jr.,LEFT,RIGHT,Windsor,Canada,St. Annes
Bradley Gagen,Eastern Kentucky,2026,74,Jr.,LEFT,LEFT,Ashburn,VA,
Jackson Briese,Eastern Kentucky,2026,72,Sr.,RIGHT,RIGHT,Danville,KY,Boyle County HS
Hayden Collins,Eastern Kentucky,2026,74,Sr.,RIGHT,RIGHT,Lexington,KY,
Gavin Faulkner,Eastern Kentucky,2026,74,Sr.,LEFT,LEFT,Lexington,KY,
Jack Bell,Eastern Kentucky,2026,77,Sr.,RIGHT,RIGHT,Sikeston,MO,Sikeston HS
Cade Schneider,Eastern Kentucky,2026,73,Sr.,RIGHT,RIGHT,Lexington,KY,
Cooper Pumphrey,Eastern Kentucky,2026,79,Fr.,RIGHT,RIGHT,Ozark,MO,Ozark HS
Chardy Tierney,Eastern Kentucky,2026,73,So.,RIGHT,RIGHT,Lexington,KY,Henry Clay HS
Caleb Freeman,Eastern Kentucky,2026,77,Sr.,RIGHT,RIGHT,Greer,SC,P27 Academy
Brock Blanton,Eastern Kentucky,2026,76,Sr.,RIGHT,RIGHT,Bainbridge,OH,
Clay Cartledge,Eastern Kentucky,2026,75,Fr.,RIGHT,RIGHT,Lagrange,KY,Oldham County HS
Anthony Scarpino,Eastern Kentucky,2026,77,Jr.,RIGHT,RIGHT,Memphis,TN,Christian Brothers HS
Addison Stockham,Eastern Kentucky,2026,75,Jr.,LEFT,LEFT,Lexington,KY,Sayre School
Ransom Payton,Eastern Kentucky,2026,72,Fr.,LEFT,LEFT,Lexington,KY,Lafayette HS
John Bingham,Eastern Kentucky,2026,72,Sr.,LEFT,RIGHT,Eddyville,KY,Lyon County HS
Ty Stecko,Eastern Michigan,2026,74,Sr.,RIGHT,RIGHT,North Huntingdon,PA,Norwin High
DeMir Heidelberg,Eastern Michigan,2026,,Fr.,,,Homewood,IL,Homewood-flossmoor Cmty HS
Nathan Borchardt,Eastern Michigan,2026,72,Jr.,LEFT,RIGHT,Stanley,NC,East Lincoln HS
Devan Zirwas,Eastern Michigan,2026,75,Sr.,LEFT,LEFT,Imperial,PA,West Allegheny
John Hale,Eastern Michigan,2026,72,Sr.,RIGHT,RIGHT,Ashland City,TN,Sycamore
TJ Williams,Eastern Michigan,2026,65,Sr.,LEFT,RIGHT,Racine,WI,William Horlick HS
Tristan Crane,Eastern Michigan,2026,72,So.,BOTH,RIGHT,Berkley,MI,Brother Rice HS
Bruce Jellison,Eastern Michigan,2026,72,Sr.,RIGHT,RIGHT,Hartland,MI,Hartland
Keegan Knupp,Eastern Michigan,2026,,Fr.,,,Galena,OH,Olentangy Orange High School
Leewood Molessa,Eastern Michigan,2026,74,Jr.,,,Pullman,WV,Williamstown
Drew Jones,Eastern Michigan,2026,74,Sr.,RIGHT,RIGHT,Cleveland,OH,Brush
Nicholas Weaver,Eastern Michigan,2026,,Jr.,,,Streamwood,IL,Streamwood High School
Kevin Krill,Eastern Michigan,2026,73,Sr.,RIGHT,RIGHT,White Lake,MI,Lakeland
Phillip Thigpen,Eastern Michigan,2026,,Fr.,,,Chicago,IL,Kenwood Academy
Ben Schechterman,Eastern Michigan,2026,72,Jr.,LEFT,LEFT,Aurora,OH,Aurora High School
Kriss Sydlowski,Eastern Michigan,2026,,Jr.,,,Ann Arbor,MI,Saline High School
Greg Kennedy,Eastern Michigan,2026,72,So.,RIGHT,RIGHT,Ravenna,OH,Jonathan Alder
Ethan Rowland,Eastern Michigan,2026,71,Sr.,RIGHT,RIGHT,Lafayette,CA,Acalanes HS
Cal Rutherford,Eastern Michigan,2026,75,So.,RIGHT,RIGHT,Canton,MI,Detroit Catholic Central
Tommy Rose,Eastern Michigan,2026,,Fr.,,,Plymouth,MI,Plymouth High School
Aidan Norris,Eastern Michigan,2026,,Jr.,,,Platte City,MO,Platte County R-111 HS
Fischer Hendershot,Eastern Michigan,2026,76,So.,RIGHT,RIGHT,Flushing,MI,Flint Powers
Michael Pfeiffer,Eastern Michigan,2026,74,Sr.,RIGHT,RIGHT,Brownsboro,AL,Huntsville
John Carmichael,Eastern Michigan,2026,72,Jr.,,,Destrehan,LA,Destrehan High School
Ethan Davis,Eastern Michigan,2026,73,Sr.,RIGHT,RIGHT,Brownstown,IN,Brownstown Central
Emmett Gillies,Eastern Michigan,2026,75,Sr.,RIGHT,RIGHT,Columbus,OH,Bishop Hartley
Brian Henson Jr.,Eastern Michigan,2026,,Jr.,,,Huntsville,AL,Buckhorn High School
Landon Mueller,Eastern Michigan,2026,71,Sr.,RIGHT,RIGHT,Fremont,NE,Fremont
Eli Henderson,Eastern Michigan,2026,72,Jr.,RIGHT,RIGHT,Gallatin,TN,Trousdale County
Carter White,Eastern Michigan,2026,72,Jr.,,LEFT,,,
Jack Angus,Eastern Michigan,2026,75,Jr.,RIGHT,RIGHT,Darien,IL,Montini Catholic
Cole Egan,Eastern Michigan,2026,74,Jr.,LEFT,LEFT,Pittsburgh,PA,West Allegheny
Henry Slaby,Eastern Michigan,2026,74,So.,RIGHT,RIGHT,Avon Lake,OH,St. Edward
Nick Keane,Eastern Michigan,2026,73,Sr.,RIGHT,RIGHT,Harrisburg,PA,Central Dauphin
Liam Richards,Elon,2026,73,Jr.,RIGHT,LEFT,Austin,TX,Lake Travis High School
Jackson Alford,Elon,2026,71,Sr.,RIGHT,RIGHT,Marietta,GA,Walton
Brian Duroff,Elon,2026,73,Sr.,RIGHT,RIGHT,Danville,CA,Monte Vista High
Gar Hindle,Elon,2026,71,Fr.,LEFT,RIGHT,Rye,NH,Portsmouth High School
Vince Fattore,Elon,2026,71,Jr.,RIGHT,RIGHT,Plymouth Meeting,PA,William Penn Charter
Jared Hall,Elon,2026,72,Jr.,LEFT,LEFT,Chilliwack,Canada,Unknown School
Brent Smith,Elon,2026,73,So.,RIGHT,RIGHT,Fayetteville,NC,Terry Sanford
Jake Hajdu,Elon,2026,71,So.,RIGHT,RIGHT,Sterling,MA,The Winchendon School
Gavin Bogdanchik,Elon,2026,72,Sr.,RIGHT,RIGHT,Wellington,FL,Wellington HS
Charles Evans,Elon,2026,70,So.,RIGHT,RIGHT,Austin,TX,St. Michael's Academy
Kevin Denty,Elon,2026,73,Jr.,LEFT,RIGHT,Tinley Park,IL,Marion Catholic
Nate Sterling,Elon,2026,70,Jr.,RIGHT,RIGHT,Los Angeles,CA,Laurel Springs School
Henry Akopov,Elon,2026,72,Fr.,RIGHT,RIGHT,Marietta,GA,Mount Paran Christian School
Connor Roche,Elon,2026,75,Jr.,RIGHT,RIGHT,Westwood,NJ,Westwood
Lawson Wheeler,Elon,2026,71,Jr.,RIGHT,RIGHT,Raleigh,NC,Cary Academy
Jose Mariano,Elon,2026,73,Jr.,RIGHT,RIGHT,Manila,Philippines,Valencia HS
Simon Hoffman,Elon,2026,76,Fr.,RIGHT,RIGHT,Beverly Hills,CA,Calabasas
Aidan Stieglitz,Elon,2026,75,Fr.,RIGHT,RIGHT,Basking Ridge,NJ,Ridge High School
Cole Hansen,Elon,2026,73,Sr.,RIGHT,RIGHT,Skillman,NJ,Montgomery
Kehler Hamilton,Elon,2026,74,So.,RIGHT,RIGHT,Haymarket,VA,Highland School
Brian Strange,Elon,2026,73,Sr.,RIGHT,RIGHT,Westfield,MA,
Michael Staiano,Elon,2026,75,Jr.,LEFT,LEFT,Ridgewood,NJ,Don Bosco Prep
Sam Nomura,Elon,2026,71,Sr.,RIGHT,RIGHT,Maplewood,NJ,Seton Hall Prep
Cole Miller,Elon,2026,74,Fr.,LEFT,LEFT,Schenectady,NY,Guilderland HS
Owen Winebarger,Elon,2026,74,So.,RIGHT,LEFT,Marshall,VA,Highland School
RJ Latkowski,Elon,2026,72,Sr.,RIGHT,RIGHT,Austin,TX,St. Michael's Catholic
Cade Mustard,Elon,2026,70,So.,RIGHT,RIGHT,Harrisburg,PA,Central Dauphin
Eric Lintelman,Elon,2026,70,So.,RIGHT,RIGHT,West Chester,PA,West Chester Henderson
Tommy Mitchell,Elon,2026,75,So.,LEFT,LEFT,Milton,MA,Milton
Hank Krift,Elon,2026,76,So.,RIGHT,RIGHT,Brooksville,KY,Bracken County
Cole Taylor,Elon,2026,69,Fr.,RIGHT,RIGHT,Berkley,MA,Tabor Academy
Nicholas Madrigal,Emmanuel (GA),2026,72,Sr.,RIGHT,RIGHT,San Jose,CA,
Davis Roesler,Emmanuel (GA),2026,70,Jr.,,,Loganville,GA,Loganville HS
Dee Oliver,Emmanuel (GA),2026,,Jr.,,,Martin,GA,Franklin County
Tyler Bradford,Emmanuel (GA),2026,72,So.,RIGHT,RIGHT,Marietta,GA,Kell High School
Hunter Pirkle,Emmanuel (GA),2026,73,Jr.,,,Buford,GA,Mill Creek HS
Ethan Pooler,Emmanuel (GA),2026,73,Sr.,,,Salem,AL,Beauregard High School
Brayden Pooler,Emmanuel (GA),2026,73,So.,LEFT,LEFT,Salem,AL,Beauregard High School
Zach Evans,Emmanuel (GA),2026,74,So.,RIGHT,RIGHT,Stockbridge,GA,Stockbridge High School
Miles Dodd,Emmanuel (GA),2026,73,Sr.,,,Hartwell,GA,Franklin Co. HS
Ky Gregoire,Emory & Henry,2026,,Sr.,,,,,
Jadden Rodriguez,Emory & Henry,2026,,Jr.,LEFT,RIGHT,,,
Rhett Barker,Emory & Henry,2026,,So.,,,,,
Jack Ferguson,Emory & Henry,2026,,Jr.,,,,,
Jaret Hoppes,Emory & Henry,2026,,So.,,,,,
Drew Park,Emory & Henry,2026,,Sr.,,,,,
Jacob Nester,Emory & Henry,2026,74,Sr.,,,,,
Brady Halstead,Emory & Henry,2026,,Sr.,,,,,
Hunter Word,Emory & Henry,2026,,So.,,,,,
Cole Gillis,Emory & Henry,2026,,So.,,,,,
Drew Lanzo,Emory & Henry,2026,72,Jr.,LEFT,LEFT,,,Hickory Grove Christian
Jacob Platt,Erskine,2026,,Sr.,,,,,
Mason McManus,Erskine,2026,,Sr.,,,,,
Pierce Radke,Erskine,2026,,Sr.,,,,,
Adrian Rolon,Erskine,2026,73,So.,,,,,
Elliot Sanders,Erskine,2026,,Sr.,,,,,
Noah Hill,Erskine,2026,,Sr.,,,,,
Quinn Allen,Erskine,2026,,Sr.,,,,,
Kyle Knoll,Erskine,2026,78,Jr.,,,,,
Elias Hachem,Erskine,2026,80,Jr.,RIGHT,RIGHT,Oak Park,IL,Mt. Carmel
Hunter Pankey,Erskine,2026,,Jr.,,,,,
Scott Hardy,Erskine,2026,,So.,,,,,
Eric Enerlich,Erskine,2026,,Jr.,,,Lexington,KY,Lafayette Senior High School
Eli Bottell,Erskine,2026,75,Sr.,,,,,
Spike Magill,Evansville,2026,71,Fr.,RIGHT,RIGHT,Highlands Ranch,CO,Mountain Vista High School
Ryan Seddon,Evansville,2026,71,So.,LEFT,LEFT,Joliet,IL,St. Laurence HS
Reid Haire,Evansville,2026,72,Jr.,LEFT,LEFT,Hudson,NC,Pro 5 Baseball Academy
Harrison Taubert,Evansville,2026,72,Sr.,RIGHT,RIGHT,Casper,WY,Natrona County HS
Drew McConnell,Evansville,2026,71,So.,LEFT,RIGHT,Blue Springs,MO,Blue Springs HS
Reagan Reeder,Evansville,2026,78,So.,RIGHT,RIGHT,Anoka,MN,Anoka
Charlie Longmeier,Evansville,2026,,Jr.,LEFT,LEFT,Seymour,IN,Seymour
Ximi Baftiri,Evansville,2026,73,Fr.,RIGHT,RIGHT,Morris,IL,Morris Community High School
Simon Schulz,Evansville,2026,72,Fr.,LEFT,RIGHT,Newburgh,IN,Reitz Memorial High School
Cooper Rhodes,Evansville,2026,67,Fr.,RIGHT,RIGHT,Jackson,MO,Jackson High School
Kaleb Wilkey,Evansville,2026,,Jr.,RIGHT,RIGHT,Manhattan,IL,Lincoln-Way West
Trenton Lombardo,Evansville,2026,72,Fr.,LEFT,RIGHT,Thousand Oaks,CA,IMG Academy
Wyatt Pennington,Evansville,2026,72,Fr.,RIGHT,RIGHT,Avon,IN,Avon High School
Tate Deal,Evansville,2026,71,Fr.,RIGHT,RIGHT,Arvada,CO,Arvada West High School
Mason McCue,Evansville,2026,69,So.,LEFT,RIGHT,Bourbonnais,IL,Bishop McNamara
Aaron Nehls,Evansville,2026,,Jr.,RIGHT,RIGHT,Evansville,IN,North
Benji Kautto,Evansville,2026,71,Fr.,LEFT,RIGHT,Toronto,Canada,W. Technical Commercial
Tanner Graham,Evansville,2026,73,Fr.,RIGHT,RIGHT,Rocheport,MO,David H Hickman High School
Max Hansmann,Evansville,2026,73,Sr.,RIGHT,RIGHT,Elmhurst,IL,York
Chris McCormack,Evansville,2026,74,Jr.,RIGHT,RIGHT,Naperville,IL,Naperville Central High School
Parker MacCauley,Evansville,2026,75,Sr.,LEFT,RIGHT,Paducah,KY,St. Mary HS
Kellen Roberts,Evansville,2026,,Jr.,RIGHT,RIGHT,Monroe,MI,Monroe
Owen Byberg,Evansville,2026,72,Sr.,RIGHT,RIGHT,Barrie,Canada,
Jack Willhite,Evansville,2026,69,Fr.,LEFT,LEFT,Georgetown,KY,Scott County Senior High Sch
Conner Vander luitgaren,Evansville,2026,74,So.,RIGHT,RIGHT,Bargersville,IN,Center Grove HS
Kenton Deverman,Evansville,2026,,Jr.,LEFT,LEFT,Dardenne Prairie,MO,Fort Zumwalt West
Drue Young,Evansville,2026,67,Sr.,RIGHT,RIGHT,Greenwood,IN,Center Grove
Drew Fieger,Evansville,2026,,Sr.,RIGHT,RIGHT,Fort Mitchell,KY,Beechwood
Kevin Reed,Evansville,2026,,Jr.,LEFT,LEFT,Martinsville,IN,Martinsville
RJ James,Evansville,2026,70,So.,RIGHT,RIGHT,Toronto,Canada,Sir John A MacDonald HS
Cameron Mosier,Evansville,2026,73,Fr.,LEFT,LEFT,Fenton,MO,Rockwood Summit High School
Jon Embury,FGCU,2026,72,So.,RIGHT,RIGHT,Port Charlotte,FL,Venice HS
Javier Gorostola,FGCU,2026,72,Jr.,RIGHT,RIGHT,Miami,FL,Florida Christian
Evan Dempsey,FGCU,2026,74,Jr.,RIGHT,RIGHT,Tampa,FL,Newsome
Tyler Herb,FGCU,2026,75,So.,LEFT,RIGHT,Mount Dora,FL,TNXL
Jaret Nelson,FGCU,2026,76,Sr.,RIGHT,RIGHT,Nixa,MO,Nixa HS
Willfred Gonzalez,FGCU,2026,70,Sr.,LEFT,RIGHT,Miramar,FL,Mater Academy Lakes Charter HS
Jeremy Comer,FGCU,2026,74,So.,LEFT,RIGHT,Shawnee,KS,St. James Academy
Nathan Gagnon,FGCU,2026,73,Sr.,LEFT,LEFT,Otterburn Park,Canada,Quebec Schools
Cayden Hessemyer,FGCU,2026,72,So.,RIGHT,RIGHT,Odessa,FL,Steinbrenner HS
Andrew Seidel,FGCU,2026,70,Jr.,RIGHT,RIGHT,Newhall,CA,William Fremd High School
Cole Lasher,FGCU,2026,74,Fr.,RIGHT,RIGHT,Fort Lauderdale,FL,Saint Thomas Aquinas HS
Keaton Kangas,FGCU,2026,74,So.,LEFT,RIGHT,Lake Worth,FL,Santaluces Community HS
Sebastian Lippman,FGCU,2026,74,Fr.,BOTH,RIGHT,Plainview,NY,Plainview-Old Bethpage/JFK HS
Brandyn Gonzalez,FGCU,2026,70,Sr.,LEFT,RIGHT,Miramar,FL,Mater Academy Lakes Charter HS
Merrick Rapoza,FGCU,2026,73,Fr.,LEFT,RIGHT,Fleming Island,FL,Clay High School
Juan Santos,FGCU,2026,74,Fr.,RIGHT,RIGHT,Carolina,PR,Antilles High School
Jordan Vera,FGCU,2026,74,Jr.,RIGHT,RIGHT,Miami,FL,Elite Squad Academy
Ashton Pocol,FGCU,2026,74,Jr.,RIGHT,RIGHT,Saint Johns,FL,Bartram Trail
Hunter Possehl,FGCU,2026,79,Jr.,LEFT,LEFT,Nokomis,FL,Venice
Elliot Cadieux Lanoue,FGCU,2026,73,So.,LEFT,LEFT,Montreal,Canada,Ecole Seondaire Fadette
Mattox Meeks,FGCU,2026,76,So.,RIGHT,RIGHT,New Smyrna Beach,FL,New Smyrna HS
Logan Baisley,FGCU,2026,76,So.,RIGHT,RIGHT,Land O Lakes,FL,Land O'Lakes HS
Hyatt Richardson,FGCU,2026,73,Fr.,RIGHT,RIGHT,Live Oak,FL,Lafayette High School
Logan Eisenbarth,FGCU,2026,74,Sr.,RIGHT,RIGHT,Williams Bay,WI,Barrington Community HS
Levent Eldem,FGCU,2026,79,Sr.,RIGHT,RIGHT,Ocala,FL,Oak Hill HS
Chris Diaz,FGCU,2026,72,So.,RIGHT,RIGHT,Miami,FL,Miami Christian
Preston Rogers,FGCU,2026,73,So.,RIGHT,RIGHT,Plant City,FL,Durant
Simon Aluko,FGCU,2026,74,Sr.,LEFT,LEFT,Acworth,GA,Georgia Premier Academy
Ryan Rushing,FGCU,2026,70,Jr.,RIGHT,LEFT,Bradenton,FL,IMG Academy
Reed Biemiller,FGCU,2026,71,Fr.,RIGHT,RIGHT,Tampa,FL,Jesuit High School
Stetson Callaway,FGCU,2026,76,Jr.,RIGHT,RIGHT,Tuscola,TX,Homeschool
Dominic Camera,Fairfield,2026,74,Sr.,RIGHT,RIGHT,Manhasset,NY,St. Dominic
Carter Grande,Fairfield,2026,,Fr.,,,Midland Park,NJ,Saint Joseph Regional HS
Matthew Bucciero,Fairfield,2026,74,Sr.,RIGHT,RIGHT,Ridgefield,CT,Ridgefield
TJ Schmalzle,Fairfield,2026,70,Sr.,RIGHT,RIGHT,Lake Wallenpaupack,PA,Wallenpaupack Area
Luke Nomura,Fairfield,2026,70,Sr.,RIGHT,RIGHT,Maplewood,NJ,
Liam Mcilroy,Fairfield,2026,71,Sr.,RIGHT,RIGHT,Marblehead,MA,Marblehead
Connor Scanlan,Fairfield,2026,72,So.,RIGHT,RIGHT,Holmes,PA,Haverford School
Jake Haarde,Fairfield,2026,61,So.,RIGHT,RIGHT,Sudbury,MA,Lincoln-Sudbury Regional
JP Kuczik,Fairfield,2026,66,Sr.,RIGHT,RIGHT,Saddle Brook,NJ,Don Bosco Prep
Luke Spencer,Fairfield,2026,,Sr.,RIGHT,RIGHT,Lehman,PA,Lake Lehman
Nolan Colby,Fairfield,2026,72,So.,LEFT,RIGHT,Amherst,NH,Souhegan
Zach Stephenson,Fairfield,2026,,Sr.,,,,,
Ryan Paine,Fairfield,2026,,Fr.,,,Trumbull,CT,Trumbull High School
Aidan Baglino,Fairfield,2026,72,Jr.,RIGHT,RIGHT,Cresskill,NJ,Bergen Catholic
Hunter Hoxie,Fairfield,2026,71,So.,RIGHT,LEFT,Milford,CT,Jonathan Law
Ryan Maiorano,Fairfield,2026,73,Jr.,RIGHT,RIGHT,Bellingham,MA,Bellingham
Harrison Engle,Fairfield,2026,,Fr.,,,Avon,CT,Kingswood-oxford School
Brendon Miller,Fairfield,2026,75,So.,LEFT,LEFT,San Diego,CA,Torrey Pines
Will Youngman,Fairfield,2026,72,Sr.,LEFT,LEFT,Dallas,PA,Wyoming Seminary Prepatory
Ben Alekson,Fairfield,2026,74,Jr.,RIGHT,RIGHT,Stowe,VT,Stowe
Jack Sheldon,Fairfield,2026,75,So.,RIGHT,RIGHT,Simsbury,CT,Westminster
Matthew Grabmann,Fairfield,2026,73,Jr.,BOTH,RIGHT,Dartmouth,Canada,TNXL Academy (Fla.)
Nick Kelly,Fairfield,2026,73,So.,LEFT,LEFT,South Burlington,VT,South Burlington
Devin Wolff,Fairfield,2026,77,Jr.,,RIGHT,Ellington,CT,
Alex Frank,Fairfield,2026,75,Jr.,RIGHT,RIGHT,Marlboro,NJ,Marlboro
Jeremy Delamota,Fairleigh Dickinson,2026,73,Sr.,RIGHT,RIGHT,New York,NY,
Hunter Ray,Fairleigh Dickinson,2026,72,So.,LEFT,RIGHT,Woodbine,NJ,Lower Cape May Regional
Johnathan Gomez,Fairleigh Dickinson,2026,72,So.,RIGHT,RIGHT,Coral Springs,FL,Calvary Christian Academy
Travis Stroh,Fairleigh Dickinson,2026,70,So.,RIGHT,RIGHT,Shelburne,VT,Champlain Valley Union
Diego Urreta,Fairleigh Dickinson,2026,69,Sr.,LEFT,RIGHT,Cortlandt Manor,NY,The Harvey School
Jimmy Mantuano,Fairleigh Dickinson,2026,70,Jr.,LEFT,LEFT,Marlton,NJ,Saint Joseph Academy
Garryn Plummer,Fairleigh Dickinson,2026,71,Sr.,RIGHT,RIGHT,Wichita,KS,Wichita High School West
Jeremy Cheeseman,Fairleigh Dickinson,2026,74,Sr.,LEFT,RIGHT,Marlton,NJ,Cherokee
Nick Quagliato,Fairleigh Dickinson,2026,71,Jr.,RIGHT,RIGHT,Neptune,NJ,Neptune
Mason Hebert,Fairleigh Dickinson,2026,70,So.,RIGHT,RIGHT,West Hartford,CT,Hall
Logan Magdits,Fairleigh Dickinson,2026,71,Sr.,RIGHT,RIGHT,Nazareth,PA,Pen Argyl
Christopher Mattioli,Fairleigh Dickinson,2026,72,Sr.,RIGHT,RIGHT,Staten Island,NY,Monsignor Farrell
Jason DeMarco,Fairleigh Dickinson,2026,73,Sr.,RIGHT,RIGHT,Hawthorne,NJ,Hawthorne
Garrett Pancione,Ferrum,2026,71,Sr.,RIGHT,RIGHT,Warrenton,VA,Highland School
Gage Miller,Ferrum,2026,74,So.,RIGHT,RIGHT,Asheboro,NC,Asheboro
Matthew Wright,Ferrum,2026,,Sr.,RIGHT,RIGHT,,,
Caden McDonald,Florida,2026,75,So.,RIGHT,RIGHT,Tampa,FL,Sickles
Brendan Lawson,Florida,2026,75,So.,LEFT,RIGHT,Toronto,Canada,P27 Academy
Ethan Surowiec,Florida,2026,73,So.,RIGHT,RIGHT,Gulfport,MS,Gulfport
Kyle Jones,Florida,2026,75,Jr.,RIGHT,RIGHT,Athens,GA,North Oconee HS
Blake Cyr,Florida,2026,71,Sr.,RIGHT,RIGHT,Windermere,FL,Windermere
Landon Stripling,Florida,2026,,Jr.,LEFT,RIGHT,Lawrenceville,GA,Parkview
Hayden Yost,Florida,2026,73,Jr.,LEFT,LEFT,Tampa,FL,Sickles
Cade Kurland,Florida,2026,71,Sr.,RIGHT,RIGHT,Tampa,FL,Berkeley Prep
Cash Strayer,Florida,2026,74,Fr.,LEFT,RIGHT,Tampa,FL,Plant
Cole Stanford,Florida,2026,72,Sr.,RIGHT,RIGHT,Ellerslie,GA,Harris County
Justin Nadeau,Florida,2026,72,Sr.,LEFT,RIGHT,Saint Johns,FL,Bartram Trail
Karson Bowen,Florida,2026,71,Sr.,RIGHT,RIGHT,Anaheim,CA,Orange Lutheran
Colton Schwarz,Florida,2026,72,Fr.,RIGHT,RIGHT,Jupiter,FL,Jupiter
Sam Miller,Florida,2026,72,Sr.,RIGHT,RIGHT,McMurray,PA,Peters Township
Jacob Kendall,Florida,2026,73,Fr.,LEFT,RIGHT,St Augustine,FL,A3 Academy
Kolt Myers,Florida,2026,74,Fr.,RIGHT,RIGHT,Saint Augustine,FL,St. John's Country Day
Ashton Wilson,Florida,2026,72,Sr.,RIGHT,RIGHT,Orlando,FL,TNXL Academy
Russell Sandefer,Florida,2026,73,Jr.,RIGHT,RIGHT,Tampa,FL,Robinson
Jackson Barberi,Florida,2026,76,So.,RIGHT,RIGHT,Snellville,GA,Brookwood
Aidan King,Florida,2026,74,So.,LEFT,RIGHT,Jacksonville,FL,Bishop John J. Snyder
Joshua Whritenour,Florida,2026,74,Fr.,LEFT,RIGHT,Tampa,FL,Sickles
Luke McNeillie,Florida,2026,75,Jr.,LEFT,RIGHT,Milton,GA,Milton
Liam Peterson,Florida,2026,77,Jr.,RIGHT,RIGHT,Palm Harbor,FL,Calvary Christian
Ricky Reeth,Florida,2026,76,Sr.,LEFT,RIGHT,Windermere,FL,West Orange
Ernesto Lugo-Canchola,Florida,2026,77,Sr.,LEFT,LEFT,Pleasant Grove,UT,Pleasant Grove
Cooper Walls,Florida,2026,77,So.,RIGHT,RIGHT,Carlsbad,CA,La Costa Canyon HS
Jackson Hoyt,Florida,2026,75,Fr.,LEFT,LEFT,Brooksville,FL,Nature Coast Technical
Billy Barlow,Florida,2026,74,Sr.,RIGHT,RIGHT,North Myrtle Beach,SC,North Myrtle Beach HS
Eli Blair,Florida,2026,80,Fr.,LEFT,LEFT,Panama City Beach,FL,J.R. Arnold
Schuyler Sandford,Florida,2026,78,Fr.,RIGHT,RIGHT,Jacksonville,FL,St. John's Country Day
Christian Rodriguez,Florida,2026,72,So.,RIGHT,RIGHT,Coral Springs,FL,Marjory Stoneman Douglas
Jackson McKenzie,Florida A&M,2026,73,Jr.,LEFT,LEFT,Pace,FL,Pace HS
Caden Kresak,Florida A&M,2026,67,Sr.,LEFT,LEFT,Gainesville,FL,
Jay Campbell,Florida A&M,2026,71,So.,RIGHT,RIGHT,Tallahassee,FL,
Ethan Miller,Florida A&M,2026,74,Sr.,RIGHT,RIGHT,Tallahassee,FL,
William Brown,Florida A&M,2026,71,Sr.,RIGHT,RIGHT,Tallahassee,FL,Rickards HS
Alex Monile,Florida A&M,2026,69,Jr.,LEFT,LEFT,Tampa,FL,Calvary Christian High School
Josue Figueroa,Florida A&M,2026,73,Jr.,,,Sun Prairie,WI,
Joshua Bell,Florida A&M,2026,72,So.,RIGHT,RIGHT,Winter Garden,FL,
Matthew Perez,Florida A&M,2026,,So.,,,,,
Justen Crews,Florida A&M,2026,73,Sr.,RIGHT,RIGHT,Archer,FL,
Colton Ryals,Florida A&M,2026,70,Sr.,RIGHT,RIGHT,Hosford,FL,Blountstown
Adam Parzych,Florida A&M,2026,72,Sr.,RIGHT,RIGHT,Tallahassee,FL,
Caleb Granger,Florida A&M,2026,71,Sr.,RIGHT,RIGHT,Tallahassee,FL,
Garrett Workman,Florida A&M,2026,74,So.,LEFT,LEFT,Tallahassee,FL,
Clark Lincoln,Florida A&M,2026,69,So.,RIGHT,RIGHT,Tampa,FL,Vivian Gaither High School
JD Garner,Florida A&M,2026,77,Sr.,RIGHT,RIGHT,Jacksonville,FL,
Tanner Walker,Florida A&M,2026,74,Sr.,RIGHT,RIGHT,Eustis,FL,
Ryan Young,Florida A&M,2026,69,So.,RIGHT,RIGHT,Ocala,FL,
Karson Lindsey,Florida A&M,2026,71,Jr.,LEFT,LEFT,Ocala,FL,North Marion High School
Jesus Campa,Florida A&M,2026,74,Sr.,RIGHT,RIGHT,El Paso,TX,
Roan Tarbert,Florida A&M,2026,73,Jr.,RIGHT,RIGHT,Tallahassee,FL,Leon High School
Jonathan Lopez,Florida Atlantic,2026,72,Fr.,LEFT,RIGHT,,,
Nick Romano,Florida Atlantic,2026,74,Sr.,BOTH,RIGHT,Boca Raton,FL,American Heritage
Ian Collier,Florida Atlantic,2026,73,Sr.,RIGHT,RIGHT,Plano,TX,Trinity Christian Academy
Kyle Boylston,Florida Atlantic,2026,73,So.,RIGHT,RIGHT,Orange Park,FL,St. John's Country Day
Patrick Ward,Florida Atlantic,2026,75,Sr.,RIGHT,RIGHT,Port Saint Lucie,FL,Jensen Beach
Marshall Lipsey,Florida Atlantic,2026,73,Sr.,LEFT,RIGHT,Longview,TX,
John Martinez,Florida Atlantic,2026,71,So.,RIGHT,RIGHT,Orlando,FL,Montverde Academy
Brett Patten,Florida Atlantic,2026,74,Jr.,LEFT,LEFT,,,
Michael Perazza,Florida Atlantic,2026,75,So.,LEFT,LEFT,Naples,FL,Community School of Naples
Xavier Moronta,Florida Atlantic,2026,70,Sr.,LEFT,LEFT,Miramar,FL,Doral Academy
TJ Gramesty,Florida Atlantic,2026,69,So.,RIGHT,RIGHT,Boca Raton,FL,North Broward Prep
Eli Small,Florida Atlantic,2026,,So.,,,,,
Jayden Harriel,Florida Atlantic,2026,74,So.,RIGHT,RIGHT,Oldsmar,FL,East Lake
Brando Leroux,Florida Atlantic,2026,67,Sr.,RIGHT,RIGHT,Ontario,CA,St. Augustine
Danny Baez,Florida Atlantic,2026,72,Sr.,LEFT,RIGHT,Oviedo,FL,
Zach Kilby,Florida Atlantic,2026,77,Sr.,LEFT,LEFT,Tampa,FL,
Reilly Witmer,Florida Atlantic,2026,76,Jr.,RIGHT,RIGHT,Naples,FL,Naples
Brayden Gilson,Florida Atlantic,2026,75,So.,RIGHT,RIGHT,St Augustine,FL,Bartram Trail HS
Dalton Robinson,Florida Atlantic,2026,79,Jr.,RIGHT,RIGHT,Casselberry,FL,Lake Howell
James Litman,Florida Atlantic,2026,72,So.,RIGHT,RIGHT,Boca Raton,FL,West Boca Raton
Carson Kimball,Florida Atlantic,2026,72,Fr.,RIGHT,RIGHT,The Woodlands,TX,The Woodlands
Tyler Murphy,Florida Atlantic,2026,73,Sr.,RIGHT,RIGHT,Palm City,FL,Martin County
Kide Adetuyi,Florida Atlantic,2026,73,Jr.,RIGHT,LEFT,Merritt Island,FL,Merritt Island
Bryan Boully,Florida Atlantic,2026,74,Sr.,RIGHT,RIGHT,Dover,FL,Strawberry Crest
Kyzer Smith,Florida Atlantic,2026,,So.,RIGHT,RIGHT,,,
Brody Juntunen,Florida Atlantic,2026,75,Fr.,RIGHT,RIGHT,,,
Ryan Buckler,Florida Atlantic,2026,72,Jr.,RIGHT,RIGHT,Marstons Mills,MA,The Winchendon School
Garrett Grant,Florida Atlantic,2026,76,Fr.,RIGHT,RIGHT,,,
Cameron Horner,Florida Atlantic,2026,71,Sr.,RIGHT,RIGHT,,,
Dylan Oborne,Florida Atlantic,2026,75,Sr.,RIGHT,RIGHT,Ontario,CA,Westmount Collegiate Institute
Caden Sammler,Florida International,2026,72,Jr.,RIGHT,RIGHT,Urbandale,IA,Northwest High School
Mario Trivella,Florida International,2026,71,Jr.,RIGHT,RIGHT,Parrish,FL,Sarasota High School
Samuel Fischer,Florida International,2026,74,Jr.,LEFT,RIGHT,Santiago de Cali,Colombia,True North Classical Academy
Cooper Rasmussen,Florida International,2026,73,Jr.,LEFT,RIGHT,Bartlesville,OK,Chaparral High School
Aidan Cohall,Florida International,2026,73,Jr.,LEFT,RIGHT,Cortlandt Manor,NY,Walter Panas
Andrew Ildefonso,Florida International,2026,73,So.,RIGHT,RIGHT,Miami,FL,Archbishop McCarthy HS
Marc Hersh,Florida International,2026,71,So.,RIGHT,RIGHT,Lutz,FL,A3 Academy
Cole Cleveland,Florida International,2026,74,So.,LEFT,RIGHT,Delray Beach,FL,Calvary Christian Academy
Luca Reyes,Florida International,2026,74,So.,LEFT,LEFT,Teaneck,NJ,Bergen Catholic
Aris Rivera,Florida International,2026,76,Sr.,RIGHT,RIGHT,Plantation,FL,J.P. Taravella
Trey Freeman,Florida International,2026,72,Jr.,BOTH,RIGHT,Tampa,FL,H B Plant High School
Enrique Alvarez,Florida International,2026,75,Sr.,LEFT,LEFT,Miami,FL,SLAM Academy
Vicente Feliciano,Florida International,2026,72,Sr.,LEFT,RIGHT,Auburn,WA,
Tracen Cameron,Florida International,2026,71,So.,RIGHT,RIGHT,Vero Beach,FL,John Carroll Catholic
Preston Leon,Florida International,2026,71,Sr.,BOTH,RIGHT,Harrison,MI,Dakota
Hector Candelas,Florida International,2026,72,Sr.,LEFT,LEFT,Carolina,PR,TNXL Academy
Boston Doeschot,Florida International,2026,75,Jr.,RIGHT,RIGHT,Kingsley,IA,Kingsley-pierson Community Sch
Adonys Velez,Florida International,2026,71,So.,RIGHT,RIGHT,Orlando,FL,Olympia HS
Kyle Koehler,Florida International,2026,74,Sr.,RIGHT,RIGHT,Pickerington,OH,Pickerington North HS
Tyrus Riley,Florida International,2026,78,Sr.,RIGHT,RIGHT,Bentonville,AR,Bentonville
Brennan Confreda,Florida International,2026,72,Fr.,LEFT,LEFT,Melbourne,FL,Viera High School
Enrique Sierra,Florida International,2026,73,Jr.,RIGHT,RIGHT,Plantation,FL,Homeschool
Jeremy Urena,Florida International,2026,72,Sr.,RIGHT,RIGHT,Johnston,RI,Johnston
Julian Mlodzinski,Florida International,2026,74,Sr.,RIGHT,RIGHT,Hilton Head,SC,Hilton Head HS
Preston Prince,Florida International,2026,77,Sr.,LEFT,LEFT,Hilton,NY,Hilton
Jordan Vargas,Florida International,2026,77,Jr.,RIGHT,RIGHT,Hialeah,FL,Miami Springs
Cooper Foster,Florida International,2026,75,Jr.,LEFT,LEFT,Gilbert,AZ,Gilbert High School
George Adams,Florida International,2026,74,So.,LEFT,LEFT,Massapequa,NY,Massapequa
Bryce Turner,Florida International,2026,79,So.,RIGHT,RIGHT,Rockledge,FL,Rockledge HS
Matthew Delvecchio,Florida International,2026,72,Sr.,RIGHT,RIGHT,San Marcos,CA,
Jarek Woodward,Florida International,2026,76,Sr.,,RIGHT,Seattle,WA,Bishop Blanchet
Mason Koczwara,Florida International,2026,75,Jr.,RIGHT,RIGHT,Bay Harbor Islands,FL,Pine Crest
Rene Lastres,Florida International,2026,75,Sr.,RIGHT,RIGHT,Hialeah Gardens,FL,Calvary Christian Academy
Quinten McManmon,Florida International,2026,78,Sr.,RIGHT,RIGHT,Gray,GA,Jones County
Clayton Sherwood,Florida International,2026,72,Jr.,RIGHT,RIGHT,Monroe,NC,Piedmont High School
Cory Filley,Florida Southern,2026,72,Sr.,RIGHT,RIGHT,Dade City,FL,Pasco
Ryan Jenkins,Florida Southern,2026,69,Sr.,RIGHT,RIGHT,Winter Haven,FL,Lakeland Christian
Mikey Scott,Florida Southern,2026,74,Sr.,RIGHT,RIGHT,Cutler Bay,FL,Westminster Christian
Sachem Ramos,Florida Southern,2026,73,Jr.,RIGHT,RIGHT,Brooklyn,NY,Salisbury School
Elliott Joslin,Florida Southern,2026,78,So.,RIGHT,RIGHT,Fairfax,CA,Archie Williams HS
Ty Bradle,Florida Southern,2026,74,Jr.,RIGHT,RIGHT,Fishers,IN,Hamilton Southeastern
Myles Bailey,Florida State,2026,76,So.,LEFT,RIGHT,Tallahassee,FL,Lincoln
Jace Estes,Florida State,2026,70,So.,LEFT,RIGHT,Crawfordville,FL,Wakulla Christian
Brayden Dowd,Florida State,2026,70,Jr.,LEFT,LEFT,Clarkston,MI,Brother Rice HS
Will Bavaro,Florida State,2026,74,Fr.,RIGHT,RIGHT,Lake Worth,FL,Park Vista Community HS
Brody DeLamielleure,Florida State,2026,73,So.,RIGHT,RIGHT,St Augustine,FL,Bartram Trail
Hunter Carns,Florida State,2026,72,So.,RIGHT,RIGHT,Jacksonville,FL,First Coast
Ben Barrett,Florida State,2026,76,Sr.,RIGHT,RIGHT,Orlando,FL,The First Academy
Gabe Fraser,Florida State,2026,74,So.,LEFT,RIGHT,Huntington Beach,CA,Orange Lutheran HS
Nathan Cmeyla,Florida State,2026,71,Sr.,RIGHT,RIGHT,Ashburn,VA,Briar Woods
John Stuetzer,Florida State,2026,71,Fr.,RIGHT,RIGHT,Marietta,GA,Alan C Pope High School
Kelvyn Paulino,Florida State,2026,73,Fr.,RIGHT,RIGHT,Thomasville,NC,IMG Academy
Eli Putnam,Florida State,2026,76,Sr.,RIGHT,RIGHT,Cabin John,MD,Walt Whitman
Chase Williams,Florida State,2026,70,Jr.,BOTH,RIGHT,Elmore,AL,Stanhope Elmore
Noah Sheffield,Florida State,2026,73,So.,RIGHT,RIGHT,Tampa,FL,Jesuit
Carter McCulley,Florida State,2026,77,Sr.,RIGHT,RIGHT,Pensacola,FL,Pensacola Catholic
Cal Fisher,Florida State,2026,72,Jr.,RIGHT,RIGHT,Deerfield,WI,Deerfield
Wes Mendes,Florida State,2026,73,Jr.,LEFT,LEFT,Tampa,FL,Tampa Jesuit
Kevin Mebil,Florida State,2026,72,Jr.,LEFT,LEFT,West Palm Beach,FL,Forrest Hills Community HS
Chris Knier,Florida State,2026,71,Jr.,RIGHT,RIGHT,Jensen Beach,FL,Jensen Beach
Bryson Moore,Florida State,2026,75,Jr.,RIGHT,RIGHT,Fairfax,VA,Gonzaga College
John Abraham,Florida State,2026,75,Jr.,RIGHT,RIGHT,Tampa,FL,Jesuit
Brodie Purcell,Florida State,2026,75,Jr.,RIGHT,RIGHT,Aliso Viejo,CA,JSerra Catholic HS
Trey Beard,Florida State,2026,74,Jr.,LEFT,LEFT,Dunedin,FL,Dunedin
Cade O'Leary,Florida State,2026,76,So.,RIGHT,RIGHT,Nashville,TN,Farragut HS
Jake Echols,Florida State,2026,76,Jr.,RIGHT,RIGHT,Orlando,FL,Freedom High School
Cole Stokes,Florida State,2026,78,Jr.,RIGHT,RIGHT,Redondo Beach,CA,Redondo Union HS
Cooper Whited,Florida State,2026,73,Jr.,LEFT,LEFT,Jacksonville,FL,Sandalwood Senior High School
Gabe Nard,Florida State,2026,71,Sr.,RIGHT,RIGHT,Shaker Heights,OH,St. Ignatius
Payton Manca,Florida State,2026,78,So.,LEFT,LEFT,Winchendon,MA,P27 Academy
Manny Lantigua,Florida State,2026,72,Fr.,BOTH,RIGHT,Delray Beach,FL,Saint John Paul II Academy
Rhett Vaughn,Florida State,2026,75,Fr.,RIGHT,RIGHT,Sebring,FL,Sebring
Joey Donnelly,Fordham,2026,72,Sr.,LEFT,RIGHT,Alamo,CA,De La Salle
Thomas McAndrews,Fordham,2026,74,Sr.,RIGHT,RIGHT,Haverhill,MA,Phillips Andover
Anthony Grabau,Fordham,2026,71,So.,LEFT,RIGHT,Lynnfield,MA,Lynnfield
Taylor Kirk,Fordham,2026,73,So.,RIGHT,RIGHT,Long Beach,CA,Woodrow Wilson
Jack Rubin,Fordham,2026,77,Fr.,RIGHT,RIGHT,Arlington,VA,Yorktown High School
Ernie Little,Fordham,2026,70,Sr.,RIGHT,RIGHT,Melrose,MA,Austin Preparatory School
Madden Ocko,Fordham,2026,74,Jr.,RIGHT,RIGHT,Los Angeles,CA,Notre Dame
Tim Ford,Fordham,2026,74,So.,RIGHT,RIGHT,Philadelphia,PA,William Penn Charter
Chase Hanawalt,Fordham,2026,74,So.,LEFT,RIGHT,West Hartford,CT,William H. Hall
Mason Dean,Fordham,2026,76,Fr.,LEFT,RIGHT,Cary,NC,Green Hope High School
Caden Young,Fordham,2026,71,So.,RIGHT,RIGHT,Mc Kinney,TX,Allen
Tommy Markey,Fordham,2026,71,So.,LEFT,LEFT,East Fallowfield Township,PA,Springside Chestnut Hill
Matthew Dieguez,Fordham,2026,73,Jr.,RIGHT,RIGHT,Westbury,NY,Chaminade
Carson Chavez,Fordham,2026,68,Jr.,RIGHT,RIGHT,Long Beach,CA,Loyola
Andrew Kapica,Fordham,2026,73,Fr.,RIGHT,RIGHT,Katonah,NY,Somers High School
Mason Morello,Fordham,2026,77,Sr.,RIGHT,RIGHT,Longwood,FL,Lake Mary High School
Robbie Stewart,Fordham,2026,74,Sr.,RIGHT,RIGHT,Darien,CT,Avon Old Farms
Declan Cawley,Fordham,2026,72,Fr.,RIGHT,RIGHT,Blue Bell,PA,LA Salle College High School
Aric Berg,Fordham,2026,73,Sr.,RIGHT,RIGHT,Encino,CA,Chaminade
Alec Murray,Fordham,2026,78,Fr.,RIGHT,RIGHT,Fair Oaks,CA,Bella Vista High School
Beau Elson,Fordham,2026,73,So.,RIGHT,LEFT,Hadley,MA,Hopkins Academy
Aidan Dowd,Fordham,2026,73,Jr.,RIGHT,RIGHT,Fairfield,CT,Warde
Ryan Egan,Fordham,2026,74,Sr.,RIGHT,RIGHT,Clinton,CT,Taft
Caden Chavez,Fordham,2026,70,Fr.,LEFT,LEFT,Long Beach,CA,Loyola High School
William Vieira,Fordham,2026,75,Fr.,RIGHT,RIGHT,Philadelphia,PA,Loomis Chaffee School
Jordan Rodarte,Fordham,2026,75,So.,RIGHT,RIGHT,Lake Balboa,CA,Chaminade College Prep
Aidan O'Brien,Fordham,2026,72,So.,RIGHT,RIGHT,Alexandria,VA,Alexandria City High School
Koen Smith,Fordham,2026,76,Jr.,RIGHT,RIGHT,Honolulu,HI,Moanalua
Chris Clement,Fresno Pacific,2026,72,Sr.,RIGHT,RIGHT,Hanford,CA,Hanford
Gabriel Henderson,Fresno Pacific,2026,70,Sr.,RIGHT,RIGHT,Sacramento,CA,C.K. McClatchy High School
Aaron Martinez,Fresno Pacific,2026,73,Sr.,RIGHT,RIGHT,Planada,CA,
Darryl Dilworth,Fresno Pacific,2026,73,So.,RIGHT,RIGHT,Fairfield,CA,Vanden
TeJean Smith,Fresno Pacific,2026,70,Sr.,RIGHT,RIGHT,Sacramento,CA,
Jake Turley,Fresno Pacific,2026,76,So.,RIGHT,RIGHT,Fresno,CA,Clovis West
Derek McNary,Fresno Pacific,2026,75,Sr.,RIGHT,RIGHT,Hanford,CA,Hanford
Matt Bettencourt,Fresno Pacific,2026,72,Jr.,RIGHT,RIGHT,Visalia,CA,El Diamante
Joshua Nixon,Fresno Pacific,2026,73,Jr.,RIGHT,RIGHT,Livermore,CA,Redwood Christian
Griffen Sotomayor,Fresno State,2026,72,Sr.,RIGHT,RIGHT,Turlock,CA,Turlock HS
Cayden Munster,Fresno State,2026,75,So.,LEFT,RIGHT,Fresno,CA,Clovis West HS
Brady Hewitt,Fresno State,2026,74,Fr.,RIGHT,RIGHT,Simi Valley,CA,Royal HS
Michael Boyd,Fresno State,2026,73,Fr.,LEFT,RIGHT,Livermore,CA,Granada High School
Ethan Payne,Fresno State,2026,70,Jr.,RIGHT,RIGHT,Morgan Hill,CA,Bellarmine Prep
Owen Faust,Fresno State,2026,72,So.,RIGHT,RIGHT,Rcho Sta Marg,CA,Tesoro HS
Marcus Nolen,Fresno State,2026,75,Fr.,RIGHT,RIGHT,Fresno,CA,Central East High School
Jett Ruby,Fresno State,2026,72,Jr.,LEFT,RIGHT,Fresno,CA,Buchanan HS
Mikey Pickett,Fresno State,2026,71,Fr.,RIGHT,RIGHT,Fremont,CA,Kennedy HS
Sky Collins,Fresno State,2026,72,Sr.,RIGHT,RIGHT,Fresno,CA,Buchanan HS
Zach Plasschaert,Fresno State,2026,75,So.,LEFT,RIGHT,Saugus,CA,Saugus HS
Austin Young,Fresno State,2026,70,Sr.,RIGHT,RIGHT,Fresno,CA,Floyd B Buchanan High School
Cameron Schneider,Fresno State,2026,75,Jr.,RIGHT,RIGHT,Fresno,CA,Bullard HS
Ryan De La Maza,Fresno State,2026,72,So.,RIGHT,RIGHT,Santa Clarita,CA,Hart HS
Barclay Ovalle,Fresno State,2026,72,So.,RIGHT,RIGHT,San Francisco,CA,Sacred Heart HS
Parker Heintz,Fresno State,2026,76,Fr.,LEFT,LEFT,Clovis,CA,Floyd B Buchanan High School
Drew Townson,Fresno State,2026,72,Sr.,RIGHT,RIGHT,Bakersfield,CA,Centennial HS
Gavin Ekizian,Fresno State,2026,72,Fr.,RIGHT,RIGHT,Kingsburg,CA,Kingsburg High School
Erik Rico,Fresno State,2026,72,Fr.,RIGHT,RIGHT,Visalia,CA,Redwood High School
Justin Cuellar,Fresno State,2026,75,Fr.,LEFT,LEFT,Tulare,CA,Tulare Western HS
Brandon Thomas,Fresno State,2026,76,Fr.,RIGHT,RIGHT,Cypress,CA,Mater Dei High School
Will Page-Allen,Fresno State,2026,76,Jr.,RIGHT,RIGHT,Curtin,Australia,International School
Victor Arreola,Fresno State,2026,72,Sr.,RIGHT,RIGHT,San Diego,CA,Madison HS
Jordan Haver,Fresno State,2026,75,Fr.,RIGHT,RIGHT,Oakdale,CA,Oakdale High School
Douglas Crystal,Fresno State,2026,73,Jr.,RIGHT,RIGHT,Huntington Beach,CA,Ocean View High School
BJ Rodriguez,Fresno State,2026,71,Sr.,LEFT,LEFT,Tulare,CA,Tulare Western HS
Weston Thornbury,Fresno State,2026,74,Fr.,RIGHT,RIGHT,Carlsbad,CA,Carlsbad High School
Wyatt Thornbury,Fresno State,2026,75,Jr.,RIGHT,RIGHT,Carlsbad,CA,Carlsbad HS
Tyler Patrick,Fresno State,2026,73,So.,RIGHT,RIGHT,Fresno,CA,Clovis West HS
Joe Stanzione,Gardner-Webb,2026,74,Sr.,RIGHT,RIGHT,Lincroft,NJ,Middletown South HS
Drew Ripepi,Gardner-Webb,2026,72,Jr.,RIGHT,RIGHT,Mcmurray,PA,Peters Township HS
Kelvin Agosto,Gardner-Webb,2026,70,Jr.,RIGHT,RIGHT,Vega Baja,PR,
Alejandro Sanchez,Gardner-Webb,2026,74,So.,LEFT,LEFT,Miami,FL,Florida Christian School
Merik Carter,Gardner-Webb,2026,74,Sr.,LEFT,RIGHT,Shelbyville,TN,Rockvale
Matthew Ilgenfritz,Gardner-Webb,2026,74,Sr.,RIGHT,RIGHT,New Cumberland,PA,Cedar Cliff HS
Thad Ector,Gardner-Webb,2026,75,Sr.,BOTH,RIGHT,Tyrone,GA,
Ryan Kennell,Gardner-Webb,2026,72,Sr.,RIGHT,RIGHT,Westland,MI,Livonia Churchill HS
Anthony Hausner,Gardner-Webb,2026,75,Jr.,RIGHT,RIGHT,Apex,NC,Guilford Tech CC
Ethan Liao,Gardner-Webb,2026,73,Sr.,RIGHT,RIGHT,Dublin,CA,Dublin HS
Daniel Smith,Gardner-Webb,2026,73,Jr.,RIGHT,RIGHT,Cumming,GA,Forsyth Central High School
Anthony Umbach,Gardner-Webb,2026,67,So.,RIGHT,RIGHT,Midland,NC,Hickory Ridge
Diego Guevara,Gardner-Webb,2026,76,Sr.,RIGHT,RIGHT,Statesboro,GA,Bulloch Academy
Allan Camarillo,Gardner-Webb,2026,69,Jr.,RIGHT,RIGHT,Chula Vista,CA,Otay Ranch HS
Zack Thompson,Gardner-Webb,2026,72,Sr.,RIGHT,RIGHT,Lagrange,GA,LaGrange
Bennett Shealor,Gardner-Webb,2026,74,Jr.,RIGHT,RIGHT,Blacksburg,VA,Blacksburg HS
Colby Humphries,Gardner-Webb,2026,72,Sr.,RIGHT,RIGHT,Boiling Springs,NC,Crest HS
Nick Blaszczak,Gardner-Webb,2026,72,Jr.,RIGHT,RIGHT,Suwanee,GA,Lambert High School
Josh Gentile,Gardner-Webb,2026,78,Sr.,RIGHT,RIGHT,Stockton,CA,Lincoln HS
Connor Busson,Gardner-Webb,2026,74,So.,RIGHT,RIGHT,Lexington,KY,Lexington Catholic High School
Matt Manley,Gardner-Webb,2026,,Jr.,,,,,
Jerek Hobb,Gardner-Webb,2026,72,Sr.,LEFT,LEFT,Rotterdam,NY,Schalmont HS
Colby Putnam,Gardner-Webb,2026,72,Fr.,RIGHT,RIGHT,Shelby,NC,Burns High School
Matt Stuart,Gardner-Webb,2026,75,Fr.,RIGHT,RIGHT,Chelmsford,MA,Chelmsford High School
Reid Bertram,Gardner-Webb,2026,75,Sr.,LEFT,LEFT,Charlotte,NC,Cannon School
Trey Graydon,Gardner-Webb,2026,76,Fr.,RIGHT,RIGHT,Leesburg,VA,Riverside High School
Brendan Lysik,Gardner-Webb,2026,77,Jr.,LEFT,LEFT,Ridgewood,NJ,St. Joseph Regional
Oliver Ellison,Gardner-Webb,2026,73,Jr.,RIGHT,RIGHT,Knoxville,MD,Brunswick
Bryan Ho,George Fox,2026,70,So.,RIGHT,RIGHT,Mill Creek,WA,Henry M. Jackson
Owen Clyne,George Mason,2026,74,Sr.,LEFT,RIGHT,Wichita,KS,Maize South
Lucas Alberti,George Mason,2026,70,So.,RIGHT,RIGHT,Toronto,Canada,P27 Academy
Lucas Terilli,George Mason,2026,70,So.,RIGHT,RIGHT,Toronto,Canada,P27 Academy
Matthew Westley,George Mason,2026,73,Jr.,RIGHT,RIGHT,Manassas,VA,Charles J. Colgan Sr.
Jackson Morse,George Mason,2026,70,Fr.,RIGHT,RIGHT,Raynham,MA,Xaverian Brothers High School
Jake Butler,George Mason,2026,71,Jr.,RIGHT,RIGHT,Baltimore,MD,Calvert Hall
Julius Bagnerise,George Mason,2026,71,Fr.,LEFT,RIGHT,Dumfries,VA,Colgan High School
Evan Blanchard,George Mason,2026,68,Sr.,RIGHT,RIGHT,Manassas,VA,Charles J. Colgan Sr. HS
Laken Tignor,George Mason,2026,70,Sr.,RIGHT,RIGHT,Tappahannock,VA,Miller School of Albemarle
Andrew Canody,George Mason,2026,73,Sr.,RIGHT,RIGHT,Tampa,FL,Berkeley Prep
Logan Vaughan,George Mason,2026,73,Sr.,BOTH,RIGHT,Coweta,OK,Coweta
Jack McCarthy,George Mason,2026,74,So.,RIGHT,RIGHT,Burke,VA,Lake Braddock
Vincent Cowdrey,George Mason,2026,71,Jr.,RIGHT,RIGHT,White Lake,MI,Saint Marys Preparatory
Cooper Smith,George Mason,2026,71,Sr.,RIGHT,RIGHT,Eden Prairie,MN,Academy of Holy Angels
Tyson Willis,George Mason,2026,76,Sr.,RIGHT,RIGHT,Snohomish,WA,Everett Community College
Aiden Parker,George Mason,2026,79,Fr.,RIGHT,RIGHT,Virginia Beach,VA,First Colonial High School
Diego Cardenas,George Mason,2026,72,Sr.,RIGHT,RIGHT,South Bend,IN,John Adams
Logan Rumberg,George Mason,2026,71,Sr.,RIGHT,RIGHT,Okotoks,Canada,Foothills Composite High School
Brant Ertel,George Mason,2026,73,Jr.,RIGHT,RIGHT,Cedar Grove,IN,Franklin County
Parker Thomas,George Mason,2026,75,Jr.,BOTH,RIGHT,Bowie,MD,Archbishop Spalding
Jake Drumm,George Mason,2026,74,So.,RIGHT,RIGHT,Burke,VA,Lake Braddock
Brandon Hsu,George Mason,2026,69,Jr.,RIGHT,RIGHT,Brookline,NH,Hollis-Brookline
Shaun Okeeffe,George Mason,2026,73,Jr.,RIGHT,RIGHT,Toms River,NJ,Donovan Catholic
Carter Kelsey,George Mason,2026,77,Sr.,RIGHT,RIGHT,Westport,CT,Staples
Tanner Kaler,George Mason,2026,74,Jr.,LEFT,LEFT,Concord,NC,Northwest Cabarrus
Jackson Peters,George Mason,2026,75,Sr.,RIGHT,RIGHT,Plano,TX,Plano Senior HS
Tyler Jones,George Washington,2026,74,So.,RIGHT,RIGHT,New Hyde Park,NY,Elev8 Baseball Academy
Robbie Lavey,George Washington,2026,72,Jr.,LEFT,LEFT,Oakton,VA,Oakton
Charlie Rogan,George Washington,2026,78,Sr.,LEFT,RIGHT,Greenwood Village,CO,Regis Jesuit
Cristino Tufano,George Washington,2026,70,Jr.,RIGHT,RIGHT,Babylon,NY,Babylon
Brodie Freker,George Washington,2026,74,So.,RIGHT,RIGHT,Denville,NJ,Morris Knolls
Josh Wenz,George Washington,2026,74,Jr.,LEFT,RIGHT,Naperville,IL,Neuqua Valley
Charlie Walsh,George Washington,2026,69,So.,LEFT,RIGHT,Lexington,MA,Belmont
Jack Kent,George Washington,2026,71,Sr.,RIGHT,RIGHT,Granby,MA,Suffield Academy
Nick Mullen,George Washington,2026,73,Jr.,RIGHT,RIGHT,Exton,PA,Downingtown East
Conlon Walker,George Washington,2026,74,Jr.,LEFT,LEFT,Smyrna,GA,Whitefield Academy
Travis Peitz,George Washington,2026,75,Fr.,RIGHT,RIGHT,Perry Hall,MD,Calvert Hall College HS
Connor Jones,George Washington,2026,71,Fr.,RIGHT,RIGHT,Greenwich,CT,Winchendon School
Luke Maltacea,George Washington,2026,69,Fr.,RIGHT,RIGHT,Marblehead,MA,Noble And Greenough School
Christian Dewey,George Washington,2026,74,Fr.,LEFT,LEFT,Virginia Beach,VA,Frank W Cox High School
Greg Marmo,George Washington,2026,72,Sr.,RIGHT,RIGHT,Bluffton,SC,IMG Academy
Michael Bravette,George Washington,2026,69,Fr.,RIGHT,RIGHT,West Caldwell,NJ,Seton Hall Prep
Brian Archer,George Washington,2026,73,Fr.,RIGHT,RIGHT,Midlothian,VA,The Steward School
Drew Harris,George Washington,2026,72,So.,RIGHT,RIGHT,Haddon Heights,NJ,Haddon Heights
Jasper Nadel,George Washington,2026,72,So.,RIGHT,RIGHT,Westport,CT,Salisbury School
Aidan Carey,George Washington,2026,74,So.,RIGHT,RIGHT,Mclean,VA,McLean
Gavin Miller,George Washington,2026,73,Jr.,LEFT,LEFT,Baldwinsville,NY,Baldwinsville
Matt Bruno,George Washington,2026,74,Jr.,RIGHT,RIGHT,Rumson,NJ,Rumson-Fair Haven
Max Haug,George Washington,2026,76,Sr.,RIGHT,RIGHT,Jacksonville,FL,Bolles
Declan Wywoda,George Washington,2026,75,So.,RIGHT,LEFT,Milford,CT,Jonathan Law
Colin Lebel,George Washington,2026,74,Fr.,RIGHT,RIGHT,United States,VA,Cape Henry Collegiate
Andrew Cutler,George Washington,2026,75,Jr.,RIGHT,RIGHT,Fairfield,CT,Fairfield Prep
Liam Thyen,George Washington,2026,76,Fr.,LEFT,LEFT,South Riding,VA,Freedom High School
Henry Knighton,George Washington,2026,71,Fr.,RIGHT,RIGHT,Richmond,VA,Saint Christopher's School
Jonas Aponick,George Washington,2026,73,So.,RIGHT,RIGHT,Sugarloaf,PA,Hazelton Area
Reese Crochet,George Washington,2026,77,Sr.,LEFT,LEFT,Alexandria,VA,TC Williams
Drew Oppenheim,George Washington,2026,72,Jr.,LEFT,LEFT,Short Hills,NJ,Millburn
Brad Marks,George Washington,2026,72,Fr.,RIGHT,RIGHT,Rehoboth Beach,DE,Cape Henlopen High School
Ryan Barks,George Washington,2026,75,Fr.,RIGHT,RIGHT,Chesapeake,VA,Hickory High School
Nathan Murphy,George Washington,2026,73,So.,LEFT,LEFT,Millersville,MD,Severna Park
Christian Hamilton,Georgetown,2026,74,So.,BOTH,RIGHT,Fort Lauderdale,FL,St. Thomas Aquinas
Jeremy Sheffield,Georgetown,2026,77,Sr.,RIGHT,RIGHT,Chesterfield,MI,Westminster Christian Academy
Connor Peek,Georgetown,2026,70,Sr.,BOTH,RIGHT,Sudbury,MA,Lincoln Sudbury Regional
AJ Solomon,Georgetown,2026,69,Sr.,LEFT,RIGHT,South Bend,IN,Chaminade Julienne
Ashton Seymore,Georgetown,2026,72,So.,RIGHT,RIGHT,Chicago,IL,Latin School of Chicago
Travis Ilitch,Georgetown,2026,69,Sr.,LEFT,LEFT,Bloomfield Hills,MI,Cranbrook Kingswood
Ashtin Gilio,Georgetown,2026,72,Jr.,BOTH,RIGHT,Lafayette,CO,Dawson School
Jordan Kahn,Georgetown,2026,71,Sr.,RIGHT,RIGHT,Orlando,FL,Lake Highland Prep
Connor Price,Georgetown,2026,72,Sr.,RIGHT,RIGHT,Germantown,TN,Memphis University School
Braxton Templin,Georgetown,2026,69,Jr.,BOTH,RIGHT,Nashville,TN,Battle Ground
Dante Pozzi,Georgetown,2026,72,Sr.,RIGHT,RIGHT,Medford,NJ,St. Joseph's Prep
Brett Blair,Georgetown,2026,74,Sr.,RIGHT,RIGHT,Gainesville,FL,Buchholz
Dylan Larkins,Georgetown,2026,76,So.,LEFT,LEFT,Detroit,MI,University of Detroit Jesuit
Dominick Cafferillo,Georgetown,2026,73,So.,RIGHT,RIGHT,Charlottesville,VA,Miller School of Albemarle
Jackson Thomas,Georgetown,2026,72,So.,RIGHT,RIGHT,Tampa,FL,Jesuit High School
Luke Jackman,Georgetown,2026,72,Sr.,RIGHT,RIGHT,Mclean,VA,Gonzaga College
Max Whitmer,Georgetown,2026,74,Fr.,RIGHT,RIGHT,Mount Pleasant,SC,Wando High School
Spencer Seid,Georgetown,2026,71,Sr.,LEFT,LEFT,San Marino,CA,Flintridge Prep
Jack Volo,Georgetown,2026,71,Jr.,RIGHT,RIGHT,South Boston,MA,St. Sebastian's
Trajan Lee,Georgetown,2026,76,Sr.,RIGHT,RIGHT,Dallas,TX,John Paul II
Ashton Arroyo,Georgetown,2026,79,Fr.,RIGHT,RIGHT,Huntington Beach,CA,Huntington Beach High School
JT Raab,Georgetown,2026,77,Jr.,RIGHT,RIGHT,Seaford,NY,MacArthur
Kai Leckszas,Georgetown,2026,72,Sr.,RIGHT,RIGHT,Washington,DC,Woodrow Wilson
Griffin O'Connor,Georgetown,2026,72,Sr.,RIGHT,RIGHT,Dedham,MA,Dedham High School
Ethan Rucker,Georgetown,2026,75,So.,RIGHT,RIGHT,Marietta,GA,Pace Academy
Will Newell,Georgetown,2026,79,Sr.,RIGHT,RIGHT,Tallahassee,FL,Leon
Andrew Citron,Georgetown,2026,72,Sr.,RIGHT,RIGHT,Los Angeles,CA,Harvard-Westlake
Charlie Hendrix,Georgetown,2026,73,Fr.,RIGHT,RIGHT,Tucker,GA,Saint Pius X Catholic HS
Andrew Jergins,Georgetown,2026,74,Sr.,LEFT,LEFT,Tampa,FL,Berkeley Prep
Marshall Whitmer,Georgetown,2026,71,Sr.,RIGHT,LEFT,Mount Pleasant,SC,Wando
Daniel Jackson,Georgia,2026,72,Jr.,RIGHT,RIGHT,Sandy Springs,GA,North Springs
Tre Phelps,Georgia,2026,74,Jr.,RIGHT,RIGHT,Kennesaw,GA,Georgia Premier Academy
Ryan Wynn,Georgia,2026,72,Jr.,RIGHT,RIGHT,Douglasville,GA,Chapel Hill
Kolby Branch,Georgia,2026,71,Sr.,RIGHT,RIGHT,Lucas,TX,Lovejoy
Rylan Lujo,Georgia,2026,74,So.,RIGHT,RIGHT,Coconut Creek,FL,Stoneman Douglas
Henry Allen,Georgia,2026,76,So.,RIGHT,RIGHT,Auburn,AL,Auburn High School
Brennan Hudson,Georgia,2026,73,Sr.,LEFT,RIGHT,Cumming,GA,South Forsyth
Keni Ishikawa,Georgia,2026,71,So.,LEFT,LEFT,Tokyo,Japan,Meishu Gakuen
Ty Peeples,Georgia,2026,74,Fr.,LEFT,RIGHT,Lavonia,GA,Franklin County High School
Michael O'Shaughnessy,Georgia,2026,73,Sr.,LEFT,RIGHT,Delmar,NY,Christian Brothers Academy
Jordy Oriach,Georgia,2026,77,Sr.,LEFT,LEFT,Haverhill,MA,Haverhill HS
Ryan Black Jr.,Georgia,2026,73,Sr.,LEFT,RIGHT,Grand Prairie,TX,Mansfield Lake Ridge HS
Bryce Calloway,Georgia,2026,77,Sr.,RIGHT,RIGHT,New Orleans,LA,Second Baptist
Cole Koniarsky,Georgia,2026,76,Sr.,RIGHT,RIGHT,Chino Hills,CA,Ayala
Cole Johnson,Georgia,2026,74,Fr.,LEFT,LEFT,Watkinsville,GA,Oconee County High School
Jack Arcamone,Georgia,2026,73,Jr.,LEFT,RIGHT,Trumbull,CT,Fairfield College Prep
Scott Newman,Georgia,2026,75,Jr.,RIGHT,LEFT,Glenview,IL,Glenbrook South HS
Zachary Brown,Georgia,2026,77,Jr.,RIGHT,RIGHT,Santa Ana,CA,Villa Park High School
Justin Byrd,Georgia,2026,74,Jr.,RIGHT,RIGHT,Oconee,GA,North Oconee
Jordan Stephens,Georgia,2026,76,Jr.,RIGHT,RIGHT,Rochelle,GA,Wilcox County
Joey Volchko,Georgia,2026,76,Jr.,RIGHT,RIGHT,Visalia,CA,Redwood
Paul Farley,Georgia,2026,73,So.,RIGHT,RIGHT,Kennesaw,GA,Mount Paran Christian
Dylan Vigue,Georgia,2026,75,Jr.,RIGHT,RIGHT,Leominster,MA,Groton School
Matt Scott,Georgia,2026,79,Sr.,RIGHT,RIGHT,Redding,CT,Joel Barlow
Caden Aoki,Georgia,2026,72,Sr.,RIGHT,RIGHT,Huntington Beach,CA,Huntington Beach HS
Mason Kosowick,Georgia,2026,79,Sr.,RIGHT,RIGHT,Fort Worth,TX,V.R. Eaton High School
Grant Edwards,Georgia,2026,71,Sr.,RIGHT,RIGHT,Walker,LA,Walker
Thomas Ellisen,Georgia,2026,76,Sr.,RIGHT,RIGHT,Kimberly,WI,Kimberly
Joe Nottingham,Georgia,2026,77,Fr.,RIGHT,RIGHT,Windsor Mill,MD,Loyola Blakefield High School
Brad Pruett,Georgia,2026,75,Jr.,RIGHT,RIGHT,Corinth,TX,Guyer HS
Caleb Jameson,Georgia,2026,73,Jr.,LEFT,LEFT,Paris,TX,Prairiland HS
Dylan Wood,Georgia,2026,74,Fr.,RIGHT,RIGHT,Elk Grove,CA,Silicon Valley High School
James Beaver,Georgia College,2026,70,So.,RIGHT,RIGHT,Loganville,GA,Loganville
Blake Wood,Georgia College,2026,71,Sr.,LEFT,LEFT,Brunswick,GA,Glynn Academy
Evan Cowan,Georgia College,2026,74,Sr.,LEFT,RIGHT,Richmond Hill,GA,Richmond Hill
Rand Bestermann,Georgia College,2026,75,Sr.,RIGHT,RIGHT,Suwanee,GA,Peachtree Ridge
Carson Phillips,Georgia College,2026,71,Sr.,RIGHT,RIGHT,Saint Simons Island,GA,Fellowship Christian School
Tanner Patterson,Georgia College,2026,76,So.,LEFT,RIGHT,Suwanee,GA,LAMBERT
Keagan Baxter,Georgia College,2026,74,Jr.,RIGHT,RIGHT,Gray,GA,Jones County
Jake Beaver,Georgia College,2026,71,Sr.,LEFT,LEFT,Gainesville,GA,Flowery Branch
Owen Thomas,Georgia College,2026,77,Jr.,RIGHT,RIGHT,Peachtree City,GA,McIntosh
Tams Mullins,Georgia College,2026,76,Jr.,LEFT,LEFT,Canton,GA,Cherokee
Caden Tillman,Georgia College,2026,74,Sr.,LEFT,LEFT,Hamilton,GA,Harris County
Gavyn Seitz,Georgia College,2026,72,So.,RIGHT,RIGHT,Cumming,GA,North Forysth
Griffin Davis,Georgia College,2026,74,Jr.,RIGHT,RIGHT,Griffin,GA,Spaulding
Nicholas Bennett,Georgia College,2026,72,So.,RIGHT,RIGHT,Buford,GA,Mill Creek High School
Brady Christman,Georgia Southern,2026,72,Fr.,RIGHT,RIGHT,Forsyth,GA,Mary Persons High School
James McCoy,Georgia Southern,2026,76,Sr.,BOTH,RIGHT,Port St Joe,FL,Wesleyan School
Bryson Trammell,Georgia Southern,2026,76,Sr.,LEFT,RIGHT,Knoxville,TN,Bearden
Jack Myers,Georgia Southern,2026,72,So.,RIGHT,RIGHT,Marietta,GA,Pope
John Davis,Georgia Southern,2026,70,Fr.,LEFT,LEFT,Tifton,GA,Tift County High School
Sean White,Georgia Southern,2026,73,Sr.,RIGHT,RIGHT,Peachtree City,GA,Starrs Mill
Bennett Edwards,Georgia Southern,2026,73,Fr.,LEFT,RIGHT,Laurens,SC,Laurens District 55 HS
Mason Gazaway,Georgia Southern,2026,72,Fr.,LEFT,LEFT,Marietta,GA,Marietta HS
Jonathan Jaime,Georgia Southern,2026,74,Sr.,LEFT,LEFT,Snellville,GA,Brookwood
Max Prozny,Georgia Southern,2026,68,Fr.,RIGHT,RIGHT,Peachtree City,GA,Starrs Mill HS
Nico Senese,Georgia Southern,2026,75,Jr.,RIGHT,RIGHT,Senoia,GA,East Coweta
Frank Wells,Georgia Southern,2026,70,Fr.,RIGHT,RIGHT,Inlet Beach,FL,South Walton High
Kade Kisz,Georgia Southern,2026,73,Fr.,RIGHT,RIGHT,Woodstock,GA,Blessed Trinity Catholic HS
Kaden Thompson,Georgia Southern,2026,74,Fr.,LEFT,RIGHT,Flowery Branch,GA,Cherokee Bluff HS
Grant Jordan,Georgia Southern,2026,71,Jr.,RIGHT,RIGHT,Tampa,FL,Jesuit HS
Sammy Leis,Georgia Southern,2026,74,So.,RIGHT,RIGHT,Cumming,GA,Denmark
Jayden White,Georgia Southern,2026,71,Fr.,RIGHT,RIGHT,Pembroke,GA,Savannah Christian Prep
Jansen Kenty,Georgia Southern,2026,72,So.,LEFT,LEFT,Newnan,GA,East Coweta
Ethan Garrett,Georgia Southern,2026,73,Fr.,RIGHT,RIGHT,Marietta,GA,Pope High School
Will Robbins,Georgia Southern,2026,72,Sr.,LEFT,LEFT,Cumming,GA,Forsyth Central
Thomas Burke,Georgia Southern,2026,78,So.,LEFT,LEFT,Monroe,GA,Walnut Grove
Carter DeGondea,Georgia Southern,2026,76,Jr.,LEFT,LEFT,Raymore,MO,Raymore-Peculiar
Brady Pendley,Georgia Southern,2026,73,Sr.,RIGHT,RIGHT,Dalton,GA,Dalton
Craig Kalkbrenner,Georgia Southern,2026,72,So.,RIGHT,RIGHT,Kennesaw,GA,Harrison
Alex Mason,Georgia Southern,2026,76,So.,RIGHT,RIGHT,Hazlehurst,GA,Jeff Davis
Jax Lewis,Georgia Southern,2026,73,So.,RIGHT,RIGHT,Claxton,GA,Pinewood Christian
Will Holder,Georgia Southern,2026,75,Fr.,RIGHT,RIGHT,Appling,GA,Harlem HS
Holden Wade,Georgia Southern,2026,71,Jr.,BOTH,LEFT,Tampa,FL,Sickles HS
Connor Fugate,Georgia Southern,2026,75,Jr.,LEFT,RIGHT,Paintsville,KY,Paintsville HS
Dayson Griffis,Georgia Southern,2026,72,Fr.,RIGHT,RIGHT,Baxley,GA,Appling County High School
Daniel Hartley,Georgia Southern,2026,72,Jr.,RIGHT,RIGHT,Auburndale,FL,Lakeland Christian School
Chase Davis,Georgia Southern,2026,75,So.,LEFT,LEFT,Tallahassee,FL,Leon HS
Evan Wainman,Georgia Southwestern,2026,74,Sr.,RIGHT,RIGHT,Lithia,FL,Newsome
Drake Harman,Georgia Southwestern,2026,71,Sr.,LEFT,RIGHT,Lithia,FL,Bloomingdale HS
Caleb Gipson,Georgia Southwestern,2026,75,Jr.,RIGHT,RIGHT,Columbia,SC,Dreher High School
Jacob Reeves,Georgia Southwestern,2026,72,Sr.,RIGHT,RIGHT,Holland,MI,Lake Norman
Jensen Seculer,Georgia Southwestern,2026,76,So.,RIGHT,RIGHT,Plantation,FL,N. Broward Prep
Cooper Sain,Georgia Southwestern,2026,75,Sr.,RIGHT,RIGHT,Cherryville,NC,Cherryville
Rem Maxwell,Georgia Southwestern,2026,74,Sr.,RIGHT,RIGHT,Atlanta,GA,Jefferson
Jackson Raper,Georgia Southwestern,2026,72,Sr.,RIGHT,RIGHT,Belle Isle,FL,Bishop Moore
Wesley Bass,Georgia State,2026,74,Fr.,RIGHT,RIGHT,Marietta,GA,Blessed Trinity Catholic HS
Wills Maginnis,Georgia State,2026,75,So.,RIGHT,RIGHT,Newnan,GA,Newnan
John Beverley,Georgia State,2026,71,So.,RIGHT,RIGHT,Lawrenceville,GA,Brookwood HS
Cole Griffith,Georgia State,2026,73,Sr.,RIGHT,RIGHT,Sarasota,FL,Riverview HS
Adam Haber,Georgia State,2026,70,Sr.,LEFT,RIGHT,Marietta,GA,Walton
Nick Garagozzo,Georgia State,2026,69,Sr.,LEFT,RIGHT,Mount Laurel,NJ,Lenape
Hunter Carlson,Georgia State,2026,74,So.,LEFT,RIGHT,Hudson,WI,Hudson
Austin Killingsworth,Georgia State,2026,70,So.,RIGHT,RIGHT,Brooks,GA,Starr's Mill
Brandon Davis,Georgia State,2026,70,Jr.,BOTH,RIGHT,Winston Salem,NC,RJ Reynolds
Jae Williams,Georgia State,2026,71,Jr.,LEFT,RIGHT,Atlanta,GA,Pace Academy  / UAB
Sam Silas,Georgia State,2026,72,Jr.,RIGHT,RIGHT,Deatsville,AL,Holtville HS
Carter Bailey,Georgia State,2026,72,So.,RIGHT,RIGHT,Chandler,AZ,Mountain Pointe HS
Lucas Grantham,Georgia State,2026,74,So.,RIGHT,RIGHT,Smyrna,GA,Campbell
Cooper Milford,Georgia State,2026,71,So.,RIGHT,RIGHT,Cumming,GA,Blessed Trinity Catholic
Kinnick Pusteoska,Georgia State,2026,77,So.,LEFT,LEFT,Solon,IA,Solon HS
Austin Sellers,Georgia State,2026,71,So.,RIGHT,RIGHT,Fayetteville,GA,Starr's Mill
Jackson Ginther,Georgia State,2026,69,So.,BOTH,LEFT,Monticello,GA,Locust Grove HS
Hunter Atkins,Georgia State,2026,73,Fr.,LEFT,LEFT,Rockmart,GA,Rockmart High School
Jake Hembree,Georgia State,2026,74,So.,LEFT,LEFT,Hiram,GA,North Paulding
Cole Roberts,Georgia State,2026,70,Sr.,RIGHT,RIGHT,Las Vegas,NV,Desert Oasis
Will Bartkoski,Georgia State,2026,77,Sr.,RIGHT,RIGHT,Seneca,KS,Veritas Christian School
Jacob Crews,Georgia State,2026,78,Sr.,RIGHT,RIGHT,Winter Garden,FL,West Orange HS
Niall Todd,Georgia State,2026,74,Jr.,LEFT,LEFT,Akron,OH,Woodridge
Michael Caruso,Georgia State,2026,74,Jr.,RIGHT,RIGHT,Phoenix,AZ,Desert Vista HS
Tysen Benford,Georgia State,2026,75,Jr.,RIGHT,RIGHT,Acworth,GA,North Paulding
Nicholas Holbrook,Georgia State,2026,77,Sr.,RIGHT,RIGHT,Cumming,GA,Forsyth Central
Brian Crooms,Georgia State,2026,72,Sr.,RIGHT,RIGHT,Metter,GA,Metter High School
William Petteys,Georgia State,2026,74,Fr.,LEFT,LEFT,Roswell,GA,Roswell HS
Joshua Evans,Georgia State,2026,74,So.,BOTH,LEFT,Lawrenceville,GA,Peachtree Ridge HS
Montrell Christian,Georgia State,2026,75,Fr.,RIGHT,RIGHT,Forest Park,GA,Forest Park HS
Cooper Lewis,Georgia State,2026,74,Fr.,RIGHT,LEFT,Atlanta,GA,Chamblee Charter High School
Wesley Moore,Georgia State,2026,79,Sr.,RIGHT,RIGHT,Cartersville,GA,Home School
Vahn Lackey,Georgia Tech,2026,74,Jr.,RIGHT,RIGHT,Suwanee,GA,Collins Hill HS
Nathanael Coupet,Georgia Tech,2026,72,So.,RIGHT,RIGHT,Boynton Beach,FL,North Broward Prep
Drew Burress,Georgia Tech,2026,69,Jr.,RIGHT,RIGHT,,,
Parker Brosius,Georgia Tech,2026,74,Sr.,RIGHT,LEFT,Suwanee,GA,Lambert HS
Jarren Advincula,Georgia Tech,2026,71,Jr.,LEFT,RIGHT,Santa Clara,CA,Archbishop Mitty HS
Ryan Zuckerman,Georgia Tech,2026,76,Jr.,RIGHT,RIGHT,Yardley,PA,Pennsbury
Carson Kerce,Georgia Tech,2026,73,Jr.,RIGHT,RIGHT,Marietta,GA,Pope HS
Alex Hernandez,Georgia Tech,2026,74,So.,RIGHT,RIGHT,Cumming,GA,Forsyth Central HS
Will Baker,Georgia Tech,2026,72,So.,LEFT,RIGHT,Upper Coomera,Australia,
Kent Schmidt,Georgia Tech,2026,73,Jr.,LEFT,RIGHT,Marietta,GA,Pope
Caleb Daniel,Georgia Tech,2026,71,So.,LEFT,RIGHT,Cartersville,GA,Cartersville HS
Drew Rogers,Georgia Tech,2026,72,So.,RIGHT,RIGHT,Tempe,AZ,Hamilton HS
Coleman Lewis,Georgia Tech,2026,73,Fr.,LEFT,RIGHT,Lake Park,GA,Lowndes High School
Cade Brown,Georgia Tech,2026,74,So.,RIGHT,RIGHT,Lilburn,GA,Parkview
Tate McKee,Georgia Tech,2026,75,Jr.,RIGHT,RIGHT,Kennesaw,GA,Mount Paran Christian
Caden Spivey,Georgia Tech,2026,73,Sr.,RIGHT,RIGHT,Vidalia,GA,Vidalia
Jackson Blakely,Georgia Tech,2026,72,So.,RIGHT,RIGHT,Thomaston,GA,Upson-Lee HS
Adam McKelvey,Georgia Tech,2026,75,So.,LEFT,LEFT,Roswell,GA,Roswell HS
Porter Buursema,Georgia Tech,2026,73,Jr.,RIGHT,RIGHT,Woodstock,GA,Blessed Trinity Catholic
Mason Patel,Georgia Tech,2026,73,Sr.,RIGHT,RIGHT,Knoxville,TN,Webb School Of Knoxville
Dimitri Angelakos,Georgia Tech,2026,73,Fr.,RIGHT,RIGHT,Woodstock,GA,Etowah HS
Justin Shadek,Georgia Tech,2026,78,So.,RIGHT,RIGHT,Kinnelon,NJ,Seton Hall Prep
Brett Barfield,Georgia Tech,2026,74,Sr.,RIGHT,LEFT,Cumming,GA,North Forsyth
Dylan Loy,Georgia Tech,2026,72,Jr.,RIGHT,LEFT,Pigeon Forge,TN,Pigeon Forge
Charlie Willcox,Georgia Tech,2026,75,Fr.,BOTH,RIGHT,Albany,GA,South Walton High
Caden Gaudette,Georgia Tech,2026,72,Jr.,RIGHT,RIGHT,Alpharetta,GA,Milton HS
Kayden Campbell,Georgia Tech,2026,74,Sr.,RIGHT,LEFT,Cincinnati,OH,Fairfield
Carson Ballard,Georgia Tech,2026,73,Jr.,RIGHT,RIGHT,Alpharetta,GA,Wesleyan HS
Cooper Underwood,Georgia Tech,2026,73,Fr.,LEFT,LEFT,Acworth,GA,Allatoona High School
Jake Lankie,Georgia Tech,2026,74,Jr.,RIGHT,RIGHT,Alpharetta,GA,Blessed Trinity
Jamie Vicens,Georgia Tech,2026,77,Fr.,RIGHT,RIGHT,Atlanta,GA,Marist School
Mikey Bell,Gonzaga,2026,74,Jr.,RIGHT,RIGHT,Fresno,CA,San Joaquin Memorial HS
Maddox Haley,Gonzaga,2026,74,Jr.,RIGHT,RIGHT,San Diego,CA,Madison HS
Ricky Sanchez,Gonzaga,2026,67,Sr.,RIGHT,RIGHT,Mexico City,Mexico,Holy Trinity HS
Ryder Young,Gonzaga,2026,69,Jr.,RIGHT,RIGHT,Upland,CA,San Dimas High School
Noah Meffert,Gonzaga,2026,73,Sr.,RIGHT,RIGHT,Coupeville,WA,Oak Harbor
Jacob Wrubleski,Gonzaga,2026,72,Jr.,RIGHT,RIGHT,Okotoks,Canada,Holy Trinity Academy
Hudson Shupe,Gonzaga,2026,72,Sr.,LEFT,RIGHT,West Richland,WA,Hanford HS
Tommy Eisenstat,Gonzaga,2026,74,Sr.,LEFT,RIGHT,Menlo Park,CA,Menlo Atherton HS
Bo Shinkle,Gonzaga,2026,70,Jr.,LEFT,RIGHT,Olathe,KS,
Peyton Miller,Gonzaga,2026,69,Sr.,RIGHT,RIGHT,Thousand Oaks,CA,Thousand Oaks HS
Luca DiPaolo,Gonzaga,2026,72,Sr.,RIGHT,RIGHT,La Canada,CA,Loyola HS
Rece Schuerman,Gonzaga,2026,72,So.,RIGHT,RIGHT,Spokane,WA,Mt. Spokane HS
Landon White,Gonzaga,2026,72,So.,RIGHT,RIGHT,Ontario,CA,San Dimas High School
Karsten Sweum,Gonzaga,2026,75,So.,LEFT,LEFT,Snohomish,WA,Snohomish HS
Justin Feld,Gonzaga,2026,72,Sr.,RIGHT,RIGHT,Everett,WA,Cedar Park Christian
Finbar O'Brien,Gonzaga,2026,75,Jr.,LEFT,RIGHT,Portland,OR,La Salle HS
Landon Hood,Gonzaga,2026,75,Fr.,RIGHT,RIGHT,Goodyear,AZ,Canyon View High School
Garrett Gores,Gonzaga,2026,73,Sr.,RIGHT,RIGHT,Spokane,WA,Gonzaga Prep
Mickey McClaskey,Gonzaga,2026,75,So.,RIGHT,RIGHT,Lake Oswego,OR,Jesuit HS
Joseph Thornton,Gonzaga,2026,74,So.,LEFT,LEFT,Tonasket,WA,Tonasket High School
Erik Hoffberg,Gonzaga,2026,75,Jr.,RIGHT,RIGHT,West Linn,OR,Lakeridge HS
Zach Bowman,Gonzaga,2026,72,Jr.,LEFT,LEFT,Chewelah,WA,Jenkins High School
Jared Glenn,Gonzaga,2026,76,Sr.,LEFT,RIGHT,Ladera Ranch,CA,JSerra Catholic HS
Gabe Brabec,Gonzaga,2026,74,Jr.,RIGHT,RIGHT,Ashland,OR,Ashland HS
Hasani Johnson,Grambling,2026,70,Sr.,BOTH,RIGHT,Elk Grove,CA,
Trey Bridges,Grambling,2026,73,Sr.,LEFT,LEFT,Jackson,MS,
Aidan Lopez,Grambling,2026,70,Jr.,LEFT,RIGHT,Eagle Pass,TX,Eagle Pass High School
Chris Marcellus,Grambling,2026,69,Sr.,RIGHT,RIGHT,Rowlett,TX,
Martavius Thomas,Grambling,2026,69,Jr.,BOTH,RIGHT,Camden,AR,
Charles Ashe III,Grambling,2026,70,Fr.,RIGHT,RIGHT,Dunwoody,GA,Saint Pius X Catholic HS
Julio Vasquez,Grambling,2026,74,Sr.,RIGHT,RIGHT,Cambridge,Canada,Ontario Schools
Cameron Hill,Grambling,2026,72,Sr.,RIGHT,RIGHT,Jackson,MS,
Daniel Soukup II,Grambling,2026,72,Fr.,LEFT,LEFT,New Braunfels,TX,Davenport High School
James Woody,Grambling,2026,73,Jr.,RIGHT,RIGHT,Ridgeland,MO,
Ryan Davis,Grambling,2026,73,Sr.,RIGHT,RIGHT,Brandywine,MD,Bishop McNamara High School
Dillon Braxton,Grambling,2026,70,Fr.,LEFT,LEFT,Natchitoches,LA,Natchitoches Central HS
Shannon Martin,Grambling,2026,70,Sr.,RIGHT,RIGHT,New Orleans,LA,
Trenton Shaw,Grambling,2026,76,Sr.,LEFT,LEFT,Desoto,TX,
Payton Allen,Grambling,2026,70,Sr.,RIGHT,RIGHT,Bentonville,AR,
Rafael Capistran,Grambling,2026,72,Jr.,RIGHT,RIGHT,Brownsville,TX,
Shaun Mante,Grambling,2026,70,Jr.,LEFT,LEFT,Oakland,CA,Oakland Technical High School
Keyon Guillory,Grambling,2026,74,Jr.,RIGHT,RIGHT,Lake Charles,LA,Alfred M Barbe High School
Hampton Phillips,Grambling,2026,69,So.,RIGHT,RIGHT,Sugar Land,TX,
Mohamed Horati,Grambling,2026,72,Jr.,RIGHT,RIGHT,Houston,TX,
Keevyn Goss,Grambling,2026,74,Jr.,LEFT,LEFT,Corpus Christi,TX,
Jacobie Smith,Grambling,2026,71,Jr.,RIGHT,RIGHT,Tupelo,MS,Tupelo High School
Trevor Esparza,Grambling,2026,71,Jr.,RIGHT,RIGHT,Katy,TX,
Nick Robinson,Grambling,2026,73,Jr.,LEFT,LEFT,Ruston,LA,Ruston HS
Kejuan Burnett,Grambling,2026,74,Sr.,RIGHT,RIGHT,Desoto,TX,Desoto High School
Trevor Schmidt,Grand Canyon,2026,72,Fr.,LEFT,LEFT,Anaheim,CA,Servite HS
Cannon Peery,Grand Canyon,2026,75,Jr.,RIGHT,RIGHT,Peoria,AZ,Mountain Ridge
Dom Chacon,Grand Canyon,2026,76,Sr.,LEFT,LEFT,Scottsdale,AZ,Horizon
Kade Huff,Grand Canyon,2026,72,Jr.,LEFT,RIGHT,Scottsdale,AZ,Horizon
Tanner Johns,Grand Canyon,2026,73,Fr.,LEFT,LEFT,Las Vegas,NV,Palo Verde
Billy Scaldeferri,Grand Canyon,2026,72,Jr.,RIGHT,RIGHT,Las Vegas,NV,Bishop Gorman
Jake Sanko,Grand Canyon,2026,70,So.,RIGHT,RIGHT,Phoenix,AZ,Sandra Day O'Connor
Camden Bates,Grand Canyon,2026,70,Jr.,RIGHT,RIGHT,Washington,OK,Washington
Jaime Perez,Grand Canyon,2026,71,Sr.,RIGHT,RIGHT,Edinburg,TX,Robert Vela HS
Griffin Cameron,Grand Canyon,2026,73,Jr.,LEFT,LEFT,Lexington,KY,Lexington Catholic
Carson Ohland,Grand Canyon,2026,71,Jr.,BOTH,RIGHT,Maple Valley,WA,Tahoma
Jose Lopez,Grand Canyon,2026,73,Fr.,RIGHT,RIGHT,Miami,FL,Westminster Christian
Troy Sanders,Grand Canyon,2026,72,Jr.,RIGHT,RIGHT,Tucson,AZ,Catalina Foothills
Max Charles,Grand Canyon,2026,75,So.,BOTH,RIGHT,Phoenix,AZ,IMG Academy
Gunnar Penzkover,Grand Canyon,2026,71,So.,RIGHT,RIGHT,Phoenix,AZ,Northwest Christian
Vince Bianchina,Grand Canyon,2026,70,Sr.,BOTH,RIGHT,Lafayette,CA,De La Salle HS
Jarret Nielsen,Grand Canyon,2026,71,So.,RIGHT,RIGHT,Cerritos,CA,Jordan
Marcus Galvan,Grand Canyon,2026,69,Jr.,LEFT,RIGHT,Chino,CA,Ayala
Austin Owens,Grand Canyon,2026,71,Fr.,RIGHT,RIGHT,Walnut,CA,Bonita
Cael Boever,Grand Canyon,2026,72,Sr.,RIGHT,RIGHT,Sioux City,IA,Sioux City East
Elijah Higginbottom,Grand Canyon,2026,72,Sr.,RIGHT,RIGHT,Sumner,WA,Sumner
Cody Kiemele,Grand Canyon,2026,74,Fr.,LEFT,LEFT,Riverside,CA,Arlington
Brock Toney,Grand Canyon,2026,72,Sr.,RIGHT,RIGHT,Liberty,MO,Liberty
Garrett Ahern,Grand Canyon,2026,77,Jr.,RIGHT,RIGHT,Gilbert,AZ,Campo Verde
Nicholas Robb,Grand Canyon,2026,74,Jr.,RIGHT,RIGHT,Keller,TX,Keller HS
Chase Frey,Grand Canyon,2026,78,Jr.,LEFT,LEFT,Las Vegas,NV,Sierra Vista
Cam Cunnings,Grand Canyon,2026,73,Sr.,RIGHT,RIGHT,Fresno,CA,Bullard
Billy Gregory,Grand Canyon,2026,75,So.,RIGHT,RIGHT,Scottsdale,AZ,Saguaro
JT Guerrero,Grand Canyon,2026,73,Jr.,RIGHT,RIGHT,Visalia,CA,Mt. Whitney HS
Jacob Limas,Grand Canyon,2026,75,Sr.,RIGHT,RIGHT,Las Cruces,NM,Onate High School
Tommy McGuire,Grand Canyon,2026,77,Jr.,RIGHT,RIGHT,Villa Park,CA,Villa Park
Luke Moeller,Grand Canyon,2026,74,Sr.,RIGHT,RIGHT,Scottsdale,AZ,Desert Mountain
Jace Smith,Grand Canyon,2026,74,Sr.,RIGHT,RIGHT,Peoria,AZ,Mountain Ridge
Aidan Lee,Grand Canyon,2026,77,Sr.,RIGHT,RIGHT,Live Oak,CA,Monte Vista Christian
Dillon Orr,Grand Canyon,2026,75,Sr.,RIGHT,RIGHT,Surprise,AZ,Shadow Ridge
Gio Colasante,Harvard,2026,77,Sr.,RIGHT,RIGHT,New York,NY,Poly Prep Country Day
Jordan Kang,Harvard,2026,70,Sr.,RIGHT,RIGHT,Los Angeles,CA,Harvard-Westlake School
Matthew Witkow,Harvard,2026,74,Fr.,LEFT,RIGHT,Calabasas,CA,Calabasas
Jack Rickheim,Harvard,2026,70,Jr.,RIGHT,RIGHT,Milton,GA,Fellowship Christian
Dominic Brancel,Harvard,2026,70,Jr.,RIGHT,RIGHT,East Claridon,OH,Hawken School
Gavin Smith,Harvard,2026,73,So.,RIGHT,RIGHT,Queen Creek,AZ,Basha
Max Lane,Harvard,2026,75,Sr.,RIGHT,RIGHT,Newport Beach,CA,Corona del Mar
Tyler Shulman,Harvard,2026,72,Jr.,LEFT,RIGHT,Calabasas,CA,Calabasas
Liam Wilson,Harvard,2026,72,So.,RIGHT,RIGHT,Chandler,AZ,Hamilton
Cullen Stone,Harvard,2026,72,So.,RIGHT,RIGHT,New Milford,CT,Canterbury School
Aidan Colasante,Harvard,2026,73,Fr.,RIGHT,RIGHT,New York,NY,Poly Prep Country Day School
Ryan Mooney,Harvard,2026,76,Jr.,RIGHT,RIGHT,Rochester Hills,MI,St. Mary's Prepartory
Zachary Khozozian,Harvard,2026,75,Fr.,RIGHT,RIGHT,Weston,MA,Belmont Hill School
Brett Gable,Harvard,2026,69,Fr.,RIGHT,LEFT,Marlton,NJ,Cherokee
Jack Smith,Harvard,2026,75,Sr.,RIGHT,RIGHT,Pittsburgh,PA,Mount Lebanon
Luca Alagheband,Harvard,2026,76,So.,LEFT,LEFT,Toronto,Canada,Crescent School
Brian Dowling,Harvard,2026,78,Sr.,LEFT,LEFT,Avon,CT,Avon Old Farms
Ryan McHugh,Harvard,2026,72,Jr.,RIGHT,RIGHT,Narragansett,RI,Deerfield Academy (Mass.)
Davis Kahn,Harvard,2026,80,Fr.,RIGHT,RIGHT,Milton,MA,Milton Academy
Owen Tahnk,Harvard,2026,75,So.,RIGHT,RIGHT,Newburyport,MA,Newburyport
Andrew Abler,Harvard,2026,73,Jr.,RIGHT,RIGHT,Novi,MI,Novi
Daniel Sams,Harvard,2026,74,So.,RIGHT,RIGHT,Atlanta,GA,The Lovett School
Vedant Sharma,Harvard,2026,75,Fr.,RIGHT,RIGHT,Timnath,CO,Fossil Ridge
Mana Lau-Kong,Hawaii,2026,78,Fr.,RIGHT,RIGHT,Honolulu,HI,Iolani School
Tate Shimao,Hawaii,2026,72,Jr.,RIGHT,RIGHT,Honolulu,HI,Rancho Cucamonga HS
Ben Zeigler-Namoa,Hawaii,2026,73,Sr.,LEFT,LEFT,Lahaina,HI,Baldwin HS
Kamana Nahaku,Hawaii,2026,69,Sr.,RIGHT,RIGHT,Auburn,WA,Auburn Mountainview HS
Draven Nushida,Hawaii,2026,70,Sr.,LEFT,RIGHT,Kailua,HI,Mid-Pacific Institute
Joshua Martinez,Hawaii,2026,73,Jr.,LEFT,LEFT,Novato,CA,San Marin High School
Christian Hoffman,Hawaii,2026,75,Sr.,LEFT,RIGHT,Albuquerque,NM,Cleveland HS
Garrett Greco,Hawaii,2026,71,Sr.,LEFT,RIGHT,Rostraver Township,PA,Belle Vernon Area HS
Jake Redding,Hawaii,2026,75,So.,RIGHT,RIGHT,Lincoln,CA,Lincoln High School
Gabe Wright,Hawaii,2026,69,Sr.,RIGHT,RIGHT,Indianapolis,IN,Brebeuf Jesuit Prep
Taylor Takata,Hawaii,2026,71,Jr.,BOTH,RIGHT,Kailua,HI,Kailua High School
Noah Rodriguez,Hawaii,2026,67,Jr.,RIGHT,RIGHT,La Habra,CA,La Mirada
Kody Watanabe,Hawaii,2026,69,Sr.,LEFT,RIGHT,Aiea,HI,Iolani
Elijah Ickes,Hawaii,2026,72,Jr.,RIGHT,RIGHT,Wahiawa,HI,Kamehameha Schools-Kapalama
Evan Rolbiecki,Hawaii,2026,70,Jr.,RIGHT,RIGHT,Brea,CA,El Dorado High School
Isaiah Magdaleno,Hawaii,2026,75,Jr.,RIGHT,RIGHT,North Hills,CA,Crespi Carmelite HS
Grant Garman,Hawaii,2026,72,So.,LEFT,LEFT,Davison,MI,Flint Powers Catholic
Tsubasa Tomii,Hawaii,2026,66,Jr.,RIGHT,RIGHT,Tokyo,Japan,Hachinohe Gakuin Kosei
Hekili Robello,Hawaii,2026,77,Jr.,RIGHT,RIGHT,Hilo,HI,Hilo High School
Brody Martin-Grudzielanek,Hawaii,2026,77,Fr.,RIGHT,RIGHT,San Diego,CA,Torrey Pines High School
Johnny Alkire,Hawaii,2026,75,Sr.,RIGHT,RIGHT,Folsom,CA,Folsom HS
Saul Soto,Hawaii,2026,76,Sr.,RIGHT,RIGHT,Rio Rico,AZ,Nogales HS
Ryan Inouye,Hawaii,2026,69,Sr.,RIGHT,RIGHT,Honolulu,HI,Kailua HS
Josiah Shipley,Hawaii,2026,76,Jr.,RIGHT,RIGHT,Beaverton,OR,Westview HS
Liam O'Brien,Hawaii,2026,77,Sr.,RIGHT,RIGHT,Tucson,AZ,Salpointe Catholic
Colby Rafail,Hawaii Hilo,2026,72,Sr.,RIGHT,RIGHT,Vista,CA,Vista HS
Austin Rabago,Hendrix,2026,,Sr.,LEFT,RIGHT,Anaheim,CA,Servite
Shaun Pope,Hendrix,2026,,Sr.,LEFT,LEFT,Beaumont,CA,Beaumont
Zane Nolan,Hendrix,2026,,Sr.,LEFT,LEFT,Tulsa,OK,Cascia Hall Preparatory
Giancarlo Digiacomo,Hendrix,2026,,Sr.,,,Naples,FL,Naples
Dylan Kalmus,Hendrix,2026,,Jr.,,RIGHT,,,
Caleb Hammond,High Point,2026,70,Jr.,RIGHT,RIGHT,High Point,NC,Westchester Country Day School
Seojun Oh,High Point,2026,70,Jr.,LEFT,RIGHT,Anyang,South Korea,Yatap High School
Jack Clark,High Point,2026,72,So.,RIGHT,,Tampa,FL,
Frank Kelly,High Point,2026,70,Jr.,RIGHT,RIGHT,Lexington,SC,P27 Academy
Willie Ponce,High Point,2026,68,Sr.,LEFT,RIGHT,Olathe,KS,Olathe West HS
Lane Allen,High Point,2026,75,Jr.,RIGHT,RIGHT,Corinth,TX,John H Guyer High School
Landen Johnson,High Point,2026,,Sr.,LEFT,,Haubstadt,IN,
Christian Smith,High Point,2026,74,Sr.,LEFT,LEFT,Cumming,GA,Forsyth Central High School
E'mar Fleming II,High Point,2026,72,Fr.,LEFT,LEFT,Garland,TX,Jesuit College Preparatory Sch
Jake McCarter,High Point,2026,72,Sr.,RIGHT,,West Chester,PA,
Jace Kohler,High Point,2026,72,So.,RIGHT,,Clearwater,FL,
Justin Ruiz,High Point,2026,70,Jr.,RIGHT,RIGHT,Miami,FL,Doral Academy Charter
Marcus Martin,High Point,2026,69,So.,RIGHT,RIGHT,Olney,MD,St. John's College
Wyatt Ewanowski,High Point,2026,72,Jr.,RIGHT,RIGHT,Lutz,FL,Berkeley Prep
Nicolas Lembo,High Point,2026,73,Fr.,RIGHT,RIGHT,Danvers,MA,Saint Johns Preparatory School
Ty Brachbill,High Point,2026,74,Jr.,RIGHT,RIGHT,Shelbyville,IL,Shelbyville
Noah Zimmerman,High Point,2026,76,Jr.,LEFT,LEFT,Lititz,PA,Lancaster Catholic
Mark Salicco,High Point,2026,73,Jr.,,RIGHT,Waxhaw,NC,Cuthbertson
Jack Carey,High Point,2026,75,So.,RIGHT,LEFT,Centennial,CO,Regis Jesuit HS
Dylan Story,High Point,2026,73,Jr.,,RIGHT,Lexington,NC,
Dominic LaDuke,High Point,2026,73,Jr.,RIGHT,RIGHT,New Richmond,WI,New Richmond Senior HS
Charlie Jones,High Point,2026,75,Jr.,,RIGHT,Rumson,NJ,
Wade Walton,High Point,2026,77,So.,,RIGHT,Lithia,FL,
Aidan Paul,High Point,2026,75,Jr.,,RIGHT,Medina,NY,Medina High School
Tyler Shafer,High Point,2026,76,Jr.,,RIGHT,High Point,NC,Southwest Guilford High School
Dalton Hitt,High Point,2026,70,Sr.,LEFT,LEFT,Pearland,TX,Glenda Dawson
Mateo Wells,High Point,2026,77,So.,,RIGHT,Zionsville,IN,
Camden Chalfant,High Point,2026,74,Sr.,RIGHT,RIGHT,Edmond,OK,Edmond Memorial HS
Justin Silverstein,High Point,2026,78,So.,,RIGHT,Shelton,CT,Shelton
Howell Polk,High Point,2026,73,Sr.,RIGHT,RIGHT,Birmingham,AL,Mountain Brook
Logan Dichler,Hillsdale College,2026,71,So.,RIGHT,RIGHT,Creston,OH,Norwayne Local Schools
CJ Griggs,Hofstra,2026,72,So.,LEFT,RIGHT,Baldwin Place,NY,Kennedy Catholic
Gabriel Melara,Hofstra,2026,72,Jr.,RIGHT,RIGHT,San Francisco,CA,Sacred Heart Cathedral Prep
Daniel Escalante,Hofstra,2026,74,Fr.,RIGHT,RIGHT,Kingston,PA,Wyoming Valley West HS
Michael Brown,Hofstra,2026,68,Jr.,BOTH,RIGHT,Las Vegas,NV,Shadow Ridge
Nicholas Gallello,Hofstra,2026,72,So.,RIGHT,RIGHT,New Rochelle,NY,Iona Prep
Tyler Castrataro,Hofstra,2026,70,So.,RIGHT,RIGHT,Mahopac,NY,Mahopac
Tyler Cox,Hofstra,2026,72,Jr.,LEFT,RIGHT,Westbury,NY,W.T. Clarke
Nick Biddle Jr,Hofstra,2026,73,So.,RIGHT,RIGHT,Saint Pete Beach,FL,Northeast
JJ Devito,Hofstra,2026,73,Sr.,RIGHT,RIGHT,Wantagh,NY,Wantagh
Samuel Leonard,Hofstra,2026,69,Jr.,RIGHT,RIGHT,Holtsville,NY,Sachem East HS
Danny Corona,Hofstra,2026,75,Sr.,LEFT,RIGHT,Brooklyn,NY,The Baylor School
Michael Craig,Hofstra,2026,72,So.,LEFT,LEFT,Farmingdale,NY,Farmingdale
George Holt,Hofstra,2026,70,So.,RIGHT,RIGHT,Las Vegas,NV,Faith Lutheran HS
Giovanni Bausone,Hofstra,2026,72,So.,RIGHT,RIGHT,Bellerose,NY,Churchill School
Nate Lynn,Hofstra,2026,74,Fr.,RIGHT,RIGHT,Bradenton,FL,Img Academy
Brayden Gregg,Hofstra,2026,68,So.,LEFT,LEFT,Landenberg,PA,Avon Grove
Michael D'Ambrosio,Hofstra,2026,75,So.,RIGHT,RIGHT,Plainview,NY,Plainview-Old Bethpage
Sean Hamilton,Hofstra,2026,73,Sr.,RIGHT,RIGHT,Rocky Point,NY,Rocky Point
Carlos Martinez,Hofstra,2026,74,Sr.,RIGHT,RIGHT,College Point,NY,Flushing
Jackson Bauer,Hofstra,2026,76,Sr.,LEFT,LEFT,Catonsville,MD,Mount St. Joseph's
Nick Reese,Hofstra,2026,77,Fr.,LEFT,LEFT,Jefferson Township,PA,North Pocono High School
Joseph Curreri,Hofstra,2026,72,Jr.,RIGHT,RIGHT,Beach Lake,PA,Honesdale
Maddon McArthur,Hofstra,2026,77,So.,RIGHT,RIGHT,Redondo Beach,CA,Redondo Union
Tanner Sanderoff,Hofstra,2026,72,Jr.,LEFT,LEFT,Silver Spring,MD,Blake
Chris Bedford,Hofstra,2026,72,So.,RIGHT,RIGHT,Staten Island,NY,Saint Peter's
Grady Lacourciere,Hofstra,2026,74,So.,RIGHT,RIGHT,Lyme,CT,Lyme-Old Lyme
Deuce Musial II,Hofstra,2026,78,So.,RIGHT,RIGHT,De Pere,WI,Notre Dame de la Baie Academy
Russell Hunter,Hofstra,2026,73,Sr.,RIGHT,RIGHT,Croton On Hudson,NY,Kennedy Catholic
Reno Spagnoli,Hofstra,2026,72,So.,RIGHT,RIGHT,West Orange,NJ,Columbia
CJ Egrie,Holy Cross,2026,69,Sr.,RIGHT,RIGHT,Ventnor City,NJ,Phillips Academy Andover
Gianni Royer,Holy Cross,2026,70,Jr.,RIGHT,RIGHT,Lake Bluff,IL,Lake Forest
Braden Connors,Holy Cross,2026,72,Jr.,LEFT,RIGHT,Wyckoff,NJ,Bergen Catholic
Ryan Grundy,Holy Cross,2026,73,Jr.,LEFT,RIGHT,Weston,MA,Dexter Southfield
Cayden Van Dolah,Holy Cross,2026,73,Fr.,RIGHT,RIGHT,Simsbury,CT,Taft School
Van Coughlin,Holy Cross,2026,70,Jr.,RIGHT,RIGHT,Solana Beach,CA,La Jolla Country Day
Alexander Sandell,Holy Cross,2026,70,Jr.,RIGHT,RIGHT,Cambridge,MA,Buckingham Browne & Nichols
Simon Landry,Holy Cross,2026,69,So.,RIGHT,RIGHT,Redondo Beach,CA,Redondo Union
Owen Stelzer,Holy Cross,2026,74,Fr.,RIGHT,RIGHT,Knoxville,TN,Farragut
Nick Andersen,Holy Cross,2026,76,So.,LEFT,RIGHT,Framingham,MA,Belmont Hill
Liam Daly,Holy Cross,2026,71,Fr.,LEFT,RIGHT,Paxton,MA,Worcester Academy
Nick Spaner,Holy Cross,2026,75,So.,RIGHT,RIGHT,Portsmouth,RI,Portsmouth
John LaFleur,Holy Cross,2026,70,Jr.,LEFT,RIGHT,Longmeadow,MA,Loomis Chaffee
Colin Brown,Holy Cross,2026,71,Jr.,RIGHT,RIGHT,Los Angeles,CA,Notre Dame
Jaden Wywoda,Holy Cross,2026,75,Sr.,RIGHT,RIGHT,Milford,CT,Jonathan Law
Brock Graf,Holy Cross,2026,74,Sr.,RIGHT,RIGHT,Glenview,IL,Loyola Academy
Brett Mulligan,Holy Cross,2026,71,So.,RIGHT,RIGHT,Quincy,MA,Catholic Memorial
Henry Harding,Holy Cross,2026,69,Fr.,RIGHT,RIGHT,Palo Alto,CA,Palo Alto
Aidan Gilbert,Holy Cross,2026,74,So.,RIGHT,RIGHT,Willington,CT,E.O. Smith
Jake Lenahan,Holy Cross,2026,71,So.,RIGHT,RIGHT,South Abington Township,PA,Abington Heights
Marco Citro,Holy Cross,2026,72,So.,RIGHT,RIGHT,Harrison,NY,Harrison
Thomas Skrobe,Holy Cross,2026,70,Jr.,RIGHT,RIGHT,New York City,NY,Fordham Preparatory
Jack Reyes,Holy Cross,2026,71,Fr.,RIGHT,RIGHT,Weymouth,MA,Weymouth
Dan Mateffy,Holy Cross,2026,76,Jr.,RIGHT,RIGHT,Philadelphia,PA,Germantown Friends School
Pedro Leon,Holy Cross,2026,74,So.,RIGHT,RIGHT,New York City,NY,Millbrook School
Derek Volz,Holy Cross,2026,72,So.,LEFT,LEFT,Aston,PA,The Hill School
Colin Dowdle,Holy Cross,2026,74,Jr.,RIGHT,RIGHT,Newton,MA,St. Sebastian's School
Brady MacCutcheon,Holy Cross,2026,70,Fr.,LEFT,LEFT,Woburn,MA,Buckingham Browne & Nichols
Nick Harnisch,Holy Cross,2026,72,Jr.,RIGHT,RIGHT,Manasquan,NJ,Christian Brothers Academy
Cade Climie,Houston,2026,74,Sr.,RIGHT,RIGHT,Sugar Land,TX,Seven Lakes HS
Tre Broussard,Houston,2026,72,Jr.,LEFT,LEFT,Houston,TX,Shadow Creek
Riley Jackson,Houston,2026,73,Jr.,RIGHT,RIGHT,Melbourne,FL,Eau Gallie
Carsten Sabathia,Houston,2026,76,Sr.,RIGHT,RIGHT,Alpine,NJ,Bergen Catholic
Tyler Cox,Houston,2026,73,Sr.,RIGHT,RIGHT,Valley Glen,CA,Harvard-Westlake
Xavier Perez,Houston,2026,72,So.,RIGHT,RIGHT,Corpus Christi,TX,Veterans Memorial
Easton Winfield,Houston,2026,72,Jr.,LEFT,RIGHT,Alvin,TX,Alvin High School
Blake Fields,Houston,2026,72,Fr.,RIGHT,RIGHT,Orlando,FL,First Academy
Jackson LaLima,Houston,2026,73,So.,RIGHT,RIGHT,Bradenton,FL,IMG Academy
McClane Helton,Houston,2026,74,So.,LEFT,LEFT,Houston,TX,Cypress Woods High School
Antonelli Savattere,Houston,2026,68,Sr.,LEFT,RIGHT,Rowlett,TX,Rowlett
Carter Sintek,Houston,2026,72,Sr.,RIGHT,RIGHT,Bennington,NE,Fremont
Justin Cherrington,Houston,2026,78,So.,RIGHT,RIGHT,Scottsdale,AZ,Chaparral High School
Irvin Weems,Houston,2026,72,Sr.,RIGHT,RIGHT,Las Vegas,NV,Durango HS
Dylan Maxcey,Houston,2026,69,Sr.,RIGHT,RIGHT,Friendswood,TX,Friendswood
Peyton Dickens,Houston,2026,77,Fr.,LEFT,RIGHT,Greenwood,IN,Whiteland Community HS
Caleb Kimble,Houston,2026,75,Fr.,RIGHT,RIGHT,Houston,TX,St. Thomas High School
Alex Solis,Houston,2026,73,Jr.,RIGHT,RIGHT,Weslaco,TX,Weslaco East HS
Ryne Rodriguez,Houston,2026,74,Sr.,LEFT,LEFT,Fort Worth,TX,Trinity Valley
Paul Schmitz,Houston,2026,80,Sr.,RIGHT,RIGHT,Bonn,Germany,Ernst-Moritz-Arndt Gymnasium
Richie Roman,Houston,2026,76,Jr.,RIGHT,RIGHT,Corpus Christi,TX,Carroll HS
Connor Udland,Houston,2026,76,Fr.,RIGHT,RIGHT,Katy,TX,Katy High School
Caden Cooper,Houston,2026,79,Fr.,RIGHT,RIGHT,Houston,TX,Stratford High School
Kendall Hoffman,Houston,2026,78,So.,RIGHT,RIGHT,Seminole,FL,Seminole HS
Harrison Boushele,Houston,2026,74,Sr.,RIGHT,RIGHT,Aurora,CO,Grand View
Chris Scinta,Houston,2026,72,Sr.,LEFT,LEFT,Tamarac,FL,JP Taravella
Diego Luzardo,Houston,2026,72,Jr.,RIGHT,RIGHT,La Porte,TX,La Porte HS
Max McCraray,Houston,2026,74,Fr.,LEFT,LEFT,Spring,TX,Woodlands High School The
Tyler Bryan,Houston,2026,73,Sr.,RIGHT,RIGHT,Beckville,TX,Beckville HS
Jackson Baker,Houston,2026,73,Jr.,RIGHT,RIGHT,Austin,TX,Lake Travis
Cameron Edmonds,Houston,2026,75,So.,RIGHT,RIGHT,Anahuac,TX,Anahuac HS
Luke Bard,Houston Christian,2026,75,Sr.,RIGHT,RIGHT,Castle Rock,CO,Douglas County
Jackson Walker,Houston Christian,2026,74,Sr.,LEFT,LEFT,Shreveport,LA,C.E. Byrd
Walker Bazile,Houston Christian,2026,69,Sr.,LEFT,LEFT,Kenner,LA,Brother Martin
Nico DeFazio,Houston Christian,2026,73,Jr.,RIGHT,RIGHT,Oakland,CA,Piedmont
Katcher Halligan,Houston Christian,2026,72,Sr.,LEFT,LEFT,Sugar Land,TX,St. John's
Levi Castilleja,Houston Christian,2026,71,Jr.,RIGHT,RIGHT,San Antonio,TX,Churchill
Graham Laxton,Houston Christian,2026,71,Jr.,RIGHT,RIGHT,Katy,TX,Katy
Jeremy Rader,Houston Christian,2026,72,Sr.,RIGHT,RIGHT,Springfield,MO,Springfield Catholic
Tyree Jackson,Houston Christian,2026,72,Jr.,RIGHT,RIGHT,Medford,NY,Patchogue-Medford
Rhett Hendricks,Houston Christian,2026,73,Sr.,RIGHT,RIGHT,Springfield,MO,Kickapoo
Preston Curtis,Houston Christian,2026,74,Sr.,RIGHT,RIGHT,Flower Mound,TX,Marcus
Anthony Avalos,Houston Christian,2026,70,Jr.,RIGHT,RIGHT,Pearland,TX,Pearland HS
Zach Munton,Houston Christian,2026,72,Sr.,LEFT,RIGHT,Houston,TX,Houston Christian
David Lopez,Houston Christian,2026,74,Sr.,RIGHT,RIGHT,Mission,TX,Sharyland Pioneer HS
Louis Castano,Houston Christian,2026,70,Sr.,RIGHT,RIGHT,Miami,FL,Westminster Christian
Joshua Caravalho,Houston Christian,2026,79,Sr.,RIGHT,RIGHT,Santa Clara,CA,The King's Academy
Kyler Mentzel,Houston Christian,2026,74,Sr.,RIGHT,RIGHT,Alvin,TX,Alvin
Benjamin Norton,Houston Christian,2026,70,Sr.,RIGHT,RIGHT,Marietta,GA,Lassiter
Brock Lambert,Houston Christian,2026,76,Sr.,RIGHT,RIGHT,Shreveport,LA,C.E. Byrd
Kenan Elarton,Houston Christian,2026,77,Jr.,RIGHT,RIGHT,Castle Pines,CO,Valor Christian HS
Caleb Matthews,Houston Christian,2026,70,Jr.,RIGHT,RIGHT,Katy,TX,Katy
Jacob Cyr,Houston Christian,2026,71,Sr.,LEFT,LEFT,Hitchcock,TX,Santa Fe
Jett Feltman,Houston Christian,2026,75,Sr.,RIGHT,RIGHT,Conroe,TX,Oak Ridge
Matthew Rheaume,Houston Christian,2026,77,Sr.,RIGHT,RIGHT,Houston,TX,Memorial
Trenton Barnes,Houston Christian,2026,74,Jr.,RIGHT,RIGHT,Cypress,TX,LA Grange High School
Ben Smith,Houston Christian,2026,78,Sr.,RIGHT,RIGHT,Cleveland,TN,Walker Valley
Kameron Hardebeck,Houston Christian,2026,76,Jr.,RIGHT,RIGHT,Texas City,TX,Texas City
Remy Marsh,Houston Christian,2026,73,Sr.,RIGHT,RIGHT,Mandeville,LA,Mandeville
Jackson Kendall,Houston Christian,2026,77,Jr.,RIGHT,RIGHT,Castle Rock,CO,Douglas County High School
Cole Crafton,Illinois,2026,75,So.,LEFT,RIGHT,Manhattan,IL,Lincoln-Way West
AJ Putty,Illinois,2026,76,Fr.,RIGHT,RIGHT,Mchenry,IL,Huntley High School
Nick Groves,Illinois,2026,70,Jr.,LEFT,RIGHT,Bayfield,Canada,École secondaire Monseigneur-Bruyère
Will Johannes,Illinois,2026,75,Sr.,RIGHT,RIGHT,Mukwonago,WI,Mukwonago
Collin Jennings,Illinois,2026,77,Jr.,LEFT,RIGHT,Orland Park,IL,Marist
JR Nelson,Illinois,2026,69,Jr.,RIGHT,RIGHT,Pewaukee,WI,Aldai E. Stevenson
Kyle Schupmann,Illinois,2026,73,Jr.,RIGHT,RIGHT,Geneva,IL,Luther Prep
Michael Farina,Illinois,2026,73,Jr.,RIGHT,RIGHT,Mundelein,IL,Mundelein High School
Jack Zebig,Illinois,2026,73,Sr.,LEFT,RIGHT,Plainfield,IL,Marmion Academy
Daniel Contreras,Illinois,2026,71,Sr.,RIGHT,RIGHT,Rockford,IL,Boylan
Cole Warehime,Illinois,2026,73,Sr.,RIGHT,RIGHT,Downers Grove,IL,Downers Grove South
Brayden Mazzacano,Illinois,2026,74,So.,LEFT,LEFT,Schaumburg,IL,Schaumburg
Luke Landrus,Illinois,2026,74,So.,RIGHT,RIGHT,Saint Joseph,IL,St. Joseph-Ogden
Cameron Chee-Aloy,Illinois,2026,69,Jr.,RIGHT,RIGHT,Toronto,Canada,Neil McNeil
Ryan Ohm,Illinois,2026,75,Jr.,RIGHT,RIGHT,Rochester,MN,Century High School
Luke Weber,Illinois,2026,72,So.,RIGHT,RIGHT,Highland Park,IL,Highland Park
Sam Reed,Illinois,2026,73,Sr.,LEFT,LEFT,Carmel,IN,Brebeuf Jesuit Prep
Samuel Mommer,Illinois,2026,73,So.,RIGHT,RIGHT,Oak Creek,WI,St. Thomas More High School
Aidan Flinn,Illinois,2026,78,Fr.,LEFT,LEFT,Mokena,IL,Marist High School
Ben Plumley,Illinois,2026,74,Sr.,RIGHT,RIGHT,Chicago,IL,Lane Tech College Prep
Kyle Remington,Illinois,2026,72,Jr.,LEFT,RIGHT,Grand Rapids,MI,Grand Rapids Christian
Reed Gannon,Illinois,2026,75,Sr.,RIGHT,LEFT,Minooka,IL,Minooka
Mitch Dye,Illinois,2026,75,Sr.,LEFT,RIGHT,Springfield,IL,Sacred Heart-Griffin
Regan Hall,Illinois,2026,73,Jr.,LEFT,LEFT,Albuquerque,NM,Volcano Vista
Liam McKillop,Illinois,2026,73,Sr.,RIGHT,RIGHT,Chicago,IL,St. Rita HS
Olivier Martel,Illinois,2026,70,Jr.,RIGHT,RIGHT,Marieville,Canada,École Secondaire Monseigneur-Bruyère
Ike Young,Illinois,2026,74,Fr.,RIGHT,RIGHT,Cisco,IL,Monticello High School
Richie LaCien,Illinois,2026,74,Sr.,RIGHT,RIGHT,Mokena,IL,Lincoln-Way Central High School
Tore Indomenico,Illinois,2026,71,Jr.,LEFT,LEFT,Chicago,IL,P27 Academy
Corey Boyette,Illinois Springfield,2026,72,Sr.,LEFT,LEFT,Romeoville,IL,Romeoville
Tyler Thompson,Illinois Springfield,2026,70,Sr.,RIGHT,RIGHT,Chandler,AZ,
Brian Daker,Illinois Springfield,2026,70,Sr.,RIGHT,RIGHT,Burr Ridge,IL,Hinsdale Central
Kody Morton,Illinois Springfield,2026,70,Sr.,RIGHT,RIGHT,Jasper,IN,Jasper
Johnny Wendling,Illinois Springfield,2026,71,Jr.,RIGHT,RIGHT,Tinley Park,IL,St. Laurence
Noah Caceres,Illinois Springfield,2026,70,Jr.,LEFT,RIGHT,Burbank,IL,Reavis
Ben Benoit,Illinois Springfield,2026,77,Sr.,RIGHT,RIGHT,Elgin,IL,Hampshire
Mark DeCicco,Illinois Springfield,2026,75,Sr.,RIGHT,RIGHT,Crystal Lake,IL,Crystal Lake South
Brayden Bakes,Illinois State,2026,69,So.,LEFT,RIGHT,Algonquin,IL,Huntley
Graham Mastros,Illinois State,2026,75,Jr.,RIGHT,RIGHT,Northfield,IL,New Trier
Michael Carrano,Illinois State,2026,73,Jr.,LEFT,RIGHT,Burbank,IL,Saint Laurence High School
Ryan Bakes,Illinois State,2026,70,Jr.,RIGHT,RIGHT,Algonquin,IL,Huntley
Jackson Manning,Illinois State,2026,74,Jr.,RIGHT,RIGHT,Altoona,IA,Van Buren Community Schools
Payton McHarg,Illinois State,2026,71,Sr.,LEFT,RIGHT,Saskatoon,Canada,
Luke Stulga,Illinois State,2026,75,Jr.,RIGHT,RIGHT,Tinley Park,IL,St. Laurence
Josh Outlaw,Illinois State,2026,72,Sr.,LEFT,LEFT,Des Plaines,IL,Maine West
Louis Bussard,Illinois State,2026,69,So.,LEFT,LEFT,Lewisville,TX,Prestonwood Christian Academy
Eric Machej,Illinois State,2026,74,So.,RIGHT,RIGHT,Edmonton,Canada,Foothills Composite
Camden Karczewski,Illinois State,2026,72,Sr.,RIGHT,RIGHT,Joliet,IL,Joliet West
Kannon Coakley,Illinois State,2026,74,Sr.,RIGHT,RIGHT,Maquoketa,IA,Maquoketa
Brayden Zilis,Illinois State,2026,72,Fr.,LEFT,RIGHT,Chicago,IL,Minooka Community High School
Nolan Barry,Illinois State,2026,73,Sr.,RIGHT,RIGHT,Sacramento,CA,Rio Americano
Reece Clapp,Illinois State,2026,77,Sr.,RIGHT,RIGHT,Columbia,MO,
Jacob Culp,Illinois State,2026,73,Jr.,RIGHT,RIGHT,Westfield,IN,Westfield High School
Luke Teschke,Illinois State,2026,74,So.,RIGHT,RIGHT,Monticello,IL,Monticello
Joey Wilmoth,Illinois State,2026,73,Sr.,RIGHT,RIGHT,Fishers,IN,Fishers
Lucas Foley,Illinois State,2026,75,Jr.,LEFT,LEFT,Deer Park,IL,Lake Zurich
Thomas Harper,Illinois State,2026,77,Sr.,RIGHT,RIGHT,Wauwatosa,WI,Wauwatosa East
Nolan Girard,Illinois State,2026,75,So.,RIGHT,LEFT,Northbrook,IL,Glenbrook North
Michael Addari,Illinois State,2026,78,Jr.,RIGHT,RIGHT,Libertyville,IL,Libertyville
Carson Cormier,Illinois State,2026,77,So.,RIGHT,RIGHT,Westford,MA,Phillips Academy
Trenton Roehler,Illinois State,2026,69,Jr.,RIGHT,RIGHT,Lees Summit,MO,Blue Springs South High School
Kyle Manship,Illinois State,2026,74,Jr.,RIGHT,RIGHT,Fishers,IN,Fishers
Shuto Tiger Okumura,Illinois State,2026,70,Sr.,RIGHT,RIGHT,Ann Arbor,MI,
Tresdon Rybarczyk,Illinois State,2026,70,Sr.,RIGHT,RIGHT,Spring Valley,IL,Hall
Jackson Natanek,Illinois State,2026,70,Fr.,RIGHT,RIGHT,Palos Heights,IL,Brother Rice High School
Matt Donnison,Illinois State,2026,73,Jr.,RIGHT,RIGHT,Niagara Falls,Canada,St. Paul Catholic
Henry Brummel,Illinois State,2026,77,So.,RIGHT,RIGHT,Pontiac,IL,Pontiac
Toby Schriefer,Illinois State,2026,75,So.,RIGHT,RIGHT,Bourbonnais,IL,Bradley-Bourbonnais
Will Smoot,Illinois-Chicago,2026,75,Sr.,RIGHT,RIGHT,Cottage Grove,MN,Park High School
Ashton Kampa,Illinois-Chicago,2026,72,Jr.,RIGHT,RIGHT,Waterford,WI,Muskego High School
Kale Jensen,Illinois-Chicago,2026,73,Jr.,LEFT,RIGHT,Central City,NE,Central City
Thomas Curry,Illinois-Chicago,2026,72,Jr.,RIGHT,RIGHT,Hartland,WI,Arrowhead
Lucas Smith,Illinois-Chicago,2026,71,Jr.,RIGHT,RIGHT,Hinsdale,IL,Nazareth Academy
Vidal Colon,Illinois-Chicago,2026,70,Jr.,RIGHT,RIGHT,Grafton,WI,University School of Milwaukee
Jake Busson,Illinois-Chicago,2026,73,Jr.,RIGHT,RIGHT,Hudson,WI,Hudson Senior High School
Alexander Wright,Illinois-Chicago,2026,72,Jr.,LEFT,RIGHT,Indianapolis,IN,Cathedral High School
Andrew Pyszka,Illinois-Chicago,2026,73,Jr.,RIGHT,RIGHT,Granville,IL,Putnam County High School
Will Flanigan,Illinois-Chicago,2026,72,Sr.,LEFT,RIGHT,Oak Lawn,IL,Parkland
Colin Husko,Illinois-Chicago,2026,70,Sr.,LEFT,RIGHT,Wauconda,IL,Wauconda
Sean Cody,Illinois-Chicago,2026,72,Fr.,RIGHT,RIGHT,Oak Lawn,IL,Harold L Richards High School
Karim Patterson,Illinois-Chicago,2026,73,Fr.,LEFT,LEFT,Chicago,IL,Latin School OF Chicago
James Hackett,Illinois-Chicago,2026,77,Jr.,LEFT,RIGHT,Glenview,IL,Glenbrook South
Gavin Acosta,Illinois-Chicago,2026,70,Sr.,RIGHT,RIGHT,Phoenix,AZ,Sunnyslope
Aidan Terronez,Illinois-Chicago,2026,73,Fr.,LEFT,LEFT,Sherrard,IL,Sherrard High School
Jake Jakubowski,Illinois-Chicago,2026,70,Sr.,RIGHT,RIGHT,Huntley,IL,Huntley (Heartland)
Mark Eddie,Illinois-Chicago,2026,73,Sr.,RIGHT,RIGHT,Storm Lake,IA,Storm Lake Senior High School
Brandon Bak,Illinois-Chicago,2026,73,Sr.,LEFT,LEFT,Plainfield,IL,Plainfield North
Payton Barton,Illinois-Chicago,2026,74,Sr.,RIGHT,RIGHT,Moline,IL,Blackhawk College
Jared Lessman,Illinois-Chicago,2026,74,Sr.,LEFT,LEFT,Cumberland,WI,St. Croix Falls
Kendall Lyons,Illinois-Chicago,2026,74,Sr.,RIGHT,RIGHT,Gurnee,IL,Warren Township
Mason Lei,Illinois-Chicago,2026,76,Jr.,RIGHT,RIGHT,Freeport,IL,Freeport Senior High School
Zack Millsap,Illinois-Chicago,2026,72,Sr.,,,Crete,IL,Crete-Monee
Charlie Taczy,Illinois-Chicago,2026,73,Fr.,RIGHT,RIGHT,Fox River Grove,IL,Cary-grove Community HS
Michael Vitellaro,Illinois-Chicago,2026,71,Sr.,LEFT,LEFT,Huntley,IL,Huntley
Robert Barrera,Illinois-Chicago,2026,72,So.,LEFT,LEFT,Franksville,WI,Union Grove
Mason Buss,Illinois-Chicago,2026,72,Sr.,RIGHT,RIGHT,Pewaukee,WI,Arrowhead
Keegan Luxem,Illinois-Chicago,2026,78,Fr.,RIGHT,RIGHT,Mount Prospect,IL,John Hersey High School
Cole Tabor,Incarnate Word,2026,69,Jr.,LEFT,RIGHT,San Antonio,TX,Reagan
Preston Newberry,Incarnate Word,2026,,Jr.,,,Tyler,TX,Tyler Legacy High School
Tony Dejesus,Incarnate Word,2026,72,Sr.,,,San Diego,CA,Central Catholic High School
Jake Weaver,Incarnate Word,2026,70,Sr.,,RIGHT,,,
Kevin Ramos,Incarnate Word,2026,,Jr.,,,Surprise,AZ,Centennial High School
Drake Anderson,Incarnate Word,2026,69,Sr.,RIGHT,RIGHT,Puyallup,WA,Puyallup HS
Christian Enriquez,Incarnate Word,2026,72,Sr.,LEFT,LEFT,Fontana,CA,Summit HS
Tyler Garritano,Incarnate Word,2026,70,Jr.,RIGHT,RIGHT,Boerne,TX,Boerne
Colin Cymbalista,Incarnate Word,2026,72,Sr.,RIGHT,RIGHT,,,
Ayden Alsobrooks,Incarnate Word,2026,72,Sr.,LEFT,LEFT,Starkville,MS,Starkville Academy
Trent Rucker,Incarnate Word,2026,75,Sr.,RIGHT,RIGHT,Fairview,TX,Lovejoy
Thomas Lyssy,Incarnate Word,2026,75,Jr.,LEFT,RIGHT,Harlingen,TX,Harlingen HS
Ryder Hernandez,Incarnate Word,2026,72,Sr.,RIGHT,RIGHT,Cedar Park,TX,Cedar Park
Enrico Carrion,Incarnate Word,2026,,Fr.,,,Caguas,PR,Puerto Rico Baseball Acad/hs
Justin Rumfield,Incarnate Word,2026,74,Sr.,RIGHT,RIGHT,Denton,TX,Denton
EJ Garcia,Incarnate Word,2026,69,Sr.,,RIGHT,New Braunfels,TX,Canyon High School
Zac Colletti,Incarnate Word,2026,74,Sr.,RIGHT,RIGHT,Southlake,TX,Carroll Senior
Fawster Voytko,Incarnate Word,2026,,Sr.,,,El Paso,TX,Franklin High School
Jose Bludau,Incarnate Word,2026,71,Sr.,,RIGHT,,,
Landon Fuller,Incarnate Word,2026,,Jr.,,,Fort Worth,TX,Lake Country Christian School
Rand Green,Incarnate Word,2026,73,So.,RIGHT,RIGHT,Weatherford,TX,Weatherford Christian
Hayden Capers,Incarnate Word,2026,75,So.,,,Leander,TX,Leander High School
Gus McKay,Incarnate Word,2026,71,Sr.,,LEFT,,,
Emir Encalada,Incarnate Word,2026,74,Sr.,RIGHT,RIGHT,Laredo,TX,John B. Alexander High School
Chase Blease,Incarnate Word,2026,,Jr.,,,San Diego,CA,Torrey Pines High School
Braelin Pillot,Incarnate Word,2026,77,Sr.,RIGHT,RIGHT,,,
Ashton Perkins,Incarnate Word,2026,,Sr.,,,Pearland,TX,Shadow Creek High School
Jordan Bush,Incarnate Word,2026,74,So.,RIGHT,RIGHT,,,
Colin Huspen,Incarnate Word,2026,74,Sr.,RIGHT,RIGHT,Allen,TX,Allen HS
Matthew Foley,Incarnate Word,2026,,Jr.,,,Cedar Park,TX,Vista Ridge High School
Alejandro Vanegas,Incarnate Word,2026,,Jr.,,,San Luis,AZ,San Luis High School
Tanner Crispin,Incarnate Word,2026,76,So.,,RIGHT,,,
Samuel Pitts,Incarnate Word,2026,,Jr.,,,Sierra Vista,AZ,Buena High School
Jake Hanley,Indiana,2026,78,So.,LEFT,RIGHT,Mason,OH,Mason
Hogan Denny,Indiana,2026,72,So.,RIGHT,RIGHT,Mooresville,IN,Mooresville
Caleb Koskie,Indiana,2026,72,So.,RIGHT,LEFT,Excelsior,MN,Benilde-St. Maragaret's
Owen Ten Oever,Indiana,2026,73,Fr.,RIGHT,RIGHT,New York,NY,Poly Prep
Cole Decker,Indiana,2026,71,So.,LEFT,RIGHT,Evansville,IN,Evansville North
Brayden Ricketts,Indiana,2026,74,Fr.,LEFT,RIGHT,Brampton,Canada,Jean Augustine Secondary
Will Moore,Indiana,2026,69,So.,LEFT,RIGHT,Paris,Canada,Paris District
Cooper Malamazian,Indiana,2026,74,So.,RIGHT,RIGHT,Clarendon Hills,IL,Nazareth Academy
Landen Fry,Indiana,2026,73,Fr.,RIGHT,RIGHT,Fort Wayne,IN,Snider
Ayden Crouse,Indiana,2026,71,Jr.,RIGHT,RIGHT,Gilbert,AZ,Corona Del Sol
Cal Gates,Indiana,2026,71,Fr.,LEFT,RIGHT,Bedford,IN,Bedford North Lawrence
Aiden Stewart,Indiana,2026,70,Sr.,LEFT,RIGHT,Victor,NY,McQuaid Jesuit
Mateo Noto,Indiana,2026,70,Fr.,LEFT,RIGHT,Brooklyn,NY,Poly Prep
T.J. Schuyler,Indiana,2026,74,Jr.,RIGHT,RIGHT,Antioch,IL,Antioch
Jackson Yarberry,Indiana,2026,75,Jr.,RIGHT,RIGHT,Lake Saint Louis,MO,St. Louis Timberland
Gavin Seebold,Indiana,2026,74,Sr.,RIGHT,RIGHT,Jeffersonville,IN,Jeffersonville
Kellen English,Indiana,2026,81,Fr.,RIGHT,RIGHT,Evansville,IN,Evansville North
Jacob Vogel,Indiana,2026,79,Jr.,RIGHT,RIGHT,North Vernon,IN,Jennings County
Tony Neubeck,Indiana,2026,74,Sr.,LEFT,LEFT,Hugo,MN,Mahtomedi
Jackson Bergman,Indiana,2026,77,Sr.,LEFT,RIGHT,Hicksville,OH,Hicksville
Brayton Thomas,Indiana,2026,77,So.,LEFT,LEFT,Fort Wayne,IN,Bishop Dwenger
Michael Sarhatt,Indiana,2026,78,Sr.,RIGHT,RIGHT,Belmont,CA,Junipero Serra
Reagan Rivera,Indiana,2026,70,Sr.,RIGHT,RIGHT,San Diego,CA,San Diego
Ivan Mastalski,Indiana,2026,76,Fr.,RIGHT,RIGHT,Saint John,IN,Andrean
Pete Haas,Indiana,2026,72,Sr.,RIGHT,RIGHT,Hancock,NH,Keene
Conner Linn,Indiana,2026,75,Sr.,LEFT,LEFT,Kokomo,IN,Western
Kaden Jacobi,Indiana,2026,75,Sr.,RIGHT,RIGHT,O'Fallon,MO,Liberty
Anthony Gubitosi,Indiana,2026,71,Sr.,LEFT,LEFT,Freehold,NJ,Colts Neck
Xavier Carrera,Indiana,2026,75,Fr.,RIGHT,RIGHT,Valparaiso,IN,Boone Grove
Weston Fulk,Indiana State,2026,76,Jr.,RIGHT,LEFT,Ankeny,IA,Ankeny
Mason Roell,Indiana State,2026,73,So.,RIGHT,RIGHT,West Bend,WI,West Bend East
Carter Beck,Indiana State,2026,71,Jr.,LEFT,RIGHT,Carnduff,Canada,Carnduff HS
Andrew Ortiz,Indiana State,2026,70,So.,RIGHT,LEFT,Miramar,FL,American Heritage
Colin Sander,Indiana State,2026,70,Fr.,BOTH,RIGHT,Louisville,KY,Trinity
Emil Estrella,Indiana State,2026,73,Sr.,RIGHT,RIGHT,Santiago,Dominican Republic,
Marcelino Alonso,Indiana State,2026,74,Jr.,RIGHT,RIGHT,Reedsburg,WI,Reedsburg Area HS
Caden Miller,Indiana State,2026,71,Jr.,RIGHT,RIGHT,Lockport,IL,Lockport Township HS
Jeremy Martinez,Indiana State,2026,71,So.,RIGHT,RIGHT,Caguas,PR,Puerto Rico Baseball Academy
Jorge Cartagena,Indiana State,2026,72,Sr.,RIGHT,RIGHT,San Juan,PR,Leadership Christian Academy
Nomar Garcia,Indiana State,2026,73,Sr.,RIGHT,RIGHT,Santo Domingo,Dominican Republic,Liceo Vespertino
Caleb Niehaus,Indiana State,2026,73,Sr.,RIGHT,RIGHT,Newburgh,IN,Castle HS
Nick Sutherlin,Indiana State,2026,73,Sr.,RIGHT,RIGHT,Greencastle,IN,Greencastle
Spencer Johnsen,Indiana State,2026,72,Jr.,LEFT,LEFT,Huntington Beach,CA,Ocean View HS
Hunter Small,Indiana State,2026,75,Sr.,RIGHT,RIGHT,Owensboro,KY,Owensboro Catholic HS
Colby Morse,Indiana State,2026,70,Sr.,RIGHT,RIGHT,Harrisburg,IL,Harrisburg
Ryan Karst,Indiana State,2026,75,Sr.,RIGHT,RIGHT,Elm Grove,WI,Brookfield East
Ty Brooks,Indiana State,2026,72,So.,RIGHT,RIGHT,Milford,IN,Wawasee
Jack Armstrong,Indiana State,2026,77,Sr.,RIGHT,RIGHT,Newman,IL,Shiloh
Jacob Spencer,Indiana State,2026,76,Sr.,RIGHT,RIGHT,Centreville,MI,Centreville
Owen Roberts,Indiana State,2026,72,Fr.,RIGHT,RIGHT,Aurora,IL,Waubonsie Valley
Justin Hoff,Indiana State,2026,77,Jr.,RIGHT,RIGHT,Boynton Beach,FL,American Heritage
Jaxon Sparks,Indiana State,2026,74,Fr.,LEFT,LEFT,Fort Wayne,IN,Fort Wayne Carroll HS
Carson Seeman,Indiana State,2026,74,Sr.,RIGHT,RIGHT,Auburn,CA,Placer
Breyllin Suriel,Indiana State,2026,71,Sr.,RIGHT,RIGHT,Bonao,Dominican Republic,Liceo Francisco Ramiers Capallan
Grant Parson,Indiana State,2026,77,Jr.,RIGHT,RIGHT,Owensboro,KY,Catholic
Trevor Fenters,Indiana State,2026,75,Fr.,RIGHT,RIGHT,Valparaiso,IN,Valparaiso
Jordan Overton,Iona,2026,72,Sr.,RIGHT,RIGHT,Wake Forest,NC,Rolesville
Kieran Kehoe,Iona,2026,79,So.,RIGHT,RIGHT,North Bellmore,NY,Mepham
Malachi Costello,Iona,2026,70,So.,RIGHT,RIGHT,Rockaway Beach,NY,Polo Prep
Damian Rodriguez,Iona,2026,72,Sr.,RIGHT,RIGHT,Fort Lauderdale,FL,Coral Springs Charter School
Cole Silvia,Iona,2026,72,Fr.,RIGHT,RIGHT,Wilton,CT,Canterbury
AJ Oden,Iona,2026,75,Jr.,RIGHT,RIGHT,Greenfield,IN,Greenfield Central High School
Braize Mitchell,Iona,2026,72,Sr.,RIGHT,RIGHT,Amarillo,TX,Amarillo
Anthony Zollo,Iona,2026,70,Sr.,RIGHT,RIGHT,Monroe,NY,Don Bosco Prep
Tyler Acevedo,Iona,2026,72,Fr.,RIGHT,RIGHT,Middletown,NY,Minisink Valley High School
Aiden Ciprian,Iona,2026,70,Fr.,RIGHT,RIGHT,Providence,RI,Mount Saint Charles Academy
Sean Stephenson,Iona,2026,72,Jr.,RIGHT,RIGHT,Mansfield,MA,Canterbury
Chavis Conceicao,Iona,2026,73,Sr.,RIGHT,RIGHT,Ewa Beach,HI,Kailua
Nickolas Mora,Iona,2026,70,Sr.,RIGHT,RIGHT,Miami,FL,Christopher Columbus
JC Frias,Iona,2026,68,Jr.,RIGHT,RIGHT,Bronx,NY,All Hallows
Sean Davis,Iona,2026,72,Sr.,LEFT,LEFT,Cherry Hill,NJ,Cherry Hill West
Daniel Onorato,Iona,2026,72,Fr.,RIGHT,RIGHT,Miami,FL,Christopher Columbus HS
Kyle Hard,Iona,2026,74,Jr.,RIGHT,RIGHT,Mahwah,NJ,Mahwah
Justin Trinidad,Iona,2026,72,So.,RIGHT,RIGHT,Bronx,NY,Cardinal Spellman
Andrelys Payamps,Iona,2026,71,Sr.,RIGHT,RIGHT,New York,NY,George Washington
Brendan Callanan,Iona,2026,72,Jr.,RIGHT,RIGHT,Basking Ridge,NJ,Ridge High
Aiden Jovia,Iona,2026,67,Fr.,RIGHT,RIGHT,Hamden,CT,Hamden High School
Jack Puvogel,Iona,2026,73,So.,RIGHT,RIGHT,New Hyde Park,NY,St. Dominick's
Daniel Castillo,Iona,2026,72,Fr.,RIGHT,RIGHT,Miami,FL,Christopher Columbus HS
Luke Lang,Iona,2026,73,Fr.,RIGHT,RIGHT,North Bellmore,NY,Saint Dominic High School
Saul Mata,Iona,2026,70,Jr.,LEFT,LEFT,Bronx,NY,All Hallows
Jackson Kossow,Iona,2026,73,Sr.,RIGHT,RIGHT,Yorktown Heights,NY,Somers
Brett White,Iowa,2026,73,So.,LEFT,RIGHT,North Liberty,IA,Solon HS
Gable Mitchell,Iowa,2026,69,Sr.,BOTH,RIGHT,Iowa City,IA,City High
Ben Swails,Iowa,2026,74,Sr.,RIGHT,RIGHT,Tiffin,IA,Clear Creek Amana
Max Burt,Iowa,2026,72,Jr.,RIGHT,RIGHT,Mason City,IA,Newman Catholic
Bryce Phelps,Iowa,2026,74,Sr.,RIGHT,RIGHT,Denver,IA,Denver
Caleb Wulf,Iowa,2026,69,Sr.,LEFT,RIGHT,West Liberty,IA,West Liberty
Mitch Wood,Iowa,2026,74,Sr.,RIGHT,RIGHT,Ottumwa,IA,Ottumwa
Kooper Schulte,Iowa,2026,73,Sr.,RIGHT,RIGHT,New London,IA,New London
Carter Geffre,Iowa,2026,75,So.,RIGHT,RIGHT,Ames,IA,Ames
Joey Nerat,Iowa,2026,71,Sr.,LEFT,RIGHT,Campbellsport,WI,Campbellsport HS
Kellen Strohmeyer,Iowa,2026,75,Sr.,LEFT,RIGHT,Dubuque,IA,Hempstead
Miles Risley,Iowa,2026,72,Sr.,RIGHT,RIGHT,Johnston,IA,Johnston
Jaylen Ziegler,Iowa,2026,71,Sr.,RIGHT,RIGHT,Urbandale,IA,Urbandale
Jaixen Frost,Iowa,2026,75,Jr.,RIGHT,RIGHT,Kellerton,IA,Mount Ayr
Kyle Alivo,Iowa,2026,73,So.,RIGHT,RIGHT,Franklin,WI,St. Thomas More
Matthew Delgado,Iowa,2026,73,Sr.,RIGHT,RIGHT,Monrovia,CA,Monrovia
Ganon Archer,Iowa,2026,75,Sr.,RIGHT,RIGHT,Adel,IA,Van Meter
Tate Slagle,Iowa,2026,73,Fr.,RIGHT,RIGHT,Algona,IA,Algona High School
Jaron Bleeker,Iowa,2026,75,So.,RIGHT,RIGHT,Sergeant Blf,IA,Bishop Heelan
Logan Runde,Iowa,2026,73,Sr.,RIGHT,RIGHT,Peosta,IA,HEMPSTEAD HS
Brolan Frost,Iowa,2026,77,Fr.,LEFT,LEFT,Waterford,WI,Elkhorn Area High School
Justin Hackett,Iowa,2026,75,Sr.,RIGHT,RIGHT,Winterset,IA,Winterset Senior
Tyler Guerin,Iowa,2026,78,So.,LEFT,RIGHT,Shoreview,MN,Mounds View
Cole Moore,Iowa,2026,73,Fr.,RIGHT,RIGHT,Adel,IA,Van Meter Junior-senior HS
Brady Ferguson,Iowa,2026,75,Fr.,RIGHT,RIGHT,Omaha,NE,Millard West High School
Maddux Frese,Iowa,2026,72,Jr.,RIGHT,RIGHT,Norway,IA,Prairie High School
Joe Husak,Iowa,2026,73,Sr.,RIGHT,RIGHT,Cambridge,IA,North Polk
Beau Leisure,Iowa,2026,76,Jr.,RIGHT,RIGHT,Knoxville,IA,Knoxville HS
Carter Wilcox,Iowa,2026,73,Fr.,LEFT,LEFT,Aurora,CO,Cherokee Trail High School
Nick Terhaar,Iowa,2026,75,Fr.,RIGHT,RIGHT,Saginaw,MN,Proctor Senior High School
Ty Mikkelsen,Iowa,2026,72,So.,RIGHT,RIGHT,Grimes,IA,Dallas-Center Grimes
Tyree Reed,Jackson State,2026,75,Sr.,LEFT,LEFT,American Canyon,CA,American Canyon HS
Diego Melendez,Jackson State,2026,70,Jr.,RIGHT,RIGHT,Los Santos,Panama,Miami Christian HS
Wilbert Perez,Jackson State,2026,78,Sr.,RIGHT,RIGHT,San Cristobal,Dominican Republic,Escuela Primaria Sabana Palenque
Ledy Alvarez,Jackson State,2026,70,Sr.,RIGHT,RIGHT,Guayaquil,Ecuador,Colegio Americano
Edwin Enrique Lemus Hudson Jr,Jackson State,2026,70,Jr.,RIGHT,RIGHT,Cartagena,Colombia,Life Prep HS
Hederick G. Torres Horta,Jackson State,2026,74,Jr.,RIGHT,RIGHT,Hormigueros,PR,Inter American Univ. of PR
TJ (Troy) Wilson Jr,Jackson State,2026,69,Fr.,RIGHT,RIGHT,Lawrenceville,GA,Collins Hill HS
Shemar Harris,Jackson State,2026,73,Jr.,RIGHT,RIGHT,Chicago,IL,Thornwood HS
Asafa Jones,Jackson State,2026,72,Fr.,LEFT,LEFT,Toronto,Canada,United Scholastic Academy
Pierre Cabral,Jackson State,2026,72,Sr.,RIGHT,RIGHT,Santo Domingo,Dominican Republic,Connors College
Issac McClenty,Jackson State,2026,75,Jr.,RIGHT,RIGHT,Ridgeland,MS,Ridgeland HS
Robert Tate,Jackson State,2026,74,Jr.,RIGHT,RIGHT,Chicago,IL,Homewood-Flossmoor HS
Payton Chace Boines,Jackson State,2026,72,Jr.,RIGHT,RIGHT,Atlanta,GA,North Atlanta
Tyshon Patty,Jackson State,2026,72,Jr.,RIGHT,RIGHT,Atlanta,GA,Mountain View HS
Darius Dampier,Jackson State,2026,68,Jr.,LEFT,LEFT,,,Mendenhall HS
Manuel Jesus Toro Sayago,Jackson State,2026,70,Jr.,RIGHT,RIGHT,Valencia,Venezuela,Life Prep Academy
Kade Walker,Jackson State,2026,75,Sr.,LEFT,LEFT,Chicago,IL,De La Salle Institute
Jayden Lopez,Jackson State,2026,74,Sr.,LEFT,LEFT,Orlando,FL,Cypress Creek
Jaedeyn Edwards,Jackson State,2026,73,Jr.,RIGHT,RIGHT,Los Angeles,CA,Serra HS
Talmadge Davis,Jackson State,2026,72,So.,RIGHT,RIGHT,Jacksonville,FL,Duncan U Fletcher HS
Derek Arrocha,Jackson State,2026,70,Jr.,RIGHT,RIGHT,Los Santos,Panama,Schoolhouse Prep
Trey Burton,Jackson State,2026,75,So.,LEFT,LEFT,Lawrenceville,GA,Collins Hill HS
Kevin De Los Santos,Jackson State,2026,76,Fr.,RIGHT,RIGHT,Douglasville,GA,Chapel Hill HS
Christian Delgado,Jackson State,2026,72,Sr.,RIGHT,RIGHT,Providence,RI,Los Querubines de Mao
Joseph Williams,Jackson State,2026,74,Fr.,RIGHT,RIGHT,Atlanta,GA,Westlake HS
Blake Edmonds,Jacksonville,2026,70,Sr.,LEFT,RIGHT,Oak Brook,IL,Hinsdale Central
Jonah Shields,Jacksonville,2026,68,Jr.,RIGHT,RIGHT,Las Vegas,NV,Liberty HS
Conner Spelman,Jacksonville,2026,77,Jr.,RIGHT,RIGHT,Oviedo,FL,Hagerty
Sam Grunberg,Jacksonville,2026,75,Sr.,RIGHT,RIGHT,Calabasas,CA,Calabasas
Roger Vergara,Jacksonville,2026,72,Sr.,LEFT,RIGHT,Weston,FL,St. Thomas Aquinas
Derek Bermudez,Jacksonville,2026,69,Jr.,RIGHT,RIGHT,Miramar,FL,West Broward HS
Griffin Pomper,Jacksonville,2026,72,Fr.,,,Plantation,FL,Nsu University School
Abdriel Delgado,Jacksonville,2026,71,Jr.,LEFT,LEFT,Miami,FL,Miami Springs Senior
Cade Walter,Jacksonville,2026,71,Fr.,LEFT,RIGHT,Saint Cloud,FL,Harmony
Logan Baratta,Jacksonville,2026,69,Fr.,,,Naples,FL,Saint John Neumann High School
Sammy Mummau,Jacksonville,2026,72,So.,RIGHT,RIGHT,Palm Harbor,FL,Dunedin
Archer Ogbourne,Jacksonville,2026,70,Jr.,RIGHT,RIGHT,Carlisle,IA,Carlisle
Nick DeLisi,Jacksonville,2026,71,Sr.,RIGHT,RIGHT,Olney,MD,Our Lady of Good Counsel
Manuel Souffrain,Jacksonville,2026,75,Sr.,LEFT,RIGHT,Miami,FL,Braddock Senior
Kyle Hopper,Jacksonville,2026,76,Fr.,,RIGHT,Orlando,FL,First Academy
Brendan Holland,Jacksonville,2026,78,Sr.,LEFT,LEFT,North Andover,MA,North Andover
Kyle Powers,Jacksonville,2026,74,So.,LEFT,LEFT,Jacksonville,FL,Providence
Ben Baker-Livingston,Jacksonville,2026,74,Sr.,RIGHT,RIGHT,Richardson,TX,Plano East Senior
Alex Walsh,Jacksonville,2026,76,Sr.,LEFT,LEFT,Boynton Beach,FL,Oxbridge Academy
Logan Hartman,Jacksonville,2026,74,So.,RIGHT,RIGHT,Saint Johns,FL,Bartram Trail
Scout Updike,Jacksonville,2026,72,Sr.,RIGHT,RIGHT,Eustis,FL,Eustis HS
Austin Williamson,Jacksonville,2026,76,Sr.,RIGHT,RIGHT,Sherrills Ford,NC,P27 Academy
Ayden Phillips,Jacksonville,2026,73,Fr.,,RIGHT,Live Oak,FL,Columbia High School
Payton Waters,Jacksonville,2026,73,Jr.,RIGHT,RIGHT,Live Oak,FL,Suwannee
Dominic Pieto,Jacksonville,2026,72,Sr.,RIGHT,RIGHT,Cranberry Township,PA,Central Catholic
Gavin Dicks,Jacksonville,2026,75,Jr.,,LEFT,Lake Wales,FL,Lake Wales High School
Brodie Scott,Jacksonville,2026,75,So.,,RIGHT,,,
Grant Brooks,Jacksonville,2026,76,Jr.,RIGHT,RIGHT,Milford,IN,Wawasee
Brady Thomas,Jacksonville State,2026,77,Sr.,LEFT,RIGHT,Brandon,MS,
Samuel Richardson,Jacksonville State,2026,73,Fr.,RIGHT,RIGHT,Senatobia,MS,Lewisburg
Caleb Johnson,Jacksonville State,2026,74,Sr.,BOTH,RIGHT,Phenix City,AL,
Trey King,Jacksonville State,2026,74,Jr.,LEFT,RIGHT,Peachtree City,GA,McIntosh
Jaxon Pate,Jacksonville State,2026,71,So.,LEFT,RIGHT,Calhoun,GA,Sonoraville HS
Grayson Ashe,Jacksonville State,2026,72,Sr.,RIGHT,RIGHT,Montgomery,AL,
Cooper Blauser,Jacksonville State,2026,72,So.,RIGHT,RIGHT,Johns Creek,GA,Wesleyan School
Orlando Pena,Jacksonville State,2026,74,Sr.,RIGHT,RIGHT,Jersey City,NJ,Bergen Catholic
Luke Williams,Jacksonville State,2026,72,Jr.,RIGHT,RIGHT,Tuscaloosa,AL,Hillcrest High School
Matthew Cash,Jacksonville State,2026,72,So.,RIGHT,RIGHT,Centreville,AL,
Ace Williamson,Jacksonville State,2026,73,Sr.,LEFT,RIGHT,Carrollton,GA,
Greg LaChance,Jacksonville State,2026,71,Sr.,RIGHT,RIGHT,Whitby,Canada,Anderson CVI
Trey Majette,Jacksonville State,2026,74,So.,BOTH,RIGHT,Lawrenceville,GA,
Ryan Stevens,Jacksonville State,2026,70,Jr.,RIGHT,RIGHT,Eureka,MO,Christian Brothers College HS
Jud Files,Jacksonville State,2026,75,Jr.,RIGHT,RIGHT,Plantersville,MS,Mooreville
Eli Pillsbury,Jacksonville State,2026,74,Sr.,LEFT,LEFT,Newburgh,IN,Castle
Jackson Evers,Jacksonville State,2026,75,Jr.,RIGHT,RIGHT,Madison,MS,Madison Ridgeland Academy
Beau Bryans,Jacksonville State,2026,72,Sr.,RIGHT,LEFT,Madison,MS,Madison Central
Skyler Hutto,Jacksonville State,2026,76,Jr.,RIGHT,RIGHT,Trinity,AL,West Morgan
Maddox McDougall,Jacksonville State,2026,72,So.,RIGHT,RIGHT,Wesley Chapel,FL,
Ryan Geraghty,Jacksonville State,2026,73,So.,RIGHT,RIGHT,Mundelein,IL,Mundelein
Steven Cash,Jacksonville State,2026,72,Jr.,LEFT,LEFT,Centreville,AL,Bibb County
Chase Horst,Jacksonville State,2026,71,Sr.,LEFT,LEFT,Lititz,PA,P27 Academy
Joshua Sibley,Jacksonville State,2026,72,Sr.,LEFT,LEFT,Sharpsburg,GA,
Jackson Sleeper,Jacksonville State,2026,77,Sr.,RIGHT,RIGHT,Franklin,TN,Grace Christian Academy
Fisher Cantrell,Jacksonville State,2026,77,So.,RIGHT,RIGHT,Shiloh,GA,
Grayson Knight,Jacksonville State,2026,76,Sr.,RIGHT,RIGHT,Westfield,IN,
James Wilson,Jacksonville State,2026,76,Sr.,RIGHT,RIGHT,Toronto,Canada,
Josiah Seguin,James Madison,2026,76,Jr.,BOTH,RIGHT,Richmond,VA,Deep Run
Kyle Langley,James Madison,2026,71,Jr.,,,Arlington,VA,Yorktown
Clay Thompson,James Madison,2026,73,So.,RIGHT,RIGHT,Tampa,FL,Tampa Jesuit
Ryan Gocio,James Madison,2026,71,Fr.,LEFT,RIGHT,Virginia Beach,VA,Ocean Lakes
Ike Schmidly,James Madison,2026,74,Jr.,,,Charlotte,NC,Myers Park
Reece Moody,James Madison,2026,70,So.,,,Doylestown,PA,Central Bucks East
Wyatt Campbell,James Madison,2026,76,Sr.,RIGHT,RIGHT,Ocala,FL,North Marion
Cameron Aycock,James Madison,2026,67,Fr.,LEFT,RIGHT,Pikeville,NC,Charles B Aycock
Jack Cannizzaro,James Madison,2026,72,Sr.,,,Saddle River,NJ,Don Bosco
Keegan Haesler,James Madison,2026,75,Fr.,LEFT,LEFT,Virginia Beach,VA,First Colonial
Jack Guerrero,James Madison,2026,74,Sr.,LEFT,RIGHT,River Edge,NJ,River Dell Regional
Ben Barrow,James Madison,2026,75,Jr.,RIGHT,RIGHT,Jacksonville,FL,Providence School
Will Haacke,James Madison,2026,75,Fr.,RIGHT,RIGHT,Ellicott City,MD,Calvert Hall College
Jack Anderson,James Madison,2026,,So.,,,Medina,MN,Benilde-St. Margaret
Conner Worth,James Madison,2026,72,Fr.,RIGHT,RIGHT,Virginia Beach,VA,Frank W Cox
Jackson Tone,James Madison,2026,73,Sr.,LEFT,RIGHT,Chesapeake,VA,Western Branch
Luke McGrath,James Madison,2026,73,So.,,,Charlotte,NC,Myers Park
Tyler Lutz,James Madison,2026,74,Fr.,LEFT,LEFT,Telford,PA,Souderton Area
Luke Alexander,James Madison,2026,75,Fr.,RIGHT,RIGHT,Fredericksburg,VA,Riverbend
Griffin Polley,James Madison,2026,73,Jr.,,,Fairfield,CT,Fairfield Warde
Patrick Bauer,James Madison,2026,80,Sr.,RIGHT,RIGHT,Catonsville,MD,Mt. St. Joseph
Brode Susce,James Madison,2026,76,Sr.,,,Birmingham,AL,Homewood
Holden McKinney,James Madison,2026,71,So.,,,Richmond,VA,Glen Allen
Sam Pearne,James Madison,2026,75,Sr.,RIGHT,RIGHT,Virginia Beach,VA,Floyd E Kellam
Tyler Muscar,James Madison,2026,77,Sr.,,,Centreville,VA,Westfield
Jaden Kinsler,James Madison,2026,76,Sr.,,,Glen Allen,VA,Glen Allen
Jonathan Strohecker,James Madison,2026,73,Fr.,RIGHT,RIGHT,Palmyra,PA,Palmyra Area
Max Kuhle,James Madison,2026,73,Sr.,,,Virginia Beach,VA,Ocean Lakes
Trey Campos,James Madison,2026,72,Fr.,RIGHT,RIGHT,Virginia Beach,VA,Landstown
Adam Horvath,James Madison,2026,74,So.,,,Cresco,PA,Pocono Mountain East
Bryce Greene,James Madison,2026,75,Sr.,RIGHT,RIGHT,Gaithersburg,MD,Gaithersburg
Griffin Madden,James Madison,2026,74,Jr.,,,Cumberland,MD,Allegany
Lane Duff,James Madison,2026,74,So.,,,Lynchburg,VA,Liberty Christian Academy
Tony Otis,Jessup,2026,72,Sr.,RIGHT,RIGHT,Las Vegas,NV,Spring Valley
Justin Tsukada,Jessup,2026,68,Sr.,LEFT,RIGHT,Aiea,HI,Punahou School
Hunter Hirayama,Jessup,2026,68,Sr.,RIGHT,RIGHT,Mililani,HI,Saint Louis School
Diego Chavez,Jessup,2026,73,Sr.,RIGHT,RIGHT,Oxnard,CA,
Tyson Leblanc,Kansas,2026,72,Jr.,RIGHT,RIGHT,Maurice,LA,North Vermilion High School
Joshua Dykhoff,Kansas,2026,73,Sr.,LEFT,RIGHT,Bluffton,MN,Wadena-Deer Creek HS
Tyson Owens,Kansas,2026,74,So.,LEFT,RIGHT,Las Vegas,NV,Bonanza HS
Augusto Mungarrieta,Kansas,2026,72,Jr.,RIGHT,RIGHT,Campo de Carabobo,Venezuela,U.E. Colegio Libertador
Cade Baldridge,Kansas,2026,69,Jr.,BOTH,RIGHT,Roff,OK,Roff HS
Dariel Osoria,Kansas,2026,72,Sr.,RIGHT,RIGHT,Bronx,NY,Metropolitan Soundview HS
Brady Ballinger,Kansas,2026,74,Jr.,LEFT,LEFT,Las Vegas,NV,Green Valley HS
Max Soliz,Kansas,2026,77,Sr.,RIGHT,RIGHT,Houston,TX,Bob Jones HS
Dylan Schlotterback,Kansas,2026,72,Jr.,RIGHT,RIGHT,Lakeway,TX,Lake Travis High School
Jordan Bach,Kansas,2026,72,Sr.,LEFT,RIGHT,Ladner,Canada,Delta Secondary School
Kannon Carr,Kansas,2026,72,Sr.,RIGHT,RIGHT,Poplar Bluff,MO,Poplar Bluff HS
Riane Ritter,Kansas,2026,73,So.,RIGHT,RIGHT,Rogers,MN,Rogers HS
Mason Cook,Kansas,2026,74,So.,RIGHT,RIGHT,Keller,TX,Keller HS
Manning West,Kansas,2026,78,Jr.,RIGHT,RIGHT,Winder,GA,Apalachee HS
Madden Seidl,Kansas,2026,77,Fr.,RIGHT,RIGHT,Emporia,KS,Emporia HS
Dominic Voegele,Kansas,2026,74,Jr.,RIGHT,RIGHT,Columbia,IL,Columbia HS
Toby Scheidt,Kansas,2026,72,Sr.,RIGHT,RIGHT,Columbia,MO,Rock Bridge HS
Mathis Nayral,Kansas,2026,77,Jr.,RIGHT,RIGHT,Montpellier,France,Lycée Bellevue
Boede Rahe,Kansas,2026,78,Jr.,RIGHT,RIGHT,Marion,IA,Marion HS
Carter Fink,Kansas,2026,73,Sr.,RIGHT,RIGHT,Macon,GA,Tattnall Square Academy
Daniel Lopez,Kansas,2026,73,So.,RIGHT,RIGHT,El Paso,TX,Socorro HS
Caleb Deer,Kansas,2026,79,Jr.,LEFT,LEFT,Overland Park,KS,Olathe East HS
Ty Thomson,Kansas,2026,77,Jr.,LEFT,LEFT,Council Bluffs,IA,Lewis Central HS
Dee Kennedy,Kansas State,2026,71,Jr.,RIGHT,RIGHT,Fort Worth,TX,Prestonwood Christian
Nick English,Kansas State,2026,71,Jr.,RIGHT,RIGHT,Olathe,KS,Olathe South
Carlos Vasquez,Kansas State,2026,73,Sr.,RIGHT,RIGHT,Sao Paulo,Brazil,Lawrence HS
Bear Madliak,Kansas State,2026,69,Sr.,RIGHT,RIGHT,Carrollton,GA,Carrollton
Ty Smolinski,Kansas State,2026,72,So.,LEFT,RIGHT,Gretna,NE,Bellevue West
AJ Evasco,Kansas State,2026,77,So.,LEFT,RIGHT,Lincoln,NE,Lincoln East
Shintaro Inoue,Kansas State,2026,67,Sr.,LEFT,RIGHT,Yamaguchi,Japan,Takagawagakuen
Grant Gallagher,Kansas State,2026,70,Sr.,RIGHT,RIGHT,Tallahassee,FL,Lawton Chiles High School
Cadyn Karl,Kansas State,2026,75,Jr.,RIGHT,LEFT,Edmond,OK,Jones
Micah Kendrick,Kansas State,2026,72,So.,BOTH,RIGHT,Rockwall,TX,Rockwall
Kyan Lodice,Kansas State,2026,74,Sr.,LEFT,RIGHT,Omaha,NE,Millard West
Chandler Murray,Kansas State,2026,76,So.,RIGHT,RIGHT,Honolulu,HI,Mid-Pacific
Shea McGahan,Kansas State,2026,72,Sr.,RIGHT,RIGHT,Saint Louis,MO,Lindbergh
Robby Bolin,Kansas State,2026,74,Sr.,LEFT,LEFT,Topeka,KS,Washburn Rural
Austin Haley,Kansas State,2026,72,Jr.,RIGHT,RIGHT,Sherman,TX,Howe High School
Tanner Duke,Kansas State,2026,74,Jr.,RIGHT,RIGHT,Ladera Ranch,CA,San Juan Hills HS
Miles Smith,Kansas State,2026,71,Sr.,RIGHT,RIGHT,Flintville,TN,Lincoln County
Aaron Arnold,Kansas State,2026,73,Sr.,RIGHT,RIGHT,Bentonville,AR,Bentonville West
Lincoln Sheffield,Kansas State,2026,72,Sr.,LEFT,LEFT,Flowood,MS,Hartfield Academy
Cohen Feser,Kansas State,2026,74,Sr.,RIGHT,RIGHT,San Antonio,TX,Reagan
James Guyette,Kansas State,2026,75,Jr.,RIGHT,RIGHT,Newbury Park,CA,Newbury Park
Tazwell Butler,Kansas State,2026,71,Sr.,RIGHT,RIGHT,Sandy Springs,GA,St. Pius X
Donte Lewis,Kansas State,2026,71,So.,RIGHT,RIGHT,Pearland,TX,St. Thomas
Carson Liggett,Kansas State,2026,73,Sr.,RIGHT,RIGHT,Overland Park,KS,Blue Valley
Robert Fortenberry,Kansas State,2026,72,Sr.,LEFT,LEFT,Frisco,TX,Wakeland HS
Adam Arther,Kansas State,2026,75,Jr.,LEFT,LEFT,Altadena,CA,Polytechnic
Billy Eich,Kansas State,2026,79,Sr.,RIGHT,RIGHT,Tampa,FL,Wharton HS
Adan Longoria,Kansas State,2026,76,Jr.,RIGHT,RIGHT,Plant City,FL,Plant City HS
Matt Flores,Kansas State,2026,72,Sr.,RIGHT,RIGHT,Whittier,CA,La Habra HS
Cole Wisenbaker,Kansas State,2026,75,Jr.,LEFT,LEFT,Houston,TX,Cypress Christian
Cooper Williams,Kennesaw State,2026,71,Jr.,RIGHT,RIGHT,Woodstock,GA,North Cobb Christian School
Jackson Chirello,Kennesaw State,2026,78,Sr.,LEFT,RIGHT,Woodstock,GA,Etowah HS
Christopher Cole,Kennesaw State,2026,74,Sr.,LEFT,RIGHT,Dallas,GA,North Paulding HS
James McGee,Kennesaw State,2026,72,So.,RIGHT,RIGHT,Mcdonough,GA,Ola HS
Trenton Lyons,Kennesaw State,2026,75,Jr.,BOTH,RIGHT,Memphis,TN,Christian Brothers
Wesley Alig,Kennesaw State,2026,69,So.,RIGHT,RIGHT,Oak Ridge,TN,Christian Academy of Knoxville
Aaron Posey,Kennesaw State,2026,73,Sr.,RIGHT,RIGHT,Wexford,PA,North Allegheny HS
Jamarie Brooks,Kennesaw State,2026,74,Sr.,RIGHT,RIGHT,Riverdale,GA,Mundy's Mill HS
Shamaar McDuffie,Kennesaw State,2026,71,Jr.,RIGHT,RIGHT,Hampton,GA,Georgia Premier Academy
Grayson McCollum,Kennesaw State,2026,72,Fr.,RIGHT,RIGHT,Peachtree Corners,GA,Wesleyan
Josh Gibbs,Kennesaw State,2026,72,Fr.,RIGHT,RIGHT,Cumming,GA,Forsyth Central HS
Charlie Jones,Kennesaw State,2026,75,Sr.,RIGHT,RIGHT,Cumming,GA,Kings Ridge Christian
Jackson Bradfield,Kennesaw State,2026,71,So.,RIGHT,RIGHT,Canton,GA,Cherokee HS
Evan Holstein,Kennesaw State,2026,74,So.,RIGHT,RIGHT,Canton,GA,Cherokee HS
Avery Wilson,Kennesaw State,2026,71,Fr.,RIGHT,RIGHT,Powder Springs,GA,Hillgrove HS
Ryan Renfroe,Kennesaw State,2026,75,Jr.,RIGHT,RIGHT,Thomasville,GA,Thomasville HS
Harry Cain IV,Kennesaw State,2026,78,Sr.,RIGHT,RIGHT,Atlanta,GA,St. Francis HS
Daniel Powell,Kennesaw State,2026,74,Jr.,RIGHT,RIGHT,Roswell,GA,Fellowship Christian School
Nolan Sliver,Kennesaw State,2026,74,Sr.,RIGHT,RIGHT,Mcdonough,GA,Ola HS
Pete Jezerinac,Kennesaw State,2026,73,So.,LEFT,LEFT,Kennesaw,GA,Kennesaw Mountain
Ty Bayer,Kennesaw State,2026,76,So.,BOTH,RIGHT,Cumming,GA,South Forsyth HS
Ryan Gold,Kennesaw State,2026,76,Jr.,RIGHT,LEFT,Smyrna,GA,Campbell
Cooper McMullen,Kennesaw State,2026,75,So.,RIGHT,RIGHT,Bonaire,GA,Tattnall Square Academy
Logan Brock,Kennesaw State,2026,74,So.,RIGHT,RIGHT,Marietta,GA,Lassiter HS
JT Gibson,Kennesaw State,2026,76,Jr.,RIGHT,LEFT,Mc Lean,VA,St. Johns College
Nate Helman,Kennesaw State,2026,76,Jr.,RIGHT,RIGHT,Dana Point,CA,Dana Hills
Cole Royer,Kennesaw State,2026,78,So.,RIGHT,RIGHT,Waynesville,GA,Pierce County HS
Jayden Summerville,Kennesaw State,2026,76,Fr.,LEFT,LEFT,Orlando,FL,Lake Highland Preparatory School
Davis Harper,Kennesaw State,2026,73,Fr.,RIGHT,RIGHT,Dunwoody,GA,Holy Innocents Episcopal
Nolan Bethel,Kennesaw State,2026,75,Fr.,RIGHT,RIGHT,Loudon,TN,Loudon HS
Micah Rienstra-Kiracofe,Kent State,2026,73,So.,RIGHT,RIGHT,Indianapolis,IN,
Sawyer Solitaria,Kent State,2026,76,So.,RIGHT,RIGHT,Olmsted Falls,OH,
Brody Williams,Kent State,2026,73,Sr.,,,Eddyville,KY,
Nolan Belcher,Kent State,2026,76,Fr.,RIGHT,RIGHT,Jonesboro,AR,
Alejandro Covas,Kent State,2026,74,Jr.,RIGHT,RIGHT,Peninsula,OH,Walsh Jesuit
Grady Mee,Kent State,2026,70,Sr.,BOTH,RIGHT,Toledo,OH,
Max Humphrey,Kent State,2026,73,So.,RIGHT,RIGHT,Mount Pleasant,MI,
Luke Matthews,Kent State,2026,71,Sr.,RIGHT,RIGHT,Murrieta,CA,
Ripken Reese,Kent State,2026,74,Jr.,,,Ellicott City,MD,
Brady Marshall,Kent State,2026,71,So.,RIGHT,RIGHT,Wooster,OH,
Kolton Schaller,Kent State,2026,73,Sr.,,,Mount Horeb,WI,
Hunter Klotz,Kent State,2026,75,Sr.,RIGHT,,Martinsburg,PA,
Ben Rabatin,Kent State,2026,72,So.,,RIGHT,Parma,OH,
Brody Krzysiak,Kent State,2026,72,Jr.,RIGHT,RIGHT,Bay City,MI,Bay City John Glenn
Nick Guidas,Kent State,2026,74,Sr.,LEFT,LEFT,Gibsonia,PA,
Evan Holewinski,Kent State,2026,77,So.,,RIGHT,Bethel Park,PA,
Jordan Kolenda,Kent State,2026,76,Jr.,,,Pittsburgh,PA,
Gavin Jones,Kent State,2026,75,Jr.,RIGHT,RIGHT,North Royalton,OH,
Grant Keffaber,Kent State,2026,72,Fr.,RIGHT,RIGHT,Lebanon,OH,Lebanon High School
Jaden Varner,Kent State,2026,71,Sr.,LEFT,LEFT,Wooster,OH,
Ciaran Caughey,Kent State,2026,73,Sr.,,,Hartland,MI,
Peyton Williams,Kent State,2026,75,Fr.,RIGHT,RIGHT,Eddyville,KY,Lyon County High School
Easton Tumis,Kent State,2026,76,So.,RIGHT,RIGHT,Friendswood,TX,Friendswood
Alex Alberico,Kent State,2026,72,Jr.,,RIGHT,Lockport,IL,
Caden Leonard,Kent State,2026,77,Sr.,,RIGHT,Mokena,IL,
Rocco Bernadina,Kent State,2026,77,Sr.,,RIGHT,New Castle,PA,New Castle
Parker Lind,Kent State,2026,74,Fr.,BOTH,LEFT,Belle Vernon,PA,Belle Vernon Area High School
Tyler Bell,Kentucky,2026,,So.,,,,,
Alex Duffey,Kentucky,2026,72,Sr.,LEFT,RIGHT,Bernardsville,NJ,Immaculata
Ethan Hindle,Kentucky,2026,,Jr.,,,,,
Hudson Brown,Kentucky,2026,,So.,,,,,
Jayce Tharnish,Kentucky,2026,75,Sr.,RIGHT,RIGHT,Devon,PA,Conestoga
Luke Lawrence,Kentucky,2026,72,Sr.,LEFT,RIGHT,Evergreen Park,IL,Brother Rice HS
Braxton Van Cleave,Kentucky,2026,,Fr.,,,Arlington,TX,Mansfield High School
Ryan Schwartz,Kentucky,2026,,So.,,,,,
Caeden Cloud,Kentucky,2026,,Fr.,,,Nixa,MO,Nixa High School
Scott Campbell,Kentucky,2026,72,Sr.,RIGHT,RIGHT,Macon,GA,Howard HS
Carson Hansen,Kentucky,2026,74,Sr.,LEFT,LEFT,Pewaukee,WI,Pewaukee
Will Marcy,Kentucky,2026,75,Sr.,RIGHT,RIGHT,Raleigh,NC,Pro5 Baseball Academy
Tagger Tyson,Kentucky,2026,73,Jr.,RIGHT,RIGHT,Mount Pleasant,SC,Oceanside Collegiate Academy
Owen Jenkins,Kentucky,2026,,Fr.,,,Versailles,KY,Lexington Catholic High School
Tyler Cerny,Kentucky,2026,74,Sr.,RIGHT,RIGHT,Greenwood,IN,Center Grove
Chase Alderman,Kentucky,2026,77,Jr.,RIGHT,RIGHT,Morehead,KY,
Jaxon Jelkin,Kentucky,2026,77,Sr.,RIGHT,RIGHT,Omaha,NE,Bellevue West HS
Leighton Harris,Kentucky,2026,,So.,,LEFT,,,
Nile Adcock,Kentucky,2026,,Sr.,,,,,
Tristan Hunter,Kentucky,2026,,So.,,,,,
Will Coleman,Kentucky,2026,,Fr.,,LEFT,Newburgh,IN,Castle High School
Jackson Soucie,Kentucky,2026,76,Sr.,LEFT,LEFT,Cambridge,Canada,St. Benedict Catholic Secondary
Jack Bennett,Kentucky,2026,74,Sr.,RIGHT,RIGHT,Paducah,KY,McCraken County HS
Ben Cleaver,Kentucky,2026,,Jr.,,,,,
Jacks Sams,Kentucky,2026,,Fr.,,,Lexington,KY,Lexington Catholic High School
Nate Harris,Kentucky,2026,,So.,,,,,
Burkley Bounds,Kentucky,2026,74,So.,RIGHT,RIGHT,Lexington,KY,Lexington Catholic HS
Tommy Skelding,Kentucky,2026,,So.,,,,,
Connor Mattison,Kentucky,2026,74,Jr.,RIGHT,RIGHT,Goodyear,AZ,Canyon View
Ira Austin,Kentucky,2026,74,Sr.,RIGHT,RIGHT,New Orleans,LA,Archbishop Rummel
Ryan Mullan,Kentucky,2026,74,Jr.,,,Chino Hills,CA,Damien HS
Bryson Treichel,Kentucky,2026,74,So.,RIGHT,RIGHT,Deland,FL,DeLand HS
Oliver Boone,Kentucky,2026,76,So.,RIGHT,RIGHT,North Hollywood,CA,Notre Dame HS
Kale Richardson,King,2026,75,Sr.,RIGHT,RIGHT,Danville,VA,Carlisle School
Jose Ruiz,King,2026,64,So.,RIGHT,RIGHT,Chesapeake,VA,Deep Creek
Josh Nuno,King,2026,70,Sr.,LEFT,RIGHT,Morgan Hill,CA,Santa Teresa
Jacob Eargle,King,2026,72,Sr.,BOTH,RIGHT,Chattanooga,TN,Notre Dame
Adrian Vidal,King,2026,72,Jr.,,,Miami,FL,Florida Christian
Ben Hale,King,2026,77,So.,RIGHT,RIGHT,Cedar Bluff,VA,Richlands
Rohde Kirkland,King,2026,74,Jr.,LEFT,LEFT,Maryville,TN,William Blount
Mitchell Kahlenberg,King,2026,74,Sr.,LEFT,RIGHT,Waxhaw,NC,Cuthbertson
Cade Arrambide,LSU,2026,,So.,RIGHT,RIGHT,,,
Jake Brown,LSU,2026,,Jr.,LEFT,LEFT,,,
Derek Curiel,LSU,2026,,So.,LEFT,LEFT,,,
Steven Milam,LSU,2026,,Jr.,BOTH,RIGHT,,,
Mason Braun,LSU,2026,,Fr.,LEFT,LEFT,,,
Omar Serna,LSU,2026,,Fr.,RIGHT,RIGHT,,,
Seth Dardar,LSU,2026,73,Sr.,LEFT,RIGHT,Mandeville,LA,Holy Cross
Brayden Simpson,LSU,2026,73,Sr.,RIGHT,RIGHT,Moseley,VA,Cosby
Zach Yorke,LSU,2026,74,Sr.,LEFT,RIGHT,Campbell,CA,Mountain Ridge
John Pearson,LSU,2026,,So.,RIGHT,RIGHT,,,
Chris Stanfield,LSU,2026,74,Sr.,RIGHT,RIGHT,Tallahassee,FL,Chiles
Tanner Reaves,LSU,2026,,Sr.,LEFT,RIGHT,,,
Trent Caraway,LSU,2026,74,Jr.,RIGHT,RIGHT,Dana Point,CA,JSerra Catholic
Jack Ruckert,LSU,2026,,Fr.,LEFT,RIGHT,,,
Edward Yamin,LSU,2026,77,Jr.,RIGHT,RIGHT,West Sand Lake,NY,La Salle Institute
William Patrick,LSU,2026,,Fr.,RIGHT,RIGHT,,,
Daniel Harden,LSU,2026,,Jr.,LEFT,LEFT,,,
Mavrick Rizy,LSU,2026,,So.,RIGHT,RIGHT,,,
Deven Sheerin,LSU,2026,77,So.,RIGHT,RIGHT,Reading,PA,
Casan Evans,LSU,2026,,So.,RIGHT,RIGHT,,,
Marcos Paz,LSU,2026,,Fr.,RIGHT,RIGHT,,,
Reagan Ricken,LSU,2026,,Fr.,RIGHT,RIGHT,,,
Cooper Moore,LSU,2026,73,Jr.,RIGHT,RIGHT,Bixby,OK,Bixby HS
Ethan Plog,LSU,2026,,So.,LEFT,LEFT,,,
Connor Benge,LSU,2026,72,Sr.,RIGHT,RIGHT,Montgomery,TX,Montgomery HS
Zac Cowan,LSU,2026,71,Sr.,BOTH,RIGHT,Blythewood,SC,Blythewood
William Schmidt,LSU,2026,,So.,RIGHT,RIGHT,,,
Dax Dathe,LSU,2026,75,Sr.,RIGHT,RIGHT,,,
Gavin Guidry,LSU,2026,,Jr.,RIGHT,RIGHT,,,
Zion Theophilus,LSU,2026,,Fr.,LEFT,RIGHT,,,
Santiago Garcia,LSU,2026,72,Jr.,LEFT,LEFT,Las Cruces,NM,Centennial HS
Cooper Williams,LSU,2026,,So.,LEFT,LEFT,,,
Grant Fontenot,LSU,2026,75,Sr.,RIGHT,RIGHT,Lafayette,LA,
Danny Lachenmayer,LSU,2026,75,So.,RIGHT,LEFT,Eagan,MN,Eagan
Jaden Noot,LSU,2026,,Jr.,RIGHT,RIGHT,,,
Brandon Doubek,Lafayette,2026,72,Jr.,RIGHT,RIGHT,Maplewood,NJ,Columbia
Bode Grieve,Lafayette,2026,75,Sr.,RIGHT,RIGHT,La Jolla,CA,Bishop's School
Alex Barrist,Lafayette,2026,68,So.,RIGHT,RIGHT,Newtown Square,PA,Episcopal Academy
Boden Fernsler,Lafayette,2026,74,So.,RIGHT,RIGHT,Novi,MI,Novi
Liam Ebbs,Lafayette,2026,74,So.,RIGHT,RIGHT,Atlanta,GA,St. Pius X
Jack Mislan,Lafayette,2026,72,So.,RIGHT,RIGHT,Doylestown,PA,CB East
Matthew Colella,Lafayette,2026,69,Jr.,RIGHT,RIGHT,Clifton,VA,Centreville
Ryan Stoddard,Lafayette,2026,,Fr.,,,Newtown Square,PA,Img Academy
Teddy Cashman,Lafayette,2026,71,Jr.,LEFT,RIGHT,New Canaan,CT,St. Luke's
Luke Caucci,Lafayette,2026,69,Jr.,RIGHT,RIGHT,Conshohocken,PA,Plymouth Whitemarsh
Will Dobil,Lafayette,2026,,Fr.,,,Orefield,PA,Parkland High School
Kyle McKernan,Lafayette,2026,,Fr.,,,Plymouth Meeting,PA,William Penn Charter School
Charlie Chropuvka,Lafayette,2026,69,Sr.,LEFT,LEFT,Red Bank,NJ,Ranney
Ryan Ulisse,Lafayette,2026,72,Sr.,RIGHT,RIGHT,Columbia,NJ,Holy Cross
Vince Libretto,Lafayette,2026,74,So.,RIGHT,RIGHT,Lexington,MA,Lexington
Tristan Helmick,Lafayette,2026,78,Jr.,RIGHT,RIGHT,Fort Washington,PA,La Salle
Alex Payne,Lafayette,2026,73,So.,RIGHT,RIGHT,Warren,NJ,Pingry
Kellen Moore,Lafayette,2026,77,So.,RIGHT,RIGHT,Lawrenceville,NJ,Lawrence
Wesley Maksimow,Lafayette,2026,,Fr.,,,Chatham,NJ,Chatham High School
Owen Basso,Lafayette,2026,72,Jr.,RIGHT,RIGHT,Silver Spring,MD,St. Albans
Gregory Quintana,Lafayette,2026,,Fr.,,,Haymarket,VA,St. Paul VI Catholic High School
Braden Pomponi,Lafayette,2026,,Fr.,,,Kennett Square,PA,Unionville High School
Ben Waterman,Lafayette,2026,74,Jr.,RIGHT,RIGHT,Milton,MA,Milton Academy
Tyler Kidwell,Lafayette,2026,73,Jr.,RIGHT,RIGHT,Erdenheim,PA,Springside Chestnut Hill Academy
Pat Walega,Lafayette,2026,73,Sr.,RIGHT,RIGHT,Kinnelon,NJ,Seton Hall Prep
Trey Zaffiro,Lafayette,2026,76,So.,RIGHT,RIGHT,Manhasset,NY,Manhasset Secondary
James Reese,Lafayette,2026,72,Sr.,RIGHT,RIGHT,Mequon,WI,University School
Dalton Brown,Lafayette,2026,80,So.,LEFT,LEFT,Savannah,GA,Savannah Country Day
Rob Dorn,Lafayette,2026,74,Jr.,RIGHT,RIGHT,West Grove,PA,Avon Grove
Antonio Correa,Lafayette,2026,73,Sr.,LEFT,LEFT,Lighthouse Point,FL,Pine Crest Prep
Trey Deitelbaum,Lafayette,2026,70,Jr.,RIGHT,RIGHT,Milford,CT,Foran
Cade Pregeant,Lamar,2026,68,Sr.,RIGHT,RIGHT,La Place,LA,St. Charles Catholic
Jake Wagoner,Lamar,2026,71,Jr.,RIGHT,RIGHT,Cedar Park,TX,Vista Ridge HS
Tab Tracy,Lamar,2026,75,Sr.,LEFT,LEFT,Houston,TX,Stratford HS
Beau Durbin,Lamar,2026,71,Sr.,LEFT,RIGHT,Morton,IL,Morton HS
AJ Taylor,Lamar,2026,71,Sr.,RIGHT,RIGHT,Downers Grove,IL,Downers Grove South HS
Theo Kummer,Lamar,2026,71,Sr.,RIGHT,RIGHT,Dallas,TX,John Paul II HS
Braden Benton,Lamar,2026,70,Sr.,RIGHT,RIGHT,Lubbock,TX,Monterey HS
Hector Rodriguez,Lamar,2026,73,Sr.,BOTH,RIGHT,Houston,TX,Westside HS
Lane Sparks,Lamar,2026,72,Jr.,LEFT,LEFT,Brenham,TX,Brenham HS
Kevin Duran,Lamar,2026,67,Sr.,RIGHT,RIGHT,Cleburne,TX,Cleburne HS
Balin Valentine,Lamar,2026,70,Sr.,RIGHT,RIGHT,Abilene,TX,Wylie HS
Reese Beheler,Lamar,2026,74,Sr.,LEFT,RIGHT,Sugar Land,TX,George Ranch HS
Brayden Evans,Lamar,2026,73,Sr.,LEFT,LEFT,Pearland,TX,First Baptist HS
Easton Culp,Lamar,2026,72,Jr.,RIGHT,RIGHT,Salado,TX,Harker Heights HS
Ayden Sunday,Lamar,2026,72,Fr.,RIGHT,RIGHT,Nederland,TX,Nederland HS
Colby Christian,Lamar,2026,75,Sr.,RIGHT,RIGHT,Porter,TX,Porter HS
Nathan Darden,Lamar,2026,72,Sr.,RIGHT,RIGHT,Rowlett,TX,Sachse HS
Blayne Fritcher,Lamar,2026,77,Sr.,RIGHT,RIGHT,Lexington,TX,Lexington HS
Ethan Oceguera,Lamar,2026,73,Sr.,RIGHT,RIGHT,Bridge City,TX,Bridge City HS
Jarrett Williams,Lamar,2026,72,Fr.,LEFT,LEFT,Santa Fe,TX,Santa Fe HS
Julius Carpio,Lamar,2026,73,Sr.,RIGHT,RIGHT,Dimmitt,TX,Dimmitt HS
Fabian Ramirez,Lamar,2026,69,Sr.,RIGHT,RIGHT,Houston,TX,Milby HS
Cooper Carlgren,Lamar,2026,75,Sr.,RIGHT,RIGHT,Topeka,KS,Washburn Rural HS
Travis Lutz,Lamar,2026,75,Sr.,LEFT,RIGHT,Bartonville,IL,Limestone HS
Chris Olivier,Lamar,2026,73,Sr.,RIGHT,RIGHT,Mandeville,LA,Lakeshore HS
AJ Kostic,Lamar,2026,75,Sr.,RIGHT,RIGHT,Waddell,AZ,Northwest Christian
Gage Burdick,Lamar,2026,71,Sr.,LEFT,LEFT,Dixon,IL,Dixon HS
Hayden Stallings,Lamar,2026,74,So.,LEFT,LEFT,Pasadena,TX,Pasadena Memorial HS
Max Hartmann,Lamar,2026,75,Jr.,RIGHT,RIGHT,Windsor,MO,Imperial HS
Joshua Shimmin,Lamar,2026,70,Sr.,RIGHT,RIGHT,Richmond,TX,Travis HS
Ty Dagley,Lamar,2026,71,Jr.,LEFT,LEFT,Katy,TX,Tompkins HS
Tanner Carlisle,Lamar,2026,73,Jr.,RIGHT,RIGHT,Midland,TX,Midland Christian
Daniel Midkiff,Lamar,2026,74,Fr.,RIGHT,RIGHT,Buna,TX,Buna HS
Zach Cowart,Lander,2026,71,Sr.,LEFT,RIGHT,Lexington,SC,River Bluff High School
Brody Winter,Lander,2026,74,Sr.,RIGHT,RIGHT,Anderson,SC,TL Hanna HS
Will McClellan,Lander,2026,,Sr.,,,,,
Riley Hood,Lander,2026,71,Sr.,RIGHT,RIGHT,Abilene,TX,Wylie
Lowndes Still,Lander,2026,,Sr.,,,,,
Cooper Backman,Lander,2026,,So.,,,,,
Caden Crews,Lander,2026,,Sr.,,,,,
Jake Larson,Lander,2026,,Jr.,,,,,
Joshua Sanchez,Lander,2026,,Sr.,,,,,
Evan Demurias,Lander,2026,,Sr.,,RIGHT,,,
Thomas Goldberg,Lander,2026,,Sr.,LEFT,LEFT,,,
Adam Sullivan,Le Moyne,2026,73,Sr.,LEFT,RIGHT,Syracuse,NY,Marcellus
Paul Goodness,Le Moyne,2026,76,Jr.,RIGHT,RIGHT,Palmyra,NY,Palmyra Macedon High School
Jack Cannon,Le Moyne,2026,75,Jr.,RIGHT,LEFT,Webster,NY,Webster Schroeder
Dominick Russ,Le Moyne,2026,74,So.,LEFT,RIGHT,Horseheads,NY,Horseheads
Isaac Brozon,Le Moyne,2026,73,Fr.,RIGHT,RIGHT,Aurora,NY,Southern Cayuga Central School
Robert Wegrzyn,Le Moyne,2026,73,So.,RIGHT,RIGHT,North Tonawanda,NY,Niagara-Wheatfield
Michael Whelehan,Le Moyne,2026,70,Jr.,RIGHT,RIGHT,Hilton,NY,Hilton
Cooper Romich,Le Moyne,2026,70,Jr.,RIGHT,RIGHT,North Chili,NY,Churchville-Chili
Derek Diaz,Le Moyne,2026,69,So.,RIGHT,RIGHT,White Plains,NY,Iona Prep
Chaz Anthony,Le Moyne,2026,69,Jr.,RIGHT,RIGHT,Liverpool,NY,Liverpool
Nick Kriegelstein,Le Moyne,2026,70,Fr.,RIGHT,RIGHT,Farmington,NY,Victor Central High School
Tyler Campbell,Le Moyne,2026,72,Sr.,RIGHT,RIGHT,Syracuse,NY,Westhill
Ethan Farina,Le Moyne,2026,71,Jr.,RIGHT,RIGHT,Clifton Park,NY,Shenendehowa
Landen Duprey,Le Moyne,2026,76,So.,RIGHT,RIGHT,Morrisonville,NY,Peru
Mitchell Earle,Le Moyne,2026,75,Fr.,RIGHT,RIGHT,Cortland,NY,Homer
Luke Connors,Le Moyne,2026,73,Sr.,RIGHT,RIGHT,Brampton,Canada,Heart Lake
Max Danaher,Le Moyne,2026,76,Jr.,LEFT,LEFT,Fayetteville,NY,Fayetteville-Manlius
Luke VanMarter,Le Moyne,2026,75,Fr.,RIGHT,RIGHT,Jamesville,NY,Jamesville-dewitt High School
Ian Goodness,Le Moyne,2026,76,Jr.,RIGHT,RIGHT,Palmyra,NY,Palmyra Macedon High School
Nathan Hiscox,Le Moyne,2026,74,So.,RIGHT,RIGHT,Canton,CT,Canton
AJ Petraitis,Le Moyne,2026,77,Jr.,RIGHT,RIGHT,Kings Park,NY,Kings Park
Jack Molini,Le Moyne,2026,76,Fr.,RIGHT,RIGHT,Mastic,NY,William Floyd High School
Colin Skermont,Le Moyne,2026,72,Sr.,LEFT,LEFT,Yorkville,NY,Whitesboro
Eric Swiencicki,Le Moyne,2026,71,So.,RIGHT,RIGHT,Lancaster,NY,St. Joseph's Collegiate Institute
Connor Usowski,Le Moyne,2026,76,Fr.,LEFT,LEFT,Auburn,NY,Dana L West High School
Steve Freer,Le Moyne,2026,75,Sr.,RIGHT,RIGHT,Kingston,NY,Kingston
Michael Pastrana,Le Moyne,2026,76,So.,RIGHT,RIGHT,Montgomery,AL,Homeschooled
Isaiah French,Lee,2026,72,Jr.,RIGHT,RIGHT,Maryville,TN,Maryville HS
Braden Gabel,Lee,2026,68,So.,RIGHT,RIGHT,Kennesaw,GA,Mount Paran Christian School
Luke Collier,Lee,2026,70,Sr.,RIGHT,RIGHT,Asheville,NC,Asheville Christian Academy
Ryan Valdes,Lee,2026,70,So.,RIGHT,RIGHT,Miami,FL,G. Holmes Braddock HS
JJ Williams,Lee,2026,71,Sr.,RIGHT,RIGHT,Franklin,TN,Christ Presbyterian Academy
Evan Bloomer,Lee,2026,77,So.,RIGHT,RIGHT,Collierville,TN,First Assembly Christian
Cason Engert,Lee,2026,75,Jr.,RIGHT,RIGHT,Cumming,GA,North Forsyth High School
Dylan Van Meeteren,Lee,2026,76,Jr.,RIGHT,RIGHT,Indio,CA,Xavier College Prepatory
Bryce Hawkins,Lee,2026,72,Sr.,RIGHT,RIGHT,Cumming,GA,West Forsyth
Gage Shaver,Lee,2026,73,So.,LEFT,LEFT,Ringgold,GA,Heritage HS
Tyler Pickens,Lee,2026,77,Jr.,RIGHT,RIGHT,Knoxville,TN,Oak Ridge High School
Raff Rogers,Lehigh,2026,71,Jr.,,,Haddonfield,NJ,Bishop Eustace Prep School
Trystan Crawford,Lehigh,2026,72,Sr.,RIGHT,RIGHT,Bloomsburg,PA,Central Columbia
Aidan Quinn,Lehigh,2026,72,Sr.,LEFT,RIGHT,Doylestown,PA,Central Bucks West
Jasper Adelman,Lehigh,2026,75,Jr.,,,Los Angeles,CA,IMG Academy
Ian Wirtz,Lehigh,2026,,So.,,,,,
Cade Ahearn,Lehigh,2026,,So.,,,,,
Ryan Cochran,Lehigh,2026,72,Sr.,RIGHT,RIGHT,Newtown Square,PA,Malvern Prep
Owen Walewander,Lehigh,2026,72,Sr.,RIGHT,RIGHT,Chatham,NJ,
Dom Patrizi,Lehigh,2026,70,Sr.,RIGHT,RIGHT,Marlton,NJ,Cherokee
Ryan Davis,Lehigh,2026,72,Sr.,LEFT,LEFT,Royersford,PA,Malvern Prep
Silvio Giardina,Lehigh,2026,72,Fr.,,,Pittston,PA,Pittston Area High School
Robbie Carvelli,Lehigh,2026,70,Jr.,,,Flemington,NJ,Hunterdon Central
Edwin Betances,Lehigh,2026,,So.,,,,,
Max Dantoni,Lehigh,2026,70,Fr.,,,Atlantic Highlands,NJ,Red Bank Catholic High School
Parker Ivy,Lehigh,2026,75,Fr.,,,Heath,TX,Rockwall Heath High School
Robby Grasso,Lehigh,2026,74,Fr.,,,Lafayette Hill,PA,Saint Josephs Preparatory Sch
Jack Frankovic,Lehigh,2026,72,Sr.,RIGHT,RIGHT,Little Silver,NJ,Christian Brothers Academy
Max Treonze,Lehigh,2026,,So.,,,,,
Samuel Fairhurst,Lehigh,2026,75,Jr.,,,Reston,VA,Herndon
Shane O'Neill,Lehigh,2026,70,Sr.,RIGHT,RIGHT,Morristown,NJ,Morristown
Cole Leaman,Lehigh,2026,72,Sr.,RIGHT,RIGHT,Sinking Spring,PA,
Noah Gyauch-Quirk,Lehigh,2026,,So.,,,,,
David Andolina,Lehigh,2026,72,Sr.,RIGHT,RIGHT,Oak Park,IL,Oak Park River Forest
Cole Kochanowicz,Lehigh,2026,,So.,,,,,
Jake Mulvehill,Lehigh,2026,,So.,,,,,
Christopher Nell,Lehigh,2026,76,Fr.,,,New Hyde Park,NY,Stony Brook School
Declan Wilkes,Lehigh,2026,67,Fr.,,,Reading,MA,Buckingham Browne & Nichols SC
Ralph Gariano,Lehigh,2026,,Sr.,,,,,
Ryan Holman,Lehigh,2026,72,Fr.,,,Basking Ridge,NJ,Delbarton School
Tommy Lamar,Lehigh,2026,72,Sr.,RIGHT,RIGHT,Chatham,NJ,
Jackson Shepelsky,Lehigh,2026,73,Fr.,,,Scarsdale,NY,Brunswick School
Brandon Coughlin,Lehigh,2026,68,Sr.,RIGHT,RIGHT,Greensburg,PA,Hempfield
Grady Golier,Lehigh,2026,75,Jr.,,,Avon,CT,Avon Old Farms
Seth Christmas,Lenoir-Rhyne,2026,75,Sr.,RIGHT,RIGHT,Charlotte,NC,Hopewell HS
Drew Beard,Lenoir-Rhyne,2026,72,So.,RIGHT,RIGHT,Charlotte,NC,Charlotte Christian
Mackenzie Wainwright,Lenoir-Rhyne,2026,73,Jr.,RIGHT,RIGHT,Aurora,OH,Saint Edward
Lleyton Lackey,Lenoir-Rhyne,2026,68,Jr.,BOTH,LEFT,Augusta,GA,Evans HS
Sylas Boris,Lenoir-Rhyne,2026,72,Jr.,RIGHT,RIGHT,Greensboro,NC,Northwest Guilford
Andrew Stillinger,Lenoir-Rhyne,2026,69,Sr.,LEFT,RIGHT,Niagara Falls,NY,Niagara-Wheatfield HS
Nathan Kidder,Lenoir-Rhyne,2026,69,Sr.,RIGHT,RIGHT,Wallburg,NC,Oak Grove
Trey Jensen,Lenoir-Rhyne,2026,74,So.,RIGHT,RIGHT,Connelly Springs,NC,Jimmy C. Draughn HS
Nick Morris,Lenoir-Rhyne,2026,74,Jr.,RIGHT,RIGHT,Matthews,NC,Porter Ridge HS
Preston Drebes,Lenoir-Rhyne,2026,74,Sr.,BOTH,RIGHT,Hendersonville,TN,Beech HS
Jack Renaud,Lenoir-Rhyne,2026,77,Jr.,RIGHT,RIGHT,West Creek,NJ,Ranney School HS
Kellen Gradisar,Lenoir-Rhyne,2026,72,Jr.,RIGHT,RIGHT,Missouri City,TX,Ridge Point HS
Donnie Canchela,Lenoir-Rhyne,2026,72,Sr.,RIGHT,RIGHT,Guilderland,NY,Guiderland HS
Nick Barone,Liberty,2026,72,Sr.,RIGHT,RIGHT,Montoursville,PA,Loyalsock Township
Tanner Marsh,Liberty,2026,,Jr.,RIGHT,RIGHT,,,
Anderson Fulk,Liberty,2026,75,Sr.,LEFT,LEFT,York,SC,York
Riley Decandido,Liberty,2026,74,Jr.,LEFT,LEFT,Virginia Beach,VA,
Jordan Jaffe,Liberty,2026,75,Sr.,RIGHT,RIGHT,Thousand Oaks,CA,Calabasas High
Tucker Moore,Liberty,2026,73,Jr.,BOTH,RIGHT,Castle Rock,CO,
Josh Campos,Liberty,2026,,Jr.,RIGHT,LEFT,Carrboro,NC,Chapel Hill High School
Dylan Grabowski,Liberty,2026,,Jr.,RIGHT,RIGHT,Trafford,PA,Penn-trafford High School
Easton Swofford,Liberty,2026,,Sr.,LEFT,RIGHT,,,
Jaxon Sorenson,Liberty,2026,,Sr.,LEFT,RIGHT,,,
Kyle Hvidsten,Liberty,2026,72,Sr.,RIGHT,RIGHT,Jordan,MN,Jordan HS
Landon Scilley,Liberty,2026,,So.,RIGHT,RIGHT,,,
Ryan Drumm,Liberty,2026,71,Jr.,RIGHT,RIGHT,Madison,WI,Edgewood
Jake Potts,Liberty,2026,75,Sr.,RIGHT,RIGHT,Garnet Valley,PA,
Tyler August,Liberty,2026,75,Jr.,LEFT,RIGHT,Historic New Castle,DE,Delaware Military Academy
Bradley Zayac,Liberty,2026,75,So.,RIGHT,RIGHT,Chesapeake,VA,Grassfield
Cooper Harrington,Liberty,2026,,So.,RIGHT,RIGHT,,,
Benjamin Blair,Liberty,2026,75,Jr.,RIGHT,RIGHT,Gretna,VA,Liberty Christian Academy
Jackson Evans,Liberty,2026,,Fr.,,,Durham,NC,Chapel Hill High School
Aydan Decker-Petty,Liberty,2026,77,Sr.,RIGHT,RIGHT,New Castle,IN,New Castle
Jaxon Lucas,Liberty,2026,75,Jr.,RIGHT,RIGHT,Garner,NC,Garner High School
Josh Swink,Liberty,2026,,Jr.,LEFT,LEFT,,,
Matt Porter,Liberty,2026,71,Sr.,LEFT,LEFT,Crystal Lake,IL,Prairie Ridge
Kaleb Smith,Liberty,2026,,Fr.,LEFT,LEFT,Mechanicsville,VA,Mechanicsville High School
Brandon Dahlman,Liberty,2026,,Jr.,RIGHT,RIGHT,,,
Joshua McCusker,Liberty,2026,,Sr.,LEFT,RIGHT,,,
Tristan Dietrich,Liberty,2026,76,Jr.,RIGHT,LEFT,Phoenixville,PA,Owen J. Roberts HS
Kevin Fernandez,Lincoln Memorial,2026,72,Sr.,,,Miami,FL,Pigeon Forge
Brady Morse,Lincoln Memorial,2026,74,Sr.,RIGHT,RIGHT,Danville,KY,Danville
Alex Kowalski,Lincoln Memorial,2026,71,Sr.,,,Virginia Beach,VA,Landstown
Caleb Jordan,Lincoln Memorial,2026,71,So.,,,,,Riverdale HS
Aaron Hobson,Lincoln Memorial,2026,70,Jr.,,,Ellenwood,GA,Greater Atlanta Christian School
Ford Hallock,Lincoln Memorial,2026,73,So.,,,Norcross,GA,Greater Atlantic Christian
Brooks Hagedorn,Lincoln Memorial,2026,68,So.,,,,,
Jack Santi,Lincoln Memorial,2026,,So.,,LEFT,,,
Eli Edds,Lincoln Memorial,2026,75,Sr.,,RIGHT,Maynardville,TN,Union County
Payton Armour,Lincoln Memorial,2026,,Jr.,,RIGHT,,,
Dylan Maire,Lincoln Memorial,2026,,Sr.,,RIGHT,,,
Easton Barnett,Lincoln Memorial,2026,,So.,,RIGHT,,,
Bradric Helton,Lincoln Memorial,2026,,So.,,LEFT,,,
Jake Radosevich,Lindenwood,2026,72,Sr.,RIGHT,RIGHT,Troy,IL,Triad
Sam Driscoll,Lindenwood,2026,69,Fr.,LEFT,LEFT,Mt Zion,IL,Mount Zion High School
Will Geary,Lindenwood,2026,75,Fr.,LEFT,RIGHT,Valley Park,MO,Valley Park High School
Charlie Isom-McCall,Lindenwood,2026,72,So.,RIGHT,RIGHT,Saint Louis,MO,SLUH
Tyler Ellis,Lindenwood,2026,74,So.,RIGHT,RIGHT,Wentzville,MO,Christian Brothers
Spencer Pederson,Lindenwood,2026,71,Jr.,RIGHT,RIGHT,Brooklyn Park,MN,Osseo High School
Filip Sarota,Lindenwood,2026,74,Sr.,RIGHT,RIGHT,Warsaw,Poland,Highland CC
Kameron Edwards,Lindenwood,2026,70,Sr.,LEFT,LEFT,Lake Charles,LA,Bossier Parrish CC
Owen Ralph,Lindenwood,2026,70,Fr.,RIGHT,RIGHT,Toronto,on,Riverdale
Ethan Cantareira,Lindenwood,2026,73,Fr.,LEFT,RIGHT,Saint Louis,MO,Lindbergh High School
Tanner Simpson,Lindenwood,2026,75,Sr.,RIGHT,RIGHT,Coatesville,IN,Avon
William Zareh,Lindenwood,2026,72,So.,RIGHT,RIGHT,Webster Groves,MO,Webster Groves
Matt Graf,Lindenwood,2026,69,Sr.,LEFT,RIGHT,Scottsdale,AZ,Brophy College Prep
Preston Wright,Lindenwood,2026,74,Sr.,LEFT,RIGHT,Mascoutah,IL,Mascoutah HS
Seth Benes,Lindenwood,2026,74,Jr.,RIGHT,RIGHT,O Fallon,MO,Liberty-Wentzville
Tanner Paschke,Lindenwood,2026,72,So.,RIGHT,RIGHT,O Fallon,MO,Fort Zumwalt North
Josh Newell,Lindenwood,2026,74,Sr.,RIGHT,RIGHT,Saint Charles,MO,St. Charles West
Luke Wright,Lindenwood,2026,76,Sr.,LEFT,LEFT,Saint Louis,MO,Parkway West HS
Aaron Jungers,Lindenwood,2026,72,Sr.,RIGHT,LEFT,Madison,WI,Madison Memorial
Lucas Niemeyer,Lindenwood,2026,75,Fr.,LEFT,LEFT,Louisville,KY,Ballard High School
Peter Underwood,Lindenwood,2026,72,Jr.,RIGHT,RIGHT,Town And Country,MO,Christian Brothers College HS
Dillon Haftorson,Lindenwood,2026,,Sr.,RIGHT,RIGHT,San Jose,CA,Leigh
Ethan Smith,Lindenwood,2026,73,Sr.,LEFT,LEFT,Saint Louis,MO,
Easton Rakers,Lindenwood,2026,73,Sr.,RIGHT,RIGHT,Aviston,IL,Breese Central
Ethan Milius,Lindenwood,2026,75,Fr.,RIGHT,RIGHT,Fulton,MO,Fulton High School
Braden Branigin,Lindenwood,2026,73,Fr.,LEFT,LEFT,Crown Point,IN,Andrean High School
Michael Walsh,Lindenwood,2026,72,Sr.,RIGHT,RIGHT,Saint Louis,MO,Christian Brothers
Jack Werkowitch,Lindenwood,2026,75,Fr.,LEFT,LEFT,St. Louis,MO,Oakville Senior High School
Cameron Pruitt,Lipscomb,2026,73,So.,RIGHT,RIGHT,Tampa,FL,Sickles
Jordan Thomas,Lipscomb,2026,72,Jr.,LEFT,LEFT,Loganville,GA,Georgia Premier Academy
Danny Ramirez,Lipscomb,2026,75,Jr.,LEFT,LEFT,Kissimmee,FL,Osceola High School
Hutson Miles,Lipscomb,2026,69,Jr.,RIGHT,RIGHT,Madison,TN,Goodpasture Christian School
Kai Holm,Lipscomb,2026,70,Sr.,RIGHT,RIGHT,Redwood City,CA,Sequoia HS
Brady Miller,Lipscomb,2026,71,So.,RIGHT,RIGHT,Oakdale,PA,West Allegheny
Aaron Stelogeannis,Lipscomb,2026,73,Sr.,RIGHT,RIGHT,Ocala,FL,Forest
Blake Carter,Lipscomb,2026,75,So.,RIGHT,RIGHT,Knoxville,TN,Webb School of Knoxville
Keaton Mahan,Lipscomb,2026,74,Sr.,LEFT,LEFT,Westfield,IN,Westfield
Brock Beddingfield,Lipscomb,2026,74,Fr.,RIGHT,RIGHT,Brentwood,TN,Christ Presbyterian Academy
Damion Kenealy,Lipscomb,2026,75,Sr.,RIGHT,RIGHT,Pasadena,MD,St. Mary's
Cole Pippenger,Lipscomb,2026,72,Fr.,RIGHT,RIGHT,Hillsboro,TN,Coffee County Central HS
Alejandro Ludeiro,Lipscomb,2026,73,So.,RIGHT,RIGHT,Pembroke Pines,FL,Elite Squad Academy
Simon Scharff,Lipscomb,2026,72,So.,RIGHT,RIGHT,Lake Wales,FL,Lake Wales
Eric Harper,Lipscomb,2026,70,So.,RIGHT,RIGHT,Brentwood,TN,Nolensville
Jacob Tobias,Lipscomb,2026,74,Jr.,LEFT,RIGHT,Birmingham,AL,Spain Park
Cody Underwood,Lipscomb,2026,74,Fr.,RIGHT,RIGHT,Chapel Hill,TN,Page
Caden Shanks,Lipscomb,2026,74,So.,LEFT,RIGHT,Cookeville,TN,Upperman
Jackson Lee,Lipscomb,2026,72,Fr.,LEFT,LEFT,Columbia,TN,Columbia Academy
Cole O'Brien,Lipscomb,2026,75,Sr.,RIGHT,RIGHT,Decatur,AL,Decatur Heritage Christian Acad.
Caleb Pica,Lipscomb,2026,79,Sr.,RIGHT,LEFT,Nashville,TN,Overton
Kaleb Kantola,Lipscomb,2026,78,Sr.,RIGHT,RIGHT,Monmouth,OR,Central
Alexander Llinas,Lipscomb,2026,72,Sr.,LEFT,LEFT,Pembroke Pines,FL,St. Thomas Aquinas
Adam Jamison,Lipscomb,2026,74,So.,RIGHT,RIGHT,Murfreesboro,TN,Middle Tennessee Christian
Jace Trautner,Lipscomb,2026,75,Sr.,RIGHT,RIGHT,Trinity,FL,James W. Mitchell
Collin Bosley-Smith,Lipscomb,2026,76,Sr.,RIGHT,RIGHT,Washington,DC,Woodrow Wilson
Jevarra Martin,Lipscomb,2026,79,Jr.,LEFT,LEFT,Covington,GA,Georgia Premier Academy
Ryan Kutz,Lipscomb,2026,73,Sr.,RIGHT,RIGHT,Hummelstown,PA,Lower Dauphin
Mack Mabrey,Lipscomb,2026,74,Jr.,LEFT,LEFT,Carlsbad,NM,Carlsbad High School
Dane LeMaster,Lipscomb,2026,73,Fr.,RIGHT,RIGHT,Tomball,TX,Woodlands Christian Academy
Tanner Lyne,Lipscomb,2026,70,Jr.,RIGHT,RIGHT,Concord,NC,Concord Academy
Landon Kiefer,Lipscomb,2026,70,Sr.,RIGHT,RIGHT,Crestview,FL,Braden River
Brock Puckett,Lipscomb,2026,76,Sr.,RIGHT,RIGHT,Murfreesboro,TN,Riverdale
Adam Switalski,Lipscomb,2026,72,Jr.,RIGHT,RIGHT,Burlington,WI,Westosha Central
Kade Smith,Little Rock,2026,70,So.,RIGHT,RIGHT,Searcy,AR,Harding Academy
Ryan Geck,Little Rock,2026,76,Sr.,RIGHT,RIGHT,Long Beach,CA,
Nico Baumbach,Little Rock,2026,71,Sr.,RIGHT,RIGHT,Euless,TX,Trinity
Angel Cano,Little Rock,2026,74,Sr.,RIGHT,RIGHT,Wichita,KS,
Easton Roe,Little Rock,2026,71,Jr.,LEFT,LEFT,Pleasant Hill,MO,Pleasant Hill High School
Trey Hill,Little Rock,2026,72,Sr.,RIGHT,RIGHT,Fayetteville,AR,
Nolan Freund,Little Rock,2026,73,Jr.,RIGHT,RIGHT,Kingman,KS,Kingman High School
Jack Bilski,Little Rock,2026,75,Jr.,RIGHT,RIGHT,La Porte,TX,LA Porte High School
Blake Simpson,Little Rock,2026,74,Jr.,LEFT,RIGHT,Toronto,Canada,Pickering HS
Jerdy Lopez,Little Rock,2026,68,Jr.,RIGHT,RIGHT,Newton,KS,Life Preparatory Academy
Ty Rhoades,Little Rock,2026,72,Sr.,LEFT,RIGHT,Jonesboro,AR,
Cade Martin,Little Rock,2026,72,So.,RIGHT,RIGHT,Texarkana,TX,
Michael O'Brien,Little Rock,2026,72,Jr.,LEFT,LEFT,River Ridge,LA,John Curtis Christian
Cooper Chaplain,Little Rock,2026,69,Sr.,LEFT,RIGHT,Madison,MS,
Luis Castillo,Little Rock,2026,76,So.,RIGHT,RIGHT,Talbott,TN,Lakeway Christian Academy
Jake McClure,Little Rock,2026,69,Jr.,LEFT,RIGHT,Gardner,KS,Gardner Edgerton High School
David Stanley,Little Rock,2026,72,Jr.,RIGHT,RIGHT,Toronto,Canada,Unknown School
Trent Jordan,Little Rock,2026,72,Sr.,RIGHT,RIGHT,Mountain Home,AR,
Brayden Walls,Little Rock,2026,70,Jr.,LEFT,LEFT,Boise,ID,Timberline High School
Nic Bronzini,Little Rock,2026,76,Jr.,LEFT,LEFT,San Ramon,CA,California
Gage Haley,Little Rock,2026,78,Jr.,RIGHT,RIGHT,Southaven,MS,Lewisburgh HS
Brannon Westmoreland,Little Rock,2026,78,Jr.,RIGHT,RIGHT,Haskell,OK,Haskell High School
Isaac Evaniew,Little Rock,2026,74,Sr.,RIGHT,RIGHT,Eugene,OR,Churchill HS
Brigden Parker,Little Rock,2026,74,Sr.,LEFT,LEFT,Holly,CO,Holly HS
Josh Beezley,Little Rock,2026,70,Sr.,RIGHT,RIGHT,Wheeler Heights,NSW,
Zach Busick,Little Rock,2026,73,Jr.,RIGHT,RIGHT,England,AR,
Tag Andrews,Little Rock,2026,72,Fr.,RIGHT,RIGHT,Maumelle,AR,Maumelle HS
Malcolm Brown,Little Rock,2026,73,Sr.,RIGHT,RIGHT,Texarkana,TX,
Luke Schimmels,Little Rock,2026,74,So.,RIGHT,RIGHT,Edmond,OK,Deer Creek High School
Blake Van Cleve,Little Rock,2026,75,Sr.,RIGHT,RIGHT,Plano,TX,
Brody Bunting,Little Rock,2026,73,Sr.,RIGHT,RIGHT,North Little Rock,AR,
Jack Cline,Little Rock,2026,75,Sr.,RIGHT,RIGHT,Little Rock,AR,
Hunter Royal,Little Rock,2026,70,Sr.,LEFT,LEFT,Rogers,AR,
Preston Davis,Little Rock,2026,75,Sr.,LEFT,RIGHT,Texarkana,TX,
Russ Martin,Little Rock,2026,72,Fr.,RIGHT,RIGHT,Russellville,AR,Russellville High School
Jacob Evans,Long Beach State,2026,70,So.,RIGHT,RIGHT,Long Beach,CA,Los Alamitos HS
Trevor Goldenetz,Long Beach State,2026,72,Fr.,LEFT,RIGHT,Huntington Beach,CA,Huntington Beach HS
Camden Gasser,Long Beach State,2026,70,Sr.,LEFT,RIGHT,Huntingburg,IN,Southridge
Dylan Lina,Long Beach State,2026,72,Sr.,RIGHT,RIGHT,Carson,CA,St. John Bosco HS
Matthew Toomey,Long Beach State,2026,75,So.,LEFT,RIGHT,Mammoth Lakes,CA,Mammoth HS
Smith Chandler,Long Beach State,2026,70,Jr.,RIGHT,RIGHT,Alamo,CA,De La Salle HS
Trotter Enright,Long Beach State,2026,74,So.,LEFT,RIGHT,Newbury Park,CA,Camarillo HS
Justin Roulston,Long Beach State,2026,76,Sr.,RIGHT,RIGHT,Los Angeles,CA,Culver City HS
Ty Borgogno,Long Beach State,2026,70,Jr.,RIGHT,RIGHT,Chino Hills,CA,Ayala HS
Conner Stewart,Long Beach State,2026,75,Sr.,RIGHT,RIGHT,Clinton,OH,Wadsworth HS
Murchael Turner,Long Beach State,2026,72,So.,RIGHT,RIGHT,Mableton,GA,Georgia Perimeter Academy
Kaiden Smaka,Long Beach State,2026,73,Jr.,LEFT,LEFT,Las Vegas,NV,Palo Verde High School
Reid Montgomery,Long Beach State,2026,72,So.,LEFT,LEFT,Mission Viejo,CA,Capistrano Valley HS
Aaron Perez,Long Beach State,2026,74,Sr.,LEFT,LEFT,Santa Ana,CA,Villa Park HS
Luke Taylor,Long Beach State,2026,73,So.,RIGHT,RIGHT,Holladay,UT,Olympus HS
Damon Valdez,Long Beach State,2026,75,Fr.,RIGHT,RIGHT,Long Beach,CA,Los Alamitos High School
Ka'imi Kahalekai,Long Beach State,2026,80,So.,RIGHT,RIGHT,Kahului,HI,Kamehameha Schools-Maui
Brad Grindlinger,Long Beach State,2026,74,So.,RIGHT,RIGHT,Huntington Beach,CA,Huntington Beach HS
Jake Fields,Long Beach State,2026,72,Jr.,RIGHT,RIGHT,El Dorado Hills,CA,Oak Ridge HS
Hogan Shelby,Long Beach State,2026,75,So.,RIGHT,RIGHT,North Richland Hills,TX,Birdville HS
Caleb Anderson,Long Beach State,2026,77,Sr.,RIGHT,RIGHT,Menifee,CA,Paloma Valley HS
Jaxon Baker,Long Beach State,2026,77,Fr.,RIGHT,LEFT,Murrieta,CA,Paloma Valley High School
Tyler Gebb,Long Beach State,2026,78,Jr.,RIGHT,RIGHT,Pleasanton,CA,Foothill HS
Joey Iglesias,Long Beach State,2026,70,Sr.,RIGHT,RIGHT,San Diego,CA,Madison HS
Jason Gerfers,Long Beach State,2026,74,Fr.,RIGHT,RIGHT,Calimesa,CA,Corona HS
Luke Howe,Long Beach State,2026,75,Fr.,RIGHT,RIGHT,Woodland Hills,CA,EL Camino Real Charter
Van Larson,Long Beach State,2026,72,Sr.,LEFT,LEFT,Mill Valley,CA,Marin Catholic HS
Alex Ramos,Long Beach State,2026,70,Sr.,RIGHT,RIGHT,Rancho Cucamonga,CA,San Dimas HS
Erick Diez,Long Beach State,2026,72,Sr.,RIGHT,RIGHT,Vacaville,CA,Vanden HS
Mason Tymick,Long Beach State,2026,75,Fr.,RIGHT,RIGHT,Torrance,CA,South High School
Nick Matson,Long Island,2026,71,Jr.,RIGHT,LEFT,Nanticoke,PA,Greater Nanticoke High School
Joe Durso,Long Island,2026,73,Sr.,RIGHT,RIGHT,,,
Nate Figueroa,Long Island,2026,67,Fr.,LEFT,RIGHT,Schenectady,NY,Colonie Central High School
Michael Polubinski,Long Island,2026,76,Jr.,RIGHT,RIGHT,Plainfield,IL,Oswego East High School
Ryan Rivera,Long Island,2026,73,Sr.,RIGHT,RIGHT,San Diego,CA,San Marcos High School
Elijah Fairchild,Long Island,2026,70,Jr.,LEFT,RIGHT,Berkeley,CA,Berkeley HS
Noah Sorensen,Long Island,2026,74,Jr.,RIGHT,RIGHT,Montrose,PA,Scranton Preparatory
Cord Dobrinski,Long Island,2026,73,Sr.,RIGHT,RIGHT,Bristow,OK,Bristow High School
Jake Kelleher,Long Island,2026,73,Jr.,RIGHT,RIGHT,Harding,PA,Wyoming Area High School
Nicholas Delvecchio,Long Island,2026,71,Jr.,LEFT,RIGHT,Westbury,NY,Holy Trinity Diocesan
Tyler Benick,Long Island,2026,76,So.,BOTH,RIGHT,,,Riverbend
Matt McGurk,Long Island,2026,75,So.,RIGHT,RIGHT,Commack,NY,Commack
Mason Breton,Long Island,2026,72,So.,LEFT,RIGHT,,,Xavier High School
Gavin Sansone,Long Island,2026,72,So.,LEFT,LEFT,Middletown,NJ,St. Thomas Aquinas
Nick Finarelli,Long Island,2026,76,Jr.,RIGHT,RIGHT,Hunlock Creek,PA,Lake-Lehman HS
Dale Fry,Long Island,2026,77,Jr.,RIGHT,RIGHT,Glendale,AZ,Northwest Christian
Dominick Vassallo,Long Island,2026,75,Sr.,RIGHT,RIGHT,Brooklyn,NY,Monsignor McClancy
Alex Jankowski,Long Island,2026,71,Sr.,RIGHT,RIGHT,Morganville,NJ,Marlboro
Noah Tabaie,Long Island,2026,75,Sr.,RIGHT,RIGHT,Gaithersburg,MD,Gaithersburg
Torin Kassebaum,Long Island,2026,72,Jr.,RIGHT,LEFT,Massapequa,NY,St. Anthony's
James Lordi,Long Island,2026,72,Jr.,LEFT,LEFT,Jim Thorpe,PA,Jim Thorpe Area
Isaac Beebe,Long Island,2026,73,Sr.,,,Berlin,NJ,
Christian Yoo,Long Island,2026,70,Jr.,RIGHT,RIGHT,Robbinsville,NJ,Robbinsville
Nicolas Benhardt,Long Island,2026,72,Sr.,,RIGHT,Sound Beach,NY,Rocky Point
Justin DeCastro,Long Island,2026,70,Sr.,RIGHT,RIGHT,Howard Beach,NY,Monsignor McClancy
Owen Luchies,Long Island,2026,74,Sr.,RIGHT,RIGHT,,,Victoria Sports School
Lawrence Elinson,Long Island,2026,72,Jr.,RIGHT,RIGHT,Marlboro,NJ,Marlboro
Tre Keels,Longwood,2026,72,Jr.,RIGHT,RIGHT,Portsmouth,VA,IMG Academy
Mikey Urbaniak,Longwood,2026,70,So.,LEFT,RIGHT,Chesapeake,VA,Greenbrier Christian Academy
Ben Pulliam,Longwood,2026,73,Fr.,RIGHT,RIGHT,Glen Allen,VA,Glen Allen High School
Jaedan Carter,Longwood,2026,72,Sr.,RIGHT,RIGHT,Woodbridge,VA,Colgan
Jack McMullan,Longwood,2026,74,So.,RIGHT,RIGHT,,,Albemarle High School
Tyler Bruggeman,Longwood,2026,71,Fr.,LEFT,LEFT,Adrian,MI,Adrian High School
Jon Howard,Longwood,2026,75,Sr.,RIGHT,RIGHT,Kinston,NC,South Lenoir
Brogan Jones,Longwood,2026,70,Jr.,RIGHT,RIGHT,Gray,TN,Daniel Boone High School
Jayson Nash,Longwood,2026,74,So.,RIGHT,RIGHT,Columbia,SC,Richland Northeast
Nathan Jackson,Longwood,2026,69,Fr.,RIGHT,RIGHT,Spotsylvania,VA,Courtland High School
Lucas Johnson,Longwood,2026,75,Sr.,RIGHT,RIGHT,Hamilton,Canada,Westdale Secondary
Bentley Yeatts,Longwood,2026,71,Sr.,RIGHT,RIGHT,Lynchburg,VA,Hammond School
Maclain Tufts,Longwood,2026,70,So.,RIGHT,RIGHT,Mendham,NJ,Pope John
Max Lawson,Longwood,2026,72,Fr.,RIGHT,RIGHT,Ashburn,VA,Briar Woods High School
Brice Abbott,Longwood,2026,74,Fr.,RIGHT,RIGHT,Christiansburg,VA,Blacksburg High School
Carson McCoy,Longwood,2026,70,Jr.,RIGHT,RIGHT,,,Saint Albans High School
JT Brown,Longwood,2026,72,Fr.,RIGHT,RIGHT,Chester,VA,Matoaca High School
Brady Hoover,Longwood,2026,74,Fr.,RIGHT,RIGHT,Penn Laird,VA,Spotswood High School
JR Fordham,Longwood,2026,70,Jr.,RIGHT,RIGHT,Dublin,GA,Beckley County High School
Joe Castrichini,Longwood,2026,74,Sr.,RIGHT,RIGHT,Peabody,MA,St. John's Prep
Cal Travers,Longwood,2026,73,Fr.,LEFT,LEFT,Richmond,VA,Mills E Godwin High School
Braydon Gray,Longwood,2026,74,So.,RIGHT,RIGHT,Chelmsford,MA,Chelmsford
Jaxon Lloyd,Longwood,2026,73,Sr.,LEFT,LEFT,Halifax,VA,Halifax County
Jackson Garland,Longwood,2026,74,Fr.,RIGHT,RIGHT,Mechanicsville,VA,Mechanicsville High School
Jackson Nash,Longwood,2026,78,Jr.,RIGHT,RIGHT,Monroe,NC,Parkwood High School
Joe Gomez,Longwood,2026,70,So.,RIGHT,RIGHT,Rancho Cucamonga,CA,Fluvanna
Wyatt Bunch,Longwood,2026,76,Sr.,RIGHT,RIGHT,Warsaw,VA,Rappahannock
Drew Siegner,Longwood,2026,73,Sr.,RIGHT,RIGHT,Burlington,NC,Southern Alamance
Cameron Freeman,Longwood,2026,75,Jr.,RIGHT,RIGHT,Little River,SC,North Myrtle Beach High School
Landen Moore,Longwood,2026,67,Jr.,RIGHT,RIGHT,,,Trinity Christian Academy
Alex Strickland,Longwood,2026,72,So.,RIGHT,RIGHT,Miller Place,NY,Miller Place
Jacob Chadwell,Longwood,2026,76,So.,RIGHT,RIGHT,Chesapeake,VA,Hickory
Ethan Plesser,Longwood,2026,74,So.,LEFT,LEFT,Fayetteville,NC,Cape Fear
Lee Amedee,Louisiana,2026,72,Sr.,LEFT,RIGHT,Gonzales,LA,St. Amant
Colt Brown,Louisiana,2026,74,Fr.,RIGHT,RIGHT,Seguin,TX,Navarro
Joshua Lim,Louisiana,2026,67,Fr.,BOTH,RIGHT,Baton Rouge,LA,Dunham School
Mark Collins,Louisiana,2026,74,So.,RIGHT,RIGHT,Opelousas,LA,Opelousas Catholic
Drew Markle,Louisiana,2026,76,Jr.,RIGHT,RIGHT,Katy,TX,Tompkins
Donovan LaSalle,Louisiana,2026,74,Jr.,RIGHT,RIGHT,Lake Charles,LA,Barbe
Steven Spalitta,Louisiana,2026,72,Jr.,LEFT,RIGHT,Mandeville,LA,Fontainebleau
Noah Lewis,Louisiana,2026,75,Fr.,RIGHT,RIGHT,Gonzales,LA,Catholic
Rigoberto Hernandez,Louisiana,2026,72,Sr.,BOTH,RIGHT,Panama City,Panama,Dr. Octavio Mendez Pereira
Jayce Lacava,Louisiana,2026,73,Jr.,RIGHT,RIGHT,Marrero,LA,Archbishop Shaw
Maddox Mandino,Louisiana,2026,69,Jr.,LEFT,LEFT,Minden,LA,Glenbrook
Blaze Rodriguez,Louisiana,2026,70,Fr.,RIGHT,RIGHT,Slidell,LA,Pope John Paul II
Owen Galt,Louisiana,2026,70,So.,RIGHT,RIGHT,Lake Charles,LA,Barbe
Griffin Hebert,Louisiana,2026,70,So.,LEFT,RIGHT,Moss Bluff,LA,Sam Houston
Kasen Bellard,Louisiana,2026,72,So.,RIGHT,RIGHT,Lake Charles,LA,Barbe
Trip Dobson III,Louisiana,2026,73,So.,RIGHT,RIGHT,Baton Rouge,LA,Catholic
Jose Torres,Louisiana,2026,70,Sr.,RIGHT,RIGHT,San Miguelito,Panama,Miami Christian School
Parker Smith,Louisiana,2026,74,So.,RIGHT,RIGHT,Montgomery,TX,Lake Creek
Tyler Papenbrock,Louisiana,2026,76,Sr.,LEFT,LEFT,Grabill,IN,Leo
Ty Roman,Louisiana,2026,75,Jr.,LEFT,LEFT,Diboll,TX,Diboll
Cody Brasch,Louisiana,2026,75,Jr.,RIGHT,RIGHT,Haslet,TX,VR Eaton
JR Tollett,Louisiana,2026,75,Jr.,RIGHT,RIGHT,Ruston,LA,Ruston
Sawyer Pruitt,Louisiana,2026,79,Fr.,RIGHT,RIGHT,Walker,LA,Live Oak
Garret Carter,Louisiana,2026,74,Jr.,RIGHT,RIGHT,Allen,TX,Allen
Hayden Pearson,Louisiana,2026,73,Fr.,LEFT,LEFT,Lafayette,LA,Ascension Episcopal School
Andrew Herrmann,Louisiana,2026,75,Sr.,LEFT,LEFT,Kennesaw,GA,Campbell
Cole Flanagan,Louisiana,2026,73,Fr.,LEFT,LEFT,Lake Charles,LA,Sam Houston
Bryce Wilson,Louisiana,2026,72,Fr.,LEFT,LEFT,Meraux,LA,Chalmette
Matt Houston,Louisiana Tech,2026,74,Sr.,RIGHT,RIGHT,Hallsville,TX,Hallsville HS
Colton Coates,Louisiana Tech,2026,72,Jr.,BOTH,RIGHT,Southaven,MS,Desoto Central
Trey Hawsey,Louisiana Tech,2026,74,So.,LEFT,LEFT,West Monroe,LA,West Monroe HS
Colby Lunsford,Louisiana Tech,2026,71,Sr.,RIGHT,RIGHT,Grass Valley,CA,Bear River HS
Wesley Scott,Louisiana Tech,2026,72,Jr.,BOTH,RIGHT,Dallas,TX,Lake Highlands HS
Casey McCoy,Louisiana Tech,2026,72,Fr.,RIGHT,RIGHT,Prairieville,LA,Dutchtown High School
Sebastian Mexico,Louisiana Tech,2026,73,Sr.,LEFT,RIGHT,Baldwinville,MA,Phillips Academy - Andover
Elijah Berch,Louisiana Tech,2026,71,Sr.,RIGHT,RIGHT,Jackson,MS,Jackson Prepatory School
Cade Patterson,Louisiana Tech,2026,73,So.,LEFT,RIGHT,Ruston,LA,Ruston HS
Nathan Houston,Louisiana Tech,2026,72,Jr.,RIGHT,RIGHT,Regina,Canada,Saskatchewan Schools
Hayden Gustavson,Louisiana Tech,2026,74,Jr.,RIGHT,RIGHT,Lake City,FL,Columbia High School
Brecken Menuet,Louisiana Tech,2026,75,Jr.,RIGHT,RIGHT,Houston,TX,Stratford High School
Zeb Ruddell,Louisiana Tech,2026,72,Jr.,LEFT,LEFT,Monroe,LA,Neville HS
McCann Libby,Louisiana Tech,2026,73,Jr.,RIGHT,RIGHT,Frisco,TX,Lone Star High School
Reid Snider,Louisiana Tech,2026,73,Jr.,RIGHT,RIGHT,Lake Charles,LA,St. Louis Catholic HS
Thomas Allen,Louisiana Tech,2026,74,Fr.,RIGHT,RIGHT,Benton,LA,Benton High School
Brooks Roberson,Louisiana Tech,2026,76,So.,RIGHT,RIGHT,Lubbock,TX,Frenship HS
Hudson Rowan,Louisiana Tech,2026,73,Jr.,RIGHT,LEFT,Panama City,FL,Mosley
Luke Cooley,Louisiana Tech,2026,73,Sr.,LEFT,LEFT,Waynesboro,MS,Wayne Academy
Declan Dahl,Louisiana Tech,2026,75,Jr.,RIGHT,RIGHT,Azle,TX,Azle High School
Joey Wittig,Louisiana Tech,2026,72,Jr.,RIGHT,RIGHT,San Diego,CA,Maranatha Christian
Luke Nichols,Louisiana Tech,2026,73,Sr.,LEFT,LEFT,Bell City,MO,Bell City HS
Riley Fisher,Louisiana Tech,2026,74,Jr.,LEFT,LEFT,Brooksville,FL,Hernando High School
Landon Fontenot,Louisiana Tech,2026,70,So.,LEFT,LEFT,Stonewall,LA,Calvary Baptist Academy
Nate Crider,Louisiana Tech,2026,74,Sr.,RIGHT,RIGHT,Paragould,AR,Greene County Tech HS
Kade Parker,Louisiana Tech,2026,74,Sr.,RIGHT,RIGHT,West Monroe,LA,West Ouachita HS
Nick Greaney,Louisiana Tech,2026,79,Sr.,LEFT,RIGHT,Dallas,TX,JJ Pearce
Caleb Short,Louisiana Tech,2026,75,Fr.,RIGHT,RIGHT,Little Rock,AR,Catholic High School
Connor Nation,Louisiana Tech,2026,71,Sr.,LEFT,LEFT,Madison,MS,Madison Central HS
Blake Hooks,Louisiana Tech,2026,72,Sr.,RIGHT,RIGHT,Petal,MS,Petal HS
Andrew Ferguson,Louisiana Tech,2026,72,Fr.,RIGHT,RIGHT,West Monroe,LA,West Monroe High School
Tague Davis,Louisville,2026,76,So.,LEFT,LEFT,West Chester,PA,Malvern Preperatory School
Zion Rose,Louisville,2026,73,Jr.,RIGHT,RIGHT,Chicago,IL,IMG Academy
Drew Freeman,Louisville,2026,72,Fr.,RIGHT,RIGHT,Parkland,FL,Marjory Stoneman Douglas
Jimmy Nugent,Louisville,2026,74,Jr.,RIGHT,RIGHT,Cincinnati,OH,Badin
Griffin Crain,Louisville,2026,70,So.,LEFT,LEFT,Cranston,RI,Bishop Hendricken
Ben Slanker,Louisville,2026,72,Jr.,LEFT,RIGHT,Canfield,OH,Canfield
Bayram Hot,Louisville,2026,74,Sr.,RIGHT,RIGHT,Queens Village,NY,Archbishop Molloy
Collin Mowry,Louisville,2026,72,So.,RIGHT,RIGHT,Mokena,IL,Lincoln-Way Central
Lucas Moore,Louisville,2026,72,Jr.,LEFT,RIGHT,Cincinnati,OH,Badin
Kade Elam,Louisville,2026,74,Fr.,RIGHT,RIGHT,Barbourville,KY,Corbin
Jax Hisle,Louisville,2026,75,Jr.,BOTH,RIGHT,Mequon,WI,Homestead
Alex Alicea,Louisville,2026,68,Jr.,BOTH,RIGHT,Milwaukee,WI,St. Thomas More
Kyle Campbell,Louisville,2026,76,So.,RIGHT,RIGHT,Louisville,KY,Trinity
George Baker,Louisville,2026,73,Jr.,LEFT,RIGHT,Waldorf,MD,Pro5 Baseball Academy
Zach Davis,Louisville,2026,70,Fr.,RIGHT,RIGHT,Bowling Green,KY,Greenwood
AJ Martin,Louisville,2026,70,Sr.,RIGHT,RIGHT,Olney,MD,St. Johns College
Zane Stahl,Louisville,2026,79,Fr.,RIGHT,RIGHT,Spring Lake,MI,P27 Academy
Brandon Shannon,Louisville,2026,76,Fr.,RIGHT,RIGHT,Mchenry,IL,McHenry
Tanner Thomas,Louisville,2026,72,Fr.,RIGHT,RIGHT,Arcola,IL,Arcola
Jack Brown,Louisville,2026,73,So.,RIGHT,RIGHT,Fishers,IN,Fishers
Wyatt Danilowicz,Louisville,2026,73,Sr.,RIGHT,LEFT,Traverse City,MI,Traverse City West
Anthony Karbowski,Louisville,2026,75,Fr.,RIGHT,LEFT,Gilberts,IL,Hampshire
Aaron England,Louisville,2026,74,So.,LEFT,LEFT,Cincinnati,OH,Fairfield
Ty Starke,Louisville,2026,78,Jr.,LEFT,LEFT,Louisville,KY,Saint Xavier
Ethan Eberle,Louisville,2026,77,So.,LEFT,LEFT,Bloomington,IL,Normal Community
Colton Hartman,Louisville,2026,75,Jr.,LEFT,LEFT,Lebanon,OH,Lebanon
Joe Olson,Louisville,2026,73,Fr.,LEFT,LEFT,Chicago,IL,Saint Laurence
Jake Schweitzer,Louisville,2026,72,So.,RIGHT,RIGHT,Louisville,KY,Trinity
Casen Murphy,Louisville,2026,70,So.,LEFT,LEFT,Park Hills,MO,Park Hills Central
Nicholas Ballard,Louisville,2026,72,Fr.,LEFT,LEFT,Louisville,KY,Dupont Manual High School
Jake Bean,Louisville,2026,75,Jr.,RIGHT,RIGHT,Middlefield,OH,Middlefield
TJ Schlageter,Louisville,2026,74,Jr.,LEFT,LEFT,Romeoville,IL,Joliet Catholic Academy
Peter Michael,Louisville,2026,75,Sr.,RIGHT,RIGHT,West Hills,CA,Chaminade College Prep
Eli Hoyt,Louisville,2026,72,Sr.,RIGHT,RIGHT,Waukesha,WI,Waukesha South
Jake Gregor,Louisville,2026,77,So.,RIGHT,RIGHT,Louisville,KY,IMG Academy
Kian Vorster,Louisville,2026,71,So.,RIGHT,RIGHT,Louisville,KY,South Oldham
Win Gurney,Loyola Marymount,2026,72,Fr.,RIGHT,RIGHT,Manhattan Beach,CA,LA Mirada High School
DJ Ghiorso,Loyola Marymount,2026,70,Sr.,RIGHT,RIGHT,Foster City,CA,Juniperro Serra HS
Zach Wadas,Loyola Marymount,2026,76,Jr.,LEFT,LEFT,Chandler,AZ,Hamilton
Jaxson Wall,Loyola Marymount,2026,74,Sr.,RIGHT,RIGHT,San Jose,CA,Valley Christian HS
Noah Malone,Loyola Marymount,2026,73,So.,RIGHT,RIGHT,Glendora,CA,South Hills HS
Andrew Mhoon,Loyola Marymount,2026,71,Fr.,RIGHT,RIGHT,Salem,OR,Sprague High School
Alex Gamboa,Loyola Marymount,2026,71,Fr.,LEFT,RIGHT,Queen Creek,AZ,Queen Creek High School
Richard Klosek,Loyola Marymount,2026,73,Fr.,RIGHT,RIGHT,Houston,TX,Kinkaid School
Zion Williams,Loyola Marymount,2026,75,Sr.,RIGHT,RIGHT,University Place,WA,Curtis Senior HS
Matthew Moreno,Loyola Marymount,2026,74,So.,RIGHT,RIGHT,Azusa,CA,South Hills HS
Travis Friend,Loyola Marymount,2026,71,Fr.,RIGHT,RIGHT,Whittier,CA,LA Mirada High School
Jordan Ortiz,Loyola Marymount,2026,74,Fr.,RIGHT,RIGHT,San Jose,CA,Valley Christian High School
JD Dunn,Loyola Marymount,2026,72,Jr.,RIGHT,RIGHT,Glendora,CA,Damien HS
Cooper Whitton,Loyola Marymount,2026,75,Jr.,RIGHT,RIGHT,San Diego,CA,Santa Fe Christian
Jake Lyall,Loyola Marymount,2026,72,So.,RIGHT,RIGHT,Novato,CA,Marin Catholic HS
Nate Stiveson,Loyola Marymount,2026,73,So.,RIGHT,RIGHT,Redondo Beach,CA,Redondo Union
Luca Danos,Loyola Marymount,2026,70,Sr.,RIGHT,RIGHT,Hampton Falls,NH,Noble and Greenough
Adam Behrens,Loyola Marymount,2026,75,Jr.,LEFT,RIGHT,Gurnee,IL,Warren Township
Jacob Fried,Loyola Marymount,2026,78,Sr.,RIGHT,RIGHT,Kenmore,WA,University Prep
Caleb Sweeney,Loyola Marymount,2026,74,Fr.,LEFT,LEFT,Tempe,AZ,Valley Christian High School
Zach Dendekker,Loyola Marymount,2026,80,Jr.,RIGHT,RIGHT,Mission Viejo,CA,EL Toro High School
Jake Geis,Loyola Marymount,2026,76,Sr.,RIGHT,RIGHT,San Jose,CA,Archbisop Mitty HS
Jonah Johnson,Loyola Marymount,2026,75,Sr.,LEFT,RIGHT,Colorado Springs,CO,Discovery Canyon HS
Niko Riera,Loyola Marymount,2026,76,Jr.,RIGHT,RIGHT,Long Beach,CA,St. John Bosco HS
Matthew Champion,Loyola Marymount,2026,70,Fr.,RIGHT,RIGHT,Laguna Niguel,CA,JSerra Catholic HS
Avery Laine,Loyola Marymount,2026,77,Sr.,LEFT,RIGHT,Riverside,CA,
Alec Johnson,Loyola Marymount,2026,73,So.,LEFT,LEFT,Wenatchee,WA,Enumclaw High School
Tanner Warady,Loyola Marymount,2026,73,Sr.,LEFT,RIGHT,Trabuco Canyon,CA,Santa Margarita HS
Zachary Bender,Loyola Marymount,2026,76,So.,RIGHT,RIGHT,Las Vegas,NV,Palo Verde HS
Maxwell Schneider,Loyola Marymount,2026,78,Fr.,RIGHT,RIGHT,Acton,CA,Vasquez High School
Caden Cline,Lubbock Christian,2026,77,Sr.,RIGHT,RIGHT,Lubbock,TX,Lubbock Cooper
Troy Carpenter,Maine,2026,76,Fr.,RIGHT,RIGHT,Kathleen,GA,IMG Academy
Nolan DeAndrade,Maine,2026,74,Sr.,RIGHT,RIGHT,Bridgewater,MA,
Hunter St. Denis,Maine,2026,77,Fr.,RIGHT,RIGHT,Laytonsville,MD,Colonel Zadok Magruder High School
Quinn Murphy,Maine,2026,73,So.,LEFT,LEFT,Barrington,RI,Barrington High School
Julian Stevens,Maine,2026,72,Sr.,RIGHT,RIGHT,Durham,NC,Amity HS
Shane Andrus,Maine,2026,69,Jr.,RIGHT,RIGHT,Ocean,NJ,Red Bank Catholic High School
Nic Pepe,Maine,2026,69,Jr.,LEFT,RIGHT,Sarasota,FL,IMG Academy
Albert De La Rosa,Maine,2026,71,Sr.,RIGHT,RIGHT,Ayer,MA,Nashua High School South
Christopher Mondesir,Maine,2026,73,So.,RIGHT,RIGHT,Roslindale,MA,Boston College High School
Rex Hauser,Maine,2026,78,Fr.,LEFT,RIGHT,Waterford,VT,Saint Johnsbury Academy
Brody Rasmussen,Maine,2026,73,Sr.,RIGHT,RIGHT,Boise,ID,Mountain View High School
Drew Reynolds,Maine,2026,72,Sr.,LEFT,RIGHT,Chehalis,WA,W.F. West
Aidan Bardi,Maine,2026,70,So.,RIGHT,RIGHT,Wantagh,NY,Wantagh High School
Jack Quigley,Maine,2026,69,So.,LEFT,RIGHT,Halifax,MA,Silver Lake Regional High School
Chris Bear,Maine,2026,73,Sr.,RIGHT,RIGHT,West Roxbury,MA,Catholic Memorial High School
Will Barter,Maine,2026,72,Fr.,RIGHT,RIGHT,Pensacola,FL,Pensacola Catholic High School
Eric Wainwright,Maine,2026,69,Sr.,RIGHT,RIGHT,West Roxbury,MA,Falmouth High School
Erik Swenson,Maine,2026,73,Fr.,RIGHT,RIGHT,Scarborough,ME,Scarborough High School
Sebastian Holt,Maine,2026,75,Sr.,LEFT,RIGHT,Woodbridge,CT,Amity Regional High School
Tommy Martin,Maine,2026,76,So.,RIGHT,RIGHT,Randolph,NJ,Randolph High School
Vaun Larisa,Maine,2026,73,Sr.,RIGHT,RIGHT,Lincoln,RI,Lincoln High School
Thomas Stabley,Maine,2026,77,Fr.,RIGHT,RIGHT,State College,PA,IMG Academy
Brennan Rumpf,Maine,2026,75,So.,RIGHT,RIGHT,Falmouth,ME,Falmouth High School
Gianni Gambardella,Maine,2026,74,Sr.,RIGHT,RIGHT,West Haven,CT,West Haven High School
Jason Krieger,Maine,2026,76,Jr.,RIGHT,RIGHT,Red Lion,PA,Red Lion High School
Pierce Friedman,Maine,2026,72,Sr.,RIGHT,RIGHT,Swampscott,MA,Swampscott
Jack Donlin,Maine,2026,74,So.,LEFT,LEFT,Cazenovia,NY,Cazenovia High School
Owen Wheeler,Maine,2026,72,Jr.,RIGHT,RIGHT,Chalfont,PA,Central Bucks South
Marshall Loch,Maine,2026,75,So.,RIGHT,RIGHT,Union Grove,WI,Union Grove
Hunter Sute,Manhattan,2026,71,Sr.,LEFT,RIGHT,Tuscaloosa,AL,American Christian Academy
Ryan Lordier,Manhattan,2026,68,Sr.,RIGHT,RIGHT,Millbrae,CA,Capuchino
Josiah Brown,Manhattan,2026,72,Jr.,BOTH,RIGHT,North Plainfield,NJ,Saint Joseph
Guriyandel Salva,Manhattan,2026,70,So.,LEFT,RIGHT,Dorado,PR,Carlos Beltran Baseball Academy
Vincent Samuel,Manhattan,2026,72,Sr.,RIGHT,RIGHT,Margate,FL,Taravella
Trevor Hansen,Manhattan,2026,76,Sr.,RIGHT,RIGHT,Skillman,NJ,Montgomery
Andreaus Lewis,Manhattan,2026,70,Sr.,LEFT,RIGHT,Atlanta,GA,Winder Barrow High School
Justin Best,Manhattan,2026,76,Jr.,LEFT,RIGHT,Cornelius,NC,Combine Academy
Jackson Babione,Manhattan,2026,71,Jr.,LEFT,RIGHT,Scottsdale,AZ,Chaparral High School
Colin Basehore,Manhattan,2026,73,So.,RIGHT,RIGHT,Harrisburg,PA,Cumberland Valley
Dylan Mayer,Manhattan,2026,75,Jr.,RIGHT,LEFT,Glenview,IL,New Trier
Jeremy Sosa,Manhattan,2026,72,So.,RIGHT,RIGHT,Bronx,NY,All Hallows
Jackson Brinker,Manhattan,2026,73,Jr.,RIGHT,RIGHT,Weston,MA,Weston
Garrett Thiele,Manhattan,2026,73,Fr.,,RIGHT,Peoria,AZ,Liberty High School
Andrew Castelluccio,Manhattan,2026,75,Sr.,RIGHT,RIGHT,Ridgefield,CT,Ridgefield
Christopher Fidanza,Manhattan,2026,78,Jr.,RIGHT,RIGHT,New Fairfield,CT,New Fairfield
Ivan Epps,Manhattan,2026,73,So.,RIGHT,RIGHT,Freeport,NY,Long Island Lutheran
Andrew Brown,Manhattan,2026,77,Jr.,RIGHT,RIGHT,Newtown,PA,Council Rock North
Trey Packen,Manhattan,2026,72,Sr.,RIGHT,RIGHT,North Bergen,NJ,Wood-Ridge
Matthew Steinberg,Manhattan,2026,75,Fr.,,RIGHT,Saint Charles,IL,Saint Charles East High School
Brady Steinert,Marist,2026,73,Sr.,RIGHT,RIGHT,Dix Hills,NY,Chaminade High School
TJ Baer,Marist,2026,69,Fr.,RIGHT,RIGHT,Easton,CT,Joel Barlow High School
Connor Lawrence,Marist,2026,69,Fr.,LEFT,RIGHT,York,PA,Red Lion High School
Kyle Pollack,Marist,2026,72,Sr.,RIGHT,RIGHT,Neptune,NJ,Saint John Vianney
Chris Diaz,Marist,2026,72,So.,LEFT,LEFT,Pomona,NY,Millbrook
Noel Rivera,Marist,2026,70,So.,RIGHT,RIGHT,Brooklyn,NY,Suffield Academy
Drew McGowan,Marist,2026,69,So.,LEFT,RIGHT,Manorville,NY,Eastport-South Manor HS
Aydan McNelly,Marist,2026,72,Sr.,RIGHT,RIGHT,Limerick,PA,Spring-Ford HS
Chase Haglund,Marist,2026,71,Fr.,,,Frewsbug,NY,Frewsburg Central School
AJ Brotz,Marist,2026,72,Sr.,RIGHT,RIGHT,Bath,NY,Haverling HS
Dylan Millman,Marist,2026,71,Sr.,RIGHT,RIGHT,Somerset,NJ,Franklin High School
Nathan Lincoln,Marist,2026,71,Sr.,RIGHT,RIGHT,Canton,CT,Canton
Luke Monico,Marist,2026,71,So.,RIGHT,RIGHT,Ramsey,NJ,"Ramsey, HS"
Scott Esposito,Marist,2026,69,Jr.,RIGHT,RIGHT,Katonah,NY,John Jay High School
Luis Cedeno,Marist,2026,69,Sr.,RIGHT,RIGHT,Kissimmee,FL,Osceola High School
Michael Mayhugh,Marist,2026,72,So.,RIGHT,RIGHT,Spring Branch,TX,The Taft School
Tyler Hartley,Marist,2026,74,Sr.,RIGHT,RIGHT,Cromwell,CT,Xavier High School
Aiden Vargas,Marist,2026,69,Fr.,RIGHT,RIGHT,Bristol,CT,Bristol Central High School
Andrew Speranza,Marist,2026,69,Jr.,LEFT,LEFT,Poughkeepsie,NY,Spackenkill
Bobby LeFerve,Marist,2026,74,Jr.,RIGHT,RIGHT,Poughkeepsie,NY,FDR
Will Taylor,Marist,2026,74,Sr.,LEFT,LEFT,Webster,NY,McQuaid Jesuit HS
Connor Southwell,Marist,2026,73,Fr.,LEFT,LEFT,Suffern,NY,Suffern
Jason Bassett,Marist,2026,74,Fr.,RIGHT,RIGHT,Staten Island,NY,Tottenville High School
Caleb Kempler,Marist,2026,73,Sr.,RIGHT,RIGHT,Princeton Junction,NJ,Notre Dame High School
Jack Sullivan,Marist,2026,72,Sr.,,RIGHT,Carmel,NY,Carmel
Chris Ubner,Marist,2026,69,Sr.,RIGHT,RIGHT,Cooperstown,NY,Cooperstown High School
Jake Burt,Marist,2026,75,Sr.,RIGHT,RIGHT,Wall,NJ,Wall HS
Steven Mazza,Marist,2026,73,Sr.,RIGHT,RIGHT,Forest Hills,NY,Archbishop Molloy High School
Andrew Fierro,Marist,2026,72,Jr.,RIGHT,RIGHT,Bloomingdale,NJ,Butler High School
Logan Scholl,Marist,2026,71,So.,RIGHT,RIGHT,Garnerville,NY,Albertus Magnus HS
Nick Buchman,Marist,2026,74,Sr.,RIGHT,RIGHT,Hopatcong,NY,Pope John High School
Ryan VanDeWater,Marist,2026,73,Sr.,RIGHT,RIGHT,Poughkeepsie,NY,Lourdes
Alejandro Aguilar,Mars Hill,2026,74,Jr.,RIGHT,RIGHT,,,
Yeriel Pastrana,Mars Hill,2026,,Jr.,RIGHT,RIGHT,Trujillo,PR,International Baseball Academy
Carter Potts,Mars Hill,2026,69,Jr.,RIGHT,RIGHT,,,
Austin Kutz,Mars Hill,2026,78,Jr.,RIGHT,RIGHT,Hartford,WI,Hartford Union
Evan Bottone,Marshall,2026,69,Jr.,LEFT,RIGHT,Bay Village,OH,Bay Village HS
Aj Havrilla,Marshall,2026,71,Jr.,RIGHT,RIGHT,Canfield,OH,Canfield
Tyler Kamerer,Marshall,2026,70,Jr.,RIGHT,RIGHT,New Castle,PA,
Wil Gubba,Marshall,2026,73,So.,RIGHT,RIGHT,Pittsburgh,PA,
Cooper Hinson,Marshall,2026,73,So.,LEFT,RIGHT,Valrico,FL,
Jackson Halter,Marshall,2026,71,Sr.,LEFT,RIGHT,Texarkana,TX,Texas
Mason Onate,Marshall,2026,71,So.,LEFT,RIGHT,Powell,OH,Olentangy Liberty
Ethan Murdoch,Marshall,2026,74,Sr.,RIGHT,RIGHT,Swift Current,Canada,Swift Current Comprehensive
Cleary Simpson,Marshall,2026,70,Sr.,LEFT,RIGHT,ALBERTA,Canada,St. Joe
Oliver Service,Marshall,2026,72,Jr.,RIGHT,RIGHT,Detroit,MI,University Liggett
Jackson Golden,Marshall,2026,74,So.,RIGHT,RIGHT,Apopka,FL,Lake Brantley
Jack Smith,Marshall,2026,74,Jr.,RIGHT,RIGHT,Cincinnati,OH,Kings
Cameron Harthan,Marshall,2026,72,Sr.,LEFT,LEFT,Cumberland,RI,Cumberland High School
Kenyon Collins,Marshall,2026,73,So.,RIGHT,RIGHT,Barboursville,WV,
Andrew Harlow,Marshall,2026,74,Sr.,RIGHT,RIGHT,Hailfax,VA,Hailfax High School
Peyton Jackson,Marshall,2026,76,So.,RIGHT,RIGHT,Ashland,KY,
Charlie Krebs,Marshall,2026,74,Jr.,RIGHT,RIGHT,Purcellville,VA,Woodgrove
Tim Baird,Marshall,2026,74,Sr.,RIGHT,RIGHT,N Royalton,OH,North Royalton
Hunter Richardson,Marshall,2026,74,Fr.,RIGHT,LEFT,Vandalia,OH,Butler High School
Landen Doll,Marshall,2026,75,Fr.,LEFT,LEFT,Massillon,OH,Jackson High School
Bryce Blevins,Marshall,2026,71,Sr.,LEFT,LEFT,Louisa,KY,Lawrence County High School
Blaine Albright,Marshall,2026,75,So.,LEFT,LEFT,Lima,OH,
Davis Gunn,Marshall,2026,76,So.,RIGHT,RIGHT,Louisville,KY,
Alex Caudill,Marshall,2026,72,Jr.,RIGHT,RIGHT,Bellefontaine,OH,Bellefontaine
AJ McAninch,Marshall,2026,74,So.,LEFT,RIGHT,Columbus,OH,
Clint Moak,Marshall,2026,72,So.,RIGHT,RIGHT,Hamilton,OH,
Luke Proehl,Marshall,2026,75,Jr.,RIGHT,RIGHT,South Riding,VA,
Cameron Talburt,Mary Hardin-Baylor,2026,,Sr.,,,,,
Taylor McDaniel,Mary Hardin-Baylor,2026,,Sr.,,,,,
Riley Bender,Mary Hardin-Baylor,2026,,Sr.,,,,,
Easton Cline,Mary Hardin-Baylor,2026,,Jr.,,,,,
Chris Perez,Mary Hardin-Baylor,2026,,Sr.,,,,,
Alex Hill,Mary Hardin-Baylor,2026,,So.,,,,,
Franklin Pichardo,Maryland,2026,74,Fr.,RIGHT,RIGHT,Bethlehem,PA,Liberty High School
Bud Coombs,Maryland,2026,70,Fr.,RIGHT,RIGHT,Mechanicsville,MD,DeMatha Catholic
Jackson Sirois,Maryland,2026,72,So.,RIGHT,RIGHT,Leesburg,VA,Paul VI Catholic HS
Nate Hawton-Henley,Maryland,2026,70,Fr.,RIGHT,RIGHT,Fairfax,VA,St. John's College High School
Brayden Martin,Maryland,2026,70,Jr.,LEFT,RIGHT,Bowie,MD,St. John's College
Rylen Stockton,Maryland,2026,70,So.,RIGHT,RIGHT,Sarasota,FL,IMG Academy
Ryan Costello,Maryland,2026,75,Fr.,LEFT,LEFT,Howell,NJ,Ranney School
Devin Russell,Maryland,2026,74,Jr.,RIGHT,RIGHT,Boonton Township,NJ,Mountain Lakes
David Mendez,Maryland,2026,71,Jr.,RIGHT,RIGHT,Aldie,VA,Independence
Jordan Crosland,Maryland,2026,72,Jr.,RIGHT,RIGHT,Suffolk,VA,Combine Academy
Michael Iannazzo,Maryland,2026,72,Jr.,LEFT,RIGHT,Southport,CT,Fairfield College Preparatory
Paul Jones II,Maryland,2026,72,So.,LEFT,LEFT,Burnsville,MN,Cretin-Derham Hall
Ty Kaunas,Maryland,2026,70,Fr.,RIGHT,RIGHT,Jefferson,MD,Brunswick High School
Antonio Morales,Maryland,2026,69,Jr.,LEFT,RIGHT,Norfolk,MA,Roxbury Latin HS
Aden Hill,Maryland,2026,70,Sr.,LEFT,RIGHT,Mechanicsville,VA,P27 Academy
Colin Gibbs,Maryland,2026,75,So.,RIGHT,RIGHT,Olney,MD,St. John's College
Cristofer Cespedes,Maryland,2026,76,So.,RIGHT,RIGHT,Haverstraw,NY,North Rockland
Landon Edwards,Maryland,2026,74,Jr.,RIGHT,LEFT,Woolwich Township,NJ,Kingsway
Andrew Koshy,Maryland,2026,74,Jr.,RIGHT,RIGHT,Albertson,NY,Kellenburg Memorial HS
Lance Williams,Maryland,2026,71,So.,RIGHT,RIGHT,Shenandoah,VA,William Monroe
James Gladden,Maryland,2026,72,Jr.,RIGHT,RIGHT,Baltimore,MD,Archbishop Curley
Jake Yeager,Maryland,2026,76,So.,RIGHT,RIGHT,Odenton,MD,Archbishop Spalding
Logan Hastings,Maryland,2026,70,So.,RIGHT,RIGHT,Huntingtown,MD,Huntingtown
Brayden Ryan,Maryland,2026,78,Jr.,RIGHT,RIGHT,Salem,NH,Lawrence Academy
Ryan Bailey,Maryland,2026,73,So.,RIGHT,RIGHT,Blauvelt,NY,Iona Prep
Evan Smith,Maryland,2026,73,Jr.,RIGHT,LEFT,Huntingtown,MD,PDG Academy
Austin Weiss,Maryland,2026,73,Fr.,LEFT,LEFT,Rockville,MD,Georgetown Preparatory School
Nic Morlang,Maryland,2026,75,Fr.,RIGHT,RIGHT,Virginia Beach,VA,First Colonial High School
Jayson Torres,Maryland,2026,74,Jr.,RIGHT,RIGHT,East Islip,NY,Elev8 Sports Institute
Joe Fredericks,Maryland,2026,69,Jr.,LEFT,LEFT,Virginia Beach,VA,Pro5 Academy
Quinn Yellin,Maryland,2026,73,Fr.,RIGHT,RIGHT,Edgewater,MD,South River
Bryce Fontenot,McNeese,2026,69,So.,RIGHT,RIGHT,Sulphur,LA,
Isaiah Keller,McNeese,2026,72,Sr.,LEFT,RIGHT,Broken Arrow,OK,
Matthew Stancliff,McNeese,2026,70,Sr.,LEFT,RIGHT,Burleson,TX,
Danny Barbero,McNeese,2026,66,Sr.,RIGHT,RIGHT,Albany,NY,Colonie Central
Hayden Stringfellow,McNeese,2026,72,Jr.,RIGHT,RIGHT,Boerne,TX,Cornerstone Christian Schools
Dj Pinkerton,McNeese,2026,73,Jr.,RIGHT,RIGHT,Bossier City,LA,Hendrickson High School
Korey Cooper,McNeese,2026,74,Sr.,LEFT,RIGHT,Dickinson,TX,Dickinson High School
Simon Larranaga,McNeese,2026,75,Sr.,RIGHT,RIGHT,Mont Belvieu,TX,Barbershill HS
Marcus Heusohn,McNeese,2026,73,Sr.,LEFT,LEFT,Waterloo,IL,Waterloo
Connor Schneider,McNeese,2026,70,Sr.,RIGHT,RIGHT,Papillion,NE,
Easton Dowell,McNeese,2026,70,Jr.,RIGHT,RIGHT,Aransas Pass,TX,Gregory Portland HS
Seth Fontenot,McNeese,2026,74,Jr.,RIGHT,RIGHT,Baton Rouge,LA,
Larry Edwards,McNeese,2026,73,Sr.,RIGHT,RIGHT,Tulsa,OK,
Kaden Schuck,McNeese,2026,72,Jr.,RIGHT,RIGHT,Reno,NV,
Connor Walker,McNeese,2026,70,Fr.,RIGHT,RIGHT,Lake Charles,LA,Sam Houston High School
Cooper Golden,McNeese,2026,76,Sr.,LEFT,LEFT,Odessa,TX,
Eric Nachtsheim,McNeese,2026,76,Sr.,RIGHT,LEFT,Reno,NV,
Brady Corcoran,McNeese,2026,71,So.,LEFT,LEFT,Nederland,TX,
Parker Morgan,McNeese,2026,73,Sr.,LEFT,LEFT,Lake Charles,LA,
Garett Blanchard,McNeese,2026,73,Jr.,RIGHT,RIGHT,New Iberia,LA,Loreauville High School
Paul Coppinger,McNeese,2026,78,Sr.,RIGHT,RIGHT,El Paso,TX,Coronado HS
Jake Blackwell,McNeese,2026,75,Sr.,LEFT,LEFT,Oktaha,OK,
Jaden Bahl,McNeese,2026,72,Jr.,RIGHT,RIGHT,Pflugerville,TX,Hendrickson High School
Elliott Burrows,McNeese,2026,71,Fr.,RIGHT,RIGHT,Montgomery,TX,Magnolia High School
Diego Corrales,McNeese,2026,69,So.,LEFT,LEFT,Lake Charles,LA,
Jairus Miller,McNeese,2026,74,Fr.,LEFT,LEFT,Lake Charles,LA,Alfred M Barbe High School
Seth Giamportone,Memphis,2026,75,So.,RIGHT,RIGHT,Olive Branch,MS,Northpoint
Brady McAbee,Memphis,2026,74,Jr.,LEFT,RIGHT,Tuscaloosa,AL,Northridge High School
Michael Gupton,Memphis,2026,68,Sr.,RIGHT,RIGHT,Raleigh,NC,
James Smith,Memphis,2026,78,Sr.,RIGHT,RIGHT,Olive Branch,MS,Northpoint Christian
Freddy Rodriguez,Memphis,2026,71,Sr.,RIGHT,RIGHT,Wellington,FL,Palm Beach Central
Cade Hitson,Memphis,2026,71,Jr.,LEFT,LEFT,Murfreesboro,TN,Riverdale
Jack Pitts,Memphis,2026,72,So.,RIGHT,RIGHT,Lakeland,TN,Arlington
Shane Cox,Memphis,2026,75,Sr.,RIGHT,RIGHT,Munford,TN,Munford HS
Trae Cassidy,Memphis,2026,71,Jr.,LEFT,RIGHT,Northville,MI,Detroit Catholic Central
Parker Price,Memphis,2026,72,Jr.,LEFT,LEFT,Eldorado,IL,Eldorado
Jack Little,Memphis,2026,73,Jr.,RIGHT,RIGHT,Katy,TX,Obra D. Tompkins
Marcus Smith,Memphis,2026,72,Jr.,RIGHT,RIGHT,New York,NY,All Hallows Institute
Tyler Harrington,Memphis,2026,73,Sr.,RIGHT,RIGHT,Lakeland,TN,Briarcrest Christian
Javon Hernandez,Memphis,2026,67,Sr.,RIGHT,RIGHT,Danbury,CT,Danbury
Webb Watson,Memphis,2026,72,So.,LEFT,LEFT,North Little Rock,AR,Central Arkansas Christian
Kyle Mabie,Memphis,2026,73,Fr.,RIGHT,RIGHT,Memphis,TN,Evangelical Christian School
Michael Politte,Memphis,2026,74,So.,RIGHT,RIGHT,Saint Louis,MO,Lindbergh
Charlie Smith,Memphis,2026,74,Sr.,RIGHT,RIGHT,Knoxville,TN,Powell
Carson Fair,Memphis,2026,70,Jr.,RIGHT,RIGHT,Hernando,MS,Southaven
Lance Bryan,Memphis,2026,71,Fr.,RIGHT,RIGHT,Eads,TN,Briarcrest Christian
David Case,Memphis,2026,72,Sr.,LEFT,LEFT,Pasadena,CA,Loyola
Jacob Dienes,Memphis,2026,74,Sr.,LEFT,LEFT,Wilson,NC,Wilson County Home School
Aiden Steht,Memphis,2026,75,Fr.,RIGHT,RIGHT,Olive Branch,MS,Desoto Central
Seth Impson,Memphis,2026,72,So.,RIGHT,RIGHT,Chatham,IL,Springfield
Seth Garner,Memphis,2026,74,Sr.,RIGHT,RIGHT,Savannah,TN,Hardin County HS
Logan Rushing,Memphis,2026,71,Sr.,RIGHT,LEFT,Brighton,TN,Brighton HS
Caden Robinson,Memphis,2026,73,Sr.,RIGHT,RIGHT,New Albany,OH,New Albany HS
Nolan McCracken,Memphis,2026,75,Sr.,RIGHT,RIGHT,Windsor,CO,Windsor
William Howell,Memphis,2026,76,So.,RIGHT,RIGHT,Pine Bluff,AR,Pine Bluff HS
Brayden Sanders,Memphis,2026,70,Sr.,LEFT,RIGHT,Olive Branch,MS,Lewisburg HS
Davis Oswalt,Memphis,2026,72,Sr.,RIGHT,RIGHT,Plantersville,MS,
Isaac Lucas,Memphis,2026,72,Jr.,LEFT,LEFT,Oakland,CA,Oakland Technical
Eli Curtis,Memphis,2026,75,Jr.,LEFT,LEFT,Chatham,IL,Glenwood
Chris Katz,Mercer,2026,72,Sr.,RIGHT,RIGHT,Raleigh,NC,Heritage HS
Eli Stephens,Mercer,2026,74,So.,LEFT,RIGHT,Warner Robins,GA,Houston County
Titan Kamaka,Mercer,2026,72,Sr.,RIGHT,RIGHT,Orlando,FL,West Orange
Braydon Kersey,Mercer,2026,73,So.,LEFT,RIGHT,Alpharetta,GA,Alpharetta
Gabe Gonzalez,Mercer,2026,76,Fr.,RIGHT,RIGHT,Jacksonville,FL,Bolles School
Logan Shepherd,Mercer,2026,74,Jr.,RIGHT,RIGHT,Olympia,WA,Olympia High School
Drew Johnson,Mercer,2026,73,Sr.,LEFT,RIGHT,Yakima,WA,West Valley
Michael Graziano,Mercer,2026,75,Jr.,RIGHT,RIGHT,Naples,FL,Naples
Kaleb Huffman,Mercer,2026,71,Sr.,LEFT,LEFT,Locust Grove,GA,
Brant Baughcum,Mercer,2026,74,Sr.,RIGHT,RIGHT,Buford,GA,Buford
Dylan LaPointe,Mercer,2026,73,Jr.,RIGHT,RIGHT,Valrico,FL,Durant
Devyn McEachron,Mercer,2026,73,Jr.,RIGHT,RIGHT,Smyrna,TN,Stewarts Creek High School
Ethan Buffone,Mercer,2026,75,Fr.,RIGHT,RIGHT,Warner Robins,GA,Houston County High School
Parker Dastou,Mercer,2026,74,Fr.,RIGHT,RIGHT,Marietta,GA,George Walton Comprehensive HS
Nathan Rowland,Mercer,2026,73,Fr.,RIGHT,RIGHT,Acworth,GA,North Paulding High School
Greyson Gegg,Mercer,2026,75,So.,LEFT,RIGHT,Saint Simons Island,GA,Glynn Academy
Andrew Garnett,Mercer,2026,73,Sr.,RIGHT,RIGHT,Macon,GA,Howard
Riley Cruce,Mercer,2026,72,Sr.,LEFT,LEFT,Loganville,GA,Loganville
Caden Alvey,Mercer,2026,74,Sr.,LEFT,LEFT,Upton,KY,Central Hardin
Jeb Johnson,Mercer,2026,71,Sr.,RIGHT,RIGHT,Moultrie,GA,Colquitt County
Miguel Hugas,Mercer,2026,75,Jr.,BOTH,RIGHT,Pittsburgh,PA,Shaler Area High School
Jackson Gaspard,Mercer,2026,72,Jr.,RIGHT,RIGHT,Buford,GA,Buford
Garrett Lambert,Mercer,2026,74,Fr.,RIGHT,RIGHT,Lilburn,GA,Parkview
Jess Ackerman,Mercer,2026,75,Sr.,LEFT,LEFT,Cumming,GA,North Forsyth
Ismael Borrero,Mercer,2026,74,Jr.,RIGHT,RIGHT,Hurricane,WV,Hurricane High School
Lawson Cole,Mercer,2026,73,Jr.,RIGHT,RIGHT,Forsyth,GA,Stratford Academy
Aidan Hayse,Mercer,2026,75,Fr.,RIGHT,RIGHT,Shorewood,IL,Joliet Catholic Academy
Kai Decker,Mercer,2026,73,So.,LEFT,RIGHT,Bonaire,GA,Houston County
Caleb Hughes,Mercer,2026,73,Fr.,RIGHT,RIGHT,Woodstock,GA,Etowah HS
Reid Fagerstrom,Mercer,2026,73,Sr.,RIGHT,RIGHT,Newnan,GA,Northgate
Colin Ewaldsen,Mercer,2026,72,So.,LEFT,RIGHT,Baxley,GA,Appling County
Nick Staszak,Mercer,2026,77,Jr.,RIGHT,RIGHT,Estero,FL,Estero High School
Dalton Biggs,Mercer,2026,76,Jr.,RIGHT,RIGHT,Cantonment,FL,J M Tate High School
Zach Black,Mercyhurst,2026,,So.,RIGHT,RIGHT,,,
Dana Williams,Mercyhurst,2026,,Fr.,BOTH,RIGHT,Miami,FL,Stafford High School
Luke Babcock,Mercyhurst,2026,,Jr.,BOTH,RIGHT,Grosse Pointe Woods,MI,Grosse Pointe North HS
Jayden Walker,Mercyhurst,2026,,Sr.,LEFT,LEFT,,,
Logan Koslin,Mercyhurst,2026,,Fr.,RIGHT,RIGHT,Lutz,FL,J W Mitchell High School
Riley Ames,Mercyhurst,2026,,Jr.,RIGHT,RIGHT,Sylvania,OH,Sylvania Northview High School
Michael Samarin,Mercyhurst,2026,,Fr.,LEFT,LEFT,Berea,OH,Berea-midpark High School
Parker Zeiser,Mercyhurst,2026,,Jr.,RIGHT,RIGHT,Victor,NY,Victor Central High School
Ranciel Ventura,Mercyhurst,2026,,Sr.,RIGHT,RIGHT,,,
Zach Kourous,Mercyhurst,2026,,Sr.,RIGHT,RIGHT,,,Earl Haig
Anthony Krause,Mercyhurst,2026,,So.,LEFT,LEFT,Moore,OK,Southmoore
Heath Betza,Mercyhurst,2026,,Fr.,RIGHT,RIGHT,Erie,PA,Harbor Creek SR High School
Zac Evenson,Mercyhurst,2026,73,Sr.,LEFT,LEFT,Otsego,MN,Century College
Matt Delvaux,Mercyhurst,2026,,Jr.,RIGHT,RIGHT,,,
Nolan Kirsh,Mercyhurst,2026,73,Jr.,RIGHT,RIGHT,Chardon,OH,Chardon
Mitchell Harder,Mercyhurst,2026,,Jr.,RIGHT,RIGHT,Monclova,OH,Anthony Wayne High School
Cody Smith,Mercyhurst,2026,,Sr.,LEFT,LEFT,,,
Noah Ehlers,Mercyhurst,2026,,Fr.,RIGHT,RIGHT,Columbus,OH,Wellington School
Joseph Frammartino,Merrimack,2026,67,Sr.,,,,,
Nick Koch,Merrimack,2026,71,Fr.,,,Milford,MA,Milford High School
Matthew Deshiro,Merrimack,2026,,So.,LEFT,RIGHT,,,
Greg Cristino,Merrimack,2026,74,Sr.,RIGHT,RIGHT,Haddonfield,NJ,Haddonfield Memorial
Brett McKinnon,Merrimack,2026,70,Fr.,,,Londonderry,NH,Londonderry High School
Brooks Craigue,Merrimack,2026,70,Jr.,,,Concord,NH,Concord High School
Jayden Hamilton,Merrimack,2026,72,So.,RIGHT,RIGHT,,,
Sam Sherman,Merrimack,2026,70,Sr.,,,Pittsfield,MA,
Garrett Mcgovern,Merrimack,2026,72,Fr.,,,Brookfield,CT,Brookfield High School
Jack Andrews,Merrimack,2026,75,So.,RIGHT,RIGHT,Fairfield,CT,Fairfield-Warde
Christian Scanlon,Merrimack,2026,73,Sr.,,,West Haven,CT,
Chris Goode,Merrimack,2026,71,Sr.,,,Franklin,MA,
Jack Depalma,Merrimack,2026,71,Fr.,,,Cranston,RI,Bishop Hendricken High School
James Nichols,Merrimack,2026,72,Sr.,RIGHT,RIGHT,Bridgewater,MA,Bridgewater-Raynham Regional
Nick Hunkele,Merrimack,2026,70,Jr.,,RIGHT,,,
Michael Bradshaw,Merrimack,2026,72,Jr.,,RIGHT,Cumberland,RI,Cumberland High School
Christopher Kiesiner,Merrimack,2026,71,Fr.,,,Grafton,MA,Grafton High School
Colby Barker,Merrimack,2026,77,Jr.,,RIGHT,Warwick,RI,Pilgrim High School
Campbell Cassidy,Merrimack,2026,74,Jr.,,LEFT,Auburn,ME,Edward Little High School
Owen Zadrozny,Merrimack,2026,77,Sr.,,,Cumberland,RI,
Oliver Barkal,Merrimack,2026,70,So.,RIGHT,RIGHT,Winnetka,IL,New Trier
Samuel Franco,Merrimack,2026,,So.,LEFT,LEFT,,,
Cole Yennaco,Merrimack,2026,70,Jr.,,,Windham,NH,Pinkerton Academy
James Borsari,Merrimack,2026,73,Sr.,,RIGHT,Bolton,MA,
Bobby Loper,Merrimack,2026,76,Sr.,,RIGHT,Chesapeake,VA,
Louis Cespedes,Merrimack,2026,72,Sr.,,RIGHT,Lawrence,MA,
Zach Broderick,Merrimack,2026,73,Sr.,,LEFT,Fairfield,CT,
Henry Hebert,Merrimack,2026,74,Fr.,,,Haverhill,MA,Brooks School
Derek Williams,Miami,2026,72,Sr.,RIGHT,RIGHT,Saint Louis,MO,Windsor
Alex Sosa,Miami,2026,73,Jr.,LEFT,RIGHT,Viera,FL,Viera High School
Daniel Cuvet,Miami,2026,75,Jr.,RIGHT,RIGHT,Fort Lauderdale,FL,Elite Squad Baseball Academy
Alonzo Alvarez,Miami,2026,75,Fr.,BOTH,RIGHT,Brentwood,CA,Heritage High School
Jailen Watkins,Miami,2026,67,Fr.,RIGHT,RIGHT,Sachse,TX,Sachse High School
Bennett Gary,Miami,2026,69,Fr.,LEFT,LEFT,Parkland,FL,Marjory Stoneman Douglas HS
Gabriel Milano,Miami,2026,72,Fr.,LEFT,RIGHT,Doral,FL,Doral Academy Charter HS
Dylan Dubovik,Miami,2026,76,Fr.,RIGHT,RIGHT,Coral Springs,FL,Saint Andrews School
Jake Ogden,Miami,2026,72,Sr.,RIGHT,RIGHT,Homestead,FL,Coral Reef HS
Brylan West,Miami,2026,76,Sr.,RIGHT,RIGHT,Tampa,FL,FREEDOM HS
Fabio Peralta,Miami,2026,74,So.,LEFT,LEFT,Miami,FL,Miami Christian
Brandon DeGoti,Miami,2026,71,So.,RIGHT,RIGHT,Miami,FL,Belen Jesuit
Cian Copeland,Miami,2026,75,So.,LEFT,RIGHT,Port Saint Lucie,FL,Jensen Beach High School
Max Galvin,Miami,2026,74,Sr.,LEFT,LEFT,Coral Gables,FL,IMG Academy
Vance Sheahan,Miami,2026,72,Jr.,RIGHT,RIGHT,Lake Worth,FL,Cardinal Newman HS
Michael Torres,Miami,2026,71,So.,LEFT,LEFT,Miami,FL,Doral Academy
Jackson Hugus,Miami,2026,70,Sr.,RIGHT,RIGHT,Wellington,FL,Wellington
Donavan Jeffrey,Miami,2026,73,Fr.,RIGHT,RIGHT,Chesterfield,VA,Lloyd C Bird High School
Lazaro Collera,Miami,2026,77,So.,RIGHT,RIGHT,Miami,FL,Westminster Christian
Rob Evans,Miami,2026,74,Sr.,LEFT,LEFT,Harlem,NY,P27 Academy
AJ Ciscar,Miami,2026,75,So.,RIGHT,RIGHT,Weston,FL,St. Thomas Aquinas
TJ Coats,Miami,2026,75,Jr.,RIGHT,RIGHT,Overland Park,KS,Blue Valley SW
Brixton Lofgren,Miami,2026,72,Jr.,RIGHT,RIGHT,Miami,FL,Gulliver Prep
Packy Bradley-Cooney,Miami,2026,74,Sr.,RIGHT,RIGHT,Woburn,MA,Arlington Catholic
Ryan Bilka,Miami,2026,73,Sr.,RIGHT,RIGHT,Latham,NY,Christian Brothers Academy
Jacob Dorn,Miami,2026,76,Jr.,LEFT,LEFT,Davie,FL,Cooper City
Lyndon Glidewell,Miami,2026,74,Sr.,RIGHT,RIGHT,Temecula,CA,Murrieta Valley HS
Jack Durso,Miami,2026,75,Fr.,LEFT,LEFT,Seaford,NY,Kellenberg Memorial
Sebastian Santos-Olson,Miami,2026,75,Fr.,LEFT,LEFT,Port Chester,NY,Stony Brook School
Nick Robert,Miami,2026,78,Jr.,RIGHT,RIGHT,Stuart,FL,Martin County
Tate DeRias,Miami,2026,76,So.,RIGHT,RIGHT,Hammonton,NJ,Gloucester Catholic
Frank Menendez,Miami,2026,73,Jr.,LEFT,LEFT,Miami,FL,Doral Academy Charter
Erick Peralta,Miami,2026,77,Fr.,RIGHT,RIGHT,Brooklyn,NY,Grand Street Campus
Tommy Harrison,Miami (OH),2026,75,Jr.,LEFT,RIGHT,Cleveland,OH,St. Edward
Christopher Roa Calcano,Miami (OH),2026,70,So.,BOTH,RIGHT,Santo Domingo,Dominican Republic,Cenapec
Evan Appelwick,Miami (OH),2026,72,Sr.,RIGHT,RIGHT,Madison,SD,IMG Academy
Diego Cruz,Miami (OH),2026,69,Fr.,LEFT,RIGHT,Carolina,PR,Central Pointe Christian
Marcus Dierks,Miami (OH),2026,73,Jr.,LEFT,RIGHT,Kansas City,KS,Sumner Academy Arts & Science
Mason Breidenbach,Miami (OH),2026,74,Jr.,LEFT,RIGHT,Chesterfield,MO,Marquette HS
Dom Krupinski,Miami (OH),2026,70,Sr.,LEFT,RIGHT,Livonia,MI,Livonia Churchill
Ryan Novak,Miami (OH),2026,75,Jr.,LEFT,LEFT,Canton,GA,Blessed Trinity Catholic
Jamie Rasmussen,Miami (OH),2026,76,So.,RIGHT,RIGHT,Glenview,IL,Glenbrook South
Ignacio Gonzalez,Miami (OH),2026,73,So.,RIGHT,RIGHT,Gurabo,PR,Tampa Prep
Carson Raether,Miami (OH),2026,69,So.,LEFT,RIGHT,Goodrich,MI,Goodrich
Matthew Buffington,Miami (OH),2026,73,Sr.,RIGHT,RIGHT,Andover,KS,Andover Central HS
Keenan Proctor,Miami (OH),2026,73,Sr.,LEFT,LEFT,Highlands Ranch,CO,Valor Christian HS
Hayden Christiansen,Miami (OH),2026,74,Jr.,RIGHT,RIGHT,Spring Grove,IL,Richmond-Burton
Austin Berggren,Miami (OH),2026,75,Sr.,RIGHT,RIGHT,Olathe,KS,Olathe East
Clayton Burke,Miami (OH),2026,72,Sr.,RIGHT,RIGHT,Portland,OR,Orem
Jack Geiser,Miami (OH),2026,74,So.,RIGHT,RIGHT,Medina,OH,Medina
Taylor Echols,Miami (OH),2026,69,So.,RIGHT,RIGHT,Wapakoneta,OH,Wapakoneta
Zac Sohosky,Miami (OH),2026,73,Sr.,RIGHT,LEFT,Bentonville,AR,Bentonville
Landon Fulk,Miami (OH),2026,75,Sr.,RIGHT,RIGHT,Platte City,MO,Platte City
Jake Tedesco,Miami (OH),2026,77,Sr.,LEFT,LEFT,Grosse Pointe Woods,MI,Grosse Pointe Woods North
Alex Gay,Miami (OH),2026,77,So.,RIGHT,RIGHT,Clifton Park,NY,IMG Academy
Carson Byers,Miami (OH),2026,69,Sr.,LEFT,LEFT,Mattawan,MI,Mattawan
Kaden Pfeffer,Miami (OH),2026,73,Sr.,LEFT,LEFT,Racine,WI,Union Grove
Cameron Novak,Miami (OH),2026,75,Fr.,RIGHT,RIGHT,Canton,GA,Blessed Trinity Catholic
Troy Benko,Miami (OH),2026,78,Sr.,RIGHT,RIGHT,Littleton,CO,D'Evelyn
Marc Iozzo,Miami (OH),2026,75,Fr.,RIGHT,RIGHT,Oak Brook,IL,Benet Academy
Jared Eisiminger,Miami (OH),2026,75,Jr.,RIGHT,RIGHT,Lexington,KY,Paul Laurence Dunbar HS
Luke Ross,Miami (OH),2026,74,Sr.,LEFT,LEFT,Waunakee,WI,IMG Academy
Colby Turner,Michigan,2026,72,Jr.,RIGHT,RIGHT,Huntington Beach,CA,Huntington Beach HS
Brayden Jefferis,Michigan,2026,70,So.,LEFT,RIGHT,Valencia,CA,Hart
Evan Haeger,Michigan,2026,74,So.,LEFT,LEFT,New Hudson,MI,Detroit Catholic Central
Matthew Ossenfort,Michigan,2026,75,Jr.,LEFT,LEFT,Sioux Falls,SD,Majory Stoneman Douglas
Joonsung Park,Michigan,2026,72,Jr.,RIGHT,RIGHT,Seoul,South Korea,IMG Academy
Noah Miller,Michigan,2026,72,Jr.,RIGHT,RIGHT,Monroe,MI,Monroe
Cooper Mullens,Michigan,2026,67,Jr.,RIGHT,RIGHT,Eugene,OR,Marist Catholic
Gregory Pace Jr.,Michigan,2026,75,Jr.,RIGHT,RIGHT,Southfield,MI,Edison
Cade Ladehoff,Michigan,2026,70,Jr.,RIGHT,RIGHT,Bradenton,FL,IMG Academy
Jack Laffitte,Michigan,2026,74,Fr.,RIGHT,RIGHT,Pacific Palisades,CA,Harvard-Westlake
Joshua Campbell,Michigan,2026,70,Fr.,RIGHT,RIGHT,Bloomfield Hills,MI,IMG Academy
Brenden Stressler,Michigan,2026,74,Jr.,LEFT,LEFT,Wilmette,IL,New Trier
Dane Morrow,Michigan,2026,72,Fr.,LEFT,RIGHT,Louisville,KY,Trinity High School
Carson Luna,Michigan,2026,73,Fr.,RIGHT,RIGHT,Houston,TX,St. John's School
Drew Culbertson,Michigan,2026,72,Jr.,RIGHT,RIGHT,Greenwood,IN,Center Grove HS
Elie Kligman,Michigan,2026,73,Sr.,BOTH,RIGHT,Las Vegas,NV,Cimarron-Memorial HS
Joe Longo,Michigan,2026,72,Sr.,RIGHT,RIGHT,Apple Valley,MN,Holy Angels
Jonathan Kim,Michigan,2026,71,Sr.,LEFT,LEFT,Brookfield,WI,Brookfield Academy
Cade Montgomery,Michigan,2026,71,Jr.,RIGHT,RIGHT,Kaysville,UT,Davis HS
Shane Brinham,Michigan,2026,73,Fr.,LEFT,LEFT,North Vancouver,Canada,Handsworth Secondary School
Kurt Barr,Michigan,2026,74,Sr.,RIGHT,RIGHT,Saint Joachim,Canada,University Liggett
Preston Barr,Michigan,2026,75,So.,RIGHT,RIGHT,Grosse Pointe Woods,MI,University Liggett
David Lally,Michigan,2026,77,Sr.,RIGHT,RIGHT,Grand Blanc,MI,Grand Blanc
Erik Puodziunas,Michigan,2026,75,Fr.,RIGHT,RIGHT,Sherman Oaks,CA,Notre Dame
Gavin DeVooght,Michigan,2026,77,Jr.,RIGHT,RIGHT,Walled Lake,MI,Walled Lake Central
Tate Carey,Michigan,2026,72,So.,RIGHT,RIGHT,Windsor,Canada,Riverside Secondary
Grant Bradley,Michigan,2026,75,So.,RIGHT,RIGHT,Brooklyn,MI,Napoleon
Michael Quedens,Michigan,2026,73,So.,LEFT,LEFT,Stockton,CA,Saint Mary's
Max Debiec,Michigan,2026,79,Sr.,RIGHT,RIGHT,Seattle,WA,O'Dea
Keegan O'Hearn,Michigan,2026,77,Jr.,LEFT,LEFT,Oshawa,Canada,O'Neill CVI
Tyler Finkbeiner,Michigan,2026,79,Fr.,RIGHT,RIGHT,New Baltimore,MI,Anchor Bay High School
Slade Moore,Michigan,2026,73,Fr.,LEFT,LEFT,West Bloomfield,MI,West Bloomfield High School
Justin Brown,Michigan,2026,75,Fr.,RIGHT,RIGHT,Northville,MI,Northville
Wyatt Novara,Michigan,2026,75,Jr.,LEFT,LEFT,Dexter,MI,Dexter
Brandon Mann,Michigan,2026,75,Sr.,RIGHT,RIGHT,Franklin,MI,Detroit Country Day
Nicklas Williams,Michigan State,2026,72,Sr.,RIGHT,RIGHT,Racine,WI,Union Grove
Parker Picot,Michigan State,2026,74,Jr.,RIGHT,RIGHT,Rochester Hills,MI,Rochester Adams
Khamaree Thomas,Michigan State,2026,68,So.,LEFT,LEFT,Chicago,IL,Kenwood Academy
Isaac Sturgess,Michigan State,2026,74,So.,LEFT,LEFT,Davison,MI,Powers Catholic HS
Randy Seymour,Michigan State,2026,76,Sr.,RIGHT,RIGHT,Frankfort,IL,Lincoln-Way East
Noah Bright,Michigan State,2026,71,Sr.,RIGHT,RIGHT,Macomb,MI,Henry Ford II
CJ Deckinga,Michigan State,2026,76,Fr.,RIGHT,RIGHT,Minooka,IL,Minooka Community High School
Trent Rice,Michigan State,2026,71,Jr.,RIGHT,RIGHT,Macomb,MI,Marine City Cardinal Mooney Catholic
Isaiah Domey,Michigan State,2026,73,Fr.,RIGHT,RIGHT,New Baltimore,MI,Anchor Bay High School
Ryan McKay,Michigan State,2026,69,Jr.,LEFT,RIGHT,Clarkston,MI,Orchard Lake St. Mary's
Dayton Murphy,Michigan State,2026,70,So.,RIGHT,RIGHT,Crystal Lake,IL,Crystal Lake South
Adam Broski,Michigan State,2026,76,So.,RIGHT,RIGHT,Harrison Township,MI,Warren De La Salle
Cole Van Ameyde,Michigan State,2026,73,Fr.,RIGHT,RIGHT,Lake Orion,MI,Brother Rice High School
Jasen Oliver,Michigan State,2026,71,Jr.,RIGHT,RIGHT,Almont,MI,Orchard Lake St. Mary's Prep
Aidan Donovan,Michigan State,2026,76,So.,RIGHT,RIGHT,Commerce Township,MI,Orchard Lake St. Mary's
Ben Kochany,Michigan State,2026,75,Jr.,RIGHT,RIGHT,Bay City,MI,Bay City Western HS
Andrew Everson,Michigan State,2026,74,Fr.,RIGHT,RIGHT,Brighton,MI,Brighton High School
Andrew Siler,Michigan State,2026,74,Sr.,LEFT,LEFT,Avon,OH,Avon High School
J.D. Greeley,Michigan State,2026,73,Sr.,RIGHT,RIGHT,Blakeslee,PA,Pocono Mountain West
Kyle Rudolph,Michigan State,2026,71,Fr.,RIGHT,RIGHT,Peachtree City,GA,Starr's Mill High School
Brady Chambers,Michigan State,2026,78,Fr.,RIGHT,RIGHT,Western Springs,IL,Lyons Township High School
Logan Pikur,Michigan State,2026,76,Jr.,RIGHT,RIGHT,West Bloomfield,MI,West Bloomfield
Nolan Higgins,Michigan State,2026,77,Sr.,RIGHT,RIGHT,Wixom,MI,Orchard Lake St. Mary's
Gannon Grundman,Michigan State,2026,75,Jr.,RIGHT,LEFT,Howell,MI,Hartland
Tommy Szczepanski,Michigan State,2026,77,Sr.,RIGHT,RIGHT,Bay City,MI,Garber
Carter Monke,Michigan State,2026,74,Sr.,RIGHT,RIGHT,Mount Olive,IL,Mount Olive
Josh Klug,Michigan State,2026,73,Jr.,RIGHT,RIGHT,Traverse City,MI,Traverse City Central
Bobby Crane,Michigan State,2026,75,Fr.,RIGHT,LEFT,Grosse Pointe,MI,University Detroit Jesuit HS
Layne Akers,Middle Tennessee,2026,72,So.,RIGHT,RIGHT,Murfreesboro,TN,Siegel
Tyler Minnick,Middle Tennessee,2026,77,Sr.,RIGHT,RIGHT,Smyrna,GA,Mount Paran Christian School
Cooper Clapp,Middle Tennessee,2026,70,Sr.,LEFT,RIGHT,Savannah,TN,Hardin County
Nathan Brewer,Middle Tennessee,2026,73,Sr.,LEFT,LEFT,Murfreesboro,TN,Eagleville
Owen Nowak,Middle Tennessee,2026,73,Jr.,LEFT,LEFT,Franksville,WI,Union Grove High School
Dean O'Neill,Middle Tennessee,2026,73,Jr.,RIGHT,RIGHT,West Chester,PA,West Chester Henderson High School
Brett Rogers,Middle Tennessee,2026,73,Jr.,LEFT,LEFT,Chattanooga,TN,Silverdale Baptist Academy
Brett Vondohlen,Middle Tennessee,2026,70,Sr.,RIGHT,RIGHT,Murfreesboro,TN,Stewarts Creek
Clay Badylak,Middle Tennessee,2026,72,Sr.,LEFT,RIGHT,Cincinnati,OH,Archbishop McNicholas
Matt Wolfe,Middle Tennessee,2026,73,Sr.,RIGHT,RIGHT,Westerville,OH,Olentangy Orange
Grant Snider,Middle Tennessee,2026,71,Jr.,RIGHT,RIGHT,Franklin,TN,Page
David Horn,Middle Tennessee,2026,76,Sr.,RIGHT,RIGHT,Mission Viejo,CA,JSerra Catholic
Landen Burch,Middle Tennessee,2026,76,Sr.,RIGHT,RIGHT,Corning,NY,Corning Painted Post
John Michael Pickens,Middle Tennessee,2026,71,Jr.,LEFT,LEFT,Hueytown,AL,Hueytown High School
Bryant Beranek,Middle Tennessee,2026,75,Sr.,RIGHT,RIGHT,Spring Hill,TN,Columbia Academy
Chandler Alderman,Middle Tennessee,2026,77,Jr.,RIGHT,LEFT,Poplar Grove,IL,North Boone
Abel Albarran,Middle Tennessee,2026,72,Jr.,RIGHT,RIGHT,Arcadia,FL,Lemon Bay High School
Colin Kerrigan,Middle Tennessee,2026,78,Jr.,LEFT,LEFT,Nashville,TN,Montgomery Bell Academy
Cole Torbett,Middle Tennessee,2026,70,Sr.,LEFT,LEFT,Johnson City,TN,Science Hill
Gavin King,Middle Tennessee,2026,79,So.,RIGHT,RIGHT,Nashville,TN,Liberty Creek High School
Drew Horn,Middle Tennessee,2026,71,Sr.,RIGHT,RIGHT,Smyrna,TN,Siegel
Matthew Williams,Millersville,2026,77,Sr.,RIGHT,RIGHT,Lititz,PA,Warwick
Jimmy Kirk,Millersville,2026,74,Sr.,RIGHT,RIGHT,Gilbertsville,PA,Malvern Prep
Hunter Stevens,Millersville,2026,73,Jr.,RIGHT,LEFT,Chambersburg,PA,Chambersburg
Brady Ebbert,Millersville,2026,73,Sr.,LEFT,RIGHT,Etters,PA,Red Land
Donis Rodriguez,Millersville,2026,68,So.,BOTH,RIGHT,Revere,MA,Santo Domingo
Alex Kuehn,Millersville,2026,73,Jr.,RIGHT,RIGHT,Coatesville,PA,Coatesville
Matt Shamany,Millersville,2026,73,Sr.,RIGHT,RIGHT,Hazleton,PA,Hazleton Area
Charlie Marion,Milwaukee,2026,71,Sr.,LEFT,RIGHT,Franklin,WI,Franklin
Dominic Kibler,Milwaukee,2026,68,Jr.,LEFT,RIGHT,New Berlin,WI,New Berlin West
Ryan Lemm,Milwaukee,2026,69,Fr.,LEFT,RIGHT,Janesville,WI,Joseph A Craig
Grant Ross,Milwaukee,2026,70,Jr.,RIGHT,RIGHT,Pewaukee,WI,Pewaukee
Dylan O'Connell,Milwaukee,2026,70,Jr.,RIGHT,RIGHT,Eau Claire,WI,Eau Claire Memorial
Bradyn Horn,Milwaukee,2026,72,So.,RIGHT,LEFT,Wind Lake,WI,Muskego
John Hadley,Milwaukee,2026,75,So.,LEFT,RIGHT,Sun Prairie,WI,Sun Prairie East
Max Glusick,Milwaukee,2026,68,Fr.,RIGHT,RIGHT,Sun Prairie,WI,Sun Prairie East
Joey Spence,Milwaukee,2026,70,Sr.,LEFT,RIGHT,West Bend,WI,West Bend East
Connor Bozak,Milwaukee,2026,71,Sr.,RIGHT,RIGHT,Bay Village,OH,Bay
Tate Schmidt,Milwaukee,2026,72,So.,LEFT,RIGHT,Waunakee,WI,Waunakee
Cade Palkowski,Milwaukee,2026,70,So.,LEFT,LEFT,Oak Creek,WI,Oak Creek
Tristan Ellis,Milwaukee,2026,69,Jr.,LEFT,RIGHT,Greendale,WI,Greendale
Christian Holmes,Milwaukee,2026,75,Jr.,RIGHT,RIGHT,Crete,IL,Brother Rice
Peter Visconti,Milwaukee,2026,70,Fr.,RIGHT,RIGHT,Gurnee,IL,Saint Joseph Catholic Academy (Wis.)
Riley Peterson,Milwaukee,2026,72,Jr.,LEFT,LEFT,Verona,WI,Verona Area
Gavin Theis,Milwaukee,2026,75,Sr.,RIGHT,RIGHT,Sussex,WI,Lake Country Lutheran
Aric Ehmke,Milwaukee,2026,73,Sr.,RIGHT,RIGHT,Waterloo,IN,DeKalb
Camden Kuhnke,Milwaukee,2026,75,Jr.,RIGHT,RIGHT,Hortonville,WI,Hortonville
Aiden Fishnick,Milwaukee,2026,73,Sr.,RIGHT,RIGHT,Barneveld,WI,Barneveld
Sotaro Ishida,Milwaukee,2026,68,Jr.,RIGHT,RIGHT,Okayama,Japan,Urawagakuin
Mason Weckler,Milwaukee,2026,72,Sr.,RIGHT,RIGHT,Belvidere,IL,Belvidere North
Cullen Riel,Milwaukee,2026,74,Jr.,RIGHT,RIGHT,Decatur,GA,Druid Hills
Alex Vander Loop,Milwaukee,2026,73,So.,RIGHT,RIGHT,Kimberly,WI,Kimberly
Lucas Watson,Milwaukee,2026,74,Sr.,RIGHT,RIGHT,Sacramento,CA,Bella Vista
Braden Theis,Milwaukee,2026,75,Fr.,RIGHT,RIGHT,Sussex,WI,Lake Country Lutheran
Matthew Mueller,Milwaukee,2026,77,Sr.,LEFT,LEFT,Brookfield,WI,Brookfield Central
Tristan Arnold,Milwaukee,2026,73,So.,RIGHT,RIGHT,Mukwonago,WI,Mukwonago
Tyler Andrews,Milwaukee,2026,74,So.,LEFT,LEFT,Whitefish Bay,WI,Whitefish Bay
Tyler Hrin,Milwaukee,2026,76,Jr.,RIGHT,LEFT,Denver,CO,Thomas Jefferson
Riley Golden,Milwaukee,2026,69,Fr.,LEFT,LEFT,Crystal Lake,IL,Prairie Ridge
Jack Bello,Minnesota,2026,75,Sr.,RIGHT,LEFT,Palm Beach Gardens,FL,Cardinal Newman
Jack Spanier,Minnesota,2026,72,Jr.,RIGHT,RIGHT,Cold Spring,MN,Rocori
Charlie Sutherland,Minnesota,2026,74,Jr.,LEFT,RIGHT,Duluth,MN,Duluth East
Weber Neels,Minnesota,2026,73,Sr.,RIGHT,RIGHT,Cottage Grove,MN,East Ridge
Davis Hamilton,Minnesota,2026,72,Sr.,LEFT,RIGHT,Sun Prairie,WI,Sun Prairie
Tyler Allen,Minnesota,2026,70,Jr.,RIGHT,RIGHT,Franklin,TN,Independence HS
Brayden Hellum,Minnesota,2026,67,Jr.,LEFT,LEFT,Stillwater,MN,Stillwater High School
Michael Lippe,Minnesota,2026,75,Sr.,RIGHT,RIGHT,Whitefish Bay,WI,Whitefish Bay
Sam Hunt,Minnesota,2026,74,Sr.,BOTH,RIGHT,Minneapolis,MN,IMG Academy
Jackson Akin,Minnesota,2026,75,Fr.,RIGHT,RIGHT,Lees Summit,MO,Lees Summit West High School
Jack Mosh,Minnesota,2026,70,Sr.,LEFT,RIGHT,Kansas City,MO,St. Pius X HS
Ethan Cole,Minnesota,2026,74,Sr.,RIGHT,RIGHT,,,
Easton Richter,Minnesota,2026,74,Sr.,LEFT,RIGHT,Rosemount,MN,Rosemount
Jameson Martin,Minnesota,2026,70,So.,RIGHT,RIGHT,Westchester,IL,St. Lawrence
Isaac Morton,Minnesota,2026,75,Jr.,RIGHT,RIGHT,Blaine,MN,Spring Lake Park
Luke Ryerse,Minnesota,2026,73,So.,RIGHT,RIGHT,Woodbury,MN,East Ridge
Tyler Hemmesch,Minnesota,2026,73,Jr.,RIGHT,RIGHT,Sartell,MN,Sartell
Cole Selvig,Minnesota,2026,72,Jr.,RIGHT,RIGHT,Altoona,WI,Regis Catholic
Joe Sperry,Minnesota,2026,74,Sr.,RIGHT,RIGHT,Rochester,MN,Rochester Lourdes
Josh Kirchhoff,Minnesota,2026,75,Sr.,LEFT,RIGHT,Little Canada,MN,Concordia Academy-Roseville
Marcus Kruzan,Minnesota,2026,74,Jr.,RIGHT,RIGHT,Highbridge,WI,
Caden Capomaccio,Minnesota,2026,73,Jr.,RIGHT,RIGHT,Green Bay,WI,Notre Dame Academy
Ben Gregory,Minnesota,2026,75,Sr.,RIGHT,RIGHT,Granger,IN,Penn
Adam Urban,Minnesota,2026,72,So.,RIGHT,RIGHT,Wauwatosa,WI,Wauwatosa West High School
Brandon Jaenke,Minnesota,2026,76,Sr.,RIGHT,RIGHT,Fall Creek,WI,Fall Creek Senior High School
Will Whelan,Minnesota,2026,74,Jr.,LEFT,LEFT,Blaine,MN,Centennial
Logan Winkelman,Minnesota,2026,75,Sr.,LEFT,LEFT,Foley,MN,Foley
Alex Johnson,Mississippi College,2026,74,Sr.,RIGHT,RIGHT,Albertville,AL,
Cade Gadman,Mississippi College,2026,72,Sr.,RIGHT,RIGHT,Clinton,MS,
Kelby Jordan,Mississippi College,2026,72,Sr.,RIGHT,RIGHT,Taylorsville,MS,
Dylan Cope,Mississippi College,2026,70,Sr.,RIGHT,RIGHT,Jacksonville,FL,
Caleb Peterson,Mississippi College,2026,76,Jr.,RIGHT,RIGHT,Murfreesboro,TN,Stewarts Creek
Ace Reese,Mississippi State,2026,75,Jr.,LEFT,RIGHT,Canton,TX,Canton
Jacob Parker,Mississippi State,2026,75,Fr.,LEFT,RIGHT,Purvis,MS,Purvis
Blake Bevis,Mississippi State,2026,76,Sr.,RIGHT,RIGHT,Brentwood,TN,Ravenwood
Andrew Raymond,Mississippi State,2026,73,So.,LEFT,RIGHT,Middletown,MD,Middletown
Noah Sullivan,Mississippi State,2026,73,Sr.,RIGHT,RIGHT,Orlando,FL,Dr. Phillips
Vytas Valincius,Mississippi State,2026,76,Sr.,RIGHT,RIGHT,Lockport,IL,Baylor (TN)
Reed Stallman,Mississippi State,2026,75,Sr.,LEFT,LEFT,Robins,IA,Alburnett
Drew Wyers,Mississippi State,2026,74,Sr.,RIGHT,RIGHT,Columbus,NJ,North Burlington County Regional
Gehrig Frei,Mississippi State,2026,73,Sr.,BOTH,RIGHT,Alpharetta,GA,South Forsyth
Bryce Chance,Mississippi State,2026,70,Sr.,RIGHT,RIGHT,Ridgeland,MS,Madison-Ridgeland Academy
Aidan Teel,Mississippi State,2026,72,Jr.,LEFT,RIGHT,Mahwah,NJ,Mahwah
Kevin Milewski,Mississippi State,2026,77,Jr.,RIGHT,RIGHT,Wallingford,CT,Notre Dame-West Haven
Ryder Woodson,Mississippi State,2026,75,So.,RIGHT,RIGHT,Naples,FL,St. John Neumann
Chone James,Mississippi State,2026,72,So.,RIGHT,RIGHT,Myrtle Beach,SC,Socastee
James Nunnallee,Mississippi State,2026,73,So.,LEFT,RIGHT,Aldie,VA,Lightridge
Peter Mershon,Mississippi State,2026,74,Fr.,RIGHT,RIGHT,Taylors,SC,Eastside
Gatlin Sanders,Mississippi State,2026,71,Sr.,LEFT,RIGHT,Madison,MS,Madison Central
Tomas Valincius,Mississippi State,2026,74,So.,LEFT,LEFT,Lockport,IL,Baylor School (TN)
Tyler Pitzer,Mississippi State,2026,75,Jr.,LEFT,RIGHT,Fayette City,PA,South Fayette
Maddox Miller,Mississippi State,2026,76,Fr.,LEFT,LEFT,Hattiesburg,MS,Oak Grove
Ryan McPherson,Mississippi State,2026,75,So.,RIGHT,RIGHT,Hollywood,FL,North Broward Prep
Dane Burns,Mississippi State,2026,77,So.,RIGHT,LEFT,Celina,TX,Prosper
Parker Rhodes,Mississippi State,2026,73,Fr.,RIGHT,RIGHT,Greenfield,IN,Greenfield-Central
Duke Stone,Mississippi State,2026,77,So.,RIGHT,RIGHT,Uvalda,GA,Jeff Davis
Ben Davis,Mississippi State,2026,76,Sr.,RIGHT,RIGHT,Booneville,MS,Booneville
Jack Gleason,Mississippi State,2026,73,Fr.,RIGHT,RIGHT,Germantown,TN,Briarcrest Christian
Maddox Webb,Mississippi State,2026,74,Jr.,RIGHT,RIGHT,Summerville,SC,Summerville
Charlie Foster,Mississippi State,2026,76,So.,RIGHT,LEFT,Snellville,GA,Brookwood
Brendan Sweeney,Mississippi State,2026,79,Sr.,RIGHT,RIGHT,Edmond,OK,Edmond North
Peyton Fowler,Mississippi State,2026,75,Fr.,RIGHT,RIGHT,Madison,MS,Germantown
Chris Billingsley,Mississippi State,2026,76,Jr.,RIGHT,RIGHT,Brent,AL,Bibb County
Jack Bauer,Mississippi State,2026,76,Fr.,LEFT,LEFT,Frankfort,IL,Lincoln Way East
Jaxon Haynes,Mississippi Valley,2026,75,Sr.,RIGHT,RIGHT,Walnut Springs,TX,
Tom Early,Mississippi Valley,2026,72,Sr.,LEFT,RIGHT,San Diego,CA,Jensen Beach HS
Stephan Landaz,Mississippi Valley,2026,69,Jr.,RIGHT,RIGHT,Las Vegas,NV,Bishop Gorman HS
Eric Williams,Mississippi Valley,2026,70,So.,RIGHT,RIGHT,Saint Louis,MO,Fort Zumwalt East HS
Cody Leming,Mississippi Valley,2026,73,Jr.,RIGHT,RIGHT,Sublimity,OR,Stayton HS
Jace Jones,Mississippi Valley,2026,77,Sr.,RIGHT,RIGHT,Fort Myers,FL,Cypress Lakes HS
Tanner Aoki,Mississippi Valley,2026,69,Sr.,BOTH,RIGHT,Mililani,HI,Mililani HS
Kendall Brookins,Mississippi Valley,2026,72,Sr.,LEFT,LEFT,Chicago,IL,O'Fallon Township HS
Gabe Huelsing,Mississippi Valley,2026,71,Fr.,LEFT,LEFT,St. Louis,MO,Oakville Senior HS
Chris Soeder,Mississippi Valley,2026,75,Sr.,RIGHT,RIGHT,Sarasota,FL,Sarasota HS
Johnny Escobalez Jr.,Mississippi Valley,2026,69,Fr.,LEFT,LEFT,Taunton,MA,Taunton HS
"Isreal ""Izzy"" Ramos",Mississippi Valley,2026,71,Jr.,RIGHT,RIGHT,Lemoore,CA,Lemoore Union HS
Ty Burns,Mississippi Valley,2026,76,Jr.,RIGHT,RIGHT,Visalia,CA,Mission Oak HS
Noah Bufford,Mississippi Valley,2026,74,Jr.,RIGHT,RIGHT,Birmingham,AL,Pinson Valley HS
Jordan Jones,Mississippi Valley,2026,73,So.,RIGHT,RIGHT,Detroit,MI,Edison Academy HS
Luke Richard,Mississippi Valley,2026,72,So.,RIGHT,RIGHT,Mckinney,TX,Emerson HS
Logan Darnell,Mississippi Valley,2026,73,So.,RIGHT,RIGHT,Fenton,MO,Rockwood Summit HS
Gage Deutsch,Mississippi Valley,2026,73,Fr.,RIGHT,RIGHT,Dale,TX,Lockhart HS
Camden Farmer,Mississippi Valley,2026,70,Jr.,RIGHT,RIGHT,Paragould,AR,Greene County Tech HS
Brock Lenhardt,Mississippi Valley,2026,70,So.,RIGHT,RIGHT,Cochrane,Canada,
Kobe Ladd,Mississippi Valley,2026,73,Jr.,RIGHT,RIGHT,Chandler,AZ,Corona Del Sol HS
Matt Cuzco,Mississippi Valley,2026,74,So.,RIGHT,RIGHT,Chicago,IL,Saint Ignatius College Prep HS
Chris Brown,Mississippi Valley,2026,76,Sr.,RIGHT,RIGHT,Littlefield,TX,Littlefield HS
Ethan Fuller,Mississippi Valley,2026,72,So.,LEFT,LEFT,Smyrna,GA,Campbell HS
Daniel Scott,Mississippi Valley,2026,73,Fr.,RIGHT,RIGHT,New Port Richey,FL,Tarpon Springs HS
Lucas Valencia,Mississippi Valley,2026,75,Fr.,RIGHT,RIGHT,West Palm Beach,FL,Palm Beach Gardens HS
James Snipes,Mississippi Valley,2026,74,Sr.,RIGHT,RIGHT,Woodstock,GA,Etowah HS
Park Roeder,Mississippi Valley,2026,69,So.,RIGHT,RIGHT,Las Vegas,NV,Arbor View HS
Clinton Lafferty,Mississippi Valley,2026,73,Jr.,RIGHT,RIGHT,Cibolo,TX,Byron P. Steele HS
Eric Torrero,Mississippi Valley,2026,69,Jr.,LEFT,LEFT,Panama City,Panama,Springfield Commonwealth Academy HS
Kam Durnin,Missouri,2026,73,Jr.,RIGHT,RIGHT,Linn Creek,MO,Camdenton
Isaiah Frost,Missouri,2026,70,Sr.,LEFT,LEFT,Lee's Summit,MO,Blue Springs South HS
Jase Woita,Missouri,2026,75,Sr.,LEFT,RIGHT,Lincoln,NE,Lincoln Pius X
Gehrig Goldbeck,Missouri,2026,73,Sr.,LEFT,RIGHT,Kansas City,KS,Tonganoxie HS
Tyler Macon,Missouri,2026,71,So.,RIGHT,RIGHT,Kirkwood,MO,Kirkwood HS
Blaize Ward,Missouri,2026,73,Fr.,LEFT,RIGHT,Maumelle,AR,Maumelle
Sam Parker,Missouri,2026,76,Jr.,LEFT,LEFT,Marietta,GA,Kennesaw Mountain
Jamal George,Missouri,2026,71,Sr.,RIGHT,RIGHT,Trujillo,PR,International Baseball Academy
Cameron Benson,Missouri,2026,75,Sr.,LEFT,RIGHT,Farmington Hills,MI,Southfield Arts & Tech HS
Pierre Seals,Missouri,2026,72,Sr.,RIGHT,RIGHT,Memphis,TN,Houston HS
Leo Humbert,Missouri,2026,72,Fr.,RIGHT,LEFT,Saint Charles,MO,Francis Howell High School
Christopher Patterson,Missouri,2026,75,So.,RIGHT,RIGHT,Frisco,TX,Prestonwood Academy
Donovan Jordan,Missouri,2026,73,Fr.,RIGHT,RIGHT,Humble,TX,Summer Creek High School
Kaden Peer,Missouri,2026,75,Jr.,LEFT,RIGHT,Chesterfield,MO,CBC HS
Julio Campos,Missouri,2026,71,Fr.,RIGHT,RIGHT,San Juan,PR,Puerto Rico Baseball Academy
Mateo Serna,Missouri,2026,72,Jr.,BOTH,RIGHT,Doral,FL,American Heritage HS
Eric Maisonet,Missouri,2026,71,Jr.,BOTH,RIGHT,Florida,PR,Carlos Beltran Baseball Academy
Keegan Knutson,Missouri,2026,70,Sr.,RIGHT,RIGHT,Janesville,WI,Combine Academy
Isaiah Salas,Missouri,2026,71,Fr.,LEFT,LEFT,The Woodlands,TX,The Woodlands High School
Dane Bjorn,Missouri,2026,73,Fr.,LEFT,LEFT,Saint Louis,MO,Lindbergh High School
Jackson Sobel,Missouri,2026,74,So.,LEFT,LEFT,Charleston,SC,Oceanside Collegiate Academy
Keyler Gonzalez,Missouri,2026,71,Jr.,RIGHT,RIGHT,Santa Clara,CA,Doral Academy
Josh McDevitt,Missouri,2026,74,Jr.,RIGHT,RIGHT,Effingham,IL,Effingham HS
JD Dohrmann,Missouri,2026,74,Fr.,RIGHT,RIGHT,Saint Louis,MO,St. John Vianney High School
Brady Kehlenbrink,Missouri,2026,74,So.,RIGHT,LEFT,Ballwin,MO,Parkway South HS
Javyn Pimental,Missouri,2026,75,Jr.,LEFT,LEFT,Kaneohe,HI,Kamehameha High School
Sam Rosand,Missouri,2026,74,Fr.,RIGHT,RIGHT,Washington,DC,Landon High School
Luke Fricker,Missouri,2026,74,Sr.,RIGHT,RIGHT,Kansas City,KS,Park Hill South High School
Juan Villarreal,Missouri,2026,78,Jr.,LEFT,LEFT,Panama City,Panama,Broadfoarding Christian Academy
Ian Lohse,Missouri,2026,72,Sr.,LEFT,LEFT,St. Louis,MO,Marquette HS
Trey Lawrence,Missouri,2026,75,So.,RIGHT,RIGHT,Palmetto,FL,Palmetto HS
Luke Sullivan,Missouri,2026,76,Fr.,RIGHT,RIGHT,Saint Louis,MO,Parkway South High School
Elijah Skidmore,Missouri,2026,73,Fr.,RIGHT,RIGHT,Lake St Louis,MO,Francis Howell High School
Kadden Drew,Missouri,2026,74,Sr.,RIGHT,LEFT,Scottsdale,AZ,Notre Dame Prep
Paul Green,Missouri,2026,74,So.,RIGHT,RIGHT,Tyrone,GA,Sandy Creek
Logan Fyffe,Missouri State,2026,72,So.,RIGHT,RIGHT,Springfield,OH,Kenton Ridge
Curry Sutherland,Missouri State,2026,77,Jr.,RIGHT,RIGHT,Rogersville,MO,Logan-Rogersville
Jax Ryan,Missouri State,2026,73,Jr.,RIGHT,RIGHT,Verdigris,OK,Verdigris
Brant Kragel,Missouri State,2026,77,Sr.,LEFT,RIGHT,Castle Rock,CO,Valor Christian
Bryce Cermenelli,Missouri State,2026,68,Sr.,LEFT,RIGHT,Norco,CA,
Max Knight,Missouri State,2026,75,Jr.,LEFT,LEFT,Bixby,OK,Bixby
Carter Bergman,Missouri State,2026,74,Sr.,RIGHT,RIGHT,Kansas City,KS,Basehor-Linwood
Taeg Gollert,Missouri State,2026,73,Sr.,RIGHT,RIGHT,Toronto,Canada,Humberside Collegiate Institute
Caden Bogenpohl,Missouri State,2026,78,Jr.,LEFT,RIGHT,Jackson,MO,Jackson
Gabe Roessler,Missouri State,2026,73,Sr.,RIGHT,RIGHT,Rockton,IL,Hononegah Community
Charlie Carter,Missouri State,2026,75,Jr.,RIGHT,RIGHT,Little Rock,AR,Little Rock Christian
Bobby Atkinson,Missouri State,2026,70,Sr.,LEFT,LEFT,Darien,IL,Saint Rita
Jackson Beaman,Missouri State,2026,74,Sr.,RIGHT,RIGHT,Lincoln,MO,Lincoln HS
Trenton Ash,Missouri State,2026,70,Jr.,RIGHT,RIGHT,Springville,UT,Springville High School
Owen Slater,Missouri State,2026,76,So.,RIGHT,RIGHT,Brooklin,Canada,Brooklin
Michael Yusypchuk,Missouri State,2026,75,So.,RIGHT,RIGHT,Edmonton,Canada,Foothills Composite
Lance Wade,Missouri State,2026,70,Sr.,RIGHT,RIGHT,Baton Rouge,LA,University Lab School
Brock Lucas,Missouri State,2026,76,Sr.,RIGHT,RIGHT,Saint Elizabeth,MO,St. Elizabeth HS
Adyn Schell,Missouri State,2026,73,Fr.,LEFT,RIGHT,Toronto,Canada,Martingrove Collegiate Institute
Tyler Charlton,Missouri State,2026,74,Jr.,LEFT,LEFT,Foristell,MO,Christian Brothers
Brody McNiel,Missouri State,2026,76,So.,LEFT,LEFT,Rogersville,MO,Logan-Rogersville
Jason Schaaf,Missouri State,2026,71,Sr.,RIGHT,RIGHT,Las Vegas,NV,Palo Verde
Ross Felder,Missouri State,2026,74,Fr.,RIGHT,RIGHT,Springdale,AR,Har-Ber HS
Tommy Kramkowski,Missouri State,2026,75,Fr.,RIGHT,RIGHT,Swansea,IL,Belleville High School East
Charlie Spoonhour,Missouri State,2026,71,So.,RIGHT,RIGHT,Saint Louis,MO,Vianney
Sam Maclaughlin,Missouri State,2026,73,So.,LEFT,LEFT,Toronto,Canada,Humberside Collegiate Institute
Nick Lovarco,Monmouth,2026,71,Sr.,RIGHT,RIGHT,Wall Township,NJ,Wall
Chris Walsh,Monmouth,2026,74,Jr.,RIGHT,RIGHT,Spring Brook Township,PA,North Pocono
Simmi Whitehill,Monmouth,2026,70,Sr.,LEFT,RIGHT,Middletown,DE,Bishop Shanahan
Sam Saucke,Monmouth,2026,72,Fr.,RIGHT,RIGHT,Rochester,NY,Greece Athena
Wyatt Hunt,Monmouth,2026,71,Jr.,LEFT,RIGHT,Spring Lake,NJ,Christian Brothers Academy
Kevin Fedoruk,Monmouth,2026,71,Sr.,RIGHT,RIGHT,San Juan Capistrano,CA,Capistrano Valley
Colin Richter,Monmouth,2026,71,So.,LEFT,LEFT,Ledgewood,NJ,Roxbury
Brendan Buecker,Monmouth,2026,70,Jr.,RIGHT,RIGHT,Allentown,NJ,Notre Dame
Aidan Bretschneider,Monmouth,2026,75,Sr.,RIGHT,RIGHT,Philadelphia,PA,La Salle
RJ Mustaro,Monmouth,2026,74,Jr.,RIGHT,RIGHT,Westville,NJ,Gloucester Catholic
Jimmy Bruno,Monmouth,2026,69,Sr.,RIGHT,RIGHT,Haddon Heights,NJ,Paul VI
Will Fahey,Monmouth,2026,73,Fr.,RIGHT,RIGHT,Red Bank,NJ,Christian Brothers Academy
Jake Howlett,Monmouth,2026,73,So.,RIGHT,RIGHT,Wall,NJ,Wall
Rob Kelly,Monmouth,2026,74,So.,RIGHT,RIGHT,Lawrence,NJ,Lawrence
Nick Tamburro,Monmouth,2026,74,Sr.,RIGHT,RIGHT,Medford,NJ,Shawnee
Tommy Kent,Monmouth,2026,74,Sr.,LEFT,LEFT,Chester Springs,PA,Devon Prep
Austin Beard,Monmouth,2026,75,Sr.,RIGHT,RIGHT,Lebanon,PA,Cedar Crest
Caden Carlin,Monmouth,2026,74,Sr.,LEFT,LEFT,Ridley Park,PA,Friends Central
Alec Couture,Monmouth,2026,76,Sr.,RIGHT,RIGHT,Plainville,CT,Plainville
Colin Ruddy,Monmouth,2026,76,Sr.,RIGHT,RIGHT,East Hampton,NY,East Hampton
Drew Yagodzinskie,Monmouth,2026,73,Fr.,RIGHT,RIGHT,Kulpmont,PA,Mount Carmel Area
David Horvath,Monmouth,2026,74,Sr.,RIGHT,RIGHT,Boonton,NJ,Mountain Lakes
Stefan Swee,Monmouth,2026,74,Jr.,RIGHT,RIGHT,Mahopac,NY,Somers
Jake Danyluk,Monmouth,2026,77,Sr.,LEFT,LEFT,New Windsor,NY,Newburgh Free Academy
Kevin Opanel,Monmouth,2026,75,Sr.,RIGHT,RIGHT,Clementon,NJ,Neumann Garrett
Ryan Mealy,Monmouth,2026,72,So.,RIGHT,RIGHT,Wappingers Falls,NY,Roy C. Ketcham
Brendan Kenneally,Monmouth,2026,71,Sr.,RIGHT,RIGHT,Yorktown Heights,NY,Kennedy Catholic
Cory Pascarella,Monmouth,2026,72,Fr.,RIGHT,RIGHT,Colonia,NJ,Colonia
Riley Weatherwax,Monmouth,2026,74,So.,RIGHT,RIGHT,Poughkeepsie,NY,Roy C Ketcham
Jake Nolan,Monmouth,2026,74,Sr.,RIGHT,RIGHT,Vero Beach,FL,Vero Beach
Aubrey Kearns,Morehead State,2026,71,So.,LEFT,RIGHT,Nicholasville,KY,West Jessamine HS
Ian McCubbin,Morehead State,2026,74,Jr.,LEFT,RIGHT,Bossier City,LA,Vilonia High School
Griffin Olson,Morehead State,2026,74,Sr.,LEFT,RIGHT,Viroqua,WI,Rochester Community & Technical (Minn.)
Davis Germann,Morehead State,2026,72,Jr.,RIGHT,RIGHT,Kitchener,Canada,Cameron Heights Collegiate Institute
Jaden Correa,Morehead State,2026,73,Fr.,RIGHT,RIGHT,Chicago,IL,DE LA Salle Institute
Alex Kean,Morehead State,2026,76,Jr.,LEFT,RIGHT,Woodstock,Canada,St. Mary's
Kyle Krupp,Morehead State,2026,70,Fr.,LEFT,LEFT,Louisville,KY,Saint Xavier High School
JJ Dutton,Morehead State,2026,75,Sr.,RIGHT,RIGHT,Toronto,Canada,Indian Hills CC (Iowa)
Caden Sheridan,Morehead State,2026,71,So.,RIGHT,RIGHT,Thornville,OH,Sheridan HS
Nick Griffith,Morehead State,2026,68,Fr.,LEFT,RIGHT,Lexington,KY,Paul Laurence Dunbar HS
Brayton Coomer,Morehead State,2026,77,Fr.,RIGHT,RIGHT,Columbia,KY,Adair County High School
Miller Murray,Morehead State,2026,75,Fr.,RIGHT,RIGHT,Lenexa,KS,St. James
Jack Taylor,Morehead State,2026,70,Sr.,RIGHT,RIGHT,Abbotsford,Canada,Yale Secondary
Jaden Hart,Morehead State,2026,68,Jr.,RIGHT,RIGHT,Sellersburg,IN,Jeffersonville High School
Austyn Peak,Morehead State,2026,73,So.,RIGHT,RIGHT,Louisville,KY,DuPont Manual HS
Luke Hayes,Morehead State,2026,75,Fr.,RIGHT,RIGHT,Campbellsvlle,KY,Taylor County
Cole Wells,Morehead State,2026,73,Fr.,RIGHT,RIGHT,Lynchburg,OH,Lynchburg-Clay High School
Ethan Davis,Morehead State,2026,72,Sr.,RIGHT,RIGHT,Nicholasville,KY,West Jessamine HS
Alex Miller,Morehead State,2026,78,Jr.,RIGHT,RIGHT,Rochester,MN,Mayo High School
Carter Owens,Morehead State,2026,72,Jr.,LEFT,RIGHT,Lexington,KY,Lafayette HS
Connor Davis,Morehead State,2026,74,Fr.,RIGHT,RIGHT,Cincinnati,OH,Reading High School
Callum McGill,Morehead State,2026,74,Jr.,RIGHT,RIGHT,Loveland,OH,Loveland HS
Devin Costa,Morehead State,2026,70,Jr.,RIGHT,RIGHT,Half Moon Bay,CA,Half Moon Bay High School
Kamden Hawks,Morehead State,2026,78,So.,LEFT,LEFT,Cana,VA,Mount Airy HS (N.C.)
Landon Waugh,Morehead State,2026,69,So.,RIGHT,RIGHT,Louisville,KY,Eastern HS
Sam Smith,Morehead State,2026,77,Fr.,RIGHT,RIGHT,Chapel Hill,NC,East Chapel Hill
Cody Luttrell,Morehead State,2026,74,Jr.,LEFT,LEFT,Russell Springs,KY,Russell County High School
Josh Furtado,Morehead State,2026,72,Sr.,RIGHT,RIGHT,Union,KY,Ryle
Louden Hillard,Morehead State,2026,71,Fr.,RIGHT,RIGHT,Milford,OH,Milford
Bradley Poynter,Morehead State,2026,77,Jr.,RIGHT,RIGHT,Richmond,KY,Madison Central HS
Malachi Gales,Mount Olive,2026,73,So.,RIGHT,RIGHT,Pembroke,NC,Fairmount
Lane McLean,Mount Olive,2026,71,Sr.,RIGHT,RIGHT,Pine Level,NC,North Johnston
Jakhari Howard,Mount Olive,2026,69,Sr.,RIGHT,RIGHT,Augusta,GA,Burke County
Kayden Crawford,Mount Olive,2026,71,Sr.,LEFT,LEFT,Wilmington,NC,Hoggard
Garrett Moffett,Mount Olive,2026,74,Sr.,LEFT,LEFT,Cary,NC,Wayne Country Day School
Connor Tepatti,Mount Olive,2026,72,So.,LEFT,RIGHT,Southern Pines,NC,Pinecrest
Rowan Watt,Mount Olive,2026,73,Sr.,RIGHT,RIGHT,Goldsboro,NC,Wayne Country Day School
John Nelson McLamb,Mount Olive,2026,76,So.,LEFT,LEFT,Salemburg,NC,Midway
Carson Gipson,Mount Olive,2026,74,Sr.,RIGHT,RIGHT,Pikeville,NC,Charles B. Aycock
Lucas Glover,Mount Olive,2026,77,Jr.,RIGHT,RIGHT,High Point,NC,Ledford
Aidan Newton,Mount Olive,2026,75,Sr.,LEFT,RIGHT,Calgary,Canada,Notre Dame HS
Peter Honse,Mount Olive,2026,79,So.,RIGHT,RIGHT,Youngsville,NC,Franklinton
Kole Hopkins,Mount Olive,2026,76,So.,RIGHT,RIGHT,Tarpon Springs,FL,Tarpon Springs
Cameron Biller,Mount St. Mary's,2026,76,So.,RIGHT,RIGHT,Stafford,VA,Colonial Forge
Parker Hildebrand,Mount St. Mary's,2026,,Fr.,,,Ruckersville,VA,William Monroe High School
Alexander Mendes,Mount St. Mary's,2026,71,Sr.,LEFT,RIGHT,Wilmette,IL,New Trier
Bryce Rudisill,Mount St. Mary's,2026,71,So.,LEFT,RIGHT,Gettysburg,PA,Gettysburg Area
Ty Fredo,Mount St. Mary's,2026,72,Jr.,RIGHT,RIGHT,West Caldwell,NJ,Caldwell
Christian Bauman,Mount St. Mary's,2026,69,---,LEFT,RIGHT,West Long Branch,NJ,Shore Regional HS
Sam Meyer,Mount St. Mary's,2026,72,Jr.,,,Bay Village,OH,St. Ignatius
Phoenix Williams,Mount St. Mary's,2026,,Fr.,,,Silver Spring,MD,St. John's College High School
Michael Toth,Mount St. Mary's,2026,71,Sr.,RIGHT,RIGHT,Granby,MA,Granby
Sean Heffernan,Mount St. Mary's,2026,,Fr.,,,Burlington,NJ,Burlington Township High Sch
Ryan Mckay,Mount St. Mary's,2026,,Jr.,,,Clinton Twp,MI,Chippewa Valley High School
David Stokely,Mount St. Mary's,2026,76,---,,,Palm Harbor,FL,Tarpon Springs HS
Carson Clark,Mount St. Mary's,2026,69,---,LEFT,RIGHT,Vandalia,OH,Vandalia-Butler
Evan Meier,Mount St. Mary's,2026,72,Jr.,RIGHT,RIGHT,West Point,VA,West Point
Sam Dinitz,Mount St. Mary's,2026,74,So.,LEFT,RIGHT,Media,PA,Penncrest
Joey Agar,Mount St. Mary's,2026,71,Sr.,RIGHT,RIGHT,Washington Township,NJ,Westwood
Nate Wiles,Mount St. Mary's,2026,,Fr.,,,Warrenton,VA,Kettle Run High School
Paddy Hebda,Mount St. Mary's,2026,,Sr.,LEFT,RIGHT,,,
Serigne Sarre,Mount St. Mary's,2026,,So.,LEFT,LEFT,,,
Kaden Kimble,Mount St. Mary's,2026,,So.,LEFT,LEFT,,,
Josh Halcisak,Mount St. Mary's,2026,71,So.,RIGHT,RIGHT,Hazle Township,PA,Hazelton Area
Max McCrary,Mount St. Mary's,2026,75,Sr.,RIGHT,RIGHT,Norflok,VA,Maury
Jerome Manarchuck,Mount St. Mary's,2026,76,Sr.,RIGHT,RIGHT,Burke,VA,Lake Braddock
Riley Williams,Mount St. Mary's,2026,73,Sr.,RIGHT,RIGHT,Nantucket,MA,Nantucket
Jackson Snyder,Mount St. Mary's,2026,72,Sr.,RIGHT,RIGHT,West Chester,PA,Henderson
Jakob Foster,Mount St. Mary's,2026,74,Jr.,RIGHT,RIGHT,Bristow,VA,Patriot
Michael Arndt,Mount St. Mary's,2026,,Fr.,,,Brooklyn,NY,Xaverian High School
Koen Bowling,Mount St. Mary's,2026,,Fr.,,,Mechanicsville,MD,Ogburn School Inc The
Eli DeRossi-Cytron,Mount St. Mary's,2026,,So.,RIGHT,RIGHT,,,
Owen Crowe,Mount St. Mary's,2026,,So.,LEFT,LEFT,,,
Nate Berzonski,Mount St. Mary's,2026,,Fr.,,,Berlin,MD,Stephen Decatur High School
Brandon Rice,Mount St. Mary's,2026,,Sr.,RIGHT,RIGHT,,,
Jake Andrews,Mount St. Mary's,2026,,Sr.,RIGHT,RIGHT,,,
Kainen Jorge,Murray State,2026,74,Sr.,RIGHT,RIGHT,Miami,FL,Columbus
Kris Hokenson,Murray State,2026,72,Sr.,LEFT,LEFT,Saint Louis Park,MN,St. Louis Park
Colby Ott,Murray State,2026,71,Sr.,RIGHT,RIGHT,Festus,MO,Jefferson R-7
Connor Chisolm,Murray State,2026,70,Sr.,LEFT,RIGHT,Madison,MS,Madison Central
Luke Mistone,Murray State,2026,74,Sr.,RIGHT,RIGHT,Upland,CA,Bonita HS
Kingsley Guthrie,Murray State,2026,,So.,,,,,
Parker Airhart,Murray State,2026,72,Sr.,RIGHT,RIGHT,Sugar Land,TX,Fort Bend Dulles HS
Daylan Pena,Murray State,2026,73,Sr.,RIGHT,RIGHT,Corpus Christi,TX,Veterans Memorial HS
Anthony Perritano,Murray State,2026,72,So.,RIGHT,RIGHT,San Diego,CA,Cathedral Catholic HS
Conner Cunningham,Murray State,2026,74,So.,LEFT,RIGHT,Batesville,AR,Batesville HS
Jake Slade,Murray State,2026,76,Jr.,RIGHT,RIGHT,Purcellville,VA,Loudoun Valley
Tyler Butina,Murray State,2026,74,So.,RIGHT,RIGHT,Jefferson,WI,Jefferson
Reese Oakley,Murray State,2026,,So.,,,,,
Drew Deremer,Murray State,2026,75,Jr.,RIGHT,RIGHT,Omaha,NE,Millard West
Nic Schutte,Murray State,2026,74,Sr.,RIGHT,RIGHT,Louisville,KY,
Jackson Ugo,Murray State,2026,,So.,,,,,
Carter Boyd,Murray State,2026,73,Jr.,RIGHT,RIGHT,Lewisville,NC,Reagan
Ben Rosin,Murray State,2026,77,Sr.,RIGHT,RIGHT,Shoreview,MN,Mounds View
Jacob Hustedde,Murray State,2026,75,Jr.,RIGHT,RIGHT,Breese,IL,Mater Dei HS
Derek Lebron,Murray State,2026,73,Sr.,RIGHT,RIGHT,Rosedale,IN,
Dylan Zentko,Murray State,2026,,Sr.,,,,,
Preston Chaudoin,Murray State,2026,70,Sr.,,,Hopkinsville,KY,Hopkinsville HS
Parker Patterson,Murray State,2026,,Sr.,,,,,
Jack Wajda,Murray State,2026,,Jr.,,,,,
Josh Fleming,Murray State,2026,69,Jr.,LEFT,LEFT,Robert,LA,Hammond High Magnet School
Jacob Roettgen,Murray State,2026,74,Sr.,LEFT,LEFT,Jefferson City,MO,Jefferson City HS
Ty Head,NC State,2026,75,So.,LEFT,LEFT,Winter Garden,FL,Windermere
Devin Mitchell,NC State,2026,73,Jr.,RIGHT,RIGHT,Edmond,OK,Edmond Santa FE High School
Luke Nixon,NC State,2026,70,Jr.,LEFT,RIGHT,Wilmington,NC,New Hanover
Mikey Ryan,NC State,2026,72,So.,RIGHT,RIGHT,Luling,LA,Rummel
Rett Johnson,NC State,2026,69,Fr.,LEFT,RIGHT,Youngsville,NC,Acellus Academy
Andrew Wiggins,NC State,2026,76,Jr.,LEFT,RIGHT,Indianapolis,IN,Heritage Christian
Sherman Johnson II,NC State,2026,74,Jr.,RIGHT,RIGHT,Conyers,GA,Loganville High School
Christian Serrano,NC State,2026,76,Fr.,RIGHT,RIGHT,Fuquay Varina,NC,Pro5 Baseball Academy
Chris McHugh,NC State,2026,75,Jr.,RIGHT,RIGHT,Commack,NY,Commack
Wyatt Peifer,NC State,2026,74,Sr.,BOTH,RIGHT,Greentown,PA,Wallenpaupack Area
Preston Bonn,NC State,2026,72,Fr.,RIGHT,RIGHT,Lawrenceville,GA,Brockwood
Dalton Bargo,NC State,2026,73,Sr.,LEFT,RIGHT,Omaha,NE,Westside
Brandon Novy,NC State,2026,77,So.,RIGHT,RIGHT,Holly Springs,NC,Pro5 Baseball Academy
Drew Lanphere,NC State,2026,70,Jr.,LEFT,RIGHT,Wendell,NC,East Wake Academy
Brayden Fraasman,NC State,2026,72,Sr.,RIGHT,RIGHT,Okeana,OH,Ross
Vincent DeCarlo,NC State,2026,72,Fr.,RIGHT,RIGHT,Tampa,FL,Jesuit High School
Cooper Consiglio,NC State,2026,72,Jr.,LEFT,LEFT,Palm Harbor,FL,East Lake High School/IMG Academy
Luke Hemric,NC State,2026,74,Fr.,RIGHT,LEFT,Apex,NC,Apex Friendship High School
Jacob Dudan,NC State,2026,74,Jr.,LEFT,RIGHT,Huntersville,NC,Lake Norman Charter
Ryan Marohn,NC State,2026,74,Jr.,LEFT,LEFT,Chantilly,VA,Freedom High School
Sam Harris,NC State,2026,72,Fr.,RIGHT,RIGHT,Cary,NC,Needham B Broughton HS
Aiden Kitchings,NC State,2026,77,Fr.,RIGHT,RIGHT,Braselton,GA,Rabun Gap Nacoochee
Danny Heintz,NC State,2026,78,Sr.,RIGHT,RIGHT,Morrisville,NC,Green Hope
Anderson Nance,NC State,2026,72,So.,RIGHT,RIGHT,Eden,NC,John M Morehead
Heath Andrews,NC State,2026,75,Jr.,RIGHT,RIGHT,Fincastle,VA,James River High School
Michael Ragusa,NC State,2026,73,Fr.,RIGHT,RIGHT,Coral Springs,FL,Cardinal Gibbons High School
Collins Black,NC State,2026,74,So.,RIGHT,RIGHT,Cary,NC,Cary
Julien Peissel,NC State,2026,73,Jr.,RIGHT,RIGHT,Hickory,NC,St. Stephens
Truitt Manuel,NC State,2026,74,Fr.,RIGHT,RIGHT,Fletcher,NC,West Henderson
Tristan Potts,NC State,2026,74,So.,LEFT,LEFT,Waxhaw,NC,Cuthbertson
Nicholas Vega,NJIT,2026,74,Sr.,RIGHT,RIGHT,Bronx,NY,Trinity Pawling
Conner Rippo,NJIT,2026,74,Fr.,,RIGHT,York,PA,Northeastern Senior HS
Lorenzo Camilleri,NJIT,2026,71,Fr.,,,Hasbrouck Heights,NJ,Saint Peters Preparatory Sch
Connor Klock,NJIT,2026,72,Fr.,,,Harleysville,PA,Souderton Area High School
Sheehan O'Connor,NJIT,2026,73,Sr.,RIGHT,RIGHT,Issaquah,WA,Eastside Catholic
Dillon Can,NJIT,2026,70,Sr.,RIGHT,RIGHT,Broomall,PA,Marple Newtown
Ben Robinson,NJIT,2026,70,Fr.,,RIGHT,Ocean,NJ,Ocean Township High School
Rowin O'Connor,NJIT,2026,75,Fr.,RIGHT,RIGHT,Seattle,WA,Eastside Catholic HS
Brody Levin,NJIT,2026,70,Sr.,RIGHT,RIGHT,Somers Point,NJ,Mainland Regional
Austin Francis,NJIT,2026,69,Sr.,RIGHT,RIGHT,Troy,NY,Troy
Cj Wisniewski,NJIT,2026,72,Sr.,RIGHT,RIGHT,Monroe,NJ,Monroe Township
Ty Sallie,NJIT,2026,70,Sr.,,,Mount Tabor,NJ,Parsippany Hills
Jack Stead,NJIT,2026,70,Jr.,RIGHT,RIGHT,Narberth,PA,Malvern Prep
Cole Campbell,NJIT,2026,71,Sr.,RIGHT,RIGHT,Somers Point,NJ,Mainland Regional
Josh Willitts,NJIT,2026,75,Sr.,,,Southampton,NJ,Seneca High
Tate Jones,NJIT,2026,71,So.,LEFT,RIGHT,Burlington,NC,Walter M. Williams High School
Brandon Peterson,NJIT,2026,72,Sr.,RIGHT,RIGHT,Utica,NY,P27 Academy
Anthony Anzaldi,NJIT,2026,72,Jr.,,LEFT,,,
Tade Riordan,NJIT,2026,76,Jr.,,RIGHT,Whitinsville,MA,Blackstone Valley Tech
Hayden Estes,NJIT,2026,71,Jr.,,RIGHT,,,
Mark Scamardella,NJIT,2026,73,Sr.,RIGHT,RIGHT,Staten Island,NY,Xaverian
Anthony Catalano,NJIT,2026,71,So.,RIGHT,RIGHT,Staten Island,NY,St. Joseph by-the-Sea
Tyler Kim,NJIT,2026,72,So.,,RIGHT,Great Falls,VA,Gonzaga College HS
Becker Sybirski,NJIT,2026,69,Fr.,,RIGHT,Laguna Beach,CA,Laguna Beach High School
Talon Mihalinac,NJIT,2026,73,Sr.,RIGHT,RIGHT,Summerville,PA,Brookville Area
Brendan Opat,NJIT,2026,73,Fr.,,RIGHT,Oak Ridge,NJ,Pope John Xxiii Regl High School
Noah Ditas,Navy,2026,69,So.,RIGHT,RIGHT,Miami,FL,American Heritage
Patrick Walsh,Navy,2026,73,Fr.,LEFT,RIGHT,Huntersville,NC,Christ the King Catholic
Henry Mitchell,Navy,2026,70,Sr.,LEFT,RIGHT,Albuquerque,NM,Albuquerque Academy
Evan Brown,Navy,2026,71,Jr.,RIGHT,RIGHT,Marlton,NJ,Cherokee
Andrew Manning,Navy,2026,72,Jr.,LEFT,RIGHT,Natick,MA,Boston College HS
Tyler Cripe,Navy,2026,75,Fr.,BOTH,RIGHT,Parrish,FL,Parrish Community
Mason Ceccarelli,Navy,2026,68,So.,LEFT,RIGHT,Naples,FL,St. John Neumann
Jake Hooten,Navy,2026,74,Fr.,RIGHT,RIGHT,Gulf Breeze,FL,Gulf Breeze
Ty DePerno,Navy,2026,71,So.,RIGHT,RIGHT,Santa Clarita,CA,West Ranch
Christian Klug,Navy,2026,72,So.,RIGHT,RIGHT,Indianapolis,IN,Bishop Chatard
Victor Izquierdo,Navy,2026,74,Sr.,RIGHT,RIGHT,Lockport,IL,Lockport Township
Noah Stead,Navy,2026,71,Fr.,RIGHT,RIGHT,Thousand Oaks,CA,Westlake
William Howard,Navy,2026,73,Fr.,RIGHT,RIGHT,Basehor,KS,Basehor-Linwood
John Loudon,Navy,2026,72,Fr.,RIGHT,RIGHT,Brookhaven,GA,Marist School
Tyler Bouchard,Navy,2026,72,Jr.,LEFT,RIGHT,Fort Myers,FL,Canterbury School
Jackson Beattie,Navy,2026,72,Sr.,RIGHT,RIGHT,Golden,CO,Lakewood
Spencer Stephens,Navy,2026,75,So.,LEFT,LEFT,Jacksonville,FL,The Bolles School
Tyler Grenn,Navy,2026,74,Sr.,LEFT,RIGHT,Sherman Oaks,CA,Crespi Carmelite
Timmy Virtudes,Navy,2026,71,Jr.,RIGHT,LEFT,New Rochelle,NY,Fordham Prep
Matt Archibald,Navy,2026,76,Jr.,RIGHT,RIGHT,Churchville,MD,John Carroll
Brady Bendik,Navy,2026,76,Jr.,RIGHT,RIGHT,State College,PA,State College
Jackson Clark,Navy,2026,75,Fr.,RIGHT,RIGHT,Palm City,FL,St. John Neumann
Owen Phypers,Navy,2026,74,Fr.,RIGHT,RIGHT,Bonita Springs,FL,St. John Neumann
Aidan Healy,Navy,2026,74,Jr.,RIGHT,RIGHT,Malverne,NY,Loomis Chaffee School
Adyn Lucero,Navy,2026,73,Sr.,RIGHT,RIGHT,Huntingtn Bch,CA,Huntington Beach
Sachin Gopal,Navy,2026,72,Fr.,RIGHT,RIGHT,Wellesley,MA,Dexter Southfield
Michael Plummer,Navy,2026,72,So.,LEFT,LEFT,Monroe,LA,Neville
Ian Brown,Navy,2026,71,So.,RIGHT,LEFT,Ridgefield,CT,Loomis Chaffee
Ryan Bibb,Navy,2026,74,Jr.,RIGHT,RIGHT,Mascoutah,IL,Mascoutah
John Carroll,Navy,2026,69,So.,RIGHT,LEFT,Rockville Centre,NY,Chaminade
David Posey,Navy,2026,76,Fr.,RIGHT,RIGHT,Wexford,PA,North Allegheny
Dylan Carey,Nebraska,2026,75,Sr.,RIGHT,RIGHT,,,
Case Sanderson,Nebraska,2026,74,Jr.,LEFT,LEFT,Nevada,MO,Nevada HS
Mac Moyer,Nebraska,2026,,Jr.,LEFT,LEFT,,,
Will Jesske,Nebraska,2026,71,Jr.,RIGHT,RIGHT,Lincoln,NE,Lincoln Southeast
Drew Grego,Nebraska,2026,,Fr.,RIGHT,RIGHT,,,
Trey Fikes,Nebraska,2026,,Jr.,RIGHT,RIGHT,,,
Jett Buck,Nebraska,2026,,Sr.,RIGHT,RIGHT,,,
Jeter Worthley,Nebraska,2026,,Fr.,RIGHT,RIGHT,,,
Rhett Stokes,Nebraska,2026,70,Sr.,RIGHT,RIGHT,Roswell,NM,
Josh Overbeek,Nebraska,2026,73,Sr.,BOTH,RIGHT,Cincinnati,OH,
Max Buettenback,Nebraska,2026,74,Jr.,LEFT,RIGHT,Lincoln,NE,Lincoln Southeast
Devin Nunez,Nebraska,2026,71,So.,LEFT,RIGHT,,,
Miken Miller,Nebraska,2026,,Jr.,LEFT,RIGHT,,,
Preston Freeman,Nebraska,2026,,Jr.,LEFT,RIGHT,,,
Nico Newhan,Nebraska,2026,,So.,RIGHT,RIGHT,,,
Cole Kitchens,Nebraska,2026,75,Sr.,RIGHT,RIGHT,Centerton,AR,Bentonville West
Jalen Worthley,Nebraska,2026,70,Sr.,LEFT,LEFT,,,
Carson Jasa,Nebraska,2026,79,So.,RIGHT,RIGHT,Thornton,CO,Faith Christian Academy
Tucker Timmerman,Nebraska,2026,75,Jr.,RIGHT,RIGHT,Beatrice,NE,Beatrice HS
Chase Olson,Nebraska,2026,71,Fr.,LEFT,LEFT,,,
Kevin Mannell,Nebraska,2026,76,Sr.,RIGHT,RIGHT,Topeka,KS,Seaman HS
Cooper Katskee,Nebraska,2026,76,Jr.,RIGHT,RIGHT,Greenwood Village,CO,Cherry Creek
Colin Nowaczyk,Nebraska,2026,73,So.,LEFT,LEFT,,,
Tyner Horn,Nebraska,2026,74,Jr.,LEFT,RIGHT,Halstead,KS,Eisenhower HS
Ryan Harrahill,Nebraska,2026,76,Jr.,RIGHT,RIGHT,Elkhorn,NE,Elkhorn North
J'Shawn Unger,Nebraska,2026,77,So.,RIGHT,RIGHT,,,
Pryce Bender,Nebraska,2026,75,So.,RIGHT,RIGHT,,,
Gavin Blachowicz,Nebraska,2026,75,So.,LEFT,RIGHT,,,
Caleb Clark,Nebraska,2026,74,Sr.,LEFT,LEFT,,,
Grant Cleavinger,Nebraska,2026,77,Sr.,LEFT,LEFT,Lawrence,KS,Lawrence HS
Braxton Stewart,Nebraska,2026,76,So.,LEFT,LEFT,Winston-Salem,NC,East Forsyth
Nate Snakenborg,Nevada,2026,75,So.,RIGHT,RIGHT,San Marcos,CA,San Marcos HS
Mikey Cruz Jr.,Nevada,2026,,Sr.,RIGHT,RIGHT,,,
Jayce Dobie,Nevada,2026,74,Sr.,RIGHT,RIGHT,Santa Clara,CA,Santa Clara HS
Sean Yamaguchi,Nevada,2026,70,So.,RIGHT,RIGHT,Aiea,HI,Saint Louis HS
Jacob Doyle,Nevada,2026,78,Jr.,RIGHT,RIGHT,Sparks,NV,Spanish Springs HS
Rominic Quiban,Nevada,2026,,Jr.,LEFT,LEFT,Lynnwood,WA,Mountlake Terrace High School
Junhyuk Kwon,Nevada,2026,73,Sr.,RIGHT,RIGHT,Seoul,South Korea,
Noah Blythe,Nevada,2026,75,So.,,,,,
Jackson Waller,Nevada,2026,72,Sr.,RIGHT,RIGHT,San Marcos,CA,Mission Hills HS
Lee Matsuzaki,Nevada,2026,69,Sr.,LEFT,RIGHT,Honolulu,HI,
Jake Harvey,Nevada,2026,72,Sr.,RIGHT,RIGHT,Roseville,CA,Woodcreek HS
Jack Metcho,Nevada,2026,72,Sr.,RIGHT,RIGHT,Fairfield,CA,Angelo Rodriguez HS
Sam Kane,Nevada,2026,72,Jr.,RIGHT,RIGHT,Reno,NV,Bishop Manogue
Aidan Brainard,Nevada,2026,74,Sr.,RIGHT,RIGHT,Littleton,CO,Columbine HS
Eric Valdez,Nevada,2026,73,Sr.,RIGHT,RIGHT,Reno,NV,Damonte Ranch HS
Ryan Oakes,Nevada,2026,74,Sr.,RIGHT,RIGHT,Folsom,CA,Folsom HS
Nik Miller,Nevada,2026,68,Sr.,BOTH,LEFT,Gilbert,AZ,Perry HS
Jordan Giacomini,Nevada,2026,,Jr.,RIGHT,RIGHT,Petaluma,CA,Casa Grande High School
Andres Castro,Nevada,2026,,So.,RIGHT,RIGHT,Tucson,AZ,Pusch Ridge Christian Academy
Payton Dixon,Nevada,2026,72,So.,LEFT,LEFT,Honolulu,HI,Mid-Pacific Institute
Mahiro Tomita,Nevada,2026,70,Sr.,RIGHT,RIGHT,Fujisawa,Japan,Fujisawa Shoryo
Alessandro Castro,Nevada,2026,73,Jr.,LEFT,LEFT,Tucson,AZ,Pusch Ridge Christian HS
Dominic Desch,Nevada,2026,74,Sr.,RIGHT,RIGHT,Henderson,NV,Lake Mead Christian HS
Aiden Pollock,Nevada,2026,69,So.,RIGHT,RIGHT,Las Vegas,NV,Bishop Gorman HS
Luke Schat,Nevada,2026,,Jr.,RIGHT,RIGHT,Redwood Valley,CA,Ukiah High School
Eddie Tierney,Nevada,2026,74,Jr.,RIGHT,RIGHT,Reno,NV,Damonte Ranch HS
Kainoa Kaneshiro,Nevada,2026,,Fr.,LEFT,RIGHT,Pearl City,HI,Kamehameha Schools Kapalama
Bobby Herzman,New Haven,2026,,Fr.,LEFT,RIGHT,Cheshire,CT,Horace C Wilcox Technical HS
Matthew McIntire,New Haven,2026,73,Sr.,RIGHT,RIGHT,,,
Aedan Forde,New Haven,2026,70,Sr.,RIGHT,RIGHT,,,
Shaun Callahan,New Haven,2026,72,Sr.,LEFT,RIGHT,,,
Jaylin Manson,New Haven,2026,,Fr.,LEFT,RIGHT,Newington,CT,Newington High School
Casey Cerruto,New Haven,2026,69,Sr.,RIGHT,RIGHT,,,
Joseph Frazzetta,New Haven,2026,,Jr.,RIGHT,RIGHT,,,
Jake Russo,New Haven,2026,,Jr.,RIGHT,RIGHT,,,
Nicholas Ungania,New Haven,2026,67,Sr.,LEFT,RIGHT,Mineola,NY,Chaminade
Cam McGugan,New Haven,2026,71,Sr.,RIGHT,RIGHT,,,
Michael Christian,New Haven,2026,,Jr.,RIGHT,RIGHT,,,
Justin Eckrote,New Haven,2026,,Fr.,,RIGHT,Berlin,CT,Berlin High School
Max Hilsenroth,New Haven,2026,,Fr.,,RIGHT,Centerport,NY,Harborfields High School
Mason Glickman,New Haven,2026,70,Sr.,RIGHT,RIGHT,,,
Jace VanValkenburg,New Haven,2026,,Jr.,,RIGHT,Saugerties,NY,Saugerties Senior High School
Myles McDermott,New Haven,2026,,Sr.,,RIGHT,Braintree,MA,
Carson Morgan,New Haven,2026,69,So.,RIGHT,RIGHT,,,
Jesse Kostulias,New Haven,2026,,Fr.,RIGHT,RIGHT,Mineola,NY,Mineola High School
James Reilly,New Haven,2026,76,So.,RIGHT,RIGHT,,,
Robert Synodi,New Haven,2026,69,Sr.,RIGHT,LEFT,Hebron,CT,RHAM
Vinny Fusco,New Haven,2026,,Jr.,LEFT,LEFT,,,
Caleb Martinek,New Haven,2026,,Sr.,,RIGHT,Enfield,CT,Macduffie School
Luke Mansy,New Mexico,2026,70,Sr.,LEFT,RIGHT,San Diego,CA,St. Augustine HS
Brodey Williams,New Mexico,2026,72,Sr.,LEFT,RIGHT,Houston,TX,Barbers Hill
Khalil Walker,New Mexico,2026,70,Sr.,LEFT,LEFT,Mansfield,TX,Mansfield Timberview
Lenny Ashby,New Mexico,2026,67,Sr.,LEFT,LEFT,Oranjestad,Aruba,Maria College Mavo
Akili Carris,New Mexico,2026,74,Sr.,RIGHT,RIGHT,Albuquerque,NM,La Cueva
Antonio Gianni,New Mexico,2026,70,Jr.,RIGHT,RIGHT,Cave Creek,AZ,Cactus Shadows High School
Garrett Rede,New Mexico,2026,73,Sr.,RIGHT,RIGHT,Rio Rancho,NM,Rio Rancho HS
Gene Trujillo,New Mexico,2026,78,Jr.,LEFT,RIGHT,Albuquerque,NM,St. Pius X
Shane Miller,New Mexico,2026,73,So.,LEFT,RIGHT,Gilbert,AZ,Higley
Anthony Diaz,New Mexico,2026,75,Jr.,LEFT,LEFT,Tucson,AZ,Catalina Foothills High School
Damian Garcia,New Mexico,2026,73,Sr.,RIGHT,RIGHT,San Luis,AZ,San Luis High School
Karsen Waslefsky,New Mexico,2026,72,Sr.,RIGHT,RIGHT,Gilbert,AZ,Casteel HS
Caleb Herd,New Mexico,2026,69,Sr.,RIGHT,RIGHT,Vail,AZ,Cienega
Tristen Russell,New Mexico,2026,72,So.,BOTH,RIGHT,Cypress,TX,Cypress Woods HS
Talor Grubbs,New Mexico,2026,72,Sr.,RIGHT,RIGHT,Greensboro,NC,Southeast Guilford
Samuel Jackson,New Mexico,2026,76,Jr.,LEFT,LEFT,Sydney,Australia,Westfield Sports HS
Cooper Corkrean,New Mexico,2026,75,Jr.,RIGHT,LEFT,Katy,TX,Cinco Ranch High School
Cristian Mogen,New Mexico,2026,72,So.,RIGHT,RIGHT,Peoria,AZ,Centennial
Ethin Woltz,New Mexico,2026,76,Fr.,RIGHT,RIGHT,Aurora,CO,Cherokee Trail High School
Josh Barnhouse,New Mexico,2026,78,Sr.,RIGHT,RIGHT,Prosper,TX,Prosper
Matt Cornelius,New Mexico,2026,72,Sr.,RIGHT,LEFT,Zuni,NM,St. Pius X
Ryan Castillo,New Mexico,2026,74,Jr.,RIGHT,RIGHT,Los Lunas,NM,Los Lunas HS
Ty Cunningham,New Mexico,2026,75,Sr.,RIGHT,RIGHT,Iowa Park,TX,Iowa Park
Tyler Do,New Mexico,2026,72,Jr.,RIGHT,RIGHT,Houston,TX,Stephen F. Austin High School
Diego Alvarez,New Mexico,2026,70,Sr.,RIGHT,RIGHT,Sahuarita,AZ,Sahuarita
Luke Wiseman,New Mexico,2026,72,Sr.,RIGHT,RIGHT,Wylie,TX,Wylie
Seth Lee,New Mexico,2026,73,Jr.,RIGHT,RIGHT,Rio Rancho,NM,Rio Rancho High School
Steve Solorzano,New Mexico State,2026,72,Jr.,RIGHT,RIGHT,Las Cruces,NM,Las Cruces High School
Noah Massey,New Mexico State,2026,73,Fr.,RIGHT,RIGHT,Albuquerque,NM,Volcano Vista HS
Tommy Meluskey,New Mexico State,2026,73,So.,BOTH,LEFT,Yakima,WA,West Valley HS
Aidan Lombardi,New Mexico State,2026,73,Sr.,RIGHT,RIGHT,Petaluma,CA,Cardinal Newman HS
Aidan Taclas,New Mexico State,2026,73,Sr.,LEFT,RIGHT,San Francisco,CA,Sacred Heart Cathedral
Chris Daniels,New Mexico State,2026,74,So.,RIGHT,RIGHT,Richland,WA,Richland HS
Easton Rulli,New Mexico State,2026,70,Jr.,RIGHT,RIGHT,Moorpark,CA,Thousand Oaks HS
Dane Woodcook,New Mexico State,2026,72,Sr.,RIGHT,RIGHT,Eugene,OR,Willamette High School
Bryce Campbell,New Mexico State,2026,76,Sr.,RIGHT,RIGHT,Turlock,CA,Turlock HS
Boston Vest,New Mexico State,2026,71,So.,RIGHT,RIGHT,St George,UT,Dixie HS
Cole Rogers,New Mexico State,2026,69,So.,RIGHT,RIGHT,Phoenix,AZ,Mountain Pointe HS
Camden Kaufman,New Mexico State,2026,73,Sr.,RIGHT,RIGHT,Waukee,IA,Waukee HS
Brandon Clizbe,New Mexico State,2026,74,Fr.,RIGHT,RIGHT,Alamo,CA,Monte Vista HS
Cade Shumard,New Mexico State,2026,74,So.,RIGHT,LEFT,Scottsdale,AZ,Saguaro HS
Hazen Wright,New Mexico State,2026,75,So.,RIGHT,RIGHT,Carlsbad,NM,Carlsbad HS
Jaden Davis,New Mexico State,2026,72,So.,RIGHT,RIGHT,Jemez Pueblo,NM,Cleveland HS
Julio Ramos,New Mexico State,2026,71,Sr.,RIGHT,RIGHT,Nogales,AZ,Nogales HS
Dylan Weekly,New Mexico State,2026,76,So.,RIGHT,RIGHT,Queen Creek,AZ,Queen Creek HS
Jack Turner,New Mexico State,2026,73,Sr.,RIGHT,RIGHT,Sayville,NY,Sayville HS
Carson Timmons,New Mexico State,2026,73,So.,RIGHT,RIGHT,League City,TX,Clear Falls HS
JT Price,New Mexico State,2026,71,Fr.,RIGHT,RIGHT,Peoria,AZ,Centennial HS
Connor Wylde,New Mexico State,2026,79,Sr.,LEFT,LEFT,Huntingtn Bch,CA,Marina High School
Jake Carvajal,New Mexico State,2026,74,Sr.,RIGHT,RIGHT,Dallas,TX,Lake Highlands HS
Colton Sneddon,New Mexico State,2026,75,Sr.,RIGHT,RIGHT,Pocatello,ID,Highland HS
Asa Briggs,New Mexico State,2026,77,Fr.,RIGHT,RIGHT,Las Vegas,NV,Southeast Career Tech Academy
Bradyn Barnes,New Mexico State,2026,73,Jr.,LEFT,LEFT,Chandler,AZ,Basha HS
Matthew Yarc,New Mexico State,2026,72,So.,RIGHT,RIGHT,Chino,CA,Ayala HS
Fabian Ibarra,New Mexico State,2026,80,Jr.,RIGHT,RIGHT,El Paso,TX,Montwood HS
Cooper Reese,New Mexico State,2026,74,So.,RIGHT,RIGHT,Coeur D Alene,ID,Lake City HS
Eddie Castillo,New Orleans,2026,69,Jr.,RIGHT,RIGHT,Tallahassee,FL,Leon
Dylan Biddick,New Orleans,2026,71,Jr.,LEFT,RIGHT,Lafayette,LA,Lafayette HS
Karson Evans,New Orleans,2026,73,Sr.,RIGHT,RIGHT,Taylorsville,MS,Seminary
Miles Curley,New Orleans,2026,73,Jr.,RIGHT,RIGHT,Largo,FL,Calvary Christian
Kruise Newman,New Orleans,2026,74,Sr.,LEFT,RIGHT,Richmond,KY,Logan County
Eli Tidwell,New Orleans,2026,70,Jr.,LEFT,RIGHT,Hartselle,AL,Hartselle
Evan Rogers,New Orleans,2026,73,Jr.,RIGHT,RIGHT,Brandon,MS,Northwest Rankin
Dathan Cummings,New Orleans,2026,71,So.,LEFT,RIGHT,Livingston,LA,Doyle
Owen Smith,New Orleans,2026,72,Jr.,RIGHT,RIGHT,Spring,TX,Klein Oak
Jayden Adcox,New Orleans,2026,73,Jr.,RIGHT,RIGHT,Forest,MS,Forest
Adrian Dominguez,New Orleans,2026,72,Sr.,LEFT,RIGHT,Miami Gardens,FL,Monsignor Pace
Jake D'Altrui,New Orleans,2026,72,Sr.,RIGHT,RIGHT,Fort Myers,FL,Fort Myers
Joshua Hoffmann,New Orleans,2026,73,Jr.,RIGHT,RIGHT,Harahan,LA,John Curtis
Kareh Valentin,New Orleans,2026,70,Sr.,RIGHT,RIGHT,Douglasville,GA,Chapel Hill
Carson Hepworth,New Orleans,2026,74,Sr.,RIGHT,RIGHT,Gulf Breeze,FL,Gulf Breeze
Collin Husser,New Orleans,2026,78,Sr.,RIGHT,RIGHT,Ponchatoula,LA,Ponchatoula
Collin Loupe,New Orleans,2026,69,Sr.,RIGHT,RIGHT,Slidell,LA,Jesuit
Kaden Irving,New Orleans,2026,74,Jr.,RIGHT,RIGHT,Gautier,MS,Gautier
Skylar Jones,New Orleans,2026,75,Sr.,RIGHT,RIGHT,Trussville,AL,Trussville
Lane Alack,New Orleans,2026,73,So.,LEFT,LEFT,Loranger,LA,Loranger
Jack Garvey,New Orleans,2026,74,Jr.,RIGHT,RIGHT,Fort Myers,FL,Montverde Academy
Luke Lycette,New Orleans,2026,70,Sr.,RIGHT,RIGHT,Brandon,MS,Northwest Rankin
William Andrade,New Orleans,2026,72,Fr.,LEFT,RIGHT,Metairie,LA,Holy Cross
Rex Henderson,New Orleans,2026,76,Sr.,RIGHT,RIGHT,Mandeville,LA,Mandeville
Tyler Velino,New Orleans,2026,75,Sr.,RIGHT,RIGHT,Kenner,LA,Brother Martin
Riley Marcotte,New Orleans,2026,74,Jr.,LEFT,LEFT,Loreauville,LA,Loreauville
Bryson Goff,New Orleans,2026,76,Jr.,LEFT,LEFT,Saraland,AL,Saraland
Reid Leonard,New Orleans,2026,72,Jr.,RIGHT,RIGHT,Clarksville,TN,Rossview
Luke Hymel,New Orleans,2026,73,Jr.,RIGHT,RIGHT,Garyville,LA,Riverside Academy
Brycen Smith,New Orleans,2026,71,Jr.,RIGHT,RIGHT,Sumrall,MS,Sumrall
Brock Hill,New Orleans,2026,71,Sr.,RIGHT,RIGHT,Birmingham,AL,Chelsea
Logan Waldschmidt,New Orleans,2026,76,Jr.,LEFT,RIGHT,Sarasota,FL,Braden River
Myles Green,New Orleans,2026,72,Sr.,RIGHT,RIGHT,Hattiesburg,MS,Forrest County
Brice Deaton,New Orleans,2026,76,Sr.,RIGHT,RIGHT,Pontotoc,MS,Pontotoc
Matthew Bienvenu,New Orleans,2026,76,Sr.,RIGHT,RIGHT,Franklinton,LA,Bowling Green
Gus Rogers,New Orleans,2026,75,Sr.,LEFT,LEFT,Lake Oswego,OR,Lakeridge
Trey Usey,New Orleans,2026,73,Sr.,RIGHT,RIGHT,Lafitte,LA,Fisher
Keillor Osbon,Newberry,2026,74,Jr.,LEFT,LEFT,Charleston,SC,James Island HS
Logan Busenlehner,Newberry,2026,77,Jr.,RIGHT,RIGHT,West Columbia,SC,Cardinal Newman HS
Nicholas Foster,Newberry,2026,70,Jr.,RIGHT,RIGHT,Hartsville,SC,P27 Academy
Bryson Nuckols,Newberry,2026,70,Jr.,RIGHT,RIGHT,North Augusta,SC,North Augusta HS
Finnegan McLaughlin,Newberry,2026,71,Jr.,LEFT,RIGHT,Summerville,SC,Ashley Ridge High School
Chandler Mims,Newberry,2026,75,Sr.,RIGHT,RIGHT,Edgefield,SC,Strom Thurmond HS
Luke Compton,Newberry,2026,71,Jr.,LEFT,LEFT,Boiling Spgs,SC,Boiling Springs HS
Jacob Clark,Newberry,2026,78,So.,RIGHT,RIGHT,Pomaria,SC,Mid Carolina HS
Elijah Hammill,Niagara,2026,71,Sr.,BOTH,RIGHT,Oakville,Canada,Holy Trinity Catholic Secondary
Rees Kozar,Niagara,2026,73,Jr.,RIGHT,RIGHT,,,
Jacob Brooks,Niagara,2026,72,Sr.,RIGHT,RIGHT,New Albany,MS,
Curtis McKay,Niagara,2026,75,Sr.,RIGHT,RIGHT,Dorchester,Canada,
Noah Konings,Niagara,2026,73,Jr.,RIGHT,RIGHT,Brampton,Canada,Unknown School
Jason Green,Niagara,2026,77,Jr.,LEFT,RIGHT,,,
Matthew Ganschow,Niagara,2026,74,Fr.,RIGHT,RIGHT,Clarence Center,NY,Clarence High School
Tyler Vivacqua,Niagara,2026,70,So.,BOTH,RIGHT,Liverpool,NY,Liverpool
Carter Aarts,Niagara,2026,75,So.,RIGHT,RIGHT,Dorchester,Canada,Ingersoll District
Shawn Cameron,Niagara,2026,76,Sr.,LEFT,LEFT,Clements,MD,
Nicholas Cote,Niagara,2026,73,Fr.,RIGHT,RIGHT,Oakville,Canada,Unknown School
Nate Milk,Niagara,2026,72,Sr.,RIGHT,RIGHT,Williamsville,NY,
Andrew Damiani,Niagara,2026,73,Sr.,RIGHT,RIGHT,Williamsville,NY,
Hayden Morrison,Niagara,2026,75,Jr.,RIGHT,RIGHT,Bonney Lake,WA,
Johnny Montgomery,Niagara,2026,75,Sr.,RIGHT,RIGHT,Debary,FL,
Gage Wheaton,Niagara,2026,77,Jr.,,RIGHT,Penfield,NY,
Rece Allensworth,Niagara,2026,74,Jr.,RIGHT,RIGHT,Seattle,WA,Ballard High School
Jack Dickinson,Niagara,2026,75,Jr.,RIGHT,RIGHT,Montauk,NY,
Nate Bennett,Niagara,2026,75,So.,RIGHT,RIGHT,London,Canada,St. Thomas Aquinas
Carter Fink,Niagara,2026,74,Jr.,LEFT,RIGHT,Victor,NY,
Nathan Harb,Niagara,2026,71,Jr.,RIGHT,RIGHT,Bothell,WA,Inglemoor High School
Luke Glenn,Niagara,2026,73,So.,RIGHT,RIGHT,East Gwillimbury,Canada,Sir William Mullock
Andrew Baumgart,Niagara,2026,75,Sr.,,LEFT,Willmar,MN,Willmar
Reuben Malamed,Niagara,2026,80,Fr.,RIGHT,RIGHT,Toronto,Canada,Unknown School
Eddie Dolansky,Niagara,2026,74,So.,RIGHT,RIGHT,Erie,PA,Fairview
John Ondus,Niagara,2026,74,Jr.,RIGHT,RIGHT,Gowanda,NY,
Caston Thompson,Nicholls,2026,75,Jr.,LEFT,LEFT,Jayess,MS,Brookhaven Academy
Logan Terry,Nicholls,2026,73,Jr.,RIGHT,RIGHT,Semmes,AL,East Central High School
Carter Jenkins,Nicholls,2026,72,Sr.,RIGHT,RIGHT,Branson,MO,Branson
Nico Rijo-Berger,Nicholls,2026,75,Jr.,RIGHT,RIGHT,Knoxville,TN,Sandra Day O'Connor
Greyson Shafer,Nicholls,2026,76,Sr.,RIGHT,RIGHT,Boise,ID,Timberline
Fisher Ingersoll,Nicholls,2026,75,Sr.,LEFT,RIGHT,Lehi,UT,American Fork
Logan Mock,Nicholls,2026,70,Sr.,RIGHT,RIGHT,Livermore,CA,Granada
Keegan Giger,Nicholls,2026,71,Jr.,LEFT,RIGHT,Petal,MS,Petal High School
Matt Melancon,Nicholls,2026,74,So.,RIGHT,RIGHT,Thibodaux,LA,E.D. White
Jaxon Milam,Nicholls,2026,73,Jr.,LEFT,RIGHT,Phenix City,AK,Glenwood Academy
Hudson Mattox,Nicholls,2026,75,Fr.,RIGHT,RIGHT,Grenada,MS,Kirk Academy
Will Mabry,Nicholls,2026,72,Jr.,LEFT,RIGHT,St.joseph,LA,Tensas Academy
Casey Artigues,Nicholls,2026,68,Sr.,LEFT,RIGHT,Hammond,LA,St. Thomas Aquinas HS
Karson Irvin,Nicholls,2026,69,Sr.,LEFT,RIGHT,Saint George,UT,Desert Hills HS
Clayton Pourciau,Nicholls,2026,72,Jr.,RIGHT,RIGHT,Livonia,LA,Catholic
Aaron Biediger,Nicholls,2026,74,Sr.,RIGHT,RIGHT,Fort Worth,TX,Arlington Heights
Noah Detillier,Nicholls,2026,72,Sr.,RIGHT,RIGHT,Gramercy,LA,Lutcher
Kaul Perkins,Nicholls,2026,70,Fr.,RIGHT,RIGHT,Amite,LA,Oak Forest Academy
Andrew Miller,Nicholls,2026,75,Sr.,RIGHT,RIGHT,Beaverton,OR,Mountainside
Karson Trichel,Nicholls,2026,76,Fr.,RIGHT,RIGHT,Monroe,LA,Ouachita Christian School
Cole Simoneaux,Nicholls,2026,74,So.,LEFT,LEFT,Napoleonville,LA,Assumption
Owen Schexnaydre,Nicholls,2026,77,Sr.,RIGHT,RIGHT,Houma,LA,Vanderbilt Catholic HS
Eli Waters,Nicholls,2026,72,Jr.,RIGHT,RIGHT,Petal,MS,Petal High School
Peyton Lacy,Nicholls,2026,72,Jr.,RIGHT,RIGHT,Pass Christian,MS,Pass Christian HS
Tyler Avery,Nicholls,2026,76,Jr.,RIGHT,RIGHT,Las Vegas,NV,Bishop Gorman
Dalton Hill,Nicholls,2026,74,Sr.,RIGHT,RIGHT,Stonewall,LA,North Desoto
Nuno Parache,Nicholls,2026,73,Sr.,RIGHT,RIGHT,Brooklyn,NY,Hotchkiss School
Haden Luke,Nicholls,2026,74,Sr.,RIGHT,RIGHT,Vicksburg,MS,St. Aloysius
Caleb Dyess,Nicholls,2026,73,Jr.,RIGHT,RIGHT,Carriere,MS,Pearl River Central High Sch
Dawson Richard,Nicholls,2026,69,Jr.,RIGHT,RIGHT,Berwick,LA,Berwick High School
Austin Vargas,Nicholls,2026,80,Fr.,LEFT,LEFT,Brookshire,TX,Fulshear
Cole Poirrier,Nicholls,2026,75,Sr.,RIGHT,RIGHT,Prairieville,LA,St. Amant
Cannon Hensarling,Nicholls,2026,73,Fr.,RIGHT,RIGHT,Ocean Springs,MS,Ocean Springs High School
Shaydon Benson,Nicholls,2026,78,Jr.,LEFT,LEFT,Parowan,UT,Parowan High School
Joe Bordelon,Nicholls,2026,74,Jr.,LEFT,LEFT,Alexandria,LA,Alexandria
Cameron Mazell,Norfolk State,2026,76,Sr.,LEFT,LEFT,,,Clever Hill HS
Brendan Burke,Norfolk State,2026,76,Sr.,LEFT,RIGHT,Cary,NC,
Josiah Harrison,Norfolk State,2026,73,Jr.,RIGHT,RIGHT,Richmond,VA,Trinity Episcopal
Thomas Ealey,Norfolk State,2026,76,So.,LEFT,LEFT,Fort Mill,SC,
Kydese Queen Jr,Norfolk State,2026,75,Jr.,RIGHT,RIGHT,Waldorf,MD,St. Charles HS
Jayden Israel,Norfolk State,2026,70,Sr.,LEFT,RIGHT,Mesa,AZ,
Emmett Jefferson,Norfolk State,2026,72,Sr.,RIGHT,RIGHT,Norfolk,VA,
Ryan Sellers,Norfolk State,2026,73,Jr.,RIGHT,RIGHT,Henrico,VA,
Myles Crocker,Norfolk State,2026,72,So.,LEFT,LEFT,Winston Salem,NC,High Point Wesleyan Christian HS
James Godfrey,Norfolk State,2026,72,Fr.,RIGHT,RIGHT,Virginia Beach,VA,Cox HS
Nash Rippen,North Alabama,2026,74,Sr.,LEFT,RIGHT,Decatur,AL,
William Millard,North Alabama,2026,71,Jr.,RIGHT,RIGHT,O Fallon,IL,O'Fallon Twp.
Wes Walker,North Alabama,2026,72,So.,BOTH,RIGHT,Madison,AL,Priceville
Petey Craska,North Alabama,2026,72,So.,LEFT,RIGHT,Gibsonia,PA,
Dylan Coleman,North Alabama,2026,75,Sr.,RIGHT,RIGHT,Madison,MS,Tri County Academy
Tyler LePage,North Alabama,2026,67,Jr.,LEFT,RIGHT,Macungie,PA,Emmaus
Jackson Westmoreland,North Alabama,2026,69,Jr.,RIGHT,RIGHT,Ball Ground,GA,St. Francis HS
Justin Santoyo,North Alabama,2026,72,Sr.,RIGHT,RIGHT,Los Alamitos,CA,
Cayden Sheffield,North Alabama,2026,73,Fr.,RIGHT,RIGHT,Dallas,GA,North Paulding HS
Leighton Jenkins,North Alabama,2026,72,Sr.,RIGHT,RIGHT,Collinsville,MS,
Bryant Loving,North Alabama,2026,73,Jr.,RIGHT,RIGHT,Nashville,TN,
Alex Wade,North Alabama,2026,74,Jr.,RIGHT,RIGHT,Decatur,AL,
Tait Nunnally,North Alabama,2026,73,Jr.,LEFT,LEFT,Pell City,AK,
Ryker Billingsley,North Alabama,2026,70,Sr.,,,Chino Hills,CA,
Hunter Bell,North Alabama,2026,78,Sr.,RIGHT,RIGHT,Centreville,VA,Centreville HS
Tyler Rice,North Alabama,2026,70,Sr.,LEFT,RIGHT,Berlin,CT,Berlin
Justus Agosto,North Alabama,2026,73,Sr.,RIGHT,RIGHT,Langhorne,PA,
Josh Bowerman,North Alabama,2026,75,Jr.,RIGHT,RIGHT,Florence,AL,
Jordan Touhey,North Alabama,2026,76,Fr.,RIGHT,RIGHT,San Tan Valley,AZ,
Tripp Patterson,North Alabama,2026,74,So.,LEFT,LEFT,Alexandria,AL,
Gavin Oswald,North Alabama,2026,78,Sr.,LEFT,LEFT,Wildwood,MO,
Jake Boynar,North Alabama,2026,78,Jr.,RIGHT,RIGHT,,,
Landon Scruggs,North Alabama,2026,76,Sr.,RIGHT,RIGHT,Mineral Wells,MS,
Kelly Crumpton,North Alabama,2026,75,Sr.,RIGHT,RIGHT,Jackson,MS,Oxford HS
Justin Battle,North Alabama,2026,72,Sr.,RIGHT,RIGHT,Murfreesboro,TN,
Reese Young,North Alabama,2026,72,So.,LEFT,LEFT,Mechanicsburg,PA,
Luke Davenport,North Alabama,2026,76,So.,RIGHT,RIGHT,Madison,AL,
John Allen Stogner,North Alabama,2026,74,Sr.,RIGHT,RIGHT,Huntsville,AL,
Sawyer Toney,North Alabama,2026,76,Sr.,RIGHT,RIGHT,Tampa,FL,Lakewood Christian
Carlos Carmona,North Alabama,2026,73,Sr.,RIGHT,RIGHT,San Cristobal,Dominican Republic,KIHS
Kevin Henrich,North Alabama,2026,74,Jr.,RIGHT,RIGHT,Malvern,PA,
Nico Varlotta,North Alabama,2026,74,Fr.,RIGHT,RIGHT,Wexford,PA,North Allegheny Senior HS
Owen Hull,North Carolina,2026,76,Jr.,RIGHT,LEFT,Alexandria,VA,Bishop Ireton HS
Jake Schaffner,North Carolina,2026,74,Jr.,LEFT,RIGHT,Janesville,WI,Janesville Craig
Cooper Nicholson,North Carolina,2026,71,Jr.,RIGHT,RIGHT,West Des Moines,IA,Dowling Catholic High School
Macon Winslow,North Carolina,2026,72,So.,RIGHT,RIGHT,Hertford,NC,Pro5 Baseball Academy
Rom Kellis,North Carolina,2026,73,Sr.,RIGHT,RIGHT,Gilbert,SC,P27 Academy
Erik Paulsen,North Carolina,2026,75,So.,LEFT,LEFT,Massapequa,NY,Massapequa
Gavin Gallaher,North Carolina,2026,73,Jr.,RIGHT,RIGHT,Apex,NC,Pro5 Academy
Jadyn Nunez,North Carolina,2026,73,Fr.,RIGHT,RIGHT,Miami,FL,Doral Academy
Colin Hynek,North Carolina,2026,73,Jr.,RIGHT,RIGHT,Rockmart,GA,Paulding County
Tyler Howe,North Carolina,2026,71,Fr.,LEFT,LEFT,Huntersville,NC,Hopewell High School
Perry Hargett,North Carolina,2026,72,So.,RIGHT,RIGHT,Peachland,NC,Metrolina Christian Academy
Carter French,North Carolina,2026,74,Sr.,LEFT,LEFT,Tampa,FL,Jesuit
Lee Sowers,North Carolina,2026,70,So.,LEFT,RIGHT,Glen Allen,VA,Freeman
Michael Maginnis,North Carolina,2026,73,Jr.,RIGHT,RIGHT,Newnan,GA,Newnan/Samford
Sawyer Black,North Carolina,2026,73,So.,LEFT,RIGHT,Oak Ridge,NC,Wesleyan Christian Academy
Jackson Rose,North Carolina,2026,75,Fr.,LEFT,LEFT,Woodstock,GA,Etowah High School
Boston Flannery,North Carolina,2026,76,Jr.,RIGHT,RIGHT,New City,NY,Brunswick
Jason DeCaro,North Carolina,2026,77,Jr.,RIGHT,RIGHT,Northport,NY,St. Anthony's
Caden Glauber,North Carolina,2026,76,Fr.,RIGHT,RIGHT,Fort Mill,SC,Catawba Ridge High School
Cam Padgett,North Carolina,2026,75,Sr.,RIGHT,RIGHT,Salisbury,NC,East Rowan
Matthew Matthijs,North Carolina,2026,74,Sr.,RIGHT,RIGHT,Greenville,NC,DH Conley
Walker McDuffie,North Carolina,2026,72,So.,RIGHT,RIGHT,Broadway,NC,Lee County
Ryan Lynch,North Carolina,2026,75,So.,RIGHT,RIGHT,Moorestown,NJ,Moorestown
Tom Chmielewski,North Carolina,2026,74,Sr.,LEFT,LEFT,Needham,MA,Needham
Folger Boaz,North Carolina,2026,74,Jr.,LEFT,LEFT,Pilot Mountain,NC,East Surry
Camron Seagraves,North Carolina,2026,75,So.,RIGHT,RIGHT,Ellerbe,NC,Grace Christian Academy
Jake Cackovic,North Carolina,2026,79,Fr.,RIGHT,RIGHT,Holly Springs,NC,Holly Springs High School
Kyle Percival,North Carolina,2026,77,Sr.,RIGHT,LEFT,Lancaster,SC,Andrew Jackson
Luis Gomez,North Carolina A&T,2026,72,Sr.,RIGHT,RIGHT,Naples,FL,St. John Neumann
Andrew Tinsley,North Carolina A&T,2026,71,Sr.,RIGHT,RIGHT,Frisco,TX,Hebron
Reginald Tuggle,North Carolina A&T,2026,72,So.,RIGHT,RIGHT,Cheyenne,WY,Rockdale County HS
JT Taylor,North Carolina A&T,2026,72,So.,RIGHT,RIGHT,Salisbury,NC,Combine Academy
Tyler Smith,North Carolina A&T,2026,72,So.,BOTH,RIGHT,Hollywood,FL,McArther
Nick DiCarlo,North Carolina A&T,2026,71,Sr.,LEFT,LEFT,Pinehurst,NC,Pinecrest
Bruce Wyche,North Carolina A&T,2026,73,So.,RIGHT,RIGHT,Mcdonough,GA,Union Grove
Carter Roberts,North Carolina A&T,2026,72,Fr.,LEFT,LEFT,Gastonia,NC,Kings Mountain High School
Boaz Harper,North Carolina A&T,2026,71,So.,BOTH,RIGHT,Angier,NC,Grace Christian Academy
Savoi Edwards,North Carolina A&T,2026,75,So.,LEFT,LEFT,Greensboro,NC,Ragsdale
Luis Acevedo,North Carolina A&T,2026,69,Fr.,,,Winston Salem,NC,West Forsyth High School
Kristian Amaro,North Carolina A&T,2026,72,Sr.,BOTH,BOTH,Hilliard,OH,Hilliard Darby
Ryan Allen,North Carolina A&T,2026,73,Fr.,RIGHT,RIGHT,Greensboro,NC,Southeast Guilford High School
Adrian Gonzalez,North Carolina A&T,2026,74,Fr.,RIGHT,RIGHT,Apex,NC,Apex High School
Caleb Beals,North Carolina A&T,2026,72,So.,BOTH,RIGHT,Charlotte,NC,Cuthbertson
Jason Campo,North Carolina A&T,2026,74,Jr.,RIGHT,RIGHT,North Babylon,NY,St. John The Baptist
Diego Barrett,North Carolina A&T,2026,72,Sr.,RIGHT,RIGHT,Woodbridge,VA,
Jordan Bright,North Carolina A&T,2026,79,So.,RIGHT,RIGHT,Powder Springs,GA,McEachern
Aiden Hansen,North Carolina A&T,2026,76,Jr.,,,,,
Kobie Cushing,North Carolina A&T,2026,74,Sr.,,RIGHT,Clemmons,NC,West Forsyth HS
Angel Ortiz,North Carolina A&T,2026,71,Sr.,RIGHT,RIGHT,Tucson,AZ,
Gavin Sentell,North Carolina A&T,2026,71,Sr.,RIGHT,RIGHT,High Point,NC,Ledford
Jason Johnson,North Carolina A&T,2026,72,Jr.,,,Charlotte,NC,Gaston Day School
Agyei Quinichett,North Carolina A&T,2026,72,Jr.,RIGHT,RIGHT,Atlanta,GA,St. Pius X HS
JAMES VAN METER,North Carolina A&T,2026,75,So.,,,Land O Lakes,FL,Thomas Jefferson High School
Joshua Hauser,North Carolina A&T,2026,73,Fr.,RIGHT,RIGHT,Leland,NC,North Brunswick High School
Jacob Fields,North Carolina A&T,2026,69,Jr.,RIGHT,RIGHT,Kennesaw,GA,
Kyle Law,North Dakota State,2026,74,Jr.,RIGHT,RIGHT,Andover,MN,Andover
Kaden Connor,North Dakota State,2026,74,Fr.,LEFT,RIGHT,Cottage Grove,WI,Monona Grove
Caleb Corbin,North Dakota State,2026,68,Sr.,RIGHT,RIGHT,Urbandale,IA,West Des Moines Valley
Chase Womack,North Dakota State,2026,73,Jr.,BOTH,RIGHT,Frisco,TX,Lone Star HS
Bennett Freiter,North Dakota State,2026,76,Sr.,RIGHT,RIGHT,West St. Andrews,Canada,Okotoks Academy
Diego Trujillo,North Dakota State,2026,72,Sr.,LEFT,RIGHT,Laughlin,NV,Laughlin
Noah Gordon,North Dakota State,2026,70,Jr.,RIGHT,RIGHT,Rogers,MN,Rogers
Dante Smith,North Dakota State,2026,71,So.,LEFT,RIGHT,Ajax,Canada,Pickering
Blake Timmons,North Dakota State,2026,70,So.,LEFT,RIGHT,Solon,IA,Solon
Colten Becker,North Dakota State,2026,70,Sr.,LEFT,LEFT,South St Paul,MN,South St. Paul
Aiden Schenk,North Dakota State,2026,73,So.,LEFT,LEFT,Janesville,WI,Craig
Tyman Long,North Dakota State,2026,73,Sr.,RIGHT,RIGHT,Sioux Falls,SD,Harrisburg
Evan Gustafson,North Dakota State,2026,74,So.,LEFT,RIGHT,Eau Claire,WI,Altoona
Thomas Simon,North Dakota State,2026,72,So.,RIGHT,RIGHT,Fargo,ND,Shanley
Cal Jones,North Dakota State,2026,69,Jr.,LEFT,RIGHT,Texarkana,TX,Liberty-Eylau HS
Jonah Walker,North Dakota State,2026,74,Sr.,LEFT,LEFT,Lincoln,NE,Pius X
Sheamus Ryan,North Dakota State,2026,72,Fr.,LEFT,LEFT,Calgary,Canada,Vauxhall
Braden Gluth,North Dakota State,2026,74,Sr.,RIGHT,RIGHT,Santa Teresa,NM,Santa Teresa HS
Easton Reimers,North Dakota State,2026,74,Fr.,RIGHT,RIGHT,Missoula,MT,Sentinel
Parker Puetz,North Dakota State,2026,75,Jr.,RIGHT,RIGHT,Volga,SD,Sioux Valley
Zak Szabo,North Dakota State,2026,74,Jr.,RIGHT,RIGHT,Whitby,Canada,Sinclair Secondary
Brayden Marks,North Dakota State,2026,78,Sr.,RIGHT,RIGHT,Elkhorn,WI,Elkhorn HS
Hudson Hart,North Dakota State,2026,75,Sr.,RIGHT,RIGHT,Gretna,NE,Gretna HS
Matthew Totten,North Dakota State,2026,75,Fr.,RIGHT,RIGHT,Prior Lake,MN,Prior Lake
Garrett Shupe,North Dakota State,2026,76,So.,RIGHT,RIGHT,Mosinee,WI,Mosinee
Cade Wiegert,North Dakota State,2026,77,Jr.,LEFT,RIGHT,Eden Prairie,MN,Southwest Christian HS
Matthew Sargeant,North Dakota State,2026,74,Jr.,RIGHT,RIGHT,Ancaster,Canada,Ancaster
Ethan Swaby,North Dakota State,2026,73,So.,RIGHT,RIGHT,Toronto,Canada,Monarch Park
Anthony Pardo,North Dakota State,2026,74,So.,LEFT,RIGHT,Andover,MN,Andover
Aj Doll,North Dakota State,2026,71,So.,RIGHT,RIGHT,Lees Summit,MO,Blue Springs South
Luke Agnew,North Dakota State,2026,75,So.,RIGHT,RIGHT,Greenfield,WI,Marquette University
Chris Billings,North Dakota State,2026,76,Jr.,LEFT,LEFT,Alpine,UT,Lone Peak
Boone Hosey,North Florida,2026,73,Jr.,RIGHT,RIGHT,Tallahassee,FL,Florida State University School
Carter White,North Florida,2026,73,So.,LEFT,RIGHT,Naples,FL,St. John Neumann High School
Matthew Farner,North Florida,2026,73,Jr.,RIGHT,RIGHT,Winter Park,CO,Winter Park High School
Gialdri Gomez,North Florida,2026,72,Jr.,LEFT,RIGHT,Bronx,NY,Pearl River High School
Sean Benjamin,North Florida,2026,71,Fr.,RIGHT,RIGHT,Fernandina Beach,FL,Fernandina Beach High School
Mitchell Collins,North Florida,2026,71,Jr.,LEFT,RIGHT,Omaha,NE,Creighton Prep
Tyler Gerteisen,North Florida,2026,69,Sr.,LEFT,RIGHT,Tallahassee,FL,Lawton Chiles High School
Seth Alford,North Florida,2026,71,So.,RIGHT,RIGHT,Jacksonville,FL,St. Johns Country Day School
Jack Schrafft,North Florida,2026,77,Jr.,RIGHT,RIGHT,Milton,GA,Cambridge High School
Jackson Toberman,North Florida,2026,75,Jr.,RIGHT,RIGHT,Naples,FL,Seacrest Country Day School
Santiago Ordonez,North Florida,2026,69,Sr.,RIGHT,RIGHT,Parkland,FL,Majory Stoneman Douglas High School
Drew Buchanan,North Florida,2026,75,Fr.,RIGHT,RIGHT,Jupiter,FL,The Benjamin School
Beau Rurey,North Florida,2026,71,Fr.,LEFT,RIGHT,Boynton Beach,FL,St. John Neumann High School
Jonathan Acosta,North Florida,2026,73,Fr.,LEFT,RIGHT,Miami,FL,Miami Killian High School
Dario Romeo,North Florida,2026,70,Fr.,RIGHT,RIGHT,Montreal,Canada,TNXL Academy
Ty Velardo,North Florida,2026,72,So.,LEFT,LEFT,Jensen Beach,FL,Jensen Beach High School
William Ross,North Florida,2026,78,Jr.,RIGHT,RIGHT,Winter Garden,FL,West Orange High School
Jeremiah Stewart,North Florida,2026,74,Fr.,RIGHT,RIGHT,Chuluota,FL,TNXL Academy
Brandon Adams,North Florida,2026,74,Sr.,RIGHT,RIGHT,Orange Park,FL,Clay High School
Trevor Nikolis,North Florida,2026,73,So.,RIGHT,RIGHT,Naples,FL,St. John Neumann High School
John Costa,North Florida,2026,72,Sr.,RIGHT,RIGHT,Jacksonville,FL,Bishop Kenny High School
Clay Hendry,North Florida,2026,72,Sr.,RIGHT,RIGHT,Middleburg,FL,Middleburg High School
Devin Diggs,North Florida,2026,72,Fr.,RIGHT,RIGHT,Raiford,FL,Union County High School
Dakota Stone,North Florida,2026,70,Jr.,RIGHT,LEFT,Jacksonville,FL,Sandalwood High School
Ryan Furey,North Florida,2026,76,Sr.,RIGHT,RIGHT,Gotha,FL,Bishop Moore High School
Tyler Kozera,North Florida,2026,75,So.,RIGHT,RIGHT,Orlando,FL,St. John Neumann High School
Kai Etwaru,North Florida,2026,73,Sr.,LEFT,LEFT,West Palm Beach,FL,Palm Beach Central High School
Ed Wagner,North Florida,2026,77,Sr.,RIGHT,RIGHT,Haymarket,VA,Highland School
Joe Dimino,North Florida,2026,77,Jr.,LEFT,LEFT,E Millstone,NJ,Allentown High School
Zane Starling,North Florida,2026,71,Jr.,RIGHT,RIGHT,Lake City,FL,Santa Fe High School
Tommy Groom,North Florida,2026,76,Sr.,RIGHT,RIGHT,Orlando,FL,Bishop Moore Catholic High School
Jackson Bellhorn,North Florida,2026,72,So.,RIGHT,RIGHT,Oviedo,FL,The Master's Academy
Benjamin Hamacher,North Georgia,2026,69,Sr.,RIGHT,RIGHT,Marietta,GA,Blessed Trinity Catholic
Kyle Robitzsch,North Georgia,2026,70,Jr.,RIGHT,RIGHT,Kennesaw,GA,
Schley Gordy,North Georgia,2026,73,Jr.,RIGHT,RIGHT,Alpharetta,GA,
Brady Skipper,North Georgia,2026,69,Sr.,RIGHT,RIGHT,Broxton,GA,
Jake Prince,North Georgia,2026,72,So.,RIGHT,RIGHT,Cumming,GA,
Brody Yeomans,North Georgia,2026,70,So.,LEFT,LEFT,Hoboken,GA,Brantley County High School
Hunter Thompson,North Georgia,2026,73,So.,LEFT,LEFT,Evans,GA,
JD Coleman,North Georgia,2026,72,Sr.,BOTH,RIGHT,,,
Jake Streeter,North Georgia,2026,73,Jr.,RIGHT,RIGHT,Sandy Springs,GA,North Springs HS
Landon Tate,North Georgia,2026,73,So.,RIGHT,RIGHT,Bishop,GA,Oconee County HS
Matthew Heard,North Georgia,2026,74,Sr.,RIGHT,RIGHT,Loganville,GA,
Andrew Duval,North Georgia,2026,72,Jr.,LEFT,LEFT,Lexington,SC,P27 Baseball Academy
Ethan Finch,North Georgia,2026,71,Fr.,RIGHT,RIGHT,Brunswick,GA,Parkview
Avery Brown,North Georgia,2026,72,Jr.,RIGHT,RIGHT,Sharpsburg,GA,
Harrison Feinberg,Northeastern,2026,73,Sr.,RIGHT,RIGHT,Greenwich,CT,King School
Ryan Gerety,Northeastern,2026,72,Jr.,LEFT,LEFT,Franklin,MA,Franklin
Chris Walsh,Northeastern,2026,72,Jr.,RIGHT,RIGHT,Duxbury,MA,Duxbury
Tyler Harmony,Northeastern,2026,72,Fr.,LEFT,RIGHT,Fairfield,CT,Canterbury School
Matt Brinker,Northeastern,2026,70,Sr.,RIGHT,RIGHT,Norfolk,MA,Xaverian Brothers
Cooper Tarantino,Northeastern,2026,72,So.,RIGHT,RIGHT,Sudbury,MA,Lincoln-Sudbury
Ian Oehlschlaeger,Northeastern,2026,77,So.,RIGHT,RIGHT,Clifton Park,NY,Shenendehowa
AJ Aschettino,Northeastern,2026,73,Fr.,LEFT,RIGHT,Miller Place,NY,Rocky Point
Charlie Criscola,Northeastern,2026,70,Fr.,LEFT,RIGHT,Uxbridge,MA,Uxbridge High School
Eric Cha,Northeastern,2026,76,So.,RIGHT,RIGHT,Harrington Pk,NJ,Rabun Gab-Nacoochee School
Carter Bentley,Northeastern,2026,75,So.,RIGHT,RIGHT,Westborough,MA,The Rivers School
Carmelo Musacchia,Northeastern,2026,72,Sr.,RIGHT,RIGHT,New York,NY,Fordham Prep
Will Fosberg,Northeastern,2026,73,So.,LEFT,RIGHT,Natick,MA,Natick
Henry DiGiorgio,Northeastern,2026,72,So.,LEFT,RIGHT,Franklin,MA,Franklin
Anthony Ruggiero,Northeastern,2026,72,Fr.,LEFT,LEFT,Mendon,MA,Nipmuc Regional
Ryan Griffin,Northeastern,2026,78,Sr.,RIGHT,RIGHT,North Andover,MA,North Andover
Cooper Maher,Northeastern,2026,72,Fr.,RIGHT,RIGHT,Westerly,RI,Bishop Hendricken High School
Andrew Rogovic,Northeastern,2026,72,So.,RIGHT,RIGHT,Rye Brook,NY,Blind Brook
Luc Rising,Northeastern,2026,74,Sr.,RIGHT,RIGHT,Exton,PA,Downington East
Andrew Wertz,Northeastern,2026,75,Sr.,RIGHT,RIGHT,Dover,NH,Saint Thomas Aquinas
Robbie O'Connor,Northeastern,2026,76,Jr.,RIGHT,RIGHT,Sudbury,MA,Lincoln-Sudbury Regional
Tom Mahoney,Northeastern,2026,74,Fr.,RIGHT,RIGHT,Winchester,MA,Dexter Southfield
David McSweeney,Northeastern,2026,77,So.,LEFT,LEFT,Cohasset,MA,IMG Academy
Andrew Basel,Northeastern,2026,75,So.,RIGHT,RIGHT,Mineola,NY,Mineola
Joseph Hauser,Northeastern,2026,75,Jr.,RIGHT,RIGHT,Queens Vlg,NY,St. Francis Prep
Matthew Sapienza,Northeastern,2026,74,Sr.,RIGHT,RIGHT,North Andover,MA,Phillips Academy
Ryan McCarroll,Northeastern,2026,76,Sr.,RIGHT,RIGHT,Clifton Park,NY,Saratoga Central Catholic
Cameron Keaveney,Northeastern,2026,75,Fr.,LEFT,LEFT,Exeter,NH,Exeter
Nick Coniglio,Northeastern,2026,74,Jr.,RIGHT,RIGHT,Monroe Township,NJ,The Ranney School
James Morice,Northeastern,2026,77,Sr.,RIGHT,RIGHT,Southbury,CT,Canterbury
Logan Pruski,Northern Colorado,2026,75,So.,RIGHT,RIGHT,Truckee,CA,Bishop Manogue Catholic HS
Wilson Kieffer,Northern Colorado,2026,73,---,RIGHT,RIGHT,Rapid City,SD,Rapid City Christian School
Samuel Pease,Northern Colorado,2026,71,Jr.,RIGHT,RIGHT,Fort Collins,CO,Fossil Ridge
Easton Bryant,Northern Colorado,2026,76,Sr.,LEFT,RIGHT,Gilbert,AR,Campo Verde High School
Brandon Sanchez,Northern Colorado,2026,69,Jr.,RIGHT,RIGHT,Broomfield,CO,Legacy
Jaden Stone,Northern Colorado,2026,73,Sr.,LEFT,LEFT,Eaton,CO,Eaton High School
Ethan Mooser,Northern Colorado,2026,75,Jr.,LEFT,RIGHT,Mount Elgin,Canada,CASS
Zeke Minic,Northern Colorado,2026,74,Fr.,RIGHT,RIGHT,Thornton,CO,Horizon
Jake Bullard,Northern Colorado,2026,73,---,RIGHT,RIGHT,Hampton,NH,Winnacunnet High
Mason Griffin,Northern Colorado,2026,75,Fr.,LEFT,RIGHT,Windsor,CO,Fossil Ridge High School
Brien Kenny,Northern Colorado,2026,70,Jr.,RIGHT,RIGHT,Parker,CO,Regis Jesuit High School
Brett Barber,Northern Colorado,2026,70,Sr.,RIGHT,RIGHT,Aurora,CO,Cherokee Trail High School
Ethan Fillinger,Northern Colorado,2026,72,Fr.,RIGHT,RIGHT,Greeley,CO,Windsor High School
Ethan Sanchez,Northern Colorado,2026,70,Fr.,LEFT,LEFT,Broomfield,CO,Legacy High School
Trevor Landen,Northern Colorado,2026,75,Jr.,RIGHT,RIGHT,Centennial,CO,Heritage
Lucas Stone,Northern Colorado,2026,74,So.,LEFT,LEFT,Eaton,CO,Eaton High School
Logan Borboa,Northern Colorado,2026,73,Jr.,RIGHT,RIGHT,Fresno,CA,Briar Cliff
Reece Wagner,Northern Colorado,2026,76,Jr.,LEFT,RIGHT,Parker,CO,Legend
Ethan Louthan,Northern Colorado,2026,76,Sr.,LEFT,RIGHT,Chester,OK,Seiling High School
Logan Moser,Northern Colorado,2026,76,Sr.,LEFT,RIGHT,Eaton,CO,Eaton HS
Asher Clark,Northern Colorado,2026,76,---,RIGHT,RIGHT,Castle Rock,CO,Luthern High School
Gus Allred,Northern Colorado,2026,75,Jr.,LEFT,LEFT,Mountain View,WY,Mountain View High School
Mason Bright,Northern Colorado,2026,74,Jr.,RIGHT,RIGHT,Severance,CO,Severance HS
Jake Storey,Northern Colorado,2026,77,Sr.,RIGHT,RIGHT,Frisco,TX,Jesuit Dallas
Brady Hudson,Northern Colorado,2026,76,So.,RIGHT,RIGHT,Boulder,CO,Holy Family High School
Mitch Haythorn,Northern Colorado,2026,72,So.,RIGHT,RIGHT,Eaton,CO,Eaton High School
Tate Smith,Northern Colorado,2026,78,Fr.,RIGHT,RIGHT,Greeley,CO,Eaton High School
Jax Pfister,Northern Colorado,2026,74,Fr.,RIGHT,RIGHT,Centennial,CO,Grandview High School
mac Hibben,Northern Colorado,2026,74,Fr.,LEFT,LEFT,Torrington,WY,Torrington High School
Cade Kunz,Northern Colorado,2026,73,Jr.,LEFT,LEFT,Littleton,CO,Heritage High School
Wyatt Wawro,Northern Illinois,2026,69,Fr.,LEFT,LEFT,Darien,IL,Downers Grove South
Cole Smith,Northern Illinois,2026,69,Sr.,RIGHT,RIGHT,Dubuque,IA,Dubuque
Marcus Romero,Northern Illinois,2026,76,Jr.,RIGHT,RIGHT,Brighton,CO,Legacy High School
Nolan Sandee,Northern Illinois,2026,69,So.,LEFT,RIGHT,Glendale,WI,Nicolet
Gavin Baldwin,Northern Illinois,2026,74,Sr.,RIGHT,RIGHT,Nashville,IL,Nashville Community
Caden Robertson,Northern Illinois,2026,76,Sr.,RIGHT,LEFT,Magnolia,TX,Magnolia West
Ivan Dahlberg,Northern Illinois,2026,71,Sr.,LEFT,RIGHT,Minooka,IL,Minooka
Kayden Jennings,Northern Illinois,2026,72,Jr.,RIGHT,RIGHT,Edwardsville,IL,Edwardsville
Will Couchman,Northern Illinois,2026,72,Sr.,LEFT,RIGHT,Edina,MN,Edina
Vinny Spotofora,Northern Illinois,2026,71,Jr.,LEFT,RIGHT,Shorewood,IL,Joliet Catholic Academy
Charlie Parcell,Northern Illinois,2026,72,Jr.,LEFT,LEFT,Des Plaines,IL,Maine West
Cooper Cohn,Northern Illinois,2026,72,Jr.,RIGHT,RIGHT,McHenry,IL,McHenry
Owen Ross,Northern Illinois,2026,76,Sr.,RIGHT,RIGHT,Yorkville,IL,Yorkville HS
Connor Mendell,Northern Illinois,2026,72,So.,RIGHT,RIGHT,Saint Peters,MO,Fort Zumwalt South
Danny Cihocki,Northern Illinois,2026,75,Jr.,RIGHT,RIGHT,Princeton,IL,Princeton
Blake Gaskey,Northern Illinois,2026,74,Sr.,RIGHT,RIGHT,Davenport,IA,Davenport North
Maxwell Vaisvila,Northern Illinois,2026,70,Sr.,LEFT,LEFT,Villa Park,IL,Willowbrook
John Lyman,Northern Illinois,2026,72,Sr.,LEFT,LEFT,Minneapolis,MN,Washburn
Joshua Loren,Northern Illinois,2026,77,Jr.,LEFT,LEFT,North Liberty,IA,Clear Creek/Amana
Matthew Tarr,Northern Illinois,2026,74,Sr.,RIGHT,RIGHT,North Aurora,IL,West Aurora
Carter Cox,Northern Illinois,2026,72,So.,LEFT,LEFT,Saint Peters,MO,Fort Zumwalt South
Nick Bassi,Northern Illinois,2026,75,Sr.,RIGHT,RIGHT,Zionsville,IN,Cathedral
Mason Orton,Northern Illinois,2026,74,Fr.,LEFT,LEFT,Mahomet,IL,Mahomet-Seymour
Gavin Micklinghoff,Northern Illinois,2026,75,Sr.,RIGHT,RIGHT,Mchenry,IL,McHenry
Alex Day,Northern Illinois,2026,74,Jr.,RIGHT,RIGHT,Tinley Park,IL,Andrew
RJ Bergren,Northern Illinois,2026,71,Jr.,LEFT,LEFT,Schererville,IN,Mount Carmel High School
Benjamin Kasten,Northern Illinois,2026,75,Jr.,RIGHT,RIGHT,Greenfield,WI,Whitnall High School
Jackson Wang,Northern Kentucky,2026,73,Jr.,RIGHT,RIGHT,Morgantown,IN,McNicholas
Jake Paulick,Northern Kentucky,2026,74,Jr.,RIGHT,RIGHT,Centerville,OH,Centerville HS
Sam Bond,Northern Kentucky,2026,70,Jr.,RIGHT,RIGHT,Saint Leon,IN,East Central
Zach Pomatto,Northern Kentucky,2026,72,Fr.,LEFT,RIGHT,Joliet,IL,Joliet Catholic
Ethan Thomas,Northern Kentucky,2026,78,Sr.,RIGHT,RIGHT,Mililani,HI,Mililani HS
Landon Springmeyer,Northern Kentucky,2026,73,Jr.,RIGHT,RIGHT,Gilbert,AZ,Corona Del Sol High School
Braydon Rogers,Northern Kentucky,2026,73,Sr.,,,Queen Creek,AZ,
Alex Brazer,Northern Kentucky,2026,74,So.,RIGHT,RIGHT,Ruskin,FL,Lennard
Josh Williams,Northern Kentucky,2026,75,Sr.,,,Clovis,CA,
Pierce Bauerle,Northern Kentucky,2026,74,Jr.,RIGHT,RIGHT,Waynesville,OH,Franklin
Mark Nowak,Northern Kentucky,2026,70,So.,,,Florence,KY,
Marcus Harrison,Northern Kentucky,2026,74,Sr.,,,Chandler,AZ,
Peter Krumins,Northern Kentucky,2026,72,So.,,,Piedmont,CA,
Hunter Friedberg,Northern Kentucky,2026,70,So.,LEFT,LEFT,Lakewood,CA,Saint John Bosco
Jake Altman,Northern Kentucky,2026,71,Jr.,LEFT,RIGHT,San Diego,CA,La Jolla Country Day
EJ Miramontes,Northern Kentucky,2026,73,Sr.,LEFT,LEFT,Clint,TX,Clint High School
Ryan Gill,Northern Kentucky,2026,70,Sr.,,,Ixonia,WI,Oconomowoc High School
Cody Little,Northern Kentucky,2026,71,Sr.,RIGHT,RIGHT,Largo,FL,Seminole
Tannis Lange,Northern Kentucky,2026,75,So.,LEFT,LEFT,Waukesha,WI,Waukesha South
Gabe Stout,Northern Kentucky,2026,75,Sr.,RIGHT,RIGHT,Crown Point,IN,Crown Point High School
Logan Wilson,Northern Kentucky,2026,72,Sr.,RIGHT,RIGHT,Erlanger,KY,Dixie Heights
Jared Teke,Northern Kentucky,2026,70,Jr.,,,Batavia,OH,Batavia HS
Gerald Hanson,Northern Kentucky,2026,68,Sr.,RIGHT,LEFT,Roseville,CA,Woodcreek HS
Shawn Parnell,Northern Kentucky,2026,70,Jr.,BOTH,RIGHT,Akron,OH,Archbishop Hoban
Carson French,Northern Kentucky,2026,73,So.,RIGHT,RIGHT,West Chester,OH,Lakota East
Gannon Wentz,Northern Kentucky,2026,71,Sr.,RIGHT,RIGHT,Worthington,OH,Thomas Worthington
Elijah Green,Northern Kentucky,2026,77,Sr.,RIGHT,RIGHT,Cascade,IA,Cascade
Evan Fry,Northern Kentucky,2026,73,Sr.,RIGHT,RIGHT,Franklin,OH,Franklin HS
Kyle Cortner,Northern Kentucky,2026,75,Jr.,LEFT,LEFT,Fishers,IN,Lincoln Trail J.C. Cathedral
Will Franklin,Northern Kentucky,2026,73,Jr.,RIGHT,RIGHT,Snohomish,WA,Glacier Peak HS
Mj Castaneda,Northern Kentucky,2026,70,Jr.,RIGHT,RIGHT,San Jose,CA,Valley Christian
Jack Lausch,Northwestern,2026,74,Sr.,LEFT,RIGHT,Chicago,IL,Brother Rice
Ryan Kucherak,Northwestern,2026,74,Jr.,RIGHT,RIGHT,Chandler,AZ,Hamilton
Nick Barron,Northwestern,2026,75,Fr.,LEFT,RIGHT,Acton,MA,IMG Academy
Noah Ruiz,Northwestern,2026,70,Sr.,RIGHT,RIGHT,San Diego,CA,Maranatha Christian
Owen McElfatrick,Northwestern,2026,72,Sr.,RIGHT,RIGHT,Tampa,FL,Berkeley Prepatory
Griffin Mills,Northwestern,2026,73,Jr.,RIGHT,RIGHT,Morristown,NJ,Delbarton
Jay Slater,Northwestern,2026,72,So.,RIGHT,RIGHT,Downingtown,PA,Downingtown West Campus
Logan De Groot,Northwestern,2026,75,So.,RIGHT,RIGHT,Coto De Caza,CA,Santa Margarita HS
Shane Hofstadler,Northwestern,2026,73,Sr.,RIGHT,RIGHT,Vista,CA,Rancho Buena Vista High School
Jake Yang,Northwestern,2026,72,Fr.,RIGHT,RIGHT,Doylestown,PA,Central Bucks South
Jackson Freeman,Northwestern,2026,74,Jr.,LEFT,RIGHT,Ladera Ranch,CA,Tesoro
Marty Kaplan,Northwestern,2026,74,Sr.,LEFT,RIGHT,Santa Monica,CA,Harvard-Westlake
Jack Counsell,Northwestern,2026,72,Jr.,RIGHT,RIGHT,Whitefish Bay,WI,Whitefish Bay
Carter Danz,Northwestern,2026,75,So.,LEFT,LEFT,Newport Beach,CA,Corona Del Mar
Charlie Caruso,Northwestern,2026,72,So.,LEFT,RIGHT,Pasadena,CA,JSerra Catholic
Noah Brocklebank,Northwestern,2026,75,Fr.,BOTH,RIGHT,Atlanta,GA,Druid Hills High School
Tommy Bridges,Northwestern,2026,71,So.,RIGHT,RIGHT,Los Angeles,CA,Harvard-Westlake
James Whitaker,Northwestern,2026,74,Fr.,RIGHT,RIGHT,Las Vegas,NV,Bishop Gorman High School
Sam Hliboki,Northwestern,2026,75,Sr.,LEFT,RIGHT,Los Angeles,CA,Harvard-Westlake
Jake Rifenburg,Northwestern,2026,74,Fr.,LEFT,LEFT,Downers Grove,IL,Benet Academy
Alex Grant,Northwestern,2026,76,So.,LEFT,LEFT,Avon,CT,Avon Old Farms
Matthew Kouser,Northwestern,2026,78,So.,RIGHT,RIGHT,Haddonfield,NJ,St. Augustine Prep
Ryan Weaver,Northwestern,2026,74,Sr.,LEFT,LEFT,Cary,IL,Cary-Grove
Garrett Shearer,Northwestern,2026,75,Jr.,RIGHT,RIGHT,O'Fallon,IL,St. Louis University HS
Drew Dickson,Northwestern,2026,75,Sr.,RIGHT,RIGHT,Zionsville,IN,Zionsville
Justin Fryer,Northwestern,2026,72,Fr.,RIGHT,LEFT,Norristown,PA,Perkiomen School
Christian Forniss,Northwestern,2026,73,So.,LEFT,LEFT,Indianapolis,IN,Brebeuf Jesuit
Dominic Deloreto,Northwestern,2026,75,Fr.,LEFT,LEFT,Atlantic Beach,FL,Episcopal School
Sam Michel,Northwestern,2026,73,Fr.,LEFT,LEFT,Gainesville,VA,Battlefield High School
Thomas Marsala III,Northwestern State,2026,75,Sr.,LEFT,RIGHT,Monroe,LA,St. Frederick HS
Noah McNeil,Northwestern State,2026,73,So.,LEFT,RIGHT,Ottawa,Canada,Ecole Catholique Secondaire Pierre-Savard
Joe Siervo,Northwestern State,2026,72,Sr.,RIGHT,RIGHT,Chesterfield,MO,Parkway Central HS
JT Simonelli,Northwestern State,2026,73,Jr.,LEFT,RIGHT,Jonesboro,LA,Quitman High School
Mason Wray,Northwestern State,2026,72,Sr.,RIGHT,RIGHT,Melbourne,Australia,Christian Brothers College
Michael McAloose,Northwestern State,2026,72,Jr.,LEFT,RIGHT,Fort Myers,FL,Canterbury School
Colton Harrison,Northwestern State,2026,73,So.,RIGHT,RIGHT,Lafayette,LA,St. Thomas More
Bryce Johnson,Northwestern State,2026,75,Sr.,RIGHT,RIGHT,Pass Christian,MS,McKinney (TX) HS
Ethan Menard,Northwestern State,2026,72,Sr.,RIGHT,RIGHT,Opelousas,LA,Notre Dame HS
Brooks Leonard,Northwestern State,2026,73,Jr.,RIGHT,RIGHT,Pierre Part,LA,Ascension Catholic HS
Sam Ardoin,Northwestern State,2026,74,Jr.,RIGHT,RIGHT,Moss Bluff,LA,Sam Houston
Zach White,Northwestern State,2026,68,Fr.,BOTH,RIGHT,Baytown,TX,Robert E. Lee HS
Sebastian Huerta,Northwestern State,2026,70,Sr.,RIGHT,RIGHT,New Braunfels,TX,New Braunfels HS
Carter White,Northwestern State,2026,74,So.,LEFT,LEFT,Bossier City,LA,Airline HS
Lucas Harrington,Northwestern State,2026,69,Jr.,RIGHT,RIGHT,Youngsville,LA,Southside High School
Chase Prestwich,Northwestern State,2026,71,Sr.,RIGHT,RIGHT,Frederick,CO,Frederick HS
Kevin Robinson,Northwestern State,2026,74,Jr.,RIGHT,RIGHT,Shreveport,LA,C.E. Byrd HS
Caden Fiveash,Northwestern State,2026,72,Sr.,LEFT,RIGHT,Rockwall,TX,Rockwall-Heath HS
Trent Hillen,Northwestern State,2026,76,Sr.,RIGHT,RIGHT,Morgan City,LA,Central Catholic HS
Brody Trosclair,Northwestern State,2026,71,Fr.,LEFT,LEFT,Thibodaux,LA,Thibodaux High School
Wesley Marien,Northwestern State,2026,75,So.,RIGHT,RIGHT,Baton Rouge,LA,Parkview HS
Dylan Marionneaux,Northwestern State,2026,74,Jr.,RIGHT,RIGHT,Zachary,LA,Zachary HS
Jacob LeBlanc,Northwestern State,2026,69,So.,LEFT,LEFT,Central,LA,Central HS
Logan Trotter,Northwestern State,2026,72,Fr.,RIGHT,RIGHT,Anahuac,TX,Anahuac High School
Caleb Ricks,Notre Dame,2026,71,Fr.,RIGHT,RIGHT,Elizabethtown,KY,Trinity High School
Shane Miranda,Notre Dame,2026,72,Fr.,LEFT,RIGHT,Chula Vista,CA,Saint Augustine High School
Andrew Graham,Notre Dame,2026,69,Sr.,RIGHT,RIGHT,Seattle,WA,Seattle Prep
Mark Quatrani,Notre Dame,2026,71,Jr.,RIGHT,RIGHT,Springfield,PA,The Haverford School
Bino Watters,Notre Dame,2026,74,So.,LEFT,LEFT,Rochester Hills,MI,Rochester Adams
Drew Berkland,Notre Dame,2026,72,Sr.,RIGHT,RIGHT,Wayzata,MN,Wayzata
Jayce Lee,Notre Dame,2026,76,So.,RIGHT,RIGHT,South Bend,IN,St. Joseph
Davis Johnson,Notre Dame,2026,72,Jr.,LEFT,RIGHT,Providence,RI,Moses Brown
Noah Coy,Notre Dame,2026,71,So.,LEFT,RIGHT,Greenwood,IN,Center Grove
Mason Barth,Notre Dame,2026,69,Fr.,RIGHT,RIGHT,St. John,IN,Andrean High School
Dylan Passo,Notre Dame,2026,74,Fr.,LEFT,LEFT,Red Bank,NJ,Red Bank Catholic High School
Parker Brzustewicz,Notre Dame,2026,75,So.,RIGHT,RIGHT,Rochester Hills,MI,Orchard Lake St. Mary's
Brandon Logan,Notre Dame,2026,72,Fr.,RIGHT,RIGHT,,,Snider
Jamie Zee,Notre Dame,2026,69,Fr.,RIGHT,RIGHT,Hasbrouck Heights,NJ,Bergen Catholic High School
Chase Van Ameyde,Notre Dame,2026,77,So.,RIGHT,RIGHT,Lake Orion,MI,Brother Rice
Xavier Hirsch,Notre Dame,2026,77,Sr.,LEFT,RIGHT,Mansfield,TX,Mansfield
Jack Radel,Notre Dame,2026,77,Jr.,RIGHT,RIGHT,Sioux Falls,SD,Roosevelt
Oisin Lee,Notre Dame,2026,78,So.,RIGHT,RIGHT,Newton,MA,St. Mark's
Aiden Zerr,Notre Dame,2026,74,Fr.,RIGHT,RIGHT,Brandon,SD,Brandon Valley High School
Will Jaisle,Notre Dame,2026,74,Fr.,RIGHT,RIGHT,Batesville,IN,Batesville High School
Ty Uber,Notre Dame,2026,76,Sr.,RIGHT,RIGHT,Cameron Park,CA,Ponderosa
Noah Rooney,Notre Dame,2026,72,Sr.,LEFT,LEFT,Perham,MN,Perham
Dylan Singleton,Notre Dame,2026,74,Fr.,LEFT,LEFT,Herriman,UT,PDG Academy
Eli Thurmond,Notre Dame,2026,75,Sr.,RIGHT,RIGHT,Bradenton,FL,Bradenton Christian HS
Radek Birkholz,Notre Dame,2026,71,Sr.,RIGHT,RIGHT,Highlands Ranch,CO,Valor Christian
Kellan Klosterman,Notre Dame,2026,73,So.,RIGHT,RIGHT,Loveland,OH,Archbishop Moeller
Caden Crowell,Notre Dame,2026,76,Fr.,LEFT,LEFT,Valparaiso,IN,Valparaiso High School
Evan Clark,Notre Dame,2026,72,Sr.,LEFT,LEFT,Western Springs,IL,IMG Academy
DJ Helwig,Notre Dame,2026,77,Jr.,RIGHT,RIGHT,Mokena,IL,St. Laurence
Garrett Snyder,Notre Dame,2026,77,Fr.,RIGHT,RIGHT,Unionville,CT,Cheshire Academy
Kyle Revere,Oakland,2026,73,Sr.,RIGHT,RIGHT,Sterling Heights,MI,Henry Ford II High School
Aidan Orr,Oakland,2026,71,Jr.,LEFT,RIGHT,Wintersville,OH,Indian Creek
Ben Clark,Oakland,2026,70,Jr.,RIGHT,RIGHT,New Albany,OH,New Albany
Sam Griffith,Oakland,2026,70,Sr.,RIGHT,RIGHT,Greenwood,IN,Center Grove
Carter Hain,Oakland,2026,75,Sr.,RIGHT,RIGHT,Phoenix,AZ,Arcadia
Tony Konopiots,Oakland,2026,73,So.,RIGHT,RIGHT,Downers Grove,IL,Downers Grove North
Aidan Schuck,Oakland,2026,70,So.,RIGHT,RIGHT,Canton,MI,Detroit Catholic Central
Lucas Day,Oakland,2026,73,Sr.,LEFT,LEFT,Dayton,OH,Troy Christian
Andrew Landis,Oakland,2026,73,So.,RIGHT,RIGHT,Rockford,MI,Rockford
Sam Patton,Oakland,2026,72,So.,LEFT,LEFT,Omaha,NE,Creighton Preparatory School
Nick Mardis,Oakland,2026,73,Jr.,RIGHT,RIGHT,Bloomington,IL,Central Catholic High School
Boston Halloran,Oakland,2026,70,Jr.,RIGHT,RIGHT,Franklin,WI,Franklin
Mason Palermo,Oakland,2026,72,Fr.,RIGHT,RIGHT,Plainfield,IL,Oswego East High School
Jack Lux,Oakland,2026,69,Sr.,LEFT,RIGHT,Cedar Rapids,IA,Xavier
Tag Dillard,Oakland,2026,68,Fr.,LEFT,LEFT,Palestine,TX,Palestine High School
George Hansen,Oakland,2026,76,Jr.,LEFT,LEFT,Superior,WI,Superior
Jordan Dahlof,Oakland,2026,73,Jr.,RIGHT,RIGHT,Roseville,MN,Roseville
Ethan Glassman,Oakland,2026,73,Sr.,RIGHT,LEFT,Los Angeles,CA,El Camino Real Charter HS
Jaxson Easterlin,Oakland,2026,76,Sr.,RIGHT,RIGHT,Franklin,WI,Franklin
Josh Rosenblitt,Oakland,2026,72,Fr.,RIGHT,RIGHT,Beachwood,OH,Beachwood High School
Blake Sehlke,Oakland,2026,74,Jr.,LEFT,RIGHT,Tomball,TX,Tomball Memorial
Ben Green,Oakland,2026,74,Fr.,RIGHT,RIGHT,Clinton Township,MI,Chippewa Valley High School
Daniel Duley,Oakland,2026,77,So.,LEFT,LEFT,Freeland,MI,Freeland
Luke Riggs,Oakland,2026,71,Jr.,BOTH,RIGHT,Corona,CA,Norco
Tanner Ware,Oakland,2026,76,Sr.,LEFT,LEFT,North Canton,OH,North Canton Hoover
Joshua Korson,Oakland,2026,76,Sr.,RIGHT,RIGHT,Rochester,MI,Stoney Creek
Wyatt Ruppenthal,Oakland,2026,74,So.,RIGHT,RIGHT,Farmington Hills,MI,Brother Rice
Ryan Donley,Oakland,2026,76,Jr.,LEFT,LEFT,Chesterton,IN,Chesterton
Owen Thomson,Oakland,2026,70,So.,RIGHT,LEFT,Campbellford,Canada,Ontario Schools
Stephen Ruhle,Oakland,2026,77,Sr.,RIGHT,RIGHT,Royal Oak,MI,Shrine
Camden Cooper,Oakland,2026,76,Sr.,RIGHT,RIGHT,Upland,CA,Upland High School
Will Paxson,Oakland,2026,74,Fr.,RIGHT,RIGHT,Bloomington,IL,University High School
Dylan Shepherd,Ohio,2026,70,Sr.,LEFT,LEFT,Barrie,Canada,Saint Joseph Catholic
Brady Alexander,Ohio,2026,72,So.,RIGHT,LEFT,Glenshaw,PA,Shaler
Will Henson,Ohio,2026,74,Sr.,RIGHT,RIGHT,Chicago,IL,Lane Tech
Reese Harmon,Ohio,2026,71,Sr.,LEFT,RIGHT,Columbus,IN,Columbus North
Cam Bryant,Ohio,2026,70,Jr.,LEFT,RIGHT,Miamisburg,OH,Cincinnati Country Day
Cameron Hill,Ohio,2026,72,Jr.,RIGHT,RIGHT,Villa Hills,KY,Beechwood
Tyler Stack,Ohio,2026,77,Jr.,RIGHT,RIGHT,Oswego,IL,Oswego
Cale Steinbaugh,Ohio,2026,70,Sr.,RIGHT,RIGHT,Georgetown,IL,Georgetown Ridge-Farm
Cameron Boyd,Ohio,2026,72,Jr.,RIGHT,RIGHT,Villa Hills,KY,Beechwood
Grant Wilson,Ohio,2026,73,So.,RIGHT,RIGHT,Bradenton,FL,IMG Academy
Colton Shirley,Ohio,2026,74,Sr.,LEFT,LEFT,Anderson,IN,Lapel
Taylor Harris,Ohio,2026,75,Jr.,RIGHT,RIGHT,Woodstock,GA,River Ridge High School
Max Palinski,Ohio,2026,73,So.,LEFT,RIGHT,Gates Mills,OH,Saint Ignatius
Ethan Stewart,Ohio,2026,73,Jr.,,RIGHT,Langsville,OH,Meigs
Hunter Winston,Ohio,2026,76,So.,,LEFT,Hinckley,OH,Highland
Dillon Masters,Ohio,2026,75,Sr.,,LEFT,New Albany,OH,New Albany
Hunter Brooks,Ohio,2026,72,Jr.,RIGHT,RIGHT,Jamestown,OH,Greeneview High School
Evan Lichtenauer,Ohio,2026,70,Fr.,LEFT,LEFT,Newark,OH,Licking Valley High School
Mason Gass,Ohio,2026,71,Fr.,RIGHT,RIGHT,Oakdale,PA,West Allegheny Senior HS
Luke Bryant,Ohio,2026,73,So.,,RIGHT,Ashland,OH,Ashland
Colton Landtiser,Ohio,2026,73,Fr.,RIGHT,RIGHT,Pickerington,OH,Pickerington Central HS
AJ Dallmayer,Ohio,2026,74,Jr.,RIGHT,RIGHT,Washington Court House,OH,Washington
Rylan Sams,Ohio,2026,,Fr.,RIGHT,RIGHT,Albany,OH,Oak Hill High School
Aaron Blum,Ohio,2026,75,Sr.,LEFT,LEFT,Cincinnati,OH,St. Xavier
Hayden Blosser,Ohio,2026,75,So.,RIGHT,RIGHT,Avon Lake,OH,Avon Lake High School
Landon Price,Ohio,2026,69,Sr.,LEFT,LEFT,Middle Point,OH,Lincolnview
Aiden Cook,Ohio,2026,75,Jr.,LEFT,LEFT,Penfield,NY,Penfield
Gaige Stuckey,Ohio,2026,73,Fr.,LEFT,LEFT,Washington Court House,OH,Miami Trace High School
Chase Keen,Ohio,2026,76,So.,RIGHT,RIGHT,London,KY,North Laurel
Julian Robertson,Ohio,2026,78,So.,,RIGHT,Aurora,Canada,Dr. G. W. Williams Secondary School
Mason Eckelman,Ohio State,2026,73,Jr.,LEFT,RIGHT,Broadview Heights,OH,Walsh Jesuit
Henry Kaczmar,Ohio State,2026,70,Sr.,LEFT,RIGHT,Bath,OH,Walsh Jesuit
Dane Harvey,Ohio State,2026,77,So.,LEFT,LEFT,Warfordsburg,PA,Southern Fulton Jr-sr HS
Alex Bemis,Ohio State,2026,71,Jr.,RIGHT,RIGHT,,,
Noah Furcht,Ohio State,2026,73,Sr.,RIGHT,RIGHT,Esko,MN,Esko
Maddix Simpson,Ohio State,2026,73,So.,RIGHT,RIGHT,Fort Myers,FL,Bishop Verot Catholic
Lee Ellis,Ohio State,2026,73,Jr.,RIGHT,RIGHT,White Plains,MD,Pro5 Baseball Academy
Grant Mangrum,Ohio State,2026,73,Sr.,RIGHT,RIGHT,Sterlington,LA,Sterlington HS
CJ Reid,Ohio State,2026,72,Jr.,LEFT,RIGHT,Colorado Springs,CO,Pine Creek High School
Miles Vandenheuvel,Ohio State,2026,74,Jr.,RIGHT,RIGHT,Scottsdale,AZ,Chaparral High School
Steven Cavaco,Ohio State,2026,71,Fr.,LEFT,LEFT,Owens Cross Roads,AL,Huntsville High School
Jacob Parr,Ohio State,2026,76,Fr.,LEFT,RIGHT,Lemont,IL,Lemont Township High School
Jake Michalak,Ohio State,2026,75,Jr.,RIGHT,RIGHT,North Royalton,OH,North Royalton
Jude Fisher,Ohio State,2026,74,Fr.,RIGHT,RIGHT,Medina,OH,Strongsville High School
Lincoln McVicker,Ohio State,2026,77,Jr.,RIGHT,RIGHT,Littleton,CO,Thunderridge High School
Sahil Patel,Ohio State,2026,72,Jr.,LEFT,LEFT,Buford,GA,
Gavin Kuzniewski,Ohio State,2026,71,So.,RIGHT,RIGHT,Fishers,IN,Fishers High School
Zach Weber,Ohio State,2026,74,Sr.,RIGHT,RIGHT,Lebanon,OH,Lebanon
Nick Sawyer,Ohio State,2026,70,Jr.,RIGHT,RIGHT,Columbus,OH,Upper Arlington High School
Pierce Herrenbruck,Ohio State,2026,74,Jr.,RIGHT,RIGHT,Evansville,IN,Francis J Reitz High School
Ryan Zamora,Ohio State,2026,72,Jr.,RIGHT,RIGHT,Elk Grove,CA,Elk Grove High School
Chris Domke,Ohio State,2026,76,Jr.,RIGHT,RIGHT,North Royalton,OH,North Royalton
Luke Carrell,Ohio State,2026,74,Sr.,RIGHT,LEFT,Davis,CA,
Ryan Butler,Ohio State,2026,74,Sr.,RIGHT,RIGHT,Salem,VA,
Andrew Edrington,Ohio State,2026,72,Jr.,RIGHT,RIGHT,Cincinnati,OH,Princeton High School
Jack Cecil,Ohio State,2026,72,Jr.,RIGHT,RIGHT,,,
Zakary Sigman,Ohio State,2026,70,Jr.,RIGHT,RIGHT,Grove City,OH,Grove City High School
Myles Davis,Oklahoma,2026,72,So.,RIGHT,RIGHT,,,
Cayden Brumbaugh,Oklahoma,2026,71,Sr.,RIGHT,RIGHT,Edmond,OK,
Connor Larkin,Oklahoma,2026,75,Fr.,LEFT,LEFT,,,
Deiten Lachance,Oklahoma,2026,77,Jr.,RIGHT,RIGHT,,,
Dasan Harris,Oklahoma,2026,73,Jr.,LEFT,LEFT,Plano,TX,
Camden Johnson,Oklahoma,2026,72,Jr.,LEFT,RIGHT,Boerne,TX,Boerne
Trey Gambill,Oklahoma,2026,72,Sr.,LEFT,LEFT,Alpine,UT,
Drew Dickerson,Oklahoma,2026,76,So.,RIGHT,LEFT,Lees Summit,MO,
Jaxon Willits,Oklahoma,2026,72,Jr.,BOTH,RIGHT,Fort Cobb,OK,
Brendan Brock,Oklahoma,2026,75,Jr.,RIGHT,RIGHT,,,
Nolan Stevens,Oklahoma,2026,75,Jr.,LEFT,LEFT,Elk Grove,CA,Franklin HS
Dayton Tockey,Oklahoma,2026,74,Sr.,LEFT,LEFT,Fort Worth,TX,
Alec Blair,Oklahoma,2026,78,Fr.,LEFT,LEFT,,,
Jason Walk,Oklahoma,2026,70,Jr.,BOTH,RIGHT,Acworth,GA,
Kyle Branch,Oklahoma,2026,59,So.,RIGHT,RIGHT,Lucas,TX,
Gerardo Prado,Oklahoma,2026,75,Jr.,RIGHT,RIGHT,,,
Cord Rager,Oklahoma,2026,78,Fr.,LEFT,LEFT,,,
Jason Bodin,Oklahoma,2026,75,Jr.,LEFT,RIGHT,Orange,TX,
Nick Wesloski,Oklahoma,2026,75,Fr.,RIGHT,RIGHT,,,
LJ Mercurius,Oklahoma,2026,62,Jr.,RIGHT,RIGHT,Las Vegas,NV,Faith Lutheran
Kadyn Leon,Oklahoma,2026,72,So.,RIGHT,RIGHT,,,
Jackson Cleveland,Oklahoma,2026,72,Sr.,LEFT,RIGHT,Deer Park,TX,Deer Park HS
Nate Smithburg,Oklahoma,2026,74,Jr.,LEFT,LEFT,Libertyville,IA,
Cameron Johnson,Oklahoma,2026,78,Jr.,LEFT,LEFT,Upper Marlboro,MD,
Mason Bixby,Oklahoma,2026,79,Jr.,RIGHT,RIGHT,San Antonio,TX,Johnson
Trent Collier,Oklahoma,2026,74,So.,LEFT,LEFT,,,
Michael Catalano,Oklahoma,2026,72,So.,RIGHT,RIGHT,Frisco,TX,
Xander Mercurius,Oklahoma,2026,70,Fr.,RIGHT,RIGHT,,,
Jaden Barfield,Oklahoma,2026,69,So.,LEFT,LEFT,Pearland,TX,
Gavyn Jones,Oklahoma,2026,73,Jr.,LEFT,LEFT,White Oak,TX,
Isaac Williams,Oklahoma,2026,74,Jr.,RIGHT,RIGHT,Fleming Island,FL,Fleming Island HS
Reid Hensley,Oklahoma,2026,73,Sr.,RIGHT,RIGHT,Lufkin,TX,
Kollin Ritchie,Oklahoma State,2026,74,Jr.,LEFT,RIGHT,Atoka,OK,Atoka HS
Alex Conover,Oklahoma State,2026,76,Jr.,LEFT,RIGHT,Tuttle,OK,Tuttle HS
Aidan Meola,Oklahoma State,2026,73,Sr.,RIGHT,RIGHT,Palm Beach Gardens,FL,Palm Beach Gardens HS
Brock Thompson,Oklahoma State,2026,72,So.,LEFT,RIGHT,Bakersfield,CA,Liberty HS
T.P. Wentworth,Oklahoma State,2026,77,So.,LEFT,LEFT,Ripon,CA,Central Catholic HS
Colin Brueggemann,Oklahoma State,2026,78,Sr.,LEFT,RIGHT,Smithton,IL,Freeburg HS
Evan Saunders,Oklahoma State,2026,75,Jr.,RIGHT,RIGHT,Saint Michael,MN,St. Michael-Albertville HS
Sebastian Norman,Oklahoma State,2026,72,Fr.,RIGHT,RIGHT,Springfield,MO,Glendale HS
Campbell Smithwick,Oklahoma State,2026,72,Jr.,LEFT,RIGHT,Oxford,MS,Oxford HS
Garrett Shull,Oklahoma State,2026,74,So.,BOTH,RIGHT,Enid,OK,Enid HS
Daniel Wallace,Oklahoma State,2026,70,Fr.,RIGHT,RIGHT,La Vista,NE,Papillion-La Vista South HS
Deacon Pomeroy,Oklahoma State,2026,76,Fr.,RIGHT,RIGHT,Topeka,KS,Shawnee Heights HS
Remo Indomenico,Oklahoma State,2026,70,Fr.,LEFT,LEFT,Chicago,IL,The First Academy
Avery Ortiz,Oklahoma State,2026,70,Jr.,RIGHT,RIGHT,Tulsa,OK,Union HS
Brady Francisco,Oklahoma State,2026,69,So.,RIGHT,RIGHT,Simi Valley,CA,Thousand Oaks HS
Ezra Essex,Oklahoma State,2026,67,Fr.,RIGHT,RIGHT,Chicago,IL,P27 Academy
Terrance Bowen,Oklahoma State,2026,74,Fr.,RIGHT,RIGHT,Dallas,GA,Blessed Trinity Catholic HS
Noah Wech,Oklahoma State,2026,73,So.,RIGHT,RIGHT,Manitowoc,WI,Lincoln HS
Jacob Kennedy,Oklahoma State,2026,74,Jr.,RIGHT,RIGHT,Hennessey,OK,Enid HS
Stormy Rhodes,Oklahoma State,2026,76,So.,RIGHT,RIGHT,Kerrville,TX,Tivy HS
Ethan Lund,Oklahoma State,2026,78,So.,RIGHT,LEFT,Fishers,IN,Hamilton Southeastern HS
Drew Blake,Oklahoma State,2026,74,Sr.,LEFT,LEFT,Stillwater,OK,Stillwater HS
Parker Jennings,Oklahoma State,2026,76,Fr.,RIGHT,RIGHT,Granite Bay,CA,IMG Academy
Hudson Barrett,Oklahoma State,2026,77,Jr.,LEFT,LEFT,Bakersfield,CA,Frontier HS
Kai Fyke,Oklahoma State,2026,74,Jr.,RIGHT,RIGHT,Langley,BC,Abbotsford
Drew Winslow,Oklahoma State,2026,77,Fr.,RIGHT,RIGHT,Troy,IL,Triad HS
Mario Pesca,Oklahoma State,2026,80,Sr.,RIGHT,RIGHT,Bronx,NY,Cardinal Spellman HS
Zane Burns,Oklahoma State,2026,73,Fr.,RIGHT,RIGHT,Chandler,AZ,Corona Del Sol HS
Brennan Phillips,Oklahoma State,2026,73,Sr.,LEFT,LEFT,Owasso,OK,Owasso HS
Bryce LeBlanc,Oklahoma State,2026,79,So.,LEFT,LEFT,Lubbock,TX,Frenship HS
Brody Connors,Old Dominion,2026,72,So.,RIGHT,RIGHT,Newport Beach,CA,Mater Dei
Maverick Stallings,Old Dominion,2026,72,Sr.,RIGHT,RIGHT,Apopka,FL,Lake Brantley
Efrain Morales,Old Dominion,2026,69,So.,RIGHT,RIGHT,Raleigh,NC,Cedar Ridge
William Johnson,Old Dominion,2026,73,Jr.,RIGHT,RIGHT,Plano,TX,Prestonwood Christian Academy
Tyler Zedalis,Old Dominion,2026,74,Jr.,RIGHT,RIGHT,Charlotte,NC,Cox Mill
Zachary Leite,Old Dominion,2026,74,Sr.,LEFT,LEFT,Dana Point,CA,Dana Hills
Scotty Young,Old Dominion,2026,78,Sr.,LEFT,LEFT,Mission Viejo,CA,Mission Viejo
Macaddin Dye,Old Dominion,2026,74,Jr.,RIGHT,RIGHT,Virginia Beach,VA,Frank W. Cox
TJ Aiken,Old Dominion,2026,74,Jr.,LEFT,LEFT,Greenwood,SC,Greenwood
Cole McKenna,Old Dominion,2026,73,Fr.,RIGHT,RIGHT,West Deptford,NJ,West Deptford
Jack Slater,Old Dominion,2026,73,Sr.,LEFT,RIGHT,Tampa,FL,Hillsborough
Nick Felton,Old Dominion,2026,74,Fr.,LEFT,RIGHT,Odenton,MD,St. John's College High School
Cash Jay,Old Dominion,2026,72,Sr.,RIGHT,RIGHT,Chickasha,OK,Chickasha
Grayson Sparr,Old Dominion,2026,73,Jr.,RIGHT,RIGHT,Pawtucket,RI,Wheeler
Evan Holman,Old Dominion,2026,71,Sr.,RIGHT,RIGHT,Aurora,OR,North Marion
Bennett Siegel,Old Dominion,2026,73,Fr.,LEFT,RIGHT,Princeton Jct,NJ,West Windsor-Plainsboro South
Ben Tanton,Old Dominion,2026,74,Fr.,RIGHT,RIGHT,Vestal,NY,Vestal Senior
Christopher Cavalcante,Old Dominion,2026,77,Fr.,RIGHT,RIGHT,Philadelphia,PA,La Salle College HS
JJ Gatti,Old Dominion,2026,75,Jr.,RIGHT,RIGHT,Rockville Centre,NY,Chaminade
Nick Sulpizio,Old Dominion,2026,74,Jr.,RIGHT,RIGHT,Cherry Hill,NJ,Bishop Eustace
Bailey Matela,Old Dominion,2026,77,Sr.,RIGHT,LEFT,Norfolk,VA,Greenbrier Christian
Maddox Jack,Old Dominion,2026,74,Fr.,RIGHT,RIGHT,Hickory,NC,P27 Baseball Academy
Connor Schumann,Old Dominion,2026,72,Sr.,LEFT,LEFT,Midlothian,VA,Benedictine College Prep
Tyler Stott,Old Dominion,2026,76,Sr.,RIGHT,RIGHT,Las Vegas,NV,Desert Oasis
Kellen Davis,Old Dominion,2026,72,Sr.,RIGHT,RIGHT,Media,PA,Penncrest
Jackson Okonkwo,Old Dominion,2026,77,Fr.,RIGHT,RIGHT,Va Beach,VA,Greenbrier Christian Academy
Patrick Johnson,Old Dominion,2026,74,Sr.,RIGHT,RIGHT,Chattanooga,TN,Baylor School
Darin Kuskie,Old Dominion,2026,77,Jr.,RIGHT,RIGHT,Clarksburg,MD,Damascus HS
Ethan Hubbell,Old Dominion,2026,75,Sr.,RIGHT,RIGHT,Camas,WA,Camas
Jayce Park,Old Dominion,2026,71,So.,RIGHT,RIGHT,Philadelphia,PA,St. John Neumann Goretti
Cole Lanford,Old Dominion,2026,76,So.,LEFT,LEFT,Raleigh,NC,PRO5 Academy
Owen Yarussi,Old Dominion,2026,72,So.,RIGHT,LEFT,Cranberry Township,PA,Seneca Valley
Ryan Sheehy,Old Dominion,2026,73,So.,RIGHT,RIGHT,Shelton,CT,Emmett O'Brein Technical
Judd Utermark,Ole Miss,2026,77,Sr.,RIGHT,RIGHT,Charlotte,NC,Charlotte Christian
Tristan Bissetta,Ole Miss,2026,73,Sr.,LEFT,LEFT,Greenville,SC,J.L. Mann
Will Furniss,Ole Miss,2026,76,Sr.,LEFT,RIGHT,Nacogdoches,TX,Nacogdoches
Austin Fawley,Ole Miss,2026,73,Jr.,RIGHT,RIGHT,West Palm Beach,FL,Park Vista
Owen Paino,Ole Miss,2026,75,So.,LEFT,RIGHT,Poughkeepsie,NY,Roy C. Ketcham
Dominic Decker,Ole Miss,2026,72,Jr.,LEFT,RIGHT,Sellersburg,IN,Silver Creek
Hayden Federico,Ole Miss,2026,71,So.,BOTH,RIGHT,West Monroe,LA,West Monroe
Collin Reuter,Ole Miss,2026,74,Sr.,RIGHT,RIGHT,Olive Branch,MS,Magnolia Heights
Topher Jones,Ole Miss,2026,73,So.,RIGHT,RIGHT,Hernando,MS,Hernando
Brett Moseley,Ole Miss,2026,75,Fr.,LEFT,RIGHT,Trussville,AL,Trussville
Daniel Pacella,Ole Miss,2026,76,Sr.,LEFT,LEFT,Mundelein,IL,Mundelein
Brayden Randle,Ole Miss,2026,69,Jr.,LEFT,RIGHT,Rockwall,TX,Rockwall
Tate Sirmans,Ole Miss,2026,74,So.,RIGHT,RIGHT,Valdosta,GA,Lowndes
Luke Romine,Ole Miss,2026,73,Fr.,LEFT,LEFT,Hernando,MS,Hernando
Cannon Goldin,Ole Miss,2026,72,Fr.,LEFT,LEFT,Buford,GA,Buford
Grayson Gibson,Ole Miss,2026,73,Fr.,LEFT,LEFT,Tampa,FL,Calvary Christian
Marko Sipila,Ole Miss,2026,76,Sr.,RIGHT,RIGHT,Orono,MN,Orono Senior
JP Robertson,Ole Miss,2026,74,So.,RIGHT,RIGHT,Madison,MS,Germantown
Owen Hancock,Ole Miss,2026,77,So.,RIGHT,RIGHT,Sylvester,GA,Worth County
Cade Townsend,Ole Miss,2026,73,So.,RIGHT,RIGHT,Aliso Viejo,CA,Santa Margarita Catholic
Taylor Rabe,Ole Miss,2026,77,So.,RIGHT,RIGHT,Greenville,SC,Greenville Senior
Walker Hooks,Ole Miss,2026,76,So.,LEFT,LEFT,Brandon,MS,Brandon
Owen Kelly,Ole Miss,2026,76,Jr.,RIGHT,RIGHT,Belleville,IL,Belleville East
Hudson Calhoun,Ole Miss,2026,76,Jr.,RIGHT,RIGHT,Tupelo,MS,McCallie School
Noah Allen,Ole Miss,2026,79,Fr.,RIGHT,RIGHT,Watkinsville,GA,North Oconee
Hunter Elliott,Ole Miss,2026,75,Sr.,LEFT,LEFT,Tupelo,MS,Tupelo
Landon Koenig,Ole Miss,2026,78,Jr.,RIGHT,RIGHT,Page,ND,May-Port CG
Landon Waters,Ole Miss,2026,73,Sr.,RIGHT,RIGHT,Grenada,MS,Grenada
Wil Libbert,Ole Miss,2026,73,So.,LEFT,LEFT,Saint Thomas,MO,Blair Oaks
Terry Hayes,Ole Miss,2026,75,So.,LEFT,RIGHT,Renton,WA,Liberty
Leo Odom,Ole Miss,2026,74,Fr.,RIGHT,RIGHT,Sumrall,MS,Sumrall
Jackson Trout,Omaha,2026,77,Sr.,RIGHT,RIGHT,Papillion,NE,
Tyler Bishop,Omaha,2026,74,Sr.,RIGHT,RIGHT,Lincoln,NE,
Sam Beck,Omaha,2026,68,Sr.,RIGHT,RIGHT,Riverton,UT,Riverton
Chase Diggins,Omaha,2026,71,Sr.,RIGHT,RIGHT,Perth,Australia,"Doshisha International School, Kyoto"
Cardel Dick,Omaha,2026,70,Jr.,RIGHT,RIGHT,Abbotsford,Canada,Vauxhall Academy
Henry Zipay,Omaha,2026,73,Sr.,LEFT,RIGHT,Omaha,NE,Westside
Nicholas Riggs,Omaha,2026,70,Fr.,LEFT,LEFT,Omaha,NE,Bellevue West and Creighton Prep
Edoardo Cornelli,Omaha,2026,71,Fr.,LEFT,RIGHT,Lodi,Italy,Regensburg Academy
Hayden Lewis,Omaha,2026,72,So.,LEFT,LEFT,Yutan,NE,Yutan
Brody Sexton,Omaha,2026,69,Jr.,RIGHT,RIGHT,Chandler,AZ,Chandler
Mason Gaines,Omaha,2026,73,So.,LEFT,LEFT,Lincoln,NE,Lincoln East
Drew Borner,Omaha,2026,70,Sr.,RIGHT,RIGHT,Omaha,NE,Millard West
Eli Hoerner,Omaha,2026,71,Sr.,RIGHT,RIGHT,Smithton,IL,Freeburg
Jackson Vaughn,Omaha,2026,75,Fr.,LEFT,LEFT,Saint Charles,MO,Francis Howell
Drew Iverson,Omaha,2026,76,Jr.,LEFT,LEFT,Plattsmouth,NE,Plattsmouth
Nate Moquin,Omaha,2026,76,Sr.,RIGHT,RIGHT,Omaha,NE,Millard South
Carter Mick,Omaha,2026,74,So.,LEFT,LEFT,Lincoln,NE,Lincoln East
Brayden Curtis,Omaha,2026,74,Sr.,RIGHT,RIGHT,Omaha,NE,
Cole Kenyon,Omaha,2026,75,Jr.,RIGHT,RIGHT,San Carlos,CA,
Tanner Hosick,Omaha,2026,65,So.,RIGHT,RIGHT,Bellevue,NE,Bellevue West
Isaak Crittenden,Omaha,2026,74,Jr.,RIGHT,RIGHT,Gentry,AR,
Tanner Foertsch,Omaha,2026,69,So.,RIGHT,RIGHT,Elkhorn,NE,Elkhorn South
Michael Sall,Omaha,2026,74,So.,RIGHT,RIGHT,Omaha,NE,Creighton Prep
Oliver Mabee,Omaha,2026,78,Sr.,RIGHT,RIGHT,Victoria,Canada,Oak Bay
Maddox Meyer,Omaha,2026,72,So.,RIGHT,RIGHT,Malcolm,NE,Malcolm
Cameron Teinert,Omaha,2026,74,Sr.,RIGHT,RIGHT,Lincoln,NE,Lincoln North Star
Makani Tanaka,Oral Roberts,2026,74,Sr.,LEFT,RIGHT,Honolulu,HI,Iolani HS
Cooper Combs,Oral Roberts,2026,71,Sr.,RIGHT,RIGHT,Fayetteville,AR,Springdale HS
Kole Dudding,Oral Roberts,2026,70,So.,RIGHT,RIGHT,Amarillo,TX,Randall HS
Tyler Brodrick,Oral Roberts,2026,72,Sr.,LEFT,LEFT,Saratoga,CA,
Cooper Kelly,Oral Roberts,2026,73,Jr.,BOTH,RIGHT,Overland Park,KS,Blue Valley Southwest HS
Will Edmunson,Oral Roberts,2026,72,Sr.,RIGHT,RIGHT,Luther,OK,Homeschool / Hutchinson CC
Hudson Ellis,Oral Roberts,2026,73,Fr.,RIGHT,RIGHT,Round Rock,TX,Round Rock HS
Matthew Mainord,Oral Roberts,2026,71,So.,RIGHT,RIGHT,Allen,TX,Lovejoy HS
Martell Davis,Oral Roberts,2026,74,Sr.,RIGHT,RIGHT,Seminole,OK,Varnum HS
Wailele Kane-Yates,Oral Roberts,2026,72,Sr.,RIGHT,RIGHT,Koloa,HI,Kauai HS
Ethan Fender,Oral Roberts,2026,70,Sr.,RIGHT,RIGHT,Springdale,AR,Har-Ber HS
Keaton Campbell,Oral Roberts,2026,74,Sr.,RIGHT,RIGHT,Sapulpa,OK,Sand Spring HS
Nathan Nichols,Oral Roberts,2026,70,Jr.,,,Queen Creek,AZ,Basha High School
Austin Nicholson,Oral Roberts,2026,76,Fr.,,,Frisco,TX,Hebron High School
Braydon Sanford,Oral Roberts,2026,76,Jr.,RIGHT,RIGHT,Owasso,OK,Owasso HS
Nathan Love,Oral Roberts,2026,74,Sr.,RIGHT,RIGHT,Magnolia,TX,Magnolia HS
Jack Hill,Oral Roberts,2026,75,Sr.,RIGHT,RIGHT,Edmond,OK,Deer Creek HS
Easton Teel,Oral Roberts,2026,75,So.,RIGHT,RIGHT,Choctaw,OK,Choctaw HS
Keaton Ruthardt,Oral Roberts,2026,75,Sr.,RIGHT,RIGHT,Edmond,OK,Deer Creek HS
Dylan Christensen,Oral Roberts,2026,72,Jr.,RIGHT,RIGHT,Norwalk,IA,Norwalk HS
Jackson Farrell,Oral Roberts,2026,76,Fr.,LEFT,LEFT,Jenks,OK,Owasso HS
Weston Rouse,Oral Roberts,2026,77,So.,LEFT,LEFT,Fort Gibson,OK,Fort Gibson HS
Kash Ferris,Oral Roberts,2026,74,So.,RIGHT,RIGHT,Midwest City,OK,Carl Albert HS
Maddox Thornton,Oral Roberts,2026,74,Sr.,RIGHT,RIGHT,Bentonville,AR,Bentonville West
Luke Williams,Oral Roberts,2026,72,Fr.,LEFT,LEFT,Owasso,OK,Owasso HS
Brenden Asher,Oral Roberts,2026,72,So.,RIGHT,RIGHT,Bartlesville,OK,Bartlesville HS
Conner Johnson,Oral Roberts,2026,74,So.,RIGHT,RIGHT,Salina,OK,Salina HS
Luke Puffinbarger,Oral Roberts,2026,77,Fr.,LEFT,RIGHT,Leedey,OK,Leedey HS
Cooper Moore,Oral Roberts,2026,74,So.,RIGHT,RIGHT,Tyler,TX,Legacy HS
Will Yeary,Oral Roberts,2026,74,Fr.,RIGHT,RIGHT,Mansfield,TX,Covenant Christian Academy
Angel Laya,Oregon,2026,75,Fr.,LEFT,RIGHT,San Diego,CA,Eastlake High School
Naulivou Lauaki,Oregon,2026,77,Fr.,RIGHT,RIGHT,Springville,UT,Springville High School
Ryan Cooney,Oregon,2026,72,Jr.,RIGHT,RIGHT,Portland,OR,Jesuit HS
Brayden Jaksa,Oregon,2026,78,Fr.,RIGHT,RIGHT,Fremont,CA,Irvington High School
Drew Smith,Oregon,2026,74,Sr.,RIGHT,RIGHT,Clovis,CA,Buchanan HS
Jax Gimenez,Oregon,2026,74,So.,BOTH,RIGHT,Rocklin,CA,Whitney HS
Burke Mabeus,Oregon,2026,76,So.,BOTH,RIGHT,Henderson,NV,Bishop Gorman HS
Dominic Hellman,Oregon,2026,78,Sr.,RIGHT,RIGHT,Mill Creek,WA,Henry M. Jackson HS
Jack Brooks,Oregon,2026,70,Jr.,LEFT,RIGHT,Vacaville,CA,Vanden HS
Maddox Molony,Oregon,2026,74,Jr.,RIGHT,RIGHT,Springfield,OR,Thurston HS
Gabe Miranda,Oregon,2026,75,Jr.,LEFT,LEFT,Orange,CA,Orange Lutheran
Josh Schleichardt,Oregon,2026,72,Sr.,RIGHT,RIGHT,Tigard,OR,Lakeridge HS
Owen Morgan,Oregon,2026,70,Fr.,LEFT,RIGHT,Windsor,CO,Fossil Ridge High School
Elijah Cook,Oregon,2026,71,Sr.,RIGHT,RIGHT,Chula Vista,CA,Mater Dei Catholic
Ryan Featherston,Oregon,2026,74,Jr.,RIGHT,RIGHT,Bakersfield,CA,Stockdale HS
Tanner Bradley,Oregon,2026,73,So.,RIGHT,RIGHT,Cotati,CA,Cardinal Newman HS
Michael Meckna,Oregon,2026,75,So.,RIGHT,RIGHT,Omaha,NE,Elkhorn South HS
Luke Morgan,Oregon,2026,75,So.,RIGHT,RIGHT,Grants Pass,OR,Grants Pass High School
Leo Uelman,Oregon,2026,76,Jr.,RIGHT,RIGHT,Las Vegas,NV,Faith Lutheran
Toby Twist,Oregon,2026,74,Jr.,LEFT,LEFT,Bakersfield,CA,Bakersfield Christian HS
Cal Scolari,Oregon,2026,76,So.,RIGHT,RIGHT,Reno,NV,Bishop Manogue Catholic
Collin Clarke,Oregon,2026,75,Jr.,RIGHT,RIGHT,Irvine,CA,Santa Margarita Catholic HS
Will Sanford,Oregon,2026,72,So.,RIGHT,RIGHT,San Diego,CA,Point Loma HS
Devin Bell,Oregon,2026,76,Sr.,RIGHT,RIGHT,La Grande,OR,La Grande HS
Shane Johnson,Oregon,2026,69,Fr.,LEFT,LEFT,Kirkland,WA,Lake Washington High School
Miles Gosztola,Oregon,2026,75,Jr.,LEFT,LEFT,Seattle,WA,West Seattle HS
Cooper Markham,Oregon,2026,75,Fr.,RIGHT,RIGHT,Enumclaw,WA,Enumclaw High School
Gabe Howard,Oregon,2026,75,So.,RIGHT,RIGHT,West Linn,OR,West Linn HS
Josh Hollis,Oregon,2026,74,Fr.,RIGHT,RIGHT,Laguna Niguel,CA,Jserra Catholic High School
Blake Crawford,Oregon,2026,76,Fr.,LEFT,LEFT,West Linn,OR,West Linn HS
Ethan Porter,Oregon State,2026,73,Fr.,RIGHT,RIGHT,Huntingtn Bch,CA,Huntington Beach High School
Josh Proctor,Oregon State,2026,74,Fr.,RIGHT,RIGHT,Altadena,CA,Maranatha High School
AJ Singer,Oregon State,2026,70,Sr.,RIGHT,RIGHT,Glendale,AZ,Mountain Ridge
Jacob Krieg,Oregon State,2026,77,Sr.,RIGHT,RIGHT,Antioch,CA,Clayton Valley
Bryce Hubbard,Oregon State,2026,72,Sr.,LEFT,RIGHT,Norcross,GA,Wesleyan
Paul Vazquez,Oregon State,2026,75,So.,RIGHT,RIGHT,Covina,CA,South Hills
Easton Talt,Oregon State,2026,70,Sr.,LEFT,RIGHT,Everett,WA,Sunrise Mountain (AZ)
Jacob Galloway,Oregon State,2026,69,Sr.,LEFT,RIGHT,Camarillo,CA,Harvard Westlake HS
Nyan Hayes,Oregon State,2026,69,Sr.,RIGHT,RIGHT,New Orleans,LA,John Curtis
Bryson Glassco,Oregon State,2026,74,Jr.,RIGHT,RIGHT,Sparks,NV,Spanish Springs High School
Tyler Inge,Oregon State,2026,72,So.,RIGHT,RIGHT,Brighton,MI,Detroit Country Day
Adam Haight,Oregon State,2026,74,So.,RIGHT,RIGHT,Snohomish,WA,Cedar Park Christian
Cooper Vance,Oregon State,2026,72,Sr.,RIGHT,RIGHT,New Waterford,OH,Mohawk
Ryan VandenBrink,Oregon State,2026,73,Fr.,RIGHT,RIGHT,West Linn,OR,West Linn
Josh Nati,Oregon State,2026,73,Fr.,RIGHT,RIGHT,Sydney,Australia,Oakhill Sydney
Connor Mendez,Oregon State,2026,72,Jr.,RIGHT,RIGHT,Pasco,WA,Chiawana
Dax Whitney,Oregon State,2026,77,So.,RIGHT,RIGHT,Blackfoot,ID,Blackfoot
Trey Morris,Oregon State,2026,74,Fr.,LEFT,LEFT,Easton,IL,Washington Union High School
Albert Roblez,Oregon State,2026,71,Sr.,RIGHT,RIGHT,Moreno Valley,CA,Valley View HS
Isaac Yeager,Oregon State,2026,78,Sr.,LEFT,RIGHT,Seattle,WA,Bishop Blanchet
Eric Segura,Oregon State,2026,74,Jr.,RIGHT,RIGHT,Soledad,CA,Soledad
Zach Edwards,Oregon State,2026,74,So.,RIGHT,RIGHT,,,Riverton
Wyatt Queen,Oregon State,2026,74,Jr.,RIGHT,RIGHT,Marysville,WA,Lake Stevens
Ethan Kleinschmit,Oregon State,2026,75,Jr.,LEFT,LEFT,Mount Angel,OR,John F. Kennedy
Tanner Douglas,Oregon State,2026,74,Sr.,LEFT,LEFT,Medford,OR,South Medford HS
Zach Kmatz,Oregon State,2026,75,So.,RIGHT,RIGHT,Albuquerque,NM,Sandia
AJ Hutcheson,Oregon State,2026,71,Sr.,RIGHT,RIGHT,Elk Grove,CA,Elk Grove
Calvin Gregory,Oregon State,2026,70,Fr.,LEFT,LEFT,Lake Oswego,OR,Lakeridge High School
Noah Scott,Oregon State,2026,76,Jr.,RIGHT,RIGHT,Westminster,CO,Broomfield High School
Jack Giordano,Oregon State,2026,73,So.,RIGHT,RIGHT,San Diego,CA,Patrick Henry
Conner Reed,Ozarks (AR),2026,72,Jr.,RIGHT,RIGHT,Texarkana,AR,Genoa Central
Aiden Shea,Ozarks (AR),2026,,So.,,,Parrish,FL,
Braeden Schnabel,Pacific,2026,79,Jr.,RIGHT,RIGHT,Tempe,AZ,
Noah Canter,Pacific,2026,68,Jr.,RIGHT,RIGHT,Sacramento,CA,Elk Grove High School
Robert Orr,Pacific,2026,75,Jr.,RIGHT,RIGHT,Vancouver,Canada,St. George's School
Jake Tandy,Pacific,2026,73,Sr.,RIGHT,RIGHT,West Sacramento,CA,
Brendan O'Sullivan,Pacific,2026,73,Sr.,RIGHT,RIGHT,Pleasanton,CA,San Joaquin Delta
JT Shank,Pacific,2026,73,So.,LEFT,RIGHT,Castle Pines,CO,Rock Canyon
Grant MacArthur,Pacific,2026,76,Jr.,RIGHT,RIGHT,El Cajon,CA,
Levi Sotomayor,Pacific,2026,74,Jr.,LEFT,LEFT,Reno,NV,Galena High School
Colin Spear,Pacific,2026,74,Jr.,RIGHT,RIGHT,San Francisco,CA,Sacred Heart Cathedral
Alexander Dolan,Pacific,2026,70,Jr.,BOTH,RIGHT,Arcadia,CA,Arcadia High School
Andrew Sloan,Pacific,2026,71,Sr.,RIGHT,RIGHT,Sacramento,CA,Jesuit
Blaine French,Pacific,2026,74,Sr.,LEFT,LEFT,Oakland,CA,
Derek Bartram,Pacific,2026,74,Jr.,RIGHT,RIGHT,Novato,CA,Novato
Rylan Evans,Pacific,2026,71,Sr.,RIGHT,RIGHT,Logandale,NV,Moapa Valley
Peyton Richards,Pacific,2026,75,Fr.,LEFT,RIGHT,Livermore,CA,Granada High School
Diego Davis,Pacific,2026,75,So.,RIGHT,RIGHT,Stockton,CA,Lincoln HS
Mike Santos,Pacific,2026,72,Jr.,RIGHT,RIGHT,Sacramento,CA,Bradshaw Christian
Garret Plata,Pacific,2026,72,Jr.,LEFT,LEFT,San Jose,CA,King's Academy
Maddox Moreno,Pacific,2026,72,Fr.,RIGHT,RIGHT,La Habra,CA,LA Habra High School
Carson Revay,Pacific,2026,76,Jr.,LEFT,LEFT,Stockton,CA,Bear Creek HS
Regan Carter,Pacific,2026,74,Jr.,RIGHT,RIGHT,Fulshear,TX,Fulshear
Zach Todd,Pacific,2026,75,Jr.,RIGHT,RIGHT,Manteca,CA,Manteca HS
Connor Raridan,Pacific,2026,73,Fr.,RIGHT,RIGHT,Livermore,CA,Granada High School
Liam Smith,Pacific,2026,79,So.,RIGHT,RIGHT,San Rafael,CA,Marin Catholic HS
Ethan Shaver,Pacific,2026,74,Sr.,RIGHT,RIGHT,San Jose,CA,
Matt Ludeman,Pacific,2026,74,Fr.,RIGHT,RIGHT,San Jose,CA,Los Gatos High School
Nathen Nino,Pacific,2026,73,So.,RIGHT,RIGHT,Fresno,CA,Fresno City
Adan Perez,Pacific,2026,76,Sr.,RIGHT,RIGHT,Modesto,CA,Modesto HS
Dylan McShane,Pacific,2026,81,Jr.,RIGHT,RIGHT,Stockton,CA,Saint Mary's HS
Brady Wilson,Pacific,2026,74,Jr.,RIGHT,RIGHT,Sacramento,CA,Rio Americano High School
Justin Iglesias,Pacific,2026,75,So.,LEFT,RIGHT,Castro Valley,CA,Bishop O'Dowd HS
Max Goldberg,Pacific,2026,75,Jr.,LEFT,LEFT,Issaquah,WA,Issaquah High School
Elias Valdez,Pacific,2026,76,Jr.,RIGHT,RIGHT,Cypress,CA,John F Kennedy High School
Bryce Cruz,Pacific,2026,72,Jr.,RIGHT,RIGHT,Granite Bay,CA,IMG Academy
Trevor Kazahaya,Pacific (OR),2026,,Jr.,,,,,
Riz Collado,Pacific (OR),2026,,Sr.,,,,,
Javin Hamura,Pacific (OR),2026,,So.,,,,,
Ben Lewis,Pacific (OR),2026,,Jr.,,,,,
Max Finkelstein,Pacific (OR),2026,,Jr.,,,,,
Nicholas Saelens,Pacific (OR),2026,,So.,,,,,
Isaiah Hirsh,Pacific (OR),2026,,Jr.,,,,,
Governor Aufranc,Pacific (OR),2026,,Sr.,,,,,
Ethan Keintz,Pacific Lutheran,2026,74,Sr.,RIGHT,RIGHT,Helena,MT,Capital
Braeden Lundberg,Pacific Lutheran,2026,70,Sr.,RIGHT,RIGHT,Gig Harbor,WA,Gig Harbor
Chris Moreno,Pacific Lutheran,2026,75,Sr.,RIGHT,RIGHT,Newhall,CA,Hart
Qwynn Ahearn,Penn,2026,71,Jr.,,,Woodbine,MD,
Nicholas Spaventa,Penn,2026,73,Jr.,,,Pitman,NJ,Gloucester County Institute of Technology
Ernie Echevarria,Penn,2026,74,So.,,,Miami,FL,Belen Jesuit Prep
Jay Secretarski,Penn,2026,73,Fr.,RIGHT,RIGHT,Asheville,NC,Asheville High School
Ryan Taylor,Penn,2026,70,Sr.,RIGHT,RIGHT,Elmer,NJ,St. Augustine Prep
Gavin Degnan,Penn,2026,73,Jr.,,,Lakehurst,NJ,Donovan Catholic
Jarrett Pokrovsky,Penn,2026,70,Sr.,RIGHT,RIGHT,Pittsgrove,NJ,Schalick
Nick Guachione,Penn,2026,75,Jr.,,,Pittsfield,MA,Taconic
Michael Powell,Penn,2026,75,So.,,,Alexandria,VA,Bishop O'Connell
Matthew Pazak,Penn,2026,72,Fr.,RIGHT,RIGHT,Round Rock,TX,Stony Point High School
Connor McCabe,Penn,2026,74,So.,,,San Antonio,TX,Ronald Reagan
Nick O'Brien,Penn,2026,72,Jr.,,,Medford,NJ,Shawnee
Gavin Collins,Penn,2026,71,Jr.,,,Bristol,IN,Northridge
Jack Warner,Penn,2026,70,Fr.,LEFT,RIGHT,Yarrow Point,WA,Bellevue Senior High School
Davis Baker,Penn,2026,74,Sr.,RIGHT,LEFT,Dallas,TX,Episcopal School of Dallas
Jake Moss,Penn,2026,74,Sr.,BOTH,RIGHT,Manhasset,NY,Manhasset Secondary
Thomas Shurtleff,Penn,2026,74,Sr.,RIGHT,RIGHT,Medfield,MA,Medfield
Nick Newburn,Penn,2026,77,Fr.,RIGHT,RIGHT,Mclean,VA,Langley High School
Benjamin Moulin,Penn,2026,76,Fr.,RIGHT,LEFT,San Clemente,CA,Dana Hills High School
Marty Coyne,Penn,2026,73,Jr.,,,Hockessin,DE,Tower Hill School
Thomas Egbert,Penn,2026,74,Fr.,RIGHT,RIGHT,Hillborough,CA,Junipero Serra High School
John Cerwinski,Penn,2026,75,Sr.,RIGHT,RIGHT,Warren,NJ,Seton Hall Prep
Braden Fridgen,Penn,2026,74,So.,,,Seattle,WA,Seattle Prep
Connor Darling,Penn,2026,,So.,,,Ho Ho Kus,NJ,Northern Highlands
Josh Katz,Penn,2026,71,Jr.,,,Chicago,IL,
Aidan Von Zuben,Penn,2026,,So.,,,Warrington,PA,Germantown Academy
Luke Pokrovsky,Penn,2026,73,Fr.,RIGHT,LEFT,Pittsgrove,NJ,Arthur P Schalick High School
Michael Anderson,Penn State,2026,75,Sr.,RIGHT,RIGHT,Havertown,PA,Monsignor Bonner HS / Rhode Island
Bryce Molinaro,Penn State,2026,72,Jr.,RIGHT,RIGHT,Drums,PA,Hazleton Area
Jayden Davis,Penn State,2026,70,Sr.,RIGHT,RIGHT,Cookeville,TN,Cookeville
Cohl Mercado,Penn State,2026,68,Jr.,LEFT,LEFT,Ocean View,NJ,St. Joseph Academy
Jack Porter,Penn State,2026,73,Jr.,RIGHT,RIGHT,Clearwater,FL,Father Ryan
Kevin Karstetter,Penn State,2026,75,Sr.,RIGHT,RIGHT,State College,PA,IMG Academy
Spencer Barnett,Penn State,2026,74,Jr.,LEFT,RIGHT,Pittsburgh,PA,North Allegheny
Avery Smith,Penn State,2026,74,Fr.,RIGHT,RIGHT,East Greenville,PA,Perkiomen School
Jesse Jaconski,Penn State,2026,71,Sr.,RIGHT,RIGHT,Plymouth Meeting,PA,Plymouth Whitemarsh
Maddox McDonald,Penn State,2026,73,Sr.,RIGHT,RIGHT,San Antonio,TX,Antonian Prep
Justin Turcovski,Penn State,2026,70,Sr.,LEFT,LEFT,North Huntingdon,PA,Norwin
Preston Yaucher,Penn State,2026,71,Fr.,RIGHT,RIGHT,Verona,WI,Edgewood
Joey DeMucci,Penn State,2026,74,Sr.,RIGHT,RIGHT,Swarthmore,PA,Monsignor Bonner
Ethan Bauerschmidt,Penn State,2026,75,Fr.,RIGHT,RIGHT,Pleasant Prairie,WI,Tremper High School
Dimond Loosli,Penn State,2026,73,Sr.,RIGHT,RIGHT,Walnut Creek,CA,Las Lomas
Ben Hudson,Penn State,2026,74,So.,LEFT,RIGHT,Medford,NJ,Shawnee
Ben DeMell,Penn State,2026,77,Sr.,LEFT,RIGHT,Concord Township,OH,Gilmour Academy
Isaiah Shayter,Penn State,2026,74,Fr.,RIGHT,RIGHT,Elizabethtown,PA,Elizabethtown Area
Mason Horwat,Penn State,2026,73,Jr.,RIGHT,RIGHT,Pittsburgh,PA,Avonworth
Colin Fitzgerald,Penn State,2026,73,Sr.,RIGHT,RIGHT,Lititz,PA,Manheim Township
Robert Brown III,Penn State,2026,73,Fr.,RIGHT,RIGHT,North Andover,MA,Phillips Academy
Kyle Emmons,Penn State,2026,76,Jr.,RIGHT,RIGHT,Pasadena,MD,Archbishop Spalding
Frankie Sanchez,Penn State,2026,72,Sr.,LEFT,RIGHT,Kendall Park,NJ,South Brunswick
Mason Butash,Penn State,2026,74,Jr.,RIGHT,RIGHT,Chantilly,VA,Freedom
Harrison Lollin,Penn State,2026,72,So.,RIGHT,RIGHT,Monroe Township,NJ,Monroe Township
Skip Shenosky,Penn State,2026,77,Sr.,RIGHT,RIGHT,Lancaster,PA,Manheim Township HS
Matthew VanOstenbridge,Penn State,2026,70,So.,LEFT,LEFT,Sinking Spring,PA,Wilson
Daniel Patterson,Pepperdine,2026,74,Sr.,RIGHT,RIGHT,Round Rock,TX,Cedar Ridge H.S.
Joshua Woodworth,Pepperdine,2026,75,Fr.,RIGHT,RIGHT,Ventura,CA,Ventura HS
Kai Laxa,Pepperdine,2026,70,Jr.,RIGHT,RIGHT,San Francisco,CA,Junipero Serra
Shawn Romero,Pepperdine,2026,73,Fr.,RIGHT,RIGHT,Orange,CA,Villa Park
Trey Dunn,Pepperdine,2026,75,Sr.,RIGHT,RIGHT,Highlands Ranch,CO,Mountain Vista H.S.
Max Aude,Pepperdine,2026,76,Sr.,LEFT,RIGHT,Calabasas,CA,Notre Dame HS
Julian Nunez,Pepperdine,2026,70,Sr.,RIGHT,RIGHT,Encinitas,CA,Classical Academy HS
Aidan Camberg,Pepperdine,2026,73,So.,LEFT,RIGHT,San Ramon,CA,California HS
Daniel Cook,Pepperdine,2026,73,So.,RIGHT,RIGHT,Monument,CO,Lewis-Palmer HS
Finley Buckner,Pepperdine,2026,74,So.,RIGHT,RIGHT,Oak Park,CA,Oaks Christian HS
Nash Horton,Pepperdine,2026,72,Fr.,RIGHT,RIGHT,Soquel,CA,St. Francis HS
James Dell'Amico,Pepperdine,2026,75,Fr.,RIGHT,RIGHT,Los Angeles,CA,Loyola HS
Dylan Osborne,Pepperdine,2026,72,Jr.,LEFT,LEFT,Vancouver,WA,Union
Zach Woodson,Pepperdine,2026,76,So.,LEFT,RIGHT,Long Beach,CA,St. John Bosco
Joe Cardinale,Pepperdine,2026,72,Jr.,RIGHT,RIGHT,,,Palma
AJ Bianchina,Pepperdine,2026,70,Jr.,BOTH,RIGHT,Lafayette,CA,Pro 5 Baseball Academy
Tommy Scavone,Pepperdine,2026,77,Sr.,RIGHT,RIGHT,Pleasanton,CA,Foothill HS
Collin Valentine,Pepperdine,2026,75,Jr.,LEFT,LEFT,Dallas,TX,Highland Park
Arnold Wu,Pepperdine,2026,73,Fr.,RIGHT,RIGHT,Taipei,Taiwan,IMG Academy
Dylan Stewart,Pepperdine,2026,77,Sr.,RIGHT,RIGHT,Alameda,CA,Saint Joseph Notre Dame HS
Lucien Wechsberg,Pepperdine,2026,77,Sr.,RIGHT,RIGHT,Camarillo,CA,Adolfo Camarillo
Jack Fowler,Pepperdine,2026,72,Fr.,LEFT,LEFT,Pleasanton,CA,Foothill HS
Gabe Maya,Pepperdine,2026,74,Sr.,LEFT,LEFT,El Dorado Hills,CA,Christian Brothers HS
Casey Euper,Pepperdine,2026,76,So.,LEFT,LEFT,Irvine,CA,University HS
Kamden Croghan,Pepperdine,2026,77,Jr.,RIGHT,RIGHT,Danville,CA,San Ramon Valley HS
Jackson Pace,Pepperdine,2026,77,Jr.,RIGHT,RIGHT,Hollister,CA,San Benito HS
Winston Peterson,Pepperdine,2026,80,So.,RIGHT,RIGHT,Toluca Lake,CA,Village Christian
Austin Plisinski,Pepperdine,2026,74,So.,RIGHT,RIGHT,Ladera Ranch,CA,San Juan Hills
Jake Guardiancic,Pepperdine,2026,77,Sr.,RIGHT,RIGHT,Brentwood,CA,Heritage HS
Pierson Howe,Pepperdine,2026,74,Fr.,RIGHT,RIGHT,Redondo Beach,CA,Bishop Montgomery
Lorenzo Carrier,Pittsburgh,2026,77,Sr.,RIGHT,RIGHT,Bear,DE,Appoquinimink
Carter Dierdorf,Pittsburgh,2026,73,Sr.,LEFT,LEFT,Bradenton,FL,Inspiration Academy
Caden Dulin,Pittsburgh,2026,71,Sr.,RIGHT,RIGHT,Williamstown,NJ,Williamstown
Mason Ligenza,Pittsburgh,2026,78,Fr.,LEFT,LEFT,Brockton,PA,Tamaqua Area Senior HS
Jackson Cooke,Pittsburgh,2026,73,Sr.,RIGHT,RIGHT,Edina,MN,Edina
Kai Wagner,Pittsburgh,2026,72,Jr.,LEFT,RIGHT,Centennial,CO,Legend HS
Sebastian Pisacreta,Pittsburgh,2026,72,Jr.,RIGHT,RIGHT,Moorestown,NJ,TNXL Academy
Trey Fenderson,Pittsburgh,2026,73,Jr.,RIGHT,RIGHT,Spanish Fort,AL,Spanish Fort
Joey Baran,Pittsburgh,2026,68,Sr.,LEFT,RIGHT,Austin,TX,L.C. Anderson HS
Derrick Tarpley Jr,Pittsburgh,2026,76,So.,RIGHT,RIGHT,Brownsville,PA,Brownsville Area
Anthony LaSala,Pittsburgh,2026,68,Sr.,RIGHT,RIGHT,Aliquippa,PA,Hopewell
AJ Nessler,Pittsburgh,2026,69,Sr.,LEFT,RIGHT,Tampa,FL,Tampa Jesuit
Julian Irizarry,Pittsburgh,2026,69,So.,LEFT,RIGHT,Pembroke Pines,FL,Westminster Academy
Jake Kendro,Pittsburgh,2026,73,Sr.,RIGHT,RIGHT,North Huntingdon,PA,Norwin
Daniel McAuliff,Pittsburgh,2026,74,Sr.,RIGHT,RIGHT,Miami,FL,Gulliver Prep
Freddy Beruvides,Pittsburgh,2026,73,Jr.,LEFT,LEFT,Palm Beach Gardens,FL,Benjamin School
Antonio Doganiero,Pittsburgh,2026,73,So.,LEFT,LEFT,Conyngham,PA,Hazelton Area
Andrew Luczak,Pittsburgh,2026,75,Sr.,RIGHT,RIGHT,East Windsor,NJ,Hightstown H.S.
Brandon Reiter,Pittsburgh,2026,73,Fr.,LEFT,LEFT,Melbourne,FL,Satellite High School
Eddie Smink,Pittsburgh,2026,72,Sr.,RIGHT,RIGHT,West Chester,PA,West Chester Henderson
David Leslie,Pittsburgh,2026,74,Sr.,RIGHT,RIGHT,Butler,PA,Butler Area
Drew Lafferty,Pittsburgh,2026,73,Jr.,RIGHT,RIGHT,South Park,PA,South Park
Sam Bryan,Pittsburgh,2026,72,Sr.,RIGHT,RIGHT,Saint Louis,MO,Kirkwood
Chase Kriebel,Pittsburgh,2026,74,Sr.,LEFT,LEFT,Shippenville,PA,Clarion Area
Mikey Gray,Pittsburgh,2026,74,Sr.,LEFT,LEFT,Lake Forest,IL,Lake Forest High School
Joey Ciancimino,Pittsburgh,2026,72,So.,RIGHT,RIGHT,Staten Island,NY,St. Joseph by the Sea
Vincent Spizzoucco,Pittsburgh,2026,75,Sr.,LEFT,LEFT,Southington,CT,Southington
Noah Czajkowski,Pittsburgh,2026,73,Sr.,RIGHT,RIGHT,North Huntingdon,PA,Norwin
Michael Savarese,Pittsburgh,2026,75,Jr.,RIGHT,RIGHT,Brooksville,FL,Hernando High School
Michael Gray,Pittsburgh,2026,74,Sr.,LEFT,LEFT,Lake Forest,IL,Lake Forest High School
Kai Gonzaga,Pomona-Pitzer,2026,,So.,,,,,
Jack Gold,Pomona-Pitzer,2026,68,Jr.,LEFT,RIGHT,,,
Tanner DeGrazia,Pomona-Pitzer,2026,,Sr.,,,,,
Cooper Berry,Pomona-Pitzer,2026,73,So.,LEFT,RIGHT,,,
Lateef Wakil,Pomona-Pitzer,2026,70,Sr.,LEFT,LEFT,,,
Sammy Lee,Pomona-Pitzer,2026,70,Jr.,RIGHT,RIGHT,,,
Greg Pierantoni,Pomona-Pitzer,2026,73,Jr.,RIGHT,RIGHT,,,
George Nahabedian,Pomona-Pitzer,2026,,Sr.,,,,,
Peter Savas,Pomona-Pitzer,2026,,Sr.,,,,,
Max Brunngraber,Pomona-Pitzer,2026,74,Jr.,RIGHT,RIGHT,,,
Will Polishuk,Pomona-Pitzer,2026,,So.,,,,,
Lucas Dennis,Pomona-Pitzer,2026,75,Jr.,RIGHT,RIGHT,,,
Jack Wiessinger,Pomona-Pitzer,2026,74,Jr.,RIGHT,RIGHT,,,
Eli Della Bitta,Pomona-Pitzer,2026,,So.,,,,,
Justin Zerger,Pomona-Pitzer,2026,,So.,,,,,
Trey Swygart,Portland,2026,74,So.,LEFT,RIGHT,Caldwell,ID,Middleton HS
Cole Katayama-Stall,Portland,2026,73,So.,LEFT,RIGHT,Portland,OR,Westview HS
Cody Nitowitz,Portland,2026,71,So.,BOTH,RIGHT,Carlsbad,CA,Cathedral Catholic HS
Joe Fagan,Portland,2026,72,Fr.,RIGHT,RIGHT,Scappoose,OR,Scappoose High School
Aaron Louis,Portland,2026,69,So.,LEFT,LEFT,San Francisco,CA,Sacred Heart Cathedral Prep
Jonas Salk,Portland,2026,70,Sr.,,,Fairfax,CA,Archie Williams HS
Isaac Pfeifer,Portland,2026,71,Fr.,RIGHT,RIGHT,Tualatin,OR,Tualatin High School
Carter Stewart,Portland,2026,74,Fr.,LEFT,RIGHT,Portland,OR,Jesuit High School
Landon Kauffman,Portland,2026,70,Fr.,LEFT,RIGHT,Vancouver,Canada,
Brady Bean,Portland,2026,70,Sr.,,,Kennewick,WA,Kamiakin HS
Leo Cote,Portland,2026,74,Fr.,LEFT,RIGHT,Venise-en-Quebec,Canada,
Troy Osborne,Portland,2026,76,Fr.,RIGHT,RIGHT,Grants Pass,OR,Grants Pass HS
Gage Bruce,Portland,2026,70,Sr.,,,Woodinville,WA,Woodinville HS
Dakota Chun,Portland,2026,69,Fr.,LEFT,RIGHT,Beaverton,OR,Sunset High School
Brooks Avery,Portland,2026,69,So.,RIGHT,RIGHT,Roseburg,OR,Roseburg High School
Nolan Miller,Portland,2026,72,So.,RIGHT,RIGHT,Eugene,OR,Sheldon HS
JT Landwehr,Portland,2026,73,Jr.,RIGHT,RIGHT,Vienna,VA,Flint Hill
Morgan Codron,Portland,2026,77,Sr.,,,Los Osos,CA,Morro Bay HS
Alex Via,Portland,2026,71,Fr.,RIGHT,RIGHT,Bend,OR,Baker Web Academy
Kaden Starr,Portland,2026,73,Jr.,,,Eugene,OR,Marist HS
Grady Keljo,Portland,2026,76,Fr.,RIGHT,RIGHT,Portland,OR,Jesuit High School
Logan Anderson,Portland,2026,75,So.,LEFT,LEFT,Snoqualmie,WA,Mount Si HS
Kaden Segel,Portland,2026,72,Sr.,,,Portland,OR,Grant
Will Labonte,Portland,2026,70,Fr.,RIGHT,RIGHT,Okotoks,Canada,
Carter Gaston,Portland,2026,75,Sr.,,,Kelso,WA,Kelso HS
Nolan Umlandt,Portland,2026,74,So.,RIGHT,RIGHT,Portland,OR,Sherwood HS
Trey Newmann,Portland,2026,78,Jr.,RIGHT,RIGHT,Medford,OR,North Medford
Ky Hoskinson,Portland,2026,74,Jr.,,,McMinnville,OR,McMinnville HS
Ryland Duson,Prairie View,2026,73,Fr.,RIGHT,RIGHT,Menifee,CA,Vista Murrieta High School
Sonnier Moses,Prairie View,2026,68,So.,RIGHT,RIGHT,Frisco,TX,Memorial High School
Corie Lockette,Prairie View,2026,73,Sr.,LEFT,RIGHT,N Richland Hills,TX,Birdville HS
Basilio Williams,Prairie View,2026,72,Fr.,RIGHT,RIGHT,Houston,TX,St. Thomas High School
Brenton Jackson,Prairie View,2026,69,Fr.,RIGHT,RIGHT,Menifee,CA,Heritage High School
Michael Burroughs,Prairie View,2026,73,Sr.,RIGHT,RIGHT,Converse,TX,Judson HS
John Lawson,Prairie View,2026,72,Jr.,RIGHT,RIGHT,Corpus Christi,TX,Richard King HS
Hunter Ham,Prairie View,2026,74,Jr.,RIGHT,RIGHT,Katy,TX,James E Taylor High School
Tyvon Moore,Prairie View,2026,73,Sr.,RIGHT,RIGHT,Phoenix,AZ,
Ethan Walker,Prairie View,2026,70,Jr.,LEFT,LEFT,Kansas City,KS,
Brandon Stinson,Prairie View,2026,74,Fr.,RIGHT,RIGHT,Chicago,IL,Kenwood Academy
DeShon Middleton,Prairie View,2026,70,Fr.,RIGHT,RIGHT,Cedar Hill,TX,Cedar HS
Jordan Williams,Prairie View,2026,74,Jr.,RIGHT,RIGHT,Zachary,LA,Zachary HS
Beau Beaty,Prairie View,2026,74,Sr.,RIGHT,RIGHT,Richmond,TX,
Ty Pankonin,Prairie View,2026,72,Jr.,RIGHT,RIGHT,Omaha,NE,Millard North High School
Kenneth Haynes,Prairie View,2026,69,Jr.,RIGHT,LEFT,Garland,TX,Naaman Forest High School
Isaac Herrera,Prairie View,2026,72,Sr.,RIGHT,RIGHT,El Paso,TX,Western Texas College
Kamar Dove,Prairie View,2026,76,So.,RIGHT,RIGHT,New Caney,TX,
Oliver Brown,Prairie View,2026,73,Jr.,LEFT,LEFT,Chicago,IL,Leo Catholic
Reginald Samuel II,Prairie View,2026,72,Fr.,RIGHT,RIGHT,Cedar Hill,TX,Cedar Hill High School
Matthew Dinae,Prairie View,2026,77,Jr.,LEFT,LEFT,Albuquerque,NM,La Cueva
James Green,Presbyterian,2026,71,Jr.,LEFT,LEFT,Huntersville,NC,Cox Mill HS
Bo Moody,Presbyterian,2026,71,Fr.,BOTH,RIGHT,Georgetown,SC,Georgetown HS
Matthew Rollison,Presbyterian,2026,71,So.,RIGHT,RIGHT,Irmo,SC,Dutch Fork HS
Amman Dewberry,Presbyterian,2026,75,Jr.,LEFT,LEFT,Conyers,GA,Peachtree Academy
Emory Guilford,Presbyterian,2026,74,So.,LEFT,LEFT,Tucker,GA,Tucker HS
Cameron Mallo,Presbyterian,2026,70,So.,RIGHT,RIGHT,Tampa,FL,Jefferson HS
Nicholas Smith,Presbyterian,2026,73,Sr.,RIGHT,RIGHT,Charlotte,NC,
Caden Mason,Presbyterian,2026,72,Jr.,RIGHT,RIGHT,Hayden,AL,Hayden HS
Holden Baker,Presbyterian,2026,75,Jr.,LEFT,RIGHT,Brookhaven,GA,The Mount Vernon School
Jonathan Williams,Presbyterian,2026,73,Fr.,BOTH,RIGHT,Tampa,FL,Homeschooled
Brody Linker,Presbyterian,2026,75,So.,RIGHT,RIGHT,Anderson,SC,Crescent HS
Andrew Albertus,Presbyterian,2026,70,So.,LEFT,RIGHT,Carrollton,GA,Carrollton HS
Layton Hyneman,Presbyterian,2026,70,Fr.,RIGHT,RIGHT,Villa Rica,GA,Villa Rica HS
Aidan Taylor,Presbyterian,2026,71,Fr.,BOTH,RIGHT,Belmont,NC,South Point HS
Mikah Conner,Presbyterian,2026,72,Jr.,RIGHT,RIGHT,Columbia,SC,Ben Lippen HS
Tyrell Williams,Presbyterian,2026,75,So.,RIGHT,RIGHT,Orlando,FL,Ocoee HS
Tristan McGregor,Presbyterian,2026,75,Jr.,RIGHT,RIGHT,Sarasota,FL,Inspiration Academy
Bauer Burkart,Presbyterian,2026,72,Jr.,RIGHT,RIGHT,Leesburg,VA,Tuscarora HS
Mason McDaniel,Presbyterian,2026,76,Sr.,LEFT,LEFT,Sanford,FL,Seminole HS
Sammy Vander Hill,Presbyterian,2026,73,Jr.,RIGHT,RIGHT,Athens,AL,Bob Jones HS
Mikey Marroquin,Presbyterian,2026,72,So.,RIGHT,RIGHT,Tampa,FL,Jefferson HS
Jeremiah Hampton,Presbyterian,2026,73,Jr.,RIGHT,RIGHT,Belton,SC,Belton Honea-Path HS
Christian Charalambous,Presbyterian,2026,71,So.,LEFT,LEFT,Bergenfield,NJ,Bergen Catholic HS
Brooks Chamberlin,Presbyterian,2026,76,Jr.,RIGHT,RIGHT,Tampa,FL,Tampa Jesuit HS
Robert Boykin,Presbyterian,2026,75,Sr.,RIGHT,RIGHT,Richmond,VA,St. Christopher's School
JJ Harrell,Presbyterian,2026,72,So.,LEFT,LEFT,Concord,NC,Homeschooled
Eli Bowery,Presbyterian,2026,75,Sr.,RIGHT,RIGHT,Salem,VA,Salem HS
Landon Nichols,Presbyterian,2026,74,Fr.,RIGHT,RIGHT,Indian Trail,NC,Metrolina Christian Academy
Tucker Meredith,Presbyterian,2026,72,Fr.,RIGHT,LEFT,Greenwood,SC,Emerald HS
Cole Morgan,Presbyterian,2026,69,Fr.,RIGHT,RIGHT,Vero Beach,FL,Vero Beach HS
Braiden Eagen,Presbyterian,2026,73,So.,RIGHT,RIGHT,Summerville,SC,Fort Dorchester HS
Will Robbins,Princeton,2026,74,So.,RIGHT,RIGHT,Hillsborough,CA,Burlingame
Tomas Cernius,Princeton,2026,76,Fr.,LEFT,LEFT,Yorba Linda,CA,Servite High School
Brady Kaufman,Princeton,2026,74,Fr.,RIGHT,RIGHT,Dresden,OH,Tri-valley High School
Tommy Googins,Princeton,2026,75,Jr.,RIGHT,RIGHT,Cincinnati,OH,Saint Xavier
Jake Koonin,Princeton,2026,72,Sr.,RIGHT,RIGHT,Winston Salem,NC,Mount Tabor
Bennett Crerar,Princeton,2026,76,Fr.,RIGHT,RIGHT,Cheshire,CT,Cheshire High School
Grant Werdesheim,Princeton,2026,74,So.,RIGHT,RIGHT,Studio City,CA,Sierra Canyon
Jake Kernodle,Princeton,2026,76,Jr.,RIGHT,RIGHT,Charlotte,NC,Charlotte Catholic
Isaac Lamson,Princeton,2026,72,So.,RIGHT,RIGHT,Stow,MA,Phillips Academy Andover
Dylan Zdunek,Princeton,2026,72,Jr.,RIGHT,RIGHT,San Gabriel,CA,Maranatha
Joe Montembeau,Princeton,2026,73,Fr.,LEFT,RIGHT,Brookhaven,GA,Marist School
Joseph Zorc,Princeton,2026,72,So.,RIGHT,RIGHT,Sterling,VA,Gonzaga College HS
Bryce Gayan,Princeton,2026,73,Jr.,RIGHT,RIGHT,Seattle,WA,Lakeside School
Liam Kinneen,Princeton,2026,76,So.,RIGHT,RIGHT,Lexington,MA,Boston College HS
Justin Kim,Princeton,2026,72,Sr.,RIGHT,RIGHT,Cypress,TX,Bridgeland
Ryan Penney,Princeton,2026,76,Fr.,RIGHT,RIGHT,Scottsdale,AZ,Chaparral High School
Elliott Eaton,Princeton,2026,75,Jr.,RIGHT,RIGHT,Washington,DC,St. Albans
James Beasley,Princeton,2026,79,So.,RIGHT,RIGHT,Herndon,PA,Herndon
William Sword,Princeton,2026,72,Sr.,RIGHT,RIGHT,Cary,NC,Thales Academy
Charlie Wolf,Princeton,2026,73,Jr.,RIGHT,RIGHT,Chicago,IL,
Parker Codington,Princeton,2026,73,Fr.,RIGHT,RIGHT,Virginia Beach,VA,Norfolk Academy
Kasey Gilman,Princeton,2026,71,Jr.,RIGHT,RIGHT,Staten Island,NY,Monsignor Farrell
Jackson Baldrate,Princeton,2026,74,Jr.,LEFT,LEFT,McLean,VA,
Brandon Rogers,Purdue,2026,71,Sr.,RIGHT,RIGHT,Chicago,IL,Mount Carmel HS
Dylan Drake,Purdue,2026,70,Jr.,LEFT,RIGHT,West Sacramento,CA,Christian Brothers High School
Avery Moore,Purdue,2026,74,Sr.,RIGHT,RIGHT,Omaha,NE,Millard West
Sam Flores,Purdue,2026,73,Sr.,LEFT,RIGHT,Lufkin,TX,Lufkin
Ali Banks,Purdue,2026,73,Jr.,RIGHT,RIGHT,Stone Mountain,GA,Parkview High School
Aaron Manias,Purdue,2026,74,Sr.,LEFT,RIGHT,Uxbridge,Canada,Uxbridge
Trey Swiderski,Purdue,2026,75,Jr.,RIGHT,RIGHT,Joliet,IL,Joliet Catholic Academy
Quincy Malbrough,Purdue,2026,72,Jr.,RIGHT,RIGHT,Loomis,CA,Del Oro High School
CJ Richmond,Purdue,2026,75,Sr.,LEFT,LEFT,Indianapolis,IN,Park Tudor
Jackson Bessette,Purdue,2026,72,Sr.,RIGHT,RIGHT,Bartlett,IL,South Elgin
Eli Anderson,Purdue,2026,72,Sr.,LEFT,RIGHT,Fairmont,MN,Fairmont
Zachary Zychowski,Purdue,2026,70,Jr.,RIGHT,RIGHT,Cedar Lake,IN,Hanover Central High School
Westin Boyle,Purdue,2026,75,Fr.,RIGHT,RIGHT,Overland Park,KS,Saint Thomas Aquinas HS
Sergio DeCello,Purdue,2026,70,Sr.,BOTH,RIGHT,Hamilton,OH,Badin
Ross Highfill,Purdue,2026,72,Sr.,RIGHT,RIGHT,Madison,MS,Madison Central HS
Jimmy Dionne,Purdue,2026,76,Jr.,LEFT,LEFT,Quebec,Canada,Alberta Schools
Charlie Vercruysse,Purdue,2026,74,Fr.,RIGHT,RIGHT,Bloomington,IL,University
Gavin Beuter,Purdue,2026,76,Sr.,RIGHT,RIGHT,Three Rivers,MI,IMG Academy
Jake Kramer,Purdue,2026,75,Sr.,RIGHT,RIGHT,Greensburg,PA,Hempfield
Trevor Kester-Johnson,Purdue,2026,72,Jr.,LEFT,LEFT,Morgan Hill,CA,Live Oak High School
Noah Filer,Purdue,2026,75,Fr.,RIGHT,RIGHT,Plymouth,MN,Wayzata High School
Nick Kolze,Purdue,2026,75,Sr.,RIGHT,RIGHT,Romeoville,IL,Romeoville
Thomas Howard,Purdue,2026,76,So.,RIGHT,RIGHT,Lexington,KY,Frederick Douglass
Jackson Greer,Purdue,2026,73,So.,RIGHT,RIGHT,Dallas,GA,North Paulding High School
Graham Kollen,Purdue,2026,75,Sr.,RIGHT,RIGHT,Fort Wayne,IN,Homestead High School
Jacob Boland,Purdue,2026,76,So.,RIGHT,RIGHT,Fairfield,OH,Fairfield High School
Jarvis Evans,Purdue,2026,76,Sr.,LEFT,LEFT,Buford,GA,Georgia Premier Academy
Cole Van Assen,Purdue,2026,75,Jr.,RIGHT,RIGHT,Tinley Park,IL,Brother Rice
Joe Trenerry,Purdue,2026,76,So.,RIGHT,RIGHT,Granger,IN,Penn
Austin Klug,Purdue,2026,76,Sr.,RIGHT,RIGHT,Caledonia,MN,Caledonia
Zach Erdman,Purdue,2026,74,Sr.,RIGHT,LEFT,Keller,TX,Keller
Tro Fellings,Purdue,2026,76,Fr.,LEFT,LEFT,Kalamazoo,MI,Kalamazoo Central High School
Grayson Childers,Queens (NC),2026,75,Jr.,RIGHT,RIGHT,Broken Arrow,OK,Broken Arrow High School
Anibal Rivera,Queens (NC),2026,72,Sr.,LEFT,RIGHT,Fountain,CO,Fountain Fort-Carson High School
Hunter Huneycutt,Queens (NC),2026,70,So.,BOTH,RIGHT,Laurinburg,NC,Pinecrest
Avery Booker,Queens (NC),2026,73,Fr.,RIGHT,RIGHT,Charlotte,NC,Charlotte Latin School
Tommy Mathay,Queens (NC),2026,70,Jr.,LEFT,LEFT,Conroe,TX,Woodlands Christian Academy
Matthew Suppa,Queens (NC),2026,70,Jr.,RIGHT,RIGHT,Charlotte,NC,Ardrey Kell High School
Lenox Lively,Queens (NC),2026,74,So.,LEFT,RIGHT,Swainsboro,GA,Swainsboro High School
Kendall McDowell,Queens (NC),2026,71,Jr.,RIGHT,RIGHT,Lewisville,TX,John Paul II High School
Bradley Brown Jr,Queens (NC),2026,72,Fr.,RIGHT,RIGHT,Sanford,NC,Lee County
Mikey Brunetti,Queens (NC),2026,70,So.,RIGHT,RIGHT,Manhasset,NY,IMG Academy
Charlie Marcantel,Queens (NC),2026,69,So.,RIGHT,RIGHT,Colorado Springs,CO,Vista Ridge High School
Dylan Schaefer,Queens (NC),2026,72,Jr.,RIGHT,RIGHT,Tega Cay,SC,Fort Mill
Jacob Grimes,Queens (NC),2026,74,Jr.,LEFT,LEFT,Raleigh,NC,Broughton High School
Karter Wong,Queens (NC),2026,73,Jr.,RIGHT,RIGHT,Honolulu,HI,Mid Pacific Institute
Justin Hudson,Queens (NC),2026,76,Sr.,RIGHT,RIGHT,Colorado Springs,CO,Lewis Palmer High School
Mitchell Basterrechea,Queens (NC),2026,75,Jr.,RIGHT,RIGHT,Nampa,ID,Ridgevue High School
Logan Norris,Queens (NC),2026,69,Jr.,LEFT,RIGHT,Mobile,AL,Ums Wright Preparatory School
Gage Doss,Queens (NC),2026,76,Jr.,RIGHT,RIGHT,Winston Salem,NC,Oak Grove High School
Adrian Quezada,Queens (NC),2026,74,Sr.,RIGHT,RIGHT,Bronx,NY,South Bronx High School
Sebastian Neave,Queens (NC),2026,75,So.,RIGHT,RIGHT,Aiken,SC,Augusta Prep
Kensen Green,Queens (NC),2026,71,Jr.,LEFT,LEFT,Williamston,SC,Wren High School
Joseph Ruller,Queens (NC),2026,74,Jr.,LEFT,LEFT,Charlotte,NC,Charlotte Catholic High School
Matthew Eagen,Queens (NC),2026,74,So.,RIGHT,RIGHT,Fuquay Varina,NC,Willow Spring High School
Jackson Gowan,Queens (NC),2026,71,Jr.,BOTH,RIGHT,Forest City,NC,Chase High School
Jack Clevidence,Queens (NC),2026,73,So.,RIGHT,RIGHT,Ankeny,IA,Ankeny HS
Jake Young,Queens (NC),2026,74,So.,RIGHT,RIGHT,Charlotte,NC,Charlotte Catholic HS
Johnny Joseph,Queens (NC),2026,74,Jr.,RIGHT,RIGHT,Charlotte,NC,Charlotte Christian
Owen Shipman,Queens (NC),2026,73,Fr.,RIGHT,RIGHT,Mooresville,NC,Christ The King Catholic HS
Gibson Jones,Queens (NC),2026,73,Fr.,RIGHT,RIGHT,Monroe,NC,Weddington High School
Davin Pollard,Queens (NC),2026,76,Sr.,RIGHT,RIGHT,Olathe,KS,Olathe North
Brayden Martino,Queens (NC),2026,74,Jr.,RIGHT,RIGHT,Saint James,NY,Smithtown East
Alex Irizarry,Quinnipiac,2026,70,Sr.,LEFT,RIGHT,Tolland,CT,East Catholic
Christian Smith,Quinnipiac,2026,72,Sr.,RIGHT,RIGHT,Fairfield,CT,Fairfield Ludlowe
Kyle Garbowski,Quinnipiac,2026,75,Jr.,LEFT,RIGHT,New Fairfield,CT,New Fairfield High School
James Marino,Quinnipiac,2026,75,Sr.,LEFT,RIGHT,Milford,CT,Jonathan Law
Chase Camac,Quinnipiac,2026,71,Fr.,LEFT,RIGHT,Northfield,NJ,Mainland Regional High School
Jack Balcer,Quinnipiac,2026,73,Jr.,RIGHT,RIGHT,Lower Merion,PA,Tilton
Brendan Edvardsen,Quinnipiac,2026,75,Sr.,RIGHT,RIGHT,Norwalk,CT,Norwalk
Ian Nilsen,Quinnipiac,2026,76,So.,RIGHT,RIGHT,Easton,CT,Joel Barlow
Caden Williamson,Quinnipiac,2026,71,Fr.,RIGHT,RIGHT,Broomfield,CO,Broomfield High School
Cole Constable,Quinnipiac,2026,70,So.,RIGHT,RIGHT,Erie,PA,Cathedral Preparatory
Peyton Vancas,Quinnipiac,2026,72,Fr.,RIGHT,RIGHT,Pleasant Gap,PA,Bellefonte Area High School
Christian Nilsen,Quinnipiac,2026,76,So.,RIGHT,RIGHT,Easton,CT,Joel Barlow
Luke Zeisloft,Quinnipiac,2026,71,Sr.,RIGHT,RIGHT,Bloomsburg,PA,Central Columbia
Matt Park,Quinnipiac,2026,71,So.,RIGHT,RIGHT,Bridgewater,NJ,Gill St. Bernard's
James Pazdera,Quinnipiac,2026,75,Sr.,RIGHT,RIGHT,New Providence,NJ,New Providence
Andrew Rubayo,Quinnipiac,2026,79,Sr.,RIGHT,RIGHT,Skillman,NJ,The Peddie School
Sam Wright,Quinnipiac,2026,74,So.,RIGHT,RIGHT,Ardmore,PA,Lower Merion
Jacob Belecky,Quinnipiac,2026,75,Fr.,RIGHT,RIGHT,Mount Brydges,Canada,Medway Secondary
Michael Poncini,Quinnipiac,2026,76,Sr.,RIGHT,RIGHT,Hebron,CT,RHAM
Mason Ulsh,Quinnipiac,2026,69,Sr.,RIGHT,RIGHT,Auburn,PA,Schuylkill Haven
Matthew Alduino,Quinnipiac,2026,72,Sr.,LEFT,LEFT,Yorktown Heights,NY,Yorktown
JC Franconere,Quinnipiac,2026,74,So.,LEFT,LEFT,Sparta,NJ,Pope John XXIII
Nicholas Balcom,Quinnipiac,2026,75,Jr.,RIGHT,RIGHT,Camden,NY,Camden
Joseph Hiller,Quinnipiac,2026,71,Fr.,RIGHT,RIGHT,Center Moriches,NY,Center Moriches High School
Ethan Freed,Quinnipiac,2026,72,Fr.,RIGHT,RIGHT,Limerick,PA,Spring-ford Senior High School
Josh Lajoie,Quinnipiac,2026,72,Sr.,RIGHT,RIGHT,Taunton,MA,Taunton
Kevin Rusinak,Quinnipiac,2026,72,Fr.,LEFT,RIGHT,Manalapan,NJ,Manalapan High School
Maddex LaBuda,Quinnipiac,2026,74,So.,RIGHT,RIGHT,Boiling Spgs,PA,Boiling Springs
Breckin Nace,Radford,2026,76,Jr.,,,Forest,VA,Jefferson Forest
Devin Parks,Radford,2026,72,Jr.,RIGHT,RIGHT,Fort Mill,SC,Legion Collegiate Academy
Eli Hudgins,Radford,2026,,So.,,,,,
Junho Son,Radford,2026,68,Jr.,RIGHT,LEFT,Seoul,South Korea,Unknown School
Noah Toole,Radford,2026,,So.,,,,,
Brady Powell,Radford,2026,68,Sr.,RIGHT,RIGHT,Lusby,MD,Patuxent
Brady Whitacre,Radford,2026,68,Sr.,,,Short Gap,WV,Frankfort
Alex Levesque,Radford,2026,72,Jr.,,,Clayton,NC,
Hunter Keen,Radford,2026,72,Sr.,,,Palatka,FL,Palatka
Brooks Simpson,Radford,2026,70,Fr.,RIGHT,RIGHT,Moseley,VA,Cosby High School
Luke Sullivan,Radford,2026,73,Fr.,RIGHT,RIGHT,Bristow,VA,Patriot High School
Carter Richardson,Radford,2026,,So.,,,,,
Tyler Sparrer,Radford,2026,73,Jr.,,,Christiansburg,VA,PDG Academy
Zach Zelazny,Radford,2026,72,Fr.,,,Ashland,VA,Patrick Henry High School
Carrington Aaron,Radford,2026,70,So.,RIGHT,RIGHT,Callands,VA,Chatham
Mason Self,Radford,2026,75,Jr.,,,Christiansburg,VA,Christiansburg
Raymond Ladd,Radford,2026,78,Jr.,RIGHT,RIGHT,Danville,VA,Tunstall
Daniel Quintana,Radford,2026,75,Jr.,RIGHT,RIGHT,Haymarket,VA,Paul VI
Corey Costello,Radford,2026,73,Jr.,LEFT,LEFT,Leesburg,VA,Riverside
Trey Ludy,Radford,2026,73,Jr.,,,Roanoke,VA,Cave Spring
Mason Hatcher,Radford,2026,,So.,,,,,
Andrew Steinhaus,Radford,2026,75,Jr.,,,Middletown,DE,Middletown
Joshua Milleville,Radford,2026,71,So.,,,Lockport,NY,Starpoint
Matthew Lefevers,Radford,2026,,So.,,,,,
Parker Noonan,Radford,2026,73,Fr.,RIGHT,RIGHT,Glen Allen,VA,Deep Run High School
Ben Keefe,Radford,2026,74,Sr.,LEFT,LEFT,Sandy Spring,MD,Good Counsel
Will Palmer,Radford,2026,72,Jr.,LEFT,LEFT,Lynchburg,VA,Liberty Christian Academy
Eli Baker,Radford,2026,74,Fr.,RIGHT,RIGHT,Eddyville,KY,Lyon County High School
Ryan King,Rhode Island,2026,69,Sr.,RIGHT,RIGHT,Bernardsville,NJ,St. Peter's Prep
Jack Hopko,Rhode Island,2026,72,Sr.,LEFT,LEFT,Endwell,NY,Maine-Endwell
Reece Moroney,Rhode Island,2026,71,Jr.,RIGHT,RIGHT,Fair Haven,NJ,Fair Haven
Danny Leikus,Rhode Island,2026,75,So.,RIGHT,RIGHT,Baltimore,MD,Gilman School
Ryan Henschel,Rhode Island,2026,71,Sr.,RIGHT,RIGHT,Northbrook,IL,Glenbrook North
Ryan Thompson,Rhode Island,2026,75,So.,RIGHT,RIGHT,Lincoln,RI,Bishop Hendricken
Nick Toro,Rhode Island,2026,73,Jr.,RIGHT,RIGHT,Lincoln,RI,Lincoln
Joel Collado,Rhode Island,2026,73,So.,RIGHT,RIGHT,Orlando,FL,Olympia
Scott Penney,Rhode Island,2026,73,Jr.,LEFT,RIGHT,Cumberland,RI,Cumberland
Tj Gormley,Rhode Island,2026,72,Jr.,LEFT,RIGHT,North Kingstown,RI,North Kingstown
Brian Connolly,Rhode Island,2026,70,Fr.,RIGHT,RIGHT,Brunswick,ME,Winchendon School
Aidan Botti,Rhode Island,2026,75,Jr.,LEFT,RIGHT,Wallingford,VT,Proctor Academy
Jayden Tolentino,Rhode Island,2026,74,Fr.,RIGHT,RIGHT,Cranston,RI,Putnam Science Academy
Will Hindle,Rhode Island,2026,70,Sr.,RIGHT,RIGHT,Rye,NH,Portsmouth
Paul Calandrelli,Rhode Island,2026,72,Fr.,RIGHT,RIGHT,Madison,CT,Daniel Hand High School
Adonis Medina,Rhode Island,2026,70,So.,RIGHT,RIGHT,Providence,RI,Classical
Connor Grotyohann,Rhode Island,2026,76,Jr.,RIGHT,RIGHT,Stockholm,NJ,Pope John XXIII
Braeden Perry,Rhode Island,2026,75,Jr.,RIGHT,RIGHT,North Kingstown,RI,North Kingstown
Josh Kopetski,Rhode Island,2026,72,Jr.,LEFT,LEFT,Arundel,ME,Thornton Academy
Sam Houchens,Rhode Island,2026,72,Fr.,LEFT,LEFT,Odenton,MD,Archbishop Spalding HS
Jake Cullen,Rhode Island,2026,74,So.,RIGHT,RIGHT,Westford,MA,Westford Academy
Dorsy Asencio,Rhode Island,2026,74,Jr.,RIGHT,RIGHT,Cranston,RI,Bishop Hendricken
Manny Santos,Rhode Island,2026,70,So.,RIGHT,RIGHT,Amsterdam,NY,The Albany Academy
Parker Aikens,Rhode Island,2026,73,So.,LEFT,LEFT,Schenectady,NY,Niskayuna
Connor Johnston,Rhode Island,2026,75,Sr.,RIGHT,RIGHT,Trumbull,CT,Trumbull
Evan Maloney,Rhode Island,2026,76,Jr.,RIGHT,RIGHT,North Kingstown,RI,North Kingstown
Tommy Turner,Rhode Island,2026,71,So.,RIGHT,RIGHT,Coventry,RI,Coventry
AJ Jones,Rhode Island,2026,72,Jr.,RIGHT,RIGHT,Barrington,RI,Mount Hope
Joe Sabbath,Rhode Island,2026,74,Jr.,RIGHT,RIGHT,Pequannock,NJ,Pequannock
Colin Maloney,Rhode Island,2026,71,Sr.,RIGHT,RIGHT,Rexford,NY,Shenendehowa
Luc Lavigueur,Rhode Island,2026,75,Sr.,RIGHT,RIGHT,Newport,RI,Rogers High School
Nick Worthington,Rhode Island,2026,76,Jr.,RIGHT,RIGHT,South Windsor,CT,South Windsor High School
Will Creed,Rhode Island,2026,72,Fr.,LEFT,LEFT,North Kingstown,RI,North Kingstown
Cooper Angilly,Rhodes,2026,73,Jr.,RIGHT,RIGHT,Virginia Beach,VA,Cape Henry
Paul Smith,Rice,2026,71,Sr.,BOTH,RIGHT,Houston,TX,Episcopal
Colin Robson,Rice,2026,74,So.,LEFT,RIGHT,Southlake,TX,Southlake Carroll HS
Zachary Daigre,Rice,2026,70,Jr.,LEFT,RIGHT,Pinehurst,TX,Concordia Lutheran High School
JC Davis,Rice,2026,70,Jr.,RIGHT,RIGHT,Millsap,TX,Argyle High School
Cole Green,Rice,2026,72,So.,RIGHT,RIGHT,Indian Trail,NC,Sun Valley HS
Kutter-Gage Webb,Rice,2026,70,Fr.,LEFT,RIGHT,San Marcos,TX,San Marcos
Garet Boehm,Rice,2026,75,Jr.,RIGHT,RIGHT,Taylor,TX,Hutto
Masa Chilcutt,Rice,2026,67,Fr.,RIGHT,RIGHT,San Antonio,TX,Claudia Taylor Ladybird Johnso
Lorenzo Rios,Rice,2026,74,Sr.,LEFT,RIGHT,Yorkville,IL,Yorkville
Landis Davila,Rice,2026,75,So.,LEFT,RIGHT,Farragut,TN,Farragut HS
Hiram Bocachica,Rice,2026,67,So.,RIGHT,RIGHT,Baymon,PR,Puerto Rico Baseball Academy
Aric Anderson,Rice,2026,72,Jr.,LEFT,RIGHT,Las Vegas,NV,Palo Verde
Michael Zito,Rice,2026,73,So.,RIGHT,RIGHT,Milton,GA,Blessed Trinity Academy
Mason Ashlock,Rice,2026,74,So.,RIGHT,RIGHT,Dripping Springs,TX,Dripping Springs High School
Trey Duffield,Rice,2026,75,Sr.,RIGHT,RIGHT,Houston,TX,Strake Jesuit
Landon West,Rice,2026,75,Jr.,RIGHT,RIGHT,Katy,TX,Tompkins
Jacob Devenny,Rice,2026,71,Sr.,LEFT,RIGHT,Prosper,TX,Prosper
Brayden Sharp,Rice,2026,74,So.,LEFT,LEFT,The Woodlands,TX,The Woodlands
Anthony Diaz,Rice,2026,74,Jr.,RIGHT,LEFT,Katy,TX,Patricia E Paetow High School
Ty Thames,Rice,2026,75,Fr.,RIGHT,RIGHT,Wimberley,TX,Wimberley
Ryland Urbanczyk,Rice,2026,73,Jr.,RIGHT,RIGHT,College Station,TX,College Station
Tanner Wiggins,Rice,2026,74,So.,RIGHT,RIGHT,Fort Worth,TX,Temple Christian School
Carson Kuhn,Rice,2026,72,Jr.,LEFT,LEFT,Scottsdale,AZ,Pinnacle High School
Ethan Sanders,Rice,2026,73,Fr.,RIGHT,RIGHT,Cedar Park,TX,Vista Ridge High School
Logan Voelz,Rice,2026,73,So.,RIGHT,RIGHT,Wesley Chapel,FL,Wiregrass Ranch HS
Ethan Atchley,Rice,2026,72,So.,RIGHT,RIGHT,Heath,TX,Rockwall HS
Marco Fuentes,Rice,2026,73,Jr.,RIGHT,RIGHT,Miami,FL,Miami Dade
Zachary Fetchel,Rice,2026,75,Jr.,RIGHT,RIGHT,Austin,TX,Vista Ridge
Jeremiah Arnett,Rice,2026,76,So.,RIGHT,RIGHT,Waco,TX,Midway
Ty Baker,Rice,2026,76,Jr.,RIGHT,RIGHT,Houston,TX,Second Baptist Academy
Jackson Blank,Rice,2026,74,Jr.,RIGHT,RIGHT,Magnolia,TX,West
Jax Traeger,Rice,2026,73,Sr.,RIGHT,RIGHT,Spring,TX,Concordia Lutheran
D.C. Brown,Rice,2026,75,So.,LEFT,LEFT,Plymouth,MA,Plymouth North High School
Evan Wilson,Richmond,2026,77,Fr.,LEFT,RIGHT,Leola,PA,Conestoga Valley Senior HS
RJ Johnson,Richmond,2026,71,Sr.,LEFT,LEFT,Franklinton,NC,Kerr-Vance Academy
Dylan Winebrenner,Richmond,2026,75,Sr.,RIGHT,RIGHT,Frederick,MD,St. John's College High School
Michael Elko,Richmond,2026,72,Sr.,LEFT,RIGHT,College Station,TX,
RJ Rickabaugh,Richmond,2026,71,Jr.,LEFT,RIGHT,Coatesville,PA,Coatesville Area
Ryan Recio,Richmond,2026,74,---,RIGHT,RIGHT,Boca Raton,FL,Boca Raton Community
Chris Schaller,Richmond,2026,70,Fr.,RIGHT,RIGHT,Garnet Valley,PA,Garnet Valley High School
Grant Kennedy,Richmond,2026,74,So.,RIGHT,RIGHT,Phoenixville,PA,Malvern Prep
Aidan O'Keefe,Richmond,2026,70,Jr.,RIGHT,RIGHT,Latham,NY,Albany Academy
Sean Scanlon,Richmond,2026,75,Sr.,LEFT,RIGHT,New York,NY,Fordham Preparatory
Khris Morris,Richmond,2026,75,Sr.,RIGHT,RIGHT,Edenton,NC,John A. Holmes
Noah Haught,Richmond,2026,73,Fr.,RIGHT,RIGHT,Arlington,VA,Bishop O'connell High School
Joe Crenshaw,Richmond,2026,74,Fr.,RIGHT,RIGHT,Atlanta,GA,Lovett School
Trevor Dosenbach,Richmond,2026,71,So.,RIGHT,RIGHT,West Grove,PA,Avon Grove
Jackson Kraemer,Richmond,2026,74,Jr.,RIGHT,RIGHT,New Hope,PA,The Hun School
Noah Harvey,Richmond,2026,69,Fr.,RIGHT,RIGHT,Cinnaminson,NJ,Cinnaminson High School
Reid Downs,Richmond,2026,70,Fr.,LEFT,LEFT,Virginia Beach,VA,Cape Henry Collegiate
PJ Hughes,Richmond,2026,71,So.,RIGHT,RIGHT,Manhattan,KS,Manhattan High
Aaron Van Tuyle,Richmond,2026,74,Fr.,RIGHT,RIGHT,Leesburg,VA,Heritage High School
Joseph Giordano,Richmond,2026,74,Fr.,RIGHT,RIGHT,Atlanta,GA,Lovett School
Christian Dray,Richmond,2026,77,Fr.,RIGHT,RIGHT,Mclean,VA,Mclean High School
Justin Gay,Richmond,2026,79,Sr.,RIGHT,RIGHT,Brooksville,FL,Central
Mauricio Rodriguez,Richmond,2026,74,Sr.,RIGHT,RIGHT,Revere,MA,Calhoun CC
Dominic Ruggiero,Richmond,2026,74,Fr.,LEFT,LEFT,Royersford,PA,Spring-ford Senior High School
Dylan Siesky,Richmond,2026,72,Fr.,RIGHT,RIGHT,Chantilly,VA,Chantilly
Chayse Gruber,Richmond,2026,70,Sr.,RIGHT,RIGHT,Great Bend,KS,Great Bend High
Chase Topolski,Richmond,2026,73,Sr.,RIGHT,RIGHT,Mount Laurel,NJ,Lenape High
Jackson Hinchliffe,Richmond,2026,72,Jr.,RIGHT,RIGHT,Fair Haven,NJ,Rumson-Fair Haven
Bijan Anvar,Richmond,2026,75,---,RIGHT,RIGHT,Larchmont,NY,Mamaroneck High School
Glenn Smith,Richmond,2026,70,So.,RIGHT,RIGHT,Austin,TX,St. Michael's Academy
Keane Hyer,Richmond,2026,71,Fr.,LEFT,LEFT,Tampa,FL,Jesuit High School
Angel Santiago-Cruz,Richmond,2026,74,So.,RIGHT,RIGHT,Severna Park,MD,Severna Park
Sam Young,Richmond,2026,74,So.,RIGHT,RIGHT,San Mateo,CA,Crystal Springs Uplands
Paul Witkop,Richmond,2026,74,So.,RIGHT,RIGHT,Mc Lean,VA,Potomac School
Chase Lawley,Richmond,2026,70,Fr.,RIGHT,RIGHT,Hoover,AL,Hoover High School
Peter Crespo,Rider,2026,71,So.,LEFT,RIGHT,Philadelphia,PA,Roman Catholic
Charley Magoulick,Rider,2026,76,So.,LEFT,LEFT,Arnold,MD,Dematha
Kyle Neri,Rider,2026,71,Jr.,RIGHT,RIGHT,Williamstown,NJ,St. Augustine Prep
Anthony Paskell,Rider,2026,75,Sr.,RIGHT,RIGHT,Solon,OH,Saint Ignatius
Nick Shuhet,Rider,2026,73,Jr.,RIGHT,RIGHT,Mountain Lakes,NJ,Mountain Lakes HS
Eliot Medlock,Rider,2026,71,So.,RIGHT,RIGHT,Merrimack,NH,Merrimack
Demetri Bardatsos,Rider,2026,71,Fr.,RIGHT,RIGHT,Ridgefield,NJ,Ridgefield Memorial High School
Will Gallagher,Rider,2026,71,Sr.,RIGHT,RIGHT,Cranford,NJ,Cranford
Dillon Jennings,Rider,2026,73,Jr.,,,Cedar Grove,NJ,Bloomfield High School
Erich Hartmann,Rider,2026,73,Sr.,LEFT,RIGHT,Medford,NJ,Shawnee
AJ Labrusciano,Rider,2026,74,Sr.,RIGHT,RIGHT,Fredericksburg,VA,North Stafford
Matthew Leahy,Rider,2026,70,Jr.,RIGHT,RIGHT,Woolwich Township,NJ,Gloucester Catholic
Conner Flynn,Rider,2026,76,Fr.,RIGHT,RIGHT,Montrose,PA,Montrose Area
Clayton Poliey,Rider,2026,72,Sr.,RIGHT,RIGHT,Ringwood,NJ,Don Bosco Prep
Jack Ruditzky,Rider,2026,72,Jr.,LEFT,RIGHT,Teaneck,NJ,The Frisch School
PJ Craig,Rider,2026,76,Sr.,RIGHT,RIGHT,Barnegat,NJ,Barnegat
Justin Dorety,Rider,2026,70,Jr.,RIGHT,RIGHT,Burlington,NJ,Burlington TWP
Christopher Montone,Rider,2026,72,Sr.,RIGHT,RIGHT,Williamstown,NJ,Williamstown
Kyle Batt,Rider,2026,72,So.,RIGHT,RIGHT,Medford,NJ,Shawnee
Christian Aiello,Rider,2026,71,Sr.,LEFT,LEFT,Hewitt,NJ,West Milford
Alex D'Ambrosio,Rider,2026,72,Jr.,RIGHT,RIGHT,Marlboro,NJ,Marlboro
Dylan Kane,Rider,2026,72,Fr.,RIGHT,RIGHT,Manalapan Township,NJ,Manalapan High School
Peyton Bonds,Rutgers,2026,77,Jr.,RIGHT,RIGHT,Franklin,NJ,Franklin
Charlie Meglio,Rutgers,2026,76,Jr.,RIGHT,RIGHT,Jackson,NJ,Jackson Memorial
Trey Wells,Rutgers,2026,77,Sr.,RIGHT,RIGHT,Omaha,NE,Elkhorn North
Gabriel Rivera,Rutgers,2026,75,Fr.,RIGHT,RIGHT,Brooklyn,NY,Suffield Academy [Conn.]
Tristan Salinas,Rutgers,2026,74,So.,LEFT,RIGHT,Boone,NC,Watauga
Ryan Jaros,Rutgers,2026,75,Jr.,RIGHT,RIGHT,Cranford,NJ,Cranford
Chase Krewson,Rutgers,2026,74,Jr.,LEFT,LEFT,Bridgeville,PA,South Fayette
Matthew Chatelle,Rutgers,2026,76,Sr.,RIGHT,RIGHT,Stoneham,MA,Austin Prep
Quinten Perilli,Rutgers,2026,74,Sr.,RIGHT,RIGHT,Media,PA,Penncrest
Yomar Carreras,Rutgers,2026,72,So.,BOTH,RIGHT,North Brunswick,NJ,North Brunswick Twp.
Jack Sweeney,Rutgers,2026,72,So.,RIGHT,RIGHT,Cream Ridge,NJ,Allentown
Julius Rosado,Rutgers,2026,72,Fr.,RIGHT,RIGHT,South River,NJ,South River
Tyler Wiltsey,Rutgers,2026,71,Fr.,RIGHT,RIGHT,Audubon,NJ,Audubon
Joey Erace,Rutgers,2026,69,Fr.,RIGHT,RIGHT,Ocean City,NJ,Saint Augustine Prep School
Tyler Kane,Rutgers,2026,69,Jr.,RIGHT,RIGHT,Manalapan,NJ,Manalapan
Henry Radbill,Rutgers,2026,72,Fr.,LEFT,LEFT,Marlton,NJ,Cherokee
Vincent Borghese,Rutgers,2026,72,Sr.,RIGHT,RIGHT,Southington,CT,Southington
Andrew Rondini,Rutgers,2026,72,So.,RIGHT,RIGHT,New Milford,CT,Canterbury
Finn Haines,Rutgers,2026,72,Fr.,RIGHT,LEFT,Northfield,NJ,Mainland
Zach Gleason,Rutgers,2026,74,Jr.,RIGHT,RIGHT,Gadsden,AL,Timberlane Regional [N.H.]
Christoper Sand,Rutgers,2026,74,Fr.,RIGHT,RIGHT,Lebanon,NJ,North Hunterdon
Jason Masick,Rutgers,2026,74,Sr.,RIGHT,RIGHT,Houston,TX,Memorial
Joe Mazza,Rutgers,2026,75,Sr.,RIGHT,LEFT,Manalapan,NJ,Manalapan
Jacob Pedersen,Rutgers,2026,70,Sr.,RIGHT,RIGHT,Port Jefferson Station,NY,Comsewogue
Jordan Saviñon,Rutgers,2026,73,Sr.,LEFT,LEFT,Staten Island,NY,Moore Catholic
Zack Konstantinovsky,Rutgers,2026,74,Jr.,RIGHT,RIGHT,North Brunswick,NJ,North Brunswick Twp.
Dallin Harrison,Rutgers,2026,73,Jr.,RIGHT,RIGHT,Gilbert,AZ,Basha
Jack Kirchner,Rutgers,2026,76,So.,RIGHT,RIGHT,Moorestown,NJ,Bishop Eustace
Matthew Cruz,Rutgers,2026,71,So.,RIGHT,RIGHT,Bellmore,NY,Saint Dominic
Terrick Thompson-Allen,SIUE,2026,75,Sr.,LEFT,RIGHT,Sioux City,IA,Sioux City East
Ryan Niedzwiedz,SIUE,2026,74,Jr.,LEFT,RIGHT,North Aurora,IL,West Aurora HS
Josh Heyder,SIUE,2026,72,Sr.,RIGHT,RIGHT,Washington,IL,Washington HS
Kannon Kamp,SIUE,2026,70,Fr.,LEFT,RIGHT,Godfrey,IL,Father McGivney Catholic HS
Mackenzie Mitchell,SIUE,2026,72,Sr.,RIGHT,RIGHT,Toronto,Canada,St. Michaels HS
Cooper Eggert,SIUE,2026,73,Fr.,LEFT,RIGHT,Lockport,IL,Providence Catholic HS
Sean Kang,SIUE,2026,70,Jr.,RIGHT,RIGHT,Chesterfield,MO,Parkway Central HS
Chase Bloomer,SIUE,2026,71,Sr.,RIGHT,RIGHT,Ottawa,KS,Ottawa HS
Brenden Fry,SIUE,2026,75,Sr.,LEFT,RIGHT,Fort Collins,CO,Fort Collins HS
Ethan Willoughby,SIUE,2026,76,Sr.,RIGHT,RIGHT,Maroa,IL,Maroa-Forsyth HS
Daniel Gierer,SIUE,2026,70,Jr.,RIGHT,RIGHT,Glen Carbon,IL,Father McGivney HS
Easton Harris,SIUE,2026,74,So.,RIGHT,RIGHT,Washington,IL,Washington Community
Isaiah Ketter,SIUE,2026,73,Fr.,RIGHT,RIGHT,Pella,IA,Pella Community High School
Kyle Hepburn,SIUE,2026,74,Sr.,RIGHT,RIGHT,Richmond,Canada,
Jose Fichera,SIUE,2026,74,Jr.,RIGHT,RIGHT,Caracas,Venezuela,International School
Gage Franck,SIUE,2026,73,Sr.,RIGHT,RIGHT,Newhall,IA,Marion HS
Porter Conn,SIUE,2026,74,Jr.,RIGHT,LEFT,Le Roy,IL,LeRoy HS
Brennen Grams,SIUE,2026,71,So.,RIGHT,RIGHT,Kaukauna,WI,
Jase Phillips,SIUE,2026,75,Jr.,RIGHT,RIGHT,Ooltewah,TN,East Hamilton School
Nicholas Moten,SIUE,2026,73,Sr.,RIGHT,RIGHT,Florissant,MO,Westminster Christian Academy
Spencer Stearns,SIUE,2026,74,Jr.,RIGHT,RIGHT,Edwardsville,IL,Edwardsville HS
Joseph Martin,SIUE,2026,73,Jr.,RIGHT,RIGHT,Yorkville,IL,Newark HS
Timothy Teixeira,SIUE,2026,74,So.,RIGHT,RIGHT,Liberty,MO,
Gabe Nutter,SIUE,2026,71,Sr.,RIGHT,RIGHT,Kansas City,MO,Pembroke Hill HS
Noah Johnson,SIUE,2026,75,Fr.,RIGHT,RIGHT,East Prairie,MO,East Prairie High School
Trent Koehler,SIUE,2026,70,Jr.,RIGHT,RIGHT,Lincoln,IL,Lincoln Community High School
Brady Coon,SIUE,2026,74,So.,RIGHT,RIGHT,Troy,IL,
Wyatt Doak,SIUE,2026,72,Fr.,LEFT,LEFT,Galena,MO,Galena High School
Noah Thompson,SIUE,2026,71,Fr.,LEFT,LEFT,Shawnee,KS,DE Soto High School
Kyle Rossy,SIUE,2026,74,Jr.,RIGHT,RIGHT,Glen Ellyn,IL,Glenbard West
Andrew Ressler,SIUE,2026,72,Jr.,RIGHT,RIGHT,Huntley,IL,Huntley HS
Erick Dessens,Sacramento State,2026,73,Jr.,LEFT,RIGHT,Scottsdale,AZ,Notre Dame Preperatory HS
Ryan Ellis,Sacramento State,2026,68,Sr.,LEFT,RIGHT,Peoria,AZ,Mountain Ridge HS
Sam Harry,Sacramento State,2026,76,Fr.,RIGHT,RIGHT,Castle Rock,CO,Castle View HS
Luis Pimentel-Guerrero,Sacramento State,2026,69,Sr.,BOTH,RIGHT,Burlington,Canada,Corpus Christi Catholic Secondary
Jace Jeremiah,Sacramento State,2026,70,Sr.,RIGHT,RIGHT,San Mateo,CA,Aragon HS
Orlando Cobarrubias,Sacramento State,2026,73,So.,LEFT,LEFT,Tucson,AZ,Sunnyside HS
Brett Ott,Sacramento State,2026,73,So.,LEFT,RIGHT,Sacramento,CA,Granite Bay
Jakob Poturnak,Sacramento State,2026,73,Jr.,RIGHT,RIGHT,Manila,Philippines,International School of Manila
Cameron Sewell,Sacramento State,2026,72,Jr.,LEFT,RIGHT,Medford,OR,South Medford HS
Jameson Mullin,Sacramento State,2026,76,So.,RIGHT,RIGHT,Concord,CA,De La Salle HS
Nikhil Beasley,Sacramento State,2026,76,So.,RIGHT,RIGHT,Berkeley,CA,Berkeley HS
Jacob Cortez,Sacramento State,2026,72,Sr.,RIGHT,RIGHT,Antioch,CA,Clayton Valley Charter
Michael Perazzo,Sacramento State,2026,69,So.,LEFT,RIGHT,Redwood City,CA,Junipero Serra HS
Ayden Hadley,Sacramento State,2026,72,Jr.,LEFT,RIGHT,Langley,Canada,Walnut Grove Secondary
Sean Carey,Sacramento State,2026,74,Jr.,LEFT,LEFT,Folsom,CA,Folsom HS
Kurt Marton,Sacramento State,2026,74,Jr.,RIGHT,RIGHT,Roseville,CA,Oakmont HS
Ethan Lay,Sacramento State,2026,75,Sr.,LEFT,RIGHT,Colusa,CA,Colusa HS
Collin Hunter,Sacramento State,2026,74,Sr.,RIGHT,RIGHT,Scottsdale,AZ,Chaparral HS
Chase Sorlie,Sacramento State,2026,73,So.,RIGHT,RIGHT,Las Vegas,NV,Faith Lutheran HS
Ian Winterhalder,Sacramento State,2026,73,Sr.,RIGHT,RIGHT,Murray,UT,Murray HS
Konner Entz,Sacramento State,2026,73,Jr.,RIGHT,RIGHT,West Fargo,ND,West Fargo Sheyenne
Carson Timothy,Sacramento State,2026,71,So.,RIGHT,RIGHT,Woodland,CA,Pioneer HS
Ari Kligman,Sacramento State,2026,75,Jr.,RIGHT,RIGHT,Las Vegas,NV,Cimarron-Memorial HS
Andrew Monson,Sacramento State,2026,74,Sr.,RIGHT,RIGHT,Liberty Lake,WA,Central Valley HS
Baylor Sandberg,Sacramento State,2026,74,So.,RIGHT,RIGHT,Fallon,NV,Churchill County HS
Trevor Wilson,Sacramento State,2026,73,Fr.,RIGHT,RIGHT,Roseville,CA,Oakmont HS
Jackson Halverson,Sacramento State,2026,76,So.,RIGHT,RIGHT,Sacramento,CA,McClatchy HS
Elijah Rogalski,Sacramento State,2026,72,Sr.,RIGHT,RIGHT,Sacramento,CA,Rio Americano HS
Adam Enyart,Sacramento State,2026,75,Sr.,RIGHT,RIGHT,Bakersfield,CA,Stockdale HS
Devin James,Sacramento State,2026,78,Fr.,RIGHT,RIGHT,Orangevalle,CA,Bella Vista HS
Bryce Stockton,Sacramento State,2026,75,Jr.,RIGHT,RIGHT,Coeur D Alene,ID,Coeur d'Alene HS
Ryan Rey,Sacred Heart,2026,70,Fr.,LEFT,RIGHT,Olney,MD,Sherwood
Kyle Cincinnati,Sacred Heart,2026,70,Sr.,RIGHT,RIGHT,Reading,PA,Wilson
Peter Link,Sacred Heart,2026,79,Jr.,RIGHT,RIGHT,Holmes,NY,Trinity-Pawling
Chris Wilson,Sacred Heart,2026,73,Fr.,RIGHT,RIGHT,Somerset,NJ,Union Catholic
David Yorke,Sacred Heart,2026,76,So.,RIGHT,RIGHT,Toms River,NJ,Conovan Catholic
Gavin Donohue,Sacred Heart,2026,74,Jr.,RIGHT,RIGHT,Melrose,MA,Boston College HS
Will Rudolph,Sacred Heart,2026,74,Fr.,RIGHT,RIGHT,Pound Ridge,NY,Fox Lane
JW Fitzgerald,Sacred Heart,2026,70,Sr.,LEFT,LEFT,Westport,CT,Staples
Ronan Donohue,Sacred Heart,2026,72,Jr.,RIGHT,RIGHT,Melrose,MA,Boston College HS
CJ Nolan,Sacred Heart,2026,70,So.,RIGHT,RIGHT,Coventry,CT,East Catholic
Will Cook,Sacred Heart,2026,78,Sr.,LEFT,RIGHT,Miamisburg,OH,Miamisburg
Nathan Bowes,Sacred Heart,2026,72,So.,RIGHT,RIGHT,Tolland,CT,Kingswood Oxford
Jacob Schmutz,Sacred Heart,2026,70,Fr.,LEFT,RIGHT,West Islip,NY,Saint John the Baptist
Daniel Rice,Sacred Heart,2026,70,Jr.,LEFT,RIGHT,West Greenwich,RI,The Winchendon School
Charlie Tallman,Sacred Heart,2026,71,Jr.,RIGHT,RIGHT,Fair Haven,NJ,Rumson-Fair Haven
Christian Trantino,Sacred Heart,2026,76,So.,LEFT,LEFT,Brooklyn,NY,Xaverian
Hector Alejandro,Sacred Heart,2026,73,Sr.,RIGHT,RIGHT,Waterbury,CT,Naugatuck
Bryan Matuschat,Sacred Heart,2026,76,So.,RIGHT,RIGHT,Point Pleasant Beach,NJ,Point Pleasant Beach
Ryan Parker,Sacred Heart,2026,73,Sr.,RIGHT,RIGHT,Woodbury,MN,East Ridge
Patrick Rogan,Sacred Heart,2026,70,Jr.,BOTH,BOTH,Saint Louis,MO,Lafayette HS
Mitch Hawkins,Sacred Heart,2026,73,Sr.,RIGHT,RIGHT,Southbury,CT,Pomperaug Regional
Jase Schueller,Sacred Heart,2026,76,Sr.,RIGHT,RIGHT,Kelso,WA,Kelso
Will Saxenmeyer,Sacred Heart,2026,77,Sr.,RIGHT,RIGHT,Holly Springs,NC,Pro5 Baseball Academy
Aidan Emrich,Sacred Heart,2026,72,Fr.,RIGHT,RIGHT,Marlton,NJ,Cherokee
George Katsaros,Sacred Heart,2026,72,Fr.,RIGHT,RIGHT,Mamaroneck,NY,Rye Neck
Graham Willerer,Sacred Heart,2026,67,Fr.,RIGHT,RIGHT,Newmarket,NH,Saint Thomas Aquinas
Anakin Underhill,Sacred Heart,2026,79,Fr.,RIGHT,RIGHT,Hill,NH,Belmont
Blake Primrose,Saint Joseph's,2026,71,So.,,,Pittsburgh,PA,North Catholic
Alex Kelsey,Saint Joseph's,2026,71,So.,LEFT,,Reading,PA,Exeter
Joey Pagano,Saint Joseph's,2026,71,Sr.,LEFT,,Ridgewood,NJ,Ridgewood
Richard Beggy,Saint Joseph's,2026,73,Sr.,RIGHT,RIGHT,Philadelphia,PA,Central
Joe Gale,Saint Joseph's,2026,71,Jr.,,,Churchville,PA,Archbishop Wood
Ben Peterson,Saint Joseph's,2026,72,Fr.,RIGHT,RIGHT,Canonsburg,PA,Canon-mcmillan High School
Jason Janesko,Saint Joseph's,2026,72,Jr.,RIGHT,RIGHT,Moosic,PA,IMG Academy
Tim Dickinson,Saint Joseph's,2026,72,Jr.,LEFT,,Glen Mills,PA,Malvern Prep
Alex Venezia,Saint Joseph's,2026,72,So.,,,Pittsburgh,PA,Shaler
Carson Applegate,Saint Joseph's,2026,71,Sr.,,,Columbus,NJ,The Hun School
Eric Cross,Saint Joseph's,2026,68,So.,,,Ambler,PA,Germantown Academy
Jack Saker,Saint Joseph's,2026,73,So.,,,Millstone Township,NJ,Notre Dame (N.J.)
Augie Maslo,Saint Joseph's,2026,68,Fr.,RIGHT,RIGHT,Pittsburgh,PA,North Allegheny Senior HS
Peter Bashore,Saint Joseph's,2026,75,Fr.,RIGHT,RIGHT,Lutherville,MD,Calvert Hall College HS
Duke McCarron,Saint Joseph's,2026,72,Jr.,RIGHT,RIGHT,Ventnor City,NJ,Ocean City
Matt Fitzgibbon,Saint Joseph's,2026,73,So.,,LEFT,Yonkers,NY,Iona Prep
Andrew Gaines,Saint Joseph's,2026,77,Sr.,RIGHT,RIGHT,Marlton,NJ,St. Augustine Prep
Christian Coppola,Saint Joseph's,2026,77,Sr.,RIGHT,RIGHT,Galloway,NJ,Cedar Creek HS
Cole Fehrman,Saint Joseph's,2026,75,Sr.,RIGHT,LEFT,Doylestown,PA,Central Bucks - West
Micah Wells,Saint Joseph's,2026,72,So.,,,Philadelphia,PA,Germantown Academy
Sam Greer,Saint Joseph's,2026,72,So.,,,Chalfont,PA,Central Bucks West
Carson Magill,Saint Joseph's,2026,71,Jr.,RIGHT,RIGHT,Atco,NJ,The King's Christian School
Justin Sweeney,Saint Joseph's,2026,75,Jr.,RIGHT,RIGHT,Egg Harbor Township,NJ,Egg Harbor Twp.
Luke Parise,Saint Joseph's,2026,73,Jr.,,,Camp Hill,PA,Camp Hill
Matthew Speicher,Saint Joseph's,2026,76,So.,,LEFT,Bear,DE,Salesianum
Jackson Campbell,Saint Joseph's,2026,72,Sr.,RIGHT,RIGHT,Liberty Township,OH,Cincinnati Country Day
Patrick Veintimilla,Saint Joseph's,2026,77,So.,,,Congers,NY,Albertus Magnus
Logan Franks,Saint Joseph's,2026,70,So.,,LEFT,Sicklerville,NJ,Saint Augustine
Ian Blazier,Saint Louis,2026,70,Sr.,LEFT,RIGHT,Nashville,IL,Nashville
Riley Iffrig,Saint Louis,2026,75,Jr.,LEFT,LEFT,Edwardsville,IL,Edwardsville
Chase Beattie,Saint Louis,2026,71,Sr.,RIGHT,RIGHT,Lake Saint Louis,MO,Holt
Hank Gomric,Saint Louis,2026,77,So.,LEFT,LEFT,Belleville,IL,Althoff Catholic
Matt Arnold,Saint Louis,2026,72,Sr.,RIGHT,RIGHT,Ballwin,MO,Marquette
Drew Kleinheider,Saint Louis,2026,67,Fr.,RIGHT,RIGHT,Edwardsville,IL,Father Mcgivney Catholic HS
Matthew Deutsch,Saint Louis,2026,70,Jr.,RIGHT,RIGHT,Laguna Niguel,CA,Capistrano Valley High School
Max McGwire,Saint Louis,2026,79,Sr.,RIGHT,RIGHT,Irvine,CA,Capistrano Valley
Joey Canzoni,Saint Louis,2026,71,So.,RIGHT,RIGHT,Walton Hills,OH,Walsh Jesuit
Ahmaad Duff,Saint Louis,2026,67,So.,RIGHT,RIGHT,Indianapolis,IN,Lawrence Central
Ian Halverson,Saint Louis,2026,71,Sr.,RIGHT,RIGHT,Vista,CA,Mission Vista
Austin Neuweg,Saint Louis,2026,70,Sr.,RIGHT,RIGHT,Blue Springs,MO,Blue Springs
Krew Bond,Saint Louis,2026,69,Jr.,RIGHT,RIGHT,Mendota,IL,Mendota Township High School
JT Crabbe,Saint Louis,2026,74,Sr.,RIGHT,RIGHT,Lake Forest,CA,El Toro
Colin Hawkins,Saint Louis,2026,71,Sr.,LEFT,LEFT,Saint Louis,MO,Lindbergh
Ben Cherico,Saint Louis,2026,76,Sr.,RIGHT,RIGHT,Ridgefield,CT,Ridgefield
Liam McKinney,Saint Louis,2026,75,Jr.,LEFT,LEFT,Norman,OK,Norman High School
Drew Welk,Saint Louis,2026,74,Jr.,RIGHT,RIGHT,Gig Harbor,WA,Bellarmine Preparatory School
Ty Holman,Saint Louis,2026,75,So.,RIGHT,RIGHT,O Fallon,MO,Liberty
Noah Andrunas,Saint Louis,2026,73,Jr.,RIGHT,RIGHT,Cerritos,CA,Gahr HS
Loren Georger,Saint Louis,2026,74,Fr.,RIGHT,RIGHT,Appleton,WI,Appleton West High School
Dylan Gormont,Saint Louis,2026,80,Jr.,LEFT,LEFT,Kansas City,MO,Liberty High School
Andrew DuMont,Saint Louis,2026,73,Fr.,RIGHT,RIGHT,Wildwood,MO,St. Louis University High
Adam Shipley,Saint Louis,2026,72,So.,RIGHT,RIGHT,Saint Charles,MO,Francis Howell
Caden Earing,Saint Louis,2026,71,Fr.,RIGHT,RIGHT,Round Lake,IL,Mundelein High School
Trevor Jackson,Saint Louis,2026,73,Jr.,RIGHT,RIGHT,Marion,IL,Marion High School
Jack DuMont,Saint Louis,2026,75,Sr.,RIGHT,LEFT,Wildwood,MO,St. Louis University High
Bailey Blaker,Saint Louis,2026,73,So.,RIGHT,RIGHT,Kerrville,TX,Tivy High School
Brian Nunez,Saint Louis,2026,73,Jr.,RIGHT,RIGHT,San Diego,CA,Point Loma
James Showalter,Saint Louis,2026,73,Sr.,RIGHT,RIGHT,Mission Viejo,CA,Mission Viejo High School
Brayden Gutierrez,Saint Mary's (CA),2026,75,Fr.,RIGHT,RIGHT,Bakersfield,CA,Stockdale HS
Micah Nicholson,Saint Mary's (CA),2026,71,So.,BOTH,RIGHT,El Dorado Hills,CA,Bradshaw Christian HS
Jacob Johnson,Saint Mary's (CA),2026,74,So.,RIGHT,RIGHT,Danville,CA,Monte Vista HS
Makoa Sniffen,Saint Mary's (CA),2026,73,So.,RIGHT,RIGHT,Monte Sereno,CA,Archbishop Mitty
Ian Armstrong,Saint Mary's (CA),2026,73,So.,RIGHT,RIGHT,El Granada,CA,Junipero Serra HS
Diego Castellanos,Saint Mary's (CA),2026,73,Jr.,LEFT,LEFT,Morgan Hill,CA,Live Oak HS
Tanner Griffith,Saint Mary's (CA),2026,70,Jr.,LEFT,RIGHT,Livermore,CA,De La Salle HS
Ian Josephson,Saint Mary's (CA),2026,72,Fr.,LEFT,RIGHT,San Carlos,CA,Junipero Serra HS
Dario Freschi,Saint Mary's (CA),2026,69,Fr.,LEFT,RIGHT,Napa,CA,Vintage HS
Brett Williams,Saint Mary's (CA),2026,71,So.,RIGHT,RIGHT,Carlsbad,CA,San Marcos HS
Jared Mettam,Saint Mary's (CA),2026,71,Sr.,RIGHT,RIGHT,Half Moon Bay,CA,Half Moon Bay HS
Nicholas Allred,Saint Mary's (CA),2026,73,Jr.,RIGHT,RIGHT,Whittier,CA,La Serna HS
Brady Petit,Saint Mary's (CA),2026,74,So.,RIGHT,RIGHT,Encinitas,CA,La Costa Canyon HS
Cody Kashimoto,Saint Mary's (CA),2026,67,Sr.,BOTH,RIGHT,Kaneohe,HI,Punahou School
David Roberts,Saint Mary's (CA),2026,75,Fr.,RIGHT,LEFT,Discovery Bay,CA,
Sam Kretsch,Saint Mary's (CA),2026,76,So.,RIGHT,RIGHT,Burlingame,CA,Junipero HS
Talin Gardini,Saint Mary's (CA),2026,73,So.,LEFT,LEFT,San Diego,CA,Patrick Henry HS
Joseph Moreno,Saint Mary's (CA),2026,76,Fr.,LEFT,LEFT,West Covina,CA,South Hills HS
Diego Emerling,Saint Mary's (CA),2026,76,So.,RIGHT,RIGHT,Martinez,CA,College Park
John Damozonio,Saint Mary's (CA),2026,74,Sr.,RIGHT,RIGHT,San Jose,CA,Bellarmine College Prep
Jake Nobles,Saint Mary's (CA),2026,76,Fr.,RIGHT,RIGHT,Santa Ana,CA,Villa Park HS
Noah Waldeck,Saint Mary's (CA),2026,77,Jr.,RIGHT,RIGHT,Vista,CA,Tri City Christian
Maxwell Johnson,Saint Mary's (CA),2026,74,So.,RIGHT,RIGHT,Danville,CA,Monte Vista HS
Cam Staton,Saint Mary's (CA),2026,73,Jr.,LEFT,LEFT,Auburn,CA,Placer HS
Jake Hilton,Saint Mary's (CA),2026,72,Sr.,LEFT,LEFT,Berkeley,CA,Berkeley HS
Lukas Sarantos,Saint Mary's (CA),2026,75,So.,RIGHT,RIGHT,San Clemente,CA,San Juan Hills HS
Luis Martin Romero,Saint Mary's (CA),2026,71,Jr.,LEFT,RIGHT,Rio Rico,AZ,Nogales HS
Finn Chapman,Saint Mary's (CA),2026,75,So.,RIGHT,RIGHT,Vacaville,CA,Vacaville HS
Cooper Berger,Saint Mary's (CA),2026,77,Fr.,LEFT,RIGHT,Irvine,CA,Santiago HS
Stephen Polizzi,Saint Peter's,2026,71,Fr.,RIGHT,RIGHT,Weston,CT,Fairfield College Preparatory
Bobby Lavely,Saint Peter's,2026,73,Jr.,LEFT,LEFT,Saint Petersburg,FL,Boca Ciega
Aidan Forrest,Saint Peter's,2026,74,So.,RIGHT,RIGHT,Ponte Vedra Beach,FL,IMG Academy
Chase Fogg,Saint Peter's,2026,72,Jr.,RIGHT,RIGHT,Charlotte,NC,Warwick Valley
Alexander Manent,Saint Peter's,2026,72,Jr.,RIGHT,RIGHT,Aventura,FL,Bishop Moore Catholic
Rj Azarieh,Saint Peter's,2026,73,Jr.,RIGHT,RIGHT,Lexington,SC,St. John the Baptist
Louis D'Alessio,Saint Peter's,2026,68,So.,RIGHT,RIGHT,Middletown,NJ,Middletown South
Joey Dwyer,Saint Peter's,2026,73,Sr.,RIGHT,RIGHT,Shoreham,NY,Shoreham-Wading River
Allen Ramos,Saint Peter's,2026,70,Fr.,RIGHT,RIGHT,New York City,NY,St. Raymond High School for Boys
Luke Schwartz,Saint Peter's,2026,69,Sr.,RIGHT,RIGHT,Richmond,VA,Deep Run
Maxwell Doninger,Saint Peter's,2026,71,Fr.,RIGHT,RIGHT,Brooklyn,NY,Rabun Gap-Nacoochee School
Max Abrams,Saint Peter's,2026,77,Fr.,RIGHT,RIGHT,Palm Beach Gardens,FL,Dwyer
Harrison Lombardi,Saint Peter's,2026,70,Jr.,RIGHT,RIGHT,Berlin,CT,Berlin
Zaine Toneske,Saint Peter's,2026,74,So.,RIGHT,RIGHT,Freehold,NJ,Christian Brothers Academy
James Ellis,Saint Peter's,2026,70,Sr.,LEFT,LEFT,Berlin,CT,Berlin
Kurtis Thomas,Saint Peter's,2026,73,Sr.,LEFT,RIGHT,Harwich,MA,Nauset Regional
Davis Gore,Saint Peter's,2026,72,Fr.,RIGHT,RIGHT,Asheboro,NC,Asheboro
Logan Wenzel,Saint Peter's,2026,74,Jr.,LEFT,LEFT,Middletown,CT,Middletown
Marcus Monroe,Saint Peter's,2026,72,So.,RIGHT,RIGHT,Jersey City,NJ,James J. Ferris
Frank Caietta,Saint Peter's,2026,76,So.,RIGHT,RIGHT,Toronto,Canada,Holy Trinity Catholic
Jackson Thorne,Saint Peter's,2026,72,Sr.,RIGHT,RIGHT,Hingham,MA,Hingham/Winchendon School
Luca Bruno,Saint Peter's,2026,74,Fr.,RIGHT,LEFT,Northfield,NJ,Holy Spirit/Mainland Regional
Alexander Angelidis,Saint Peter's,2026,68,So.,RIGHT,RIGHT,Frederick,MD,Tuscarora
Jeric Curtis,Sam Houston State,2026,72,Sr.,RIGHT,RIGHT,Cypress,TX,Tomball Memorial HS
Wes Baker,Sam Houston State,2026,73,Fr.,BOTH,RIGHT,Houston,TX,Second Baptist School
Ryan Franden,Sam Houston State,2026,72,Jr.,LEFT,RIGHT,Katy,TX,Seven Lakes HS
Cade Corcoran,Sam Houston State,2026,76,Fr.,LEFT,RIGHT,College Station,TX,College Station HS
Nathan Fink,Sam Houston State,2026,76,Jr.,RIGHT,RIGHT,Charlottesville,VA,IMG Academy
Caleb Cotton,Sam Houston State,2026,71,Jr.,LEFT,LEFT,Huntsville,TX,Huntsville HS
Kirby Orth,Sam Houston State,2026,74,Fr.,LEFT,LEFT,Sugar Land,TX,Houston Christian HS
Parker Blackman,Sam Houston State,2026,70,So.,LEFT,LEFT,Spring,TX,Grand Oaks HS
Hunter Alvord,Sam Houston State,2026,72,Jr.,RIGHT,RIGHT,Mcpherson,KS,McPherson HS / Barton County CC / Cowley County CC
Sean Bazmore,Sam Houston State,2026,74,Jr.,RIGHT,RIGHT,Crosby,TX,Crosby HS
Easton Dean,Sam Houston State,2026,72,So.,LEFT,RIGHT,Coldspring,TX,St. Pius X HS
Addison Smith,Sam Houston State,2026,72,Jr.,RIGHT,RIGHT,Liberty,MO,Liberty HS
Jace Martinez,Sam Houston State,2026,72,Jr.,RIGHT,RIGHT,Baytown,TX,Barbers Hill HS
Blake Brown,Sam Houston State,2026,69,Jr.,RIGHT,RIGHT,Montgomery,TX,Lake Creek HS
Ty Marthiljohni,Sam Houston State,2026,72,Sr.,RIGHT,RIGHT,Celina,TX,Celina HS / Temple College
Connor Mondey,Sam Houston State,2026,74,So.,RIGHT,RIGHT,League City,TX,Clear Springs HS
Noah Kendrick,Sam Houston State,2026,76,Jr.,RIGHT,RIGHT,Nederland,TX,Nederland HS
Tyler Ryden,Sam Houston State,2026,71,So.,RIGHT,RIGHT,League City,TX,Clear Springs HS
Ryan Peterson,Sam Houston State,2026,75,Jr.,RIGHT,RIGHT,Shiner,TX,Shiner HS
Jonathan Anders,Sam Houston State,2026,72,Jr.,LEFT,LEFT,Rosenberg,TX,Lamar Consolidated HS / Wharton County JC
Zach Alarid,Sam Houston State,2026,73,Fr.,RIGHT,RIGHT,Montgomery,TX,Lake Creek HS
Collin Aloisio,Sam Houston State,2026,73,Fr.,RIGHT,RIGHT,Spring,TX,Klein Cain HS
Gabriel Winans,Sam Houston State,2026,75,Fr.,RIGHT,RIGHT,North Richland Hills,TX,Birdville HS
Jakob Holzer,Sam Houston State,2026,70,Jr.,LEFT,LEFT,Denton,TX,Ryan HS
Zakery Johnson,Sam Houston State,2026,72,Sr.,RIGHT,RIGHT,Shiner,TX,St. Paul HS / Temple College
Tate Hickman,Sam Houston State,2026,76,So.,RIGHT,RIGHT,Chester,TX,Woodville HS
Cooper Harris,Sam Houston State,2026,76,Fr.,RIGHT,RIGHT,Friendswood,TX,Friendswood HS
Mason Murphy,Sam Houston State,2026,77,Fr.,RIGHT,RIGHT,Missouri City,TX,Ridge Point HS
Kade Neuenschwander,Sam Houston State,2026,71,Jr.,RIGHT,RIGHT,Liberty Hill,TX,Liberty Hill HS
Jake Souders,Samford,2026,,So.,,,,,
Cade Carr,Samford,2026,,Jr.,,,,,
"Revy ""Trey"" Higgins",Samford,2026,,So.,,,,,
Everett Marshall,Samford,2026,,Fr.,RIGHT,RIGHT,Lighthouse Point,FL,Cardinal Gibbons High School
Luke Boykin,Samford,2026,73,Jr.,RIGHT,RIGHT,Jesup,GA,Wayne County
Gus Gandy,Samford,2026,,So.,,,,,
Parker McDonald,Samford,2026,71,Sr.,RIGHT,RIGHT,Tallahassee,FL,
Jeffrey Ince,Samford,2026,,Sr.,,,,,
Pierce Dutton,Samford,2026,,Jr.,LEFT,LEFT,Orange Beach,AL,Spanish Fort High School
Jackson Harris,Samford,2026,,Jr.,,,,,
Charlie Bozeman,Samford,2026,,So.,,,,,
Will Lawrence,Samford,2026,,Jr.,,,,,
Easton Nelms,Samford,2026,,Fr.,LEFT,LEFT,Hartselle,AL,Hartselle High School
Hayden Perry,Samford,2026,73,Sr.,RIGHT,RIGHT,Jacksonville,FL,
Noah Berry,Samford,2026,77,Jr.,RIGHT,RIGHT,Madison,AK,
Joseph Lee,Samford,2026,,Sr.,,,,,
Mason Blasche,Samford,2026,,So.,,,,,
Trey Sanders,Samford,2026,74,Sr.,RIGHT,RIGHT,Columbus,GA,
William Andre,Samford,2026,,Fr.,RIGHT,RIGHT,Hoover,AL,Hoover High School
Zak Spurrier,Samford,2026,,So.,RIGHT,RIGHT,,,
Palmer O'Beirne,Samford,2026,,So.,LEFT,LEFT,Cutchouge,NY,Huntington High School
Drew Druckenmiller,Samford,2026,75,Sr.,RIGHT,RIGHT,Mobile,AL,Faith Academy
Andrew Marble,Samford,2026,,Jr.,RIGHT,RIGHT,Lucedale,MS,East Central High School
Austin Tommasini,Samford,2026,,Sr.,,,,,
John Whitney,Samford,2026,71,Sr.,LEFT,LEFT,Venice,FL,
John Malone,Samford,2026,,Jr.,,,,,
Michael Fredette,Samford,2026,,Fr.,RIGHT,RIGHT,Kennesaw,GA,Mount Paran Christian School
Ryan Vermillion,Samford,2026,72,So.,RIGHT,RIGHT,Vestavia Hills,AL,
Andrew Arnold,Samford,2026,,Jr.,LEFT,LEFT,Bogart,GA,North Oconee High School
AJ Beltre,San Diego,2026,71,So.,RIGHT,RIGHT,Bradbury,CA,Maranantha
Andrew Gauna,San Diego,2026,76,Sr.,RIGHT,RIGHT,San Diego,CA,Patrick Henry HS
Jayden Lobliner,San Diego,2026,70,Sr.,RIGHT,RIGHT,Saint Charles,IL,St. Charles North
CJ Moran,San Diego,2026,72,So.,LEFT,RIGHT,Murrieta,CA,Murrieta Mesa HS
Gabe Springer,San Diego,2026,72,Sr.,BOTH,RIGHT,Boulder,CO,Fairview
Jayton Greer,San Diego,2026,71,Fr.,LEFT,RIGHT,Huntington Beach,CA,Huntington Beach High School
Phoenix Brant,San Diego,2026,77,Fr.,LEFT,RIGHT,San Diego,CA,Point Loma High
Gage Mestas,San Diego,2026,71,Sr.,RIGHT,RIGHT,Durango,CO,Durango
Diego Gonzalez,San Diego,2026,72,Fr.,LEFT,RIGHT,Placentia,CA,EL Dorado High School
Connor Meidroth,San Diego,2026,69,Sr.,RIGHT,RIGHT,Manhattan Bch,CA,Mira Costa
Cade Martinez,San Diego,2026,72,Sr.,RIGHT,RIGHT,El Cajon,CA,St. Augustine HS
Aden Howard,San Diego,2026,73,So.,BOTH,RIGHT,Carrollton,TX,Hebron HS
Vincent Venverloh,San Diego,2026,69,So.,RIGHT,RIGHT,San Diego,CA,Cathedral Catholic
Tanner Kern,San Diego,2026,73,Fr.,LEFT,RIGHT,San Jose,CA,Archbishop Mitty HS
Nico Button,San Diego,2026,70,Sr.,LEFT,RIGHT,San Mateo,CA,Junipero Serra
Christian Garcia,San Diego,2026,75,Fr.,RIGHT,RIGHT,San Diego,CA,Clairemont HS
Logan Piper,San Diego,2026,71,Sr.,LEFT,LEFT,Vacaville,CA,Vacaville HS
Nate DeSchryver,San Diego,2026,74,Sr.,RIGHT,RIGHT,Silverdale,WA,Bainbridge HS
Caleb Sebek,San Diego,2026,78,Fr.,RIGHT,RIGHT,Ventura,CA,Ventura High School
Drake Frize,San Diego,2026,75,Sr.,RIGHT,RIGHT,Orange,CA,Orange Lutheran
Jagger Edwards,San Diego,2026,74,Sr.,LEFT,LEFT,San Antonio,TX,Reagan
Aidan Gonzalez,San Diego,2026,69,Sr.,RIGHT,RIGHT,Hacienda Heights,CA,Warren
Chaz McRoberts,San Diego,2026,70,Sr.,RIGHT,RIGHT,La Mesa,CA,St. Augustine HS
Hayden Cody,San Diego,2026,74,Sr.,RIGHT,RIGHT,Mission Viejo,CA,Mission Viejo
Kyle Bade,San Diego,2026,71,Jr.,LEFT,LEFT,Plano,TX,Plano Senior HS
Reece Bueno,San Diego,2026,72,Jr.,RIGHT,RIGHT,Visalia,CA,Redwood HS
Diego Gutierrez,San Diego,2026,74,Sr.,RIGHT,RIGHT,Norwalk,CA,Lakewood HS
Fernando Palencia,San Diego,2026,70,So.,RIGHT,RIGHT,S El Monte,CA,Arcadia
Porter Rovin,San Diego,2026,71,So.,LEFT,LEFT,Carlsbad,CA,Sage Creek
Lucas Shannon,San Diego,2026,75,Fr.,RIGHT,RIGHT,Tucson,AZ,Salpointe Catholic High School
Gage Adams,San Diego State,2026,73,Sr.,RIGHT,RIGHT,Boynton Beach,FL,"St,. John Paul II Academy"
Tyce Peterson,San Diego State,2026,71,Sr.,RIGHT,RIGHT,Kirkland,WA,Juanita HS
Jake Jackson,San Diego State,2026,78,Jr.,RIGHT,RIGHT,San Diego,CA,Madison HS
Max Farrell,San Diego State,2026,72,Fr.,RIGHT,RIGHT,Carlsbad,CA,San Marcos HS
Jabin Trosky,San Diego State,2026,70,Jr.,RIGHT,RIGHT,Carmel,CA,Carmel HS
Zach Justice,San Diego State,2026,72,So.,RIGHT,RIGHT,Bend,OR,Summit HS
Dawson Santana,San Diego State,2026,66,Jr.,RIGHT,RIGHT,Lake Oswego,OR,Lakeridge HS
Adam Magpoc,San Diego State,2026,69,So.,BOTH,RIGHT,Torrance,CA,Loyola High School of LA
Zane Kelly,San Diego State,2026,72,Jr.,LEFT,LEFT,Las Vegas,NV,Faith Lutheran HS
Anthony Marnell,San Diego State,2026,75,So.,BOTH,RIGHT,Las Vegas,NV,Bishop Gorman HS
Reeve Boyd,San Diego State,2026,73,Jr.,RIGHT,RIGHT,Seattle,WA,Seattle Preparatory School
Nate Lopez,San Diego State,2026,70,Fr.,RIGHT,RIGHT,Reseda,CA,Crespi Carmelite HS
Drew Rutter,San Diego State,2026,73,Jr.,LEFT,LEFT,Trabuco Canyon,CA,Santa Margarita HS
Marc Emmerman,San Diego State,2026,69,Fr.,RIGHT,RIGHT,Torrance,CA,Junipero Serra HS
Jake Frohn,San Diego State,2026,74,Fr.,RIGHT,RIGHT,Huntington Beach,CA,Huntington Beach HS
Connor Abadie,San Diego State,2026,72,Jr.,LEFT,LEFT,Apple Valley,CA,Serrano HS
Aidan Russell,San Diego State,2026,71,Sr.,RIGHT,RIGHT,Vacaville,CA,Vacaville HS
Alec Belardes,San Diego State,2026,74,So.,RIGHT,RIGHT,San Jose,CA,Valley Christian HS
Rohan Lettow,San Diego State,2026,75,Jr.,RIGHT,RIGHT,Chandler,AZ,Hamilton HS
Issac Araiza,San Diego State,2026,77,Sr.,RIGHT,RIGHT,Yuma,AZ,Yuma Catholic HS
Simon Lemke,San Diego State,2026,73,Jr.,RIGHT,RIGHT,Bend,OR,Mountain View HS
Bryce McKnight,San Diego State,2026,73,Jr.,RIGHT,RIGHT,Phoenix,AZ,Desert Vista HS
Carson Johnson,San Diego State,2026,76,So.,RIGHT,RIGHT,Chandler,AZ,Hamilton HS
Drew Talavs,San Diego State,2026,74,Jr.,RIGHT,RIGHT,West Linn,OR,West Linn HS
Alito McBean,San Diego State,2026,74,So.,RIGHT,LEFT,Hermosa Beach,CA,Mira Costa HS
Colton Lafave,San Diego State,2026,74,Jr.,RIGHT,RIGHT,Litchfield Park,AZ,Shadow Ridge HS
Evan MIranda,San Diego State,2026,74,Jr.,RIGHT,RIGHT,Fontana,CA,Orange Lutheran HS
Nicholas Falla,San Diego State,2026,73,Jr.,RIGHT,RIGHT,Coconut Creek,FL,Saint Thomas Aquinas HS
Trevor Harmon,San Francisco,2026,74,Jr.,RIGHT,RIGHT,Pleasanton,CA,
TJ Rogers,San Francisco,2026,74,Sr.,RIGHT,RIGHT,Sparks,NV,Edward C. Reed
Jackson Nystrom,San Francisco,2026,,Sr.,RIGHT,RIGHT,Livermore,CA,
Eddison Esquivel,San Francisco,2026,,So.,,,,,
Trevor Busby,San Francisco,2026,76,Fr.,RIGHT,RIGHT,Yucaipa,CA,Aquinas High School
Tyler Harries,San Francisco,2026,,Sr.,,,,,
Myles Kallinger,San Francisco,2026,69,Jr.,RIGHT,RIGHT,Agoura Hills,CA,
Isaiah Landry,San Francisco,2026,69,Jr.,RIGHT,RIGHT,Pittsburg,CA,Clayton Valley
Jared Lewis,San Francisco,2026,71,Jr.,BOTH,RIGHT,San Ramon,CA,San Ramon Valley HS
Jordan Lewis,San Francisco,2026,70,Jr.,RIGHT,RIGHT,San Ramon,CA,San Ramon HS
Zack Ramppen,San Francisco,2026,69,Sr.,RIGHT,RIGHT,New Canaan,CT,New Canaan
Tino Vasell,San Francisco,2026,70,Fr.,,,Pleasant Hill,CA,College Park High School
Jayden Garrison,San Francisco,2026,71,Fr.,,,Phoenix,AZ,Desert Vista High School
Brendan Burke,San Francisco,2026,,So.,,,,,
Wyatt Davis,San Francisco,2026,74,Jr.,,,Petaluma,CA,
Nick Walsh,San Francisco,2026,,Sr.,,,,,
Zachary Nagy,San Francisco,2026,74,Fr.,,,Simi Valley,CA,Options For Youth - Duarte
Matteo Bellisimo,San Francisco,2026,,So.,,,,,
Kai Yovanovich,San Francisco,2026,,Sr.,,,,,
Nick Bacura,San Francisco,2026,71,Sr.,RIGHT,RIGHT,Manhattan Bch,CA,Mira Costa HS
Gauge Lockhart,San Francisco,2026,76,Sr.,RIGHT,RIGHT,Delta,CO,Delta
Thomas Gonzales,San Francisco,2026,70,Fr.,RIGHT,RIGHT,Laguna Beach,CA,Laguna Beach High School
Adrian Valdez,San Francisco,2026,74,Jr.,RIGHT,RIGHT,Newark,CA,Newark Memorial High School
Quentin Pohorski,San Francisco,2026,,Sr.,RIGHT,RIGHT,San Jose,CA,
Alan Gonzalez,San Francisco,2026,74,Fr.,RIGHT,RIGHT,Salinas,CA,Palma High School
Chris Byhre,San Francisco,2026,74,Sr.,RIGHT,RIGHT,Waukesha,WI,
Hunter Holzemer,San Francisco,2026,71,Sr.,LEFT,LEFT,Highlands Ranch,CO,
Alex Gomez,San Francisco,2026,74,Jr.,RIGHT,RIGHT,San Leandro,CA,Arroyo High School
Gino Rossi,San Francisco,2026,75,Jr.,RIGHT,RIGHT,Pinole,CA,Pinole Valley High School
Gabriel Barrett,San Francisco,2026,72,Sr.,RIGHT,RIGHT,Mountain View,CA,
Paul Wheeler,San Francisco,2026,71,So.,LEFT,LEFT,Los Altos,CA,Bellarmine Prep
Cal Amborn,San Francisco,2026,76,Sr.,RIGHT,RIGHT,Larkspur,CA,
Jake Andreas,San Francisco,2026,75,Fr.,RIGHT,RIGHT,Saint George,UT,Dixie High School
Braden Wellen,San Francisco,2026,75,Jr.,RIGHT,RIGHT,Aliso Viejo,CA,Aliso Niguel High School
Wesley Harwell,San Francisco,2026,,So.,,,,,
Magnus Nelson,San Francisco,2026,,Jr.,RIGHT,RIGHT,Austin,TX,
Alex Fernandes,San Jose State,2026,71,Sr.,LEFT,RIGHT,San Marcos,CA,San Marcos HS
Vincent Gamberdella,San Jose State,2026,70,Sr.,LEFT,RIGHT,Santa Barbara,CA,Santa Barbara City
Jake McCoy,San Jose State,2026,74,Sr.,RIGHT,RIGHT,Rohnert Park,CA,Casa Grande HS
Peyton Rowles,San Jose State,2026,72,Fr.,RIGHT,RIGHT,Benicia,CA,Benicia HS
Neil Jansen,San Jose State,2026,70,Sr.,RIGHT,RIGHT,Cypress,CA,Cypress HS
Rocco Caballero,San Jose State,2026,70,Sr.,RIGHT,RIGHT,Downey,CA,Warren HS
JC Osorio-Agard,San Jose State,2026,74,Jr.,RIGHT,RIGHT,Hayward,CA,Sacred Heart Cathedral Prep
Brent Cota,San Jose State,2026,72,Sr.,LEFT,LEFT,Rancho Cucamonga,CA,Alta Loma HS
Rohne Klein,San Jose State,2026,76,So.,LEFT,RIGHT,Renton,WA,Liberty HS
Anthony Scheppler,San Jose State,2026,73,So.,LEFT,RIGHT,Novato,CA,San Marin High School
Dylan Jackson,San Jose State,2026,72,Jr.,RIGHT,RIGHT,Thousand Oaks,CA,Thousand Oaks HS
Emmitt Phinney,San Jose State,2026,75,Sr.,RIGHT,RIGHT,Alameda,CA,St. Joseph Notre Dame HS
Trevor Wilson,San Jose State,2026,73,So.,RIGHT,RIGHT,Fresno,CA,Bullard HS
Dennis Gamester,San Jose State,2026,71,Sr.,RIGHT,RIGHT,West Haven,CT,Hamden Hall
Alan Ramirez,San Jose State,2026,70,Jr.,RIGHT,RIGHT,Santa Clara,CA,Wilcox HS
Matteo Mendoza,San Jose State,2026,70,Sr.,RIGHT,RIGHT,El Cerrito,CA,St. Mary's College HS
Luka Pintar,San Jose State,2026,74,So.,LEFT,LEFT,San Jose,CA,Archbishop Mitty HS
Peter Herrick,San Jose State,2026,73,Jr.,RIGHT,RIGHT,Auburn,WA,Puyallup HS
Jesse Gutierrez,San Jose State,2026,73,Sr.,LEFT,LEFT,Santa Clara,CA,Wilcox HS
Cade Cushing,San Jose State,2026,75,Sr.,RIGHT,RIGHT,Martinez,CA,De La Salle HS
Kyle Calzadiaz,San Jose State,2026,75,Sr.,RIGHT,RIGHT,Walnut,CA,Walnut HS
Luca Staiano,San Jose State,2026,78,Sr.,RIGHT,RIGHT,Newbury Park,CA,Newbury Park HS
Landon Marchetti,San Jose State,2026,71,Jr.,LEFT,LEFT,Brentwood,CA,Heritage HS
Dylan Smith,San Jose State,2026,74,Sr.,RIGHT,RIGHT,Bakersfield,CA,Frontier HS
David Thomas,San Jose State,2026,76,Sr.,RIGHT,RIGHT,Brentwood,CA,Heritage High
EJ McGrew,San Jose State,2026,74,Sr.,LEFT,LEFT,Oakland,CA,St. Mary's College Prep
Kyler Bacosa,San Jose State,2026,75,Sr.,RIGHT,RIGHT,San Jose,CA,Bellarmine College Prep
Caden Duke,San Jose State,2026,74,Sr.,RIGHT,RIGHT,Tracy,CA,Millenium Charter
Tyler Albanese,San Jose State,2026,78,Jr.,RIGHT,RIGHT,Redlands,CA,Redlands East Valley HS
Spencer Kratt,San Jose State,2026,73,Jr.,RIGHT,RIGHT,Woodland Hills,CA,Chaminade College Prep
Will Anderson,Santa Clara,2026,74,Jr.,LEFT,LEFT,Gilroy,CA,Christopher HS
Tate Medicoff,Santa Clara,2026,75,So.,RIGHT,RIGHT,San Francisco,CA,Sacred Heart Cathedral Prep
Ben Cleary,Santa Clara,2026,72,Jr.,RIGHT,RIGHT,Half Moon Bay,CA,Junipero Serra HS
Bryant Viskovich,Santa Clara,2026,72,So.,RIGHT,RIGHT,Los Gatos,CA,Leigh HS
Johnny Luetzow,Santa Clara,2026,72,Sr.,RIGHT,RIGHT,La Jolla,CA,La Jolla Country Day HS
Max Ross,Santa Clara,2026,74,Jr.,LEFT,RIGHT,Woodside,CA,St. Francis HS
Payton Lambert,Santa Clara,2026,72,Jr.,RIGHT,RIGHT,Pendleton,OR,Pendleton HS
Mateo Garcia,Santa Clara,2026,72,Sr.,LEFT,RIGHT,Turlock,CA,Pitman HS
Andrew Rayment,Santa Clara,2026,77,So.,LEFT,RIGHT,Spokane,WA,Mt. Spokane HS
Luke DeVine,Santa Clara,2026,76,So.,RIGHT,RIGHT,Los Altos Hills,CA,St. Francis HS
Thomas Ferroggiaro,Santa Clara,2026,70,Sr.,BOTH,RIGHT,Wilsonville,OR,Central Catholic HS
Waylon Walsh,Santa Clara,2026,76,Fr.,BOTH,RIGHT,Monte Sereno,CA,Archbishop Mitty HS
Hunter Kenji Fujimoto,Santa Clara,2026,70,Fr.,LEFT,LEFT,San Jose,CA,Valley Christian HS
Kai Cunningham,Santa Clara,2026,69,Jr.,LEFT,RIGHT,Atlanta,GA,The Lovett School
Matthew Tiendas,Santa Clara,2026,70,Fr.,LEFT,LEFT,Santa Clara,CA,Wilcox HS
Mace Wheeler,Santa Clara,2026,70,Fr.,LEFT,RIGHT,El Cajon,CA,Valhalla HS
Camden Sos,Santa Clara,2026,75,So.,RIGHT,RIGHT,Alpine,CA,Granite Hills
Koen Carston,Santa Clara,2026,69,Jr.,RIGHT,RIGHT,Davis,CA,Davis HS
Russ Filter,Santa Clara,2026,71,So.,RIGHT,RIGHT,Santa Clara,CA,Palo Alto HS
Chase Ruden,Santa Clara,2026,74,Fr.,RIGHT,RIGHT,Highlands Ranch,CO,Mountain Vista HS
Cooper Lanz,Santa Clara,2026,72,Sr.,RIGHT,RIGHT,Atwater,CA,Buhach Colony HS
Tyler Alleman,Santa Clara,2026,72,So.,RIGHT,RIGHT,Portland,OR,Jesuit HS
Jace Gillmore,Santa Clara,2026,77,Jr.,RIGHT,RIGHT,Rocklin,CA,Whitney HS
Max Bayles,Santa Clara,2026,75,Jr.,RIGHT,RIGHT,San Diego,CA,Cathedral Catholic HS
Nick Chow,Santa Clara,2026,77,Fr.,RIGHT,RIGHT,Redwood City,CA,Saint Francis HS
Jack Lazark,Santa Clara,2026,73,Jr.,RIGHT,RIGHT,Santa Rosa,CA,Cardinal Newman HS
RJ Meyn,Santa Clara,2026,72,So.,LEFT,LEFT,San Ramon,CA,De La Salle HS
Josh Johnson,Santa Clara,2026,74,Sr.,RIGHT,RIGHT,Henderson,NV,Coronado HS
Trevor Banning,Santa Clara,2026,72,Fr.,LEFT,RIGHT,San Juan Capistrano,CA,Santa Margarita Catholic HS
Hunter Hargett,Santa Clara,2026,74,Sr.,RIGHT,RIGHT,San Diego,CA,Pont Loma HS
Vincent Braga,Santa Clara,2026,75,So.,RIGHT,RIGHT,Palo Alto,CA,Palo Alto HS
Sebastian Schreiber,Santa Clara,2026,75,Sr.,LEFT,LEFT,Salinas,CA,Alisal HS
Brayden Dotoli,Santa Clara,2026,73,Sr.,RIGHT,RIGHT,Roseville,CA,Roseville HS
Jackson Cook,Santa Clara,2026,75,Fr.,RIGHT,RIGHT,Lincoln,CA,Lincoln HS
Andrew Habermann,Santa Clara,2026,78,So.,RIGHT,RIGHT,Westlake Village,CA,Westlake HS
Max Reimers,Santa Clara,2026,71,Fr.,RIGHT,RIGHT,Aliso Viejo,CA,JSerra Catholic HS
Robert Aivazian,Santa Clara,2026,75,Jr.,RIGHT,RIGHT,Martinez,CA,College Park
Henry Stewart,Santa Clara,2026,73,Sr.,LEFT,LEFT,Lakewood,CO,J.K. Mullen HS
Payton Knowles,Seattle,2026,72,Jr.,LEFT,RIGHT,Gig Harbor,WA,Peninsula HS
Royce Hale,Seattle,2026,76,Jr.,LEFT,RIGHT,Marysville,WA,Marysville Pilchuck
Preston Armstrong,Seattle,2026,75,Fr.,RIGHT,RIGHT,Goodyear,AZ,Millennium High School
Hunter Komine,Seattle,2026,68,Jr.,RIGHT,RIGHT,Mill Creek,WA,Jackson
Kenneth Rhein,Seattle,2026,71,Jr.,RIGHT,RIGHT,Tucson,AZ,
Ryder Manale,Seattle,2026,72,So.,BOTH,RIGHT,Mt Pleasant,SC,
Sebastian Lopez,Seattle,2026,73,Sr.,RIGHT,RIGHT,Henderson,CO,Coronado
Josh Cunnigan,Seattle,2026,72,So.,LEFT,RIGHT,Corona,CA,Aquinas
Tyler Horner,Seattle,2026,74,Sr.,LEFT,RIGHT,Twin Falls,ID,Twin Falls High School
Jake Beauchaine,Seattle,2026,71,Jr.,RIGHT,RIGHT,San Clemente,CA,Capistrano Valley Chrstn Sch
Cash Erdman,Seattle,2026,73,Fr.,LEFT,RIGHT,Kirkland,WA,Bellevue Christian School
Jared Stevenson,Seattle,2026,72,Sr.,RIGHT,RIGHT,Reno,NV,
Brandon Stinnett,Seattle,2026,70,Jr.,LEFT,RIGHT,Lyons,OR,Sprague
Tyler Jackson,Seattle,2026,76,Fr.,RIGHT,RIGHT,Las Vegas,NV,Centennial High School
Hayden Carlson,Seattle,2026,73,Jr.,RIGHT,RIGHT,San Clemente,CA,Capistrano Valley Christian
Isaac Hallam,Seattle,2026,75,So.,RIGHT,RIGHT,Issaquah,WA,Issaquah
Kale Hammer,Seattle,2026,75,So.,LEFT,LEFT,Snohomish,WA,Snohomish HS
Camden Oram,Seattle,2026,75,Sr.,RIGHT,RIGHT,Olympia,WA,Tumwater High School
Travis Farrell,Seattle,2026,79,Sr.,LEFT,RIGHT,Las Vegas,NV,Liberty
Micah Hagler,Seattle,2026,75,Jr.,RIGHT,RIGHT,Burien,WA,
Luke Alwood,Seattle,2026,76,Sr.,RIGHT,RIGHT,Kihei,HI,Maui
Ryan Stone,Seattle,2026,74,Sr.,RIGHT,RIGHT,Winters,CA,Winters High School
Jake Morell,Seattle,2026,76,Sr.,LEFT,LEFT,Roseville,CA,Whitney High School
Blake Smith,Seattle,2026,73,Sr.,RIGHT,RIGHT,Shelton,WA,Tumwater
Harrison Hoffarth,Seattle,2026,75,Fr.,LEFT,LEFT,Vancouver,WA,Columbia River High School
Patrick Galvin,Seattle,2026,76,So.,LEFT,RIGHT,Seattle,WA,O'Dea
Kaden Alberghini,Seattle,2026,77,Sr.,RIGHT,RIGHT,Issaquah,WA,Liberty
Gabe Cavazzoni,Seton Hall,2026,69,Jr.,RIGHT,RIGHT,Wall,NJ,Wall
Aidan Sengenberger,Seton Hall,2026,71,Jr.,RIGHT,RIGHT,Barrington,NH,Governor Dummer Academy
Nick Tomasetto,Seton Hall,2026,70,Jr.,RIGHT,RIGHT,West Deptford,NJ,West Deptford
Magnus Krieger,Seton Hall,2026,73,So.,RIGHT,RIGHT,Coatesville,PA,Coatesville Area
Ryan Frontera,Seton Hall,2026,74,Jr.,RIGHT,RIGHT,Middletown,NJ,Middletown North
Shea Grady,Seton Hall,2026,71,Jr.,RIGHT,RIGHT,Cranford,NJ,Cranford
Ty Acker,Seton Hall,2026,71,Sr.,LEFT,RIGHT,Holtsville,NY,Sachem East
Frankie Scrivanic,Seton Hall,2026,72,Jr.,LEFT,LEFT,Tinton Falls,NJ,Red Bank Catholic
Joe Marini,Seton Hall,2026,75,Sr.,LEFT,LEFT,Old Bridge,NJ,Christian Brothers Academy
Ryan Strnad,Seton Hall,2026,74,Fr.,RIGHT,RIGHT,Katonah,NY,John F Kennedy Catholic HS
Joseph Wilga,Seton Hall,2026,75,Sr.,LEFT,LEFT,Old Bridge,NJ,Christian Brothers Academy
Tommy Manzo,Seton Hall,2026,74,So.,RIGHT,RIGHT,Ramsey,NJ,St. Joseph Regional
Jake Lopez,Seton Hall,2026,,Jr.,,,,,
Aiden Dill,Seton Hall,2026,74,So.,RIGHT,RIGHT,Gladstone,NJ,Delbarton
Vincent Duffy,Seton Hall,2026,74,Fr.,RIGHT,RIGHT,Nanuet,NY,Nanuet Senior High School
Dominic Trolio,Seton Hall,2026,73,Fr.,RIGHT,RIGHT,West Hartford,CT,Kingswood-oxford School
Derek Benzinger,Seton Hall,2026,73,Sr.,RIGHT,RIGHT,Cedar Grove,NJ,St. Joseph's Regional
Stephen Curry,Seton Hall,2026,72,So.,RIGHT,RIGHT,New Market,MD,Linganore
Mason Christopher,Seton Hall,2026,75,So.,LEFT,LEFT,Middletown,NJ,Middletown South
John Higgins,Seton Hall,2026,74,Sr.,RIGHT,RIGHT,Monroe Township,NJ,Saint John Vianney High Sch
Jason Kuhn,Seton Hall,2026,72,Fr.,RIGHT,RIGHT,Waldwick,NJ,Don Bosco Preparatory HS
John Donahue,Seton Hall,2026,73,Fr.,RIGHT,RIGHT,Belle Mead,NJ,Montgomery High School
Steve Svenson,Seton Hall,2026,75,So.,RIGHT,RIGHT,Matawan,NJ,Red Bank Catholic
Chris Ho,Seton Hall,2026,71,Sr.,,RIGHT,Westfield,NJ,Westfield
Matthew Pontari,Seton Hall,2026,71,Sr.,RIGHT,RIGHT,,,
Connor Byrne,Seton Hall,2026,74,Jr.,RIGHT,RIGHT,Basking Ridge,NJ,Ridge
Jayden Barroqueiro,Seton Hall,2026,73,Sr.,LEFT,LEFT,Union,NJ,Seton Hall Prep
Ryan Reich,Seton Hall,2026,74,Sr.,RIGHT,RIGHT,Selinsgrove,PA,Selinsgrove Area
John Downing,Seton Hall,2026,75,Sr.,LEFT,LEFT,New Hyde Park,NY,Chaminade
Gregory Bruno,Seton Hall,2026,72,Fr.,RIGHT,RIGHT,Staten Island,NY,St. Joseph by the Sea
Owen Pincince,Siena,2026,72,Sr.,RIGHT,RIGHT,North Haven,CT,North Haven
Josh Thompson,Siena,2026,72,So.,LEFT,RIGHT,Ringoes,NJ,Immaculata
Scott Lynch,Siena,2026,73,Fr.,,,Mechanicville,NY,Mechanicville Jr-sr HS
Aidan Paradine,Siena,2026,72,So.,RIGHT,RIGHT,Bayonne,NJ,Bayonne
Gavin Thorburn,Siena,2026,72,Sr.,RIGHT,RIGHT,Norwich,CT,The MacDuffie School (MA)
Nick Bergamotto,Siena,2026,69,Sr.,RIGHT,RIGHT,Caldwell,NJ,Caldwell
Steven Ramirez,Siena,2026,70,Fr.,,,Bronx,NY,The South Carolina Preparatory Academy
Jake Sparks,Siena,2026,73,Jr.,LEFT,RIGHT,Hoosick,NY,Hoosick Falls
Edwin Sanchez,Siena,2026,70,So.,RIGHT,RIGHT,Chantilly,VA,Freedom
Cole Hambly,Siena,2026,74,Fr.,,,Cranston,RI,Worcester Academy
Noah Brooks,Siena,2026,70,Jr.,RIGHT,RIGHT,Palmyra,NY,Palmyra-Macedon
Matt Thorsen,Siena,2026,76,So.,RIGHT,RIGHT,Ghent,NY,Chatham
Tyler Sausville,Siena,2026,67,Sr.,LEFT,LEFT,Schenectady,NY,Colonie Center
Ryan Taffe,Siena,2026,76,Jr.,RIGHT,RIGHT,Delmar,NY,Bethlehem Central
Mathew Murtagh,Siena,2026,73,Sr.,RIGHT,RIGHT,Port Ewen,NY,Saugerties (North Carolina A&T)
Evan Saulys,Siena,2026,73,Jr.,RIGHT,RIGHT,Sparta,NJ,Sparta
Ryan Lundari,Siena,2026,75,Fr.,,,Flemington,NJ,Hunterdon Central Regional HS
JT Gunzy,Siena,2026,74,Sr.,RIGHT,RIGHT,Danbury,CT,Immaculate
Lawson McIntosh,Siena,2026,75,So.,RIGHT,RIGHT,Egg Harbor Township,NJ,Egg Harbor Township
George Handal,Siena,2026,76,Fr.,,,Brewster,NY,P27 Academy
David Siciliano,Siena,2026,74,So.,,,Shrewsbury,MA,Shrewsbury High School (Fort Lauderdale)
Stewart Puckett,South Alabama,2026,70,Jr.,LEFT,RIGHT,DeLeon Springs,FL,DeLand HS
Nick Richardson,South Alabama,2026,72,Fr.,LEFT,LEFT,Oxford,AL,Oxford High School
Brennon Wright,South Alabama,2026,74,Jr.,LEFT,RIGHT,Starkville,MS,Starkville High School
Blake Guerin,South Alabama,2026,78,Sr.,RIGHT,RIGHT,Shoreview,MN,Mounds View
Michael Young,South Alabama,2026,75,Sr.,RIGHT,RIGHT,Montgomery,AL,Next Level Academy
Paxton Bigby,South Alabama,2026,74,Jr.,LEFT,RIGHT,Snohomish,WA,Glacier Peak High School
Marc Stephens,South Alabama,2026,73,Jr.,RIGHT,RIGHT,Orange Beach,AL,Gulf Shores HS
Duncan Mathews,South Alabama,2026,69,Jr.,RIGHT,RIGHT,Flowood,MO,Jackson Prep
Ethan Melton,South Alabama,2026,70,Jr.,RIGHT,RIGHT,Hernando,MS,Magnolia Heights High School
Robert Miranda,South Alabama,2026,70,Sr.,RIGHT,RIGHT,Miami,FL,SLAM! Miami
Nathan Wood,South Alabama,2026,74,Sr.,RIGHT,RIGHT,Pacific Grove,CA,Pacific Grove HS
Jacob Haley,South Alabama,2026,75,Jr.,RIGHT,RIGHT,Huntsville,AK,Sparkman High School
Zach Stevens,South Alabama,2026,72,Jr.,RIGHT,RIGHT,Millbrook,AK,Stanhope Elmore High School
Hayden O'Dell,South Alabama,2026,72,Sr.,LEFT,LEFT,Mobile,AL,St. Paul's Episcopal
Jaxon Shineflew,South Alabama,2026,74,Jr.,LEFT,LEFT,Wetumpka,AK,Wetumpka High School
Tyler Smith,South Alabama,2026,75,Sr.,RIGHT,RIGHT,Jackson,TN,Southside High School
Daniel Gonzalez,South Alabama,2026,76,So.,RIGHT,RIGHT,Murrieta,CA,Murrieta Mesa High School
Mitchell Heer,South Alabama,2026,71,Sr.,RIGHT,RIGHT,Acworth,GA,North Paulding High School
Andrew Floyd,South Alabama,2026,69,Sr.,RIGHT,RIGHT,Chelsea,AL,Chelsea High School
Bryant Quimby,South Alabama,2026,75,---,LEFT,LEFT,Atmore,AL,Escambia
Jake Middleton,South Alabama,2026,73,Jr.,LEFT,LEFT,Phenix City,AL,Smiths Station High School
Ryland Bozenhard,South Alabama,2026,72,Jr.,RIGHT,RIGHT,Seminole,FL,Dixie Hollins HS
Brian Garmon II,South Alabama,2026,74,Jr.,LEFT,RIGHT,Cumming,GA,West Forsyth
Max Miller,South Alabama,2026,73,Sr.,LEFT,LEFT,Vancleave,MS,Vancleave
Reese Moore,South Carolina,2026,72,Jr.,LEFT,RIGHT,Van Meter,IA,Van Meter
Dawson Harman,South Carolina,2026,76,Jr.,RIGHT,RIGHT,Lithia,FL,Bloomingdale
Tyler Bak,South Carolina,2026,72,Jr.,LEFT,LEFT,Sugar Hill,GA,North Gwinnett
Talmadge LeCroy,South Carolina,2026,74,Sr.,RIGHT,RIGHT,Belton,SC,Belton-Honea Path HS
Logan Sutter,South Carolina,2026,73,Sr.,RIGHT,RIGHT,Loomis,CA,Del Oro
Will Craddock,South Carolina,2026,75,Fr.,RIGHT,RIGHT,Anderson,SC,T L Hanna High School
Patrick Evans,South Carolina,2026,75,Jr.,RIGHT,RIGHT,Leesville,SC,Lexington High School
KJ Scobey,South Carolina,2026,74,So.,RIGHT,RIGHT,Lakeland,FL,McKeel Academy of Technology
Jake Randolph,South Carolina,2026,72,Sr.,RIGHT,RIGHT,Vero Beach,FL,Vero Beach
Luke Yuhasz,South Carolina,2026,76,Sr.,RIGHT,RIGHT,Moss Bluff,LA,Sam Houston
Ethan Lizama,South Carolina,2026,74,Sr.,LEFT,LEFT,Agana Heights,GU,Eastlake HS
Beau Hollins,South Carolina,2026,76,So.,BOTH,LEFT,Lexington,SC,River Bluff
Aaron Jamison,South Carolina,2026,72,Jr.,LEFT,LEFT,Morgantown,WV,Morgantown
Erik Parker,South Carolina,2026,75,So.,RIGHT,RIGHT,Suwanee,GA,North Gwinnett
Gavin Braland,South Carolina,2026,75,So.,RIGHT,RIGHT,Hampton,GA,Georgia Premier Academy
Jack Reynolds,South Carolina,2026,72,Jr.,LEFT,RIGHT,Columbia,SC,P27 Academy
Caleb Hoover,South Carolina,2026,75,Jr.,LEFT,RIGHT,Heath,TX,Rockwall Heath High School
Amp Phillips,South Carolina,2026,73,Jr.,RIGHT,RIGHT,Lancaster,SC,Andrew Jackson HS
Josh Gunther,South Carolina,2026,71,Jr.,RIGHT,RIGHT,Fairhope,AL,Bayside Academy
Zach Russell,South Carolina,2026,74,So.,RIGHT,RIGHT,Charleston,SC,West Ashley
Cooper Parks,South Carolina,2026,74,So.,RIGHT,RIGHT,York,SC,York Comprehensive
Hudson Lee,South Carolina,2026,76,Jr.,RIGHT,LEFT,Roebuck,SC,Dorman HS
Joshua Gregoire,South Carolina,2026,74,Jr.,RIGHT,RIGHT,Baton Rouge,LA,Episcopal
Alex Philpott,South Carolina,2026,78,Jr.,RIGHT,RIGHT,Tampa,FL,Strawberry Crest
Connor Chicoli,South Carolina,2026,75,So.,RIGHT,RIGHT,Raleigh,NC,Pro5 Baseball Academy
Alex Valentin,South Carolina,2026,72,Jr.,LEFT,LEFT,Hollywood,FL,ESB Academy
Brandon Stone,South Carolina,2026,78,Jr.,RIGHT,RIGHT,Shawnee Mission,KS,Shawnee Mission West
Logan Prisco,South Carolina,2026,76,So.,LEFT,LEFT,Selden,NY,Newfield High School
Patrick Dudley,South Carolina,2026,76,Fr.,RIGHT,LEFT,Virginia Beach,VA,Atlantic Shores Christian Sch
Parker Marlatt,South Carolina,2026,71,Jr.,RIGHT,RIGHT,Dacula,GA,Hebron Chrstian Academy
Riley Goodman,South Carolina,2026,74,Fr.,RIGHT,RIGHT,Memphis,TN,Christian Brothers
Elijah Foster,South Carolina,2026,72,Jr.,RIGHT,RIGHT,Plainfield,NJ,Seton Hall Prep
Luke Luskey,South Dakota State,2026,70,Jr.,RIGHT,RIGHT,Green Isle,MN,Belle Plaine
Owen Siegert,South Dakota State,2026,69,So.,LEFT,LEFT,Melbourne,IA,West Marshall
Nolan Grawe,South Dakota State,2026,75,So.,LEFT,RIGHT,Cedar Rapids,IA,Cedar Rapids Kennedy
Nicholas Werk,South Dakota State,2026,70,So.,RIGHT,RIGHT,Madison Lake,MN,Mankato East
Dayton Franke,South Dakota State,2026,74,So.,LEFT,LEFT,Plymouth,MN,Robbinsdale Armstrong
Nate Wachter,South Dakota State,2026,74,Fr.,RIGHT,RIGHT,Blair,NE,Blair
Carter Taylor,South Dakota State,2026,72,Fr.,RIGHT,RIGHT,Missoula,MT,Sentinel High School
Keagen Jirschele,South Dakota State,2026,70,So.,RIGHT,RIGHT,Wausau,WI,Mosinee
Travis Finney,South Dakota State,2026,70,Jr.,RIGHT,RIGHT,East Bentleigh,Australia,International School
Grant Sorensen,South Dakota State,2026,72,Fr.,RIGHT,RIGHT,West Des Moines,IA,Waukee Community High School
Luke Evenson,South Dakota State,2026,70,Fr.,RIGHT,RIGHT,Auburn,WA,Bellevue Christian School
Luke Wroblewski,South Dakota State,2026,73,Sr.,RIGHT,RIGHT,Sussex,WI,Hamilton High School
Mason Lang,South Dakota State,2026,73,So.,LEFT,RIGHT,Chaska,MN,Chanhassen
Luke Jones,South Dakota State,2026,72,Jr.,RIGHT,RIGHT,Gilbert,AZ,Campo Verde High School
Brady Brown,South Dakota State,2026,70,So.,RIGHT,RIGHT,Blair,NE,Blair
Kaden Rylance,South Dakota State,2026,72,Fr.,RIGHT,RIGHT,Watertown,SD,Watertown High School
Sam Novotny,South Dakota State,2026,74,Jr.,RIGHT,RIGHT,Omaha,NE,Millard West
Dylan Richardson,South Dakota State,2026,75,Jr.,RIGHT,RIGHT,Vancouver,WA,Union High School
Ty Madison,South Dakota State,2026,74,Sr.,RIGHT,RIGHT,Omaha,NE,Westside
Drew McDowell,South Dakota State,2026,74,So.,RIGHT,RIGHT,Billings,MT,Billings West
Matthew Werk,South Dakota State,2026,71,Sr.,RIGHT,RIGHT,Madison Lake,MN,Mankato East
Samuel Schlecht,South Dakota State,2026,78,Sr.,RIGHT,RIGHT,Maple Grove,MN,Wayzata
Logan Campbell,South Dakota State,2026,74,Fr.,LEFT,RIGHT,Lakeville,MN,Lakeville North High School
Jacob Sjuts,South Dakota State,2026,77,Sr.,RIGHT,RIGHT,Humphrey,NE,Humphrey
Tristan Augedahl,South Dakota State,2026,80,So.,LEFT,LEFT,Caledonia,MN,Caledonia
Will Kent,South Dakota State,2026,73,Jr.,RIGHT,RIGHT,Rosemount,MN,Rosemount
Trey Husar,South Dakota State,2026,75,Fr.,LEFT,LEFT,Harwood,ND,Northern Cass High School
Austin Henry,South Dakota State,2026,77,Jr.,RIGHT,RIGHT,Dell Rapids,SD,Dell Rapids
Jaren Vogt,South Dakota State,2026,72,Fr.,RIGHT,RIGHT,Mayer,MN,Watertown-Mayer High School
Cal Sullivan,Southeast Missouri,2026,73,Jr.,RIGHT,RIGHT,Ely,IA,Prairie High School
Josiah Hall,Southeast Missouri,2026,74,So.,RIGHT,RIGHT,Kansas City,MO,Liberty North HS
Caleb Klein,Southeast Missouri,2026,73,Jr.,RIGHT,RIGHT,Epworth,IA,Western Dubuque High School
Ryan Lopetegui,Southeast Missouri,2026,74,Jr.,RIGHT,RIGHT,Redondo Beach,CA,Redondo Union High School
Dakota Joggerst,Southeast Missouri,2026,74,Jr.,LEFT,RIGHT,Eureka,MO,
Demitri Shakotko,Southeast Missouri,2026,71,Sr.,LEFT,LEFT,Fredericton,Canada,
Joe Terranova,Southeast Missouri,2026,71,Jr.,RIGHT,RIGHT,Mesa,AZ,Mountain View High School
Brooks Kettering,Southeast Missouri,2026,71,Jr.,LEFT,RIGHT,Springfield,MO,
Carson Schrack,Southeast Missouri,2026,70,Sr.,LEFT,RIGHT,Edgerton,KS,
Tank Sims,Southeast Missouri,2026,73,So.,LEFT,RIGHT,West Plains,MO,West Plains HS
Andrew Ramirez,Southeast Missouri,2026,71,Sr.,RIGHT,RIGHT,West Covina,CA,
Logan Yule,Southeast Missouri,2026,73,Jr.,LEFT,LEFT,Phoenix,AZ,Pinnacle High School
Moises Rosario,Southeast Missouri,2026,70,Sr.,RIGHT,RIGHT,Santo Domingo Este,Dominican Republic,International School
Michael Rocha,Southeast Missouri,2026,72,Sr.,RIGHT,RIGHT,Chula Vista,CA,
Mason Pennington,Southeast Missouri,2026,75,Sr.,RIGHT,RIGHT,Collinsville,OK,
Nathan Mertens,Southeast Missouri,2026,75,Sr.,RIGHT,RIGHT,La Canada,CA,
Joseph Keldsen,Southeast Missouri,2026,75,Jr.,RIGHT,RIGHT,Watsonville,CA,Monte Vista Christian
Ranard Grace,Southeast Missouri,2026,69,Sr.,,LEFT,Madison,MS,
Ben Snider,Southeast Missouri,2026,74,Fr.,LEFT,LEFT,Prior Lake,MN,Prior Lake High School
Gavin Johnston,Southeast Missouri,2026,74,Sr.,,,Arnold,MO,Seckman
John-Paul Sauer,Southeast Missouri,2026,74,So.,RIGHT,RIGHT,Jackson,MO,Jackson HS
Matthew Wnukowski,Southeast Missouri,2026,75,So.,LEFT,LEFT,Tinley Park,IL,Tinley Park HS
Andrew Carroll,Southeast Missouri,2026,74,Jr.,RIGHT,RIGHT,Scottsdale,AZ,Chaparral High School
Caden Kickhaefer,Southeast Missouri,2026,77,Sr.,RIGHT,RIGHT,Salina,KS,
Brice Cox,Southeast Missouri,2026,75,Jr.,RIGHT,RIGHT,Petaluma,CA,Casa Grande High School
Jackson Kranawetter,Southeast Missouri,2026,70,Sr.,LEFT,LEFT,Campbell Hill,IL,
John Klus,Southeast Missouri,2026,72,Sr.,LEFT,LEFT,Loveland,CO,
Eddie White,Southeast Missouri,2026,72,Sr.,,,Kansas City,MO,Bishop Miege
Rhett Centanni,Southeastern Louisiana,2026,75,Jr.,RIGHT,RIGHT,New Orleans,LA,Archbishop Rummel High School
Connor Cuff,Southeastern Louisiana,2026,76,Jr.,LEFT,RIGHT,Carthage,TX,Carthage
Alex Perry,Southeastern Louisiana,2026,76,Sr.,RIGHT,RIGHT,Mccomb,MS,North Pike
Justin Williams,Southeastern Louisiana,2026,74,Sr.,RIGHT,RIGHT,Madison,MS,Madison-Ridgeland Academy
Brooks Wright,Southeastern Louisiana,2026,75,So.,LEFT,RIGHT,Baton Rouge,LA,Catholic
Giovanni Licciardi,Southeastern Louisiana,2026,72,Sr.,RIGHT,RIGHT,Metairie,LA,Jesuit HS
Brody Capps,Southeastern Louisiana,2026,75,Sr.,RIGHT,RIGHT,Phenix City,AL,Phenix City Central HS
Peyton Woods,Southeastern Louisiana,2026,72,Jr.,LEFT,RIGHT,Albany,LA,Doyle HS
Dane Watts,Southeastern Louisiana,2026,68,Sr.,LEFT,LEFT,Hammond,LA,St. Thomas Aquinas
Blaise Priester,Southeastern Louisiana,2026,73,Sr.,RIGHT,RIGHT,Denham Springs,LA,Live Oak HS
Ben Robichaux,Southeastern Louisiana,2026,68,Sr.,LEFT,RIGHT,Baton Rouge,LA,Catholic
Mozell Little,Southeastern Louisiana,2026,70,Sr.,RIGHT,RIGHT,Brandon,MS,Brandon HS
Triston Todorowski,Southeastern Louisiana,2026,72,---,RIGHT,RIGHT,Toledo,OH,Springfield Senior HS
Levi Shaffer,Southeastern Louisiana,2026,71,So.,RIGHT,RIGHT,Keller,TX,Keller HS
Luke Lirette,Southeastern Louisiana,2026,72,Sr.,RIGHT,RIGHT,Houma,LA,H.L. Bourgeois HS
Blake Lobell,Southeastern Louisiana,2026,74,Sr.,RIGHT,RIGHT,Holden,LA,Springfield HS
Larson Fabre,Southeastern Louisiana,2026,72,Jr.,RIGHT,LEFT,Denham Springs,LA,Denham Springs HS
Dakota Lee,Southeastern Louisiana,2026,75,Sr.,RIGHT,RIGHT,Purvis,MS,Purvis HS
Logan Freche,Southeastern Louisiana,2026,76,Fr.,RIGHT,RIGHT,Loranger,LA,Oak Forest Academy
Nik Toups,Southeastern Louisiana,2026,77,So.,LEFT,LEFT,Lake Charles,LA,Sam Houston HS
Truitt Webb,Southeastern Louisiana,2026,73,So.,RIGHT,RIGHT,Paris,TN,Henry County HS
Chase Ambrose,Southeastern Louisiana,2026,72,Jr.,RIGHT,RIGHT,Huntsville,AL,Buckhorn HS
Nick Gisclair,Southeastern Louisiana,2026,74,Sr.,RIGHT,RIGHT,Prairieville,LA,Dutchtown HS
Lakin Polk,Southeastern Louisiana,2026,75,Sr.,LEFT,RIGHT,Ponchatoula,LA,Ponchatoula
Dalton Gray,Southeastern Louisiana,2026,73,Jr.,RIGHT,RIGHT,Fort Payne,AL,Fort Payne High School
Kaleb Howell,Southeastern Louisiana,2026,78,Jr.,RIGHT,RIGHT,Denham Springs,LA,Denham Springs HS
Brant Stewart,Southern,2026,,So.,,,,,
Jaylon Lucky,Southern,2026,73,Jr.,,,Atlanta,GA,Westlake HS
Jacoby Radcliffe,Southern,2026,72,Sr.,LEFT,RIGHT,Chicago,IL,Morgan Park HS
Kameron Byrd,Southern,2026,72,Jr.,,,Loganville,GA,"Grayson, HS"
Xavier Bradley,Southern,2026,,So.,,,,,
Kennedy Drexler,Southern,2026,,So.,,,,,
Kelcey (KJ) White Jr.,Southern,2026,70,Sr.,BOTH,RIGHT,Ellenwood,GA,Westlake HS
Ryan Hunter,Southern,2026,72,Jr.,RIGHT,RIGHT,Miramar,FL,Archbishop McCarthy HS
Edward Gregory,Southern,2026,70,Jr.,RIGHT,RIGHT,Detroit,MI,
Kenyon Hughes,Southern,2026,,Fr.,LEFT,RIGHT,New Orleans,LA,Saint Augustine High School
Beny Bikar,Southern,2026,,So.,,,,,
Omari Johnson,Southern,2026,73,Fr.,LEFT,LEFT,Round Rock,TX,Cedar Ridge High School
Caden Brown,Southern,2026,,Fr.,RIGHT,RIGHT,Covington,GA,Newton High School
Stephen Tolbert,Southern,2026,,So.,,,,,
Quincy Thornton,Southern,2026,75,Sr.,RIGHT,RIGHT,,,
Jayden Lawrence,Southern,2026,,Fr.,RIGHT,RIGHT,Fairburn,GA,Chapel Hill High School
Bobby Spencer,Southern,2026,,Sr.,RIGHT,RIGHT,Marietta,GA,George Walton Comprehensive HS
Genesis Prosper,Southern,2026,74,Jr.,,,New Orleans,LA,St. Augustine HS
Caleb Ellis,Southern,2026,72,Sr.,RIGHT,RIGHT,Cecil,AL,Next Level Academy
Rupert Blackwood,Southern,2026,,Fr.,,,Fort Pierce,FL,Fort Pierce Central HS
Jeremiah Eneix,Southern,2026,74,Jr.,RIGHT,LEFT,Anchorage,AK,AJ Diamond HS
Jacob McKenzie,Southern Illinois,2026,71,Jr.,RIGHT,RIGHT,Winter Springs,FL,Winter Springs HS
Kyle Mager,Southern Illinois,2026,76,Sr.,,,St.louis,MO,Webster Groves High School
Kristian Sprawling,Southern Illinois,2026,,Sr.,RIGHT,RIGHT,,,
Gabe Petrucelli,Southern Illinois,2026,,Sr.,,,,,
"Cecil ""Bryson"" Lofton",Southern Illinois,2026,72,Sr.,,,,,
Mike Mylott,Southern Illinois,2026,76,Sr.,RIGHT,RIGHT,Aurora,OH,Aurora
Julio Guerrero,Southern Illinois,2026,,Jr.,,,Zionsville,IN,Springfield Commonwealth Academy
Henry Kufa,Southern Illinois,2026,,Jr.,,,Carlinville,IL,Carlinville High School
Kylen Watson,Southern Illinois,2026,72,Fr.,LEFT,RIGHT,Lititz,PA,Manheim Central
Timothy Simay,Southern Illinois,2026,,Jr.,,,,,
Jaden Flores,Southern Illinois,2026,,Sr.,,,,,
Xavier Farnum,Southern Illinois,2026,70,Fr.,RIGHT,RIGHT,Alpine,CA,Christian HS
Jackson Dibble,Southern Illinois,2026,72,Jr.,,,Geneva,IL,Geneva Community High School
Kaleb Hall,Southern Illinois,2026,,Sr.,,,,,
Mason Schwalbach,Southern Illinois,2026,,Sr.,,,,,
Bryce Habuda,Southern Illinois,2026,,Jr.,,,Fort Myers,FL,Canterbury School
Jack MacIntosh,Southern Illinois,2026,77,Jr.,,,Summerland,Canada,Unknown School
Andrew Evans,Southern Illinois,2026,77,Jr.,RIGHT,RIGHT,Olathe,KS,Olathe West
Charlie Miller,Southern Illinois,2026,75,So.,RIGHT,RIGHT,Lohman,MO,Russellville HS
Josh Hyneman,Southern Illinois,2026,76,So.,RIGHT,RIGHT,Jonesboro,AR,Jonesboro HS
Meade Johnson,Southern Illinois,2026,75,Sr.,LEFT,RIGHT,Mattoon,IL,Mattoon
Tyson Greene,Southern Illinois,2026,,Jr.,,,,,
Dawson Hargrove,Southern Illinois,2026,75,Sr.,RIGHT,RIGHT,Spring Hill,TN,Spring Hill HS
Troy Shepard,Southern Illinois,2026,74,Sr.,RIGHT,LEFT,Coeur D Alene,ID,
Alec Ammerman,Southern Illinois,2026,70,Fr.,RIGHT,RIGHT,Richland,WA,Richland
Matt Irvine,Southern Illinois,2026,75,Sr.,,,,,
Dylan Petrey,Southern Illinois,2026,,Sr.,,,,,
Blake Kimball,Southern Illinois,2026,73,Jr.,RIGHT,RIGHT,Tolono,IL,Tolono
Ryan Halamicek,Southern Illinois,2026,76,So.,LEFT,RIGHT,Yucaipa,CA,Redlands East Valley HS
Jackson Smith,Southern Illinois,2026,76,Jr.,RIGHT,RIGHT,Huntington Beach,CA,Huntington Beach HS
Gavan Wernsing,Southern Illinois,2026,,Sr.,,,,,
Gio De Graauw,Southern Illinois,2026,73,Jr.,RIGHT,RIGHT,Breukelen,Netherlands,Calandlyceum
Hunter Miller,Southern Indiana,2026,72,Sr.,LEFT,RIGHT,Fort Pierce,FL,Central
Patrick McLellan,Southern Indiana,2026,72,Sr.,RIGHT,RIGHT,San Diego,CA,Westview
Jesse Velders,Southern Indiana,2026,73,Sr.,RIGHT,RIGHT,Hilversum,Netherlands,Comenius College
Noah Foster,Southern Indiana,2026,70,Sr.,RIGHT,RIGHT,Tupelo,MS,Tupelo Christian
Clayton Slack,Southern Indiana,2026,71,Sr.,RIGHT,RIGHT,Viroqua,WI,Viroqua
Micajah Wall,Southern Indiana,2026,78,Sr.,RIGHT,RIGHT,Marion,NC,Central
Ethan Rothschild,Southern Indiana,2026,68,Sr.,LEFT,LEFT,Evansville,IN,Central
Khi Holiday,Southern Indiana,2026,69,Sr.,RIGHT,RIGHT,Tupelo,MS,Tupelo Christian
Drue Saenz,Southern Indiana,2026,72,Jr.,RIGHT,RIGHT,Burleson,TX,Burleson High School
Parker Martin,Southern Indiana,2026,70,Jr.,LEFT,RIGHT,Missouri City,TX,Ridge Point
Ryan Skwarek,Southern Indiana,2026,72,Jr.,RIGHT,RIGHT,Crystal Lake,IL,Crystal Lake South High School
Collin Senior,Southern Indiana,2026,70,Jr.,RIGHT,RIGHT,Scottsdale,AZ,Horizon High School
Evan Zapp,Southern Indiana,2026,71,Jr.,LEFT,RIGHT,Greenwood,IN,Center Grove
Dane DeWees,Southern Indiana,2026,72,Jr.,RIGHT,RIGHT,Sellersburg,IN,Silver Creek High School
Skylar Graham,Southern Indiana,2026,73,Jr.,RIGHT,RIGHT,Gretna,NE,Gretna High School
Zion Stephens,Southern Indiana,2026,72,Jr.,RIGHT,RIGHT,Missouri City,TX,Ridge Point HS
Gavyn Boyle,Southern Indiana,2026,74,Sr.,LEFT,RIGHT,Gasport,NY,P27 Academy
Charlie Marisca,Southern Indiana,2026,74,Sr.,LEFT,RIGHT,Grayslake,IL,Central
Trey O'Neil,Southern Indiana,2026,74,Jr.,LEFT,RIGHT,Williamsburg,IA,Williamsburg High School
Mason Bell,Southern Indiana,2026,68,Sr.,RIGHT,RIGHT,Knoxville,TN,Gibb
Ean DiPasquale,Southern Indiana,2026,74,So.,LEFT,RIGHT,Belleville,IL,Belleville East
Sage Stout,Southern Indiana,2026,75,So.,RIGHT,RIGHT,Birdseye,IN,Forest Park
Konner Quinn,Southern Indiana,2026,77,Jr.,RIGHT,RIGHT,South Bend,IN,LA Ville Junior/senior HS
Andres Gonzalez,Southern Indiana,2026,72,Sr.,RIGHT,RIGHT,Nogales,AZ,Sahuarita
Jacob Barrett,Southern Indiana,2026,72,Jr.,RIGHT,RIGHT,Newburgh,IN,Castle High School
Levin East,Southern Indiana,2026,71,Fr.,RIGHT,RIGHT,Paducah,KY,Paducah Tilghman High School
Brady Watts,Southern Indiana,2026,71,Jr.,RIGHT,RIGHT,Scottsburg,IN,Austin
Nathan Anderson,Southern Indiana,2026,76,Sr.,RIGHT,RIGHT,Bondurant,IA,Bondurant-Fararr
Ryan Weller,Southern Indiana,2026,75,Jr.,RIGHT,RIGHT,,,
Jake Porter,Southern Indiana,2026,72,Sr.,LEFT,LEFT,Winterset,IA,Winterset
Eben Hansen,Southern Indiana,2026,74,Jr.,RIGHT,RIGHT,Maynardville,TN,Union County
Caydon Laird,Southern Indiana,2026,73,So.,RIGHT,RIGHT,Brownwood,TX,Early HS
Abdriel Figueroa,Southern Indiana,2026,74,Jr.,RIGHT,RIGHT,Gurabo,PR,PRBAHS
Ian Anderson,Southern Indiana,2026,73,Sr.,RIGHT,RIGHT,Iron Mountain,MI,Iron Mountain
Colin Wolfe,Southern Indiana,2026,72,So.,RIGHT,RIGHT,Evansville,IN,North
Tyler Welch,Southern Indiana,2026,72,Jr.,RIGHT,RIGHT,Davenport,IA,Assumption High School
Jai Jensen,Southern Indiana,2026,75,Sr.,RIGHT,RIGHT,Clinton,IA,Clinton
Kyle Morrison,Southern Miss,2026,72,Sr.,LEFT,RIGHT,Wetumpka,AL,
Davis Gillespie,Southern Miss,2026,73,Jr.,RIGHT,RIGHT,Birmingham,AL,Oak Mountain HS
Joseph Urban,Southern Miss,2026,72,Sr.,RIGHT,RIGHT,Jupiter,FL,Jupiter Community
Matthew Russo,Southern Miss,2026,75,Sr.,LEFT,RIGHT,Madisonville,LA,St. Paul's School
Drey Barrett,Southern Miss,2026,75,So.,RIGHT,RIGHT,Deatsville,AL,Holtville HS
Seth Smith,Southern Miss,2026,74,Jr.,LEFT,RIGHT,Mobile,AL,Mobile Christian HS
Ben Higdon,Southern Miss,2026,74,Sr.,LEFT,RIGHT,Paducah,KY,Paducah HS
Ty Long,Southern Miss,2026,72,So.,RIGHT,RIGHT,Ripley,MS,Ripley HS
Tucker Stockman,Southern Miss,2026,76,Jr.,RIGHT,RIGHT,Athens,AL,Athens HS
Gray Eubanks,Southern Miss,2026,69,Fr.,LEFT,RIGHT,Huntingdon,TN,Huntingdon High School
Caleb Stelly,Southern Miss,2026,73,Sr.,RIGHT,RIGHT,Baton Rouge,LA,Parkview Baptist
Lawson Odom,Southern Miss,2026,70,Jr.,RIGHT,RIGHT,Laurel,MS,West Jones HS
William Tonsmeire Jr.,Southern Miss,2026,69,Fr.,RIGHT,RIGHT,Birmingham,AL,Vestavia Hills High School
Camden Sunstrom,Southern Miss,2026,74,So.,RIGHT,RIGHT,Baton Rouge,LA,University Lab HS
Grayden Harris,Southern Miss,2026,73,So.,LEFT,LEFT,Greenwell Springs,LA,Central HS
Camden Clark,Southern Miss,2026,73,So.,RIGHT,RIGHT,Laurel,MS,West Jones Jr-sr High School
Kros Sivley,Southern Miss,2026,71,Sr.,LEFT,LEFT,Sumrall,MS,Sumrall HS
Josh Och,Southern Miss,2026,71,Jr.,RIGHT,RIGHT,Victoria,MN,Chanhassen HS
Colby Allen,Southern Miss,2026,71,Sr.,RIGHT,RIGHT,Louisville,MS,Starkville Academy
JW Armistead,Southern Miss,2026,77,Sr.,RIGHT,RIGHT,Mooreville,MS,Mooreville HS
Thomas Crabtree,Southern Miss,2026,76,Jr.,RIGHT,RIGHT,Collierville,TN,Collierville
Samuel Mitchell,Southern Miss,2026,72,Fr.,RIGHT,RIGHT,Baton Rouge,LA,Parkview Baptist High School
McCarty English,Southern Miss,2026,73,Jr.,RIGHT,RIGHT,Ocean Springs,MS,Ocean Springs HS
Teague Broadhead,Southern Miss,2026,74,So.,RIGHT,RIGHT,Fairhope,AL,Bayside Academy
Bruce Littleton,Southern Miss,2026,74,Fr.,LEFT,LEFT,Vestavia Hills,AL,Vestavia Hills High School
Logan Pratt,Southern Miss,2026,77,So.,RIGHT,RIGHT,Aaronsburg,PA,Kirk Academy
Drake Meeks,Southern Miss,2026,76,Jr.,RIGHT,RIGHT,Birmingham,AL,Briarwood Christian HS
Kevin Farr,Southern Miss,2026,75,Fr.,RIGHT,RIGHT,Proctor,AR,Northpoint Christian School
Cole Richardson,Southern Miss,2026,77,So.,RIGHT,RIGHT,Ellisville,MS,South Jones HS
Dylan Causey,Southern Miss,2026,74,Fr.,RIGHT,RIGHT,Ellisville,MS,South Jones High School
Luke Taylor,Southern Wesleyan,2026,69,Sr.,LEFT,LEFT,Pendleton,SC,
Samuel Simonds,Southern Wesleyan,2026,75,So.,RIGHT,RIGHT,Fernandina Bch,FL,
Tristan Tillman,Southern Wesleyan,2026,72,Sr.,RIGHT,RIGHT,Summerville,SC,
Josh Long,Southern Wesleyan,2026,70,Sr.,RIGHT,RIGHT,Edgewater,MD,South River HS
Perry Dyer,Southern Wesleyan,2026,73,Jr.,RIGHT,RIGHT,Fountain Inn,SC,
Ryan Postnieks,Southern Wesleyan,2026,70,So.,RIGHT,RIGHT,Bogart,GA,
Ashton Faulk,Southern Wesleyan,2026,70,Sr.,RIGHT,RIGHT,Columbus,GA,Saint Anne-Pacelli Catholic School
Logan Brazell,Southern Wesleyan,2026,73,Sr.,RIGHT,RIGHT,,,
Lukas Arvantides,Southern Wesleyan,2026,75,Jr.,LEFT,LEFT,Bluffton,SC,
Coleman Wylie,Southern Wesleyan,2026,75,So.,LEFT,LEFT,Woodstock,GA,
Matthew White,Southern Wesleyan,2026,74,So.,RIGHT,LEFT,Alpharetta,GA,
Nick Gonsalves,Southern Wesleyan,2026,72,Sr.,RIGHT,RIGHT,San Ramon,CA,Dougherty Valley H.S.
Manuel Castro,St. Bonaventure,2026,70,Jr.,RIGHT,RIGHT,Manchester,NH,Manchester Memorial HS
Conner Vercollone,St. Bonaventure,2026,72,Sr.,RIGHT,RIGHT,Plymouth,MA,Plymouth North
Alex Hebenstreit,St. Bonaventure,2026,79,Sr.,RIGHT,RIGHT,Vienna,VA,
Christian LaMothe,St. Bonaventure,2026,72,Fr.,LEFT,RIGHT,San Juan Capistrano,CA,Tesoro High School
Anthony Fernandez,St. Bonaventure,2026,73,Jr.,LEFT,LEFT,Cranston,RI,Cranston High School East
Christopher Hoalcraft,St. Bonaventure,2026,71,Sr.,RIGHT,RIGHT,Fayetteville,NY,Fayetteville-Manlius
Joseph Calabretti,St. Bonaventure,2026,73,Jr.,RIGHT,RIGHT,Oxford,MI,Lake Orion High School
Antonio Cordeiro,St. Bonaventure,2026,72,Jr.,RIGHT,RIGHT,Pittsburgh,PA,Pittsburgh Central Catholic
Joseph Bruno,St. Bonaventure,2026,73,Jr.,RIGHT,RIGHT,Oxford,MI,Lake Orion High School
Chris Florentino,St. Bonaventure,2026,75,Fr.,RIGHT,RIGHT,Hazleton,PA,Hazleton Area High School
Gavin Constantine,St. Bonaventure,2026,71,Jr.,RIGHT,RIGHT,McKinney,TX,McKinney North
Ashton Ross,St. Bonaventure,2026,72,Sr.,RIGHT,RIGHT,Denver,CO,
James Capellupo III,St. Bonaventure,2026,73,So.,RIGHT,RIGHT,Hilton,NY,Hilton Central
David James,St. Bonaventure,2026,76,Sr.,RIGHT,RIGHT,London,Canada,Saunders
Nolan Feidt,St. Bonaventure,2026,76,Jr.,LEFT,LEFT,Liverpool,NY,Bishop Ludden High School
Tristan Ciampa,St. Bonaventure,2026,71,Sr.,RIGHT,RIGHT,Wilmington,MA,Wilmington
Ryan Kucy,St. Bonaventure,2026,74,Sr.,RIGHT,RIGHT,Edmonton,Canada,
Enger Paulino,St. Bonaventure,2026,75,Jr.,RIGHT,RIGHT,Dudley,MA,Putnam Science
Eamon Giblin,St. Bonaventure,2026,75,Fr.,RIGHT,RIGHT,Syracuse,NY,Jamesville-Dewitt High School
Mark Holm,St. Bonaventure,2026,72,Jr.,LEFT,LEFT,Bracebridge,Canada,Ontario Schools
Derek Duval,St. Bonaventure,2026,73,Jr.,RIGHT,RIGHT,Rotterdam,NY,
Jack Kelly,St. Bonaventure,2026,75,Fr.,RIGHT,RIGHT,Webster,NY,Webster Schroeder High School
Owen Smith,St. Bonaventure,2026,76,Fr.,RIGHT,RIGHT,East Amherst,NY,Williamsville HS North
Jaxson Ross,St. Bonaventure,2026,72,So.,LEFT,LEFT,Salamanca,NY,
Adam Agresti,St. John's,2026,75,So.,RIGHT,RIGHT,Yorktown Heights,NY,Kennedy Catholic
Shaun McMillan,St. John's,2026,75,So.,RIGHT,RIGHT,Freeport,NY,The Lawrenceville School
Jon LeGrande,St. John's,2026,69,Sr.,LEFT,LEFT,Bronx,NY,George Washington
Jayder Raifstanger,St. John's,2026,71,Jr.,LEFT,RIGHT,Great Barrington,MA,Monument Mountain
Dylan Fitzimmons,St. John's,2026,72,Fr.,LEFT,LEFT,Denville,NJ,Morris Knolls
Lewis Rodriguez,St. John's,2026,72,Jr.,RIGHT,RIGHT,Garnerville,NY,Rabun Gap Nacoochee
Cristian Bernardini,St. John's,2026,73,Jr.,RIGHT,RIGHT,Manalapan,NJ,Manalapan HS
Will Cowan,St. John's,2026,74,So.,RIGHT,RIGHT,Albertson,NY,Kellenberg Memorial
Chaz Wright,St. John's,2026,73,So.,LEFT,RIGHT,Mountain Top,PA,Crestwood
Ayden Frey,St. John's,2026,70,Jr.,RIGHT,RIGHT,Camp Hill,PA,Cedar Cliff
Jack Tate,St. John's,2026,75,So.,RIGHT,RIGHT,Wantagh,NY,Wantagh
Rob Mansour,St. John's,2026,72,Sr.,RIGHT,RIGHT,San Dimas,CA,Damien
Sean Britt,St. John's,2026,74,Jr.,LEFT,RIGHT,Rockville Centre,NY,South Side
Dylan Johnson,St. John's,2026,74,Sr.,RIGHT,RIGHT,Selden,NY,Newfield
Ian Mowad,St. John's,2026,74,Jr.,RIGHT,RIGHT,Murrieta,CA,Murrieta Valley
Kyle Chase,St. John's,2026,72,Jr.,RIGHT,RIGHT,Levittown,NY,St. John's the Baptist
Brady Clark,St. John's,2026,74,So.,RIGHT,RIGHT,Bayport,NY,Bayport-Blue Point
Jack Nestler,St. John's,2026,72,Fr.,RIGHT,RIGHT,West Cornwall,CT,The Millbrook School
Nick Gilpin,St. John's,2026,73,Fr.,RIGHT,RIGHT,Nyack,NY,Don Bosco Prep
Liam O'Leary,St. John's,2026,76,Jr.,RIGHT,RIGHT,Souderton,PA,Souderton Area
Victor Frederick,St. John's,2026,77,So.,RIGHT,RIGHT,Northport,NY,St. Dominic
Nick Romer,St. John's,2026,72,Fr.,LEFT,RIGHT,Woodbridge,VA,Charles J. Colgan
Evan Hoeckele,St. John's,2026,75,So.,RIGHT,RIGHT,Bernardsville,NJ,Bernards
Evan Chaffee,St. John's,2026,74,Jr.,LEFT,LEFT,Hamburg,NY,Hamburg HS
Thomas Conley,St. John's,2026,75,Fr.,RIGHT,LEFT,Ridgefield,CT,Immaculate
Tyler Longoria,St. John's,2026,72,So.,LEFT,RIGHT,Watertown,CT,Avon Old Farms
Thomas Harding,St. John's,2026,76,Fr.,LEFT,LEFT,Massapequa,NY,Massapequa
Conor Burns,St. John's,2026,71,Sr.,RIGHT,LEFT,Plainview,NY,Bethpage
Chris Batuyios,St. John's,2026,71,Jr.,RIGHT,RIGHT,Mount Sinai,NY,Mount Sinai
Carter Wall,St. John's,2026,74,Jr.,LEFT,LEFT,Oakville,Canada,Garth Webb Secondary
Garrett Brooks,St. Mary's (TX),2026,72,Sr.,LEFT,LEFT,Spring Branch,TX,Smithson Valley HS
Tanner Recchio,St. Thomas (MN),2026,67,Jr.,,,Lakeville,MN,Lakeville North
Adam Puder,St. Thomas (MN),2026,75,Jr.,,,Blaine,MN,Blaine
Max Berrisford,St. Thomas (MN),2026,74,Fr.,RIGHT,RIGHT,Duluth,MN,Marshall School The
Owen Bond,St. Thomas (MN),2026,75,Jr.,,,Pewaukee,WI,Kettle-Moraine
Easton Fritcher,St. Thomas (MN),2026,72,Jr.,LEFT,LEFT,Hayfield,MN,Hayfield Community School
Chris Knowles,St. Thomas (MN),2026,,Sr.,,,New Ulm,MN,New Ulm Christian School
Matthew Maulik,St. Thomas (MN),2026,71,Jr.,,,St. Michael,MN,St. Michael-Albertville
Zan Von Schlegell,St. Thomas (MN),2026,70,Jr.,,,Downers Grove,IL,Saint Viator
Joe Roder,St. Thomas (MN),2026,72,Sr.,,,New Prague,MN,Shakopee
Terek Verhage,St. Thomas (MN),2026,71,Fr.,LEFT,RIGHT,Madison,WI,Monona Grove High School
Lucas McNellis,St. Thomas (MN),2026,74,So.,,,Woodbury,MN,Woodbury
Nolan Welke,St. Thomas (MN),2026,70,Fr.,LEFT,RIGHT,Plainview,MN,Plainview-elgin-millville HS
Sam Stockman,St. Thomas (MN),2026,71,So.,LEFT,LEFT,Elk River,MN,Elk River HS
Brayden Olson,St. Thomas (MN),2026,74,Jr.,RIGHT,RIGHT,St. Croix Falls,WI,St. Croix Falls
Owen Marsolek,St. Thomas (MN),2026,73,Fr.,LEFT,LEFT,Duluth,MN,Marshall School The
Evan Esch,St. Thomas (MN),2026,70,Sr.,,,Woodbury,MN,Mounds Park Academy
Chris Petersen,St. Thomas (MN),2026,76,So.,,,Clive,IA,Waukee Northwest
Zak Endres,St. Thomas (MN),2026,74,Sr.,,,Lakeville,MN,Lakeville South
Max Skilbeck,St. Thomas (MN),2026,77,Sr.,,,Minneapolis,MN,Southwest
AJ Rasmussen,St. Thomas (MN),2026,72,So.,RIGHT,RIGHT,Delano,MN,Delano Senior High School
Will Pierro,St. Thomas (MN),2026,72,Fr.,RIGHT,RIGHT,Dubuque,IA,Wahlert High School
Jack Scanlon,St. Thomas (MN),2026,75,Fr.,RIGHT,RIGHT,Loretto,MN,Delano Senior High School
Ben Moser,St. Thomas (MN),2026,77,So.,,,Menomonee Falls,WI,Sussex Hamilton
Warren Bowe,St. Thomas (MN),2026,72,Fr.,LEFT,LEFT,Cadott,WI,Cadott High School
Nolan Kemp,St. Thomas (MN),2026,71,Sr.,,,Chaska,MN,Chaska
Easton Bobb,St. Thomas (MN),2026,72,So.,,,Chippewa Falls,WI,"Chippewa Falls, Wis."
Landon Majerus,St. Thomas (MN),2026,76,Fr.,RIGHT,RIGHT,Waconia,MN,Waconia High School
Nolan Phillips,St. Thomas (MN),2026,67,Jr.,,,Colorado Springs,CO,Palmer Ridge
Teddy Tokheim,Stanford,2026,75,Fr.,RIGHT,RIGHT,Seattle,WA,Lakeside
Eric Jeon,Stanford,2026,70,Jr.,RIGHT,RIGHT,Fullerton,CA,La Mirada
Brady Reynolds,Stanford,2026,73,Jr.,LEFT,RIGHT,Bakersfield,CA,Liberty
Rintaro Sasaki,Stanford,2026,73,So.,LEFT,RIGHT,Hanamaki,Japan,Hanamaki-Higashi
Brock Sell,Stanford,2026,73,Fr.,LEFT,RIGHT,Stockton,CA,Tokay
Cort MacDonald,Stanford,2026,73,Sr.,LEFT,LEFT,Arlington,TX,Pantego Christian Academy
Nolan Stoll,Stanford,2026,76,Fr.,RIGHT,RIGHT,Stevenson Ranch,CA,West Ranch
Ethan Hott,Stanford,2026,70,Sr.,RIGHT,RIGHT,Paradise Valley,AZ,Chaparral
Charlie Bates,Stanford,2026,73,So.,LEFT,RIGHT,Palo Alto,CA,Palo Alto
Brock Ketelsen,Stanford,2026,76,Fr.,LEFT,LEFT,Scotts Valley,CA,Valley Christian
Jimmy Nati,Stanford,2026,74,Sr.,RIGHT,RIGHT,Sydney,Australia,Oakhill College
Luke Lavin,Stanford,2026,76,Jr.,LEFT,RIGHT,Laguna Beach,CA,Santa Margarita Catholic
JJ Moran,Stanford,2026,74,So.,RIGHT,RIGHT,San Diego,CA,San Marcos
Tatum Marsh,Stanford,2026,73,So.,RIGHT,RIGHT,San Jose,CA,Valley Christian
Philip Cheong,Stanford,2026,70,Fr.,RIGHT,RIGHT,Richmond Hill,Canada,Bill Crothers
Rashad Hayes,Stanford,2026,73,Fr.,RIGHT,RIGHT,Oakland,CA,Bishop O'Dowd
Trevor Moore,Stanford,2026,73,Sr.,RIGHT,RIGHT,Golden,CO,Mullen
Toran O'Harran,Stanford,2026,73,Sr.,RIGHT,RIGHT,Rocklin,CA,Rocklin
Cohen Gomez,Stanford,2026,75,So.,RIGHT,RIGHT,Anaheim,CA,Canyon
Nick Dugan,Stanford,2026,74,Sr.,RIGHT,RIGHT,Eureka,CA,St. Bernard's Academy
Sam Garewal,Stanford,2026,77,Sr.,LEFT,LEFT,San Diego,CA,Canyon Crest Academy
Ben Reimers,Stanford,2026,76,Jr.,RIGHT,RIGHT,Aliso Viejo,CA,JSerra Catholic
Andrew Shaw,Stanford,2026,75,Fr.,LEFT,LEFT,Woodstock,GA,Sequoyah
Colt Peterson,Stanford,2026,72,Fr.,RIGHT,RIGHT,Orange,CA,Orange Lutheran
Parker Warner,Stanford,2026,74,So.,RIGHT,RIGHT,Livermore,CA,Granada
Aidan Keenan,Stanford,2026,74,Jr.,RIGHT,RIGHT,Morgan Hill,CA,Live Oak
Kassius Thomas,Stanford,2026,74,Sr.,RIGHT,RIGHT,Los Angeles,CA,Sierra Canyon
Mike Erspamer,Stanford,2026,72,Fr.,LEFT,LEFT,San Clemente,CA,San Clemente
Austin Steeves,Stanford,2026,72,So.,LEFT,LEFT,Petaluma,CA,Casa Grande
Quinten Marsh,Stanford,2026,74,Fr.,LEFT,LEFT,San Jose,CA,Valley Christian
Liam Golden,Stanford,2026,77,So.,RIGHT,RIGHT,Sacramento,CA,Christian Brothers
Mark Henning,Stephen F. Austin,2026,76,Sr.,LEFT,RIGHT,Houston,TX,Houston Christian HS
Jhett Creel,Stephen F. Austin,2026,70,Jr.,LEFT,RIGHT,Wylie,TX,Sachse High School
Rodric Black,Stephen F. Austin,2026,75,Sr.,RIGHT,RIGHT,Fort Worth,TX,L.B. Bell
Brigden Smith,Stephen F. Austin,2026,70,Jr.,,,Gilbert,AZ,Campo Verde High School
Juan Cantua,Stephen F. Austin,2026,69,Jr.,LEFT,LEFT,Forney,TX,North Forney High School
Julian Swift,Stephen F. Austin,2026,70,Sr.,RIGHT,RIGHT,Cedar Park,TX,
Coby DeJesus,Stephen F. Austin,2026,70,Jr.,RIGHT,RIGHT,Diboll,TX,Diboll HS
Cermodrick Bland,Stephen F. Austin,2026,70,So.,RIGHT,RIGHT,Nacogdoches,TX,Nacogdoches HS
Ethan Pena,Stephen F. Austin,2026,76,Jr.,RIGHT,RIGHT,Simi Valley,CA,Simi Valley High School
Trey Acreman,Stephen F. Austin,2026,70,Jr.,RIGHT,RIGHT,Montgomery,TX,Montgomery High School
Joshua Ibe,Stephen F. Austin,2026,75,Sr.,RIGHT,RIGHT,Cypress,TX,
Jackson Benattar,Stephen F. Austin,2026,70,Sr.,RIGHT,RIGHT,Los Angeles,CA,
Cooper Schneider,Stephen F. Austin,2026,71,Sr.,RIGHT,RIGHT,Cleburne,TX,
Evan Aslaksen,Stephen F. Austin,2026,75,Jr.,RIGHT,RIGHT,League City,TX,Clear Falls
Ethan Adkisson,Stephen F. Austin,2026,72,Sr.,RIGHT,RIGHT,Diana,TX,
Jonathan Valdez,Stephen F. Austin,2026,71,Sr.,RIGHT,RIGHT,Cypress,TX,
Gabe Leblanc,Stephen F. Austin,2026,79,Jr.,RIGHT,RIGHT,Nacogdoches,TX,
Jack James,Stephen F. Austin,2026,75,Sr.,LEFT,LEFT,Tulsa,OK,
Reid Bowyer,Stephen F. Austin,2026,69,Sr.,RIGHT,RIGHT,Nacogdoches,TX,Nacogdoches High School
Dylan Mulcahy,Stephen F. Austin,2026,76,Jr.,RIGHT,RIGHT,Austin,TX,
Ayden Terry,Stephen F. Austin,2026,70,Jr.,BOTH,RIGHT,Lucas,TX,Community High School
Cody Templeton,Stephen F. Austin,2026,72,Jr.,RIGHT,LEFT,,,
Brennan Greer,Stephen F. Austin,2026,73,Jr.,RIGHT,RIGHT,San Antonio,TX,Reagan HS
Seanan Farney,Stephen F. Austin,2026,74,Jr.,RIGHT,RIGHT,Litchfield Park,AZ,
Nate Vidlak,Stephen F. Austin,2026,73,Sr.,RIGHT,RIGHT,Grants Pass,OR,Hidden Valley High School
Noah O'Farrell,Stephen F. Austin,2026,73,Jr.,RIGHT,RIGHT,New Caney,TX,Grand Oaks High School
Elian Balmaceda,Stephen F. Austin,2026,69,Sr.,LEFT,LEFT,Houston,TX,"Cypress Falls, High School"
Kadin Munson,Stephen F. Austin,2026,72,Sr.,LEFT,LEFT,Danbury,TX,
Charles Feris,Stephen F. Austin,2026,74,Sr.,RIGHT,RIGHT,Canyon Lake,TX,
Hayden Tronson,Stephen F. Austin,2026,73,Sr.,RIGHT,RIGHT,Deer Park,TX,
Adrian Rubio,Stephen F. Austin,2026,70,Sr.,RIGHT,RIGHT,El Paso,TX,Pebble Hills HS
Gage Elliott,Stephen F. Austin,2026,72,Jr.,RIGHT,RIGHT,Tulsa,OK,Charles Page High School
Juan De La Cruz,Stetson,2026,70,Jr.,RIGHT,RIGHT,Jersey City,NJ,Bergen Catholic
Anthony Gonzalez,Stetson,2026,69,Jr.,RIGHT,RIGHT,Miami,FL,Columbus HS
Yohann Dessureault,Stetson,2026,74,Sr.,LEFT,RIGHT,Trois-Rivières,Canada,TNXL Academy
Foster Apple,Stetson,2026,73,So.,RIGHT,RIGHT,Chapin,SC,Chapin
Jack Harley,Stetson,2026,72,Fr.,LEFT,RIGHT,Mendham,NJ,Delbarton School
Danny Perez,Stetson,2026,72,So.,RIGHT,RIGHT,Hialeah,FL,Charles W. Flanagan
Nelphie Lopez,Stetson,2026,73,Jr.,LEFT,RIGHT,Bronx,NY,Fordham Prep
Andrew Ezell,Stetson,2026,73,So.,RIGHT,RIGHT,Deland,FL,Spruce Creek
Landon Russell,Stetson,2026,73,Sr.,RIGHT,RIGHT,Phenix City,AK,Russell County (Gulf Coast CC)
Renzo Gonzalez,Stetson,2026,71,Sr.,LEFT,LEFT,Miami,FL,Doral Academy
Cade Centracchio,Stetson,2026,73,Fr.,RIGHT,RIGHT,Cumming,GA,West Forsyth High School
Samuel Fernandez,Stetson,2026,75,Fr.,RIGHT,RIGHT,Tampa,FL,Florida Virtual Schl Full-time
Jayden Hylton,Stetson,2026,77,Sr.,RIGHT,RIGHT,Palm Beach Gardens,FL,Palm Beach Gardens
Sean Griggs,Stetson,2026,74,So.,LEFT,RIGHT,Wall,NJ,Red Bank Catholic
Paul Napolitano,Stetson,2026,73,Jr.,RIGHT,RIGHT,Rockville Centre,NY,Kellenberg Memorial
Julian Mercado,Stetson,2026,74,Fr.,,,Orlando,FL,The Master's Academy
Salvador Alvarez,Stetson,2026,69,Jr.,RIGHT,RIGHT,Miami,FL,Montverde Academy
Corey Robinson,Stetson,2026,71,Sr.,RIGHT,RIGHT,Port Orange,FL,Spruce Creek
Esteban Dessureault,Stetson,2026,74,Fr.,,,Trois Rivieres,Canada,Unknown School
Brendan Walker,Stetson,2026,72,Sr.,RIGHT,RIGHT,Woodsville,NH,Kimball Union Academy
Brayden Toro,Stetson,2026,72,So.,RIGHT,RIGHT,,,Hagerty High School
Dallis Moran,Stetson,2026,73,Jr.,RIGHT,RIGHT,Gonzales,LA,St. Amant
Ethan Phillips,Stetson,2026,73,Sr.,BOTH,RIGHT,Dunedin,FL,Calvary Christian
Trace Hartman,Stetson,2026,76,Jr.,RIGHT,RIGHT,Baltimore,OH,Watkins Memorial High School
Joel Core,Stetson,2026,72,Jr.,RIGHT,RIGHT,Orlando,FL,Central Pointe Christian Academy
Andrew Lepine,Stetson,2026,73,So.,RIGHT,RIGHT,Winter Springs,FL,Winter Springs
Connor Ball,Stetson,2026,72,Sr.,LEFT,LEFT,Sterrett,AL,Chelsea
James Hays,Stetson,2026,74,Jr.,LEFT,RIGHT,Hawkinsville,GA,The Westfield School
Lathan Haywood,Stetson,2026,72,Jr.,RIGHT,RIGHT,Bremerton,WA,Olympic High School
Thomas Achey,Stetson,2026,72,Fr.,,,Orlando,FL,First Academy
Jake Gorelick,Stetson,2026,72,Jr.,RIGHT,RIGHT,Miami,FL,Doral Academy
Tj Melani,Stetson,2026,72,Sr.,RIGHT,RIGHT,Sanford,FL,Seminole HS
Zane Coppersmith,Stetson,2026,72,Jr.,RIGHT,RIGHT,Jupiter,FL,Palm Beach Gardens High
Jose Roig,Stetson,2026,74,So.,,,Miami,FL,Doral Academy Charter HS
Thrasher Steed,Stetson,2026,75,Jr.,RIGHT,RIGHT,Orange Beach,AL,Gulf Shores
Bryce Gluckman,Stetson,2026,73,So.,RIGHT,RIGHT,Winter Garden,FL,Bishop Moore Catholic
Michael Rickert,Stonehill,2026,72,Sr.,LEFT,RIGHT,Moosic,PA,Riverside
Tyler Redden,Stonehill,2026,70,Fr.,RIGHT,RIGHT,West Hartford,CT,Hall High School
Nathan Kearney,Stonehill,2026,75,Jr.,LEFT,LEFT,Londonderry,NH,Central Catholic
Will Newton,Stonehill,2026,71,So.,RIGHT,RIGHT,Apex,NC,Apex
Samuel Parks,Stonehill,2026,68,Sr.,LEFT,LEFT,Marion,MA,Tabor Academy
Cameron Morrison,Stonehill,2026,70,Jr.,RIGHT,RIGHT,Bridgewater,MA,Bridgewater-Raynham Regional
Sean McGee,Stonehill,2026,73,Sr.,RIGHT,RIGHT,Duxbury,MA,IMG Academy
Ryan LeClair,Stonehill,2026,69,Jr.,RIGHT,RIGHT,Foxboro,MA,Foxboro
Jamison Howland,Stonehill,2026,71,Jr.,RIGHT,RIGHT,New Braintree,MA,Worcester Academy
Eisig Chin,Stonehill,2026,72,Jr.,LEFT,LEFT,Franklin,MA,Franklin
Nicholas Lundquist,Stonehill,2026,72,Jr.,RIGHT,RIGHT,Winston Salem,NC,Reagan
Will Christopher,Stonehill,2026,74,Jr.,RIGHT,RIGHT,Middletown,NJ,Middletown South
Jackson Enders,Stonehill,2026,71,Fr.,RIGHT,RIGHT,Cheshire,CT,Cheshire High School
John Bureau,Stonehill,2026,73,Fr.,LEFT,RIGHT,East Lyme,CT,East Lyme High School
Armanis Romero,Stonehill,2026,71,Fr.,RIGHT,RIGHT,Boston,MA,English High School
Kacin Robinson,Stonehill,2026,74,Fr.,RIGHT,RIGHT,East Hartford,CT,Avon Old Farms School
Brayden Rader,Stonehill,2026,72,So.,LEFT,RIGHT,Bethlehem,PA,Bethlehem
James Gilleran,Stonehill,2026,75,Sr.,RIGHT,RIGHT,Mansfield,MA,Mansfield
Ryan Douglas,Stonehill,2026,72,Sr.,RIGHT,RIGHT,Bellingham,MA,Xaverian Brothers High School
Jake Lanzer,Stonehill,2026,76,Sr.,LEFT,LEFT,Newburgh,NY,Newburgh Free Academy
Hunter Bell,Stonehill,2026,74,So.,LEFT,LEFT,Rockport,ME,Camden Hills
Noah Basgaard,Stonehill,2026,77,So.,RIGHT,RIGHT,Shrewsbury,MA,Saint John's
Alex Cook,Stonehill,2026,73,So.,LEFT,LEFT,Dover,NH,Dover High School
Dan Lang,Stonehill,2026,75,Jr.,RIGHT,RIGHT,Southbury,CT,Pomperaug High School
Kenny Meliere,Stonehill,2026,75,Fr.,RIGHT,RIGHT,Franklin Square,NY,Chaminade High School
Joshua Florence,Stonehill,2026,73,So.,RIGHT,RIGHT,Haverhill,MA,Central Catholic
Zach Brockner,Stonehill,2026,72,Jr.,LEFT,LEFT,Chester Springs,PA,Owen J. Roberts
Tanyon Weber,Stonehill,2026,78,So.,RIGHT,RIGHT,Riverton,CT,Suffield Academy
Jack Welsch,Stonehill,2026,72,So.,LEFT,LEFT,Cary,NC,Green Level
Sean Connolly,Stonehill,2026,75,Fr.,RIGHT,RIGHT,Hebron,CT,Salisbury School
Luke Dellentash,Stonehill,2026,72,So.,RIGHT,RIGHT,Westwood,NJ,Bergan Catholic
Chanz Doughty,Stony Brook,2026,,Sr.,RIGHT,RIGHT,Lacey,WA,River Ridge
Chris Carson,Stony Brook,2026,72,Jr.,LEFT,RIGHT,Lindenhurst,NY,Lindenhurst HS
Nick Zampieron,Stony Brook,2026,,So.,RIGHT,RIGHT,Port Jefferson Station,NY,Comsewogue
Nick Dromboski,Stony Brook,2026,,Fr.,LEFT,LEFT,Columbus,NJ,Northern Burlington Cty Reg HS
Michael Villani,Stony Brook,2026,,So.,LEFT,RIGHT,Old Bridge,NJ,Old Bridge
Matthew Jackson,Stony Brook,2026,72,Jr.,LEFT,RIGHT,Staten Island,NY,St. Peter's/P27
Scott Gell,Stony Brook,2026,73,Jr.,RIGHT,RIGHT,Trumbull,CT,Trumbull HS
Michael Cervoni,Stony Brook,2026,,So.,RIGHT,RIGHT,Locust Valley,NY,Chaminade (NY)
Johnny Pilla,Stony Brook,2026,71,Sr.,LEFT,RIGHT,Ridgewood,NJ,Ridgewood
James Schaffer,Stony Brook,2026,,So.,RIGHT,RIGHT,Fairless Hills,PA,Pennsbury
Luke Ciminiello,Stony Brook,2026,,So.,LEFT,RIGHT,Saint James,NY,Smithtown East
Aidyn Coffey,Stony Brook,2026,,Jr.,RIGHT,RIGHT,Albany,IN,Monroe Central Jr-sr HS
Luke Szepek,Stony Brook,2026,76,Jr.,RIGHT,RIGHT,Albany,NY,Christian Brothers Academy
Jack Scheri,Stony Brook,2026,69,So.,RIGHT,RIGHT,Peru,IL,La Salle-Peru
Micah Worley,Stony Brook,2026,,Sr.,LEFT,LEFT,Kirkwood,MO,Principia (Town & Country)
Dylan Henshaw,Stony Brook,2026,,Fr.,RIGHT,RIGHT,Bardonia,NY,Don Bosco Preparatory HS
Aidan Colagrande,Stony Brook,2026,73,Sr.,LEFT,LEFT,Kings Park,NY,Kings Park
Christian Martinez,Stony Brook,2026,,Jr.,RIGHT,RIGHT,Corpus Christi,TX,W.B. Ray HS
Luca Mannino,Stony Brook,2026,,Fr.,RIGHT,RIGHT,Wrightstown,NJ,Northern Burlington Cty Reg HS
Ty Panariello,Stony Brook,2026,69,Jr.,,RIGHT,Bay Shore,NY,Bay Shore
Nicholas Rizzo,Stony Brook,2026,74,Jr.,LEFT,LEFT,East Islip,NY,East Islip
John Rizzo,Stony Brook,2026,74,Sr.,RIGHT,RIGHT,Islip Terrace,NY,East Islip
Hunter Colagrande,Stony Brook,2026,,So.,,RIGHT,Kings Park,NY,Kings Park
Evan Kay,Stony Brook,2026,,So.,RIGHT,RIGHT,Commack,NY,Commack
Reilly Bridges,Stony Brook,2026,,Fr.,RIGHT,RIGHT,Ridgewood,NJ,Ridgewood High School
Matt Canizares,Stony Brook,2026,72,Sr.,RIGHT,RIGHT,Queens,NY,Monsignor McClancy HS
Jack Bell,TCU,2026,72,Jr.,LEFT,RIGHT,Corpus Christi,TX,Ray
Sawyer Strosnider,TCU,2026,74,So.,LEFT,LEFT,Brock,TX,Brock
Chase Brunson,TCU,2026,75,Jr.,RIGHT,RIGHT,San Clemente,CA,San Clemente
Brady Dallimore,TCU,2026,76,Fr.,RIGHT,RIGHT,Las Vegas,NV,Palo Verde High School
Preston Gamster,TCU,2026,75,Sr.,RIGHT,RIGHT,Dallas,TX,Highland Park
Nolan Traeger,TCU,2026,72,So.,LEFT,RIGHT,Spring,TX,Concordia Lutheran
Cole Cramer,TCU,2026,73,Sr.,RIGHT,RIGHT,Arlington,WA,Arlington
Colton Griffin,TCU,2026,70,Jr.,LEFT,RIGHT,Houston,TX,Klein Collins
Rob Liddington,TCU,2026,75,Sr.,RIGHT,LEFT,Phoenix,AZ,Paradise Valley
Kyuss Gargett,TCU,2026,73,Jr.,BOTH,RIGHT,Anderson,IN,Cathedral HS
Jack Arthur,TCU,2026,73,Sr.,RIGHT,RIGHT,Flower Mound,TX,Flower Mound
Noah Franco,TCU,2026,75,So.,LEFT,LEFT,Downey,CA,IMG Academy
Lucas Franco,TCU,2026,75,Fr.,LEFT,RIGHT,Katy,TX,Cinco Ranch High School
Cole Eaton,TCU,2026,72,So.,RIGHT,RIGHT,Elkhorn,NE,Elkhorn South
Cade Nelson,TCU,2026,78,Fr.,RIGHT,RIGHT,Katy,TX,Katy HS
Kade Durnin,TCU,2026,75,Fr.,RIGHT,RIGHT,Linn Creek,MO,Camdenton
Tommy LaPour,TCU,2026,76,Jr.,RIGHT,RIGHT,Blue Springs,MO,Blue Springs South
Trever Baumler,TCU,2026,75,So.,RIGHT,RIGHT,Urbandale,IA,Dowling Catholic
Tanner Sagouspe,TCU,2026,72,Sr.,RIGHT,RIGHT,Madera,CA,San Joaquin Memorial HS
Lance Davis,TCU,2026,76,Fr.,RIGHT,RIGHT,Jonesboro,AR,Valley View HS
Ethan Thomas,TCU,2026,77,So.,RIGHT,RIGHT,Alameda,CA,Alameda HS
Walter Quinn,TCU,2026,76,Sr.,RIGHT,RIGHT,Simi Valley,CA,Grace Brethren
Zack James,TCU,2026,75,So.,RIGHT,RIGHT,Flower Mound,TX,Flower Mound HS
Mason Brassfield,TCU,2026,76,So.,LEFT,LEFT,Bakersfield,CA,Bakersfield Christian
Nate Stern,TCU,2026,76,So.,RIGHT,RIGHT,Los Angeles,CA,Loyola
Nolan Johnson,TCU,2026,73,Sr.,LEFT,LEFT,Lakeville,MN,Lakeville North
Uli Fernsler,TCU,2026,76,Fr.,LEFT,LEFT,Novi,MI,Novi High School
Tyler Phenow,TCU,2026,78,So.,RIGHT,RIGHT,Champlin,MN,Champlin Park
Gunnett Carlson,Tampa,2026,70,Sr.,LEFT,RIGHT,Tampa,FL,Berkeley Prep
Jordan Evans,Tampa,2026,69,Jr.,RIGHT,RIGHT,Tuscaloosa,AL,Tuscaloosa Academy
Jake Books,Tampa,2026,73,Sr.,LEFT,RIGHT,Royersford,PA,Spring-Ford
Brayden Woodburn,Tampa,2026,72,Sr.,RIGHT,RIGHT,Winter Springs,FL,Oviedo HS
Jhoander Irigoyen,Tampa,2026,73,Sr.,RIGHT,RIGHT,Winter Garden,FL,Sunshine State Elite Academy
Robert Satin,Tampa,2026,75,Jr.,LEFT,LEFT,Tampa,FL,H.B. Plant HS
Rayner Heinrich,Tarleton State,2026,69,So.,RIGHT,RIGHT,Georgetown,TX,Rouse HS
Slade McCloud,Tarleton State,2026,72,Sr.,LEFT,RIGHT,Robinson,TX,Robinson HS
Jake Tatom,Tarleton State,2026,73,Sr.,RIGHT,RIGHT,Kingwood,TX,Porter HS
Sergio Guerra,Tarleton State,2026,72,Sr.,RIGHT,RIGHT,San Diego,TX,San Diego HS
Ike Shirey,Tarleton State,2026,70,Sr.,RIGHT,RIGHT,Dale,OK,Dale HS
Brady Englett,Tarleton State,2026,69,Jr.,RIGHT,RIGHT,Katy,TX,Katy HS
Christopher Ricard,Tarleton State,2026,75,Jr.,RIGHT,RIGHT,Lewiston,ID,Lewiston HS
Carson Lorch,Tarleton State,2026,69,Sr.,RIGHT,RIGHT,Cypress,TX,Cypress Woods HS
Kendyl Johnson,Tarleton State,2026,69,So.,LEFT,LEFT,Little Elm,TX,Little Elm HS
Cage McCloud,Tarleton State,2026,73,So.,LEFT,RIGHT,China Spring,TX,China Spring High School
Matthew Guthmiller,Tarleton State,2026,72,Sr.,LEFT,LEFT,Omaha,NE,Millard South HS
Raphael Smeenk,Tarleton State,2026,74,Jr.,BOTH,RIGHT,Amsterdam,Netherlands,Berlage Lyceum
Braden Gostisha,Tarleton State,2026,75,Sr.,LEFT,RIGHT,Round Rock,TX,Stony Point HS
Mason Kirk,Tarleton State,2026,73,So.,RIGHT,RIGHT,China Spring,TX,China Spring HS
Matthew McCullough,Tarleton State,2026,80,Fr.,RIGHT,RIGHT,Pottsboro,TX,Pottsboro High
Aden Lucas,Tarleton State,2026,72,Sr.,RIGHT,RIGHT,Conroe,TX,Oak Ridge HS
Ethan Wendel,Tarleton State,2026,81,Jr.,RIGHT,RIGHT,Louise,TX,Louise HS
Cort Lowry,Tarleton State,2026,75,So.,RIGHT,RIGHT,Franklin,TX,Franklin HS
Jackson Elizondo,Tarleton State,2026,71,So.,RIGHT,LEFT,Spring Branch,TX,Smithson Valley HS
Anthony Treto,Tarleton State,2026,74,Jr.,RIGHT,RIGHT,Fort Lupton,CO,Brighton HS
Ethan Jaques,Tarleton State,2026,75,Sr.,RIGHT,RIGHT,Aledo,TX,Aledo HS
Karsen Davis,Tarleton State,2026,73,So.,LEFT,LEFT,Grand Prairie,TX,Mansfield Lake Ridge HS
Brian Panneton,Tarleton State,2026,73,Sr.,RIGHT,RIGHT,Tomball,TX,Tomball Memorial HS
Jack Lovin,Tarleton State,2026,73,Fr.,RIGHT,RIGHT,Flower Mound,TX,Flower Mound HS
Tai Phetluangsy,Tarleton State,2026,71,Sr.,LEFT,RIGHT,Amarillo,TX,Tascosa HS
Brendon Carter,Tarleton State,2026,74,Sr.,RIGHT,RIGHT,Edmond,OK,Edmond North HS
Andrew Hardin,Tarleton State,2026,73,Sr.,RIGHT,RIGHT,Round Rock,TX,Round Rock HS
Conner Doucet,Tarleton State,2026,75,Sr.,RIGHT,RIGHT,The Woodlands,TX,The Woodlands HS
Ben Bosse,Tarleton State,2026,73,Sr.,RIGHT,RIGHT,Brenham,TX,Brenham HS
Ashton Bassett,Tarleton State,2026,72,So.,LEFT,LEFT,Magnolia,TX,Magnolia HS
Carter Coffin,Tarleton State,2026,74,Sr.,RIGHT,LEFT,Pflugerville,TX,Weiss HS
Corbin Walter,Tarleton State,2026,77,Fr.,RIGHT,RIGHT,League City,TX,Clear Springs HS
Daniel Bass,Tarleton State,2026,76,Sr.,RIGHT,RIGHT,Melissa,TX,Melissa HS
Garrett Wright,Tennessee,2026,72,Jr.,RIGHT,RIGHT,Massillon,OH,Jackson
Reese Chapman,Tennessee,2026,73,Sr.,LEFT,RIGHT,Parker,CO,Grandview
Henry Ford,Tennessee,2026,77,Jr.,RIGHT,RIGHT,Charlottesville,VA,Baylor School
Blake Grimmer,Tennessee,2026,75,So.,LEFT,RIGHT,Spring Lake,MI,Orchard Lake St. Mary's Prep
Trent Grindlinger,Tennessee,2026,75,Fr.,RIGHT,RIGHT,Huntington Beach,CA,Huntington Beach
Nathan Eisfelder,Tennessee,2026,74,Fr.,RIGHT,RIGHT,Johnson City,TN,IMG Academy
Finley Bates,Tennessee,2026,70,Jr.,RIGHT,RIGHT,Castle Rock,CO,Douglas County
Levi Clark,Tennessee,2026,73,So.,RIGHT,RIGHT,Marietta,GA,Walton
Manny Marin,Tennessee,2026,73,So.,RIGHT,RIGHT,Hialeah,FL,Westminster Christian School
Tyler Myatt,Tennessee,2026,72,So.,LEFT,RIGHT,Tazewell,TN,Claiborne
Stone Lawless,Tennessee,2026,74,So.,RIGHT,RIGHT,Huntsville,AL,Huntsville
Blaine Brown,Tennessee,2026,77,So.,LEFT,LEFT,Houston,TX,Shadow Creek
Jay Abernathy,Tennessee,2026,70,So.,LEFT,RIGHT,Acworth,GA,North Cobb
Hunter High,Tennessee,2026,72,Jr.,LEFT,RIGHT,Nashville,TN,Lipscomb Academy
Ariel Antigua,Tennessee,2026,68,Jr.,RIGHT,RIGHT,Lake Worth,FL,Trinity Christian Academy
Chris Newstrom,Tennessee,2026,74,So.,RIGHT,RIGHT,Phoenix,AZ,Chaparral
Taylor Tracey,Tennessee,2026,78,Fr.,RIGHT,LEFT,Austin,TX,Dripping Springs
Nic Abraham,Tennessee,2026,77,So.,LEFT,RIGHT,Elk Grove,CA,Franklin
Jax Bishop,Tennessee,2026,74,Fr.,RIGHT,RIGHT,Rome,GA,Baylor School
Bo Rhudy,Tennessee,2026,76,Jr.,RIGHT,RIGHT,Chickamauga,GA,Gordon Lee
Cameron Appenzeller,Tennessee,2026,77,Fr.,LEFT,LEFT,Chatham,IL,Glenwood
Brady Frederick,Tennessee,2026,71,Jr.,RIGHT,RIGHT,Knoxville,TN,Bearden
Landon Mack,Tennessee,2026,73,So.,BOTH,RIGHT,Columbus,NJ,Bishop Eustace
Tegan Kuhns,Tennessee,2026,75,So.,BOTH,RIGHT,Gettysburg,PA,Gettysburg Area
Evan Blanco,Tennessee,2026,72,Sr.,LEFT,LEFT,Woburn,MA,Austin Preparatory School
Mark Hindy,Tennessee,2026,76,Sr.,LEFT,LEFT,Essex Fells,NJ,Seton Hall Prep
Brandon Arvidson,Tennessee,2026,77,Jr.,RIGHT,LEFT,Dripping Springs,TX,Dripping Springs
Chandler Day,Tennessee,2026,74,Fr.,LEFT,LEFT,Germantown,TN,Houston
Ethan Baiotto,Tennessee,2026,75,Fr.,RIGHT,RIGHT,Southlake,TX,Southlake Carroll
William Haas,Tennessee,2026,73,Fr.,LEFT,LEFT,Rockford,MN,Rockford
Brayden Krenzel,Tennessee,2026,75,So.,RIGHT,RIGHT,Dublin,OH,Dublin Jerome
Sawyer Deering,Tennessee,2026,72,Fr.,RIGHT,RIGHT,Kimberly,WI,Kimberly
Jorsixt Jimenez,Tennessee Tech,2026,72,Sr.,RIGHT,RIGHT,Puerto Plata,Dominican Republic,Veritas Academy
Owen Lee,Tennessee Tech,2026,72,So.,LEFT,RIGHT,Trenton,TN,Peabody HS
AJ Marchetti,Tennessee Tech,2026,72,Jr.,RIGHT,RIGHT,Wheeling,IL,Wheeling High School
Manny Garza,Tennessee Tech,2026,71,Sr.,BOTH,RIGHT,Rio Grande City,TX,Rio Grande City
Landon Smelser,Tennessee Tech,2026,73,So.,LEFT,LEFT,Johnson City,TN,Science Hill HS
Connor Crowson,Tennessee Tech,2026,72,Sr.,RIGHT,RIGHT,,,
Eddie Garza,Tennessee Tech,2026,70,Sr.,RIGHT,RIGHT,Rio Grande City,TX,Rio Grande City HS
Tyler Bennett,Tennessee Tech,2026,74,Fr.,RIGHT,RIGHT,Knoxville,TN,Christian Academy OF Knoxville
Jackson Rooker,Tennessee Tech,2026,70,So.,BOTH,RIGHT,Celina,TX,Celina HS
Nash Crowell,Tennessee Tech,2026,72,Sr.,RIGHT,RIGHT,Portmaitland,Canada,Nova Scotia
Luke Bragga,Tennessee Tech,2026,75,So.,LEFT,RIGHT,Cookeville,TN,Cookeville HS
Cade Fuller,Tennessee Tech,2026,76,Jr.,RIGHT,RIGHT,Spring Hill,TN,Grace Christian Academy
Ty Denton,Tennessee Tech,2026,73,So.,RIGHT,RIGHT,Knoxville,TN,Hardin Valley Academy
Aaron Moffitt,Tennessee Tech,2026,75,So.,BOTH,RIGHT,Cookeville,TN,Livingston Academy
Eli Huddleston,Tennessee Tech,2026,70,Jr.,LEFT,LEFT,Silver Point,TN,Upperman HS
Carson Davis,Tennessee Tech,2026,76,Fr.,RIGHT,RIGHT,Chattanooga,TN,East Hamilton School
Logan Moller,Tennessee Tech,2026,77,So.,RIGHT,RIGHT,Chelsea,AL,Chelsea HS
Carter Casabella,Tennessee Tech,2026,76,So.,RIGHT,RIGHT,Hendersonville,TN,Station Camp HS
Braxton Lewis,Tennessee Tech,2026,75,So.,RIGHT,RIGHT,Knoxville,TN,Farragut HS
Drew Kirby,Tennessee Tech,2026,78,So.,RIGHT,RIGHT,Cookeville,TN,Cy Woods
Jaxson Pease,Tennessee Tech,2026,73,Sr.,RIGHT,RIGHT,Knoxville,TN,Farragut HS
Garrett Holpuch,Tennessee Tech,2026,79,Sr.,RIGHT,RIGHT,Corvallis,OR,Corvallis HS
Reece McDuffie,Tennessee Tech,2026,71,Sr.,RIGHT,RIGHT,Mount Airy,NC,Mount Airy HS
Jayden Dillard,Tennessee Tech,2026,71,Jr.,RIGHT,RIGHT,Salisbury,MD,James M. Bennett
Ty Barnett,Tennessee Tech,2026,71,So.,LEFT,LEFT,Athens,TN,McMinn
Alex Kuntz,Tennessee Tech,2026,72,Jr.,LEFT,LEFT,Richfield,WI,Mount Airy
Drew Mattox,Tennessee Tech,2026,77,Jr.,RIGHT,RIGHT,Sevierville,TN,Sevier County HS
Cooper Casteel,Tennessee Tech,2026,73,Sr.,LEFT,LEFT,Cleveland,TN,Bradley Central HS
Carson Parrott,Tennessee Tech,2026,71,So.,RIGHT,RIGHT,Monroe,TN,Livingston Academy
Lawson Stricklin,Tennessee Tech,2026,71,Jr.,RIGHT,RIGHT,Decatur,AL,Decatur HS
Garret Holpuch,Tennessee Tech,2026,79,Sr.,RIGHT,RIGHT,Corvallis,OR,Corvallis HS
Justin Fallon,Tennessee Tech,2026,72,Fr.,LEFT,RIGHT,Cookeville,TN,Upperman High School
Micah Summar,Tennessee Tech,2026,73,So.,LEFT,LEFT,Mount Juliet,TN,Green Hill HS
Carson Tinney,Texas,2026,76,Jr.,RIGHT,RIGHT,Castle Pines,CO,Valor Christian
Aiden Robbins,Texas,2026,74,Jr.,RIGHT,RIGHT,Yardley,PA,Holy Ghost Prep
Anthony Pack Jr.,Texas,2026,70,Fr.,LEFT,LEFT,Lakewood,CA,Millikan
Andrew Ermis,Texas,2026,73,Jr.,RIGHT,RIGHT,San Antonio,TX,Reagan
Casey Borba,Texas,2026,73,Jr.,RIGHT,RIGHT,Santa Ana,CA,Orange Lutheran
Ethan Mendoza,Texas,2026,70,Jr.,RIGHT,RIGHT,Bedford,TX,Southlake Carroll
Temo Becerra,Texas,2026,72,Sr.,RIGHT,RIGHT,Clovis,CA,Buchanan
Ashton Larson,Texas,2026,73,Jr.,LEFT,LEFT,Overland Park,KS,St. Thomas Aquinas
Adrian Rodriguez,Texas,2026,74,So.,BOTH,BOTH,Flower Mound,TX,Flower Mound
Dariyan Pendergrass,Texas,2026,70,Sr.,LEFT,LEFT,Hartsville,SC,Hartsville
Jayden Duplantier,Texas,2026,72,Sr.,RIGHT,RIGHT,Humble,TX,Summer Creek
Josh Livingston,Texas,2026,72,Sr.,LEFT,RIGHT,Prosper,TX,Rock Hill
Jonah Williams,Texas,2026,75,So.,LEFT,LEFT,Galveston,TX,Ball
Maddox Monsour,Texas,2026,71,Fr.,RIGHT,RIGHT,Carrollton,GA,Carrollton
Presley Courville,Texas,2026,71,Fr.,RIGHT,RIGHT,Lake Charles,LA,Barbe
Brody Walls,Texas,2026,74,Fr.,RIGHT,RIGHT,Mckinney,TX,Mckinney Boyd
Sam Cozart,Texas,2026,78,Fr.,RIGHT,RIGHT,High Point,NC,Wesleyan Christian
Dylan Volantis,Texas,2026,78,So.,LEFT,LEFT,Thousand Oaks,CA,Westlake
Cody Howard,Texas,2026,73,Sr.,RIGHT,RIGHT,The Woodlands,TX,The Woodlands
Luke Harrison,Texas,2026,74,Sr.,LEFT,LEFT,Friendswood,TX,Lutheran South Academy
Kade Bing,Texas,2026,73,Jr.,LEFT,LEFT,West,TX,West
Hudson Hamilton,Texas,2026,73,Jr.,RIGHT,RIGHT,Spring,TX,Grand Oaks
Haiden Leffew,Texas,2026,73,Jr.,LEFT,RIGHT,Kannapolis,NC,South Rowan
Michael Winter,Texas,2026,77,Fr.,RIGHT,RIGHT,Prairie Village,KS,Shawnee Mission East
Ruger Riojas,Texas,2026,72,Sr.,RIGHT,RIGHT,Wimberley,TX,Wimberley
Thomas Burns,Texas,2026,75,Jr.,RIGHT,RIGHT,Hortonville,WI,Hortonville
Max Grubbs,Texas,2026,73,Sr.,RIGHT,RIGHT,Arlington,TX,Martin
Ethan Walker,Texas,2026,72,Jr.,LEFT,LEFT,Ashburn,VA,Broad Run
Brett Crossland,Texas,2026,77,Fr.,RIGHT,RIGHT,Phoenix,AZ,Mountain Pointe
Jason Flores,Texas,2026,73,So.,RIGHT,RIGHT,Wylie,TX,Naaman Forest
Calen Higgins,Texas,2026,76,Sr.,LEFT,LEFT,Kearney,NE,Kearney
Ben Royo,Texas A&M,2026,74,Sr.,RIGHT,RIGHT,Corpus Christi,TX,Veterans
Caden Sorrell,Texas A&M,2026,75,Jr.,LEFT,LEFT,Highland Village,TX,Flower Mound Marcus
Gavin Grahovac,Texas A&M,2026,74,Jr.,RIGHT,RIGHT,Orange,CA,Villa Park
Connor Harrison,Texas A&M,2026,75,Jr.,RIGHT,RIGHT,Danville,CA,De La Salle
Blake Binderup,Texas A&M,2026,78,Jr.,RIGHT,RIGHT,College Station,TX,College Station
Nicholas Partida,Texas A&M,2026,72,Fr.,RIGHT,RIGHT,Manvel,TX,Pearland High School
Chris Hacopian,Texas A&M,2026,73,Jr.,RIGHT,RIGHT,Potomac,MD,Winston Churchill
Jorian Wilson,Texas A&M,2026,76,Fr.,LEFT,RIGHT,Hallettsville,TX,Hallettsville High School
Wesley Jordan,Texas A&M,2026,75,Sr.,RIGHT,RIGHT,Highland Village,TX,Marcus HS
Jake Duer,Texas A&M,2026,73,Sr.,LEFT,LEFT,Flower Mound,TX,Marcus
Travis Chestnut,Texas A&M,2026,67,Sr.,RIGHT,RIGHT,Pflugerville,TX,Pflugerville
Boston Kellner,Texas A&M,2026,72,Fr.,RIGHT,RIGHT,Chandler,AZ,Hamilton High School
Terrence Kiel II,Texas A&M,2026,73,So.,RIGHT,RIGHT,Atlanta,GA,Pace Academy
Blake Labuda,Texas A&M,2026,70,Sr.,RIGHT,RIGHT,Broomfield,CO,Legacy High School
Sawyer Farr,Texas A&M,2026,76,So.,BOTH,RIGHT,Fort Worth,TX,Boswell
Zane Becker,Texas A&M,2026,71,So.,RIGHT,RIGHT,Flower Mound,TX,Flower Mound HS
Aiden Sims,Texas A&M,2026,74,So.,LEFT,RIGHT,Forney,TX,Forney
Gavin Lyons,Texas A&M,2026,75,So.,RIGHT,RIGHT,Guilford,CT,Hamden Hall
Clayton Freshcorn,Texas A&M,2026,72,Jr.,RIGHT,RIGHT,Waller,TX,Waller
Ethan Darden,Texas A&M,2026,72,Sr.,LEFT,LEFT,Rock Hill,SC,Northwestern HS
Cooper Powell,Texas A&M,2026,71,Fr.,LEFT,LEFT,Bedford,TX,Colleyville Heritage HS
Juan Vargas,Texas A&M,2026,73,Jr.,RIGHT,RIGHT,Panama City,Panama,North Cobb Christian HS
Hunter Bond,Texas A&M,2026,78,Jr.,LEFT,LEFT,College Station,TX,A & M Consolidated High School
Weston Moss,Texas A&M,2026,76,Jr.,RIGHT,RIGHT,Spring,TX,Montgomery Lake Creek
Grant Cunningham,Texas A&M,2026,75,Sr.,RIGHT,RIGHT,Seattle,WA,Seattle Prep
Shane Sdao,Texas A&M,2026,74,Jr.,LEFT,LEFT,Montgomery,TX,Lake Creek
Cole Hubert,Texas A&M,2026,71,Fr.,LEFT,LEFT,Hellertown,PA,Saucon Valley Senior HS
Joshua Stewart,Texas A&M,2026,74,Sr.,RIGHT,RIGHT,Georgetown,TX,St. Dominic Savio Catholic
Hunter Vincent,Texas A&M,2026,75,Fr.,LEFT,LEFT,Prosper,TX,Prosper High School
Tyler Schumann,Texas A&M Kingsville,2026,,So.,,,,,
Cade Sanchez,Texas A&M-Corpus Christi,2026,69,Sr.,RIGHT,RIGHT,Houston,TX,Jersey Village HS
Isaiah Afework,Texas A&M-Corpus Christi,2026,,Jr.,RIGHT,RIGHT,Federal Way,WA,Federal Way HS
Christian Smith-Johnson,Texas A&M-Corpus Christi,2026,73,Sr.,RIGHT,RIGHT,N Richland Hills,TX,Richland HS
Jayden Reynolds,Texas A&M-Corpus Christi,2026,,Jr.,LEFT,RIGHT,Fair Oaks,CA,Bella Vista HS
Jack Bergstrom,Texas A&M-Corpus Christi,2026,,Jr.,RIGHT,RIGHT,Federal Way,WA,Decatur HS
Will Stark,Texas A&M-Corpus Christi,2026,71,So.,LEFT,RIGHT,Katy,TX,Obra D. Tompkins HS
Jackson Smith,Texas A&M-Corpus Christi,2026,72,Sr.,LEFT,RIGHT,Owasso,OK,Owasso HS
Matthew Evans,Texas A&M-Corpus Christi,2026,72,Jr.,LEFT,LEFT,Tillsonburg,Canada,Glendale HS
Jarrett Flaggert,Texas A&M-Corpus Christi,2026,77,Jr.,RIGHT,RIGHT,Choctaw,OK,Choctaw HS
Maxwell Towchik,Texas A&M-Corpus Christi,2026,,Jr.,RIGHT,RIGHT,Colleyville,TX,Colleyville Heritage HS
Hunter Azemar,Texas A&M-Corpus Christi,2026,,Jr.,RIGHT,RIGHT,Lafayette,LA,Southside HS
Karson Krowka,Texas A&M-Corpus Christi,2026,72,Sr.,RIGHT,RIGHT,Heath,TX,Rockwall-Heath HS
Austin Russell,Texas A&M-Corpus Christi,2026,72,Sr.,RIGHT,RIGHT,Flower Mound,TX,Flower Mound HS
Kade Budd,Texas A&M-Corpus Christi,2026,,Jr.,LEFT,LEFT,Corpus Christi,TX,London HS
Pierre-Luc Jacques,Texas A&M-Corpus Christi,2026,,Jr.,RIGHT,RIGHT,Saint-Nicolas,Canada,École Pointe-Lévy
Chase Mayer,Texas A&M-Corpus Christi,2026,,Jr.,LEFT,LEFT,Amherst,OH,Marion L. Steele HS
Connor Schlect,Texas A&M-Corpus Christi,2026,,Jr.,RIGHT,RIGHT,Yakima,WA,West Valley HS
Luke Singleton,Texas A&M-Corpus Christi,2026,75,Sr.,LEFT,LEFT,Colorado Springs,CO,Vista Ridge HS
Easten Smith,Texas A&M-Corpus Christi,2026,71,Sr.,RIGHT,RIGHT,Glenn Heights,TX,Red Oak HS
Nathan Mueller,Texas A&M-Corpus Christi,2026,,Jr.,RIGHT,RIGHT,Fort Worth,TX,Timber Creek HS
Luke Robertson,Texas A&M-Corpus Christi,2026,77,So.,RIGHT,RIGHT,Frisco,TX,Wakeland HS
Matthew Molina,Texas A&M-Corpus Christi,2026,72,Jr.,RIGHT,RIGHT,Alice,TX,Alice HS
Nicho Crowley,Texas A&M-Corpus Christi,2026,,Jr.,RIGHT,RIGHT,Port Orchard,WA,Bremerton HS
Chandler Fowler,Texas A&M-Corpus Christi,2026,,Jr.,RIGHT,RIGHT,Jenks,OK,Jenks HS
Preston Watkins,Texas A&M-Corpus Christi,2026,75,Jr.,RIGHT,RIGHT,Deer Park,TX,Deer Park HS
Bryson Shea,Texas A&M-Corpus Christi,2026,74,So.,RIGHT,RIGHT,Eagle,ID,Eagle HS
John Paul Buckner,Texas A&M-Corpus Christi,2026,,Jr.,RIGHT,RIGHT,Starkville,MS,Starkville Academy
Zachari Pace,Texas Southern,2026,,Jr.,,,Colorado Springs,CO,Vista Ridge High School
Byron Robinson,Texas Southern,2026,,Jr.,,,Houston,TX,Manvel High School
Nathaniel Lopez,Texas Southern,2026,,Sr.,,,,,
Jonathan Trejo,Texas Southern,2026,72,Jr.,,,Katy,TX,
Zac Laviage,Texas Southern,2026,,So.,,,Bellaire,TX,Emery Weiner School
Collin Dennis,Texas Southern,2026,,So.,,,,,
Jace Maynard,Texas Southern,2026,,Sr.,,,,,
Ethan Farris,Texas State,2026,76,Jr.,RIGHT,RIGHT,Cypress,TX,Cy Woods
Clayton Namken,Texas State,2026,74,Fr.,RIGHT,RIGHT,New Braunfels,TX,New Braunfels HS
Manuel Salas,Texas State,2026,73,Jr.,LEFT,RIGHT,N Richland Hills,TX,Richland HS
Dawson Park,Texas State,2026,71,So.,RIGHT,RIGHT,Magnolia,TX,Magnolia West
Rashawn Galloway,Texas State,2026,70,Sr.,RIGHT,RIGHT,Boerne,TX,Boerne
Jaquae Stewart,Texas State,2026,70,Jr.,LEFT,LEFT,Sinton,TX,Sinton
Austin Munguia,Texas State,2026,70,Sr.,RIGHT,RIGHT,Round Rock,TX,Round Rock
Jackson Cotton,Texas State,2026,74,Fr.,LEFT,LEFT,Missouri City,TX,Saint Pius X
Justin Vossos,Texas State,2026,72,Jr.,RIGHT,RIGHT,Missouri City,TX,Ridge Point
Blake Beheler,Texas State,2026,74,Fr.,RIGHT,RIGHT,Sugar Land,TX,George Ranch
Tanner Carson,Texas State,2026,76,Fr.,RIGHT,RIGHT,Southlake,TX,Southlake Carroll
Chase Mora,Texas State,2026,74,Sr.,RIGHT,RIGHT,Tomball,TX,Tomball
Brady Boles,Texas State,2026,72,So.,RIGHT,RIGHT,Lubbock,TX,Frenship
Bennett Fryman,Texas State,2026,71,Jr.,LEFT,LEFT,Frisco,TX,Lone Star
Zachary Gingrich,Texas State,2026,72,So.,LEFT,RIGHT,Spring Branch,TX,Smithson Valley
Samson Pugh,Texas State,2026,70,Jr.,RIGHT,RIGHT,Montgomery,TX,Lake Creek
Coy DeFury,Texas State,2026,75,Sr.,LEFT,RIGHT,Melissa,TX,Melissa
Kyle Froehlich,Texas State,2026,73,Sr.,LEFT,RIGHT,Nipawin,Canada,L.P. Miller Comprehensive HS
Dylan Kerbow,Texas State,2026,72,Sr.,LEFT,RIGHT,The Woodlands,TX,The Woodlands
Keller Eberly,Texas State,2026,78,Sr.,RIGHT,RIGHT,Maitland,FL,TNXL Academy
Wade Cooper,Texas State,2026,73,Fr.,RIGHT,RIGHT,Del Rio,TX,Del Rio
Alec Beversdorf,Texas State,2026,72,Jr.,RIGHT,RIGHT,Seabrook,TX,Clear Falls HS
Ryan Markwardt,Texas State,2026,72,Sr.,LEFT,LEFT,Itasca,TX,Itasca
Jesus Tovar,Texas State,2026,72,Sr.,LEFT,LEFT,El Paso,TX,Montwood
Will Canalichio,Texas State,2026,76,Jr.,LEFT,LEFT,New Braunfels,TX,Canyon
Cameron O'Banan,Texas State,2026,72,Sr.,RIGHT,RIGHT,Dripping Springs,TX,Dripping Springs
Alizaeh Gutierrez,Texas State,2026,70,Sr.,LEFT,LEFT,El Paso,TX,Montwood HS
Nolan Moore,Texas State,2026,75,Fr.,LEFT,LEFT,New Braunfels,TX,New Braunfels HS
Sam Hall,Texas State,2026,73,Sr.,RIGHT,RIGHT,Beaumont,TX,West Brook
Tyler Walton,Texas State,2026,73,So.,RIGHT,RIGHT,San Antonio,TX,Johnson
Titan Targac,Texas State,2026,72,Fr.,LEFT,LEFT,Flatonia,TX,Flatonia HS
Cade Smith,Texas State,2026,75,So.,RIGHT,RIGHT,San Antonio,TX,Winston Churchill HS
Alexander Yearwood,Texas State,2026,75,Fr.,RIGHT,RIGHT,Houston,TX,St. Pius X
Shane Connell,Texas State,2026,73,Sr.,RIGHT,RIGHT,Tomball,TX,Klein Oak
Braylen Timmins,Texas State,2026,73,Sr.,LEFT,LEFT,Grand Prairie,TX,South Grand Prairie
Logan Hughes,Texas Tech,2026,72,Jr.,LEFT,LEFT,Deland,FL,Winter Springs HS
Jesse Rusinek,Texas Tech,2026,72,Fr.,LEFT,LEFT,Brock,TX,Brock
Caden Ferraro,Texas Tech,2026,74,Jr.,LEFT,LEFT,Pearland,TX,Pearland
Connor Shouse,Texas Tech,2026,73,So.,RIGHT,RIGHT,Jasper,GA,Pickens County
Davis Rivers,Texas Tech,2026,72,Jr.,LEFT,LEFT,Waller,TX,Waller
Robin Villeneuve,Texas Tech,2026,73,Sr.,RIGHT,LEFT,Gatineau,Canada,Polyvalente Nicolas-Gatineau
AJ Goytia,Texas Tech,2026,71,Jr.,RIGHT,RIGHT,Juncos,PR,Montverde Academy
Tracer Lopez,Texas Tech,2026,70,Sr.,LEFT,RIGHT,Rosebud,TX,C.H. Yoe
Kyeler Thompson,Texas Tech,2026,72,Sr.,RIGHT,RIGHT,Santa Fe,TX,Santa Fe
Matt Quintanar,Texas Tech,2026,73,Jr.,RIGHT,RIGHT,Sunland,CA,Hart
Linkin Garcia,Texas Tech,2026,77,Fr.,RIGHT,RIGHT,Huntington Beach,CA,Homeschool
Jace Souza,Texas Tech,2026,74,So.,LEFT,LEFT,Honolulu,HI,Kamehameha School
Coleman Ryan,Texas Tech,2026,72,So.,RIGHT,RIGHT,Tomball,TX,Tomball
Jon Lowe,Texas Tech,2026,74,Sr.,RIGHT,RIGHT,Rockwall,TX,Rockwall-Heath
Lukas Pirko,Texas Tech,2026,73,Jr.,RIGHT,RIGHT,Murrieta,CA,Vista Murrieta High School
Ryan Free,Texas Tech,2026,74,Sr.,LEFT,LEFT,Frisco,TX,Frisco
Adam Hayes,Texas Tech,2026,77,Fr.,RIGHT,RIGHT,Berthoud,CO,Berthoud
Bryce Suiter,Texas Tech,2026,78,So.,RIGHT,RIGHT,Centerton,AR,Bentonville West
Will Jordan,Texas Tech,2026,77,So.,RIGHT,RIGHT,Weatherford,TX,Weatherford
Heeryun Han,Texas Tech,2026,73,Jr.,LEFT,RIGHT,Gyeonggi-do,South Korea,
Jacob Rogers,Texas Tech,2026,74,Sr.,RIGHT,RIGHT,Friendswood,TX,Friendswood
Logan Bevis,Texas Tech,2026,78,Jr.,RIGHT,RIGHT,Longwood,FL,Montverde Academy
Donovan Becerra,Texas Tech,2026,75,Jr.,RIGHT,RIGHT,Eagle Pass,TX,Eagle Pass
Jake Spindler,Texas Tech,2026,75,Fr.,RIGHT,RIGHT,Wallkill,NY,Wallkill
Logan Addison,Texas Tech,2026,73,So.,RIGHT,RIGHT,Tahoka,TX,New Home
Kaysen Raineri,Texas Tech,2026,74,So.,RIGHT,RIGHT,Temecula,CA,Great Oak
Jackson Burns,Texas Tech,2026,76,So.,RIGHT,RIGHT,Aledo,TX,Southwest Christian
Jorden Espinoza,Texas Tech,2026,74,So.,LEFT,LEFT,Watsonville,CA,Aptos
Brady Trombello,Texas Tech,2026,74,Jr.,RIGHT,RIGHT,Ridgefield,WA,Prairie
Connor Mohan,Texas Tech,2026,75,So.,RIGHT,RIGHT,Burleson,TX,Burleson
Michael Gibson,The Citadel,2026,75,Sr.,RIGHT,RIGHT,Rock Hill,SC,
Christian Stratis,The Citadel,2026,71,So.,RIGHT,RIGHT,Hilton Head Island,SC,Hilton Head Island
TJ Anderson,The Citadel,2026,72,Sr.,LEFT,RIGHT,Aynor,SC,Florence Darlington CC
Zachary Hunt,The Citadel,2026,73,Jr.,RIGHT,RIGHT,Dillon,SC,Lake View High School
Sam Dansky,The Citadel,2026,72,So.,RIGHT,RIGHT,Charlotte,NC,Providence
Jayden Williams,The Citadel,2026,72,Fr.,RIGHT,RIGHT,Columbia,SC,Spring Valley High School
Rhyder Poppell,The Citadel,2026,70,So.,RIGHT,RIGHT,Tallahassee,FL,Florida HS
Garrett Fulmer,The Citadel,2026,70,Jr.,RIGHT,RIGHT,Spartanburg,SC,Spartanburg
Lane Tobin,The Citadel,2026,70,Sr.,RIGHT,RIGHT,Summerville,SC,
Phillips Daniels,The Citadel,2026,72,Sr.,RIGHT,RIGHT,Columbia,SC,A.C. Flora
Miles Barbrey,The Citadel,2026,70,Fr.,RIGHT,RIGHT,Fountain Inn,SC,Fountain Inn
Matthew Lively,The Citadel,2026,75,Sr.,RIGHT,RIGHT,Chapin,SC,Chapin
Aryan Patel,The Citadel,2026,72,Sr.,RIGHT,RIGHT,Hanahan,SC,Hanahan
Carson Hodges,The Citadel,2026,70,Fr.,RIGHT,RIGHT,Kennesaw,GA,Mount Paran Christian School
Will Holmes,The Citadel,2026,72,Sr.,LEFT,LEFT,Inman,SC,Boiling Springs
Andrew Buffkin,The Citadel,2026,71,Jr.,RIGHT,RIGHT,Myrtle Beach,SC,Carolina Forest High School
Liam Foley,The Citadel,2026,72,Jr.,RIGHT,RIGHT,Charlotte,NC,Providence High School
Ben Brash,The Citadel,2026,76,Jr.,RIGHT,RIGHT,Aiken,SC,South Aiken
Bryce Coulter,The Citadel,2026,75,Jr.,RIGHT,RIGHT,Sumter,SC,Sumter High School
Trip Brown,The Citadel,2026,74,Jr.,RIGHT,RIGHT,Charleston,SC,
Cj Van Slooten,The Citadel,2026,78,Sr.,RIGHT,RIGHT,Charleston,SC,Ashley Ridge
Zane Davis,The Citadel,2026,72,Sr.,RIGHT,RIGHT,Chesterfield,SC,Florence Darlington CC
Steven Trone,The Citadel,2026,73,Sr.,RIGHT,RIGHT,Summit,NJ,"Riverside HS (Loudoun County, Va)"
Riley Ballard,The Citadel,2026,77,Fr.,RIGHT,RIGHT,Hanahan,SC,Hanahan High School
Jacob Deacon,The Citadel,2026,75,Fr.,RIGHT,RIGHT,Goose Creek,SC,Stratford High School
Mason Yokum,The Citadel,2026,75,Jr.,RIGHT,LEFT,Leesburg,VA,Pro5 Academy
Andrew Bowers,The Citadel,2026,74,Jr.,RIGHT,RIGHT,Mount Pleasant,SC,Oceanside Collegiate
Jackson Bottar,The Citadel,2026,69,Fr.,LEFT,LEFT,Blythewood,SC,Blythewood High School
Kaden Kiser,The Citadel,2026,77,Jr.,LEFT,LEFT,Columbus,OH,
Garrett Taulbee,Thomas More,2026,74,Sr.,RIGHT,RIGHT,,,Felicity Franklin
Troy Sudbrook,Toledo,2026,75,Sr.,LEFT,RIGHT,Avon,OH,Avon
Ty O'Brien,Toledo,2026,73,So.,RIGHT,RIGHT,Bowling Green,OH,Otsego
Charlie Scholvin,Toledo,2026,72,Jr.,RIGHT,RIGHT,Powell,OH,Olentangy Orange
Cole Meyer,Toledo,2026,70,Sr.,RIGHT,RIGHT,,,
Cade Baker,Toledo,2026,72,Jr.,RIGHT,RIGHT,Whitney,TX,Whitney High School
Jacob Payne,Toledo,2026,75,Jr.,RIGHT,RIGHT,Lynn Haven,FL,A Crawford Mosley High School
Carson McCaleb,Toledo,2026,70,Jr.,BOTH,RIGHT,,,
Jackson Hiatt,Toledo,2026,78,Jr.,RIGHT,RIGHT,,,
Preston Zumwalt,Toledo,2026,72,Fr.,RIGHT,RIGHT,Tipp City,OH,Tippecanoe High School
Cole Cahill,Toledo,2026,75,Jr.,LEFT,LEFT,Powell,OH,Olentangy Orange
Liam Arsich,Toledo,2026,75,Fr.,RIGHT,RIGHT,Mokena,IL,Lincoln-way Central HS
Alex McCranie,Toledo,2026,72,Jr.,RIGHT,RIGHT,Pace,FL,Pace High School
Luke Walton,Toledo,2026,72,Jr.,LEFT,LEFT,Sandusky,OH,Perkins
Saborn Campbell,Toledo,2026,72,Sr.,RIGHT,RIGHT,Bloomfield Hills,MI,Detroit Country Day
JP Wagner,Toledo,2026,74,Jr.,LEFT,RIGHT,Toledo,OH,St. John's Jesuit
Ryan Sudbrook,Toledo,2026,76,Fr.,RIGHT,RIGHT,Avon,OH,Avon High School
John Hojnowski,Toledo,2026,72,Jr.,RIGHT,RIGHT,Brownstown,MI,Oscar A Carlson High School
Nathan Leininger,Toledo,2026,76,Sr.,RIGHT,RIGHT,Powell,OH,Olentangy Liberty
Michael Fliss,Toledo,2026,78,Fr.,RIGHT,RIGHT,Indianapolis,IN,North Central
Brady Sasse,Toledo,2026,77,So.,RIGHT,RIGHT,North Royalton,OH,North Royalton
Nate Langbehn,Toledo,2026,76,So.,RIGHT,RIGHT,Rothschild,WI,DC Everest
Cole Giesige,Toledo,2026,73,Sr.,LEFT,LEFT,Lambertville,MI,Whiteford High School
Hayden Frey,Toledo,2026,76,Fr.,LEFT,LEFT,Troy,OH,Troy High School
Arturo Ormaza,Toledo,2026,72,Jr.,LEFT,LEFT,Miami,FL,Felix Varela Senior High
Deron Swanson,Toledo,2026,75,Sr.,LEFT,LEFT,Fort Wayne,IN,Snider
Samuel Rufenacht,Toledo,2026,76,Fr.,LEFT,LEFT,New Philadelphia,OH,Quaker Digital Academy
Ryan Hughes,Toledo,2026,78,Jr.,RIGHT,RIGHT,Cave Creek,AZ,Cactus Shadow
Braden Curry,Toledo,2026,75,So.,RIGHT,RIGHT,Whitehouse,OH,Anthony Wayne
Nigel Sebastianelli,Towson,2026,73,Jr.,LEFT,RIGHT,St. Catharines,Canada,Sir Winston Churchill
Brady Nathison,Towson,2026,72,Jr.,RIGHT,LEFT,Fuquay-Varina,NC,Fuquay-Varina
Keldrin Rodriguez,Towson,2026,75,Jr.,LEFT,RIGHT,Bronx,NY,Valley Central
Brian Heckelman,Towson,2026,72,Sr.,RIGHT,RIGHT,Mineola,NY,Chaminade
Max D'Alessandro,Towson,2026,74,Sr.,RIGHT,RIGHT,Mount Laurel,NJ,Lenape
Jack Hughes,Towson,2026,75,Jr.,RIGHT,RIGHT,Hamilton,NJ,Notre Dame
Josh Janove,Towson,2026,70,Sr.,RIGHT,RIGHT,Cherry Hill,NJ,Cherry Hill East
Nick LoBello,Towson,2026,68,Jr.,RIGHT,RIGHT,New York,NY,Xavier
Benjamin Nugent,Towson,2026,69,So.,BOTH,LEFT,Budd Lake,NJ,Mount Olive
Yariel Rodriguez,Towson,2026,68,Jr.,RIGHT,RIGHT,Philadelphia,PA,SS John Neumann/maria Goretti
Nicholas Francuzenko,Towson,2026,71,So.,LEFT,RIGHT,Reston,VA,St. John's College
AJ Kolb,Towson,2026,70,So.,RIGHT,RIGHT,Berlin,MD,Stephen Decatur
Frank Adamski Jr.,Towson,2026,74,Jr.,RIGHT,RIGHT,Churchville,MD,John Carroll School
Cole Stefano,Towson,2026,74,Sr.,LEFT,RIGHT,Boynton Beach,FL,American Heritage
Ethan Brand,Towson,2026,70,Sr.,RIGHT,RIGHT,Fountain Valley,CA,Edison
Coy Allman,Towson,2026,70,Fr.,RIGHT,RIGHT,Marietta,PA,Saint Andrews School
Colin Cusick,Towson,2026,71,Jr.,RIGHT,RIGHT,Cornelius,NC,William Amos Hough
Liam Diehl,Towson,2026,76,Jr.,RIGHT,RIGHT,Hereford,MD,Hereford
Aiden Sites,Towson,2026,74,Jr.,RIGHT,RIGHT,Martinsburg,WV,Musselman
Austin Perando,Towson,2026,74,So.,LEFT,RIGHT,Ijamsville,MD,Linganore
Aden Knowles,Towson,2026,75,Fr.,RIGHT,RIGHT,Tampa,FL,Tampa Jesuit
Joey Tuttoilmondo,Towson,2026,70,Jr.,RIGHT,RIGHT,Monmouth Junction,NJ,South Brunswick
Vincent Salvo,Towson,2026,70,So.,LEFT,LEFT,Vienna,VA,George C. Marshall
Ryder Jeske,Towson,2026,71,Jr.,RIGHT,RIGHT,Chapel Hill,NC,East Chapel Hill
Jacob Whiteman,Towson,2026,75,Sr.,RIGHT,RIGHT,Elkton,MD,North East
Matthew Lynch,Towson,2026,73,Sr.,LEFT,LEFT,Rising Sun,MD,Rising Sun
Matt Russell,Towson,2026,72,Fr.,RIGHT,RIGHT,Fulton,MD,Reservoir High School
Dutch DeProspero,Towson,2026,74,Sr.,RIGHT,RIGHT,Leesburg,VA,Loudoun County
Jake Michel,Towson,2026,77,Sr.,RIGHT,RIGHT,Joppa,MD,Archbishop Curley
Jacob Lester,Trevecca Nazarene,2026,73,Jr.,RIGHT,RIGHT,Murfreesboro,TN,Blackman HS
Caleb Webster,Trevecca Nazarene,2026,70,Jr.,RIGHT,RIGHT,Franklin,TN,Christ Presbyterian Academy
KC Anchors,Trevecca Nazarene,2026,73,Jr.,RIGHT,RIGHT,Wellington,FL,American Heritage
Noah Boughton,Trevecca Nazarene,2026,72,Sr.,LEFT,RIGHT,Colleyville,TX,Covenant Christian Academy
Luke Dymond,Trevecca Nazarene,2026,72,Sr.,RIGHT,RIGHT,Smyrna,TN,Stewarts Creek HS
Cade Moore,Trevecca Nazarene,2026,72,Sr.,RIGHT,RIGHT,Terre Haute,IN,Terre Haute North
Justin Lee,Trevecca Nazarene,2026,75,Sr.,RIGHT,RIGHT,Mount Juliet,TN,Mount Juliet
Logan Harrell,Trevecca Nazarene,2026,75,Jr.,BOTH,RIGHT,Hendersonville,TN,Goodpasture Christian
Ryan Sweeney,Trevecca Nazarene,2026,70,Jr.,RIGHT,RIGHT,Franklin,TN,Centennial HS
Jonah Smithson,Trevecca Nazarene,2026,75,Sr.,RIGHT,RIGHT,Gallatin,TN,Goodpasture Christian
Spencer Wilkins,Trevecca Nazarene,2026,73,Sr.,RIGHT,RIGHT,Monticello,GA,Strong Rock Christian
Luke Boswell,Trevecca Nazarene,2026,75,Sr.,RIGHT,RIGHT,Lawrenceburg,TN,Lawrence Co HS
Jimmy Janicki,Troy,2026,76,So.,RIGHT,RIGHT,Downers Grove,IL,Downers Grove North HS
Aaron Piasecki,Troy,2026,70,Sr.,LEFT,RIGHT,Muskegon,MI,Mona Shores HS
Steven Meier,Troy,2026,73,Sr.,LEFT,LEFT,Kennewick,WA,Southridge HS
Blake Cavill,Troy,2026,73,Sr.,LEFT,RIGHT,Sydney,Australia,Holsworthy HS
Caden Reeves,Troy,2026,73,Fr.,RIGHT,RIGHT,Chapin,SC,Chapin HS
Drew Nelson,Troy,2026,71,Sr.,LEFT,LEFT,Troy,AL,Pike Liberal Arts
Josh Pyne,Troy,2026,72,Sr.,RIGHT,RIGHT,Bloomfield,IN,Linton-Stockton HS
Sean Darnell,Troy,2026,73,Sr.,LEFT,RIGHT,Wetumpka,AL,Elmore County HS
Dillon Kuehl,Troy,2026,72,Sr.,LEFT,LEFT,Urbandale,IA,Urbandale HS
Nico Azpilcueta,Troy,2026,74,Sr.,RIGHT,RIGHT,Sherman Oaks,CA,Crespi Carmelite HS
Jabe Boroff,Troy,2026,72,Jr.,RIGHT,RIGHT,Pike Road,AL,Macon East Academy
Nolan Book,Troy,2026,72,So.,RIGHT,RIGHT,Lancaster,PA,Manheim Central HS
Houston Markham,Troy,2026,71,So.,LEFT,RIGHT,Pike Road,AL,Pike Road HS
Gavin Schrader,Troy,2026,76,Sr.,LEFT,LEFT,Batavia,NY,Notre Dame HS
Zaid Diaz,Troy,2026,70,Jr.,LEFT,LEFT,Miramar,FL,Elite Squad Academy
Ty McGraw,Troy,2026,75,Fr.,LEFT,RIGHT,Gardendale,AL,Gardendale HS
Zach Crotchfelt,Troy,2026,75,Sr.,LEFT,LEFT,Jackson,NJ,Jackson Memorial HS
Hayden Smith,Troy,2026,74,Jr.,LEFT,LEFT,Nicholasville,KY,West Jessamine HS
Benjamin Stubbs,Troy,2026,71,Sr.,LEFT,LEFT,Macon,GA,Tattnall Square Academy
Brady Richardson,Troy,2026,73,Fr.,RIGHT,RIGHT,Elba,AL,Enterprise HS
Tommy Egan,Troy,2026,72,Sr.,RIGHT,RIGHT,Chicago,IL,Mt. Carmel
Matt Dill,Troy,2026,73,Fr.,RIGHT,RIGHT,Dayton,TN,Baylor School
Dylan Alonso,Troy,2026,76,Jr.,RIGHT,RIGHT,Tiger,GA,Rabun Gap-Nacoochee School
Jackson Lucas,Troy,2026,72,Fr.,LEFT,LEFT,Osprey,FL,Venice Senior HS
Blake Dean,Troy,2026,73,Jr.,RIGHT,RIGHT,Acworth,GA,North Cobb Christian
Noah Thigpen,Troy,2026,74,So.,RIGHT,RIGHT,Lake Park,GA,Lowndes HS
Nathan Criswell,Troy,2026,74,Jr.,RIGHT,RIGHT,Oakdale,CA,Oakdale High School
Cooper Ellingworth,Troy,2026,71,Jr.,RIGHT,RIGHT,Orlando,FL,Boone HS
Dylan King,Troy,2026,76,Sr.,RIGHT,RIGHT,Leola,PA,Manheim Township HS
Brock Tapper,Troy,2026,74,Sr.,LEFT,LEFT,Nesbit,MS,DeSoto Central HS
Chase Cartron,Troy,2026,80,So.,LEFT,LEFT,Huntsville,AL,Huntsville HS
Tate Farquhar,Troy,2026,72,Jr.,LEFT,RIGHT,Highland,MI,Lakeland HS
Matteo Pare,Troy,2026,76,Jr.,RIGHT,RIGHT,Lasalle,Canada,TNXL Academy
Judah Buckner,Troy,2026,75,Sr.,RIGHT,RIGHT,Starkville,MS,Starkville Christian
Jason Wachs,Tulane,2026,74,So.,LEFT,RIGHT,Pembroke Pines,FL,West Broward
A.J. Groeneveld,Tulane,2026,73,So.,LEFT,RIGHT,Pembroke Pines,FL,St. Thomas Aquinas HS
Nate Johnson,Tulane,2026,77,Jr.,BOTH,RIGHT,Thousand Oaks,CA,Westlake HS
Brett Rowell,Tulane,2026,73,Sr.,LEFT,RIGHT,Shalimar,FL,Choctawhatchee
Hugh Pinkney,Tulane,2026,74,Sr.,LEFT,RIGHT,Toronto,Canada,Silverthorn Collegiate Institute
Tye Wood,Tulane,2026,71,Sr.,BOTH,LEFT,Gardner,KS,Gardner Edgerton
Trent Liolios,Tulane,2026,75,Sr.,LEFT,RIGHT,Newport Beach,CA,Newport Harbor
James Agabedis III,Tulane,2026,70,Sr.,LEFT,RIGHT,Sudbury,MA,Lawrence Academy
Matthias Haas,Tulane,2026,73,Sr.,RIGHT,RIGHT,Oakland,CA,Bishop O'Dowd HS
Tanner Chun,Tulane,2026,74,So.,RIGHT,RIGHT,Honolulu,HI,St Louis HS
Nolan Nawrocki,Tulane,2026,73,Sr.,RIGHT,RIGHT,Rockville Centre,NY,Chaminade HS
Kaikea Harrison,Tulane,2026,72,Sr.,LEFT,RIGHT,Kailua,HI,Punahou School
Jack Johnson,Tulane,2026,72,Sr.,RIGHT,RIGHT,Thousand Oaks,CA,Westlake HS
John Elliott,Tulane,2026,75,So.,RIGHT,RIGHT,Newport Beach,CA,Mater Dei HS
Bryson Ayala,Tulane,2026,77,Fr.,RIGHT,RIGHT,West Melbourne,FL,Melbourne High School
Evan Burg,Tulane,2026,73,Fr.,RIGHT,RIGHT,Kenner,LA,Archbishop Rummel High School
Jack Brafa,Tulane,2026,75,Jr.,RIGHT,RIGHT,Medina,TN,South Gibson HS
Tom Vincent,Tulane,2026,75,Sr.,LEFT,LEFT,Houston,TX,Memorial
Sam Larson,Tulane,2026,76,Jr.,RIGHT,RIGHT,Lake Forest,IL,Lake Forest
Julius Ejike-Charles,Tulane,2026,71,So.,LEFT,LEFT,Oklahoma City,OK,Heritage Hall HS
Caden Tarango,Tulane,2026,77,Sr.,RIGHT,RIGHT,Roanoke,IN,Homestead Senior
Jack Frankel,Tulane,2026,74,So.,RIGHT,RIGHT,Plano,TX,
Blaise Wilcenski,Tulane,2026,78,Sr.,RIGHT,RIGHT,Waterford,MI,Brother Rice
Beau Sampson,Tulane,2026,78,Sr.,LEFT,LEFT,St George,UT,
J.D. Rodriguez,Tulane,2026,74,Sr.,RIGHT,RIGHT,Corona,CA,Orange Lutheran
Jake Toporek,Tulane,2026,73,Sr.,BOTH,LEFT,Dana Point,CA,TVT Community Day School
Jacob Moore,Tulane,2026,77,Sr.,RIGHT,RIGHT,Lacombe,LA,Lakeshore
Trey Cehajic,Tulane,2026,80,Sr.,RIGHT,RIGHT,Shreveport,LA,Byrd
Jude Abbadessa,Tulane,2026,71,Sr.,RIGHT,RIGHT,Endicott,NY,
Michael Devenney,Tulane,2026,77,So.,RIGHT,RIGHT,Chester Springs,PA,Dowington East
Aidan Rath,Tulane,2026,78,Sr.,RIGHT,RIGHT,Kalona,IA,
Landon Dockery,Tusculum,2026,72,So.,RIGHT,RIGHT,Maryville,TN,Maryville HS
Ryan Ortega,Tusculum,2026,70,So.,RIGHT,RIGHT,Miami,FL,Killian Senior
Jake Absher,Tusculum,2026,74,So.,RIGHT,LEFT,Lenoir,NC,Hibriten
Jack Gagen,Tusculum,2026,73,Sr.,RIGHT,RIGHT,Ashburn,VA,Independence
Kolby Watson,Tusculum,2026,70,Jr.,LEFT,RIGHT,Mount Airy,NC,North Surry HS
Caden Rector,Tusculum,2026,67,Sr.,RIGHT,RIGHT,Knoxville,TN,Bearden HS
Brice Anders,Tusculum,2026,74,Sr.,RIGHT,RIGHT,Brevard,NC,TC Roberson
Cooper Emery,Tusculum,2026,72,So.,RIGHT,RIGHT,Lakeland,FL,Lakeland Senior
Ayden Moore,Tusculum,2026,72,So.,RIGHT,RIGHT,Lebanon,TN,Friendship Christian School
Payne Ladd,Tusculum,2026,77,Fr.,LEFT,LEFT,Bristol,TN,Tennessee
John Paul Head,UAB,2026,73,So.,RIGHT,RIGHT,Vestavia Hills,AL,Vestavia Hills
Andrew Hunt,UAB,2026,71,Jr.,RIGHT,RIGHT,Birmingham,AL,Oak Mountain
Brady Waugh,UAB,2026,74,Jr.,LEFT,RIGHT,Hoover,AL,Briarwood Christian HS
Landon Beaver,UAB,2026,74,So.,LEFT,RIGHT,Phenix City,AL,Central Phenix City
Mason Steele,UAB,2026,75,Jr.,LEFT,RIGHT,Headland,AL,Headland High School
Wesley Helms,UAB,2026,73,Sr.,RIGHT,RIGHT,Birmingham,AL,Briarwood Christian
Max Price,UAB,2026,76,Jr.,RIGHT,RIGHT,Northridge,CA,Agoura High School
Kevin Hall,UAB,2026,70,Jr.,LEFT,RIGHT,Munster,IN,Munster
Alex Dupuy,UAB,2026,70,Jr.,RIGHT,RIGHT,Natchitoches,LA,Natchitoches Central HS
Austin Pierzynski,UAB,2026,75,Fr.,RIGHT,RIGHT,Orlando,FL,First Academy
Patrick McGlon,UAB,2026,76,Jr.,RIGHT,RIGHT,Auburn,AL,Auburn
Baylor Roberts,UAB,2026,72,Fr.,RIGHT,RIGHT,Baldwyn,MS,Saltillo High School
Alex Cheeseman,UAB,2026,72,Jr.,RIGHT,RIGHT,Commerce,MI,Brother Rice
Brendan Conner,UAB,2026,72,So.,RIGHT,RIGHT,,,Corner
Riley Miller,UAB,2026,72,Fr.,RIGHT,RIGHT,Athens,AL,Athens
Brooks House,UAB,2026,77,So.,RIGHT,RIGHT,Winder,GA,Winder Barrow
Carter Samuelson,UAB,2026,73,Fr.,RIGHT,RIGHT,Springville,AL,Springville High School
Konner Keplinger,UAB,2026,73,So.,LEFT,LEFT,Morris,AK,Mortimer Jordan
Chase Ingram,UAB,2026,75,Sr.,RIGHT,RIGHT,Pleasant Hill,CA,IMG Academy
Justin Hicks,UAB,2026,74,So.,RIGHT,RIGHT,Jasper,AL,Sumiton Christian
Isaac Warrick,UAB,2026,72,Jr.,LEFT,LEFT,Montgomery,AL,Alabama Christian Academy
Christian Helmers,UAB,2026,76,Fr.,RIGHT,RIGHT,Trussville,AL,Hewitt-Trussville High School
Tyler Haines,UAB,2026,76,Sr.,RIGHT,RIGHT,Phenix City,AL,Central
Braxton Shelton,UAB,2026,73,Sr.,RIGHT,RIGHT,Fort Morgan,CO,Brush
Hunter Hyatt,UAB,2026,75,So.,LEFT,LEFT,Clyde Hill,WA,Bellevue HS
Ethan Felix,UC Davis,2026,74,Sr.,RIGHT,RIGHT,Redondo Beach,CA,
Evan Gentil,UC Davis,2026,74,So.,RIGHT,RIGHT,Elk Grove,CA,Elk Grove HS
Korey Williams,UC Davis,2026,72,Sr.,RIGHT,RIGHT,Elk Grove,CA,Elk Grove HS
Tyler Howard,UC Davis,2026,69,Jr.,RIGHT,RIGHT,San Diego,CA,
Joey Wright,UC Davis,2026,71,Sr.,RIGHT,RIGHT,Newport Beach,CA,
Kai Mault,UC Davis,2026,72,Fr.,RIGHT,RIGHT,Santa Barbara,CA,Santa Barbara Senior High Scho
Jaxon Murphy,UC Davis,2026,72,Jr.,LEFT,RIGHT,Fresno,CA,
Eli Burnham,UC Davis,2026,75,Fr.,RIGHT,RIGHT,Davis,CA,Davis Senior High School
Keenan Anzai,UC Davis,2026,76,So.,RIGHT,RIGHT,Trabuco Canyon,CA,Mission Viejo HS
Houston Hirschkorn,UC Davis,2026,75,So.,RIGHT,RIGHT,Kingsburg,CA,Kingsburg HS
Elijah McNeal,UC Davis,2026,75,Fr.,RIGHT,RIGHT,Dublin,CA,Dublin High School
Zach Story,UC Davis,2026,73,So.,RIGHT,RIGHT,Orland,CA,Orland HS
Braydon Wooldridge,UC Davis,2026,72,Sr.,LEFT,LEFT,Chino Hills,CA,
Ryan Lee,UC Davis,2026,71,Sr.,RIGHT,RIGHT,Sunnyvale,CA,
Everet Johnson,UC Davis,2026,75,So.,RIGHT,RIGHT,Sonoma,CA,Justin-Siena
Jack Castagnola,UC Davis,2026,69,So.,LEFT,LEFT,San Diego,CA,
Ethan Kang,UC Davis,2026,68,Jr.,LEFT,LEFT,Downey,CA,
Noel Valdez,UC Davis,2026,72,Sr.,RIGHT,RIGHT,South San Francisco,CA,
Jack Pezzolo,UC Davis,2026,71,Fr.,LEFT,LEFT,Petaluma,CA,Cardinal Newman High School
Taylor Werth,UC Davis,2026,71,Fr.,RIGHT,RIGHT,Coronado,CA,Coronado High School
Peter Storjohann,UC Davis,2026,77,Jr.,RIGHT,RIGHT,Danville,CA,De La Salle HS
Rowen Barnes,UC Davis,2026,75,Sr.,RIGHT,RIGHT,Atherton,CA,
Jack Meek,UC Davis,2026,70,Sr.,LEFT,LEFT,Buena Park,CA,
Carter Speights,UC Davis,2026,73,Jr.,RIGHT,RIGHT,Irvine,CA,
Eli Solem,UC Davis,2026,75,Fr.,RIGHT,RIGHT,Mill Valley,CA,Tamalpais High School
Tyler Wood,UC Davis,2026,75,Jr.,RIGHT,RIGHT,Danville,CA,
Mason Lerma,UC Davis,2026,69,Jr.,LEFT,LEFT,Santa Rosa,CA,
Grayson Bonanno,UC Davis,2026,75,So.,RIGHT,RIGHT,San Diego,CA,
Matthew Barnes II,UC Davis,2026,77,So.,RIGHT,RIGHT,El Cerrito,CA,Dougherty Valley HS
Max Hippensteel,UC Davis,2026,72,Sr.,RIGHT,RIGHT,Salinas,CA,
Lucas Schermer,UC Irvine,2026,75,Fr.,RIGHT,RIGHT,Hermosa Beach,CA,Mira Costa High School
Daniel Polasek,UC Irvine,2026,73,So.,LEFT,RIGHT,Martinez,CA,Alhambra High School
Zach Crandall,UC Irvine,2026,70,Sr.,RIGHT,RIGHT,Rancho Santa Margarita,CA,Santa Margarita Catholic HS
Alonso Reyes,UC Irvine,2026,71,Jr.,LEFT,RIGHT,Inglewood,CA,Culver City HS
Efren Ortega,UC Irvine,2026,71,So.,RIGHT,RIGHT,Sylmar,CA,Birmingham HS
Zach Fjelstad,UC Irvine,2026,71,Jr.,LEFT,RIGHT,Coto De Caza,CA,Santa Margarita Catholic HS
Tommy Farmer,UC Irvine,2026,75,Jr.,RIGHT,RIGHT,Santa Monica,CA,Oaks Christian
Frankie Carney,UC Irvine,2026,70,Sr.,LEFT,RIGHT,San Diego,CA,St. Augustine HS
Landon Gaz,UC Irvine,2026,74,Jr.,RIGHT,RIGHT,Moorpark,CA,Moorpark HS
Auggie Gutierrez,UC Irvine,2026,71,Sr.,RIGHT,RIGHT,Yorba Linda,CA,Servite HS
Rowan Felsch,UC Irvine,2026,74,Sr.,LEFT,LEFT,Palo Alto,CA,Palo Alto HS
Theodore Kim,UC Irvine,2026,74,So.,BOTH,RIGHT,San Diego,CA,Rancho Bernardo HS
Zach Doyle,UC Irvine,2026,70,Fr.,LEFT,LEFT,Ladera Ranch,CA,San Juan Hills HS
Noah Alvarez,UC Irvine,2026,74,Jr.,LEFT,RIGHT,Chino,CA,Ganesha HS
Dylan Hillman,UC Irvine,2026,71,So.,RIGHT,RIGHT,Alamo,CA,Monte Vista High School
James Castagnola,UC Irvine,2026,73,Sr.,RIGHT,RIGHT,San Diego,CA,Cathedral Catholic HS
Kai Smith,UC Irvine,2026,72,Jr.,RIGHT,RIGHT,Danville,CA,DE LA Salle High School
Dane Grant,UC Irvine,2026,73,Fr.,LEFT,LEFT,San Juan Capistrano,CA,San Juan Hills HS
Tyler Foster,UC Irvine,2026,73,So.,RIGHT,RIGHT,Carlsbad,CA,Carlsbad HS
Finnegan Wall,UC Irvine,2026,74,Sr.,RIGHT,RIGHT,Hesperia,CA,Sultana HS
Ryder Brooks,UC Irvine,2026,75,Sr.,LEFT,LEFT,Fountain Valley,CA,Fountain Valley HS
Jack Ross,UC Irvine,2026,75,Sr.,RIGHT,RIGHT,Huntingtn Bch,CA,Edison HS
Peyton Rodgers,UC Irvine,2026,71,So.,RIGHT,RIGHT,Solana Beach,CA,Torrey Pines HS
Trevor Hansen,UC Irvine,2026,74,Jr.,RIGHT,RIGHT,Simi Valley,CA,Royal HS
Danny Suarez,UC Irvine,2026,75,Sr.,RIGHT,RIGHT,Trabuco Canyon,CA,Trabuco Hills HS
Timothy Grack,UC Irvine,2026,73,Jr.,RIGHT,RIGHT,Fountain Valley,CA,Fountain Valley HS
Ricky Ojeda,UC Irvine,2026,71,Jr.,LEFT,LEFT,Valencia,CA,Valencia HS
Caden Castles,UC Irvine,2026,73,Fr.,RIGHT,RIGHT,Davis,CA,Davis Senior High School
Brandon Luu,UC Irvine,2026,74,Jr.,LEFT,LEFT,Irvine,CA,Villa Park HS
David Butler,UC Irvine,2026,73,Sr.,RIGHT,RIGHT,Riverside,CA,Ramona HS
Hunter Manning,UC Irvine,2026,77,Fr.,LEFT,RIGHT,Valencia,CA,West Ranch High School
Ty Walton,UC Riverside,2026,72,So.,RIGHT,RIGHT,Norco,CA,Norco HS
Esteban Sepulveda,UC Riverside,2026,71,So.,RIGHT,RIGHT,Lancaster,CA,Quartz Hill High School
Evan Hall,UC Riverside,2026,72,Fr.,RIGHT,RIGHT,Rancho Santa Margarita,CA,Trabuco Hills High School
David Gibbs,UC Riverside,2026,72,So.,LEFT,LEFT,Palm Desert,CA,Palm Desert HS
Lucas Bonham,UC Riverside,2026,73,Jr.,RIGHT,RIGHT,El Segundo,CA,EL Segundo High School
Evan Chavez,UC Riverside,2026,70,Jr.,RIGHT,RIGHT,Norwalk,CA,Saint John Bosco High School
Isaiah Hernandez,UC Riverside,2026,71,So.,LEFT,LEFT,Diamond Bar,CA,Bishop Amat HS
Jarren Sanderson,UC Riverside,2026,78,Jr.,RIGHT,RIGHT,Torrance,CA,Junipero Serra HS
Tyler Gordon,UC Riverside,2026,73,Sr.,LEFT,RIGHT,Orange,CA,Villa Park
Robert Pitts,UC Riverside,2026,70,Sr.,RIGHT,RIGHT,Los Angeles,CA,Birmingham HS
Jaxon Byrd,UC Riverside,2026,75,Sr.,LEFT,LEFT,Sacramento,CA,Alpha Charter
Miles Scott,UC Riverside,2026,70,Fr.,RIGHT,LEFT,Anaheim,CA,Servite High School
David Whittle,UC Riverside,2026,72,Sr.,RIGHT,RIGHT,Moreno Valley,CA,Valley View HS
Manoah Chapman,UC Riverside,2026,70,Jr.,RIGHT,RIGHT,San Diego,CA,Madison HS
Andrew Rivas,UC Riverside,2026,72,Sr.,LEFT,LEFT,Newbury Park,CA,Newbury Park HS
Matthew O'Brien,UC Riverside,2026,73,Sr.,LEFT,LEFT,Simi Valley,CA,Royal High School
Halen Jaden Guerrero,UC Riverside,2026,72,Jr.,RIGHT,RIGHT,Pittsburg,CA,Pittsburg High School
Joshua Torres,UC Riverside,2026,72,Jr.,RIGHT,RIGHT,San Bernardino,CA,Aquinas HS
Jack Becker,UC Riverside,2026,73,Jr.,LEFT,LEFT,San Diego,CA,Point Loma HS
Matt Hudson,UC Riverside,2026,70,Sr.,RIGHT,RIGHT,Riverside,CA,Martin Luther King Jr. HS
Joshua Martinez,UC Riverside,2026,73,Jr.,LEFT,LEFT,Menifee,CA,Heritage HS
Marco DiGirolamo,UC Riverside,2026,74,Sr.,BOTH,RIGHT,Monterey,CA,Carmel HS
Ryan Higgins,UC Riverside,2026,72,Jr.,LEFT,LEFT,Marina Del Rey,CA,Palisades Charter High School
Justin Dougan,UC Riverside,2026,69,Fr.,LEFT,LEFT,Sacramento,CA,Pleasant Grove High School
Adrian Blanchet,UC Riverside,2026,76,So.,RIGHT,RIGHT,Irvine,CA,Capistrano Valley Christian HS
Jayden Avina,UC Riverside,2026,78,Fr.,RIGHT,RIGHT,Pomona,CA,Damien High School
Brent Godina,UC Riverside,2026,76,So.,RIGHT,RIGHT,Lodi,CA,Lodi HS
Daniel Hernandez,UC Riverside,2026,72,Jr.,RIGHT,RIGHT,Hayward,CA,James Logan High School
Gabe Camacho,UC San Diego,2026,73,Jr.,LEFT,LEFT,Encinitas,CA,La Costa Canyon HS
Anthony Potestio,UC San Diego,2026,71,Jr.,LEFT,RIGHT,Brentwood,CA,Heritage HS
J.C. Allen,UC San Diego,2026,76,Sr.,RIGHT,RIGHT,Irvine,CA,Irvine HS
Alex Leopard,UC San Diego,2026,69,Sr.,LEFT,LEFT,Sebastopol,CA,Analy HS
Michael Crossland,UC San Diego,2026,72,Jr.,RIGHT,RIGHT,Seattle,WA,Roosevelt HS
Nick Costello,UC San Diego,2026,71,Sr.,LEFT,LEFT,Pleasanton,CA,Dublin HS
Addison Klepsch,UC San Diego,2026,70,So.,RIGHT,RIGHT,San Diego,CA,Del Norte HS
Delshaun Lanier,UC San Diego,2026,70,Sr.,RIGHT,RIGHT,Torrance,CA,North Torrance HS
Trevian Martinez,UC San Diego,2026,72,So.,RIGHT,RIGHT,Union City,CA,James Logan HS
Thomas Maher,UC San Diego,2026,70,So.,RIGHT,RIGHT,San Diego,CA,Torrey Pines HS
Raphael Dunne,UC San Diego,2026,71,Fr.,LEFT,RIGHT,San Diego,CA,Saint Augustine HS
Cal Elvis,UC San Diego,2026,72,Jr.,RIGHT,RIGHT,Vacaville,CA,Vacaville HS
Nathaniel Widelski,UC San Diego,2026,73,Fr.,RIGHT,RIGHT,San Diego,CA,Mira Mesa HS
Ryson Ujimori,UC San Diego,2026,71,Jr.,LEFT,RIGHT,Aiea,HI,Aiea HS
Bryan Bradshaw,UC San Diego,2026,72,Jr.,LEFT,LEFT,Pomona,CA,Bonita HS
Shane Cannon,UC San Diego,2026,70,Fr.,RIGHT,RIGHT,Coronado,CA,Coronado HS
Drake Bicknell,UC San Diego,2026,71,Sr.,RIGHT,RIGHT,El Dorado Hills,CA,Jesuit HS
Nathan Ries,UC San Diego,2026,74,So.,RIGHT,RIGHT,Upland,CA,Damien HS
Devon King,UC San Diego,2026,73,Jr.,RIGHT,RIGHT,Imperial Beach,CA,Mar Vista HS
Steele Murdock,UC San Diego,2026,74,So.,RIGHT,RIGHT,Herriman,UT,Herriman HS
Trevor Rector,UC San Diego,2026,73,So.,RIGHT,RIGHT,Imperial Beach,CA,Mar Vista HS
Nathan Huy,UC San Diego,2026,74,Jr.,RIGHT,LEFT,Yorba Linda,CA,El Dorado HS
Connor Etnire,UC San Diego,2026,72,Fr.,RIGHT,RIGHT,Aliso Viejo,CA,Aliso Niguel HS
Austin Bowker,UC San Diego,2026,75,Fr.,RIGHT,RIGHT,Lone Tree,CO,Rock Canyon HS
Julian Cazares,UC San Diego,2026,72,Sr.,LEFT,LEFT,Indio,CA,La Quinta HS
Quincey Brown,UC San Diego,2026,74,Fr.,RIGHT,RIGHT,Seattle,WA,O'Dea HS
Nic Gregson,UC San Diego,2026,71,Sr.,RIGHT,RIGHT,Sacramento,CA,Kennedy HS
Jake Villar,UC San Diego,2026,69,Sr.,LEFT,LEFT,Santa Clarita,CA,Hart HS
Evan Seneres,UC San Diego,2026,70,Fr.,RIGHT,RIGHT,Escondido,CA,San Pasqual HS
Ethan Russell,UC San Diego,2026,74,Fr.,RIGHT,RIGHT,Laguna Niguel,CA,Santa Margarita Catholic HS
Kayden Henson,UC San Diego,2026,72,Fr.,LEFT,RIGHT,Santee,CA,Santana HS
Garrett Davidson,UC San Diego,2026,71,So.,LEFT,LEFT,Tustin,CA,Foothill HS
Chapman Weber,UC San Diego,2026,73,So.,RIGHT,RIGHT,Menifee,CA,Paloma Valley HS
Harry Pelzman,UC San Diego,2026,75,So.,LEFT,LEFT,Redwood City,CA,Woodside HS
Liam Barrett,UC Santa Barbara,2026,72,So.,LEFT,RIGHT,Mountain View,CA,Mountain View HS
Nathan Vargas,UC Santa Barbara,2026,75,So.,RIGHT,RIGHT,Huntingtn Bch,CA,Huntington Beach HS
Rowan Kelly,UC Santa Barbara,2026,70,So.,LEFT,LEFT,Menlo Park,CA,Bellarmine Prep
Colin Beazizo,UC Santa Barbara,2026,72,Jr.,LEFT,LEFT,Lake Stevens,WA,Lake Stevens High School
Noah Karliner,UC Santa Barbara,2026,76,Sr.,RIGHT,RIGHT,Huntingtn Bch,CA,Fountain Valley HS
Will Vasseur,UC Santa Barbara,2026,76,Sr.,RIGHT,RIGHT,Fort Collins,CO,Rocky Mountain
Jonathan Mendez,UC Santa Barbara,2026,73,Jr.,RIGHT,RIGHT,Los Angeles,CA,JSerra Catholic HS
Xavier Esquer,UC Santa Barbara,2026,70,Jr.,RIGHT,RIGHT,Palo Alto,CA,Palo Alto HS
Nick Husovsky,UC Santa Barbara,2026,73,Sr.,RIGHT,RIGHT,Ramona,CA,Ramona
Corey Nunez,UC Santa Barbara,2026,75,Sr.,RIGHT,RIGHT,Torrance,CA,Torrance HS
Cade Goldstein,UC Santa Barbara,2026,72,Fr.,LEFT,RIGHT,Calabasas,CA,Harvard-Westlake School
Cole Kosciusko,UC Santa Barbara,2026,74,Sr.,LEFT,LEFT,Castro Valley,CA,Castro Valley HS
Ryan Severns,UC Santa Barbara,2026,74,Fr.,RIGHT,RIGHT,Fontana,CA,Etiwanda High School
Nico Libed,UC Santa Barbara,2026,68,Jr.,RIGHT,RIGHT,Chula Vista,CA,Eastlake High School
Mitch Namie,UC Santa Barbara,2026,74,Sr.,LEFT,RIGHT,Mesa,AZ,Red Mountain HS
Max Stagg,UC Santa Barbara,2026,74,So.,RIGHT,RIGHT,Adelaide,Australia,International School
Jack Haferkamp,UC Santa Barbara,2026,76,Fr.,RIGHT,RIGHT,Carlsbad,CA,Santa Fe Christian HS
Jackson Flora,UC Santa Barbara,2026,77,Jr.,RIGHT,RIGHT,Pleasanton,CA,Foothill HS
Nathan Aceves,UC Santa Barbara,2026,75,So.,RIGHT,RIGHT,Huntingtn Bch,CA,Huntington Beach HS
Andrew Krodel,UC Santa Barbara,2026,76,Jr.,RIGHT,RIGHT,Villa Park,CA,Villa Park HS
Van Froling,UC Santa Barbara,2026,76,So.,LEFT,LEFT,Sacramento,CA,Inderkum HS
Josh Jannicelli,UC Santa Barbara,2026,77,Fr.,RIGHT,RIGHT,Santa Rosa,CA,Cardinal Newman High School
Hudson Aber,UC Santa Barbara,2026,74,Fr.,RIGHT,RIGHT,Danville,CA,San Ramon Valley HS
Cole Tryba,UC Santa Barbara,2026,72,Jr.,LEFT,LEFT,Long Beach,CA,Los Alamitos HS
Calvin Proskey,UC Santa Barbara,2026,74,Jr.,RIGHT,RIGHT,Oak Park,IL,Oak Park River Forest HS
Chase Hoover,UC Santa Barbara,2026,73,Jr.,LEFT,LEFT,Santa Barbara,CA,San Marcos HS
Raymond Olivas,UC Santa Barbara,2026,73,So.,RIGHT,RIGHT,Stockton,CA,Lincoln HS
Donovann Jackson,UC Santa Barbara,2026,75,Sr.,LEFT,LEFT,Glendora,CA,Glendora HS
Kellan Montgomery,UC Santa Barbara,2026,72,Sr.,RIGHT,RIGHT,Santa Barbara,CA,Dos Pueblos HS
Stunner Gonzales,UC Santa Barbara,2026,79,So.,RIGHT,RIGHT,Carlsbad,CA,La Costa Canyon HS
Nic Peterson,UC Santa Barbara,2026,74,Jr.,RIGHT,LEFT,Tustin,CA,Orange Lutheran HS
JD Rogers,UCF,2026,71,Sr.,LEFT,LEFT,Carmel,IN,Carmel HS
John Smith,UCF,2026,73,Sr.,RIGHT,RIGHT,Apollo Beach,FL,Lennard HS
Andrew Williamson,UCF,2026,72,Jr.,LEFT,LEFT,St Petersburg,FL,Northside Christian
Zak Skinner,UCF,2026,69,Sr.,RIGHT,RIGHT,Melbourne,Australia,Padua College HS
Stephen Chucka,UCF,2026,70,Fr.,LEFT,RIGHT,Orlando,FL,Paul J Hagerty HS
Javier Crespo,UCF,2026,71,Sr.,RIGHT,RIGHT,Orlando,FL,Timber Creek HS
Landon Moran,UCF,2026,72,Sr.,LEFT,LEFT,Altamonte Springs,FL,Lake Brantley HS
DeAmez Ross,UCF,2026,70,Sr.,LEFT,LEFT,Melbourne,FL,Eau Gallie
Jordan Lodise,UCF,2026,72,Fr.,RIGHT,RIGHT,Brunswick,GA,Brunswick High School
Dallas Brooks,UCF,2026,72,Fr.,LEFT,RIGHT,Colora,MD,John Carroll School
Cayden Gaskin,UCF,2026,70,Sr.,RIGHT,RIGHT,Loganville,GA,Parkview
Austin Jacobs,UCF,2026,70,Fr.,RIGHT,RIGHT,Geneva,FL,Hagerty HS
James Hankerson,UCF,2026,75,So.,BOTH,LEFT,Tampa,FL,Berkeley Prep
Noah Rabin,UCF,2026,71,Sr.,LEFT,RIGHT,Sebastopol,CA,Analy HS
Braden Calise,UCF,2026,72,Sr.,RIGHT,RIGHT,Fort Pierce,FL,John Carroll Catholic
Mason Wilson,UCF,2026,74,Sr.,RIGHT,RIGHT,Orlando,FL,Olympia
Sebastian Hurtado,UCF,2026,72,Fr.,RIGHT,RIGHT,Orlando,FL,Timber Creek High School
Kaniel Rosado,UCF,2026,73,Fr.,LEFT,LEFT,Casselberry,FL,Central Pointe Christian Acdmy
Matt Sauser,UCF,2026,75,Jr.,LEFT,RIGHT,Bloomington,IL,University
Joey Trombley,UCF,2026,78,Jr.,RIGHT,RIGHT,Watervliet,NY,Shaker
Max Murray Jr,UCF,2026,74,Fr.,LEFT,RIGHT,Winter Springs,FL,Paul J Hagerty HS
Anthony Lariz,UCF,2026,76,Fr.,RIGHT,RIGHT,Key West,FL,Key West
Mateo Gray,UCF,2026,74,So.,RIGHT,RIGHT,Weston,FL,North Broward Prep
Camden Wicker,UCF,2026,79,Jr.,RIGHT,RIGHT,Viera,FL,Viera
Kris Sosnowski,UCF,2026,72,Sr.,RIGHT,RIGHT,Lutz,FL,Tampa Jesuit
Roman Kimball,UCF,2026,71,Sr.,RIGHT,RIGHT,New Hartford,NY,P27 Academy
Evan Jones,UCF,2026,75,Jr.,RIGHT,RIGHT,Normal,IL,Normal University HS
Kevin Schoneboom,UCF,2026,75,Sr.,RIGHT,RIGHT,Arlington,TX,Mansfield Timberview
Wyatt Dion,UCF,2026,71,Fr.,LEFT,LEFT,Land O Lakes,FL,Sunlake High School
Braden Smith,UCF,2026,72,Jr.,RIGHT,RIGHT,Byron,IL,Byron
Chandler Dorsey,UCF,2026,76,Sr.,RIGHT,RIGHT,Lakeland,FL,George Jenkins HS
Zachary Malvasio,UCF,2026,74,Fr.,RIGHT,RIGHT,South West Ranches,FL,Saint Thomas Aquinas HS
Matthew Heyl,UCF,2026,72,Jr.,LEFT,LEFT,Clermont,FL,Montverde Academy
Michael Gillen,UCF,2026,72,Sr.,RIGHT,RIGHT,Rochelle Park,NJ,Bergen Catholic HS
Will Gasparino,UCLA,2026,78,Jr.,RIGHT,RIGHT,Los Angeles,CA,Harvard-Westlake
Roch Cholowsky,UCLA,2026,74,Jr.,RIGHT,RIGHT,Chandler,AZ,Hamilton HS
Mulivai Levu,UCLA,2026,73,Jr.,LEFT,RIGHT,Huntington Beach,CA,Ocean View HS
Roman Martin,UCLA,2026,74,Jr.,RIGHT,RIGHT,Whittier,CA,Servite HS
Payton Brennan,UCLA,2026,75,Sr.,LEFT,RIGHT,Rocklin,CA,Rocklin HS
Trey Gudoy,UCLA,2026,71,Fr.,LEFT,LEFT,Escondido,CA,Cathedral Catholic H S
Dean West,UCLA,2026,70,Jr.,LEFT,RIGHT,Woodland Hills,CA,Notre Dame HS
Aidan Espinoza,UCLA,2026,71,Jr.,LEFT,LEFT,Huntington Beach,CA,Huntington Beach HS
Cashel Dugger,UCLA,2026,74,Jr.,LEFT,RIGHT,Castle Pines,CO,Valor Christian HS
Dominic Cadiz,UCLA,2026,73,Fr.,RIGHT,RIGHT,Sherman Oaks,CA,Notre Dame High School
Aiden Aguayo,UCLA,2026,72,Fr.,RIGHT,RIGHT,Whittier,CA,LA Mirada High School
Phoenix Call,UCLA,2026,72,Jr.,RIGHT,RIGHT,Porter Ranch,CA,Calabasas HS
Kasen Khansarinia,UCLA,2026,74,So.,RIGHT,RIGHT,Chino Hills,CA,San Dimas HS
Jarrod Hocking,UCLA,2026,69,Sr.,RIGHT,RIGHT,Anaheim,CA,Servite HS
Easton Hawk,UCLA,2026,75,So.,RIGHT,RIGHT,Granada Hills,CA,Granada Hills HS
Zach Strickland,UCLA,2026,74,Fr.,BOTH,RIGHT,Arcadia,CA,Maranatha High School
Logan Reddemann,UCLA,2026,74,Jr.,BOTH,RIGHT,Palmdale,CA,Quartz Hill
Angel Cervantes,UCLA,2026,74,Fr.,RIGHT,RIGHT,Lynwood,CA,Warren High School
Wylan Moss,UCLA,2026,75,So.,RIGHT,RIGHT,Tustin,CA,Mater Dei HS
Ian May,UCLA,2026,74,Sr.,RIGHT,LEFT,Laguna Niguel,CA,Dana Hills
Landon Stump,UCLA,2026,75,Jr.,RIGHT,RIGHT,Morgan Hill,CA,Live Oak HS
Jacob Swenson,UCLA,2026,76,Jr.,RIGHT,RIGHT,Camas,WA,Camas High School
Michael Barnett,UCLA,2026,77,Sr.,RIGHT,RIGHT,Lafayette,CA,College Park HS
Chris Grothues,UCLA,2026,75,Sr.,LEFT,LEFT,Anaheim,CA,Servite HS
Justin Lee,UCLA,2026,75,Jr.,RIGHT,RIGHT,Los Angeles,CA,Notre Dame HS
Jack O'Connor,UCLA,2026,75,Sr.,RIGHT,RIGHT,Rancho Palos Verdes,CA,Palos Verdes HS
Cal Randall,UCLA,2026,76,Jr.,RIGHT,RIGHT,Discovery Bay,CA,De La Salle HS
Elai Iwanaga,UCLA,2026,72,Fr.,LEFT,RIGHT,Mililani,HI,Kamehameha Schools Kapalama
CJ Bott,UCLA,2026,74,So.,RIGHT,RIGHT,Scottsdale,AZ,Notre Dame Prep HS
Davis Mauzy,UL Monroe,2026,75,Sr.,RIGHT,RIGHT,Meridian,ID,Rocky Mountain
Bryce Blaser,UL Monroe,2026,68,Sr.,LEFT,RIGHT,Newport Beach,CA,
Dayne Wray,UL Monroe,2026,71,Fr.,RIGHT,RIGHT,Smithville,MS,Tupelo High School
Kade Dupont,UL Monroe,2026,69,Sr.,RIGHT,RIGHT,Watson,LA,Live Oak
Jake Haggard,UL Monroe,2026,75,Sr.,RIGHT,RIGHT,West Palm Beach,FL,The Benjamin School
Jacob Griffith,UL Monroe,2026,70,Sr.,LEFT,LEFT,Fort Myers,FL,Fort Myers HS
Sutton Lewis,UL Monroe,2026,72,Fr.,RIGHT,RIGHT,Monroe,LA,Neville HS
Jackson Landry,UL Monroe,2026,77,So.,RIGHT,RIGHT,Donaldsonville,LA,Ascension Catholic
Marcus Aranda,UL Monroe,2026,72,Sr.,RIGHT,RIGHT,Hollister,CA,
Garrett Wiethorn,UL Monroe,2026,75,Fr.,RIGHT,RIGHT,Mcgregor,TX,Midway High School
Micah Dean,UL Monroe,2026,72,So.,RIGHT,RIGHT,Sugar Land,TX,Foster
Gavin Price,UL Monroe,2026,75,Fr.,RIGHT,RIGHT,Salem,OR,
Drew Jarrell,UL Monroe,2026,72,Jr.,RIGHT,RIGHT,Monroe,LA,Neville High School
Dean Hannah,UL Monroe,2026,72,Fr.,RIGHT,RIGHT,China Spring,TX,China Spring High School
Zachary White,UL Monroe,2026,72,So.,RIGHT,RIGHT,Monroe,LA,Ouachita Christian
Logan Duffy,UL Monroe,2026,73,Jr.,LEFT,RIGHT,Manchester,NJ,Manchester Township
Tyler Roark,UL Monroe,2026,76,Fr.,LEFT,RIGHT,West Monroe,LA,West Monroe High School
Holden Hess,UL Monroe,2026,76,Jr.,RIGHT,RIGHT,New Orleans,LA,Jesuit
Adam Tubbs,UL Monroe,2026,71,Sr.,LEFT,LEFT,Sterlington,LA,Sterlington
Adam Brodnax,UL Monroe,2026,75,Fr.,RIGHT,RIGHT,Deville,LA,Buckeye High School
Brandt Corley,UL Monroe,2026,73,Sr.,LEFT,LEFT,Lucas,TX,Lovejoy
Justin Robinson,UL Monroe,2026,74,Sr.,RIGHT,RIGHT,Carriere,MS,Pearl River Central
JC Dermody,UL Monroe,2026,77,Sr.,LEFT,LEFT,Council Bluffs,IA,Lewis Central
Caleb Strmiska,UL Monroe,2026,81,Sr.,RIGHT,RIGHT,Georgetown,TX,
Seth Cooper,UL Monroe,2026,73,Jr.,RIGHT,RIGHT,Star,MS,
Seaver Sheets,UL Monroe,2026,70,Sr.,,,Monroe,LA,
Canaan Clayton,UL Monroe,2026,78,Sr.,RIGHT,RIGHT,New Orleans,LA,Jesuit
Cash Dabbs,UL Monroe,2026,75,Fr.,LEFT,RIGHT,Redlands,CA,Redlands East Valley HS
Sam Skarich,UL Monroe,2026,75,Sr.,RIGHT,RIGHT,Davenport,IA,
Haydan Toal,UL Monroe,2026,72,So.,LEFT,LEFT,Tioga,LA,Tioga HS
Brendan McKinley,UL Monroe,2026,73,Jr.,LEFT,LEFT,Snohomish,WA,Snohomish Senior High School
Zachary Hampton,UMBC,2026,73,Fr.,,,Middletown,NJ,Middletown High School North
Chris Harbert,UMBC,2026,74,Jr.,,,Bridgeport,WV,Bridgeport High School
Ehi Okojie,UMBC,2026,72,Sr.,RIGHT,RIGHT,Ellicott City,MD,River Hill
Jacob Bagania,UMBC,2026,70,Fr.,,,Olney,MD,Sherwood High School
Dylan Melton,UMBC,2026,70,Fr.,,,Ellicott City,MD,Glenelg Country School
Derek Paris,UMBC,2026,70,Sr.,,,Lanesborough,MA,Mount Greylock
Danny Orr,UMBC,2026,71,So.,RIGHT,RIGHT,Frederick,MD,Thomas Johnson
Anthony Mascuilli,UMBC,2026,68,So.,RIGHT,RIGHT,Mount Laurel,NJ,Bishop Eustace
Luke Buscaglia,UMBC,2026,70,Jr.,,,,,
Nolan Kutney,UMBC,2026,73,Sr.,RIGHT,RIGHT,Montoursville,PA,Montoursville Area
Danny Wyatt,UMBC,2026,72,Jr.,,,Oxford,PA,Oxford Area
Nico Ong,UMBC,2026,68,Sr.,,,Bloomfield,NJ,
Carver Salazar,UMBC,2026,74,So.,RIGHT,RIGHT,Arnold,MD,Archbishop Spalding
Jesiah Carpenter,UMBC,2026,66,Jr.,,,Brooklyn,NY,St. Mary's
Kyle Eddington,UMBC,2026,74,Jr.,,,Valhalla,NY,Archbishop Stepinac
Brooks Henderson,UMBC,2026,68,Jr.,,,Feasterville Trevose,PA,Father Judge High School
Joe Lomangino,UMBC,2026,71,Sr.,RIGHT,RIGHT,Marlboro,NJ,Marlboro HS
Sergio Droz,UMBC,2026,70,So.,RIGHT,RIGHT,Millville,NJ,Millville
Aidan Boice,UMBC,2026,77,Jr.,,,Holladay,UT,Skyline High School
Zach Robinson,UMBC,2026,72,Jr.,RIGHT,LEFT,Salisbury,MD,Parkside
Kailen Hackmann,UMBC,2026,79,Fr.,,,Arlington,VA,Washington Liberty High School
Brady Lejeune-Deacutis,UMBC,2026,78,Sr.,LEFT,LEFT,Highlands Ranch,CO,ThunderRidge
Bennett Speicher,UMBC,2026,73,Sr.,,,Baltimore,MD,Gilman School
Eddie Sargent,UMBC,2026,70,Sr.,,,Severn,MD,Archbishop Spalding
Brady Fox,UMBC,2026,70,So.,LEFT,LEFT,Wilmington,DE,The Sanford School
Ayden Gonzalez,UMBC,2026,72,Jr.,,RIGHT,Hyattsville,MD,DeMatha Catholic
Cole Koonce,UMBC,2026,72,Sr.,,,Eureka,MO,Johnson County CC
Sam Bell,UMBC,2026,71,Jr.,,RIGHT,Forest,VA,Jefferson Forest
Owen Shaprow,UMBC,2026,74,Fr.,,,White Marsh,MD,Archbishop Curley High School
Julian Jimenez,UMES,2026,75,Sr.,LEFT,RIGHT,Chicago,IL,Romeoville
Darrius Brown,UMES,2026,72,Jr.,RIGHT,RIGHT,Bronx,NY,Fordham Preparatory School
Diego Aponte,UMES,2026,74,Sr.,LEFT,LEFT,Bayamon,PR,Puerto Rico Baseball Academy
Jonathan Rodriguez,UMES,2026,71,So.,RIGHT,RIGHT,Newark,NJ,Seton Hall Prep
Joshua Caldwell,UMES,2026,72,So.,LEFT,RIGHT,Houston,TX,St. Thomas Catholic
Christian Azcona,UMES,2026,72,Jr.,LEFT,RIGHT,Piscataway,NJ,Saint Joseph
Ansel Carson,UMES,2026,75,Sr.,BOTH,RIGHT,El Cerrito,CA,Saint Mary's College High School
Jonathan Gonzalez Perez,UMES,2026,75,Sr.,RIGHT,RIGHT,Syracuse,NY,Solvay
Kedrick Alicea,UMES,2026,70,Fr.,LEFT,LEFT,Arroyo P.r.,PR,Natividad Rodriguez Gonzalez HS
Cade Williams,UMES,2026,72,Sr.,RIGHT,RIGHT,Onley,VA,Nandua
Elijiah Benton,UMES,2026,73,Fr.,RIGHT,LEFT,Dover,DE,Polytech HS Kent County
Carter Champey,UMES,2026,73,So.,RIGHT,RIGHT,New Bern,NC,New Bern
Jonah Stepner,UMES,2026,76,Sr.,RIGHT,RIGHT,San Diego,CA,Patrick Henry
Marco Davila,UMES,2026,72,So.,RIGHT,RIGHT,Vega Alta,PR,Puerto Rico Baseball Academy and High School
Anthony Tirado,UMass,2026,73,So.,LEFT,RIGHT,Cheshire,CT,Cheshire Academy
Braden Sullivan,UMass,2026,70,Jr.,RIGHT,RIGHT,Taunton,MA,Taunton
Gavin OBrien,UMass,2026,72,Sr.,RIGHT,LEFT,St. Charles,IL,St. Charles East
Vance Bonior,UMass,2026,72,So.,RIGHT,RIGHT,Bethesda,MD,Walter Johnson
Reece McCarthy,UMass,2026,70,So.,LEFT,RIGHT,Danville,PA,Danville
Sam Hill,UMass,2026,69,Sr.,RIGHT,RIGHT,Northborough,MA,Alogonquin Regional
Tyler Fox,UMass,2026,74,Fr.,LEFT,RIGHT,Rochester Hills,MI,Brother Rice High School
Ryan Kolben,UMass,2026,74,Jr.,RIGHT,RIGHT,Cumberland Foreside,ME,Greely
Jack Beverly,UMass,2026,73,Sr.,RIGHT,RIGHT,Framingham,MA,Framingham
Marc Willi,UMass,2026,76,Jr.,LEFT,LEFT,Weston,MA,Noble and Greenough
Matt Travisano,UMass,2026,70,Jr.,RIGHT,RIGHT,Carlisle,MA,Noble and Greenough School
Will Briggs,UMass,2026,71,So.,RIGHT,RIGHT,Shakopee,MN,Academy of Holy Angels
Callen Powers,UMass,2026,77,Jr.,RIGHT,RIGHT,Haddam Neck,CT,Haddam-Killingworth
Adam Merritt,UMass,2026,69,So.,RIGHT,RIGHT,West Hartford,CT,Kingswood Oxford
Benjamin Thomason,UMass,2026,75,So.,RIGHT,RIGHT,Bethesda,MD,St. John's College
Samuel Perry,UMass,2026,72,Fr.,RIGHT,RIGHT,Westport,MA,Diman Regional Vocational Tech
Justin Masteralexis,UMass,2026,74,Jr.,LEFT,LEFT,Amherst,MA,Cushing Academy
Dylan Terwilliger,UMass,2026,73,Sr.,RIGHT,RIGHT,Medford,NJ,Shawnee
Michael Goodman,UMass,2026,72,Fr.,RIGHT,RIGHT,New City,NY,Clarkstown North
Gavin Sitarz,UMass,2026,72,Sr.,RIGHT,LEFT,St. Charles,IL,St. Charles East
Lorcan Lee,UMass,2026,75,Fr.,RIGHT,RIGHT,Newton,MA,Dexter Southfield
Jack Levine,UMass,2026,77,Jr.,RIGHT,RIGHT,Yarmouth Port,MA,The Governor's Academy
Bobby McDonough,UMass,2026,75,Jr.,RIGHT,RIGHT,Arlington,VA,Bishop O'Connell
Jack Niedringhaus,UMass,2026,72,Sr.,LEFT,LEFT,St. Louis,MO,MICDS
Brandon Wingenroth,UMass,2026,73,Sr.,RIGHT,RIGHT,Manheim,PA,Lancaster Catholic
Kai Giro,UMass,2026,75,Sr.,RIGHT,RIGHT,Ridgefield,NJ,St. Mary HS
Andrew Sliwkowski,UMass,2026,74,So.,LEFT,LEFT,Kennebunkport,ME,Kennebunk
Rowan Masse,UMass Lowell,2026,73,Jr.,RIGHT,RIGHT,Manchester,CT,East Catholic
Sean O'Leary,UMass Lowell,2026,72,Jr.,LEFT,RIGHT,Foxboro,MA,Foxboro
Cal Chance,UMass Lowell,2026,71,Fr.,LEFT,RIGHT,Wolcott,CT,Saint Paul Catholic High Schl
Carlos Martinez,UMass Lowell,2026,73,Sr.,LEFT,LEFT,Coamo,PR,P27 Academy
Nick Solorzano,UMass Lowell,2026,71,Sr.,RIGHT,RIGHT,El Dorado Hills,CA,Oak Ridge
Joseph DeLanzo,UMass Lowell,2026,70,Sr.,LEFT,RIGHT,Nutley,NJ,Nutley
Jorge Burgos,UMass Lowell,2026,72,Sr.,RIGHT,RIGHT,Santo Domingo,Dominican Republic,Colegio Metas
Zachary Scott,UMass Lowell,2026,72,Sr.,LEFT,RIGHT,Lunenburg,MA,Winchendon School
Brayden Cali,UMass Lowell,2026,70,So.,RIGHT,RIGHT,Taunton,MA,Taunton
Ryan Strand,UMass Lowell,2026,75,Jr.,RIGHT,RIGHT,Goffstown,NH,Goffstown
Scott Donahue,UMass Lowell,2026,72,Jr.,RIGHT,RIGHT,Medfield,MA,Medfield
Josh Doney,UMass Lowell,2026,70,Fr.,LEFT,LEFT,Lynn,MA,St. Mary's High School
Jake LeFrancois,UMass Lowell,2026,72,So.,RIGHT,RIGHT,Worcester,MA,St. Paul
Christopher Klueber,UMass Lowell,2026,70,Fr.,RIGHT,RIGHT,Bourne,MA,Tabor Academy
Frankie DeMaro,UMass Lowell,2026,72,Sr.,RIGHT,RIGHT,Newburgh,NY,John S. Burke Catholic
Jacob Jette,UMass Lowell,2026,72,Sr.,LEFT,LEFT,Franklin,MA,Franklin
Nolan Geisler,UMass Lowell,2026,75,So.,RIGHT,RIGHT,Bayonne,NJ,Bayonne
Alfred Mucciarone,UMass Lowell,2026,73,Jr.,RIGHT,RIGHT,Franklin,MA,Franklin
Colin Ducie,UMass Lowell,2026,72,Fr.,LEFT,RIGHT,Plymouth,MA,Plymouth South High School
Liam Rose,UMass Lowell,2026,76,Sr.,LEFT,LEFT,Voorhees,NJ,Eastern Regional
Tyler Dunlea,UMass Lowell,2026,74,Fr.,RIGHT,RIGHT,Attleboro,MA,Attleboro High School
Brian Foley,UMass Lowell,2026,72,Sr.,LEFT,RIGHT,Foxboro,MA,Milton
Jake Zawatsky,UMass Lowell,2026,70,So.,RIGHT,RIGHT,Billerica,MA,Austin Preparatory
Jake Minarik,UNC Asheville,2026,74,So.,RIGHT,RIGHT,Huntersville,NC,William Amos Hough HS
Owen Michelson,UNC Asheville,2026,70,Jr.,RIGHT,RIGHT,Candler,NC,Enka HS
Jake Pereira,UNC Asheville,2026,70,So.,RIGHT,RIGHT,Fuquay Varina,NC,Willow Spring HS
Blaize Johnson,UNC Asheville,2026,71,So.,LEFT,RIGHT,Kernersville,NC,Northwest Guilford HS
Tyler Parks,UNC Asheville,2026,69,Jr.,RIGHT,RIGHT,Asheboro,NC,Southwestern Randolph
Logan Lowe,UNC Asheville,2026,68,So.,RIGHT,RIGHT,Chapel Hill,NC,Jordan HS
Patrick Gillen,UNC Asheville,2026,70,Sr.,LEFT,RIGHT,Jensen Beach,FL,Calvin University / Jensen Beach HS
Ben Green,UNC Asheville,2026,73,Fr.,RIGHT,RIGHT,Matthews,NC,Hickory Grove Christian HS
Chase Klingemann,UNC Asheville,2026,71,So.,RIGHT,RIGHT,Cary,NC,Apex HS
Coleman McGinnis,UNC Asheville,2026,73,Jr.,RIGHT,RIGHT,Mebane,NC,Eastern Alamance HS
Eric Krumpe,UNC Asheville,2026,74,Sr.,LEFT,RIGHT,Asheville,NC,Asheville HS
Zeb Swangim,UNC Asheville,2026,67,Fr.,RIGHT,RIGHT,Fletcher,NC,TC Roberson HS
Ben Hemphill,UNC Asheville,2026,74,Sr.,RIGHT,RIGHT,Asheville,NC,Cleveland CC / TC Roberson HS
Garrett Crum,UNC Asheville,2026,74,So.,RIGHT,RIGHT,Greensboro,NC,Lucy Ragsdale HS
Lucas Boesen,UNC Asheville,2026,72,Jr.,RIGHT,RIGHT,Las Vegas,NV,Bishop Gorman HS
Tj Brooks,UNC Asheville,2026,70,Jr.,RIGHT,RIGHT,Crozet,VA,Miller School
Cooper Smith,UNC Asheville,2026,74,Sr.,RIGHT,RIGHT,Tallahassee,FL,
Landon Gross,UNC Asheville,2026,72,So.,RIGHT,RIGHT,Columbia,SC,USC Sumter / River Bluff HS
Matthew Hall,UNC Asheville,2026,75,Sr.,RIGHT,RIGHT,Raleigh,NC,Catawba Valley CC
Drew Turner,UNC Asheville,2026,75,So.,RIGHT,RIGHT,Downingtown,PA,Downingtown West Campus
Branden Barna,UNC Asheville,2026,73,Sr.,RIGHT,RIGHT,Merritt Island,FL,Merritt Island HS
Nic Melton,UNC Asheville,2026,69,Sr.,LEFT,LEFT,New London,NC,North Stanly HS
Daylinh Nguyen-Brown,UNC Asheville,2026,68,Jr.,RIGHT,RIGHT,Winterville,NC,Louisburg College / South Central HS
Nick Bruno,UNC Asheville,2026,71,Sr.,LEFT,LEFT,New Bern,NC,West Craven HS
Ryland Howell,UNC Asheville,2026,73,So.,RIGHT,RIGHT,Newport,NC,West Carteret HS
Colin Woolard,UNC Asheville,2026,73,Fr.,RIGHT,RIGHT,Grimesland,NC,Wayne Country Day HS
Wyatt Bush,UNC Greensboro,2026,71,Fr.,LEFT,RIGHT,Venice,FL,Lemon Bay High School
Jacob Dilley,UNC Greensboro,2026,73,Jr.,RIGHT,RIGHT,Boone,NC,Watauga
Jacob Budzik,UNC Greensboro,2026,69,Sr.,RIGHT,RIGHT,Stallings,NC,Sun Valley
Luke Holland,UNC Greensboro,2026,74,Sr.,RIGHT,RIGHT,Cornelius,NC,Hough
Jake Mueller,UNC Greensboro,2026,73,Jr.,RIGHT,RIGHT,Cape Coral,FL,Island Coast High School
Brody Gardner,UNC Greensboro,2026,72,Sr.,RIGHT,RIGHT,Asheboro,NC,Eastern Randolph High School
Tanner Berry,UNC Greensboro,2026,72,Fr.,RIGHT,RIGHT,Wilmington,NC,Eugene Ashley High School
Luke Jenkins,UNC Greensboro,2026,76,Sr.,LEFT,RIGHT,Greensboro,NC,Grimsley
Brantley Truitt,UNC Greensboro,2026,72,Jr.,LEFT,RIGHT,Matthews,NC,East Mecklenburg
JJ Parsons,UNC Greensboro,2026,71,So.,RIGHT,RIGHT,Jamestown,NC,Southwest Guilford
Jake Barbour,UNC Greensboro,2026,69,Jr.,LEFT,RIGHT,Raleigh,NC,
Ethan Brittain,UNC Greensboro,2026,70,Fr.,RIGHT,RIGHT,Wake Forest,NC,Wake Forest High School
Landon Polk,UNC Greensboro,2026,75,So.,RIGHT,RIGHT,Concord,NC,Metrolina Christian Academy
Parker Wight,UNC Greensboro,2026,76,So.,LEFT,RIGHT,Virginia Beach,VA,Frank W. Cox
Anthony Ruocco,UNC Greensboro,2026,69,Jr.,RIGHT,RIGHT,Lake Helen,FL,Deland H.S.
Mayson Dear,UNC Greensboro,2026,72,Jr.,RIGHT,RIGHT,Pinehurst,NC,Union Pines
Luke Thomas,UNC Greensboro,2026,74,Sr.,RIGHT,RIGHT,Climax,NC,Providence Grove
Grant Aycock,UNC Greensboro,2026,77,Sr.,BOTH,RIGHT,Greensboro,NC,Wesleyan
Nolan Winfield,UNC Greensboro,2026,72,Fr.,RIGHT,RIGHT,Winterville,NC,D H Conley High School
Ayden West,UNC Greensboro,2026,71,Fr.,RIGHT,RIGHT,Fremont,NC,Acellus Academy
Ethan Nobles,UNC Greensboro,2026,71,Fr.,RIGHT,RIGHT,Fayetteville,NC,Terry Sanford Senior HS
Isaac Miles,UNC Greensboro,2026,74,Fr.,RIGHT,RIGHT,Kitty Hawk,NC,First Flight
Hunter Shuey,UNC Greensboro,2026,75,Sr.,RIGHT,RIGHT,Hamburg,PA,Hamburg
Noah Chapman,UNC Greensboro,2026,72,Jr.,LEFT,LEFT,Summerville,SC,P27 Academy
Jake Colucci,UNC Greensboro,2026,73,So.,RIGHT,RIGHT,Virginia Beach,VA,Frank W. Cox
Cannon Lee,UNC Greensboro,2026,72,Fr.,RIGHT,RIGHT,Clayton,NC,Ogburn School Inc The
John Horton,UNC Greensboro,2026,74,Sr.,RIGHT,RIGHT,Virginia Beach,VA,Kellam
Thomas Hester,UNC Greensboro,2026,72,Fr.,LEFT,LEFT,Lexington,NC,West Davidson High School
JT Weaver,UNC Greensboro,2026,72,Sr.,RIGHT,RIGHT,Lancaster,PA,Manheim Township
Tucker Holland,UNC Greensboro,2026,76,Jr.,RIGHT,LEFT,Burlington,NC,The Burlington School
Dylan Smith,UNC Greensboro,2026,76,Jr.,RIGHT,RIGHT,Garner,NC,Cleveland
Hazen Lancaster,UNC Greensboro,2026,74,Sr.,LEFT,LEFT,Raleigh,NC,Broughton Magnet
Daniel Stephens,UNC Pembroke,2026,74,Sr.,RIGHT,RIGHT,Raleigh,NC,Pro 5 Academy
Tyler Steele,UNC Pembroke,2026,75,Jr.,RIGHT,RIGHT,Charlotte,NC,Lincoln Charter
Morgan Padgett,UNC Pembroke,2026,76,Jr.,RIGHT,RIGHT,Salisbury,NC,East Rowan
Jacob Smith,UNC Pembroke,2026,72,Jr.,LEFT,LEFT,King,NC,West Stokes
Ashton Donathan,UNC Pembroke,2026,70,Jr.,RIGHT,RIGHT,Sanford,NC,Southern Lee
Zane Brockman,UNC Pembroke,2026,73,Jr.,LEFT,RIGHT,Bessemer City,NC,Kings Mountain
Kasen McCawley,UNC Pembroke,2026,69,Sr.,LEFT,RIGHT,Haw River,NC,Eastern Alamance
Landon Lucas,UNC Pembroke,2026,74,Sr.,RIGHT,RIGHT,Blythewood,SC,Blythewood
Trevor Lucas,UNC Wilmington,2026,72,Jr.,RIGHT,RIGHT,Leland,NC,North Brunswick
Danny O'Brien,UNC Wilmington,2026,76,Jr.,LEFT,RIGHT,Rocky Mount,NC,Northern Nash High School
JP Pennella,UNC Wilmington,2026,70,So.,LEFT,RIGHT,Land O'Lakes,FL,Land O'Lakes HS
Mason Hughes,UNC Wilmington,2026,72,So.,LEFT,RIGHT,Eastover,NC,Cape Fear
Kevin Jones,UNC Wilmington,2026,71,Sr.,RIGHT,RIGHT,Rolesville,NC,Rolesville
Jake Bechtel,UNC Wilmington,2026,77,So.,RIGHT,RIGHT,Palm Harbor,FL,East Lake High School
Ryker Galaska,UNC Wilmington,2026,73,Jr.,LEFT,RIGHT,Greenville,NC,JH Rose
Howie Rickett,UNC Wilmington,2026,71,Jr.,RIGHT,RIGHT,Waunakee,WI,Waunakee Community High School
Matous Bubenik,UNC Wilmington,2026,73,Fr.,RIGHT,RIGHT,Prague,Czechia,P27 Academy
Jackson Hood,UNC Wilmington,2026,72,Fr.,RIGHT,RIGHT,Raleigh,NC,West Johnston High School
John Newton,UNC Wilmington,2026,72,Jr.,RIGHT,RIGHT,Waxhaw,NC,Cuthbertson
Aiden Evans,UNC Wilmington,2026,71,Sr.,RIGHT,RIGHT,Cornelius,NC,Hough
Micah Simpson,UNC Wilmington,2026,73,Fr.,LEFT,LEFT,Fletcher,NC,T.C. Roberson
Cole Nelson,UNC Wilmington,2026,74,Jr.,RIGHT,RIGHT,Charlotte,NC,Hickory Grove
Brady Thompson,UNC Wilmington,2026,75,So.,LEFT,RIGHT,Charlotte,NC,Providence
WIlliam Tyrrell,UNC Wilmington,2026,70,Jr.,LEFT,RIGHT,Nashville,TN,Montgomery Bell
Josh Martinez,UNC Wilmington,2026,70,So.,RIGHT,RIGHT,Holly Springs,NC,Pro 5 Academy
Casey Carpenter,UNC Wilmington,2026,74,Fr.,RIGHT,RIGHT,Bel Air,MD,John Carroll School
Mac Gillespie,UNC Wilmington,2026,74,Sr.,RIGHT,RIGHT,Apex,NC,Apex Friendship
Mason Ruh,UNC Wilmington,2026,76,Sr.,RIGHT,RIGHT,Milwaukee,WI,Wisconsin Lutheran HS
Cooper Allen,UNC Wilmington,2026,72,Jr.,RIGHT,RIGHT,Wake Forest,NC,Wake Forest
Trey Williford,UNC Wilmington,2026,75,Fr.,LEFT,LEFT,Farmville,NC,Farmville Central High School
Bromley Thornton,UNC Wilmington,2026,74,Jr.,RIGHT,RIGHT,Wilmington,NC,New Hanover
Alexander Sobol,UNC Wilmington,2026,77,So.,LEFT,LEFT,Waxhaw,NC,Marvin Ridge High School
Carver Pleasant,UNC Wilmington,2026,73,So.,LEFT,LEFT,Hurdle Mills,NC,Roxboro
Connor Marshburn,UNC Wilmington,2026,78,Jr.,RIGHT,RIGHT,Cary,NC,Pro5 Academy
Tj Ziermann,UNC Wilmington,2026,74,Fr.,RIGHT,RIGHT,Wilmington,NC,E A Laney High School
Jackson Caldwell,UNC Wilmington,2026,74,Fr.,LEFT,RIGHT,Concord,NC,Cox Mill High School
Clay Masonis,UNC Wilmington,2026,73,So.,RIGHT,RIGHT,Charlotte,NC,Myers Park
Francesco Capocci,UNC Wilmington,2026,76,Fr.,RIGHT,RIGHT,Cumming,GA,Denmark
Porter Braddy,UNC Wilmington,2026,72,Sr.,LEFT,LEFT,Kill Devil Hills,NC,First Flight
Jaden Granda,UNC Wilmington,2026,75,Sr.,RIGHT,RIGHT,Leland,NC,North Brunswick
Mason Murdock,UNC Wilmington,2026,77,Sr.,RIGHT,RIGHT,Kannapolis,NC,Combine Academy
Drew Barragan,UNLV,2026,72,Sr.,RIGHT,RIGHT,Trabuco Canyon,CA,Crean Lutheran HS
Nin Burns,UNLV,2026,71,Sr.,RIGHT,RIGHT,Covina,CA,Covina HS
Marcos Rosales,UNLV,2026,69,Jr.,RIGHT,RIGHT,West Covina,CA,South Hills HS
Jack Salmon,UNLV,2026,75,Sr.,LEFT,RIGHT,Newport Beach,CA,Corona Del Mar HS
Jayden Hertel,UNLV,2026,73,So.,RIGHT,RIGHT,Las Vegas,NV,Clovis North
Gunnar Myro,UNLV,2026,71,Jr.,RIGHT,RIGHT,Las Vegas,NV,Bishop Gorman
Ayden Garcia,UNLV,2026,71,Sr.,LEFT,RIGHT,Covina,CA,San Dimas HS
Jayden Sanchez,UNLV,2026,70,Jr.,RIGHT,RIGHT,Riverside,CA,Arlington HS
Gavin Taylor,UNLV,2026,74,Jr.,RIGHT,RIGHT,Tarzana,CA,Birmingham HS
Reggie Bussey,UNLV,2026,74,Sr.,LEFT,LEFT,Twinsburg,OH,Twinsburg HS
Jonathan Rodriguez,UNLV,2026,74,Jr.,LEFT,LEFT,Fullerton,CA,Servite HS
Cooper Sheff,UNLV,2026,76,So.,RIGHT,RIGHT,Las Vegas,NV,Basic HS
Connor Tallakson,UNLV,2026,70,Sr.,RIGHT,RIGHT,Irvine,CA,Woodbridge
Nicky Garritano,UNLV,2026,71,Sr.,RIGHT,RIGHT,Las Vegas,NV,Green Valley
Parker Dillhoff,UNLV,2026,76,Sr.,LEFT,LEFT,Lebanon,OH,Lebanon HS
Colton Sundloff,UNLV,2026,77,Sr.,RIGHT,RIGHT,Erda,UT,Erda
Yates Bland,UNLV,2026,78,Sr.,RIGHT,RIGHT,Chapin,SC,Chapin HS
Jase Evangelista,UNLV,2026,74,Jr.,RIGHT,RIGHT,Riverside,CA,Martin Luther King HS
Cody Albright,UNLV,2026,75,Sr.,RIGHT,RIGHT,Phoenix,AZ,Notre Dame Preparatory
Ryan Marton,UNLV,2026,76,Jr.,RIGHT,RIGHT,Toronto,Canada,Ontario Schools
LJ Manning,UNLV,2026,74,Jr.,LEFT,LEFT,Balsam Lake,WI,Unity High School
Tate Foxson,UNLV,2026,77,Jr.,RIGHT,RIGHT,Venice,CA,Palisades Carter HS
Carson Lane,UNLV,2026,75,Jr.,RIGHT,RIGHT,Huntington Beach,CA,Huntington Beach
Gavin Bowen,UNLV,2026,74,Jr.,LEFT,LEFT,Waukesha,WI,The South Carolina Preparatory Academy
Felix Ong,UNLV,2026,77,Fr.,RIGHT,RIGHT,Key West,FL,Key West HS
Reese Lueck,UNLV,2026,73,Sr.,RIGHT,RIGHT,Las Vegas,NV,Palo Verde
Jacob Gomberg,UNLV,2026,70,Jr.,LEFT,LEFT,Coral Springs,FL,Majory Stoneman Douglas HS
Josh Donegan,UNLV,2026,73,Jr.,RIGHT,RIGHT,Long Beach,CA,Los Alamitos HS
Jack Basseer,USC,2026,73,Jr.,RIGHT,RIGHT,Pleasanton,CA,Foothill
Kevin Takeuchi,USC,2026,70,Jr.,RIGHT,RIGHT,San Diego,CA,Rancho Bernardo HS
Augie Lopez,USC,2026,73,So.,LEFT,RIGHT,Hermosa Beach,CA,Loyola HS
Isaac Cadena,USC,2026,70,Jr.,LEFT,RIGHT,Placentia,CA,El Dorado
Walter Urbon,USC,2026,72,Fr.,RIGHT,RIGHT,Manhattan Beach,CA,Loyola High School
Adrian Lopez,USC,2026,76,Jr.,RIGHT,RIGHT,Baldwin Park,CA,Ganesha HS
Andrew Lamb,USC,2026,72,Jr.,LEFT,RIGHT,Coto De Caza,CA,JSerra Catholic HS
Abbrie Covarrubias,USC,2026,72,Jr.,RIGHT,RIGHT,Anaheim,CA,Cypress HS
Maximo Martinez,USC,2026,72,So.,RIGHT,RIGHT,Hawthorne,CA,Mira Costa HS
Richard Tejada III,USC,2026,72,Sr.,RIGHT,RIGHT,Riverside,CA,Orange Lutheran HS
Dean Carpentier,USC,2026,75,Jr.,RIGHT,RIGHT,Huntington Beach,CA,Huntington Beach HS
Isaiah Ibarra,USC,2026,72,Fr.,RIGHT,RIGHT,West Covina,CA,Ganesha High School
Diego Velazquez,USC,2026,72,Fr.,LEFT,RIGHT,Reseda,CA,Crespi Carmelite High School
Brock Slaton,USC,2026,72,Sr.,LEFT,LEFT,Baton Rouge,LA,University Lab
Logan Honma,USC,2026,72,Fr.,LEFT,RIGHT,Pearl City,HI,Pearl City High School
Will Stickney,USC,2026,73,So.,RIGHT,RIGHT,San Diego,CA,La Jolla Country Day HS
Maddox Riske,USC,2026,71,So.,RIGHT,RIGHT,Las Vegas,NV,Bishop Gorman HS
Gavin Lauridsen,USC,2026,77,Fr.,RIGHT,RIGHT,Santa Ana,CA,Foothill High School
Mason Edwards,USC,2026,74,Jr.,LEFT,LEFT,Los Angeles,CA,Palisades Charter HS
Grant Govel,USC,2026,72,So.,RIGHT,RIGHT,Rolling Hills Estates,CA,Palos Verdes HS
Ben Cushnie,USC,2026,74,So.,LEFT,LEFT,Santa Clarita,CA,West Ranch HS
Henry Chabot,USC,2026,72,Sr.,RIGHT,RIGHT,Paradise Valley,AZ,Brophy College Prep
Adam Troy,USC,2026,75,Jr.,RIGHT,RIGHT,Houston,TX,Summer Creek HS
Andrew Johnson,USC,2026,75,So.,BOTH,RIGHT,San Juan Capistrano,CA,Capistrano Valley Christian HS
Ace Whitehead,USC,2026,71,Sr.,LEFT,LEFT,Lampasas,TX,Lampasas
Sax Matson,USC,2026,74,Jr.,RIGHT,LEFT,Olympia,WA,Olympia HS
Chase Herrell,USC,2026,75,So.,LEFT,RIGHT,Milford,OH,Milford High School
Garren Rizzo,USC,2026,73,Jr.,RIGHT,RIGHT,Palos Verdes Estates,CA,Palos Verdes HS
Cameron Fausset,USC,2026,73,Fr.,RIGHT,RIGHT,Newbury Park,CA,Newbury Park High School
Paul Grossman,USC,2026,72,Fr.,LEFT,LEFT,Irvine,CA,Northwood High School
Luke Doty,USC Beaufort,2026,,Sr.,,,,,
Cooper McDaniel,USC Beaufort,2026,,Sr.,,,,,
Maddox Robinson,USC Beaufort,2026,,So.,,,,,
Jon Davis,USC Beaufort,2026,,Sr.,,,,,
Andrew Walters,USC Beaufort,2026,,Jr.,,,,,
Noah Campbell,USC Beaufort,2026,,Sr.,,,,,
Matt Navarro,USC Beaufort,2026,,Jr.,,,,,
Maloy Heaghney,USC Upstate,2026,73,So.,RIGHT,RIGHT,Eureka,MO,Eureka HS
Tyler Lang,USC Upstate,2026,69,So.,RIGHT,RIGHT,Chesterfield,MO,Parkway West HS
Wylie Waters,USC Upstate,2026,75,Sr.,RIGHT,RIGHT,Vancouver,Canada,Sentinel SS
Trey Bentley,USC Upstate,2026,73,Fr.,BOTH,RIGHT,Mulberry,FL,Lakeland Christian School
Johnny Sweeney,USC Upstate,2026,77,Sr.,LEFT,RIGHT,Millstadt,IL,Belleville West HS
Jake Armsey,USC Upstate,2026,72,Sr.,RIGHT,RIGHT,Akron,OH,Walsh Jesuit HS
Henry Zenor,USC Upstate,2026,73,So.,LEFT,RIGHT,Saint Louis,MO,St. Louis University HS
Preston Lucas,USC Upstate,2026,72,Sr.,LEFT,RIGHT,Phoenix,AZ,Sandra Day O'Connor HS
Brady Small,USC Upstate,2026,74,Sr.,LEFT,RIGHT,Lemont,IL,Lemont HS
Alex Ritzer,USC Upstate,2026,72,Sr.,LEFT,RIGHT,Stillwater,MN,Stillwater HS
Kenan Bowman,USC Upstate,2026,74,So.,RIGHT,RIGHT,Fort Mill,SC,Legion Collegiate Academy
Gage Griggs,USC Upstate,2026,70,Sr.,RIGHT,RIGHT,Paducah,KY,Paducah Tilghman HS
Micah Coleman,USC Upstate,2026,74,Jr.,RIGHT,RIGHT,Mill Creek,WA,Henry M. Jackson HS
Clayton Campidilli,USC Upstate,2026,73,Jr.,RIGHT,RIGHT,Woodward,IA,Dallas Center-Grimes HS
Max Eichenberger,USC Upstate,2026,76,Jr.,RIGHT,RIGHT,Canton,GA,Cherokee HS
Max Kaplan,USC Upstate,2026,75,So.,LEFT,LEFT,Glencoe,IL,New Trier HS
Reece Hemmerling,USC Upstate,2026,72,Sr.,RIGHT,RIGHT,Beaumont,Canada,St. Francis Xavier HS
Wyatt Land,USC Upstate,2026,75,Jr.,LEFT,RIGHT,Bishop,GA,North Oconee HS
Jack Gibson,USC Upstate,2026,75,Jr.,LEFT,LEFT,Southern Shores,NC,PDG Academy
Nathan Hook,USC Upstate,2026,71,Jr.,RIGHT,RIGHT,Riverview,FL,Riverview HS
Jacob Kirby,USC Upstate,2026,77,Fr.,RIGHT,RIGHT,Waxhaw,NC,Ardrey Kell HS
Max Bianchini,USC Upstate,2026,77,Jr.,RIGHT,RIGHT,Schaumburg,IL,Schaumburg HS
Christian Torres,USC Upstate,2026,72,Jr.,LEFT,LEFT,West Springfield,MA,West Springfield HS
Cayden Mackey,USC Upstate,2026,77,So.,RIGHT,RIGHT,Parkersburg,WV,Parkersburg South HS
Juan Reyes,USC Upstate,2026,76,Sr.,RIGHT,RIGHT,Burlington,IA,Burlington HS
Andrew Kummer,USC Upstate,2026,74,Fr.,RIGHT,RIGHT,Crownsville,MD,Mount Saint Joseph HS
Bradley Benton,USC Upstate,2026,70,So.,RIGHT,RIGHT,Avon Park,FL,Avon Park HS
Brent Stukes,USC Upstate,2026,73,Jr.,RIGHT,RIGHT,Gaston,SC,Gray Collegiate Academy
Benjamin Chuttey,USC Upstate,2026,76,Fr.,RIGHT,RIGHT,Fort Mill,SC,Nation Ford HS
Nate Earley,USF,2026,75,Sr.,LEFT,LEFT,Cincinnati,OH,Moeller
Jackson Mirza,USF,2026,72,Fr.,LEFT,LEFT,Tampa,FL,Gaither HS
Eli Thomas,USF,2026,71,Fr.,LEFT,RIGHT,Tampa,FL,Plant City HS
Bradke Lohry,USF,2026,68,Sr.,RIGHT,RIGHT,Trinity,FL,Jesuit
Lance Trippel,USF,2026,74,Sr.,RIGHT,RIGHT,Sarasota,FL,Sarasota
Jevin Relaford,USF,2026,70,Sr.,RIGHT,RIGHT,Jacksonville,FL,Fletcher
Jake Kulikowski,USF,2026,71,So.,LEFT,LEFT,Trinity,FL,Tampa Jesuit
Ryan Pruitt,USF,2026,71,Sr.,LEFT,LEFT,Trophy Club,TX,Byron Nelson
Jack Lutz,USF,2026,70,Fr.,,,Greenfield,WI,Whitnall HS
Juan Correa,USF,2026,77,Sr.,RIGHT,RIGHT,Weston,FL,West Broward
Jacob Green,USF,2026,73,Sr.,LEFT,LEFT,St Petersburg,FL,Hollins
Joey Brenczewski,USF,2026,75,Jr.,BOTH,RIGHT,Fishers,IN,Fishers
Matt Rose,USF,2026,66,Sr.,RIGHT,RIGHT,Clearwater,FL,Calvary Christian HS
Gabe Graulau,USF,2026,76,Fr.,RIGHT,RIGHT,Jupiter,FL,Jupiter HS
Carson Cabbage,USF,2026,74,Jr.,RIGHT,RIGHT,Huntersville,NC,Hickory Grove Christian School
Santiago Carriles-Alvarado,USF,2026,70,Jr.,RIGHT,RIGHT,Miami,FL,Miami Dade HS
Jackson Geiger,USF,2026,74,Fr.,LEFT,RIGHT,Naples,FL,Gulf Coast HS
Rafael Betancourt,USF,2026,71,Sr.,BOTH,RIGHT,Deltona,FL,Deltona HS
Jonah Sarabia,USF,2026,75,Jr.,RIGHT,RIGHT,Columbia,MO,
Nakni Anna,USF,2026,69,Jr.,LEFT,LEFT,Calera,OK,Calera HS
Landen Yorek,USF,2026,74,Sr.,,RIGHT,,,Klein Oak
Edwin Alicea,USF,2026,78,Jr.,LEFT,LEFT,Miami,FL,Florida Christian
Dominic Pointbrant,USF,2026,75,Fr.,,,Norwich,CT,
Michael Senay,USF,2026,74,Fr.,RIGHT,RIGHT,Orlando,FL,East River HS
Kaden Smith,USF,2026,74,Fr.,RIGHT,RIGHT,Ocala,FL,Forest
Ethan Sutton,USF,2026,75,So.,RIGHT,RIGHT,Acworth,GA,Altoona
Will Allen,USF,2026,76,Fr.,RIGHT,RIGHT,Warner Robins,GA,Houston County HS
Lawson Gailey,USF,2026,72,Sr.,,RIGHT,Lavonia,GA,Franklin County HS
Brisen Tweedy,USF,2026,74,Fr.,RIGHT,RIGHT,Plant City,FL,Strawberry Crest HS
Nolan Bernard,USF,2026,74,So.,,RIGHT,Walden,TN,McCallie
Harold Laracuente,UT Arlington,2026,70,Jr.,BOTH,RIGHT,Ponce,PR,
Hank Harp,UT Arlington,2026,72,Jr.,,,Highland Village,TX,Edward S Marcus High School
Xavier Melendez,UT Arlington,2026,69,Sr.,RIGHT,RIGHT,Odessa,TX,Permian
Xander McAfee,UT Arlington,2026,76,So.,RIGHT,RIGHT,Fort Worth,TX,Southwest Christian
Preston Knott,UT Arlington,2026,68,Sr.,LEFT,RIGHT,Arlington,TX,
Clark Springs,UT Arlington,2026,71,Jr.,,,Southlake,TX,Carroll Senior High School
Jackson Hill,UT Arlington,2026,74,Jr.,LEFT,RIGHT,Keller,TX,Keller HS
Noah Fields,UT Arlington,2026,72,Jr.,RIGHT,RIGHT,Lakewood,WA,
Ethan Ho,UT Arlington,2026,73,So.,,,Mckinney,TX,Walnut Grove High School
Austin Phillips,UT Arlington,2026,74,So.,RIGHT,RIGHT,Fort Worth,TX,South Grand Prairie
Caylon Dygert,UT Arlington,2026,73,Jr.,RIGHT,RIGHT,Magnolia,TX,Magnolia West HS
Zach Mazoch,UT Arlington,2026,71,Jr.,LEFT,RIGHT,Georgetown,TX,Georgetown HS
Cayden Burch,UT Arlington,2026,69,Jr.,LEFT,RIGHT,Waco,TX,
Zachary Evans,UT Arlington,2026,74,Fr.,RIGHT,RIGHT,Rowlett,TX,
Alex Bustamante,UT Arlington,2026,70,Jr.,RIGHT,RIGHT,Arlington,TX,
Holden Rook,UT Arlington,2026,70,Sr.,RIGHT,RIGHT,The Woodlands,TX,
Landon Murphy,UT Arlington,2026,75,Fr.,,RIGHT,Carrollton,TX,Prestonwood Christian Academy
Hayes Melville,UT Arlington,2026,72,So.,RIGHT,RIGHT,Southlake,TX,Southlake Carroll
Ty Zahradnik,UT Arlington,2026,79,Jr.,LEFT,LEFT,Keller,TX,Keller HS
Danny Valadez,UT Arlington,2026,74,Sr.,,RIGHT,Round Rock,TX,
Jacob Havern,UT Arlington,2026,78,Jr.,,RIGHT,Round Rock,TX,
Merek Sears,UT Arlington,2026,75,Sr.,,,Ferndale,CA,Arcata HS
Kyle Winkler,UT Arlington,2026,73,So.,LEFT,LEFT,Tomball,TX,St. Pius X HS
Nick Perry,UT Arlington,2026,77,Sr.,,RIGHT,Little Elm,TX,
Jack Barr,UT Arlington,2026,76,Jr.,,RIGHT,Dallas,TX,Jesuit College Preparatory Sch
Jacob Gabler,UT Arlington,2026,78,Jr.,RIGHT,RIGHT,Edmonds,WA,Edmonds-Woodway HS
Charlie Giese,UT Arlington,2026,77,Sr.,,RIGHT,Rowlett,TX,
Dylan Skolfield,UT Arlington,2026,76,Jr.,RIGHT,RIGHT,Sammamish,WA,Eastlake HS
Michael Dobbins,UT Arlington,2026,73,Fr.,,RIGHT,Keller,TX,
Kole Kinnison,UT Dallas,2026,71,So.,BOTH,RIGHT,Boerne,TX,Boerne HS
Chris Benavidez,UT Dallas,2026,72,Sr.,RIGHT,RIGHT,Bryan,TX,Rudder HS / Amarillo College / Blinn College
Trent McCown,UT Dallas,2026,72,Sr.,RIGHT,RIGHT,,,
Tobin Oler,UT Dallas,2026,74,Sr.,RIGHT,RIGHT,,,
Garner Anderson,UT Martin,2026,75,Jr.,RIGHT,RIGHT,Martin,TN,Westview HS
Cullen Box,UT Martin,2026,71,Jr.,RIGHT,RIGHT,Cottontown,TN,Portland HS
Cameron Greene,UT Martin,2026,74,So.,LEFT,RIGHT,Brentwood,TN,Brentwood Academy
Amari Conley,UT Martin,2026,77,So.,LEFT,LEFT,Grenada,MS,Grenada High School
Terence Grines,UT Martin,2026,69,Sr.,RIGHT,RIGHT,Alexandria,LA,Tioga HS
Colten Payton,UT Martin,2026,76,Jr.,RIGHT,RIGHT,Huntsville,AL,James Clemens High School
TJ Dunsford,UT Martin,2026,72,Jr.,RIGHT,RIGHT,Grand Bay,AL,East Central High School
Andrew Davis,UT Martin,2026,72,Jr.,RIGHT,RIGHT,Atoka,TN,Brighton High School
Andrew Lawrence,UT Martin,2026,76,So.,RIGHT,RIGHT,Madison,AL,James Clemens High School
JT Popick,UT Martin,2026,72,Jr.,RIGHT,RIGHT,East Canton,OH,Louisville HS
Bo Strickland,UT Martin,2026,70,Fr.,RIGHT,RIGHT,Nashville,TN,Lipscomb Academy
Tommy Koch,UT Martin,2026,72,Sr.,RIGHT,RIGHT,Gulf Breeze,FL,Gulf Breeze HS
Brandon King,UT Martin,2026,76,Sr.,RIGHT,RIGHT,Bay Saint Louis,MS,Hancock HS
Drake Bayles,UT Martin,2026,74,Sr.,RIGHT,RIGHT,Hazlehurst,MS,Copiah Academy HS
Gabe Bryant,UT Martin,2026,75,Jr.,RIGHT,RIGHT,Notasulga,AL,Reeltown HS
Cason Sharp,UT Martin,2026,72,Jr.,RIGHT,RIGHT,Bradford,TN,Bradford High School
Jacob Sitton,UT Martin,2026,72,Sr.,RIGHT,RIGHT,Bradford,TN,Milan HS
Will Turner,UT Martin,2026,71,Jr.,RIGHT,LEFT,Hartselle,AL,Hartselle High School
Maxwell Schumacher,UT Martin,2026,77,Sr.,RIGHT,RIGHT,Danville,IN,Danville Community
Gehrig Wright,UT Martin,2026,77,Jr.,RIGHT,RIGHT,Sarasota,FL,Booker HS
Silas Jones,UT Martin,2026,74,Jr.,RIGHT,RIGHT,Thompsons Station,TN,Grace Christian Academy
Mason Little,UT Martin,2026,73,So.,RIGHT,RIGHT,Bartlett,TN,Bartlett High School
Trevor Busyn,UT Martin,2026,80,Jr.,RIGHT,RIGHT,Clarkston,MI,Clarkston
Dean McCalla,UT Martin,2026,75,Jr.,RIGHT,RIGHT,Collierville,TN,Houston High School
Luke Smith,UT Tyler,2026,70,Jr.,RIGHT,RIGHT,Corpus Christi,TX,Callallen HS
Cole Ketzner,UT Tyler,2026,73,Sr.,RIGHT,RIGHT,Magnolia,TX,Magnolia HS
Brock Bearden,UT Tyler,2026,74,Jr.,RIGHT,RIGHT,Texarkana,TX,
Connor Clark,UT Tyler,2026,70,Jr.,RIGHT,RIGHT,Sherman,TX,Sherman HS
Tanner Hornback,UT Tyler,2026,69,Jr.,RIGHT,RIGHT,Lafayette,LA,
Drew Schmidt,UT Tyler,2026,72,Jr.,RIGHT,RIGHT,Flower Mound,TX,Lewisville HS
Benjamin Lea,UT Tyler,2026,72,Sr.,RIGHT,RIGHT,Sugar Land,TX,George Ranch High School
Kaston Mason,UT Tyler,2026,77,Sr.,LEFT,RIGHT,Rockwall,TX,Rockwall Heath HS
Bryce Jewell,UT Tyler,2026,70,Sr.,RIGHT,RIGHT,Bullard,TX,
Jacob Hadden,UT Tyler,2026,71,Sr.,LEFT,LEFT,Georgetown,TX,
Julio Garcia,UT Tyler,2026,74,Sr.,RIGHT,RIGHT,Baytown,TX,
Dylan Blomquist,UT Tyler,2026,75,Sr.,LEFT,LEFT,Belton,TX,Belton HS
Armani Raygoza,UTRGV,2026,73,Jr.,LEFT,RIGHT,El Paso,TX,Americas High School
Rocco Garza-Gongora,UTRGV,2026,72,Jr.,LEFT,LEFT,Laredo,TX,John B. Alexander HS
Andrew Taylor,UTRGV,2026,72,Jr.,RIGHT,RIGHT,Mansfield,TX,Mansfield Legacy High School
Thomas Williams,UTRGV,2026,69,Sr.,BOTH,RIGHT,Huntington Beach,CA,Ocean View High School
Julius Ramirez,UTRGV,2026,73,Jr.,RIGHT,RIGHT,San Juan,TX,PSJA High School
Easton Moomau,UTRGV,2026,74,Jr.,LEFT,RIGHT,El Paso,TX,Americas High School
Diego Villescas,UTRGV,2026,70,Sr.,RIGHT,RIGHT,Pharr,TX,Pharr San Juan Alamo
Hank Warren,UTRGV,2026,72,Sr.,RIGHT,RIGHT,Pollok,TX,Hudson High School
Ethan Edinger,UTRGV,2026,72,Sr.,RIGHT,RIGHT,Troy,MO,Troy Buchanan
Austin Stracener,UTRGV,2026,72,Sr.,LEFT,RIGHT,New Braunfels,TX,Canyon HS
Andy Chapa,UTRGV,2026,73,Fr.,RIGHT,RIGHT,Edinburg,TX,Sharyland Pioneer High School
Rudy Gonzalez,UTRGV,2026,67,Jr.,RIGHT,RIGHT,Edinburg,TX,Vela High School
Chayton Fischer,UTRGV,2026,75,Jr.,LEFT,RIGHT,Maple Grove,MN,Maple Grove High School
Damien Whitfield,UTRGV,2026,73,Sr.,LEFT,LEFT,Atlanta,GA,Next Level Academy
Rene Galvan,UTRGV,2026,71,Sr.,LEFT,LEFT,Sinton,TX,Sinton High School
Evan Janner,UTRGV,2026,73,Jr.,LEFT,RIGHT,New Braunfels,TX,Canyon High School
Ruben Gonzalez,UTRGV,2026,71,Jr.,RIGHT,RIGHT,El Paso,TX,Americas High School
Aaron Sanchez,UTRGV,2026,73,Sr.,RIGHT,RIGHT,El Paso,TX,Eastlake High School
Anthony Garcia,UTRGV,2026,72,Sr.,RIGHT,RIGHT,Irving,TX,MacArthur
Sergio Lopez,UTRGV,2026,72,Sr.,RIGHT,RIGHT,Eagle Pass,TX,Eagle Pass High School
Mason Engel,UTRGV,2026,75,So.,RIGHT,RIGHT,La Vernia,TX,Canyon High School
Robert Bonilla,UTRGV,2026,72,Sr.,RIGHT,RIGHT,El Paso,TX,Eastlake High School
Daren Barrera,UTRGV,2026,75,Sr.,RIGHT,RIGHT,Edinburg,TX,Edinburg High School
Carlos Vallejo,UTRGV,2026,75,Jr.,RIGHT,RIGHT,Reynosa,Mexico,Mission High School
Colton Vercoe,UTRGV,2026,77,Sr.,RIGHT,RIGHT,San Tan Valley,AZ,Poston Butte High School
Victor Loa,UTRGV,2026,68,Sr.,LEFT,LEFT,Los Fresnos,TX,Los Fresnos
Harrison Thayer,UTRGV,2026,75,So.,RIGHT,RIGHT,Leander,TX,Leander High School
Steven Oliva,UTRGV,2026,70,Sr.,RIGHT,RIGHT,Guatemala City,Guatemala,Abraham Lincoln High School
JC Gutierrez,UTRGV,2026,71,Jr.,LEFT,LEFT,Mission,TX,La Joya High School
Wyatt Wiatrek,UTRGV,2026,75,Sr.,RIGHT,RIGHT,Sinton,TX,Sinton High School
Kike Cienfuegos,UTRGV,2026,70,Sr.,RIGHT,RIGHT,Mission,TX,Sharyland High School
Nicholas Nolan,UTRGV,2026,70,Sr.,LEFT,LEFT,Georgetown,TX,Georgetown High School
Augie Grohman,UTRGV,2026,75,Fr.,RIGHT,RIGHT,San Antonio,TX,Saint Marys Hall High School
Caden Wanless,UTRGV,2026,70,Sr.,RIGHT,RIGHT,Liberty,MO,Liberty North High School
Broc Parmer,UTSA,2026,75,Sr.,LEFT,RIGHT,Pace,FL,Pace HS
Caden Miller,UTSA,2026,74,So.,LEFT,RIGHT,Madisonville,TX,Madisonville HS
Andrew Detlefsen,UTSA,2026,74,Sr.,RIGHT,RIGHT,Trophy Club,TX,Byron Nelson HS
Diego Diaz,UTSA,2026,69,Jr.,LEFT,RIGHT,Pharr,TX,Sharyland HS
Lane Haworth,UTSA,2026,71,Jr.,LEFT,LEFT,Lewisville,TX,Hebron
Jordan Ballin,UTSA,2026,69,So.,LEFT,RIGHT,Boerne,TX,Boerne Champion HS
Jacob Silva,UTSA,2026,71,So.,BOTH,RIGHT,San Antonio,TX,Clark
Christian Hallmark,UTSA,2026,69,So.,LEFT,LEFT,San Antonio,TX,Louis D Brandeis High School
Josh Arquette,UTSA,2026,72,So.,RIGHT,RIGHT,Kingwood,TX,Kingwood High School
Andrew Stucky,UTSA,2026,71,Sr.,RIGHT,RIGHT,Tucson,AZ,Canyon del Oro HS
Garrett Gruell,UTSA,2026,71,Sr.,RIGHT,RIGHT,Groesbeck,TX,
Cade Sadler,UTSA,2026,76,Sr.,RIGHT,RIGHT,Lilburn,GA,Parkview HS
Aidan Eshelmen,UTSA,2026,73,Fr.,RIGHT,RIGHT,Bellaire,TX,Episcopal High School
Nathan Johnson,UTSA,2026,77,Fr.,RIGHT,RIGHT,Katy,TX,Seven Lakes High School
Brandon Bishop,UTSA,2026,70,Sr.,RIGHT,RIGHT,College Station,TX,A&M Consolidated
Mason Jacob,UTSA,2026,70,So.,RIGHT,RIGHT,Corpus Christi,TX,London HS
Christopher Gutierrez,UTSA,2026,71,Fr.,LEFT,LEFT,Cypress,TX,Bridgeland High School
Ryan Self,UTSA,2026,70,Fr.,RIGHT,RIGHT,San Antonio,TX,Wagner High School
Jake Qualia,UTSA,2026,73,Fr.,RIGHT,RIGHT,Lubbock,TX,Lubbock-cooper High School
Gunnar Brown,UTSA,2026,76,Jr.,RIGHT,RIGHT,Houston,TX,Episcopal HS
Blayne Lyne,UTSA,2026,78,So.,RIGHT,RIGHT,Corpus Christi,TX,London HS
Sam Simmons,UTSA,2026,76,Sr.,RIGHT,RIGHT,Manvel,TX,Hanvel HS
Christian Okerholm,UTSA,2026,75,Sr.,RIGHT,RIGHT,Austin,TX,Vandergrift
Connor Kelley,UTSA,2026,77,Jr.,RIGHT,RIGHT,Spring,TX,Grand Oaks HS
Kendall Dove,UTSA,2026,77,Jr.,RIGHT,RIGHT,New Caney,TX,New Caney HS
Conor Myles,UTSA,2026,76,Sr.,LEFT,LEFT,Melbourne,Australia,St. Joseph's
James Hubbard,UTSA,2026,72,Sr.,RIGHT,RIGHT,Minden,NV,Douglas HS
Mike DeBattista,UTSA,2026,75,Sr.,RIGHT,RIGHT,Katy,TX,Tompkins HS
Cody Demont,UTSA,2026,72,Jr.,RIGHT,RIGHT,Cibolo,TX,Byron P Steele II High School
Tanner Jones,UVa Wise,2026,72,Jr.,LEFT,RIGHT,Goodlettsville,TN,Goodpasture Christian
Jake Smith,UVa Wise,2026,75,Jr.,LEFT,RIGHT,Chesapeake,VA,Hickory
Carter Babb,UVa Wise,2026,74,Sr.,RIGHT,RIGHT,Hiltons,VA,Gate City
Jaden Ruehling,UVa Wise,2026,71,Sr.,RIGHT,RIGHT,Coalmont,TN,Grundy County
Luke Johnson,UVa Wise,2026,70,Jr.,BOTH,RIGHT,Maryville,TN,Heritage
Joshua Morgan,UVa Wise,2026,74,Sr.,RIGHT,RIGHT,Fairview,NC,Asheville Christian
Jacob Boyle,UVa Wise,2026,71,Sr.,RIGHT,RIGHT,Chelsea,AL,Chelsea
Morgan Miller,UVa Wise,2026,69,Sr.,RIGHT,RIGHT,Hamilton,VA,Loudoun Valley
Eli Reece,UVa Wise,2026,77,Sr.,RIGHT,RIGHT,Lula,GA,North Hall
Ryan Whitson,UVa Wise,2026,69,Sr.,RIGHT,RIGHT,Alcoa,TN,Alcoa
Bo Trantham,UVa Wise,2026,69,Jr.,RIGHT,LEFT,Asheville,NC,Asheville
Houston Sarvis,UVa Wise,2026,73,Jr.,RIGHT,RIGHT,Franklin,NC,
Andrew Binns-Loveman,UVa Wise,2026,76,Jr.,RIGHT,RIGHT,Roanoke,VA,Northside
Austin Bode,University of Indianapolis,2026,72,Sr.,LEFT,RIGHT,Columbus,IN,Columbus North
McGwire Turner,University of Montevallo,2026,74,Jr.,RIGHT,RIGHT,Helena,AL,Helena
Ian Cartwright,University of Montevallo,2026,72,So.,RIGHT,RIGHT,,,
Evan Radford,University of Montevallo,2026,76,Sr.,RIGHT,RIGHT,,,
Caleb Karll,University of Montevallo,2026,73,Jr.,RIGHT,RIGHT,Fitchburg,WI,Madison Wes
Christian Kallaher,University of Montevallo,2026,72,Sr.,RIGHT,RIGHT,Chelsea,AL,Chelsea
Mason Creacy,University of Montevallo,2026,72,Sr.,RIGHT,RIGHT,Willis,TX,Willis
Matthew Bullard,University of Montevallo,2026,71,Sr.,LEFT,LEFT,Calera,AL,Calera
Zach Wyatt,University of Montevallo,2026,,Jr.,,,,,
Reid Gongwer,University of Montevallo,2026,71,Jr.,LEFT,LEFT,Chelsea,AL,Chelsea
Logan Medsker,University of Montevallo,2026,72,Jr.,RIGHT,RIGHT,,,
Jake Long,Utah,2026,75,Jr.,LEFT,RIGHT,Whittier,CA,La Serna HS
Bradley Navarro,Utah,2026,71,Jr.,BOTH,RIGHT,Huntington Beach,CA,Huntington Beach
Cameron Gurney,Utah,2026,72,Jr.,LEFT,RIGHT,Scotland,Canada,Pauline Johnson HS
Cal Miller,Utah,2026,70,Fr.,LEFT,RIGHT,Centerville,UT,Viewmont High School
Jet Gilliam,Utah,2026,72,Jr.,RIGHT,RIGHT,Henderson,NV,Desert Oasis
Luke Jacobs,Utah,2026,72,Jr.,LEFT,RIGHT,Centerville,UT,Viewmont High School
Matt Flaharty,Utah,2026,73,Sr.,LEFT,RIGHT,Rancho Santa Margarita,CA,Santa Margarita Catholic
Zakye Hawkins,Utah,2026,72,So.,RIGHT,RIGHT,Las Cruces,NM,Las Cruces HS
Daniel Arambula,Utah,2026,72,So.,RIGHT,RIGHT,Yucaipa,CA,Yucaipa HS
Jack Klevano,Utah,2026,66,Jr.,RIGHT,RIGHT,Riverside,CA,Arlington HS
Blake Eckerle,Utah,2026,72,Fr.,LEFT,RIGHT,Hugo,MN,White Bear Lake Area HS
Nevan Noonan,Utah,2026,72,Sr.,RIGHT,RIGHT,San Diego,CA,Francis Parker HS
Derek Smith,Utah,2026,75,So.,RIGHT,RIGHT,Scottsdale,AZ,Horizon HS
Seth Graham,Utah,2026,73,Jr.,RIGHT,RIGHT,Henderson,NV,Desert Oasis High School
Dillon Fine,Utah,2026,75,So.,RIGHT,RIGHT,Caldwell,ID,Homedale HS
Colter McAnelly,Utah,2026,76,Jr.,RIGHT,RIGHT,Cheyenne,WY,Cheyenne East
Kaden Soder,Utah,2026,74,Jr.,RIGHT,RIGHT,Las Vegas,NV,Bishop Gorman High School
Payton Riske,Utah,2026,70,Jr.,RIGHT,RIGHT,Las Vegas,NV,Bishop Gorman HS
Demitri Diamant,Utah,2026,70,Sr.,RIGHT,RIGHT,Las Vegas,NV,Bishop Gorman HS
Ian Culver,Utah,2026,72,Sr.,RIGHT,RIGHT,Saint Paul,MN,Roseville Area HS
Cameron Nielson,Utah,2026,73,So.,RIGHT,RIGHT,Salt Lake City,UT,Cottonwood HS
Easton Jones,Utah,2026,75,So.,RIGHT,RIGHT,Tooele,UT,Stansbury HS
Ryan Kittredge,Utah,2026,74,Sr.,RIGHT,RIGHT,Poway,CA,Rancho Bernardo HS
Justin Abercrombie,Utah,2026,70,Sr.,RIGHT,RIGHT,Thousand Oaks,CA,Thousand Oaks HS
Dylan Gazaway,Utah,2026,76,Sr.,RIGHT,RIGHT,Orem,UT,Timpanogos HS
Ian Lenius,Utah,2026,72,Fr.,LEFT,LEFT,Middleton,ID,Middleton High School
Sammy Cova,Utah,2026,74,Jr.,LEFT,LEFT,Ladera Ranch,CA,Santa Margarita Catholic HS
Anson McGorman,Utah,2026,74,Jr.,RIGHT,RIGHT,Parksville,Canada,Vauxhall Academy
Landon Salvesen,Utah,2026,73,Jr.,LEFT,LEFT,Hooper,UT,Fremont High School
Seth Graham-Pippin,Utah,2026,73,Jr.,RIGHT,RIGHT,Henderson,NV,Desert Oasis High School
David Galindo,Utah,2026,69,So.,RIGHT,RIGHT,Phoenix,AZ,Saint Marys High School
Kyle McDaniel,Utah Tech,2026,70,Jr.,LEFT,RIGHT,Pahrump,NV,Pahrump HS
Petey Soto,Utah Tech,2026,69,Jr.,RIGHT,RIGHT,Saint George,UT,Crimson Cliffs HS
Ryan Kroepel,Utah Tech,2026,71,Jr.,LEFT,RIGHT,Poway,CA,Poway HS
Miller Durham,Utah Tech,2026,74,Jr.,LEFT,LEFT,San Diego,CA,Faith Lutheran (NV) HS
Cooper Smith,Utah Tech,2026,73,So.,LEFT,RIGHT,Coeur D Alene,ID,Lake City HS
Ty Johnsen,Utah Tech,2026,75,Sr.,RIGHT,RIGHT,Pittsburgh,PA,Pleasant Grove (UT) HS
Finnegan Stewart,Utah Tech,2026,73,So.,RIGHT,RIGHT,Anaheim,CA,Orange Lutheran HS
Gavin Long,Utah Tech,2026,70,Sr.,LEFT,RIGHT,Orcutt,CA,Ernest Righetti HS
Hudson Manwaring,Utah Tech,2026,73,Jr.,RIGHT,RIGHT,Salt Lake City,UT,Skyline High School
Mays Madsen,Utah Tech,2026,69,Fr.,LEFT,RIGHT,Lehi,UT,Lehi High
Kace Naone,Utah Tech,2026,72,Sr.,RIGHT,RIGHT,West Linn,OR,West Linn HS
Andrew Pyle,Utah Tech,2026,73,Sr.,RIGHT,RIGHT,Whittier,CA,La Mirada HS
Bryan Martinez,Utah Tech,2026,71,Jr.,RIGHT,RIGHT,Huntingtn Bch,CA,Orange Lutheran HS
Gavin Glasgow,Utah Tech,2026,70,Sr.,RIGHT,RIGHT,Little Rock,AR,Joe T. Robinson HS
Tyler Ray,Utah Tech,2026,74,Sr.,RIGHT,RIGHT,Las Vegas,NV,Rancho HS
Jonah Marshall,Utah Tech,2026,74,Sr.,RIGHT,RIGHT,South Jordan,UT,Bingham HS
Talan Kelly,Utah Tech,2026,71,So.,RIGHT,RIGHT,Santa Clara,UT,Snow Canyon HS
Ethan Gardner,Utah Tech,2026,77,Sr.,RIGHT,RIGHT,Meridian,ID,Borah HS
Dakoda West,Utah Tech,2026,75,Sr.,RIGHT,RIGHT,Orem,UT,Timpanogos HS
Brandon Kosel,Utah Tech,2026,75,Jr.,RIGHT,RIGHT,Albuquerque,NM,LA Cueva High School
Jackson Price,Utah Tech,2026,73,Jr.,RIGHT,RIGHT,Hillsboro,OR,Hillsboro High School
David Sheppard,Utah Tech,2026,72,Fr.,LEFT,LEFT,Goodyear,AZ,Millennium High School
Easton Brooks,Utah Tech,2026,76,So.,RIGHT,RIGHT,Herriman,UT,Mountain Ridge HS
Bryce Intagliata,Utah Tech,2026,74,So.,LEFT,LEFT,Mesquite,NV,Virgin Valley High School
Ryan Martinez,Utah Tech,2026,75,Sr.,RIGHT,RIGHT,Las Vegas,NV,Centennial HS
Aaron Morris,Utah Tech,2026,70,Jr.,RIGHT,RIGHT,Washington,UT,Crimson Cliffs HS
Brock Roundy,Utah Tech,2026,68,Sr.,LEFT,LEFT,Washington,UT,Pine View HS
Brandon Wyland,Utah Tech,2026,71,Jr.,RIGHT,RIGHT,Anaheim,CA,Esperanza High School
Kaden Carpenter,Utah Valley,2026,76,Sr.,LEFT,LEFT,American Fork,UT,American Fork HS
Hunter Katschke,Utah Valley,2026,75,Sr.,RIGHT,RIGHT,Las Vegas,NV,Basic HS
Chipper Beck,Utah Valley,2026,73,Sr.,RIGHT,RIGHT,Highland,UT,Lone Peak
Derek Houston,Utah Valley,2026,74,Jr.,RIGHT,RIGHT,Kanab,UT,Kanab
Mason Hamlin,Utah Valley,2026,74,Sr.,RIGHT,RIGHT,Falcon,CO,
Mason Strong,Utah Valley,2026,72,Sr.,RIGHT,RIGHT,Santa Clara,UT,Snow Canyon
Jayden Smith,Utah Valley,2026,69,Sr.,RIGHT,RIGHT,Gilbert,AZ,Campo Verde
Brody Block,Utah Valley,2026,69,Sr.,LEFT,LEFT,Visalia,CA,Redwood
DJ Massey,Utah Valley,2026,68,Sr.,RIGHT,RIGHT,Bellflower,CA,Gahr
Luke Iverson,Utah Valley,2026,72,Sr.,BOTH,RIGHT,Saint George,UT,Pine View
Trenton Rowan,Utah Valley,2026,75,Jr.,LEFT,RIGHT,Erie,CO,Erie HS
Jimmy De Anda,Utah Valley,2026,69,Sr.,RIGHT,RIGHT,Yorba Linda,CA,Mater Dei
Will Applegate,Utah Valley,2026,74,Jr.,LEFT,RIGHT,Charleston,IL,Charleston High School
Cooper Brass,Utah Valley,2026,70,So.,RIGHT,RIGHT,Chandler,AZ,Hamilton
Joseph Barnhardt,Utah Valley,2026,74,Sr.,RIGHT,RIGHT,Stockton,CA,Tokay
Landon Zaborowski,Utah Valley,2026,75,So.,RIGHT,RIGHT,Gilbert,AZ,Basha
Bradley Gilbert,Utah Valley,2026,72,So.,LEFT,RIGHT,Redlands,CA,Aquinas
Trey Jacobsen,Utah Valley,2026,77,Jr.,RIGHT,RIGHT,Cedar City,UT,Canyon View High School
Jacob Beltran,Utah Valley,2026,72,Sr.,RIGHT,RIGHT,Phoenix,AZ,Mountain Pointe
Chance Wallace,Utah Valley,2026,72,Sr.,RIGHT,LEFT,Portland,OR,Sunset HS
Jacob Heppner,Utah Valley,2026,71,Jr.,LEFT,LEFT,Litchfield Park,AZ,Canyon View
Ray Hernandez,Utah Valley,2026,71,Sr.,RIGHT,RIGHT,Temecula,CA,Temecula Valley
Garrett Miller,Utah Valley,2026,72,Jr.,RIGHT,RIGHT,Boise,ID,Timberline
Maddax Peck,Utah Valley,2026,73,So.,RIGHT,RIGHT,Riverton,UT,Bingham
Colton Kennedy,Utah Valley,2026,72,Sr.,RIGHT,RIGHT,Kirkland,WA,Lake Washington
Josh Mawhinney,Utah Valley,2026,76,Fr.,RIGHT,RIGHT,Cottonwood Heights,UT,Brighton High School
George Albrecht,Utah Valley,2026,76,Sr.,LEFT,RIGHT,Louisville,CO,Monarch
Cohen Baack,Utah Valley,2026,70,Fr.,RIGHT,RIGHT,Phoenix,AZ,Centennial High School
Cooper Littledike,Utah Valley,2026,75,Sr.,RIGHT,RIGHT,Mapleton,UT,Maple Mountain
Quinn Holt,Utah Valley,2026,77,Sr.,RIGHT,RIGHT,North Wales,PA,North Penn
Aaron Rice,Utah Valley,2026,75,Sr.,RIGHT,RIGHT,Brillion,WI,Brillion
Jordan Chancellor,Utah Valley,2026,74,Fr.,RIGHT,RIGHT,Indio,CA,Xavier College Prep
Carter Seely,Utah Valley,2026,73,Jr.,RIGHT,RIGHT,Selah,WA,Selah High School
Jacob Lee,VCU,2026,74,So.,RIGHT,RIGHT,Chesterfield,VA,Matoaca
Michael Petite,VCU,2026,72,Jr.,RIGHT,RIGHT,Melbourne,FL,Melbourne HS
Nick Flores,VCU,2026,69,So.,RIGHT,RIGHT,Royersford,PA,Spring Ford
Nathan Kirkpatrick,VCU,2026,73,Jr.,RIGHT,RIGHT,Surrey,Canada,Langley Secondary
Alec Warden,VCU,2026,72,Fr.,RIGHT,RIGHT,Pittsburgh,PA,Thomas Jefferson
Boyce Read,VCU,2026,72,Fr.,LEFT,LEFT,Rogers,AR,Bentonville
Dante DeFranco,VCU,2026,70,Sr.,RIGHT,RIGHT,Hillsborough,NC,Orange
Quinn Maher,VCU,2026,74,Jr.,LEFT,RIGHT,Colorado Springs,CO,Pine Creek High School
Trent Adelman,VCU,2026,73,Jr.,RIGHT,RIGHT,Darnestown,MD,PDG Academy
Teige Lethert,VCU,2026,76,Sr.,LEFT,RIGHT,Woodbury,MN,St. Croix Preparatory Academy
Cade Tousa,VCU,2026,71,Jr.,LEFT,RIGHT,Saline,MI,Saline
Brendan Horne,VCU,2026,71,Fr.,RIGHT,RIGHT,Hooksett,NH,Pinkerton Academy
Brody Leyboldt,VCU,2026,73,Jr.,LEFT,LEFT,Bennington,NE,Northwest High School
Ethan Acevedo,VCU,2026,68,Jr.,LEFT,LEFT,Monroe,NY,Iona Prep
Coop Weygandt,VCU,2026,73,Jr.,RIGHT,RIGHT,Beaverton,OR,Southridge HS
Everett Vaughan,VCU,2026,75,Sr.,RIGHT,RIGHT,Moseley,VA,Cosby
Elias Holbert,VCU,2026,75,Sr.,RIGHT,RIGHT,Sherwood,OR,Sherwood
Zachary Peters,VCU,2026,75,Sr.,RIGHT,RIGHT,North Haven,CT,Trinity-Pawling School
Patrick Steitz,VCU,2026,80,Sr.,RIGHT,RIGHT,Peoria,AZ,Liberty HS
Cooper Campbell,VCU,2026,74,So.,RIGHT,RIGHT,Lynchburg,VA,E.C. Glass
Bryce Carter,VCU,2026,75,Jr.,LEFT,LEFT,Sanford,FL,Seminole High School
Nick Frers,VCU,2026,74,Jr.,RIGHT,RIGHT,North Vancouver,Canada,Argyle Secondary
Hunter Gotschall,VCU,2026,72,Jr.,RIGHT,RIGHT,Peyton,CO,Douglas County
Dawson Newman,VCU,2026,73,Fr.,LEFT,LEFT,Chesapeake,VA,Great Bridge
Coleman Bobb,VCU,2026,75,Jr.,RIGHT,RIGHT,Benson,UT,Green Canyon High School
Cade Dressler,VCU,2026,74,Sr.,LEFT,LEFT,Mifflinburg,PA,Mifflinburg Area
Caleb Clover,VCU,2026,74,Jr.,RIGHT,RIGHT,Bradenton,FL,Inspiration Academy
Chase Nystrom,VCU,2026,73,Fr.,RIGHT,RIGHT,Trinity,FL,A3 Academy
Fenix DiGiacomo,VCU,2026,77,Sr.,RIGHT,RIGHT,Spotsylvania,VA,Riverbend
Cole Raile,VMI,2026,72,Jr.,RIGHT,RIGHT,Radnor,OH,Buckeye Valley
Grayson Fitzwater,VMI,2026,73,Sr.,LEFT,LEFT,Suffolk,VA,Nansemond River
Brycen Hamilton,VMI,2026,76,So.,RIGHT,RIGHT,Norfolk,VA,Maury
Bradley Garner,VMI,2026,74,Jr.,RIGHT,RIGHT,Richmond,VA,St. Christopher's School
Owen Prince,VMI,2026,69,Sr.,LEFT,RIGHT,Roanoke,VA,Lord Botetourt
Cole Cook,VMI,2026,74,So.,RIGHT,RIGHT,Allentown,PA,Allentown Central Catholic
Ayden Schnarrs,VMI,2026,70,So.,RIGHT,RIGHT,Moseley,VA,Cosby
Kazuya Jordan,VMI,2026,69,Sr.,RIGHT,RIGHT,Fredericksburg,VA,Stafford
Seth Buchanan,VMI,2026,71,Jr.,RIGHT,RIGHT,Lebanon,VA,Lebanon
Gabe Jenkins,VMI,2026,75,Fr.,RIGHT,RIGHT,Mechanicsville,VA,Hanover High School
Benjamin Cardone,VMI,2026,69,Fr.,RIGHT,RIGHT,Bristow,VA,Highland School
Thomas Conrad,VMI,2026,74,Fr.,RIGHT,RIGHT,Chesapeake,VA,Greenbrier Christian Academy
Easton Ogle,VMI,2026,71,Fr.,RIGHT,RIGHT,Glen Allen,VA,Benedictine College Prep
Max Perry,VMI,2026,74,So.,RIGHT,RIGHT,Charlotte,NC,Myers Park
JW Kohlmeyer,VMI,2026,71,Fr.,RIGHT,RIGHT,Bristow,VA,Gainesville High School
Jim Douthat,VMI,2026,72,So.,LEFT,LEFT,Richmond,VA,St. Christopher's
Hunter Sipe,VMI,2026,73,Sr.,LEFT,LEFT,Vinton,VA,William Byrd
Trace Monroe,VMI,2026,74,Fr.,RIGHT,LEFT,Moneta,VA,Salem High School
Clark Driscoll,VMI,2026,65,Sr.,RIGHT,RIGHT,Midlothian,VA,Clover Hill
Carson Taylor,VMI,2026,77,Fr.,RIGHT,RIGHT,Virginia Beach,VA,Tallwood High School
Andrew Jones,VMI,2026,72,Sr.,RIGHT,RIGHT,Midlothian,VA,Midlothian
Roberto Velasquez,VMI,2026,71,Sr.,RIGHT,RIGHT,Chesapeake,VA,Western Branch
Tyler Bassett,VMI,2026,70,So.,RIGHT,RIGHT,Manassas,VA,Colgan
Buddy Baker,VMI,2026,71,Fr.,LEFT,LEFT,Suffolk,VA,Nansemond River High School
Peyton Dhein,VMI,2026,70,So.,LEFT,LEFT,Fort Mill,SC,Catawba Ridge
Justin Spiegel,VMI,2026,72,Jr.,RIGHT,RIGHT,Chester,VA,Thomas Dale
Eli Tyndall,VMI,2026,73,Fr.,LEFT,RIGHT,Poquoson,VA,Poquoson High School
Jackson Webster,Valdosta State,2026,73,Sr.,RIGHT,RIGHT,Chelsea,AL,Chelsea HS
Charlie Banks,Valdosta State,2026,72,Jr.,RIGHT,RIGHT,Marietta,GA,Lassister HS
Garrett Moody,Valdosta State,2026,75,Jr.,RIGHT,RIGHT,Alpharetta,GA,Cambridge HS
Louie Kegerreis,Valparaiso,2026,71,Jr.,RIGHT,RIGHT,Murrysville,PA,Franklin Regional
Cal Schembra,Valparaiso,2026,,Fr.,LEFT,LEFT,Greenwood,IN,Center Grove High School
Javin Gauthier,Valparaiso,2026,74,Fr.,LEFT,RIGHT,De Pere,WI,De Pere
Brayden Pleau,Valparaiso,2026,,Jr.,RIGHT,RIGHT,Appleton,WI,Kimberly High School
Thomas Cooper,Valparaiso,2026,74,Jr.,RIGHT,RIGHT,,,
Cole Lockwood,Valparaiso,2026,,Fr.,,,Libertyville,IL,Libertyville High School
George Betevis,Valparaiso,2026,,Sr.,RIGHT,RIGHT,Hanover Park,IL,Bartlett High School
Michael Kuska,Valparaiso,2026,73,So.,LEFT,LEFT,,,
Case Sullivan,Valparaiso,2026,73,So.,RIGHT,RIGHT,Carmel,IN,Carmel
Gavin Bennett,Valparaiso,2026,71,Sr.,LEFT,RIGHT,Libertyville,IL,Libertyville
Eli Riley,Valparaiso,2026,,Sr.,RIGHT,RIGHT,Markle,IN,Norwell High School
Austin Amburgey,Valparaiso,2026,72,Sr.,LEFT,RIGHT,,,Miamisburg
Bryan Hatch,Valparaiso,2026,75,So.,RIGHT,RIGHT,,,
Adam Guazzo,Valparaiso,2026,74,Jr.,RIGHT,RIGHT,,,
Nick Baffa,Valparaiso,2026,72,So.,RIGHT,RIGHT,,,
Connor Lockwood,Valparaiso,2026,72,Sr.,RIGHT,RIGHT,,,
Dalton Swinehart,Valparaiso,2026,,Sr.,RIGHT,RIGHT,Elkhart,IN,Concord High School
Hunter Frost,Valparaiso,2026,69,Sr.,RIGHT,RIGHT,,,
Ryan Kruse,Valparaiso,2026,73,Jr.,RIGHT,RIGHT,,,
Justin Bultemeier,Valparaiso,2026,,Sr.,RIGHT,RIGHT,Decatur,IN,Adams Central High School
Dylan Immel,Valparaiso,2026,73,Sr.,RIGHT,RIGHT,,,
Christian Hack,Valparaiso,2026,75,Sr.,LEFT,LEFT,,,
Joey Kafka,Valparaiso,2026,,Fr.,RIGHT,RIGHT,Mundelein,IL,Mundelein High School
Spencer Boynton,Valparaiso,2026,74,Sr.,RIGHT,RIGHT,,,
Joe Seiber,Valparaiso,2026,71,Sr.,RIGHT,RIGHT,,,
Colton Rerick,Valparaiso,2026,,Fr.,LEFT,LEFT,Granger,IN,Penn High School
Cayden Ray,Valparaiso,2026,,Fr.,RIGHT,RIGHT,Owensboro,KY,Owensboro High School
Aukai Kea,Vanderbilt,2026,73,So.,RIGHT,RIGHT,,,
Braden Holcomb,Vanderbilt,2026,76,Jr.,RIGHT,RIGHT,,,
Mack Whitcomb,Vanderbilt,2026,72,Jr.,RIGHT,RIGHT,Mokena,IL,Baylor (TN) School
Brodie Johnston,Vanderbilt,2026,74,So.,RIGHT,RIGHT,,,
Mike Mancini,Vanderbilt,2026,71,Sr.,LEFT,RIGHT,Endwell,NY,Maine-Endwell
Tommy Goodin,Vanderbilt,2026,73,So.,LEFT,RIGHT,,,
Logan Johnstone,Vanderbilt,2026,71,Sr.,LEFT,RIGHT,Los Gatos,CA,Los Gatos HS
Ryker Waite,Vanderbilt,2026,70,So.,BOTH,RIGHT,,,
Colin Barczi,Vanderbilt,2026,75,Jr.,RIGHT,RIGHT,,,
Max Jensen,Vanderbilt,2026,74,Sr.,LEFT,RIGHT,Burke,VA,Lake Braddock Secondary
Rustan Rigdon,Vanderbilt,2026,72,So.,BOTH,RIGHT,,,
Chris Maldonado,Vanderbilt,2026,73,Sr.,RIGHT,RIGHT,,,
Korbin Reynolds,Vanderbilt,2026,72,Fr.,RIGHT,RIGHT,,,
Will Hampton,Vanderbilt,2026,71,So.,LEFT,LEFT,,,
Collin Brightwell,Vanderbilt,2026,73,Fr.,BOTH,RIGHT,,,
Carter Johnstone,Vanderbilt,2026,73,So.,LEFT,RIGHT,Los Gatos,CA,Los Gatos HS
Wyatt Nadeau,Vanderbilt,2026,78,Fr.,RIGHT,RIGHT,,,
Nate Schlote,Vanderbilt,2026,75,Fr.,RIGHT,RIGHT,,,
Brennan Seiber,Vanderbilt,2026,77,Jr.,RIGHT,RIGHT,,,
Tyler Baird,Vanderbilt,2026,76,Fr.,RIGHT,RIGHT,,,
Adria Casoliba,Vanderbilt,2026,75,Fr.,RIGHT,RIGHT,,,
Jacob Faulkner,Vanderbilt,2026,73,Sr.,RIGHT,RIGHT,Venice,FL,Venice
Connor Hamilton,Vanderbilt,2026,76,Fr.,RIGHT,RIGHT,,,
England Bryan,Vanderbilt,2026,73,So.,RIGHT,RIGHT,,,
Alex Kranzler,Vanderbilt,2026,75,Jr.,RIGHT,RIGHT,,,
Aiden Stillman,Vanderbilt,2026,75,Fr.,RIGHT,LEFT,,,
Luke Guth,Vanderbilt,2026,73,Jr.,RIGHT,RIGHT,,,
Connor Fennell,Vanderbilt,2026,73,Jr.,RIGHT,RIGHT,Londonderry,NH,Londonderry
Nate Taylor,Vanderbilt,2026,74,So.,RIGHT,RIGHT,Flowery Branch,GA,Buford
Austin Nye,Vanderbilt,2026,74,So.,RIGHT,RIGHT,,,
Jakob Schulz,Vanderbilt,2026,74,Jr.,RIGHT,LEFT,,,
Tristan Bristow,Vanderbilt,2026,75,So.,RIGHT,RIGHT,,,
Miller Green,Vanderbilt,2026,77,Jr.,LEFT,LEFT,,,
Caden Byers,Vanguard,2026,75,Sr.,RIGHT,RIGHT,Murrieta,CA,Murrieta Mesa
Dylan Henson,Vanguard,2026,72,So.,LEFT,LEFT,Roseville,CA,Woodcreek
Collin Quintano,Villanova,2026,75,Sr.,RIGHT,RIGHT,Easton,PA,Notre Dame Green Pond
Austin Lemon,Villanova,2026,70,So.,BOTH,RIGHT,Oklahoma City,OK,Heritage Hall HS
Larry Hotaling,Villanova,2026,73,Fr.,RIGHT,RIGHT,Brooklyn,NY,Stony Brook School
Brayden Leonard,Villanova,2026,69,So.,RIGHT,RIGHT,Alpharetta,GA,Alpharetta
Joseph Montgomery,Villanova,2026,72,So.,RIGHT,RIGHT,Buford,GA,Seckinger
Michael Whooley,Villanova,2026,72,Sr.,RIGHT,RIGHT,Wyckoff,NJ,Ramapo
Mark Gialluisi,Villanova,2026,70,So.,RIGHT,RIGHT,Westfield,NJ,St. Joseph [Metuchen]
John Freitag,Villanova,2026,71,So.,RIGHT,RIGHT,New York City,NY,The Calhoun School
Carter Richey,Villanova,2026,71,Sr.,RIGHT,RIGHT,Chandler,AZ,Perry
Jack Roventini,Villanova,2026,70,Fr.,LEFT,RIGHT,Belle Harbor,NY,Polytech Prep Country Day Sch
Tim Schuler,Villanova,2026,74,Jr.,RIGHT,RIGHT,Yardley,PA,La Salle College High School
Aidan Barry,Villanova,2026,74,Sr.,LEFT,LEFT,Medford,MA,Medford
Trent Toole,Villanova,2026,72,Jr.,RIGHT,RIGHT,Manasquan,NJ,Robert Louis Stevenson School
Jake Bollin,Villanova,2026,72,Sr.,RIGHT,RIGHT,Raynham,MA,Noble and Greenough
Patrick McKenzie,Villanova,2026,73,Sr.,RIGHT,RIGHT,Bloomfield,MI,University Liggett School
John Podgorski,Villanova,2026,71,So.,RIGHT,RIGHT,New York City,NY,The Calhoun School
Jack Kelley,Villanova,2026,73,Sr.,RIGHT,RIGHT,Temecula,CA,Palomar
Jack Chavez,Villanova,2026,73,So.,RIGHT,RIGHT,Westfield,NJ,Westfield
Graham Moore,Villanova,2026,74,Sr.,RIGHT,RIGHT,Jacksonville,FL,The Bolles School
Matthew Kahn,Villanova,2026,70,So.,RIGHT,RIGHT,Mount Laurel,NJ,Lenape
Jake Francis,Villanova,2026,72,Jr.,RIGHT,RIGHT,Westfield,NJ,The Pingry School
Bobby Finn,Villanova,2026,72,Sr.,LEFT,LEFT,East Islip,NY,East Islip
Ryan Conrad,Villanova,2026,75,Fr.,RIGHT,RIGHT,Bala Cynwyd,PA,William Penn Charter School
William Parkinson,Villanova,2026,75,Sr.,LEFT,LEFT,Tampa,FL,Berkeley Prep
Carsten Finnvold,Villanova,2026,73,Sr.,LEFT,LEFT,Boca Raton,FL,American Heritage Delray
CJ Furey,Villanova,2026,72,Jr.,LEFT,LEFT,Ocean City,NJ,Saint Augustine Preparatory School
Jeremiah Holder,Villanova,2026,71,Jr.,RIGHT,RIGHT,New Rochelle,NY,New Rochelle
AJ Gracia,Virginia,2026,75,Jr.,LEFT,LEFT,Monroe,NJ,Ranney
Joe Tiroly,Virginia,2026,72,Jr.,RIGHT,RIGHT,Yardley,PA,Pennsbury HS
Sam Harris,Virginia,2026,77,Jr.,LEFT,LEFT,Urbandale,IA,Urbandale
Eric Becker,Virginia,2026,75,Jr.,LEFT,RIGHT,Thiells,NY,Don Bosco Prep
Harrison Didawick,Virginia,2026,72,Sr.,LEFT,LEFT,Chesapeake,VA,Western Branch
Antonio Perrotta,Virginia,2026,76,Jr.,LEFT,LEFT,Rockville,MD,Georgetown Prep
Zach Jackson,Virginia,2026,73,So.,LEFT,RIGHT,Smyrna,GA,Holy Innocents Episcopal
Kyle Johnson,Virginia,2026,73,Jr.,RIGHT,LEFT,Leesburg,VA,Riverside
Ryan Holmes,Virginia,2026,73,Fr.,RIGHT,RIGHT,Menifee,CA,Vista Murrieta High School
Noah Jouras,Virginia,2026,72,Sr.,RIGHT,RIGHT,Western Springs,IL,Lyons Township
Jake Weatherspoon,Virginia,2026,74,Jr.,RIGHT,RIGHT,Indialantic,FL,Melbourne High School
Noah Murray,Virginia,2026,70,Jr.,RIGHT,RIGHT,Crozet,VA,The Miller School of Albemarle
Griffin Enis,Virginia,2026,73,Fr.,RIGHT,RIGHT,Corinth,MS,Corinth High School
Thomas O'Connell,Virginia,2026,70,Fr.,LEFT,RIGHT,West Hartford,CT,Salisbury School
Aiden Harris,Virginia,2026,76,So.,RIGHT,RIGHT,Midlothian,VA,Pro Development Group
John Paone,Virginia,2026,75,Fr.,RIGHT,RIGHT,Lexington,MA,Lawrence Academy
Thomas Stewart,Virginia,2026,74,Fr.,RIGHT,RIGHT,Lakewood,CO,J K Mullen High School
Noah Yoder,Virginia,2026,78,Fr.,RIGHT,RIGHT,Mechanicsville,VA,Atlee High School
Christian Lucarelli,Virginia,2026,78,Fr.,RIGHT,RIGHT,Beaver Falls,PA,Riverside High School
Henry Zatkowski,Virginia,2026,74,So.,LEFT,LEFT,Clarksville,MD,River Hill
Jayden Stroman,Virginia,2026,73,Fr.,BOTH,RIGHT,,,Patchogue-Medford HS
Lucas Hartman,Virginia,2026,70,Sr.,RIGHT,RIGHT,Bradenton,FL,Inspiration Academy
Tyler Kapa,Virginia,2026,74,Sr.,RIGHT,RIGHT,Waterford,MI,Kettering
Michael Yeager,Virginia,2026,75,So.,RIGHT,RIGHT,Greenwich,CT,Brunswick School
Drew Koenen,Virginia,2026,75,So.,RIGHT,RIGHT,Park Ridge,IL,Maine South
Kevin Jaxel,Virginia,2026,76,Sr.,RIGHT,RIGHT,Congers,NY,Don Bosco Prep
Max Stammel,Virginia,2026,75,So.,LEFT,LEFT,Dallas,TX,Highland Park
Matt Augustin,Virginia,2026,74,Jr.,RIGHT,RIGHT,Cherry Hill,NJ,Bishop Eustace
Joe Colucci,Virginia,2026,77,Sr.,RIGHT,RIGHT,Purcellville,VA,Woodgrove HS
Ryan Prior,Virginia,2026,75,Fr.,RIGHT,RIGHT,Sea Girt,NJ,Red Bank Catholic High School
Brendan Cowen,Virginia,2026,76,So.,LEFT,LEFT,Leesburg,VA,Tuscarora
Dean Kampschror,Virginia,2026,77,Sr.,LEFT,LEFT,Falls Church,VA,Justice
Willie Hurt,Virginia Tech,2026,73,Fr.,LEFT,RIGHT,Midlothian,VA,St. Christopher's School
Ethan Ball,Virginia Tech,2026,73,Fr.,LEFT,RIGHT,Mclean,VA,Mclean High School
Pete Daniel,Virginia Tech,2026,75,Jr.,RIGHT,RIGHT,Nashville,TN,Ensworth HS
Ethan Gibson,Virginia Tech,2026,72,Jr.,RIGHT,RIGHT,Abingdon,VA,Abingdon
Henry Cooke,Virginia Tech,2026,75,Sr.,RIGHT,RIGHT,Stuarts Draft,VA,Miller School of Albemarle
Hudson Lutterman,Virginia Tech,2026,70,So.,RIGHT,RIGHT,Knoxville,TN,Knoxville Catholic
Sam Grube,Virginia Tech,2026,,Fr.,LEFT,RIGHT,Mechanicsburg,PA,Cedar Cliff
Nick Locurto,Virginia Tech,2026,72,Jr.,RIGHT,RIGHT,Garnerville,NY,Don Bosco Prep
Anderson French,Virginia Tech,2026,77,So.,LEFT,RIGHT,Lewisberry,PA,Red Land
Owen Petrich,Virginia Tech,2026,74,---,RIGHT,RIGHT,Doylestown,PA,Central Bucks South
Sam Gates,Virginia Tech,2026,71,---,LEFT,RIGHT,Island Heights,NJ,Donovan Catholic
Treyson Hughes,Virginia Tech,2026,75,Sr.,LEFT,RIGHT,Warner Robins,GA,Houston County
CJ Oxendine,Virginia Tech,2026,73,Fr.,RIGHT,RIGHT,N Myrtle Bch,SC,North Myrtle Beach
Preston Crowl,Virginia Tech,2026,72,Jr.,RIGHT,RIGHT,Wirtz,VA,Franklin County
Josh Berzonski,Virginia Tech,2026,70,Sr.,LEFT,LEFT,Glenville,PA,South Western
Chase Swift,Virginia Tech,2026,71,So.,RIGHT,LEFT,Chester,VA,PDG Baseball Academy
Brett Renfrow,Virginia Tech,2026,75,Jr.,RIGHT,RIGHT,Manassas,VA,Charles J. Colgan Sr.
Logan Eisenreich,Virginia Tech,2026,76,So.,RIGHT,RIGHT,South Riding,VA,St. Paul VI Catholic
Luke Craytor,Virginia Tech,2026,77,Sr.,RIGHT,RIGHT,Charlottesville,VA,Western Albemarle
Madden Clement,Virginia Tech,2026,75,Jr.,LEFT,LEFT,Butler,PA,Butler Area Sr.
Griffin Stieg,Virginia Tech,2026,76,Sr.,RIGHT,RIGHT,Mclean,VA,McLean
Brendan Yagesh,Virginia Tech,2026,75,Sr.,LEFT,LEFT,Monrovia,MD,Urbana
Ben Weber,Virginia Tech,2026,73,Sr.,RIGHT,RIGHT,St. Paul,MN,Cretin-Derham Hall
Brody Roe,Virginia Tech,2026,74,Sr.,LEFT,LEFT,Stillwater,OK,Morrison
Daniel Lazaro,Virginia Tech,2026,75,Jr.,RIGHT,RIGHT,Nashville,TN,Ensworth HS
Ethan Grim,Virginia Tech,2026,72,Fr.,RIGHT,RIGHT,Mohnton,PA,Governor Mifflin School Dist
Aiden Robertson,Virginia Tech,2026,73,Jr.,RIGHT,RIGHT,Manchester,TN,Coffee County Central
Peyton Smith,Virginia Tech,2026,74,Sr.,RIGHT,RIGHT,Springfield,TN,East Robertson
Jake Wise,Virginia Tech,2026,72,Fr.,RIGHT,RIGHT,Glen Allen,VA,Benedictine Prep
Jacob Exum,Virginia Tech,2026,76,Sr.,RIGHT,RIGHT,Virginia Beach,VA,Miller School of Albemarle
Dylan Immel,Wagner,2026,73,Jr.,LEFT,RIGHT,El Segundo,CA,El Segundo High School
Derek Patrissi,Wagner,2026,67,Fr.,LEFT,RIGHT,Yorktown Heights,NY,Yorktown High School
Lukas Torres,Wagner,2026,69,Sr.,LEFT,LEFT,Barnegat,NJ,Barnegat High School
Joseph Mennella,Wagner,2026,72,So.,RIGHT,RIGHT,Staten Island,NY,St. Peter's Boys High School
Christian Knight,Wagner,2026,68,Jr.,BOTH,RIGHT,Concord Township,OH,Painesville Riverside High School
Diego Tavarez,Wagner,2026,72,Jr.,LEFT,RIGHT,Spotswood,NJ,Ranney High School
Leo Doyle,Wagner,2026,71,Jr.,RIGHT,RIGHT,Staten Island,NY,Monsignor Farrell High School
Omar Carreras,Wagner,2026,72,Jr.,RIGHT,RIGHT,North Brunswick,NJ,North Brunswick Township High School
Josiah Ross,Wagner,2026,71,Jr.,RIGHT,RIGHT,Newington,CT,Newington High School
Matt Sutera,Wagner,2026,76,So.,RIGHT,RIGHT,Staten Island,NY,Monsignor Farrell High School
Nick Mazzotta,Wagner,2026,71,Sr.,RIGHT,RIGHT,Somers,NY,John F. Kennedy Catholic Preparatory School
Evan McRae,Wagner,2026,74,Jr.,LEFT,LEFT,Coquitlam,Canada,Centennial Secondary School
Jayden Alvarez,Wagner,2026,72,So.,RIGHT,RIGHT,South Plainfield,NJ,South Plainfield High School
Jackson Blakley,Wagner,2026,72,Jr.,RIGHT,RIGHT,Chico,CA,Pleasant Valley Senior High School
Brendan McLoughlin,Wagner,2026,74,Fr.,RIGHT,RIGHT,Latham,NY,Shaker High School
Andrew Marquis,Wagner,2026,70,So.,RIGHT,RIGHT,Lincroft,NJ,Middletown High School South
Alex Kerr,Wagner,2026,70,Fr.,RIGHT,RIGHT,Niskayuna,NY,Niskayuna High School
Joseph Steventon,Wagner,2026,73,Jr.,RIGHT,RIGHT,Valencia,CA,Oaks Christian High School
Tyler Vargas,Wagner,2026,72,Jr.,BOTH,RIGHT,Sacramento,CA,Jesuit High School
Colin Trizuto,Wagner,2026,75,Sr.,RIGHT,RIGHT,San Mateo,CA,Aragon High School
William Grayson,Wagner,2026,75,So.,RIGHT,RIGHT,Mays Landing,NJ,Oak Crest High School
Frankie Nardo,Wagner,2026,71,So.,RIGHT,RIGHT,Hershey,PA,IMG Academy
Keith Davis,Wagner,2026,74,Jr.,LEFT,LEFT,Manassas,VA,Osbourn Park High School
Gavin Townsend,Wagner,2026,73,Fr.,RIGHT,RIGHT,White Plains,NY,White Plains High School
Andrew Rucci,Wagner,2026,75,Sr.,LEFT,LEFT,Staten Island,NY,St. Joseph by-the-Sea High School
Justin Roitman,Wagner,2026,74,Sr.,LEFT,RIGHT,Inver Grove Heights,MN,Simley High School
Quinn Finnegan,Wagner,2026,75,Fr.,RIGHT,RIGHT,Efland,NC,Cedar Ridge High School
Ethan Moran,Wagner,2026,75,Jr.,RIGHT,RIGHT,West Covina,CA,Saint Paul High School
Jeff Tiw,Wagner,2026,75,Jr.,RIGHT,RIGHT,Burlington,Canada,Dr. Frank J. Hayden Secondary School
Braden Lowe,Wagner,2026,73,Jr.,RIGHT,RIGHT,La Crescenta,CA,Grover Cleveland Charter High School
Chris Collina,Wagner,2026,72,Jr.,RIGHT,RIGHT,Marlboro,NJ,Marlboro High School
Sam Bonilla,Wagner,2026,74,Sr.,RIGHT,RIGHT,Richland,WA,Southridge High School
Chase Brandt,Wagner,2026,71,Fr.,LEFT,LEFT,Mullica Hill,NJ,Bishop Eustace Preparatory School
Vincent Corso,Wagner,2026,70,Sr.,RIGHT,RIGHT,West Harrison,NY,Harrison High School
Luke Costello,Wake Forest,2026,74,So.,RIGHT,RIGHT,Erie,PA,Erie Cathedral Prep
Kade Lewis,Wake Forest,2026,75,Jr.,LEFT,RIGHT,Sartell,MN,Sartell
Dalton Wentz,Wake Forest,2026,74,So.,BOTH,RIGHT,Madison Heights,VA,
Javar Williams,Wake Forest,2026,74,Jr.,,,Dartmouth,MA,Tabor Academy
Blake Schaaf,Wake Forest,2026,71,Jr.,LEFT,RIGHT,Oakland,CA,Head-Royce School
Boston Torres,Wake Forest,2026,69,Jr.,LEFT,LEFT,Lynchburg,VA,Liberty Christian Academy
Matt Conte,Wake Forest,2026,,So.,,,,,
Jimmy Keenan,Wake Forest,2026,75,Sr.,RIGHT,RIGHT,White Plains,NY,St. John's
Jackson Miller,Wake Forest,2026,72,Fr.,RIGHT,RIGHT,Palm Beach,FL,Benjamin
JD Stein,Wake Forest,2026,68,Fr.,RIGHT,RIGHT,Carmel,IN,Carmel High School
Austin Hawke,Wake Forest,2026,70,Sr.,RIGHT,RIGHT,Pfafftown,NC,
Andrew Costello,Wake Forest,2026,71,Fr.,RIGHT,RIGHT,Fairview,PA,Cathedral Preparatory School
Ryan Preisano,Wake Forest,2026,76,Jr.,,,Wilton,CT,Fairfield Prep
Jordan Serrano,Wake Forest,2026,73,Fr.,RIGHT,RIGHT,Somerdale,NJ,Stony Brook School
Evan Jones,Wake Forest,2026,75,Fr.,RIGHT,RIGHT,Audubon,PA,Methacton High School
Luke Schmolke,Wake Forest,2026,71,Sr.,RIGHT,RIGHT,Mooresville,NC,Georgia Tech
Zach Johnston,Wake Forest,2026,77,Sr.,,,North Yarmouth,ME,Greely HS
Chris Levonas,Wake Forest,2026,75,So.,RIGHT,RIGHT,Holmdel,NJ,Christian Brothers Academy
Will Ray,Wake Forest,2026,74,Sr.,LEFT,RIGHT,Mars,PA,Pittsburgh Central Catholic
Duncan Marsten,Wake Forest,2026,75,So.,RIGHT,RIGHT,Lake Balboa,CA,Harvard-Westlake HS
Rhys Bowie,Wake Forest,2026,,So.,,,,,
Nate Whysong,Wake Forest,2026,74,So.,RIGHT,RIGHT,Queen,PA,Chestnut Ridge HS
Ryan Bosch,Wake Forest,2026,80,Fr.,LEFT,LEFT,Muskegon,MI,Fruitport High School
Cameron Bagwell,Wake Forest,2026,77,So.,RIGHT,RIGHT,Pineville,NC,South Mecklenburg
Marcelo Harsch,Wake Forest,2026,77,Fr.,RIGHT,RIGHT,Montclair,NJ,Seton Hall Preparatory School
Troy Dressler,Wake Forest,2026,,So.,,,,,
Blake Morningstar,Wake Forest,2026,76,Jr.,RIGHT,RIGHT,Wyalusing,PA,Wyalusing Valley HS
Jackson Hotchkiss,Washington,2026,75,So.,RIGHT,RIGHT,Battle Ground,WA,Battle Ground
Colton Bower,Washington,2026,72,Jr.,RIGHT,RIGHT,Poulsbo,WA,North Kitsap
Daniel Porras,Washington,2026,74,Fr.,LEFT,LEFT,Olalla,WA,Gig Harbor HS
Samuel DeCarlo,Washington,2026,69,Sr.,RIGHT,RIGHT,Signal Hill,CA,Millikan
Braedon Terry,Washington,2026,72,Sr.,LEFT,LEFT,Bellevue,WA,Newport
Casen Taggart,Washington,2026,78,Sr.,LEFT,RIGHT,Everett,WA,Everett HS
Mic Paul,Washington,2026,70,Jr.,LEFT,LEFT,Salt Lake City,UT,Olympus HS
Ethan Swidler,Washington,2026,73,Sr.,RIGHT,RIGHT,San Diego,CA,Canyon Crest Academy
Blake Wilson,Washington,2026,70,Jr.,RIGHT,RIGHT,Trabuco Canyon,CA,Santa Margarita Catholic
Alexander Pearson,Washington,2026,75,Fr.,LEFT,LEFT,Tigard,OR,Tigard Senior High School
Tyler Cowan,Washington,2026,71,Sr.,LEFT,RIGHT,Covington,WA,Liberty HS
Ian Draper,Washington,2026,73,Fr.,RIGHT,RIGHT,Puyallup,WA,Rogers HS
Landon Young,Washington,2026,74,Fr.,RIGHT,RIGHT,Highland,CA,Aquinas HS
Aidan Dougherty,Washington,2026,72,Sr.,RIGHT,RIGHT,Snoqualmie,WA,Mount Si HS
Kevin Spear,Washington,2026,72,Jr.,RIGHT,RIGHT,Seattle,WA,Bishop Blanchet HS
Bryce Johnson,Washington,2026,74,So.,RIGHT,RIGHT,Sammamish,WA,Eastlake
Gunnar Nichols,Washington,2026,76,Sr.,LEFT,RIGHT,Burbank,CA,John Burroughs
Hayden Lewis,Washington,2026,72,Sr.,RIGHT,RIGHT,Scottsdale,AZ,Chaparral HS
Jack Wade,Washington,2026,73,Jr.,LEFT,LEFT,Mission Viejo,CA,Mission Viejo HS
Jackson Thomas,Washington,2026,75,Sr.,RIGHT,RIGHT,Mesa,AZ,Mountain View
Liam Lierman,Washington,2026,73,Fr.,LEFT,LEFT,Eagle River,AK,Eagle River HS
Jay Miller,Washington,2026,78,Sr.,RIGHT,RIGHT,Cornerbrook,Canada,St. Charles College HS
Tyler Walker,Washington,2026,78,Fr.,LEFT,LEFT,Burlington,WA,Burlington-Edison HS
Carson Boesel,Washington,2026,77,Jr.,RIGHT,RIGHT,Malott,WA,Okanogan High School
Noah Kenney,Washington,2026,74,Jr.,RIGHT,RIGHT,Rancho Cordova,CA,Legend HS
Jaxson Gore,Washington,2026,72,Jr.,RIGHT,RIGHT,Poulsbo,WA,North Kitsap
Tommy Brandenburg,Washington,2026,71,Sr.,RIGHT,RIGHT,Kalama,WA,Kalama
Cooper McBride,Washington,2026,71,Jr.,LEFT,LEFT,Arlington,WA,Arlington HS
Gavin Roy,Washington State,2026,69,Sr.,RIGHT,RIGHT,Greater Sudbury,Canada,St. Charles College
Matthew Priest,Washington State,2026,72,Fr.,RIGHT,RIGHT,San Diego,CA,La Jolla Country Day HS
Max Hartman,Washington State,2026,75,Sr.,LEFT,RIGHT,St. Albert,Canada,Okotoks Dawgs Academy
Alexandre Giguere,Washington State,2026,71,Fr.,RIGHT,RIGHT,Levis,Canada,Canadian Baseball Academy
Trevor Smith,Washington State,2026,70,Fr.,BOTH,LEFT,El Cajon,CA,Granite Hills High School
Ryan Skjonsby,Washington State,2026,75,Sr.,LEFT,RIGHT,Long Beach,CA,Long Beach Poly HS
Ollie Obenour,Washington State,2026,72,So.,RIGHT,RIGHT,San Jose,CA,Leigh HS
Mason Pirello,Washington State,2026,69,Fr.,RIGHT,RIGHT,Sammamish,WA,Skyline High School
Cam Macleod,Washington State,2026,71,Jr.,RIGHT,RIGHT,North Vancouver,Canada,Unknown School
Dane Chavez,Washington State,2026,,Fr.,LEFT,RIGHT,Kennewick,WA,Kennewick High School
Kyler Northrop,Washington State,2026,76,So.,RIGHT,RIGHT,Billings,MT,Central HS
Noah Thein,Washington State,2026,69,Sr.,LEFT,RIGHT,De Witt,IA,Central Dewitt HS
Dustin Robinson,Washington State,2026,76,So.,LEFT,LEFT,Brea,CA,Brea Olinda High School
Luke Thiele,Washington State,2026,73,Sr.,RIGHT,RIGHT,Chandler,AZ,Hamilton High School
Cole Watterson,Washington State,2026,69,Jr.,BOTH,RIGHT,Smithfield,UT,Skyview HS
Erik Rodriguez,Washington State,2026,75,Jr.,RIGHT,RIGHT,Moreno Valley,CA,Yucaipa Senior High School
Griffin Smith,Washington State,2026,74,Sr.,RIGHT,RIGHT,Appleton,WI,Appleton North HS
Kaden Wickersham,Washington State,2026,73,Sr.,RIGHT,RIGHT,Oklahoma City,OK,Southmoore HS
Taber Fast,Washington State,2026,73,Jr.,LEFT,LEFT,Chehalis,WA,Olympia HS
August Richie,Washington State,2026,74,Jr.,RIGHT,RIGHT,Tucson,AZ,Sabino HS
Nick Lewis,Washington State,2026,72,So.,LEFT,LEFT,Corona,CA,Santiago HS
Luke Meyers,Washington State,2026,73,Sr.,RIGHT,RIGHT,Denver,CO,Heritage HS
Scott Rienguette,Washington State,2026,71,Jr.,LEFT,RIGHT,Greater Sudbury,Canada,St. Charles College
Ryan Falke,Washington State,2026,77,Fr.,RIGHT,RIGHT,Greenwood Village,CO,Cherry Creek High School
Trevor Stowe,Washington State,2026,73,Jr.,RIGHT,RIGHT,Buffalo,WY,Buffalo HS
Rylan Haider,Washington State,2026,74,Jr.,RIGHT,RIGHT,Olympia,WA,Olympia HS
Gavin Derr,Washington State,2026,73,So.,LEFT,LEFT,Bend,OR,Mountain View HS
Austin Sheldon,Washington State,2026,73,Sr.,RIGHT,RIGHT,Tumwater,WA,Tumwater High School
Brock Blatter,Washington State,2026,78,Sr.,RIGHT,RIGHT,Billings,MT,Billings Central Catholic HS/Alabama
Trent Kelly,West Florida,2026,74,So.,RIGHT,RIGHT,Winter Garden,FL,The First Academy
Christian Pencek,West Florida,2026,76,Sr.,RIGHT,RIGHT,Murfreesboro,TN,Siegel
Patrick McCullough,West Georgia,2026,,Sr.,,,,,
Blake Bradford,West Georgia,2026,,Sr.,,,,,
Anthony J Cole,West Georgia,2026,,Jr.,,,Clermont,FL,Montverde Academy
Mason Cooper,West Georgia,2026,70,Sr.,,,,,
David Bell,West Georgia,2026,71,Jr.,RIGHT,RIGHT,Evans,GA,Greenbrier
Gabriel Wuerth,West Georgia,2026,,Sr.,,,,,
Conner Hilton,West Georgia,2026,,Jr.,,,Hoschton,GA,Bethlehem Christian Academy
Andon Lewis,West Georgia,2026,74,Sr.,RIGHT,RIGHT,Calhoun,GA,Calhoun
Fano Cruz,West Georgia,2026,,Jr.,,,Melbourne Beach,FL,Viera High School
Gabe Young,West Georgia,2026,72,Jr.,LEFT,LEFT,Mountain Brook,AL,
Blane Schmitt,West Georgia,2026,72,Jr.,RIGHT,RIGHT,,,
Landon Weidner,West Georgia,2026,,Sr.,,,,,
Hank Smith,West Georgia,2026,,Jr.,,,,,
Jacob Bowman,West Georgia,2026,,Sr.,,,,,
Brady McDevitt,West Georgia,2026,,Sr.,,,,,
Carson Mynatt,West Georgia,2026,,Sr.,,,,,
Lex Kenny,West Georgia,2026,72,Sr.,RIGHT,RIGHT,Canton,GA,Cherokee
Grant Edwards,West Georgia,2026,,Jr.,,,Macon,GA,Academy Classical Education
Rowan Park,West Georgia,2026,,Jr.,,,Marietta,GA,George Walton Comprehensive HS
Luke Ridley,West Georgia,2026,73,Sr.,LEFT,RIGHT,Gainesville,FL,Newberry
Maverick Torres,West Georgia,2026,,So.,,,,,
Evimael Quiles,West Georgia,2026,,Sr.,,,,,
Zane Wright,West Georgia,2026,,Jr.,,,Plant City,FL,Plant City High School
Wilson Donnelly,West Georgia,2026,,So.,,,,,
Davis Williams,West Georgia,2026,,Jr.,,,,,
Gavin Mask,West Georgia,2026,,Sr.,,,,,
Josh Lanum,West Georgia,2026,,So.,,,,,
Gunnar Plante,West Georgia,2026,80,So.,LEFT,LEFT,Woodstock,GA,North Atlanta
Grayson Stroumpis,West Georgia,2026,,Jr.,,,Alpharetta,GA,Centennial High School
Gavin Kelly,West Virginia,2026,72,So.,RIGHT,RIGHT,Pittsburgh,PA,Central Catholic
Paul Schoenfeld,West Virginia,2026,71,Sr.,LEFT,LEFT,Wichita,KS,Bishop Carroll
Matthew Ineich,West Virginia,2026,71,So.,LEFT,RIGHT,South Lyon,MI,Detroit Catholic Central
Sean Smith,West Virginia,2026,73,Jr.,RIGHT,RIGHT,Moss Point,MS,Pascagoula
Matthew Graveline,West Virginia,2026,73,Sr.,RIGHT,RIGHT,Centerville,OH,Centerville
Tyrus Hall,West Virginia,2026,74,Jr.,RIGHT,RIGHT,Victoria,Canada,Oak Bay
Brodie Kresser,West Virginia,2026,73,Sr.,RIGHT,RIGHT,Jesup,IA,Jesup
Armani Guzman,West Virginia,2026,70,Jr.,LEFT,RIGHT,New York,NY,Rabun Gap-Nacoochee School (Ga.)
Ben Lumsden,West Virginia,2026,75,Sr.,LEFT,RIGHT,Simpsonville,SC,J.L. Mann HS
Ryan Maggy,West Virginia,2026,73,So.,LEFT,RIGHT,Peru,NY,Cypress Creek (Fla.)
Brock Wills,West Virginia,2026,72,Sr.,LEFT,RIGHT,Holly Springs,NC,Holly Springs
Maxwell Molessa,West Virginia,2026,71,So.,LEFT,RIGHT,Pullman,WV,Williamstown
Zahir Barjam,West Virginia,2026,70,Fr.,RIGHT,RIGHT,Santo Domingo,Dominican Republic,P27 Academy
Matthew Robaugh,West Virginia,2026,72,Fr.,RIGHT,RIGHT,Washington,PA,Trinity High School
Carson Estridge,West Virginia,2026,79,Sr.,LEFT,RIGHT,Haymarket,VA,Battlefield
Ian Korn,West Virginia,2026,72,Sr.,RIGHT,RIGHT,York,PA,York Suburban
Maxx Yehl,West Virginia,2026,78,Sr.,LEFT,LEFT,Portville,NY,Portville Central
Dawson Montesa,West Virginia,2026,73,Jr.,RIGHT,RIGHT,Glendale,NY,Queens Metropolitan
Chansen Cole,West Virginia,2026,76,So.,RIGHT,RIGHT,Boiling Spgs,SC,Boiling Springs HS
Reese Bassinger,West Virginia,2026,73,Sr.,RIGHT,RIGHT,Wylie,TX,Wylie HS
David Hagen,West Virginia,2026,74,So.,RIGHT,RIGHT,Loveland,OH,Archbishop Moeller
Joshua Surigao,West Virginia,2026,76,So.,LEFT,LEFT,Little River,SC,North Myrtle Beach
David Perez,West Virginia,2026,70,Fr.,RIGHT,RIGHT,Philadelphia,PA,Archbishop Ryan High School
Bryson Thacker,West Virginia,2026,74,So.,LEFT,LEFT,Rome,GA,Rome
Bryant Yoak,West Virginia,2026,74,So.,RIGHT,RIGHT,Big Bend,WV,Calhoun County
Mac Stiffler,West Virginia,2026,79,So.,RIGHT,RIGHT,Hagerstown,MD,North Hagerstown
JD Costanzo,West Virginia,2026,70,So.,BOTH,LEFT,Pittsburgh,PA,North Allegheny
Weston Smith,West Virginia,2026,76,Fr.,RIGHT,RIGHT,Culloden,WV,Hurricane High School
JT Huether,West Virginia,2026,75,Fr.,RIGHT,RIGHT,Fort Myers,FL,Canterbury School
Wyatt Stanley,Western Carolina,2026,72,So.,LEFT,LEFT,High Point,NC,Southwest Guilford HS
Noah Quarless,Western Carolina,2026,73,So.,RIGHT,RIGHT,Winston Salem,NC,Reagan HS
Trent Turner,Western Carolina,2026,72,Sr.,RIGHT,RIGHT,Waynesville,NC,Tuscola HS
Cole Jones,Western Carolina,2026,73,Sr.,LEFT,RIGHT,Champaign,IL,Champaign Central HS
Jackson Lyda,Western Carolina,2026,74,So.,LEFT,RIGHT,Fletcher,NC,West Henderson HS
Jaylen Jones,Western Carolina,2026,69,Fr.,RIGHT,RIGHT,Loganville,GA,Loganville HS
Walker Fox,Western Carolina,2026,75,So.,LEFT,LEFT,Canton,NC,Pisgah HS
Cameron Murray,Western Carolina,2026,73,Sr.,RIGHT,RIGHT,Fredericksbrg,VA,Mountain View HS
Dominic Robinson,Western Carolina,2026,73,Fr.,RIGHT,RIGHT,Denver,NC,Bandys High School
Marshall McGowan,Western Carolina,2026,74,Fr.,RIGHT,RIGHT,Forest City,NC,Burns High School
Mason Holton,Western Carolina,2026,75,Sr.,RIGHT,RIGHT,Overland Park,KS,BVSW HS
Trey Spees,Western Carolina,2026,72,So.,LEFT,RIGHT,Denver,NC,East Lincoln HS
Yates Sikes,Western Carolina,2026,68,So.,LEFT,LEFT,High Point,NC,High Point Christian
Brody Raleigh,Western Carolina,2026,70,Jr.,RIGHT,RIGHT,Endwell,NY,Christ School
Jackson Godfrey,Western Carolina,2026,74,Fr.,LEFT,RIGHT,Greensboro,NC,Northwest Guilford HS
Caden Haywood,Western Carolina,2026,77,Fr.,RIGHT,RIGHT,Harrisburg,NC,Hickory Ridge HS
Elijah Smith,Western Carolina,2026,71,Jr.,RIGHT,RIGHT,Warner Robins,GA,Houston County HS
Mason Snyder,Western Carolina,2026,70,Jr.,RIGHT,RIGHT,Ocilla,GA,Irwin County HS
Owen Austin,Western Carolina,2026,72,Sr.,LEFT,LEFT,Easley,SC,Wren  HS
Bryant Kimbrell,Western Carolina,2026,75,So.,RIGHT,RIGHT,West End,NC,Pinecrest HS
Scott Templeton,Western Carolina,2026,74,Sr.,LEFT,LEFT,Mount Pleasant,SC,Newberry College
James Fordham,Western Carolina,2026,72,Jr.,RIGHT,RIGHT,Cochran,GA,Bleckley County
Evan Myers,Western Carolina,2026,73,Fr.,LEFT,LEFT,Denver,NC,Lincoln Charter School
Griffin Guinther,Western Carolina,2026,72,Jr.,RIGHT,RIGHT,Roswell,GA,Fellowship Christian
Shane Huntsberger,Western Carolina,2026,73,Jr.,RIGHT,RIGHT,Coral Springs,FL,ESB Academy
John Lobs,Western Carolina,2026,75,So.,RIGHT,RIGHT,Winston Salem,NC,Reagan HS
Ryan White,Western Carolina,2026,69,Sr.,LEFT,LEFT,Randleman,NC,Randleman HS
Davis Budd,Western Carolina,2026,74,Jr.,RIGHT,RIGHT,Acworth,GA,North Paulding HS
Jacob Arnberger,Western Carolina,2026,70,So.,LEFT,LEFT,Atlanta,GA,Lakeside HS
Carter Burnette,Western Carolina,2026,76,So.,RIGHT,RIGHT,Asheville,NC,Asheville HS
Kaden Fuller,Western Carolina,2026,73,So.,RIGHT,RIGHT,King,NC,West Stokes HS
Davis Wright,Western Carolina,2026,70,Sr.,LEFT,LEFT,Ridgeway,SC,Blythewood HS
Tyler Oaks,Western Carolina,2026,75,Fr.,LEFT,RIGHT,Madisonville,TN,Central High School Mcminn CO
Colton Starling,Western Carolina,2026,71,So.,RIGHT,RIGHT,Marshville,NC,Chesterfield High School
Liam Bushey,Western Illinois,2026,75,---,LEFT,RIGHT,,,Mennonite Educational Institute
Joe Connolly,Western Illinois,2026,72,So.,BOTH,RIGHT,Omaha,NE,Skutt Catholic
Cordell Coburn,Western Illinois,2026,74,Sr.,RIGHT,RIGHT,Francisco,IN,North HS
Kamryn Link,Western Illinois,2026,76,Jr.,,,Gillespie,IL,Gillespie High School
Wandel Campana,Western Illinois,2026,72,Sr.,LEFT,RIGHT,Havana,IL,Havana HS
Paul Osting,Western Illinois,2026,72,Sr.,BOTH,RIGHT,Louisville,KY,Trinity HS
Justin Bogard,Western Illinois,2026,75,Sr.,LEFT,RIGHT,Grayson,GA,Grayson HS
Josh McClintock,Western Illinois,2026,72,Jr.,RIGHT,RIGHT,Columbia,MO,David H Hickman High School
Isaiah Monge,Western Illinois,2026,74,Sr.,RIGHT,RIGHT,Madera,CA,Madera HS
Gage Hoover,Western Illinois,2026,73,Jr.,RIGHT,RIGHT,Smyrna,TN,Stewarts Creek High School
Krayton Morse,Western Illinois,2026,75,Sr.,RIGHT,RIGHT,Harrisburg,IL,Harrisburg HS
Tyler Large,Western Illinois,2026,73,Sr.,RIGHT,RIGHT,,,
Dante Turgeon,Western Illinois,2026,75,Sr.,RIGHT,RIGHT,Gilbert,AR,
Kenneth Perez,Western Illinois,2026,70,So.,RIGHT,RIGHT,Chicago,IL,De La Salle HS
Brett Buchanan,Western Illinois,2026,78,Jr.,,RIGHT,Liberty,MO,Liberty North High School
Eric Rawlings,Western Illinois,2026,74,Sr.,RIGHT,RIGHT,Hamilton,OH,Badin HS
Dylan Kaminski,Western Illinois,2026,74,So.,RIGHT,RIGHT,Chicago,IL,DePaul College Prep
Jackson Rodgers,Western Illinois,2026,75,Jr.,RIGHT,RIGHT,Glen Carbon,IL,Father McGivney Catholic
Harrison Dubois,Western Illinois,2026,76,---,RIGHT,RIGHT,New Lenox,IL,Lincoln-Way Central
Cade Sonoqui,Western Illinois,2026,73,Sr.,RIGHT,RIGHT,Long Beach,CA,
Billy Humphrey,Western Illinois,2026,78,Sr.,RIGHT,RIGHT,Beatrice,NE,Beatrice
Jason Buhl,Western Illinois,2026,77,Sr.,LEFT,LEFT,Winnebago,IL,Winnebago
Alex Esker,Western Illinois,2026,76,Sr.,LEFT,LEFT,Saint Louis,MO,Christian Brothers College HS
Max Tripure,Western Illinois,2026,75,Sr.,RIGHT,RIGHT,Floyds Knobs,IN,Floyd Central HS
Karsten Stotlar,Western Illinois,2026,77,Sr.,LEFT,LEFT,Marion,IL,Marion HS
Anthony Steinhoff,Western Illinois,2026,80,Sr.,LEFT,LEFT,Chaska,MN,Chaska HS
JT Fabian,Western Illinois,2026,73,Sr.,LEFT,LEFT,Hudson,OH,Hudson
Lane Arroyos,Western Kentucky,2026,73,Jr.,LEFT,RIGHT,Katy,TX,Churchill Fulshear High School
Cael Frost,Western Kentucky,2026,72,Sr.,LEFT,RIGHT,Gilbertville,IA,Don Bosco
Camden Ross,Western Kentucky,2026,74,Sr.,RIGHT,RIGHT,Broomfield,CO,Broomfield HS
Kyle Hayes,Western Kentucky,2026,73,Sr.,RIGHT,RIGHT,West Chicago,IL,St. Charles East HS
Hayden Robbins,Western Kentucky,2026,75,Jr.,RIGHT,RIGHT,Richmond,KY,Madison Central HS
Hayden Nazarenus,Western Kentucky,2026,71,Jr.,LEFT,LEFT,Hayti,MO,Cooter R-iv High School
Daniel Stewart,Western Kentucky,2026,76,Sr.,RIGHT,RIGHT,Hazel Green,AL,Hazel Green High School
Austin Haller,Western Kentucky,2026,72,Sr.,LEFT,RIGHT,La Mirada,CA,Sonora HS
Reid Howard,Western Kentucky,2026,73,So.,RIGHT,RIGHT,Ferdinand,IN,Forrest Park HS
Kiefer Tarnoki,Western Kentucky,2026,70,Jr.,BOTH,LEFT,Sycamore,IL,Sycamore High School
JP Acosta,Western Kentucky,2026,73,Jr.,BOTH,RIGHT,Clovis,CA,Floyd B Buchanan High School
Parker Coley,Western Kentucky,2026,73,Sr.,RIGHT,RIGHT,Sterlington,LA,Sterlington HS
Emmanuel Alberto,Western Kentucky,2026,74,Jr.,BOTH,RIGHT,Mitchell/Ontario,Canada,Ontario Schools
Ethan Reynolds,Western Kentucky,2026,71,Fr.,RIGHT,RIGHT,Bowling Green,KY,South Warren High School
Ian Nguyen,Western Kentucky,2026,70,Jr.,RIGHT,RIGHT,San Bernardino,CA,Cajon High School
Dalton Fiveash,Western Kentucky,2026,71,Sr.,LEFT,RIGHT,Franklin,KY,Franklin-Simpson HS
Logan Luckett,Western Kentucky,2026,74,Jr.,RIGHT,RIGHT,Adamsville,TN,Adamsville High School
Grayson Godbee,Western Kentucky,2026,72,Jr.,RIGHT,RIGHT,Bishop,GA,North Oconee High School
Zack Serup,Western Kentucky,2026,75,So.,LEFT,LEFT,Moorpark,CA,Moorpark High School
Kaine Samuels,Western Kentucky,2026,79,Fr.,RIGHT,RIGHT,Louisville,KY,Ballard High School
Nathan Lawson,Western Kentucky,2026,73,Sr.,RIGHT,RIGHT,Russell Springs,KY,Russel County High School
Jacob O'Day,Western Kentucky,2026,75,Jr.,RIGHT,RIGHT,Bloomington,IL,Normal Community High School
Conner Wolf,Western Kentucky,2026,74,Sr.,RIGHT,RIGHT,Tipton,MO,Tipton High School
Aaron Robertson,Western Kentucky,2026,74,Sr.,LEFT,LEFT,Everett,WA,Everett HS
Zachary Lyles,Western Kentucky,2026,74,Jr.,LEFT,LEFT,Fairmount,GA,Sonoraville HS
Sam Frizzi,Western Kentucky,2026,73,Sr.,RIGHT,RIGHT,Elk Grove,CA,Elk Grove High School
Gavin Perry,Western Kentucky,2026,77,Jr.,RIGHT,RIGHT,Oceanside,CA,The Rock Academy
Gage Olsen,Western Kentucky,2026,74,Jr.,RIGHT,RIGHT,West Jordan,UT,Copper Hills High School
Trey Reinburg,Western Kentucky,2026,72,Jr.,RIGHT,RIGHT,Nashville,IL,Nashville Community HS
Dominic Monaco,Western Kentucky,2026,75,So.,LEFT,LEFT,Arrington,TN,Brentwood Academy
Mick Uebelhor,Western Kentucky,2026,75,Jr.,RIGHT,RIGHT,Huntingburg,IN,Southridge High School
Jude Favela,Western Kentucky,2026,75,So.,RIGHT,RIGHT,Upland,CA,San Dimas HS
Dawson Hall,Western Kentucky,2026,73,Sr.,RIGHT,RIGHT,Bowling Green,KY,Bowling Green HS
Ka'Olu Holt,Western Kentucky,2026,75,Jr.,RIGHT,RIGHT,Kapolei,HI,Kamehameha Schools Kapalama
Bryson Vawter,Western Kentucky,2026,73,Jr.,LEFT,LEFT,Topeka,KS,Seaman High School
Tanner Mally,Western Michigan,2026,71,Jr.,RIGHT,RIGHT,Lisle,IL,Naperville North
Josh Polubinski,Western Michigan,2026,77,Jr.,RIGHT,RIGHT,Plainfield,IL,Oswego East
Mike Maloney,Western Michigan,2026,70,Sr.,RIGHT,RIGHT,Mokena,IL,Lincoln-Way Central
Drew Howard,Western Michigan,2026,71,Sr.,RIGHT,RIGHT,Ferdinand,IN,Forest Park HS
Mark Mennecke,Western Michigan,2026,72,Jr.,LEFT,LEFT,Naperville,IL,Neuqua Valley High School
Cooper Hums,Western Michigan,2026,72,Jr.,LEFT,LEFT,Mishawaka,IN,Penn HS
Connor Ostrander,Western Michigan,2026,71,Sr.,LEFT,RIGHT,Granger,IN,Edwardsburg
Lucas Rick,Western Michigan,2026,75,Sr.,RIGHT,RIGHT,Rockford,MI,Rockford
Avery Thielman,Western Michigan,2026,77,Sr.,RIGHT,RIGHT,Kalamazoo,MI,Kalamazoo Central
Jacob Rowold,Western Michigan,2026,71,Sr.,LEFT,RIGHT,Valmeyer,IL,Valmeyer HS
Mason Pilarski,Western Michigan,2026,73,Fr.,RIGHT,RIGHT,Macomb,MI,De La Salle
Nolan Zajac,Western Michigan,2026,72,So.,RIGHT,RIGHT,Carleton,MI,Airport
Diego Pena,Western Michigan,2026,73,Sr.,RIGHT,RIGHT,Muskegon,MI,Mona Shores
Ricky Kidd,Western Michigan,2026,74,Sr.,RIGHT,RIGHT,Trenton,MI,Trenton
Sam Carlisle,Western Michigan,2026,74,Jr.,RIGHT,RIGHT,Portage,MI,Portage Northern
Matthew Hoover,Western Michigan,2026,72,Sr.,RIGHT,RIGHT,Buchanan,MI,Buchanan
DJ Thompson,Western Michigan,2026,71,Sr.,RIGHT,RIGHT,Alma,MI,Alma
Tyler McKinstry,Western Michigan,2026,72,Sr.,RIGHT,RIGHT,Frankenmuth,MI,Frankenmuth
Evan Shapiro,Western Michigan,2026,79,Jr.,RIGHT,RIGHT,University Heights,OH,University
Matt Maloney,Western Michigan,2026,70,Sr.,RIGHT,RIGHT,Mokena,IL,Lincoln-Way Central
Zach Vriesenga,Western Michigan,2026,78,Jr.,RIGHT,RIGHT,Grand Rapids,MI,East Grand Rapids
Adam Lehmann,Western Michigan,2026,76,So.,RIGHT,RIGHT,Granger,IN,Penn HS
Turner Doran,Western Michigan,2026,74,Sr.,RIGHT,RIGHT,Mokena,IL,Lincoln-Way Central
Ty Tomlinson,Western Michigan,2026,74,So.,RIGHT,RIGHT,Portage,MI,Portage Northern
Joey Wizceb,Western Michigan,2026,75,Sr.,LEFT,LEFT,Vernon Hills,IL,Vernon Hills
Benny Nazario,Western Oregon,2026,70,Sr.,RIGHT,RIGHT,San Pablo,CA,Pinole Valley HS
Zane Garvey,Western Oregon,2026,76,So.,LEFT,RIGHT,Beaverton,OR,Southridge HS
Collin Irwin,Western Oregon,2026,72,Sr.,RIGHT,RIGHT,Pinole,CA,Pinole Valley HS
Robby Shepherd,Western Oregon,2026,74,So.,RIGHT,RIGHT,Long Beach,CA,St. Anthony HS
Ayden Holker,Western Oregon,2026,77,Jr.,RIGHT,RIGHT,Rancho Cucamonga,CA,Los Osos HS
Shane Bailey,Western Oregon,2026,75,Jr.,RIGHT,RIGHT,El Cajon,CA,Christian Unified HS
Caleb Warren,Westminster (MO),2026,,Sr.,,,,,
Tanner Beltowski,Westmont,2026,73,Jr.,RIGHT,RIGHT,Ventura,CA,Buena H.S.
Grant Yzermans,Westmont,2026,69,Jr.,RIGHT,RIGHT,Murrieta,CA,Temecula Valley H.S.
Joey Rico,Westmont,2026,72,Jr.,LEFT,RIGHT,Visalia,CA,Redwood H.S.
Zach Mora,Westmont,2026,71,Jr.,RIGHT,RIGHT,Moorpark,CA,Grace Brethren H.S.
Colin Callahan,Westmont,2026,71,Jr.,RIGHT,RIGHT,Orangevale,CA,Folsom H.S.
Hunter Hammond,Westmont,2026,77,So.,RIGHT,RIGHT,Atascadero,CA,Saint Joseph H.S.
Brandon Tatch,Westmont,2026,69,So.,RIGHT,RIGHT,Aliso Viejo,CA,Aliso Niguel H.S.
Nate Gray Jr.,Whitworth,2026,71,Jr.,LEFT,LEFT,Kennewick,WA,Kamiakin
Dom Giusti,Whitworth,2026,70,Jr.,RIGHT,RIGHT,Elk Grove,CA,Franklin
Caleb Gray,Whitworth,2026,73,Sr.,BOTH,RIGHT,Spokane,WA,West Valley HS
Spencer Shipman,Whitworth,2026,72,Sr.,RIGHT,RIGHT,Newman Lake,WA,West Valley
Kyle Memarian,Whitworth,2026,72,Jr.,RIGHT,RIGHT,Vancouver,WA,Skyview HS
Reed Gunnett,Whitworth,2026,73,Jr.,RIGHT,RIGHT,Ramona,CA,Ramona
Dylan Huntsman,Whitworth,2026,72,Jr.,RIGHT,RIGHT,Denver,CO,Thomas Jefferson
Max Kaufer,Wichita State,2026,72,Sr.,RIGHT,RIGHT,Medford,NJ,IMG Academy
Jayson Jones,Wichita State,2026,74,Sr.,RIGHT,RIGHT,Savannah,TX,Braswell HS
Nolan Ganter,Wichita State,2026,77,Jr.,RIGHT,RIGHT,Scottsdale,AZ,Pinnacle High School
Nico Rodriguez,Wichita State,2026,69,Fr.,LEFT,RIGHT,San Jose,CA,Archbishop Mitty High School
Owen Washburn,Wichita State,2026,72,Sr.,LEFT,RIGHT,Webster,WI,Webster
Jacob Gutierrez,Wichita State,2026,72,Sr.,RIGHT,RIGHT,Lubbock,TX,Frenship High School
Jaden Gustafson,Wichita State,2026,75,Sr.,LEFT,LEFT,Wichita,KS,Maize
Josh Wulfert,Wichita State,2026,75,So.,RIGHT,RIGHT,Stillwater,OK,Piedra Vista High School
MJ Sweeney,Wichita State,2026,80,Jr.,LEFT,RIGHT,San Diego,CA,Saint Augustine High School
Anthony Cepeda,Wichita State,2026,75,Jr.,LEFT,RIGHT,Keizer,OR,McNary Senior High School
Kaleb Duncan,Wichita State,2026,71,Sr.,RIGHT,RIGHT,Goodyear,AZ,Millenium
Alex Ulloa,Wichita State,2026,70,Sr.,RIGHT,RIGHT,Cutler Bay,FL,Calvary Christian Academy
Zeb Henry,Wichita State,2026,70,Jr.,LEFT,RIGHT,Bartlesville,OK,Bartlesville
Jack Quick,Wichita State,2026,74,Jr.,RIGHT,LEFT,Cutler Bay,FL,ESB Academy
Owen Rush,Wichita State,2026,69,Jr.,LEFT,RIGHT,Wichita,KS,Eisenhower High School
Ethan Gonzalez,Wichita State,2026,73,Jr.,RIGHT,RIGHT,San Antonio,TX,Smithson Valley High School
Drew Bugner,Wichita State,2026,74,Sr.,RIGHT,RIGHT,Wichita,KS,Andale High School
Evan Escobar,Wichita State,2026,71,So.,RIGHT,RIGHT,Miami,FL,Doral Academy Charter
Dominic Archila,Wichita State,2026,70,Jr.,LEFT,RIGHT,Houma,LA,Vandebilt Catholic
Johnny Nuanez,Wichita State,2026,75,Jr.,RIGHT,RIGHT,San Diego,CA,Point Loma High School
Dax Sharp,Wichita State,2026,74,Sr.,LEFT,LEFT,Pryor,OK,Pryor High School
Ryan Morrison,Wichita State,2026,79,Sr.,RIGHT,RIGHT,Melbourne,Australia,Melton Secondary College
Ethan Rogers,Wichita State,2026,73,Fr.,LEFT,LEFT,Lone Jack,MO,Lone Jack High School
Caleb Reed,Wichita State,2026,77,Jr.,RIGHT,RIGHT,Olathe,KS,Olathe South High School
Wyatt Foley,Wichita State,2026,73,Sr.,RIGHT,RIGHT,Girard,KS,Girard High School
Brady Hamilton,Wichita State,2026,74,Jr.,RIGHT,RIGHT,Edmond,OK,Deer Creek
Brady Owens,Wichita State,2026,72,Sr.,LEFT,LEFT,Acworth,GA,Acworth High School
Matthew Cuccias,Wichita State,2026,77,Jr.,RIGHT,RIGHT,Simi Valley,CA,Simi Valley High School
Amar Tsengeg,Wichita State,2026,75,Sr.,RIGHT,RIGHT,College Station,TX,College Station HS
Brady Pacha,Wichita State,2026,75,Sr.,RIGHT,RIGHT,Wichita,KS,Bishop Carroll High School
Reese Kortum,Wichita State,2026,77,Jr.,RIGHT,LEFT,Lincoln,NE,Pius X High School
Heitaro Hayashi,Wichita State,2026,71,Sr.,LEFT,LEFT,Tokyo,Japan,Johtoh High School
Brok Eddy,Wichita State,2026,75,Jr.,RIGHT,RIGHT,Brighton,CO,Brighton High School
Karsen Richard,Wichita State,2026,76,Sr.,RIGHT,RIGHT,Little Rock,AR,Central Arkansas Christian
Mitchell Johnson,Wichita State,2026,76,Jr.,LEFT,LEFT,Derby,KS,Derby High School
Jamie Laskofski,William & Mary,2026,75,So.,LEFT,RIGHT,Burke,VA,Lake Braddock
Louis Bartletti,William & Mary,2026,74,Sr.,LEFT,RIGHT,Springfield,IL,Sacred Heart-Griffin
Witt Scafidi,William & Mary,2026,72,Jr.,RIGHT,RIGHT,Penn Laird,VA,Spotswood
Anthony Greco,William & Mary,2026,71,Jr.,LEFT,RIGHT,Buffalo,NY,St. Joseph's Collegiate Institute
Trey Christman,William & Mary,2026,76,So.,RIGHT,RIGHT,Providence Forge,VA,Walsingham Academy
Matthew Kosuda,William & Mary,2026,72,Fr.,RIGHT,RIGHT,Mountainside,NJ,Governor Livingston
Charlie Iriotakis,William & Mary,2026,76,Sr.,LEFT,RIGHT,Toronto,Canada,St. Michael's
Jett Humphreys,William & Mary,2026,70,Fr.,RIGHT,RIGHT,Abingdon,VA,Abingdon
Kevin Francella,William & Mary,2026,72,So.,RIGHT,RIGHT,Port Chester,NY,Rye Country Day
Chase Ecker,William & Mary,2026,70,Fr.,RIGHT,RIGHT,West Chester,PA,Malvern Prep
Liam O'Neil,William & Mary,2026,77,Jr.,LEFT,RIGHT,Ponte Vedra Beach,FL,Providence School
Conner Chavez,William & Mary,2026,67,Sr.,RIGHT,RIGHT,Fort Worth,TX,Jesuit Dallas
Jackson Woolwine,William & Mary,2026,69,Sr.,RIGHT,RIGHT,Boulder,CO,Boulder
Justin Summers,William & Mary,2026,77,Fr.,RIGHT,RIGHT,Warrenton,VA,Highland School
Corey Adams,William & Mary,2026,72,Jr.,RIGHT,RIGHT,Richmond,VA,Benedictine
Ryan Santangelo,William & Mary,2026,72,Sr.,RIGHT,RIGHT,Oxford,PA,Oxford Area
Jack Weight,William & Mary,2026,73,So.,RIGHT,RIGHT,Moseley,VA,Cosby
Owen Pierce,William & Mary,2026,72,Jr.,RIGHT,RIGHT,Fairfax,VA,Chantilly
Stephen Christopher,William & Mary,2026,74,Fr.,RIGHT,RIGHT,Marshall,VA,Highland School
Noah Hertzler,William & Mary,2026,75,Sr.,RIGHT,RIGHT,Harrisonburg,VA,Broadway
Luke Calveric,William & Mary,2026,78,Jr.,RIGHT,RIGHT,Richmond,VA,Mills E. Godwin
Jack Pye,William & Mary,2026,74,Fr.,RIGHT,RIGHT,Doylestown,PA,La Salle College
Tom Bourque,William & Mary,2026,75,Jr.,LEFT,LEFT,Arlington,VA,Bishop O'Connell
Zach Boyd,William & Mary,2026,72,So.,RIGHT,RIGHT,Richmond,VA,Mills E. Godwin
Charlie Richwine,William & Mary,2026,72,Fr.,LEFT,LEFT,Falmouth,VA,Stafford
Zach Potts,William & Mary,2026,72,So.,RIGHT,RIGHT,Richmond,VA,Mills E. Godwin
Daniel Lingle,William & Mary,2026,71,So.,RIGHT,RIGHT,Midlothian,VA,Benedictine
Hank Lippman,William & Mary,2026,74,So.,RIGHT,RIGHT,Mclean,VA,Langley
Connor Jernigan,William & Mary,2026,77,Fr.,RIGHT,RIGHT,Brookline Village,MA,Avon Old Farms School
Charlie Seneker,William & Mary,2026,76,Sr.,LEFT,RIGHT,Toronto,Canada,St. Michael's
Dylan McCarthy,William & Mary,2026,79,Fr.,RIGHT,RIGHT,Stafford,VA,Colonial Forge
Derek Baker,William & Mary,2026,73,Fr.,RIGHT,RIGHT,Norfolk,VA,Maury
Tanner McCammon,Wingate,2026,75,Jr.,RIGHT,RIGHT,Matthews,NC,Charlotte Christian
Jalen Evans,Wingate,2026,,Jr.,RIGHT,RIGHT,,,
Bradley Hart,Wingate,2026,,Jr.,RIGHT,RIGHT,,,
Gavin Groppuso,Wingate,2026,,Jr.,LEFT,RIGHT,,,
Jake Courville,Wingate,2026,,Jr.,RIGHT,RIGHT,,,
Sean Sullivan,Wingate,2026,,Sr.,RIGHT,RIGHT,,,
Cole Smith,Wingate,2026,,So.,RIGHT,RIGHT,,,
Chad Harvey,Wingate,2026,,Jr.,RIGHT,RIGHT,,,
Jett Thomas,Wingate,2026,,So.,RIGHT,RIGHT,,,
Noah Berge,Winthrop,2026,74,Fr.,RIGHT,RIGHT,Chandler,AZ,Hamilton High School
Jaylen Hernandez,Winthrop,2026,71,Jr.,LEFT,RIGHT,Brooklyn,NY,P27 Academy
Josh Skowronski,Winthrop,2026,77,So.,LEFT,RIGHT,Frederick,MD,
Corey Wouters,Winthrop,2026,74,Jr.,RIGHT,LEFT,Saskatoon,Canada,International School
Alan Benhardt,Winthrop,2026,72,Sr.,LEFT,LEFT,Malakoff,TX,
Colin Crowley,Winthrop,2026,73,So.,LEFT,RIGHT,Southington,CT,
Zach Greenberg,Winthrop,2026,70,Jr.,RIGHT,RIGHT,Horsham,PA,
Chazz Grossington,Winthrop,2026,72,Jr.,RIGHT,RIGHT,Mitchell/Ontario,Canada,Silverthorn H.S.
Gabriel Natividad,Winthrop,2026,72,Jr.,RIGHT,RIGHT,Gardnerville,NV,
Grant McGuire,Winthrop,2026,73,Fr.,RIGHT,RIGHT,Nevada,OH,Wynford H.S.
Cade Norton,Winthrop,2026,72,So.,RIGHT,RIGHT,Greenville,SC,Blueridge
Ethan Wilson,Winthrop,2026,72,Sr.,RIGHT,RIGHT,Rock Hill,SC,
Noah Cox,Winthrop,2026,73,Jr.,RIGHT,RIGHT,Eugene,OR,Willamette High School
Diego Alfonso-Rivera,Winthrop,2026,72,Jr.,RIGHT,RIGHT,Orocovis Pr,PR,Jose Rojas Cortes High School
Gage Handzel,Winthrop,2026,72,Jr.,RIGHT,RIGHT,Lenexa,KS,Shawnee Mission West HS
Chet Bowling,Winthrop,2026,74,Sr.,RIGHT,RIGHT,Faulkner,MD,
Ben Rehkow,Winthrop,2026,73,Sr.,RIGHT,RIGHT,Rock Hill,SC,
Garrett Byrd,Winthrop,2026,71,Fr.,RIGHT,RIGHT,Snow Hill,NC,North Lenoir High School
Luke Earnhardt,Winthrop,2026,72,Jr.,LEFT,LEFT,Rabun Gap,GA,Rabun Gap-Nacoochee
Colby McNeely,Winthrop,2026,76,Sr.,RIGHT,RIGHT,Folsom,PA,The Haverford School
Dylan Hansen,Winthrop,2026,72,So.,RIGHT,RIGHT,Exton,PA,Downington East
Shane Keup,Winthrop,2026,74,Jr.,RIGHT,RIGHT,Columbia,SC,Dreher H.S.
Harrison Wilson,Winthrop,2026,73,Sr.,RIGHT,RIGHT,Fort Mill,SC,Catawba Ridge H.S.
Walker Brodt,Winthrop,2026,72,Jr.,RIGHT,RIGHT,Katy,TX,Brownsburg H.S.
Mason Tompkins,Winthrop,2026,71,So.,RIGHT,RIGHT,Travelers Rest,SC,Blue Ridge H.S.
Randy Guzman,Winthrop,2026,72,Jr.,RIGHT,RIGHT,Cranston,RI,
Brayden Gilley,Winthrop,2026,76,Jr.,RIGHT,RIGHT,Deer Park,TX,
Casey Culbreth,Winthrop,2026,74,Jr.,RIGHT,RIGHT,Godwin,NC,Midway High School
Leo Vitarelli,Winthrop,2026,70,Fr.,RIGHT,RIGHT,Brooklyn,NY,Stony Brook School
Evan Vandenbosch,Winthrop,2026,76,Sr.,LEFT,LEFT,Fort Mill,SC,Legion Collegiate Academy
Ray McNaught,Winthrop,2026,77,So.,RIGHT,RIGHT,E Bridgewater,MA,East Bridgewater Junior/Senior High School
Carson Everette,Winthrop,2026,72,Jr.,LEFT,LEFT,Greenville,NC,
Ben Timblin,Wofford,2026,75,So.,RIGHT,RIGHT,Signal Mountain,TN,Signal Mountain
Lucas Manning,Wofford,2026,71,Sr.,RIGHT,RIGHT,Winston Salem,NC,West Forsyth
Marc Quarrie,Wofford,2026,73,Jr.,RIGHT,RIGHT,Miami,FL,Riviera Prep
Logan Tribble,Wofford,2026,71,Sr.,RIGHT,RIGHT,Bradenton,FL,The Out-of-Door Academy
Niko Brini,Wofford,2026,69,Sr.,LEFT,LEFT,Plymouth,MA,Boston College HS
Tommy Kirwan,Wofford,2026,72,Fr.,LEFT,RIGHT,Oswego,NY,Oswego High School
Cade Collins,Wofford,2026,74,So.,LEFT,RIGHT,Fort Collins,CO,Dakota Ridge
Andrew Mannelly,Wofford,2026,72,Sr.,LEFT,LEFT,Atlanta,GA,Marist
Brady Gold,Wofford,2026,72,Fr.,RIGHT,RIGHT,Mount Pleasant,SC,Wando High School
Hunter Herndon,Wofford,2026,75,Sr.,RIGHT,RIGHT,Chickamauga,GA,Baylor School
Harrison Campi,Wofford,2026,71,Jr.,RIGHT,RIGHT,Manasquan,NJ,Christian Brothers
Tanner Hardin,Wofford,2026,71,So.,LEFT,RIGHT,Union,SC,Union County
Keeton Burroughs,Wofford,2026,68,Jr.,RIGHT,RIGHT,Odessa,FL,Calvary Christian
Raul Feliz,Wofford,2026,69,Sr.,RIGHT,RIGHT,Jupiter,FL,Cardinal Newman
Alex Myers,Wofford,2026,71,Fr.,RIGHT,RIGHT,Blythewood,SC,Blythewood High School
James Layman,Wofford,2026,72,Sr.,LEFT,RIGHT,Bluffton,SC,May River
JT Smith,Wofford,2026,71,Fr.,RIGHT,RIGHT,Arden,NC,T C Roberson High School
Zach Porter,Wofford,2026,72,So.,RIGHT,RIGHT,Chattanooga,TN,McCallie
PJ Fitzpatrick,Wofford,2026,76,Fr.,LEFT,RIGHT,Canton,GA,Creekview High School
Branton Little,Wofford,2026,76,Sr.,RIGHT,RIGHT,Mount Pleasant,SC,Wando
Alec Bouchard,Wofford,2026,74,Jr.,RIGHT,RIGHT,Soddy Daisy,TN,Notre Dame
Blayne Newman,Wofford,2026,74,Jr.,RIGHT,RIGHT,Richmond Hill,GA,Richmond HIll
Cullen Condon,Wofford,2026,70,So.,RIGHT,RIGHT,Manasquan,NJ,Manasquan
John Gray,Wofford,2026,77,Sr.,RIGHT,RIGHT,Wilmington,DE,Tower Hill
Kenny Michaels,Wofford,2026,76,Jr.,RIGHT,LEFT,Alexandria,VA,Mayfield Secondary
Cade Bouknight,Wofford,2026,72,Jr.,RIGHT,RIGHT,Batesburg Leesville,SC,Batesburg-Leesville
Champ Davis,Wofford,2026,73,Sr.,RIGHT,RIGHT,Atlanta,GA,Marist
Corben Childers,Wofford,2026,76,So.,RIGHT,RIGHT,Spartanburg,SC,Boiling Springs
Sheldon Egger,Wofford,2026,75,Sr.,LEFT,LEFT,Duvall,WA,Cedarcrest
Austin Laughlin,Wofford,2026,76,So.,LEFT,RIGHT,Columbia,SC,Cardinal Newman
Miller Alston,Wofford,2026,71,So.,LEFT,LEFT,Marietta,GA,Walton
Cole Draper,Wofford,2026,71,Fr.,RIGHT,RIGHT,Knoxville,TN,Farragut High School
Davis Rivers,Wofford,2026,73,Jr.,RIGHT,RIGHT,Columbia,SC,AC Flora
Hiram Lewis,Wofford,2026,77,Fr.,RIGHT,RIGHT,Brentwood,TN,Ravenwood High School
Andrew Duncan,Wright State,2026,73,Jr.,RIGHT,RIGHT,Dunedin,FL,A3 Academy
JP Peltier,Wright State,2026,75,Jr.,RIGHT,RIGHT,Vandalia,OH,Chaminade Julienne
Hunter Warren,Wright State,2026,72,So.,RIGHT,RIGHT,Moline,IL,Moline
Cy Turner,Wright State,2026,75,Sr.,LEFT,RIGHT,Pacific Grove,CA,Pacific Grove
Patrick Fultz,Wright State,2026,72,Sr.,LEFT,RIGHT,Springfield,OH,Shawnee
Keegan Holmstrom,Wright State,2026,70,Fr.,LEFT,LEFT,Grove City,OH,Grove City
Zac Butler,Wright State,2026,72,Sr.,RIGHT,RIGHT,Columbus,MS,New Hope High School
Braylen Blomquist,Wright State,2026,72,So.,LEFT,RIGHT,Saint Clairsville,OH,St. Clairsville HS
Gus Gregory,Wright State,2026,70,Jr.,LEFT,RIGHT,Strongsville,OH,Strongsville
Brett Denby,Wright State,2026,72,So.,RIGHT,RIGHT,New Albany,IN,Jefferson HS
Nathan Manley,Wright State,2026,68,Jr.,RIGHT,RIGHT,Loveland,OH,Archbishop Moeller
Cameron Gilkerson,Wright State,2026,75,So.,LEFT,LEFT,Hilliard,OH,Hilliard Darby
Parker Falkenstein,Wright State,2026,70,So.,RIGHT,RIGHT,Wadsworth,OH,Archbishop Hoban
Michael Bilo,Wright State,2026,76,So.,RIGHT,RIGHT,Mason,OH,William Mason
Malachi Paplanus,Wright State,2026,73,So.,RIGHT,RIGHT,Huntley,IL,Huntley HS
Michael Zielinski,Wright State,2026,70,Fr.,LEFT,LEFT,Fenton,MI,Hartland High School
Cameron Allen,Wright State,2026,75,Jr.,RIGHT,RIGHT,Akron,OH,Ellet
Chet Lax,Wright State,2026,71,Jr.,LEFT,LEFT,Hendersonville,TN,Pope John Paul II
Cooper Robinson,Wright State,2026,73,Jr.,RIGHT,RIGHT,Lebanon,OH,Cincinnati Hills Christian Academy
Griffen Paige,Wright State,2026,74,Jr.,LEFT,LEFT,Mount Pleasant Mills,PA,Midd-West
Matthew Johnson,Wright State,2026,72,Sr.,RIGHT,RIGHT,Tampa,FL,Jefferson
Evan Boeckmann,Wright State,2026,73,So.,LEFT,LEFT,Louisville,KY,Trinity HS
JJ Thompson,Wright State,2026,74,So.,LEFT,LEFT,Hopkinsville,KY,Hopkinsville HS
Cooper Ashby,Wright State,2026,76,So.,RIGHT,RIGHT,Georgetown,TX,Georgetown High School
Cooper Gilkerson,Wright State,2026,73,Fr.,RIGHT,RIGHT,Hilliard,OH,Hilliard Darby High School
Brody Papay,Wright State,2026,,Fr.,LEFT,LEFT,Avon,OH,Avon High School
Warren Hartzell,Wright State,2026,72,Sr.,LEFT,RIGHT,Greenville,OH,Greenville
Caleb Ehling,Wright State,2026,73,So.,LEFT,LEFT,Kevil,KY,McCracken County HS
Abe Crall,Wright State,2026,72,So.,RIGHT,RIGHT,Mount Orab,OH,Western Brown HS
Clay Burdette,Xavier,2026,74,Jr.,RIGHT,RIGHT,Cincinnati,OH,Archbishop Moeller
Jonathan Fitz,Xavier,2026,72,Jr.,RIGHT,RIGHT,Edgewood,KY,Covington Catholic
Eddie Peters,Xavier,2026,74,So.,RIGHT,RIGHT,La Crescent,MN,Aquinas
Tom Townsend,Xavier,2026,76,Jr.,LEFT,LEFT,Sycamore,IL,Sycamore
Landon Mensik,Xavier,2026,74,So.,RIGHT,RIGHT,Mokena,IL,Lincoln-Way Central
Jorge Valdes,Xavier,2026,69,So.,LEFT,LEFT,Milton,Canada,Bishop Reding Catholic Secondary School
Luke Hammond,Xavier,2026,76,Sr.,RIGHT,RIGHT,Cincinnati,OH,Indian Hill
Josh Stonehouse,Xavier,2026,73,Fr.,LEFT,LEFT,Camarillo,CA,Crespi Carmelite High School
Peter Johnson,Xavier,2026,76,Jr.,LEFT,RIGHT,Minnetonka,MN,Blake
JD Crisp,Xavier,2026,72,So.,BOTH,LEFT,Cypress,TX,Second Baptist
Tanner Thomas,Xavier,2026,70,Sr.,RIGHT,RIGHT,Lynchburg,VA,Liberty Christian HS
Carter Christenson,Xavier,2026,69,Fr.,RIGHT,RIGHT,Cincinnati,OH,Moeller High School
Donavan Canterberry,Xavier,2026,72,Sr.,RIGHT,RIGHT,Wyandotte,MI,Wyandotte
Jason Jelic,Xavier,2026,74,Sr.,LEFT,RIGHT,Chapel Hill,NC,IMG
Mitchell Morton,Xavier,2026,74,Fr.,RIGHT,RIGHT,Plano,TX,Plano West Senior High School
Joey Arend,Xavier,2026,73,Fr.,LEFT,LEFT,Wasco,IL,Saint Charles East High School
Jack Nobe,Xavier,2026,75,So.,LEFT,RIGHT,Washington,MO,St. Francis Borgia
Owen Poole,Xavier,2026,74,Jr.,RIGHT,RIGHT,Newark,OH,Newark
Ashton Chronister,Xavier,2026,80,Jr.,LEFT,LEFT,Rogers,AR,Rogers
Ryan Piech,Xavier,2026,75,Jr.,RIGHT,RIGHT,Aurora,OH,Walsh Jesuit
Eli Bridenthal,Xavier,2026,75,Jr.,RIGHT,RIGHT,McCordsville,IN,Mt. Vernon
Jack DeTienne,Xavier,2026,74,So.,RIGHT,RIGHT,Verona,WI,Verona Area
Garrett Helsel,Xavier,2026,77,Sr.,LEFT,LEFT,Blacklick,OH,Gahanna Lincoln HS
Michael Murphy,Xavier,2026,72,Jr.,RIGHT,RIGHT,Mason,OH,William Mason
Evan Vasiliou,Xavier,2026,73,Sr.,RIGHT,LEFT,El Cajon,CA,Grossmont
Nick Boyle,Xavier,2026,75,Sr.,RIGHT,RIGHT,Goshen,KY,North Oldham
Samuel Stevens,Xavier,2026,75,So.,RIGHT,RIGHT,Austin,TX,McCallum
Karter Muck,Xavier,2026,74,Sr.,RIGHT,RIGHT,Parkville,MO,St. Pius X HS
Jake Hooker,Xavier,2026,74,Jr.,RIGHT,RIGHT,Zionsville,IN,University
Joey Young,Xavier,2026,72,Jr.,RIGHT,RIGHT,Decatur,IL,Warrensburg-latham High School
Sam Hoeft,Xavier,2026,76,Fr.,RIGHT,RIGHT,Port Washington,WI,Port Washington High School
Trevor Geddes,Xavier,2026,79,Sr.,LEFT,LEFT,Prospect,KY,Highlands Latin
Asher Deleo,Xavier,2026,76,Jr.,RIGHT,RIGHT,Bothell,WA,Bothell High School
Kaiden Dossa,Yale,2026,72,Jr.,RIGHT,RIGHT,Mill Valley,CA,Tamalpais
Jack Dauer,Yale,2026,72,So.,RIGHT,RIGHT,Royal Oak,MI,U of D Jesuit
Garrett Larsen,Yale,2026,68,Jr.,RIGHT,RIGHT,Fairfield,CT,Fairfield Warde
Brady Ruiz-Weiss,Yale,2026,71,So.,LEFT,LEFT,Potomac,MD,St. John's College
Owen Turner,Yale,2026,72,So.,RIGHT,RIGHT,Oxford,MI,Birmingham Brother Rice
Chris DiPrima,Yale,2026,70,Jr.,RIGHT,RIGHT,San Diego,CA,Del Norte
Davis Hanson,Yale,2026,75,Sr.,RIGHT,RIGHT,Winston Salem,NC,Loomis Chaffee
Chace Chaplin,Yale,2026,69,Jr.,RIGHT,RIGHT,Apex,NC,Middle Creek
Jackson Hays,Yale,2026,76,Fr.,RIGHT,RIGHT,Parker,TX,Plano East Senior High School
Bryce Miller,Yale,2026,70,Fr.,RIGHT,RIGHT,San Diego,CA,MT Carmel High School
Colin Sloan,Yale,2026,73,Jr.,RIGHT,RIGHT,Bellaire,TX,Strake Jesuit College Prep
Tate Evans,Yale,2026,72,Sr.,RIGHT,RIGHT,Flower Mound,TX,Marcus
Ben Winslow,Yale,2026,75,Jr.,RIGHT,RIGHT,Charlottesville,VA,Western Albemarle
Jack Ohman,Yale,2026,72,So.,LEFT,RIGHT,Mesa,AZ,Brophy College Prep
Nick West,Yale,2026,75,Fr.,RIGHT,RIGHT,Nacogdoches,TX,Central Heights High School
Teo Spadaccini,Yale,2026,,Jr.,RIGHT,RIGHT,Lexington,MA,Phillips Academy Andover
Alex Hwang,Yale,2026,73,So.,RIGHT,RIGHT,New York,NY,Trinity
Daniel Cohen,Yale,2026,74,Sr.,RIGHT,RIGHT,Gansevoort,NY,South Glens Falls Senior
Brett Faccio,Yale,2026,74,Fr.,RIGHT,RIGHT,Midland,MI,Midland High School
Ethan Lewis,Yale,2026,73,Sr.,RIGHT,RIGHT,Golden,CO,Golden
Levi Strahm,Yale,2026,70,Jr.,LEFT,LEFT,Lewisville,NC,Reagan HS
Jackson Morgan,Young Harris,2026,73,Jr.,RIGHT,RIGHT,Alpharetta,GA,Blessed Trinity Catholic
Carlos Martans,Young Harris,2026,74,Sr.,RIGHT,RIGHT,,,
Jack Enrico,Young Harris,2026,73,Jr.,LEFT,RIGHT,Woodstock,GA,Sequoyah
Drew Bray,Young Harris,2026,74,Sr.,LEFT,RIGHT,Canton,GA,
Kade Smallwood,Young Harris,2026,73,Jr.,LEFT,RIGHT,Flowery Branch,GA,Flowery Branch
Ryan Heishman,Young Harris,2026,74,Sr.,LEFT,LEFT,Buford,GA,
Jack Messmore,Youngstown State,2026,73,Sr.,LEFT,RIGHT,Niceville,FL,Niceville
Alex Jang,Youngstown State,2026,69,Fr.,RIGHT,RIGHT,Las Vegas,NV,P27 Academy
Brady Shannon,Youngstown State,2026,74,Jr.,RIGHT,RIGHT,Youngstown,OH,Ursuline
Garrett Cutting,Youngstown State,2026,72,Sr.,RIGHT,RIGHT,Las Vegas,NV,Arbor View
Nathan Beckley,Youngstown State,2026,72,Jr.,LEFT,RIGHT,Aliso Viejo,CA,San Clemente
Nick Miscavage,Youngstown State,2026,70,Fr.,RIGHT,RIGHT,Mountain Top,PA,Crestwood
Ryan Schummer,Youngstown State,2026,72,Jr.,LEFT,RIGHT,W Lafayette,IN,Central Catholic
Luke Rossi,Youngstown State,2026,75,Jr.,RIGHT,RIGHT,Salinas,CA,Palma
Teddy Ruffner,Youngstown State,2026,70,Sr.,RIGHT,RIGHT,Mars,PA,Mars Area
Misael Uriepero,Youngstown State,2026,70,Fr.,LEFT,RIGHT,Miami,FL,True North Classical Academy
Brayden Kuriger,Youngstown State,2026,73,Sr.,RIGHT,RIGHT,Gonzales,LA,St. Amant
Jay Michael Wrona,Youngstown State,2026,70,So.,LEFT,RIGHT,New Castle,PA,Mohawk
James Carlson,Youngstown State,2026,77,Fr.,RIGHT,RIGHT,Crystal Lake,IL,Crystal Lake South
Chyran Humphries,Youngstown State,2026,77,Jr.,LEFT,LEFT,Farmington Hills,MI,Detroit Country Day
Kendal Spencer,Youngstown State,2026,73,Sr.,LEFT,LEFT,Tampa,FL,Brandon
Nic Goodwin,Youngstown State,2026,75,Sr.,RIGHT,RIGHT,Woodinville,WA,North Creek
Brevin Smith,Youngstown State,2026,71,Jr.,RIGHT,RIGHT,Palm Bay,FL,Melbourne
Caleb Hadley,Youngstown State,2026,74,So.,RIGHT,RIGHT,Southington,OH,Warren JFK
Aidan English,Youngstown State,2026,78,Sr.,RIGHT,RIGHT,North Lima,OH,South Range
Michael Rodriques,Youngstown State,2026,73,Jr.,RIGHT,RIGHT,Sharon,PA,Sharon
Braden Gebhardt,Youngstown State,2026,74,Sr.,LEFT,LEFT,Howland,OH,Howland
Lane Rhodes,Youngstown State,2026,75,Sr.,RIGHT,RIGHT,Salem,OH,Salem
Luke Zmolik,Youngstown State,2026,74,Sr.,RIGHT,RIGHT,Monroe,WA,Monroe
Bryce Palms,Youngstown State,2026,73,Fr.,LEFT,LEFT,Upper Marlboro,MD,DeMatha Catholic
Brandon Mikos,Youngstown State,2026,76,Sr.,RIGHT,RIGHT,Canfield,OH,South Range
Tyler Heflin,Youngstown State,2026,72,So.,RIGHT,RIGHT,West Chester,OH,Archbishop Moeller
Sumner Estes,Youngstown State,2026,77,So.,RIGHT,RIGHT,Walnut Creek,CA,Stuart Hall
Jake Ferretti,Youngstown State,2026,74,Jr.,LEFT,LEFT,Upland,CA,San Dimas
Sloan Ulrich,Youngstown State,2026,72,Sr.,LEFT,LEFT,Solon,OH,Solon
Kale Wemer,Youngstown State,2026,74,Fr.,RIGHT,RIGHT,Crawfordsville,IN,Crawfordsville
Banks Cox,Youngstown State,2026,73,Sr.,RIGHT,RIGHT,Winston Salem,NC,West Forsyth
Griffin Almond,Youngstown State,2026,78,Sr.,LEFT,RIGHT,Thornbury,Canada,Georgian Bay Community School
Aidan Dorsch,Youngstown State,2026,77,So.,RIGHT,RIGHT,Eureka,CA,St. Bernard’s Academy
