player,team,season,height_in,weight_lb,bats,throws,class_year,hometown,high_school,previous_school
Zion Stephens,Abilene Christian,2025,72,188,R,R,So.,"Missouri City, Texas",,
Zandt Payne,Abilene Christian,2025,70,179,S,R,Sr.,"Edmond, Okla.",,
Cade McGarrh,Abilene Christian,2025,75,192,L,R,Jr.,"Frisco, Texas",,
Caden Greanead,Abilene Christian,2025,75,226,R,R,Sr.,"Denton, Texas",,
Nick Arias,Abilene Christian,2025,71,189,R,R,Jr.,"Tucson, Ariz.",,
Benjamin Greer,Abilene Christian,2025,73,186,S,R,Gr.,"Pearland, Texas",,
Brady Coe,Abilene Christian,2025,69,184,R,R,Fr.,"Fairview, Texas",,
Grant Watkins,Abilene Christian,2025,72,227,L,R,Jr.,"Los Alamos, N.M.",,
Louis Bussard,Abilene Christian,2025,69,165,L,L,Fr.,"Lewisville, Texas",,
Ranse Radtke,Abilene Christian,2025,74,220,R,R,Sr.,"Wichita Falls, Texas",,
Blaine Palmer,Abilene Christian,2025,71,175,R,R,Jr.,"Buffalo Gap, Texas",,
Sam Hardcastle,Abilene Christian,2025,75,212,R,R,Jr.,"Richmond, Texas",,
Diego Cardenas,Abilene Christian,2025,73,248,L,R,Jr.,"El Paso, Texas",,
Joseph Carbone,Abilene Christian,2025,72,193,L,L,Sr.,"Cypress, Texas",,
Christian Smith,Abilene Christian,2025,73,202,R,R,Jr.,"Temecula, California",,
Iain Campa,Abilene Christian,2025,75,197,R,R,Sr.,"El Paso, Texas",,
Noah Galvan,Abilene Christian,2025,71,193,R,R,R-Jr.,"Fresno, Calif.",,
Holden Rook,Abilene Christian,2025,70,168,R,R,Jr.,"The Woodlands, Texas",,
Zach Applegate,Abilene Christian,2025,72,199,L,L,Fr.,"Burleson, Texas",,
OJ Gonzalez,Abilene Christian,2025,72,218,R,R,R-Fr.,"Lakeway, Texas",,
Dominick Reid,Abilene Christian,2025,75,201,R,R,Jr.,"Little Elm, Texas",,
Colin Huspen,Abilene Christian,2025,74,194,R,R,Jr.,"Allen, Texas",,
David Jeon,Abilene Christian,2025,72,221,R,R,Jr.,"Coppell, Texas",,
Andrew Guardino,Abilene Christian,2025,76,186,R,R,Gr.,"Santa Barbara, California",,
Matthew Millett,Abilene Christian,2025,74,201,R,R,Fr.,"Mansfield, Texas",,
Braden Regala,Abilene Christian,2025,68,167,S,L,Fr.,"Abilene, Texas",,
Reese Borho,Abilene Christian,2025,72,200,L,L,So.,"Abilene, Texas",,
Cole Miller,Abilene Christian,2025,73,195,R,R,Fr.,"Austin, Texas",,
Brady Gray,Abilene Christian,2025,72,202,S,R,Fr.,"Farmersville, Texas",,
Jack Nielsen,Abilene Christian,2025,75,220,R,R,Sr.,"Southlake, Texas",,
Stetson Callaway,Abilene Christian,2025,76,235,R,R,So.,"Tuscola, Texas",,
Henry Cone,Abilene Christian,2025,73,201,R,R,R-Jr.,"Brenham, Texas",,
Chandler Benson,Abilene Christian,2025,71,179,L,L,Sr.,"Frisco, Texas",,
Cooper Hrbacek,Abilene Christian,2025,72,182,R,R,Sr.,"Abilene, Texas",,
Nolan Foster,Abilene Christian,2025,74,181,R,R,So.,McKinney,,
Chandler Freeman,Abilene Christian,2025,71,196,R,R,Gr.,"Georgetown, Texas",,
Brett Lanman,Abilene Christian,2025,77,236,L,L,So.,"Fairview, Texas",,
Cruz Garcia,Abilene Christian,2025,69,190,R,R,So.,"Kerrville, Texas",,
Luke Baier,Abilene Christian,2025,77,205,L,R,Jr.,"Wenatchee, Wash.",,
Maddox Miesse,Abilene Christian,2025,72,192,R,R,Jr.,"Adkins, Texas",,
Parker Munday,Akron,2025,70,170,L,L,So.,"Chagrin Falls, Ohio",,
Austin Lafferty,Akron,2025,71,180,R,R,So.,"Pittsburgh, Pa.",,
Kyle McConachie,Akron,2025,70,165,R,R,Jr.,"Columbia, Ill.",,
Evan Bottone,Akron,2025,69,180,L,R,So.,"Bay Village, Ohio",,
Bradyn Shaw,Akron,2025,74,185,R,R,Fr.,"Defiance, Ohio",,
Charlie Schebler,Akron,2025,74,195,L,R,So.,"Batesville, Ind.",,
Landon Vandegrift,Akron,2025,73,170,R,R,Fr.,"Orient, Ohio",,
Derek Occhipinti,Akron,2025,76,210,R,R,Fr.,"Macedonia, Ohio",,
Nathan Currah,Akron,2025,76,219,L,L,Fr.,"Georgetown, Ontario, Canada",,
Jack Fenton,Akron,2025,72,185,R,R,Jr.,"Seattle, Wa",,
Sean Flowers,Akron,2025,73,200,R,R,R-Sr.,"Healdsburg, Calif",,
Jared Schaeffer,Akron,2025,73,175,R,R,Jr.,"Katy, Texas",,
Ty Pangborn,Akron,2025,78,245,R,R,Jr.,"Newark, Ohio",,
John Allen,Akron,2025,74,180,L,L,R-So.,"Wadsworth, Ohio",,
Ian Pennington,Akron,2025,75,200,L,R,Sr.,"Springboro, Ohio",,
Jack Kelley,Akron,2025,73,195,R,R,Sr.,"Temecula, Calif.",,
Josiah Ross,Akron,2025,73,170,R,R,So.,"Lewis Center, Ohio",,
Elijah Griffith,Akron,2025,74,180,R,R,So.,"New Albany, Ohio",,
Sean Perkins,Akron,2025,76,200,R,R,Sr.,"Cambridge, Ohio",,
Jackson Frasure,Akron,2025,75,230,R,R,Fr.,"Dayton, Ohio",,
Jacob Beall,Akron,2025,75,180,R,R,Sr.,"West Chester, Ohio",,
Max Bowman,Akron,2025,72,180,R,R,Gr.,"Gahanna, Ohio",,
Taylor Bednar,Akron,2025,75,220,R,R,Fr.,"Galena, Ohio",,
Caden Matlon,Akron,2025,74,195,R,R,Sr.,"Grain Valley, Mo",,
Blake Bowen,Akron,2025,74,195,L,R,R-Fr.,"Wooster, Ohio",,
LA Mighton,Akron,2025,73,195,R,R,Fr.,"Chagrin Falls, Ohio",,
Will Heisler,Akron,2025,72,160,L,R,Fr.,"Cuyahoga Falls, Ohio.",,
Jack Poist,Akron,2025,70,160,L,R,Sr.,"Hoover, Ala.",,
Jett Slepak,Akron,2025,74,225,R,R,R-So.,"Pittsburgh, Pa.",,
Johnny Anservitz,Akron,2025,75,200,R,R,Gr.,"Ashtabula, Ohio",,
Andrew Horvath,Akron,2025,73,205,R,R,Sr.,"Aurora, Ohio",,
Nicky Sackett,Akron,2025,71,180,R,R,So.,"Stow, Ohio",,
Dawson Tourney,Akron,2025,72,195,L,L,R-Jr.,"Bakersfield, Calif.",,
David Moore,Akron,2025,75,175,R,R,Fr.,"Elyria, Ohio",,
Brett Dietrich,Akron,2025,75,215,L,L,Gr.,"Goshen, Ohio",,
Justin Lebron,Alabama,2025,74,180,,,,"Miramar, Fla.",Archbishop Edward McCarthy,
Kade Snell,Alabama,2025,73,210,,,,"Dothan, Ala.",Wicksburg,
Riley Quick,Alabama,2025,78,245,,,,"Trussville, Ala.",Hewitt-Trussville,
Richie Bonomolo Jr.,Alabama,2025,71,200,,,,"The Bronx, N.Y.",Cardinal Hayes,
Beau Bryans,Alabama,2025,72,195,,,,"Madison, Miss.",Madison Central,
Matthew Heiberger,Alabama,2025,75,210,,,,"Birmingham, Ala.",Oak Mountain,
Tyler Fay,Alabama,2025,77,215,,,,"Doniphan, Neb.",Grand Island Senior,
Bryce Fowler,Alabama,2025,74,190,,,,"Madison, Miss.",Germantown,
Brady Neal,Alabama,2025,70,190,,,,"Tallahassee, Fla.",IMG Academy,
Coulson Buchanan,Alabama,2025,70,185,,,,"Sugar Hill, Ga.",North Gwinnett,
JT Blackwood,Alabama,2025,74,210,,,,"Cullman, Ala.",Hartselle,
Luke Vaughn,Alabama,2025,74,200,,,,"Cincinnati, Ohio",Elder,
Carson Ozmer,Alabama,2025,74,210,,,,"Lantana, Texas",John H. Guyer,
Coleman Mizell,Alabama,2025,75,230,,,,"Hartselle, Ala.",Hartselle,
Jonathan Stevens,Alabama,2025,73,215,,,,"Birmingham, Ala.",Briarwood Christian,
Will Plattner,Alabama,2025,73,205,,,,"Springfield, Ill.",Glenwood,
Will Hodo,Alabama,2025,75,225,,,,"Waynesboro, Miss.",Wayne Academy,
Aeden Finateri,Alabama,2025,72,235,,,,"Watertown, Conn.",Avon Old Farms,
Zane Adams,Alabama,2025,76,195,,,,"Porter, Texas",Porter,
Brennen Norton,Alabama,2025,69,195,,,,"Cullman, Ala.",Cullman,
Braylon Myers,Alabama,2025,74,205,,,,"Bessemer, Ala.",Oak Grove,
Aidan Moza,Alabama,2025,73,195,,,,"Dallas, Ga.",North Cobb Christian,
Tate Robertson,Alabama,2025,72,170,,,,"Tuscaloosa, Ala.",Northridge,
Peyton Steele,Alabama,2025,73,195,,,,"Decatur, Ala.",Hartselle,
Garrett Staton,Alabama,2025,72,195,,,,"Gainesville, Ga.",North Forsyth,
Danny Heintz,Alabama,2025,78,235,,,,"Morrisville, N.C.",Green Hope,
Anthony Pesci,Alabama,2025,76,205,,,,"Commerce Township, Mich.",Orchard Lake Saint Mary's Prep,
Jon Young Jr.,Alabama,2025,73,190,,,,"Cherry Hill, N.J.",Cherry Hill West,
Jason Torres,Alabama,2025,73,230,,,,"Hialeah, Fla.",Miami Springs,
Ariston Veasey,Alabama,2025,73,190,,,,"Tyrone, Ga.",Starr's Mill,
Hagan Banks,Alabama,2025,76,215,,,,"Plainville, Ga.",Calhoun,
Andre Modugno,Alabama,2025,77,220,,,,"Upper Saddle River, N.J.",IMG Academy,
Zach Kittrell,Alabama,2025,72,195,,,,"Mobile, Ala.",Bayside Academy,
Sam Mitchell,Alabama,2025,79,235,,,,"Madison, Ala.",Bob Jones,
Sean Griggs,Alabama,2025,74,195,,,,"Wall, N.J.",Red Bank Catholic,
Connor Ball,Alabama,2025,72,180,,,,"Sterrett, Ala.",Chelsea,
Ahmaad Duff,Alabama,2025,67,155,,,,"Indianapolis, Ind.",Lawrence Central,
Jack Ketchum,Alabama,2025,75,210,,,,"West Point, Miss.",Heritage Academy,
Packy Bradley-Cooney,Alabama,2025,74,210,,,,"Woburn, Mass.",Arlington Catholic,
Jackson Hunter,Alabama,2025,75,190,,,,"Meridianville, Ala.",Hazel Green,
Carson Kuehne,Alabama,2025,77,195,,,,"Kentfield, Calif.",IMG Academy,
Jojo Williamson,Alabama,2025,68,175,,,,"Hartselle, Ala.",Hartselle,
Bobby Alcock,Alabama,2025,77,230,,,,"Lynn, Mass.",The Winchendon School,
Nash Wagner,Alabama,2025,77,225,,,,"Zionsville, Ind.",Zionsville Community,
Connor Lehman,Alabama,2025,74,210,,,,"Indian Mound, Tenn.",Stewart County,
Ashton Alston,Alabama,2025,78,205,,,,"Gallatin, Tenn.",Christian Community Schools,
Egan Lowery,Alabama,2025,73,184,,,,"McAlla, Ala.",McAdory,
Austin Morris,Alabama,2025,76,210,,,,"Warrior, Ala.",Mortimer Jordan,
Rynzo Crutcher,Alabama A&M,2025,74,190,L,L,Jr.,"Huntsville, Ala.",Wallace State Hanceville,
AJ Anderson,Alabama A&M,2025,74,185,R,R,Jr.,"Matthews, N.C.",Bishop State CC,
Kylan Duncan,Alabama A&M,2025,69,190,R,R,Sr.,"Madison, Ala.",Sparkman HS,
Brycen Hammonds,Alabama A&M,2025,70,190,R,R,Sr.,"Madison, Ala.",Bob Jones HS,
Wilmer Cuevas,Alabama A&M,2025,69,188,R,R,Jr.,"Ocala, Fla.",Fayetteville Tech CC,
Miles Jackson,Alabama A&M,2025,71,180,R,R,R-Jr.,"Atlanta, Ga.",Hillsborough CC,
Dre Amaral,Alabama A&M,2025,70,170,R,R,Sr.,"Cambridge, Canada",Bossier Parish CC,
Trey Rutledge,Alabama A&M,2025,69,190,R,R,R-Jr.,"Irondale, Ala.",Miles,
Jaiden Proper,Alabama A&M,2025,73,190,R,R,Gr.,"Columbus, Ohio",Morehouse,
Vincent Latimer,Alabama A&M,2025,72,210,R,R,Gr.,"Stone Mountain, Ga.",Morehouse,
Braxton Brogan,Alabama A&M,2025,72,185,R,R,So.,"Fairhope, Ala.",South County HS,
Brandon Edwards,Alabama A&M,2025,74,195,R,R,R-Jr.,"Madison, Miss.",Madison Saint Joseph HS,
Omar Kimbrough,Alabama A&M,2025,72,220,R,R,Fr.,"Columbus, Ga.",St. Anne-Pacelli Catholic,
Charlie Lazo,Alabama A&M,2025,72,200,R,R,So.,"Chicago, Ill.",De La Salle HS,
Evan Hurlburt,Alabama A&M,2025,72,190,R,R,Sr.,"Arvada, Colo.",Northeastern JC,
Isaac Castro,Alabama A&M,2025,71,190,R,R,Jr.,"Miami, Fla.",Montreat College,
Elvis Victoriano,Alabama A&M,2025,77,210,R,R,R-Fr.,"Santo Domingo, DR",Reborn Christian Academy,
Jose Valerio,Alabama A&M,2025,72,185,R,R,So.,"Trujillo Alto, PR",International Baseball Academy,
Killian McLaughlin,Alabama A&M,2025,71,225,R,R,Jr.,"Vidor, Texas",Dallas CC Brookhaven,
Kenny Glover,Alabama A&M,2025,70,195,R,R,R-Jr.,"Birmingham, Ala.",Clay Chalkville HS,
Christian Soto,Alabama A&M,2025,73,205,R,R,Jr.,"Kissimmee, Fla.",Sunshine State Elite Academy,
KJ Stanfield,Alabama A&M,2025,74,225,L,L,R-Jr.,"Danville, Ky.",Danville HS,
Avery Seaton,Alabama A&M,2025,72,190,R,R,R-Jr.,"Madison, Ala.",Madison Academy,
Raymond Clark,Alabama A&M,2025,76,225,L,L,So.,"Atlanta, Ga.",Stillman,
Ryan Jones,Alabama A&M,2025,70,190,L,L,Sr.,"Pawhuska, Okla.",Northeastern JC,
Desmore Joseph,Alabama A&M,2025,71,180,R,R,Gr.,"Stone Mountain, Ga.",Savannah State,
Trey Scott,Alabama A&M,2025,76,210,R,R,Sr.,"Cartersville, Ga.",Calhoun CC,
Jordan Nolley,Alabama A&M,2025,74,170,R,R,Fr.,"Covington, Ga.",Newton HS,
Bryce Dolce,Alabama A&M,2025,73,195,R,R,Jr.,"Crestview, Fla.",Bishop State CC,
Emmanuel Perez,Alabama A&M,2025,70,170,R,R,So.,"Miami, Fla.",Calhoun CC,
Edgar Rodriguez,Alabama A&M,2025,74,205,R,R,Fr.,"Trujillo Alto, PR",Leadership Christian Academy,
Xavier O'Neal,Alabama A&M,2025,72,195,R,R,R-Jr.,"Huntsville, Ala.",Lee HS,
Nick Shelton,Alabama A&M,2025,74,218,R,R,Gr.,"Orland Park, Ill.",Benedictine,
Nick Espinola,Alabama A&M,2025,74,192,R,R,Jr.,"Aurora, Colo.",Trinidad State CC,
Angel Rivera,Alabama A&M,2025,72,195,R,R,So.,"Trujillo Alto, PR",Leadership Christian Academy,
Kobe Stokes,Alabama A&M,2025,73,175,R,R,R-So.,"San Antonio, Texas",Antonian Prep School,
Charles Morris,Alabama A&M,2025,75,280,L,L,Fr.,"Pine Hill, Ala.",Thomasville HS,
Kameron Ball,Alabama A&M,2025,69,190,R,R,So.,"Mobile, Ala.",LeFlore HS,
AJ Carty,Alabama A&M,2025,70,185,R,R,Fr.,"Shelby, N.C.",Shelby HS,
Joseph Dawson,Alabama A&M,2025,69,180,R,R,Fr.,"Columbus, Ga.",St. Anne Pacelli Catholic,
Dylan Gordon,Alabama A&M,2025,70,175,R,R,R-So.,"Mandeville, La.",Hoover HS,
Charly Jones,Alabama A&M,2025,73,170,R,R,So.,"Mobile, Ala.",John L. LeFlore HS,
Dylan Lewis,Alabama A&M,2025,70,173,R,R,Jr.,"Mobile, Ala.",John L. LeFlore HS,
Anthony Mateo,Alabama A&M,2025,74,185,R,R,Jr.,"Lynn, Mass.",Redan HS,
William Taylor,Alabama A&M,2025,74,185,R,R,Fr.,"Columbus, Ga.",Columbus HS,
Isaiah Landry,Alabama State,2025,68,175,R,R,So.,"Pittsburg, Calif",,Clayton Valley HS
Kelvin Agosto,Alabama State,2025,70,185,R,R,Jr.,"Vega Baja, P.R.",,Trinidad State JC
Kyler McIntosh,Alabama State,2025,73,190,R,R,Sr.,"Columbus, Ind.",,Columbus North HS
Alex Espaillat,Alabama State,2025,72,180,R,R,Fr.,"Seminole, Fla.",,Seminole HS
Wilbert Espinal,Alabama State,2025,72,225,L,L,Jr.,"Marietta, Ga.",,Murray State College
DeMarckus Smiley,Alabama State,2025,72,208,L,R,Sr.,"Selma, Ala.",,Coastal Alabama CC North | Grambling State
Jaxon Christensen,Alabama State,2025,71,179,R,R,Jr.,"Pocatello, Idaho",,Parkland CC
Will Larson,Alabama State,2025,74,200,L,L,Sr.,"Estherville, Iowa",,Stephen F. Austin
Mason Grube,Alabama State,2025,70,180,R,R,Fr.,"Knoxville, Tenn.",,Farragut HS
Luke Parmentier,Alabama State,2025,73,195,R,R,Jr.,"Bethalto, Ill.",,Parkland CC
Jackson Allred,Alabama State,2025,68,165,L,L,Jr.,"Papillion, Neb.",,Bellevue West HS
Jorhan LaBoy,Alabama State,2025,69,165,L,L,Jr.,"Humacao, P.R.",,International Baseball Acad.
Tyler Holmes,Alabama State,2025,69,175,L,R,Fr.,"Tifton, Ga.",,Tift County HS
Trey Power,Alabama State,2025,70,185,L,L,Fr.,"Panama City Beach, Fla.",,Deane Bozeman HS
Jacob Loeffler,Alabama State,2025,76,210,R,R,Fr.,"Cocoa Beach, Fla.",,Merrit Island HS
Quentin Jenkins,Alabama State,2025,70,190,R,R,So.,"Nolansville, Tenn.",,Nolensville HS
Zaelyn Smith,Alabama State,2025,70,185,L,L,Fr.,"Douglas, Ga.",,Coffee County HS
Caio Araujo,Alabama State,2025,74,225,R,R,Sr.,"Indaiatuba, Brazil",,John Wood CC
Caleb Sanders,Alabama State,2025,73,235,L,L,Jr.,"Auburn, Ala.",,Bishop State CC
Jafet Martinez,Alabama State,2025,74,179,R,R,So.,San Juan P.R.,,International Baseball Acad.
Kameron Douglas,Alabama State,2025,77,210,R,R,Jr.,"Woodstock, Ga.",,Georgia State University
Jorge Bello,Alabama State,2025,70,190,R,R,So.,"Orlando, Fla.",,Monteverde Academy
James Peterson,Alabama State,2025,74,180,R,R,Fr.,"Summerville, S.C.",,Pinewood Prep
Fabian Santana,Alabama State,2025,70,178,R,R,Fr.,"Juncos, P.R.",,International Baseball Academy
Kyrin Long,Alabama State,2025,74,180,R,R,Sr.,"Montgomery, Ala.",,Shelton State CC | University of New Orleans
Esaid Peña,Alabama State,2025,73,220,R,R,Jr.,"Miami, Fla.",,St. Petersburg College
Daniel Ortiz,Alabama State,2025,72,188,R,R,Fr.,"Orlando, Fla.",,Olympia HS
Jose Almazan,Alabama State,2025,74,185,R,R,Sr.,"Ararue, Venezuela",,John Wood CC
Juan Cruz,Alabama State,2025,77,240,R,R,So.,"Apopka, Fla.",,Apopka HS
Andrew Wells,Alabama State,2025,73,205,R,R,So.,"Midland, Ga.",,Columbus HS
Will Bartkoski,Alabama State,2025,78,235,R,R,Jr.,"Seneca, Kan.",,Kansas City Kansas CC
Devin Brooks,Alabama State,2025,75,170,R,R,Jr.,"Alabaster, Ala.",,Thompson HS
Shadai Colon,Alabama State,2025,71,180,L,L,Jr.,"Rio Grande, P.R.",,Kingdom Christian
Will Smith,Alabama State,2025,72,220,R,R,Sr.,"Allen, Texas",,Eastern Fla. State College
Joshua Peterson,Alabama State,2025,74,215,L,L,Fr.,"Summerville, S.C.",,Pinewood Prep
Jackson Williams,Alabama State,2025,76,210,R,R,Fr.,"Smyrna, Ga.",,Walker School
Devin Chandler,Alabama State,2025,70,190,R,R,Jr.,"Ellenwood, Ga.",,Stockbridge HS
Shaun Bridges,Alabama State,2025,71,175,R,R,R-So.,"Montgomery, Ala.",,St. James Academy
TJ Neal,Alabama State,2025,74,210,R,R,So.,"Griffin, Ga.",,Griffin HS
John Asencio,Alabama State,2025,72,190,R,R,So.,"Fajardo, P.R.",,International Baseball Adademy
Rocco Gilbert,Alabama State,2025,71,240,R,R,Fr.,"Washington, DC",,Bishop McNamara
Niguel Jenkins,Alabama State,2025,75,225,R,R,So.,"Pike Road, Ala.",,Pike Road HS
Austin King,Alabama State,2025,76,245,R,R,Jr.,"Trussville, Ala.",,Bessemer Academy
Brady Davis,Albany,2025,69,170,,,SR,"Brunswick, GA",,Glynn Academy
Matt Delay,Albany,2025,74,190,,,SR,"Orlando, FL",,Southeastern University
William Beasley,Albany,2025,71,190,,,SR,"Douglasville, GA",,Chapel Hill High School
Emory Stephens,Albany,2025,73,185,,,R-SO,"Marietta, GA",,Walton High School
Landon Kiefer,Albany,2025,70,175,,,JR,"Parrish, FL",,Braden River High School
Quindon Wright,Albany,2025,75,210,,,FR,"Albany, GA",,Shorter University
Hill Corley,Albany,2025,73,190,,,SR,"Albany, GA",,Gordon State College
Andrew McBride,Albany,2025,72,210,,,SR,"Arab, AL",,Wallace State CC
Trenten Justice,Albany,2025,70,205,,,SR,"Panama City Beach, FL",,Georgia Southwestern State University
Austin Roberts,Albany,2025,72,198,,,SR,"Newnan, GA",,Wallace State CC
Isaiah Haygood,Albany,2025,70,185,,,FR,"Valdosata, GA",,Lowndes High School
Tyler Bullock,Albany,2025,74,205,,,SR,"Cincinnati, OH",,Roger Bacon High School
Luke Addison,Albany,2025,73,185,,,JR,"Leesburg, GA",,Lee County High School
Dominic Rutigliano,Albany,2025,70,185,,,SR,"Smyrna, GA",,Campell High School
Gercal Reyes,Albany,2025,72,175,,,SR,"Santo Domingo,DR",,Tallahassee CC
Jeremiah Reddell,Albany,2025,70,190,,,SR,"Albany, GA",,Worth County High School
David Kile,Albany,2025,73,195,,,FR,"Leesburg, GA",,Terrell Academy
Seth Stargell,Albany,2025,70,168,,,SO,"Lagrange, GA",,LaGrange High School
Xander Little,Albany,2025,71,185,,,SR,"Sugar Hill, GA",,Lanier High School
Nathan Saavedra,Albany,2025,72,200,,,SR,"South Lyon, MI",,Davenport University
Colin Loeffler,Albany,2025,73,200,,,FR,"Cartersville, GA",,North Paulding High School
Calvin Baker,Albany,2025,71,185,,,JR,"Atlanta, GA",,The Heritage High School
Sebastian Griffeth,Albany,2025,73,205,,,SO,"Cataula, GA",,Calvary Christian School
Mylon Uribe,Albany,2025,70,170,,,FR,"Woodstock, GA",,Woodstock High School
Guillermo Yepes,Albany,2025,76,255,,,R-FR,"Kissimmee, FL",,Windermere High School
Chase Ledger,Albany,2025,71,210,,,R-FR,"Leslie, GA",,Southland Academy
Perry Usher,Albany,2025,74,210,,,FR,"Americus, GA",,Southland Academy
Ty Grover,Albany,2025,72,202,,,SO,"Spring Hill, FL",,Springstead High School
Arin Chevers,Albany,2025,72,175,,,FR,"Albany, GA",,Westover High School
Austin Lee,Albany,2025,73,165,,,JR,"Ft. Worth, TX",,Lane College
Tyler Turner,Albany,2025,69,185,,,FR,"Savannah, GA",,Calvary Day School
Brady Davis,Albany State,2025,69,170,,,SR,"Brunswick, GA",,Glynn Academy
Matt Delay,Albany State,2025,74,190,,,SR,"Orlando, FL",,Southeastern University
William Beasley,Albany State,2025,71,190,,,SR,"Douglasville, GA",,Chapel Hill High School
Emory Stephens,Albany State,2025,73,185,,,R-SO,"Marietta, GA",,Walton High School
Landon Kiefer,Albany State,2025,70,175,,,JR,"Parrish, FL",,Braden River High School
Quindon Wright,Albany State,2025,75,210,,,FR,"Albany, GA",,Shorter University
Hill Corley,Albany State,2025,73,190,,,SR,"Albany, GA",,Gordon State College
Andrew McBride,Albany State,2025,72,210,,,SR,"Arab, AL",,Wallace State CC
Trenten Justice,Albany State,2025,70,205,,,SR,"Panama City Beach, FL",,Georgia Southwestern State University
Austin Roberts,Albany State,2025,72,198,,,SR,"Newnan, GA",,Wallace State CC
Isaiah Haygood,Albany State,2025,70,185,,,FR,"Valdosata, GA",,Lowndes High School
Tyler Bullock,Albany State,2025,74,205,,,SR,"Cincinnati, OH",,Roger Bacon High School
Luke Addison,Albany State,2025,73,185,,,JR,"Leesburg, GA",,Lee County High School
Dominic Rutigliano,Albany State,2025,70,185,,,SR,"Smyrna, GA",,Campell High School
Gercal Reyes,Albany State,2025,72,175,,,SR,"Santo Domingo,DR",,Tallahassee CC
Jeremiah Reddell,Albany State,2025,70,190,,,SR,"Albany, GA",,Worth County High School
David Kile,Albany State,2025,73,195,,,FR,"Leesburg, GA",,Terrell Academy
Seth Stargell,Albany State,2025,70,168,,,SO,"Lagrange, GA",,LaGrange High School
Xander Little,Albany State,2025,71,185,,,SR,"Sugar Hill, GA",,Lanier High School
Nathan Saavedra,Albany State,2025,72,200,,,SR,"South Lyon, MI",,Davenport University
Colin Loeffler,Albany State,2025,73,200,,,FR,"Cartersville, GA",,North Paulding High School
Calvin Baker,Albany State,2025,71,185,,,JR,"Atlanta, GA",,The Heritage High School
Sebastian Griffeth,Albany State,2025,73,205,,,SO,"Cataula, GA",,Calvary Christian School
Mylon Uribe,Albany State,2025,70,170,,,FR,"Woodstock, GA",,Woodstock High School
Guillermo Yepes,Albany State,2025,76,255,,,R-FR,"Kissimmee, FL",,Windermere High School
Chase Ledger,Albany State,2025,71,210,,,R-FR,"Leslie, GA",,Southland Academy
Perry Usher,Albany State,2025,74,210,,,FR,"Americus, GA",,Southland Academy
Ty Grover,Albany State,2025,72,202,,,SO,"Spring Hill, FL",,Springstead High School
Arin Chevers,Albany State,2025,72,175,,,FR,"Albany, GA",,Westover High School
Austin Lee,Albany State,2025,73,165,,,JR,"Ft. Worth, TX",,Lane College
Tyler Turner,Albany State,2025,69,185,,,FR,"Savannah, GA",,Calvary Day School
Ty Boze,Alcorn State,2025,63,150,,,R-So.,"Atlanta, Ga.",West Geauga HS,
Samuel Leonard,Alcorn State,2025,69,180,,,So.,"Holtsville, N.Y.",Sachem East HS,
Kanious Davis,Alcorn State,2025,69,170,,,Fr.,"Atlanta, GA",,Maynard Jackson HS
"Reyfield Adams, III",Alcorn State,2025,69,175,,,Jr.,"Jackson, Miss.",Jackson Academy,
Terrance Johnson,Alcorn State,2025,69,140,,,R-So.,"Vicksburg, MS",,
Payton Baylis,Alcorn State,2025,69,165,,,Sr.,"Monticello, Miss.",Lawrence County HS,
Chris Tillman,Alcorn State,2025,70,190,,,Jr.,"Flowood, Miss.",,Northwest Rankin HS
Ben Martin,Alcorn State,2025,67,170,,,Jr.,"Cut Off, La.",,South Lafourche HS
Jermel Ford,Alcorn State,2025,72,180,,,Sr.,"Hattiesburg, MS","Hattiesburg, HS",
Caden Wade,Alcorn State,2025,70,160,,,So.,"Meridian, Miss.",Stockbridge (Fla.) HS,
Jeremiah Farmer,Alcorn State,2025,71,175,,,R-Jr.,"Saucier, MS",,Mississippi Delta CC
Mason Duke,Alcorn State,2025,76,200,,,R-So.,"Baytown, Texas",Goose Creek Memorial HS,
Dillon Brown,Alcorn State,2025,67,185,,,So.,"Hattiesburg, Miss.",Hattiesburg HS,
Cameron McCoy,Alcorn State,2025,70,160,,,Sr.,"Tupelo, MS",,William Baptist University
Kameron Hopson,Alcorn State,2025,74,190,,,Jr.,"Hattiesburg, Miss.",,Hattiesburg HS
Guershon Exi,Alcorn State,2025,75,180,,,Sr.,"McDonough, Ga.",,Olive Harvey College
KeShawn Lee,Alcorn State,2025,71,160,,,Fr.,"Memphis, TN",,Whitehaven HS
Jullian Jarrett,Alcorn State,2025,69,170,,,R-Fr.,"Brownsville, Tenn.",Haywood HS,
Edwin Guzman,Alcorn State,2025,71,175,,,Sr.,"New Braunfels, Texas",New Braunfels HS,
Kevin Jackson,Alcorn State,2025,70,200,,,Jr.,"Loganville, Ga.",,Shiloh HS
Jaylon Burrell,Alcorn State,2025,74,180,,,R-Jr.,"Houston, TX",,Wiley College
"Kalum Banks, Jr.",Alcorn State,2025,76,225,,,Sr.,"Atlanta, Ga.",,South Atlanta HS
Gavin Caston,Alcorn State,2025,75,180,,,Jr.,"Jackson, Miss.",Terry HS,
Chance Jackson,Alcorn State,2025,73,200,,,So.,"Raymond, Miss.",Terry HS,
Brandon Robinson,Alcorn State,2025,70,190,,,R-So.,"Port Gibson, MS",,Port Gibson HS
Jacobe Nailer,Alcorn State,2025,70,180,,,R-Jr.,"Shaw, Miss.",McEvans HS,
"Jesse Burton, III",Alcorn State,2025,69,160,,,Sr.,"Houston, Texas",Cypress Fall HS,
Myles Dews,Alcorn State,2025,74,190,,,Jr.,"Crowley, Texas",Timber Creek HS,
Hunter Bell,Alcorn State,2025,77,225,,,R-So.,"Sarasota, Fla.",,Three Rivers CC
Stephen Hunt,Alcorn State,2025,70,140,,,R-Jr.,"Houston, Texas",Benjamin O. Davis HS,
Hayden Konkler,Alcorn State,2025,75,245,,,Jr.,"Orlando, Fla.",Lake Howell HS,
Andres Chirinos,Alcorn State,2025,74,200,,,Sr.,"Tampa, Fla.",,Southwestern CC (Iowa)
Nathan Gamez,Alcorn State,2025,74,230,,,Jr.,"San Antonio, Texas",,Southwest HS
"Paul Smith, Jr.",Alcorn State,2025,75,260,,,So.,"Houston, Texas",Heights HS,
Luke Sanders,Alcorn State,2025,69,180,,,Sr.,"Beaufort, SC",,Savannah State University
Clayvonjae Wright,Alcorn State,2025,68,210,,,R-Jr.,"Roxie, Miss.",Franklin County HS,
Weslley De Oliveira Jr.,Amherst,2025,68,160,,,So.,"Billerica, Mass.",Billerica Memorial,
Adrian Caron,Amherst,2025,70,170,,,So.,"Queensbury, N.Y.",Queensbury,
Justin Orridge,Amherst,2025,71,195,,,Fr.,"Toronto, Ontario",Montverde Academy (Fla.),
Yoon Chae,Amherst,2025,69,170,,,So.,"Virginia Beach, Va.",Cape Henry Collegiate,
Christian Limon,Amherst,2025,74,190,,,Sr.,"Houston, TX",Kinkaid,
Tyler McCord,Amherst,2025,70,170,,,Jr.,"Langhorne, Pa.",Holy Ghost Prep,
J.J. Grimes,Amherst,2025,71,200,,,Fr.,"Larchmont, N.Y.",Mamaroneck,
Aiden Dubetsky,Amherst,2025,70,180,,,Fr.,"Frederick, Md.",Georgetown Preparatory School,
Leo Foust,Amherst,2025,70,180,,,Fr.,"Baltimore, Md.",Loyola-Blakefield / AOF,
Oliver Merced,Amherst,2025,72,220,,,So.,"Weston, Conn.",Weston,
Jack McDermott,Amherst,2025,71,185,,,Sr.,"Yardley, PA",Holy Ghost Prep,
Matt Tabet,Amherst,2025,72,190,,,So.,"Wilton, Conn.",St. Joseph,
Kila Kaniho,Amherst,2025,70,190,,,Jr.,"Honolulu, HI",Punahou School,
Ben Smith,Amherst,2025,75,210,,,Jr.,"Chapel Hill, N.C.",East Chapel Hill,
Ryan McIntyre,Amherst,2025,71,200,,,Sr.,"Larchmont, NY",Mamaroneck,
Hudson Fulcher-Melendy,Amherst,2025,73,190,,,Fr.,"Easthampton, Mass.",Williston Northampton,
Ben Goff,Amherst,2025,71,185,,,Sr.,"St. Louis, MO",John Burroughs,
Naaveen Narayanan,Amherst,2025,74,200,,,Jr.,"Malvern, Pa.",Great Valley,
Gabriel Ciechanover,Amherst,2025,76,215,,,Fr.,"Hillsborough, Calif.",Nueva School,
Walker Dellinger,Amherst,2025,75,180,,,Fr.,"Houston, Texas",St. John's,
Jack Boyle,Amherst,2025,74,195,,,Sr.,"Staten Island, NY",Poly Prep Country Day,
Jack Sampedro,Amherst,2025,71,190,,,Sr.,"Miami, FL",Belen Jesuit,
Tristan Kim,Amherst,2025,74,215,,,Jr.,"Los Altos Hills, CA",St. Francis,
Christian Pedro,Amherst,2025,73,190,,,Jr.,"West Hartford, Conn.",Kingswood Oxford,
Matthew Chen,Amherst,2025,70,195,,,Fr.,"Taipei, Taiwan",Taipei American School,
Tyson Luna,Amherst,2025,74,195,,,Sr.,"Houston, TX",St. John's,
Nick Addison,Amherst,2025,75,200,,,Sr.,"Smyrna, GA",Walker,
Nick Fassert,Amherst,2025,70,180,,,Fr.,"Katonah, N.Y.",John Jay,
Coby Gayer,Amherst,2025,69,175,,,Fr.,"Washington, D.C.",Maret School,
Pierce Frisco,Amherst,2025,71,185,,,So.,"Houston, TX",Kinkaid,
E.J. Nevills,Amherst,2025,76,200,,,So.,"Westwood, MA",Westwood,
Charlie LaFreniere,Amherst,2025,76,205,,,So.,"Norwalk, Conn.",Greens Farms Academy,
Michael Perales,Amherst,2025,68,165,,,Sr.,"San Antonio, TX",Taft,
A.J. Zaccareo,Amherst,2025,77,225,,,Sr.,"Montclair, NJ",Hotchkiss School (CT),
Peyton Burton,Anderson (SC),2025,67,160,,,Fr.,"Belton, S.C.",Palmetto High School,
Carson Molinaroli,Anderson (SC),2025,76,175,,,So.,"Summerville, S.C.",Ashley Ridge High School,
Carter Hughes,Anderson (SC),2025,72,155,,,So.,"Honea Path, S.C.",Belton - Honea Path High School,
Bryce Helms,Anderson (SC),2025,75,188,,,Jr.,"Kershaw, S.C.",Andrew Jackson High School,
Ben Bullard,Anderson (SC),2025,73,195,,,So.,"Mount Pleasant, S.C.",Wando High School,
Shane Thomas,Anderson (SC),2025,72,185,,,Sr.,"Blythewood, S.C.",Richland Northeast High School,
Brooks Mauro,Anderson (SC),2025,75,200,,,Jr.,"Clemson, S.C.",Daniel High School,
Mac Ketchin,Anderson (SC),2025,75,190,,,Jr.,"Mount Pleasant, S.C.",Wando High School,
Dom Bello,Anderson (SC),2025,74,205,,,So.,"Orlando, Fla.",Bishop Moore Catholic High School,
Zach Stover,Anderson (SC),2025,72,190,,,So.,"Powdersville, S.C.",Powdersville High School,
Matt Dooley,Anderson (SC),2025,74,190,,,Gr.,"Lexington, S.C.",White Knoll High School,
Kyle Caccamise,Anderson (SC),2025,69,160,,,Gr.,"Hopewell Junction, N.Y.",John Jay High School,
Hudson Wilson,Anderson (SC),2025,70,190,,,So.,"Boiling Springs, S.C.",Boiling Springs High School,
Charlie Sauls,Anderson (SC),2025,76,215,,,Fr.,"Estill, S.C.",Patrick Henry Academy,
Braeden Harrison,Anderson (SC),2025,76,210,,,Jr.,"Spartanburg, S.C.",Dorman High School,
Brayden Owens,Anderson (SC),2025,72,190,,,Gr.,"Easley, S.C.",Easley High School,
George Massingill,Anderson (SC),2025,72,185,,,Fr.,"Greenville, S.C.",Southside Christian School,
Jacob Crabb,Anderson (SC),2025,74,205,,,Jr.,"North Charleston, S.C.",Palmetto Scholars Academy,
Corben Childers,Anderson (SC),2025,76,220,,,So.,"Spartanburg, S.C.",Boiling Springs High School,
Caleb Costa,Anderson (SC),2025,74,215,,,Jr.,"Mount Pleasant, S.C.",Oceanside Collegiate Academy,
Wesley Mann,Anderson (SC),2025,73,218,,,Sr.,"Gulf Breeze, Fla.",Gulf Breeze High School,
Mikey Clifford,Anderson (SC),2025,72,175,,,So.,"Lutz, Fla.",Tampa Jesuit High School,
Hunter Garrett,Anderson (SC),2025,73,190,,,So.,"Simpsonville, S.C.",Mauldin High School,
Carson Roberts,Anderson (SC),2025,74,205,,,Fr.,"Seneca, S.C.",Crescent High School,
Gray Wells,Anderson (SC),2025,70,195,,,Jr.,"Chapin, S.C.",Chapin High School,
Clark Hubbard,Anderson (SC),2025,73,160,,,Jr.,"Irmo, S.C.",Dutch Fork High School,
Zane Wilson,Anderson (SC),2025,72,190,,,Fr.,"Bluffton, S.C.",Hilton Head Christian Academy,
Ashton Shackelford,Anderson (SC),2025,74,200,,,Sr.,"Ellerslie, Ga.",Harris County High School,
Joshua Legnard,Anderson (SC),2025,75,205,,,Gr.,"Moncks Corner, S.C.",St. John's Christian Academy,
Kaleb Owens,Anderson (SC),2025,73,210,,,Fr.,"Easley, S.C.",Easley High School,
JT Carter,Anderson (SC),2025,71,220,,,Jr.,"Greenville, S.C.",Fredericksburg Christian,
Paul Colombo,Anderson (SC),2025,71,220,,,Fr.,"Honey Brook, Pa.",Twin Valley High School,
Walker Noland,Anderson (SC),2025,77,185,,,Sr.,"Marietta, Ga.",Lassiter High School,
Walker Mikkelson,Anderson (SC),2025,74,145,,,Fr.,"Bluffton, S.C.",Hilton Head Christian Academy,
Nelson Vaughan,Anderson (SC),2025,73,185,,,Fr.,"Greenville, S.C.",Southside Christian High School,
Jacob Ingram,Anderson (SC),2025,75,190,,,Sr.,"Tallassee, Ala.",Tallassee High School,
Walker Case,Anderson (SC),2025,75,200,,,Sr.,"Horseshoe, N.C.",Brevard High School,
Ryan Iannuzzo,Anderson (SC),2025,71,185,,,Fr.,"Hicksville, NY",Hicksville High School,
Camden Watts,Anderson (SC),2025,71,165,,,So.,"Blythewood, S.C.",Blythewood High School,
Carter Morgan,Anderson (SC),2025,70,190,,,Jr.,"Easley, S.C.",Easley High School,
Kyle Cipolla,Anderson (SC),2025,73,160,,,Fr.,"Naples, Fla.",First Baptist Academy,
Michael Clarkson,Anderson (SC),2025,74,215,,,So.,"Lake Forest, Ill.",Loyola Academy,
Brady Orr,Anderson (SC),2025,72,170,,,So.,"Athens, Ga.",Athens Christian,
Brady Williams,Anderson (SC),2025,74,160,,,Fr.,"Kershaw, S.C.",Andrew Jackson High School,
Cole Davis,Anderson (SC),2025,74,195,,,Jr.,"Simpsonville, S.C.",Mauldin High School,
Banks Arnold,Anderson (SC),2025,74,207,,,So.,"Oconee County, Ga.",Oconee County High School,
JW Stephens,Anderson (SC),2025,70,185,,,So.,"Lutz, Fla.",Steinbrenner High School,
AJ Cantore,Anderson (SC),2025,71,200,,,Fr.,"Seaford, N.Y.",Seaford High School,
Jake Klein,Anderson (SC),2025,70,180,,,Fr.,"Charleston, S.C.",Oceanside Collegiate Academy,
Paul Kriese,Anderson (SC),2025,72,175,,,Fr.,"Summerville, S.C.",Summerville High School,
Chase Pendley,Angelo State,2025,72,185,,,Jr.,"Prosper, Texas",,Houston
Blake Wilhoite,Angelo State,2025,70,180,,,Jr.,"Midlothian, Texas",,DBU
Austin Beck,Angelo State,2025,70,172,,,R-Jr.,"Allen, Texas",,Allen HS
Brett Smajstrla,Angelo State,2025,72,180,,,So.,"Pearland, Texas",,Sam Houston State
Caleb Heuertz,Angelo State,2025,71,180,,,Sr.,"San Angelo, Texas",,Midland College
Jacob Guerrero,Angelo State,2025,71,185,,,Sr.,"Colleyville, Texas",,Sam Houston State
Seth Foster,Angelo State,2025,72,180,,,Sr.,"Lindsay, Texas",,Navarro College
David Dressendorfer,Angelo State,2025,71,155,,,R-Jr.,"Round Rock, Texas",,Round Rock HS
Luke Spencer,Angelo State,2025,74,175,,,Jr.,"Arlington, Texas",,Martin HS
Lane Hutchinson,Angelo State,2025,73,205,,,Sr.,"Slaughter, La.",,UT Tyler
Kannon Brooks,Angelo State,2025,74,196,,,R-Jr.,"San Angelo, Texas",,Wall HS
Nick Gray,Angelo State,2025,70,180,,,Jr.,"Forney, Texas",,Dodge City CC
Hunter Holt,Angelo State,2025,74,225,,,R-So.,"Rockwall, Texas",,Rockwall HS
Tayten Tredaway,Angelo State,2025,73,210,,,Sr.,"Newark, Texas",,Seminole State College
Dax Dathe,Angelo State,2025,75,214,,,Sr.,"Round Rock, Texas",,Texas Tech
Clayton Broeder,Angelo State,2025,74,195,,,R-Jr.,"Pearland, Texas",,Kansas State
Alizaeh Gutierrez,Angelo State,2025,71,196,,,Sr.,"El Paso, Texas",,Midland College
Colby Casey,Angelo State,2025,74,225,,,R-Sr.,"Pearland, Texas",,Houston
Scott Ellis,Angelo State,2025,72,185,,,Sr.,"Bakersfield, Calif.",,Oregon
Johnny Stacy,Angelo State,2025,74,218,,,R-So.,"San Antonio, Texas",,Cornerstone Christian
Garrett Villa,Angelo State,2025,70,160,,,Jr.,"La Porte, Texas",,Paris JC
Jaxon Weatherly,Angelo State,2025,77,230,,,Sr.,"Idaho Falls, Idaho",,Salt Lake CC
Josh Reed,Angelo State,2025,76,240,,,R-Fr.,"Midland, Texas",,Midland HS
Ryan Free,Angelo State,2025,74,205,,,Sr.,"Frisco, Texas",,Texas Tech
Nick Wilson,Angelo State,2025,75,200,,,Sr.,"Carrolton, Texas",,DBU
Keene Kreusler,Angelo State,2025,77,225,,,Sr.,"New Braunfels, Texas",,Texas Lutheran
Ethan Flodstrom,Angelo State,2025,73,200,,,Sr.,"Port Angeles, Wash.",,UT Permian Basin
Weston Valasek,Angelo State,2025,73,210,,,Sr.,"Katy, Texas",,Navarro College
Jude Cook,Angelo State,2025,72,190,,,Jr.,"Lubbock, Texas",,Lubbock Cooper HS
Jude Stephens,Angelo State,2025,79,190,,,R-So.,"Cedar Park, Texas",,Hill Country Christian
Justin Harris,Angelo State,2025,73,185,,,R-Sr.,"The Woodlands, Texas",,The Woodlands HS
Christian Garnette,Angelo State,2025,71,214,,,R-Jr.,"Houston, Texas",,Manvel HS
Luke Olson,Angelo State,2025,74,220,,,Sr.,"Granville, Illi.",,University of Ohio
Ryan Cook,Angelo State,2025,73,186,,,Fr.,"Evergreen, CO",,Evergreen HS
Connor DiGesualdo,Angelo State,2025,72,170,,,Fr.,"Round Rock, Texas",,Round Rock HS
Dylan Dudney,Angelo State,2025,72,195,,,Jr.,"Corpus Christi, Texas",,Alvin CC
Brayden Fox,Angelo State,2025,74,200,,,Fr.,"Springtown, Texas",,Springtown HS
Gunnar Gustafson,Angelo State,2025,71,175,,,Fr.,"Beaverton, Ore.",,Mountainside HS
Gamaliel Jones,Angelo State,2025,67,160,,,Fr.,"Tulsa, Okla.",,Tulsa Union HS
Cody Kingman,Angelo State,2025,78,230,,,Sr.,"College Station, Texas",,A&M Consolidated HS
Cooper Knight,Angelo State,2025,75,200,,,Fr.,"Lufkin, Texas",,Lufkin HS
Bryson Lake,Angelo State,2025,73,215,,,Fr.,"Harper, Texas",,Harper HS
Ridge Morgan,Angelo State,2025,75,210,,,Fr.,"Austin, Texas",,Blinn JC
Roman Robinson,Angelo State,2025,72,185,,,Fr.,"Little Elm, Texas",,Little Elm HS
Xavier Lopez,Appalachian State,2025,72,183,L,L,Jr.,"Orlando, Fla.",Oviedo HS,Daytona State
Charlie Evans,Appalachian State,2025,69,168,R,R,Jr.,"Levittown, Pa.",Pennsbury HS,Winthrop
Jack Zang,Appalachian State,2025,76,218,L,L,R-So.,"Dearborn, Mich.",Divine Child,Schoolcraft College
Tyler Lichtenberger,Appalachian State,2025,72,188,L,R,Fr.,"Boca Raton, Fla.",West Boca Raton HS,
Joseph Zamora,Appalachian State,2025,70,178,S,R,Sr.,"Miami, Fla.",Miami Southridge,Miami Dade College
Tyler Figueroa,Appalachian State,2025,69,173,R,R,So.,"Colonie, N.Y.",Colonie Central,Siena
Riley Luft,Appalachian State,2025,71,198,R,R,Fr.,"Boca Raton, Fla.",North Broward Prep,
Jonathan Xuereb,Appalachian State,2025,73,212,R,R,R-So.,"Boca Raton, Fla.",North Broward Prep,
Tanner McCammon,Appalachian State,2025,75,207,R,R,So.,"Matthews, N.C.",Charlotte Christian,Elon
Dillon Moquin,Appalachian State,2025,72,198,L,R,R-Fr.,"Coral Springs, Fla.",Stoneman Douglas,
Caleb Marks,Appalachian State,2025,73,198,R,R,Sr.,"Murfreesboro, Tenn.",Siegel HS,Trevecca Nazarene
Jake Beaty,Appalachian State,2025,74,176,L,L,Jr.,"Belmont, N.C.",South Point,
Carter Boyd,Appalachian State,2025,73,204,R,R,R-So.,"Lewisville, N.C.",Reagan,
Max Tramontana,Appalachian State,2025,74,185,R,R,R-So.,"Cincinnati, Ohio",Moeller,Iowa
Bradley Wilson,Appalachian State,2025,76,212,R,R,Gr.,"Lillington, N.C.",Western Harnett,East Carolina
John Kramer,Appalachian State,2025,73,220,L,L,R-Jr.,"Wildwood, Mo.",Lafayette,Ole Miss
Conner Barozzino,Appalachian State,2025,73,187,R,R,Fr.,"Cornelius, N.C.",Hickory Grove Christian,
Cody Little,Appalachian State,2025,71,175,R,R,Sr.,"Largo, Fla.",Seminole,Palm Beach State
Everette Harris,Appalachian State,2025,74,171,R,R,Jr.,"Charlotte, N.C.",Charlotte Christian,NC State
Collin Welch,Appalachian State,2025,72,203,R,R,Gr.,"Spring Lake, N.C.",Western Harnett,Florence Darlington
Sam Weinstein,Appalachian State,2025,73,209,R,R,Fr.,"Brookeville, Md.",Georgetown Prep,
Braxton Church,Appalachian State,2025,69,190,L,R,Sr.,"North Wilkesboro, N.C.",West Wilkes,
Graham Smiley,Appalachian State,2025,72,195,R,R,R-So.,"Denver, N.C.",East Lincoln,N.C. State
Cal Clark,Appalachian State,2025,76,223,R,R,R-So.,"Charlotte, N.C.",Charlotte Christian,Gaston College/Charlotte
Mason Middleton,Appalachian State,2025,74,226,R,R,Fr.,"Pfafftown, N.C.",Reagan HS,
Luke Coll,Appalachian State,2025,73,177,R,R,So.,"New Boston, Mich.",Huron,
Tommy Walker,Appalachian State,2025,72,194,R,R,Jr.,"Charlotte, N.C.",Providence,
Jackson Steensma,Appalachian State,2025,76,244,S,R,Jr.,"Byron Center, Mich.",Byron Center,
Kameron Miller,Appalachian State,2025,73,242,R,R,So.,"Harrisburg, N.C.",Hickory Grove Christian,
Liam Best,Appalachian State,2025,74,213,R,R,R-Jr.,"Sterling, Va.",Potomac Falls HS,State College of Florida/George Washington
Zach Lewis,Appalachian State,2025,73,210,R,R,R-Jr.,"Winston-Salem, N.C.",West Forsyth,Wake Forest
Caleb Cross,Appalachian State,2025,74,196,R,R,R-Sr.,"Sanford, N.C.",Southern Lee,UNCA
Cameron Carpenter,Appalachian State,2025,70,175,S,R,Fr.,"Palm Beach, Fla.",Palm Beach Gardens HS,
Bret Clements,Appalachian State,2025,71,157,R,R,R-Fr.,"Oak Ridge, N.C.",East Forsyth,
Juan Correa,Appalachian State,2025,77,218,R,R,Sr.,"Weston, Fla.",West Broward High School,Charlotte
Reyn Watson,Appalachian State,2025,75,182,L,L,Jr.,"Green Sea, S.C.",Pee Dee Academy,Florida Southwestern
Luke Oblen,Appalachian State,2025,75,198,R,R,Fr.,"Chicago, Ill.",DePaul College Prep,
Jordan Fisher,Appalachian State,2025,76,221,R,R,R-Jr.,"Denver, N.C.",East Lincoln,
Garen Caulfield,Arizona,2025,71,,,,Sr.,"Sacramento, Calif.",Granite Bay HS,Delta College
Ethan Guerra,Arizona,2025,70,,,,Jr.,"Olathe, Kan.",Olathe South HS,Paris JC
Andrew Cain,Arizona,2025,74,,,,So.,"Oro Valley, Ariz.",Ironwood Ridge HS,
Brendan Summerhill,Arizona,2025,75,,,,Jr.,"Chicago, Ill.",Whitney Young HS,
Mathis Meurant,Arizona,2025,75,,,,Jr.,"Vaires-sur-Marne, France",Maurice Rondeau HS,Cochise College
Richie Morales,Arizona,2025,70,,,,Sr.,"Bradenton, Fla.",Lakewood Ranch HS,State College of Florida
Mason Russell,Arizona,2025,72,,,,Fr.,"Queen Creek, Ariz.",Casteel HS,
Raul Garayzar,Arizona,2025,76,,,,Sr.,"Rio Rico, Ariz.",Rio Rico HS,South Mountain CC
Aaron Walton,Arizona,2025,75,,,,Jr.,"Brentwood, Tenn.",Brentwood HS,Samford
Easton Breyfogle,Arizona,2025,74,,,,So.,"Edina, Minn.",Benilde-St. Margaret's HS,
Carson Johnson,Arizona,2025,76,,,,Fr.,"Chandler, Ariz.",Hamilton HS,
Gunner Geile,Arizona,2025,72,,,,Fr.,"Tucson, Ariz.",IMG Academy,
Casey Hintz,Arizona,2025,72,,,,Jr.,"Lakewood, Ill.",St. Viator HS,
Owen Kramkowski,Arizona,2025,75,,,,So.,"Sahuarita, Ariz.",Walden Grove HS,
Adonys Guzman,Arizona,2025,71,,,,Jr.,"Valley Cottage, N.Y.",Salesian HS,Boston College
Jack Berg,Arizona,2025,76,,,,So.,"Everett, Wash.",Mount Si HS,Tacoma CC
Tommy Splaine,Arizona,2025,77,,,,Sr.,"Los Gatos, Calif.",Los Gatos HS,
Smith Bailey,Arizona,2025,76,,,,Fr.,"Peoria, Ariz.",Mountain Ridge HS,
TJ Adams,Arizona,2025,73,,,,So.,"Mesa, Ariz.",Red Mountain HS,
Mason White,Arizona,2025,71,,,,Jr.,"Tucson, Ariz.",Salpointe Catholic HS,
Christian Coppola,Arizona,2025,77,,,,Jr.,"Galloway, N.J.",Cedar Creek HS,Rutgers
Matthew Martinez,Arizona,2025,71,,,,Sr.,"Peoria, Ariz.",Mountain Ridge HS,South Mountain CC
Eric Orloff,Arizona,2025,75,,,,Sr.,"Northbrook, Ill.",Glenbrook North HS,
Dom Rodriguez,Arizona,2025,74,,,,Jr.,"Turlock, Calif.",Turlock HS,Delta College
Michael Hilker Jr.,Arizona,2025,73,,,,Jr.,"Yorkville, Ill.",Yorkville HS,Wisconsin-Whitewater
Maddox Mihalakis,Arizona,2025,74,,,,Jr.,"Hopkins, Minn.",Hopkins HS,
Collin McKinney,Arizona,2025,77,,,,So.,"Nassau Bay, Texas",Clear Creek HS,Baylor
Bryce McKnight,Arizona,2025,72,,,,So.,"Phoenix, Ariz.",Desert Vista HS,
Tony Lira,Arizona,2025,74,,,,Fr.,"Citrus Heights, Calif.",Oakmont HS,
Tony Pluta,Arizona,2025,69,,,,Jr.,"Palatine, Ill.",St. Viator HS,
Hunter Alberini,Arizona,2025,74,,,,Jr.,"Las Vegas, Nev.",Centennial HS,College of Southern Nevada
Kenan Elarton,Arizona,2025,77,,,,Fr.,"Castle Pines, Colo.",Valor Christian HS,
Tyler Russell,Arizona,2025,71,,,,Fr.,"Queen Creek, Ariz.",Casteel HS,
Jackson Forbes,Arizona,2025,71,,,,Fr.,"Peoria, Ariz.",Mountain Ridge HS,
Kade Thompson,Arizona,2025,70,,,,Fr.,"Gilbert, Ariz.",Casteel HS,
Nate Novitske,Arizona,2025,71,,,,Fr.,"Pleasanton, Calif.",Foothill HS,
Julian Tonghini,Arizona,2025,76,,,,Sr.,"New Canaan, Conn.",Salisbury School,Indiana
Bryk Barnard,Arizona,2025,72,,,,Fr.,"Arlington Heights, Ill.",John Hersey HS,
Karter Muck,Arizona,2025,74,,,,Jr.,"Parkville, Mo.",St. Pius X HS,Central Arizona
Garrett Hicks,Arizona,2025,73,,,,Jr.,"Buckeye, Ariz.",Verrado HS,Pima CC
Marcus Sanders,Arizona Christian,2025,73,180,R,R,Sr.,"Tucson, AZ",,Phoenix College
Eastyn Culp,Arizona Christian,2025,76,215,R,R,Sr.,"Vancouver, WA",,Umpqua Community College
Jaylen Edmonds,Arizona Christian,2025,70,175,R,R,Sr.,"Fremont, CA",,Contra Costa College
Ryan Eastham,Arizona Christian,2025,71,190,R,R,Sr.,"Huntington Beach, CA",,Calvary Chapel HS
Kane Kiaunis,Arizona Christian,2025,74,190,R,R,Sr.,"North Plains, OR",,Chemeketa Community College
Jake Petrus,Arizona Christian,2025,72,205,L,L,So.,"Ewa Beach, HI",,
Payton Robertson,Arizona Christian,2025,74,195,R,R,Sr.,"Seattle, WA",,Skagit Valley Junior College
Rocky King,Arizona Christian,2025,70,180,L,L,Gr.,"Buckeye, AZ",,University of Arkansas Pine Bluff
Christian Lucero,Arizona Christian,2025,72,190,R,R,Sr.,"West Sacramento, CA",,American River College
Trey Tarver,Arizona Christian,2025,75,190,L,L,Sr.,"Surprise, AZ",,Shadow Ridge HS
Kimo Fukofuka,Arizona Christian,2025,73,210,R,R,Sr.,"Hayward, CA",,San Jose State University
Jacob Solis,Arizona Christian,2025,69,155,R,R,So.,"Tucson, AZ",,Sahuaro High School
Frank Wierman,Arizona Christian,2025,71,202,L,L,Sr.,"Surprise, AZ",,Colorado State-Pueblo
Luke Killinger,Arizona Christian,2025,74,200,R,R,Jr.,"Albany, OR",,
Logan Sanders,Arizona Christian,2025,72,195,R,R,Sr.,"Tucson, AZ",,Colorado Mesa University
Sean Wiese,Arizona Christian,2025,70,190,R,L,Sr.,"Canby, OR",,University of Hawaii
Jared Anderson,Arizona Christian,2025,73,200,R,R,Sr.,"Cypress, CA",,Long Beach State
Jordan Vickers,Arizona Christian,2025,75,180,R,R,Sr.,"Farmington, NM",,Farmington HS
Matthew Beckworth,Arizona Christian,2025,70,190,L,R,Sr.,"Puyallup, WA",,San Diego Christian
Evan Hieb,Arizona Christian,2025,74,150,L,L,Sr.,"Anthem, AZ",,Boulder Creek HS
Sean Garcia,Arizona Christian,2025,69,190,L,R,Sr.,"La Mirada, CA",,St. Paul HS
R'Mani Adams,Arizona Christian,2025,77,235,R,R,Jr.,"Federal Way, WA",,Bellevue CC
Dylan Petersen,Arizona Christian,2025,73,190,R,R,Sr.,"Kingman, AZ",,Hesston College
Paul Xenophontos,Arizona Christian,2025,75,200,R,R,So.,"Toronto, Ontario",,Glendale Community College
Nathan Greene,Arizona Christian,2025,70,180,R,R,Sr.,"Litchfield Park, AZ",,Gateway Community College
Ty Gillespie,Arizona Christian,2025,70,170,R,R,Fr.,"Indianapolis, IN",,Covenant Christian HS
Andrew Ivy,Arizona Christian,2025,69,165,L,L,Jr.,"Chicago, IL",,Brother Rice HS
Tyler Elbracht,Arizona Christian,2025,72,195,R,R,Fr.,"Pullman, WA",,
Chay Esqueda,Arizona Christian,2025,69,205,R,R,Sr.,"San Diego, CA",,San Diego Christian College
Jackson Hohensee,Arizona Christian,2025,75,225,R,R,Jr.,"Anthem, AZ",,Boulder Creek HS
Blake Davidson,Arizona Christian,2025,73,200,R,R,Sr.,"Calgary, Alberta, Canada",,Iowa Central Community College
Adan Vega,Arizona Christian,2025,69,175,R,L,Jr.,"Chicago, IL",,Joliet Junior College
Jeremiah De La Trinidad,Arizona Christian,2025,71,190,R,R,Jr.,"Imperial, CA",,Concordia University Irvine
Tanner Vielguth,Arizona Christian,2025,75,245,R,R,Jr.,"Alpine, CA",,Granite Hills High School
Aiden McGinnis,Arkansas,2025,69,210,L,R,Jr.,"Jasper, AL",,University of Arkansas - Rich Mountain
Reed Willbanks,Arkansas,2025,72,190,R,R,R-Sr.,"Siloam Springs, Ark.",,Connors State College
Jacob Ambriz,Arkansas,2025,65,205,R,R,Jr.,"Corinth, TX",,South Arkansas C.C.
Kade Goeke,Arkansas,2025,68,140,L,R,R-Jr.,"Enid, OK",,Northern Oklahoma College
Zach Henry,Arkansas,2025,72,195,L,R,R-Sr.,"Rockwall, TX",,UT-Arlington
Trent Jordan,Arkansas,2025,72,215,L,R,Jr.,"Mountain Home, Ark.",,Hendrix College
Cooper Chaplain,Arkansas,2025,69,185,L,R,Jr.,"Jackson, Miss.",,Meridian CC
Trey Hill,Arkansas,2025,72,210,R,R,Jr.,"Fayetteville, Ark.",,Farmington HS
Robert Bavon,Arkansas,2025,75,210,R,R,R-Sr.,"Little Rock, Ark.",,Seminole State College
Reef Danner,Arkansas,2025,67,143,L,R,Jr.,"Seal Beach, CA",,Long Beach City College
Jayce Blalock,Arkansas,2025,69,205,R,R,Jr.,"Grantville, GA",,Georgia Tech
Josh Beezley,Arkansas,2025,69,195,R,R,Sr.,"Wheeler Heights, New South Wales, Australia",,National Park College
David Sorg,Arkansas,2025,76,235,L,R,R-Fr.,"Fort Smith, Ark.",,
Brody Bunting,Arkansas,2025,73,185,R,R,Jr.,"Sherwood, Ark.",,Johnson County CC
Preston Davis,Arkansas,2025,75,220,R,R,R-Jr.,"Texarkana, Texas",,Redwater HS
Luke Rolland,Arkansas,2025,72,205,R,R,Sr.,"Searcy, AR",,Connors State College
Zach Busick,Arkansas,2025,73,200,R,R,So.,"England, Ark.",,Carlisle HS
Andrew Pickering,Arkansas,2025,73,200,L,R,Sr.,"Little Rock, Ark.",,Joe T. Robinson H.S.
Alex Seguine,Arkansas,2025,70,180,R,R,R-Sr.,"Long Beach, Calif.",,Long Beach City College
Jack Cline,Arkansas,2025,75,215,R,R,Sr.,"Little Rock, Ark.",,North Oklahoma College-Enid
Jackson Wells,Arkansas,2025,71,200,R,R,Sr.,"Rogers, Ark.",,UA Rich Mountain
Ty Rhoades,Arkansas,2025,73,210,L,R,Jr.,"Jonesboro, Ark.",,Jonesboro HS
Angel Cano,Arkansas,2025,74,225,R,R,Jr.,"Cartagena, Colombia",,Western Oklahoma State College
Ryan Geck,Arkansas,2025,77,225,R,R,Jr.,"Long Beach, Calif.",,Long Beach City College
Ashton Williams,Arkansas,2025,72,205,R,R,Fr.,"Kennett, MO",,
Matt Gardner,Arkansas,2025,74,185,R,R,Fr.,"Kennett, MO",,
Noah Burkey,Arkansas,2025,73,215,R,R,R-Sr.,"Poplar Bluff, Mo.",,Three Rivers College
Hunter Royal,Arkansas,2025,69,195,L,L,Sr.,"Rogers, Ark.",,South Arkansas College
Malcolm Brown,Arkansas,2025,73,190,R,R,Jr.,"Texarkana, Texas",,Redwater HS
Seth Cooper,Arkansas,2025,72,175,R,R,Jr.,"Star, MS",,Meridian C.C.
Blake Van Cleve,Arkansas,2025,75,180,R,R,Sr.,"Plano, TX",,Northeast Texas Community College
Waylon Sebren,Arkansas,2025,67,170,R,R,R-Jr.,"Puckett, Miss.",,Memphis
Sammy Harris,Arkansas,2025,73,190,L,R,R-Jr.,"Wylie, TX",,Wichita State
Brenden Katz,Arkansas,2025,77,210,R,R,R-Jr.,"Miami, Fla.",,Georgia Southern
Gage Haley,Arkansas,2025,78,280,R,R,So.,"Southaven, Miss.",,Mississippi State
Cade Martin,Arkansas,2025,72,215,R,R,Fr.,"Texarkana, Texas",,Pleasant Grove HS
Jackson Rains,Arkansas,2025,77,235,R,R,Jr.,"Flower Mound, TX",,North Arkansas College
Seth Adams,Arkansas,2025,73,200,R,R,R-Sr.,"Fayetteville, AR",,Crowder College
Marshall Brown,Arkansas,2025,75,220,R,R,Sr.,"Kennett, MO",,Arkansas Tech
Jackson Privett,Arkansas,2025,72,210,R,R,Fr.,"Pocahontas, AR",,
Eli Huebner,Arkansas,2025,72,185,R,R,Jr.,"Meridian, MS",,Meridian Community College
Andrew Pilcher,Arkansas,2025,68,180,R,R,R-Fr.,"Siloam Springs, Ark.",,Siloam Springs H.S.
Davis York,Arkansas,2025,75,230,R,R,Fr.,"Marion, AR",,
Kaden Amundson,Arkansas State,2025,70,190,R,R,Jr.,"Otsego, Minn.",St. Micaels-Albertville HS,
Kohle Kerin,Arkansas State,2025,78,220,R,R,Jr.,"Lubbock, Texas",Southeast CC (Neb.),
Daedrick Cail,Arkansas State,2025,73,215,R,R,Sr.,"Marion, Ark.",Marion HS,
Ayden Alsobrooks,Arkansas State,2025,72,190,L,L,Jr.,"Picayune, Miss.",East Mississippi CC,
Cason Campbell,Arkansas State,2025,72,190,L,R,Jr.,"McCrory, Ark.",McCrory HS,
Cross Jumper,Arkansas State,2025,74,200,R,R,R-Jr.,"Jonesboro, Ark.",Jonesboro HS,
Wil French,Arkansas State,2025,70,195,S,R,Sr.,"Jonesboro, Ark.",Valley View HS,
Cason Tollett,Arkansas State,2025,73,210,R,R,R-Sr.,"Little Rock, Ark.",Little Rock Christian,
Patrick Engskov,Arkansas State,2025,72,185,R,R,Jr.,"Little Rock, Ark.",Pulaski Academy,
Walker Williams,Arkansas State,2025,70,180,L,L,R-Sr.,"Springdale, Ark.",Shiloh Christian HS,
Drake Anderson,Arkansas State,2025,69,180,R,R,Sr.,"Puyallup, Wash.",Nicholls,
Dawson Hargrove,Arkansas State,2025,75,212,R,R,Sr.,"Spring Hill, Tenn.",Montevallo,
Cooper Garrison,Arkansas State,2025,71,165,R,R,Jr.,"Gulfport, Miss.",Gulfport HS,
Jake Henry Williams,Arkansas State,2025,73,220,R,R,Sr.,"Jonesboro, Ark",Jonesboro HS,
Jack Nelson,Arkansas State,2025,76,220,L,L,Sr.,"Zionsville, Ind.",Zionsville Community HS,
Jeremiah Cabuyaban,Arkansas State,2025,72,240,R,R,Jr.,"Kansas City, Mo.",Metropolitan CC,
Aidan Houseworth,Arkansas State,2025,75,210,L,R,R-Fr.,"St. Louis, Mo.",Chaminade HS,
Chase Richter,Arkansas State,2025,73,195,L,L,R-Sr.,"Tomball, Texas",Cypress Woods HS,
Hunter Ryan,Arkansas State,2025,70,185,R,R,R-Jr.,"Channahon, Ill.",Minooka HS,
Sam Peterson,Arkansas State,2025,77,210,R,R,R-So.,"Lindale, Texas",Lindale HS,
Carson Keithley,Arkansas State,2025,72,190,L,L,R-Jr.,"Alvin, Texas",Texas State,
Zac Butler,Arkansas State,2025,72,205,R,R,Jr.,"Columbus, Miss.",East Mississippi CC,
Gavin Galy,Arkansas State,2025,74,180,R,R,R-Sr.,"Orlando, Fla.",Nicholls,
Nicholas Alonso,Arkansas State,2025,73,175,R,R,R-Fr.,"Miami, Fla.",Louisiana Tech,
Joey Lopez III,Arkansas State,2025,74,185,R,R,R-So.,"Galloway, Ohio",Mount Vernon Nazarene,
Garrett Thiele,Arkansas State,2025,75,210,R,R,Jr.,"New Braunfels, Texas",New Mexico JC,
Brett Foss,Arkansas State,2025,76,185,R,R,Jr.,"Prosper, Texas",Rock Hill HS,
Collin Maloney,Arkansas State,2025,75,210,R,R,So.,"St. Louis, Mo.",Mehlville HS,
Chase Armstrong,Arkansas State,2025,75,208,R,R,Jr.,"Marion, Ark.",Marion HS,
Isaac Sewell,Arkansas State,2025,74,228,L,L,Jr.,"Clermont, Fla.",The First Academy,
Ashton Quiller,Arkansas State,2025,69,190,R,L,R-Fr.,"Lake Charles, La.",Barbe HS,
Tyler Weimer,Arkansas State,2025,74,210,R,R,Fr.,"Raceland, La.",E.D. White HS,
Jack Hibbard,Arkansas State,2025,72,175,R,R,Fr.,"Memphis, Tenn.",Arlington HS,
Jelle van der Lelie,Arkansas State,2025,77,210,R,R,Sr.,"Leiden, South Holland, The Netherlands",Caland Lyceum,
Kole Turner,Arkansas State,2025,74,190,R,R,Sr.,"White Rock, B.C., Canada",Elgin Park Secondary,
David Barker,Arkansas State,2025,76,180,R,R,Fr.,"Caseyville, Ill.",O'Fallon HS,
Jett Sutton,Arkansas State,2025,76,193,R,R,R-Fr.,"Marion, Ark.",Marion HS,
Mason Pankey,Arkansas State,2025,71,230,,,So.,"Jonesboro, Ark.",National Park College,
Raul Torres,Arkansas State,2025,71,174,R,R,Jr.,"San Lorenzo, Puerto Rico",Strathcona HS,
Andrew Allen,Arkansas State,2025,74,210,R,R,Fr.,"Ohatchee, Ala.",Alexandria HS,
Michael Barker,Arkansas State,2025,76,175,R,R,Fr.,"Caseyville, Ill.",O'Fallon HS,
Noah Gadberry,Arkansas State,2025,73,190,L,L,R-So.,"Cape Girardeau, Mo.",Mineral Area College,
Jelani Willis,Arkansas-Pine Bluff,2025,73,188,,,Sr.,"North Little Rock, AR",,North Little Rock HS
Dane Small,Arkansas-Pine Bluff,2025,72,195,,,R-Jr.,"Martell, NE",,University of Sioux Falls
Chris Bedgood,Arkansas-Pine Bluff,2025,73,192,,,Sr.,Greenville AL.,Bishop State CC,
Jaylon Nauden,Arkansas-Pine Bluff,2025,74,200,,,Sr.,"Olympia Fields, IL.",Butler University,
Kentavious Veal,Arkansas-Pine Bluff,2025,65,128,,,Sr.,"Gordon, GA",,Clark Atlanta University
Maurice Edwards,Arkansas-Pine Bluff,2025,69,163,,,Jr.,"Santa Clarita, CA",Golden Valley HS,
Gavin Terry,Arkansas-Pine Bluff,2025,70,160,,,Sr.,Homewood IL.,South Suburban CC,
Vinny Saumell,Arkansas-Pine Bluff,2025,73,205,,,Sr.,"Spring, TX",,Arkansas State University
Jesus Riera,Arkansas-Pine Bluff,2025,69,180,,,Sr.,"Cincinnati, OH",,Alabama A&M
Blake Coleman,Arkansas-Pine Bluff,2025,74,200,,,So.,"Austin, TX",,Ranger CC
Trinidad DeLaGarza,Arkansas-Pine Bluff,2025,70,175,,,Jr.,Austin TX.,Temple CC,
Jaylon Johnson,Arkansas-Pine Bluff,2025,69,185,,,Jr.,"Little Rock, AR",,SAU Tech
Jaedon Willis,Arkansas-Pine Bluff,2025,70,182,,,Sr.,"North Little Rock, AR.",UA Rich Mountain,
Darries Boyd Jr.,Arkansas-Pine Bluff,2025,72,200,,,Jr.,Dallas TX.,Mississippi College,
Matt Dworsky,Arkansas-Pine Bluff,2025,72,210,,,Jr.,"Deerfield, IL",,Oakton CC
Lorenzo Bailey,Arkansas-Pine Bluff,2025,72,220,,,So.,Humble TX.,Atascocita HS,
Carlos Rodriguez-Velez,Arkansas-Pine Bluff,2025,72,185,,,Sr.,"Bayamon, PR",,Manuel Cruz Maceira HS
Shadarious Plummer,Arkansas-Pine Bluff,2025,68,195,,,So.,El Dorado AR.,El Dorado HS,
Brant Voth,Arkansas-Pine Bluff,2025,74,190,,,Sr.,"Simi Valley, CA",New Mexico St.,
Darrius Brown,Arkansas-Pine Bluff,2025,72,178,,,So.,Bronx NY.,Fordham Prep HS,
Kenney Fabian,Arkansas-Pine Bluff,2025,71,170,,,Jr.,"Choctaw, OK",,Rose State College
Jason Moss,Arkansas-Pine Bluff,2025,71,180,,,Fr.,"Nassau, Bahamas",,Nova Southeastern University
Steffan Fak,Arkansas-Pine Bluff,2025,72,192,,,Jr.,"Fort Smith, AR",,South Arkansas CC
Ben VanMaanen,Arkansas-Pine Bluff,2025,75,215,,,Sr.,"Dallas, TX",,Richland CC
Brendan Hamlin,Arkansas-Pine Bluff,2025,72,175,,,Jr.,"Davison, MI",,Bryant & Stratton College
Cole Kenyon,Arkansas-Pine Bluff,2025,76,205,,,R-So.,"San Carlos, CA",,Skyline College
Jayden Brown,Arkansas-Pine Bluff,2025,72,172,,,So.,"Dallas, TX",,South Oak Cliff HS
Nate Monceaux,Arkansas-Pine Bluff,2025,75,200,,,Jr.,"Prairieville, LA",,Loyola University-New Orleans
Emerson Lott,Arkansas-Pine Bluff,2025,74,200,,,Jr.,"N. Richland Hills, TX",,National Park College
Ashton Davis,Arkansas-Pine Bluff,2025,76,218,,,Sr.,"Pflugerville, TX",,Central Oklahoma
Spencer Watson,Arkansas-Pine Bluff,2025,74,175,,,Fr.,"Little Rock, AR",,Joe T. Robinson HS
Harish Balachandran,Arkansas-Pine Bluff,2025,69,165,,,Jr.,"Valencia, CA",,College of the Canyons
Collin McLemore,Arkansas-Pine Bluff,2025,68,150,,,So.,"Whitehouse, TX",,North Central Texas College
Major Spence,Arkansas-Pine Bluff,2025,73,200,,,Fr.,"Lewisville, TX",,Marcus HS
Eli Gries-Smith,Arkansas-Pine Bluff,2025,74,195,,,Fr.,"Cliffwood Beach, NJ",,Monroe CC
Courtney Allen,Arkansas-Pine Bluff,2025,72,240,,,So.,"Desoto, TX",,South Oak Cliff HS
Kaden Youmans,Army,2025,69,175,R,R,Fr.,"Thousand Oaks, Calif.",Westlake,
Kevin Luke,Army,2025,74,190,R,R,Sr.,"Monroe, Conn.",Loomis Chaffee School,
Coleson Titus,Army,2025,70,200,R,R,Sr.,"Bloomfield Hills, Mich.",St. Mary's Preparatory,
Zac Farrell,Army,2025,69,175,R,R,Jr.,"Carlsbad, Calif.",San Marcos,
Carter Hewitt,Army,2025,74,200,R,R,Jr.,"Jupiter, Fla.",The McCallie School,
Michael Delph,Army,2025,73,205,L,R,Fr.,"Knoxville, Tenn.",Farragut,
Mark Abell,Army,2025,70,185,L,R,So.,"Evans, Ga.",Greenbrier,
Kevin Reavey,Army,2025,75,205,R,R,Fr.,"Havertown, Pa.",The Haverford School,
Bryce Brownlee,Army,2025,72,184,R,R,Sr.,"Hot Springs, Ark.",Fountain Lake,
Robert Melo,Army,2025,73,195,L,R,Fr.,"Patchogue, N.Y.",Patchogue-Medford,
JT Craig,Army,2025,73,230,R,R,Fr.,"Phoenix, Ariz.",Brophy College Preparatory (USMAPS),
Andrew Berg,Army,2025,72,185,R,R,Jr.,"Conroe, Texas",Conroe,
Luke Marino,Army,2025,73,210,L,L,So.,"Croton-on-Hudson, N.Y.",Archbishop Stepinac,
Chris Barr,Army,2025,71,160,S,R,Jr.,"Sarasota, Fla.",Riverview,
Ethan Ellis,Army,2025,74,185,R,R,Sr.,"San Diego, Calif.",Rancho Bernardo (Palomar CC),
Ian Standlee,Army,2025,74,200,R,R,Fr.,"Tomball, Texas",Klein Cain,
Joe Valchar,Army,2025,73,205,R,R,Sr.,"Wake Forest, N.C.",Heritage,
Jack Quinlan,Army,2025,71,215,R,R,Jr.,"Sayville, N.Y.",Sayville,
Sean Newton,Army,2025,78,230,R,R,Fr.,"St. Petersburg, Fla.",Osceola Fundamental,
Dom Trippi,Army,2025,75,217,R,R,Sr.,"Naples, N.Y.",Honeoye (Ithaca College),
Max McGlone,Army,2025,72,200,R,R,So.,"Doylestown, Pa.",Central Bucks West,
Paul Andrzejewski,Army,2025,73,195,R,R,So.,"Huntsville, Ala.",St. John Paul II Catholic,
John McKillop,Army,2025,75,220,L,R,Fr.,"Charlotte, N.C.",Charlotte Catholic,
William Parker,Army,2025,73,185,R,R,Jr.,"Hopedale, Mass.",Hopedale,
Addison Ainsworth,Army,2025,72,205,L,R,Jr.,"Baton Rouge, La.",Catholic (Avon Old Farms),
Andy Neal,Army,2025,71,210,R,R,So.,"Grapevine, Texas",Grapevine Faith Christian School,
Walker Calvo,Army,2025,75,205,R,R,Fr.,"Fullerton, Calif.",La Mirada,
Jakob Vanderhave,Army,2025,72,195,R,R,So.,"Charlotte, N.C.",Charlotte Country Day School,
Harrison Kliethermes,Army,2025,74,180,R,R,Fr.,"Keller, Texas",Keller,
Thomas Schreck,Army,2025,69,176,R,R,Sr.,"Needville, Texas",Needville (New Mexico JC),
Justin Lehman,Army,2025,74,201,L,R,Sr.,"Fort Mill, S.C.",Nation Ford,
Evan Ventura,Army,2025,73,215,R,R,Fr.,"Reading, Mass.",Austin Preparatory School,
Zane Poulter,Army,2025,74,215,R,R,So.,"Chino Hills, Calif.",Chino Hills,
Jared Cohen,Army,2025,73,182,R,R,Jr.,"Armonk, N.Y.",Byram Hills,
Trey Ates,Army,2025,72,195,R,R,Sr.,"Dallas, Texas",Lake Highlands (Paris JC),
Robbie Penswick,Army,2025,73,195,L,R,So.,"Plymouth, Mass.",Sturgis East,
Billy Steele,Army,2025,74,188,R,R,Jr.,"Shoreham, N.Y.",Shoreham-Wading River,
Parker Massey,Army,2025,74,180,L,L,Sr.,"Salisbury, Md.",James M. Bennett,
John Calloway,Army,2025,71,180,L,L,Fr.,"Savannah, Ga.",Islands,
Anthony Ramirez,Army,2025,72,200,R,R,Fr.,"Deer Park, Texas",Deer Park,
John Oxios,Army,2025,72,190,R,R,So.,"Miami, Fla.",Coral Reef Senior,
Braden Hampton,Army,2025,76,190,R,R,Fr.,"Somerset, Ky.",Pulaski County,
Charles Heil,Army,2025,76,220,R,R,Fr.,"Chandler, Ariz.",Seton Catholic Prep,
Mason Koons,Ashland,2025,70,190,,,Jr.,"Hilliard, Ohio",Bradley / Cuyahoga Community College,
Collin Overholt,Ashland,2025,71,190,,,R-Jr.,"Delphos, Ohio",Lincolnview,
Jack Rozmus,Ashland,2025,72,205,,,So.,"Elmhurst, Ill.",York,
Cameron Darrington,Ashland,2025,74,210,,,Sr.,"Perrysburg, Ohio",Perrysburg / Owens Community College,
Sam Witt,Ashland,2025,71,220,,,Jr.,"Martin, Ohio",Genoa Area / Owens Community College,
Carter Weaver,Ashland,2025,76,195,,,Fr.,"Mansfield, Ohio",Ontario,
Gavin Dobbels,Ashland,2025,71,170,,,Jr.,"Yorkville, Ill.",Yorkville,
Max Caron,Ashland,2025,71,220,,,Gr.,"Lewis Center, Ohio",Olentangy,
Colton Hunt,Ashland,2025,75,195,,,Fr.,"Trenton, Ohio",Edgewood,
Mason Tackett,Ashland,2025,73,195,,,Fr.,"Grafton, Ohio",Midview,
Gage Weaver,Ashland,2025,74,190,,,Fr.,"Mansfield, Ohio",Ontario,
John Toth,Ashland,2025,72,195,,,Fr.,"Medina, Ohio",Highland,
Billy Howard,Ashland,2025,74,210,,,Jr.,"Menomonee Falls, Wis.",Menomonee Falls / McHenry Community College,
Cam Miller,Ashland,2025,72,195,,,Sr.,"Dayton, Ohio",Vandalia Butler,
Ben Peltz,Ashland,2025,73,210,,,Sr.,"Lake in the Hills, Ill.",Crystal Lake South / McHenry County College,
Carter McFarland,Ashland,2025,77,220,,,R-So.,"Granger, Ind.",Penn,
John Essig,Ashland,2025,72,195,,,Sr.,"Commerce Twp., Mich.",Orchard Lake St. Mary's Prep,
Owen Cavey,Ashland,2025,72,200,,,Fr.,"Medina, Ohio",Medina,
Chris Franks,Ashland,2025,70,190,,,R-Jr.,"Wooster, Ohio",Wooster,
Marshall Leishman,Ashland,2025,68,185,,,Gr.,"Huntsville, Ontario, Canada",Greenwood Collegiate School / Lake Michigan C.C.,
Seth Witt,Ashland,2025,75,220,,,Jr.,"Martin, Ohio",Genoa Area,
Noah Goddard,Ashland,2025,69,200,,,Jr.,"Roscoe, Ill.",Hononegah / McHenry County College,
Hunter Allen,Ashland,2025,76,245,,,Sr.,"Woodville, Ohio",Woodmore / Owens Community College,
Jeremiah Cangelosi,Ashland,2025,75,195,,,Sr.,"Pataskala, Ohio",Watkins Memorial / Triton Community College,
Drew Becker,Ashland,2025,74,200,,,So.,"Wooster, Ohio",Wooster,
Kaiden Mastri,Ashland,2025,74,210,,,R-So.,"East Sparta, Ohio",Sandy Valley,
Sean Krueckeberg,Ashland,2025,72,185,,,R-Fr.,"Mason, Ohio",Mason,
Matt Hall,Ashland,2025,70,185,,,Gr.,"Indianapolis, Ind.",Franklin Central,
Cam Scott,Ashland,2025,73,175,,,Sr.,"Mapleton, Ill.",Illini Bluffs / Carl Sandburg College,
David Smith,Ashland,2025,78,250,,,Jr.,"Tremont, Ill.",Tremont / Carl Sandburg C.C.,
Ryan Shimek,Ashland,2025,69,185,,,Jr.,"Akron, Ohio",Revere,
Hansen Huth,Ashland,2025,73,190,,,Fr.,"Medina, Ohio",Medina,
Griffin Ailes,Ashland,2025,71,215,,,R-So.,"Ravenna, Ohio",Field,
Ethan Stevens,Ashland,2025,74,200,,,Sr.,"Lockport, N.Y.",Lockport / Erie Community College,
Chase Carter,Ashland,2025,72,220,,,Sr.,"Lexington, Ohio",Lexington,
Josh Stalnaker,Ashland,2025,69,195,,,Fr.,"Aurora, Ohio",Twinsburg,
Brendan Beaver,Ashland,2025,75,230,,,Sr.,"Bay City, Mich.",Bangor John Glenn / Lansing Community College / Ashland / Missouri State,
Ryan Revera,Auburn Montgomery,2025,70,175,,,Jr.,"Madison, Ala.",Bob Jones HS,Central Alabama CC
Tyrese Rooks,Auburn Montgomery,2025,68,165,,,Sr.,"Mobile, Ala.",St. Paul's Episcopal,Bishop State CC
Lucas Baggett,Auburn Montgomery,2025,70,190,,,Jr.,"Pike Road, Ala.",Pike Road HS,Pike Road HS
Brendan York,Auburn Montgomery,2025,72,175,,,Sr.,"Buford, Ga.",Mill Creek HS,Chattahoochee Valley CC
Brett Pitts,Auburn Montgomery,2025,71,215,,,Gr.,"Alexander City, Ala.",Benjamin Russell HS,Chattahoochee Valley CC
JC Tunnell,Auburn Montgomery,2025,74,175,,,Sr.,"Tuscaloosa, Ala.",Hillcrest HS,Marion Military Institute
Hayden Grier,Auburn Montgomery,2025,70,195,,,Sr.,"Marietta, Ga.",Blessed Trinity Catholic HS,Central Alabama CC
Everett Coggin,Auburn Montgomery,2025,70,175,,,Fr.,"Wilmer, Ala.",Mary G. Montgomery HS,
Tucker Burns,Auburn Montgomery,2025,75,180,,,Jr.,"Huntsville, Ala.",Sparkman HS,Georgia Southwestern
Chance Sweeney,Auburn Montgomery,2025,75,180,,,Fr.,"Russellville, Ky.",Logan County HS,
Sean O'Brien,Auburn Montgomery,2025,71,180,,,Fr.,"Dallas, Ga.",North Paulding HS,
Jackson Leggett-Walford,Auburn Montgomery,2025,69,150,,,Fr.,"Clearwater, Fla.",Palm Harbor University HS,
Landon Baeder,Auburn Montgomery,2025,71,170,,,Jr.,"Meridianville, Ala.",Hazel Green HS,Southern Union CC
Kyle Hipp,Auburn Montgomery,2025,75,205,,,Jr.,"Mobile, Ala.",Cottage Hill Christian Academy,Bishop State CC
Jackson Reed,Auburn Montgomery,2025,72,160,,,Jr.,"Prattville, Ala.",Prattville Christian,Columbia State CC
Grant Hickman,Auburn Montgomery,2025,73,195,,,Gr.,"Tuscaloosa, Ala.",Tuscaloosa County HS,Shelton State CC
Liam Gilbert,Auburn Montgomery,2025,71,200,,,Jr.,"Meridian, Miss.",Lamar School,East Central CC
Cliff Wysinger,Auburn Montgomery,2025,69,180,,,Fr.,"Atlanta, Ga.",Eagles Langing HS,
Alec Hotaling,Auburn Montgomery,2025,73,200,,,Fr.,"Canton, Ga.",Creekview HS,
Zach Dew,Auburn Montgomery,2025,74,200,,,Gr.,"Sylacauga, Ala.",Sylacauga HS,Central Ala. CC
RH Frankland,Auburn Montgomery,2025,73,220,,,Sr.,"Memphis, Tenn.",Houston HS,Southwest TN CC
Griffin Stewart,Auburn Montgomery,2025,72,180,,,R-So.,"Auburn, Ala.",Auburn HS,Southern Union CC
Cole Strachan,Auburn Montgomery,2025,72,205,,,Sr.,"Madison, Ala.",Sparkman HS,Northwest-Shoals CC
Payte Williams,Auburn Montgomery,2025,73,190,,,Sr.,"Tuscaloosa, Ala.",Hillcrest HS,Marion Military Institute
Jayce James,Auburn Montgomery,2025,73,195,,,Sr.,"Eufaula, Ala.",Lakeside School,Wallace-Dothan CC
Tyson Tubbs,Auburn Montgomery,2025,72,175,,,R-Jr.,"Wetumpka, Ala.",Autuaga Academy,Chattahoochee Valley CC
Ryan Slaten,Auburn Montgomery,2025,77,210,,,Sr.,"Alexander City, Ala.",Benjamin Russell HS,Central Alabama CC
Riley Orr,Auburn Montgomery,2025,73,170,,,Jr.,"Maryville, Tenn.",Maryville HS,Cleveland State CC
Huston Wynne,Auburn Montgomery,2025,72,180,,,Jr.,"Nokomis, Fla.",Venice HS,Flagler
Carter Borden,Auburn Montgomery,2025,72,175,,,Jr.,"Hartselle, Ala.",Hartselle HS,Calhoun CC
Will Passeau,Auburn Montgomery,2025,74,215,,,Jr.,"Mobile, Ala.",St. Paul's Episcopal,Pearl River CC/Miss. State
Sellers Neuendorf,Auburn Montgomery,2025,75,170,,,Fr.,"Mountain Brook, Ala.",Mountain Brook HS,
Andrew Gillis,Auburn Montgomery,2025,72,180,,,R-Jr.,"Crestview, Fla.",Crestview HS,Coastal Alabama CC North
Heath Henley,Auburn Montgomery,2025,76,210,,,Fr.,"Douglasville, Ga.",Alexander HS,
Charlie Bagwell,Auburn Montgomery,2025,72,195,,,Jr.,"Marietta, Ga.",Marietta HS,Gordon State College
Clay Slagle,Auburn Montgomery,2025,74,210,,,Sr.,"Montgomery, Ala.",Pike Road HS,Pike Road HS
Lawrence Gallo,Auburn Montgomery,2025,74,190,,,Gr.,"Grovetown, Ga.",Grovetown HS,Lenoir-Rhyne
Fisher Vandertulip,Auburn Montgomery,2025,72,200,,,Fr.,"Port St. Joe, Fla.",Port St. Joe HS,
Andrew Lutz,Auburn Montgomery,2025,71,185,,,Fr.,"Montgomery, Ala.",Loveless Academic Magnet,
John Kiebler,Auburn Montgomery,2025,70,170,,,Jr.,"Paducah, Ky.",Paducah Tilghman HS,Southeastern Illinois College
Austin Williamson,Augusta,2025,73,160,,,Fr.,"Gwinnett, Ga.",,
Jake Vachon,Augusta,2025,72,190,L,L,So.,"Manchester, NH",,
Carlos Singleton Jr.,Augusta,2025,72,194,,,Fr.,"Midway, Ga.",,
Roland Chance,Augusta,2025,76,235,,,Fr.,"Brunswick, Ga.",,
Ty McClintock,Augusta,2025,69,180,R,R,So.,"Evans, Ga.",,
Wyatt Talik,Augusta,2025,70,200,,,Jr.,"Lilburn, Ga.",,
Nolan Turner,Augusta,2025,74,170,R,R,Jr.,"Gainesville, Ga",,
Eli Overstreet,Augusta,2025,71,170,R,R,So.,"Marietta, Ga.",,
J. Ben Haynes,Augusta,2025,73,195,R,R,Sr.,"Cleveland, Ga.",,
Parker Ingram,Augusta,2025,74,195,R,R,Sr.,"Gray, Ga",,
Cameron Strader,Augusta,2025,73,210,L,L,So.,"Acworth, Ga.",,
Grayson Hopkins,Augusta,2025,72,185,R,R,Sr.,"Milledgeville, Ga.",,
Mike Morrison,Augusta,2025,73,205,R,R,R-Sr.,"Salem, Va.",,
Jagger Iovinelli,Augusta,2025,75,195,,,Sr.,"Huntington Beach, Ca.",,
Matthew Thigpen,Augusta,2025,71,215,R,R,Fr.,"Dublin, Ga.",,
Ryan Patrick,Augusta,2025,70,175,,,Fr.,"Evans, Ga.",,
Robert Hunt,Augusta,2025,77,205,L,L,So.,"Woodville, Ga.",,
Hunter Potzner,Augusta,2025,73,175,,,Sr.,"Gainesville, Ga.",,
Jake Johnson,Augusta,2025,68,160,R,L,R-So.,"Cleveland, Ga",,
Caleb Bohn,Augusta,2025,76,205,,,Gr.,"Cumming, Ga.",,
Dawson Campbell,Augusta,2025,70,185,,,Jr.,"Marietta, Ga.",,
Jackson Thomas,Augusta,2025,76,240,R,R,So.,"Milledgeville, Ga.",,
Aidan Cannaday,Augusta,2025,75,215,,,Jr.,"Fuquay Varina, NC",,
Zach Kwiatkowski,Augusta,2025,74,200,R,R,Sr.,"Buford, Ga.",,
Gavin Wright,Augusta,2025,74,200,R,R,Jr.,"Evans, Ga.",,
Garrett Wright,Augusta,2025,74,165,,,Fr.,"Richmond Hill, Ga",,
Rushton Bowles,Augusta,2025,73,185,R,L,Sr.,"Aiken, SC",,
Chandler Deblois,Augusta,2025,70,165,,,Fr.,"Cumming, Ga.",,
Gavin Zoeller,Augusta,2025,71,185,L,L,So.,"Suwanne, Ga.",,
Elijah Durnell,Augusta,2025,75,195,,,Jr.,"Dawnsonville, Ga.",,
Brandon Byler,Augusta,2025,70,180,R,R,Gr.,"Appling, Ga",,
Aedan Cates,Augusta,2025,74,210,R,R,Jr.,"Sharpsburg, Ga",,
Josh Green,Augusta,2025,74,200,R,R,Sr.,"Cumming, Ga.",,
Caleb Jatko,Augusta,2025,72,195,,,Jr.,"Pell City, Al.",,
Jackson Cofield,Augusta,2025,75,190,,,Fr.,"Soperton, Ga.",,
Grant Lester,Augusta,2025,77,215,R,R,So.,"Powder Springs, Ga.",,
Jude King,Augusta,2025,74,190,R,R,Sr.,"McRae, Ga.",,
Kyle Duckwall,Augusta,2025,72,190,,,Fr.,"Cumming, Ga",,
Owen Primm,Augusta,2025,72,185,,,Fr.,"Jefferson, Ga.",,
Landon Skeen,Augusta,2025,71,185,R,R,So.,"Ringgold, Ga.",,
Dawson Jones,Augusta,2025,71,195,,,Fr.,"Marietta, Ga.",,
Griffin Stewart,Augusta,2025,74,180,L,L,So.,"Evans, Ga.",,
Riley Akins,Augusta,2025,71,190,R,L,R-So.,"Evans, Ga.",,
Samuel Choate,Augusta,2025,75,185,,,Fr.,"Norcross, Ga.",,
Blythe Keisler,Augusta,2025,72,190,L,L,So.,"Marietta, Ga.",,
Ty Cobb,Augusta,2025,74,210,,,Fr.,"Louisville, Ga.",,
Joseph Blomberg,Augusta,2025,71,195,,,Fr.,"Smyrna, Ga.",,
Davis Wagner,Augusta,2025,73,195,,,Fr.,"Indianapolis, In.",,
Samuel Davis,Augusta,2025,75,215,R,R,Sr.,"Atlanta, Ga",,
Marshall Flowers,Augusta,2025,77,195,R,R,So.,"Waynesboro, Ga.",,
Riley Hendren,Augustana (IL),2025,71,185,R,R,Fr.,"Normal, Ill.",,Normal Community
Owen Michaels,Augustana (IL),2025,72,170,R,R,Fr.,"Rock Island, Ill.",,Rock Island
Carson Vitry,Augustana (IL),2025,69,160,R,R,So.,"Littleton, Colo.",,Mountain Vista
Tate Aurich,Augustana (IL),2025,71,185,R,R,So.,"Littleton, Colo.",,Mountain Vista
Ryan Coon,Augustana (IL),2025,69,185,L,L,Fr.,"Freeport, Ill.",,Freeport
Kaileb Hackman,Augustana (IL),2025,73,215,R,R,Fr.,"Bloomington, Ill.",,Normal Community
Chase Stephens,Augustana (IL),2025,74,185,L,L,Fr.,"Moline, Ill.",,Moline
August Besemer,Augustana (IL),2025,72,205,R,R,Fr.,"Phoenix, Ariz.",,Pinnacle
Zachary Gulliksen,Augustana (IL),2025,72,195,R,R,Jr.,"Arvada, Colo.",,Pomona
Ethan Sosnowski,Augustana (IL),2025,74,210,R,R,Jr.,"East Peoria, Ill.",,East Peoria
Chance Carruthers,Augustana (IL),2025,73,190,R,R,Jr.,"Rock Island, Ill.",,Alleman
Jack Buckalew,Augustana (IL),2025,70,185,R,R,So.,"Monticello, Ill.",,Monitcello
Brian Fischer,Augustana (IL),2025,74,175,R,R,Jr.,"Centennial, Colo.",,Regis Jesuit
Dominic Williams,Augustana (IL),2025,74,185,R,R,So.,"Joliet, Ill.",,Joliet Township West
Charlie Bergin,Augustana (IL),2025,74,220,R,R,So.,"Clarendon Hills, Ill.",,Hinsdale Central
Ryan Theile,Augustana (IL),2025,74,190,R,R,Fr.,"Bloomington, Ill.",,Normal Community
Blake Nettleton,Augustana (IL),2025,76,215,R,R,Jr.,"Sterling, Ill.",,Sterling
Kyler Proctor,Austin Peay,2025,70,176,R,R,So.,"Silo, Okla.",Silo HS,Oklahoma State
Trevor Conley,Austin Peay,2025,71,195,L,R,Sr.,"Mt. Carmel, Ohio",West Clermont HS,Texas Tech
Brody Szako,Austin Peay,2025,70,200,L,R,R-Sr.,"Bellville, Texas",Magnolia West HS,Fort Scott CC
Shawn Scott,Austin Peay,2025,74,171,L,L,Gr.,"Clarksville, Tenn.",Clarksville Academy,Tennessee
Mateo Hernandez,Austin Peay,2025,64,151,L,R,Sr.,"Fort Worth, Texas",North Crowley HS,Western Oklahoma State College
Paris Pridgen,Austin Peay,2025,72,182,R,R,R-So.,Clarksville Tenn.,Clarksville Academy,
Gus Freeman,Austin Peay,2025,71,211,R,R,Gr.,"Leawood, Kan.",Blue Valley North HS,Louisiana-Monroe
Andres Matias,Austin Peay,2025,74,208,R,R,Sr.,"Santo Domingo, D.R.",Americas Bicultural School,Connors State College
Austen Jaslove,Austin Peay,2025,74,185,R,R,Sr.,"Knoxville, Tenn.",Christian Academy of Knoxville,Tennessee / Arkansas State
John Bay,Austin Peay,2025,73,217,R,R,R-Sr.,"Shattuck, Okla.",Shattuck HS,Oklahoma State
Deaton Oak,Austin Peay,2025,75,163,R,R,R-So.,"La Grange, Ky.",Oldham County HS,West Virginia
Jacob Weaver,Austin Peay,2025,75,220,R,R,Sr.,"Fruita, Colo.",Fruita Monument HS,
Nathan Barksdale,Austin Peay,2025,72,196,R,R,Sr.,"Clarksville, Tenn.",Clarksville HS,
Cameron Nickens,Austin Peay,2025,75,190,R,R,Sr.,"Magnolia, Texas",Magnolia HS,Houston
Dylan Kazee,Austin Peay,2025,71,195,L,L,Jr.,"Clarksville, Tenn.",Rossview HS,Columbia State CC
DJ Merriweather,Austin Peay,2025,71,202,L,L,So.,"Clarksville, Tenn.",Clarksville Academy,
Derrick Mitchell,Austin Peay,2025,75,203,S,R,R-Fr.,"Plano, Texas",John Paul II HS,LSU
Mason Pangborn,Austin Peay,2025,73,170,L,R,Fr.,"Overland Park, Kan.",Blue Valley Southwest HS,
Kade Shatwell,Austin Peay,2025,76,190,R,R,Jr.,"Edmond, Okla.",Sante Fe HS,Oklahoma State / Oklahoma City
Cody Airington,Austin Peay,2025,74,200,R,R,So.,"Tupelo, Okla.",Tupelo HS,Cowley County CC
Aaron Lewis,Austin Peay,2025,74,180,R,R,Jr.,"Kearney, Mo.",Liberty North HS,Western Kentucky / Kansas City Kansas CC
Ray Velazquez,Austin Peay,2025,73,212,R,R,Jr.,"Lowell, Mass.",St. Thomas More HS,Vanderbilt
Adam Walker,Austin Peay,2025,73,186,R,R,R-Sr.,"Woodland, Calif.",Woodland HS,Oklahoma
Cannon Rice,Austin Peay,2025,70,203,R,R,R-Fr.,"Clarksville, Tenn.",Rossview HS,
Brody Lanham,Austin Peay,2025,78,225,R,R,Jr.,"Clarksville, Tenn.",Clarksville HS,Tennessee Tech
Kaleb Applebey,Austin Peay,2025,79,245,R,R,R-So.,"Mount Carmel, Ill.",Mount Carmel HS,Wabash Valley College / LSU
Kade Foulke,Austin Peay,2025,73,180,L,L,Jr.,"Phoenix, Ariz.",Spruce Creek HS,Galveston College
Chance Cox,Austin Peay,2025,74,205,L,L,R-Jr.,"Oklahoma City, Okla.",Mustang HS,Cowley County CC / Houston
Landon Slemp,Austin Peay,2025,74,195,R,R,Sr.,"Johnson City, Tenn.",Science Hill HS,Walters State CC / The Citadel
Cole Johnson,Austin Peay,2025,77,233,R,R,R-Fr.,"Austin, Texas",Lake Travis HS,Oklahoma State
Gavin Braunecker,Austin Peay,2025,74,196,L,L,Gr.,"Effingham, Ill.",St. Anthony HS,Bellarmine
Keaton Cottam,Austin Peay,2025,75,195,R,R,R-So.,"Burlington, Canada",King's Christian Collegiate,
Brady Cooper,Austin Peay,2025,73,190,L,R,Fr.,"Clarksville, Tenn.",Rossview HS,
Gabe Eddington,Austin Peay,2025,69,160,R,R,Fr.,"Clarksville, Tenn.",Montgomery Central HS,
Campbell Holt,Austin Peay,2025,72,182,L,L,Gr.,"Las Vegas, Nev.",Desert Oasis HS,Santa Barbara City College
Lyndon Glidewell,Austin Peay,2025,76,190,R,R,Jr.,"Temecula, Calif.",Murrieta Valley HS,Orange Coast College
Davin Pollard,Austin Peay,2025,75,215,R,R,R-Jr.,"Olathe, Kan.",Olathe North HS,Northeastern State
Solomon Washington,Austin Peay,2025,72,203,R,R,Gr.,Brentwood Tenn.,Centennial HS,Oklahoma State
Tre' Speer,Austin Peay,2025,72,196,R,R,So.,"Stillwater, Okla.",Glencoe HS,
Jimmy Coffey,Ave Maria,2025,70,165,R,R,Senior,"Oak Brook, Ill.",Benet Academy,
Brandon Willoughby,Ave Maria,2025,76,165,R,R,Senior,"Speedway, Ind.",,Parkland College
Luke Zmolik,Ave Maria,2025,73,180,R,R,Senior,"Monroe, Wash.",,Butler
Michael Kelly,Ave Maria,2025,72,180,L,R,Junior,"Libertyville, Ill",Libertyville HS,
Isaac Hines,Ave Maria,2025,70,170,L,R,Senior,"Redmond, Wash.",,Northwest Nazarene (Idaho)
Benjamin Hyland,Ave Maria,2025,71,155,L,L,Freshman,"Owensboro, Ky.",Owensboro Catholic HS,
Matt Barragy,Ave Maria,2025,77,225,R,R,Graduate Student,"Ames, Iowa",,North Iowa Area CC
Cameron Horner,Ave Maria,2025,71,175,R,R,Senior,"Madeira Beach, Fla.",Keswick Christian,
Harrison Rossi,Ave Maria,2025,74,175,L,R,Graduate Student,"New Port Richey, Fla.",,Murray State College
Jeremy Fox,Ave Maria,2025,69,170,R,R,Junior,"Riverside, Ill.",,Morton (Ill.)
Callan Carn,Ave Maria,2025,72,195,R,R,Graduate Student,"Key West, Fla.",Key West HS,
Sebastian Cabeza,Ave Maria,2025,70,210,R,R,Senior,"Aurora, Ill.",,Jackson State
Jordan Crawford,Ave Maria,2025,75,,L,L,Senior,"Las Vegas, Nev.",,Mid-America Christian
Tanner Kelly,Ave Maria,2025,72,180,R,R,Graduate Student,"Libertyville, Ill.",,Wabash Valley
Ryan Young,Ave Maria,2025,74,216,R,R,Junior,"Beaumont, Texas",,Southwest Tennessee CC
Oliver Dettleff,Ave Maria,2025,72,180,R,R,Sophomore,"Potomac, Md.",The Heights School,
Kevin Figueredo,Ave Maria,2025,74,205,S,L,Graduate Student,"Miami, Fla.",,Florida International
Joseph Ferri,Ave Maria,2025,74,180,R,R,Sophomore,"Ave Maria, Fla.",Homeschooled,
Alex Nickler,Ave Maria,2025,71,155,L,L,Senior,"Palm Beach Gardens, Fla.",Cardinal Newman HS,
Dakota Jones,Ave Maria,2025,73,,L,L,Junior,"Miramar, Fla.",,Florida Gulf Coast
Sean Hogan,Ave Maria,2025,75,200,R,R,Graduate Student,"Westport, Conn.",,Williams (Mass.)
Kyle Van Liere,Ave Maria,2025,74,205,R,R,Graduate Student,"Kalamazoo, Mich.",,Butler
Jesus Gonzalez,Ave Maria,2025,72,170,L,R,Junior,"Carolina, P.R.",,Taft (Calif.)
John Arencibia,Ave Maria,2025,72,185,R,R,Sophomore,"Lake Worth, Fla.",Trinity Christian Academy,
Brian Williams,Ave Maria,2025,69,192,R,R,Sophomore,,,
Isaac Craig,Ave Maria,2025,72,150,L,R,Sophomore,"Webster, Fla.",The Villages Charter HS,
Owen Johnson,Ave Maria,2025,73,175,R,R,Junior,"Port Huron, Mich.",,Concordia (Mich.)
Caleb Metzen,Ave Maria,2025,75,210,R,R,Junior,"Garden City, Kan.",,Garden City (Kan.)
Davis Blair,Ave Maria,2025,73,195,R,R,Graduate Student,"Leawood, Kan.",,Palm Beach Atlantic
Chris Myers,Ave Maria,2025,72,165,R,R,Freshman,"Wheaton, Ill.",Wheaton-Warrenville South,
Michael Bonet,Ave Maria,2025,71,185,R,R,Graduate Student,"Miami, Fla.",Coral Reef HS,
Hunter Cashero,Ave Maria,2025,72,205,R,R,Senior,"Shawnee, Kan.",,Kansas
Michael Ciscar,Ave Maria,2025,72,190,R,R,Senior,"Weston, Fla.",,Gardner-Webb
Nicholas Garcia,Ave Maria,2025,68,125,R,R,Junior,"Fort Gratiot, Mich.",Cardinal Mooney Catholic HS,
Paul Arencibia,Ave Maria,2025,73,185,R,R,Senior,"Boynton Beach, Fla.",Trinity Christian Academy,
Kelton Little,Ave Maria,2025,68,170,R,R,Graduate Student,"Largo, Fla.",Osceola HS,
Kyle Magdic,Ave Maria,2025,75,235,R,R,Junior,"Beamsville, Ont.",,Marshalltown CC
Allan Camarillo,Azusa Pacific,2025,70,180,R,R,So.,"Chula Vista, Calif.",Otay Ranch HS,
Danny O'Neill,Azusa Pacific,2025,72,170,R,R,R-So.,"Wrightwood, Calif.",Serrano HS,
Luke Denos,Azusa Pacific,2025,73,180,L,R,Sr.,"Santee, Calif.",St. Mary's College,
Jacob Freer,Azusa Pacific,2025,71,180,L,R,Fr.,"Bellevue, Wash.",Newport HS,
Steven Lukasiewicz,Azusa Pacific,2025,75,200,R,R,R-Fr.,"Centennial, Colo.",Valor Christian HS,
Elijah Cook,Azusa Pacific,2025,71,180,R,R,Jr.,"Chula Vista, Calif.",Mater Dei Catholic,Palomar CC
Dominic Martinez,Azusa Pacific,2025,70,195,L,R,Gr.,"Chino Hills, Calif.",La Mirada HS,UC Riverside
Aeden Alexander,Azusa Pacific,2025,68,180,R,R,R-So.,"Upland, Calif.",St. John Bosco HS,
Mikey Easter,Azusa Pacific,2025,72,190,L,R,Sr.,Arcadia HS,East Los Angeles CC,
Cameron Kessel,Azusa Pacific,2025,69,160,L,L,Jr.,"North Tustin, Calif.",Foothill HS,
Gavino Rosales,Azusa Pacific,2025,70,190,R,R,Sr.,"Van Nuys, Calif.",Birmingham HS,College of the Canyons CC
Ethan Toyama,Azusa Pacific,2025,70,160,R,R,So.,"Aiea, Hawai'i",Ottawa University,
Joel Tornero,Azusa Pacific,2025,72,205,L,L,R-Jr.,"Covina, Calif.",UC San Diego,
Jake Vargas,Azusa Pacific,2025,77,235,R,R,Jr.,"West Covina, Calif.",Bishop Amat HS,Cal State Fullerton
Justice Brinson,Azusa Pacific,2025,67,205,R,R,So.,"Windsor, Calif.",Cardinal Newman HS,
Will Medina,Azusa Pacific,2025,71,195,R,R,R-Jr.,"Glendora, Calif.",South Hills HS,
Jacob Hayes,Azusa Pacific,2025,77,230,R,R,R-Fr.,"Anacortes, Wash.",Anacortes HS,
Blake Hagerty,Azusa Pacific,2025,76,200,R,R,Jr.,"Chino Hills, Calif.",Chino Hills HS,Mt San Antonio
Will Allen,Azusa Pacific,2025,75,240,L,R,R-So.,"San Marino, Calif.",Maranatha HS,Cal State San Marcos
Diego Frey,Azusa Pacific,2025,74,190,R,R,Jr.,"Covina, Calif.",Northview HS,
Danny Yanez,Azusa Pacific,2025,75,225,S,R,Sr.,"Spring Valley, Calif.",Grossmont HS,San Diego Mesa CC
Kyle Bender,Azusa Pacific,2025,75,205,R,R,Jr.,"Vacaville, Calif.",Folsom Lake CC,
Keegan Rodin,Azusa Pacific,2025,72,196,R,R,Sr.,"Phoenix, Ariz.",Chandler-Gilbert CC,
Gavin Hunt,Azusa Pacific,2025,76,205,R,R,So.,"Castle Pines, Colo.",Valor Christian HS,
Chris Hernandez-Vides,Azusa Pacific,2025,73,190,L,L,R-Jr.,"Hesperia, Calif.",Cal State San Bernardino,
Bryce Robinette,Azusa Pacific,2025,69,175,R,R,Fr.,"Parker, Colo.",Ponderosa HS,
Michael Padilla,Azusa Pacific,2025,75,200,R,R,So.,"Corona, Calif.",Santiago HS,
Antonio Lujan,Azusa Pacific,2025,71,195,S,R,Fr.,"Los Alamitos, Calif.",Cypress HS,
Matthew Brock,Azusa Pacific,2025,75,235,L,L,R-Jr.,"Stockton, Calif.",San Joaquin Delta CC,
Elijah Morgan,Azusa Pacific,2025,71,235,R,R,Fr.,"Parker, Colo.",Lutheran HS,
Doug Pyle,Azusa Pacific,2025,76,205,R,R,R-So.,"Pasadena, Calif.",La Salle HS,
Joey Frey,Azusa Pacific,2025,74,200,L,L,Jr.,"Los Angeles, Calif.",Loyola HS,
Josh Chavez,Azusa Pacific,2025,73,190,R,R,R-Jr.,"Chino, Calif.",Chino Hills HS,
Casey Spencer,Azusa Pacific,2025,69,195,R,R,Jr.,"Arcadia, Calif.",Arcadia HS,San Jose State
Adrian Hernandez,Azusa Pacific,2025,73,200,R,R,Fr.,"Whittier, Calif.",La Salle Prep HS,
Brody Bluhm,Azusa Pacific,2025,72,180,L,L,R-Fr.,"Edmonds, Wash.",Meadowdale HS,
Damian Pasillas,Azusa Pacific,2025,73,195,R,R,So.,"San Diego, Calif.",Otay Ranch HS,
Brody Sprinkle,Azusa Pacific,2025,75,200,R,R,R-Fr.,"Parker, Colo.",Chaparral HS,
Gabe Jacobs,Azusa Pacific,2025,72,190,R,R,R-Fr.,"Parker, Colo.",Ponderosa HS,
Chris Hernandez,Azusa Pacific,2025,73,190,R,R,R-Fr.,"Riverside, Calif.",Hillcrest Christian HS,
David O'Neill,Azusa Pacific,2025,72,160,R,R,Jr.,"Wrightwood, Calif.",UC Riverside,
David Hays,Azusa Pacific,2025,76,240,L,L,Sr.,"Long Beach, Calif.",St. John Bosco HS,Cerritos College
Tyler Herges,Azusa Pacific,2025,73,200,R,R,R-Jr.,"Scottsdale, Ariz.",Notre Dame Prep HS,
Edwin Segovia,Azusa Pacific,2025,68,190,R,R,Fr.,"West Covina, Calif.",West Covina HS,
Ty Tancredi,Azusa Pacific,2025,70,165,R,R,Fr.,"West Covina, Calif.",Damien HS,
Aisea Ahokovi,Azusa Pacific,2025,75,210,R,R,Sr.,"Kailua, Hawai'i",Iolani HS,San Mateo CC
Andrick Jones,Azusa Pacific,2025,77,230,R,R,Sr.,"Gilbert, Ariz.",Mesquite HS,Cal State San Bernardino
Hunter Teplanszky,Baylor,2025,75,188,S,R,Sr.,"Flower Mound, Texas",Marcus HS,
Gavin Brzozowski,Baylor,2025,73,198,L,L,R-So.,"Mansfield, Texas",Mansfield HS,
Enzo Apodaca,Baylor,2025,69,194,L,L,R-Sr.,"Scottsdale, Ariz.",Chaparral HS,
JJ Kennett,Baylor,2025,70,174,R,R,So.,"Mandeville, La.",Ridge Point HS,
Pearson Riebock,Baylor,2025,72,181,L,R,Fr.,"Rockwall, Texas",Rockwall HS,
Travis Sanders,Baylor,2025,73,186,R,R,R-So.,"Copperas Cove, Texas",Copperas Cove HS,
Hunter Simmons,Baylor,2025,71,229,R,R,R-Sr.,"Mansfield, Texas",Mansfield HS,
Brayden Bergman,Baylor,2025,73,200,R,R,Fr.,"Parker, Texas",Plano East HS,
Will Pendergrass,Baylor,2025,74,211,R,R,R-Sr.,"Missouri City, Texas",Ridge Point HS,
Mason Green,Baylor,2025,74,218,R,L,So.,"Cypress, Texas",Cy Woods HS,
Tyriq Kemp,Baylor,2025,67,156,L,R,Sr.,"Rotterdam, The Netherlands",,
Samuel Jenkins,Baylor,2025,74,220,L,R,Fr.,"Dallas, Texas",Trinity Christian Academy,
Brayden Buchanan,Baylor,2025,73,229,R,R,So.,"Austin, Texas",Vandegrift HS,
Hunter Snow,Baylor,2025,74,204,L,R,Fr.,"Carmel, Ind.",Carmel HS,
Andrew Petrowski,Baylor,2025,73,223,R,R,R-Sr.,"San Antonio, Texas",Clark HS,
Cortlan Castle,Baylor,2025,71,200,R,R,Sr.,"Woodway, Texas",Midway HS,
Brytton Clements,Baylor,2025,73,185,R,R,Fr.,"Laredo, Texas",Alexander HS,
Jack Little,Baylor,2025,73,211,R,R,R-So.,"Katy, Texas",Obra D. Tompkins HS,
Ty Johnson,Baylor,2025,72,188,L,R,Sr.,"Flower Mound, Texas",Marcus HS,
Jack Hickerson,Baylor,2025,75,179,R,R,Fr.,"Corinth, Texas",Guyer HS,
Brett White,Baylor,2025,73,210,L,R,Fr.,"North Liberty, Iowa",Solon HS,
Carson Bailey,Baylor,2025,75,202,R,L,Fr.,"Richardson, Texas",J.J. Pearce HS,
Gabe Craig,Baylor,2025,77,209,R,R,R-Sr.,"Tyler, Texas",Grace Community HS,
Caleb Bergman,Baylor,2025,69,171,R,R,Jr.,"Parker, Texas",Plano East HS,
Wesley Jordan,Baylor,2025,75,222,R,R,Sr.,"Highland Village, Texas",Marcus HS,
Caleb Jameson,Baylor,2025,73,184,L,L,R-So.,"Paris, Texas",Prairiland HS,
Ethan Calder,Baylor,2025,71,191,L,L,Jr.,"Austin, Texas",Lake Travis HS,
Cayden Baker,Baylor,2025,72,211,L,R,Fr.,"Olive Branch, Miss.",Lewisburg HS,
Bryson Bales,Baylor,2025,75,227,L,L,R-Sr.,"Round Rock, Texas",Cedar Ridge HS,
Camden Clewett,Baylor,2025,71,226,R,R,Fr.,"Montgomery, Texas",Montgomery HS,
Will Glatch,Baylor,2025,74,214,R,R,Sr.,"Frisco, Texas",Liberty HS,
John Youens,Baylor,2025,74,204,L,L,R-Fr.,"Waco, Texas",Bosqueville HS,
Grayson Murry,Baylor,2025,77,219,S,R,Jr.,"Tyler, Texas",Brook Hill HS,
Lucas Davenport,Baylor,2025,78,231,R,R,R-So.,"Prosper, Texas",Prosper HS,
Stefan Stahl,Baylor,2025,74,192,L,L,Jr.,"Richardson, Texas",J.J. Pearce HS,
Patrick Hail,Baylor,2025,78,250,R,R,R-Sr.,"Arlington, Texas",Arlington Martin HS,
Cole Stasio,Baylor,2025,77,219,R,R,R-Sr.,"Davie, Fla.",American Heritage HS,
Caleb Bunch,Baylor,2025,78,213,R,R,Sr.,"Keller, Texas",Covenant Christian Academy,
Drew Leach,Baylor,2025,75,239,R,R,R-Sr.,"Houston, Texas",Strake Jesuit College Prep,
Jake Kolkhorst,Baylor,2025,74,200,R,R,R-Jr.,"Brenham, Texas",Brenham HS,
RJ Ruais,Baylor,2025,74,212,L,L,So.,"Celina, Texas",Celina HS,
Andres Castro,Bellarmine,2025,71,200,,,R-Sr.,Elizabeth NJ,St. Benedict's Prep,Tulane University/Monroe College
Luke Scales,Bellarmine,2025,73,205,,,Jr.,"Owensboro, KY",Owensboro Catholic,
Grant Borden,Bellarmine,2025,74,185,,,R-Fr.,"Sellersburg, IN",Providence HS,Mercer University
Jackson Case,Bellarmine,2025,75,195,,,Gr.,"Louisville, KY",Trinity,
Zac Jones,Bellarmine,2025,73,200,,,R-Jr.,"Rochester Hills, MI",Stoney Creek,Ball State University
Landon Akers,Bellarmine,2025,73,198,,,R-Fr.,"Louisville, KY",St. Xavier,
Eli Watson,Bellarmine,2025,73,195,,,R-Jr.,"Jeffersonville, IN",Providence HS,Western Kentucky University/Arizona Western College
Jacob Rowold,Bellarmine,2025,70,200,,,Sr.,"Valmeyer, IL",Valmeyer,Southwestern Illinois College
Jake Agarwal,Bellarmine,2025,72,190,,,Sr.,"Chicago, IL",Kenwood Academy,Tulane University/Butte College
Hudson Cornett,Bellarmine,2025,75,210,,,Sr.,"Lancaster, KY",Garrard County,Bryant & Stratton College
Mike Sokol,Bellarmine,2025,77,205,,,R-Sr.,"New Albany, OH",New Albany,Wabash Valley College
Seth Sweet-Chick,Bellarmine,2025,74,195,,,R-Sr.,"Goodyear, AZ",Estrella Foothills,University of Kansas/University of Nevada/Cumberland University
Nathaniel Helton,Bellarmine,2025,72,175,,,R-Jr.,"Menifee, CA",Heritage,University of Redlands/Palomar College
Nick Gnardellis,Bellarmine,2025,70,202,,,R-So.,"Dix Hills, NY",Commack,Delaware State University
Connor Pawlowski,Bellarmine,2025,75,210,,,R-Jr.,"San Jose, CA",Pioneer,Chico State University/Butte College
Brady Morse,Bellarmine,2025,74,200,,,Jr.,"Danville, KY",Danville,
Casey Sorg,Bellarmine,2025,76,230,,,Sr.,"Floyds Knobs, IN",Floyd Central,
Christian Kiper,Bellarmine,2025,73,210,,,Fr.,"Elizabeth, IN",South Central,
Charlie Rife,Bellarmine,2025,72,210,,,Jr.,"Waldron, IN",Shelbyville,
Arren Hash,Bellarmine,2025,72,200,,,Sr.,"Campbellsville, KY",Campbellsville,
Garrett Rusch,Bellarmine,2025,71,180,,,Jr.,"New Castle, IN",New Castle,Allen Community College
Carson Brower,Bellarmine,2025,70,195,,,So.,"Eaton, OH",Eaton,
Joey Milto,Bellarmine,2025,73,210,,,Jr.,"Greenwood, IN",Roncalli,
Sam Matherly,Bellarmine,2025,74,185,,,So.,"Danville, KY",Danville,
Chase Carver,Bellarmine,2025,73,190,,,So.,"Bowling Green, KY",Warren East,
Mason Acton,Bellarmine,2025,73,205,,,Fr.,"Somerset, KY",Pulaski County,
Oliver Ward,Bellarmine,2025,77,225,,,Jr.,"Seattle, WA",North Creek,Northeast Community College
Holden Groher,Bellarmine,2025,72,205,,,R-Jr.,"Sellersburg, IN",Silver Creek,Butler University/John A. Logan College
Logan Plasencia,Bellarmine,2025,76,225,,,R-So.,"Fort Lauderdale, FL",TNXL Academy,College of Central Florida/Miami Dade College
Logan Haslam,Bellarmine,2025,77,205,,,Gr.,"Castro Valley, CA",California HS,Willamette University
Kevin O’Connor,Bellarmine,2025,73,215,,,Fr.,"Chicago, IL",DePaul College Prep,
Cole McMichael,Bellarmine,2025,79,225,,,R-Jr.,"Louisville, KY",Butler Traditional HS,Lincoln Trail College
Zach Horwith,Bellarmine,2025,73,200,,,R-So.,"Castle Rock, CO",Douglas County,Fort Scott Community College/Wabash Valley College
Blake Donnan,Bellarmine,2025,78,235,,,R-Sr.,"Taylorville, IL",Taylorville,Olney Central College/St. Edwards University
Cooper Hellman,Bellarmine,2025,76,195,,,Sr.,"Goshen, KY",North Oldham,Western Kentucky University/Indiana University
Aaron Ragat,Bellarmine,2025,70,195,,,R-So.,"Torrance, CA",South Torrance,El Camino College
Chase Chamberlain,Bellarmine,2025,72,180,,,Fr.,"Louisville, KY",duPont Manual,
McKay Whitaker,Bellarmine,2025,75,193,,,R-Fr.,"Worthington, OH",Worthington Kilbourne,Indiana University
Jamie McMahon,Bellarmine,2025,75,225,,,Gr.,"Independence, OH",Independence,University of Toledo
Michael Lareau,Belmont,2025,75,210,,,R-Jr.,"Allen Park, Mich.",,Wabash Valley CC
Gardner Lawrence,Belmont,2025,72,190,,,R-Jr.,"Dallas, Texas",,New Jersey Inst. of Tech
Zach Hernandez,Belmont,2025,74,200,,,So.,"Fayetteville, Tenn.",Lincoln County HS,
Nolan Sergeant,Belmont,2025,70,170,,,Fr.,"Chattanooga, Tenn.",McCallie High School,
Kaden Galason,Belmont,2025,72,175,,,Jr.,"Kathleen, Ga.",Houston County HS,
Ty Allen,Belmont,2025,70,180,,,So.,"Franklin, Tenn.",Independence HS,
Charlie Davis,Belmont,2025,70,175,,,Jr.,"Paris, Tenn.",,Columbia State Community College
Cade Batchelor,Belmont,2025,73,195,,,Fr.,"Maryville, Tenn.",Maryville High School,
Blake Barton,Belmont,2025,72,190,,,Sr.,"Franklin, Tenn.",Grace Christian Academy,
Andrew Perry,Belmont,2025,72,175,,,Fr.,"Jackson, Tenn.",Trinity Christian Academy,
Ethan Harden,Belmont,2025,72,180,,,R-So.,"Franklin, Tenn.",Battle Ground Academy,
Pete Daniel,Belmont,2025,75,190,,,So.,"Nashville, Tenn.",Ensworth HS,
Jake Maddox,Belmont,2025,77,190,,,Fr.,"Murfreesboro, Tenn.",Central Magnet School,
Jack Morrissey,Belmont,2025,72,150,,,Fr.,"Ladera Ranch, Calif.",San Juan Hills High School,
Preston Heben,Belmont,2025,72,200,,,Jr.,"Fort Myers, Fla.",,Daytona State
Zane Brown,Belmont,2025,76,190,,,So.,"Cottontown, Tenn.",,Cleveland State Community College
Wyatt Fooks,Belmont,2025,72,195,,,R-So.,"Hoschton, Ga.",Mountain View HS,
Noah Rice,Belmont,2025,71,180,,,Fr.,"Gallatin, Tenn.",Station Camp High School,
Jordan Zuger,Belmont,2025,75,205,,,Sr.,"Hendersonville, Tenn.",Hendersonville HS,
Hank Liss,Belmont,2025,72,180,,,So.,"Evanston, Ill.",Evanston Township HS,
Joe Ruzicka,Belmont,2025,75,200,,,Jr.,"Webster Groves, Mo.",Webster Groves HS,
Nick Chiappetta,Belmont,2025,73,185,,,Fr.,"Keller, Texas",Nolan Catholic High School,
Will Pryor,Belmont,2025,74,205,,,Jr.,"Whitwell, Tenn.",Marion County HS,
Owen Marsh,Belmont,2025,76,205,,,Jr.,"Lakewood, Colo.",,St. Petersburg College
Krish Gandhi,Belmont,2025,72,170,,,Fr.,"Suwanee, Ga.",Lambert High School,
Landon Godsey,Belmont,2025,72,190,,,Sr.,"Indianapolis, Ind.",,Volunteer State CC
Jake Timbes,Belmont,2025,74,165,,,R-So.,"Kingsport, Tenn.",Dobyns Bennett HS,
Jonathon Van Ness,Belmont,2025,75,200,,,Fr.,"Knoxville, Tenn.",Christian Academy of Knoxville,
Trey Maeker,Belmont,2025,74,210,,,Gr.,"Pearland, Texas",,Fordham
Mike Sprockett,Belmont,2025,70,210,,,R-Jr.,"Liberty Township, Ohio",,Akron
Tucker Smith,Belmont,2025,71,210,,,Fr.,"Hendersonville, Tenn.",Station Camp High School,
Lake Morris,Belmont,2025,71,160,,,Fr.,"Gallatin, Tenn.",Hendersonville High School,
Logan Brock,Belmont,2025,73,165,,,Fr.,"Marietta, Ga.",Lassiter High School,
Caleb Guisewite,Belmont,2025,74,205,,,Sr.,"Greenbrier, Tenn.",White House Heritage HS,
Cade Granzow,Belmont,2025,75,225,,,Sr.,"Franklin, Tenn.",,Auburn
Dean Spoto,Belmont,2025,69,160,,,Fr.,"Tampa, Fla.",Jesuit High School,
Chase Edmonds,Berry,2025,70,175,,,Jr.,"Goshen, Ky.",North Oldham,
Jameson Farley,Berry,2025,71,195,,,Fr.,"Tuscaloosa, Ala.",Hillcrest,
Mason Snyder,Berry,2025,70,175,,,So.,"Ocilla, Ga.",Irwin County,
Caleb Spikes,Berry,2025,71,190,,,Jr.,"Dacula, Ga.",Mill Creek,
Joey Garcia,Berry,2025,72,185,,,Sr.,"Atlanta, Ga.",Lakeside,
Chaz Moore,Berry,2025,72,180,,,Fr.,"Rome, Ga.",Rome,
Jacob Bridges,Berry,2025,73,180,,,Jr.,"Loganville, Ga.",Archer,
Riley Uhls,Berry,2025,73,200,,,Jr.,"Lexington, Ky.",West Jessamine,
Aiden Cloud,Berry,2025,69,180,,,Jr.,"Rome, Ga.",,University of Montevallo
Charles Pulaski,Berry,2025,71,175,,,Jr.,"Savannah, Ga.",Benedictine Military School,
Cam Welsh,Berry,2025,72,200,,,So.,"Spring Garden, Ala.",Spring Garden,
Aubrey Higgins,Berry,2025,75,195,,,Jr.,"Cornelia, Ga.",Tallulah Falls,
Garrett Lang,Berry,2025,75,160,,,Jr.,"Macon, Ga.",Stratford Academy,
Brighton Quinnelly,Berry,2025,68,160,,,Fr.,"Suwanee, Ga.",Blessed Trinity Catholic,
Aubrey Moraitakis,Berry,2025,70,180,,,So.,"Roswell, Ga.",Fellowship Christian School,
Tyler Cassidy,Berry,2025,72,185,,,Sr.,"Orlando, Fla.",Freedom,
Nate Coker,Berry,2025,71,180,,,So.,"Monroe, Ga.",Hebron Christian Academy,
Alex Knapp,Berry,2025,70,185,,,Sr.,"Lancaster, Penn.",,George Mason University
Marco Cabrera,Berry,2025,73,180,,,Jr.,"Marietta, Ga.",Pope,
Nicholas Angelakos,Berry,2025,73,200,,,Jr.,"Woodstock, Ga.",,Samford
Brady Greene,Berry,2025,71,170,,,Jr.,"Green Cove Springs, Fla.",Clay,
Tanaka Mukono,Berry,2025,72,175,,,Fr.,"Flowery Branch, Ga.",Cherokee Bluff,
Jackson Warren,Berry,2025,72,185,,,Fr.,"Homewood, Ala.",Homewood,
Mason Schoonover,Berry,2025,73,190,,,So.,"Columbus, Ga.",Columbus,
Jon Strydom,Berry,2025,73,180,,,Jr.,"Marietta, Ga.",Pope,
Daniel Hong,Berry,2025,74,200,,,Fr.,"Tucker, Ga.",St. Pius X,
Cooper Chunn,Berry,2025,75,185,,,Fr.,"Suwanee, Ga.",North Gwinnett,
Will Waters,Berry,2025,74,205,,,So.,"Sandy Springs, Ga.",St. Pius X,
Cole Porter,Berry,2025,70,155,,,Jr.,"Valdosta, Ga.",Valdosta,
CJ Whaley,Berry,2025,75,235,,,Sr.,"Kennesaw, Ga.",Kennesaw Mountain,
Jackson Collett,Berry,2025,76,225,,,So.,"Lilburn, Ga.",Parkview,
Hayden Gilbert,Berry,2025,72,210,,,Fr.,"Dahlonega, Ga.",Lumpkin County,
Jonah Hatchett,Berry,2025,74,185,,,Fr.,"Bremen, Ga.",Bremen,
Andrew McAdams,Berry,2025,72,205,,,So.,"Birmingham, Ala.",Briarwood Christian,
Cinch Smith,Berry,2025,73,180,,,Jr.,"Chandler, Ariz.",,
Caleb Davis,Berry,2025,70,180,,,Fr.,"Flowery Branch, Ga.",Cherokee Bluff,
Jackson Halla,Berry,2025,76,220,,,Sr.,"Vestavia, Ala.",Vestavia Hills,
Lucas Hurd,Berry,2025,71,175,,,Fr.,"Evans, Ga.",Lakeside,
Wynn Boren,Berry,2025,72,175,,,So.,"Peachtree Corners, Ga.",Greater Atlanta Christian School,
Ethan Finch,Berry,2025,72,175,,,So.,"Germantown, Tenn.",Christian Brothers,
Nick Brunswick,Berry,2025,72,200,,,Gr.,"Acworth, Ga.",Harrison,
Stephen Slezak,Berry,2025,75,175,,,Jr.,"Grayson, Ga.",Grayson,
Austin Jetmore,Berry,2025,72,215,,,So.,"Douglasville, Ga.",South Paulding,
Andrew Pendleton,Berry,2025,73,170,,,Gr.,"Dallas, Ga.",East Paulding,
Darryl Lee,Bethune-Cookman,2025,70,165,L,L,Jr.,"Troy, Ala.",Pike Liberal Arts HS,Coastal Alabama CC – South
Jeter Polledo,Bethune-Cookman,2025,70,175,R,R,R-Fr.,"Hialeah, Fla.",Miami Christian School,Wake Forest
Yoansell Diaz,Bethune-Cookman,2025,72,205,R,R,Gr.,"Hialeah, Fla.",Miami Springs HS,
Peter Vazquez,Bethune-Cookman,2025,72,180,S,R,Sr.,"Guayama, Puerto Rico",Leadership Christian Academy,Chipola College
Michael Rodriguez,Bethune-Cookman,2025,71,190,L,R,So.,"Pembroke Pines, Fla.",West Broward HS,
Pablo Torres,Bethune-Cookman,2025,71,180,R,R,Jr.,"Orlando, Fla.",Central Pointe Christian Academy,
Christopher Watson,Bethune-Cookman,2025,76,210,R,R,Jr.,"Ridgeland, Miss.",St. Joseph HS,Meridian CC
Leandro Perez,Bethune-Cookman,2025,74,190,R,R,R-So.,"Weston, Fla.",Western HS,
Jean Carlos Chicano,Bethune-Cookman,2025,73,175,R,R,Fr.,"Miami, Fla.",St. Brendan HS,
Josh Rodriguez,Bethune-Cookman,2025,71,180,R,R,R-So.,"West Palm Beach, Fla.",Forrest Hill HS,Bryant & Stratton
Reinaldo Plasencia,Bethune-Cookman,2025,74,200,R,R,Jr.,"Hialeah, Fla.",Mater Lakes Academy,Western Oklahoma State
Jesus Vanegas,Bethune-Cookman,2025,70,200,R,R,Jr.,"Weston, Fla.",Cypress Bay HS,Tallahassee CC
Marcos Gamboa,Bethune-Cookman,2025,75,190,R,R,Sr.,"Fort Pierce, Fla.",John Carroll HS,
Armani Newton,Bethune-Cookman,2025,74,200,L,L,Jr.,"Ft. Pierce, Fla.",John Carroll HS,Florida Gulf Coast
Isaias Ducasse,Bethune-Cookman,2025,73,180,R,R,Fr.,"Kissimmee, Fla.",Sunshine State Elite Academy,
Manny Souffrain,Bethune-Cookman,2025,75,215,L,R,Sr.,"Miami, Fla.",Braddock Senior HS,
Jayme Villafane,Bethune-Cookman,2025,68,160,R,R,R-Sr.,"Pembroke Pines, Fla.",Pembroke Pines Charter HS,FSC Jacksonville
Carlos Roses,Bethune-Cookman,2025,70,180,R,R,So.,"San Juan, Puerto Rico",PRo Baseball High School Academy,
Sergio Rivera,Bethune-Cookman,2025,73,170,R,R,Sr.,"Bayamon, Puerto Rico",Leadership Christian Academy,Florida Southwestern
Daniel Figueroa,Bethune-Cookman,2025,70,180,R,L,Sr.,"Toa Alta, Puerto Rico",Leadership Christian Academy,Indian Hills CC
Logan Wirt,Bethune-Cookman,2025,74,225,R,R,Jr.,"Orlando, Fla.",Dr. Phillips HS,Hillsborough CC
Irvin Escobar,Bethune-Cookman,2025,72,205,R,R,Sr.,"Barceloneta, Puerto Rico",Leadership Christian Academy,
Jeffrey Gonzalez,Bethune-Cookman,2025,74,190,R,R,Gr.,"Port St. Lucie, Fla.",Treasure Coast HS,Indian River State
Edwin Sanchez,Bethune-Cookman,2025,67,170,L,L,Jr.,"Guayama, Puerto Rico",Albergue Olimpico Baseball Academy,El Paso CC
Robert Lastra,Bethune-Cookman,2025,71,170,R,R,Jr.,"Miami, Fla.",South Dade Senior HS,Miami Dade
Carlos Jazmin,Bethune-Cookman,2025,82,200,R,R,So.,"San Juan, Puerto Rico",PRo Baseball High School Academy,
Jorge Gonzalez Febo,Bethune-Cookman,2025,75,200,R,R,So.,"Orlando, Fla.",Central Pointe Christian Academy,
Tanner Boccabello,Bethune-Cookman,2025,75,190,R,R,Sr.,"Tampa, Fla.",Bishop McLaughlin HS,St. John’s River State
Joel Core,Bethune-Cookman,2025,72,195,R,R,So.,"Orlando, Fla.",Central Pointe Christian Academy,
Jorge Rodriguez,Bethune-Cookman,2025,72,210,R,R,Sr.,"Ponce, Puerto Rico",Puerto Rico Baseball Academy & HS,Wabash Valley
Angel Lopez,Bethune-Cookman,2025,72,190,L,L,Jr.,"Fajardo, Puerto Rico",Montverde Academy,Seminole State
Andrey Martinez,Bethune-Cookman,2025,74,200,R,R,Jr.,"Barranquilla, Colombia",,St. Petersburg
Jean Carlo Zambrano,Bethune-Cookman,2025,72,180,R,R,Jr.,"Caracas, Venezuela",Doral Academy,Barry
Aaron Schaefer,Bethune-Cookman,2025,70,180,R,R,Sr.,"Davie, Fla.",Western HS,St. Petersburg College
Julian Carrasquilla,Bethune-Cookman,2025,75,180,R,R,Jr.,"Miami, Fla.",Miami Southridge Senior HS,Miami Dade
Brandon Vazquez,Bethune-Cookman,2025,70,170,L,L,Jr.,"West Palm Beach, Fla.",Cardinal Newman HS,Miami Dade
Sebastian Garrido,Bethune-Cookman,2025,71,190,L,L,Sr.,"Miami, Fla.",St. Brendan HS,Barry
Jose Fernandez,Bethune-Cookman,2025,75,220,R,R,R-So.,"Bolivar City, Venezuela",Scotland Campus (Pa.),Monroe
Cesar Lopez,Bethune-Cookman,2025,78,210,R,R,Fr.,"Pennsburg, Pa.",Perkiomen HS,
Devan Bade,Binghamton,2025,71,185,R,R,Sr.,"Southington, Conn.",Southington,
Logan Haskell,Binghamton,2025,72,185,R,R,Sr.,"Kirkwood, N.Y.",Susquehanna Valley,
Todd Abraham,Binghamton,2025,72,185,R,R,So.,"Utica, N.Y.",Utica Proctor,
Hayden Tarsia,Binghamton,2025,74,185,R,R,So.,"Fishkill, N.Y.",John Jay,
Ben Griffith,Binghamton,2025,72,175,R,R,R-Fr.,"Shrewsbury, Mass.",Shrewsbury,
Tim Hennig,Binghamton,2025,72,165,L,R,R-Fr.,"Wantagh, N.Y.",Wantagh,
Ian Kaiser,Binghamton,2025,70,180,L,L,R-Fr.,"Montville, N.J.",Montville,
Dan McAliney,Binghamton,2025,77,215,R,R,Jr.,"Webster, N.Y.",McQuaid Jesuit,
Conner Griffin,Binghamton,2025,77,205,R,R,So.,"Clarks Summit, Pa.",Abington Heights,
Jackson Mitchell,Binghamton,2025,76,215,R,R,So.,"Warwick, N.Y.",Warwick,
Caden Rothbaum,Binghamton,2025,75,195,L,L,R-Jr.,"Delray Beach, Fla.",American Heritage,
Colin Rhein,Binghamton,2025,76,205,R,R,Jr.,"Lindenhurst, N.Y.",North Babylon,
Brady Bouchard,Binghamton,2025,74,205,R,R,Fr.,"Penn Yan, N.Y.",Penn Yan,
Ryan Packard,Binghamton,2025,76,220,R,R,Gr.,"Oneonta, N.Y.",Oneonta,
Tommy Popoff,Binghamton,2025,73,205,R,R,Fr.,"Mount Royal, N.J.",Kingsway,
Steven Kraus,Binghamton,2025,73,205,L,L,Fr.,"Hilton, N.Y.",Hilton,
Aiden Milburn,Binghamton,2025,72,220,R,R,R-Fr.,"Baldwinsville, N.Y.",C.W. Baker,
Mike Stellrecht,Binghamton,2025,71,180,S,R,Jr.,"East Amherst, N.Y.",Williamsville East,
Sam Miller,Binghamton,2025,74,180,R,R,Fr.,"Fairport, N.Y.",Fairport,
Freddy Forgione,Binghamton,2025,71,225,R,R,Gr.,"Ronkonkoma, N.Y.",Sachem North,
Jake Dally,Binghamton,2025,72,190,R,R,So.,"Bethlehem, Pa.",Nazareth,
Zack Kent,Binghamton,2025,70,185,R,R,Jr.,"Wakefield, Mass.",Wakefield,
Matt Bolton,Binghamton,2025,72,185,L,R,Fr.,"Levittown, N.Y.",Division,
Evin Sullivan,Binghamton,2025,75,210,R,R,Sr.,"Lansdale, Pa.",North Penn,
Zach Rogacki,Binghamton,2025,74,180,L,R,Sr.,"Jackson, N.J.",Jackson,
Chris Sleeper,Binghamton,2025,75,230,R,R,Sr.,"Rochester, N.Y.",Rush Henrietta,
Chris Cancel,Binghamton,2025,72,170,R,R,Fr.,"Staten Island, N.Y.",TNXL Academy,
Ryan Bates,Binghamton,2025,74,210,R,R,R-So.,"Cohoes, N.Y.",Shaker,
Vincent Luther,Binghamton,2025,76,190,L,L,Fr.,"Ridgewood, N.J.",Ridgewood,
Braylen Gonzalez,Binghamton,2025,69,160,L,L,Fr.,"Bethlehem, Pa.",Liberty,
Sean Sweeney,Binghamton,2025,67,165,R,R,Fr.,"Elmont, N.Y.",Chaminade,
Brady Lesiak,Binghamton,2025,69,180,R,R,Fr.,"Manahawkin, N.J.",Southern Regional,
John Ryder,Binghamton,2025,73,195,R,R,Fr.,"Marlboro, N.Y.",Marlboro,
Anthony White,Biola,2025,71,180,L,R,Fr.,"Campbell, Calif.",,
Nick Madole,Biola,2025,71,180,R,R,Jr.,"Huntington Beach, CA",,
Tommy Kendlinger,Biola,2025,72,180,R,R,Jr.,"Ventura, CA",,
Isaiah Leon,Biola,2025,71,195,R,R,Gr.,"Simi Valley, Calif.",,
Cole Wentz,Biola,2025,70,180,R,R,Sr.,"Fountain Valley, Calif.",,
Jack O'Brasky,Biola,2025,72,160,R,R,Fr.,"Scottsdale, AZ",,
Luke Caruso,Biola,2025,71,180,R,R,So.,"Carlsbad, CA",,
Luke Ballantyne,Biola,2025,70,180,L,L,Fr.,"Chino, CA",,
Dylan Alanis,Biola,2025,72,170,R,R,Jr.,"Upland, CA",,
Jacob Talbott,Biola,2025,72,185,R,R,Fr.,"Yorba Linda, CA",,
Adrian Robles,Biola,2025,73,205,R,R,So.,"La Habra, Calif.",,
Josh Eigenbrodt,Biola,2025,72,200,L,L,Sr.,"Encino, Calif.",,
John Iacono,Biola,2025,70,165,R,R,Fr.,"Los Angeles, CA",,
Noah Ruiz,Biola,2025,70,175,R,R,Jr.,"San Diego, CA",,
Cole Thomson,Biola,2025,72,165,R,L,So.,"Santee, CA",,
Andrew Zittel,Biola,2025,76,200,L,L,Sr.,"Phoenix, Ariz.",,
Adiel Torres,Biola,2025,72,175,R,R,So.,"San Diego, CA",,
Cameron Birmingham,Biola,2025,69,200,R,R,Fr.,"Yucaipa, CA",,
Josh McAninch,Biola,2025,73,200,R,R,Jr.,"Wildomar, CA",,
Taj Brar,Biola,2025,69,175,L,L,Fr.,"Valencia, CA",,
Tristan Cazel,Biola,2025,72,205,R,R,Gr.,"South Elgin, Ill.",,
Kyle Osterhage,Biola,2025,74,205,R,R,R-Sr.,"Carmichael, Calif.",,
Caleb Bennett,Biola,2025,75,200,R,R,R-Jr.,"Perris, Calif.",,
Ashton Pass,Biola,2025,66,150,R,R,So.,"Smyrna, GA",,
Erick Felix,Biola,2025,72,175,R,R,Fr.,"La Puente, CA",,
Hunter Kaul,Biola,2025,73,190,R,R,So.,"El Cajon, Calif.",,
Gabe Magallan,Biola,2025,70,205,R,R,Jr.,"Hanford, CA",,
Blake Wentz,Biola,2025,75,210,R,R,Jr.,"Fountain Valley, CA",,
Aidan Cube,Biola,2025,75,205,L,L,Fr.,"Rancho Cucamonga, CA",,
Chris McClean,Biola,2025,72,195,R,R,Jr.,"Woodinville, WA",,
Jonny Tewinkle,Biola,2025,74,185,R,R,Jr.,"Ranch Santa, CA",,
Mason Robertson,Biola,2025,75,225,R,L,Jr.,"Orillia, Ontario",,
Sam Lisiak,Biola,2025,75,220,R,R,Sr.,"Grand Rapids, Mich.",,
James Whitman,Biola,2025,78,250,R,R,Jr.,"San Diego, CA",,
Nicholas Whippo,Biola,2025,72,210,R,R,Fr.,"Eastvale, CA",,
Nico Hagadorn,Biola,2025,70,190,L,L,Jr.,"Huntington Beach, CA",,
Alex Laureano,Biola,2025,71,200,R,R,Jr.,"Redondo Beach, Calif.",,
Ty Cowley,Biola,2025,76,220,L,L,So.,"Tustin, CA",,
Nick Brown,Biola,2025,73,215,R,R,Jr.,"Bakersfield, CA",,
Nathan Hernandez,Biola,2025,74,230,R,R,Jr.,"Oxnard, CA",,
Ransom Lorenzen,Biola,2025,72,165,S,R,Fr.,"Gresham, OR",,
Jack O'Brien,Biola,2025,76,230,R,R,Gr.,"San Diego, Calif.",,
Kyle Rogers,Biola,2025,71,190,R,R,Fr.,"San Marcos, CA",,
Jeremy Cawley,Bloomsburg,2025,69,165,R,R,So.,"Duryea, Pa.",Pittston Area,
Josh Wilson,Bloomsburg,2025,70,160,R,R,Sr.,"Clinton, Md.",Bishop McNamara,
Drew Balestrini,Bloomsburg,2025,70,170,L,R,R-Jr.,"Sunbury, Pa.",Shikellamy,
Brandon Wozniak,Bloomsburg,2025,73,170,R,R,Fr.,"Nanticoke, Pa.",Nanticoke Area,
Casey O'Brien,Bloomsburg,2025,69,180,R,R,Fr.,"Moosic, Pa.",Riverside,
Christian Mascuilli,Bloomsburg,2025,70,175,R,R,Fr.,"Mount Laurel, N.J.",Bishop Eustace Prep,
Anthony Trommer,Bloomsburg,2025,70,190,R,R,Fr.,"Trevose, Pa.",Neshaminy,
Brady Ebbert,Bloomsburg,2025,73,175,L,R,Jr.,"Etters, Pa.",Red Land,
James Scott,Bloomsburg,2025,71,190,L,L,So.,"Flemington, N.J.",Hunterdon Central Regional,
Nathan Kress,Bloomsburg,2025,75,230,L,R,R-Fr.,"Lansdale, Pa.",La Salle College H.S.,
Joe Levis,Bloomsburg,2025,69,170,R,R,So.,"Fort Washington, Pa.",Upper Dublin,
Judah Miller,Bloomsburg,2025,72,195,R,R,So.,"Halifax, Pa.",Halifax,
Christian LaBarbera,Bloomsburg,2025,72,185,R,R,Sr.,"Lancaster, Pa.",Hempfield,
Jack Carver,Bloomsburg,2025,71,200,R,R,So.,"Doylestown, Pa.",Central Bucks South,
Nico Ingalls,Bloomsburg,2025,73,195,R,R,R-So.,"Newton, N.J.",Kittatinny Regional,
Dansby Keenan,Bloomsburg,2025,74,210,R,R,Gr.,"Cleveland Heights, Oh.",Benedictine,
Greg Cristino,Bloomsburg,2025,74,200,R,R,Sr.,"Haddonfield, N.J.",Haddonfield Memorial,
Corey Daniels,Bloomsburg,2025,74,185,R,R,Gr.,"Forest City, Pa.",Forest City,
Emmett McLaughlin,Bloomsburg,2025,72,190,R,R,R-Fr.,"Cheltenham, Pa.",La Salle College,
Eli Riley,Bloomsburg,2025,76,205,R,R,Gr.,"Harrisburg, Pa.",Mercersburg Academy,
Travis Peden,Bloomsburg,2025,75,210,L,R,R-Fr.,"Middletown, Del.",Appoquinimink,
Riley Powers,Bloomsburg,2025,72,190,R,R,Sr.,"Vidalia, Ga.",Vidalia,
Ryan Flury,Bloomsburg,2025,73,195,R,R,Jr.,"Lancaster, Pa.",Manheim Township,
Kaden Peifer,Bloomsburg,2025,72,235,R,R,R-So.,"Etters, Pa.",Red Land,
Nolan Walker,Bloomsburg,2025,76,190,R,L,Fr.,"North Wales, Pa.",North Wales,
Andrew Armstrong,Bloomsburg,2025,75,224,R,R,So.,"Levittown, Pa.",Harry S. Truman,
Landon Lorson,Bloomsburg,2025,72,200,R,R,R-So.,"South Williamsport, Pa.",South Williamsport,
Jacob Reifer,Bloomsburg,2025,70,185,R,R,Gr.,"Bloomsburg, Pa.",Central Columbia Area,
Pete Modrovsky,Bloomsburg,2025,74,195,L,L,Fr.,"Honesdale, Pa.",Honesdale,
Brian Walsh,Bloomsburg,2025,71,190,L,R,So.,"Scranton, Pa.",Scranton Prep,
Jeremy Stine,Bloomsburg,2025,70,175,R,R,So.,"Springfield, Va.",West Springfield,
Matthew Marsten,Bloomsburg,2025,69,185,R,R,Fr.,"Quakertown, Pa.",Quakertown,
Ben Jones,Bloomsburg,2025,74,200,R,R,R-Fr.,"Fallschurch, Va.",George C. Marshall,
Daniel Koppisch,Bloomsburg,2025,75,225,R,R,So.,"Philadelphia, Pa.",Central,
Scott Gilbert,Bloomsburg,2025,73,195,L,L,Sr.,"Scranton, Pa.",Abington Heights,
Zach Steen,Bloomsburg,2025,74,190,R,R,Gr.,"Ellicott City, Md.",Centennial,
Mike Miller,Bloomsburg,2025,72,235,R,R,Jr.,"Lafayette Hill, Pa.",Plymouth Whitemarsh,
Christian Zito,Bloomsburg,2025,72,190,R,R,R-Fr.,"Eatontown, N.J.",Monmouth Regional,
Brock Hammaker,Bloomsburg,2025,72,180,R,R,Fr.,"Lancaster, Pa.",Donegal,
Xander Velez,Bloomsburg,2025,72,170,R,R,So.,"Reading, Pa.",Governor Mifflin,
Josh Marquard,Bloomsburg,2025,71,180,L,R,Jr.,"York, Pa.",Central York,
Bryce Hunt,Bluefield State University,2025,71,165,,,R-Jr.,"Pittsburgh, PA",,
Caleb Roofe,Bluefield State University,2025,68,175,,,Sr.,"Kansas City, MO",,
Caleb Ratliff,Bluefield State University,2025,73,185,,,Fr.,"Richlands, VA",,
Yadiel Agosto,Bluefield State University,2025,63,150,,,Sr.,"Dorado, Puerto Rico",,
Brooks Farrell,Bluefield State University,2025,72,160,,,So.,"Floresville, TX",,
"Daniel ""Jr"" Powell",Bluefield State University,2025,70,175,,,Fr.,"South Boston, VA",,
Cooper Frisbie,Bluefield State University,2025,73,160,,,Fr.,"Surprise, AZ",,
Kevin Rodriguez,Bluefield State University,2025,70,180,,,Jr.,"Manchester, NH",,
Nick Diaz,Bluefield State University,2025,70,175,,,Jr.,"Tampa, FL",,
Angel Martinez,Bluefield State University,2025,70,180,,,So.,"Camden, NJ",,
Curtis Ball,Bluefield State University,2025,71,180,,,Jr.,"Milton, WV",,
Will Austin,Bluefield State University,2025,69,185,,,R-Sr.,"Mebane, NC",,
Will Ricketts,Bluefield State University,2025,70,205,,,Sr.,"Harpers Ferry, WV",,
Grayson Peel,Bluefield State University,2025,75,165,,,So.,"Mooresville, NC",,
Colton Roberts,Bluefield State University,2025,71,200,,,Sr.,"Philadelphia, PA",,
Edwin Hernandez,Bluefield State University,2025,72,180,,,Jr.,"Philadelphia, PA",,
James Germosen,Bluefield State University,2025,68,180,,,So.,"Philadeplhia, PA",,
Diego Espada,Bluefield State University,2025,74,203,,,Jr.,"Sarasota, FL",,
Tyson Mickie,Bluefield State University,2025,72,210,,,Sr.,"Tampa, FL",,
Jonah Brower,Bluefield State University,2025,,185,,,Jr.,"Edmonds, WA",,
Sebastian Ortega,Bluefield State University,2025,69,195,,,Sr.,"Bayamon, Puerto Rico",,
Matthew Roman,Bluefield State University,2025,70,175,,,Fr.,"Swansboro, NC",,
Tomás Rodriguez,Bluefield State University,2025,75,220,,,So.,"Cidra, Puerto Rico",,
Andrew Scarberry,Bluefield State University,2025,72,240,,,Sr.,"Charleston, WV",,
Collin Quandee,Bluefield State University,2025,69,180,,,Fr.,,,
Daniel Pepke,Bluefield State University,2025,74,250,,,Fr.,"Pittsburgh, PA",,
Benny Fiens,Bluefield State University,2025,73,190,,,So.,"Sarasota, FL",,
Jordan Batten,Bluefield State University,2025,70,,,,Sr.,"Parkersburg, WV",,
Jackson Harless,Bluefield State University,2025,,195,,,Gr.,"Charleston, WV",,
Adam Magpoc,Boston College,2025,68,165,S,R,So.,"Torrance, CA",Loyola High School of LA,
Nathanael Frederking,Boston College,2025,74,180,R,R,So.,"London, Ontario",Catholic Central High School,
John Mass,Boston College,2025,71,190,S,R,Fr.,"Portsmouth, R.I.",Portsmouth,
Josiah Ragsdale,Boston College,2025,72,185,L,L,Jr.,"Vineland, N.J.",St. Augustine Prep,
Patrick Roche,Boston College,2025,72,185,R,R,Gr.,"Milton, Mass.",Boston College High,
Aidan Harrington,Boston College,2025,72,195,R,R,Sr.,"Millis, Mass.",St. Sebastian's,
Colin Larson,Boston College,2025,69,185,L,L,Fr.,"Easthampton, Mass.",Williston Northampton School,
Owen DeShazo,Boston College,2025,78,230,R,R,Jr.,"Glen Allen, Va.",Hanover,
Vince Cimini,Boston College,2025,74,190,R,R,Gr.,"Scranton, Pa.",Scranton Prep,
Jace Roossien,Boston College,2025,72,185,S,R,Fr.,"Nahant, Mass.",Phillips Academy,
Julio Solier,Boston College,2025,72,187,R,R,Fr.,"Guayama, Puerto Rico",Springfield Central,
Gavin Soares,Boston College,2025,75,220,R,R,Fr.,"Ho-Ho-Kus, N.J.",Northern Highlands,
Kyle Wolff,Boston College,2025,73,210,R,L,Jr.,"Andover, Mass.",Middlesex School,
Ben Williams,Boston College,2025,72,190,R,R,Fr.,"Hanover, N.H.",Hanover,Avon Old Farms
Tyler Mudd,Boston College,2025,69,175,L,L,Sr.,"Shrewsbury, Mass.",Deerfield Academy,
Connor Southwell,Boston College,2025,73,200,L,L,Fr.,"Suffern, N.Y.",Suffern,
Brady Miller,Boston College,2025,77,210,R,L,Fr.,"Harwich, Mass.",Belmont Hill,
Cesar Gonzalez,Boston College,2025,69,185,R,R,Fr.,"Maracaibo, Venezuela",Springfield Commonwealth,
Austin Hartsell,Boston College,2025,74,175,L,R,So.,"Bridgewater, Mass.",Dexter Southfield,
Jacob Burnham,Boston College,2025,72,190,R,L,Fr.,"Key West, Fla.",Key West High School,
Sam McNulty,Boston College,2025,74,190,R,R,Sr.,"Cambridge, Mass.",Milton Academy,
JD Ogden,Boston College,2025,77,220,S,L,Gr.,"White Bear Lake, Minn.",Mounds Park Academy,
Sean Hard,Boston College,2025,77,210,R,R,Sr.,"Mahwah, N.J.",St. Joseph's Regional,
Eric Schroeder,Boston College,2025,72,190,R,R,Sr.,"Ridgewood, N.J.",Delbarton,
Alex Bryant,Boston College,2025,76,215,R,R,Gr.,"Sarasota, Fla.",Tampa Jesuit,
Joe Gold,Boston College,2025,71,200,R,R,So.,"Ballston Spa, N.Y.",Christian Brothers Academy,
Evan Moore,Boston College,2025,74,205,R,R,Gr.,"Rocky Hill, Conn.",Kingswood-Oxford,
John Kwiatkowski,Boston College,2025,78,245,L,L,Jr.,"Floral Park, N.Y.",Kellenberg Memorial,
Jack Toomey,Boston College,2025,75,215,R,R,Jr.,"Wellesley, Mass.",St. Sebastian's,
Beck Milner,Boston College,2025,74,210,R,R,Jr.,"Park City, Ut.",Taft School,
Tony Humphrey,Boston College,2025,68,165,R,R,So.,"Courtland Manor, N.Y.",Walter Panas,
Bobby Chicoine,Boston College,2025,74,225,R,R,Jr.,"Armonk, N.Y.",Byram Hills,
Nick Wang,Boston College,2025,73,215,R,R,Sr.,"Newton, Mass.",Phillips Exeter,
Kyle Kipp,Boston College,2025,74,200,R,R,So.,"Stamford, Conn.",Westhill High School,
Matthew Spada,Boston College,2025,73,200,L,L,Jr.,"Westport, Conn.",Staples,
A.J. Colarusso,Boston College,2025,72,205,L,L,Jr.,"Leominster, Mass.",Groton School,
Peter Schaefer,Boston College,2025,72,215,L,R,Gr.,"Knoxville, Tenn.",Webb School of Knoxville,
Joey Ryan,Boston College,2025,77,220,L,R,Gr.,"Norwood, Mass.",Roxbury Latin,
Esteban Garcia,Boston College,2025,74,200,L,R,So.,"Queens, N.Y.",Poly Prep Country Day,
Gunnar Johnson,Boston College,2025,72,200,R,R,Gr.,"Newington, Conn.",Newington,
Dylan Howanitz,Boston College,2025,75,205,R,R,Gr.,"Scranton, Pa.",Valley View,
Karl Meyer,Boston College,2025,75,220,R,R,Gr.,"Indianapolis, IN.",Brebeuf Jesuit Prep,
Danny Surowiec,Boston College,2025,75,225,L,R,Fr.,"West Chester, Pa.",West Chester Henderson,
Nico Bartolotti,Brevard College,2025,71,165,,,So.,"Lake Wylie, S.C.",Clover HS,
Lucas Granata,Brevard College,2025,72,165,,,Sr.,"Wake Forest, N.C.",Heritage HS,
Gage Granata,Brevard College,2025,69,155,,,Fr.,"Wake Forest, N.C.",Heritage HS,
Luke Morton,Brevard College,2025,74,150,,,Sr.,"Wake Forest, N.C.",Heritage HS,
Christian Riley,Brevard College,2025,69,130,,,Sr.,"Hendersonville, N.C.",West Henderson HS,
Tyler Kelson,Brevard College,2025,72,180,,,Fr.,"Duluth, Ga.",Peachtree Ridge HS,
Kyle Andrew,Brevard College,2025,72,140,,,So.,"West Palm Beach, Fla.",Seminole Ridge Community HS (St. Thomas Fla.),
Zack Wilson,Brevard College,2025,71,190,,,So.,"Brevard, N.C.",Brevard HS,
Davis Bryson,Brevard College,2025,72,155,,,Sr.,"Easley, S.C.",Easley HS,
Logan Sawyer,Brevard College,2025,73,190,,,Jr.,"Asheboro, N.C.",Uwharrie Charter Academy,
Hayden Jennings,Brevard College,2025,67,180,,,Sr.,"Beaufort, S.C.",John Paul II HS,
Jordan Searcy,Brevard College,2025,75,205,,,Sr.,"Polk County, N.C.",Polk County HS (Mars Hill),
Noah Wiggins,Brevard College,2025,70,165,,,Sr.,"Falling Waters, W.V.",St. Maria Goreti HS (Southern Wesleyan),
Lucas Woodard,Brevard College,2025,73,185,,,Fr.,"Largo, Fla.",Largo HS,
Easton King,Brevard College,2025,73,200,,,So.,"Hickory, N.C.",South Caldwell HS,
Gavin Grant,Brevard College,2025,73,175,,,So.,"Jacksonville, Fla.",Creekside HS (Thomas),
Ethan Coleman,Brevard College,2025,73,150,,,Sr.,"Newport, N.C.",Croatan HS,
Jacob Thompson,Brevard College,2025,72,180,,,Sr.,"Gray, Ga.",Jones County HS,
Andy Fahringer,Brevard College,2025,72,160,,,Jr.,"Holly Springs, N.C.",Holly Springs HS,
Frankie Vasquez,Brevard College,2025,72,185,,,Sr.,"Pembroke Pines, Fla.",Cooper City HS,
Tyson Hinkle,Brevard College,2025,73,150,,,So.,"Winston-Salem, N.C.",RJ Reynolds HS,
Connor Crosby,Brevard College,2025,75,205,,,Sr.,"Tampa, Fla.",St. Petersburg HS,
Cody Southern,Brevard College,2025,71,185,,,So.,"Greer, S.C.",Greer HS,
Christian Hobson,Brevard College,2025,73,200,,,Jr.,"Burtonsville, Md.",St. Vincent Pallotti HS (Montgomery),
Jack Weaver,Brevard College,2025,68,175,,,Sr.,"Salisbury, N.C.",South Rowan HS (Surry CC),
Adam Newcomb,Brevard College,2025,72,175,,,Fr.,"Charlotte, N.C.",Ardrey Kell HS,
Cale Oehler,Brevard College,2025,72,200,,,Sr.,"Concord, N.C.",Cox Mill HS,
Matthew Evans,Brevard College,2025,75,220,,,Jr.,"Yulee, Fla.",Yulee HS,
Braxton Mueller,Brevard College,2025,70,180,,,So.,"Fayetteville, Ga.",Whitewater HS,
Greg Simmons,Brevard College,2025,73,180,,,Jr.,"West End, N.C.",Apex Friendship HS,
Logan Racine,Brevard College,2025,73,190,,,Fr.,"Alpharetta, Ga.",Alpharetta HS,
Alex Dial,Brevard College,2025,72,175,,,Sr.,"Goose Creek, S.C.",Goose Creek HS (St. Andrews),
Jaeger Pankowski,Brevard College,2025,68,165,,,So.,"Fort Mill, S.C.",Fort Mill HS,
Clay Davis,Brevard College,2025,74,190,,,Fr.,"Murphy, N.C.",Hiwassee Dam HS,
Baylor Wyatt,Brevard College,2025,73,225,,,Sr.,"Gastonia, N.C.",Ashbrook HS,
Patrick Usher,Brevard College,2025,71,190,,,Gr.,"Starmount, N.C.","Starmount HS (Tusculum, Caldwell CC)",
Brayden Grimes,Brevard College,2025,70,250,,,Fr.,"Dayton, Tenn.",Sale Creek HS,
Gavin McCoy,Brevard College,2025,72,275,,,Jr.,"Sylva, N.C.",Smoky Mountain HS,
Craig Vacher,Brevard College,2025,72,265,,,So.,"Creedmoor, N.C.",South Granville HS (Guilford),
Aaron Burchett,Brevard College,2025,73,190,,,So.,"Mooresville, N.C.",Mooresville HS,
Cole Penland,Brevard College,2025,72,180,,,So.,"Fletcher, N.C.",TC Roberson HS,
Cole Moebius,Brevard College,2025,69,190,,,Fr.,"Greensboro, N.C.",Ragsdale HS,
Cole Smith,Brevard College,2025,73,200,,,Fr.,"Charlotte, N.C.",Lake Norman Charter,
Juan Perez,Brevard College,2025,75,210,,,Jr.,"Kissimmee, Fla.",Victory Charter School,
Hatcher Bailey,Brevard College,2025,75,175,,,So.,"Griffin, Ga.",Spalding HS,
Colin Weathers,Brevard College,2025,72,180,,,Fr.,"Huntersville, N.C.",Lake Norman Charter,
Hunter Busque,Brevard College,2025,69,200,,,So.,"Clover, S.C.",Clover HS,
CP Pyle,Brevard College,2025,67,185,,,Sr.,"Salisbury, N.C.",Jesse C. Carson HS (Caldwell CC),
Andrew Bernard,Brevard College,2025,69,185,,,Fr.,"Norcross, Ga.",Norcross HS,
Jackson Mix,Brevard College,2025,70,165,,,Sr.,"Gray, Ga.",Jones County HS (Southern Wesleyan),
Cam Townsend,Brevard College,2025,71,130,,,Fr.,"Anderson, S.C.",TL Hannah HS,
Owen Timmerman,Brevard College,2025,70,170,,,Fr.,"Columbia, S.C.",Dreher HS,
Michael Geary,Brevard College,2025,71,160,,,Fr.,"Hopewell Junction, N.Y.",John Jay HS,
Jacob Wilde,Brevard College,2025,75,165,,,Fr.,"Mills River, N.C.",Christ School,
Chase Dorsey,Brevard College,2025,72,195,,,Fr.,"Charlotte, N.C.",Ardrey Kell HS,
Kaleb James,Brevard College,2025,73,180,,,Fr.,"Pike County, Ga.",Pike County HS,
Kaden Tuten,Brevard College,2025,74,170,,,So.,"Savannah, Ga.",Benedictine Military School,
Kalen Milstead,Brevard College,2025,73,180,,,So.,"Johns Creek, Ga.",Johns Creek HS,
Lou Fujiwara,British Columbia,2025,70,175,R,R,3,"Tokyo, Japan",JSerra Catholic,Orange Coast College
Sam Byers,British Columbia,2025,71,185,,,1,"Ottawa, Ont.",,
Josh Cote,British Columbia,2025,74,210,R,R,4,"Midland, Ont.",St. Theresa's Midland,University of Toledo
Jaden Lamothe,British Columbia,2025,72,195,R,R,3,"Langley, B.C.",,Parkland Community College
Kaden Douglas-Pluff,British Columbia,2025,70,185,L,L,1,"North Vancouver, B.C.",Seycove Secondary,Okanagan College
Oliver Clements,British Columbia,2025,73,200,R,R,1,"Vancouver, B.C.",Vancouver College,
Ryan Stephian,British Columbia,2025,71,170,R,R,1,"Hamilton, Ont.",Sherwood Secondary,
Oliver Duthie,British Columbia,2025,73,175,L,L,4,"Dubai, U.A.E.",Dubai College,
Matt Vrlak,British Columbia,2025,67,165,R,R,1,"Vancouver, B.C.",West Point Grey Academy,
Otis Pritchett,British Columbia,2025,75,215,R,R,1,"Vancouver, B.C.",,
Kenny Scott,British Columbia,2025,69,175,R,R,3,"Delta, B.C.",,
Kellen Bourne,British Columbia,2025,76,220,L,R,4,"Calgary, Alta.",,
Matt Vanslyke,British Columbia,2025,73,200,R,R,2,"Whitby, Ont.",Henry Street,Mineral Area College
Finley McConnell,British Columbia,2025,75,200,L,R,1,"Delta, B.C.",South Delta Secondary,
Braeden Scott,British Columbia,2025,74,190,L,R,1,"Vancouver, B.C.",Vancouver College,
Kyle Yip,British Columbia,2025,71,195,R,R,3,"Calgary, Alta.",,
Jordan Stewart,British Columbia,2025,73,180,L,R,1,"Vancouver, B.C.",,
Dylan Myttenar,British Columbia,2025,73,175,L,L,3,"Vancouver, B.C.",,
Daniel Orfaly,British Columbia,2025,72,185,R,R,4,"White Rock, B.C.",,
Myles Chamberlain,British Columbia,2025,74,190,R,R,3,"Victoria, B.C.",Lambrick Park Secondary,Cloud County Community College
Calvin Warrillow,British Columbia,2025,76,190,R,R,3,"Toronto, Ont.",Greenwood High School,Dodge City Community College
Ian Roberts,British Columbia,2025,75,185,R,R,1,"Burlington, Ont.",Corpus Christi Catholic Secondary,
Stephen Waters,British Columbia,2025,71,195,R,R,2,"Toronto, Ont.",,
Marcus Janovsky,British Columbia,2025,72,200,R,R,1,"Surrey, B.C.",,
Owen McConnell,British Columbia,2025,69,185,R,R,2,"Vancouver, B.C.",,
Scotty Langley,British Columbia,2025,75,190,R,R,1,"Vancouver, B.C.",,
Linden Happell,British Columbia,2025,74,170,R,R,1,"Maple Ridge, B.C.",Maple Ridge High School,
Dylan Nerlich,British Columbia,2025,71,180,R,R,1,"Toronto, Ont.",St. Michael's College,
Will Anderson,British Columbia,2025,73,205,L,L,3,"Delta, B.C.",,
David Krahn,British Columbia,2025,70,175,R,R,2,"Langley, B.C.",,
Lukas Kaufmann,British Columbia,2025,72,200,L,L,1,"Regina, Sask.",Martin Academy,
Lucas Huynh,British Columbia,2025,75,237,R,R,2,"Vancouver, B.C.",,
Armaan Drar,British Columbia,2025,73,180,R,R,3,"North Vancouver, B.C.",Argyle Secondary,Southwestern Oregon Community College
Kansai Sugimoto,British Columbia,2025,74,235,L,L,3,"Kyoto, Japan",,Yavapai College
Jackson Boomer,British Columbia,2025,72,175,R,R,3,"Vancouver, B.C.",,
Liam Hamel,British Columbia,2025,72,180,R,R,1,"Burlington, Ont.",Hillfield Strathallan College,
Mason Chien,British Columbia,2025,74,200,R,R,1,"Langley, B.C.",Johnston Heights,UFV Cascades
Oscar Moy,British Columbia,2025,70,160,R,R,1,"Vancouver, B.C.",Kitsilano Secondary,
James Brock,British Columbia,2025,71,195,R,R,4,"Burnaby, B.C.",,
Liam Chamberlain,Bryant,2025,76,205,,,Jr.,"Farmington, Conn.",Farmington (UConn Avery Point),
Matt D'Amato,Bryant,2025,69,170,,,Gr.,"Midland Park, N.J.",Bergen Catholic (Salve Regina),
Hunter Kingsbury,Bryant,2025,74,185,,,Fr.,"Newbury, Mass.",Governor's Academy,
Shea Grady,Bryant,2025,71,170,,,So.,"Cranford, N.J.",Cranford,
Zac Zyons,Bryant,2025,70,175,,,R-Jr.,"South Kingstown, R.I.",South Kingstown,
Michael Belcher,Bryant,2025,71,185,,,Fr.,"Prospect, Conn.",Woodland Regional,
Eliot Medlock,Bryant,2025,71,180,,,Fr.,"Merrimack, N.H.",Merrimack,
Gavin Greger,Bryant,2025,72,190,,,R-So.,"Bristol, Conn.",Avon Old Farms (UConn),
Drew Wyers,Bryant,2025,74,200,,,Jr.,"Columbus, N.J.",Northern Burlington County Regional (Manhattan),
Cam Papetti,Bryant,2025,74,205,,,Fr.,"Grafton, Mass.",Worcester Academy,
Trey Deitelbaum,Bryant,2025,70,200,,,So.,"Milford, Conn.",Foran,
Jared Burrows,Bryant,2025,72,190,,,Gr.,"Waterford, Conn.",Waterford (Hartford),
Brooks Ey,Bryant,2025,74,205,,,Gr.,"Catonsville, Md.",Central (Indiana),
Ryan Santangelo,Bryant,2025,72,220,,,Sr.,"Oxford, Pa.",Oxford Area (Northampton CC),
Justin Hackett,Bryant,2025,73,185,,,Jr.,"Wallingford, Conn.",Lyman Hall,
Jacob Gaudreau,Bryant,2025,69,190,,,Sr.,"Burrillville, R.I.",La Salle Academy,
Ty Davis,Bryant,2025,74,196,,,Fr.,"Bristol, Conn.",Bristol Central,
Greg Gorman,Bryant,2025,76,225,,,Jr.,"Westerly, R.I.",Westerly,
Alex Slotter,Bryant,2025,78,250,,,Gr.,"Ellington, Conn.",Ellington (RIT),
Charlie Saul,Bryant,2025,73,205,,,R-Fr.,"River Vale, N.J.",Pascack Valley,
Sean Clifford,Bryant,2025,73,185,,,Fr.,"Woonsocket, R.I.",Lincoln,
Clay Robbins,Bryant,2025,74,200,,,Sr.,"Auburn, Maine",Edward Little (Southern Maine),
Jack Pletter,Bryant,2025,74,205,,,Gr.,"Orange, Conn.",Amity Regional (Colby),
Evan Blake,Bryant,2025,73,200,,,So.,"Pittsfield, Mass.",Taconic,
Gavin Noriega,Bryant,2025,69,190,,,Gr.,"Bronx, N.Y.",Salesian (Marist),
Toby Scheidt,Bryant,2025,72,175,,,Jr.,"Columbia, Mo.",Rock Bridge,
Dylan Scudder,Bryant,2025,79,260,,,Jr.,"Simsbury, Conn.",Simsbury (Eastern Connecticut),
Brandyn Durand,Bryant,2025,75,225,,,Jr.,"Somerset, Mass.",Bishop Hendricken (Chipola CC),
Aleksei Goldhill,Bryant,2025,72,170,,,Sr.,"New York, N.Y.",IMG Academy (Palm Beach State),
Owen Birchard,Bryant,2025,71,195,,,Fr.,"Auburn, N.Y.",Auburn,
Luke Delongchamp,Bryant,2025,73,190,,,Sr.,"Holden, Mass.",St. Peter Marian Central (Boston College),
Zach Davis,Bryant,2025,77,225,,,Fr.,"Colchester, Vt.",Colchester,
Jackson Vanesko,Bryant,2025,76,205,,,Sr.,"Ocean City, N.J.",St. Augustine Prep,
Alejandro Vazquez,Bryant,2025,72,180,,,Fr.,"Parkland, Fla.",ESB Academy,
Sean Zaslaw,Bryant,2025,72,195,,,So.,"Weymouth, Mass.",Weymouth,
Bradley Lewis,Bryant,2025,70,170,,,Sr.,"Greer, S.C.",James L. Mann,
Pat D'Amico,Bryant,2025,73,185,,,Sr.,"Lynnfield, Mass.",St. John's Prep (Seton Hall),
Billy Mulholland,Bryant,2025,73,225,,,So.,"Montvale, N.J.",Pascack Hills,
Landon White,Bryant,2025,78,190,,,Jr.,"Wallingford, Conn.",Choate Rosemary Hall (Ithaca),
Thomas Maher,Bryant,2025,72,190,,,So.,"Nanuet, N.Y.",Don Bosco Prep,
Kyle Rizy,Bryant,2025,80,235,,,Sr.,"Fiskdale, Mass.",Worcester Academy,
Mark Scamardella,Bryant,2025,73,205,,,Gr.,"Staten Island, N.Y.",Xaverian,
Kaden Hilburger,Bryant,2025,72,185,,,Jr.,"Yorktown, Va.",Tabb,
Matt Alexander,Bucknell,2025,68,180,B,R,Sr.,"Syracuse, N.Y.",,
Andrew Swenson,Bucknell,2025,69,165,R,R,So.,"Enola, Pa.",,
Michael Chiaravallo,Bucknell,2025,72,190,R,R,So.,"Cream Ridge, N.J.",,
Deacon Bowne,Bucknell,2025,71,185,R,R,Fr.,"Hamilton Square, N.J.",,
Lleyton Coupe,Bucknell,2025,74,195,L,R,Fr.,"Phoenixville, Pa.",,
Luke Nascimento,Bucknell,2025,72,195,R,R,So.,"Scarsdale, N.Y.",,
Billy Kender,Bucknell,2025,72,195,R,R,Sr.,"Bellmore, N.Y.",,
Mikey Myro,Bucknell,2025,72,185,R,R,Jr.,"Orwigsburg, Pa.",,
Chris Morabito,Bucknell,2025,72,170,L,R,So.,"McLean, Va.",,
Billy Fluharty,Bucknell,2025,71,165,R,R,So.,"Fredericksburg, Va.",,
Ryan Facinelli,Bucknell,2025,71,180,R,R,Jr.,"Whitehouse Station, N.J.",,
Brady Karp,Bucknell,2025,71,185,R,R,Sr.,"Bedford, N.Y.",,
Jaxon Beiswenger,Bucknell,2025,76,190,R,R,Fr.,"Fargo, N.D.",,
Tyler Dunn,Bucknell,2025,72,185,L,L,Sr.,"Boiling Springs, Pa.",,
Dante Pavone,Bucknell,2025,76,190,R,R,So.,"Hopkinton, Mass.",,
Jonathan Adelmann,Bucknell,2025,79,235,R,R,So.,"Mt. Laurel, N.J.",,
Nick Mulvey,Bucknell,2025,71,185,R,L,Sr.,"Mount Pleasant, N.Y.",,
Garrison Bullock,Bucknell,2025,74,215,R,R,Jr.,"Concord, N.C.",,
AJ Murray,Bucknell,2025,73,195,L,R,Fr.,"Arlington, Va.",,
Jake Schultz,Bucknell,2025,73,195,R,R,So.,"Exton, Pa.",,
Ethan Firestein,Bucknell,2025,72,185,R,R,Jr.,"Hollywood, Fla.",,
Tyler O'Neill,Bucknell,2025,72,195,R,R,Sr.,"Bellmore, N.Y.",,
Everett Garber,Bucknell,2025,75,195,R,R,Fr.,"New York, N.Y.",,
Dylan Radtke,Bucknell,2025,71,185,R,R,So.,"Pompano Beach, Fla.",,
Brady Swenson,Bucknell,2025,74,200,L,L,Sr.,"Enola, Pa.",,
Jack O'Malley,Bucknell,2025,80,235,R,R,So.,"Irvine, Calif.",,
Frankie Bilecki,Bucknell,2025,74,190,L,L,Fr.,"Chicago, Ill.",,
Kobe Julks,Bucknell,2025,76,210,R,R,Jr.,"Chatham, Mass.",,
Tyler Hawkins,Bucknell,2025,76,195,R,R,Fr.,"Santa Ana, Calif.",,
Ben Magovern,Bucknell,2025,74,205,L,L,Sr.,"Reading, Pa.",,
Michael Trommer,Bucknell,2025,74,190,L,R,Jr.,"Trevose, Pa.",,
Ryan DeLaney,Bucknell,2025,73,200,L,L,Jr.,"Danville, Calif.",,
Samuel Janik,Bucknell,2025,71,185,R,R,Fr.,"State College, Pa.",,
John Calabrese,Bucknell,2025,70,175,L,L,Fr.,"Staten Island, N.Y.",,
Bryce Mitchell,Bucknell,2025,72,180,R,R,Fr.,"Damascus, Md.",,
Reed Muir,Bucknell,2025,75,180,R,R,Fr.,"Ann Arbor, Mich.",,
Hadley Maxwell,Bucknell,2025,75,200,R,R,Jr.,"Nashville, Tenn.",,
Roch Cholowsky,CLA_CLA,2025,74,200,R,R,So.,"Chandler, Ariz.",Hamilton HS,
Cody Delvecchio,CLA_CLA,2025,70,180,R,R,Jr.,"San Marcos, Calif.",Mission Hills HS,
Phoenix Call,CLA_CLA,2025,72,190,R,R,So.,"Porter Ranch, Calif.",Calabasas HS,
Aidan Espinoza,CLA_CLA,2025,71,190,L,L,R-Fr.,"Huntington Beach, Calif.",Huntington Beach HS,
Grant Gray,CLA_CLA,2025,76,205,R,R,R-Fr.,"Norco, Calif.",Norco HS,
Roman Martin,CLA_CLA,2025,74,200,R,R,So.,"Whittier, Calif.",Servite HS,
Kasen Khansarinia,CLA_CLA,2025,74,195,R,R,Fr.,"Chino Hills, Calif.",San Dimas HS,
Cameron Kim,CLA_CLA,2025,75,205,R,R,So.,"Jurupa Valley, Calif.",Norco HS,
Ian May,CLA_CLA,2025,74,185,R,L,R-Jr.,"Laguna Niguel, Calif.",California,
Payton Brennan,CLA_CLA,2025,75,200,L,R,R-So.,"Rocklin, Calif.",Rocklin HS,
Landon Stump,CLA_CLA,2025,75,195,R,R,So.,"Morgan Hill, Calif.",Live Oak HS,
Jarrod Hocking,CLA_CLA,2025,69,175,R,R,Jr.,"Anaheim Hills, Calif.",Servite HS,
Jack O'Connor,CLA_CLA,2025,75,215,R,R,Jr.,"Palos Verdes, Calif.",Palos Verdes HS,
Wylan Moss,CLA_CLA,2025,75,185,R,R,Fr.,"Tustin, Calif.",Mater Dei HS,
David Mysza,CLA_CLA,2025,70,180,L,R,Fr.,"Sierra Madre, Calif.",La Salle HS,
Justin Lee,CLA_CLA,2025,75,210,R,R,So.,"Los Angeles, Calif.",Notre Dame HS,
Josh Alger,CLA_CLA,2025,75,230,R,R,R-Jr.,"Roseville, Calif.",Roseville HS,
AJ Salgado,CLA_CLA,2025,75,220,L,R,R-Sr.,"Glendora, Calif.",Cal State LA,
CJ Bott,CLA_CLA,2025,74,190,R,R,Fr.,"Scottsdale, Ariz.",Notre Dame Prep HS,
Rex Solle,CLA_CLA,2025,71,185,R,R,Fr.,"Ross, Calif.",Redwood HS,
Easton Hawk,CLA_CLA,2025,75,205,R,R,Fr.,"Granada Hills, Calif.",Granada Hills HS,
Cal Randall,CLA_CLA,2025,76,210,R,R,So.,"Discovery Bay, Calif.",De La Salle HS,
Finn McIlroy,CLA_CLA,2025,78,220,R,R,Jr.,"Carlsbad, Calif.",Carlsbad HS,
August Souza,CLA_CLA,2025,74,205,R,R,Gr.,"Reno, Nev.",Santa Clara,
Chris Aldrich,CLA_CLA,2025,74,195,R,R,R-Sr.,"Oak Park, Calif.",Notre Dame HS,
James Hepp,CLA_CLA,2025,79,235,R,R,R-Jr.,"Santa Clarita, Calif.",West Ranch HS,
Blake Balsz,CLA_CLA,2025,70,195,L,R,So.,"Rancho Santa Margarita, Calif.",Santa Margarita HS,
Luke Rodriguez,CLA_CLA,2025,76,205,R,R,So.,"Shafter, Calif.",Frontier HS,
Logan de Groot,CLA_CLA,2025,75,210,R,R,Fr.,"Coto de Caza, Calif.",Tulare Western HS,
Dean West,CLA_CLA,2025,70,180,L,R,So.,"Woodland Hills, Calif.",Notre Dame HS,
Will Goldberg,CLA_CLA,2025,73,185,L,L,R-So.,"Flossmoor, Ill.",Homewood-Flossmoor HS,
Justin Cuellar,CLA_CLA,2025,74,210,L,L,Fr.,"Tulare, Calif.",Tulare Western HS,
Mulivai Levu,CLA_CLA,2025,73,205,L,R,So.,"Huntington Beach, Calif.",Ocean View HS,
Cashel Dugger,CLA_CLA,2025,74,200,L,R,So.,"Castle Pines, Colo.",Valor Christian HS,
Kaena Kiakona,CLA_CLA,2025,74,180,L,L,So.,"Kailua, Hawaii",Kamehameha Kapalama HS,
Toussaint Bythewood,CLA_CLA,2025,74,195,R,R,Jr.,"Encino, Calif.",Harvard-Westlake School,
Chris Grothues,CLA_CLA,2025,75,210,L,L,R-So.,"Anaheim Hills, Calif.",Servite HS,
Nate Leibold,CLA_CLA,2025,75,210,R,R,R-Jr.,"Seattle, Wash.",Ballard HS,
Ryan Rissas,CLA_CLA,2025,75,205,L,L,Gr.,"San Ramon, Calif.",UC San Diego,
Michael Barnett,CLA_CLA,2025,76,220,R,R,Jr.,"Lafayette, Calif.",College Park HS,
Casey Murray Jr.,Cal Poly,2025,74,190,R,R,Sr.,"Perris, CA",Orange Vista HS (Riverside City College),
Jake Downing,Cal Poly,2025,70,175,L,R,Fr.,"Redwood City, CA",Serra HS,
Dylan Kordic,Cal Poly,2025,75,200,L,R,Sr.,"San Pedro, CA",San Pedro HS (Golden West College),
Alejandro Garza,Cal Poly,2025,69,165,R,R,So.,"Bakersfield, CA",Highland HS,
Tanner Sagouspe,Cal Poly,2025,72,200,R,R,R-Jr.,"Madera, CA",San Joaquin Memorial HS,
Nate Castellon,Cal Poly,2025,69,170,R,R,Fr.,"Woodland Hills, CA",Calabasas HS,
Ryan Fenn,Cal Poly,2025,70,165,R,R,R-Sr.,"El Cajon, CA",Granite Hills HS (Cuesta College),
Wyatt King,Cal Poly,2025,69,180,R,R,Jr.,"San Mateo, CA",St. Francis HS,
Dante Vachini,Cal Poly,2025,75,210,L,R,Fr.,"Cotati, CA",Petaluma HS,
Zach Daudet,Cal Poly,2025,75,200,R,R,Sr.,San Diego CA,Clairemont HS (Regis University),
Cam Hoiland,Cal Poly,2025,74,200,L,L,Sr.,"Renton, WA",Kentridge HS (Bellevue College),
Mack Higuchi,Cal Poly,2025,70,190,R,R,Sr.,"Aiea, HI",Mid-Pacific Institute (Feather River Community College),
Braxton Thomas,Cal Poly,2025,74,220,L,L,So.,"Patterson, CA",Central Catholic HS,
Chris Downs,Cal Poly,2025,79,215,R,L,So.,"Santa Clarita, CA",Hart HS,
Xander McLaurin,Cal Poly,2025,72,195,R,R,Jr.,"Long Beach, CA",Wilson HS (Long Beach City College),
Dylan Knowles,Cal Poly,2025,73,185,S,R,R-Jr.,Manhattan Beach CA,Mira Costa HS (El Camino College),
Erik Kvidahl,Cal Poly,2025,77,225,R,R,Jr.,"Napa, CA",Vintage HS (College of Marin),
Josh Morano,Cal Poly,2025,76,205,L,L,So.,"Livermore, CA",Granada HS (University of Arizona),
Jack Collins,Cal Poly,2025,72,180,R,R,Jr.,"Ladera Ranch, CA",Santa Margarita HS (Long Beach State),
Griffin Naess,Cal Poly,2025,78,185,R,R,So.,"Laguna Beach, CA",Laguna Beach HS,
Henry McDonald,Cal Poly,2025,74,200,R,R,Fr.,"South Pasadena, CA",Pasadena Poly HS,
Luke Kovach,Cal Poly,2025,73,170,L,L,R-Jr.,"Lompoc, CA",Cabrillo HS (Allan Hancock College),
Carson Turnquist,Cal Poly,2025,77,235,R,R,R-So.,Paso Robles CA,Paso Robles HS (Oklahoma),
Reece Bueno,Cal Poly,2025,72,185,R,R,So.,Visalia CA,Redwood HS,
Kurt Felix,Cal Poly,2025,75,220,R,R,Fr.,"Mesquite, NV",Virgin Valley HS,
Jake Torres,Cal Poly,2025,71,185,L,L,R-Sr.,Fair Oaks CA,Bella Vista HS (Sierra College),
Quincy Winkler,Cal Poly,2025,80,225,R,R,Fr.,"Templeton, CA",Templeton HS,
Paul Montgomery,Cal Poly,2025,76,215,R,R,So.,"San Jose, CA",Bellarmine Prep,
Ethan Marmie,Cal Poly,2025,79,225,R,R,So.,"Morgan Hill, CA",Ann Sobrato HS,
Vinnie Van der Wel,Cal Poly,2025,74,210,L,R,Fr.,"Woodland Hills, CA",Chaminade HS,
Vaughn Major,Cal Poly,2025,75,175,R,R,R-Fr.,"La Mesa, CA",Christian HS (UC Santa Barbara),
Henry Souza,Cal Poly,2025,70,180,R,L,Fr.,"Lafayette, CA",Acalanes HS,
Charlie Royle,Cal Poly,2025,74,190,R,R,Jr.,"Long Beach, CA",Wilson HS,
Josh Volmerding,Cal Poly,2025,76,195,L,L,So.,"Santa Rosa, CA",Maria Carrillo Pumas,
Caden Pearlman,Cal Poly,2025,75,190,L,L,So.,"San Diego, CA",La Costa Canyon HS,
Luke Kalfsbeek,Cal Poly,2025,75,190,L,L,Fr.,"Arbuckle, CA",Colusa HS,
Troy Cooper,Cal Poly,2025,74,205,R,R,Fr.,"Stevenson Ranch, CA",Hart HS,
Nick Gimino,Cal Poly,2025,70,185,R,R,Fr.,"Corvallis, OR",Crescent Valley HS,
Andrew Rivera,Cal State Northridge,2025,45,,,,Rs.,"San Fernando Valley, CA",,
Brandon Leon,Cal State Northridge,2025,72,158,L,L,R-So.,"La Quinta, CA",La Quinta HS,
Cameron Calvillo,Cal State Northridge,2025,70,190,R,R,Jr.,"Castro Valley, CA",Gonzaga,
Will Linberg,Cal State Northridge,2025,74,185,L,L,Jr.,"Sacramento, CA",Ohlone College,
Jon Mocherman,Cal State Northridge,2025,71,185,L,L,R-Jr.,"Phelan, CA",Riverside CIty College,
Hayden Hall,Cal State Northridge,2025,71,175,R,R,Jr.,"Elk Grove, CA",Monterey Peninsula College,
Xavier Rios,Cal State Northridge,2025,74,195,R,R,R-Fr.,"Castro Valley, CA",Moreau Catholic HS,
Bren Wilkinson,Cal State Northridge,2025,70,180,R,R,Jr.,"Long Beach, CA",Cypress HS,
Andrew Gauna,Cal State Northridge,2025,76,205,R,R,Sr.,"San Diego, CA",San Diego Mesa College,
Matthew Pena,Cal State Northridge,2025,72,220,L,L,So.,"Hollister, CA",San Benito HS,
Trent Abel,Cal State Northridge,2025,71,170,R,R,So.,"San Diego, CA",Rancho Bernardo HS,
Diego Gutierrez,Cal State Northridge,2025,74,180,R,R,R-Jr.,"Norwalk, CA",Lakewood HS,
Jehee Lee,Cal State Northridge,2025,70,185,R,R,So.,"San Diego, CA",Rancho Bernardo HS,
Kyle Panganiban,Cal State Northridge,2025,71,175,R,R,R-Fr.,"Cerritos, CA",Gahr HS,
Jarren Sanderson,Cal State Northridge,2025,78,220,R,R,So.,"Torrance, CA",Junipero Serra HS,
Noah Rinehart,Cal State Northridge,2025,74,195,R,R,Jr.,"Rancho Cucamonga, CA",Sacramento State,
Max Mendes,Cal State Northridge,2025,72,196,R,R,Fr.,"Fresno, CA",San Joaquin Memorial HS,
Nicholas Santivanez,Cal State Northridge,2025,75,185,L,R,Fr.,"Orange, CA",El Modena HS,
Destin Allen-Fox,Cal State Northridge,2025,71,174,L,L,So.,"Alpine, CA",Santana HS,
Matthew Kurata,Cal State Northridge,2025,69,195,R,R,Sr.,"Cerritos, CA",Cal State Bakersfield,
Elijah Fairchild,Cal State Northridge,2025,70,175,L,R,So.,"Berkeley, CA",Skyline College,
Tyler Mejia,Cal State Northridge,2025,75,195,L,L,Jr.,"Castle Rock, CO",Oregon State,
Andrew Becker,Cal State Northridge,2025,73,175,L,L,Fr.,"Solana Beach, CA",Canyon Crest Academy,
Angel Cortez,Cal State Northridge,2025,70,200,R,R,So.,"Lynwood, CA",San Diego,
Colton Boardman,Cal State Northridge,2025,69,168,L,R,Fr.,"Las Vegas, NV",Bishop Gorman HS,
Gabriel Hernandez,Cal State Northridge,2025,70,175,R,R,So.,"Barstow, CA",Barstow HS,
Dante Zamudio,Cal State Northridge,2025,73,190,R,R,Sr.,"Sylmar, CA",UC Irvine,
Kody King,Cal State Northridge,2025,75,200,L,L,Fr.,"San Dimas, CA",San Dimas HS,
Calix Armijo,Cal State Northridge,2025,70,205,R,R,Jr.,"Redondo Beach, CA",Cerritos College,
Logan Miller,Cal State Northridge,2025,76,200,R,R,So.,"Boise, ID",Linn-Benton CC,
Blake Ignaciak,Cal State Northridge,2025,75,210,R,R,Sr.,"Oceanside, CA",Palomar College,
Jason Davis,Cal State Northridge,2025,77,220,R,R,Jr.,"Torrance, CA",El Camino College,
"Royce Clayton, Jr.",Cal State Northridge,2025,70,170,R,R,Jr.,"Westlake Village, CA",Los Angeles Valley College,
Roberto Gonzalez,Cal State Northridge,2025,67,156,L,R,Sr.,"Imperial, CA",Imperial Valley College,
Jesus Liera,Cal State Northridge,2025,70,200,R,R,Sr.,"Guasave, Sinaloa, Mexico",Sonora Institute of Technology,
Ryan Halamicek,Cal State Northridge,2025,76,220,L,R,So.,"Yucaipa, CA",Redlands East Valley HS,
Jackson Banuelos,Cal State Northridge,2025,71,175,L,L,Fr.,"Canyon Country, CA",West Ranch HS,
Jarren Advincula,California,2025,71,200,L,R,So.,"Santa Clara, Calif.",Archbishop Mitty HS,
Cade Campbell,California,2025,73,185,R,R,Jr.,"Lodi, Calif.",Tokay HS,
Seth Gwynn,California,2025,72,200,R,R,Sr.,"Concord, Calif.",Clayton Valley Charter HS,Los Medanos College
Max Handron,California,2025,71,185,L,R,R-Sr.,"Glenn Ellen, Calif.",Sonoma Valley HS,Santa Rosa Junior College
Austin Turkington,California,2025,73,210,R,R,Jr.,"Los Gatos, Calif.",Bellarmine College Preparatory,
Ethan Kodama,California,2025,74,185,L,R,R-Fr.,"West Hills, Calif.",Crespi HS,
Carl Schmidt,California,2025,71,185,R,R,R-Fr.,"Petaluma, Calif.",Marin Catholic HS,Texas A&M
Nico Button,California,2025,70,190,L,R,Sr.,"San Mateo, Calif.",Junipero Serra HS,
PJ Moutzouridis,California,2025,73,185,R,R,So.,"San Jose, Calif.",Valley Christian HS,
Elijah Clayton,California,2025,70,180,R,R,Fr.,"Westlake Village, Calif.",Oaks Christian HS,
Jacob French,California,2025,73,205,L,R,So.,"Benicia, Calif.",Benicia HS,San Francisco State
Tucker Bougie,California,2025,75,225,L,R,Sr.,"Mill Valley, Calif.",Tamalpais HS,
Ryan Tayman,California,2025,75,210,R,R,So.,"Grover Beach, Calif.",Arroyo Grande HS,
Jeff Hoffman,California,2025,75,230,R,R,R-Sr.,"Salida, Calif.",Gregori HS,Willamette
Ryan Spalliero,California,2025,72,180,R,R,Jr.,"Fresno, Calif.",Central HS,Central Arizona College / Saint Mary's College
Lucas Alaniz,California,2025,74,200,R,R,Sr.,"Waterford, Calif.",Hughson HS,Modesto Junior College
Alex Birge,California,2025,72,205,L,R,R-Jr.,"Olathe, Kan.",Olathe West HS,Wichita State
Jack Johnston,California,2025,71,195,R,R,Sr.,"Del Mar, Calif.",Torrey Pines HS,
JJ Hollis,California,2025,76,225,R,R,So.,"Laguna Niguel, Calif.",JSerra Catholic HS,UC Santa Barbara
Ryan Limerick,California,2025,73,200,L,L,R-Fr.,"Studio City, Calif.",Notre Dame HS,
Kaden Taque,California,2025,73,215,L,R,So.,"Porter Ranch, Calif.",Birmingham Community Charter HS,
Joey Donnelly,California,2025,74,210,L,R,Sr.,"Alamo, Calif.",De La Salle HS,
Cole Tremain,California,2025,73,200,R,R,Sr.,"Folsom, Calif.",Vista Del Lago HS,Baylor / Folsom Lake College / Sacramento State
Miles Tenscher,California,2025,73,200,R,R,Fr.,"Yountville, Calif.",Vintage HS,
Jake Lavin,California,2025,72,195,L,R,Fr.,"Laguna Beach, Calif.",Santa Margarita Catholic HS,
Kalen Applefield,California,2025,73,205,B,R,Fr.,"Carlsbad, Calif.",La Costa Canyon HS,
JM Harduvel,California,2025,78,235,L,R,R-Fr.,"Huntington Beach, Calif.",Mater Dei HS,
Cole Clark,California,2025,70,185,R,R,Jr.,"Burbank, Calif.",Notre Dame HS,Los Angeles Valley College
Jake Guardiancic,California,2025,77,225,R,R,Sr.,"Brentwood, Calif.",Heritage HS,Delta College / Los Medanos College
Matthew Thomas,California,2025,75,210,R,R,So.,"Garden Grove, Calif.",Cypress HS,
Dominic Smaldino,California,2025,78,230,R,R,So.,"Ladera Ranch, Calif.",JSerra Catholic HS,
Max Murray,California,2025,72,195,R,R,Fr.,"San Diego, Calif.",Coronado HS,
Jordy Lopez,California,2025,70,175,L,L,Fr.,"Elk Grove, Calif.",Franklin HS,
Kyle Connelly,California,2025,70,220,R,R,Fr.,"Oakley, Calif.",Clayton Valley Charter HS,
Gavin Eddy,California,2025,77,225,R,R,R-Fr.,"Claremont, Calif.",Damien HS,
Ethan Foley,California,2025,75,220,R,R,So.,"Lancaster, Calif.",Eastside HS,Ohlone College
David Shaw,California,2025,79,205,L,L,Sr.,"Houston, Texas",Kinkaid HS,Texas/Rice
Quinn Larson,California,2025,77,225,R,R,So.,"Gilroy, Calif.",Gilroy HS,
Logan Piper,California,2025,71,190,L,L,Sr.,"Vacaville, Calif.",Vacaville HS,Sacramento City College
Oliver de la Torre,California,2025,76,225,R,R,So.,"Pleasanton, Calif.",Amador Valley HS,
Spencer Dessart,California,2025,74,190,R,R,Jr.,"Bronxville, New York",Suffield Academy,Washington / Middlebury
Jason Nuttridge,California PA,2025,71,155,R,R,So.,"Bethel Park, Pa.",Bethel Park,
Adam Crawford,California PA,2025,74,200,L,L,Sr.,"Imperial, Pa.",West Allegheny,
Roman Gill,California PA,2025,75,230,R,R,R-Jr.,"Aliquippa, Pa.",Hopewell,
Cole Fleck,California PA,2025,74,205,R,R,R-Fr.,"McKees Rocks, Pa.",Montour,
Michael Valente,California PA,2025,72,170,R,R,Jr.,"Wallingford, Pa.",Strath Haven,
Peyton Ford,California PA,2025,69,170,R,R,Fr.,"Wexford, Pa.",Pine-Richland,
Ryan Callahan,California PA,2025,74,225,R,R,Sr.,"Bexley, Ohio",Bexley,
Santino Marra,California PA,2025,71,185,R,R,Sr.,"Uniontown, Pa.",Laurel Highlands,
Adam Hess,California PA,2025,71,215,R,R,Fr.,"Greensburg, Pa.",Hempfield,
James Salvatori,California PA,2025,72,180,R,R,Sr.,"Wheeling, W.Va.",Wheeling Park,
Nathan Meeks,California PA,2025,72,200,R,R,Sr.,"New Castle, Pa.",Union,
Connor Evans,California PA,2025,78,205,R,R,Jr.,"Hermitage, Pa.",Hickory,
Josh Bryson,California PA,2025,75,220,R,R,So.,"Huntingdon, Pa.",Huntingdon,
Evan Ables,California PA,2025,77,225,R,R,So.,"Dayton, Ohio",Butler,
Coleman Fletcher,California PA,2025,75,200,L,L,Fr.,"Moon Twp., Pa.",Moon,
Noah Zadroga,California PA,2025,75,215,R,R,Jr.,"Irwin, Pa.",Hempfield,
Tyler Zallenick,California PA,2025,73,195,L,L,R-Fr.,"Oakdale, Pa.",Chartiers Valley,
Payton Conte,California PA,2025,76,205,R,R,Sr.,"California, Pa.",California,
Chad Helwich,California PA,2025,71,165,R,R,Fr.,"Pittsburgh, Pa.",Pittsburgh Science and Technology Academy,
Luke Treloar,California PA,2025,74,205,R,R,Jr.,"Delmont, Pa.",Franklin Regional,
AJ Verdi,California PA,2025,68,200,R,R,Fr.,"New Castle, Pa.",Mohawk,
Corey Kuszaj,California PA,2025,70,215,R,R,Fr.,"West Mifflin, Pa.",West Mifflin,
Colin Watson,California PA,2025,77,180,R,R,Fr.,"Pittsburgh, Pa.",Plum,
Caleb Collins,California PA,2025,73,195,R,R,So.,"Uniontown, Ohio",Lake,
Jackson Miller,California PA,2025,74,200,R,R,Sr.,"Uniontown, Pa.",Albert Gallatin,
Conor Carney,California PA,2025,71,190,L,R,Jr.,"Harmony, Pa.",Seneca Valley,
Lorenzo Glasser,California PA,2025,73,185,R,R,So.,"Monessen, Pa.",Ringgold,
Colin Patterson,California PA,2025,75,250,L,R,Jr.,"Butler, Pa.",Butler,
Nathan Holmes,California PA,2025,71,185,R,R,Jr.,"North Versailles, Pa.",East Allegheny,
Kyle Rizzo,California PA,2025,66,175,L,R,So.,"Willow Grove, Pa.",Upper Dublin,
Ryan Sluk,California PA,2025,69,180,L,L,So.,"Jefferson Hills, Pa.",Thomas Jefferson,
Conner McTighe,California PA,2025,70,185,R,R,So.,"Butler, Pa.",Butler,
Beau Bigam,California PA,2025,73,180,R,L,So.,"Connellsville, Pa.",Connellsville,
Ikon Jones,California PA,2025,69,165,L,L,So.,"Parkside, Pa.",Sun Valley,
Preston Lanagan,California PA,2025,68,165,R,L,Fr.,"Erie, Pa.",Harbor Creek,
Curtis Maier,California PA,2025,67,200,R,R,Fr.,"Geneva, Ohio",Geneva,
Ben Barr,California PA,2025,69,160,S,L,Fr.,"Pittsburgh, Pa.",North Hills,
Alex Arrigo,California PA,2025,68,190,L,L,R-Fr.,"Clinton, Pa.",South Side,
Jake Kramer,California PA,2025,75,230,R,R,Jr.,"Greensburg, Pa.",Hempfield,
Will Feser,California PA,2025,75,245,R,R,Fr.,"Hartville, Ohio",Lake,
Liam McElroy,California PA,2025,72,200,L,L,Fr.,"Butler, Pa.",Butler,
Ethan Minerva,California PA,2025,68,170,R,R,Fr.,"Greensburg, Pa.",Hempfield,
Jacob Stallsmith,California PA,2025,70,180,R,R,Fr.,"Saxonburg, Pa.",Knoch,
Mason Thomas,California PA,2025,76,190,R,R,Fr.,"Farmersville, Ohio",Valley View,
Levi Alderete,Caltech,2025,71,,,,Fr.,"Murrieta, Calif.",Murrieta Mesa,
Raymond Provost,Caltech,2025,64,,,,So.,"Floral Park, N.Y.",Regis,
Garrett Knuf,Caltech,2025,70,,,,Sr.,"Laguna Niguel, Calif.",Dana Hills,
Varun Gabbita,Caltech,2025,72,,,,Fr.,"Manalapan, Fla.",High Technology,
Arjun Pradhan,Caltech,2025,71,,,,So.,"Marietta, Ga.",The Westminster Schools,
William Minatel,Caltech,2025,70,,,,Fr.,"Brecksville, Ohio",Brecksville-Broadview Heights,
Edward Speer,Caltech,2025,70,,,,Sr.,"Austin, Texas",Leander,
Aditya Jain,Caltech,2025,70,,,,Fr.,"Santa Clara, Calif.",The Harker School,
Kenji Farrell,Caltech,2025,70,,,,Fr.,"Novi, Mich.",Detroit Country Day School,
Jack Fishel,Caltech,2025,73,,,,Sr.,"Baltimore, Md.",Boys' Latin School of Maryland,
Aidan Hamner,Caltech,2025,72,,,,Jr.,"Bettendorf, Iowa",Bettendorf,
Brendan Flaherty,Caltech,2025,75,,,,Jr.,"Narragansett, RI",Lake Forest Academy,
Joseph Pieper,Caltech,2025,74,,,,So.,"Palatine, Ill.",Palatine,
Cameron McNamee,Caltech,2025,75,,,,Sr.,"Great Falls, Mont.",Great Falls,
Ryan Wong,Caltech,2025,74,,,,Sr.,"Chicago, Ill.",Lane Tech College Prep,
Quinn Hartman,Caltech,2025,75,,,,Fr.,"Huntington Beach, Calif.",Marina,
Mark Hu,Caltech,2025,77,,,,Jr.,"San Jose, Calif.",The Harker School,
Sayuj Choudhari,Caltech,2025,71,,,,Jr.,"Buffalo Grove, Ill.",Adlai E. Stevenson,
Thorsen Kristufek,Caltech,2025,77,,,,Sr.,"McKinney, Texas",McKinney,
Jacob Alderete,Caltech,2025,72,,,,Jr.,"Murrieta, Calif.",Murrieta Mesa,
Kailen Hargenrader,Caltech,2025,73,,,,So.,"Bethesda, Md.",The Maret School,
Lucas Favretto,Caltech,2025,70,,,,Fr.,"Pasadena, Calif.",St. Francis,
Jack Bernhardt,Caltech,2025,69,,,,So.,"Littleton, Colo.",Columbine,
Joe Simpson,Campbell,2025,75,195,,,R-Jr.,"Clinton, Iowa",Clinton River HS,Kirkwood Community College
Dalen Thompson,Campbell,2025,73,190,,,Sr.,"Dunn, N.C.",Triton,
Jonah Oster,Campbell,2025,74,205,,,R-Jr.,"Apex, N.C.",Middle Creek,
Seth Farni,Campbell,2025,72,195,,,So.,"Gulfport, Miss.",St. Stanislaus HS,Ole Miss
Nick Biasi,Campbell,2025,69,,,,R-So.,"Hazel Township, Pa.",Hazleton Area HS,Lackawanna College / Florida State
Cooper Clark,Campbell,2025,76,200,,,So.,"Clayton, N.C.",Home School,
Andrew Schuldt,Campbell,2025,69,195,,,R-So.,"Cornelius, N.C.",Hough,
Darnell Parker Jr.,Campbell,2025,73,200,,,So.,"Carrolton, Va.",Namsemond River HS,Wichita State
Cy Cox,Campbell,2025,72,195,,,Sr.,"Springfield, Ill.",Rochester HS,Heartland Community College
Lleyton Grubich,Campbell,2025,72,205,,,So.,"Mchenry, Ill.",Mchenry Community HS,McHenry County College
Jackson Thompson,Campbell,2025,74,215,,,R-Jr.,"Camp Hill, Pa.",Camp Hill,Virginia Tech
Zach Sabers,Campbell,2025,74,215,,,R-Jr.,"Dubuque, Iowa",Hempstead HS,Kirkwood Community College
Mason Smith,Campbell,2025,72,195,,,R-So.,"Denver, N.C.",Lincoln Charter School,East Carolina / Gaston College
Jackson Roberts,Campbell,2025,73,205,,,Jr.,"Greensboro, N.C.",Northern Guilford,
DJ Akiyama,Campbell,2025,73,,,,R-Jr.,"'Aiea, O'ahu Hawaii",'Aiea HS,Hawaii / Hartnell College
Logen Sutton,Campbell,2025,73,210,,,R-Jr.,"Knoxville, Tenn.",Powell HS,Walters State Community College / ETSU
David Rossow,Campbell,2025,75,220,,,R-Jr.,"Boca Raton, Fla.",Cardinal Gibbons,Miami
Lukas Schramm,Campbell,2025,75,215,,,R-So.,"Apex, N.C.",,Kentucky
Jarrett Martin,Campbell,2025,75,220,,,R-So.,"Savannah, Tenn.",Hardin County HS,Walters State Community College
Joey Morton,Campbell,2025,76,215,,,R-Jr.,"Oxford, Pa.",Oxford Area HS,Crowder College
Ethan Snyder,Campbell,2025,76,235,,,So.,"Welcome, N.C.",North Davidson HS,
Nathan Waldridge,Campbell,2025,72,220,,,R-Sr.,"Louisville, Ky.",Saint Xavier HS,Parkland College
Aaron Smigelski,Campbell,2025,74,205,,,R-Jr.,"Clayton, N.C.",,Memphis / Rice
Charlie Meglio,Campbell,2025,76,215,,,So.,"Jackson, N.J.",Jackson Memorial HS,
Jake Murray,Campbell,2025,73,215,,,Gr.,"Wendell, N.C.",,Wake Tech
Peyton Brown,Campbell,2025,82,,,,R-Sr.,"Clemmons, N.C.",West Forsyth,Southern Indiana / Campbell
Andrew Keller,Campbell,2025,75,215,,,Fr.,"Fuquay-Varina, N.C.",Fuquay-Varina HS,
Zac Martin,Campbell,2025,76,200,,,Jr.,"Hickory, N.C.",Fred T. Foard HS,Catawba Valley CC
Dalton Hazlett,Campbell,2025,73,215,,,Fr.,"Concord, N.C.",Northwest Cabarrus HS,
Parker Webb,Campbell,2025,74,205,,,Jr.,"Fayetteville, Tenn.",Lincoln County HS,LSU Eunice
Davis Albert,Campbell,2025,73,205,,,Fr.,"Goldsboro, N.C.",Wayne Country Day HS,
Wilson Woodcox,Campbell,2025,72,210,,,R-So.,"Houston, Texas",Lamar HS,Temple College
Jett Music,Campbell,2025,74,195,,,Fr.,"Clayton, N.C.",Corinth Holders HS,
Kale Scruggs,Campbell,2025,72,195,,,R-Fr.,"Sanford, N.C.",Southern Lee HS,
Will Palmer,Campbell,2025,73,205,,,So.,"Lynchburg, Va.",Liberty Christian Academy,
Will Gnibus,Campbell,2025,73,205,,,Sr.,"San Jose, Calif.",Bellarmine College Prep,Kansas State / Mission College
Drew Siegner,Campbell,2025,72,215,,,R-So.,"Burlington, N.C.",Southern Alamance,
Evans Hendricks,Campbell,2025,72,200,,,Gr.,"Seguin, Texas",,Texas A&M Corpus Christi / Temple College
Joaquin Hernandez,Campbellsville,2025,70,160,,,Fr.,"Barcelona, Spain",,
Reid Sturn,Campbellsville,2025,68,180,,,Sr.,"Gig Harbor, Wash.",,
Henry Wright,Campbellsville,2025,74,195,,,Sr.,"San Jose, Calif.",,
Brody Forno,Campbellsville,2025,75,195,,,Jr.,"Okotoks, AB, Canada",,
Garrett Maloney,Campbellsville,2025,75,215,,,Sr.,"Henderson, Nev.",,
Chase Tucker,Campbellsville,2025,72,175,,,Sr.,"St. John's, NFLD, Canada",,
Yosuke Fujie,Campbellsville,2025,68,170,,,Sr.,"Mission, BC, Canada",,
Zane Skansi,Campbellsville,2025,72,200,,,Sr.,"Gig Harbor, Wash.",,
Tanner Park,Campbellsville,2025,74,205,,,Jr.,"Gallatin, Tenn.",,
Lorenzo Gonzalez,Campbellsville,2025,72,205,,,Sr.,"Barcelona, Venezuela",,
Antony Gilbert,Campbellsville,2025,72,195,,,Jr.,"Quebec City, Canada",,
Niklas Rossius,Campbellsville,2025,69,155,,,So.,"Frankfurt, Germany",,
Jaxson Grubbs,Campbellsville,2025,78,215,,,Jr.,"Maroa, Ill.",,
Logan MacNiel,Campbellsville,2025,73,180,,,Sr.,"Vancouver, BC, Canada",,
Jonah Bachiu,Campbellsville,2025,70,160,,,Sr.,"Regina, SK, Canada",,
Zaia Acklus,Campbellsville,2025,71,170,,,Sr.,"Everett, Wash.",,
Ryan McFarland,Campbellsville,2025,74,175,,,Gr.,"Calgary, Alberta, Canada",,
Ethan Wood,Campbellsville,2025,79,215,,,So.,"Lebanon, Tenn.",,
Tate Wischnack,Campbellsville,2025,72,190,,,Jr.,"Waconia, Minn.",,
PJ Ledesma,Campbellsville,2025,73,185,,,Sr.,"Redlands, Calif.",,
Tristin Crusenberry,Campbellsville,2025,75,200,,,Sr.,"Owensboro, Ky.",,
Joe McBride,Campbellsville,2025,73,200,,,Sr.,"Everett, Wash.",,
James Teets,Campbellsville,2025,72,200,,,Sr.,"Ramona, Calif.",,
Nick Hagen,Campbellsville,2025,69,180,,,Jr.,"Spruce Grove, AB, Canada",,
Shoki Fukui,Campbellsville,2025,68,150,,,Sr.,Japan,,
River Terry,Campbellsville,2025,75,215,,,Sr.,"Sandy, Utah",,
Bret Bowers,Campbellsville,2025,73,215,,,Gr.,"Helendale, Calif.",,
Jackson Dollar,Campbellsville,2025,73,175,,,Sr.,"Clinton, Miss.",,
Ian Roemer,Campbellsville,2025,76,195,,,Sr.,"Henderson, Nev.",,
Trent Buchanan,Campbellsville,2025,73,200,,,Sr.,"Jerrabomberra, Australia",,
Ryan Fischer,Campbellsville,2025,74,200,,,So.,"Morris, Ill.",,
Taiki Hirosaka,Campbellsville,2025,73,180,,,Jr.,Japan,,
Brock Brubaker,Campbellsville,2025,69,180,,,Jr.,"Owensboro, Ky.",,
Connor Martin,Campbellsville,2025,73,185,,,Jr.,"White House, Tenn.",,
Joustin Torres,Campbellsville,2025,70,188,,,Fr.,"Santiago De Los Cabelleros, DR",,
Jason Franzel,Campbellsville,2025,77,205,,,Jr.,"Maitland, Fla.",,
Trent Rumley,Canisius,2025,67,,,,Sr.,"Cowlesville, N.Y.",St. Mary's,
JC Spinosa,Canisius,2025,71,,,,So.,"Bethleham, Pa.",Liberty,
Mason Cisco,Canisius,2025,72,,,,Jr.,"Buffalo, N.Y.",Lancaster Central,
Brayden Hy,Canisius,2025,69,,,,Fr.,"Lockport, N.Y.",Royalton-Hartland,
Justin Bremner,Canisius,2025,72,,,,So.,"Twinsburg, Ohio",Walsh Jesuit,
Bennett Cox,Canisius,2025,69,,,,Fr.,"Newtown Square, Pa.",Marple Newtown,
Andrew Marcello,Canisius,2025,70,,,,Jr.,"Pittsburgh, Pa.",Pittsburgh Central Catholic,
Eric Weeks,Canisius,2025,72,,,,So.,"Pittsburgh, Pa.",Hampton,
Owen Silliman,Canisius,2025,74,,,,Jr.,"East Aurora, N.Y.",Iroquois Central,
Tyler Hoover,Canisius,2025,79,,,,Sr.,"Pittsburgh, Pa.",Penn-Trafford,
Sam Staerker,Canisius,2025,72,,,,Jr.,"Panama City Beach, Fla.",Iroquois,
Tommy Sheridan,Canisius,2025,73,,,,Jr.,"Tunkhannock, Pa.",Tunkhannock Area,
Kadin Miller,Canisius,2025,70,,,,Jr.,"Happy Valley, Ore.",Clackamas,
William Enright,Canisius,2025,75,,,,Jr.,"Orchard Park, N.Y.",Canisius,
Zander Condeelis,Canisius,2025,73,,,,Fr.,"Mehoopany, Pa.",Scranton Prep,
Matt Boffalo,Canisius,2025,72,,,,Fr.,"Pine Bush, N.Y.",Pine Bush,
Ethan Hennessy,Canisius,2025,76,,,,R-Sr.,"Norfolk, Va.",Norfolk Academy,
Joe LoPinto,Canisius,2025,72,,,,So.,"East Hanover, N.J.",Hanover Park,
Noah Albano,Canisius,2025,76,,,,Fr.,"Buffalo, N.Y.",Saint Francis,
Felix Morin,Canisius,2025,76,,,,Jr.,"Quebec City, Quebec",Blyth Academy,
Levi Abbott,Canisius,2025,76,,,,Gr.,"Lethbridge, Alberta",Vauxhall Academy,
Weston Elkovitch,Canisius,2025,72,,,,Fr.,"Victor, N.Y.",Victor High School,
Tyler DeBrocky,Canisius,2025,75,,,,Fr.,"Mahopac, N.Y.",Mahopac,
Joe Abramson,Canisius,2025,69,,,,Sr.,"Brooklyn, N.Y.",Xaverian,
Hunter Austra,Canisius,2025,70,,,,So.,"Larksville, Pa.",Holy Redeemer / Wyoming Valley West,
Aaron Duffy,Canisius,2025,76,,,,Sr.,"Burlington, Ontario",Assumption Catholic Secondary,
Joseph Baka,Canisius,2025,76,,,,Fr.,"Niagara Falls, Ontario",A.N Myer Secondary School,
Michael Kelly,Canisius,2025,75,,,,So.,"Frenchtown, N.J.",Delaware Valley,
Josh Niles,Canisius,2025,75,,,,R-Sr.,"St. Thomas, Ontario",St. Joseph's,
Tyler Greenleaf,Canisius,2025,75,,,,Sr.,"Canonsburg, Pa.",Canon-McMillan,
Connor Waiting,Canisius,2025,72,,,,Jr.,"Seaford, N.Y.",Island Trees,
Thomas Zwirecki,Canisius,2025,74,,,,R-So.,"East Amherst, N.Y.",St. Joseph's Collegiate Institute,
Ronan Glassford,Canisius,2025,73,,,,R-So.,"Burlington, Ontario",Assumption Catholic,
Austin Kutz,Canisius,2025,79,,,,So.,"Hartford, Wis.",Hartford Union,
Clifton Genge,Canisius,2025,74,,,,Gr.,"Henrietta, N.Y.",Rush Henrietta,
Ryan Jones,Canisius,2025,71,,,,Fr.,"Littlestown, Pa.",Littlestown Senior,
Peyton Consigli,Canisius,2025,77,,,,Sr.,"Fonthill, Ontario",St. Francis High (N.Y.),
Brian Smith,Canisius,2025,73,,,,Fr.,"Williamsville, N.Y.",Williamsville East,
Tyson Kaufman,Canisius,2025,72,,,,So.,"Drumbo, Ontario",Huron Park,
Andres Gonzalez,Carroll,2025,70,165,,,So.,"Milwaukee, Wis.",Dominican,
Joey Appino,Carroll,2025,73,190,,,Jr.,"Loves Park, Ill.",Boylan Catholic,
Chayce Schultz,Carroll,2025,69,165,,,So.,"Appleton, Wis.",East,
Ben Hurt Haller,Carroll,2025,70,175,,,Jr.,"Cary, Ill.",Cary-Grove,
Evan Becker,Carroll,2025,72,180,,,Jr.,"Colgate, Wis.",Hamilton,
Preston Sanders,Carroll,2025,72,195,,,So.,"Rockford, Ill.",Lutheran,
Roman Maguire,Carroll,2025,71,225,,,Sr.,"Weston, Wis.",D.C Everest,
Anthony Tado,Carroll,2025,67,165,,,Sr.,"Bridgeport, Ill.",St. Laurence,
Leo Matuga,Carroll,2025,69,170,,,So.,"New Richmond, Wis.",Totino-Grace (Minn.),
Brody Ferko,Carroll,2025,73,190,,,Jr.,"Yorkville, Ill.",Yorkville,
Ryan Kopecky,Carroll,2025,73,200,,,Fr.,"Muskego, Wis.",Muskego,
Bryten Staab,Carroll,2025,75,170,,,Fr.,"Waukesha, Wis.",Waukesha South,
Eddie Synek,Carroll,2025,70,195,,,Jr.,"McHenry, Ill",McHenry,
Thomas Ward,Carroll,2025,74,230,,,Sr.,"Waukesha, Wis.",West,
Noah Hoffman,Carroll,2025,72,180,,,Jr.,"Brookfield, Wis.",Brookfield Central,
Gabe Lee,Carroll,2025,73,210,,,Jr.,"Madison, Wis.",McFarland,
Joey Rivera,Carroll,2025,70,155,,,Sr.,"Chicago, Ill.",DePaul College Prep,
Tyler Burns,Carroll,2025,73,185,,,Fr.,"Mukwonago, Wis.",Mukwonago,
Brady LaMack,Carroll,2025,74,190,,,Sr.,"Pewaukee, Wis.",Arrowhead,
Ben Olsen,Carroll,2025,71,170,,,So.,"Sun Prairie, Wis.",West,
Jack Piper,Carroll,2025,73,165,,,Fr.,"Peoria, Ill.",Dunlap,
Dalen Lamberson,Carroll,2025,75,240,,,Jr.,"Bolingbrook, Ill.",Bolingbrook,
Lane Scott,Carroll,2025,72,200,,,Sr.,"Chicago, Ill.",Carl Sandberg,
Braden Lewis,Carroll,2025,67,210,,,So.,"Wisconsin Rapids, Wis.",Lincoln,
Jimmy Williams,Carroll,2025,76,220,,,Jr.,"Columbia, S.C.",Cactus Shadows,
Tyler Fredrick,Carroll,2025,69,210,,,Fr.,"Jefferson, Wis.",Jefferson,
Connor Nolen,Carroll,2025,75,215,,,Sr.,"Poplar Grove, Ill.",North Boone,
Austin Palmer,Carroll,2025,72,185,,,Sr.,"Oro Valley, Ariz.",Canyon Del Oro,
Nathan Crick,Carroll,2025,73,200,,,So.,"Cary, Ill.",Cary-Grove,
Conor Dunlavy,Carroll,2025,72,180,,,Sr.,"Lagrange, Ill.",Lyons Township,
Ross Olsen,Carroll,2025,73,200,,,So.,"Terre Haute, Ind.",South Vigo,
Noah Meyer,Carroll,2025,74,235,,,So.,"Kaukauna, Wis.",Kaukauna,
Alex Vogt,Carroll,2025,72,210,,,Fr.,"Burlington, Wis.",Catholic Central,
Collin Molisee,Carroll,2025,75,205,,,Sr.,"Brookfield, Wis.",Waukesha South,
Jack Stelter,Carroll,2025,73,195,,,So.,"Beloit, Wis.",Turner,
Owen Ripley,Carroll,2025,72,175,,,So.,"Neenah, Wis.",St. Mary Catholic,
Dylan Eckrote,Carroll,2025,76,185,,,So.,"Vernon Hills, Ill.",Vernon Hills,
Jack Meyer,Carroll,2025,74,190,,,So.,"Greenfield, Wis.",Whitnall,
Josh Bell,Carroll,2025,70,225,,,Jr.,"Chicago, Ill.",Gwendolyn Brooks,
Cole Cacini,Carroll,2025,74,220,,,Fr.,"Arlington Heights, Ill.",Prospect,
Jose Ruiz,Carroll,2025,73,220,,,Jr.,"Milwaukee, Wis.",St. Anthony,
Isaac Verbruggen,Carroll,2025,75,220,,,Fr.,"Neenah, Wis.",Neenah,
Erik Jaschinski,Carroll,2025,76,220,,,Jr.,"Verona, Wis.",Verona,
Alan Duran,Carroll,2025,71,185,,,Fr.,"Milwaukee, Wis.",Ronald Regan Prep,
Tanner LaMack,Carroll,2025,74,240,,,So.,"Pewaukee, Wis.",Arrowhead,
Nate Sternig,Carroll,2025,73,180,,,Jr.,"Phoenix, Ariz.",Boulder Creek,
Carson Gratz,Carroll,2025,71,175,,,So.,"Waukesha, Wis.",West,
Jimmy Herget,Carthage,2025,69,170,R,R,Fr.,"Mokena, Ill.",Lincoln-Way Central HS,
Trey Zastrow,Carthage,2025,71,170,L,L,Gr.,"Manitowoc, Wis.",Lutheran,
Santino Pignotti-Wojtak,Carthage,2025,72,187,L,L,So.,"Kenosha, Wis.",Harborside HS,
Evan Devine,Carthage,2025,67,165,R,R,Sr.,"Walnut Creek, Calif.",Las Lomas,
Nick Caruso,Carthage,2025,72,190,R,R,Sr.,"Aurora, Ill.",Oswego-West,
Drew Knecht,Carthage,2025,70,170,R,R,Gr.,"Kenosha, Wis.",Bradford,
Paul Reedy,Carthage,2025,72,195,R,R,Fr.,"Elmhurst, Ill.",York Community HS,
AJ Gaca,Carthage,2025,71,205,,,Jr.,"West Chicago, Ill.",St. Charles East,
Joe Zuleger,Carthage,2025,72,205,L,R,Sr.,"Burlington, Wis.",Burlington,
Matt Felber,Carthage,2025,72,210,R,R,Sr.,"Kenosha, Wis.",Indian Trail,
Kody Krekling,Carthage,2025,75,190,R,R,Sr.,"Racine, Wis.",The Prairie School,
Kosta Kokos,Carthage,2025,74,205,R,R,Fr.,"Palatine, Ill.",William Fremd HS,
Logan Stanley,Carthage,2025,75,,R,R,So.,"Flowery Branch, GA",Lakeview Academy,
Bryce Schaum,Carthage,2025,76,220,R,R,Sr.,"Munster, Ind.",Munster,
Mattie Gapinski,Carthage,2025,73,220,L,R,Jr.,"Lake Forest, Ill.",Lake Forest HS,
Max Cairo,Carthage,2025,73,195,,,Sr.,"Highland Park, Ill.",Highland Park HS,
Dawson Gutke,Carthage,2025,72,175,R,R,So.,"Antioch, Ill.",Antioch Community HS,
Jake Pappagallo,Carthage,2025,73,200,R,R,Sr.,"Austintown, Ohio",Berlin Center-Western Reserve,
Christian Duarte,Carthage,2025,74,210,R,R,Fr.,"Orlando, Fla.",Freedom HS,
Brendan Roberts,Carthage,2025,73,210,,,Jr.,"Somonauk, Ill.",Somonauk HS,
James Lindenmuth,Carthage,2025,69,193,R,R,Sr.,"Des Plaines, Ill.",Maine West,
Cade McCubbin,Carthage,2025,71,200,R,R,Fr.,"Wilmington, Ill.",Wilmington HS,
P.J. Moser,Carthage,2025,75,215,L,L,Sr.,"Geneseo, Ill.",Geneseo,
Mike Ciesla,Carthage,2025,74,210,R,R,Gr.,"Lemont, Ill.",,
Collin Callahan,Carthage,2025,77,218,R,R,Sr.,"Lake Zurich, Ill.",Lake Zurich,
Hunter Becker,Carthage,2025,78,195,R,R,Fr.,"Peotone, Ill.",Peotone HS,
Ryan Scanlon,Carthage,2025,76,180,L,L,Gr.,"Gurnee, Ill.",Warren Township,
Jake Hartman Jr.,Carthage,2025,76,255,R,R,Sr.,"Crystal Lake, Ill.",Central,
Logan Grimm,Carthage,2025,76,215,R,R,Sr.,"Shoreview, Minn.",Mounds View,
Chuckie Smith,Carthage,2025,74,215,R,R,Sr.,"Crete, Ill.",Crete-Monee,
Zander Tubbs,Carthage,2025,75,185,R,R,Jr.,,Plainfield South HS,
Luke Wagner,Carthage,2025,77,230,,,So.,"Naperville, Ill.",Naperville North HS,
Dawson Gaynor,Carthage,2025,72,210,R,R,Jr.,"Kalamazoo, Mich.",Portage Northern HS,
Charlie Kane,Carthage,2025,72,185,R,R,Fr.,"Downers Grove, Ill.",Benet Academy HS,
Nathan Chrismon,Catawba College,2025,69,180,,,Jr.,"China Grove, N.C.",South Rowan HS,East Carolina
Logan Dyer,Catawba College,2025,72,165,,,Fr.,"Salisbury, N.C.",East Rowan HS,
Sam Hunter,Catawba College,2025,70,175,,,Jr.,"St. Petersburg, Fla.",Calvary Christian HS,Queens
Cooper Bryson,Catawba College,2025,67,150,,,Gr.,"Socastee, SC",Socastee HS,USC Sumter
Blake Marsh,Catawba College,2025,73,195,,,R-Jr.,"Siler City, N.C.",SW Randolph HS,
Carson Edmiston,Catawba College,2025,75,207,,,So.,"North Wilkesboro, N.C.",West Wilkes HS,
Cole Hales,Catawba College,2025,69,185,,,Gr.,"Salisbury, NC",Carson HS,Caldwell Tech
Ryan Street,Catawba College,2025,70,170,,,Sr.,"China Grove, NC",Carson HS,
Ty Hubbard,Catawba College,2025,71,180,,,Jr.,"Salisbury, NC",South Rowan,
Trace Aufderhar III,Catawba College,2025,75,180,,,So.,"Lexington, N.C.",High Point Christian Academy,
Casey Gouge,Catawba College,2025,73,190,,,Jr.,"Salisbury, NC",West Rowan HS,
Austin Fine,Catawba College,2025,73,210,,,Gr.,"North Myrtle Beach, SC",North Myrtle Beach HS,USC Sumter
Matthew Connolly,Catawba College,2025,74,205,,,So.,"Salisbury, N.C.",West Rowan HS,Surry CC
James Dunlap,Catawba College,2025,73,190,,,Gr.,"Tulsa, Okla.",Bishop Kelley HS,North Dakota State
Sean Shelly,Catawba College,2025,75,205,,,Jr.,"Clearwater, Fla.",Calvary Christian HS,Barry
Jake Dunlap,Catawba College,2025,73,170,,,Fr.,"High Point, N.C.",High Point Christian Academy,
Jake Blevins,Catawba College,2025,71,185,,,Jr.,"Salisbury, N.C.",West Rowan HS,Pfeiffer
Chase Wigginton,Catawba College,2025,75,190,,,R-Fr.,"Mooresville, N.C.",Lake Norman HS,
Parker Styborski,Catawba College,2025,75,190,,,R-So.,"Sherrills Ford, N.C.",Bandys HS,Lenoir-Rhyne
Brandon Rodgers,Catawba College,2025,72,205,,,Gr.,"Newport News, VA",Menchville HS,Louisburg College
Braeden Major,Catawba College,2025,71,170,,,Jr.,"Mooresville, N.C.",Mooresville HS,Bluefield State
Hunter Atkins,Catawba College,2025,72,193,,,R-Fr.,"Randleman, N.C.",Randleman HS,UNC Greensboro
Hayden Simmerson,Catawba College,2025,75,185,,,So.,"Salisbury, N.C.",Jesse C. Carson HS,
Joe Burleyson,Catawba College,2025,71,175,,,Fr.,"Salisbury, N.C.",East Rowan HS,
Kylan Odean,Catawba College,2025,71,170,,,Fr.,"Matthews, N.C.",Weddington HS,
Seth Sharpe,Catawba College,2025,70,165,,,Fr.,"Eden, N.C.",Morehead HS,
Calvin Douglas,Catawba College,2025,76,195,,,Fr.,"Waxhaw, N.C.",Cuthbertson HS,
Payne Stolsworth,Catawba College,2025,75,190,,,Gr.,"Salisbury, N.C.",West Rowan HS,North Carolina Wesleyan
Sam Alessi,Catawba College,2025,77,200,,,Fr.,"Concord, N.C.",Hickory Ridge HS,
Dylan Driver,Catawba College,2025,70,160,,,Sr.,"Faith, NC",Carson HS,
Colby Taylor,Catawba College,2025,73,210,,,Sr.,"Meadowview, V.A.",Patrick Henry HS,Cleveland State CC
Caleb Cross,Catawba College,2025,67,160,,,R-Fr.,"Bristol, Tenn.",Providence Academy,
Zach Hannah,Catawba College,2025,73,183,,,R-So.,"Dothan, Ala.",Rehobeth HS,
Jack Cuba,Catawba College,2025,68,177,,,R-Fr.,"Wilmington, N.C.",New Hanover HS,
Caleb Gant,Catawba College,2025,69,195,,,R-Fr.,"Matthews, N.C.",Porter Ridge HS,
Cameron Burleyson,Catawba College,2025,70,180,,,So.,"China Grove, N.C.",Jesse C. Carson HS,
Yancey Upchurch,Centenary (LA),2025,71,150,R,R,Jr.,"Shreveport, La.",LSUA,
Jobee Boone,Centenary (LA),2025,71,175,R,R,Sr.,"Opelousas, La.",Delgado Community College,
Caleb Ickes,Centenary (LA),2025,74,215,R,R,Jr.,"Prairieville, La.",Dutchtown HS,
Clay Menard,Centenary (LA),2025,68,140,L,R,Jr.,"Berwick, La.",Berwick HS,
Tyler Herrera,Centenary (LA),2025,71,180,L,L,Sr.,"Spring, Texas",Klein HS,
Christian Meiki,Centenary (LA),2025,72,180,L,R,So.,"Shreveport, La.",Northwestern State University,
Joshua Hendrickson,Centenary (LA),2025,72,185,R,R,Fr.,"Many, La.",Many HS,
Andrew Landry,Centenary (LA),2025,66,155,R,R,Jr.,"Gonzalez, La.",Ascension Christian HS,
Brody Hebert,Centenary (LA),2025,75,205,R,R,Fr.,"Houma, La.",H. L. Bourgeois HS,
Tyler Hughes,Centenary (LA),2025,72,200,R,R,Fr.,"Coushatta, La.",Red River HS,
Logan Schmidt,Centenary (LA),2025,71,185,R,R,So.,"Pearland, Texas",Lutheran South Academy,
Gage Morris,Centenary (LA),2025,73,165,R,R,So.,"Livingston, Texas",Livingston HS,
Beckett Robinson,Centenary (LA),2025,71,165,R,R,Fr.,"Missouri City, Texas",Ridge Point HS,
Cody Crider,Centenary (LA),2025,70,160,L,R,Sr.,"Austin, Texas",Hyde Park HS,
Jebediah Gordon,Centenary (LA),2025,67,150,R,R,Fr.,"Spring, Texas",Klein HS,
Walker Wicklund,Centenary (LA),2025,76,205,L,L,So.,"Shreveport, La.",Captain Shreve HS,
McKenly McLaughlin,Centenary (LA),2025,70,215,R,R,Sr.,"Georgetown, Texas",East View HS,
Noah Paulson,Centenary (LA),2025,72,175,R,R,Fr.,"El Lago, Texas",Clear Falls HS,
Aron Gillum,Centenary (LA),2025,70,175,R,R,Fr.,"Shreveport, La.",Captain Shreve HS,
Blaine Birkelbach,Centenary (LA),2025,73,195,R,R,Fr.,"Pearland, Texas",Alvin Community College,
Carson Dingler,Centenary (LA),2025,70,175,R,R,Fr.,"Chandler, Texas",Brownsboro HS,
Jacob Lukaszewski,Centenary (LA),2025,72,160,L,L,Fr.,"Cypress, Texas",Cypress Christian school,
Alex Miller,Centenary (LA),2025,78,180,R,R,So.,"Cypress, Texas",Cy-Fair HS,
Evan Whitehead,Centenary (LA),2025,67,180,R,R,Fr.,"Buna, Texas",Buna HS,
Jachin Salas,Centenary (LA),2025,67,,R,R,Fr.,"Bullard, Texas",Bullard HS,
Lenny Forth,Centenary (LA),2025,67,185,R,R,Jr.,"Flower Mound, Texas",Flower Mound HS,
Zachary Malone,Centenary (LA),2025,73,205,R,R,Sr.,"Hallsville, Texas",New Diana HS,
Miles Keith,Centenary (LA),2025,70,185,R,R,So.,"Lindale, Texas",Lindale HS,
Coen Laroux,Centenary (LA),2025,72,170,R,R,Fr.,"Woodworth, La.",Holy Savior Mendard HS,
Aidan Lambert,Centenary (LA),2025,72,185,R,R,Jr.,"Baton Rouge, La.",Nunez Community College,
Will Riley,Centenary (LA),2025,73,185,R,R,Jr.,"Baton Rouge, La.",Spring Hill College,
Jacob Broussard,Centenary (LA),2025,72,200,R,R,Jr.,"Houston, Texas",Strake Jesuit College Preparatory,
Matthew Herrera,Centenary (LA),2025,71,180,L,R,Jr.,"Sunnyvale, Texas",Sachse HS,
Bryant Sevadjian,Centenary (LA),2025,74,195,S,R,Sr.,"Carrollton, Texas",Hebron HS,
Tony Barcelona V,Centenary (LA),2025,70,210,R,R,Fr.,"Pearland, Texas",Pearland HS,
Colt Hamilton,Centenary (LA),2025,72,170,L,R,Sr.,"West Monroe, La.",Claiborne Christian Shool,
Gavin Morrison,Centenary (LA),2025,69,180,S,R,So.,"Geismar, La.",Dutchtown HS,
Luke Guillot,Centenary (LA),2025,74,195,R,R,Fr.,"Gonzalez, La.",East Ascension HS,
Tristin Dean,Centenary (LA),2025,77,195,R,R,Fr.,"Silsbee, Texas",Silsbee HS,
Brandon Newton,Centenary (LA),2025,69,180,R,R,Jr.,"Round Rock, Texas",Round Rock HS,
Roman Ardoin,Centenary (LA),2025,78,175,R,R,Fr.,"Lumberton, Texas",Lumberton HS,
Tripp Villanueva,Centenary (LA),2025,67,165,R,R,So.,"New Braunfels, Texas",New Braunfels Canyon HS,
Bryce Bienvenu,Centenary (LA),2025,72,178,L,R,So.,"Highlands Ranch, Colo.",Rock Canyon HS,
Treyson Martin,Centenary (LA),2025,70,160,R,R,Fr.,"Huffman, Texas",Hargrave HS,
Braedon Henson,Centenary (LA),2025,73,185,R,R,So.,"Center, Texas",Center HS,
Chase Stanley,Centenary (LA),2025,70,165,R,R,Sr.,"Houston, Texas",Clear Brook HS,
Kade Jordan,Centenary (LA),2025,75,200,R,R,Fr.,"Liberty, Texas",Liberty HS,
Tyler Yount,Centenary (LA),2025,71,195,R,R,Fr.,"Austin, Texas",Vista Ridge HS,
Colby Wilkerson,Centenary (LA),2025,67,190,L,L,Jr.,"Kilgore, Texas",Kilgore HS,
Noah Lock,Centenary (LA),2025,74,195,R,R,Fr.,"Bullard, Texas",Bullard HS,
Cael Morrow,Centenary (LA),2025,70,165,R,R,Jr.,"Lafayette, La.",Southside HS,
Ray Busch,Centenary (LA),2025,71,200,R,R,Fr.,"New Orleans, La.",The Willow School,
Owen Guth,Centenary (LA),2025,73,190,R,R,Fr.,"Lacombe, La.",Lakeshore HS,
Ben Berglund,Centenary (LA),2025,70,155,S,R,So.,"Georgetown, Texas",Eastview HS,
Gabriel Guest,Centenary (LA),2025,71,145,R,R,Fr.,"Houston, Texas",Cypress Falls HS,
Bryce Johnson,Centenary (LA),2025,69,,R,R,Fr.,"Houston, Texas",Jersey Village HS,
Parker Asturi,Centenary (LA),2025,72,205,R,R,Fr.,"Dallas, Texas",John Paul II HS,
Jackson Morgan,Centenary (LA),2025,75,205,R,R,Fr.,"Cypress, Texas",Cypress Woods HS,
Owen Marchal,Centenary (LA),2025,70,175,,,Fr.,"New Orleans, La.",Metairie Country Day HS,
Hayden Doyle,Centenary (LA),2025,73,180,R,R,Fr.,"Simpson, La.",Hicks HS,
Zac Baker,Centenary (LA),2025,70,170,R,R,Fr.,"Mission Viejo, Calif.",Capistrano Valley HS,
Noah Goodshield,Central Arkansas,2025,71,190,R,R,Jr.,"Rogers, Ark.",,Labette CC
Clayton Coats,Central Arkansas,2025,74,200,R,R,R-Sr.,"Lincoln, Calif.",,Sacramento St. / Sierra Col. / UT Permian Basin
Bryce Cermenelli,Central Arkansas,2025,69,185,L,R,Jr.,"Norco, Calif.",,Riverside CC
Preston Curtis,Central Arkansas,2025,73,195,R,R,Sr.,"Flower Mound, Texas",,Carl Albert SC
Jagger Schattle,Central Arkansas,2025,73,225,L,L,Sr.,"Richardson, Texas",,Hill College
Tanner Leonard,Central Arkansas,2025,69,185,R,R,Sr.,"Searcy, Ark.",,Searcy HS
Coleman MacRae,Central Arkansas,2025,74,200,R,R,Jr.,"Rogers, Ark.",,Heritage HS
Mark Ross,Central Arkansas,2025,73,210,R,R,Fr.,"Springfield, Mo.",,Glendale HS
Cooper King,Central Arkansas,2025,74,200,R,R,Jr.,"Hilmar, Calif.",,Merced CC
Austin Jones,Central Arkansas,2025,71,175,R,R,So.,"Springdale, Ark.",,Har-Ber HS
Owen Tracy,Central Arkansas,2025,76,230,R,R,Jr.,"Edmond, Okla.",,NOC - Enid
Sam Reynolds,Central Arkansas,2025,76,210,R,R,R-Fr.,"Hattieville, Ark.",,Wonderview HS
Casey Shipley,Central Arkansas,2025,76,223,R,R,Sr.,"Farmington, Ark.",,UA-Rich Mountain
Lucas Greer,Central Arkansas,2025,74,185,R,R,R-Fr.,"Little Rock, Ark.",,LR Catholic HS
Keon Moseni,Central Arkansas,2025,72,185,L,R,Jr.,"Ontario, Canada",,Antelope Valley CC
Jacob Pannell,Central Arkansas,2025,74,190,R,R,Jr.,"Fayetteville, Ark.",,Crowder CC / UA-Rich Mountain
Jameson Ferraro,Central Arkansas,2025,75,195,R,R,Jr.,"La Crescenta, Calif.",,Pasadena City CC / BYU
Charlie Christensen,Central Arkansas,2025,76,190,R,R,Jr.,"Olathe, Kan.",,Blue Valley Southwest
Perry Titlow,Central Arkansas,2025,73,200,R,R,Sr.,"Martinez, Calif.",,San Joaquin Delta
Bryce Parlin,Central Arkansas,2025,75,190,R,R,Jr.,"Bentonville, Ark.",,Bentonville HS
Tate Collins,Central Arkansas,2025,75,210,R,R,Fr.,"Little Rock, Ark.",,Little Rock Christian Academy
Jake Trabbie,Central Arkansas,2025,74,201,R,R,Sr.,"Temple City, Calif.",,Pasadena City College
Tate Greene,Central Arkansas,2025,71,180,R,R,Fr.,"Allen, Texas",,Allen HS
Jaxson Ingle,Central Arkansas,2025,69,180,L,L,Fr.,"Lonoke, Ark.",,Lonoke HS
Connor Johnson,Central Arkansas,2025,72,200,R,R,R-Jr.,"Van Buren, Ark.",,Van Buren HS
Hunter Alexander,Central Arkansas,2025,72,205,R,R,Jr.,"Bigelow, Ark.",,UA-Rich Mountain
Kannon Nesslage,Central Arkansas,2025,80,220,R,R,Jr.,"St. Charles, Mo.",,Jefferson College
Gavin Alveti,Central Arkansas,2025,72,205,R,R,Jr.,"Searcy, Ark.",,Connors State
Nathan Negre,Central Arkansas,2025,71,180,R,R,Fr.,"Aurora, Mo.",,Berean Christian Academy
Luke Lorence,Central Arkansas,2025,72,190,R,R,Fr.,"Little Rock, Ark.",,LR Central HS
Blaine French,Central Arkansas,2025,74,210,L,L,Jr.,"Oakland, Calif.",,San Joaquin Delta CC
Jackson Schwank,Central Arkansas,2025,78,230,R,R,Sr.,"Richmond, Texas",,Bossier Parish CC
Jake Jones,Central Arkansas,2025,71,230,L,R,R-Fr.,"Benton, Ark.",,Benton HS
Carter Alexander,Central Arkansas,2025,72,200,R,R,Fr.,"Bigelow, Ark.",,Bigelow HS
Luke Carner,Central Arkansas,2025,73,195,R,R,Fr.,"Morrilton, Ark.",,Morrilton HS
Aden Velasquez,Central Arkansas,2025,75,185,R,R,Fr.,"Austin, Ark.",,Cabot HS
Caide White,Central Arkansas,2025,72,220,R,R,Fr.,"Republic, Mo.",,Republic HS
Dalton Adair,Central Arkansas,2025,74,235,R,R,Fr.,"Benton, Ark.",,Benton HS
Zeb Allen,Central Arkansas,2025,71,185,L,L,So.,"Fort Smith, Ark.",,FS Southside HS
Rex Tedder,Central Arkansas,2025,75,175,R,R,Fr.,"Pocahontas, Ark.",,Walnut Ridge HS
Kade Seldomridge,Central Arkansas,2025,69,170,R,R,Jr.,"Rogers, Ark.",,Rogers HS
Antonio Ducatelli,Central Connecticut,2025,73,200,L,L,So.,"Levittown, NY",Island Trees,
Gianno Merlonghi,Central Connecticut,2025,69,185,R,R,Sr.,"Monroe, CT",Masuk,
Bo Yaworski,Central Connecticut,2025,72,190,L,L,Sr.,"Brooklyn, CT",Mitchell College,
Gabe Pitts,Central Connecticut,2025,72,170,R,R,So.,"Tyngsboro, MA",Worcester Academy,
Brady Short,Central Connecticut,2025,70,175,L,R,Sr.,"Hurley, NY",Kingston,
Wyatt Cameron,Central Connecticut,2025,74,175,R,R,Gr.,"Salisbury, VT",New England College,
Chris Brown,Central Connecticut,2025,75,221,R,R,Sr,"Trumbull, CT",University of Southern California,
Kyle Gordon,Central Connecticut,2025,70,180,R,R,Sr.,"Norwalk, CT",Norwalk,
Alex Dreyfus,Central Connecticut,2025,72,190,L,L,Fr,"East Lyme, CT",East Lyme,
Brandon O'Neill,Central Connecticut,2025,72,190,R,R,So.,"Ronkonkoma, NY",Sachem North,
Jackson Haker,Central Connecticut,2025,70,180,R,R,Sr,"Uxbridge, MA",American International College,
Colby Brouillette,Central Connecticut,2025,72,215,L,R,Gr.,"Georgia, VT",Clarkson,
Aidan Redahan,Central Connecticut,2025,72,200,L,R,Sr.,"Greenwich, CT",Brunswick School,
TJ Winn Jr.,Central Connecticut,2025,73,175,R,R,So.,"Manchester, CT",St. John's University,
Jacob Hines,Central Connecticut,2025,73,195,R,R,Fr,"Berlin, CT",Putnam Science Academy,
Nick Fox,Central Connecticut,2025,72,170,L,L,Fr,"Killingworth, CT",Xavier HS,
Matt Falk,Central Connecticut,2025,72,210,R,R,Gr.,"Enfield, CT",Mitchell College,
Gabe Tanous,Central Connecticut,2025,72,170,R,R,Fr,"Barrington, RI",Barrington,
Brock Pare,Central Connecticut,2025,77,210,R,R,Gr.,"Lowell, MA",Salem State University,
Ryan Scialabba,Central Connecticut,2025,70,180,R,R,Jr,"Cheshire, CT",Saint Anselm College,
Nick Murphy,Central Connecticut,2025,73,220,R,R,Jr,"West Nyack, NY",Rockland CC,
Richie Kerstetter,Central Connecticut,2025,72,225,L,L,So,"Fairfield, CT",Saint Joseph's University,
Ian Mihalopoulos,Central Connecticut,2025,73,190,R,R,Fr,"Cromwell, CT",Putnam Science Academy,
Niko Christon,Central Connecticut,2025,72,175,R,R,Fr,"Stamford, CT",Westhill,
Owen Arias,Central Connecticut,2025,70,195,R,R,So.,"New Milford, CT",Canterbury School,
Matt Graziose,Central Connecticut,2025,76,220,R,R,Fr.,"Woodmere, NY",George Hewlett,
Mason McCarroll,Central Connecticut,2025,74,200,L,L,Fr.,"East Haven, CT",East Haven,
Kyle McDermott,Central Connecticut,2025,77,225,R,R,Fr,"Monroe, NY",Monroe-Woodbury,
Tyler Duffy,Central Connecticut,2025,73,190,L,L,Fr,"Meriden, CT",Maloney,
Noah Terzo,Central Connecticut,2025,73,180,R,R,So,"Wethersfield, CT",Lesley University,
Chris Barkasy,Central Connecticut,2025,71,175,R,R,So.,"Wallingford, CT",Mark T. Sheehan,
Louis Jordan,Central Connecticut,2025,75,200,R,R,Jr.,"New York, NY",Cheshire Academy,
Jack Hennessey,Central Connecticut,2025,71,190,R,R,Fr.,"Endwell, NY",Maine-Endwell,
TJ Magliozzo,Central Connecticut,2025,72,180,R,R,Fr,"Millstone, NJ",Notre Dame HS,
Rob Natale,Central Connecticut,2025,69,190,R,R,Fr,"North Scituate, RI",Putnam Science Academy,
Bryce DiPiero,Central Connecticut,2025,75,200,L,L,So.,"Enfield, CT",Enfield,
Alexander Kasbarian,Central Connecticut,2025,74,215,R,R,Jr,"Newtown, CT",Newtown,
Bryson Plante,Central Connecticut,2025,73,185,L,R,So.,"Brooklyn, CT",Norwich Free Academy,
Edwin Sanchez Jr.,Central Connecticut,2025,73,180,L,L,Fr.,"Tuckahoe, NY",The Harvey School,
Kevin Burgess,Central Connecticut,2025,70,150,R,R,Fr,"Phillipsburg, NJ",Phillipsburg,
Carson Lentini,Central Connecticut,2025,72,170,R,R,Fr,"Southington, CT",Southington,
Donte Valentine,Central Connecticut,2025,72,180,R,R,Fr,"Mystic, CT",Fitch,
Ryan Ponte,Central Connecticut,2025,74,190,R,R,Fr,"Woodbury, CT",Putnam Science Academy,
Carlos Morejo-Rosario,Central Connecticut,2025,74,240,R,R,Fr,"Providence, RI",Cranston East,
Mikey Murphy,Central Michigan,2025,71,195,R,R,So.,"Minooka, Ill.",Minooka,
Aaron Piasecki,Central Michigan,2025,70,175,L,R,Jr.,"Muskegon, Mich.",Mona Shores,
Dominic Bouscher,Central Michigan,2025,72,165,R,R,Fr.,"East Liverpool, Ohio",Toronto,
Carter Campau,Central Michigan,2025,74,200,R,R,R-So.,"Midland, Mich.",Bullock Creek,
Nate Ross,Central Michigan,2025,73,190,R,R,R-Jr.,"Jenison, Mich.",Jenison,
Cole Kwiatkowski,Central Michigan,2025,70,165,R,R,Gr.,"Sylvania, Ohio",Northview,
Zach Knowlton,Central Michigan,2025,68,175,R,R,Jr.,"Olathe, Kan.",Spring Hill,
Bryson Webb,Central Michigan,2025,71,185,R,R,R-So.,"De Pere, Wis.",De Pere,
Liam Stumpf,Central Michigan,2025,73,195,R,R,R-Jr.,"Dodgeville, Wis.",Mineral Point,
Cayden Smith,Central Michigan,2025,70,175,R,R,Fr.,"Lake Isabella, Mich.",Beal City,
Nathan Ball,Central Michigan,2025,76,230,L,R,So.,"Bay City, Mich.",Bay City John Glenn,
Rees Campanale,Central Michigan,2025,75,205,R,R,Jr.,"Longwood, Fla.",Lyman,
Elijah Henning,Central Michigan,2025,73,195,R,R,Sr.,"Scottsdale, Ariz.",Desert Mountain,
Spencer Verburg,Central Michigan,2025,74,200,R,R,R-Jr.,"Grandville, Mich.",Grandville,
Hayden Bailey,Central Michigan,2025,75,220,R,R,Sr.,"Davison, Mich.",Davison,
Dean Brown,Central Michigan,2025,73,195,R,R,Fr.,"Liberty Township, Ohio",Lakota East,
Logan Keilen,Central Michigan,2025,72,200,R,R,Fr.,"St. Johns, Mich.",St. Johns,
Jackson Smith,Central Michigan,2025,73,235,L,L,Jr.,"Chandler, Ariz.",Hamilton,
Max Hammond,Central Michigan,2025,73,210,R,L,Fr.,"Reed City, Mich.",Reed City,
Aydin Wright,Central Michigan,2025,70,190,R,R,Jr.,"Griffith, Ind.",Thornwood,
Jake Kutella,Central Michigan,2025,75,195,R,R,R-So.,"Lombard, Ill.",Willowbrook,
Brady Krzciok,Central Michigan,2025,75,230,L,R,Jr.,"Clarkston, Mich.",Clarkston,
Trevor Busyn,Central Michigan,2025,80,230,R,R,R-So.,"Clarkston, Mich.",Clarkston,
Jake Brown,Central Michigan,2025,75,210,L,R,So.,"Rockford, Mich.",Rockford,
AJ Kostic,Central Michigan,2025,75,215,R,R,R-Jr.,"Waddell, Ariz.",Northwest Christian,
Mitchell Tarnowski,Central Michigan,2025,74,200,L,L,Fr.,"Independence, Ohio",Saint Ignatius,
Greg Guzik II,Central Michigan,2025,71,210,R,R,R-Jr.,"Macomb, Mich.",Dakota,
Quin Konuszewski,Central Michigan,2025,74,205,L,L,Sr.,"Saginaw, Mich.",Heritage,
Jack Smith,Central Michigan,2025,75,225,R,R,Jr.,"Huntington Beach, Calif.",Huntington Beach,
Justin Morgan,Central Michigan,2025,74,180,R,R,Jr.,"Taylorsville, Utah",Taylorsville,
Jack Otis,Central Michigan,2025,73,215,R,R,Jr.,"Minooka, Ill.",Minooka,
Evan Waters,Central Michigan,2025,70,185,L,L,Jr.,"Oxford, Mich.",Lake Orion,
Alejandro Espinoza,Central Michigan,2025,69,185,R,R,Sr.,"Lake Forest, Calif.",El Toro,
Lane Kloha,Central Michigan,2025,76,210,R,R,R-Fr.,"Midland, Mich.",Midland,
Cole Prout,Central Michigan,2025,75,215,L,L,Jr.,"Standish, Mich.",Standish-Sterling Central,
Chase Schwierking,Central Michigan,2025,79,215,R,R,Fr.,"Novi, Mich.",Walled Lake Western,
Jared Hanson,Central Michigan,2025,75,210,R,R,R-So.,"Escanaba, Mich.",Escanaba,
Jace Tsutomi,Chaminade,2025,68,,L,L,Jr.,"Honolulu, O'ahu, Hawai'i",Kalani,Missouri Valley College
Jaren Banis,Chaminade,2025,67,,R,R,So.,"Wahiawa, O'ahu, Hawai'i",Kamehameha-Kapalama,
Jake Harper,Chaminade,2025,69,,L,L,Sr.,"San Pedro, Calif.",San Pedro,El Camino College
Trysten Mooney,Chaminade,2025,72,,L,R,Jr.,"Helena, Mont.",Capital,Wenatchee Valley College
Kia'i Kawai,Chaminade,2025,67,,R,R,So.,"Ewa Beach, O'ahu, Hawai'i",Kamehameha-Kapalama,
Andrew Karns,Chaminade,2025,72,,R,R,So.,"Coeur d'Alene, Idaho",Coeur d'Alene,
Caleb Kim,Chaminade,2025,73,,R,R,So.,"Aiea, O'ahu, Hawai'i",Christian Academy,
Joe DuCoeur,Chaminade,2025,71,,R,R,So.,"Coeur d'Alene, Idaho",Lake City,
Sebastian Castro,Chaminade,2025,70,,L,L,Sr.,"San Diego, Calif.",Great Oak,Palomar College
Aydan Lobetos,Chaminade,2025,70,,R,R,So.,"Ewa Beach, O'ahu, Hawai'i",Kamehameha-Kapalama,
Alex Greb,Chaminade,2025,75,,R,R,Jr.,"Seattle, Wash.",Ballard,Wenatchee Valley College
Max Patterson,Chaminade,2025,72,,R,R,Sr.,"Honolulu, O'ahu, Hawai'i",Kalani,Olympic College
Brennen Panis,Chaminade,2025,70,,R,R,Fr.,"Aiea, O'ahu, Hawai'i",Aiea,
Benny Nazario,Chaminade,2025,70,,R,R,Jr.,"San Pablo, Calif.",Pinole Valley,College of Marin
Mac Zawistoski,Chaminade,2025,73,,R,L,So.,"Coto de Caza, Calif.",JSerra Catholic,
Cade Fujii,Chaminade,2025,70,,R,R,Jr.,"Kapolei, O'ahu, Hawai'i",Kapolei,Porterville College
Brayden Braga,Chaminade,2025,72,,R,L,So.,"San Ramon, Calif.",Dougherty Valley,
Jacob Mantiply,Chaminade,2025,71,,L,L,Jr.,"Temecula, Calif.",Great Oak,University of Saint Katherine
Rhyn Chambers,Chaminade,2025,73,,R,R,So.,"San Clemente, Calif.",San Clemente,
Xavier Stoker,Chaminade,2025,74,,R,R,Sr.,"Cedar City, Utah",Canyon View,College of the Canyons
Ryan Shimabukuro,Chaminade,2025,72,,L,L,Jr.,"El Cerrito, Calif.",Saint Mary's College,College of Marin
Hunter Belmodis,Chaminade,2025,68,,L,L,Jr.,"Waipahu, O'ahu, Hawai'i",University Lab,Southwestern Oregon CC
Izack Takazawa,Chaminade,2025,72,,R,R,So.,"Honolulu, O'ahu, Hawai'i",Iolani,St. Olaf College
Reyn Kapua,Chaminade,2025,71,,R,R,So.,"Honolulu, O'ahu, Hawai'i",Mid-Pacific Institute,
Bryan Fernandez,Chaminade,2025,71,,R,R,So.,"Anaheim, Calif.",Crean Lutheran,
Kooper Houvouras,Chaminade,2025,72,,R,R,Fr.,"Cocoa Beach, Fla.",Cocoa Beach,
Tyler Geivet,Chaminade,2025,74,,R,R,Fr.,"Aliso Viejo, Calif.",Aliso Niguel,
Joseph Perez,Chaminade,2025,75,,R,R,Jr.,"Goodyear, Ariz.",Verrado,Glendale CC
Ace Perry,Chaminade,2025,72,,R,L,So.,"Kaneohe, O'ahu, Hawai'i",University,
Neville Till,Chaminade,2025,78,,R,R,Fr.,"Maple Valley, Wash.",Tahoma,
Joseph Cossette,Chaminade,2025,76,,L,R,Sr.,"Rancho Santa Margarita, Calif.",Laguna Hills,Cerritos College
Anthony O'Canas,Chaminade,2025,72,,L,L,Jr.,"Woodland, Calif.",Woodland,American River College
Brayden Wells,Chaminade,2025,74,,L,L,Sr.,"Pullman, Wash.",Pullman,Lower Columbia CC
Casey Kudell,Chaminade,2025,72,,L,R,Sr.,"Irvine, Calif.",Irvine,Irvine Valley College
Jackson Dorn,Chaminade,2025,76,,L,R,Sr.,"Happy Valley, Ore.",Clackamas,Mt. Hood CC
Mac Elske,Chaminade,2025,74,,R,R,Sr.,"Lake Oswego, Ore.",Lakeridge,Lower Columbia CC
Harrison Clark,Chaminade,2025,74,,R,R,Jr.,"Snoqualmie, Wash.",Mount Si,Bellevue College
Skylar Lenihan,Chaminade,2025,73,,R,R,Jr.,"Vancouver, B.C., Canada",Lord Byng,College of Marin
Evon Williams,Chaminade,2025,73,,R,R,So.,"San Ramon, Calif.",Dougherty Valley,
Chris Cody,Chaminade,2025,74,,R,R,Jr.,"Orange, Calif.",El Modena,Irvine Valley College
Blaze Carlson,Chaminade,2025,73,,L,L,Fr.,"Honolulu, O'ahu, Hawai'i",Hawai'i Technology Academy,
Zion Palea,Chaminade,2025,74,,R,R,Fr.,"Hilo, Hawai'i",Hilo,
Safea Villaruz-Mauai,Chaminade,2025,74,,L,L,R-Sr.,"Hilo, Hawai'i",Waiakea,BYU
Blake Beckley,Chapman,2025,73,195,,,Sr.,"Laguna Beach, Calif.",Capistrano Valley,
Brennan Beckley,Chapman,2025,73,195,,,Sr.,"Laguna Beach, Calif.",Capistrano Valley,
Tyler Field,Chapman,2025,74,205,,,Fr.,"Newbury Park, Calif.",Newbury Park,
Brent Valentine,Chapman,2025,71,190,,,Fr.,"Los Altos, Calif.",Saint Francis,
AJ Campana,Chapman,2025,69,175,,,Fr.,"Pasadena, Calif.",Marantha,
Charlie Sturm,Chapman,2025,69,180,,,So.,"Portland, Ore.",Jesuit Portland,
Thomas Golbranson,Chapman,2025,75,200,,,Sr.,"Newport Beach, Calif",JSerra Catholic,
Josh Nowlin,Chapman,2025,75,205,,,So.,"Huntington Beach, Calif.",Edison,
Joey Capobianco,Chapman,2025,76,200,,,Fr.,"Laguna Beach, Calif.",Laguna Beach,
Nick Naccarato,Chapman,2025,73,190,,,Sr.,"Carlsbad, Calif.",Sage Creek,
Max Toporek,Chapman,2025,68,170,,,Fr.,"Dana Point, Calif.",Tarbut V Torah,
Matthew Kuromoto,Chapman,2025,72,175,,,So.,"Irvine, Calif",Woodbridge,
Ryan Nopper,Chapman,2025,71,175,,,Jr.,"Mission Viejo, Calif.",Santa Margarita,
Nate Jensen,Chapman,2025,74,215,,,Fr.,"Virginia Beach, Va.",Cape Henry,
Eli Biehl,Chapman,2025,75,230,,,Jr.,"Beverly Hills, Calif.",Beverly Hills,
Austin Dudas,Chapman,2025,70,185,,,Sr.,"Thousand Oaks, Calif.",Oaks Christian,
Andrew Powers,Chapman,2025,74,225,,,Fr.,"Bethesda, Md.",St. John's,
Brady Altman,Chapman,2025,71,195,,,So.,"Fox Island, Wash.",Gig Harbor,
Evan Falke,Chapman,2025,75,215,,,Fr.,"Greenwood Village, Colo.",Cherry Creek,
Jordan Kingston,Chapman,2025,77,240,,,Fr.,"Tarzana, Calif.",Calabasas,
Graham Stogner,Chapman,2025,72,225,,,Jr.,"Peachtree Corners, Ga.",Greater Atlanta Christian,
Brad Lang,Chapman,2025,76,225,,,Sr.,"Englewood, Colo.",Cherry Creek,
Jaxon Scheibe,Chapman,2025,76,200,,,Fr.,"San Diego, Calif.",Santa Fe Christian,
Matt Campopiano,Chapman,2025,72,195,,,So.,"Walnut Creek, Calif",Northgate,
Henry Chabot,Chapman,2025,72,220,,,Jr.,"Paradise Valley, Ariz.",Brophy Prep,
Matt Cristol,Chapman,2025,71,195,,,Jr.,"Columbus, Ohio",IMG Academy,
Sloan Steimel,Chapman,2025,74,195,,,Fr.,"Denver, Colo.",Thomas Jefferson,
Luke Bradley,Chapman,2025,77,190,,,So.,"San Francisco, Calif",University,
Ryan Iveson,Chapman,2025,78,220,,,Fr.,"Costa Mesa, Calif.",Mater Dei,
Colin Godfrey,Chapman,2025,76,215,,,Jr.,"Lafayette, Calif.",Campolindo,
Jake Fields,Chapman,2025,76,195,,,Fr.,"Alamo, Calif.",Monte Vista,
Finean Hunter-Kenney,Chapman,2025,73,205,,,Fr.,"San Francisco, Calif.",Lowell,
Blake Wittman,Chapman,2025,73,195,,,Sr.,"Bellevue, Wash.",Newport,
Pierce Martin,Chapman,2025,74,205,,,Fr.,"Denver, Colo",Regis Jesuit,
Josh Phillips,Chapman,2025,76,225,,,Sr.,"San Clemente, Calif.",JSerra Catholic,
Joshua Cantwell-Nahrung,Chapman,2025,72,195,,,Jr.,"Los Altos, Calif.",Homestead,
Dariyan Pendergrass,Charleston,2025,70,185,,,,"Hartsville, S.C.",,
Rafael Soto,Charleston,2025,70,185,,,,"Rahway, N.J.",,
Schley Gordy,Charleston,2025,73,185,,,,"Alpharetta, Ga.",,
Tyler Sorrentino,Charleston,2025,70,160,,,,"Roseland, N.J.",,
Brent Gibbs,Charleston,2025,67,160,,,,"Columbia, S.C.",,
Ben Venables,Charleston,2025,70,175,,,,"Rock Hill, S.C.",,
Payton Frehner,Charleston,2025,72,190,,,,"Waukesha, Wis.",,
Dylan Johnson,Charleston,2025,73,210,,,,"Lexington, S.C.",,
Hayden Thomas,Charleston,2025,72,190,,,,"Lexington, S.C.",,
Drew Medley,Charleston,2025,74,170,,,,"Gaffney, S.C.",,
Alex Lyon,Charleston,2025,72,195,,,,"Columbia, S.C.",,
Jayden Novak,Charleston,2025,74,215,,,,"North Haven, Conn.",,
Aidan Hunter,Charleston,2025,75,210,,,,"Hanahan, S.C.",,
Ethan Plyler,Charleston,2025,72,190,,,,"Lexington, S.C.",,
Landon Penfield,Charleston,2025,73,190,,,,"Blythewood, S.C.",,
Isaiah Rainge,Charleston,2025,70,190,,,,"Grovetown, Ga.",,
Davis Aiken,Charleston,2025,70,200,,,,"Simpsonville, S.C.",,
Mike Eggert,Charleston,2025,75,225,,,,"Greenville, S.C.",,
Matthew Dominianni,Charleston,2025,72,170,,,,"Summerville, S.C.",,
Jake Brink,Charleston,2025,74,200,,,,"Whitestone, N.Y.",,
Derek Duval,Charleston,2025,73,260,,,,"Rotterdam, N.Y.",,
Chase Jarnagin,Charleston,2025,73,180,,,,"Mount Pleasant, S.C.",,
JD Suarez,Charleston,2025,73,185,,,,"Charlotte, N.C.",,
Alex Christie,Charleston,2025,77,230,,,,"Greenwood, Ind.",,
Ricky Williams,Charleston,2025,74,210,,,,"Lexington, S.C.",,
Garrick Murray,Charleston,2025,75,200,,,,"Charleston, S.C.",,
Ellis Chang,Charleston,2025,70,180,,,,"Charleston, S.C.",,
Avery Neaves,Charleston,2025,74,225,,,,"Reston, Va.",,
Kevin Steelman,Charleston,2025,77,215,,,,"Columbia, S.C.",,
Daniel Brooks,Charleston,2025,79,250,,,,"Mt. Pleasant, S.C.",,
Alex LaCoste,Charleston,2025,76,205,,,,"Simpsonville, S.C.",,
Jace Rainey,Charleston,2025,75,190,,,,"Bellevue, Wash.",,
Hogan Garner,Charleston,2025,71,180,,,,"Charleston, S.C.",,
Peyton Nelson,Charleston,2025,70,155,,,,"Greenville, S.C.",,
Kevin Samonsky,Charleston,2025,72,180,,,,"Irmo, S.C.",,
Walker Coleman,Charleston,2025,76,160,,,,"Greenville, S.C.",,
Geneo Savoca,Charleston,2025,69,170,,,,"Albany, N.Y.",,
Will Baumhofer,Charleston,2025,70,185,,,,"Greenville, S.C.",,
Asher Lucas,Charleston,2025,71,175,,,,"Cary, N.C.",,
Hunter Phipps,Charleston,2025,75,170,,,,"Irmo, S.C.",,
Angel Diaz,Chowan,2025,69,,,,R-Sr.,"Naranjito, P.R.",Vernon CC,
Christopher Rumaldo,Chowan,2025,70,,,,Jr.,"Canovanas, P.R.",Frank Phillips College,
Ben Bausas,Chowan,2025,70,,,,Sr.,"Virginia Beach, Va.",Kempsville HS,
Caden Rector,Chowan,2025,68,,,,Sr.,"Knoxville, Tenn.",Columbia State CC,
Nick Cleghorn,Chowan,2025,70,,,,Sr.,"Suffolk, Va.",Lakeland HS,
Matthew Lovitt,Chowan,2025,73,,,,Jr.,"Richlands, NC",Jacksonville HS,
Jacob Walker,Chowan,2025,72,,,,Jr.,"Durham, NC",Liberty Christian HS,
Elvis Rumaldo,Chowan,2025,72,,,,Sr.,"Canovanas, P.R.",Sterling College,
Ethan M. Robinson,Chowan,2025,72,,,,Jr.,"Tulsa, Okla.",Mid-America Christian,
TyShawn Sellers,Chowan,2025,74,,,,Sr.,"Wilson, N.C.",Wilson Christian Aca.,
Noah Simpson,Chowan,2025,70,,,,R-So.,"Currituck, N.C.",Bryant & Stratton College,
Ethan Robinson,Chowan,2025,70,,,,Sr.,"Tulsa, OK",Mid-Atlantic Christian,
Jackson Dunlap,Chowan,2025,74,,,,Sr.,"Clayton, N.C.",Clayton HS,
Dylan Nickle,Chowan,2025,72,,,,Sr.,"Port Deposit, Md.",Cecil College,
Nicky Wohleking,Chowan,2025,73,,,,R-Sr.,"Kilmarnock, Va.",Lancaster HS,
Brendan Sanzo,Chowan,2025,72,,,,Sr.,"Suffolk, Va.",Kings Fork HS,
Nicholas Nichols,Chowan,2025,69,,,,Jr.,"Potts Camp, MS",Potts Camp HS,
Zackary Wilson,Chowan,2025,73,,,,Jr.,"Sorrento, FL",Mount Dora Christian Academy,
Caleb Karie,Chowan,2025,73,,,,Sr.,"Angier, N.C.",West Johnston HS,
Derrick Wade,Chowan,2025,72,,,,R-So.,"Bunn, NC",Bunn HS,
Rowan Hudson,Chowan,2025,74,,,,R-Jr.,"Sunrise, Fla.",St. Thomas Aquinas HS,
Geomar Santana,Chowan,2025,68,,,,Sr.,"Vega Vaja, P.R.",Clarendon CC,
Joshua James,Chowan,2025,74,,,,Sr.,"Winterville, N.C.",South Central HS,
Teray Cherry,Chowan,2025,74,,,,R-Jr.,"Greenville, NC",J.H. Rose HS,
Trevon Person,Chowan,2025,70,,,,R-Fr.,"Louisburg, N.C.",Heritage HS,
Ryan Bellamy,Chowan,2025,74,,,,Sr.,"Cape Carteret, N.C.",Croatan HS,
Konnor Tomczak,Chowan,2025,75,,,,Sr.,"Suffolk, Va.",Kings Fork HS,
Kevin Miranda,Chowan,2025,74,,,,R-Sr.,"Cidra, P.R.",Coppin State,
Gabriel Espiritu,Chowan,2025,75,,,,Jr.,"Gloucester, VA",Gloucester HS,
Nick Reiss,Chowan,2025,75,,,,Jr.,"Wake Forest, NC",Franklinton HS,
Carrington Williams,Chowan,2025,70,,,,Sr.,"Durham, N.C.",Jordan HS,
Josh Wise,Chowan,2025,75,,,,So.,"Elizabeth City, N.C.",Pasquotank County HS,
John Leary,Chowan,2025,68,,,,Fr.,"Elizabeth City, NC",Pasquotank County HS,
Peyton Clay,Chowan,2025,72,,,,Fr.,"Nashville, NC",Northern Nash HS,
Marcus Byrd,Chowan,2025,72,,,,Fr.,"Winterville, NC",South Central HS,
Payton Jernigan,Chowan,2025,75,,,,Jr.,"Dunn, N.C.",South Johnston HS,
Cody Ives,Chowan,2025,74,,,,Jr.,"Elizabeth City, NC",Camden County HS,
Nicolas Cataldo,Chowan,2025,79,,,,So.,"Rancho Cucamonga, Calif.",Pasadena City College,
Warren Bailey,Chowan,2025,73,,,,Sr.,"Norfolk, Va.",Bryan & Stratton CC,
Nicholas Mason,Chowan,2025,72,,,,So.,"Raeford, N.C.",Village Christian Academy,
Gabe King,Chowan,2025,71,,,,Sr.,"Hillsboro, Mo.",Jefferson College,
John Yancey,Chowan,2025,70,,,,Jr.,"Garner, N.C.",South Garner HS,
Dawson Wiggins,Chowan,2025,72,,,,R-Jr.,"Dunn, NC",Pfeiffer University,
Samari Robinson,Chowan,2025,70,,,,So.,"Cary, N.C.",Green Level HS,
Josh Tripp,Chowan,2025,73,,,,Fr.,"Greenville, NC",Ayden-Grifton HS,
Landon Heller,Chowan,2025,72,,,,R-Jr.,"Raleigh, NC",Franklinton HS,
Landon Tyndall,Chowan,2025,76,,,,So.,"Deep Run, NC",South Lenoir HS,
Carson Everette,Chowan,2025,72,,,,R-Jr.,"Greenville, N.C.",JH Rose HS,
Carson Hervey,Chowan,2025,72,,,,Fr.,"Durham, N.C.",Ravenscroft School,
Ray Shaw,Chowan,2025,70,,,,Fr.,"Greenville, NC",John Paul II Catholic HS,
Alex Brown,Chowan,2025,69,,,,Sr.,"Virginia Beach, Va.",Bayside HS,
"Duane Henderson, Jr.",Claflin,2025,69,195,R,R,Gr.,"Detroit, Michigan",,Henry Ford C.C.
Kimon Quarles,Claflin,2025,68,200,L,R,Sr.,"Laurens, South Carolina",,Union
Michael Coit,Claflin,2025,69,170,R,R,Sr.,"PG County, Maryland",,
Elijah Bonner,Claflin,2025,72,195,R,R,Jr.,"Greenville, North Carolina",,Louisburg
Jemal Scarborough,Claflin,2025,66,155,R,R,So.,"Hopkins, South Carolina",,
Nehemiah Drew,Claflin,2025,71,170,L,L,So.,"Raleigh, North Carolina",,Louisburg
LeAndre Turner,Claflin,2025,68,175,R,R,So.,"Detroit, Michigan",,Grambling State
Anthony Mack,Claflin,2025,70,160,R,R,So.,"Orangeburg, South Carolina",,
Christian Hill,Claflin,2025,70,225,R,R,So.,"Macon, Georgia",,Rust
Isaiah Mitchell,Claflin,2025,69,160,L,L,Fr.,"Red Oak, Texas",,
Kyle Hawkins,Claflin,2025,68,190,R,R,Gr.,"Riverview, Fla.",,
Devin Tallington,Claflin,2025,72,175,,,Jr.,"Lithonia, Georgia",,Rust
D.J. Mungenast,Claflin,2025,69,190,R,R,Sr.,"Dacula, Georgia",,Barton
Tyson Carter,Claflin,2025,72,180,R,R,Jr.,"Southfield, Michigan",,Olivet
Anthony Hardy,Claflin,2025,70,230,R,R,So.,"Southfield, Michigan",,
Aiden McDaniel,Claflin,2025,72,160,R,R,Fr.,"Rowesville, South Carolina",,
Connor Polk,Claflin,2025,72,165,,,Fr.,"Atlanta, Georgia",,
Xavier Campbell,Claflin,2025,74,195,,,Jr.,"Fayetteville, Georgia",,Rust
Rashid Muhammad,Claflin,2025,65,160,R,R,So.,"Gray, Georgia",,Rust
Jashawn Benbow,Claflin,2025,75,179,R,L,Jr.,"Dalzell, South Carolina",,Francis Marion
Jarin Johnson,Claflin,2025,75,180,R,R,Fr.,"Buford, Georgia",,
Olin Evans,Claflin,2025,71,170,R,R,Fr.,"Griffin, Georgia",,Rust
Daniel Young,Claflin,2025,75,180,R,R,Fr.,"Warner Robins, Georgia",,
Thomas Williams,Claflin,2025,72,215,R,R,So.,"Lexington, South Carolina",,Bluefield State
Torian Bunkley,Claflin,2025,72,185,R,R,Jr.,"Riverdale, Georgia",,Tuskegee
Tyler Gilbert,Claflin,2025,71,230,R,R,So.,"Macon, Georgia",,Rust
Adrian Wiggins,Claflin,2025,69,180,L,L,So.,"Galloway, New Jersey",,
Daniel Brown,Claflin,2025,73,225,R,R,Fr.,"Pelion, South Carolina",,
Elijah Solammon,Claflin,2025,71,170,R,R,So.,"Atlanta, Georgia",,
Jordan Jackson,Claflin,2025,72,170,R,R,So.,"Stockbridge, Georgia",,
Travyon Taylor,Claflin,2025,71,245,R,R,Fr.,"Riverdale, Georgia",,
Tyriq Snead,Claflin,2025,69,177,R,R,So.,"Powder Springs, Georgia",,
Tanner Brewer,Claflin,2025,70,230,,,So.,"Bamberg, South Carolina",,
Walker Thompson,Claflin,2025,72,185,R,R,Fr.,"Columbia, South Carolina",,
Chase Jackson,Claflin,2025,70,225,,,Fr.,"Charlotte, North Carolina",,Gardner-Webb
Jack Potter,Claremont-Mudd-Scripps,2025,73,,,,Sr.,"Seattle, WA",Lakeside,
Blaise Heher,Claremont-Mudd-Scripps,2025,69,,,,Jr.,"Lake Oswego, OR",Lake Oswego,
Dominic Rolla,Claremont-Mudd-Scripps,2025,71,,,,Jr.,"San Jose, CA",Bellarmine Prep,
Keegan Cabrera,Claremont-Mudd-Scripps,2025,72,,,,Fr.,"Issaquah, WA",O'Dea,
Derek Seneker,Claremont-Mudd-Scripps,2025,71,,,,Sr.,"Lake Oswego, OR",Lakeridge,
Hamilton Finefrock,Claremont-Mudd-Scripps,2025,72,,,,Sr.,"Santa Barbara, CA",Bishop Diego,
Max Pemberton,Claremont-Mudd-Scripps,2025,70,,,,Fr.,"Long Beach, CA",Long Beach Poly,
Slader Spoor,Claremont-Mudd-Scripps,2025,68,,,,Jr.,"Scottsdale, AZ",Chaparral,
Kody Perry,Claremont-Mudd-Scripps,2025,72,,,,Jr.,"Greenbrae, CA",Marin Catholic,
Charlie Kalil,Claremont-Mudd-Scripps,2025,70,,,,Fr.,"Evanston, IL",Evanston Township,
Bryan Garcia,Claremont-Mudd-Scripps,2025,68,,,,Jr.,"Los Angeles, CA",Salesian,
Bryant Smaaladen,Claremont-Mudd-Scripps,2025,73,,,,Jr.,"Orange, CA",El Modena,
Carter Bennett,Claremont-Mudd-Scripps,2025,70,,,,Fr.,"Woodland Hills, CA",Chaminade Prep,
Jack Cahill,Claremont-Mudd-Scripps,2025,74,,,,So.,"Seattle, WA",Seattle Prep,
Aaron Herst,Claremont-Mudd-Scripps,2025,74,,,,Jr.,"Seattle, WA",Garfield,
Nate Seluga,Claremont-Mudd-Scripps,2025,70,,,,So.,"Milford, CT",Hopkins School,
Alex Henderson,Claremont-Mudd-Scripps,2025,75,,,,So.,"Mercer Island, WA",Mercer Island,
Hudson Hilen,Claremont-Mudd-Scripps,2025,72,,,,Fr.,"Seattle, WA",Seattle Academy,
Dillon Martin,Claremont-Mudd-Scripps,2025,73,,,,So.,"Ladera Ranch, CA",JSerra,
Rider Gordon,Claremont-Mudd-Scripps,2025,70,,,,So.,"Simi Valley, CA",Royal,
Stryker Scales,Claremont-Mudd-Scripps,2025,75,,,,So.,"Kailua, HI",Punahou,
Bryce Didrickson,Claremont-Mudd-Scripps,2025,72,,,,Jr.,"Bellevue, WA",Interlake,
PJ Wendler,Claremont-Mudd-Scripps,2025,73,,,,Sr.,"Fullerton, CA",Servite,
Vitaly DiBlasi,Claremont-Mudd-Scripps,2025,71,,,,So.,"Powell, OH",Olentangy,
Thomas Worth,Claremont-Mudd-Scripps,2025,72,,,,So.,"Denver, CO",Northfield,
Jackson Hisey,Claremont-Mudd-Scripps,2025,71,,,,So.,"Arcadia, CA",Marantha,
Andrew Mazzone,Claremont-Mudd-Scripps,2025,72,,,,Gr.,"Belmont, MA",Phillips Academy,
Colin McNiven,Claremont-Mudd-Scripps,2025,71,,,,Fr.,"Huntington Beach, CA",Huntington Beach,
Matthew Bergan,Claremont-Mudd-Scripps,2025,75,,,,Sr.,"Portola Valley, CA",Menlo -Atherton,
Berkeley Harsch,Claremont-Mudd-Scripps,2025,74,,,,So.,"Montclair, NJ",Seton Hall Prep,
JD Pearce,Claremont-Mudd-Scripps,2025,73,,,,Fr.,"Orinda, CA",Miramonte,
Luca Ciaramitaro,Claremont-Mudd-Scripps,2025,75,,,,So.,"Penfield, NY",McQuaid Jesuit,
Ethan Hemby,Claremont-Mudd-Scripps,2025,74,,,,So.,"Plano, TX",Plano,
Max Buchanan,Claremont-Mudd-Scripps,2025,76,,,,So.,"Chino Hills, CA",Diamond Bar,
Aiden Chaplin,Claremont-Mudd-Scripps,2025,73,,,,Fr.,"Boca Raton, FL",St. Andrew's,
Parker McGraw,Claremont-Mudd-Scripps,2025,73,,,,So.,"Palm City, FL",Benjamin School,
Henry Connell,Claremont-Mudd-Scripps,2025,68,,,,Sr.,"San Diego, CA",Clairemont,
Lucas Welch,Claremont-Mudd-Scripps,2025,74,,,,Sr.,"Tustin, CA",Beckman,
Andrew Blackett,Claremont-Mudd-Scripps,2025,72,,,,Jr.,"St. Petersburg, FL",St. Petersburg HS,
Charlie Hynes,Claremont-Mudd-Scripps,2025,74,,,,So.,"Chicago, IL",St. Ignatius,
Peyton Mullins,Cleary,2025,71,145,,,Fr,"Port Huron, MI",Port Huron,
Will Roberts,Cleary,2025,77,171,,,Sr,"Valparaiso, IN",Purdue Northwest,
Austin Vincent,Cleary,2025,70,147,,,Jr,"Lawrenceburg, KY",Georgetown College,
Tim Barno,Cleary,2025,76,197,,,Sr,"Monroe, MI",St. Mary Cath. Central,Jackson College
Nolan Green,Cleary,2025,69,155,,,Jr,"Walkerton, IN",Marian University's Ancilla College,
Parker Davis,Cleary,2025,72,200,,,So,"Lowell, MI",Lowell,
Juan Munoz,Cleary,2025,73,177,,,So,"Tampa, FL",Alonso,
Brendan Seman,Cleary,2025,70,158,,,RS Jr,"Sterling Heights, MI",St. Clair County Community College,
Joey Parinello,Cleary,2025,74,217,,,Jr,"Richmond, MI",Richmond,St. Clair County Comm. College
Brice Wesley,Cleary,2025,70,159,,,So,"Richmond, MI",Richmond,
Kevin Ramsey,Cleary,2025,73,186,,,Sr,"Indianapolis, IN",Triton Central,
Conner Boone,Cleary,2025,68,167,,,Jr,"Frankfort, IN",Marian University's Ancilla College,
Hector Montilla,Cleary,2025,71,200,,,So,"Clearwater, FL",Hillsborough Comm. College,
Ryan Lieng,Cleary,2025,74,206,,,Jr,"Milton, ON",Bishop Reding,
Jack Westerhoff,Cleary,2025,73,199,,,Sr,"Paw Paw, MI",Paw Paw,Purdue Northwest
Chris Hawkins,Cleary,2025,74,203,,,So,"Wixom, MI",Walled Lake Western,
Marty McDonald,Cleary,2025,73,202,,,Grad,"Traverse City, MI",Traverse City Cent.,Indiana Tech
Brady Alverson,Cleary,2025,71,186,,,Sr,"Saginaw, MI",Mid Michigan College,
Nate Raniszewski,Cleary,2025,73,218,,,Sr,"Redford, MI",Divine Chile,Schoolcraft
Haden Fisk,Cleary,2025,73,218,,,Sr,"Brown Deer, WI",Milwaukee Area Tech,
Keegan Hutchinson,Cleary,2025,67,147,,,Fr,"Battle Creek, MI",Lakeview,
Hayden Davis,Cleary,2025,69,197,,,Fr,"Freeport, MI",Lowell,
Joey Underwood,Cleary,2025,75,210,,,Sr,"Clinton Twp, MI",Muskegon Comm. College,
Brett Parris,Cleary,2025,75,180,,,Fr,"Howell, MI",Howell,
Zach Agemak,Cleary,2025,70,150,,,Sr,"Gibraltar, MI",Carlson,
Kyle Downard,Cleary,2025,77,217,,,Grad.,"Paw Paw, MI",St. Xavier,
Jacob Savina,Cleary,2025,74,171,,,Sr,"Antwerp, OH",Antwerp,Clark State
Brody Fay,Cleary,2025,70,151,,,Sr,"Surprise, AZ",Willow Canyon,Lakeland Univ.
Austin Santure,Cleary,2025,78,228,,,Sr,"Coldwater, MI",Jackson College,
Griffin Bryan,Cleary,2025,70,162,,,Sr,"Westland, MI",John Glenn,
Gavin Kempainen,Cleary,2025,68,177,,,Sr,"Howell, MI",Howell,Kellogg Comm. Coll.
Jake VanderHaar,Cleary,2025,71,166,,,Fr,"Frankenmuth, MI",Frankenmuth,
Chase Palmer,Cleary,2025,72,174,,,So,"Macomb, MI",Dakota,
Brodie Mackay,Cleary,2025,74,198,,,Jr,"Burlington, ON",Niagara University,
Joseph Miller,Cleary,2025,69,157,,,So,"Paw Paw, MI",Paw Paw,
Kyler Castle,Cleary,2025,69,145,,,Jr,"Sterling Heights, MI",Stevenson,
Ryan Rose,Cleary,2025,73,226,,,Jr,"Palmdale, CA",University of Antelope Valley,
Zach Marsee,Cleary,2025,75,197,,,So,"Armada, MI",Armada,
Noah Arbogast,Cleary,2025,70,148,,,Fr,"Clarkston, MI",Everest Collegiate,
Braylon Hughes,Cleary,2025,69,157,,,Jr,"Trenton, MI",Trenton,
Peter Houston,Cleary,2025,69,180,,,Sr,"Port Hope, ON",St. Mary's,
Jackson Heimbecker,Cleary,2025,72,198,,,Fr,"Guelph, ON",Our Lady of Lourdes,
Josh Lucier,Cleary,2025,75,279,,,Sr,"Haslett, MI",Haslett,Olivet
Ryan Davis,Cleary,2025,73,186,,,So,"Commerce Twp, MI",Walled Lake Central,
Anthony Blue,Cleary,2025,70,203,,,Fr,"Detroit, MI",UD Jesuit,
Ethan Zabel,Cleary,2025,75,160,,,Sr,"Clinton Twp, MI",Clintondale,
Sebastian Alexander,Coastal Carolina,2025,73,190,R,R,R-Sr.,"Mayfield, Ohio",Mayfield,Kent State / Phoenix College
Cameron Flukey,Coastal Carolina,2025,78,210,R,R,So.,"Egg Harbor Township, N.J.",Egg Harbor,
Ty Dooley,Coastal Carolina,2025,70,185,L,R,Sr.,"Elgin, S.C.",Blythewood,Radford
Walker Mitchell,Coastal Carolina,2025,71,180,R,R,So.,"Lexington, S.C.",River Bluff,
Chad Born,Coastal Carolina,2025,73,195,R,R,R-Sr.,"Placentia, Calif.",Orange Lutheran,Miami (Fla.)
Blake Barthol,Coastal Carolina,2025,69,185,L,R,Jr.,"Allentown, Pa.",Parkland,
Dean Mihos,Coastal Carolina,2025,69,165,R,R,Jr.,"Chester Springs, Pa.",Owen J. Roberts,
Ty Barrango,Coastal Carolina,2025,71,160,R,R,R-Jr.,"San Mateo, Calif.",Aragon,College of San Mateo
Jake Books,Coastal Carolina,2025,72,200,L,L,Jr.,"Royersford, Pa.",Spring-Ford,
Domenico Tozzi,Coastal Carolina,2025,70,195,R,R,Fr.,"Camp Hill, Pa.",Camp Hill Senior HS,
Colby Thorndyke,Coastal Carolina,2025,72,215,L,R,R-So.,"Lumberton, N.C.",,Brunswick CC
Caden Bodine,Coastal Carolina,2025,70,200,S,R,Jr.,"Haddon Heights, N.J.",Haddon Heights,
Hayden Johnson,Coastal Carolina,2025,77,215,L,L,So.,"Myrtle Beach, S.C.",Socastee,
Wells Sykes,Coastal Carolina,2025,68,185,R,R,Sr.,"Gilbert, S.C.",,Citadel
Jaxon Appelman,Coastal Carolina,2025,73,205,R,R,Fr.,"Edison, N.J.",Edison HS,
Blagen Pado,Coastal Carolina,2025,70,185,R,R,So.,"Haymarket, Va.",,Longwood
Calvin Junek,Coastal Carolina,2025,76,210,R,R,Fr.,"Sebastian, Fla.",TNXL HS,
Brice Estep,Coastal Carolina,2025,69,190,R,R,So.,"Ft. Mitchell, Ky.",P27 Academy,
Cullen McKay,Coastal Carolina,2025,73,210,R,R,Jr.,"Norfolk, Va.",,Virginia
Riley Eikhoff,Coastal Carolina,2025,70,185,R,R,R-Sr.,"Bristow, Va.",Patriot,
Freddy Rodriguez,Coastal Carolina,2025,70,160,R,R,Jr.,"Wellington, Fla.",,Barry University
Matthew Potok,Coastal Carolina,2025,76,220,R,R,R-Jr.,"Jackson, N.J.",Jackson Memorial,
Andrew Bowers,Coastal Carolina,2025,74,215,R,R,So.,"Mount Pleasant, S.C.",Oceanside Collegiate,
Scott Doran,Coastal Carolina,2025,76,220,R,R,Fr.,"Erdenheim, Pa.",The William Penn Charter School,
Ryan Perez,Coastal Carolina,2025,69,190,L,R,So.,"Greenwich, Conn.",,Longwood
Tadan Bell,Coastal Carolina,2025,74,197,L,L,R-So.,"Columbus, Neb.",Columbus,
Dawson Newman,Coastal Carolina,2025,73,180,L,L,Fr.,"Chesapeake, Va.",Great Bridge HS,
Chance Mako,Coastal Carolina,2025,77,190,R,R,So.,"Salisbury, N.C.",,NC State
Dylan Hansen,Coastal Carolina,2025,72,200,R,R,Fr.,"Exton, Pa.",Downington East HS,
Kylen Watson,Coastal Carolina,2025,72,195,L,R,Fr.,"Lititz, Pa.",Manheim Central HS,
Elias Holbert,Coastal Carolina,2025,76,244,R,R,R-Jr.,"Sherwood, Ore.",Sherwood,Everett C.C.
Darin Horn,Coastal Carolina,2025,76,200,R,R,R-Jr.,"Bluffton, S.C.",May River,
Dominick Carbone,Coastal Carolina,2025,70,180,L,L,So.,"Rocky Point, N.Y.",Rocky Point,
Oliver Ellison,Coastal Carolina,2025,73,199,R,R,So.,"Knoxville, Md.",Brunswick,
Matt Joyce,Coastal Carolina,2025,71,185,R,R,R-Sr.,"Braintree, Mass.",St. Sebastian's School,
Kaleb Huffman,Coastal Carolina,2025,71,210,L,L,Jr.,"Locust Grove, Ga.",,Gordan State College
Luke Jones,Coastal Carolina,2025,70,185,R,R,Fr.,"Greenville, S.C.",JL Mann HS,
Hudson Lance,Coastal Carolina,2025,69,185,R,R,Fr.,"Trinity, N.C.",Wesleyan Christian Academy,
Ryan Lynch,Coastal Carolina,2025,76,234,R,R,Sr.,"Snohomish, Wash.",Monroe,Bellevue College
Jacob Morrison,Coastal Carolina,2025,80,245,R,R,R-So.,"Flushing, Mich.",Flushing,
Adam Wilkerson,Coker,2025,72,165,L,L,Sr.,"Harrisburg, NC",Hickory Ridge High School,
Rocco Wojcik,Coker,2025,71,170,L,R,Fr.,"Myrtle Beach, SC",Socastee High School,
Gabriel Santiago,Coker,2025,65,140,R,R,R-Sr.,"Orlando, FL",Newberry College,
Cameron Ferrell,Coker,2025,69,160,R,R,Sr.,"Lexington, SC",Newberry College,
Jacob Yarberry,Coker,2025,70,180,R,R,Sr.,"Royal Oak, MI",Detroit Country Day School,
Jaylen Mack,Coker,2025,69,180,R,R,Sr.,"Lumberton, NC",Southeastern Community College,
Ick Cirino,Coker,2025,70,190,R,R,Sr.,"Charlotte, NC",Wake Tech Community College,
Jack Goldberg,Coker,2025,72,150,R,R,So.,"Weston, FL",Cypress Bay High School,
Hunter Poole,Coker,2025,72,140,L,R,Sr.,"Fayetteville, NC",Brunswick Community College,
Jimmy Rosengrant,Coker,2025,69,180,R,R,Sr.,"Boiling Springs, SC",Boiling Springs High School,
Gavin Edens,Coker,2025,68,165,R,R,Fr.,"Moncks Corner, SC",Berkeley High School,
Tristan Hunt,Coker,2025,71,190,R,R,Jr.,"McColl, SC",University of South Carolina Lancaster,
Grayson Weekley,Coker,2025,71,170,R,R,Fr.,"Hartsville, SC",Hartsville High School,
Corbin Wright,Coker,2025,68,232,R,L,So.,"West Columbia, SC",Airport High School,
Alex Lazar,Coker,2025,68,155,R,R,So.,"Coral Springs, FL",Marjory Stoneman Douglas High School,
Luke Peterson,Coker,2025,71,160,R,R,So.,"Lithia, FL",Newsome High School,
Aaron Diaz,Coker,2025,70,180,R,R,Sr.,"Lawrence, SC",Port St. Lucie High School,
Landon Reeves,Coker,2025,70,150,R,R,Jr.,"Denver, NC",North Lincoln High School,
Cooper Thomas,Coker,2025,76,190,R,R,Sr.,"Piedmont, SC",Wren High School,
Jacob Hardy,Coker,2025,77,180,R,R,Jr.,"Columbia, SC",Blythewood High School,
Kyle Stock,Coker,2025,72,190,R,R,Fr.,"Charleston, SC",James Island Charter High School,
Keaton Anderson,Coker,2025,74,200,R,R,Sr.,"Clayton, N.C.",Corinth Holders High School,
Casey Cleghorn,Coker,2025,72,155,L,L,So.,"Boca Raton, FL",Boca High School,
Nic Curtis,Coker,2025,75,205,R,R,Sr.,"Tega Cay, SC",Fort Mill High School,
Kyler Odom,Coker,2025,74,205,L,L,Jr.,"Turbeville, SC",North Greenville University,
Aiden Perry,Coker,2025,68,155,R,R,Fr.,"Woodstock, GA",River Ridge High School,
Britton Adams,Coker,2025,72,185,R,R,Sr.,"York, S.C.",York Comprehensive High School,
Jack Clifford,Coker,2025,74,180,R,R,Jr.,"Newburgh, NY",SUNY Sullivan,
Jacob Maness,Coker,2025,70,162,R,R,Sr.,"Lake Wylie, SC",Clover High School,
Ian Miller,Coker,2025,75,180,R,R,So.,"Lexington, SC",Lexington High School,
Tyler Satterley,Coker,2025,72,185,R,R,Sr.,"Myrtle Beach, SC",Southeastern Community College,
Cooper Godsave,Coker,2025,75,200,R,R,Fr.,"Summerville, SC",Ashley Ridge High School,
Graham Whittle,Coker,2025,71,175,R,R,Fr.,"West Columbia, SC",Airport High School,
Connor Wood,Coker,2025,72,220,R,R,So.,"Lexington, SC",White Knoll High School,
Justin Skinnell,Coker,2025,75,180,R,R,Jr.,"Clover, SC",Clover High School,
Wyatt Tucker,Coker,2025,74,195,R,R,So.,"Columbia, SC",Spring Valley High School,
Ron Robinson,Coker,2025,71,205,R,R,Jr.,"Lancaster, SC",University of South Carolina Lancaster,
Cody Chapman,Coker,2025,80,245,R,R,Sr.,"Gastonia, NC",Gaston Christian School,
Chase Stewart,Coker,2025,,170,R,R,So.,"Charlotte, NC",Guilford College,
Luke Alford,Coker,2025,71,200,L,R,So.,"Pawleys Island, SC",Waccamaw High School,
Leighton Bost Jr.,Coker,2025,71,175,L,L,JR.,"Lexington, SC",Lexington High School,
Ryan Ford,Coker,2025,70,180,R,R,Jr.,"Pickens, SC",Pickens High School,
Maxwell Albanese,Coker,2025,67,140,R,R,Fr.,"Myrtle Beach, SC",St. James High School,
Keagan Brown,Coker,2025,68,170,R,R,Fr.,"Murrells Inlet, SC",St. James High School,
Zach Johnson,Coker,2025,72,175,R,R,Fr.,"Conway, SC",Atlantic Collegiate Academy,
Alex Lebron,Coker,2025,73,135,R,L,Sr.,"Hope Mills, NC",Southeastern Community College,
Aaron Fortune,Coker,2025,70,175,R,R,R-Jr.,"Simpsonville, SC",Southside Christian School,
Felix Dubois,Coker,2025,74,212,R,R,R-Fr.,"Boucherville, Quebec",TNXL Academy,
Cooper Queen,Coker,2025,74,200,L,L,Fr.,"York, SC",York Comprehensive High School,
Luke Keller,Coker,2025,69,170,L,R,So.,"Fort Mill, SC",Nation Ford High School,
Skiler Jackson,Coker,2025,74,185,R,R,Fr.,"Lugoff, SC",Lugoff-Elgin High School,
Matthew Moore,Coker,2025,74,155,L,R,So.,"Columbia, SC",Dreher High School,
Miller Harrelson,Coker,2025,72,185,L,L,Fr.,"West Columbia, SC",Airport High School,
Campbell Denton,Coker,2025,69,155,L,L,Fr.,"Camden, SC",Camden High School,
Ryan Bruno,Coker,2025,72,170,R,R,Fr.,"Summerville, SC",Ashley Ridge High School,
Michael Terribile,Coker,2025,73,190,R,R,So.,"Fort Mill, SC",Bob Jones University,
Dariyan Pendergrass,College of Charleston,2025,70,185,,,,"Hartsville, S.C.",,
Rafael Soto,College of Charleston,2025,70,185,,,,"Rahway, N.J.",,
Schley Gordy,College of Charleston,2025,73,185,,,,"Alpharetta, Ga.",,
Tyler Sorrentino,College of Charleston,2025,70,160,,,,"Roseland, N.J.",,
Brent Gibbs,College of Charleston,2025,67,160,,,,"Columbia, S.C.",,
Ben Venables,College of Charleston,2025,70,175,,,,"Rock Hill, S.C.",,
Payton Frehner,College of Charleston,2025,72,190,,,,"Waukesha, Wis.",,
Dylan Johnson,College of Charleston,2025,73,210,,,,"Lexington, S.C.",,
Hayden Thomas,College of Charleston,2025,72,190,,,,"Lexington, S.C.",,
Drew Medley,College of Charleston,2025,74,170,,,,"Gaffney, S.C.",,
Alex Lyon,College of Charleston,2025,72,195,,,,"Columbia, S.C.",,
Jayden Novak,College of Charleston,2025,74,215,,,,"North Haven, Conn.",,
Aidan Hunter,College of Charleston,2025,75,210,,,,"Hanahan, S.C.",,
Ethan Plyler,College of Charleston,2025,72,190,,,,"Lexington, S.C.",,
Landon Penfield,College of Charleston,2025,73,190,,,,"Blythewood, S.C.",,
Isaiah Rainge,College of Charleston,2025,70,190,,,,"Grovetown, Ga.",,
Davis Aiken,College of Charleston,2025,70,200,,,,"Simpsonville, S.C.",,
Mike Eggert,College of Charleston,2025,75,225,,,,"Greenville, S.C.",,
Matthew Dominianni,College of Charleston,2025,72,170,,,,"Summerville, S.C.",,
Jake Brink,College of Charleston,2025,74,200,,,,"Whitestone, N.Y.",,
Derek Duval,College of Charleston,2025,73,260,,,,"Rotterdam, N.Y.",,
Chase Jarnagin,College of Charleston,2025,73,180,,,,"Mount Pleasant, S.C.",,
JD Suarez,College of Charleston,2025,73,185,,,,"Charlotte, N.C.",,
Alex Christie,College of Charleston,2025,77,230,,,,"Greenwood, Ind.",,
Ricky Williams,College of Charleston,2025,74,210,,,,"Lexington, S.C.",,
Garrick Murray,College of Charleston,2025,75,200,,,,"Charleston, S.C.",,
Ellis Chang,College of Charleston,2025,70,180,,,,"Charleston, S.C.",,
Avery Neaves,College of Charleston,2025,74,225,,,,"Reston, Va.",,
Kevin Steelman,College of Charleston,2025,77,215,,,,"Columbia, S.C.",,
Daniel Brooks,College of Charleston,2025,79,250,,,,"Mt. Pleasant, S.C.",,
Alex LaCoste,College of Charleston,2025,76,205,,,,"Simpsonville, S.C.",,
Jace Rainey,College of Charleston,2025,75,190,,,,"Bellevue, Wash.",,
Hogan Garner,College of Charleston,2025,71,180,,,,"Charleston, S.C.",,
Peyton Nelson,College of Charleston,2025,70,155,,,,"Greenville, S.C.",,
Kevin Samonsky,College of Charleston,2025,72,180,,,,"Irmo, S.C.",,
Walker Coleman,College of Charleston,2025,76,160,,,,"Greenville, S.C.",,
Geneo Savoca,College of Charleston,2025,69,170,,,,"Albany, N.Y.",,
Will Baumhofer,College of Charleston,2025,70,185,,,,"Greenville, S.C.",,
Asher Lucas,College of Charleston,2025,71,175,,,,"Cary, N.C.",,
Hunter Phipps,College of Charleston,2025,75,170,,,,"Irmo, S.C.",,
Nathan Webb,Columbus State,2025,72,220,R,R,Jr.,"Jacksonville, Fla.",,South Georgia State College
Jackson Chizek,Columbus State,2025,70,160,R,R,Jr.,"Loganville, Ga.",,Loganville HS
Luke Meszar,Columbus State,2025,69,160,R,R,Fr.,"Peachtree City, Ga.",,McIntosh HS
Ethan Crawley,Columbus State,2025,72,175,R,R,So.,"Kennesaw, Ga.",,Allatoona HS
Sebastian Collender,Columbus State,2025,72,205,R,R,So.,"Woodstock, Ga.",,Glenville State University
Maddox Mueller,Columbus State,2025,71,180,R,R,Jr.,"Fayetteville, Ga.",,Andrew Junior College
Bryce Knox,Columbus State,2025,74,220,R,R,Jr.,"Fairhope, Ala.",,Central Alabama Community College
Landen Jensen,Columbus State,2025,70,180,R,R,Jr.,"Sarasota, Fla.",,Coastal Alabama Community College - South
Tyson Kirkland,Columbus State,2025,73,185,L,R,Sr.,"Headland, Ala.",,Lawson State Community College
Jonathan Croxton,Columbus State,2025,71,180,R,R,Fr.,"Acworth, Ga.",,North Paulding HS
Riley Poppe,Columbus State,2025,74,175,R,R,Fr.,"Cumming, Ga.",,West Forsyth HS
Andrew Rubin,Columbus State,2025,70,175,R,R,Sr.,"Northbrook, Ill.",,Oakton Community College
Victor Junco,Columbus State,2025,70,175,R,R,Fr.,"Dallas, Ga.",,North Paulding HS
Michael Cruz,Columbus State,2025,70,175,R,R,Jr.,"Miami, Fla.",,Caldwell University
Ian King,Columbus State,2025,70,175,R,R,Sr.,"Loganville, Ga.",,South Georgia State College
Kole McGlumphy,Columbus State,2025,73,195,R,R,So.,"Cumming, Ga.",,Forsyth Central High School
Coates Massey,Columbus State,2025,74,220,R,R,So.,"Fortson, Ga.",,Brookstone HS
Cayden Evans,Columbus State,2025,75,185,L,R,Jr.,"Largo, Fla.",,Coastal Alabama Community College - South
Nick Davidson,Columbus State,2025,69,170,L,L,Jr.,"Winter Springs, Fla.",,Santa Fe Junior College
Christian Harmon,Columbus State,2025,71,175,R,R,Jr.,"Peachtree Corners, Ga.",,Gordon State College
Luke Miller,Columbus State,2025,72,180,L,L,Fr.,"Cartersville, Ga.",,Cartersville HS
Cole Eison,Columbus State,2025,70,170,L,R,So.,"Winston, Ga.",,Alexander HS
Cody Ferguson,Columbus State,2025,70,175,R,R,Sr.,"Pelham, Ala.",,Lawson State Community College
Cason Cannon,Columbus State,2025,73,180,R,R,Fr.,"Jasper, Ga.",,Pickens County HS
Garrett Telaga,Columbus State,2025,78,225,R,R,Jr.,"Huntsville, Ala.",,Northwest-Shoals Community College
Trenton Burnett,Columbus State,2025,76,195,R,R,Jr.,"Loganville, Ga.",,Western Kentucky University
Jack Waller,Columbus State,2025,74,180,R,R,Fr.,"Ocoee, Fla.",,Olympia HS
Danny Hershberger,Columbus State,2025,72,180,R,R,Fr.,"Woodstock, Ga.",,Etowah HS
Peyton Burton,Columbus State,2025,75,190,R,R,Sr.,"Phenix City, Al.",,Central HS
Trace Goforth,Columbus State,2025,73,190,R,R,Sr.,"Palmetto, Fla.",,Coastal Alabama Community College - South
Mathew McMahan,Columbus State,2025,72,190,L,L,Sr.,"Dayton, Ohio",,Lincoln Trail College
Avery Stephens,Columbus State,2025,76,240,R,R,Sr.,"Valdosta, Ga.",,Mercer University
Ryan Suppa,Columbus State,2025,73,205,R,R,Sr.,"Acworth, Ga.",,Georgia Highlands College
Eric Moore,Columbus State,2025,74,270,L,L,Sr.,"Acworth, Ga.",,Georgia Highlands College
Joey Gill,Columbus State,2025,72,190,L,L,Sr.,"Navarre, Fla.",,Gordon State College
Tucker Starling,Columbus State,2025,73,175,R,R,Jr.,"Hogansville, Ga.",,Central Alabama Community College
Dominic Ottone,Columbus State,2025,75,195,L,L,Fr.,"Newnan, Ga.",,Northgate HS
Bailey Thorne,Columbus State,2025,72,185,R,R,Fr.,"Phenix City, Ala.",,Calvary Christian School
Sawyer Wilson,Columbus State,2025,73,180,R,R,Fr.,"Cartersville, Ga.",,Kennesaw State University
Warrick Wilmot,Columbus State,2025,75,205,L,R,Jr.,"Panama City, Fla.",,Wallace-Dothan Community College
Josh Stewart,Columbus State,2025,71,190,R,R,Fr.,"Milton, Ga.",,Cambridge HS
Connor Folds,Columbus State,2025,72,200,R,R,Jr.,"Columbus, Ga.",,Mercer University
Rylee Nicholas,Concord,2025,72,170,R,R,SR,"Summersville, W.Va.",Nicholas County,
Korbin Bostic,Concord,2025,71,190,L,L,JR,"Logan, W.Va.",Logan,Bluefield State
MJ Hunter,Concord,2025,70,165,R,R,SR,"Christiansburg, Va.",Christiansburg,
Brendan Brady,Concord,2025,73,175,R,R,SR,"Sunrise, Fla.",Piper,Allegany College
Demario Faison,Concord,2025,71,160,R,R,SO,"Goodyear, Ariz.",Estrella Foothill,
Connor Brizendine,Concord,2025,70,165,R,R,SR,"Christiansburg, Va.",Christiansburg,Barton
Jayden Nixon,Concord,2025,73,175,L,R,SR,"Winchester, Va.",James Wood,Davis & Elkins
Dawson Gragg,Concord,2025,73,185,L,L,JR,"Christiansburg, Va.",Christiansburg,
Logan Darrow,Concord,2025,68,170,R,R,JR,"Burke, Va.",Robinson,Patrick & Henry
Coby Ingle,Concord,2025,75,195,R,R,GR,"Reidsville, N.C.",Rockingham County,Western Carolina
AJ Strickland,Concord,2025,76,215,L,R,SR,"Roanoke Rapids, N.C.",Roanoke Rapids,
Joseph Hastings,Concord,2025,76,235,R,R,GR,"Richmond, Va.",Homeschooled,Virginia State
Nick DiSanti,Concord,2025,72,185,R,R,SO,"Wilmington, N.C.",Farmingdale,Mount Olive
Zach Powell,Concord,2025,70,190,R,R,GR,"Princeton, W.Va",Princeton,Bluefield State
Matthew DiSanti,Concord,2025,73,195,R,R,JR,"Wilmington, N.C.",Farmingdale,Finger Lakes CC
Kerry Collins,Concord,2025,76,210,R,R,JR,"Bluefield, W.Va.",Bluefield,Bluefield State
Tyson Burke,Concord,2025,70,190,R,R,JR,"Dunbar, W.Va.",St. Albans,Ohio Valley
Owen Repass,Concord,2025,74,260,R,R,SO,"Wytheville, Va.",George Wythe,
Drew Dalton,Concord,2025,74,215,R,R,JR,"Draper, Va.",Pulaski,Patrick & Henry CC
Mason Kisamore,Concord,2025,74,190,R,R,SO,"Parsons, W.Va.",Tucker County,
Dalton Benson,Concord,2025,75,210,R,R,GR,"Lexington, Va.",Rockbridge,Potomac State
Austin Hear,Concord,2025,70,180,R,R,JR,"Centerville, Ind.",Mt. Vernon,Marian Ancilla College
Ty Livingston,Concord,2025,71,180,R,R,GR,"Bluffton, S.C.",Bluffton,Wheeling
Hunter Thomas,Concord,2025,72,200,R,R,FR,"Reidsville, N.C.",Rockingham County,
Alex Rodriguez,Concord,2025,69,155,S,R,SO,"Long Island, N.Y.",East Meadow,
Jake Robinson,Concord,2025,74,205,R,R,SO,"Raleigh, N.C.",Sanderson,
D.J. Christian Jr.,Concord,2025,69,165,S,R,SR,"West Palm Beach, Fla.",Palm Beach Gardens,
Kenny Robinson,Concord,2025,69,185,R,R,SR,"Webster County, W.Va.",Webster County,
Nathan Riffe,Concord,2025,75,190,R,R,SO,"Princeton, W.Va.",PikeView,
Kaden Swaim,Concord,2025,74,210,R,R,JR,"Winston-Salem, N.C.",Oak Grove,Cleveland CC
Braden Farmer,Concord,2025,74,180,R,R,R-FR,"Richmond, Va.",Douglas Southall Freeman,Paul D. Camp CC
Dustin Johnson,Concord,2025,72,180,L,L,FR,"South Charleston, W.Va",South Charleston,
Andrew LaPerle,Concord,2025,68,175,,,JR,"Aravada, Colo.",Ralston Valley,USC Union
Christian Shrewsbury,Concord,2025,72,160,R,R,SO,"Walnut Cove, N.C.",Walkertown,
Broc Taylor,Concord,2025,75,185,R,R,FR,"Stuart, Va.",Patrick County,
JT Thompson,Concord,2025,72,190,R,R,FR,"Christiansburg, Va.",Christiansburg,
Maddux Walker,Concord,2025,72,215,R,R,SO,"Lincolnton, N.C.",North Lincoln,
Ryan Thompson,Concord,2025,72,160,R,R,FR,"Frederick, Md.",St. Maria Goretti Catholic,
Demetri Jamison,Concord,2025,71,190,R,R,SR,"Mechanicsville, Md.",Chopticon,Frederick CC
Andrew Cortor,Concord,2025,69,175,R,R,FR,"Forest City, N.C.",Chase,
Peyton DeHaven,Concord,2025,69,145,R,R,FR,"White Sulphur Springs, W.Va",Greenbrier East,
Brady Largent,Concord,2025,70,195,R,R,FR,"Stephens City, Va.",Sherando,
Braylen Ross,Concord,2025,75,200,R,R,FR,"Charlotte, N.C.",Central Cabarrus,
Braylen Baker,Concord,2025,73,185,R,R,FR,"Circleville, Ohio",Logan Elm,
Cole Lewis,Concord,2025,72,160,R,R,FR,"Kearneysville, W.Va.",Jefferson,
Hayden Jones,Concord,2025,74,160,R,L,FR,"Fairmont, W.Va",Fairmont Senior,
Aaron Gomez,Concordia Texas,2025,69,155,,,Gr.,"Corpus Christi, Texas",,Flour Buff HS
Colby Christian,Concordia Texas,2025,75,205,,,Jr.,"Porter, Texas",,Temple College
Ty Klaus-Kismore,Concordia Texas,2025,69,165,,,Jr.,"Georgetown, Texas",,Western Texas
Samuel Ortiz,Concordia Texas,2025,70,160,,,So.,"New Braunfels, Texas",,Canyon HS
Matthew Armes,Concordia Texas,2025,68,195,,,Gr.,"Waco, Texas",,Temple College
Landon Hyle,Concordia Texas,2025,74,190,,,Jr.,"Georgetown, Texas",,Georgetown HS
Jess Lollar,Concordia Texas,2025,70,175,,,Jr.,"Damon, Texas",,Needville HS
Logan Davis,Concordia Texas,2025,76,210,,,Jr.,"Thorndale, TX",,Thorndale HS
Otto Franz,Concordia Texas,2025,76,230,,,Gr.,"Austin, Texas",,James Bowie HS
Cage Chaney,Concordia Texas,2025,73,190,,,Gr.,"Austin, Texas",,Stephen F. Austin HS
Brady Staedtler,Concordia Texas,2025,73,205,,,Gr.,"Fredericksburg, Texas",,Fredericksburg HS
Logan Smith,Concordia Texas,2025,72,180,,,Jr.,"Georgetown, Texas",,Eastern Oklahoma State
Austin Pryor,Concordia Texas,2025,72,185,,,Jr.,"Corsciana, Texas",,Navarro
Zach Seigrist,Concordia Texas,2025,73,185,,,Gr.,"Beaumont, Texas",,Coastal Bend College
Connor Meagher,Concordia Texas,2025,73,200,,,Jr.,"San Antonio, Texas",,William J Brennan HS
Rowdy Hoadley,Concordia Texas,2025,74,198,,,R-Jr.,"Georgetown, Texas",,Georgetown HS
Jake Townsend,Concordia Texas,2025,69,160,,,Jr.,"League City, Texas",,Southern Arkansas University Tech
Dayton Cliffe,Concordia Texas,2025,72,180,,,So.,"Flatonia, Texas",,Flatonia HS
Brandon Hutchings,Concordia Texas,2025,74,190,,,Fr.,"Royse City, Texas",,Rockwall HS
John Michael Ramirez,Concordia Texas,2025,72,200,,,Jr.,"San Antonio, Texas",,Temple College
Eric Garcia,Concordia Texas,2025,73,190,,,Sr.,"Grand Prairie, Texas",,Texas  A&M Kingsville
Jake Lancaster,Concordia Texas,2025,73,180,,,Jr.,"Houston, Texas",,Klein Cane HS
Mason Vasquez,Concordia Texas,2025,75,235,,,Jr.,"Banquete, Texas",,Banquete HS
Ralph Wallace III,Concordia Texas,2025,69,225,,,Jr.,"Haslet, Texas",,V.R. Eaton HS
Kalen Clark,Concordia Texas,2025,72,185,,,Sr.,"Coppell, Texas",,Cisco College
Carson Riley,Concordia Texas,2025,69,190,,,So.,"Liberty Hill, Texas",,UMHB
David Matthews,Concordia Texas,2025,75,215,,,Gr.,"Teague, Texas",,Teague HS
Bo Dinscore,Concordia Texas,2025,74,225,,,Jr.,"Georgetown, Texas",,Brookhaven
Travis Brick,Concordia Texas,2025,73,187,,,Jr.,"Spring, Texas",,Klein Collins HS
Brayden Pick,Concordia Texas,2025,72,205,,,So.,"Robinson, Texas",,Robinson HS
Kolten McDaniel,Concordia Texas,2025,70,155,,,Fr.,"Liberty Hill, Texas",,Liberty Hill HS
Rhenn Andrewartha,Concordia Texas,2025,72,200,,,Fr.,"Round Rock, Texas",,Angelina
Jake Garcia,Concordia Texas,2025,72,150,,,Fr.,"Coppell, Texas",,Coppell HS
Josh Atomanczyk,Concordia Texas,2025,69,185,,,Fr.,"Franklin, Texas",,Franklin HS
Jake Runnells,Concordia Texas,2025,71,180,,,Jr.,"New Braunfels, Texas",,Dallas Christian
Brendon Hunt,Concordia Texas,2025,72,175,,,Sr.,"Cedar Park, Texas",,Vista Ridge HS
Chase North,Concordia Texas,2025,74,190,,,Fr.,"Tucson, Arizona",,Tanque Verde HS
Sutton Lee,Concordia Texas,2025,68,165,,,Fr.,"Hamilton, Texas",,Hamilton HS
Travis Currie,Concordia Texas,2025,73,190,,,Fr.,"Karnes City, Texas",,Karnes City HS
Dakota Palmer,Concordia Texas,2025,72,250,,,R-Sr.,"Needville, Texas",,Sam Houston State University
Gavin Voth,Concordia Texas,2025,75,170,,,Fr.,"Liberty Hill, Texas",,Liberty Hill HS
Nathanael Schraeder,Concordia Texas,2025,73,210,,,Fr.,"Austin, Texas",,McNeil HS
Garrett Gautier,Concordia Texas,2025,72,180,,,Fr.,"Austin, Texas",,James Bowie HS
Nico Young,Concordia Texas,2025,77,210,,,Jr.,"Houston, Texas",,Summer Creek High School
Chris Chamness,Concordia Texas,2025,72,195,,,So.,"Austin, Texas",,Austin Community College
Jackson Clakley,Concordia Texas,2025,71,195,,,So.,"Austin, Texas",,Concordia HS
Alberto Fuentes,Concordia Texas,2025,70,170,,,Jr.,"MIssion, Texas",,Curry College
Cale Janecka,Concordia Texas,2025,72,160,,,Fr.,"Flatonia, Texas",,Flatonia HS
Jones Major,Concordia Texas,2025,73,165,,,Fr.,"Seabrook, Texas",,Clear Falls HS
Gavriel Metersky,Concordia Texas,2025,69,220,,,Fr.,"Round Rock, Texas",,Stony Point HS
Bo Munin,Concordia Texas,2025,70,180,,,Fr.,"Austin, Texas",,Anderson HS
Ayden Ryan,Concordia Texas,2025,76,240,,,Jr.,"Lady Lake, Florida",,Kansas Wesleyan
Colby Summers,Concordia Texas,2025,71,150,,,So.,"Austin, Texas",,McCallum HS
Jonathan Vera,Concordia Texas,2025,72,155,,,Fr.,"Lago Vista, Texas",,Lago Vista HS
Robert Villarreal,Concordia Texas,2025,68,165,,,Jr.,"Austin, Texas",,Weiss HS
Isaac Willingham,Concordia Texas,2025,69,164,,,Fr.,"Pharr, Texas",,PSJA North ECHS
Bryan Padilla,Connecticut,2025,70,205,R,R,Gr.,"Brooklyn, N.Y.",,
Tyler Minick,Connecticut,2025,72,206,R,R,So.,"Reading, Pa.",,
Rob Rispoli,Connecticut,2025,70,175,R,R,R-Fr.,"Staten Island, N.Y.",,
Sam Biller,Connecticut,2025,70,180,L,L,Gr.,"Los Angeles, Calif.",,
Matt Garbowski,Connecticut,2025,72,216,L,R,Sr.,"New Fairfield, CT",,
Ryan Daniels,Connecticut,2025,72,200,L,R,Jr.,"Meriden, Conn.",,
Jack LaRose,Connecticut,2025,71,195,L,R,Fr.,"Cumberland, R.I.",,
Caleb Shpur,Connecticut,2025,70,189,R,R,Gr.,"East Canaan, Conn.",,
Jude Abbadessa,Connecticut,2025,71,202,R,R,R-So.,"Endicott, N.Y.",,
Connor Lane,Connecticut,2025,74,212,R,R,Fr.,"Old Saybrook, Conn.",,
Sean Finn,Connecticut,2025,69,188,R,R,So.,"Warrington, Pa.",,
Charlie West,Connecticut,2025,71,182,L,L,So.,"South Setauket, N.Y.",,
Hector Alejandro,Connecticut,2025,73,215,R,R,R-Sr.,"Waterbury, Conn.",,
Jack Sullivan,Connecticut,2025,72,208,R,R,Sr.,"Carmel, N.Y.",,
Evan Hamberger,Connecticut,2025,74,185,L,L,Jr.,"Belgrade, MT",,
Gabe Van Emon,Connecticut,2025,74,211,L,L,Gr.,"Lexington, Mass.",,
Ian Cooke,Connecticut,2025,73,249,R,R,Sr.,"New Milford, CT",,
Carter Groen,Connecticut,2025,75,205,R,R,So.,"Missouri City, TX",,
Beau Root,Connecticut,2025,74,200,L,L,Gr.,"Washington Depot, Conn.",,
Thomas Ellisen,Connecticut,2025,76,215,R,R,R-Jr.,"Kimberly, WI",,
Grant MacArthur,Connecticut,2025,76,240,R,R,Jr.,"El Cajon, Calif.",,
Frank Spirito IV,Connecticut,2025,72,210,R,R,R-Fr.,"Bristol, Conn.",,
Devin Wolff,Connecticut,2025,77,228,R,R,R-Fr.,"Ellington, Conn.",,
Cole Taylor,Connecticut,2025,69,218,R,R,Fr.,"Berkley, Mass.",,
Brady Afthim,Connecticut,2025,72,211,R,R,Sr.,"Windham, ME",,
Paxton Meyers,Connecticut,2025,72,200,R,R,Gr.,"West Nyack, N.Y.",,
Sam Hutchinson,Connecticut,2025,74,200,L,L,So.,"Ivoryton, Conn.",,
JT Caruso,Connecticut,2025,74,185,L,L,So.,"Mount Sinai, N.Y.",,
Kyle Peters,Connecticut,2025,72,215,R,R,R-Fr.,"Hazleton, Pa.",,
Drew Smith,Connecticut,2025,75,219,R,R,Fr.,"Auburn, ME",,
Greg Shaw III,Connecticut,2025,75,210,R,R,Jr.,"Cornwall On Hudson, N.Y.",,
Gabriel Tirado,Connecticut,2025,68,205,L,R,Fr.,"Newington, Conn.",,
Maddix Dalena,Connecticut,2025,75,239,L,R,Jr.,"Montoursville, Pa.",,
Ben Schild,Connecticut,2025,74,231,R,R,So.,"Lincroft, N.J.",,
Cayden Suchy,Connecticut,2025,72,188,L,L,Fr.,"Sterling, Va.",,
Oliver Pudvar,Connecticut,2025,71,200,L,L,R-So.,"Shelburne, VT",,
Anthony Belisario,Connecticut,2025,70,175,R,R,Fr.,"Staten Island, N.Y.",,
Cameron Mayer,Connecticut,2025,76,231,R,R,Gr.,"Syosset, N.Y.",,
Owen Norrell,Connecticut,2025,75,200,L,L,Fr.,"Austin, TX",,
Giovanni Conte,Connecticut,2025,72,166,R,R,R-Fr.,"Albany, N.Y.",,
Aidan Dougherty,Connecticut,2025,73,185,R,R,Jr.,"Snoqualmie, WA",,
Thomas Galusha,Connecticut,2025,75,242,R,R,R-Fr.,"Middlebury, Conn.",,
Garret Garbinski,Connecticut,2025,71,205,,,Jr.,"Clinton, Conn.",,
Bryce Thompson,Coppin State,2025,73,200,R,R,Jr.,"Upper Marlboro, Md.",Bishop McNamara HS,
Gabe Breckenridge,Coppin State,2025,73,180,R,R,So.,"Palm Coast, Fla.",Matanzas HS,
Anthony Divittorio,Coppin State,2025,67,165,L,R,Sr.,"San Jose, Calif.",Bellarmine HS,De Anza College
Samuel Nieves,Coppin State,2025,71,185,R,R,Gr.,"South Plainfield, N.J.",South Plainfield HS,Stockton University
Gavin Grutzmacher,Coppin State,2025,71,180,R,R,Jr.,"Temecula, Calif.",Temecula Valley HS,Irvine Valley College
Reagan Rivera,Coppin State,2025,70,190,R,R,Sr.,"San Diego, Calif.",San Diego HS,San Diego Mesa College
Jamar Whitehead,Coppin State,2025,71,180,S,R,R-Fr.,"Baltimore, Md.",Woodlawn HS,
Jayden Asencio,Coppin State,2025,70,190,L,R,Jr.,"Central Islip, N.Y.",St. John the Baptist,Saint Peter's
Indy Anderson,Coppin State,2025,73,220,L,R,Jr.,"Shoreline, Wash.",Shorecrest HS,Shoreline CC
Pranav Sundar,Coppin State,2025,74,200,R,R,Jr.,"San Ramon, Calif.",California HS,Cuesta College
Elijah Charlot,Coppin State,2025,70,190,R,R,Jr.,"Maplewood, N.J.",University Christian,CCBC Catonsville
Brandon Stephens,Coppin State,2025,75,185,R,R,So.,"Decatur, Ga.",Decatur HS,
Luke Corcoran,Coppin State,2025,72,175,L,L,Jr.,"Middletown, N.J.",Middletown South HS,Ocean County College
Brennen Barczai,Coppin State,2025,72,215,R,R,Fr.,"Boca Raton, Fla.",Spanish River Community HS,
Michael Matthews,Coppin State,2025,77,170,R,R,So.,"Evesham Township, N.J.",Cherokee HS,
Noah Hogan,Coppin State,2025,70,170,L,L,Fr.,"Macungie, Pa.",Emmaus HS,
Keith Wallace,Coppin State,2025,74,180,R,R,Gr.,"Bowie, Md.",Charles Herbert Flowers HS,Salem University (W.V.)
Daniel Moore,Coppin State,2025,70,195,R,R,Sr.,"Benton Harbor, Mich.",Benton Harbor HS,Kentucky State
Derek Blackmore,Coppin State,2025,73,215,L,L,Sr.,"Kansas City, Mo.",Rockhurst HS,Maryland Eastern Shore
Kaden Straily,Coppin State,2025,73,195,R,R,So.,"Henderson, Nev.",Foothill HS,
Tyrone Lake,Coppin State,2025,74,180,R,R,Fr.,"Frederiksted, St. Croix",St.Croix Educational Complex,
Herick Vital,Coppin State,2025,73,180,L,R,Fr.,"Elizabeth, N.J.",Elizabeth HS,
Curtis Battle,Coppin State,2025,68,165,S,R,So.,"West Orange, N.J.",West Orange HS,Bloomfield
Jayden Clark,Coppin State,2025,69,180,R,R,Fr.,"Buford, Ga.",Buford HS,
Jackson Montgomery,Coppin State,2025,73,170,R,R,So.,"Gary, Ind.",Bishop Noll Institute,
Park Roeder,Coppin State,2025,68,140,L,R,Jr.,"Las Vegas, Nev.",Arbor View HS,Umpqua CC
Isaiah Licorish,Coppin State,2025,74,265,R,R,Fr.,"Hagerstown, Md.",South Hagerstown HS,
Jobe Olson,Coppin State,2025,74,180,R,R,Jr.,"Laton, Calif.",Laton HS,Reedley College
Jaedin Hurd,Coppin State,2025,75,205,R,R,So.,"Cleveland, Ohio",Holy Name HS,
Justin Ritz,Coppin State,2025,75,200,R,R,Jr.,"Portsmouth, Va.",Ramstein HS,Alderson Broaddus Univ.
Jeremiah Eneix,Coppin State,2025,74,190,R,L,Jr.,"Anchorage, Ala.",AJ Diamond HS,College of the Desert
Micah Seitzinger,Coppin State,2025,70,195,R,R,Fr.,"Schuylkill Valley, Pa.",Spring-Ford Senior HS,
Nolan Sailors,Creighton,2025,72,190,,,,"Omaha, Neb.",Ralston HS,
Connor Capece,Creighton,2025,72,200,,,,"Omaha, Neb.",Omaha Gross Catholic HS,
Matt Scherrman,Creighton,2025,74,210,,,,"Wheaton, Ill.",Wheaton Warrenville South HS,
Teddy Deters,Creighton,2025,74,210,,,,"Orono, Minn.",Orono HS,
Nate McHugh,Creighton,2025,70,200,,,,"Franktown, Colo.",Regis Jesuit HS,
Jaxon Goldberg,Creighton,2025,72,190,,,,"Overland Park, Kan",Blue Valley North HS,
Eason Hurd,Creighton,2025,70,185,,,,"Green Bay, Wis.",Ashwaubenon HS,
Ben North,Creighton,2025,72,200,,,,"Woodbury, Minn.",East Ridge HS,
Nick Venteicher,Creighton,2025,70,180,,,,"Omaha, Neb.",Millard West HS,
Jack Pineau,Creighton,2025,72,185,,,,"Thunder Bay, Ontario, Canada",St. Ignatius HS,
Shea Wendt,Creighton,2025,73,205,,,,"Blair, Neb.",Blair HS,
Kyle Hess,Creighton,2025,73,195,,,,"Mountainside, N.J.",St. Peter’s Prep,
John McDonald,Creighton,2025,71,180,,,,"Mississauga, Ontatrio, Canada",St- Aloysius Gonzaga HS,
Will MacLean,Creighton,2025,75,220,,,,"Exeter, N.H.",St. Thomas Aquinas HS,
Joe Hauser,Creighton,2025,74,200,,,,"Waunakee, Wis.",Waunakee HS,
Tate Gillen,Creighton,2025,73,185,,,,"Overland Park, Kan.",Blue Valley HS,
Cuyler Zukowski,Creighton,2025,72,205,,,,"Madison, Wis.",La Follette HS,
Dakota Duffalo,Creighton,2025,73,190,,,,"Mesa, Ariz.",Red Mountain HS,
Mason McCurdy,Creighton,2025,70,195,,,,"Lake Elmo, Minn.",Stillwater HS,
Ian Koosman,Creighton,2025,73,195,,,,"Willmar, Minn.",Willmar Senior HS,
Anthony Unga,Creighton,2025,76,220,,,,"Oakville, Ontario, Canada",Abbey Park HS,
Nathan Anderson,Creighton,2025,76,215,,,,"Bondurant, Iowa",Bondurant-Farrar HS,
Eli Nissen,Creighton,2025,70,200,,,,"Minot, N.D.",Minot HS,
Shane Curtin,Creighton,2025,72,160,,,,"La Grange, Ill.",Mount Carmel HS,
Jimmy Burke,Creighton,2025,77,190,,,,"Orland Park, Ill.",Carl Sandburg HS,
Braden Gluth,Creighton,2025,75,220,,,,"Santa Teresa, N.M.",Santa Teresa HS,
Wilson Magers,Creighton,2025,74,200,,,,"Mankato, Minn.",Mankato West HS,
Brendan Strenke,Creighton,2025,73,215,,,,"Clayton, Wis.",Turtle Lake HS,
Jack Torosian,Creighton,2025,71,175,,,,"Omaha, Neb.",Concordia HS,
Noah Klein,Creighton,2025,72,220,,,,"Wilmette, Ill.",Loyola Academy,
Henry Prindl,Creighton,2025,77,210,,,,"Las Vegas, Nev.",Bishop Gorman HS,
Robert O'Malley,Creighton,2025,76,170,,,,"Omaha, Neb.",Creighton Prep,
Cooper Fuchino,Creighton,2025,73,205,,,,"Rolling Hills Estates, Calif.",Peninsula HS,
Garrett Langrell,Creighton,2025,79,225,,,,"Riverview, Fla.",Bay HS,
Matthew Aukerman,Creighton,2025,76,225,,,,"Hudson, Ohio",Hudson HS,
Dominic Cancellieri,Creighton,2025,71,200,,,,"Wayne, N.J.",Bergen Catholic HS,
Kailen Hamson,Cumberlands (KY),2025,73,188,,,Sr.,"Gold Coast, Australia",,Three Rivers Community College
Justin Barry-Smith,Cumberlands (KY),2025,71,190,,,Sr.,"The Woodlands, TX",,Houston Christian / South Alabama
Derick Andiarena,Cumberlands (KY),2025,73,195,,,Jr.,"Añasco, Puerto Rico",,Hill College
Alec Gonzalez,Cumberlands (KY),2025,73,195,,,Sr.,"Chicago, Ill",,Lipscomb University
Charlie Muñiz,Cumberlands (KY),2025,74,220,,,Sr.,"Naranjito, PR",,Southwestern Community College
Johnboy Rittenhouse,Cumberlands (KY),2025,75,205,,,Sr.,"Scottsville, VA",,Patrick & Henry Community College
JD Price,Cumberlands (KY),2025,75,183,,,Jr.,"Knoxville, TN",,Georgia Southwestern University
Jay Flynn,Cumberlands (KY),2025,70,170,,,Jr.,"Edgewood, KY",,
Caden Petrey,Cumberlands (KY),2025,72,210,,,Jr.,"Williamsburg, KY",,
Edwin Martinez,Cumberlands (KY),2025,68,175,,,Sr.,"Ponce, PR",,New Mexico State
Carlos Valenzuela,Cumberlands (KY),2025,76,215,,,Jr.,"Santo Domingo, Dominican Republic",,Indian Hills CC
Zamaurion Hatcher,Cumberlands (KY),2025,71,190,,,Sr.,"Chicago, IL",,Wabash Valley College
Yannis Rembert,Cumberlands (KY),2025,74,205,,,Jr.,"Fayetteville, GA",,Vernon College
Stuart Tharle,Cumberlands (KY),2025,72,185,,,So.,"Canberra, Australia",,Three Rivers CC
Clay Shelton,Cumberlands (KY),2025,72,200,,,Sr.,"Williamsburg, KY",,Eastern Kentucky University
Ben Snapp,Cumberlands (KY),2025,69,190,,,Gr.,"Richmond, KY",,Eastern Illinois University
Jake Kmiecik,Cumberlands (KY),2025,73,195,,,Gr.,"Aurora, IL",,Heartland Community College
Max Harper,Cumberlands (KY),2025,74,230,,,Gr.,"Fredericksburg, VA",,BYU
Wesley Culley,Cumberlands (KY),2025,72,195,,,Sr.,"Millington, TN",,Southwest Tennessee Community College
Jaylen Jones,Cumberlands (KY),2025,70,200,,,Sr.,"Knoxville, TN",,Cleveland State Community College
Pedro Vasquez,Cumberlands (KY),2025,78,215,,,Jr.,"Santo Domingo, Dominican Republic",,Monroe College
Jose Valentin,Cumberlands (KY),2025,71,200,,,Sr.,"Santo Domingo, DR",,Ellsworth Community College
Mason Howard,Cumberlands (KY),2025,70,150,,,Fr.,"Walton, KY",,
Adrian Sanchez,Cumberlands (KY),2025,74,205,,,Jr.,"San Diego, CA",,Southwestern College
Chance Todd,Cumberlands (KY),2025,69,165,,,Fr.,"Somerset, KY",,
Willis McCarter,Cumberlands (KY),2025,72,170,,,Sr.,"Lexington, KY",,Southeastern Iowa
Brian Veniard,Cumberlands (KY),2025,77,215,,,Gr.,"Jacksonville, FL",,Arkansas State
Oliver Kerns,Cumberlands (KY),2025,75,230,,,So.,"Burlington, KY",,USC Upstate
Luke Genier,Cumberlands (KY),2025,77,245,,,Sr.,"Indianapolis, IN",,Olney Central College
Jack Scrofano,Cumberlands (KY),2025,76,230,,,So.,"Corona, CA",,Santa Ana College
Knicko Billings,Cumberlands (KY),2025,69,165,,,Sr.,"Miramar, FL",,Bethune Cookman University
Trent Prokes,Cumberlands (KY),2025,70,190,,,Sr.,"Modesto, CA",,Modesto Junior College
Logan Wombles,Cumberlands (KY),2025,72,205,,,Sr.,"Bloomington, IL",,Lake Land College
Canaan Browning,Cumberlands (KY),2025,70,185,,,Jr.,"Mckee, KY",,
Cooper Morgan,Cumberlands (KY),2025,72,175,,,Sr.,"Canberra, Australia",,Walters State Community College
Drew Dugger,Cumberlands (KY),2025,73,190,,,Sr.,"Nicholasville, KY",,
Ben Rohrbach,Cumberlands (KY),2025,73,170,,,Jr.,"Stafford, VA",,Fayetteville Tech CC
Christian Thompson,Cumberlands (KY),2025,71,210,,,Sr.,"Buena Park, CA",,Santa Ana College
Nolan Wilson,Cumberlands (KY),2025,72,210,,,Jr.,"Hockley, TX",,Houston Christian
Shamel Mooney,Cumberlands (KY),2025,69,158,,,Sr.,"Shelbyville, KY",,BCA Academy
Bryce Anderson,Cumberlands (KY),2025,74,170,,,So.,"Williamsburg, KY",,
Jaxon Barker,Cumberlands (KY),2025,73,220,,,Fr.,"Grayson, KY",,
Donavin Carroll,Cumberlands (KY),2025,72,185,,,So.,"Shelbyville, KY",,
Jacob Daniels,Cumberlands (KY),2025,74,195,,,So.,"Hazard, KY",,
Skyler Durham,Cumberlands (KY),2025,77,207,,,Fr.,"Mt. Vernon, KY",,
Mitchell Graves,Cumberlands (KY),2025,68,185,,,So.,"Cincinnati, OH",,
Garrett Howard,Cumberlands (KY),2025,72,165,,,So.,"Lexington, KY",,
Jonah Little,Cumberlands (KY),2025,72,200,,,So.,"Whitesburg, KY",,
Elijah Nickell,Cumberlands (KY),2025,73,180,,,Fr.,"Nicholasville, KY",,
Mason Preston,Cumberlands (KY),2025,69,185,,,Fr.,"Ft. Mitchell, KY",,
Ethan Schofield,Cumberlands (KY),2025,74,185,,,Jr.,"Toronto, Canada",,Ontario Nationals
Chris Seay,Cumberlands (KY),2025,72,207,,,Fr.,"Zeeland, MI",,
Ayden Smith,Cumberlands (KY),2025,74,230,,,So.,"London, KY",,
Cayden Smithers,Cumberlands (KY),2025,74,205,,,Fr.,"Williamstown, KY",,
Jorge Valette,Cumberlands (KY),2025,70,175,,,Sr.,"San Juan, PR",,Puerto Rico Baseball Academy HS
Cody Jenkins,Dallas,2025,72,180,,,Fr.,"Humble, TX",Kingwood Park HS,
Reed Morales,Dallas,2025,70,175,,,So.,"Austin, TX",Lake Travis HS,
Dylan Roscopf,Dallas,2025,68,185,,,Fr.,"Oceanside, CA",Mission Vista HS,
Caleb Mize,Dallas,2025,75,220,,,Fr.,"Houston, TX",Summer Creek HS,
Dylan Goddard,Dallas,2025,73,180,,,Fr.,"Round Rock, TX",Round Rock HS,
Nate Gonzales,Dallas,2025,69,175,,,Fr.,"San Antonio, TX",Cornerstone Christian Schools,
Luke Gill,Dallas,2025,70,195,,,So.,"Southlake, TX",Southlake Carroll HS,
Walker Alsobrooks,Dallas,2025,73,190,,,So.,"Round Rock, TX",Round Rock HS,
Owen Edwards,Dallas,2025,70,190,,,Fr.,"Boerne, TX",Cornerstone Christian School,
Caleb Hohman,Dallas,2025,73,230,,,Sr.,"Huntington Beach, CA",Ocean View HS,
Dominic Gill,Dallas,2025,71,190,,,Jr.,"Southlake, TX",Southland Carroll H.S.,
Jayden Rodriguez,Dallas,2025,68,170,,,So.,"Pflugerville, TX",Hendrickson HS,
Cortez Saenz,Dallas,2025,73,195,,,Sr.,"Dallas, TX",Woodrow Wilson HS,
Keller Shamburger,Dallas,2025,68,185,,,Fr.,"Grapevine, TX",Grapevine HS,
Gabrian Maldonado,Dallas,2025,72,200,,,So.,"Sugar Land, TX",Strake Jesuit College Prep,
Tyler Espinosa,Dallas,2025,70,170,,,Fr.,"Austin, TX",Rouse High School,
Liam Mosley,Dallas,2025,78,165,,,Fr.,"Highlands Ranch, CO",Regis Jesuit HS,
Ethan Thompson-Nguyen,Dallas,2025,72,190,,,So.,"Dallas, TX",Sachse High School,
Lucas Aguirre,Dallas,2025,72,205,,,So.,"Rossmoor, CA",Crean Lutheran HS,
Jordan Escamilla,Dallas,2025,66,165,,,Fr.,"Ore City, TX",Ore City HS,
Ameron Sheikh,Dallas,2025,72,180,,,Fr.,"Cypress, TX",Cypress Christian High School,
George Clahane,Dallas,2025,73,210,,,Jr.,"Southlake, TX",Fort Worth Christian HS,
Tito Ramos,Dallas,2025,70,200,,,Fr.,"San Antonio, TX",Home School,
Andrew Gaspar,Dallas,2025,75,190,,,Sr.,"Anaheim, CA",Canyon High School,
Nomar Duran,Dallas,2025,71,200,,,So.,"Little Elm, TX",Braswell HS,
David Laranjo,Dallas,2025,66,150,,,So.,"Simi Valley, CA",Royal HS,
Nate Curtis,Dallas,2025,72,205,,,Jr.,"Athens, TN",Walker Valley HS,
Cayden Hohman,Dallas,2025,68,185,,,So.,"Huntingdon Beach, CA",El Toro HS,
Landon Phillips,Dallas,2025,70,180,,,So.,"Crandall, TX",Crandall HS,
Ryan Metcalf,Dallas,2025,72,220,,,So.,"Lake Forest, CA",El Toro H.S.,
Josh Shepherd,Dallas,2025,70,175,,,Fr.,"Raleigh, NC",Ravenscroft HS,
Aiden Sharp,Dallas,2025,79,240,,,Jr.,"Southlake, TX",Keller High School,
Keaton Grady,Dallas Baptist,2025,69,169,S,R,R-Jr.,"Elgin, TX",,Incarnate Word
Dylan Schlaegel,Dallas Baptist,2025,70,184,R,R,R-Fr.,"Mansfield, TX",,Mansfield Legacy HS
Mason Swinney,Dallas Baptist,2025,72,192,R,R,Jr.,"Phil Campbell, AL",,Alabama
Cody Grebeck,Dallas Baptist,2025,67,162,L,R,Sr.,"Midland, TX",,Midland College
Michael Dattalo,Dallas Baptist,2025,72,204,R,R,Jr.,"Keller, TX",,Northwestern State
James Ellwanger,Dallas Baptist,2025,76,205,R,R,So.,"Magnolia, TX",,Magnolia West HS
Grant Jay,Dallas Baptist,2025,72,225,R,R,Jr.,"Semmes, AL",,Mobile Christian School
Nathan Humphreys,Dallas Baptist,2025,74,207,L,R,Sr.,"Midlothian, TX",,Midlothian HS
Adam Berghult,Dallas Baptist,2025,73,206,R,R,Jr.,"Edina, MN",,North Iowa Area CC
Joey Nerat,Dallas Baptist,2025,71,204,L,R,Jr.,"Campbellsport, WI",,Campbellsport HS
Luke Heefner,Dallas Baptist,2025,72,184,L,R,Sr.,"Cedar Hill, TX",,Homeschool
Landon Underhill,Dallas Baptist,2025,72,198,L,R,R-Jr.,"Hurst, TX",,McClennan CC
Hudson Ellis,Dallas Baptist,2025,72,175,R,R,Fr.,"Round Rock, TX",,Round Rock HS
Brooks Sartain,Dallas Baptist,2025,73,187,L,R,Fr.,"Fort Worth, TX",,Trinity Valley School
Dillon Haines,Dallas Baptist,2025,69,187,L,L,Sr.,"St. Augustine, FL",,Chipola College
Jake Bennett,Dallas Baptist,2025,74,231,R,R,Jr.,"Louisville, KY",,San Jacinto College
Chayton Krauss,Dallas Baptist,2025,75,226,R,R,Sr.,"Coppell, TX",,Grayson College
David Heefner,Dallas Baptist,2025,75,211,R,R,Rf.,"Cedar Hill, TX",,Homeschool
Tom Poole,Dallas Baptist,2025,74,211,L,R,Sr.,"Calgary, Alberta, Canada",,Cloud County CC
Tyler Schott,Dallas Baptist,2025,72,206,R,L,Sr.,"Flower Mound, TX",,Marcus HS
Mason Peters,Dallas Baptist,2025,71,175,L,L,Jr.,"Waco, TX",,Temple College
Micah Bucknam,Dallas Baptist,2025,73,212,R,R,Jr.,"Abbotsford, British Columbia, Canada",,LSU
Bryan Williams Jr.,Dallas Baptist,2025,70,176,R,R,Fr.,"Midwest City, OK",,Midwest City HS
Ben Tryon,Dallas Baptist,2025,72,212,L,R,So.,"Southlake, TX",,Carroll HS
Ashton Branson,Dallas Baptist,2025,71,180,R,R,Jr.,"Little Rock, AR",,Crowder College
Luke Pettitte,Dallas Baptist,2025,74,223,R,R,So.,"Houston, TX",,Second Baptist School
Liam Watt,Dallas Baptist,2025,73,187,L,L,Jr.,"Burlington, Ontario, Canada",,LSU Eunice
Park Prater,Dallas Baptist,2025,75,225,L,L,Fr.,"Argyle, TX",,Argyle HS
Tyler Ness,Dallas Baptist,2025,71,181,L,R,So.,"Turlock, CA",,Tyler JC
Charlie Atkinson,Dallas Baptist,2025,77,212,R,R,So.,"Katy, TX",,Cinco Ranch HS
Avery Duncan,Dallas Baptist,2025,74,189,R,R,Fr.,"Green Bay, WI",,Notre Dame Academy
Landon Abrahamson,Dallas Baptist,2025,73,207,R,R,Jr.,"Bristol, TN",,Patrick & Henry CC
Jace Russell,Dallas Baptist,2025,74,198,R,R,R-Jr.,"Kingwood, TX",,Porter HS
Ryan Borberg,Dallas Baptist,2025,73,203,R,R,Jr.,"Lake Quivira, KS",,Johnson County CC
Athan Kroll,Dallas Baptist,2025,76,204,R,R,Fr.,"Brighton, CO",,Valor Christian HS
Will Yeary,Dallas Baptist,2025,73,182,R,R,Fr.,"Mansfield, TX",,Covenant Christian Academy
Colton Roquemore,Dallas Baptist,2025,69,182,L,R,Fr.,"Northlake, TX",,Argyle HS
Nick Bonn,Dallas Baptist,2025,72,157,R,R,Jr.,"Laguna Beach, CA",,Pepperdine
Zach Todd,Dallas Baptist,2025,75,225,R,R,R-So.,"Manteca, CA",,Manteca HS
Jerrod Jenkins,Dallas Baptist,2025,74,214,R,R,Jr.,"Winchester, VA",,Millbrook HS
Rian Schwede,Dallas Baptist,2025,74,216,R,R,Gr.,"Hanson, MA",,Villanova
Jeff Lee,Dartmouth,2025,73,215,L,L,Sr.,"Mandeville, La.",,
Alejandro Puig,Dartmouth,2025,72,170,R,R,Fy.,"Pembroke Pines, Fla.",,
Nico Bañez,Dartmouth,2025,68,175,L,R,Jr.,"Orlando, Fla.",,
Milo Suarez,Dartmouth,2025,70,175,R,R,Jr.,"Pinecrest, Fla.",,
Camden Rush,Dartmouth,2025,73,190,R,R,So.,"Modesto, Calif.",,
A.J. DeMastrie,Dartmouth,2025,71,200,S,R,So.,"Woodstock, Ga.",,
Tyler Sirchia,Dartmouth,2025,75,200,L,R,Fy.,"Armonk, N.Y.",,
Shane Bauer,Dartmouth,2025,74,195,R,R,Sr.,"Indianapolis, Ind.",,
Luke Carroll,Dartmouth,2025,73,210,R,R,Sr.,"Peachtree Corners, Ga.",,
Stefan Di Corrado,Dartmouth,2025,73,205,L,R,Fy.,"Mississauga, Ont.",,
Zackarie Casebonne,Dartmouth,2025,71,215,R,R,Sr.,"Jefferson, La.",,
Nate Kugler,Dartmouth,2025,73,195,R,R,Fy.,"Studio City, Calif.",,
Aidan Plummer,Dartmouth,2025,73,200,R,R,Jr.,"Grand Blanc, Mich.",,
Eddie Albert,Dartmouth,2025,73,190,R,R,Jr.,"Pittsburgh, Pa.",,
Elliot Krewson,Dartmouth,2025,70,175,R,R,Sr.,"St. Louis, Mo.",,
Matt Carey,Dartmouth,2025,76,205,R,R,Sr.,"Summit, N.J.",,
Ethan Brown,Dartmouth,2025,73,200,R,R,So.,"Waukesha, Wis.",,
Joseph Chambers,Dartmouth,2025,74,205,R,R,Sr.,"Roswell, Ga.",,
Kyle Klaric-Schell,Dartmouth,2025,71,185,R,R,Fy.,"Fort Myers, Fla.",,
Nate Isler,Dartmouth,2025,78,230,R,R,So.,"Milton, Ga.",,
Mac Burke,Dartmouth,2025,76,210,R,R,Jr.,"Woodbridge, Conn.",,
Chris Miller,Dartmouth,2025,75,210,R,R,So.,"Dardanelle, Ark.",,
Taer Rodriguez,Dartmouth,2025,68,175,R,R,Jr.,"Corona, Calif.",,
Andrew Lombana,Dartmouth,2025,74,200,L,L,Fy.,"South Jordan, Utah",,
Jackson Hower,Dartmouth,2025,76,225,R,R,Sr.,"Erie, Pa.",,
Danny Will,Dartmouth,2025,72,180,L,L,Sr.,"Ambler, Pa.",,
Trey Sejnoha,Dartmouth,2025,73,200,R,R,So.,"Brandon, S.D.",,
Axel Riess,Dartmouth,2025,74,195,R,R,Fy.,"Manhattan, N.Y.",,
Marco Dumsky,Dartmouth,2025,77,220,R,R,So.,"Lee's Summit, Mo.",,
Joey Gizmunt,Dartmouth,2025,79,235,L,R,Jr.,"Lynnfield, Mass.",,
Bryce Loeger,Dartmouth,2025,75,205,R,R,Fy.,"Schaumburg, Ill.",,
Rylan Lujo,Dayton,2025,74,205,R,R,Fr.,"Coconut Creek, Fla.",Stoneman Douglas,
Mason Dobie,Dayton,2025,74,195,L,R,Sr.,"Meaford, Ontario",Georgian Bay Community,
Adin Zorn,Dayton,2025,75,205,R,R,So.,"Aliquippa, Pa.",Sewickley Academy,Penn State
Martin Howell,Dayton,2025,75,220,R,R,So.,"Gillette, N.J.",Watchung Hills Regional,Penn State
Aiden Heberlie,Dayton,2025,75,195,R,R,Jr.,"Ste. Genevieve, Mo.",Valle Catholic,St. Charles CC
Michael DiMartini,Dayton,2025,74,210,R,R,So.,"Pittsburgh, Pa.",South Fayette,Penn State
Ayden Tran,Dayton,2025,71,175,L,L,So.,"Jacksonville, Fla.",Providence School of Jacksonville,
Alejandro Sardinas,Dayton,2025,73,167,R,R,Fr.,"Miramar, Fla.",West Broward,
Will Newell,Dayton,2025,79,230,R,R,Sr.,"Tallahassee, Fla.",Leon,Pasco Hernando State College
Peyton Malecha,Dayton,2025,77,195,R,R,Jr.,"Denver, Colo.",Legacy,Monterey Peninsula College
Chris Carroll,Dayton,2025,68,170,R,R,So.,"Miami, Fla.",Westminster Christian,
Jacob Veczko,Dayton,2025,76,220,R,R,R-Jr.,"Monroe Township, N.J.",Monroe Township,
Alejandro Cazorla,Dayton,2025,71,191,R,R,R-Jr.,"Okotoks, Alberta",Foothills Composite,Bossier Parish CC
Devin Grazzal,Dayton,2025,75,210,R,R,Fr.,"Hollywood, Fla.",McArthur,
Chris Peguero,Dayton,2025,73,210,R,R,R-Sr.,"Boston, Mass.",Malden Catholic,
Dyrenson Wouters,Dayton,2025,68,185,R,R,Jr.,"Oranjestad, Aruba",Colegio Arubano,Southern New Hampshire
Jackson Judy,Dayton,2025,75,190,R,R,Jr.,"Columbus, Ohio",Worthington Kilbourne,Cuyahoga CC
Lukasz Rondeau,Dayton,2025,74,205,L,L,Fr.,"Windham, N.H.",Austin Prep,
Bobby Stang,Dayton,2025,76,225,R,R,R-So.,"Massapequa, N.Y.",Massapequa,Georgia Southern
Jacob McGovern,Dayton,2025,71,190,R,L,Sr.,"Pittsburgh, Pa.",Hopewell Area School,
Landan Browning,Dayton,2025,73,210,R,R,Fr.,"Barberton, Ohio",Archbishop Hoban,
J.J. Gatti,Dayton,2025,75,195,R,R,Jr.,"Rockville Centre, N.Y.",Chaminade,
Michael Fortes,Dayton,2025,74,190,R,R,Sr.,"Weston, Fla.",West Broward,Palm Beach State
Michael Dudolski,Dayton,2025,72,195,R,R,Fr.,"Whitehouse, Texas",Whitehouse,
Bennett LaPalm,Dayton,2025,73,185,R,L,So.,"Bellbrook, Ohio",Bellbrook,
Ty Mainolfi,Dayton,2025,73,172,L,L,Fr.,"Staten Island, N.Y.",St. Peter's Boys,
Hector Escobar,Dayton,2025,72,165,R,R,Fr.,"Miami, Fla.",Miami Christian,
Jackson Duncan,Dayton,2025,80,235,R,R,Jr.,"Dayton, Ohio",Northmont,Clark State CC
Mark Rutherford,Dayton,2025,70,210,S,R,Fr.,"Mason, Ohio",William Mason,
Riley Cahill,Dayton,2025,72,195,R,R,R-Fr.,"Oakwood, Ohio",Oakwood,
James Heller,Dayton,2025,75,185,R,R,Fr.,"Los Angeles, Calif.",de Toledo,
Luke Matta,Dayton,2025,77,235,R,R,Jr.,"Shenandoah, Pa.",Shenandoah Valley,Villanova
CJ Bussell,Dayton,2025,75,200,R,R,Jr.,"Naples, Fla",Naples,Palm Beach State
Carson Samuels,Dayton,2025,72,170,L,L,Fr.,"Gahanna, Ohio",Gahanna Lincoln,
Colin McCormick,Dayton,2025,73,190,R,R,Fr.,"Chicago, Ill.",IMG Academy,
Jack Fitzgerald,Dayton,2025,77,215,R,R,So.,"Braintree, Mass.",Braintree,
Ben Dean,Dayton,2025,75,218,R,R,Fr.,"Swanzey, N.H.",Monadnock Regional,
Ryan MacDougall,Dayton,2025,73,215,L,R,So.,"Taunton, Mass.",Taunton,
Jason Bello,Dayton,2025,72,200,,,Fr.,"Fort Myers, Fla.",Bishop Verot Catholic,USF
Will Perkowski,Dayton,2025,76,200,,,Fr.,"New Boston, N.H.",Goffstown,Penn State
Jeremy Stranix,DeSales,2025,71,,R,R,So.,"Holmes, PA",Ridley,
Anthony Schieble,DeSales,2025,70,,L,L,Jr.,"East Northport, NY",John H. Glenn,
Ashton Johnson,DeSales,2025,75,,,,Sr.,"Nazareth, PA",Nazareth,
Eric Wert,DeSales,2025,69,,,,So.,"Bethlehem, PA",Bethlehem Catholic,
Jacob Rivera,DeSales,2025,72,,,,Fy.,"Bethlehem, PA",Liberty,
John Rorick,DeSales,2025,66,,R,R,Jr.,"Swedesboro, NJ",Kingsway Regional,
JT Anderosky,DeSales,2025,73,,L,R,Jr.,"Warrington, PA",Central Bucks South,
Jack Sague,DeSales,2025,73,,L,L,So.,"North Springfield, VA",Bishop O'Connell,
Will Shelden,DeSales,2025,73,,L,L,Sr.,"New Canaan, CT",IMG Academy,
Gavin Zavorski,DeSales,2025,73,,R,R,Gr.,"Feasterville, PA",William Penn Charter,
Logan Higgins,DeSales,2025,69,,,,Fy.,"Northampton, PA",Northampton,
Matt DeStaso,DeSales,2025,68,,,,Fy.,"Glen Rock, NJ",Glen Rock,
Justin DeStaso,DeSales,2025,68,,R,R,Sr.,"Glen Rock, NJ",Glen Rock,
Travis Kerr,DeSales,2025,72,,R,R,Gr.,"Succasunna, NJ",Roxbury,
Joe Ficoturo,DeSales,2025,74,,,,Fy.,"West Chester, PA",Devon Prep,
Kevin Eden,DeSales,2025,68,,,,Fy.,"Morgantown, PA",Twin Valley,
Frank Parrotti,DeSales,2025,70,,R,R,Sr.,"Glenolden, PA",Cardinal O'Hara,
Andrew McGowan,DeSales,2025,73,,R,R,Jr.,"Collegeville, PA",Perkiomen Valley,
Owen Frye,DeSales,2025,71,,R,R,Jr.,"Woodbridge, VA",Forest Park,
Mike Hooker,DeSales,2025,76,,L,R,Jr.,"Ridley Park, PA",Ridley,
Bobby Dingell,DeSales,2025,72,,R,R,Jr.,"Reston, VA",Gonzaga,
Colin Houck,DeSales,2025,70,,,,Sr.,"Coopersburg, PA",Southern Lehigh,
Owen Fischl,DeSales,2025,70,,L,R,Sr.,"Allentown, PA",Whitehall,
Ryan Whitaker,DeSales,2025,76,,R,R,Gr.,"Wantagh, NY",Wantagh,
Eddie Cwiertniewicz,DeSales,2025,70,,,,Fy.,"Aston, PA",Garnet Valley,
Aaron Schneider,DeSales,2025,73,,,,Fy.,"Allentown, PA",William Allen,
Joey Vaccaro,DeSales,2025,70,,R,R,Jr.,"Oley, PA",Oley Valley,
Shane Anhalt,DeSales,2025,73,,R,L,Jr.,"Newtown, PA",Council Rock North,
Matt Worek,DeSales,2025,70,,R,R,So.,"Huntingdon Valley, PA",Abington,
Danny Kirk,DeSales,2025,75,,,,Fy.,"Monmouth Junction, NJ",South Brunswick,
Will Haman,DeSales,2025,72,,,,Fy.,"Princeton, NJ",South Brunswick,
Jared Drake,DeSales,2025,73,,R,R,Gr.,"Fairport, NY",Fairport,
Zach Rothermel,DeSales,2025,74,,R,R,Jr.,"Barto, PA",Boyertown,
Alex Chase,DeSales,2025,78,,S,L,Sr.,"Newtown, PA",Council Rock North,
Kyle Hart,DeSales,2025,75,,R,R,Jr.,"Basking Ridge, NJ",Oratory Prep,
Ty Akins,DeSales,2025,73,,R,L,So.,"Somerville, NJ",Somerville,
Owen Geng,DeSales,2025,75,,R,R,So.,"Sinking Spring, PA",Wilson,
Danny Trentacosta,DeSales,2025,73,,,,Fy.,"Marlboro, NJ",Marlboro,
Payton Shipman,Delaware,2025,73,195,,,,"Suffolk, Va.",Greenbrier Christian,
Ayden Frey,Delaware,2025,70,180,,,,"Camp Hill, Pa.",Cedar Cliff,
Dom Velazquez,Delaware,2025,70,195,,,,"Dover, Del.",Dover,
Rory Finn,Delaware,2025,70,190,,,,"Warrington, Pa",Springside Chestnut Hill,
Aiden Stewart,Delaware,2025,70,185,,,,"Victor, N.Y.",McQuaid Jesuit (Siena),
LT Cockrill,Delaware,2025,70,205,,,,"Las Vegas, Nev.",Centennial (State College of Florida),
Evan Bouldin,Delaware,2025,74,200,,,,"Middletown, Del.",Appoquinimink,
Vince Libretto,Delaware,2025,74,200,,,,"Lexington, Mass",Lexington,
Andrew Callaway,Delaware,2025,72,210,,,,"Seaford, Del.",Delmar,
Luke Lambert,Delaware,2025,69,185,,,,"McDonald, Pa.",West Allegheny (Eastern Florida Community College),
Carter Welch,Delaware,2025,74,200,,,,"Kutztown, Pa.",Northwestern Lehigh,
Tanner Donati,Delaware,2025,73,200,,,,"Pittsburgh, Pa.",Mt. Lebanon,
Brett Walmsley,Delaware,2025,72,210,,,,"Newark, Del.",Conrad,
Vincent Davis,Delaware,2025,72,210,,,,"Somerdale, N.J.",Highland,
Andrew Amato,Delaware,2025,74,205,,,,"Weston, Conn.",Weston (High Point),
Matthew Minckler,Delaware,2025,72,175,,,,"Bangkok, Thailand",Portsmouth,
Brett Lesher,Delaware,2025,77,210,,,,"Newark, Del.",Newark Charter,
Doug Marose,Delaware,2025,77,230,,,,"Laytonsville, Md.",Gaithersburg (Harford Community College),
Michael Schulke,Delaware,2025,72,190,,,,"Cherry Hill, N.J.",Cherry Hill East,
Aaron Graeber,Delaware,2025,75,210,,,,"West Deptford, N.J.",West Deptford (Gloucester Community College),
Jackson Tyer,Delaware,2025,73,190,,,,"Newark, Del.",Delaware Military Academy,
Ethan Shaub,Delaware,2025,71,180,,,,"Haddon Township, N.J.",Haddon Township (Gloucester Community College),
Elias Conway,Delaware,2025,72,180,,,,"East Nassau, N.Y.",Columbia,
Aiden Murphy,Delaware,2025,76,210,,,,"Mountain Top, Pa.",Wyoming Seminary (Wilkes),
Tim Hartman,Delaware,2025,71,180,,,,"Lumberton, N.J.",Rancocas Valley (Gloucester Community College),
Michael Goodman,Delaware,2025,73,195,,,,"New City, N.Y.",Clarkstown North,
Christian Colmery,Delaware,2025,71,200,,,,"Newark, Del.",St. Mark's,
Matt Reyes,Delaware,2025,70,195,,,,"Northford, Conn.",St. Thomas More (Louisburg Community College),
Jonah Richardson,Delaware,2025,72,215,,,,"Boiling Spring, Pa.",Boiling Spring,
Ryan McLaughlin,Delaware,2025,74,190,,,,"Berlin, Md.",Stephen Decatur,
Bryce Danish,Delaware,2025,74,190,,,,"Mount Union, PA",Mount Union,
Ben Moyzan,Delaware,2025,73,205,,,,"Bethlehem, Pa.",Notre Dame,
Evan Lewis,Delaware,2025,74,205,,,,"Severna Park, Md.",Severna Park (Gaston Community College),
Justin Needles,Delaware,2025,75,235,,,,"Wyncote, Pa.",Germantown Friends (UNC Asheville),
Brady Blum,Delaware,2025,73,170,,,,"Northfield, N.J.",Mainland,
Dylan Bryan,Delaware,2025,74,185,,,,"Lutherville, Md.",Loyola-Blakefield,
Jake Pollaro,Delaware,2025,77,240,,,,"Pittsburgh, Pa.",North Hills,
Henry Clausell,Delaware,2025,74,205,,,,"Patillas, P.R.",Perkiomen,
Drew Capobianco,Delta State,2025,69,170,S,R,Sr.,"Guntown, Miss.",,Itawamba Community College
Brendan McCauley,Delta State,2025,69,170,R,R,Sr.,"Gulfport, Miss.",,Mississippi Gulf Coast Community College
Jacob Hill,Delta State,2025,70,165,R,R,Jr.,"Byhalia, Miss.",,Northwest Mississippi Community College
Caleb Smith,Delta State,2025,72,160,L,L,Sr.,"Coldwater, Miss.",,Coahoma Community College
Wes Warnock,Delta State,2025,69,170,L,R,Sr.,"Vicksburg, Miss.",,Mississippi Delta Community College
Matthew Martinolich,Delta State,2025,71,190,R,R,Sr.,"Hattiesburg, Miss.",,Itawamba Community College
Tyler Otts,Delta State,2025,69,170,L,L,Jr.,"Summit, Miss.",,Southwest Mississippi Community College
Sam Thomas,Delta State,2025,72,200,R,R,Fr.,"Bartlett, Tenn.",,First Assembly Christian School
Aidan McCrady,Delta State,2025,70,175,R,R,Fr.,"Eads, Tenn.",,Briarcrest High School
Peyton Badon,Delta State,2025,70,185,R,R,Jr.,"Summit, Miss.",,North Pike Senior High School
Austin Estes,Delta State,2025,68,193,R,R,So.,"Piedmont, Ala.",,Piedmont High School
Brett Burrell,Delta State,2025,74,210,R,R,Sr.,"Cleveland, Miss.",,Bayou Academy
Braiden Jones,Delta State,2025,75,200,R,R,Sr.,"Wiggins, Miss.",,Southwest Mississippi Community College
Dylan Coleman,Delta State,2025,75,220,R,R,Sr.,"Madison, Miss.",,Hinds Community College
Brady Davis,Delta State,2025,70,180,R,L,Sr.,"Hamilton, Miss",,Itawamba Community College
Ryan Herbison,Delta State,2025,74,200,R,R,Jr.,"Flowood, Miss.",,Hinds Community College
Dylan Dendy,Delta State,2025,73,215,L,R,Sr.,"Yazoo City, Miss.",,Mississippi Delta Community College
Preston Soper,Delta State,2025,74,190,L,R,Sr.,"Madison, Miss.",,Jacksonville State University
Tyler Janos,Delta State,2025,69,190,R,R,Jr.,"Clinton, Miss.",,Hinds Community College
Cooper Walls,Delta State,2025,70,175,R,R,Fr.,"Birmingham, Ala.",,McAdory High School
Jackson Wilson,Delta State,2025,72,175,L,L,Sr.,"Palestine, Ark.",,University of Arkansas - Rich Mountain
Cole Thompson,Delta State,2025,73,185,R,R,Jr.,"West Monroe, La.",,Hinds Community College
Logan Eldridge,Delta State,2025,73,190,R,R,Sr.,"Arlington, Tenn.",,Northwest Mississippi Community College
Drake Fontenot,Delta State,2025,77,220,R,R,Sr.,"Bossier City, La.",,University of Arkansas - Rich Mountain
Clay Mitchell,Delta State,2025,73,210,R,R,Fr.,"Abita Springs, La.",,Fountainebleau High School
Will Tamplain,Delta State,2025,71,200,R,R,Fr.,"Ponchatoula, La.",,Mandeville High School
Jack Woods,Delta State,2025,72,175,R,R,Rf.,"Fairhope, Ala.",,Bayside Academy
Connar Gardner,Delta State,2025,76,245,R,R,Sr.,"Southaven, Miss.",,Itawamba Community College
Tate Duncan,Delta State,2025,76,220,L,L,Sr.,"Columbia, Miss.",,Jones Community College
Dylan Farley,Delta State,2025,75,230,L,L,Sr.,Kingdom of the Netherlands,,Nicholls State
Andin Johnson,Delta State,2025,72,190,R,R,Sr.,"Amory, Miss.",,University of North Alabama
Jesse Homan,Delta State,2025,77,220,R,R,Sr.,"Memphis, Tenn.",,Southwest Tennessee Community College
Adrian Byrd,Delta State,2025,72,205,,,Jr.,"Wiggins, Miss.",,Louisiana Monroe
Brant Smith,Delta State,2025,75,200,R,R,Sr.,"Columbus, Miss.",,Northeast Mississippi Community College
Gabe Stockton,Delta State,2025,71,215,R,R,Sr.,"Mandeville, La.",,Mandeville High School
Eli Akins,Delta State,2025,78,225,R,R,Jr.,"Ripley, Miss.",,Itawamba Community College
Colby Lafayette,Delta State,2025,76,215,R,R,Jr.,"Water Valley, Miss.",,Mississippi Delta Community College
Josh Hill,Delta State,2025,73,233,R,R,Sr.,"Indianola, Miss.",,Northwest Mississippi Community College
Christian Clayson,Delta State,2025,75,205,R,R,Jr.,"Prairieville, La.",,South Arkansas Community College
Bo Rock,Delta State,2025,73,215,L,R,Jr.,"Amory, Miss.",,Itawamba Community College
Triston Hickman,Delta State,2025,72,200,R,R,Sr.,"Wiggins, Miss.",,Pearl River Community College
Jeff Lougee,Duke,2025,72,185,L,R,Fr.,"Mechanicsburg, Pa.",Mechanicsburg Area,
Andrew Healy,Duke,2025,78,200,L,L,Jr.,"Glen Mills, Pa.",William Penn Charter,
Andrew Yu,Duke,2025,72,220,R,R,Sr.,"Nashville, Tenn.",Ensworth,
Gabe Nard,Duke,2025,71,190,R,R,Jr.,"Shaker Heights, Ohio",St. Ignatius,
Kyle Johnson,Duke,2025,73,205,R,L,So.,"Leesburg, Va.",Riverside,
Macon Winslow,Duke,2025,72,200,R,R,So.,"Hertford, N.C.",Perquimans County,
Wallace Clark,Duke,2025,72,195,S,R,Sr.,"Tulsa, Okla.",Oklahoma,
Ben Rounds,Duke,2025,73,200,L,R,Gr.,"Milton, Mass.",Harvard,
Owen Proksch,Duke,2025,75,225,S,L,Jr.,"Southlake, Texas",Carroll Senior,
Aidan Weaver,Duke,2025,77,230,R,R,Jr.,"Jamison, Pa.",Central Bucks-East,
Edward Hart,Duke,2025,77,235,L,L,Jr.,"San Antonio, Texas",Alamo Heights,
Henry Zatkowski,Duke,2025,74,190,L,L,Fr.,"Clarksville, Md.",River Hill,
Andrew Bell,Duke,2025,73,195,R,R,Fr.,"Denver, Colo.",Regis Jesuit,
Trevor Johnson,Duke,2025,74,205,L,R,Fr.,"Bellefonte, Pa.",Bellefonte Area,
Jake Hyde,Duke,2025,76,205,L,R,Gr.,"Darien, Conn.",Georgetown,
James Tallon,Duke,2025,77,195,L,L,Jr.,"Arlington, Va.",Yorktown,
Sam Harris,Duke,2025,77,220,L,L,So.,"Urbandale, Iowa",Urbandale,
Mark Hindy,Duke,2025,76,220,L,L,Gr.,"Essex Fells, N.J.",William & Mary,
Adam Troch,Duke,2025,72,175,L,L,Fr.,"Bethesda, Md.",St. Johns College,
Nick DiPietrantonio,Duke,2025,75,210,R,R,Gr.,"Manalapan, N.J.",Princeton,
Jake Berger,Duke,2025,75,195,L,R,Gr.,"Boston, Mass.",Harvard,
Reid Easterly,Duke,2025,72,200,L,L,Gr.,"Katy, Texas",Yale,
Jay Slater,Duke,2025,72,198,R,R,Fr.,"Downingtown, Pa.",Downingtown West Campus,
Kael Gahan,Duke,2025,74,185,L,L,Fr.,"Oxford, Mich.",Lake Orion Community,
Ryan Higgins,Duke,2025,74,210,R,R,Sr.,"New Canaan, Conn.",St. Luke's,
AJ Gracia,Duke,2025,75,195,L,L,So.,"Monroe, N.J.",Ranney,
Ryan Calvert,Duke,2025,77,240,R,R,Gr.,"La Plata, Md.",UNCW,
Roman DiGiacomo,Duke,2025,75,220,R,R,Jr.,"Fairfield, Conn.",Fairfield Warde,
Ben Miller,Duke,2025,73,225,R,R,Gr.,"Durham, N.C.",Penn,
David Boisvert,Duke,2025,77,215,R,R,Sr.,"Charlotte, N.C.",Cannon School,
Noah Murray,Duke,2025,70,170,R,R,So.,"Crozet, Va.",Pro5 Baseball Academy,
Jack Feehery,Duke,2025,72,175,L,L,Fr.,"Washington, D.C.",Gonzaga College,
Zach Jackson,Duke,2025,73,170,L,R,Fr.,"Smyrna, Ga.",Holy Innocents Episcopal,
Tyler Albright,Duke,2025,72,200,R,L,Jr.,"Greensboro, N.C.",Grimsley,
Harley Goodner,Duke,2025,73,198,R,R,Fr.,"Rye, New York",Greenwich Country Day,
Marcello Mastroianni,Duke,2025,75,195,L,L,So.,"Little Silver, N.J.",Georgetown,
Jack Hedrick,Duke,2025,77,205,R,R,Fr.,"Charlotte, N.C.",Charlotte Catholic,
Jimmy Evans,Duke,2025,69,180,L,L,Gr.,"Norwalk, Conn.",Tufts University,
Gavin Brown,Duke,2025,77,195,L,L,Gr.,"Plano, Texas",Tufts University,
Collins Black,Duke,2025,74,200,R,R,Fr.,"Cary, N.C.",Cary,
James Raidt,Duke,2025,75,180,R,R,So.,"Stamford, Conn.",King & Low-Heywood Thomas School,
Bryce Brannon,Duke,2025,75,200,R,R,Fr.,"Mason, Ohio",William Mason,
Max Stammel,Duke,2025,75,190,L,L,Fr.,"Dallas, Texas",Highland Park,
Kenan Bowman,East Carolina,2025,72,190,,,,"Charlotte, N.C.",Legion Collegiate Academy,
Dixon Williams,East Carolina,2025,74,210,,,,Greenville,DH Conley,
Roger Vergara,East Carolina,2025,72,196,,,,"Weston, Fla.",St. Thomas Aquinas,
Davin Whitaker,East Carolina,2025,76,200,,,,Mocksville,Davie County,
Nick Parham,East Carolina,2025,70,179,,,,Asheville,T.C. Roberson,
Gabe Beschloss,East Carolina,2025,74,213,,,,"Garden City, N.Y.",Garden City,
Dawson Neal,East Carolina,2025,74,195,,,,Leland,West Stokes,
Ryan Towers,East Carolina,2025,72,186,,,,"Henderson, Nev.",Liberty,
Alex Bouche,East Carolina,2025,74,214,,,,"Chesapeake, Va.",South Central,
Brett Antolick,East Carolina,2025,75,220,,,,"Conyngham, Pa.",Hazelton Area,
Colby Wallace,East Carolina,2025,75,210,,,,Biscoe,Pinecrest,
Alex Peltier,East Carolina,2025,74,185,,,,"Haymarket, Va.",Paul VI,
Ryley Johnson,East Carolina,2025,69,170,,,,"Manassas, Va.",Colgan,
Michael Kalinich,East Carolina,2025,71,200,,,,"Longwood, Fla.",Lake Brantley,
Tyler Brashear,East Carolina,2025,75,197,,,,"Spring City, Pa.",Owen J Roberts,
Parker Byrd,East Carolina,2025,70,190,,,,Laurinburg,Scotland,
David Lillis,East Carolina,2025,73,205,,,,"Landenburg, Pa.",Kennett,
Ethan Norby,East Carolina,2025,69,200,,,,Kernersville,East Forsyth,
Jackson DiLorenzo,East Carolina,2025,72,245,,,,"Cortlandt Manor, N.Y.",Walter Panas,
Jake Hunter,East Carolina,2025,76,226,,,,Rockwell,East Rowan,
Austin Irby,East Carolina,2025,71,201,,,,"Virginia Beach, Va.",Cox,
Walker Barron,East Carolina,2025,70,187,,,,"Atlanta, Ga.",IMG Academy,
Braxton Tramel,East Carolina,2025,70,218,,,,Hickory,Fred T Foard,
Braden Burress,East Carolina,2025,69,186,,,,Snow Hill,Greene Central,
Nick Moran,East Carolina,2025,75,230,,,,Wake Forest,Wake Forest,
Jason Janesko,East Carolina,2025,72,200,,,,"Moosic, Pa.",IMG Academy,
Trevor Jackson,East Carolina,2025,73,215,,,,"Marion, Ill.",Marion,
Jaden Winter,East Carolina,2025,77,245,,,,Apex,Pro5 Baseball Academy,
Ethan Young,East Carolina,2025,74,220,,,,"Harrisburg, N.C.",Hickory Ridge,
Bradley Zayac,East Carolina,2025,75,215,,,,"Chesapeake, Va.",Grassfield,
Michael Irby,East Carolina,2025,75,210,,,,"Virginia Beach, Va.",Cox,
Drew Downs,East Carolina,2025,75,180,,,,"Cary, N.C.",Pro5 Baseball Academy,
Neil Griffin,East Carolina,2025,72,172,,,,"Charlotte, N.C.",Metrolina Christian,
Brad Pruett,East Carolina,2025,75,210,,,,"Corinth, Texas",Guyer,
Dawson Kehr,East Carolina,2025,73,220,,,,"Hagerstown, Md.",Clear Spring,
Talor Grubbs,East Carolina,2025,72,210,,,,"Greensboro, N.C.",Southeast Guilford,
Sean Jenkins,East Carolina,2025,75,215,,,,Hickory,Fred T Foard,
Jack Herring,East Carolina,2025,70,205,,,,"Atlanta, Ga.",St. Pius X Catholic,
JD Little,East Carolina,2025,75,210,,,,Taylorsville,Alexander Central,
Chance Hall,East Carolina,2025,73,179,,,,"North Myrtle Beach, S.C.",North Myrtle Beach,
John Collins,East Carolina,2025,75,230,,,,"New York, N.Y.",Collegiate School,
Ian White Jr.,East Carolina,2025,73,205,,,,"Malvern, Pa.",Haverford,
Lance Williams,East Carolina,2025,71,195,,,,"Shenandoah, Va.",William Monroe,
Trip Barron,East Texas Baptist,2025,72,195,,,So.,"Milton, GA",Cambridge,Birmingham-Southern College
Walter Bockelmann,East Texas Baptist,2025,74,190,,,Fr.,"College Station, TX",A&M Consolidated,
Tyler Bogusz,East Texas Baptist,2025,74,190,,,Jr.,"Frisco, TX",Lonestar,Blinn College
Justin Bried,East Texas Baptist,2025,72,190,,,Fr.,"San Diego, CA",Maranatha Christian,
Ethan Brister,East Texas Baptist,2025,72,195,,,Sr.,"Paincourtville, LA",Assumption,
Luke Bumpus,East Texas Baptist,2025,71,195,,,Gr.,"Wylie, TX",Wylie East,Lamar/Midland JC
Dylan Burnaman,East Texas Baptist,2025,71,178,,,Sr.,"Sugar Land, TX",Clements,
Ben Burroughs,East Texas Baptist,2025,74,190,,,Gr.,"Quitman, TX",Quitman,Pratt CC
Nolan Bushko,East Texas Baptist,2025,70,170,,,Jr.,"Haslet, TX",V.R Eaton,NE Texas CC
Nicolas Chavez,East Texas Baptist,2025,69,185,,,Sr.,"Grand Prairie, TX",South Grand Prairie,Mountainview College
Joaquin Costa,East Texas Baptist,2025,67,170,,,Fr.,"College Station, TX",A&M Consolidated,
Chance Crawford,East Texas Baptist,2025,70,185,,,Fr.,"Bryan , TX",Bryan,
Cayden Earnhart,East Texas Baptist,2025,69,185,,,Sr.,"Denison, TX",Denison Senior,
Luke Finn,East Texas Baptist,2025,71,190,,,Gr.,"Lucas, TX",Lovejoy,"Texas Dallas, NE Texas CC, Grayson College"
Nathan Harmon,East Texas Baptist,2025,70,180,,,Jr.,"Flower Mound, TX",Marcus,Dodge City CC
James Henderson,East Texas Baptist,2025,70,190,,,Gr.,"Fort Worth, TX",Lake Country Christian School,Nelson
Brayden Hodge,East Texas Baptist,2025,74,190,,,Fr.,"Katy, TX",Cinco Ranch,
William Howard,East Texas Baptist,2025,70,180,,,So.,"The Woodlands, TX",The Woodlands,Wharton County JC
Matthew Irwin,East Texas Baptist,2025,73,190,,,Jr.,"Katy, TX",James E. Taylor,
Jackson Jones,East Texas Baptist,2025,75,195,,,Sr.,"Waxahachie, TX",Arlington,Northlake JC
Braden Karnes,East Texas Baptist,2025,75,240,,,Sr.,"Godley, TX",Godley,
Matthew Krall,East Texas Baptist,2025,77,215,,,Gr.,"Corpus Christi, TX",Veterans Memorial,Prairie View A&M/Paris JC
Ben Lea,East Texas Baptist,2025,73,205,,,Jr.,"Sugar Land, TX",George Ranch,
Carson Livesay,East Texas Baptist,2025,70,195,,,Jr.,"Lafayette, LA",Lafayette,Centenary College (LA)
Nick Massarini,East Texas Baptist,2025,73,180,,,Sr.,"Richmond, TX",Fort Bend Travis,
Connor Massimini,East Texas Baptist,2025,70,170,,,Jr.,"Fort Worth, TX",Eaton,
Jagger Neely,East Texas Baptist,2025,72,168,,,Sr.,"Montgomery, TX",Lake Creek,
Jacob Newland,East Texas Baptist,2025,70,185,,,So.,"Diana, TX",New Diana,
Landry Powell,East Texas Baptist,2025,73,180,,,So.,"Heath, TX",Rockwall Heath,
Hayden Robichaux,East Texas Baptist,2025,74,160,,,Jr.,"Southlake, TX",Fort Worth Christian,
Jaxyn Rogers,East Texas Baptist,2025,71,198,,,So.,"Murchison, TX",Brownsboro,
Ryan Ruff,East Texas Baptist,2025,67,170,,,Sr.,"Granite Shoals, TX",Smithson Valley,New Mexico JC
Hunter Rumachik,East Texas Baptist,2025,76,230,,,Gr.,"Huntley, IL",Huntley,Missouri Western State
Austin Sanders,East Texas Baptist,2025,75,240,,,Fr.,"Mission Viejo, CA",Santa Margarita Catholic,
Dallan Shaw,East Texas Baptist,2025,69,175,,,Fr.,"Marshall, TX",Marshall,
Tate Sloan,East Texas Baptist,2025,72,180,,,So.,"Rockwall, TX",Rockwall,Angelo St.
Carson Speegle,East Texas Baptist,2025,75,230,,,Gr.,"Bothell, WA",Lynnwood,Biola (CA)/Everett CC
Kaden Wharton,East Texas Baptist,2025,76,190,,,Fr.,"Arlington, TX",Arlington,
Campbell Williams,East Texas Baptist,2025,77,210,,,Fr.,"Longview, TX",Longview,
Grayson Wise,East Texas Baptist,2025,71,176,,,Fr.,"Dallas, TX",Bishop Lynch,
Diego Alana,Eastern Kentucky,2025,71,170,S,R,Jr.,"Cabimas, Venezuela",,Indian River State College
Owen Barger,Eastern Kentucky,2025,72,185,R,R,R-So.,"Shepherdsville, Ky.",,North Bullitt HS
Kobe Benson,Eastern Kentucky,2025,69,180,S,R,R-Jr.,"Boynton Beach, Fla.",,Dyersburg State CC
Ryker Walton,Eastern Kentucky,2025,76,215,R,R,Sr.,"Potosi, Mo.",,Mineral Area CC
Kam Taylor,Eastern Kentucky,2025,74,217,L,L,R-So.,"Lithonia, Ga.",,Andrew College
Colby Ott,Eastern Kentucky,2025,71,180,R,R,Sr.,"Festus, Mo.",,Jefferson College
Gavin Faulkner,Eastern Kentucky,2025,74,195,L,L,Jr.,"Lexington, Ky.",,Frederick Douglass HS
Elijah Underhill,Eastern Kentucky,2025,73,190,R,R,So.,"Hopkinsville, Ky.",,Christian County HS
Jay Douglas,Eastern Kentucky,2025,72,190,R,R,Jr.,"Rock Hill, S.C.",,Florence-Darlington Tech
Greg Caban,Eastern Kentucky,2025,69,185,L,R,Fr.,"Miami Gardens, Fla.",,Archbishop McCarthy HS
Julius Scearce,Eastern Kentucky,2025,73,190,L,R,Sr.,"Lexington, Ky.",,Motlow State CC
Hayden Collins,Eastern Kentucky,2025,74,195,R,R,Jr.,"Lexington, Ky.",,Southwest Tennessee CC
Luis Alvarez Jr.,Eastern Kentucky,2025,70,180,L,R,Jr.,"Stuart, Fla.",,Dyersburg State CC
Burkley Bounds,Eastern Kentucky,2025,74,200,R,R,Fr.,"Lexington, Ky.",,Lexington Catholic HS
Hamilton Martinez,Eastern Kentucky,2025,75,215,R,R,Sr.,"Kissimmee, Fla.",,Hillsborough CC
Boone Shevey,Eastern Kentucky,2025,70,200,S,R,Sr.,"Springfield, Mo.",,Jefferson College
Wyatt Foley,Eastern Kentucky,2025,73,200,R,R,Jr.,"Girard, Kan.",,Fort Scott CC
Chardy Tierney,Eastern Kentucky,2025,73,195,R,R,Fr.,"Lexington, Ky.",,Henry Clay HS
Tait Nunnally,Eastern Kentucky,2025,73,195,L,L,So.,"Pell City, Ala.",,Pell City HS
Bradley Gagen,Eastern Kentucky,2025,74,205,L,L,R-So.,"Ashburn, Va.",,Tennessee
Jackson Ginther,Eastern Kentucky,2025,69,180,S,L,Fr.,"Monticello, Ga.",,Locust Grove HS
Nathan Lawson,Eastern Kentucky,2025,73,210,R,R,Jr.,"Russell Springs, Ky.",,Russell County HS
Josiah Erd,Eastern Kentucky,2025,74,190,R,R,So.,"Toledo, Ohio",,St. Francis de Sales HS
Mauri Bejarano,Eastern Kentucky,2025,72,165,S,R,So.,"Coconut Creek, Fla.",,North Broward Preparatory
Hayden Duffield,Eastern Kentucky,2025,73,190,R,R,Sr.,"Woodstock, Ga.",,Florence-Darlington Tech
Mitchell Berger,Eastern Kentucky,2025,72,200,R,R,R-Fr.,"Fort Mitchell, Ky.",,Beechwood HS
Dylan Rogers,Eastern Kentucky,2025,74,205,L,L,R-Sr.,"Spartanburg, S.C.",,Jacksonville State
Cade Schneider,Eastern Kentucky,2025,73,200,R,R,Jr.,"Lexington, Ky.",,Wabash Valley College
Silas Shaffer,Eastern Kentucky,2025,75,205,R,R,So.,"Mount Vernon, Ky.",,Rockcastle County HS
AJ Groeneveld,Eastern Kentucky,2025,73,180,L,R,Fr.,"Pembroke Pines, Fla.",,St. Thomas Aquinas HS
Brady Hutchins,Eastern Kentucky,2025,73,200,R,R,Fr.,"Lebanon, Ky.",,Marion County HS
Niall Todd,Eastern Kentucky,2025,74,185,L,L,So.,"Akron, Ohio",,Youngstown State
Ehinger Adrianza,Eastern Kentucky,2025,68,170,L,R,Sr.,"Guarenas, Venezuela",,Harper College
Will Price,Eastern Kentucky,2025,77,245,R,R,Jr.,"Knoxville, Tenn.",,Bryant & Stratton College (Ohio)
Christian Howe,Eastern Kentucky,2025,76,210,R,R,R-Jr.,"Danville, Ky.",,University of Kentucky
Ryan Radcliff,Eastern Kentucky,2025,71,175,L,L,Sr.,"Stuart, Fla.",,Dyersburg State CC
Addison Stockham,Eastern Kentucky,2025,75,235,L,L,So.,"Lexington, Ky.",,Sayre School
Aidan Rath,Eastern Kentucky,2025,78,250,R,R,R-So.,"Kalona, Iowa",,Kirkwood CC
Carson van Haaren,Eastern Kentucky,2025,72,192,R,R,Fr.,"Lexington, Ky.",,Tates Creek HS
Nazir Mendez,Eastern Kentucky,2025,74,200,L,R,Jr.,"New York, N.Y.",,Allegany College of Maryland
Brock Blanton,Eastern Kentucky,2025,76,220,R,R,R-Jr.,"Bainbridge, Ohio",,Paint Valley HS
Ryan Johnson,Eastern Kentucky,2025,69,200,L,L,Fr.,"Carlisle, Ky.",,Nicholas County HS
Dylan Littlefield,Eastern Kentucky,2025,69,175,L,R,Fr.,"Pepperell, Mass.",,IMG Academy
Bennett Myers,Eastern Kentucky,2025,76,235,R,R,R-So.,"Lawrenceburg, Ky.",,Tennessee
Luke Reed,Eastern Kentucky,2025,74,180,R,R,R-Sr.,"Louisville, Ky.",,Mississippi Gulf Coast CC
Jack Waters,Eastern Kentucky,2025,72,190,R,R,R-Jr.,"Gold Coast, Australia",,Arizona Western College
Luca Marino,Eckerd,2025,70,180,R,R,So.,"Bradenton, Fla.",Out-of-Door Academy,
Joey Bazydlo,Eckerd,2025,71,155,R,R,So.,"Worcester, Mass.",St. Paul Diocesan,
Dawson Jones,Eckerd,2025,73,195,R,R,Jr.,"Naples, Fla.",St. John Neumann,
Jack Lizewski,Eckerd,2025,72,180,R,R,So.,"Leicaster, Mass.",St. Paul Diocesan Jr./Sr. High School,
Cole Schumaker,Eckerd,2025,74,190,R,R,Jr.,"Venice, Fla.",Venice,
Christian Perez,Eckerd,2025,72,200,L,R,So.,"Miami, Fla.",Felix Varela High School,
Carson Womer,Eckerd,2025,72,190,R,R,Jr.,"Parrish, Fla.",Parrish,
Brady Schumaker,Eckerd,2025,73,185,R,R,Fr.,"Venice, Fla.",Venice,
Reid Lisle,Eckerd,2025,74,185,S,R,Sr.,"Apopka, Fla.",Florida Virtual School / South Florida State College,
Rick Koch,Eckerd,2025,75,210,R,R,Sr.,"Hamburg, Germany",H.S. Gymnasium Meiendorf,
Cooper Nelson,Eckerd,2025,73,200,R,R,So.,"East Lake, Fla.",East Lake,
Max Folkman,Eckerd,2025,71,180,L,L,Jr.,"Land O' Lakes, Fla.",Land O'Lakes,
Nathan Norwood,Eckerd,2025,76,210,R,R,Jr.,"Tarpon Springs, Fla.",East Lake,
Dearl Edens,Eckerd,2025,72,195,R,R,Jr.,"Clearwater, Fla.",Keswick Christian,
Zade Stark,Eckerd,2025,70,180,R,R,Jr.,"Lake Worth, Fla.",Southwestern Community College (Iowa) / Santaluces High School,
Kam Gelwick,Eckerd,2025,70,185,R,R,Jr.,"Pinellas Park, Fla.",Keswick Christian,
Dylan Escobar,Eckerd,2025,67,180,R,R,So.,"Pembroke Pines, Fla.",Pembroke Pines,
Tyler Altenbaumer,Eckerd,2025,69,180,R,R,Jr.,"Saint Joseph, Ill.",Saint Joseph-Ogden,
Mitch Henneberry,Eckerd,2025,73,200,L,L,Sr.,"Carmel, Ind.",Carmel High School / Lincoln Trail College,
Jack Ploppert,Eckerd,2025,71,175,R,R,Fr.,"Newtown, Penn.",Council Rock North,
Jack Ploppert,Eckerd,2025,71,175,R,R,So.,"Newtown, Penn.",Council Rock North,
Luis Garrido,Eckerd,2025,72,195,R,R,Jr.,"Palmetto, Fla.",Palmetto,
Nick Romagnola,Eckerd,2025,75,225,R,R,Sr.,"Bradenton, Fla.",Out-of-Door Academy/State College of Florida,
Nick Rainey,Eckerd,2025,77,225,R,R,Jr.,"Chillicothe, Ill.",Illinois Valley Central,
AJ Garcia,Eckerd,2025,69,221,L,R,Fr.,"Miami, Fla.",Miami Sunset Senior High School / Felix Varela High School,
Lane Funneman,Eckerd,2025,75,205,L,L,Sr.,"Pana, Ill.",Pana,
Jordan Alzate,Eckerd,2025,70,170,L,R,Fr.,"Miami, Fla.",Felix Varela Senior High School,
Hershey Sanchez,Eckerd,2025,68,160,L,R,Fr.,"Tampa, Fla.",Tampa Catholic,
Christian Cabina,Eckerd,2025,75,240,R,R,Jr.,"Valrico, Fla.",King,
Jacob Thomas,Eckerd,2025,71,180,L,L,Fr.,"Clearwater, Fla.",Washburn Academy,
Davian Giles,Eckerd,2025,75,200,R,R,Fr.,"Largo, Fla.",FSBE Academy,
Jackson Davis,Eckerd,2025,67,150,R,R,Fr.,"Atlanta, Ga.",The Walker School,
Sawyer Venditti,Eckerd,2025,71,170,R,R,Fr.,"Geneva, Ill.",Geneva,
Rocco Calise,Eckerd,2025,75,200,R,R,Fr.,"Holmes, Pa.",Archbishop Prendergast Catholic,
Jackson Alford,Elon,2025,71,180,R,R,Jr.,"Marietta, Ga.",Walton,Gordon State
Kenny Mallory Jr.,Elon,2025,75,202,L,L,Sr.,"Lawrenceville, Ga.",Mountain View,Vanderbilt
Hank Krift,Elon,2025,76,215,R,R,Fr.,"Brooksville, KY.",Bracken County HS,
Alex Duffey,Elon,2025,72,210,L,R,R-Jr.,"Bernardsville, N.J.",Immaculata,
Tyler Johns,Elon,2025,74,195,L,L,So.,"Collierville, Tenn.",Collierville,
Justin Szestowicki,Elon,2025,70,185,R,R,R-Jr.,"Mount Royal, N.J.",Kingsway,North Carolina
Lawson Wheeler,Elon,2025,71,175,R,R,R-So.,"Raleigh, N.C.",Cary Academy,
Mason Abromitis,Elon,2025,74,185,R,R,R-So.,"Macungie, Pa.",Allentown Central Catholic,
Will Vergantino,Elon,2025,73,204,R,R,Gr.,"Lumberton, N.J.",Rancocas Valley,
Isaac Williams,Elon,2025,74,200,L,L,Jr.,"Youngsville, N.C.",Wake Forest HS,Gaston College
Vince Fattore,Elon,2025,71,205,R,R,R-So.,"Plymouth Meeting, Pa.",William Penn Charter,Duke
Ryan Sprock,Elon,2025,70,205,R,R,Jr.,"Morristown, N.J.",Seton Hall Prep,
Nathan Wingenroth,Elon,2025,72,165,R,R,R-Fr.,"Manheim, Pa.",Lancaster Catholic,
Tank Yaghoubi,Elon,2025,70,170,L,L,Jr.,"Massapequa, N.Y.",Woodberry Forest,William & Mary
Christo Garrelts,Elon,2025,76,200,R,R,R-Jr.,"Killingworth, Conn.",The Loomis Chaffee School,
Brent Smith,Elon,2025,73,170,R,R,Fr.,"Fayetteville, N.C.",Terry Sanford HS,
Justin Mitrovich,Elon,2025,75,200,R,R,Jr.,"Yardley, Pa.",Pennsbury,
Jake Hajdu,Elon,2025,71,175,R,R,Fr.,"Sterling, Mass.",The Winchendon School,
Declan Lavelle,Elon,2025,73,190,R,R,Gr.,"Rye, N.Y.",Rye,Fordham
Charlie Granatell,Elon,2025,71,200,R,L,Sr.,"Franklin Lakes, N.J.",Don Bosco Prep,
Tommy Mitchell,Elon,2025,76,185,L,L,Fr.,"East Milton, Mass.",Milton,
Alec Welshans,Elon,2025,74,200,R,R,Jr.,"Dillsburg, Pa.",Northern York HS,Harford CC
Troy McGirt,Elon,2025,73,219,R,R,R-Jr.,"Maxton, N.C.",P27 Academy,Wake Forest
Kehler Hamilton,Elon,2025,74,200,R,R,Fr.,"Haymarket, Va.",Highland School,
Joe Yovino,Elon,2025,72,210,R,R,So.,"Levittown, N.Y.",Division Avenue Senior,
Eric Lintelman,Elon,2025,70,175,R,R,Fr.,"West Chester, Pa.",West Chester Henderson,
Trey Tiffan,Elon,2025,75,210,R,R,So.,"Royersford, Pa.",Malvern Prep,
Sam Nomura,Elon,2025,71,185,R,R,Jr.,"Maplewood, N.J.",Seton Hall Prep,
Mike Staiano,Elon,2025,75,195,L,L,So.,"Ridgewood, N.J.",Don Bosco Prep,Manhattan
Nolan Straniero,Elon,2025,74,200,R,R,R-Jr.,"Raleigh, N.C.",Leesville Road,Gaston College
Henry Wolfe,Elon,2025,74,195,R,R,R-Fr.,"Wilmette, Ill.",New Trier Township,
Carson Wehner,Elon,2025,73,175,R,R,R-So.,"Chesterfield, N.J.",The Hun School of Princeton,
Cade Mustard,Elon,2025,70,170,R,R,Fr.,"Harrisburg, Pa.",Central Dauphin,
Itai Spinoza,Elon,2025,69,186,L,L,R-Jr.,"Fayetteville, N.Y.",Fayetteville Manlius,
Charlie Evans,Elon,2025,70,190,R,R,Fr.,"Austin, TX",St. Michael's Academy,
Hudson Narke,Elon,2025,71,175,R,R,So.,"Phoenixville, Pa.",Phoenixville Area,
Jack Lager,Elon,2025,75,200,R,R,Fr.,"Hollis, N.H.",Hollis Brookline,
Owen Winebarger,Elon,2025,74,180,R,L,Fr.,"Marshall, Va.",Highland School,
Nic Harris,Elon,2025,76,190,L,R,Fr.,"Charlotte, N.C.",Charlotte Christian,
Simon Hoffman,Elon,2025,76,175,R,R,Fr.,"Beverly Hills, Cali.",Calabasas High,
Ryley Norton,Elon,2025,74,235,R,R,Fr.,"Pinehurst, N.C.",P27 Academy,
Timo Aracena,Embry-Riddle,2025,74,210,S,R,Sr.,"Vero Beach, Fla.",Vero Beach,
Collin Mastromauro,Embry-Riddle,2025,68,165,S,R,So.,"Port Orange, Fla.",Spruce Creek (State College of Florida),
Alex Imposimato,Embry-Riddle,2025,71,195,R,R,R-Sr.,"Wake Forest, N.C.",American Heritage (Jacksonville University),
Kellen Brown,Embry-Riddle,2025,72,175,R,R,So.,"St. Johns, Fla.",St. John's Country Day,
Max McClusky,Embry-Riddle,2025,71,185,R,R,R-So.,"Winter Garden, Fla.",West Orange,
Max Kops,Embry-Riddle,2025,74,210,L,L,Gr.,"Oosterhout, Noord-Brabant, The Netherlands",Twins Oosterhout (Mercer University),
Max Meyer,Embry-Riddle,2025,72,205,R,R,Sr.,"Georgetown, Ind.",Floyd Central (Frontier CC),
Aiken Santana,Embry-Riddle,2025,72,200,R,R,R-So.,"Orlando, Fla.",Freedom,
Drew Clymer,Embry-Riddle,2025,78,210,R,R,So.,"Clermont, Fla.",Lake Minneola,
Knute Rockey,Embry-Riddle,2025,74,190,R,R,R-So.,"Port Orange, Fla.",Spruce Creek,
Richey Lakes,Embry-Riddle,2025,74,195,L,R,Sr.,"Orlando, Fla.",Olympia (University of South Florida),
Tyler Donay,Embry-Riddle,2025,73,165,L,R,Sr.,"Lakeland, Fla.",Lakeland Christian,
Dylan Bruno,Embry-Riddle,2025,70,175,L,L,Jr.,"Melville, N.Y.",St. Dominic's (University of Tampa),
Joe Balsam,Embry-Riddle,2025,72,160,R,R,Sr.,"Deltona, Fla.",Spruce Creek,
AJ Marinello,Embry-Riddle,2025,70,185,R,R,Gr.,"Cape Coral, Fla.",Ida S. Baker,
Jack Beyl,Embry-Riddle,2025,71,185,R,R,Fr.,"Sellersburg, Ind.",Our Lady of Providence,
Adam Kuzmicki,Embry-Riddle,2025,75,190,R,R,R-Jr.,"Gainesville, Fla.",Battlefield (Stony Brook),
Tristan Harley,Embry-Riddle,2025,74,190,R,R,R-Jr.,"Tallahassee, Fla.",Lincoln,
Matthew Coker,Embry-Riddle,2025,70,185,R,R,Gr.,"Tampa, Fla.",H.B. Plant (Pasco-Hernando State),
Keagan Perez,Embry-Riddle,2025,75,185,R,R,Sr.,"Casselberry, Fla.",Lake Mary,
Zack Bennett,Embry-Riddle,2025,77,230,R,R,R-Jr.,"Port Orange, Fla.",Spruce Creek (University of Central Florida),
Cole Turner,Embry-Riddle,2025,73,220,R,R,R-Jr.,"Decatur, Ga.",Decatur (Georgia Highlands CC),
Malachi Peña,Embry-Riddle,2025,75,225,R,R,So.,"Albuquerque, N.M.",St. Pius X (Tufts University),
Noah Clymer,Embry-Riddle,2025,75,190,R,L,R-So.,"Clermont, Fla.",Real Life Christian Academy,
Trevor Robb,Embry-Riddle,2025,74,215,L,L,R-Fr.,"Wellington, Fla.",Cardinal Newman,
Wyatt Fether,Embry-Riddle,2025,70,195,L,R,Fr.,"Canton, Ohio",Massillon Jackson,
Jon Shields,Embry-Riddle,2025,75,225,S,S,So.,"Magnolia, Texas",Saint John XXIII College Prep,
Connor Doyle,Embry-Riddle,2025,70,170,R,R,R-So.,"Altamonte Springs, Fla.",Lake Brantley,
Brock Chance,Embry-Riddle,2025,77,185,L,R,R-Sr.,"Ormond Beach, Fla.",Seabreeze,
Robert Post,Embry-Riddle,2025,72,190,L,R,R-Jr.,"Chuluota, Fla.",Hagerty,
Gregory Bruno,Embry-Riddle,2025,72,195,R,R,Fr.,"Staten Island, N.Y.",St. Joseph by-the-Sea,
Justin Webster,Embry-Riddle,2025,77,200,R,R,Jr.,"Pembroke Pines, Fla.",American Heritage (Hillsborough CC),
Cooper Schmidt,Embry-Riddle,2025,69,155,L,R,Fr.,"Katy, Texas",St. John XXIII,
Eric Entrekin,Embry-Riddle,2025,74,185,R,R,R-Fr.,"Altamonte Springs, Fla.",Lake Brantley,
Ben McIntire,Embry-Riddle,2025,74,180,L,L,Fr.,"Sarasota, Fla.",Riverview,
Aiden Schmidt,Embry-Riddle,2025,69,155,R,R,Fr.,"Katy, Texas",St. John XXIII,
Elias Campbell,Embry-Riddle,2025,72,195,R,R,Sr.,"Paterson, N.J.",Paramus Catholic,
Andrius Stravinskas,Embry-Riddle,2025,76,220,R,R,So.,"Kaunas, Lithuania",Regensburg Baseball Academy,
Bailey Russell,Embry-Riddle,2025,75,185,R,R,Jr.,"Palm Coast, Fla.",Matanzas,
Spencer Marinac,Embry-Riddle,2025,74,205,L,L,R-Jr.,"Avon, Ohio",St. Edward (Furman),
Gunnar Harrison,Embry-Riddle,2025,73,190,R,R,R-Jr.,"DeLand, Fla.",Father Lopez Catholic,
Brad Salamone,Embry-Riddle,2025,72,185,R,R,Jr.,"Freehold, N.J.",Colts Neck,
Thomas Zilavec,Embry-Riddle,2025,69,175,R,R,So.,"Toronto, Ontario, Canada",Father John Redmond,
Will Cacciatore,Embry-Riddle,2025,77,230,R,R,Fr.,"Boston, Mass.",Austin Preparatory School,
Carter Gschwind,Embry-Riddle,2025,74,220,R,R,R-Fr.,"Palm Beach Gardens, Fla.",The King's Academy,
Tyler Fritsch,Embry-Riddle,2025,70,170,R,R,So.,"Valrico, Fla.",Bell Creek Academy,
Caden Calção,Embry-Riddle,2025,71,165,R,R,So.,"Boulder, Colo.",Boulder,
Nick Rich,Embry-Riddle,2025,77,215,R,R,So.,"Clermont, Fla.",TNXL Academy,
Tucker Kennedy,Embry-Riddle,2025,72,160,R,R,Fr.,"Macclenny, Fla.",Baker County,
Zach Banks,Embry-Riddle,2025,72,190,L,L,R-Fr.,"Daytona Beach, Fla.",Seabreeze,
Mickey Case,Embry-Riddle,2025,71,195,R,R,Fr.,"Coral Springs, Fla.",Stoneman Douglas,
Dylan Schwartz,Embry-Riddle,2025,72,185,L,R,Fr.,"New Smyrna Beach, Fla.",New Smyrna,
Hudson Gardiner,Embry-Riddle,2025,72,190,L,R,Fr.,"Stuart, Fla.",Jensen Beach,
Kainoa Aldrete,Embry-Riddle,2025,69,175,R,R,So.,"Elk Grove, Calif.",Nease,
Roberto Oquendo,Embry-Riddle,2025,70,180,R,R,Fr.,"Ponce, Puerto Rico",Puerto Rico Baseball Academy,
RS Jackson Allison,Embry-Riddle,2025,75,190,L,R,Jr.,"San Antonio, Texas",Reagan,
RS Isaiah Eberheart,Embry-Riddle,2025,74,225,R,R,Jr.,"Port Orange, Fla.",Father Lopez Catholic,
RS Trevor Nolan,Embry-Riddle,2025,75,205,R,R,Sr.,"Parker, Colo.",Chaparral (College of San Mateo),
Miles Murphy,Embry-Riddle (AZ),2025,69,150,,,Jr.,"Goodyear, Ariz.",Millennium HS,
Gavin Speck,Embry-Riddle (AZ),2025,66,160,,,Gr.,"Danville, Calif.",San Ramon Valley,
Caden Truman,Embry-Riddle (AZ),2025,71,175,,,Fr.,"Mesa, Arizona",Desert Ridge High School,
James Warren,Embry-Riddle (AZ),2025,70,185,,,Jr.,"Phoenix, Ariz.",Desert Vista High School,
Sawyer Stout,Embry-Riddle (AZ),2025,69,165,,,Fr.,"Campbell, California",Bellarmine College Prep,
Zack Bauer,Embry-Riddle (AZ),2025,74,200,,,Sr.,"Covina, CA",Charter Oak HS.,
Elijah Pak,Embry-Riddle (AZ),2025,66,175,,,So.,"Phoenix, Arizona",Sandra Day O'Connor,
Kaden Menard,Embry-Riddle (AZ),2025,69,150,,,Jr.,"Meridian, Idaho",Rocky Mountain HS,
Fernando Perez-Ortega,Embry-Riddle (AZ),2025,70,185,,,So.,"San Juan, Puerto Rico",Grand Oaks High School,
Spencer Lanz,Embry-Riddle (AZ),2025,74,205,,,So.,"Atwater, California",Buhach Colony High School,
Ty Cramer,Embry-Riddle (AZ),2025,72,180,,,So.,"Cedarburg, Wisconsin",Cedarburg High School,
Carter Graham,Embry-Riddle (AZ),2025,75,170,,,Fr.,"Yakima, Washington",West Valley High School,
Parker Cadacio,Embry-Riddle (AZ),2025,71,170,,,Sr.,"Cypress, Calif.",Tustin,
Jacob Samsing,Embry-Riddle (AZ),2025,74,210,,,Fr.,"Goodyear, Arizona",Millennium High School,
Eric Schumann,Embry-Riddle (AZ),2025,72,185,,,Sr.,"Mission Viejo, Calif.",Capistrano Valley HS,
Connor Rosinski,Embry-Riddle (AZ),2025,69,155,,,Fr.,"Las Vegas, Nevada",Palo Verde High School,
Konner Nelson,Embry-Riddle (AZ),2025,69,,,,Fr.,"Parker, Colorado",Lutheran High School,
Sawyer Amato,Embry-Riddle (AZ),2025,69,160,,,So.,"Littleton, Colorado",Chatfield High School,
Roberto Garza-Nunez,Embry-Riddle (AZ),2025,74,200,,,Sr.,"Salinas, Calif.",Monte Vista Christian,
Blake Moore,Embry-Riddle (AZ),2025,68,155,,,Gr.,"San Ramon, Calif.",Dougherty Valley,
Alexander Mullen,Embry-Riddle (AZ),2025,76,220,,,So.,"Eagle River, Alaska",Eagle River High School,
Jonah Montes,Embry-Riddle (AZ),2025,70,145,,,Sr.,"Upland, CA",Lutheran HS,
Kaleb Shannon,Embry-Riddle (AZ),2025,75,200,,,Fr.,"Salinas, California",Palma High School,
Owen Montgomery,Embry-Riddle (AZ),2025,74,170,,,Fr.,"Tigard, Oregon",Mountainside High School,
Sean Boskovich,Embry-Riddle (AZ),2025,76,180,,,Gr.,"Chino Hills, Calif.",Don Antonio Lugo,
Braden Wilson,Embry-Riddle (AZ),2025,71,185,,,So.,"Santee, California",West Hills High School,
Spencer Rego,Embry-Riddle (AZ),2025,72,180,,,So.,"Mililani, Hawaii",Saint Louis School,
Keegan Eberly,Embry-Riddle (AZ),2025,74,,,,Fr.,"Aurora, Colorado",Cherokee Trail High School,
Owen Cain,Embry-Riddle (AZ),2025,72,170,,,Sr.,"Rancho Cucamonga, Calif.",Rancho Cucamonga,
Jesse Kaphing,Embry-Riddle (AZ),2025,74,190,,,Jr.,"Phoenix, Ariz.",Mountain Pointe HS,
Noah Tschopp,Embry-Riddle (AZ),2025,77,200,,,Jr.,"Las Vegas, Nev.",Rancho HS,
Trent Ihle,Embry-Riddle (AZ),2025,75,210,,,So.,"Honolulu, Hawaii",Iolani High School,
Brody Gundert,Embry-Riddle (AZ),2025,76,200,,,Fr.,"El Cajon, California",Christian High School,
Aleksander Krupa,Embry-Riddle (AZ),2025,77,209,,,So.,"Corona de Tucson, Arizona",Cienega High School,
Kyle Riley,Embry-Riddle (AZ),2025,72,195,,,So.,"Avon, Indiana",Avon High School,
Zachary Bergstrom,Emmanuel (GA),2025,72,,,,Sr.,"Huntsville, AL",Christian Academy of Knoxville,
Jesus Cruz,Emmanuel (GA),2025,66,,,,Sr.,"Catano, Puerto Rico",Taft College,
Brock Wollin,Emmanuel (GA),2025,75,,,,Sr.,"Cairns, Australia",Cloud County CC,
Reece Kingeter,Emmanuel (GA),2025,73,,,,So.,"Powder Springs, GA",McEachern High School,
Stephen Clark,Emmanuel (GA),2025,73,,,,Fr.,"Cumming, GA",Denmark High School,
Dobbs Bowden,Emmanuel (GA),2025,71,,,,Sr.,"Lawrenceville, GA",Parkview High School,
Ryan Muniz,Emmanuel (GA),2025,68,,,,Sr.,"Aurora, CO",Garden CC,
Cole Babich,Emmanuel (GA),2025,75,,,,Sr.,"Tampa, FL",Dodge City CC,
Miles Dodd,Emmanuel (GA),2025,73,,,,So.,"Hartwell, GA",Franklin County High School,
Hayden Beall,Emmanuel (GA),2025,75,,,,Sr.,"Ethel, MS",Holmes CC,
Drew Knight,Emmanuel (GA),2025,75,,,,Jr.,"Odessa, FL",University of Mt. St. Vincent,
Cameron Hancock,Emmanuel (GA),2025,69,,,,Jr.,"Layton, UT",Colorado Northwestern Community College,
Barrett Barkley,Emmanuel (GA),2025,74,,,,Sr.,"Macon, GA",USC Upstate,
Tyler Bradford,Emmanuel (GA),2025,72,,,,Fr.,"Marietta, GA",Kell High School,
Kody Collins,Emmanuel (GA),2025,73,,,,So.,"Statesboro, GA",South Florida State Community College,
JJ Neal,Emmanuel (GA),2025,74,,,,Jr.,"Las Vegas, NV",Feather River Community College,
Nick Madrigal,Emmanuel (GA),2025,72,,,,Jr.,"San Jose, CA",Cabrio Community College,
Ethan Pooler,Emmanuel (GA),2025,73,,,,Jr.,"Salem, AL",Beauregard High School,
Gavin Richardson,Emmanuel (GA),2025,72,,,,Jr.,"New Kent, VA",Patrick and Henry Community College,
Nick Finkbiner,Emmanuel (GA),2025,70,,,,Sr.,"Kennesaw, GA",Kennesaw Mountain High School,
William Fife,Emmanuel (GA),2025,72,,,,Jr.,"Mesa, AZ",Mesa Community College,
Kyle Belich,Emmanuel (GA),2025,69,,,,Jr.,"Red Deer, Alberta",Big Bend Community College,
Noah Olson,Emmanuel (GA),2025,78,,,,Sr.,"Buckeye, AZ",Gateway CC,
Austin Bourrie,Emmanuel (GA),2025,68,,,,So.,"Flowery Branch, GA",Flowery Branch High School,
Hunter Parks,Emmanuel (GA),2025,72,,,,Sr.,"Auburn, GA",Apalachee HS,
Hunter Maddox,Emmanuel (GA),2025,72,,,,Jr.,"Tyrone, GA",Sandy Creek High School,
Aiden Malish,Emmanuel (GA),2025,73,,,,Jr.,"Kelowana, British Columbia",Clarendon College,
Davis Roesler,Emmanuel (GA),2025,70,,,,So.,"Loganville, GA",Loganville High School,
Jackson Harvill,Emmanuel (GA),2025,70,,,,So.,"Charleston, SC",Fort Dorchester High School,
Dee Oliver,Emmanuel (GA),2025,70,,,,So.,"Martin, GA",Franklin Country High School,
Matthew Delarber,Emmanuel (GA),2025,78,,,,R-Fr.,"Thomasville, GA",Abraham Baldwin Agricultural College,
Bubba Luke,Emmanuel (GA),2025,75,,,,Sr.,"Croton on Hudson, NY",UNG,
Andrew Ferguson,Emmanuel (GA),2025,69,,,,Sr.,"Douglasville, VA",Chapel Hill,
Jamin Smith,Emmanuel (GA),2025,74,,,,Jr.,"Spokane, WA",Wenatchee Valley Community College,
Will Sherman,Emmanuel (GA),2025,71,,,,Sr.,"Kennesaw, GA",Kell High School,
Kedric Zimmer,Emmanuel (GA),2025,72,,,,Jr.,"Hoschton, GA",Jackson County High School,
Landon Mokris,Emmanuel (GA),2025,74,,,,Gr.,"Huntingburg, IN",Greenville University,
Chase Lupton,Emmanuel (GA),2025,76,,,,Jr.,"Eatonton, GA",Putnam County High School,
Brayden Pooler,Emmanuel (GA),2025,73,,,,Fr.,"Salem, AL",Beauregard High School,
Lucas Meehan,Emmanuel (GA),2025,74,,,,So.,"Cumming, GA",West Forsyth High School,
Parker Westbrook,Emmanuel (GA),2025,72,,,,Fr.,"Danielsville, GA",Athens Christian School,
Noah Cantleberry,Emmanuel (GA),2025,73,,,,Sr.,"New Lenox, IL",University of Arkansas Rich Mountain,
Zakk Gibbons,Emmanuel (GA),2025,70,,,,Sr.,"Yreka, CA",College of the Siskiyous,
Nick McKoy,Emmanuel (GA),2025,70,,,,So.,"Gainesville, GA",Chestatee High School,
Jake Renuart,Emmanuel (GA),2025,74,,,,Fr.,"Sugar Hill, GA",Lanier High School,
Zach Evans,Emmanuel (GA),2025,74,,,,Fr.,"Stockbridge, GA",Stockbridge High School,
Hunter Pirkle,Emmanuel (GA),2025,73,,,,So.,"Buford, GA",Mill Creek High School,
Cooper Zeckman,Emmanuel (GA),2025,75,,,,Fr.,"Canton, GA",Sequoyah High School,
Billy Mason,Emmanuel (GA),2025,69,,,,So.,"Cumming, GA",North Forsyth High School,
Josean Sánchez,Erskine,2025,67,185,R,R,Sr.,"Kissimmee, FL",Osceola HS,
Dustin Scogins,Erskine,2025,73,185,R,R,R-Jr.,"Honea Path, SC",Belton-Honea Path HS,
Jacob Platt,Erskine,2025,71,175,L,R,Jr.,"Prescott Valley, AZ",Bradshaw Mountain HS,Eastern Arizona College
Dylan Wanat,Erskine,2025,71,195,L,L,R-Sr.,"Buffalo, NY",Williamsville North HS,Augusta University
Carlos Gonzalez,Erskine,2025,70,180,R,R,Sr.,"Caracas, Venezuela",Cypress Bay HS,Indian River State College
Jude Littrell,Erskine,2025,70,180,L,R,Sr.,"Brawley, CA",Brawley Union HS,Wabash Valley CC
Noah Hill,Erskine,2025,74,215,L,R,Jr.,"Archdale, NC",High Point Christian Academy,Louisburg College
Pierce Radke,Erskine,2025,72,200,R,R,Jr.,"Maple Ridge, British Columbia, Canada",Pitt Meadows Secondary School,Yavapai College
Elliott Sanders,Erskine,2025,68,190,R,R,Jr.,"Charleston, SC",Bishop England HS,Spartanburg Methodist College
Matt Layton,Erskine,2025,69,175,L,L,Jr.,"Orangeburg, SC",Calhoun Academy,Spartanburg Methodist College
JT Yaccarino,Erskine,2025,72,195,L,L,Sr.,"Ocala, FL",West Port HS,Hillsborough CC
Alex Heintz,Erskine,2025,77,215,R,R,So.,"Bradenton, FL",Bradenton Christian School,
Roman Edwards,Erskine,2025,72,210,R,R,Jr.,"York, SC",Legion Collegiate Academy,
Mason McManus,Erskine,2025,75,205,R,R,Jr.,"Pensacola, FL",Booker T. Washington HS,Santa Fe College
Rob Willis,Erskine,2025,74,180,R,R,Jr.,"Montgomery, AL",Next Level Academy,Fayetteville Tech CC
Blake Holshouser,Erskine,2025,74,165,R,R,So.,"Vero Beach, FL",Vero Beach HS,
Jackson Grant,Erskine,2025,72,180,L,L,Fr.,"Buford, GA",Cherokee Bluff HS,
Dimitri Sabino,Erskine,2025,69,180,R,R,Fr.,"Spring Hill, FL",Springstead HS,
Kort McLean,Erskine,2025,73,180,R,R,Fr.,"Windermere, FL",Bishop Moore Catholic HS,USC Upstate
Drew Hopkinson,Erskine,2025,69,190,R,R,Sr.,"New Bern, NC",New Bern HS,
Jared Guell,Erskine,2025,74,190,R,L,Jr.,"Miami, FL",Homeschool,
Jorge Pascual,Erskine,2025,76,230,R,R,Sr.,"Athens, GA",Cedar Shoals HS,
Larson McMaster,Erskine,2025,76,195,R,L,Jr.,"Mount Dora, FL",Apopka HS,Lake-Sumter State College
Nick Fraginals,Erskine,2025,74,205,R,R,So.,"Miramar, FL",Elite Squad Academy,Louisiana Tech University
Andrew Chandler,Erskine,2025,72,190,R,R,Jr.,"Marshville, NC",Union Academy,
Quinn Allen,Erskine,2025,73,200,L,R,Jr.,"Germantown, MD",St. John's College HS,Yavapai College
Ethan Wilford,Erskine,2025,74,210,R,R,Jr.,"Baker County, FL",Trinity Christian Academy,Bethune-Cookman University
Gene Blackmon,Erskine,2025,70,185,R,R,R-Sr.,"Charleston, SC",Hanahan HS,
Joe Alegre,Erskine,2025,77,240,R,R,Sr.,"Riverside, CA",Arlington HS,
Christian Maige,Erskine,2025,72,190,R,L,R-Fr.,"Cairo, GA",Cairo HS,
Hunter Pankey,Erskine,2025,74,215,R,R,Jr.,"St. Augustine, FL",Bertram Trail HS,College of Central Florida
Kyle Cook,Erskine,2025,78,245,R,R,Fr.,"Roanoke, VA",Cave Spring HS,
Nick Groover,Erskine,2025,75,225,L,L,R-So.,"Wellington, FL",Cardinal Newman HS,Barry University
Wilder Puertas,Erskine,2025,72,225,R,R,Jr.,"Miami, FL",Mater Lakes Academy,Miami Dade College
Josh Hungler,Erskine,2025,70,190,R,R,Fr.,"Lake Worth, FL",Park Vista Community HS,
Eli Botelle,Erskine,2025,75,215,L,L,R-Sr.,"Palm City, FL",South Fork HS,Webber International
Jessy Camiré,Erskine,2025,77,245,R,R,R-So.,"Ruther Glen, VA",École secondaire Antoine-de-Saint-Exupéry,Daytona State College
Chris Giordano,Erskine,2025,72,185,L,L,So.,"Boynton Beach, FL",Park Vista HS,
Kyle Knoll,Erskine,2025,79,180,L,L,Jr.,"Indian Land, SC",,Indian Land HS
Gavin Gonzalez,Erskine,2025,75,205,L,R,Fr.,"Orlando, FL",Winter Park HS,
Jake Short,Erskine,2025,72,185,R,R,Fr.,"Duncan, SC",James F. Byrnes HS,
Jackson Edwards,Erskine,2025,76,210,R,R,R-So.,"Laurens, SC",Laurens HS,North Greenville University
Jojo Fedoruk,Erskine,2025,70,175,R,R,So.,"Wellington, FL",Wellington Community HS,Guilford Tech CC
Jonny Lintell,Erskine,2025,77,225,R,R,So.,"Weston, CT",Weston HS,St. Bonaventure University
Jack Luthren,Erskine,2025,75,200,R,R,Fr.,"Chapin, SC",Ben Lippen School,
Tanner McNeal,Erskine,2025,76,165,R,R,Jr.,"Currituck County, NC",Currituck County HS,Fayetteville Tech CC
Levi Recio,Erskine,2025,74,175,R,L,Fr.,"Easley, SC",Easley HS,
Ty Rumsey,Evansville,2025,71,175,,,Sr.,"Evansville, Ind.",,North HS
Drew McConnell,Evansville,2025,71,190,,,Fr.,"Blue Springs, Mo.",,
Mason McCue,Evansville,2025,69,180,,,Fr.,"Bourbonnais, Ill.",,
Drew Howard,Evansville,2025,71,175,,,Jr.,"Ferdinand, Ind.",,Forest Park HS
Ryan Seddon,Evansville,2025,71,185,,,Fr.,"Joliet, Ill.",,
Jack Wills,Evansville,2025,69,170,,,Fr.,"Shelbyville, Ky.",,
Jake McGhee,Evansville,2025,67,180,,,Fr.,"Fenton, Mo.",,Christian Brothers College HS
Ethan Bell,Evansville,2025,73,165,,,R-Jr.,"Huntingburg, Ind.",,Southridge HS
Jack Clevidence,Evansville,2025,72,185,,,Fr.,"Ankeny, Iowa",,Ankeny HS
Ben Stuart,Evansville,2025,75,200,,,Sr.,"Mason, Ohio",,William Mason HS
Max Hansmann,Evansville,2025,73,200,,,Jr.,"Elmhurst, Ill.",,
Isaac Boss,Evansville,2025,75,210,,,Fr.,"Weldon Spring, Mo.",,Westminster Christian Academy
RJ James,Evansville,2025,70,190,,,Fr.,"Toronto, Ontario",,
Cannon Vandever,Evansville,2025,74,190,,,Fr.,"Avon, Ind.",,Avon HS
Evan Waggoner,Evansville,2025,74,200,,,Sr.,"Bedford, Ind.",,Bedford North Lawrence HS
Luc Lawler,Evansville,2025,70,190,,,Fr.,"Naperville, Ill.",,Benet Academy
Cole Iantomasi,Evansville,2025,72,195,,,Jr.,"Whitby, Ontario",,Jefferson College
Matt Flaherty,Evansville,2025,72,220,,,Gr.,"Lake Zurich, Ill.",,Bellarmine
Owen Byberg,Evansville,2025,72,200,,,Jr.,"Barrie, Ontario",,Frontier CC
Elias Hachem,Evansville,2025,76,230,,,Jr.,"Oak Park, Ill.",,Mt. Carmel HS
Sam Sandy,Evansville,2025,74,210,,,Jr.,"Athens, Ala.",,Frontier CC
Conner Vander Luitgaren,Evansville,2025,74,190,,,Fr.,"Bargersville, Ind.",,
Kevin McCormick,Evansville,2025,73,185,,,R-Jr.,"Orland Park, Ill.",,St. Laurence HS
Jake McKee,FGCU,2025,70,,R,R,R-Sr.,"Fort Myers, Fla.",,Santa Fe College/Flagler
Ashton Pocol,FGCU,2025,74,,R,R,Jr.,"St. Johns, Fla.",,Tampa
Nathan Gagnon,FGCU,2025,73,,L,L,Jr.,"Otterburn Park, Quebec",,St Johns River State (Fla.) College
Keaton Kangas,FGCU,2025,74,,L,R,Fr.,"Lake Worth, Fla.",Santaluces Community,
Jake Mummau,FGCU,2025,72,,S,R,R-Jr.,"Palm Harbor, Fla.",,St. Petersburg College
Hunter Possehl,FGCU,2025,79,,L,L,R-Fr.,"Nokomis, Fla.",Venice,
Jon Embury,FGCU,2025,72,,R,R,Fr.,"Port Charlotte, Fla.",Venice,
DJ Pirela,FGCU,2025,69,,R,R,Fr.,"Tampa, Fla.",Jesuit,
Anthony Ursitti,FGCU,2025,76,,R,R,Sr.,"Fort Myers, Fla.",,Florida
Sam McAleer,FGCU,2025,75,,R,R,Jr.,"Overland Park, Kan.",,Mesa CC
Javier Gorostola,FGCU,2025,72,,R,R,So.,"Miami, Fla.",Florida Christian,
Jordan Vera,FGCU,2025,74,,R,R,R-So.,"Miami, Fla.",,Virginia Tech
Cayden Hessemyer,FGCU,2025,72,,R,R,Fr.,"Odessa, Fla.",Steinbrenner,
Justin Henschel,FGCU,2025,75,,R,R,Jr.,"Plantation, Fla.",South Plantation,
Aidan Corn,FGCU,2025,73,,R,R,Jr.,"Venice, Fla.",,Pasco Hernando JC
Ethan Mattison,FGCU,2025,74,,L,L,Fr.,"Lake Worth, Fla.",Park Vista,
Connor Fosnow,FGCU,2025,75,,R,R,Jr.,"Longwood, Fla.",,Santa Fe
Mac Moise,FGCU,2025,72,,R,R,5th,"Cape Coral, Fla.",Ida Baker,
Leo Giannoni,FGCU,2025,74,,R,R,Gr.,"Marietta, Ga.",,Columbus State
Chris Diaz,FGCU,2025,73,,R,R,So.,"Miami, Fla.",,Miami (Fla.)
Tyler Herb,FGCU,2025,75,,L,R,Fr.,"Mount Dora, Fla.",TNXL,
Vincent Samuel,FGCU,2025,72,,R,R,Jr.,"Margate, Fla.",,Indian River JC
Evan Dempsey,FGCU,2025,74,,L,R,So.,"Tampa, Fla.",Newsome,
Ryland Bozenhard,FGCU,2025,72,,R,R,So.,"Seminole, Fla.",Hollins,
Chase Kriebel,FGCU,2025,73,,L,L,Jr.,"Shippenville, Pa.",Clarion Area,
Logan Baisley,FGCU,2025,76,,R,R,Fr.,"Land O' Lakes, Fla.",Land O' Lakes,
Preston Rogers,FGCU,2025,73,,R,R,R-Fr.,"Plant City, Fla.",Durant,
Jaret Nelson,FGCU,2025,76,,R,R,Jr.,"Nixa, Mo.",,Fort Scott CC
Harrison Povey,FGCU,2025,76,,L,R,Sr.,"Indian Rocks Beach, Fla.",Largo HS,
Ben Fiedler,FGCU,2025,74,,R,R,R-Jr.,"Stanchfield, Minn.",,Chipola College
Mattox Meeks,FGCU,2025,76,,R,R,Fr.,"New Smyrna Beach, Fla.",New Smyrna,
Colton Jones,FGCU,2025,76,,R,R,Fr.,"The Villages, Fla.",TNXL,
Levent Eldem,FGCU,2025,79,,R,R,Jr.,"Ocala, Fla.",,Trinidad CC
EJ Burns,FGCU,2025,71,,R,R,Fr.,"Coral Springs, Fla.",Taravella,
Robert Moya,FGCU,2025,72,,R,R,5th,"Hialeah, Fla.",,Bethune-Cookman
Cortland Clarke,FGCU,2025,75,,R,R,Jr.,"Ocoee, Fla.",,College of Central Florida
Lucas Chantres,FGCU,2025,72,,L,L,So.,"Miami, Fla.",,FIU
Dylan Cheeley,FGCU,2025,78,,R,R,Gr.,"Tampa, Fla.",,Seffer
Jason Roberts,FGCU,2025,72,,R,R,R-Jr.,"Pensacola, Fla.",,Enterprise/West Florida
Zack Zaetta,FOR_MAS,2025,70,180,R,R,Sr.,"Rumson, N.J.",,
Braden Sullivan,FOR_MAS,2025,70,185,R,R,So.,"Taunton, Mass.",,
Jack Peters,FOR_MAS,2025,75,185,R,R,R-Jr.,"Duxbury, Mass.",,
Sam Hill,FOR_MAS,2025,69,190,R,R,R-Jr.,"Northborough, Mass.",,
Michael Toth,FOR_MAS,2025,71,185,R,R,Jr.,"Granby, Mass.",,
Andrew Houghton,FOR_MAS,2025,76,200,L,L,So.,"Manchester, N.H",,
Anthony Tirado,FOR_MAS,2025,73,170,L,R,R-Fr.,"Cheshire, Conn.",,
Kyle Hoog,FOR_MAS,2025,75,220,L,R,R-Sr.,"Watchung, N.J.",,
Ryan Kolben,FOR_MAS,2025,74,210,R,R,So.,"Cumberland Foreside, Maine",,
Carter Hanson,FOR_MAS,2025,73,200,L,L,Sr.,"Bloomington, Minn.",,
Jack Beverly,FOR_MAS,2025,73,205,R,R,Sr.,"Framingham, Mass.",,
Dylan Terwilliger,FOR_MAS,2025,73,195,R,R,Jr.,"Medford, N.J.",,
Andrew Middleton,FOR_MAS,2025,74,225,R,L,So.,"Canton, Mass.",,
Michael Aceto,FOR_MAS,2025,72,205,R,R,Gr.,"Hamden, Conn.",,
Gavin O'Brien,FOR_MAS,2025,76,200,R,R,Fr.,"Salisbury, Conn.",,
Drew Sliwkowski,FOR_MAS,2025,74,165,L,L,Fr.,"Kennebunkport, Maine",,
Robbie O'Connor,FOR_MAS,2025,76,170,R,R,R-So.,"Sudbury, Mass.",,
Ben Thomason,FOR_MAS,2025,75,210,,,R-Fr.,"Bethesda, MD.",,
Jack Levine,FOR_MAS,2025,77,225,R,R,R-So.,"Yarmouth Port, Mass.",,
Mitchell Schroeder,FOR_MAS,2025,72,210,R,R,Gr.,"Brookline, Mass.",,
Matt Travisano,FOR_MAS,2025,70,180,R,R,R-So.,"Carlisle, Mass.",,
Jared Muñoz,FOR_MAS,2025,71,225,R,R,R-Fr.,"Attleboro, Mass.",,
Austin Campbell,FOR_MAS,2025,72,185,L,L,Fr.,"Franklin, Mass.",,
Mikey Jensen,FOR_MAS,2025,68,180,R,R,R-Jr.,"Cockeysville, Md.",,
Marc Willi,FOR_MAS,2025,76,230,L,L,R-So.,"Weston, Mass.",,
Reece McCarthy,FOR_MAS,2025,70,185,L,R,Fr.,"Danville, Pa.",,
Bobby McDonough,FOR_MAS,2025,75,220,R,R,R-So.,"Arlington, Va.",,
Adam Merritt,FOR_MAS,2025,69,195,R,R,Fr.,"West Hartford, Conn.",,
Kevin Schnupp,FOR_MAS,2025,68,185,R,R,Fr.,"Port Jefferson Station, N.Y.",,
Sam Belliveau,FOR_MAS,2025,73,215,R,R,R-Jr.,"Wenham, Mass.",,
Callen Powers,FOR_MAS,2025,77,210,R,R,So.,"Haddam Neck, Conn.",,
Justin Masteralexis,FOR_MAS,2025,73,215,L,L,R-So.,"Amherst, Mass.",,
Gill Dolan,FOR_MAS,2025,71,168,L,R,Fr.,"Weymouth, Mass.",,
JJ Blanchard,FOR_MAS,2025,76,200,L,R,Fr.,"Framingham, Mass.",,
Vance Bonior,FOR_MAS,2025,72,195,R,R,Fr.,"Bethesda, Md.",,
Jimmy Mulvaney,Fairfield,2025,73,215,R,R,So.,"Flemington, N.J.",St. Joseph,
Luke Nomura,Fairfield,2025,72,180,R,R,Jr.,"Maplewood, N.J.",Columbia,
Blake Helmstetter,Fairfield,2025,67,180,L,L,Gr.,"Franklin, N.J.",Don Bosco Prep,Iona
Payten Wawruck,Fairfield,2025,73,205,L,R,Jr.,"Amston, Conn.",Loomis Chaffee,
Nolan Colby,Fairfield,2025,72,185,L,R,Fr.,"Amherst, N.H.",Souhegan,
Nick Sturino,Fairfield,2025,72,180,L,R,Sr.,"New Milford, Conn.",Canterbury,
Liam McIlroy,Fairfield,2025,70,190,R,R,Jr.,"Marblehead, Mass.",Marblehead,Union
Aidan Baglino,Fairfield,2025,72,215,R,R,So.,"Cresskill, N.J.",Bergen Catholic,
Matt Kalfas,Fairfield,2025,72,175,L,L,So.,"Merrick, N.Y.",Calhoun,
Billy Sullivan,Fairfield,2025,70,195,R,R,Gr.,"Valley Cottage, N.Y.",Nyack,Southern Connecticut State
Ricky Erbeck,Fairfield,2025,72,210,R,R,Sr.,"Skillman, N.J.",The Hun School of Princeton,
Connor Scanlan,Fairfield,2025,72,200,R,R,Fr.,"Holmes, Pa.",The Haverford School,
JP Kuczik,Fairfield,2025,67,200,R,R,Jr.,"Saddle Brook, N.J.",Don Bosco Prep,
Jack Byrne,Fairfield,2025,72,185,L,R,Fr.,"Natick, Mass.",Natick,
Matt Lussier,Fairfield,2025,70,185,L,R,So.,"Wellesley, Mass.",Dexter Southfield,
Matthew Bucciero,Fairfield,2025,74,225,R,R,Jr.,"Ridgefield, Conn.",Ridgefield,
Brendon Miller,Fairfield,2025,75,160,L,L,Fr.,"San Diego, Calif.",Torrey Pines,
Sean Meth,Fairfield,2025,72,190,R,R,Gr.,"Port Washington, N.Y.",Paul D. Schreiber,Trinity
Tyler Kipp,Fairfield,2025,70,200,R,R,Sr.,"Monroe, Conn.",Masuk,
Grant Smeltzer,Fairfield,2025,71,205,R,R,Sr.,"York, Pa.",Central York,
TJ Schmalzle,Fairfield,2025,72,205,R,R,Jr.,"Lake Wallenpaupack, Pa.",Wallenpaupack Area,
Dean Ferrara,Fairfield,2025,70,180,R,R,Sr.,"Wyckoff, N.J.",Ramapo,
Matthew Grabmann,Fairfield,2025,73,205,R,R,Jr.,"Dartmouth, Nova Scotia",Foothills Composite,Oregon
Will Youngman,Fairfield,2025,74,185,L,L,Jr.,"Dallas, Pa.",Wyoming Seminary Prepatory,
Ryan Maiorano,Fairfield,2025,73,180,R,R,So.,"Bellingham, Mass.",Bellingham,
Bo Buckley,Fairfield,2025,70,180,R,R,Sr.,"Petrolia, Ontario",Blyth Academy London,
Peter Phillips,Fairfield,2025,73,215,R,R,Gr.,"Simsbury, Conn.",Simsbury,Southern Connecticut State
Lucien Burger,Fairfield,2025,73,195,L,R,Fr.,"Broomall, Pa.",Marple Newtown,
Jack Sheldon,Fairfield,2025,75,165,R,R,Fr.,"Simsbury, Conn.",Westminster,
Bowen Baker,Fairfield,2025,74,200,L,L,Gr.,"North Stonington, Conn",Wheeler,
Dominic Gabardi,Fairfield,2025,75,195,R,R,Fr.,"Wilmington, Mass.",Austin Prep.,
Will Fox,Fairfield,2025,75,210,R,R,Gr.,"West Hartford, Conn.",William H. Hall,Endicott
Kyle Lesler,Fairfield,2025,71,195,,,Gr.,"Clifton, N.J.",Clifton,Manhattan
Jake Memoli,Fairfield,2025,72,195,R,R,Jr.,"Green Brook, N.J.",Watchung Hills Regional,
Kevin Kell,Fairfield,2025,74,200,,,Jr.,"Blue Bell, Pa.",La Salle College High School,
Ben Alekson,Fairfield,2025,74,200,R,R,So.,"Stowe, Vt.",Stowe,
Eric Ludwick,Fairfield,2025,76,225,R,R,Sr.,"Bethlehem, Pa.",Liberty,Lackawanna
Nick Kelly,Fairfield,2025,73,180,L,L,Fr.,"South Burlinton, Vt.",South Burlinton,
Franklin Gomez Jr.,Fairleigh Dickinson,2025,71,186,R,R,Jr.,"Bronx, N.Y.",All Hallows,
Jeremy Cheeseman,Fairleigh Dickinson,2025,74,195,L,R,Jr.,"Marlton, N.J.",Cherokee High School,
Andre Bouffard,Fairleigh Dickinson,2025,70,189,R,R,Fr.,"South Burlington, VT",South Burlington,
Brian Yadlon,Fairleigh Dickinson,2025,74,205,L,L,Sr.,"Tinton Falls, N.J.",Monmouth Regional,
Jake Miller,Fairleigh Dickinson,2025,68,173,R,R,Fr.,"Leawood, Kan.",Shawnee Mission East,
Johnathan Gomez,Fairleigh Dickinson,2025,72,180,R,R,Fr.,"Coral Springs, Fla.",Calvary Christian Academy,
JR Bozek,Fairleigh Dickinson,2025,70,187,R,R,Jr.,"Danville, N.H.",Phillips Exeter,
Zach Winter,Fairleigh Dickinson,2025,71,175,R,R,Fr.,"Commack, N.Y.",Commack,
Luke Russo,Fairleigh Dickinson,2025,69,169,R,R,Jr.,"Sugarloaf, Pa.",Hazleton Area,
Cooper Montelbano,Fairleigh Dickinson,2025,76,165,R,R,So.,"Pompton Lakes, N.J.",DePaul Catholic,
Logan Magdits,Fairleigh Dickinson,2025,71,205,R,R,Jr.,"Nazareth, Pa.",Pen Argyl,
Diego Urreta,Fairleigh Dickinson,2025,69,185,L,R,Jr.,"Cortlandt Manor, N.Y.",The Harvey School,
Hunter Ray,Fairleigh Dickinson,2025,72,200,L,R,Fr.,"Woodbine, N.J.",Lower Cape May Regional,
Jordan Savinon,Fairleigh Dickinson,2025,73,207,L,L,Jr.,"Staten Island, N.Y.",Moore Catholic,
Jimmy Mantuano,Fairleigh Dickinson,2025,70,190,L,L,So.,"Marlton, N.J.",Saint Joseph Academy,
Chris Mattioli,Fairleigh Dickinson,2025,72,175,R,R,Sr.,"Staten Island, N.Y.",Monsignor Farrell,
Jason DeMarco,Fairleigh Dickinson,2025,73,200,R,R,So.,"Hawthorne, N.J.",Hawthorne,
Joseph Barbarino,Fairleigh Dickinson,2025,73,177,R,R,Fr.,"Holmdel, N.J.",Holmdel,
Nick Noble,Fairleigh Dickinson,2025,69,188,R,R,Jr.,"Jackson, Tenn.",Edmond Santa Fe,
Anthony Chiappetta,Fairleigh Dickinson,2025,73,202,R,R,Jr.,"Dix Hills, N.Y.",Commack,
Travis Stroh,Fairleigh Dickinson,2025,70,162,R,R,Fr.,"Shelburne, Vt.",Champlain Valley Union,
Joey DiMotta,Fairleigh Dickinson,2025,70,175,L,R,So.,"Commack, N.Y.",Commack,
Anthony Sarro,Fairleigh Dickinson,2025,71,185,L,L,Fr.,"North Riverside, Ill.",St. Rita of Cascia,
Ethan Rembish,Fairleigh Dickinson,2025,70,193,R,R,Gr.,"Southington, Conn.",St. Paul Catholic High School,
Ben Pika,Fairleigh Dickinson,2025,76,210,R,R,Gr.,"Bel Air, Md.",The John Carroll School,
Tyler Worth,Fairleigh Dickinson,2025,73,225,R,R,Fr.,"Mahwah, N.J.",Mahwah,
Nate Dudeck,Fairleigh Dickinson,2025,76,206,S,R,Jr.,"Swoyersville, Pa.",Holy Redeemer,
Ian Barrett,Fairleigh Dickinson,2025,72,,R,R,Gr.,"Virginia Beach, Va.",First Colonial,
Nick Quagliato,Fairleigh Dickinson,2025,71,215,R,R,So.,"Neptune, N.J.",Neptune,
Stephen Proko,Fairleigh Dickinson,2025,70,197,R,R,Gr.,"Woodbury, N.Y.",Locust Valley,
Cole Vida,Fairleigh Dickinson,2025,70,181,L,L,Jr.,"Clark's Summit, Pa.",Abington Heights,
Thomas Iaquinto,Fairleigh Dickinson,2025,72,180,L,R,So.,"Sloatsburg, N.Y.",Suffern Senior,
Evan Doyle,Fairleigh Dickinson,2025,72,215,R,R,Fr.,"Fanwood, N.J.",Scotch Plains Fanwood,
Jalen Niles,Florida A&M,2025,72,170,R,R,Gr.,"Tampa, Fla.",,Jesuit HS
2/25 Colton Ryals,Florida A&M,2025,70,195,R,R,Sr.,"Hosford, Fla.",,
Ryan Little,Florida A&M,2025,73,175,R,R,R-So.,"Chicago, Ill.",,
Ben Kim,Florida A&M,2025,68,170,L,R,R-Jr.,"Tampa, Fla.",,
William Brown,Florida A&M,2025,69,180,R,R,R-Jr.,"Tallahassee, Fla.",,
Broedy Poppell,Florida A&M,2025,71,180,S,R,R-Jr.,"Tallahassee, Fla.",,
Brandon Walker,Florida A&M,2025,73,205,R,R,R-Sr.,"Tallahassee, Fla.",,
Caleb Granger,Florida A&M,2025,71,160,R,R,Sr.,"Tallahassee, Fla.",,Andrew College
Matthew Perez,Florida A&M,2025,71,185,R,R,Fr.,"Orlando, Fla.",,
Ryan Young,Florida A&M,2025,69,170,R,R,Fr.,"Ocala, Fla.",,
12/28 Jordan Brown,Florida A&M,2025,73,170,R,R,Jr.,"Margate, Fla.",,
Trenten Langley,Florida A&M,2025,73,180,R,R,Gr.,"Crawfordville, Fla.",,Wakulla HS
Justen Crews,Florida A&M,2025,73,180,R,R,Jr.,"Archer, Fla.",,
Trevor Hanselman,Florida A&M,2025,70,185,R,R,R-Jr.,"Tallahassee, Fla.",,
Dallas Tease,Florida A&M,2025,71,180,R,R,Sr.,"Tallahassee, Fla.",,
Blake Pacheco,Florida A&M,2025,73,200,R,R,R-Fr.,"Jacksonville, Fla.",,
Garrett Workman,Florida A&M,2025,74,210,L,L,Fr.,"Tallahassee, Fla.",,
Justin Lopez,Florida A&M,2025,72,180,R,R,Fr.,"Clermont, Fla.",,
Carson Kelly,Florida A&M,2025,72,165,L,L,So.,"Tallahassee, Fla.",,
Josue Figueroa,Florida A&M,2025,73,205,,,So.,"Sun Prairie, Wis.",,
Cameron King,Florida A&M,2025,73,185,R,R,Fr.,"Barnesville, Ga.",,
Jay Campbell,Florida A&M,2025,71,200,R,R,Fr.,"Tallahassee, Fla.",,
Josh Bell,Florida A&M,2025,72,185,R,R,Fr.,"Winter Garden, Fla.",,
Adam Parzych,Florida A&M,2025,72,200,R,R,Jr.,"Tallahassee, Fla.",,
Brent Sims,Florida A&M,2025,72,180,R,R,R-Fr.,"Stockbridge, Ga.",,
Jesus Campa,Florida A&M,2025,74,225,R,R,Sr.,"El Paso, Texas",,
Nicholas Spry,Florida A&M,2025,76,225,R,R,R-Fr.,"Snellville, Ga.",,
Roan Tarbert,Florida A&M,2025,73,190,R,R,Jr.,"Tallahassee, Fla.",,
Cody Williams,Florida A&M,2025,73,205,R,R,Sr.,"Rockmart, Ga.",,
JD Garner,Florida A&M,2025,77,225,R,R,Sr.,"Jacksonville, Fla.",,FSCJ
Wellington Hehn,Florida A&M,2025,77,255,R,R,Fr.,"Plant City, Fla.",,
Ethan Miller,Florida A&M,2025,74,200,R,R,Jr.,"Tallahassee, Fla.",,
34/55 Trey Craft,Florida A&M,2025,75,205,L,R,Fr.,"Umatilla, Fl",,
Tanner Walker,Florida A&M,2025,74,225,R,R,Sr.,"Eustis, Fla.",,
Zach Sigmon,Florida A&M,2025,75,240,R,R,So.,"Fort Pierce, Fla.",,
38/44 Caden Slappey,Florida A&M,2025,72,200,R,R,Jr.,"Tallahassee, Fla.",,
Danny Baez,Florida Atlantic,2025,72,200,L,R,,"Oviedo, Fla.",,
Ayden Garcia,Florida Atlantic,2025,71,195,L,R,,"Covina, Calif.",,
Joey Slattery,Florida Atlantic,2025,72,185,L,R,,"Charlotte, N.C.",,
Brando Leroux,Florida Atlantic,2025,67,165,R,R,,"Markham, Ontario, Canada",,
Dylan LaPointe,Florida Atlantic,2025,73,205,R,R,,"Valrico, Fla.",,
MJ Bollinger,Florida Atlantic,2025,72,210,R,R,,"Fort Lauderdale, Fla.",,
Trey Beard,Florida Atlantic,2025,74,185,L,L,,"Dunedin, Fla.",,
Nick Romano,Florida Atlantic,2025,74,200,S,R,,"Boca Raton, Fla.",,
John Schroeder,Florida Atlantic,2025,73,200,R,R,,"Lakewood Ranch, Fla.",,
Patrick Ward,Florida Atlantic,2025,75,175,R,R,,"Port St. Lucie, Fla.",,
Steven Andrews,Florida Atlantic,2025,75,205,R,R,,"Delray Beach, Fla.",,
Tyler Murphy,Florida Atlantic,2025,73,180,R,R,,"Palm City, Fla.",,
Jake Duer,Florida Atlantic,2025,73,195,L,L,,"Flower Mound, Texas",,
AJ Shelton,Florida Atlantic,2025,73,195,R,R,,"Dunedin, Fla.",,
Mark Loubier,Florida Atlantic,2025,74,170,L,R,,"Winter Springs, Fla.",,
Jayden Harriel,Florida Atlantic,2025,74,210,R,R,,"Oldsmar, Fla.",,
Ryan Buckler,Florida Atlantic,2025,73,175,R,R,,"Barnstable, Mass.",,
John Martinez,Florida Atlantic,2025,71,190,R,R,,"Orlando, Fla.",,
Jake Millan,Florida Atlantic,2025,74,210,S,L,,"Springbrook, Pa.",,
Dawson Ball,Florida Atlantic,2025,72,195,L,R,,"Wellington, Fla.",,
Marshall Lipsey,Florida Atlantic,2025,73,180,L,R,,"Longview, Texas",,
Braden Ostrander,Florida Atlantic,2025,73,205,R,R,,"Melbourne, Fla.",,
Emilio Gonzalez,Florida Atlantic,2025,75,230,L,L,,"Cape Coral, Fla.",,
James Litman,Florida Atlantic,2025,72,190,R,R,,"Boca Raton, Fla.",,
Joey Abbazia,Florida Atlantic,2025,74,210,R,R,,"Cos Cob, Conn.",,
TJ Gramesty,Florida Atlantic,2025,69,160,R,R,,"Boca Raton, Fla.",,
Carter Holjes,Florida Atlantic,2025,78,230,R,R,,"Cary, N.C.",,
Dylan Oborne,Florida Atlantic,2025,75,210,R,R,,"Richmond Hill, Ontario, Canada",,
Carter Brady,Florida Atlantic,2025,73,205,R,R,,"Parkland, Fla.",,
Bryan Boully,Florida Atlantic,2025,74,205,R,R,,"Dover, Fla.",,
Nick Wimberly,Florida Atlantic,2025,72,190,R,R,,"Port St. John, Fla.",,
Todd Kniebbe,Florida Atlantic,2025,78,245,R,R,,"Debary, Fla.",,
Kyle Boylston,Florida Atlantic,2025,73,185,R,R,,"Orange Park, Fla.",,
Cole Frye,Florida Atlantic,2025,77,225,L,R,,"Egg Harbor Township, N.J.",,
Dylan Murphy,Florida Atlantic,2025,70,185,R,R,,"Palm City, Fla.",,
Max Martzolf,Florida Atlantic,2025,73,250,L,L,,"Port St. Lucie, Fla.",,
Reilly Witmer,Florida Atlantic,2025,76,225,R,R,,"Naples, Fla.",,
Kide Adetuyi,Florida Atlantic,2025,73,190,R,L,,"Merritt Island, Fla.",,
Zach Kilby,Florida Atlantic,2025,77,215,L,L,,"Tampa, Fla.",,
Rene Lastres,Florida International,2025,75,210,R,R,Sr.,"Hialeah Gardens, Fla.",Calvary Christian Academy,Charlotte
Alex Ulloa,Florida International,2025,70,184,R,R,Sr.,"Cutler Bay, Fla.",,Miami Dade College
Tracen Cameron,Florida International,2025,71,188,R,R,R-Fr.,"Vero Beach, Fla.",John Carroll Catholic,
Derek Bermudez,Florida International,2025,69,195,R,R,Jr.,"Miramar, Fla.",West Broward HS,South Florida State College
Kyle Koehler,Florida International,2025,74,215,R,R,Jr.,"Pickerington, Ohio",Pickerington North HS,Cuyahoga CC
Javier Crespo,Florida International,2025,70,190,R,R,Sr.,"Orlando, Fla.",Timber Creek HS,The Citadel
Kareh Valentin,Florida International,2025,70,170,R,R,Jr.,"Douglasville, Ga.",Chapel Hill HS,College of Central Florida
Adonys Velez,Florida International,2025,71,178,R,R,Fr.,"Orlando, Fla.",Olympia HS,
Cole Cleveland,Florida International,2025,74,176,L,R,Fr.,"Delray Beach, Fla.",Calvary Christian Academy,
Owen Puk,Florida International,2025,77,230,R,R,R-Jr.,"Cedar Rapids, Iowa",Marion HS,
Marc Hersh,Florida International,2025,71,176,R,R,Fr.,"Lutz, Fla.",A3 Academy,
Bryce Greene,Florida International,2025,75,190,R,R,Sr.,"Gaithersburg, Md.",,Frederick CC
Samuel Fischer,Florida International,2025,74,200,L,R,So.,"Cali, Colombia",True North Classical Academy,
Jaydon Bishop,Florida International,2025,72,206,L,L,Sr.,"Zephyrhills, Fla.",,Polk State College
Hector Candelas,Florida International,2025,72,200,L,L,Sr.,"San Juan, Puerto Rico",,Kansas City Kansas CC
Logan Runde,Florida International,2025,73,202,R,R,Sr.,"Peosta, Iowa",,Kirkwood CC
Austin Dearing,Florida International,2025,74,220,L,R,R-Sr.,"Hurricane, W.Va.",,State College of Florida
Kishon Frett,Florida International,2025,75,215,R,R,R-Sr.,"Ocala, Fla.",,Seminole State College
Julian Mlodzinski,Florida International,2025,74,195,R,R,Jr.,"Hilton Head, S.C.",Hilton Head HS,Pensacola State CC
Evan Alwine,Florida International,2025,77,225,R,R,So.,"Altoona, Pa.",Altoona Area HS,
Tristan Dietrich,Florida International,2025,76,183,L,L,So.,"Phoenixville, Pa.",Owen J. Roberts HS,
Albert Serrano,Florida International,2025,75,205,R,R,Sr.,"Bronx, N.Y.",Saint Joseph Regional,Wagner
Jarek Woodward,Florida International,2025,75,181,R,R,R-Jr.,"Seattle, Wash.",Bishop Blanchet HS,Seattle University
Toby Haarer,Florida International,2025,72,193,R,R,Jr.,"Scottsdale, Ariz.",Desert Mountain HS,Central Arizona
Andrew Ildefonso,Florida International,2025,73,205,R,R,R-Fr.,"Miami, Fla.",Archbishop McCarthy HS,
Sebastian Berrios,Florida International,2025,69,200,L,L,Fr.,"Doral, Fla.",Doral Academy,
Nelson Rivera Flores,Florida International,2025,71,188,R,R,Gr.,"Toa Alta, Puerto Rico",,South Florida
Brylan West,Florida International,2025,76,233,R,R,Sr.,"Tampa, Fla.",,South Florida State College
Kevin Martin,Florida International,2025,74,255,R,R,Gr.,"Miami, Fla.",Westminister Christian,Florida
Ryan Hunter,Florida International,2025,71,190,L,L,So.,"Miramar, Fla.",Archbishop McCarthy HS,Memphis
Enrique Alvarez Jr.,Florida International,2025,75,208,L,L,Jr.,"Miami, Fla.",SLAM Academy,Dyersburg State
Brendan Roney,Florida International,2025,70,199,R,R,Gr.,"Key West, Fla.",Key West,VCU
David Eckaus,Florida International,2025,72,197,L,L,Sr.,"Brandon, Fla.",Bloomingdale HS,
Easton Marks,Florida International,2025,73,200,R,R,Jr.,"Denver, Colo",Arapahoe HS,Nevada
Ryan Reyerson,Florida International,2025,75,195,L,L,R-Jr.,"Marshalltown, Iowa",,Iowa Western CC
Shane Tucker,Florida International,2025,71,195,L,R,Gr.,"Alexandria, Va.",TC Williams HS,LIU
Juan Villarreal,Florida International,2025,78,220,L,L,Jr.,"Panama City, Panama",,Odessa CC
Imarion Stanberry,Florida International,2025,76,195,R,R,Fr.,"Stuart, Fla.",South Fork HS,
Bryce Turner,Florida International,2025,79,250,R,R,Fr.,"Rockledge, Fla.",Rockledge HS,
Logan Voelz,Florida International,2025,73,203,R,R,Fr.,"Wesley Chapel, Fla.",Wiregrass Ranch HS,
Diego Coss,Florida Memorial,2025,68,175,,,Sr.,"Santiago, Dominican Republic",,Miami Southridge Senior High School
Pheron Charlton,Florida Memorial,2025,72,180,,,Gr.,"Nassau, Bahamas",,St. Augustine's College
Marquis Clarke,Florida Memorial,2025,69,180,,,So.,"Boynton Beach, Fla.",,Glades Day School
Jamal Johnson,Florida Memorial,2025,69,160,,,Sr.,"West Palm Beach, Fla.",Santaluces High School,
Don McKnight III,Florida Memorial,2025,73,190,,,Jr.,"Miami, Fla.",,Eastern Florida State
Dennys Acosta,Florida Memorial,2025,69,180,,,Fr.,"Salinas, Puerto Rico",,Carl Albert State College
Damarion Butler,Florida Memorial,2025,70,180,,,Fr.,"Chicago, Ill.",,Chicago White Sox ACE
Emanuel Ramos,Florida Memorial,2025,73,193,,,Jr.,"Bronx, N.Y.",,Monroe Community College
Daniel Lopez,Florida Memorial,2025,74,170,,,Fr.,"Miami, Fla.",,El Paso Community College
David Bell,Florida Memorial,2025,75,178,,,Fr.,"St. Petersburg, Fla.",,Lakewood High School
Ray Sobrino,Florida Memorial,2025,71,190,,,Sr.,"Miami, Fla.",,Lane College
Nathan Martinez,Florida Memorial,2025,71,185,,,So.,"Coamo, Puerto Rico",,El Paso Community College
Jose Andara,Florida Memorial,2025,70,188,,,So.,"Orlando, Fla.",,Miami-Dade College
Jesus Portillo,Florida Memorial,2025,72,190,,,Jr.,"Kissimmee, Fla.",,Eastern Florida State College
Armando Ramirez,Florida Memorial,2025,72,185,,,Sr.,"Leesburg, Fla.",,Park University
Daniel Perruc,Florida Memorial,2025,70,185,,,Jr.,"Miami, Fla.",,Clarendon College
Sebastian Fernandez,Florida Memorial,2025,69,190,,,Fr.,"Hialeah, Fla.",,St. Thomas University
Christian Carratala,Florida Memorial,2025,71,200,,,Sr.,"Hialeah, Fla.",,Monroe College
Wade Francis,Florida Memorial,2025,70,180,,,Fr.,"Pembroke Pines, Fla.",,Grays Harbor College
Jesus Gonzalez,Florida Memorial,2025,76,210,,,So.,"Hialeah, Fla.",,Atlantis University
Delawrence Moore,Florida Memorial,2025,74,200,,,Fr.,"Miami, Fla.",,South Broward High School
Esteban Jogins,Florida Memorial,2025,73,185,,,Jr.,"San Juan, Puerto Rico",,El Paso Community College
Jesus Ramos,Florida Memorial,2025,75,195,,,So.,,,
Eric Leal,Florida Memorial,2025,67,170,,,Fr.,"Miami, Fla.",,Monsignor Edward Pace High School
Wilber Puertas,Florida Memorial,2025,73,210,,,Sr.,"Miami, Fla.",,Erskine College
Kaiden Knowles,Florida Memorial,2025,73,175,,,Fr.,"Abaco, Bahamas",,Patrick J. Bethel High School
Juan Girado,Florida Memorial,2025,71,190,,,Fr.,"Kissimmee, Fla.",,
Marwan Khatib,Florida Memorial,2025,75,230,,,Fr.,"Balencia, Venezuela",,Santa Rosa High School
Roger Garcia,Florida Memorial,2025,74,230,,,Fr.,"Miami, Fla.",,Holy Family University
Gregory Leal,Florida Memorial,2025,61,200,,,Jr.,"Miami, Fla.",,Mets Organization
Nomar Rodriguez,Florida Memorial,2025,70,197,,,So.,"Villalba, Puerto Rico",,Monroe University
Justin Martinez,Florida Memorial,2025,76,235,,,Sr.,"Caguas, Puerto Rico",,Point Park University
Dante Fox,Florida Memorial,2025,71,169,,,Fr.,"Nassau, Bahamas",,Hesston College
Herick Figueroa,Florida Memorial,2025,73,175,,,Fr.,"Maunabo, Puerto Rico",,
Rijnaldo Euson,Francis Marion,2025,74,327,,,Sr.,"Haines City, FL",Haines City Senior HS,Georgia Southwestern University
Daniel Hussey,Francis Marion,2025,73,176,,,5th,"West Hartford, CT",St. Thomas More HS,Central Connecticut State University
Jimmy Koza,Francis Marion,2025,69,161,,,Jr.,"Carpentersville, IL",IMG Academy,VMI
Jake Hardee,Francis Marion,2025,69,170,,,Jr.,"Florence, SC",South Florence HS,
Rayth Petersen,Francis Marion,2025,69,186,,,Sr.,"Cary, IL",Barrington HS,University of Illinois at Chicago
Owen Taylor,Francis Marion,2025,71,171,,,Sr.,"Darlington, SC",Hartsville HS,Florence-Darlington Technical College
Adrian Nina,Francis Marion,2025,72,161,,,Fr.,"Punta Gorda, FL",Port Charlotte HS,
Charlie Bussey III,Francis Marion,2025,74,190,,,R-So.,"Graniteville, SC",Aquinas HS,
Will Dorrell,Francis Marion,2025,72,196,,,Jr.,"Rock Hill, SC",Northwestern HS,Winthrop University
Tyler Reynolds,Francis Marion,2025,74,193,,,R-Jr.,"Evans, GA",Lakeside HS,
Mike Monduy,Francis Marion,2025,71,199,,,Sr.,"Opa-Locka, FL",Mater Academy Lake HS,Georgia Southwestern University
Austin Bunn,Francis Marion,2025,69,200,,,5th,"Kuna, Idaho",Kuna HS,University of Northern Colorado
Hunter Looper,Francis Marion,2025,70,214,,,R-Jr.,"Brooksville, FL",Seven Rivers Christian Academy,Lake-Sumter State College
Jackson Madden,Francis Marion,2025,73,160,,,Fr.,"Lancaster, SC",Andrew Jackson HS,
Noah Stout,Francis Marion,2025,72,203,,,Sr.,"Rochester Hills, MI",Rochester HS,Florence-Darlington Technical College
Parker Henderson,Francis Marion,2025,74,206,,,Sr.,"Lexington, KY",Henry Clay HS,Roane State Community College
Robbie Jordan,Francis Marion,2025,73,224,,,R-Jr.,"Florence, SC",Florence Christian School,
Daemon Woodruff,Francis Marion,2025,73,215,,,R-Sr.,"Titusville, FL",Astronaut HS,Georgia Southwestern University
Sam Duvall,Francis Marion,2025,74,185,,,Jr.,"Port Charlotte, FL",Mariner HS,Pasco-Hernando State College
Daniel Barcena,Francis Marion,2025,76,209,,,R-Sr.,"Cape Coral, FL",Cape Coral HS,Georgia Southwestern University
Danny Leo,Francis Marion,2025,72,227,,,5th,"Centreville, VA",Westfield HS,Frederick Community College
Owen Powell,Francis Marion,2025,74,180,,,Fr.,"Georgetown, SC",Georgetown HS,
Clayton Stewart,Francis Marion,2025,75,208,,,Jr.,"Lexington, SC",Ben Lippen School,Appalachian State University
Braxton Elms IV,Francis Marion,2025,75,206,,,Sr.,"Fort Lawn, SC",Lewisville HS,Florence-Darlington Technical College
Dariel Villaran Goundis,Francis Marion,2025,71,185,,,R-Jr.,"Simpsonville, SC",Wade Hampton HS,USC Sumter
Josh Adams,Francis Marion,2025,70,201,,,Sr.,"Chesterfield, SC",Chesterfield HS,
Tripp Triplett,Francis Marion,2025,70,183,,,Jr.,"Lake Lure, NC",R.S. Central HS,Cleveland Community College
Vince Santostefano,Francis Marion,2025,73,199,,,So.,"Chapin, SC",Chapin HS,
Tristan Neely,Francis Marion,2025,76,181,,,Fr.,"Columbia, SC",Cardinal Newman School,
Caleb Oakley,Francis Marion,2025,70,194,,,Sr.,"Mullins, SC",Pee Dee Academy,
Reed McLain,Francis Marion,2025,70,156,,,Fr.,"Aiken, SC",Aiken HS,
Nick Boswell,Francis Marion,2025,73,181,,,So.,"Ruby, SC",Chesterfield HS,
Myles Proffitt,Francis Marion,2025,70,170,,,Fr.,"Lexington, SC",River Bluff HS,
Tyson Hall,Francis Marion,2025,71,166,,,R-Jr.,"Cheraw, SC",Cheraw HS,Florence-Darlington Technical College
Jackson Campbell,Francis Marion,2025,73,203,,,Jr.,"Gable, SC",Laurence Manning Academy,
Eric Wilson,Fresno Pacific,2025,72,210,L,R,So.,"Madera, Calif.",Madera High School,
Tejean Smith,Fresno Pacific,2025,70,188,R,R,Sr.,"Sacramento, Calif.",,Hawaii Pacific
Chris Clement,Fresno Pacific,2025,72,195,R,R,Jr.,"Hanford, Calif.",,Hanford High School
Garrett Perkins,Fresno Pacific,2025,75,215,R,R,So.,"Kingsburg, Calif.",Kingsburg High School,
Trent Avitia,Fresno Pacific,2025,73,200,R,R,Sr.,"Hanford, Calif.",,West Hills CC
Austin Cappas,Fresno Pacific,2025,69,185,S,R,Sr.,"Stockton, Calif.",,UC Davis/Merced College/Utah Valley
Evan Fanconi,Fresno Pacific,2025,71,170,R,R,Sr.,"Turlock, Calif.",,Merced JC
Aaron Martinez Jr.,Fresno Pacific,2025,73,205,R,R,Jr.,"Planada, Calif.",,Modesto JC
Andrew Barger,Fresno Pacific,2025,74,205,L,L,Sr.,"Clovis, Calif.",,Fresno City College
Gabe Henderson,Fresno Pacific,2025,71,190,R,R,Jr.,"Sacramento, Calif.",,Academy of Art
Joseph Gamber,Fresno Pacific,2025,73,185,R,R,Jr.,"Fresno, Calif.",,College of the Sequoias
Jordan VerSteeg,Fresno Pacific,2025,74,190,R,R,Fr.,"Visalia, Calif.",Mt. Whitney High School,
Brett Carrel,Fresno Pacific,2025,70,195,R,R,Sr.,"Madera, Calif.",,Colorado Mesa
Ethan Tsui,Fresno Pacific,2025,70,185,R,R,So.,"Sacramento, Calif.",Jesuit High School,
Michael Gomez,Fresno Pacific,2025,73,210,L,L,Sr.,"Dinuba, Calif.",,Whittier College/Reedley Junior College
Tim Ruiz,Fresno Pacific,2025,71,200,R,R,Sr.,"Delano, Calif.",,Bakersfield College
Gavin Enns,Fresno Pacific,2025,70,170,R,R,Fr.,"Kingsburg, Calif.",Kingsburg High School,
Josh Moreno,Fresno Pacific,2025,71,158,R,R,Fr.,"Fresno, Calif.",Edison High School,
Shane Pursell,Fresno Pacific,2025,71,185,R,R,Gr.,"Madera, Calif.",,Fresno City College
Sam Cooper,Fresno Pacific,2025,79,200,L,L,Sr.,"Seattle, Wash.",,Shoreline Community College
Cole Brincefield,Fresno Pacific,2025,73,225,R,R,Sr.,"Madera, Calif.",,Fresno City CC
Jake Turley,Fresno Pacific,2025,76,175,R,R,Fr.,"Fresno, Calif.",Clovis West High School,
Bodhi Verners,Fresno Pacific,2025,72,175,R,R,Fr.,"Kingsburg, Calif.",Kingsburg High School,
Orin Hirschkorn,Fresno Pacific,2025,75,194,R,L,Sr.,"Clovis, Calif.",,Reedley College/Saint Mary's College
Jordan Smith,Fresno Pacific,2025,74,195,R,R,Gr.,"Fresno, Calif.",,Reedley JC
Kolin Fukuki,Fresno Pacific,2025,70,180,R,R,Jr.,"Honolulu, Hawaii",,Chabot CC
Josh Nixon,Fresno Pacific,2025,74,180,R,R,So.,"Livermore, Calif.",Redwood Christian High School,
Carson Sandoval,Fresno Pacific,2025,73,190,S,R,So.,"Clovis, Calif.",Clovis East High School,
Jacob Solorio,Fresno Pacific,2025,74,220,L,R,Sr.,"Oakdale, Calif.",,Merced Junior College
Harry Tooze,Fresno Pacific,2025,72,195,R,R,Jr.,"Concord, Calif.",,Holy Names University
Zach Dennis,Fresno Pacific,2025,77,180,R,R,Gr.,"Prather, Calif.",,Reedley JC
Isaiah Gastelum,Fresno Pacific,2025,71,190,L,L,Sr.,"Selma, Calif.",,University of Antelope Valley
Connor Semone,Fresno Pacific,2025,77,235,R,R,Sr.,"Oakdale, Calif.",,Kansas/San Joaquin Delta JC
Cade Stuart,Fresno Pacific,2025,71,180,R,R,Jr.,"Seattle, Wash.",Roosevelt High School,
Josiah O'Bannon,Fresno Pacific,2025,74,200,R,R,Sr.,"University Place, Wash.",,Shoreline Junior College
Andrew Stalnaker,Fresno Pacific,2025,76,,,,Jr.,"Maple Falls, Wash.",Mountain Baker High School,
Craig Yanagihara,Fresno Pacific,2025,76,195,L,L,So.,"Castro Valley, Calif.",Redwood Christian High School,
Dylan Senneway,Fresno Pacific,2025,72,185,R,R,So.,"Fresno, Calif.",Clovis West High School,
Matt Bettencourt,Fresno Pacific,2025,72,170,R,R,So.,"Visalia, Calif.",El Diamante High School,
Collin Hirschkorn,Fresno Pacific,2025,75,210,R,L,R-Fr.,"Clovis, Calif.",Caruthers High School,
Austin Watson,Fresno Pacific,2025,72,205,R,R,Jr.,"Clovis, Calif.",,Fresno City College
Derek McNary,Fresno Pacific,2025,75,230,R,R,Jr.,"Hanford, Calif.",Hanford High School,
Ethan Baird,Fresno Pacific,2025,70,190,L,L,Gr.,"Fresno, Calif.",,Menlo
Micah Barkenhagen,Fresno Pacific,2025,72,190,R,R,Sr.,"Fleming Island, Florida",,Grand Canyon/Shoreline Junior College
Trent Mallonee,Fresno Pacific,2025,71,180,R,R,Sr.,"Los Banos, Calif.",,Merced Junior College
Andre Butler,George Fox,2025,69,160,,,,"San Jose, Calif.",Santa Teresa,De Anza
Mason Eastman,George Fox,2025,68,165,,,,"Livermore, Calif.",Granada,
Kaden Oshiro,George Fox,2025,68,150,,,,"Hilo, Hawai'i",Waiakea,
Michael Singleton,George Fox,2025,75,175,,,,"San Jose, Calif",Valley Christian,
Shayde Koga,George Fox,2025,68,145,,,,"Kailua, Hawaii",Moanalua,
Ryder Edwards,George Fox,2025,74,155,,,,"Palmdale, Calif.",Paraclete,
Gabe DeBenedetto,George Fox,2025,69,170,,,,"Pleasanton, Calif.",Foothill,Chabot
Berkley Reents,George Fox,2025,67,160,,,,"Wilsonville, Ore.",Wilsonville,
Caleb Debban,George Fox,2025,72,180,,,,"Tigard, Ore.",Tigard,
Evan Balingit,George Fox,2025,73,160,,,,"Danville, Calif.",San Ramon Valley,
Shane McClendon,George Fox,2025,69,170,,,,"Chatsworth, Calif.",Sierra Canyon,
Noah Takayama,George Fox,2025,70,170,,,,"Mililani, Hawai'i",Waipahu,Jessup
BJ Tokushima,George Fox,2025,68,165,,,,"Mililani, Hawai'i",Mililani,
Spencer Simon,George Fox,2025,68,140,,,,"Tigard, Ore.",Tualatin,
Jack Galanida,George Fox,2025,74,180,,,,"Lake Balboa, Calif.",Crespi,
Spencer Johnson,George Fox,2025,73,185,,,,"Coto de Caza, Calif.",Santa Margarita,
Braeden Munger,George Fox,2025,71,175,,,,"Beaverton, Ore.",Westview,Lower Columbia CC
Austin Stalwick,George Fox,2025,74,215,,,,"Gresham, Ore.",Gresham,Mt. Hood CC
Isaac Snyder,George Fox,2025,67,170,,,,"Reno, Nev.",Galena,San Diego Christian
Carson Coulter,George Fox,2025,71,190,,,,"Pullman, Wash.",Pullman,Northwest Nazarene
Grant Baskin,George Fox,2025,72,190,,,,"Arroyo Grande, Calif.",Eagle,
Aidan Rady,George Fox,2025,77,220,,,,"Dupont, Wash.",Steliacoom,
Stanley Schoppe,George Fox,2025,70,190,,,,"Tigard, Ore.",Jesuit,
Luke Vrable,George Fox,2025,76,185,,,,"Chapel Hill, Tenn.",Oak Harbor,Bellevue College
Bryan Ho,George Fox,2025,70,173,,,,"Mill Creek, Wash.",Henry M. Jackson,
Austin McQuilliams,George Fox,2025,72,198,,,,"Longview, Wash.",Castle Rock,Big Bend
Taylor Franklin,George Fox,2025,76,220,,,,"Sammamish, Wash.",Bellevue Christian,
Luey Campos,George Fox,2025,70,175,,,,"Corvallis, Ore.",Crescent Valley,
Danner Hamburg,George Fox,2025,68,185,,,,"Sandy, Ore.",Sandy,Mt. Hood CC
Garrett Strube,George Fox,2025,71,185,,,,"Happy Valley, Ore.",Clackamas,
Blane Peal,George Fox,2025,72,200,,,,"Weston, Ore.",Weston-McEwan,
Brennan Bates,George Fox,2025,74,185,,,,"San Clemente, Calif.",Crean Lutheran,
Austin Nissen,George Fox,2025,68,167,,,,"Elk Grove, Calif.",Sheldon,
Mason Gronewald,George Fox,2025,77,250,,,,"Mercer Island, Wash.",Mercer Island,
Lucas Plenert,George Fox,2025,74,235,,,,"Beaverton, Ore.",Mountainside,
Jackson Bucholz,George Fox,2025,72,220,,,,"Phoenix, Ariz.",Pinnacle,
Andrew Miller,George Fox,2025,71,225,,,,"Eugene, Ore.",Knappa,
Matthew Castillo,George Fox,2025,72,175,,,,"San Jose, Calif.",Prospect,
Calvin Gully,George Fox,2025,67,160,,,,"Vancouver, BC",St. George’s,
Adam Fulton,George Fox,2025,71,170,,,,"Eagle, Idaho",Eagle,
Brett Eskelson,George Fox,2025,75,185,,,,"Anaheim, Calif.",Canyon,
Ryden Yoshikawa,George Fox,2025,70,170,,,,"Kaneohe, Hawai'i",James B. Castle,
Aiden Bernard,George Fox,2025,77,232,,,,"Lake Oswego, Ore.",Lakeridge,
Declan Corrigan,George Fox,2025,71,165,,,,"Bend, Ore.",Mountain View,
Blake Braun,George Fox,2025,70,190,,,,"Lihue, Hawai'i",Island School,
Tyler Clark,George Fox,2025,69,145,,,,"Kailua, Hawai'i",University Laboratory School,
Trevor Collins,George Fox,2025,73,190,,,,"Phoenix, Ariz.",Sunnyslope,
Blaze Day,George Fox,2025,72,185,,,,"Rathdrum, Idaho",Lakeland Senior,
Brody Fischer,George Fox,2025,76,,,,,"Sisters, Ore.",Baker Early College,
Blake Freese,George Fox,2025,70,165,,,,"Ridgecrest, Calif.",Sherman E. Burroughs,
Kale Ho,George Fox,2025,70,130,,,,"Mililani, Hawai'i",Mililani,
Lucas Larson,George Fox,2025,74,175,,,,"Wilsonville, Ore.",Wilsonville,
Kade Maeda,George Fox,2025,66,150,,,,"Mililani, Hawaii",Waipahu,
Cole Martin,George Fox,2025,69,155,,,,"Phoenix, Ariz.",Northwest Christian School,
Chase Maruyama,George Fox,2025,72,180,,,,"Waipahu, Hawai'i",Waipahu,
Kirk Mazurowski,George Fox,2025,72,200,,,,"Happy Valley, Ore.",Portland Christian,
Paul Moeggenberg,George Fox,2025,71,175,,,,"Tigard, Ore.",Tualatin,
Dylon Poulin,George Fox,2025,70,170,,,,"Bozeman, Mont.",Gallatin,
Zeke Smith,George Fox,2025,73,183,,,,"Kelso, Wash.",Kelso,
Sam Vanden Heuvel,George Fox,2025,70,175,,,,"Healdsburg, Calif.",Healdsburg,
Travis Ilitch,Georgetown,2025,69,170,L,L,,"Bloomfield Hills, Mich.",Cranbrook Kingswood,
Keith Savoy Jr.,Georgetown,2025,74,185,R,R,,"Upper Marlboro, Md.",DeMatha,
Jack Volo,Georgetown,2025,72,195,R,R,,"Boston, Mass.",St. Sebastian's,
Kai Leckszas,Georgetown,2025,72,200,R,R,,"Washington, D.C.",Woodrow Wilson,
Braxton Templin,Georgetown,2025,69,185,S,R,,"Nashville, Tenn.",Battle Ground,
Blake Schaaf,Georgetown,2025,71,190,L,R,,"Oakland, Calif",Head-Royce School,
Marshall Whitmer,Georgetown,2025,72,210,R,L,,"Mount Pleasant, S.C.",Wando,
Camron Poe,Georgetown,2025,75,215,L,L,,"Chesterfield, Mo.",Christian Brothers College,
Jaden Sheffield,Georgetown,2025,72,188,R,R,,"Tampa, Fla.",Tampa Prepatory School,
Matthew Sapienza,Georgetown,2025,74,210,R,R,,"North Andover, Mass.",Phillips Academy,
Jordan Kahn,Georgetown,2025,71,175,R,R,,"Orlando, Fla.",Lake Highland Prep,
Johan Franco,Georgetown,2025,73,205,R,R,,"Queens, N.Y.",Stony Brook School,
Ashtin Gilio,Georgetown,2025,73,195,S,R,,"Lafayette, Colo.",Dawson School,
Sho Garcia,Georgetown,2025,72,180,R,R,,"Irvine, Calif.",Crean Lutheran High School,
Jackson Thomas,Georgetown,2025,72,183,R,R,,"Tampa, Fla.",Jesuit High School,
Andrew Williams,Georgetown,2025,74,205,L,L,,"Atlanta, Ga.",Marist HS,
Brian Depman,Georgetown,2025,73,205,R,R,,"Rockville, Md.",Georgetown Prep,
Derek Yoo,Georgetown,2025,73,180,R,R,,"Los Angeles, Calif.",Loyola High School,
JT Raab,Georgetown,2025,77,225,R,R,,"Seaford, N.Y.",MacArthur High School,
Luke Bauer,Georgetown,2025,73,180,R,R,,"Indianapolis, Ind.",Brebeuf Jesuit,
Christian Hamilton,Georgetown,2025,74,180,S,R,,"Fort Lauderdale, Fla.",St. Thomas Aquinas High School,
Dom Cafferillo,Georgetown,2025,73,190,R,R,,"Charlottesville, Va.",Miller School of Albemarle,
Ryan DeMartin,Georgetown,2025,72,185,R,R,,"Ashburn, Va.",Riverside,
Axel Johnson,Georgetown,2025,72,210,L,L,,"Grafton, Mass.",Saint John's High School,
Julius Pfau,Georgetown,2025,68,160,R,R,,"Tampa, Fla.",Berkeley Preparatory School,
Jake Anderson,Georgetown,2025,72,200,R,R,,"Visalia, Calif.",Grapevine Faith Christian School,
Andrew Jergins,Georgetown,2025,74,180,L,L,,"Tampa, Fla.",Berkley Prep,
Andrew Citron,Georgetown,2025,72,180,R,R,,"Los Angeles, Calif.",Harvard-Westlake,
Chris Accardo,Georgetown,2025,76,200,,,,"Brookside, N.J.",Delbarton,
Tristan Head,Georgetown,2025,74,200,S,R,,"Clarendon Hills, Ill.",The Benjamin School,
Noah Leib,Georgetown,2025,73,215,L,L,,"Evanston, Ill.",Evanston Township High School,
Jeremy Sheffield,Georgetown,2025,77,195,R,R,,"Chesterfield, Mo.",Westminster Christian Academy,
Connor Price,Georgetown,2025,72,215,R,R,,"Memphis, Tenn.",Memphis University School,
Dylan Larkins,Georgetown,2025,76,188,L,L,,"Detroit, Mich.",University of Detroit Jesuit,
Nadell Booker,Georgetown,2025,77,240,R,R,,"Franklin Township, N.J.",Franklin High School,
Ashton Seymore,Georgetown,2025,72,207,R,R,,"Chicago, Ill.",Latin School of Chicago,
Owen Carapellotti,Georgetown,2025,74,215,L,R,,"Canton, Mich.",University of Detroit Jesuit,
Kavi Caster,Georgetown,2025,75,220,L,L,,"Crofton, Md.",South River,
Griffin O'Connor,Georgetown,2025,73,195,R,R,,"Dedham, Mass.",Dedham High School,
Ethan Rucker,Georgetown,2025,75,195,R,R,,"Marietta, Ga.",Pace Academy,
Juju Stevens,Georgia Southern,2025,72,190,R,R,R-Jr.,"Durham, N.C.",,
Rhett Hammontree,Georgia Southern,2025,73,185,R,R,Sr.,"Dalton, Ga.",,
Cam Foster,Georgia Southern,2025,76,230,R,R,Sr.,"Douglasville, Ga.",,
Luke Odden,Georgia Southern,2025,72,175,S,R,Sr.,"Scottsdale, Ariz.",,
Cade Parker,Georgia Southern,2025,72,185,R,R,R-Sr.,"Panama City Beach, Fla.",,
Daniel Haab,Georgia Southern,2025,72,185,R,R,Sr.,"Norcross, Ga.",,
Josh Tate,Georgia Southern,2025,71,178,R,R,Jr.,"Peachtree City, Ga.",,
Bryson Trammell,Georgia Southern,2025,76,215,R,R,Sr.,"Knoxville, Tn.",,
JD Kaiser,Georgia Southern,2025,73,225,L,R,Sr.,"Statesboro, Ga.",,
Joey White,Georgia Southern,2025,70,175,R,R,Sr.,"Pembroke, Ga.",,
Sean Smith,Georgia Southern,2025,73,205,R,R,Sr.,"Moss Point, Miss.",,
Davis Smith,Georgia Southern,2025,78,210,R,R,Gr.,"Social Circle, Ga.",,
Jonathan Jaime,Georgia Southern,2025,74,210,L,L,Jr.,"Snellville, Ga.",,
Jett Lovett,Georgia Southern,2025,70,180,L,R,Sr.,"Newnan, Ga.",,
Jevarra Martin,Georgia Southern,2025,78,235,L,L,So.,"Atlanta, Ga.",,
Nico Senese,Georgia Southern,2025,75,185,R,R,R-So.,"Senoia, Ga.",,
J.C. Peacher,Georgia Southern,2025,73,170,L,L,R-Sr.,"Pace, Fla.",,
JP Herrholz,Georgia Southern,2025,74,215,L,R,Gr.,"Miami, Fla.",,
Landry Mead,Georgia Southern,2025,72,195,R,R,Sr.,"Vidalia, Ga.",,
Sammy Leis,Georgia Southern,2025,74,190,R,R,R-So.,"Cumming, Ga.",,
Carson Bryant,Georgia Southern,2025,73,210,R,R,R-So.,"Perry, Ga.",,
Evan Vandenbosch,Georgia Southern,2025,76,190,L,L,Jr.,"Fort Mill, S.C.",,
Kade Grundy,Georgia Southern,2025,73,218,R,R,Sr.,"Somerset, Ky.",,
Sean White,Georgia Southern,2025,73,200,R,R,R-Jr.,"Peachtree City, Ga.",,
Thomas Burke,Georgia Southern,2025,78,201,L,L,Fr.,"Monroe, Ga.",,
Will Robbins,Georgia Southern,2025,72,192,L,L,R-Jr.,"Cumming, Ga.",,
Carter DeGondea,Georgia Southern,2025,74,200,L,L,Jr.,"Raymore, Mo.",,
Sawyer Osborne,Georgia Southern,2025,73,185,R,R,Sr.,"Oakboro, N.C.",,
Jacob Phillips,Georgia Southern,2025,72,180,L,L,Sr.,"Ocala, Fla.",,
Jack Myers,Georgia Southern,2025,72,166,R,R,Fr.,"Marietta, Ga.",,
Daegan Strickland,Georgia Southern,2025,71,195,R,R,R-Fr.,"Pooler, Ga.",,
Brady Owens,Georgia Southern,2025,72,190,L,L,Jr.,"Acworth, Ga.",,
Canon Hopper,Georgia Southern,2025,76,195,L,L,Fr.,"Indialantic, Fla.",,
Alex Mason,Georgia Southern,2025,76,210,R,R,Fr.,"Hazlehurst, Ga.",,
Garrett Mackowiak,Georgia Southern,2025,69,170,L,L,So.,"Wesley Chapel, Fla.",,
Dawson Coe,Georgia Southern,2025,73,200,L,L,Jr.,"Covington, Ga.",,
Jax Lewis,Georgia Southern,2025,73,160,R,R,R-Fr.,"Belville, Ga.",,
Jack Young,Georgia Southern,2025,72,205,R,R,Fr.,"Lawrenceville, Ga.",,
Gaven Smith,Georgia Southern,2025,76,170,L,L,Fr.,"Leesburg, Ga.",,
Jayden White,Georgia Southern,2025,71,202,R,R,Fr.,"Pembroke, Ga.",,
Brady Pendley,Georgia Southern,2025,73,167,R,R,Jr.,"Dalton, Ga.",,
Danny DiNorcia,Georgia Southwestern,2025,71,180,,,Jr.,"Naples, Fla.",Seacrest Country Day,Mount Saint Vincent
Josh Newton,Georgia Southwestern,2025,74,155,,,R-Sr.,"Locust Grove, Ga.",Locust Grove,Chattanooga State CC
Nicholas Plaisted,Georgia Southwestern,2025,70,180,,,R-Jr.,"Lutz, Fla.",Sunlake,Pasco-Hernando State College
Jonathan Fernandez-Andrew,Georgia Southwestern,2025,71,216,,,Fr.,"Cutler Bay, Fla.",St. Brendan,Erskine College
Cory Lee,Georgia Southwestern,2025,70,179,,,R-Sr.,"Loganville, Ga.",South Gwinnett,Chattahoochee Valley Community College
Brant Deerman,Georgia Southwestern,2025,72,175,,,Sr.,"Piedmont, Ala.",Piedmont High School,Wallace State
George Davis,Georgia Southwestern,2025,73,194,,,R-Sr.,"Bradenton, Fla.",Lakewood Ranch,Polk State College
Jarrett Jenkins,Georgia Southwestern,2025,71,197,,,Gr.,"Auburn, Ga.",Dacula,Georgia Southern University
Kelsen Johnson,Georgia Southwestern,2025,69,187,,,Jr.,"Lithia, Fla.",Newsome,Polk State College
Jordan Walden,Georgia Southwestern,2025,72,148,,,Jr.,"Vidalia, Ga.",Vidalia,
Kaleb Henry,Georgia Southwestern,2025,72,190,,,Sr.,"Tallahassee, Fla.",James Rickarks,Gulf Coast State
David Hernandez,Georgia Southwestern,2025,71,192,,,Gr.,"Hialeah, Fla.",iMater Charter,Erskine College
Bryan Pina,Georgia Southwestern,2025,76,235,,,Jr.,"Miami, Fla.",Barbara Goleman,Arkansas State University
Daniel Hernandez,Georgia Southwestern,2025,71,185,,,Gr.,"Hialeah, Fla.",iMater Charter,Erskine College
Brandon Etter,Georgia Southwestern,2025,71,146,,,R-Jr.,"Marietta, Ga.",Hillgrove High School,
Trey Clinton,Georgia Southwestern,2025,70,142,,,Jr.,"Valrico, Fla.",Bloomingdale,Lake-Sumter State College
Matthew Manuel,Georgia Southwestern,2025,70,185,,,So.,"Weston, Fla.",NSU University School,
Tristan Legg,Georgia Southwestern,2025,72,193,,,Jr.,"Ridge Manor Estates, Fla.",Hernando,Pasco-Hernando State College
Rem Maxwell,Georgia Southwestern,2025,73,195,,,Jr.,"Winder, Ga.",Jefferson,Georgia Southern University
Braeden Cochran,Georgia Southwestern,2025,72,183,,,Jr.,"Seminole, Fla.",Seminole,St. Petersburg College
Jayden Arroyo,Georgia Southwestern,2025,75,202,,,Fr.,"Greenacres, Fla.",Palm Beach Central,
Carsen Plumadore,Georgia Southwestern,2025,74,160,,,R-Sr.,"Buford, Ga.",Cherokee Bluff,
Carson Shaw,Georgia Southwestern,2025,72,190,,,Fr.,"Perry, Ga.",Perry,
James Fordham,Georgia Southwestern,2025,72,195,,,So.,"Chester, Ga.",Bleckley County,
Jackson Raper,Georgia Southwestern,2025,72,207,,,Jr.,"Belle Isle, Fla.",Bishop Moore,Lake-Sumter State College
Jonathan Medina,Georgia Southwestern,2025,70,237,,,Fr.,"Miami, Fla.",TNXL Academy,
Noah Roberts,Georgia Southwestern,2025,73,205,,,Sr.,"Cambridge, Ontario",Jacob Hespeler Secondary School,Arizona Western
Evan Wainman,Georgia Southwestern,2025,74,227,,,Jr.,"Lithia, Fla.",Newsome,Polk State College
Carter Hennon,Georgia Southwestern,2025,74,217,,,R-Fr.,"Statesboro, Ga.",Bulloch Academy,Flagler College
Cooper Sain,Georgia Southwestern,2025,75,251,,,Gr.,"Cherryville, N.C.",Cherryville,Tennessee Wesleyan University
Paul Hegeman,Georgia Southwestern,2025,75,234,,,R-Sr.,"St. Simons Island, Ga.",Glynn Academy,Chattahoochee Valley Community College
Jonathan Bautista,Georgia Southwestern,2025,75,214,,,Sr.,"Philadelphia, Pa.",Springside Chestnut Hill Academy,Webber International University
Matthew Bourdon,Georgia Southwestern,2025,76,259,,,Jr.,"Collierville, Tenn.",Marshall Academy,University of South Alabama
Andrew Geiger,Georgia Southwestern,2025,76,225,,,Gr.,"Naples, Fla.",Seacrest Country Day,College of Mount Saint Vincent
Brooks Gorman,Georgia State,2025,74,,,,Gr.,"Macon, Ga.",Tatnall Square/Georgia Southern,
Jack Holley,Georgia State,2025,74,,,,Fr.,"Spanish Fort, AL.",Spanish Fort,
Tysen Benford,Georgia State,2025,75,,,,So.,"Acworth, Ga.",North Paulding,
Miles Shore,Georgia State,2025,72,,,,Fr.,"Marietta, Ga.",Combine Academy,
Jesse Donohoe,Georgia State,2025,76,,,,Sr.,"Columbus, Ga.",Calvary Christian,
CJ Blackwell,Georgia State,2025,73,,,,R-Jr.,"Lavonia, Ga.",Franklin County/Georgia Highlands,
Jake Hembree,Georgia State,2025,74,,,,R-Fr.,"Hiram, Ga.",North Paulding/Georgia,
Carter Bailey,Georgia State,2025,72,,,,R-Fr.,"Chandler, AZ.",Mountain Pointe/California,
Andon Lewis,Georgia State,2025,74,,,,R-Fr.,"Calhoun, Ga.",Calhoun/St. John's River State,
Wills Maginnis,Georgia State,2025,75,,,,Fr.,"Newnan, Ga.",Newnan,
Jae Williams,Georgia State,2025,72,,,,R-So.,"Atlanta, Ga.",Pace Academy  / UAB,
JD Smith,Georgia State,2025,70,,,,R-So.,"Valdosta, Ga.",Valdosta/Georgia Tech,
Quin McManmon,Georgia State,2025,79,,,,Jr.,"Gray, Ga.",Jones County,
Cooper Milford,Georgia State,2025,71,,,,R-Fr.,"Cumming, Ga.",Blessed Trinity Catholic/Georgia,
Cole Griffith,Georgia State,2025,73,,,,Sr.,"Sarasota, Fl.",Riverview/Winthrop,
Austin Sellers,Georgia State,2025,71,,,,Fr.,"Fayetteville, Ga.",Starr's Mill,
Carlos Carmona,Georgia State,2025,73,,,,R-Jr.,"San Cristobal, DR",KIHS/ Calhoun C.C.,
Brandon Davis,Georgia State,2025,70,,,,Jr.,"Winston-Salem, NC.",RJ Reynolds/Bishop State,
Nick Garagozzo,Georgia State,2025,68,,,,Sr.,"Mount Laurel, NJ.",Lenape/Florida Atlantic,
Cole Roberts,Georgia State,2025,69,,,,Jr.,"Las Vegas, NV.",Desert Oasis,
Colin Hynek,Georgia State,2025,73,,,,R-Jr.,"Rockmart, Ga.",Paulding County,
Montrell Christian Jr.,Georgia State,2025,75,,,,Fr.,"Atlanta, Ga.",Forest Park,
Michael Maginnis,Georgia State,2025,73,,,,R-Jr.,"Newnan, Ga.",Newnan/Samford,
Ross Norman,Georgia State,2025,79,,,,So.,"Ringgold, Ga.",Ringgold,
William Petteys,Georgia State,2025,74,,,,Fr.,"Roswell, Ga.",Roswell,
Sam Schofield,Georgia State,2025,74,,,,So.,"Madison, Ga.",Morgan County,
Nick Holbrook,Georgia State,2025,77,,,,Sr.,"Cumming, Ga.",Forsyth Central/Texas State,
John Beverley,Georgia State,2025,71,,,,Fr.,"Lawrenceville, Ga.",Brookwood,
Brian Crooms,Georgia State,2025,72,,,,Sr.,"Metter, Ga.",Metter/East Tennessee State,
Virgil Heath,Georgia State,2025,74,,,,Fr.,"Lawrenceville, Ga.",Brookwood,
Caleb White,Georgia State,2025,80,,,,Sr.,"Van, Texas",Van / Eastern Oklahoma State,
Ryan Lamar,Georgia State,2025,73,,,,Sr.,"Douglasville, Ga.",Harvester Christian / Gordon County,
Dylan Matela,Georgia State,2025,75,,,,Gr.,"Alpharetta, Ga.",Milton/Furman,
Jacob Crews,Georgia State,2025,78,,,,Jr.,"Winter Garden, Fl.",West Orange/Pensacola State,
Brantley Upshaw,Georgia State,2025,80,,,,Fr.,"Vidalia, Ga.",Toombs County,
Austin Killingsworth,Georgia State,2025,69,,,,Fr.,"Brooks, Ga.",Starr's Mill,
Kaleb Freeman,Georgia State,2025,72,,,,Sr.,"Flowery Branch, Ga.",Flowery Branch,
0/14 Axell Espino Montero,Goshen,2025,74,165,L,L,Jr.,"Santo Domingo, Dominican Republic",,Minnesota West Community & Technical College
Chris Godden,Goshen,2025,69,160,R,R,Jr.,"London, Ontario",,St. Thomas Aquinas
Jarrett Willoughby,Goshen,2025,74,160,R,R,Jr.,"Corydon, Ind.",,Corydon Central HS
Nathan Pinedo,Goshen,2025,70,185,L,R,So.,"Los Angeles, Calif.",,Franklin HS
Justin Dambruck,Goshen,2025,69,180,R,R,Jr.,Curaçao,,Trinity Christian Academy
Joshua Rubio,Goshen,2025,70,185,R,R,Sr.,"Miami, Fla.",,Barbara Goleman HS
Robby Dillard,Goshen,2025,75,165,R,R,Fr.,"Niles, Mich.",,Brandywine HS
Curtis Huffman,Goshen,2025,73,170,R,R,So.,"Detroit, Mich.",,Kennesaw State
Aidan Calvey,Goshen,2025,72,205,R,R,Fr.,"Shorewood, Ill.",,Minooka Community HS
Dakota Perry,Goshen,2025,74,195,R,R,Fr.,"Bluffton, Ind.",,Adams Central HS
Lance Wilson,Goshen,2025,74,200,L,R,Jr.,"Romeoville, Ill.",,Plainfield East HS
Jackson Whittington,Goshen,2025,70,180,R,R,Fr.,"Evansville, Ind.",,Evansville North HS
Troy Griffin,Goshen,2025,71,165,R,R,R-So.,"Oceanside, Calif.",,Mission Vista HS
Baylor Orcutt,Goshen,2025,77,225,L,R,So.,"Bremen, Ind.",,Bremen HS
Josh Murphy,Goshen,2025,74,205,R,R,Sr.,"Alvin, Texas",,Lewis Palmer HS
Hunter Oborn,Goshen,2025,73,210,R,R,Jr.,"Cincinnati, Ohio",,Colerain HS
Carter Moses,Goshen,2025,70,160,R,R,Fr.,"LaPorte, Ind.",,LaPorte HS
Corey Brown,Goshen,2025,72,185,R,R,So.,"Acworth, Ga.",,Etowah HS
Chase Smith,Goshen,2025,73,190,S,R,So.,"Marietta, Ga.",,Sprayberry HS
Pedro Hernandez III,Goshen,2025,70,180,R,R,Fr.,"Chicago, Ill.",,New Trier HS
Trent Sillett,Goshen,2025,69,215,R,L,Sr.,"London, Ontario",,London South Collegiate Institute
Alex Brito,Goshen,2025,76,240,R,R,So.,"Santo Domingo, Dominican Republic",,Morton College
Christian Eddy,Goshen,2025,76,202,R,R,Jr.,"Fort Lauderdale, Fla.",,Cayuga CC
AJ Lenn,Goshen,2025,70,205,R,R,Jr.,"Garden Grove, Calif.",,Cypress HS
Eric Pettipiece,Goshen,2025,72,195,L,L,Sr.,"Dorchester, Ontario",,Lord Dorchester SS
Joel Berkholz,Goshen,2025,72,200,R,R,Fr.,"Brownsburg, Ind.",,North Central HS
Giacomo Padilla,Goshen,2025,72,175,R,R,Sr.,"Vicenza, Italy",,Alessandro Rossi
AJ Carrasquillo,Goshen,2025,77,220,R,R,Fr.,"Chicago, Ill.",,St. Laurence HS
Nathaniel Muriel,Goshen,2025,67,145,R,R,Fr.,"Auburndale, Fla.",,Harrison School of the Arts
Nick Padron,Goshen,2025,64,160,R,R,Fr.,"Miami, Fla.",,Felix Varela HS
Logan Wilson,Goshen,2025,72,185,R,R,Fr.,"Fort Wayne, Ind.",,Homestead HS
Steven Lopez,Goshen,2025,70,205,R,R,Jr.,"Pomona, Calif.",,Ganesha HS
Dylan Pearson,Goshen,2025,75,220,R,R,Fr.,"Logansport, Ind.",,Logansport Community HS
Fernando Marte Santana,Goshen,2025,75,220,R,R,Jr.,"Santo Domingo, Dominican Republic",,Minnesota West Community & Technical College
Owen Tyers,Goshen,2025,70,190,R,R,So.,"Hillier, Ontario",,Union College
Nasir Baldwin,Goshen,2025,74,183,R,R,Fr.,"Columbus, Ohio",,Centennial HS
Yanick Loiselle,Goshen,2025,73,195,R,R,So.,"Sudbury, Ontario",,Prairie State College
Joey Paternostro,Goshen,2025,72,185,L,L,So.,"Lowell, Ind.",,Lowell HS
Aaron Matthews,Goshen,2025,69,165,R,R,Fr.,"Alexandria, Ind.",,Alexandria Monroe HS
Landen Hirsch,Goshen,2025,70,200,R,R,Fr.,"Fort Wayne, Ind.",,Northrop HS
Brandon Wright Barron,Goshen,2025,71,240,R,R,Fr.,"Santa Clarita, Calif.",,Golden Valley HS
Jaylyn Bennett,Grambling,2025,72,210,R,R,Sr.,"Dallas, Texas",,Northern Oklahoma CC
Martavius Thomas,Grambling,2025,69,165,S,R,So.,"Camden, Ark.",,Camden Fairview HS
Nyan Hayes,Grambling,2025,71,180,R,R,Sr.,"New Orleans, La.",,Arkansas State
Terry Burrell III,Grambling,2025,68,160,R,R,Sr.,"Pinson, Ala.",,Hewitt-Trussville HS
Marcerio Allen,Grambling,2025,71,175,S,R,Sr.,"Decatur, Ga.",,Reinhart University
Mason Martinez,Grambling,2025,72,170,R,R,Gr.,"Amarillo, Texas",,Seward County CC
Shannon Martin,Grambling,2025,70,190,,,Jr.,"New Orleans, La.",,Texas Southern
Cameron Hill,Grambling,2025,72,195,R,R,Jr.,"Jackson, Miss.",,Hinds CC
Keanu Jacobs-Guishard,Grambling,2025,72,188,R,R,R-Sr.,"Philipsburg, St. Marteen",,University of South Florida
Payton Allen,Grambling,2025,70,180,R,R,Jr.,"Bentonville, Ark.",,Tyler CC
LaMarcus Jones,Grambling,2025,72,185,R,R,Gr.,"St. Gabriel, La.",,LSU Eunice
Hampton Phillips,Grambling,2025,69,175,R,R,Fr.,"Sugar Land, Texas",,Fort Bend Austin HS
Israel Delgado,Grambling,2025,70,200,R,R,R-Jr.,"Orlando Park, Ill.",,Rock Valley CC
Ethan Bates,Grambling,2025,73,180,R,L,Gr.,"Anderson, Ind.",,Frontier CC
Brett Washington,Grambling,2025,68,176,R,R,R-Sr.,"Quitman, La.",,Cedar Creek Cougars
Esteban Tavarez,Grambling,2025,73,170,L,L,Sr.,"Santiago de los Caballeros, Dominican Republic",,Brandon HS
Randy Reyes,Grambling,2025,74,195,L,L,Gr.,"Providence, R.I.",,Central Connecticut State
Spencer Sensley,Grambling,2025,71,200,R,R,R-Jr.,"Farmerville, La.",,National Park College
Chenar Brown,Grambling,2025,79,220,R,R,Gr.,"Apopka, Fla.",,Louisiana-Monroe
Derrell Fletcher,Grambling,2025,73,215,R,R,Jr.,"Richmond, Va.",,Virginia Military Institute
Nick Robinson,Grambling,2025,73,160,L,L,So.,"Ruston, La.",,Ruston HS
Ajani Lyons,Grambling,2025,73,196,R,R,So.,"Duncanville, Texas",,The Oakridge HS
Aries Gardner,Grambling,2025,76,222,L,L,R-Sr.,"Detroit, Mich.",,South Alabama
James Woody,Grambling,2025,73,205,R,R,So.,"Ridgeland, Miss.",,Ridgeland HS
Thomas Leiden,Grambling,2025,72,190,L,L,Jr.,"Omaha, Neb.",,Des Moines Area CC
Christian Dunn,Grambling,2025,72,195,R,R,Jr.,"Mount Olive, Miss.",,Volunteer CC
Chris Marcellus,Grambling,2025,69,185,R,R,Jr.,"Rowlett, Texas",,Sachse HS
Michael Edwards,Grambling,2025,71,205,L,R,Sr.,"Harlem, N.Y.",,Coppin State
John Decoste,Grambling,2025,73,220,R,R,Jr.,"Novas Scotia, Canada",,"Garden City, CC"
Carlos Peguero,Grambling,2025,76,225,R,R,Sr.,"Englewood, N.J.",,Monroe CC
Taylor Dooley,Grambling,2025,74,180,R,R,Jr.,"Aurora, Colo.",,Garden City CC
Javier Martinez,Grambling,2025,74,250,R,R,Gr.,"Fuquay Valley, N.C.",,Catawba Valley CC
Trey Bridges,Grambling,2025,73,185,L,L,Jr.,"Jackson, Miss.",,East Central CC
Shamarian Brantley,Grambling,2025,71,172,R,R,So.,"Ruston, La.",,Simsboro HS
Trenton Shaw,Grambling,2025,76,225,L,L,Jr.,"Desoto, Texas",,Grayson CC
Landon Clampit,Grambling,2025,70,175,R,R,Jr.,"West Monroe, La.",,LSU-Alexandria
Deshon Middleton,Grambling,2025,70,160,R,R,Fr.,"Cedar Hill, Texas",,Cedar HS
Nicholas Jackson Jr.,Grambling,2025,70,230,R,R,Fr.,"Atlanta, Ga.",,Grayson HS
Josh Wakefield,Grand Canyon,2025,73,180,L,L,Jr.,"Peoria, Ariz.",,
Hunter Smolinski,Grand Canyon,2025,72,180,L,R,Fr.,"Fruita, Colo.",,
Austin Matranga,Grand Canyon,2025,67,150,L,R,So.,"Surprise, Ariz.",,
Carson Ohland,Grand Canyon,2025,71,185,S,R,So.,"Maple Valley, Wash.",,
Eddy Pelc,Grand Canyon,2025,71,205,L,L,Gr.,"Huntington Beach, Calif.",,
Jake Sanko,Grand Canyon,2025,70,180,R,R,Fr.,"Phoenix, Ariz.",,
Isaac Lyon,Grand Canyon,2025,75,200,R,R,Jr.,"Santa Clara, Utah",,
Billy Scaldeferri,Grand Canyon,2025,72,200,R,R,So.,"Las Vegas, Nev.",,
Connor Mattison,Grand Canyon,2025,74,195,R,R,So.,"Goodyear, Ariz.",,
Billy Gregory,Grand Canyon,2025,75,200,R,R,Fr.,"Scottsdale, Ariz.",,
Max Charles,Grand Canyon,2025,75,210,S,R,Fr.,"Phoenix, Ariz.",,
Barrett Skaugrud,Grand Canyon,2025,73,175,R,R,Sr.,"Peoria, Ariz.",,
Eli Paton,Grand Canyon,2025,75,205,L,R,R-Sr.,"La Canada, Calif.",,
Ross Clark,Grand Canyon,2025,77,200,R,R,Fr.,"Brea, Calif.",,
Gunnar Penzkover,Grand Canyon,2025,71,165,R,R,Fr.,"Phoenix, Ariz.",,
Grant Richardson,Grand Canyon,2025,75,220,R,L,Jr.,"Cave Creek, Ariz.",,
Cannon Peery,Grand Canyon,2025,75,210,R,R,So.,"Peoria, Ariz.",,
Emilio Barreras,Grand Canyon,2025,72,190,L,R,Jr.,"Casa Grande, Ariz.",,
Jace Smith,Grand Canyon,2025,74,225,R,R,Jr.,"Peoria, Ariz.",,
Zach Yorke,Grand Canyon,2025,74,295,L,R,Jr.,"Campbell, Calif.",,
Kade Huff,Grand Canyon,2025,72,205,L,R,R-So.,"Scottsdale, Ariz.",,
Cam Cunnings,Grand Canyon,2025,73,220,R,R,Jr.,"Fresno, Calif.",,
Michael Diaz,Grand Canyon,2025,74,205,L,R,R-Sr.,"Phoenix, Ariz.",,
Elijah Higginbottom,Grand Canyon,2025,72,210,R,R,Jr.,"Sumner, Wash.",,
Garrett Ahern,Grand Canyon,2025,77,195,R,R,So.,"Gilbert, Ariz.",,
Dominic Chacon,Grand Canyon,2025,76,200,L,L,Jr.,"Scottsdale, Ariz.",,
Chance Key,Grand Canyon,2025,74,240,R,L,Jr.,"Waverly, Iowa",,
Zach Hauser,Grand Canyon,2025,75,185,R,R,Jr.,"Battle Ground, Wash.",,
Luke Moeller,Grand Canyon,2025,74,220,R,R,Jr.,"Scottsdale, Ariz.",,
Marcus Galvan,Grand Canyon,2025,69,180,L,R,So.,"Chino, Calif.",,
Jace Behnke,Grand Canyon,2025,73,195,R,R,Jr.,"Phoenix, Ariz.",,
Cayden Collins,Grand Canyon,2025,74,200,R,R,R-Jr.,"Surprise, Ariz.",,
Cael Boever,Grand Canyon,2025,72,200,R,R,R-Jr.,"Sioux City, Iowa",,
Brody Sexton,Grand Canyon,2025,70,190,R,R,Jr.,"Chandler, Ariz.",,
Troy Sanders,Grand Canyon,2025,72,170,R,R,So.,"Tucson, Ariz.",,
Christian Gross,Grand Canyon,2025,71,185,R,R,Fr.,"Las Vegas, Nev.",,
Maxwell Andeel,Grand Canyon,2025,72,190,R,R,Sr.,"Placentia, Calif.",,
Brock Toney,Grand Canyon,2025,72,190,R,R,Jr.,"Liberty, Mo.",,
Devon Laguinto,Grand Canyon,2025,72,170,,,Fr.,"Rohnert Park, Calif.",,
Walter Quinn,Grand Canyon,2025,76,215,R,R,R-Jr.,"Simi Valley, Calif.",,
Justin Hanson,Grand Canyon,2025,79,225,L,L,Jr.,"Flagstaff, Ariz.",,
Dillon Orr,Grand Canyon,2025,75,220,R,R,R-So.,"Surprise, Ariz.",,
Alec Ammerman,Grand Canyon,2025,70,180,R,R,Fr.,"Richland, Wash.",,
Gray Bailey,Grand Canyon,2025,73,180,L,L,Sr.,"Peoria, Ariz.",,
Ben Smith,Grand Canyon,2025,79,220,L,L,So.,"Henderson, Nev.",,
Jalen Aguiniga,Grand View,2025,69,162,R,R,Sr.,"Altoona, IA",,Ellsworth CC
Brock Rinehart,Grand View,2025,69,175,L,R,Gr.,"Woodbury, Mn",,
Brook Heinen,Grand View,2025,69,175,R,R,Gr.,"Urbandale, IA",,Kirkwood Community College
Dane Schwirtz,Grand View,2025,70,170,L,R,Gr.,"Plato, MN",,
Bryce Stalder,Grand View,2025,71,170,L,R,Jr.,"Jefferson, IA",Greene County High School,
Evan Borst,Grand View,2025,72,195,R,R,Sr.,"Des Moines, IA",,University of Nebraska-Lincoln
Logan Smith,Grand View,2025,70,190,R,R,Gr.,"Grimes, IA",,South Dakota State University
Tucker Christensen,Grand View,2025,72,210,R,R,R-Sr.,"Norwalk, IA",,Northern Illinois University
Caleb Raisty,Grand View,2025,74,182,R,R,R-So.,"Cedar Falls, IA",,Upper Iowa University
Josh Stoll,Grand View,2025,75,170,R,R,Sr.,"Andover, MN",,Anoka Ramsey CC
Hank Himrich,Grand View,2025,71,200,,,Gr.,"Des Moines, IA",,Bradley University
Connor Canny,Grand View,2025,72,190,R,R,Sr.,"Johnston, IA",,
Jacob Draeger,Grand View,2025,75,210,,,R-Sr.,"Johnston, IA",,Northern Illinois University
Jacob Wolver,Grand View,2025,71,207,R,R,Sr.,"Johnston, IA",,
Carson Wadel,Grand View,2025,70,185,R,R,Sr.,"Andover, MN",Andover High School,
Kaden Stewart,Grand View,2025,73,190,R,R,Sr.,"Ankeny, IA",,Ellsworth CC
Patrick Bergkamp,Grand View,2025,71,175,R,R,Jr.,"Olathe, KS",,Johnson County CC
Kaleb Krier,Grand View,2025,70,180,R,R,Sr.,"Altoona, IA",,Valparaiso University
Cooper Smith,Grand View,2025,70,189,,,Sr.,"Johnston, IA",,DMACC
Jason Moist,Grand View,2025,73,185,R,R,Gr.,"Des Moines, IA",,Ellsworth CC
Brock Johnson,Grand View,2025,71,195,,,Sr.,"Winterset, IA",,Mankato St Univ.
Erik Broekemeier,Grand View,2025,76,245,R,R,Sr.,"Lebanon, IL",,
Drew Scherbenske,Grand View,2025,73,205,R,R,Sr.,"Rapid City, SD",,DMACC
Weston Barber,Grand View,2025,69,,R,R,So.,"Waukee, IA",,Southwestern CC
Logan Strassburg,Grand View,2025,67,155,R,R,Jr.,"Cedar Falls, IA",,
Zach Voelz,Grand View,2025,72,175,R,R,Sr.,"Glencoe, MN",,
Noah Schlup,Grand View,2025,73,170,R,R,Jr.,"Crystal Lake, IL",,Elgin CC
Tyler Lewnau,Grand View,2025,74,170,R,R,Jr.,"Andover, MN",,Bismark State CC
Alex Foster,Grand View,2025,72,165,L,L,Jr.,"Madrid, IA",,Simpson College
Parker Bulthuis,Grand View,2025,75,200,R,R,Jr.,"Utrecht, Netherlands",,Indian Hills CC
Devin Doyle,Grand View,2025,74,,R,R,Jr.,"Waukee, IA",,Kirkwood Community College
Nate Waknitz,Grand View,2025,70,160,R,R,R-So.,"Grimes, IA",Dallas Center-Grimes High School,
Ben Craven,Grand View,2025,72,160,R,R,Sr.,"Boone, IA",,
Wes Nelson,Grand View,2025,77,185,R,R,Jr.,"Minneapolis, MN",,Century College
Rece Heinen,Grand View,2025,71,210,R,R,Sr.,"Urbandale, IA",Urbandale High School,
Izzy Moore,Grand View,2025,72,170,R,R,Fr.,"Lakeville, MN",,
Jackie Smith,Grand View,2025,68,169,R,R,Jr.,"Johnston, IA",,DMACC
Jacob Forss,Grand View,2025,71,180,R,R,Sr.,"Aurora, IL",,Sauk Valley CC
Thomas Maathuis,Grand View,2025,72,210,R,R,Jr.,"Amsterdam, Netherlands",,Indian Hills CC
Ezequiel Balderas,Grand View,2025,72,245,R,R,Gr.,"Jewell,IA",South Hamilton High School,
Noah Kueter,Grand View,2025,76,270,R,R,Sr.,"Kansas City, MO",Staley High School,
Brady Borkgren,Grand View,2025,73,175,L,R,So.,"Center Point, IA",,
Riley Clancy,Grand View,2025,72,195,L,L,Sr.,"Columbia, IL",,St. Louis CC
Mario De La Cruz,Grand View,2025,70,185,R,R,Jr.,"Hampton, IA",,NIACC
Nick Farver,Grand View,2025,73,180,,,Fr.,"Monroe, IA",,
Trevor Graham,Grand View,2025,72,210,R,R,Fr.,"Omaha, NE",,
Treyten Henning,Grand View,2025,76,160,,,Fr.,"Beatrice, NE",,
Matt Hopper,Grand View,2025,73,,,,Jr.,"Dallas City, IL",,Spoon River CC
Seth Hudson,Grand View,2025,72,175,L,L,Fr.,"Afton, IA",,
Derek Hull,Grand View,2025,74,185,R,R,So.,"Des Moines, IA",,
Ryan Hulse,Grand View,2025,74,210,R,R,Gr.,"Boone, IA",Boone High School,
Kellen Janssen,Grand View,2025,70,145,,,Fr.,"Lincoln, NE",,
Brexton Jordan,Grand View,2025,71,190,,,Fr.,"Des Moines, IA",,
Zach Kain,Grand View,2025,71,192,L,R,Jr.,"Urbandale, IA",,DMACC
Brody Lamp,Grand View,2025,72,180,R,R,Gr.,"Des Moines, IA",,Culver-Stockton College
Anthony Moist,Grand View,2025,73,155,R,R,Fr.,"Des Moines, IA",,
Joseph Onasch,Grand View,2025,72,180,R,R,Fr.,"Yorkville, IL",,
Josh Pins,Grand View,2025,71,150,R,R,Fr.,"Norwalk, IA",,
Bryce Richards,Grand View,2025,69,175,R,R,So.,"Newton, IA",,Dordt College
Colby Royal,Grand View,2025,70,170,R,R,Sr.,"Stanton, IA",Stanton High School,
Easton Webb,Grand View,2025,73,185,R,R,Fr.,"Prairie City, IA",,
Trey Widhalm,Grand View,2025,73,160,R,R,Sr.,"Pleasant Hill, MO",,
Jackson Shaner,Guilford,2025,69,155,,,So.,"Pittsboro, N.C.",Northwood,
Skyler Dark,Guilford,2025,71,170,,,So.,"Pleasant Garden, N.C.",Vandalia Christian,
Chase Wade,Guilford,2025,69,170,,,Gr.,"Archdale, N.C.",Trinity,
Trae Pitts,Guilford,2025,71,150,,,Fr.,"Land O' Lakes, Fla.",Land O' Lakes,
Rylan Smith,Guilford,2025,72,205,,,Jr.,"Archdale, N.C.",Wheatmore,Pitt Community College
Cole Price,Guilford,2025,68,165,,,Fr.,"Summerfield, N.C.",Northwest Guilford,
Gavin Fleming,Guilford,2025,70,170,,,Jr.,"Gibsonville, N.C.",Eastern Guilford,Greensboro College
Grayson Tudor,Guilford,2025,75,180,,,Sr.,"Reidsville, N.C.",Rockingham County,
Chris Shoemaker,Guilford,2025,68,210,,,Fr.,"Winston-Salem, N.C.",Robert B. Glenn,
Ryne Rodrigues,Guilford,2025,72,200,,,Jr.,"Summerfield, N.C.",Northwest Guilford,Pfeiffer University
Izaac McGuire,Guilford,2025,74,190,,,Sr.,"Wilkesboro, N.C.",West Wilkes,
Carter Blum,Guilford,2025,68,180,,,Sr.,"McLeansville, N.C.",Cornerstone Charter,
Dawson Kirkland,Guilford,2025,68,185,,,Fr.,"Clermont, Fla.",South Lake,
Sam Melton,Guilford,2025,71,193,,,Jr.,"Cartersville, Ga.",Cartersville,Rockingham Community College
Ethan George,Guilford,2025,69,170,,,So.,"Burlington, N.C.",Walter M. Williams,
Devin Tonkins,Guilford,2025,69,160,,,Sr.,"Greensboro, N.C.",Greensboro Day,Alabama A&M University
Reese Baker,Guilford,2025,69,180,,,Jr.,"Ashland, Va.",Hanover,
Josh Howard,Guilford,2025,68,160,,,Sr.,"Salem, Va.",Glenvar,Emory & Henry University
Jordan Burrough,Guilford,2025,70,200,,,Gr.,"Greensboro, N.C.",Southeast Guilford,
Tanner Royals,Guilford,2025,71,160,,,So.,"High Point, N.C.",Southwest Guilford,
Aaron Williams,Guilford,2025,72,190,,,Gr.,"Mocksville, N.C.",Davie County,Catawba College
Ryan Garmendiz,Guilford,2025,70,237,,,Jr.,"Hampstead, N.C.",Topsail,
Gage Tawney,Guilford,2025,71,190,,,Fr.,"Charleston, W.Va.",Charleston Catholic,
Christian Chinen,Guilford,2025,67,150,,,Jr.,"Honolulu, Hawaii",Kalani,Lenoir-Rhyne University
CJ Buchan,Guilford,2025,70,225,,,Fr.,"Williamsburg, Va.",Lafayette,
Dominic Pegues,Guilford,2025,72,226,,,Fr.,"Raleigh, N.C.",Clayton,
Jacob Ray,Guilford,2025,75,155,,,Sr.,"Burlington, N.C.",Southern Alamance,
Connor Hartigan,Guilford,2025,73,205,,,So.,"High Point, N.C.",Southwest Guilford,
Jackson Marcellus,Guilford,2025,76,225,,,Gr.,"Chapel Hill, N.C.",East Chapel Hill,
Gabe De Cardenas,Guilford,2025,71,190,,,Fr.,"Orlando, Fla.",Timber Creek,
Connor Sinclair,Guilford,2025,77,225,,,Jr.,"North Augusta, S.C.",Fox Creek,
Braden Morrow,Guilford,2025,68,175,,,So.,"Milton, Ga.",East River,St. Joseph's University
Jacob Phillips,Guilford,2025,72,215,,,Sr.,"Browns Summit, N.C.",Page,
Stratton Barwick,Guilford,2025,73,255,,,So.,"Siler City, N.C.",Eastern Randolph,
Griffin Icenhower,Guilford,2025,75,160,,,Sr.,"Kernersville, N.C.",Atkins Academic and Tech,
Hayden Sekanick,Guilford,2025,71,160,,,Fr.,"Tampa, Fla.",Jefferson,
Marcello Ricigliano,Guilford,2025,75,210,,,Jr.,"Kernersville, N.C.",Atkins Academic and Tech,
Landon Haines,Guilford,2025,70,160,,,Jr.,"Sanford, N.C.",Lee Christian,
Jake Arnold,Guilford,2025,74,225,,,Fr.,"Cincinnati, Ohio",IMG Academy,
Aidan McCandless,Guilford,2025,76,190,,,So.,"Burlington, N.C.",Western Alamance,
Malakie Harris,Guilford,2025,72,220,,,So.,"Spencer, N.C.",North Rowan,
Jack Ratliff,Guilford,2025,76,190,,,Sr.,"Greensboro, N.C.",Greensboro Day,Guilford Tech
Collin McGuire,Guilford,2025,75,240,,,Sr.,"Wilkesboro, N.C.",West Wilkes,
Nathan Rose,Guilford,2025,76,220,,,Fr.,"Burlington, N.C.",Burlington Christian Academy,
Luke Kirkbride,Hardin-Simmons,2025,67,160,,,Gr.,"Denison, Texas",Denison/NOC-Enid,
Craig Symmes,Hardin-Simmons,2025,70,165,,,Gr.,"Buda, Texas",Wimberley,
Quincy McGraw,Hardin-Simmons,2025,74,175,,,Sr.,"Dallas, Texas",Frisco Lone Star (UTPB),
Jackson Smith,Hardin-Simmons,2025,70,160,,,Sr.,"Lubbock, Texas",Lubbock Christian,
Brock Calvillo,Hardin-Simmons,2025,67,180,,,Sr.,"Bakersfield, Calif",Frontier/ETBU,
Bryson Baer,Hardin-Simmons,2025,68,160,,,So.,"Odessa, Texas",Permian,
Layden White,Hardin-Simmons,2025,72,185,,,Sr.,"Lubbock, Texas",Coronado (LCU),
Caleb Smith,Hardin-Simmons,2025,72,150,,,Gr.,"Stephenville, Texas",Stephenville/Frank Phillips,
Jacob Hollingsworth,Hardin-Simmons,2025,72,180,,,So.,"Wylie, Texas",East,
Guy George,Hardin-Simmons,2025,70,165,,,So.,"Boerne, Texas",Geneva,
Jacob Posey,Hardin-Simmons,2025,71,170,,,Sr.,"Fort Worth, Texas",Paschal,
Jimmy Mathis,Hardin-Simmons,2025,71,165,,,Jr.,"Grandview, Texas",Grandview/Ark.-Rich Mtn.,
Alex Carte,Hardin-Simmons,2025,75,195,,,Sr.,"Plano, Texas",Prosper,
Evan Giles,Hardin-Simmons,2025,67,150,,,Jr.,"North Richland Hills, Texas",Fort Worth Christian,
Dane DeLugo,Hardin-Simmons,2025,70,165,,,Jr.,"Southlake, Texas",Carroll,
Baylan Vaughan,Hardin-Simmons,2025,68,165,,,Sr.,"League City, Texas",Clear Falls (ETBU),
Coulter Maxson,Hardin-Simmons,2025,76,185,,,Sr.,"Denison, Texas",Denison,
Karson Leatherwood,Hardin-Simmons,2025,72,175,,,Jr.,"Lubbock, Texas",Lubbock Christian,
Brady Bennett,Hardin-Simmons,2025,69,160,,,Fr.,"Abilene, Texas",Abilene,
Keaton Schwestka,Hardin-Simmons,2025,70,160,,,So.,"Hurst, Texas",Grapevine,
Johnny Follett,Hardin-Simmons,2025,72,180,,,Sr.,"Carrollton, Texas",Hebron/ETBU,
Jake Trapani,Hardin-Simmons,2025,71,210,,,Gr.,"League City, Texas",Clear Falls (Austin College),
Benji Fielder,Hardin-Simmons,2025,69,170,,,So.,"Arlington, Texas",The Oakridge School,
Bradley Fletcher,Hardin-Simmons,2025,78,280,,,So.,"Murphy, Texas",Wylie/UTD,
Javin Zoolkoski,Hardin-Simmons,2025,78,260,,,Jr.,"Port Orchard, Wash.",Crosspoint,
Jace Martinez,Hardin-Simmons,2025,73,170,,,So.,"Midland, Texas",Legacy,
Justin Blancaflor,Hardin-Simmons,2025,69,185,,,So.,"Allen, Texas",John Paul II/ETBU,
Bowdy Shane,Hardin-Simmons,2025,69,175,,,So.,"Lorena, Texas",Lorena,
Tate Robinson,Hardin-Simmons,2025,73,160,,,So.,Lorena. Texas,Lorena,
Gavin Boedeker,Hardin-Simmons,2025,73,195,,,So.,"Brock, Texas",Brock,
Knox Wilson,Hardin-Simmons,2025,72,205,,,So.,"Sachse, Texas",Wylie East,
Tristan Boedeker,Hardin-Simmons,2025,72,180,,,Jr.,"Brock, Texas",Brock/Hill JC,
Tristin Laughlin,Hardin-Simmons,2025,72,200,,,Gr.,"Lubbock, Texas",Frenship,
Matthew Steen,Hardin-Simmons,2025,70,175,,,Fr.,"Wall, Texas",Wall,
Hunter Trojacek,Hardin-Simmons,2025,70,220,,,Jr.,"Midlothian, Texas",Heritage,
Caden Ramsey,Hardin-Simmons,2025,76,210,,,So.,"Lipan, Texas",Santo,
Zackery Reed,Hardin-Simmons,2025,71,190,,,Fr.,"Baytown, Texas",Goose Creek,
Zach Ledbetter,Hardin-Simmons,2025,70,180,,,Jr.,"Coppell, Texas",Coppell (Wheaton College),
Josh Ledbetter,Hardin-Simmons,2025,70,180,,,Jr.,"Coppell, Texas",Coppell (Wheaton College),
Wilson Walling,Hardin-Simmons,2025,66,140,,,Jr.,"Terrell, Texas",Dallas Christian,
Ethan Riley,Hardin-Simmons,2025,72,195,,,Fr.,"Brock, Texas",Brock,
Drake White,Hardin-Simmons,2025,74,165,,,Fr.,"North Richland Hills, Texas",Birdville,
Joesph Grimes,Hardin-Simmons,2025,74,200,,,So.,"Peaster, Texas",Peaster (Hill JC),
Tyler Bigham,Hardin-Simmons,2025,72,180,,,Fr.,"New Deal, Texas",New Deal,
Bo Bolton,Hardin-Simmons,2025,70,175,,,So.,"Haslet, Texas",Eaton,
Jack Kimsey,Hardin-Simmons,2025,75,190,,,Fr.,"Aledo, Texas",Aledo,
Cannon Negron,Hardin-Simmons,2025,68,165,,,Fr.,"Troy, Texas",Troy,
Tanner Liming,Hardin-Simmons,2025,71,185,,,Fr.,"Lorena, Texas",Lorena,
Gavin Smith,Harvard,2025,73,205,,,Fy,"Queen Creek, Ariz.",Basha,
Ryan Mooney,Harvard,2025,76,170,,,So.,"Rochester Hills, Mich.",St. Mary’s Preparatory,
Cole Cleary,Harvard,2025,73,210,,,Sr.,"Newton, Mass.",Middlesex,
Tyler Shulman,Harvard,2025,72,185,,,So.,"Calabasas, Calif.",Calabasas,
George Cooper,Harvard,2025,72,190,,,Sr.,"Los Angeles, Calif.",Harvard-Westlake School,
Gio Colasante,Harvard,2025,77,210,,,Jr.,"New York, N.Y.",Poly Prep Country Day School,
Dominic Brancel,Harvard,2025,70,195,,,So.,"Claridon, Ohio",Hawken School,
Cullen Stone,Harvard,2025,72,185,,,Fy,"New Milford, Conn.",Canterbury School,
Nate Baxter,Harvard,2025,75,200,,,Sr.,"Menlo Park, Calif.",Menlo-Atherton,
Ryan McHugh,Harvard,2025,72,185,,,So.,"Narragansett, R.I.",Deerfield Academy (Mass.),
Jack Rickheim,Harvard,2025,70,180,,,So.,"Milton, Ga.",Fellowship Christian,
Jordan Kang,Harvard,2025,70,185,,,Jr.,"Los Angeles, Calif.",Harvard-Westlake School,
Jack Smith,Harvard,2025,75,220,,,Jr.,"Pittsburgh, Pa.",Mount Lebanon,
Daniel Sams,Harvard,2025,74,190,,,Fy,"Atlanta, Ga.",The Lovett School,
William Lybrook,Harvard,2025,76,220,,,Sr.,"Atlanta, Ga.",The Westminster Schools,
Owen Tahnk,Harvard,2025,75,205,,,Fy,"Newburyport, Mass.",Newburyport,
Lou Targoff,Harvard,2025,74,190,,,So.,"Cambridge, Mass.",Cambridge Rindge and Latin,
Charley Bergsma,Harvard,2025,73,190,,,Fy,"Naples, Fla.",St. John Neumann Catholic,
Matt Giberti,Harvard,2025,71,175,,,Sr.,"Rocky River, Ohio",Saint Ignatius,
Max Lane,Harvard,2025,74,190,,,Jr.,"Newport Beach, Calif.",Corona del Mar,
Andrew Abler,Harvard,2025,73,210,,,So.,"Novi, Mich.",Novi,
Callan Fang,Harvard,2025,75,215,,,Jr.,"Yardley, Pa.",Pennsbury,
Justin King,Harvard,2025,72,200,,,Jr.,"Westminster, Mass.",Oakwood (Ohio),
Liam Wilson,Harvard,2025,72,205,,,Fy,"Chandler, Ariz.",Hamilton,
Brian Dowling,Harvard,2025,78,210,,,Jr.,"Avon, Conn.",Avon Old Farms,
Sawyer Feller,Harvard,2025,74,200,,,Sr.,"Boca Raton, Fla.",North Broward Preparatory School,
Will Burns,Harvard,2025,73,200,,,So.,"Sandy Hook, Conn.",Newtown,
Peter Levin,Harvard,2025,76,210,,,Sr.,"Shaker Heights, Ohio",Shaker Heights,
Truman Pauley,Harvard,2025,74,200,,,So.,"Pacific Palisades, Calif.",Windward,
Luca Alagheband,Harvard,2025,76,190,,,Fy,"Toronto, Ontario",Crescent School,
Elijah Ickes,Hawaii,2025,72,175,R,R,So.,"Wahiawa, O‘ahu",Kamehameha Schools-Kapalama,
Shunsuke Sakaino,Hawaii,2025,69,180,L,R,Sr.,"San Diego, Calif.",Rancho Bernardo HS,CSUN
Jordan Donahue,Hawaii,2025,70,170,L,R,Sr.,"Mililani, O'ahu",Damien HS,Oregon State
Ben Zeigler-Namoa,Hawaii,2025,73,195,L,L,Sr.,"Lahaina, Maui",Baldwin HS,Yavapai College
Draven Nushida,Hawaii,2025,70,170,L,R,Jr.,"Kailua, O'ahu",Mid-Pacific Institute,Cal State Fullerton
Kedren Kinzie,Hawaii,2025,75,205,R,R,Jr.,"Hilo, Hawai'i",Waiakea HS,Pierce College
Jarret Nielsen,Hawaii,2025,71,210,R,R,Fr.,"Cerritos, Calif.",Long Beach Jordan HS,
Freddy Rodriguez,Hawaii,2025,75,210,R,R,Jr.,"West Sacramento, Calif.",River City HS,Cal Poly
Joshua Surigao,Hawaii,2025,76,200,L,L,Fr.,"Little River, S.C.",North Myrtle Beach HS,
Jack Salmon,Hawaii,2025,75,215,L,R,Jr.,"Newport Beach, Calif.",Corona Del Mar HS,Golden West College
Itsuki Takemoto,Hawaii,2025,75,200,L,R,So.,"Wakayama, Japan",Chiben Gakuen,
Cooper Walls,Hawaii,2025,77,215,R,R,Fr.,"Carlsbad, Calif.",La Costa Canyon HS,
Max Jones,Hawaii,2025,69,180,R,R,Gr.,"San Diego, Calif.",Patrick Henry HS,San Francisco
Will Bowen,Hawaii,2025,72,180,L,L,Jr.,"Redwood City, Calif.",Serra HS,College of San Mateo
Jared Quandt,Hawaii,2025,73,190,S,R,Sr.,"Los Gatos, Calif.",Los Gatos HS,
Kevin Ferguson,Hawaii,2025,76,225,R,R,Rf.,"Battle Ground, Wash.",Battle Ground HS,
Xaige Lancaster,Hawaii,2025,74,175,R,R,So.,"Hilo, Hawai'i",Hilo HS,New Mexico State
Britton Beeson,Hawaii,2025,74,205,R,R,Jr.,"Villa Park, Calif.",Villa Park HS,Fullerton College
Kamana Nahaku,Hawaii,2025,70,185,R,R,Sr.,"Auburn, Wash.",Auburn Mountainview HS,Tacoma CC
Isaiah Magdaleno,Hawaii,2025,75,215,R,R,So.,"Los Angeles, Calif.",Crespi Carmelite HS,
Josiah Shipley,Hawaii,2025,76,230,R,R,Jr.,"Beaverton, Ore.",Westview HS,Clackamas CC
Danny Veloz,Hawaii,2025,73,195,R,R,Sr.,"Pacoima, Calif.",Village Christian HS,Long Beach State / LA Valley College
David Vergel de Dios,Hawaii,2025,70,195,R,R,Fr.,"Kahului, Maui",Maui HS,
Bobby Perebzak,Hawaii,2025,71,195,L,L,Jr.,"Wadsworth, Ohio",Walsh Jesuit HS,San Diego City College
Hunter Faildo,Hawaii,2025,70,195,R,R,Jr.,"Mililani, O'ahu",Mililani HS,Pima CC
Konnor Palmeira,Hawaii,2025,72,220,R,R,Sr.,"Kahului, Maui",Kamehameha-Maui,Cal State Bakersfield / Everett CC
Zacary Tenn,Hawaii,2025,72,185,R,R,So.,"Kailua, O'ahu",Iolani HS,
Ethan Thomas,Hawaii,2025,77,230,R,R,R-Fr.,"Alameda, Calif.",Alameda HS,
Sebastian Gonzalez,Hawaii,2025,70,185,L,L,So.,"Oakley, Calif.",Berean Christian HS,
Matthew Miura,Hawaii,2025,71,185,R,R,Jr.,"Honolulu, O‘ahu",Maryknoll School,
Charlie Adamson,Hawaii,2025,76,200,R,R,Sr.,"Malibu, Calif.",Oaks Christian HS,UC Santa Barbara / Santa Barbara City College
Jimmy Urban,Hawaii,2025,80,240,L,L,Jr.,"Phoenix, Ariz.",Orange Lutheran HS,Santa Ana College/Cal Baptist
Liam O'Brien,Hawaii,2025,77,215,R,R,Sr.,"Tucson, Ariz.",Salpointe Catholic HS,Gonzaga/Paradise Valley CC
Kyle Dobyns,Hawaii,2025,77,200,R,R,Sr.,"San Diego, Calif.",West Hills HS,Grossmont College
Cory Ronan,Hawaii,2025,74,195,L,L,Jr.,"Jacksonville, Ill.",Routt Catholic,
Aidan Kuni,Hawaii,2025,72,190,L,R,Jr.,"Flower Mound, Texas",Flower Mound HS,McLennan CC
Anthony Andrews,Hawaii,2025,71,190,R,R,Fr.,"Los Gatos, Calif.",Los Gatos HS,
Dylan Waite,Hawaii,2025,74,190,L,L,Sr.,"Wailuku, Maui",Baldwin HS,Clark College
Kaysen Raineri,Hawaii,2025,73,215,R,R,Fr.,"Temecula, Calif.",Great Oak HS,
Koen Barton,Hawaii,2025,76,215,R,R,Fr.,"Wahiawa, O'ahu",Leilehua HS,
Noah Hata,Hawaii Pacific,2025,69,,,,Jr.,"Kaneohe, Hawai'i",Maryknoll,
Ziah Chang,Hawaii Pacific,2025,70,,,,Fr.,"Kahului, Hawai'i",Kamehameha Schools Maui,
Skyler Agnew,Hawaii Pacific,2025,73,,,,Sr.,"Riverside, Calif.",,
Owen Wessel,Hawaii Pacific,2025,68,,,,Jr.,"Huntington Beach, Calif.",Mater Dei,
Kan Taguchi,Hawaii Pacific,2025,72,,,,R-Fr.,"Kobe, Japan",Canadian Academy,
Brennan Kettle,Hawaii Pacific,2025,72,,,,So.,"Houston, Texas",Northland Christian,
Kaohu Kawelu,Hawaii Pacific,2025,69,,,,Fr.,"Hilo, HI",Kamehameha Schools Hawaii,
Ethan Murakoshi,Hawaii Pacific,2025,70,,,,Fr.,"Mililani, Hawai'i",Mililani High School,
Andrew Nykoluk,Hawaii Pacific,2025,70,,,,Jr.,"Simi Valley, Calif.",Simi Valley High,
Bruce Boucher,Hawaii Pacific,2025,72,,,,Fr.,"Aiea, Hawai'i",Kamehameha Kapalama,
Ryan Inouye,Hawaii Pacific,2025,69,,,,Sr.,"Honolulu, HI",Kailua,
Morgan Jennings,Hawaii Pacific,2025,73,,,,Jr.,"Granda Hills, Calif",Granada Hills Charter High,
Bronson Rivera,Hawaii Pacific,2025,75,,,,Sr.,"Holualoa, HI",,
Jacob Vanek,Hawaii Pacific,2025,73,,,,Jr.,"Okinawa, Japan",Spanish Springs High,
Joshua Rego,Hawaii Pacific,2025,75,,,,Fr.,"Kapa'a, Hawai'i",Kauai High School,
Enrique Espinoza,Hawaii Pacific,2025,75,,,,Sr.,"Sylmar, Calif.",,
Conor Hourigan,Hawaii Pacific,2025,75,,,,Sr.,"San Mateo, Calif.",,
Luigi Albano-Dito,Hawaii Pacific,2025,76,,,,Jr.,"Sonoma, Calif.",,
Tyler Arnold,Hawaii Pacific,2025,70,,,,Fr.,"San Diego, Calif.",Rancho Bernardo High School,
Noah Blythe,Hawaii Pacific,2025,75,,,,Sr.,"Santa Clarita, CA",,
Keanu Spenser,Hawaii Pacific,2025,73,,,,Jr.,"Scottsdale, Ariz.",Chaparral High,
Ryan Schuelke,Hawaii Pacific,2025,75,,,,Sr.,"Austin, TX",S.F. Austin HS,
Kila Teixeira,Hawaii Pacific,2025,69,,,,Fr.,"Waimanalo, Hawai'i",Roosevelt High School,
Cristian Padilla,Hawaii Pacific,2025,72,,,,Jr.,"South San Francisco, Calif.",Sacred Heart Cathedral Prep.,
Kainoa Holt,Hawaii Pacific,2025,73,,,,Sr.,"Kapolei, HI",Kamehameha-Kapalama,
Makana Quia,Hawaii Pacific,2025,74,,,,Sr.,"Waipahu, HI",Waipahu,
Troy Harding,Hawaii Pacific,2025,72,,,,Sr.,"Long Beach, CA",,
Drew Sanidad,Hawaii Pacific,2025,69,,,,R-So.,"Bellevue, Wash.",Eastside Catholic,
Jayden Gabrillo,Hawaii Pacific,2025,68,,,,Fr.,"Ewa Beach, Hawai'i",Campbell High School,
Logan Gibson,Hawaii Pacific,2025,69,,,,Jr.,"Modesto, CA",,
Daniel Johnson,Hawaii Pacific,2025,71,,,,R-Sr.,"Gilbert, Arizona",Mesquite,
Frankie Peralez,Hawaii Pacific,2025,67,,,,Jr.,"Chino Hills, Calif.",Bishop Amat,
Brodrick Bornstein,Hawaii Pacific,2025,73,,,,Fr.,"Orinda, Calif.",Miramonte High School,
Cooper Donlin,Hawaii Pacific,2025,72,,,,Sr.,"Plymouth, Michigan.",,
Jett Ah Sam,Hawaii Pacific,2025,70,,,,Jr.,"Honolulu, Hawaii",Kalani High School,
Landen Argabright,Hawaii Pacific,2025,70,,,,Sr.,"Cave Creek, AZ",,
Shea Blanchard,Hawaii Pacific,2025,72,,,,So.,"Laguna, Calif.",Laguna Beach HS,
Jordan Otjen,Hawaii Pacific,2025,74,,,,So.,"San Diego, Calif.",Point Loma HS,
Steven Escarcega,Hawaii Pacific,2025,72,,,,Sr.,"Monrovia, Ca",Monrovia,
Kaimana Burgo,Hawaii Pacific,2025,67,,,,Fr.,"Kaneohe, Hawai'i",Kailua High School,
Ryudai Watanabe,Hawaii Pacific,2025,70,,,,Sr.,"Tokyo, Japan",,
Vicente Molina,Hawaii Pacific,2025,72,,,,Gr.,"South San Francisco, Calif.",,
Carter Jones,Hawaii Pacific,2025,73,,,,Jr.,"Roseville, Calif.",Branham High School,
Jesse Cuthill,Hawaii Pacific,2025,72,,,,Fr.,"Rocklin, Calif.",Rocklin High School,
Three Hillier,High Point,2025,68,195,,,Gr.,"Asheville, N.C.",Asheville High School,Liberty University
Frank Kelly,High Point,2025,70,184,R,R,So.,"Lexington, S.C.",P27 Academy,
Marcus Martin,High Point,2025,69,185,,,Fr.,"Olney, Md.",St. John's College HS,
Cord Butler,High Point,2025,74,177,,,Sr.,"Kannapolis, N.C.",A.L Brown HS,North Carolina Wesleyan
Jackson Melton,High Point,2025,71,,,,Gr.,"Waxhaw, N.C.",Cuthbertson,
Jack Clark,High Point,2025,72,180,,,Fr.,"Tampa, Fla.",Jesuit HS,
Bryan Garrett,High Point,2025,68,165,,,R-Jr.,"Sacramento, Calif.",Christian Brothers HS,Sacramento City College
Brayden Simpson,High Point,2025,73,190,R,R,Jr.,"Moseley, Va.",Cosby,
Adrian Montenegro,High Point,2025,70,187,,,Sr.,"Los Angeles, Calif.",Junipero Serra HS,University of Dallas
Jace Kohler,High Point,2025,72,190,,,Fr.,"Clearwater, Fla.",Calvary Christian,
Oliver Cush,High Point,2025,73,210,R,R,Jr.,"New Albany, Ohio.",New Albany,
Landen Johnson,High Point,2025,76,240,,,R-Jr.,"Haubstadt, Ind.",Westminster Christian Academy,Northern Oklahoma College - Tonkawa
Justin Ruiz,High Point,2025,70,180,R,R,So.,"Miami, Fla.",Doral Academy Charter,
Konni Durschlag,High Point,2025,70,182,R,R,Sr.,"Charlotte, N.C.",Mallard Creek,Gaston College
Christian Smith,High Point,2025,74,210,,,R-Jr.,"Atlanta, Ga.",Grady,University of Illinois
Dylan Story,High Point,2025,73,224,,,So.,"Lexington, N.C.",High Point Christian,Wingate University
Brent Herrmann,High Point,2025,74,169,,,Gr.,"Canfield, Ohio.",Canfield HS,Allegheny College
James Murphy,High Point,2025,72,194,,,Gr.,"Niskayuna, N.Y.",Niskayuna HS,St. Johns Fisher
Mac Kimel,High Point,2025,75,190,,,Jr.,"Durham, N.C.",Christ School,Pitt CC
Rocco DeMarinis,High Point,2025,72,180,,,Fr.,"Tampa, Fla.",Plant HS,
Caleb Hammond,High Point,2025,70,188,R,R,So.,"High Point, N.C.",Westchester Country Day School,
Tyler Smith,High Point,2025,73,206,,,R-Fr.,"Pittsburgh, Pa.",Mt. Lebanon,Auburn University
Brody Shawn,High Point,2025,74,190,,,So.,"Alexandria, Va.",West Potomac HS,Wake Forest
Dalton Olsovsky,High Point,2025,71,190,R,R,So.,"Keller, Texas.",Keller,
Jake McCarter,High Point,2025,72,215,,,Jr.,"West Chester, Pa.",Bishop Shanahan HS,Harford CC
Adrian Machado,High Point,2025,72,190,,,Fr.,"Isabela, Puerto Rico",Greensboro Day School,
Mateo Wells,High Point,2025,77,218,,,Fr.,"Zionsville, Ind.",Zionsville Community HS,
Dalton Hitt,High Point,2025,70,190,,,Sr.,"Pearland, Texas.",Glenda Dawson HS,Louisiana-Monroe
Joey Tuttoilmondo,High Point,2025,70,195,R,R,So.,"Monmouth Junction, N.J.",South Brunswick,
Adam Grintz,High Point,2025,74,210,R,R,Gr.,"Glenmoore, Penn.",Downingtown West,Tulane University
Matthew Martinez II,High Point,2025,71,215,R,R,Jr.,"Kutztown, Pa.",P27 Academy/Bethlehem Catholic,
Wade Walton,High Point,2025,77,220,,,Fr.,"Lithia, Fla.",Newsome HS,
Anthony Lino,High Point,2025,68,188,,,Fr.,"Millstone Township, N.J.",Allentown HS,
Miggy Echazarreta,High Point,2025,72,175,L,R,Sr.,"Reston, Va.",James Madison,
Cohen Harris,High Point,2025,74,216,R,R,So.,"Randleman, N.C.",Southeast Guilford,
Wyatt Ewanowski,High Point,2025,72,197,R,R,So.,"Lutz, Fla.",Berkeley Prep,
Charlie Jones,High Point,2025,75,213,,,R-So.,"Rumson, N.J.",Rumson-Fair Haven Regional HS,Wake Forest
Nick Semon,High Point,2025,72,176,,,Jr.,"Valley Cottage, N.Y.",Don Bosco Prep,Flo-Dar Tech / Post University
Charlie Schneider,High Point,2025,74,185,,,Fr.,"Dallas, Texas.",Highland Park HS,
Howell Polk,High Point,2025,73,185,R,R,Jr.,"Birmingham, Ala.",Mountain Brook,
Landon Castor,High Point,2025,75,241,R,R,So.,"Mount Airy, Md.",Glenelg,
Michael Brown,Hofstra,2025,69,165,S,R,So.,"Las Vegas, NV",Shadow Ridge,
Jake Harring,Hofstra,2025,67,155,L,R,Fr.,"Portsmouth, NH",Austin Prep/Amesbury HS,
Luke Masiuk,Hofstra,2025,73,205,R,R,Sr.,"Trumbull, CT",Trumbull/Northeastern,
Tyler Cox,Hofstra,2025,72,185,L,R,R-Jr.,"Westbury, NY",Clarke/West Virginia,
Joseph Curreri,Hofstra,2025,72,195,R,R,So.,"Beach Lake, PA",Honesdale,
Dom Camera,Hofstra,2025,74,220,R,R,Sr.,"Manhasset, NY",St. Dominic/George Washington,
Mike Sweeney,Hofstra,2025,71,180,R,R,So.,"Bellerose, NY",Chaminade,
Russell Hunter,Hofstra,2025,73,205,R,R,Jr.,"Croton on Hudson, NY",Kennedy Catholic,
Trent Jenks,Hofstra,2025,71,200,R,R,Fr.,"Chatham, NJ",Chatham,
Jack Bodkin,Hofstra,2025,73,190,R,R,Fr.,"Rockville Centre, NY",South SIde,
Tyler Castrataro,Hofstra,2025,70,165,R,R,Fr.,"Mahopac, NY",Mahopac,
Tanner Sanderoff,Hofstra,2025,72,160,L,L,So.,"Silver Spring, MD",James Hubert Blake,
Bryce Curry,Hofstra,2025,75,220,R,R,Jr.,"Gaithersburg, MD",Damascus/Frederick CC,
Christian Rasmussen,Hofstra,2025,75,190,R,R,Fr.,"Fairfield, CT",Cheshire Academy,
Michael D'Ambrosio,Hofstra,2025,75,222,R,R,Fr.,"Plainview, NY",Plainview Old Bethpage JFK,
Aidan Gallagher,Hofstra,2025,70,200,R,R,Fr.,"Hopewell Junction, NY",John Jay,
Jackson Bauer,Hofstra,2025,77,225,L,L,Jr.,"Catonsville, MD",Mount St. Joseph's/CCBC Catonsville,
Sean Hamilton,Hofstra,2025,73,215,R,R,Jr.,"Rocky Point, NY",Rocky Point,
Nick Gallello,Hofstra,2025,72,195,R,R,Fr.,"New Rochelle, NY",Iona Prep,
Nick Biddle,Hofstra,2025,73,190,R,R,Fr.,"St. Pete Beach, FL",Northeast,
Sean Lane,Hofstra,2025,76,230,R,R,Sr.,"South Huntington, NY",St. Dominic/Maryland,
Tristan Nemjo,Hofstra,2025,75,186,R,R,Gr.,"Troy, NY",Tamarac,
CJ Griggs,Hofstra,2025,72,230,L,R,Fr.,"Baldwin Place, NY",Kennedy Catholic,
Trenton Snyder,Hofstra,2025,72,180,R,R,Jr.,"Jacksonville, FL",Oak Park/CCBC Catonsville,
Jack Fanning,Hofstra,2025,68,150,R,R,Fr.,"Garden City, NY",Garden City,
Branden Brown,Hofstra,2025,75,200,R,R,Jr.,"Columbia, MD",Atholton/Chesapeake,
Michael Craig,Hofstra,2025,72,175,L,L,Fr.,"Farmingdale, NY",Farmingdale,
Dylan Palmer,Hofstra,2025,69,170,L,R,Jr.,"West Windsor, NJ",Notre Dame High School,
John McCready,Hofstra,2025,72,170,R,R,Fr.,"Chatham, MA",IMG Academy,
Chris Bedford,Hofstra,2025,72,200,R,R,Fr.,"Staten Island, NY",Saint Peter's,
Brayden Gregg,Hofstra,2025,68,150,L,L,Fr.,"Landenberg, PA",Avon Grove,
Danny Kelleher,Hofstra,2025,76,220,R,R,Gr.,"Rockville Centre, NY",South Side,
Giovanni Bausone,Hofstra,2025,72,190,R,R,Fr.,"Bellerose, NY",Churchill School,
Michael Heyman,Hofstra,2025,73,185,R,R,Fr.,"Hewlett, NY",Hewlett,
Brian Hart,Hofstra,2025,70,165,R,R,Sr.,"Rosedale, NY",Cardozo/Stony Brook,
Carlos Martinez,Hofstra,2025,74,210,R,R,Jr.,"College Point, NY",Flushing,
Grady Lacourciere,Hofstra,2025,74,180,R,R,Fr.,"Lyme, CT",Lyme-Old Lyme,
CJ Egrie,Holy Cross,2025,69,170,R,R,Jr.,"Ventnor City, N.J.",Holy Spirit,Phillips Academy Andover
Jimmy King,Holy Cross,2025,73,175,R,R,Sr.,"Philadelphia, Pa.",St. Joseph’s Prep,
Braden Connors,Holy Cross,2025,72,220,L,R,So.,"Wyckoff, N.J.",Bergen Catholic,
Gianni Royer,Holy Cross,2025,70,175,R,R,So.,"Lake Bluff, Ill.",Lake Forest,
John LaFleur,Holy Cross,2025,70,180,L,R,So.,"Longmeadow, Mass.",Loomis Chaffee (Conn.),
Van Liott,Holy Cross,2025,72,166,R,R,Fr.,"Avon, Conn.",Avon Old Farms,
Brendan Jones,Holy Cross,2025,70,175,L,R,Sr.,"Arlington, Mass.",Arlington,
Alex Sandell,Holy Cross,2025,70,165,R,R,So.,"Cambridge, Mass.",Buckingham Browne & Nichols,
Van Coughlin,Holy Cross,2025,69,190,R,R,So.,"Solana Beach, Calif.",La Jolla Country Day,
Pedro Leon,Holy Cross,2025,74,202,R,R,Fr.,"New York, N.Y.",Millbrook School,
Chris Baillargeon,Holy Cross,2025,72,195,R,R,Sr.,"Staten Island, N.Y.",Xaverian,
Colin Brown,Holy Cross,2025,71,180,R,R,So.,"Los Angeles, Calif.",Notre Dame HS,
Derek Volz,Holy Cross,2025,72,201,L,L,Fr.,"Aston, Pa.",The Hill School,
Jake Lenahan,Holy Cross,2025,71,202,R,R,Fr.,"South Abington Township, Pa.",Abington Heights,
Ryan Grundy,Holy Cross,2025,73,205,L,L,So.,"Weston, Mass.",Dexter Southfield,
Thomas Skrobe,Holy Cross,2025,70,195,R,R,So.,"New York, N.Y.",Fordham Preparatory,
Brock Graf,Holy Cross,2025,74,202,R,R,Jr.,"Glenview, Ill.",IMG Academy,Saint Louis
Alexander Deutsch,Holy Cross,2025,72,192,L,L,Jr.,"Westport, Conn.",Staples,Wesleyan
Danny Macchiarola,Holy Cross,2025,74,180,L,R,Jr.,"Garden City, N.Y.",Xavier,
Nick Spaner,Holy Cross,2025,75,181,R,R,Fr.,"Portsmouth, R.I.",Portsmouth,
Connor Cooney,Holy Cross,2025,72,180,L,L,Sr.,"Niwot, Colo.",Holy Family,
Jake Needham,Holy Cross,2025,75,218,R,R,Jr.,"Winchester, Mass.",Phillips Academy Andover,
Connor Peek,Holy Cross,2025,70,200,R,R,Sr.,"Sudbury, Mass.",Lincoln Sudbury Regional,
Jaden Wywoda,Holy Cross,2025,75,220,R,R,Jr.,"Milford, Conn.",Jonathan Law,
Andrew Nesson,Holy Cross,2025,72,190,R,R,So.,"Laguna Niguel, Calif.",Dana Hills,
Nick Harnisch,Holy Cross,2025,72,190,R,R,So.,"Manasquan, N.J.",Christian Brothers Academy,
Devin Hunt,Holy Cross,2025,75,195,R,R,Fr.,"Westwood, Mass.",Westwood,
Luke LeMond,Holy Cross,2025,74,205,R,R,Sr.,"Port Saint Lucie, Fla.",Martin County,
Augie Walters,Holy Cross,2025,75,185,R,R,Sr.,"Scottsdale, Ariz.",Brophy College Prep,
Nick Andersen,Holy Cross,2025,76,210,L,R,Fr.,"Framingham, Mass.",Belmont Hill,
Sean Scanlon,Holy Cross,2025,75,200,L,R,Sr.,"New York, N.Y.",Fordham Prep,Avon Old Farms
Dan Mateffy,Holy Cross,2025,76,200,R,R,So.,"Philadelphia, Pa.",Germantown Friends School,
Marco Citro,Holy Cross,2025,72,186,R,R,Fr.,"Harrison, N.Y.",Harrison,
Will Russotti,Holy Cross,2025,71,181,R,R,Jr.,"Rochester, N.Y.",McQuaid Jesuit,Monroe Community College
Colin Dowdle,Holy Cross,2025,74,198,R,R,So.,"Newton, Mass.",St. Sebastian's School,Northwestern
Simon Landry,Holy Cross,2025,69,180,R,R,Fr.,"Redondo Beach, Calif.",Redondo Union,
Jesus Munguia,Hope International,2025,70,205,S,R,Gr.,"Anaheim, CA",,Vanguard
Julian Francois,Hope International,2025,69,150,L,R,Sr.,"Carson, CA",,Cal State Dominguez Hills
Alejandro Torres,Hope International,2025,73,195,R,R,Gr.,"Sacramento, CA",,Sacramento CC
Mario Tostado,Hope International,2025,70,200,R,R,Sr.,"Paramount, CA",,Santa Ana CC
Matthew Pinal,Hope International,2025,74,215,L,R,Jr.,"South Gate, CA",,Long Beach CC
Ryder Stowasser,Hope International,2025,72,175,R,R,Fr.,"Ladera Ranch, CA",,San Juan Hills HS
Ivan Barragan,Hope International,2025,67,170,R,R,Jr.,"Montclair, CA",,Pasadena CC
Tyler Tilton,Hope International,2025,71,190,R,R,Gr.,"Redlands, CA",,Chaffey CC
Nathan Estrada,Hope International,2025,71,170,R,R,So.,"Yorba Linda, CA",,Yorba Linda HS
Willson Dunn,Hope International,2025,73,175,R,R,Jr.,"Rancho Cucamonga, CA",,Rancho Cucamonga HS
Logan Long,Hope International,2025,75,,R,R,Fr.,"Temecula, CA",,Temecula Valley HS
David Shackelford,Hope International,2025,70,180,R,R,Jr.,"La Habra, CA",,Pima CC
Matthew Gonzales,Hope International,2025,69,165,R,R,Sr.,"Lompoc, CA",,UC Colorado Springs
Aaron Hernandez,Hope International,2025,73,190,R,R,Fr.,"East Los Angeles, CA",,St. Francis HS
Colby Moran,Hope International,2025,74,230,L,R,Jr.,"Murrieta, CA",,Northwest Nazarene
Sakemi Sato,Hope International,2025,72,205,R,R,Gr.,"La Quinta, CA",,New Mexico State
Trotter Boston,Hope International,2025,73,180,L,R,Gr.,"Roswell, NM",,Tabor
Amari Bartee,Hope International,2025,74,205,R,R,Sr.,"Peoria, AZ",,Marshall
Boom Ward,Hope International,2025,77,220,R,R,Sr.,"Long Beach, CA",,Cerritos CC
Enrique Lopez,Hope International,2025,70,190,R,R,Fr.,"Long Beach, CA",,Millikan HS
Josiah Chavez,Hope International,2025,74,200,L,R,Sr.,"Santa Paula, CA",,Cal Baptist
Spencer Davis,Hope International,2025,72,205,L,R,Jr.,"Lakeside, CA",,Grossmont CC
Manny Morales,Hope International,2025,74,215,R,R,Jr.,"Mesa, AZ",,Phoenix College
Raul Herrada,Hope International,2025,73,195,R,R,Sr.,"Fullerton, CA",,Cypress College
Alec Castillo,Hope International,2025,72,185,L,R,Jr.,"Norco, CA",,Goldenwest CC
Ryan Sveningson,Hope International,2025,76,212,R,R,So.,"Ladera Ranch, CA",,Saddleback CC
Chaz McWilliams,Hope International,2025,73,192,R,R,Sr.,"San Bernardio, CA",,Riverside City College
Kyle Harvey,Hope International,2025,73,200,R,R,Jr.,"San Marcos, CA",,Palomar CC
Brandon Reyes,Hope International,2025,75,228,,,Jr.,"Downey, CA",,Cypress CC
Joey Legg,Hope International,2025,74,195,L,R,Gr.,"Huntington Beach, CA",,Ocean View HS
Jimmy Lane,Hope International,2025,70,185,L,L,Jr.,"Yorba Linda, CA",,Seton Home Study
Trey Seeley,Hope International,2025,74,194,R,R,Sr.,"Huntington Beach, CA",,Cypress CC
Chandler De Jong,Hope International,2025,75,210,R,R,Sr.,"Mesa, AZ",,San Diego Christian
Gio Besio,Hope International,2025,73,200,R,R,Gr.,"Campbell, CA",,Cal State Dominguez Hills
Josh Landry,Hope International,2025,79,185,L,L,Jr.,"Long Beach, CA",,Cypress CC
Luke Wallin,Hope International,2025,74,190,R,R,Jr.,"Trabuco Canyon, CA",,Santa Ana CC
Branden Chun-Ming,Hope International,2025,72,195,R,R,Sr.,"Honolulu, HI",,Henry J. Kaiser HS
Tommy Armendariz,Hope International,2025,73,175,R,R,Gr.,"Bakersfield, CA",,Garces Memorial HS
Jaden Rez,Hope International,2025,76,197,R,R,Jr.,"Burbank, CA",,Glendale CC
Chris Vargas,Hope International,2025,72,190,R,R,Fr.,"Chino Hills, CA",,Bishop Amat Memorial HS
Dylan Douglas,Hope International,2025,69,185,R,R,Sr.,"Torrance, CA",,West Torrance HS
Andres Perez,Houston,2025,68,175,R,R,,"Cuauhtemoc, Mexico",,
Aaron Lugo,Houston,2025,68,170,R,R,,"Parral, Mexico",,
Evan Haeger,Houston,2025,73,200,L,L,,"New Hudson, Mich.",,
Coby DeJesus,Houston,2025,70,170,R,R,,"Diboll, Texas",,
Riley Jackson,Houston,2025,73,205,R,R,,"Melbourne, Fla.",,
Irvin Weems III,Houston,2025,72,190,R,R,,"Las Vegas, Nev.",,
Antoine Jean,Houston,2025,74,190,R,L,,"Montreal, Canada",,
Alex Solis,Houston,2025,73,190,R,R,,"Weslaco, Texas",,
Jack Cooper,Houston,2025,73,210,R,R,,"Edwardsville, Ill.",,
Tyler Cox,Houston,2025,73,195,R,R,,"Valley Glen, Calif.",,
Cade Climie,Houston,2025,74,225,R,R,,"Sugar Land, Texas",,
Malachi Lott,Houston,2025,69,175,L,L,,"Portland, Texas",,
Brady Fuller,Houston,2025,76,225,R,R,,"Auburn, Ala.",,
Cole Carbone,Houston,2025,74,190,L,R,,"Cranston, R.I.",,
Connor McGinnis,Houston,2025,73,185,L,R,,"Frisco, Texas",,
Harrison Boushele,Houston,2025,74,205,R,R,,"Aurora, Colo.",,
Brandon Bishop,Houston,2025,71,170,R,R,,"College Station, Texas",,
Tre Broussard,Houston,2025,72,170,L,L,,"Houston, Texas",,
Diego Luzardo,Houston,2025,72,195,R,R,,"La Porte, Texas",,
Ryan Dollar,Houston,2025,75,220,R,R,,"Houston, Texas",,
Paul Schmitz,Houston,2025,80,230,R,R,,"Bonn, Germany",,
Michael Benzor,Houston,2025,76,220,L,L,,"Houston, Texas",,
Pip Smalley,Houston,2025,75,190,R,R,,"Sarasota, Fla.",,
Logan Reid,Houston,2025,73,190,R,L,,"Aurora, Colo.",,
Kenneth Jimenez,Houston,2025,69,190,R,R,,"Nogales, Ariz.",,
Anthony Avalos,Houston,2025,70,180,R,R,,"Pearland, Texas",,
Chris Scinta,Houston,2025,72,220,L,L,,"Tamarac, Fla.",,
Danny Cercello,Houston,2025,80,180,R,R,,"Naperville, Ill.",,
Graysen Drezek,Houston,2025,75,210,R,R,,"Davenport, Iowa",,
Nicholas Moten,Houston,2025,73,200,R,R,,"Florissant, Mo.",,
Xavier Perez,Houston,2025,72,205,R,R,,"Corpus Christi, Texas",,
Christopher Bernal,Houston,2025,70,195,R,R,,"McAllen, Texas",,
Chris Perez,Houston,2025,72,225,L,L,,"Taylor, Texas",,
Cameron Edmonds,Houston,2025,75,190,R,R,,"Anahuac, Texas",,
Eric Van Valkenburg,Houston,2025,74,200,R,R,,"Solana Beach, Calif.",,
Carsten Sabathia III,Houston,2025,76,245,R,R,,"Alpine, N.J.",,
David Stich,Houston,2025,77,250,R,R,,"Boerne, Texas",,
Jake Tatom,Houston,2025,73,185,R,R,,"Kingwood, Texas",,
Connor Osier,Houston,2025,77,230,R,R,,"Rochester, N.Y.",,
Richie Roman,Houston,2025,76,190,R,R,,"Corpus Christi, Texas",,
Jackson LaLima,Houston,2025,73,195,R,R,,"Bradenton, Fla.",,
Kendall Hoffman,Houston,2025,78,165,R,R,,"Seminole, Fla.",,
Kenneth Dutka,Houston Christian,2025,71,180,L,L,Sr.,"Richmond, Texas",Travis,El Paso CC / Cisco College / Sam Houston State
Ayden Slott,Houston Christian,2025,70,180,R,R,Jr.,"Willis, Texas",Willis,Fort Scott CC
Caleb Matthews,Houston Christian,2025,70,175,R,R,Sr.,"Katy, Texas",Katy,Rice
Tevis Payne,Houston Christian,2025,70,175,R,R,Sr.,"San Jose, California",Independence,Mission College / Vanguard
Jeremy Rader,Houston Christian,2025,72,185,R,R,Sr.,"Springfield, Missouri",Springfield Catholic,Johnson County CC / Southeastern
Matthew Leiterman,Houston Christian,2025,73,175,R,R,Jr.,"Woodland Hills, California",Taft,Ohlone College
Robert Oropeza,Houston Christian,2025,72,190,R,R,Jr.,"Tomball, Texas",Tomball Memorial,Alvin CC / Ranger College
Walker Bazile,Houston Christian,2025,69,175,L,L,Jr.,"Kenner, Louisiana",Brother Martin,Delgado CC
Trevor Roper,Houston Christian,2025,72,165,R,R,Sr.,"Midland, Texas",Lee,Blinn / Howard College
Kyler Mentzel,Houston Christian,2025,74,190,R,R,Jr.,"Alvin, Texas",Alvin,Tarleton State / Alvin CC
Graham Laxton,Houston Christian,2025,71,160,R,R,So.,"Katy, Texas",Katy,
Katcher Halligan,Houston Christian,2025,72,190,L,L,Sr.,"Sugar Land, Texas",St. John's,McLennan CC
Reuben Bennevendo,Houston Christian,2025,69,185,L,R,Sr.,"Houston, Texas",Lamar,Texas Southern / Texas Wesleyan
Jack Hamilton,Houston Christian,2025,72,190,R,R,R-Jr.,"College Station, Texas",A&M Consolidated,Texas A&M
Jack Walker,Houston Christian,2025,74,200,L,L,Jr.,"Shreveport, Louisiana",C.E.Byrd,Louisiana Tech / Baton Rouge CC / Delgado CC
Jacob Cyr,Houston Christian,2025,71,195,L,L,Jr.,"Hitchcock, Texas",Sante Fe,Galveston College
Brock Lambert,Houston Christian,2025,76,200,R,R,Sr.,"Shreveport, Louisiana",C.E. Byrd,Panola College / Florida National
Ben Smith,Houston Christian,2025,78,210,R,R,Sr.,"Cleveland, Tennessee",Walker Valley,Cleveland State CC / Anderson
Jett Feltman,Houston Christian,2025,75,215,R,R,Sr.,"Conroe, Texas",Oak Ridge,Fort Scott CC
Kameren Hardebeck,Houston Christian,2025,76,225,R,R,Jr.,"Texas City, Texas",Texas City,Galveston College
Louis Castano,Houston Christian,2025,70,185,R,R,Jr.,"Miami, Florida",Westminster Christian,Hillsborough CC / Ranger College
Rhett Hendricks,Houston Christian,2025,73,190,R,R,Jr.,"Springfield, Missouri",Kickapoo,Johnson County CC / Charlotte
Remy Marsh,Houston Christian,2025,73,215,R,R,Jr.,"Mandeville, Louisiana",Mandeville,Delgado CC
Ben Norton,Houston Christian,2025,70,180,R,R,Jr.,"Marietta, Georgia",Lassiter,Cleveland State CC
Nick Ferazzi,Houston Christian,2025,74,190,R,R,Sr.,"Houston, Texas",Strake Jesuit,Rhodes / Michigan State
Luke Bard,Houston Christian,2025,75,190,R,R,Jr.,"Castle Rock, Colorado",Douglas County,
Levi Castilleja,Houston Christian,2025,71,200,R,R,Jr.,"San Antonio, Texas",Churchill,Wharton County CC
Anthony Russell,Houston Christian,2025,71,190,R,R,Fr.,"Houston, Texas",Dekaney,
Tyler McCloskey,Houston Christian,2025,74,205,R,R,Sr.,"Cypress, Texas",Cy-Fair,Galveston College / UTRGV
Joshua Caravalho,Houston Christian,2025,79,220,R,R,Sr.,"Santa Clara, California",The King's Academy,Chabot College / ORU
Ryan Porche,Houston Christian,2025,76,225,R,R,So.,"River Ridge, Louisiana",Jesuit,Louisiana Tech
Canon Chester,Houston Christian,2025,75,220,R,R,R-So.,"Sinton, Texas",Sinton,Coastal Bend College
Aidan DeLeon,Houston Christian,2025,72,190,R,R,Fr.,"College Station, Texas",College Station,
Alejandro Marquez,Houston Christian,2025,74,220,R,R,Sr.,"Richmond, Texas",Travis,Western Texas College / Northwestern State
Parker Edwards,Houston Christian,2025,77,215,R,R,Sr.,"Houston, Texas",Cypress Creek,St. Thomas
Harrison Helton,Houston Christian,2025,72,195,R,R,Jr.,"The Woodlands, Texas",College Park,Western Texas College
Luke Campbell,Houston Christian,2025,74,190,R,R,So.,"Missouri City, Texas",Elkins,Alvin CC
Collin Toedter,Houston Christian,2025,80,225,R,R,Fr.,"Spring, Texas",Grand Oaks,
Seth Davis,Houston Christian,2025,68,175,L,L,Jr.,"Pearland, Texas",Pearland,Alvin CC
Adin Morehouse,Houston Christian,2025,70,185,R,R,Jr.,"Corsicana, Texas",Corsicana,Ranger College
Bryce Deckman,Huntington,2025,68,180,R,L,Sr,"Farmland, Ind.",Monroe Central HS,
Carter Walker,Huntington,2025,73,165,R,R,So,"Santa Claus, Ind.",Castle HS,
Sam Kestranek,Huntington,2025,68,145,R,R,Sr,"Bloomington, Ind.",Bloomington South HS,Lincoln Trail College
Tyler Petersen,Huntington,2025,69,155,L,R,Gr,"Bethpage, N.Y.",Enlightium Acad.,Trinity Christian College
Beyonce Paco Paulina,Huntington,2025,69,155,R,R,Sr,Curacao,Lincolnton HS,Kankakee CC
Mason Meyer,Huntington,2025,74,220,R,R,Gr,"North Manchester, Ind.",Manchester HS,Grace College
RJ Anglin,Huntington,2025,74,180,R,R,So,"LaPorte, Ind.",LaPorte HS,
Cam Clarkson,Huntington,2025,74,230,L,L,Sr,"Louisville, Ky.",Saint Xavier HS,Marymount Univ.
Carter Lile,Huntington,2025,74,195,R,R,Jr,"Zionsville, Ind.",Zionsville HS,
Beldon Glasgow,Huntington,2025,70,185,L,R,Sr,"Markle,Ind.",Norwell HS,Purdue Northwest
Kade Flores,Huntington,2025,70,160,L,R,So,"LaPorte, Ind.",LaPorte HS,
Michael Slabaugh,Huntington,2025,70,165,R,R,Fr,"Goshen, Ind.",Fairfield HS,
Dylan Rost,Huntington,2025,69,190,R,R,Sr,"Granger, Ind.",Elkhart HS,UW-Whitewater
Selby Barton,Huntington,2025,74,185,R,R,Fr,"Mooresville, Ind.",Mooresville HS,
Tate Mullens,Huntington,2025,75,210,R,R,So,"Kokomo, Ind.",Northwestern HS,Kankakee CC
Matt Gilkey,Huntington,2025,70,185,R,R,Sr,"Middleport, Ohio",Meigs HS,Alderson Broaddus Univ.
Adam Oxley,Huntington,2025,74,205,R,R,Sr,"Cicero, Ind.",University HS,Wabash College
Owen Imel,Huntington,2025,72,180,L,L,So,"Daleville, Ind.",Lapel HS,
Tyler Papenbrock,Huntington,2025,75,200,L,L,Sr,"Leo, Ind.",Leo HS,
Ryne Wheeler,Huntington,2025,73,220,L,R,Sr,"Anderson, Ind.",Lapel HS,Univ. of Rio Grande
Braden Kauffman,Huntington,2025,72,160,R,R,Fr,"Shipshewana, Ind.",Westview HS,
Grant Simmons,Huntington,2025,76,215,R,R,Sr,"Fort Wayne, Ind.",Homestead HS,
Jace Fowler,Huntington,2025,69,170,L,L,So,"Franklin, Ind.",Franklin HS,Indiana State
Zach Pelletier,Huntington,2025,72,200,R,R,So,"Osceola, Ind.",Penn HS,
Deklan Thompson,Huntington,2025,74,175,R,R,Fr,"Mooresville, Ind.",Mooresville HS,
Cade Shelton,Huntington,2025,75,190,L,L,Fr,"Ossian, Ind.",Norwell HS,
Brady Schroeder,Huntington,2025,74,230,R,R,Fr,"Columbia City, Ind.",Columbia City HS,
Keegan Shovlain,Huntington,2025,72,200,R,R,Jr,"Davenport, Iowa",Assumption,Spoon River
Graham Kollen,Huntington,2025,75,205,R,R,Sr,"Fort Wayne, Ind.",Homestead HS,
Gabe Hamrick,Huntington,2025,69,175,R,R,Fr,"Murfreesboro, Tenn.",Siegel HS,
Max Meisner,Huntington,2025,75,210,L,L,Sr,"Fort Wayne, Ind.",North Side HS,
Parker Richards,Huntington,2025,67,140,R,R,So,"Indianapolis, Ind.",Pike HS,
Jonathan Baker,Huntington,2025,76,185,R,R,Sr,"Milford, Ohio",Milford HS,
Drew Wagner,Huntington,2025,70,160,R,R,So,"Marion, Ind.",Oak Hill HS,
Brandon McKillip,Huntington,2025,74,180,R,R,Fr,"Wabash, Ind.",Northfield HS,
Kyler Decker,Huntington,2025,69,175,R,R,Fr,"New Haven, Ind.",Leo HS,
Brady Gallo,Huntington,2025,71,180,R,R,Fr,"Granger, Ind.",Mishawaka HS,
Chris Pelletier,Huntington,2025,75,185,R,R,Fr,"Osceola, Ind.",Penn HS,Indiana Tech
Mason West,Huntington,2025,71,200,R,R,Fr,"Fort Wayne, Ind.",Bishop Luers HS,
Lucas Pajeau,Illinois Springfield,2025,70,,R,R,R-So.,"Homer Glen, Ill.",Lockport,
Kyle Tyler,Illinois Springfield,2025,72,,R,R,R-So.,"Chicago, Ill.",,Valparaiso
Nick Melvin,Illinois Springfield,2025,71,,R,R,Sr.,"Ottawa, Ill.",,Southwestern Illinois
Lucas Kresin,Illinois Springfield,2025,69,,R,R,R-Sr.,"Tuscola, Ill.",Tuscola,
Mack Clark,Illinois Springfield,2025,70,,L,R,R-Sr.,"Overland Park, Kan.",,Neosho County
Ethan Bowers,Illinois Springfield,2025,71,,R,R,Jr.,"Vernon Hills, Ill.",,Kirkwood
Noah Caceres,Illinois Springfield,2025,70,,L,R,So.,"Burbank, Ill.",Reavis,
Seth Masters,Illinois Springfield,2025,75,,L,L,R-Sr.,"Orland Park, Ill.",Sandburg,
Drew Ezard,Illinois Springfield,2025,74,,R,R,Sr.,"Jacksonville, Ill.",,Lincoln Land
Nate Bingman,Illinois Springfield,2025,73,,R,R,R-Jr.,"Carmel, Ind.",,Parkland
Michael Paule,Illinois Springfield,2025,72,,R,R,Gr.,"Overland Park, Kans.",,McKendree
Jacob Goss,Illinois Springfield,2025,73,,L,L,Gr.,"Plainfield, Ill.",Plainfield North,
Adam Wibbenmeyer,Illinois Springfield,2025,75,,R,R,Sr.,"Columbia, Ill.",,Western Kentucky
Ty Hollandsworth,Illinois Springfield,2025,73,,R,R,Sr.,"Ft. Lauderdale, Fla.",,Parkland
Jackson Blemler,Illinois Springfield,2025,69,,L,R,R-Sr.,"Bloomington, Ill.",,Parkland
Nicholas Crowe,Illinois Springfield,2025,76,,R,R,R-Jr.,"Springfield, Ill.",Sacred Heart-Griffin,
Mark Kattula,Illinois Springfield,2025,72,,R,R,R-Sr.,"Shelby Township, Mich.",,Heartland
Luke Erickson,Illinois Springfield,2025,74,,L,L,Jr.,"Eau Claire, Wis.",,St. Charles
Jake Uber,Illinois Springfield,2025,75,,R,R,Gr.,"Nixa, Mo.",,Southern Arkansas
Kyle Huber,Illinois Springfield,2025,75,,R,R,Gr.,"Saint Augustine, Fla.",,Florida State
Kody Morton,Illinois Springfield,2025,70,,R,R,Jr.,"Jasper, Ind.",,Danville Area
Dillon Huber,Illinois Springfield,2025,77,,R,R,Fr.,"Orlando, Fla.",TNXL Academy,
Adam Lindsey,Illinois Springfield,2025,75,,R,R,R-Sr.,"Jacksonville, Ill.",,Lincoln Land
Johnny Wendling,Illinois Springfield,2025,71,,R,R,So.,"Tinley Park, Ill.",St. Laurence,
Easton Steck,Illinois Springfield,2025,74,,R,R,So.,"Galesburg, Ill.",Galesburg,
Ivan Dahlberg,Illinois Springfield,2025,70,,L,R,Jr.,"Minooka, Ill.",Minooka,
Jack Winterbauer,Illinois Springfield,2025,72,,R,R,Gr.,"Santa Barbara, Cal.",,Occidental
Chris Suchoski,Illinois Springfield,2025,72,,R,R,Jr.,"Plainfield, Ill.",,Kankakee
Anthony Ribes,Illinois Springfield,2025,72,,R,R,Sr.,"Benld, Ill.",,Culver-Stockton
Mark DeCicco,Illinois Springfield,2025,75,,R,R,Jr.,"Crystal Lake, Ill.",,McHenry County
Kannon Walker,Illinois Springfield,2025,70,,R,L,Jr.,"Swansea, Ill.",,Lake Land
A.J. Golembiewski,Illinois Springfield,2025,77,,R,R,Gr.,"Woodstock, Ill.",Marian Central Catholic,
Ben Benoit,Illinois Springfield,2025,77,,R,R,Jr.,"Elgin, Ill.",,Lake Land
Dillon Smail,Illinois Springfield,2025,70,,R,R,Jr.,"Hillsboro, Ill.",,St. Charles
Dominic Terrell,Illinois Springfield,2025,70,,R,R,Fr.,"Riverview, Fla.",East Bay,
Josh Efflandt,Illinois Springfield,2025,72,,R,R,Fr.,"Wauconda, Ill.",Wauconda,
Parker Bradford,Illinois Springfield,2025,76,,R,R,R-Sr.,"East Peoria, Ill",,Heartland
Nathan Gerritsen,Illinois Springfield,2025,71,,L,R,Fr.,"West Dundee, Ill.",Jacobs,
Charlie Jackson,Illinois Springfield,2025,73,,L,R,So.,"Waukesha, Wis.",Waukesha West,
Will Fletcher,Illinois Springfield,2025,72,,R,R,Jr.,"Wheaton, Ill.",,Heartland
Brayden Mayer,Illinois Springfield,2025,74,,R,R,R-Jr.,"Washington, Mo.",,St. Charles
Matt Cruise,Illinois Springfield,2025,72,,R,R,Jr.,"Mazon, Ill.",,Spoon River
Quinn Hoftender,Illinois Springfield,2025,72,,L,L,Jr.,"Orion, Ill.",,Black Hawk
Austin Loberger,Illinois Springfield,2025,74,,R,R,Jr.,"Kenosha, Wis.",,Rock Valley
Jack Tobin,Illinois Springfield,2025,77,,R,R,Jr.,"Crystal Lake, Ill.",,Lake Land
Wyatt Barnoski,Illinois Springfield,2025,76,,R,R,Fr.,"Fayetteville, NC",Cape Fear,
Stephen Eskridge,Illinois Springfield,2025,74,,L,L,Sr.,"Canton, Ill.",,Graceland
Clayton Johnson,Illinois Springfield,2025,80,,R,R,R-Sr.,"Prophetstown, Ill.",,Illinois
Esteban Hernandez,Illinois Springfield,2025,72,,R,R,Gr.,"Yuma, Ariz.",,Southeast Missouri State
Shai Robinson,Illinois State,2025,73,195,R,R,Jr.,"Chicago, Ill.",Homewood Flossmoor HS,
Eric Machej,Illinois State,2025,74,180,R,R,Fr.,"Edmonton, Alberta",Foothills Composite HS,
Luke Stulga,Illinois State,2025,75,205,R,R,So.,"Tinley Park, Ill.",St. Laurence HS,
Tanner Perry,Illinois State,2025,74,195,R,R,Sr.,"O'Fallon, MO",Fort Zumwalt West HS / Southern IL,
Graham Mastros,Illinois State,2025,75,210,R,R,So.,"Northfield, Ill.",New Trier HS / Saint Louis,
Noah Smith,Illinois State,2025,73,190,R,R,Sr.,"Chicago, Ill.",Marist HS / Louisville,
Joey Rosa,Illinois State,2025,73,210,R,R,Fr.,"Carolina, Puerto Rico",Carlos Beltran Baseball Academy,
Kyle Gibson,Illinois State,2025,71,180,L,R,Sr.,"Niles, Ill.",Niles West HS / Millikin University,
AJ Weller,Illinois State,2025,71,185,L,R,Fr.,"Geneseo, Ill.",Geneseo HS,
Chris Danko,Illinois State,2025,72,175,L,R,Fr.,"Elmhurst, Ill.",York Community HS,
Josh Outlaw,Illinois State,2025,72,160,L,L,Jr.,"Des Plaines, Ill.",Maine West HS / Parkland College,
Brayden Bakes,Illinois State,2025,69,195,L,R,Fr.,"Algonquin, Ill.",Huntley HS / Indiana,
Karson Kennedy,Illinois State,2025,70,180,R,R,Jr.,"West Lafayette, Ind.",Harrison HS / John A. Logan CC,
Daniel Contreras,Illinois State,2025,71,200,R,R,Sr.,"Rockford, Ill.",Boylan HS / Wabash Valley College,
Ryan Weaver,Illinois State,2025,74,200,L,L,Jr.,"Cary, Ill.",Cary-Grove Community HS,
Braden Roesch,Illinois State,2025,74,205,L,L,Sr.,"Gibson City, Ill.",GCMS / UIS,
Judah Morris,Illinois State,2025,75,245,R,R,Sr.,"Mather, Calif.",Folsom HS / Cosumnes River College,
Daniel Pacella,Illinois State,2025,76,235,L,L,Jr.,"Mundelein, Ill.",Mundelein HS,
Cam Hill,Illinois State,2025,76,210,R,R,Jr.,"Chicago, Ill.",Brother Rice HS / John A. Logan CC,
Tyrelle Chadwick,Illinois State,2025,76,220,R,R,Jr.,"Kamloops, B.C.",Foothills Composite HS,
Luke Teschke,Illinois State,2025,74,185,R,R,Fr.,"Monticello, Ill.",Monticello HS,
Toby Schriefer,Illinois State,2025,75,200,R,R,Fr.,"Bourbonnais, Ill.",Bradley-Bourbonnais HS,
Nolan Barry,Illinois State,2025,73,200,R,R,Jr.,"Sacramento, Calif.",Rio Americano HS / Sacramento City College,
Tresdon Rybarczyk,Illinois State,2025,70,180,R,R,Sr.,"Spring Valley, Ill.",Hall HS / Parkland College,
Leo Berger,Illinois State,2025,75,210,R,R,So.,"Milwaukee, Wis.",Rufus King HS / UW Parkside,
Matthew Donnison,Illinois State,2025,73,200,R,R,So.,"Niagara Falls, Ontario, Canada",St. Paul Catholic HS,
Joe Husak,Illinois State,2025,73,190,R,R,Sr.,"Cambridge, Iowa",North Polk HS / Des Moines Area CC,
Thomas Harper,Illinois State,2025,77,195,R,R,Jr.,"Wauwatosa, Wis.",Wauwatosa East HS,
Lawson Minshew,Illinois State,2025,72,215,R,R,So.,"Lakeside, Calif.",James Madison HS,
Jack Finn,Illinois State,2025,74,185,L,L,So.,"Victoria, B.C., Canada",St. Andrews Regional HS,
Joey Wilmoth,Illinois State,2025,73,200,R,R,Jr.,"Fishers, Ind.",Fishers HS,
Hudson White,Illinois State,2025,76,210,R,L,Fr.,"St. John's, Newfoundland",Holy Heart of Mary HS,
MacCallan Conklin,Illinois State,2025,73,195,R,R,Sr.,"Normal, Ill.",University HS,
Carter Monke,Illinois State,2025,74,160,R,R,Sr.,"Mount Olive, Ill.",Mount Olive HS / Parkland College,
Colin Miller,Illinois State,2025,75,190,R,R,So.,"Gilberts, Ill.",Hampshire HS,
Michael Addari,Illinois State,2025,78,220,R,R,So.,"Libertyville, Ill.",Libertyville HS / Michigan State,
Anthony Pardo,Illinois State,2025,74,200,L,R,Fr.,"Andover, Minn.",Andover HS,
Tyler Woltman,Illinois Wesleyan,2025,69,,R,R,Sr.,"Wheaton, Ill.",Wheaton North,
Jimmy Gurgone,Illinois Wesleyan,2025,72,,R,R,Sr.,"Mokena, Ill.",St. Laurence,
Jonathan Ciullo,Illinois Wesleyan,2025,73,,R,R,Jr.,"Libertyville, Ill.",Libertyville,
Ben Ford,Illinois Wesleyan,2025,74,,R,R,Fr.,"Naperville, Ill.",Waubonsie Valley,
Tommy Willard,Illinois Wesleyan,2025,71,,R,R,Jr.,"Downers Grove, Ill.",Downers Grove South,
Derek Ittner,Illinois Wesleyan,2025,68,,R,R,Fr.,"Bloomingdale, Ill.",Lake Park,
Brady Hartman,Illinois Wesleyan,2025,72,,R,R,Sr.,"Milan, Ill.",Sherrard,
Gage Wolfe,Illinois Wesleyan,2025,69,,L,R,Jr.,"Bloomington, Ill.",Bloomington,
Sebastian Edenhofer,Illinois Wesleyan,2025,69,,L,R,Sr.,"Elmhurst, Ill.",York Community,
Evan Les,Illinois Wesleyan,2025,71,,L,R,Fr.,"Tinley Park, Ill.",Saint Laurence,
Jack Novak,Illinois Wesleyan,2025,73,,R,R,So.,"Mokena, Ill.",Lincoln-Way Central,
Trey Schilling,Illinois Wesleyan,2025,71,,R,R,Fr.,"Lincoln, Ill.",Lincoln Community,
Michael Gurgone,Illinois Wesleyan,2025,74,,R,R,Fr.,"Mokena, Ill.",Lincoln-Way Central,
Tristan Figus,Illinois Wesleyan,2025,72,,R,R,Sr.,"Arlington Heights, Ill.",Buffalo Grove,
Jimmy Martin,Illinois Wesleyan,2025,70,,R,R,Jr.,"Western Springs, Ill.",Fenwick,
Jack Wisdom,Illinois Wesleyan,2025,70,,R,R,Fr.,"Bloomington, Ill.",Central Catholic,
Luke Schwab,Illinois Wesleyan,2025,72,,R,R,Sr.,"Downers Grove, Ill.",Downers Grove South,
Brennan Tomhave,Illinois Wesleyan,2025,75,,R,R,Fr.,"Pittsfield, Ill.",Pittsfield,
Matt Hudik,Illinois Wesleyan,2025,70,,L,R,Fr.,"Frankfort, Ill.",Lincoln-Way East,
Dalen Banks,Illinois Wesleyan,2025,73,,R,R,Sr.,"Springfield, Ill.",Springfield,
Casey Swanson,Illinois Wesleyan,2025,73,,L,R,Sr.,"Minooka, Ill.",Minooka,
Will Davidsmeier,Illinois Wesleyan,2025,75,,R,R,Jr.,"Virginia, Ill.",Beardstown,
Luca Morelli,Illinois Wesleyan,2025,71,,R,R,So.,"Lincolnshire, Ill.",Adlai E. Stevenson,
Morgan Wachler,Illinois Wesleyan,2025,73,,R,R,Fr.,"Palatine, Ill.",Palatine,
Marshall Ingold,Illinois Wesleyan,2025,77,,L,L,Jr.,"Rochester, Ill.",Rochester,
Nate Carlson,Illinois Wesleyan,2025,76,,R,R,Sr.,"Palatine, Ill.",St. Viator,
Cade Tomhave,Illinois Wesleyan,2025,72,,R,R,Sr.,"Pittsfield, Ill.",Pittsfield,
Sean Hollendoner,Illinois Wesleyan,2025,72,,R,R,So.,"Lemont, Ill.",Lemont,
Caleb Martinez,Illinois Wesleyan,2025,73,,R,R,So.,"Wheeling, Ill.",Wheeling,
Cole Shamhart,Illinois Wesleyan,2025,74,,R,R,Jr.,"Oak Park, Ill.",Oak Park River Forest,
Cole Benson,Illinois Wesleyan,2025,77,,R,R,Fr.,"Oak Park, Ill.",Oak Park River Forest,
John Philip Ferraro,Illinois Wesleyan,2025,75,,L,R,So.,"Oak Park, Ill.",Oak Park River Forest,
Justin Gadomski,Illinois Wesleyan,2025,72,,R,R,Sr.,"Schaumburg, Ill.",Schaumburg,
Cade Addis,Illinois Wesleyan,2025,76,,L,L,Fr.,"Fairbury, Ill.",Prairie Central,
Bradley Crawford,Illinois Wesleyan,2025,79,,R,R,Fr.,"Glenview, Ill.",Glenbrook South,
Patrick Carmody,Illinois Wesleyan,2025,71,,R,R,So.,"Oak Park, Ill.",Oak Park River Forest,
Cole McClusky,Illinois Wesleyan,2025,72,,R,R,Fr.,"Maryville, Ill.",Collinsville,
Patrick Smith,Illinois Wesleyan,2025,72,,R,R,Fr.,"Chicago, Ill.",St. Rita,
Seth Slayden,Illinois Wesleyan,2025,72,,R,R,So.,"East Alton, Ill.",East Alton-Wood River,
Brandon Cerocke,Illinois Wesleyan,2025,71,,R,R,Fr.,"Lemont, Ill.",Benet Academy,
Jack Flagg,Illinois Wesleyan,2025,73,,R,R,Jr.,"River Forest, Ill.",Oak Park River Forest,
Luke Costello,Illinois Wesleyan,2025,71,,L,L,Jr.,"Downers Grove, Ill.",Downers Grove South,
Danny Johnson,Illinois Wesleyan,2025,74,,,,Fr.,"Chicago, Ill.",St. Ignatius,
Nolan Turner,Illinois Wesleyan,2025,70,,R,R,So.,"Morton, Ill.",Morton,
Jake Pullam,Illinois Wesleyan,2025,74,,R,R,Jr.,"Palatine, Ill.",Palatine,
Nathan Waterman,Illinois Wesleyan,2025,80,,L,L,Jr.,"Downers Grove, Ill.",Downers Grove South,
William Duff,Illinois Wesleyan,2025,72,,R,R,Sr.,"Western Springs, Ill.",St. Ignatius,
Jake Jakubowski,Illinois-Chicago,2025,70,165,,,Sr.,"Huntley, Ill.",,Valparaiso
Colin Husko,Illinois-Chicago,2025,70,,,,Jr.,"Wauconda, Ill.",,Dubuque
Vidal Colon,Illinois-Chicago,2025,70,195,,,So.,"Grafton, Wis.",University School of Milwaukee,
Terrick Thompson-Allen,Illinois-Chicago,2025,75,,,,Sr.,"Sioux City, Iowa",Iowa Western,
Tommy Egan,Illinois-Chicago,2025,72,200,,,Sr.,"Chicago, Ill.",,Houston
Christian Holmes,Illinois-Chicago,2025,75,205,,,Jr.,"Crete, Ill.",,South Suburban
Jack Snyder,Illinois-Chicago,2025,72,195,,,Sr.,"Manteno, Ill.",,Kankakee CC
AJ Taylor,Illinois-Chicago,2025,71,180,,,Sr.,"Downers Grove, Ill.",,College of DuPage
Colin Hawkins,Illinois-Chicago,2025,71,185,,,Sr.,"St. Louis, Mo.",,Rend Lake College
Alex Mezzetti,Illinois-Chicago,2025,74,205,,,Fr.,"Woodbury, Minn.",East Ridge,
DJ Butler,Illinois-Chicago,2025,70,,,,Gr.,"Chicago, Ill.",,Akron
James Harris,Illinois-Chicago,2025,72,210,,,R-Sr.,"Chicago, Ill.",Gwendolyn Brooks College Prep,
Dominic Minghine,Illinois-Chicago,2025,72,,,,Fr.,"Northville, Mich.",Northvill,
Lucas Smith,Illinois-Chicago,2025,71,195,,,So.,"Hinsdale, Ill.",Nazareth Academy,
Payten Jibben,Illinois-Chicago,2025,76,220,,,Fr.,"Oak Creek, Wis.",Oak Creek,
Brandon Bak,Illinois-Chicago,2025,73,165,,,Jr.,"Plainfield, Ill.",Plainfield North,
Luke Nowak,Illinois-Chicago,2025,70,190,,,Sr.,"Menomonee Falls, Wis.",Menomonee Falls,
Jackson Bessette,Illinois-Chicago,2025,72,185,,,Jr.,"Bartlett, Ill.",South Elgin,
Reece Lawler,Illinois-Chicago,2025,74,200,,,R-Sr.,"Gurnee, Ill.",,Iowa
Will Flanigan,Illinois-Chicago,2025,71,205,,,Jr.,"Oak Lawn, Ill.",,Parkland
Pambos Nicoloudes,Illinois-Chicago,2025,73,200,,,So.,"Naperville, Ill.",Naperville Central,
David Cox,Illinois-Chicago,2025,75,205,,,Fr.,"Oak Brook, Ill.",Nazareth,
Aiden Pavoris,Illinois-Chicago,2025,73,205,,,R-Jr.,"Algonquin, Ill.",,Oakton CC
Blake Cowans,Illinois-Chicago,2025,70,190,,,R-Fr.,"Foster City, Calif.",,Skyline College
Brady Patterson,Illinois-Chicago,2025,73,210,,,Jr.,"Auburn, Kan.",,KCK
Dillon Schueler,Illinois-Chicago,2025,74,190,,,Jr.,"Rock Falls, Ill.",,Sauk Valley CC
Vincent Gohlke,Illinois-Chicago,2025,74,205,,,R-So.,"New Berlin, Wis.",New Berlin West,
Zack Millsap,Illinois-Chicago,2025,72,210,,,Sr.,"Crete, Ill.",,Kankakee CC
Vincent Trapani,Illinois-Chicago,2025,73,225,,,R-Jr.,"Eau Claire, Wis.",,Arkansas
Jonathan Fleaka,Illinois-Chicago,2025,70,175,,,Fr.,"Kildeer, Ill.",Lake Zurich,
Bobby Barrera,Illinois-Chicago,2025,72,180,,,Fr.,"Franksville, Wis.",Union Grove,
Michael Vitellaro,Illinois-Chicago,2025,71,215,,,Jr.,"Huntley, Ill.",Huntley,
Jake Troyner,Illinois-Chicago,2025,75,200,,,Fr.,"Shorewood, Ill.",Joliet Cathloic,
Kendall Lyons,Illinois-Chicago,2025,74,205,,,Jr.,"Gurnee, Ill.",Warren Township,
Payton Barton,Illinois-Chicago,2025,74,210,,,Jr.,"Moline, Ill.",,Blackhawk College
Cameron Nohos,Illinois-Chicago,2025,80,235,,,Sr.,"Hobart, Ind.",,Loras College
Zak Gould,Illinois-Chicago,2025,76,210,,,R-Sr.,"Channahon, Ill.",Joliet Catholic,
Parker Johnson,Illinois-Chicago,2025,75,200,,,R-Jr.,"Breese, Ill.",,Missouri State
Thomas Curry,Illinois-Chicago,2025,72,,,,So.,"Hartland, Wis.",,Missouri
George Eisenhardt,Illinois-Chicago,2025,76,,,,Jr.,"Portland, Ore.",,Ohio State
Ryan Schlotzhauer,Incarnate Word,2025,75,,,,Sr.,"Houston, Texas",Ridge Point High School,
Daniel Calabrese,Incarnate Word,2025,71,,,,Sr.,"Colleyville, TX",Convenant Christian Academy,
Ryan Martinez,Incarnate Word,2025,71,,,,R-Jr.,"Howson, Maryland",Gillman School,
JD Gregson,Incarnate Word,2025,76,,,,Sr.,"Frisco, TX",Frisco Wakeland HS,
Ryder Hernandez,Incarnate Word,2025,72,,,,Sr.,"Cedar Park, TX",Cedar Park HS,
Adam Byrd,Incarnate Word,2025,72,,,,Sr.,"Mesquite, TX",Mesquite Poteet HS,
Kegan Magee,Incarnate Word,2025,74,,,,R-Jr.,"Aurora, TX",Northwest HS,
Tyler Cowan,Incarnate Word,2025,71,,,,Sr.,"Covington, WA",Liberty HS,
Jake Weaver,Incarnate Word,2025,70,,,,Jr.,"Waco, TX",Midway HS,
Thomas Lyssy,Incarnate Word,2025,75,,,,Jr.,"Harlingen, TX",Harlingen HS,
Rob Liddington Jr.,Incarnate Word,2025,75,,,,Sr.,"Phoenix, AZ",Paradise Valley HS,
Brandon Burckel,Incarnate Word,2025,70,,,,Sr.,"Lindale, TX",Lindale HS,
Bruno Robles,Incarnate Word,2025,72,,,,Fr.,"San Antonio, TX",Alamo Heights HS,
Jackson Elizondo,Incarnate Word,2025,71,,,,So.,"San Antonio, TX",Smithson Valley HS,
Braelin Pillot,Incarnate Word,2025,77,,,,Jr.,"Abeline, TX",Kell HS,
Josh Garcia,Incarnate Word,2025,68,,,,Fr.,"Corpus Christi, TX",Midway HS,
EJ Garcia,Incarnate Word,2025,70,,,,Jr.,"New Braunfels,Texas",Canyon High School,
Tony DeJesus,Incarnate Word,2025,72,,,,Jr.,"San Diego, California",Central Catholic High School,
Chase Houselog,Incarnate Word,2025,71,,,,Jr.,"Sioux Falls, SD",Sioux Falls Lincoln HS,
Nick Miller,Incarnate Word,2025,73,,,,Jr.,"Frisco, TX",Wakeland HS,
AJ Herrera,Incarnate Word,2025,70,,,,Fr.,"San Antonio, TX",Central Catholic HS,
Gus McKay,Incarnate Word,2025,71,,,,Jr.,"Odessa, TX",Permian HS,
Josh Garcia,Incarnate Word,2025,73,,,,Fr.,"San Antonio, TX",William J. Brennan HS,
Luke Smith,Incarnate Word,2025,74,,,,Sr.,"North Richland Hills, TX",Azle HS,
Trevor Esparza,Incarnate Word,2025,71,,,,Jr.,"Katy, TX",Tompkins HS,
Gray Bane,Incarnate Word,2025,72,,,,Sr.,"Olive Branch, MS",Lewisberg HS,
Rey Mendoza,Incarnate Word,2025,77,,,,Gr.,"Eagle Pass, Texas",Eagle Pass High School,
Edward Mendoza,Incarnate Word,2025,72,,,,Sr.,"Eagle Pass, TX",Eagle Pass HS,
Ryan Scott,Incarnate Word,2025,74,,,,Sr.,"The Colony, TX",The Colony HS,
Addison Walker,Incarnate Word,2025,77,,,,Fr.,"Mission Viejo, CA",Capistrano Valley HS,
Solomon James,Incarnate Word,2025,72,,,,So.,"Dallas, TX",Duncanville HS,
Tanner Crispin,Incarnate Word,2025,76,,,,Fr.,"Dallas, TX",Episcopal School of Dallas,
Hunter Hargett,Incarnate Word,2025,74,,,,Sr.,"San Diego, CA",Point Loma HS,
Jordan Bush,Incarnate Word,2025,74,,,,Fr.,"Livingston, TX",Livingston HS,
Carter Poole,Incarnate Word,2025,75,,,,Jr.,"Kansas City, MO",Oak Park HS,
Jonah Posey,Incarnate Word,2025,75,,,,R-Sr.,"Southavan, MS",Southavan HS,
Jose Bludau,Incarnate Word,2025,71,,,,Jr.,"Sealy, TX",Sealy HS,
Josh Salinas,Incarnate Word,2025,70,,,,Gr.,"Corpus Christi, TX",Moody HS,
Jasen Oliver,Indiana,2025,71,185,R,R,So.,"Almont, Mich.",,
Tyler DeMartino,Indiana,2025,72,205,R,R,Gr.,"Potomac, Md.",,
Devin Taylor,Indiana,2025,73,215,L,R,Jr.,"Cincinnati, Ohio",,
T.J. Schuyler,Indiana,2025,74,220,R,R,So.,"Antioch, Ill.",,
Tyler Cerny,Indiana,2025,74,205,R,R,Jr.,"Greenwood, Ind.",,
Jake Stadler,Indiana,2025,73,215,L,R,R-Sr.,"Greenfield, Ind.",,
Josh Pyne,Indiana,2025,72,195,R,R,Sr.,"Bloomfield, Ind.",,
Will Moore,Indiana,2025,69,170,L,R,Fr.,"Paris, Ontario",,
Hogan Denny,Indiana,2025,72,215,R,R,Fr.,"Mooresville, Ind.",,
Andrew Wiggins,Indiana,2025,76,225,L,R,So.,"Indianapolis, Ind.",,
Brayton Thomas,Indiana,2025,77,220,L,L,Fr.,"Fort Wayne, Ind.",,
Cooper Malamazian,Indiana,2025,74,185,R,R,Fr.,"Clarendon Hills, Ill.",,
Anthony Gubitosi,Indiana,2025,71,192,L,L,Jr.,"Freehold, N.J.",,
Ben Grable,Indiana,2025,76,215,R,R,Gr.,"Pasadena, Calif.",,
Grant Holderfield,Indiana,2025,75,220,L,L,R-Jr.,"Oak Park, Ill.",,
Cole Decker,Indiana,2025,71,185,L,R,Fr.,"Evansville, Ind.",,
Korbyn Dickerson,Indiana,2025,73,205,R,R,R-So.,"Jeffersonville, Ind.",,
Jacob Vogel,Indiana,2025,79,250,R,R,R-So.,"North Vernon, Ind.",,
Joey Brenczewski,Indiana,2025,75,195,S,R,R-So.,"Fishers, Ind.",,
Drew Buhr,Indiana,2025,73,205,L,R,Gr.+,"Austin, Ind.",,
Seth Benes,Indiana,2025,74,210,R,R,So.,"O'Fallon, Mo.",,
Clayton Weisheit,Indiana,2025,78,235,R,R,So.,"Jasper, Ind.",,
Matthew Bohnert,Indiana,2025,68,187,L,L,R-Sr.,Cave Creek. Ariz.,,
Ryan Kraft,Indiana,2025,76,220,L,L,Sr.,"Mokena, Ill.",,
Ryan Rushing,Indiana,2025,70,190,L,L,So.,"Bradenton, Fla.",,
Henry Brummel,Indiana,2025,77,210,R,R,Fr.,"Pontiac, Ill.",,
Cole Gilley,Indiana,2025,73,205,R,R,R-Sr.,"Columbus, Ind.",,
Trey Telfer,Indiana,2025,73,185,R,R,Fr.,"San Diego, Calif.",,
Jake Hanley,Indiana,2025,78,235,L,R,Fr.,"Mason, Ohio",,
Evan O'Neill,Indiana,2025,76,220,R,R,R-Fr.,"Alpharetta, Ga.",,
Micah Vessely,Indiana,2025,73,185,R,R,Fr.,"Greenwood, Ind.",,
Ryan Gilbert,Indiana,2025,77,235,R,R,R-So.,"Cleveland, Ohio",,
Jackson Yarberry,Indiana,2025,75,225,R,R,So.,"Lake St. Louis, Mo.",,
Michael Lorenzetti,Indiana,2025,80,225,R,R,Jr.,"Bristol, Conn.",,
Gavin Seebold,Indiana,2025,74,205,R,R,R-Sr.,"Jeffersonville, Ind.",,
Deron Swanson,Indiana,2025,75,195,L,L,Sr.,"Fort Wayne, Ind.",,
Brayden Ricketts,Indiana,2025,74,205,L,R,Fr.,"Brampton, Ontario",,
Caleb Koskie,Indiana,2025,72,185,R,L,Fr.,"Excelsior, Minn.",,
Will Eldridge,Indiana,2025,76,210,R,R,Jr.,"Flora, Ind.",,
Pete Haas,Indiana,2025,72,195,R,R,R-Jr.,"Hancock, N.H.",,
Aydan Decker-Petty,Indiana,2025,77,205,R,R,Jr.,"New Castle, Ind.",,
Caleb Johnson,Jacksonville State,2025,74,190,S,R,Jr.,"Phenix City, Ala.",Central-Phenix City HS,
Cooper Blauser,Jacksonville State,2025,73,185,R,R,R-So.,"Alpharetta, Ga.",,Clemson
Rob Gordon,Jacksonville State,2025,73,180,R,R,R-Jr.,"Mableton, Ga.",,Chipola CC
Jaxon Pate,Jacksonville State,2025,71,180,L,R,Fr.,"Calhoun, Ga.",Sonoraville HS,
Hudson Walburn,Jacksonville State,2025,71,185,R,R,So.,"Vestavia Hills, Ala.",Vestavia Hills HS,
Ace Williamson,Jacksonville State,2025,73,180,L,R,Jr.,"Carrollton, Ga.",,Southern Union CC
Brady Thomas,Jacksonville State,2025,77,215,L,R,Jr.,"Brandon, Miss.",,Jones College
Sam Silas,Jacksonville State,2025,72,195,R,R,So.,"Holtville, Ala.",Holtville HS,
Colton Hegwood,Jacksonville State,2025,72,170,L,R,R-Jr.,"Brandon, Miss.",,Jones College
Grayson Ashe,Jacksonville State,2025,72,188,R,R,R-So.,"Montgomery, Ala.",,Wallace State CC
Steven Cash,Jacksonville State,2025,73,190,R,L,Jr.,"Centreville, Ala.",,Louisiana
Gabe Young,Jacksonville State,2025,72,195,L,L,So.,"Mountain Brook, Ala.",Mountain Brook HS,
Drew Collins,Jacksonville State,2025,74,185,L,R,Sr.,"Oregon, Ohio",Oregon Clay HS,Oakland University
Trey Majette,Jacksonville State,2025,74,180,S,L,Fr.,"Lawrenceville, Ga.",,Peachtree Ridge HS
Carson Hornung,Jacksonville State,2025,75,220,L,R,Sr.,"Overland Park, Kan.",,South Carolina
Grayson Knight,Jacksonville State,2025,76,230,R,R,Jr.,"Westfield, Ind.",,Indiana Wesleyan
Cade Miles,Jacksonville State,2025,72,195,L,R,Fr.,"Decatur, Ala.",,Hartselle HS
Trevor Caldwell,Jacksonville State,2025,72,215,L,L,Jr.,"Rockmart, Ga.",,Polk State CC
Jackson Phipps,Jacksonville State,2025,76,225,L,L,Jr.,"Dallas, Ga.",,South Carolina
Rashad Robinson,Jacksonville State,2025,70,175,R,R,Jr.,"Mobile, Ala.",,Bishop State CC
Zander Buchan,Jacksonville State,2025,70,200,S,R,Jr.,"Columbia, S.C.",,Chipola CC
Ryan Geraghty,Jacksonville State,2025,73,200,R,R,So.,"Mundelein, Ill.",,Wichita State
Austin Williamson,Jacksonville State,2025,76,225,R,R,Jr.,"Sherrills Ford, N.C.",,South Carolina
Alex Pipes,Jacksonville State,2025,75,180,R,R,R-Jr.,"St. Charles, Mo.",Francis Howell HS,Parkland College
Brice Deaton,Jacksonville State,2025,76,215,R,R,Jr.,"Pontotoc, Miss.",,Jones College
Owen Arndt,Jacksonville State,2025,75,195,R,R,Jr.,"Lewisburg, Pa.",,Lackawanna CC
Wade Mann,Jacksonville State,2025,73,195,L,L,Fr.,"Kearney, Mo.",,St. Pius X HS
Payton Mansfield,Jacksonville State,2025,75,225,R,R,Jr.,"Chapin, Ill.",,John Wood CC
Ryan Vermillion,Jacksonville State,2025,73,175,R,R,So.,"Vestavia Hills, Ala.",Vestavia Hills HS,
Michael Daniel,Jacksonville State,2025,74,180,R,R,Fr.,"Auburn, Ala.",,Auburn HS
Karson Bonaparte,Jacksonville State,2025,72,225,R,R,Jr.,"Lincoln, Ill.",,Walters State CC
Jaxson Davis,Jacksonville State,2025,76,230,R,R,Jr.,"Winchester, Ky.",,John A. Logan CC
Maddox McDougall,Jacksonville State,2025,72,180,R,R,Fr.,Wesley Chapel. Fla.,,Wiregrass Ranch HS
Brody Swindle,Jacksonville State,2025,72,175,L,L,Jr.,"Fairhope, Ala.",,Mississippi Gulf Coast CC
Joe Scarborough,Jacksonville State,2025,75,200,L,R,Jr.,"Pascagoula, Miss.",,East Mississippi CC
Connor Brooks,Jacksonville State,2025,72,203,R,R,Jr.,"Brandon, Miss.",,Jones College
Jackson Sleeper,Jacksonville State,2025,79,225,R,R,Jr.,"Franklin, Tenn.",Grace Christian Academy,Christian Brothers
Matthew Cash,Jacksonville State,2025,72,205,L,R,Fr.,"Centreville, Ala.",,Bibb County HS
James Wilson,Jacksonville State,2025,76,225,R,R,R-So.,"Toronto, Canada",,Gulf Coast State CC
Fisher Cantrell,Jacksonville State,2025,77,185,R,R,Fr.,"Shiloh, Ga.",,Harris County HS
Dee Kennedy,Kansas State,2025,71,180,,,,"Fort Worth, Texas",,
Cadyn Karl,Kansas State,2025,76,200,,,,"Edmond, Okla.",,
Bear Madliak,Kansas State,2025,70,210,,,,"Carrollton, Ga.",,
Sam Flores,Kansas State,2025,73,220,,,,"Lufkin, Texas",,
Shintaro Inoue,Kansas State,2025,68,190,,,,"Yamaguchi, Japan",,
Mason Buss,Kansas State,2025,73,190,,,,"Pewaukee, Wis.",,
AJ Evasco,Kansas State,2025,78,220,,,,"Lincoln, Neb.",,
Nick English,Kansas State,2025,72,190,,,,"Olathe, Kan.",,
Donte Lewis,Kansas State,2025,72,185,,,,"Pearland, Texas",,
Blake Dean,Kansas State,2025,73,195,,,,"Acworth, Ga.",,
Maximus Martin,Kansas State,2025,72,190,,,,"Edgewater Park, N.J.",,
Cayden Phillips,Kansas State,2025,76,205,,,,"Amarillo, Texas",,
Cole Wisenbaker,Kansas State,2025,76,190,,,,"Houston, Texas",,
Micah Dean,Kansas State,2025,73,190,,,,"Richmond, Texas",,
Kyan Lodice,Kansas State,2025,75,210,,,,"Omaha, Neb.",,
Keegan O'Connor,Kansas State,2025,72,215,,,,"Andover, Mass.",,
Carson Liggett,Kansas State,2025,74,225,,,,"Overland Park, Kan.",,
Tazwell Butler,Kansas State,2025,72,210,,,,"Sandy Springs, Ga.",,
Ty Ruhl,Kansas State,2025,76,225,,,,"Cairo, Neb.",,
Seth Dardar,Kansas State,2025,74,220,,,,"Mandeville, La.",,
Rohan Putz,Kansas State,2025,69,160,,,,"Loch Lloyd, Mo.",,
Micah Henson,Kansas State,2025,75,210,,,,"Raymore, Mo.",,
Brady Stuewe,Kansas State,2025,76,215,,,,"Topeka, Kan.",,
Michael Quevedo,Kansas State,2025,71,215,,,,"Katy, Texas",,
Ben Rosin,Kansas State,2025,77,225,,,,"Shoreview, Minn.",,
Gage Ilges,Kansas State,2025,72,195,,,,"Overland Park, Kan.",,
Jonah Reich,Kansas State,2025,75,220,,,,"Kamuela, Hawaii",,
James Guyette,Kansas State,2025,75,220,,,,"Newbury Park, Calif.",,
Ty Smolinski,Kansas State,2025,73,200,,,,"Gretna, Neb.",,
Andrew Evans,Kansas State,2025,78,235,,,,"Olathe, Kan.",,
Brody Roe,Kansas State,2025,75,190,,,,"Stillwater, Okla.",,
Miles Smith,Kansas State,2025,72,180,,,,"Flintville, Tenn.",,
Adam Arther,Kansas State,2025,76,175,,,,"Altadena, Calif.",,
Nolan Buss,Kansas State,2025,72,210,,,,"Pewaukee, Wis.",,
David Bishop,Kansas State,2025,76,215,,,,"Marietta, Ga.",,
Jacob Frost,Kansas State,2025,76,230,,,,"St. Louis, Mo.",,
Ethan Giesbrecht,Kansas State,2025,75,190,,,,"Altona, Manitoba, Canada",,
Lincoln Sheffield,Kansas State,2025,73,225,,,,"Flowood, Miss.",,
Chandler Murray,Kansas State,2025,77,215,,,,"Honolulu, Hawaii",,
Tanner Duke,Kansas State,2025,74,180,,,,"Ladera Ranch, Calif.",,
Scott Rienguette,Kansas State,2025,70,180,,,,"Sudbury, Ontario, Canada",,
JJ Slack,Kansas State,2025,70,190,,,,"Liberty, Texas",,
Andres Balart,Keiser,2025,68,158,L,L,,"Miami, Fla.",Florida Christian,
Gavin Baird,Keiser,2025,69,183,R,L,,"Angleton, Tx.",Angleton HS,
Jeremy Garcia,Keiser,2025,70,170,R,L,,"San Juan, Puerto Rico",Harmony,
Landon Lowe,Keiser,2025,70,175,R,R,,"Key West, Fla.",Key West HS,
Reese Collins,Keiser,2025,69,164,R,R,,"Lakeland, Fla.",Lakeland Christian School,
Elian Collado,Keiser,2025,70,147,R,R,,"New Britain, Conn.",New Britain,
Cole Elkins,Keiser,2025,74,200,L,L,,"Fort Wayne, Ind.",Homestead,
Dylan Symonds,Keiser,2025,68,195,R,R,,"Wellington, Fla.",Oxbridge Academy,
Cole Glassburn,Keiser,2025,73,180,R,R,,"Hopkinton, Mass.",Hopkinton HS,
Matthew Nichols,Keiser,2025,71,190,R,L,,"Pratville, Ala.",Prattville HS,
Palmer Hutchison,Keiser,2025,75,195,R,R,,"Hays, Kan.",Hays HS,
Nathan Betances,Keiser,2025,73,175,R,R,,"Harverstraw, NY",North Rockland HS,
CJ Robertson,Keiser,2025,74,192,L,L,,"Montgomery, Ala.",Heritage HS,
Edbarry Guzman,Keiser,2025,71,,R,L,,"Orlando, Fla.",Saginaw,
Jonathan Amonica,Keiser,2025,74,210,R,R,,"Greenacres, Fla.",Suncoast Community,
Zack Robinson,Keiser,2025,75,210,R,R,,"Palm Beach Gardens, Fla.",William T. Dwyer,
Tanner Goswick,Keiser,2025,71,185,R,R,,"Tampa, Fla.",East Lake HS,
Garrett Brogdon,Keiser,2025,75,220,R,R,,"Cypress, Tx.",Cypress Woods,
Alex Billo,Keiser,2025,73,218,R,R,,"Winter Haven, Fla.",Winter Haven HS,
Logan Butler,Keiser,2025,72,170,R,R,,"Palm Beach Gardens, Fla.",Palm Beach Gardens HS,
Carson Hawkes,Keiser,2025,73,220,R,R,,"Orem, Utah",Timpanogos HS,
Alexander Rivera,Keiser,2025,77,205,R,R,,"San Huan, Puerto Rico",Academia,
Andrew Almendarez,Keiser,2025,70,176,R,R,,"Houston, Texas",Klein Cain HS,
Jake Billings,Keiser,2025,74,195,L,L,,"Fort Myers, Fla.",Island Coast High School,
Gino Bellantoni,Keiser,2025,72,205,R,L,,"Boynton Beach, Fla.",Boca Christian,
Quinten Romo,Keiser,2025,74,190,R,R,,"Royal Palm Beach, Fla.",Royal Palm Beach,
Jake Molloy,Keiser,2025,76,205,R,R,,"Boynton Beach, Fla.",Somerset Academy,
Simon Grinberg,Keiser,2025,71,185,R,L,,"Kitchener, Ontario",St. Mary's,
Zayvier Beachy,Keiser,2025,74,218,R,R,,"Plain City, Ohio",Jonathan Alder HS,
Tyler Ziemak,Keiser,2025,72,195,R,R,,"Boynton Beach, Fla.",Somerset,
Noah Eatman,Keiser,2025,73,207,R,R,,"Parrish, Fla.",Parrish,
Bastyan Hernandez,Keiser,2025,69,195,L,L,,"Miami, Fla.",Elite Squad Academy,
AJ Falciglia,Keiser,2025,74,247,R,R,,"Bronx, NY",Archishop Stepinac,
Duke Coborn,Keiser,2025,75,210,R,R,,"North St. Paul, Minn.",St. Thomas Academy,
Kyle Keyes,Keiser,2025,72,193,R,R,,"Sandy, Utah",Bingham HS,
Alex Getz,Keiser,2025,71,215,R,R,,"Merrit Island, Fla.",Merritt Island HS,
Truman Roper,King,2025,69,160,R,R,Sr.,"Greenville, S.C.",Riverside HS,
Jaylon Woodley,King,2025,68,175,R,R,Jr.,"Courtland, Va.",Fayetteville Technical CC,
Kale Richardson,King,2025,75,205,R,R,Jr.,"Danville, Va.",Carlisle School,
Jose Ruiz,King,2025,64,155,R,R,Fr.,"Chesapeake, Va.",Deep Creek HS,
Rohde Kirkland,King,2025,74,180,L,L,Jr.,"Maryville, Tenn.",William Blount HS,
Michael Starrs,King,2025,72,185,R,R,Sr.,"Indian Trial, N.C.",Fayetteville Technical CC,
Patrick Corley,King,2025,72,170,R,R,Jr.,"Satellite Beach, Fla.",Melbourne Central Catholic,
Josh Nuno,King,2025,71,205,L,R,Sr.,"San Jose, Calif.",Antelope Valley College,
Conner Hyatt,King,2025,72,190,R,R,Sr.,"Johnson City, Tenn.",Science Hill HS,
Joe Uribe,King,2025,73,190,R,R,Sr.,"Palmdale, Calif.",Antelope Valley College,
Alec Aguilar,King,2025,72,160,R,R,Jr.,"Virginia Beach, Va.",First Colonial HS,
Nathan Borchardt,King,2025,72,200,L,R,So.,"Stanley, N.C.",East Lincoln HS,
Levi Medford,King,2025,71,185,R,R,Sr.,"Canton, N.C.",Pisgah HS,
Cole Pletcher,King,2025,73,185,R,R,Sr.,"Kannapolis, N.C.",Fayetteville Technical CC,
Mitchell Kahlenberg,King,2025,74,185,L,R,Jr.,"Waxhaw, N.C.",Cuthbertson HS,
Daniel Hicks,King,2025,72,205,R,R,Sr.,"Bristol, Tenn.",Rhodes College,
Jacob Eargle,King,2025,72,180,S,R,Jr.,"Chattanooga, Tenn.",Notre Dame HS,
Jaxon Horn,King,2025,70,180,R,R,So.,"Lebanon, Va.",Honaker HS,
Joseph Armstrong,King,2025,74,225,S,L,Jr.,"Johnson City, Tenn.",Southwest Virginia CC,
Jonathan Webster,King,2025,70,210,R,R,Jr.,"Strawberry Plains, Tenn.",Motlow State CC,
Austin Goldie,King,2025,69,185,R,R,Jr.,"Church Hill, Tenn.",Volunteer HS,
Joe Amunategui III,King,2025,73,205,R,R,Fr.,"Merritt Island, Fla.",Cocoa Beach Senior HS,
Carson Whaley,King,2025,74,155,L,L,Sr.,"Chuckey, Tenn.",North Greene HS,
Tanner Hunley,King,2025,73,170,R,R,Sr.,"Apex, N.C.",Middle Creek HS,
Ben Hale,King,2025,77,253,R,R,Fr.,"Cedar Bluff, Va.",Richlands HS,
Jacob Raguini,King,2025,73,200,R,R,Sr.,"Virginia Beach, Va.",Bayside HS,
Connor Haynes,King,2025,72,170,L,L,Fr.,"Church Hill, Tenn.",Volunteer HS,
Seed Allred,King,2025,69,190,R,R,Fr.,"Snow Camp, N.C.",Eastern Guilford HS,
Turner Stout,King,2025,73,205,R,L,So.,"Kingsport, Tenn.",Dobyns-Bennett HS,
Owen Ambrose,King,2025,72,160,R,R,So.,"Fredericksburg, Va.",Fredericksburg Christian School,
Caleb Green,King,2025,70,185,R,R,Sr.,"Channahon, Ill.",Sauk valley CC,
Aedan Sanders,King,2025,77,203,R,R,Fr.,"Nokesville, Va.",Homeschool,
Carson Mosier,King,2025,67,160,R,R,So.,"Jonesborough, Tenn.",David Crockett HS,
Spencer Skidmore,King,2025,72,160,L,R,So.,"Athens, Tenn.",McMinn Central HS,
Corbin Dickenson,King,2025,75,170,R,R,So.,"Piney Flats, Tenn.",Sullivan East HS,
Scott LaMountain,King,2025,72,215,L,R,Fr.,"Keeseville, N.Y.",Ausable Valley HS,
Ryan Theobald,King,2025,68,145,R,R,So.,"Knoxville, Tenn.",Knoxville Catholic HS,
Jack Judd,King,2025,76,182,R,R,Fr.,"Knoxville, Tenn.",Knoxville Catholic HS,
54/53 Royal Philo,King,2025,72,160,R,R,Sr.,"Louisville, Tenn.",Knoxville West HS,
Jared Graham,King,2025,74,165,R,R,Jr.,"Bristol, Tenn.",Southwest Virginia CC,
Jake Witcher,King,2025,67,140,R,R,So.,"Bristol, Tenn.",Sullivan East HS,
Jonathan Beach,King,2025,72,160,R,R,So.,"Bristol, Tenn.",Sullivan East HS,
Jacob Castro,La Verne,2025,69,140,,,So.,"Jurupa Valley, CA",Colony,
Justin McFadden,La Verne,2025,72,205,,,Jr.,"Rancho Cucamonga, CA",Damien,
Benny Vogel,La Verne,2025,69,180,,,Sr.,"Villa Park, CA",Villa Park,
Christian Takahashi,La Verne,2025,67,150,,,So.,"Chino Hills, CA",Chino Hills,
Aaron Whobrey,La Verne,2025,72,170,,,Jr.,"Rancho Cucamonga, CA",Rancho Cucamonga,
Nathan Perry,La Verne,2025,72,200,,,Jr.,"Irvine, CA",Woodbridge,
Jake Globerman,La Verne,2025,70,165,,,So.,"Ventura, CA",Ventura,
Corbin Duffield,La Verne,2025,71,180,,,Fr.,"La Verne, CA",Bonita,
Daniel Moreno,La Verne,2025,68,185,,,Jr.,"Rancho Cucamonga, CA",Los Osos,
Malachi Francois,La Verne,2025,72,205,,,Sr.,"Alameda, CA",St. Joseph Notre Dame,
Jake Ledford,La Verne,2025,69,155,,,So.,"Murrieta, CA",Vista Murrieta,
Jordan Mansfield,La Verne,2025,70,195,,,Fr.,"San Diego, CA",Granite Hills,
Matt Rice,La Verne,2025,69,170,,,Sr.,"Baldwin Park, CA",San Dimas,
Garret Halbeisen,La Verne,2025,72,190,,,Sr.,"Rancho Cucamonga, CA",Alta Loma,
Logan Corthell,La Verne,2025,76,215,,,Sr.,"La Verne, CA",Bonita,
Isaac Barrales,La Verne,2025,72,185,,,Fr.,Villa Park,Villa Park,
Matthew Diaz,La Verne,2025,71,190,,,Sr.,"Rancho Cucamonga, CA",Los Osos,
Hide Miyata,La Verne,2025,67,180,,,So.,"Okegawa, Japan",Hoshino,
Jordan Garrison,La Verne,2025,71,140,,,Fr.,"La Verne, CA",Glendora,
Gabriel Lucero,La Verne,2025,72,190,,,Jr.,"Anaheim, CA",Western,
Jason Givens,La Verne,2025,70,195,,,Sr.,"Santa Fe Springs, CA",Santa Fe,
Nolan Anguiano,La Verne,2025,71,190,,,Sr.,"Whittier, CA",Mater Dei,
Caughlin Shults,La Verne,2025,73,200,,,Jr.,"Grants Pass, OR",Hidden Valley,
Noah Garcia,La Verne,2025,75,220,,,Sr.,"Danville, CA",San Ramon Valley,
Kyle Noell,La Verne,2025,80,210,,,Sr.,"Monrovia, CA",Monrovia,
Jacob Fox,La Verne,2025,73,280,,,Jr.,"Ontario, CA",Roosevelt,
RJ Libby,La Verne,2025,69,180,,,Fr.,"Granada Hills, CA",Cleveland,
Isaiah Figueroa,La Verne,2025,73,230,,,Fr.,"Chino, CA",Don Lugo,
Aidan Salcedo,La Verne,2025,70,180,,,Jr.,"Murrieta, CA",Murrieta Mesa,
Jake Hernandez,La Verne,2025,69,175,,,Jr.,"Diamond Bar, CA",Bishop Amat,
James Moya,La Verne,2025,69,180,,,So.,"Chino, CA",Don Lugo,
Wesley Bragg,La Verne,2025,72,196,,,Fr.,"Mureita, CA",Vista Murrieta,
Mikey Rogozik,La Verne,2025,69,179,,,So.,"Santa Clarita, CA",Hart,
Justin Ries,La Verne,2025,78,185,,,So.,"Upland, CA",Damien,
Matthew DesMarets,La Verne,2025,75,235,,,Sr.,"Glendora, CA",San Dimas,
Andrew Wente,La Verne,2025,72,175,,,Fr.,Bemuda Dunes,Xavier College Prep,
Lucas Quintana,La Verne,2025,70,185,,,Fr.,"Pomona, CA",Pomona,
Daniel Summers,La Verne,2025,76,200,,,Fr.,"Redlands, CA",Redlands East Valley,
Ethan Galindo,La Verne,2025,68,173,,,Sr.,"Baldwin Park, CA",Northview,
Logan Reese,La Verne,2025,76,195,,,Sr.,"Palmdale, CA",Paraclete,
Cole Monsen,La Verne,2025,70,160,,,Jr.,"Rancho Cucamonga, CA",Los Osos,
Ryan Vosika,La Verne,2025,70,170,,,Jr.,"Corona, CA",Corona,
Tyler Lokar,La Verne,2025,70,189,,,Sr.,"Covina, CA",Covina,
Morgan Patito,La Verne,2025,77,235,,,Jr.,"Jurupa Valley, CA",Arlington,
Austin Klopfenstein,La Verne,2025,76,200,,,Gr.,"Palm Springs, CA",Desert Christian Academy,
Jaden Guzman,La Verne,2025,71,195,,,Jr.,"Arcadia, CA",La Salle,
Jorge Fragoso,LaGrange,2025,68,180,L,L,Sr.,"East Point, Ga.",Landmark Christian,
Adam Dorn,LaGrange,2025,72,185,R,R,Sr.,"Canton, Ga.",Cherokee,
Jackson McElvy,LaGrange,2025,68,175,R,R,Jr.,"Kennesaw, Ga.",Allatoona,
Noah Preuer,LaGrange,2025,74,175,L,R,Sr.,"Peachtree City, Ga.",Starrs Mill,
Fletcher Hislop,LaGrange,2025,71,180,R,R,So.,"St. Petersberg, Fla.",St. Petersberg,
Caden Turrell,LaGrange,2025,71,190,L,L,Jr.,"Apalachicola, Fla.",Port St. Joe,Enterprise State CC
Evan Graham,LaGrange,2025,73,205,R,R,Jr.,"Roswell, Ga.",Blessed Trinity,
Caden Hare,LaGrange,2025,70,155,R,R,Sr.,"Phenix City, Ala.",Smith Station,Central Alabama CC
Colin Jones,LaGrange,2025,74,210,R,R,Jr.,"Duluth, Ga.",Duluth,Barton College
Cooper Wright,LaGrange,2025,72,170,L,L,Fr.,"Lakeland, Fla.",Mulberry,
Carson Burgamy,LaGrange,2025,69,190,R,R,Jr.,"Woodstock, Ga.",River Ridge,
Hunter Garcia,LaGrange,2025,72,175,R,R,Sr.,"Talladega, Ala.",Moody,Wallace State CC- Hanceville
Keller Morey,LaGrange,2025,73,175,L,L,Fr.,"Lynchburg, Tn.",Moore County,
Matthew Bilbo,LaGrange,2025,67,185,R,R,Jr.,Bremen,Bremen,Wallace Selma CC
Hunter Brooks,LaGrange,2025,74,215,R,R,Jr.,"Gainsville, Ga.",North Hall,Virginia-Wise
Evan Jackson,LaGrange,2025,71,185,R,R,So.,"Newnan, Ga.",Heritage School,Seminole State College
JJ Howe,LaGrange,2025,73,170,R,R,Fr.,"Bonaire, Ga.",Veterans,
Eli Selby,LaGrange,2025,69,185,L,R,Sr.,"Horn Lake, Miss.",Magnolia Heights,Rhodes College
Eli Folds,LaGrange,2025,70,195,R,R,Jr.,"Cullman, Ala.",West Point,
Riley George,LaGrange,2025,71,160,R,R,Sr.,"Knoxville, Tenn.",The Webb School,Chattanooga State CC
Curt Bonner,LaGrange,2025,68,180,R,R,Jr.,"Cartersville, Ga.",Cartersville,
Nicholas Ford,LaGrange,2025,74,215,R,R,So.,"Canton, Ga.",Blessed Trinity,Gadsen State CC
David Smigelski,LaGrange,2025,70,190,R,R,Sr.,"Canton, Ga.",Woodstock,
Colby Zinser,LaGrange,2025,71,205,R,R,So.,"Crawfordville, Fla.",Wakulla,
Nick Morgan,LaGrange,2025,73,190,R,R,Sr.,"Cataula, Ga.",Harris County,West Georgia
Chandler Walker,LaGrange,2025,69,160,R,R,So.,"Fortson, Ga.",Calvary Christian,Albany State
Bryce Stephens,LaGrange,2025,69,160,R,R,Jr.,"Tifton, Ga.",Tift County,Enterprise State CC
Carson Royal,LaGrange,2025,71,195,R,R,So.,"Winder, Ga.",Winder-Barrow,
Erick Rodriguez,LaGrange,2025,72,175,R,R,Fr.,"Lilburn, Ga.",Parkview,
Ben Hollenbeck,LaGrange,2025,68,175,R,R,So.,"Newnan, Ga.",East Coweta,
Eduardo Peralta,LaGrange,2025,70,170,L,L,Jr.,"David, Chiriqui, Panama",Colegio San Agustin de David,
Nash Evans,LaGrange,2025,74,230,R,R,Sr.,"Ariton, Ala.",Ariton,Enterprise State CC
Brett Gwinn,LaGrange,2025,78,245,,,Sr.,"Lutz, Fla.",Land O' Lakes,Tallahassee State CC
Andrew Scott,LaGrange,2025,75,245,R,R,So.,"Fayetteville, Ga.",Starrs Mill,
Logan Willis,LaGrange,2025,72,195,L,L,So.,"Waverly Hall, Ga.",Harris County,
Josiah Chiesa,LaGrange,2025,74,200,R,R,Fr.,"Dalton, Ga.",Christian Heritage,
Tray Owens,LaGrange,2025,74,250,R,R,Sr.,"Franklin, Ga.",Heard County,ABAC
Benjamin Epperley,LaGrange,2025,72,200,R,R,Sr.,"Springfield, Ga.",St. Andrews,
Evan Lago,LaGrange,2025,71,180,L,R,Fr.,"Perry, Fla.",Madison County,
Jackson Harwell,LaGrange,2025,72,175,L,L,Fr.,"Cartersville, Ga.",Cartersville,
Trystin Merson,LaGrange,2025,72,185,R,R,So.,"Dallas, Ga.",Dominion Christian,
Connell White,LaGrange,2025,74,185,R,R,Fr.,"Carrollton, Ga.",Heard County,Arkansas State CC
Parker Copeland,LaGrange,2025,71,175,R,R,So.,"Madison, Fla.",Madison County,South Georgia State
Tanner Cochran,LaGrange,2025,69,190,R,R,Fr.,"Brooks, Ga.",Whitewater,
Chase Hammock,LaGrange,2025,72,205,L,L,Fr.,"Flowery Branch, Ga.",Flowery Branch,
Dylan LeMorta,LaGrange,2025,69,170,R,R,Fr.,"Oviedo, Fla.",Winter Springs,
Cole Lewis,LaGrange,2025,68,160,L,R,Fr.,"Grand Ridge, Fla.",Maclay School,
PJ Davis,LaGrange,2025,70,180,R,R,Fr.,"Live Oak, Fla.",Suwannee,
Anden Rady,LaGrange,2025,68,195,R,R,So.,"Key West, Fla.",Ramrod Key,
Ben Petrone,Lafayette,2025,72,185,L,R,Sr.,"Princeton, N.J.",Hun School,
Ethan Swidler,Lafayette,2025,73,200,R,R,Jr.,"San Diego, Calif.",Canyon Crest Academy,
Kaleb Willis,Lafayette,2025,68,183,R,R,Sr.,"Westampton, N.J.",Rancocas Valley,
Boden Fernsler,Lafayette,2025,74,195,R,R,Fr.,"Novi, Mich.",Novi,
Matt Colella,Lafayette,2025,70,175,R,R,So.,"Clifton, Va.",Centreville,
Luke Caucci,Lafayette,2025,69,175,R,R,So.,"Conshohocken, Pa.",Plymouth Whitemarsh,
Easton Brenner,Lafayette,2025,70,185,R,R,Sr.,"Houston, Texas",Lutheran South Academy,
Teddy Cashman,Lafayette,2025,71,170,L,R,So.,"New Canaan, Conn.",St. Luke's/Avon Old Farms,
Alex Barrist,Lafayette,2025,68,150,R,R,Fr.,"Newtown Square, Pa",Episcopal Academy,
Owen Basso,Lafayette,2025,72,180,R,R,So.,"Silver Spring, Md.",St. Albans/Dayton,
Jack Dawson,Lafayette,2025,74,195,R,R,So.,"Spring Lake, N.J.",Manasquan,
Bode Grieve,Lafayette,2025,75,210,R,R,Jr.,"La Jolla, Calif",Bishops School/Baylor/New Mexico State,
Trace Florio,Lafayette,2025,72,190,L,L,Jr.,"Norwalk, Conn.",Greens Farms Academy,
Charlie Chropuvka,Lafayette,2025,69,180,L,L,Jr.,"Red Bank, N.J.",Ranney,
Jeremiah Holder,Lafayette,2025,71,175,R,R,So.,"New Rochelle, N.Y.",New Rochelle,
Michael Zarrillo,Lafayette,2025,73,220,S,R,Sr.,"Atlanta, Ga.",Holy Innocents Episcopal,
Mike Romano,Lafayette,2025,70,185,R,R,Sr.,"Spring City, Pa",Devon Prep/DeSales,
Liam Ebbs,Lafayette,2025,74,205,L,L,Fr.,"Atlanta, Ga.",St. Pius X,
Ben Waterman,Lafayette,2025,74,190,R,R,So.,"Milton, Mass.",Milton Academy/Hamilton College,
Ryan Ulisse,Lafayette,2025,72,210,R,R,Jr.,"Columbus, N.J.",Holy Cross/Peddie School/Rider/Mercer County C.C.,
Jack Mislan,Lafayette,2025,72,225,R,R,Fr.,"Doylestown, Pa.",CB East,
Brandon Doubek,Lafayette,2025,72,205,R,R,So.,"Maplewood, N.J.",Columbia,
Nolan Feyereisen,Lafayette,2025,74,185,L,R,Fr.,"Lake Worth, Fla",King's Academy,
Tristan Helmick,Lafayette,2025,78,190,R,R,So.,"Fort Washington, Pa",La Salle,
Corey Savedoff,Lafayette,2025,73,205,R,R,Sr.,"New City, N.Y.",Clarkstown North/Rhode Island,
Alex Payne,Lafayette,2025,73,200,R,R,Fr.,"Warren, N.J.",Pingry School,
Trevor Dutra,Lafayette,2025,73,210,L,L,Sr.,"Port Chester, N.Y.",Iona Prep/Monroe College,
Patrick Walega,Lafayette,2025,73,190,R,R,Jr.,"Kinnelon, N.J.",Seton Hall Prep,
James Reese,Lafayette,2025,72,200,R,R,Jr.,"Mequon, Wis.",University School of Milwaukee,
Joe Skapinetz,Lafayette,2025,77,235,R,R,Sr.,"Far Hills, N.J.",Gil St. Bernards,
Kellen Moore,Lafayette,2025,77,210,R,R,Fr.,"Lawrenceville, N.J.",Lawrence,
Jack McMullen,Lafayette,2025,75,225,R,R,Sr.,"Chagrin Falls, Ohio",Chagrin Falls,
Antonio Correa,Lafayette,2025,73,195,L,L,Jr.,"Lighthouse Point, Fla.",Pine Crest Preparatory School,
Rob Dorn,Lafayette,2025,74,220,R,R,Jr.,"West Grove, Pa.",Avon Grove/UMBC,
Jonathan Decker,Lafayette,2025,75,215,R,R,Fr.,"Ridgefield, Conn.",King School/Hotchkiss School,
Dalton Brown,Lafayette,2025,80,220,L,L,Fr.,"Savannah, Ga.",Savannah Country Day,
Aidan Crochier,Lafayette,2025,76,215,R,R,Fr.,"Pittsburgh, Pa",Upper St. Clair,
Ryan Grace,Lafayette,2025,73,200,R,R,So.,"Orwigsburg, Pa",Blue Mountain,
John Milewski,Lafayette,2025,78,230,L,R,So.,"Framingham, Mass.",Belmont Hill,
Henry Rouch,Lafayette,2025,77,190,R,R,Fr.,"Evanston, Ill.",Evanston Township,
Trey Zaffiro,Lafayette,2025,75,195,L,R,Fr.,"Manhasset, N.Y.",Manhasset Secondary,
Cole Moore,Lafayette,2025,72,175,R,R,Jr.,"Burleson, Texas",Mansfield Legacy/Southern Arkansas,
Chase Rodgers,Lafayette,2025,73,190,R,R,So.,"Dana Point, Calif",Dana Hills,
Ali Hood,Lafayette,2025,74,175,R,R,Fr.,"Cos Cob, Conn.",Greens Farms Academy,
Tyler Kidwell,Lafayette,2025,73,200,R,R,So.,"Erdenheim, Pa.",Springside Chestnut Hill/Siena,
Will McClellan,Lander,2025,72,210,,,R-Jr.,"Anderson, S.C.",,Cresent HS
Oliver Zohn,Lander,2025,67,170,,,Sr.,"Raleigh, N.C.",,South Garner HS
Kael Snethen,Lander,2025,68,160,,,Sr.,"Rutherfordton, N.C.",,Cleveland County CC
Taichi Nakao,Lander,2025,68,175,,,Sr.,"Auckland, New Zealand",,Southeastern CC
Jackson Hoshour,Lander,2025,74,195,,,R-Sr.,"Sumter, S.C.",,Florence Darlington Tech
Dominic Puccetti,Lander,2025,77,210,,,Gr.,"Monroe, Mich.",,Lawrence Tech
Evan Demurias,Lander,2025,72,195,,,Sr.,"Miami, Fla.",,North Carolina A&T
Zach Cowart,Lander,2025,71,175,,,Jr.,"Lexington, S.C.",,North Greenville
Evan Wickeri,Lander,2025,72,175,,,Gr.,"Middleburg, Fla.",,Barry
Kyle Murphy,Lander,2025,72,200,,,Jr.,"Lake Worth, Fla.",,Elevate Academy
Garrett Chun,Lander,2025,68,180,,,Gr.,"Jacksonville, Fla.",,Bethune-Cookman
Lowndes Still,Lander,2025,70,185,,,R-So.,"Greenwood, S.C.",,Greenwood HS
Dalton Stroud,Lander,2025,73,175,,,Jr.,"Green Sea, S.C.",,Green Sea Floyds HS
Logan Kobis,Lander,2025,72,180,,,Sr.,"Branchville, N.J.",,Sussex CC
Matthew Slaton,Lander,2025,74,195,,,So.,"Pendleton, S.C.",,Pendleton HS
Ethan Barbee,Lander,2025,75,178,,,R-So.,"Anderson, S.C.",,Westside HS
Joshua Sanchez,Lander,2025,72,175,,,R-So.,"Pembroke Pines, Fla.",,Elite Squad Academy
Collin Sweeney,Lander,2025,73,190,,,R-So.,"Liberty Township, Ohio",,Lincoln Trail College
Kurt Rogers,Lander,2025,74,220,,,R-Jr.,"Westminster, S.C.",,West Oak HS
Michael Nastro,Lander,2025,72,185,,,Sr.,"Charleston, S.C.",,Wando HS
Ethan Califf,Lander,2025,75,165,,,So.,"Taylors, S.C.",,Wade Hampton HS
Tyler Overholt,Lander,2025,73,205,,,R-Jr.,"Abbeville, S.C.",,College of Charleston
Nolan Alexander,Lander,2025,74,190,,,Fr.,"Myrtle Beach, S.C.",,Carolina Forest HS
Jagger Jefferis,Lander,2025,71,195,,,R-Sr.,"Barnesville, Ohio",,USC Upstate
Adam Love,Lander,2025,73,190,,,R-Sr.,"Roswell, Ga.",,Georgia Highland College
Tyler Hall,Lander,2025,74,205,,,Gr.,"Charlotte, N.C.",,Florence Darlington Tech
Jake Larson,Lander,2025,72,175,,,So.,"Ponte Vedra, Fla.",,Nease HS
Bennett Sloper,Lander,2025,72,190,,,Sr.,"Simpsonville, S.C.",,Mauldin HS
Brody Winter,Lander,2025,74,195,,,Jr.,"Anderson, S.C.",,Newberry
Connor Droze,Lander,2025,73,220,,,Sr.,"Roebuck, S.C.",,Dorman HS
Anson Merrick,Lander,2025,72,180,,,Sr.,"Chapin, S.C",,Chapin HS
Caden Crews,Lander,2025,69,170,,,Jr.,"Jansen Beach, Fla.",,Palm Beach State
Derek Ruiz,Lander,2025,71,180,,,Jr.,"Port Huron, Mich.",,Maccomb CC
Jackson Bryant,Lander,2025,74,215,,,Gr.,"Anderson, S.C.",,T.L. Hanna HS
Grant Sherrod,Lander,2025,76,225,,,R-Sr.,"Sumner, Wash.",,USC Upstate
Luke Johnson,Lander,2025,72,210,,,R-Jr.,"Anderson, S.C.",,TL Hanna HS
Nate Winterhalter,Lander,2025,71,165,,,Fr.,"Venice, Fla.",,Venice Senior HS
Tyler Bowen,Lander,2025,72,195,,,Sr.,"Dagsboro, Del.",,Indian River HS
Cooper Backman,Lander,2025,72,165,,,Fr.,"Sarasota, Fla.",,Riverview HS
Caleb McKitrick,Lander,2025,68,150,,,Jr.,"Travelers Rest, S.C.",,Travelers Rest HS
Mason Salisbury,Lander,2025,70,175,,,Fr.,"Moncks Corner, S.C.",,Berkley HS
Jarren Metcalf,Lander,2025,68,155,,,So.,"Campobello, S.C.",,Chapman HS
Richie Cortese,Lander,2025,78,240,,,Sr.,"Laurel, Mont.",,Dickinson State University
Mario Lopez Jr.,Lander,2025,71,,,,R-Jr.,"Tampa, Fla.",,Nova Southeastern
Ryan Hansen,Lander,2025,69,180,,,Fr.,"St. Augustine, Fla.",,St. Augustine HS
Joseph Cavallaro,Lander,2025,70,175,,,Fr.,"Mooresville, N.C",,Lake Norman HS
Cole Bellinger,Lander,2025,70,190,,,Fr.,"Greer, S.C.",,Greer HS
Carter McCormick,Lander,2025,78,245,,,Fr.,"Boynton Beach, Fla.",,Elev8 Sports Institute
Noah McGarity,Lander,2025,70,190,,,Fr.,"Roebuck, S.C.",,Dorman HS
DuBose Rembert,Lander,2025,70,185,,,Fr.,"Sumter, S.C.",,
Sean Rouse,Lander,2025,73,210,,,Fr.,"Sumter, S.C.",,Sumter HS
Easton Workman,Lander,2025,71,165,,,Fr.,"Apopka, Fla.",,
Mike Whelehan,Le Moyne,2025,70,165,R,R,So.,"Hilton, N.Y.",Hilton,
Dominick Russ,Le Moyne,2025,74,200,L,R,Fr.,"Horseheads, N.Y.",Horseheads,
VJ Verni,Le Moyne,2025,66,145,L,R,Fr.,"Buffalo, N.Y.",Canisius,
Cooper Romich,Le Moyne,2025,70,195,R,R,So.,"North Chili, N.Y.",Churchville-Chili,
Chaz Anthony,Le Moyne,2025,69,190,R,R,So.,"Liverpool, N.Y.",Liverpool,
Benji Ries,Le Moyne,2025,72,205,R,R,Sr.,"Buffalo Grove, Ill.",Adlai E. Stevenson,
Adam Sullivan,Le Moyne,2025,73,195,L,R,Jr.,"Syracuse, N.Y.",Marcellus,
Paulie Goodness,Le Moyne,2025,70,175,R,R,Jr.,"Palmyra, N.Y.",Palmyra-Macedon,Finger Lakes Community College
James Musso,Le Moyne,2025,68,160,R,R,R-So.,"Auburn, N.Y.",Skaneateles,
Rowen Beattie,Le Moyne,2025,72,185,R,R,Fr.,"Pulaski, N.Y.",Pulaski,
Steven Freer,Le Moyne,2025,75,190,R,R,R-Jr.,"Kingston, N.Y.",Kingston,
Wyatt Patchett,Le Moyne,2025,76,235,R,R,Sr.,"Geneva, N.Y.",Geneva,
Max Parker,Le Moyne,2025,74,185,L,L,Gr.,"Manlius, N.Y.",Fayetteville-Manlius,
Derek Diaz,Le Moyne,2025,69,195,R,R,Fr.,"White Plains, N.Y.",Iona Prep,
Colin Skermont,Le Moyne,2025,72,200,L,L,Jr.,"Yorkville, N.Y.",Whitesboro,Herkimer College
Michael Pastrana,Le Moyne,2025,76,270,R,R,Fr.,"Montgomery, Ala.",Homeschooled,
Billy Canale,Le Moyne,2025,73,180,R,R,R-Fr.,"Niskayuna, N.Y.",Niskayuna,
AJ Petraitis,Le Moyne,2025,77,205,R,R,R-So.,"Kings Park, N.Y.",Kings Park,
Jack Cannon,Le Moyne,2025,75,215,R,L,So.,"Webster, N.Y.",Webster Schroeder,
Ethan Farina,Le Moyne,2025,71,175,R,R,So.,"Clifton Park, N.Y.",Shenendehowa,Saint Rose
Robert Wegrzyn,Le Moyne,2025,73,210,R,R,Fr.,"North Tonawanda, N.Y.",Niagara-Wheatfield,
Nathan Hiscox,Le Moyne,2025,74,190,R,R,Fr.,"Canton, Conn.",Canton,
Eric Swiencicki,Le Moyne,2025,72,195,R,R,R-So.,"Lancaster, N.Y.",St. Joseph's Collegiate Institute,
Landen Duprey,Le Moyne,2025,76,225,R,R,Fr.,"Morrisonville, N.Y.",Peru,
Tyler Campbell,Le Moyne,2025,72,195,R,R,Jr.,"Syracuse, N.Y.",Westhill,Onondaga C.C.
Jacob Crystal,Le Moyne,2025,74,210,L,L,Sr.,"Cicero, N.Y.",Cicero-North Syracuse,
Tim Denet,Le Moyne,2025,73,200,R,R,Fr.,"West Harrison, N.Y.",Iona Prep,
Luke Connors,Le Moyne,2025,73,205,R,R,Jr.,"Brampton, Ontario",Heart Lake,Monroe Community College
Max Danaher,Le Moyne,2025,76,190,L,L,So.,"Fayetteville, N.Y.",Fayetteville-Manlius,
Joel Connors,Le Moyne,2025,74,210,R,R,Gr.,"Brampton, Ontario",Heart Lake,Lakeland Community College/St. Andrews/St. Bonaventure
Billy Hoffacker,Le Moyne,2025,78,230,R,R,R-Sr.,"Erial, N.J.",Timber Creek,Rowan College of South Jersey
Mitchell Earle,Le Moyne,2025,75,185,R,R,Fr.,"Cortland, N.Y.",Homer,
Bobby Trigilio,Le Moyne,2025,74,235,R,R,So.,"Chicopee, Mass.",Pope Francis,
Bobby McBride,Le Moyne,2025,74,200,R,R,5th Yr,"Brewster, N.Y.",Brewster,UConn/Coastal Carolina
Christian Vanelli,Lebanon Valley,2025,67,150,R,R,So.,"Collegeville, Pa.",Perkiomen,
Spencer Butz,Lebanon Valley,2025,70,190,R,R,Jr.,"York, Pa.",York Suburban,
Ryan Murphy,Lebanon Valley,2025,70,190,R,R,Gr.,"Harrisburg, Pa.",Central Dauphin,
Ryan Schulman,Lebanon Valley,2025,69,175,L,R,So.,"Royal Palm Beach, Fla.",Palm Beach Central,
Kenny Palmieri,Lebanon Valley,2025,67,175,R,R,Jr.,"Royersford, Pa.",The Hill School,
Jaden Click,Lebanon Valley,2025,72,175,R,R,Jr.,"Mount Jackson, Va.",Stonewall Jackson,
Adam Jirik,Lebanon Valley,2025,71,190,R,R,So.,"Melbourne, Australia",Ballarat Clarendon College,
Joey Santora,Lebanon Valley,2025,72,170,R,R,So.,"Perkasie, Pa.",Pennridge,
Tony Bennage,Lebanon Valley,2025,69,180,R,R,Gr.,"Mifflinburg, Pa.",Mifflinburg,
Trey Dianna,Lebanon Valley,2025,71,180,R,R,So.,"Sinking Spring, Pa.",Conrad Weiser,
Duncan Weir,Lebanon Valley,2025,70,180,L,R,Sr.,"Northumberland, Pa.",Shikellamy,
Owen Berry,Lebanon Valley,2025,74,180,R,R,Jr.,"Cogan Station, Pa.",Williamsport Area,
Kyle McCracken,Lebanon Valley,2025,74,195,R,R,Jr.,"Street, Md.",John Carroll,
Nathan Clarke,Lebanon Valley,2025,70,175,R,R,So.,"Severna Park, Md.",Severna Park,
Hunter Williams,Lebanon Valley,2025,73,180,R,R,So.,"Mountville, Pa.",Hempfield,
Landon Sexton,Lebanon Valley,2025,70,175,R,R,FY,"Marietta, Pa.",Donegal,
Chris Langsdorf,Lebanon Valley,2025,71,185,R,R,Jr.,"Morris Plains, N.J.",Morristown,
Kody Phillips,Lebanon Valley,2025,70,210,R,R,FY,"Millersville, Md.",Severna Park,
Jace Fetterman,Lebanon Valley,2025,73,200,L,R,Sr.,"Carlisle, Pa.",Carlisle,
Tyler Satterfield,Lebanon Valley,2025,72,195,R,R,Jr.,"Wilmington, Del.",St. Mark's,
Andrew Spaan,Lebanon Valley,2025,73,200,R,R,Sr.,"Camp Hill, Pa.",Camp Hill,
Sam Dozier,Lebanon Valley,2025,77,240,R,R,Sr.,"Arlington, Va.",Washington & Lee,
Justin Ranker,Lebanon Valley,2025,71,195,R,R,Sr.,"York, Pa.",Eastern York,
Jeremy Tuz,Lebanon Valley,2025,69,205,R,R,Sr.,"Chalfont, Pa.",Central Bucks West,
Michael Williams,Lebanon Valley,2025,73,185,R,R,Gr.,"Port St. Lucie, Fla.",Port St. Lucie,
Carter Enders,Lebanon Valley,2025,72,185,R,R,FY,"Camp Hill, Pa.",Cedar Cliff,
Hayden Fravel,Lebanon Valley,2025,73,195,L,L,Jr.,"Strasburg, Va.",Strasburg,
Logan Brewer,Lebanon Valley,2025,74,240,L,R,Sr.,"Biglerville, Pa.",Biglerville,
Dakota Brodzina,Lebanon Valley,2025,75,200,R,R,So.,"Millheim, Pa.",Penns Valley Area,
Devin Kreger,Lebanon Valley,2025,69,240,R,R,So.,"Windber, Pa.",Forest Hills,
Parker Tarnoci,Lebanon Valley,2025,74,230,R,R,So.,"Camp Hill, Pa.",Cedar Cliff,
Jacob Detwiler,Lebanon Valley,2025,72,265,R,R,Jr.,"Martinsburg, Pa.",Central,
Cole Kingsbury,Lebanon Valley,2025,71,195,R,L,FY,"Sunderland, Md.",St. Mary's Ryken,
Gaven Schreier,Lebanon Valley,2025,72,180,R,R,FY,"Lebanon, Pa.",Cedar Crest,
Dylan Mennillo,Lebanon Valley,2025,67,155,R,R,So.,"Niskayuna, N.Y.",Niskayuna,
Ryan Thear,Lebanon Valley,2025,72,190,L,L,FY,"Middletown, Pa.",Middletown Area,
Kameron Wetzel,Lebanon Valley,2025,70,180,R,R,So.,"Hegins, Pa.",Tri-Valley,
Parker Raham,Lebanon Valley,2025,70,210,R,R,So.,"Scotch Plains, N.J.",Scotch Plains Fanwood,
Malachi Duka,Lebanon Valley,2025,72,200,R,R,Sr.,"Green Lane, Pa.",Upper Perkiomen,
Blair Shaffer,Lebanon Valley,2025,75,210,L,L,Gr.,"Lititz, Pa.",Warwick,
Jordy Polanco,Lebanon Valley,2025,71,210,R,R,So.,"Lebanon, Pa.",Lebanon,
Tyler Marley,Lebanon Valley,2025,69,185,R,R,So.,"Lititz, Pa.",Warwick,
Grayson Weidenhammer,Lebanon Valley,2025,74,190,R,R,FY,"Lewisberry, Pa.",Red Land,
Jonathan Klein,Lebanon Valley,2025,70,190,L,L,Jr.,"Bel Air, Md.",C. Milton Wright,
Cooper Isaacs,Lee,2025,70,170,,,So.,"Canton, Ga.",,Cherokee HS
Dylan Van Meeteren,Lee,2025,76,205,,,R-So.,"Indio, Calif.",,College of the Desert
JJ Williams,Lee,2025,71,190,,,R-Jr.,"Franklin, Tenn.",,Christ Presbyterian Academy
Luke Collier,Lee,2025,71,180,,,R-So.,"Asheville, N.C.",,Asheville Christian Academy
Josiah Miller,Lee,2025,73,195,,,R-Sr.,"Tallahassee, Fla.",,Coastal Alabama CC-North
Eric Boggess,Lee,2025,75,205,,,So.,"Ooltewah, Tenn.",,Silverdale Baptist Academy
Ashton Simmons,Lee,2025,72,175,,,Sr.,"Cleveland, Tenn.",,Bradley Central High School
Alex Brew,Lee,2025,72,160,,,Fr.,"Cleveland, Tenn.",,Bradley Central HS
Hayden Choate,Lee,2025,75,195,,,Fr.,"Chattanooga, Tenn.",,McCallie School
Samuel Crowell,Lee,2025,73,205,,,R-Fr.,"Fort Payne, Ala.",,Plainview HS
Braylon Hall,Lee,2025,74,165,,,Fr.,"Knoxville, Tenn.",,Farragut HS
David White,Lee,2025,74,210,,,Sr.,"Newnan, Ga.",,Georgia State University
Colt McKibben,Lee,2025,73,160,,,Jr.,"Cartersville, Ga.",,Cartersville HS
Isaiah French,Lee,2025,72,205,,,So.,"Maryville, Tenn.",,Maryville HS
Malachi Cloud,Lee,2025,70,185,,,R-So.,"Decatur, Ga.",,Lakeside High School
Gavin Baxter,Lee,2025,70,210,,,R-Jr.,"Clarksville, Tenn.",,Clarksville High School
Brock Sisson,Lee,2025,70,190,,,R-Jr.,"Helena, Ala.",,Helena High School
Ty Cobb,Lee,2025,74,195,,,R-Sr.,"Iron Station, N.C.",,Walters State CC
Matthew Stotts,Lee,2025,72,190,,,Fr.,"Ada, Mich.",,Forest Hills Eastern HS
Keilin Sanders,Lee,2025,68,170,,,Fr.,"Toccoa, Ga.",,Franklin County HS
Tucker Platt,Lee,2025,74,215,,,Gr.,"Logansport, Ind.",,IU-Kokomo
Levi Cloud,Lee,2025,73,195,,,Gr.,"Decatur, Ga.",,Berry College
Dakota Peace,Lee,2025,69,195,,,So.,"Cleveland, Tenn.",,Bradley Central HS
Braden Gabel,Lee,2025,68,160,,,Fr.,"Kennesaw, Ga.",,Mount Paran Christian School
Tim Gooden,Lee,2025,72,160,,,Sr.,"Helena, Ala.",,Helena High School
Cooper Casteel,Lee,2025,73,215,,,Jr.,"Cleveland, Tenn.",,Cleveland State CC
Seth Parker,Lee,2025,71,200,,,R-Jr.,"Seminole, Fla.",,Chattahoochee Valley CC
Nelson Smith,Lee,2025,79,220,,,R-Sr.,"Lehigh Acres, Fla.",,University of Arkansas-Little Rock
Ryan Valdes,Lee,2025,70,165,,,Fr.,"Miami, Fla.",,G. Holmes Braddock HS
Hunter Lane,Lee,2025,72,210,,,Gr.,"Madison, Ga.",,Chattahoochee Valley Community College
Landon Ward,Lee,2025,67,165,,,Fr.,"Gallatin, Tenn.",,Gallatin HS
Jax Howard,Lee,2025,77,235,,,Gr.,"Ooltewah, Tenn.",,Ooltewah High School
Evan Bloomer,Lee,2025,77,215,,,Fr.,"Collierville, Tenn.",,First Assembly Christian School
Matthew Delph,Lee,2025,75,215,,,Gr.,"Knoxville, Tenn.",,Lincoln Memorial University
Aiden Schwartz,Lee,2025,72,170,,,Fr.,"Smyrna, Tenn.",,Stewarts Creek HS
Cal Goss,Lee,2025,74,165,,,R-Fr.,"Cartersville, Ga.",,Cartersville High School
Taylor Hughes,Lee,2025,76,220,,,Fr.,"Soddy Daisy, Tenn.",,Soddy Daisy HS
Zachary Lawson,Lee,2025,75,215,,,So.,"Smyrna, Tenn.",,Stewarts Creek HS
Zach Tierney,Lee,2025,75,195,,,Fr.,"South Pittsburg, Tenn.",,South Pittsburg HS
Will Baker,Lee,2025,71,185,,,Gr.,"Mount Olive, Ala.",,Jacksonville State University
Cooper Doughman,Lee,2025,74,240,,,Gr.,"LaGrange, Ga.",,Auburn University Montgomery
Nathaneal Keeter,Lenoir-Rhyne,2025,69,160,,,Gr.,"Wilmington, NC",,Liberty University
Andrew Stillinger,Lenoir-Rhyne,2025,69,185,,,Jr.,"Niagara Falls, NY",Niagara-Wheatfield HS,Niagara County CC
Tyler Bradley,Lenoir-Rhyne,2025,73,190,,,Gr.,"Bessemer City, NC",,Caldwell CC / Emory & Henry
Gavin Marley,Lenoir-Rhyne,2025,73,195,,,R-So.,"Hickory, NC",St. Stephens HS,
Nathen Morris,Lenoir-Rhyne,2025,76,205,,,Gr.,"Stockton, CA",,San Joaquin Delta /Long Beach State
Mackenzie Wainwright,Lenoir-Rhyne,2025,74,230,,,So.,"Aurora, OH",,Salem University
Spencer Floyd,Lenoir-Rhyne,2025,73,180,,,Sr.,"Maiden, NC",Maiden HS,
Preston Drebes,Lenoir-Rhyne,2025,74,200,,,Jr.,"Creekmore, TN",Beech HS,Trevecca Nazarene University
Cole Stanford,Lenoir-Rhyne,2025,72,215,,,R-Sr.,"Ellerslie, GA",Harris County HS,Gordon State
Alex Khan,Lenoir-Rhyne,2025,74,190,,,Sr.,"Sykesville, MD",Calvert Hall College HS,Cleveland CC / West Virginia
Kyle Murphy,Lenoir-Rhyne,2025,74,220,,,Sr.,"Gainesville, GA",West Hall HS,Cleveland CC
William Girardi,Lenoir-Rhyne,2025,73,200,,,Sr.,"Danvers, IL",,Saddleback College / UNLV
Peyton Schofield,Lenoir-Rhyne,2025,74,185,,,Gr.,"Noblesville, IN",,Southeastern CC / Charleston Southern / Marshall
Cole Laskowski,Lenoir-Rhyne,2025,68,170,,,R-Sr.,"Lancaster, NY",St. Mary's HS,Niagara County CC
Owen Blackledge,Lenoir-Rhyne,2025,75,200,,,Sr.,"Canton, OH",Hoover HS,Texas Christian University
Kellen Gradisar,Lenoir-Rhyne,2025,72,160,,,So.,"Missouri City, TX",Ridge Point HS,
Caleb Cockerham,Lenoir-Rhyne,2025,68,180,,,Sr.,"Clemmons, NC",West Forsyth HS,
Alex Rich,Lenoir-Rhyne,2025,75,195,,,R-Sr.,"Longmont, CO",Silver Creek HS,Daytona State JC
Cole Bramhall,Lenoir-Rhyne,2025,75,185,,,R-Sr.,"Tucson, AZ",Cienega HS,New Mexico / Howard CC
Michael Logan,Lenoir-Rhyne,2025,76,205,,,Gr.,"Morganton, NC",,Caldwell CC / NC A&T
Matt Procopio,Lenoir-Rhyne,2025,73,190,,,Jr.,"Horseheads, NY",Horseheads HS,Niagara County CC
Walker Pedante,Lenoir-Rhyne,2025,74,180,,,Jr.,"Glen Allen, VA",,Caldwell CC
Carmine Poppiti,Lenoir-Rhyne,2025,76,235,,,Gr.,"Marydel, MD",,Tennessee Wesleyan/JMU
Caydon Laird,Lenoir-Rhyne,2025,73,195,,,R-Fr.,"Brownwood, TX",Early HS,
Mark Manuel,Lenoir-Rhyne,2025,72,195,,,Jr.,"Covina, CA",Covina HS,Pasadena CC
Joseph Mozingo,Lenoir-Rhyne,2025,73,215,,,Gr.,"Huntingtown, MD",Huntingtown Highschool/,USC-Aiken
Andrew Harlow,Lenoir-Rhyne,2025,74,215,,,Gr.,"Halifax, VA",,Patrick Henry CC / Marshall
Hogan Stallings,Lenoir-Rhyne,2025,77,250,,,R-Sr.,"Wake Forest, NC",Wake Forest HS,Gardner Webb
Trey Jensen,Lenoir-Rhyne,2025,74,185,,,R-Fr.,"Connelly Springs, NC",Jimmy C. Draughn HS,
Cade Miller,Lenoir-Rhyne,2025,70,195,,,R-So.,"Hickory, NC",Alexander Central HS,
Conor Linkfield,Lenoir-Rhyne,2025,73,205,,,R-So.,"Frisco, TX",Wakeland HS,Chattanooga State CC
Randan Rigdon,Lenoir-Rhyne,2025,76,170,,,Sr.,"Metter, GA",Metter HS,South Georgia State College
Sal Carricato,Lenoir-Rhyne,2025,75,240,,,R-Sr.,"Long Island, NY",Sachem East HS,Herkimer CC
Michael Ribis,Lenoir-Rhyne,2025,76,215,,,Sr.,"Rochester, NY",Gates Chili HS,Niagara County CC
Cole Bates,Lenoir-Rhyne,2025,76,215,,,Gr.,"Shawboro, NC",Delaware State,UNC-Asheville
Jackson Uggla,Lenoir-Rhyne,2025,70,195,,,Fr.,"Powder Springs, GA",,
Nolan Medley,Lenoir-Rhyne,2025,69,160,,,Fr.,"Troutville, VA",Lord Botetourt High School,
Luke Elmore,Lenoir-Rhyne,2025,73,205,,,R-Jr.,"Greensboro, NC",Caldwell Academy,
James Tate,Lenoir-Rhyne,2025,73,190,,,R-Fr.,"Hickory, NC",St. Stephens HS,
Henry Stewart,Lenoir-Rhyne,2025,69,205,,,R-Fr.,"Hickory, NC",Hickory HS,
Larson Scholtz,Lenoir-Rhyne,2025,78,220,,,Jr.,"Leicester, NC",Asheville HS,Spartanburg Methodist
Donnie Canchela,Lenoir-Rhyne,2025,72,180,,,R-Jr.,"Guilderland, NY",Guilderland HS,Florence-Darlington Technical College
Nathan Kidder,Lenoir-Rhyne,2025,70,180,,,R-Jr.,"Wallburg, NC",Oak Grove HS,
Eli Willen,Lenoir-Rhyne,2025,75,245,,,R-Jr.,"Greensboro, NC",Grimsley HS,
Kobie Cushing,Lenoir-Rhyne,2025,74,225,,,Sr.,"Clemmons, NC",West Forsyth HS,Catawba Valley CC / Queens University of Charlotte
Matthew McCray,Lenoir-Rhyne,2025,70,175,,,R-So.,"Cape Carteret, NC",Croatan HS,Pitt CC
Ben Michael,Lenoir-Rhyne,2025,70,180,,,R-Jr.,"Asheville, NC",Asheville Christian Academy,
Bradyn Coletta,Lenoir-Rhyne,2025,70,205,,,Sr.,"Elmira, NY",Addison HS,Niagara County CC
Xavier Mann,Lenoir-Rhyne,2025,71,185,,,R-Fr.,"Buffalo, NY",City Honors HS,
Brynden Rodriguez,Lenoir-Rhyne,2025,73,180,,,R-Jr.,"Apple Valley, CA",Granite Hills HS,Chaffey College
Cade Spencer,Lenoir-Rhyne,2025,72,200,,,R-Fr.,"Bandys, NC",Bandys HS,
Ryan Honeycutt,Lenoir-Rhyne,2025,78,220,,,Fr.,"Rougemont, NC",Orange HS,
Oz Eckard,Lenoir-Rhyne,2025,76,220,,,Fr.,"Woodstock, GA",Woodstock HS,
Ethan Caschetta,Lenoir-Rhyne,2025,73,195,,,Sr.,"Chula Vista, CA",Eastlake HS,Grossmont College
Wyatt Davis,Lenoir-Rhyne,2025,74,200,,,R-Fr.,"Gastonia, NC",Kings Mountain HS,
Eli Steinhaus,Lewis & Clark,2025,71,175,,,So.,"Santa Rosa Valley, Calif.",Thousand Oaks,
Matt Stanislavsky,Lewis & Clark,2025,73,185,,,Fy.,"Winnetka, Ill.",Loyola Academy,
Connor Broschard,Lewis & Clark,2025,71,180,,,So.,"Fairfield, Calif.",Rodriguez,
Justin Cavagnaro,Lewis & Clark,2025,72,180,,,Sr.,"Foster City, Calif.",Saint Francis,
Luke Ritter,Lewis & Clark,2025,74,210,,,Sr.,"San Diego, Calif.",Westview,
Michael Aikawa,Lewis & Clark,2025,71,180,,,So.,"Piedmont, Calif.",Piedmont,
Brandon Gonzaga,Lewis & Clark,2025,70,175,,,Jr.,"Porter Ranch, Calif.",Notre Dame (SO),
Ryan Sanderson,Lewis & Clark,2025,75,220,,,Jr.,"Tucson, Ariz.",Tanque Verde,
Gavin Mangano,Lewis & Clark,2025,71,180,,,So.,"Encinitas, Calif.",Santa Fe Christian,
Toby Strawser,Lewis & Clark,2025,75,206,,,So.,"Carmel-by-the-Sea, Calif.",Carmel,
Caden Hodina,Lewis & Clark,2025,73,200,,,So.,"Santa Barbara, Calif.",San Marcos,
Joaquin Sandoval,Lewis & Clark,2025,69,190,,,Jr.,"Santa Barbara, Calif.",San Marcos,
Logan Stevenson,Lewis & Clark,2025,77,195,,,Fy.,"Santa Barbara, Calif.",San Marcos,
Owen Eisen,Lewis & Clark,2025,78,210,,,So.,"Huntington Beach, Calif.",Ocean View,
Shane Buchbinder,Lewis & Clark,2025,71,180,,,So.,"Valencia, Calif.",West Ranch,
Will Heron,Lewis & Clark,2025,74,225,,,Sr.,"Bellingham, Wash.",Rio Americano,
Evyn Lewis,Lewis & Clark,2025,69,180,,,So.,"Huntington Beach, Calif.",Ocean View,
Brennen Davis,Lewis & Clark,2025,72,205,,,Sr.,"Encinitas, Calif.",La Costa Canyon,
Dillon Foster,Lewis & Clark,2025,74,200,,,Fy.,"San Diego, Calif.",Patrick Henry,
Bret Potter,Lewis & Clark,2025,74,220,,,So.,"Santa Clarita, Calif.",West Ranch,
Ryan Harvey,Lewis & Clark,2025,75,200,,,Sr.,"San Mateo, Calif.",Palo Alto,
Will Michelman,Lewis & Clark,2025,72,190,,,Fy.,"Woodland Hills, Calif.",Agoura,
Jacob Shannon-Wilkerson,Lewis & Clark,2025,72,170,,,Fy.,"Moorpark, Calif.",Moorpark,
Evan Carrubba-Rice,Lewis & Clark,2025,72,190,,,Fy.,"Albany, Calif.",Albany,
Nate Kerr,Lewis & Clark,2025,71,205,,,Jr.,"Encino, Calif.",Taft,
Sam Burchi,Lewis & Clark,2025,81,225,,,Fy.,"Laguna Beach, Calif.",Laguna Beach,
Dylan Lee,Lewis & Clark,2025,74,190,,,So.,"San Ramon, Calif.",California,
Kyle Wilsie,Lewis & Clark,2025,73,235,,,Sr.,"San Diego, Calif.",Patrick Henry,
Felix Gibeault,Lewis & Clark,2025,72,195,,,So.,"Taipei, Taiwan",Taipei European School,
Justin Frohn,Lewis & Clark,2025,76,185,,,Fy.,"Newbury Park, Calif.",Newbury Park,
Tanner Marsh,Liberty,2025,71,170,,,So.,"Asheboro, N.C.",,
Callum Early,Liberty,2025,72,170,,,Fr.,"Midlothian, Va.",,
Jack McMullan,Liberty,2025,74,205,,,So.,"Earlysville, Va.",,
Jaxon Sorenson,Liberty,2025,72,225,,,Jr.,"Idaho Falls, Idaho",,
Landon Scilley,Liberty,2025,74,185,,,Fr.,"Maysville, Ky.",,
Bryce Lane,Liberty,2025,75,210,,,So.,"Chesapeake, Va.",,
John Simmons,Liberty,2025,72,205,,,Jr.,"Forest, Va.",,
Levi Brown,Liberty,2025,75,180,,,Fr.,"Taylorsville, N.C.",,
Michael Robertson,Liberty,2025,74,185,,,R-Jr.,"Venice, Fla.",,
Anderson Fulk,Liberty,2025,75,205,,,Sr.,"York, S.C.",,
Peter Johnson,Liberty,2025,76,215,,,Jr.,"Minnetonka, Minn.",,
Caleb Lingenfelter,Liberty,2025,72,185,,,Sr.,"Salem, Va.",,
Ben Blair,Liberty,2025,75,200,,,So.,"Gretna, Va.",,
Nick Barone,Liberty,2025,72,185,,,Jr.,"Montoursville, Pa.",,
Camden Troyer,Liberty,2025,73,205,,,Sr.,"Greenville, S.C.",,
Jack Frankel,Liberty,2025,74,200,,,Fr.,"Plano, Texas",,
Seth Christmas,Liberty,2025,75,210,,,Jr.,"Huntersville, N.C.,",,
Jake Potts,Liberty,2025,75,200,,,Sr.,"Glen Mills, Pa.",,
Trey Cooper,Liberty,2025,72,215,,,Sr.,"Randleman, N.C.",,
Tucker Moore,Liberty,2025,73,205,,,R-So.,"Castle Rock, Colo.",,
Tyler August,Liberty,2025,74,250,,,So.,"New Castle, Del.",,
Josh McCusker,Liberty,2025,73,185,,,Jr.,"Myrtle Beach, S.C.",,
Charlie Brinkman,Liberty,2025,72,190,,,Fr.,"King George, Va.",,
Garrett McLaughlin,Liberty,2025,70,195,,,Sr.,"Rogers, Minn.",,
Ben Roberts,Liberty,2025,76,230,,,Sr.,"Burlington, Ontario",,
Jackson Kendall,Liberty,2025,77,230,,,Jr.,"Castle Rock, Colo.",,
Michael Gibson,Liberty,2025,74,205,,,Jr.,"Rock Hill, S.C.",,
Cooper Harrington,Liberty,2025,72,165,,,Fr.,"Sanford, N.C.",,
Riley DeCandido,Liberty,2025,74,210,,,So.,"Virginia Beach, Va.",,
Joseph Webb,Liberty,2025,73,215,,,Jr.,"Lawndale, N.C.",,
Spencer Williams,Liberty,2025,69,165,,,R-Jr.,"Forest, Va.",,
Brayden Hill,Liberty,2025,73,205,,,Fr.,"Lexington, Va.",,
Seth Way,Liberty,2025,76,202,,,Fr.,"Asheboro, Va.",,
Brandon Dahlman,Liberty,2025,71,190,,,Jr.,"Chesapeake, Va.",,
Dylan Mathiesen,Liberty,2025,70,195,,,Jr.,"Coraopolis, Pa.",,
Braden Weaver,Liberty,2025,70,190,,,Fr.,"Forest, Va.",,
Gavin Troyer,Liberty,2025,74,200,,,Jr.,"Greenville, S.C.",,
Josh Swink,Liberty,2025,74,190,,,So.,"Newton, N.C.",,
Easton Swofford,Liberty,2025,70,160,,,Jr.,"Bee Branch, Ark.",,
Caleb Jordan,Lincoln Memorial,2025,71,,,,Fr.,"Bell Buckle, TN",Riverdale HS,
Kevin Fernandez,Lincoln Memorial,2025,72,,,,Jr.,"Miami, FL",Pigeon Forge High School,
Ford Hallock,Lincoln Memorial,2025,73,,,,R-So.,"Norcross, GA",Greater Atlanta Christian,
Aiden Carter,Lincoln Memorial,2025,75,,,,Sr.,"Richmond, KY",Frontier CC,
Joey LaMattina,Lincoln Memorial,2025,70,,,,So.,"Knoxville, TN",Knoxville Catholic High School,
Josh Jeffcoat,Lincoln Memorial,2025,75,,,,Fr.,"Murfreesboro, TN",Eagleville HS,
Chris Hall,Lincoln Memorial,2025,70,,,,Sr.,"Sandy Springs, GA",,
Layndon Carter,Lincoln Memorial,2025,73,,,,Sr.,"Columbia, KY",Volunteer State CC,
Devin Christopher,Lincoln Memorial,2025,73,,,,So.,"Waynesboro, VA",The Miller School,
Cooper Jones,Lincoln Memorial,2025,77,,,,Fr.,"Ootlewah, TN",Boyd Buchanan HS,
AJ Hootman,Lincoln Memorial,2025,75,,,,Fr.,"South Charleston, OH",Shawnee HS,
Alex Kowalski,Lincoln Memorial,2025,71,,,,Jr.,"Virginia Beach, VA",Landstown High School,
Nate Brown,Lincoln Memorial,2025,72,,,,Fr.,"Eagleville, TN",Eagleville HS,
Seth Newkirk,Lincoln Memorial,2025,75,,,,Fr.,"Corydon, IN",Floyd Central HS,
Archer Wong-Shasteen,Lincoln Memorial,2025,68,,,,R-Jr.,"Knoxville, TN",Hardin Valley Academy,
Jack Santi,Lincoln Memorial,2025,72,,,,Fr.,"Murfreesboro, TN",Siegel HS,
Josh Marmo,Lincoln Memorial,2025,70,,,,Fr.,"Johnson City, TN",Science Hill HS,
Merrick Graham,Lincoln Memorial,2025,69,,,,Fr.,"Lancaster, KY",Gerrard County HS,
Colin Murphy,Lincoln Memorial,2025,74,,,,Sr.,"Louisville, KY",Trinity High School,
Peyton Mullannix,Lincoln Memorial,2025,70,,,,Fr.,"Georgetown, KY",Great Crossing HS,
Will Shelton,Lincoln Memorial,2025,72,,,,Sr.,"Alcoa, TN",Chattanooga State CC,
Ian Milliner,Lincoln Memorial,2025,76,,,,Fr.,"Lousiville, KY",St. Xavier HS,
Collier Elkins,Lincoln Memorial,2025,69,,,,Gr.,"Middlesboro, KY",Middlesboro HS,
Sam Mast,Lincoln Memorial,2025,73,,,,R-Sr.,"Nashville, TN",Overton High School,
Austin Epperson,Lincoln Memorial,2025,72,,,,So.,"Newbern, TN",Dyer County High School,
Trace Simmons,Lincoln Memorial,2025,73,,,,Fr.,"Hendersonville, TN",Beech HS,
Brooks Hagedorn,Lincoln Memorial,2025,68,,,,R-Fr.,"Louisville, KY",Trinity High School,
Payton Armour,Lincoln Memorial,2025,74,,,,So.,"Decatur, TN",Meigs County High School,
Kasten Harvey,Lincoln Memorial,2025,72,,,,Sr.,"Easley, SC",Easley High School,
Payton Peterson,Lincoln Memorial,2025,75,,,,Fr.,"Hendersonville, TN",Hendersonville HS,
Easton Barnett,Lincoln Memorial,2025,69,,,,Fr.,"Smyrna, TN",Stewarts Creek HS,
CJ Dugan,Lincoln Memorial,2025,72,,,,R-Fr.,"Spring Hill, TN",Summit High School,
Eli Edds,Lincoln Memorial,2025,75,,,,Jr.,"Maynardville, TN",Union County High School,
45/45 Bradric Helton,Lincoln Memorial,2025,72,,,,Fr.,"Corbin, KY",Corbin HS,
Eli Hanna,Lincoln Memorial,2025,75,,,,Fr.,"Lawrenceville, GA",Greater Atlanta Christian School,
Carter White,Lincoln Memorial,2025,72,,,,So.,"Shelby County, KY",Shelby County High School,
Christian Pencek,Lincoln Memorial,2025,76,,,,Jr.,"Murfreesboro, TN",Siegel High School,
Caden Shanks,Lipscomb,2025,74,175,L,L,Fr.,"Cookeville, Tenn.",Upperman,
Casey Sunseri,Lipscomb,2025,71,190,R,R,Gr.,"The Woodlands, Texas",The Woodlands,Baylor University
Blake Carter,Lipscomb,2025,75,215,R,R,Fr.,"Knoxville, Tenn.",Webb School of Knoxville,
Jake Berg,Lipscomb,2025,71,200,L,R,Gr.,"Green Bay, Wis.",Bayport,Jacksonville University
Collin Goda,Lipscomb,2025,72,190,L,R,Gr.,"Bradenton, Fla.",Braden River,Lincoln Memorial University
Joey Mitchell,Lipscomb,2025,71,170,L,L,Gr.,"Murfreesboro, Tenn.",Riverdale,Walters State CC
Brady Miller,Lipscomb,2025,71,185,R,R,Fr.,"Oakdale, Pa.",West Allegheny,
Lawson Tea,Lipscomb,2025,76,215,R,R,So.,"Gallatin, Tenn.",Christian Community Schools,
Jace Trautner,Lipscomb,2025,75,210,R,R,Jr.,"Trinity, Fla.",James W. Mitchell,Indian River State College
David Coppedge,Lipscomb,2025,73,185,R,R,R-Sr.,"Chesterfield, Va.",Clover Hill,University of Virginia
Kai Holm,Lipscomb,2025,70,180,R,R,Sr.,"Redwood City, Calif.",Sequoia,Coppin State University
Davis Rokose,Lipscomb,2025,73,220,L,L,Sr.,"Johns Creek, Ga.",Chattahoochee,University of Georgia
Keaton Mahan,Lipscomb,2025,74,200,L,L,Jr.,"Westfield, Ind.",Westfield,Wabash Valley College
Parks Bouck,Lipscomb,2025,72,185,R,R,R-Sr.,"Keller, Texas",Keller,North Central Texas College
Jake Poindexter,Lipscomb,2025,72,195,R,R,R-Jr.,"Chickamauga, Ga.",Gordon Lee,University of Georgia
Kevin Hammond,Lipscomb,2025,71,170,R,R,R-Fr.,"Keller, Texas",Keller,
Bryce Houghton,Lipscomb,2025,71,190,R,R,Gr.,"Dalton, Ga.",Dalton,Cleveland State CC
Will Dugan,Lipscomb,2025,76,230,R,R,R-So.,"Nashville, Tenn.",Lipscomb Academy,
Corey Boyette,Lipscomb,2025,72,205,L,L,Jr.,"Romeoville, Ill.",Romeoville,Heartland CC
Damion Kenealy Jr,Lipscomb,2025,75,210,R,R,Jr.,"Pasadena, Md.",St. Mary's,Polk State College
Aaron Stelogeannis,Lipscomb,2025,73,185,R,R,Jr.,"Ocala, Fla.",Forest,Polk State College
Alejandro Ludeiro,Lipscomb,2025,73,205,R,R,Fr.,"Pembroke Pines, Fla.",Doral Academy,
Jacob Tobias,Lipscomb,2025,74,195,L,L,So.,"Birmingham, Ala.",Spain Park,
Kennith Lohmann,Lipscomb,2025,73,175,R,R,Fr.,"Franklin, Tenn.",Battle Ground Academy,
Jake Lynch,Lipscomb,2025,73,210,L,L,R-Jr.,"Wheaton, Ill.",Wheaton North,Lincoln Trail College
Adam Switalski,Lipscomb,2025,73,190,R,R,So.,"Burlington, Wis.",Westosha Central,
Collin Bosley-Smith,Lipscomb,2025,76,220,R,R,Gr.,"Washington, D.C.",Woodrow Wilson,Duke University
Cameron Guise,Lipscomb,2025,73,190,R,R,Fr.,"Tampa, Fla.",Sickles,
Ryan Austin,Lipscomb,2025,73,215,L,L,R-Jr.,"Auburn, Ala.",Auburn,Southern Union CC
Ryan Kutz,Lipscomb,2025,73,240,R,R,Gr.,"Hummelstown, Pa.",Lower Dauphin,Davidson College
Cole O'Brien,Lipscomb,2025,75,205,R,R,Jr.,"Decatur, Ala.",Decatur Heritage Christian Academy,Columbia State CC
Rigo Ramos,Lipscomb,2025,77,200,L,L,Gr.,"Archbold, Ohio",Archbold,Bowling Green State University
Brock Puckett,Lipscomb,2025,76,200,R,R,Sr.,"Murfreesboro, Tenn.",Riverdale,Columbia State CC
KC Anchors,Lipscomb,2025,73,225,R,R,So.,"Wellington, Fla.",American Heritage,St. Petersburg University
Caleb Pica,Lipscomb,2025,79,190,R,L,Jr.,"Nashville, Tenn.",Overton,Volunteer State CC
Evan Cooke,Lipscomb,2025,76,215,R,R,So.,"West Lafayette, Ind.",West Lafayette,
Kaleb Kantola,Lipscomb,2025,79,220,R,R,R-Sr.,"Monmouth, Ore.",Central,Chemeketa CC
Tanner Lyne,Lipscomb,2025,70,185,R,R,R-So.,"Concord, N.C.",Concord Academy,
Carter Kelley,Lipscomb,2025,73,175,L,L,Fr.,"Pulaski, Tenn.",Giles County,
Aiden McGinnis,Little Rock,2025,69,210,L,R,Jr.,"Jasper, AL",,University of Arkansas - Rich Mountain
Reed Willbanks,Little Rock,2025,72,190,R,R,R-Sr.,"Siloam Springs, Ark.",,Connors State College
Jacob Ambriz,Little Rock,2025,65,205,R,R,Jr.,"Corinth, TX",,South Arkansas C.C.
Kade Goeke,Little Rock,2025,68,140,L,R,R-Jr.,"Enid, OK",,Northern Oklahoma College
Zach Henry,Little Rock,2025,72,195,L,R,R-Sr.,"Rockwall, TX",,UT-Arlington
Trent Jordan,Little Rock,2025,72,215,L,R,Jr.,"Mountain Home, Ark.",,Hendrix College
Cooper Chaplain,Little Rock,2025,69,185,L,R,Jr.,"Jackson, Miss.",,Meridian CC
Trey Hill,Little Rock,2025,72,210,R,R,Jr.,"Fayetteville, Ark.",,Farmington HS
Robert Bavon,Little Rock,2025,75,210,R,R,R-Sr.,"Little Rock, Ark.",,Seminole State College
Reef Danner,Little Rock,2025,67,143,L,R,Jr.,"Seal Beach, CA",,Long Beach City College
Jayce Blalock,Little Rock,2025,69,205,R,R,Jr.,"Grantville, GA",,Georgia Tech
Josh Beezley,Little Rock,2025,69,195,R,R,Sr.,"Wheeler Heights, New South Wales, Australia",,National Park College
David Sorg,Little Rock,2025,76,235,L,R,R-Fr.,"Fort Smith, Ark.",,
Brody Bunting,Little Rock,2025,73,185,R,R,Jr.,"Sherwood, Ark.",,Johnson County CC
Preston Davis,Little Rock,2025,75,220,R,R,R-Jr.,"Texarkana, Texas",,Redwater HS
Luke Rolland,Little Rock,2025,72,205,R,R,Sr.,"Searcy, AR",,Connors State College
Zach Busick,Little Rock,2025,73,200,R,R,So.,"England, Ark.",,Carlisle HS
Andrew Pickering,Little Rock,2025,73,200,L,R,Sr.,"Little Rock, Ark.",,Joe T. Robinson H.S.
Alex Seguine,Little Rock,2025,70,180,R,R,R-Sr.,"Long Beach, Calif.",,Long Beach City College
Jack Cline,Little Rock,2025,75,215,R,R,Sr.,"Little Rock, Ark.",,North Oklahoma College-Enid
Jackson Wells,Little Rock,2025,71,200,R,R,Sr.,"Rogers, Ark.",,UA Rich Mountain
Ty Rhoades,Little Rock,2025,73,210,L,R,Jr.,"Jonesboro, Ark.",,Jonesboro HS
Angel Cano,Little Rock,2025,74,225,R,R,Jr.,"Cartagena, Colombia",,Western Oklahoma State College
Ryan Geck,Little Rock,2025,77,225,R,R,Jr.,"Long Beach, Calif.",,Long Beach City College
Ashton Williams,Little Rock,2025,72,205,R,R,Fr.,"Kennett, MO",,
Matt Gardner,Little Rock,2025,74,185,R,R,Fr.,"Kennett, MO",,
Noah Burkey,Little Rock,2025,73,215,R,R,R-Sr.,"Poplar Bluff, Mo.",,Three Rivers College
Hunter Royal,Little Rock,2025,69,195,L,L,Sr.,"Rogers, Ark.",,South Arkansas College
Malcolm Brown,Little Rock,2025,73,190,R,R,Jr.,"Texarkana, Texas",,Redwater HS
Seth Cooper,Little Rock,2025,72,175,R,R,Jr.,"Star, MS",,Meridian C.C.
Blake Van Cleve,Little Rock,2025,75,180,R,R,Sr.,"Plano, TX",,Northeast Texas Community College
Waylon Sebren,Little Rock,2025,67,170,R,R,R-Jr.,"Puckett, Miss.",,Memphis
Sammy Harris,Little Rock,2025,73,190,L,R,R-Jr.,"Wylie, TX",,Wichita State
Brenden Katz,Little Rock,2025,77,210,R,R,R-Jr.,"Miami, Fla.",,Georgia Southern
Gage Haley,Little Rock,2025,78,280,R,R,So.,"Southaven, Miss.",,Mississippi State
Cade Martin,Little Rock,2025,72,215,R,R,Fr.,"Texarkana, Texas",,Pleasant Grove HS
Jackson Rains,Little Rock,2025,77,235,R,R,Jr.,"Flower Mound, TX",,North Arkansas College
Seth Adams,Little Rock,2025,73,200,R,R,R-Sr.,"Fayetteville, AR",,Crowder College
Marshall Brown,Little Rock,2025,75,220,R,R,Sr.,"Kennett, MO",,Arkansas Tech
Jackson Privett,Little Rock,2025,72,210,R,R,Fr.,"Pocahontas, AR",,
Eli Huebner,Little Rock,2025,72,185,R,R,Jr.,"Meridian, MS",,Meridian Community College
Andrew Pilcher,Little Rock,2025,68,180,R,R,R-Fr.,"Siloam Springs, Ark.",,Siloam Springs H.S.
Davis York,Little Rock,2025,75,230,R,R,Fr.,"Marion, AR",,
Nathan Lancianese,Longwood,2025,70,178,R,R,Gr.,"Lexington, Ky.",Lafayette,Earlham
Zach Colangelo,Longwood,2025,72,160,L,R,So.,"Stafford, Va.",Colonial Forge,
Tré Keels,Longwood,2025,72,195,R,R,Jr.,"Portsmouth, Va.",IMG Academy,Miami (Ohio)/West Virginia
Juice Tobin,Longwood,2025,70,180,R,R,So.,"Richmond, Va.",Mills E. Godwin,
Mac Tufts,Longwood,2025,70,175,R,R,Fr.,"Mendham, N.J.",Pope John,
Mikey Urbaniak,Longwood,2025,69,195,L,R,Fr.,"Chesapeake, Va.",Greenbrier Christian,
Jorden Olivera,Longwood,2025,70,195,R,R,Fr.,"Richmond, Va.",PDG Academy,
Jacob Moore,Longwood,2025,70,192,R,R,Fr.,"Moseley, Va.",Cosby,
Jae'dan Carter,Longwood,2025,71,180,R,R,So.,"Manassas, Va.",Colgan,Dayton
Joe Castrichini,Longwood,2025,74,205,R,R,R-Sr.,"Peabody, Mass.",St. John's Prep,Stonehill
Quincy Sippio,Longwood,2025,73,170,R,R,Sr.,"Prince George, Va.",Prince George,Paul D. Camp
Caleb Grizzard,Longwood,2025,72,205,L,L,Jr.,"Chesterfield, Va.",Cosby,Roanoke/Old Dominion
Jacob Krebs,Longwood,2025,73,215,L,L,Fr.,"Cary, N.C.",Green Hope,
Kyle Miller,Longwood,2025,77,217,R,R,So.,"Chicago, Ill.",Whitney Young,
Myles Webb,Longwood,2025,74,210,R,R,Gr.,"Norfolk, Va.",Granby,Randolph Macon College
Tyler Bassett,Longwood,2025,70,190,R,R,Fr.,"Manassas, Va.",Charles J. Colgan,
Carter Newman,Longwood,2025,72,175,R,R,Jr.,"Woodbridge, Va.",Charles J. Colgan,Virginia Tech
Hunter Overstreet,Longwood,2025,73,182,L,L,Fr.,"Evington, Va.",Rustburg,
Alex Strickland,Longwood,2025,72,185,R,R,Fr.,"Miller Place, N.Y.",Miller Place,
Casey Gibbs,Longwood,2025,72,198,S,R,Sr.,"Olney, Md.",St. John's College,VCU
Connor Handy,Longwood,2025,78,230,R,R,R-Jr.,"Richmond, Va.",Benedictine College Preparatory School,New Orleans
Ethan Plesser,Longwood,2025,74,205,L,L,Fr.,"Fayetteville, N.C.",Cape Fear,
Matt Stevenson,Longwood,2025,72,210,L,L,Jr.,"Ashburn, Va.",Stone Bridge,Richard Bland
James Nelson,Longwood,2025,73,223,L,L,Gr.,"Midlothian, Va.",Trinity Epsicopal School,Flagler
Guillermo Garcia Jr.,Longwood,2025,73,206,R,R,Gr.,"Royal Palm Beach, Fla.",Palm Beach Central,Bryant & Stratton (Va.)
Justin Gunter,Longwood,2025,74,190,R,R,Fr.,"Buckingham, Va.",Buckingham,
Bentley Yeatts,Longwood,2025,71,185,R,R,Jr.,"Lynchburg, Va.",Hammond School,UNC Asheville
Gabriel Alvarez,Longwood,2025,74,215,R,R,Fr.,"West Haverstraw, N.Y.",St. Joseph Regional,
Jake Chadwell,Longwood,2025,75,205,R,R,Fr.,"Chesapeake, Va.",Hickory,
Sam DiLella,Longwood,2025,74,205,R,R,Sr.,"Wayne, Pa.",Radnor,Elon
Kaiden Takahashi-Trader,Longwood,2025,72,190,R,R,Fr.,"Yorktown, Va.",Tabb,
Ried Dittner,Longwood,2025,76,245,R,R,Gr.,"Apex, N.C",Apex Friendship,Brunswick CC
Dallas Hairfield,Longwood,2025,69,171,R,R,Jr.,"Mechanicsville, Va.",Mechanicsville,
Logan Janney,Longwood,2025,72,194,R,R,So.,"Midlothian, Va.",Trinity Episcopal,
Jayson Nash,Longwood,2025,74,215,R,R,Fr.,"Columbia, S.C.",Richland Northeast,
Wyatt Bunch,Longwood,2025,76,211,R,R,Jr.,"Warsaw, Va.",Rappahannock,
Braydon Gray,Longwood,2025,74,220,R,R,So.,"Chelmsford, Mass.",Chelmsford,Stonehill
Nicholas Franklin,Longwood,2025,74,240,R,R,Fr.,"Edwardsville, Ill.",Father McGivney,
Alek Elges,Longwood,2025,72,195,R,R,Gr.,"Littleton, Colo.",Mullen,Webster/Coppin State
Isaiah Brewington,Longwood,2025,76,220,R,R,Gr.,"Greensboro, N.C.",Corinth Holders,North Carolina A&T
Maddox Mandino,Louisiana,2025,69,175,L,L,So.,"Minden, La.",,
Sam Ardoin,Louisiana,2025,74,170,R,R,So.,"Moss Bluff, La.",,
Trip Dobson,Louisiana,2025,73,190,R,R,Fr.,"Baton Rouge, La.",,
Mark Collins,Louisiana,2025,74,200,R,R,Fr.,"Opelousas, La.",,
Griffin Hebert,Louisiana,2025,71,200,L,R,Fr.,"Lake Charles, La.",,
Lee Amedee,Louisiana,2025,72,205,L,R,Jr.,"Gonzales, La.",,
Drew Markle,Louisiana,2025,76,185,R,R,So.,"Katy, Texas",,
Connor Cuff,Louisiana,2025,76,215,R,R,So.,"Carthage, Texas",,
Brooks Wright,Louisiana,2025,75,185,L,R,Fr.,"Baton Rouge, La.",,
Caleb Stelly,Louisiana,2025,73,205,R,R,Jr.,"Baton Rouge, La.",,
Casey Artigues,Louisiana,2025,70,180,L,R,Jr.,"Hammond, La.",,
Blaine Lucas,Louisiana,2025,72,185,L,R,Fr.,"Tomball, Texas",,
Clayton Pourciau,Louisiana,2025,72,195,R,R,R-Fr.,"Livonia, La.",,
Carson Hepworth,Louisiana,2025,74,195,R,R,Jr.,"Gulf Breeze, Fla.",,
Chase Morgan,Louisiana,2025,75,195,L,L,So.,"Cypress, Texas",,
Dylan Theut,Louisiana,2025,71,185,R,L,R-Sr.,"Fulshear, Texas",,
JR Tollett,Louisiana,2025,74,190,R,R,So.,"Ruston, La.",,
Kasen Bellard,Louisiana,2025,72,180,R,R,Fr.,"Lake Charles, La.",,
Owen Galt,Louisiana,2025,70,190,R,R,Fr.,"Lake Charles, La.",,
Tate Hess,Louisiana,2025,74,220,R,R,So.,"Singer, La.",,
Riley Marcotte,Louisiana,2025,74,180,L,L,So.,"Loreauville, La.",,
Parker Smith,Louisiana,2025,74,195,R,R,Fr.,"Montgomery, Texas",,
Matthew Holzhammer,Louisiana,2025,76,210,R,R,Sr.,"Wister, Okla.",,
Blake McGehee,Louisiana,2025,72,190,R,R,R-Jr.,"Alexandria, La.",,
Will Taylor,Louisiana,2025,75,185,R,R,Fr.,"Lafayette, La.",,
Conor Higgs,Louisiana,2025,74,195,L,L,R-Sr.,"Texas City, Texas",,
Luke Yuhasz,Louisiana,2025,76,205,R,R,Jr.,"Moss Bluff, La.",,
Andrew Herrmann,Louisiana,2025,75,215,L,L,Sr.,"Kennesaw, Ga.",,
James Trimble,Louisiana,2025,72,185,R,R,R-So.,"Galveston, Texas",,
Jose Torres,Louisiana,2025,68,195,R,R,Sr.,"San Miguelito, Panama",,
Murphy Brooks,Louisiana,2025,75,230,R,R,R-So.,"Cypress, Texas",,
Alex Alicea,Louisville,2025,68,165,S,R,,"Milwaukee, Wis.",St. Thomas More HS,
Patrick Forbes,Louisville,2025,75,220,R,R,,"Bowling Green, Ky.",Bowling Green HS,
Garret Pike,Louisville,2025,74,190,L,R,,"Monclova, Ohio",Toledo,
Tanner Shiver,Louisville,2025,70,185,R,R,,"Maryville, Tenn.",Tennessee Tech,
Kamau Neighbors,Louisville,2025,70,165,S,R,,"Carson, Calif.",Cal State Northridge,
Ethan Edinger,Louisville,2025,72,190,R,R,,"Troy, Mo.",St. Charles CC,
Jake Schweitzer,Louisville,2025,72,205,R,R,,"Louisville, Ky.",Trinity HS,
Jack Brown,Louisville,2025,73,210,R,R,,"Fishers, Ind.",Fishers HS,
Eli Hoyt,Louisville,2025,72,205,R,R,,"Waukesha, Wis.",Madison College,
Ty Starke,Louisville,2025,78,175,L,L,,"Louisville, Ky.",St. Xavier HS,
Tague Davis,Louisville,2025,76,225,L,L,,"West Chester, Pa.",Malvern Preperatory School,
George Baker,Louisville,2025,73,200,L,R,,"Waldorf, Md.",Pro5 Baseball Academy,
Colton Hartman,Louisville,2025,75,220,L,L,,"Lebanon, Ohio",Lebanon HS,
Michael Lippe,Louisville,2025,75,235,R,R,,"Whitefish Bay, Wis.",Whitefish Bay HS,
Collin Mowry,Louisville,2025,72,205,R,R,,"Mokena, Ill.",Lincoln-Way Central HS,
Griffin Crain,Louisville,2025,70,180,L,L,,"Cranston, R.I.",Bishop Hendricken HS,
TJ Schlageter,Louisville,2025,74,215,L,L,,"Romeoville, Ill.",Joliet Catholic Academy,
Jake Munroe,Louisville,2025,74,230,R,R,,"Champaign, Ill.",John A. Logan,
Tucker Biven,Louisville,2025,73,210,R,R,,"New Albany, Ind.",New Albany HS,
Wyatt Danilowicz,Louisville,2025,73,220,R,L,,"Traverse City, Mich.",Traverse City West HS,
Matt Klein,Louisville,2025,74,210,L,R,,"Louisville, Ky.",Trinity HS,
Nate Earley,Louisville,2025,75,230,L,L,,"Cincinnati, Ohio",Florida Southwestern State,
Bayram Hot,Louisville,2025,74,210,R,R,,"Queens, N.Y.",Marist,
Parker Detmers,Louisville,2025,76,235,R,R,,"Chatham, Ill.",Glenwood HS,
Peter Michael,Louisville,2025,75,215,R,R,,"West Hills, Calif.",Northwestern,
Cole Crafton,Louisville,2025,75,215,L,R,,"Manhattan, Ill.",Lincoln-Way West HS,
Zion Rose,Louisville,2025,73,210,R,R,,"Chicago, Ill.",IMG Academy,
Jared Lessman,Louisville,2025,74,205,L,L,,"Cumberland, Wis.",Iowa Western CC,
Kyle Campbell,Louisville,2025,76,190,R,R,,"Louisville, Ky.",Trinity HS,
Tagger Tyson,Louisville,2025,73,200,R,R,,"Mount Pleasant, S.C.",Oceanside Collegiate Academy,
Brandin Crawford,Louisville,2025,75,225,R,R,,"Manchester, Ky.",Clay County HS,
Jake Gregor,Louisville,2025,77,235,R,R,,"Louisville, Ky.",IMG Academy,
Alex Gay,Louisville,2025,77,215,R,R,,"Clifton Park, N.Y.",IMG Academy,
Eddie King Jr.,Louisville,2025,74,220,R,R,,"Lynwood, Ill.",Marian Catholic HS,
Kian Vorster,Louisville,2025,71,195,R,R,,"Louisville, Ky.",South Oldham HS,
Casen Murphy,Louisville,2025,70,200,L,L,,"Park Hills, Mo.",Park Hills Central HS,
Justin West,Louisville,2025,75,195,R,L,,"Paducah, Ky.",Paducah Tilghman HS,
Aaron England,Louisville,2025,74,225,L,L,,"Cincinnati, Ohio",Fairfield HS,
Brennyn Cutts,Louisville,2025,75,240,R,R,,"Greenup, Ill.",Indiana State,
Ethan Eberle,Louisville,2025,77,210,L,L,,"Bloomington, Ill.",Normal Community HS,
Coen Evrard,Louisville,2025,74,195,L,L,,"Georgetown, Ind.",Floyd Central HS,
Lucas Moore,Louisville,2025,72,180,L,R,,"Cincinnati, Ohio",Badin HS,
Matt Moreno,Loyola Marymount,2025,74,180,,,Fr.,"Azusa, Calif.",South Hills HS,
Colin Caycedo,Loyola Marymount,2025,74,190,,,So.,"Torrance, Calif.",Saint John Bosco HS,
JD Dunn,Loyola Marymount,2025,72,189,,,R-Fr.,"Glendora, Calif.",Damien HS,
Robbie Ayers,Loyola Marymount,2025,73,190,,,Sr.,"Moorpark, Calif.",Moorpark HS,
Cam Hassert,Loyola Marymount,2025,74,185,,,Gr.,"Longmont, Colo.",Silver Creek HS,Villanova
Alex Chavez,Loyola Marymount,2025,75,180,,,Fr.,"Rowland Heights, Calif.",Orange Lutheran HS,
Zion Williams,Loyola Marymount,2025,75,235,,,Jr.,"University Place, Wash.",Curtis Senior HS,Tacoma CC
Gavin Jacobsen,Loyola Marymount,2025,72,180,,,Sr.,"Jackson, Minn.",Jackson County Central HS,Bethany Lutheran College
Johnny Casale,Loyola Marymount,2025,71,180,,,Fr.,"Scottsdale, Ariz.",Brophy Prep,
James Bose,Loyola Marymount,2025,72,180,,,Jr.,"San Jose, Calif.",Leigh HS,West Valley College
Kenji Pallares,Loyola Marymount,2025,74,215,,,Sr.,"San Gabriel, Calif.",Bishop Mora Salesian,CSUN
Colby Wallace,Loyola Marymount,2025,76,230,,,Sr.,"Rancho Santa Margarita, Calif.",Santa Margarita HS,Cal State Fullerton
Zack Mack,Loyola Marymount,2025,77,240,,,Jr.,"Manvel, Tex.",Glenda Dawson HS,San Jacinto College
Devan Ornelas,Loyola Marymount,2025,70,185,,,Gr.,"Chatsworth, Calif.",TCU,
Jake Lyall,Loyola Marymount,2025,72,205,,,Fr.,"Novato, Calif.",Marin Catholic HS,
Willie Cornejo-Farmer,Loyola Marymount,2025,74,210,,,Fr.,"Ahwatukee, Ariz.",Brophy Prep,
DJ Ghiorso,Loyola Marymount,2025,70,180,,,Jr.,"Foster City, Calif.",Juniperro Serra HS,Santa Barbara CC
Kolton Freeman,Loyola Marymount,2025,75,220,,,Gr.,"Laguna Beach, Calif.",Laguna Beach HS,Dartmouth
Jake Geis,Loyola Marymount,2025,75,215,,,Sr.,"San Jose, Calif.",Archbisop Mitty HS,GateWay CC
Luca Danos,Loyola Marymount,2025,72,200,,,R-Jr.,"Hampton Falls, NH",Noble and Greenough School,Florida SW JC
Beau Ankeney,Loyola Marymount,2025,76,235,,,R-Jr.,"Phoenix, Ariz.",Desert Vista HS,Grand Canyon
Joe Reid,Loyola Marymount,2025,72,200,,,R-Sr.,"Ozark, Mo.",Nixa HS,Crowder College
Adam Behrens,Loyola Marymount,2025,75,205,,,So.,"Hawthorn Woods, Ill.",Warren Township HS,Arizona State
Jonah Johnson,Loyola Marymount,2025,75,200,,,Jr.,"Colorado Springs, Col.",Discovery Canyon HS,Chandler Gilbert Community College
Max Senesac,Loyola Marymount,2025,73,200,,,So.,"Cypress, Calif.",Cypress HS,
Tanner Warady,Loyola Marymount,2025,73,175,,,Jr.,"Trabuco Canyon, Calif.",Santa Margarita HS,
Austin Schroeder,Loyola Marymount,2025,74,210,,,Gr.,"La Jolla, Calif.",,Palomar College
Ryan Mullan,Loyola Marymount,2025,74,235,,,Jr.,"Chino Hills, Calif.",Damien HS,
Jacob Hughes,Loyola Marymount,2025,75,225,,,Sr.,"Eagle, Ida.",Rocky Mountain HS,Oregon
Michael Nunez,Loyola Marymount,2025,75,170,,,Sr.,"Stevenson Ranch, Calif.",Bishop Alemany HS,
Ashten Wong,Loyola Marymount,2025,73,190,,,Jr.,"Frisco, Tex.",,Paris JC
Gabe Maya,Loyola Marymount,2025,74,170,,,Jr.,"El Dorado Hills, Calif.",Christian Brothers HS,San Diego
Jacob Fried,Loyola Marymount,2025,78,215,,,Gr.,"Kenmore, Wash.",University Prep,
Sam Brady,Loyola Marymount,2025,72,190,,,R-Sr.,,Rockhurst HS,
Luke Skinner,Loyola Marymount,2025,73,185,,,Fr.,"Woodbury, Minn.",East Ridge HS,
Nolan Tillit,Loyola Marymount,2025,75,205,,,Fr.,"Yorba Linda, Calif.",Orange Lutheran HS,
Zach Bender,Loyola Marymount,2025,76,180,,,Fr.,"Las Vegas, Nev.",Palo Verde HS,
Cole Stucky,Loyola Marymount,2025,73,172,,,So.,"Kansas City, Mo.",Rockhurst HS,
Noah Malone,Loyola Marymount,2025,73,210,,,Fr.,"Glendora, Calif.",South Hills HS,
Avery Laine,Loyola Marymount,2025,77,225,,,Jr.,"Riverside, Calif.",,San Diego City College
Nate Savoie,Loyola Marymount,2025,72,205,,,Fr.,"Newport Beach, Calif.",Orange Lutheran HS,
Ayden Authement,Loyola-New Orleans,2025,69,,,,R-Fr.,"Luling, La.",Saint Charles Catholic,
Jake Mills,Loyola-New Orleans,2025,71,,R,R,Sr.,"Wellington, Fla.",,Ohio State University
Garrett Beadle,Loyola-New Orleans,2025,70,,R,R,Sr.,"Zachary, La.",Zachary High School,
Anthony Fernandez,Loyola-New Orleans,2025,72,,R,R,Jr.,"Miami, Fla.",Miami Christian School,
Ben Harris,Loyola-New Orleans,2025,70,,R,R,Jr.,"New Orleans, La.",Brother Martin High School,Nunez Community College
Ryan Smilari,Loyola-New Orleans,2025,70,,L,L,Sr.,New Orleans,Archbishop Rummel,
Thomas Hakimian,Loyola-New Orleans,2025,72,,L,L,Jr.,"Allen, Texas",Allen High School,
Cole Romero,Loyola-New Orleans,2025,72,,R,R,Gr.,"Lafayette, La.",Acadiana High School,LSU Eunice
Collin Zeringue,Loyola-New Orleans,2025,75,,,,Sr.,"Hahnville, La.",Hahnville High School,Nunez Community College
Landon Manson,Loyola-New Orleans,2025,71,,,,Sr.,"Baton Rouge, La.",Dutchtown High School,Nunez Community College
Jaxon Buratt,Loyola-New Orleans,2025,72,,,,So.,"Prairieville, La.",Dutchtown High School,
Hunter Ponson,Loyola-New Orleans,2025,75,,,,Jr.,"Baton Rouge, La.",Parkview Baptist School,LSU Eunice
Brady Bowen,Loyola-New Orleans,2025,72,,L,R,R-Jr.,"Houma, La.",South Terrebonne High School,
Prescott Marsh,Loyola-New Orleans,2025,76,,,,So.,"Baton Rouge, La.",Catholic High School,
Garrett Felix,Loyola-New Orleans,2025,68,,L,R,Gr.,"Scott, La.",Acadiana High School,Nicholls State
Cole Bordes,Loyola-New Orleans,2025,73,,R,R,Jr.,"Metairie, La.",Archbishop Rummel High School,Nunez Community College
Luca Tosca,Loyola-New Orleans,2025,73,,,,So.,"Miami, Fla.",Gulliver Preparatory,
Jed Cambre,Loyola-New Orleans,2025,71,,,,So.,"Denham Springs, La.",Denham Springs High School,
Ruben Ramirez Jr.,Loyola-New Orleans,2025,68,,R,R,Fr.,"Metairie, La.",Archbishop Rummel High School,
Marcus Steen,Loyola-New Orleans,2025,72,,L,R,Sr.,"Ladysmith, B.C.",Ladysmith Secondary School,
Payton Cooper,Loyola-New Orleans,2025,70,,L,R,Sr.,"Prairieville, La.",Dutchtown High School,Nunez Community College
Frank Fernandez,Loyola-New Orleans,2025,73,,,,So.,"Miami, Fla.",Belen Jesuit Preparatory School,
Matthew Weil,Loyola-New Orleans,2025,71,,R,R,Sr.,"Harvey, La.",Thomas Jefferson High School,
Brandon Mooney,Loyola-New Orleans,2025,70,,L,R,Sr.,"Madisonville, La.",Mandeville High School,LSU Eunice
Charlie Nichols,Loyola-New Orleans,2025,75,,,,Gr.,"Lake Worth, Fla.",Suncoast Community High School,Nova Southeastern University
Ryder Loup,Loyola-New Orleans,2025,70,,,,Fr.,"Brusly, La.",Catholic High School,
William Isaac,Loyola-New Orleans,2025,76,,,,R-So.,"St. Louis, Mo.",Crossroads College Prep,
Caden Durand,Loyola-New Orleans,2025,72,,L,L,Jr.,"Metairie, La.",Brother Martin High School,Baton Rouge Community College
Elvin Delic,Loyola-New Orleans,2025,70,,R,R,R-Jr.,"Elk Grove, Calif.",Cosumnes Oaks High School,Tennessee Tech
Nick Hernandez,Loyola-New Orleans,2025,72,,R,R,Fr.,"Miami, Fla.",McCarthy High School,
Joshua Orr,Loyola-New Orleans,2025,73,,R,R,R-Jr.,"Metairie, La.",Holy Cross High School,
Carter Holstein,Loyola-New Orleans,2025,74,,R,R,R-Jr.,"Denham Springs, La.",Denham Springs High School,Hutchinson Community College
Myles Liggans,Loyola-New Orleans,2025,71,,,,Jr.,"Loreauville, La.",Highland Baptist Christian School,University of New Orleans
Drew Lee,Loyola-New Orleans,2025,69,,,,Jr.,"Lafayette, La.",Ascension Episcopal HS,LSU Eunice
Jordan McKenzie,Loyola-New Orleans,2025,73,,,,Jr.,"Franklinton, La.",Franklinton High School,Copiah Lincoln Community College
Landon Trosclair,Loyola-New Orleans,2025,73,,R,R,Gr.,"Opelousas, La.",Teurlings Catholic,
Grant LaBelle,Loyola-New Orleans,2025,72,,R,R,Jr.,"Easton, Md.",Easton High School,Misericordia University
Christian Callender,Loyola-New Orleans,2025,74,,,,So.,"Denham Springs, La.",Denham Springs High School,
Jake Cohen,Loyola-New Orleans,2025,70,,R,R,Sr.,"New Orleans, La.",John Curtis Christian School,Southeastern University (Fla.)
Willy Campo,Loyola-New Orleans,2025,70,,,,Fr.,"Miami, Fla.",Belen Jesuit Preparatory School,
Grant Goodbee,Loyola-New Orleans,2025,73,,R,R,Sr.,"New Orleans, La.",De La Salle High School,Nunez Community College
Andrew Riedell,Loyola-New Orleans,2025,77,,R,R,Gr.,"West Palm Beach, Fla.",Cardinal Newman,
Ahmir Cournier,Lynn,2025,73,205,,,Sr.,"Jackson, N.J.",NC Central/Gaston/Young Harris,
Hayden See,Lynn,2025,69,170,,,Sr.,"Houston, Texas",Clear Springs HS,
Cole Beck,Lynn,2025,73,185,,,Jr.,"Hopewell, N.J.",Hopewell Valley Central,
David Judge,Lynn,2025,72,202,,,Gr.,"Troy, N.Y.",Calvary Christian Academy / FIU,
Chase Wills,Lynn,2025,69,173,,,Sr.,"Wesley Chapel, Fla.",Wire Grass / Miami Dade,
Blake Mayberry,Lynn,2025,73,185,,,Sr.,"Philadelphia, Pa.",Central/St. John’s,
Charlie Devito,Lynn,2025,71,190,,,Sr.,"Fort Lauderdale, Fla.",IMG Academy,
Gil Colon,Lynn,2025,70,214,,,Gr.,,IMG Academy / Eckerd,
Jesse Robinson,Lynn,2025,75,195,,,Sr.,"Henrico, Va.",Deep Run / VCU,
Luca Arenado,Lynn,2025,73,205,,,Jr.,"Miami, Fla.",Palmetto/Cypress,
Bryant Zayas,Lynn,2025,72,185,,,Fr.,"Hialeah, Fla.",Miami Christian,
Amaris Harrison,Lynn,2025,70,180,,,Jr.,"Pasadena, Calif.",John Muir/East Los Angeles,
Ivan Herrera,Lynn,2025,71,185,,,Jr.,"San Francisco, Calif.",Sacred Heart Cath./Cañada Coll.,
Nathan Shane,Lynn,2025,76,190,,,Sr.,"Tampa, Fla.",Lakeland Christian,
Alfonso Lombardi,Lynn,2025,75,195,,,Jr.,"Montclair, N.J.",Cedar Grove/Stockton,
Hunter Shew,Lynn,2025,72,190,,,Sr.,"Ellenboro, N.C.",East Rutherford / Gaston,
Sebastian Beimel,Lynn,2025,74,190,,,Sr.,"Boca Raton, Fla",West Boca,
Cole Fowler,Lynn,2025,74,190,,,Sr.,"Mantua, N.J.",Rowan Gloucester,
Danny Rogers,Lynn,2025,79,190,,,So.,"Troy, N.Y.",Rutgers/Central Conn. St.,
DJ Flowers,Lynn,2025,76,180,,,Sr.,"Miami, Fla.",Riviera Prep,
Ryan DiMaggio,Lynn,2025,75,212,,,Fr.,"Centreville, Md.",The Hun School/Boston College,
Austin Barnao,Lynn,2025,72,201,,,Sr.,"Ticonderoga, N.Y.",Whitehall / Herkimer,
Juan Carlos Camarena,Lynn,2025,72,197,,,Sr.,"Gardena, Calif.",Carson / El Camino,
Leon Paulino,Lynn,2025,75,211,,,Sr.,"Lawrence, Mass.",FLVS,
Shawn Dougherty,Lynn,2025,75,208,,,Gr.,"Mickleton, N.J.",Clearview Regional / RCSJ Gloucester,
Jacob Smith,Lynn,2025,76,210,,,Jr.,"Delray Beach, Fla.",J.P. Taravella/Pacific,
Allan Jorge,Lynn,2025,72,185,,,Jr.,"Miami, Fla.",Westminster Christian,
Nick Petrelli,Lynn,2025,72,171,,,Jr.,"Great River, N.Y.",St. John The Baptist,
Zackary Gonzalez,Lynn,2025,72,215,,,So.,"Miami, Fla.",ABF Academy,
Mason Tinsley,Lynn,2025,78,235,,,Jr.,"Monroe, N.C.",Hillsborough CC,
Landon Petrisko,Lynn,2025,73,183,,,So.,"Fort Lauderdale, Fla.",Westminster Academy,
Ari Isaacson,Lynn,2025,70,171,,,Jr.,"Delray Beach, Fla.",Winston Churchill,
Noah Lucia,Lynn,2025,74,197,,,So.,"Boca Raton, Fla.",American Heritage,
Marcus Korenkiewicz,Lynn,2025,73,185,,,Jr.,"Northfield, N.H.",Winnisquam Regional,
Bruce Thornton,Lynn,2025,78,170,,,So.,"Lake Worth, Fla.",Park Vista Community,
Reese Malon,Lynn,2025,76,209,,,Jr.,"Hilton Head Island, S.C.",Hilton Head Prep / William & Mary,
Jared Terefenko,Lynn,2025,75,203,,,Gr.,"Lincroft, N.J.",Red Bank Catholic / Brookdale CC,
Seth Bass,Lynn,2025,71,196,,,So.,"Davie, Fla.",The Sagemont School,
Bryce Pratt,Lynn,2025,75,205,,,Sr.,"Coconut Creek, Fla.",Pompano Beach / Palm Beach State,
Justyn Hart,Lynn,2025,75,220,,,Fr.,"Frankfort, Ill.",Lincoln Way East,
Chase Ennis,Lynn,2025,77,235,,,Fr.,"Ivyland, Pa.",Council Rock High School South,
Jorge Romero,Lynn,2025,73,185,,,Fr.,"Odessa, Fla.",George M. Steinbrenner,
George Krenkel,Lynn,2025,75,190,,,Fr.,"Ocean, N.J.",Citius Prep,
Brad Benton,Lynn,2025,70,170,,,Fr.,"Avon Park, Fla.",Avon Park,
Devin Sweeney,Lynn,2025,76,205,,,Sr.,"Yardley, Pa.",Pennsbury / Delaware / RCSJ Gloucester,
Zev Moore,MIT,2025,72,205,,,Jr.,"Jerusalem, Israel",Horev,
Jack Finnegan,MIT,2025,72,175,,,So.,"Essex, Conn.",Valley Regional,
Hanvin Lee,MIT,2025,71,165,,,Fy.,"Porter Ranch, Calif.",Bishop Alemany,
Cole Foster,MIT,2025,73,190,,,Jr.,"Austin, Texas",Westlake,
Tyler Godfrey,MIT,2025,70,180,,,Gr.,"Rowley, Mass.",Triton,
Tye Phoenix,MIT,2025,74,180,,,So.,"Naples, Fla.",Saint John Neumann Catholic,
Reed Tubbs,MIT,2025,73,180,,,Sr.,"Pflugerville, Texas",Hendrickson,
Ajinkya Gundaria,MIT,2025,67,175,,,Sr.,"Alpharetta, Ga.",Alpharetta,
Teddy Schoenfeld,MIT,2025,71,175,,,Gr.,"Boulder, Colo.",Boulder,
Matthew Spenner,MIT,2025,73,190,,,Jr.,"Darien, Conn.",Hopkins School,
Maximo Del Pino,MIT,2025,73,195,,,So.,"New York, N.Y.",Fordham Preparatory School,
Owen Malone,MIT,2025,73,195,,,Jr.,"Portsmouth, R.I.",Portsmouth,
Jonathan Freedman,MIT,2025,73,175,,,Fy.,"La Jolla, Calif.",La Jolla Country Day School,
Ben Salomon,MIT,2025,70,175,,,Fy.,"New York, N.Y.",Columbia Grammar and Preparatory School,
Brock Billingsley,MIT,2025,72,175,,,Fy.,"Springdale, Ark.",Shiloh Christian School,
Eric Mangelsdorf,MIT,2025,75,180,,,Fy.,"Pelham, N.Y.",Iona Preparatory School,
Eitan Moore,MIT,2025,70,190,,,Jr.,"Jerusalem, Israel",Horev,
Louis Hernandez,MIT,2025,76,215,,,So.,"Glastonbury, Conn.",The Loomis Chaffee School,
Mason Estrada,MIT,2025,72,200,,,So.,"Covington, La.",Covington,
Ethan Siegel,MIT,2025,76,215,,,Sr.,"Austin, Texas",Westlake,
Brian Rapanan,MIT,2025,67,175,,,Sr.,"Gurnee, Ill.",Warren Township,
Jimmy Moore,MIT,2025,74,190,,,Sr.,"Los Gatos, Calif.",Los Gatos,
Malachi Soqui,MIT,2025,69,200,,,Sr.,"Castaic, Calif.",Hart,
CJ McCarthy,MIT,2025,72,200,,,Gr.,"Pawling, N.Y.",Trinity-Pawling School,
John Dwyer,MIT,2025,74,205,,,So.,"Northport, N.Y.",Northport,
Phillip Hood,MIT,2025,71,215,,,Sr.,"Grapevine, Texas",Grapevine,
John Spivey,MIT,2025,71,185,,,Fy.,"Saint Louis, Mo.",Saint Louis Priory School,
Joey Severson,MIT,2025,73,190,,,Fy.,"Western Springs, Ill.",Lyons Township,
Jonathan Berger,MIT,2025,79,240,,,Gr.,"Mount Vernon, N.Y.",Tuckahoe,
Chase Rubin,MIT,2025,78,200,,,Jr.,"Arlington, Va.",Yorktown,
Zach Martin,Maine,2025,71,200,L,R,Sr.,"Frederick, Md.",Middletown High School,
Myles Sargent,Maine,2025,69,180,R,R,Sr.,"Greenland, N.H.",Portsmouth High School,
Evan Menzel,Maine,2025,69,175,L,R,Fr.,"Coventry, Conn.",Coventry High School,
Jack Quigley,Maine,2025,69,175,L,R,So.,"Halifax, Mass.",Silver Lake Regional High School,
Gianni Gambardella,Maine,2025,74,205,R,R,Jr.,"West Haven, Conn.",West Haven High School,
Brody Rasmussen,Maine,2025,73,185,R,R,Sr.,"Boise, Idaho",Mountain View High School,
Luc Lavigueur,Maine,2025,75,205,R,R,Jr.,"Newport, R.I.",Rogers High School,
Caleb Vacchiano,Maine,2025,71,215,R,R,Fr.,"Cornish, Maine",Sacopee Valley High School,
Chris Bear,Maine,2025,73,190,R,R,Jr.,"West Roxbury, Mass.",Catholic Memorial High School,
Eric Wainwright,Maine,2025,69,190,R,R,Sr.,"West Roxbury, Mass.",Falmouth High School,
Quinn Murphy,Maine,2025,73,185,L,L,Fr.,"Barrington, R.I.",Barrington High School,
Payton Whitehead,Maine,2025,73,190,R,R,Gr.,"Belleville, Ill.",Belleville High School,
Jack Donlin,Maine,2025,74,220,R,L,Fr.,"Cazenovia, N.Y.",Cazenovia High School,
Will Burns,Maine,2025,71,215,L,R,So.,"Reading, Mass.",Austin Preparatory,
Sebastian Holt,Maine,2025,75,225,L,R,R-Jr.,"Woodbridge, Conn.",Amity Regional High School,
Evan Baschnagel,Maine,2025,72,200,R,R,R-Fr.,"Garden City, N.Y.",Chaminade High School,
Colin Fitzgerald,Maine,2025,73,195,R,R,R-Jr.,"Lititz, Pa.",Manheim Township High School,
Drew Reynolds,Maine,2025,72,215,L,R,R-Jr.,"Chehalis, Wash.",W.F. West,
Caleb Leys,Maine,2025,73,190,R,L,R-Jr.,"Middletown, R.I.",Middletown High School,
Tommy Martin,Maine,2025,76,195,R,R,Fr.,"Randolph, N.J.",Randolph High School,
Albert De La Rosa,Maine,2025,71,190,R,R,Jr.,"Ayer, Mass.",Nashua High School South,
Aidan Bardi,Maine,2025,71,185,R,R,Fr.,"Wantagh, N.Y.",Wantagh High School,
Blaine Cockburn,Maine,2025,73,185,L,L,Jr.,"Durham, Maine",Freeport High School,
Evan Scott,Maine,2025,79,210,R,R,Fr.,"Cincinnati, Ohio",Archbishop Moeller High School,
Dylan Shaffer,Maine,2025,71,180,R,R,Fr.,"Manalapan, N.J.",Manalapan High School,
Damon Gaither,Maine,2025,78,245,R,R,Gr.,"Olympia, WA",Tumwater High School,
Jason Krieger,Maine,2025,76,185,R,R,So.,"Red Lion, Pa.",Red Lion High School,
Gabe Gifford,Maine,2025,70,190,L,L,So.,"Old Town, Maine",Old Town High School,
Alex Primeau,Maine,2025,73,215,R,R,Fr.,"Sainte-Julie, Quebec",University of Sherbrooke,
Owen Wheeler,Maine,2025,73,190,R,R,So.,"Chalfont, Pa.",Central Bucks South,
Pierce Friedman,Maine,2025,73,190,R,R,Jr.,"Swampscott, Mass.",Swampscott High School,
Patrick Jones,Maine,2025,74,195,R,L,Fr.,"Dighton, Mass.",La Salle Academy,
Chase Trolaro,Maine,2025,72,175,L,L,R-Fr.,"Oakland, N.J.",Indian Hills High School,
Brennan Rumpf,Maine,2025,75,210,R,R,So.,"Falmouth, Maine",Falmouth High School,
Dean O'Neill,Maine,2025,72,200,R,R,Jr.,"West Chester, Pa.",West Chester Henderson High School,
Tommy Martorano,Maine,2025,74,195,L,L,R-Fr.,"Wrentham, Mass.",King Philip Regional High School,
Vaun Larisa,Maine,2025,73,190,R,R,Jr.,"Lincoln, R.I.",Lincoln High School,
Jason Libby,Maine,2025,75,210,L,R,So.,"Bangor, Maine",Bangor Christian,
Aidan Taclas,Manhattan,2025,72,190,L,R,Jr.,"San Francisco, CA",Sacred Heart Cathedral,College of San Mateo (JUCO)
Cam Carignan,Manhattan,2025,70,165,R,R,Jr.,"Rutland, MA",Wachusett Regional,Colby-Sawyer
Trey Packen,Manhattan,2025,74,190,R,R,Jr.,"Wood-Ridge, NJ",Wood-Ridge,
Ryan Ash,Manhattan,2025,74,185,R,R,Sr.,"Saratoga Springs, NY",Saratoga Springs,
Nico Mattera,Manhattan,2025,72,190,R,R,Sr.,"Moorpark, CA",Moorpark,
Michael Simone,Manhattan,2025,73,220,R,R,Fr.,"Denville, NJ",Morris Knolls,
Jeremy Sosa,Manhattan,2025,72,205,R,R,Fr.,"Bronx, NY",All Hallows,
Josiah Brown,Manhattan,2025,72,190,S,R,So.,"North Plainfield, NJ",Saint Joseph,
Andrew Castelluccio,Manhattan,2025,75,180,R,R,Jr.,"Ridgefield, CT",Ridgefield,St. John's
Guriyandel Salva,Manhattan,2025,70,175,L,R,Fr.,"Dorado, Puerto Rico",,Carlos Beltran Baseball Academy
Preston Tamm,Manhattan,2025,70,195,R,R,Fr.,"Westfield, IN",Westfield,
Joey Craska,Manhattan,2025,71,180,R,R,Gr.,"Gibsonia, PA",Mars Area,NJIT
Hunter Sute,Manhattan,2025,71,210,L,R,Jr.,"Tuscaloosa, AL",American Christian Academy,Alabama
Jake Hatch,Manhattan,2025,71,195,R,R,Gr.,"Carlisle, MA",Concord Carlisle,Emerson
Dylan Mayer,Manhattan,2025,75,210,R,L,So.,"Glenview, IL",New Trier,
Andrew Brown,Manhattan,2025,75,200,R,R,R-Fr.,"Newtown, PA",Council Rock North,
Jackson Klein,Manhattan,2025,70,210,L,L,Fr.,"Santa Monica, CA",Santa Monica,
Trevor Hansen,Manhattan,2025,76,215,R,R,Jr.,"Skillman, NJ",Montgomery,
Andreaus Lewis,Manhattan,2025,70,200,L,R,Sr.,"Atlanta, GA",Winder Barrow,Pensacola State CC
Joseph Duffield,Manhattan,2025,76,205,R,R,So.,"Delran, NJ",Delran,
Matthew Corwin,Manhattan,2025,76,205,R,R,R-Fr.,"Rutherford, NJ",Saint Peter's Prep,
Cade Udell,Manhattan,2025,79,230,R,R,Gr.,"Longwood, FL",Lake Mary,Villanova
Ryan Lordier,Manhattan,2025,68,185,R,R,Jr.,"Millbrae, CA",Capuchino,West Valley College (JUCO)
Ryan Brader,Manhattan,2025,75,195,R,R,R-Fr.,"Lititz, PA",Manheim Township,
Brant Vicini,Manhattan,2025,75,205,R,R,So.,"Westwood, NJ",Saint Joseph Regional,
Brad Grasser,Manhattan,2025,74,195,R,R,Sr.,"Peachtree City, GA",McIntosh,Chattahoochee Valley CC
Braeden Romero,Manhattan,2025,77,205,R,R,Jr.,"Chandler, AZ",Perry,GateWay CC (AZ)
Ryan McLaughlin,Manhattan,2025,72,220,R,R,R-So.,"Bensalem, PA",Bensalem,
Landon Kuntzelman,Manhattan,2025,73,200,R,R,R-Fr.,"Enola, PA",Trinity,
Arnav Ghuliani,Manhattan,2025,72,210,L,L,R-Jr.,"Apex, NC",Green Hope,Queens (NC)
Colin Basehore,Manhattan,2025,73,200,R,R,Fr.,"Harrisburg, PA",Cumberland Valley,
Jacob Smoot,Manhattan,2025,75,215,L,L,R-Jr.,"Burleson, TX",Centennial,Dallas College Richmond (JUCO)
Peter Daseking,Manhattan,2025,73,185,L,L,Gr.,"Los Altos, CA",Los Altos,"University of Washington, Seattle"
JD Stemhagen,Manhattan,2025,71,185,R,R,So.,"Richmond, VA",Trinity Episcopal,
Chris Fidanza,Manhattan,2025,78,200,R,R,R-So.,"New Fairfield, CT",New Fairfield,Coastal Carolina
Tyler Galletti,Manhattan,2025,72,205,R,R,Gr.,"Plainview, NY",Plainview Old Bethpage JFK,Sacred Heart
Aidan Katzman,Manhattan,2025,69,170,R,R,So.,"Huntington Bay, NY",Chaminade,
Ivan Epps,Manhattan,2025,73,215,R,R,Fr.,"Freeport, NY",Long Island Lutheran,
Carter Cowburn,Manhattan,2025,77,230,R,R,So.,"Hughesville, PA",Hughesville,
Nate Ryhlick,Manhattan,2025,73,215,L,L,R-Jr.,"Dayton, OH",Northmont,
Mike Biuso,Mansfield,2025,73,,,,Gr.,"Staten Island, N.Y.",Tottenville,
Ryan Scott,Mansfield,2025,71,,,,Sr.,"Elmira, N.Y.",Horseheads,
Alex Bucolo,Mansfield,2025,70,,,,So.,"Pine Bush, N.Y.",Pine Bush,
Jerry Crispino,Mansfield,2025,67,,,,R-Jr.,"Mechanicsburg, Pa.",Cumberland Valley,
Kahale Burns,Mansfield,2025,67,,,,Fr.,"Milesburg, Pa.",Bald Eagle,
Ryan Sekulski,Mansfield,2025,75,,,,So.,"West Lawn, Pa.",Wilson High School,
Austin Beauchamp,Mansfield,2025,72,,,,So.,"Altoona, Pa.",Bishop Guilfoyle Catholic,
Cole Serfass,Mansfield,2025,74,,,,So.,"Palmerton, Pa.",Palmerton,
Mason Pfeil,Mansfield,2025,72,,,,Fr.,"Johnstown, Pa.",Bishop McCort,
Cooper Rother,Mansfield,2025,70,,,,So.,"Altoona, Pa.",Bishop Guilfoyle,
Jacob Houtz,Mansfield,2025,74,,,,Sr.,"Schuylkill Haven, Pa.",Schuylkill Haven,
Taylor Blevins,Mansfield,2025,72,,,,Fr.,"Havre de Grace, Md.",Havre de Grace,
Hunter Smith,Mansfield,2025,75,,,,Fr.,"Martinsburg, Pa.",Central,
Brad Hood,Mansfield,2025,75,,,,So.,"Lansford, Pa.",Panther Valley,
Jeffrey Coakley,Mansfield,2025,72,,,,Sr.,"Washington, D.C.",Woodrow Wilson,
Garrett Emerick,Mansfield,2025,73,,,,So.,"New Paris, Pa.",Chestnut Ridge,
Brett Stewart,Mansfield,2025,72,,,,Sr.,"Easton, Pa.",Easton,
Conner Adams,Mansfield,2025,67,,,,So.,"Wellsboro, Pa.",Wellsboro,
Luke Raho,Mansfield,2025,68,,,,Fr.,"Johnstown, Pa.",Richland,
Tyler Swineford,Mansfield,2025,75,,,,So.,"Selinsgrove, Pa.",Selinsgrove Area High School,
Ryan Verbonitz,Mansfield,2025,70,,,,Sr.,"Milnesville, Pa.",Hazleton,
Logan Wells,Mansfield,2025,72,,,,So.,"Erie, Pa.",Mercyhurst Prep,
Cael Frame,Mansfield,2025,73,,,,Rf.,"Montoursville, Pa,",Montoursville,
Evan Woznick,Mansfield,2025,74,,,,Jr.,"Scranton, Pa.",Scranton,
Quinn Shindler,Mansfield,2025,74,,,,Fr.,"Manchester, Pa.",Northeastern,
Zack Garrity,Mansfield,2025,70,,,,So.,"Sayre, Pa.",Sayre High School,
Austin Lewis,Mansfield,2025,71,,,,Sr.,"Altoona, Pa.",Bishop Guifoyle,
Shane Stossel,Mansfield,2025,76,,,,Gr.,"Harrisburg, Pa.",Bishop McDevitt,
Hunter Reagan,Marian (IN),2025,74,190,R,R,R-Jr.,"Union City, Ind.",,Union City HS
Seth Risley,Marian (IN),2025,75,195,R,R,R-Jr.,"St. Leon, Ind.",,East Central HS
Johnny Roeder,Marian (IN),2025,72,205,R,R,Jr.,"Greenwood, Ind.",,Roncalli HS
Elijah Kelly,Marian (IN),2025,71,170,R,R,So.,"Lafayette, Ind.",,Harrison HS
Jacob Dill,Marian (IN),2025,72,185,R,R,So.,"Indianapolis, Ind.",,Cardinal Ritter HS
Dawson Estep,Marian (IN),2025,69,185,S,R,R-Sr.,"Carmel, Ind.",,Connors State College
Josh Lamb,Marian (IN),2025,73,180,R,R,R-Jr.,"Hammond, Ind.",,Hammond Morton HS
Logan Drook,Marian (IN),2025,72,180,R,R,Jr.,"Centerville, Ind.",,Centerville HS
Jayson Cottrell,Marian (IN),2025,72,210,L,L,Sr.,"Terre Haute, Ind.",,Terre Haute North HS
Aidan Bishop,Marian (IN),2025,72,190,R,R,R-Jr.,"Speedway, Ind.",,Speedway HS
Andrew Neff,Marian (IN),2025,73,210,R,L,R-So.,"Mooresville, Ind.",,University of Cincinnati
Callan Gick,Marian (IN),2025,70,170,R,R,So.,"West Lafayette, Ind.",,Harrison HS
Brady Armstrong,Marian (IN),2025,75,200,R,R,Fr.,"Washington Courthouse, OH",,
Zeke Bonilla,Marian (IN),2025,74,200,L,R,So.,"Chicago, Ill.",,Hope Academy
Chris Adams,Marian (IN),2025,75,220,R,R,R-Jr.,"Avon, Ind.",,Avon HS
Justin Johnson,Marian (IN),2025,70,175,R,L,R-Jr.,"Schererville, Ind.",,Marian Catholic HS
Jace Stoops,Marian (IN),2025,76,235,R,R,R-Sr.,"Monticello, Ind.",,Twin Lakes HS
Garrett West,Marian (IN),2025,74,180,R,R,So.,"Indianapolis, Ind.",,Ben Davis HS
Damien Wallace,Marian (IN),2025,76,185,R,R,Sr.,"Indianapolis, Ind.",,Cardinal Ritter HS
Davis Enfield,Marian (IN),2025,75,250,R,R,R-Sr.,"Middlebury, Ind.",,Northridge HS
Max Steffen,Marian (IN),2025,73,200,L,R,Sr.,"Hamilton, Ohio",,Marietta College
Seth Hogg,Marian (IN),2025,73,190,R,R,So.,"Indianapolis, Ind.",,University HS
Deacon Spencer,Marian (IN),2025,70,175,R,R,R-So.,"Frankfort, Ind.",,Frankfort HS
Kameron Salazar,Marian (IN),2025,70,175,L,R,Sr.,"Syracuse, Ind.",,Wawasee HS
Nathan Pinarski,Marian (IN),2025,71,165,L,R,So.,"Goshen, Ind.",,Goshen HS
Cole McManus,Marian (IN),2025,72,195,L,R,R-Jr.,"Naperville, Ill.",,Benedictine University
Phillip Amones,Marian (IN),2025,74,185,R,R,Fr.,"Valparaiso, Ind.",,
Mitchell Porter,Marian (IN),2025,77,225,R,R,R-Jr.,"Cincinnati, Ohio",,Walnut Hills HS
Aden Burnside,Marian (IN),2025,75,200,L,L,R-So.,"Seymour, Ind.",,Seymour HS
Zach Bale,Marian (IN),2025,79,235,R,R,R-Jr.,"Destin, Fla.",,Chatt Valley CC
Eli Loichinger,Marian (IN),2025,71,195,R,R,Fr.,"Batesville, Ind.",,
Dylan Holmes,Marian (IN),2025,75,180,R,R,So.,"Demotte, Ind.",,Kankakee Valley HS
Carter King,Marian (IN),2025,76,200,R,R,R-Jr.,"Muncie, Ind.",,Delta HS
Hector Corona,Marian (IN),2025,70,185,L,R,Fr.,"Plainfield, Ill.",,
Calvin Miller,Marian (IN),2025,75,220,L,R,Fr.,"Indianapolis, Ind.",,
Kaden Patten,Marian (IN),2025,76,175,R,R,Fr.,"Mount Orab, Ohio",,
Aidan Holtzapple,Marian (IN),2025,72,235,L,R,Fr.,"Westifeld, Ind.",,
Cecil Prather,Marian (IN),2025,73,175,R,R,Jr.,"Alexander, Ark.",,Arkansas Baptist
Roman Utterback,Marian (IN),2025,70,165,R,R,Fr.,"Crawfordsville, Ind.",,
Ramon Martinez,Marian (IN),2025,72,205,R,R,Fr.,"Greenwood, Ind.",,
Jack Peine,Marian (IN),2025,75,200,R,R,Fr.,"Fishers, Ind.",,
Corbin Wells,Marian (IN),2025,73,190,L,L,Fr.,"Lebanon, Ind.",,
Caden Bradley,Marian (IN),2025,72,185,R,R,R-Jr.,"Mooresville, Ind.",,Mooresville HS
Michael Willeke,Marian (IN),2025,73,185,R,R,Sr.,"Fishers, Ind.",,Indiana University
Ryan Przybysz,Marian (IN),2025,72,180,R,R,R-Jr.,"Ada, Mich.",,Forest Hills Eastern HS
Andrew Speranza,Marist,2025,70,175,,,So.,"Poughkeepsie, NY",Spackenkill,STAQ
Brady Steinert,Marist,2025,73,175,R,R,Jr.,"Dix Hills, NY",Chaminade High School,
Will Taylor,Marist,2025,74,190,,,R-So.,"Webster, NY",McQuaid Jesuit HS,Wofford
AJ Brotz,Marist,2025,72,185,R,R,Jr.,"Bath, NY",Haverling High School,Genesee CC
Nathan Lincoln,Marist,2025,71,185,R,R,Sr.,"Canton, CT",Canton,
Nick Buchman,Marist,2025,74,175,,,Jr.,"Hopatcong, NY",Pope John High School,
Dylan Millman,Marist,2025,71,200,R,R,Jr.,"Somerset, NJ",Franklin High School,
Kyle Pollack,Marist,2025,72,205,R,R,Jr.,"Neptune, NJ",Saint John Vianney,
Julian Abreu,Marist,2025,71,165,R,R,So.,"Philadelphia, PA",Friends Central School,
Cole Casamento,Marist,2025,72,205,R,R,Sr.,"Limerick, PA",,Lackawanna College
Lewis Rodriguez,Marist,2025,70,170,R,R,So.,"Garnerville, NY",Rabun Gap Nacoochee,
Zach Donahue,Marist,2025,71,180,S,R,Gr.,"South Windsor, CT",South Windsor High Scholl,Eastern Connecticut State
Aidan Vargas,Marist,2025,74,205,,,So.,"Teaneck, NJ",Teaneck High School,
Nick Coppola,Marist,2025,73,180,,,Fr.,"Shelton, CT",St. Joseph High School,
Jason Claiborn,Marist,2025,72,195,L,L,Gr.,"Prospect, CT",Woodland Regional HS,Eastern Connecticut State
Andrew Fierro,Marist,2025,72,185,,,So.,"Bloomingdale, NJ",Butler High School,
Kai Cottle,Marist,2025,74,190,,,Sr.,"Middletown, CT",Middletown HS,
Steven Mazza,Marist,2025,73,200,,,Jr.,"Forest Hills, NY",Archbishop Molloy High School,
Michael Mayhugh,Marist,2025,72,195,R,R,Fr.,"Spring Branch, TX",The Taft School,
Tyler Hartley,Marist,2025,74,180,,,R-So.,"Cromwell, CT",Xavier High School,
Chris Diaz,Marist,2025,72,210,L,L,R-Fr.,"Pomona, NY",Millbrook School,Tulane
Bobby LeFevre,Marist,2025,75,195,,,R-So.,"Poughkeepsie, NY",FDR High School,STAQ
Colin Carver,Marist,2025,73,210,,,So.,"Deep River, CT",Valley Regional High School,
Scott Esposito,Marist,2025,69,180,R,R,R-Fr.,"Katonah, NY",John Jay High School,
Aydan McNelly,Marist,2025,72,215,R,R,Jr.,"Limerick, PA",Spriing-Ford HS,Lacawanna College
Jake Burt,Marist,2025,75,205,,,Jr.,"Wall, NJ",Wall High School,Brookdale CC
Drew McGowan,Marist,2025,69,165,L,R,Fr.,"Manorville, NY",Eastport-South Manor HS,
Luke Monico,Marist,2025,71,170,R,R,Fr.,"Ramsey, NJ",Ramsey HS,
Caleb Kempler,Marist,2025,73,195,,,Jr.,"Princeton Junction, NJ",Notre Dame High School,
Ty Morris,Marist,2025,76,205,,,Sr.,"Manchester, MD",,Lackawanna College
AJ Thomas,Marist,2025,75,160,,,Jr.,"Easton, PA",Easton Area High School,
Cody Heselton,Marist,2025,71,185,,,Fr.,"Glastonbury, CT",Putnam Science Academy,
Ryan VanDeWater,Marist,2025,72,190,,,R-So.,"Poughkeepsie, NY",Lourdes,UConn
Ethan Marzo,Marist,2025,72,200,,,R-Fr.,"Middletown, NJ",Red Bank Catholic High School,
John Hacker,Marist,2025,76,215,,,Sr.,"Saddle Brook, NJ",Saddle Brook High School,
Riley Orr,Marist,2025,74,200,,,Gr.,"Queensbury, New York",,Castleton
Chris Scott Ubner,Marist,2025,69,185,,,Sr.,"Cooperstown, NY",Cooperstown High School,Herkimer
Logan Scholl,Marist,2025,71,185,,,Fr.,"Garnerville, NY",Albertus Magnus HS,
Noel Rivera,Marist,2025,70,185,R,R,Fr.,"Brooklyn, NY",Suffield Academy,
Elijah Vogelsong,Marshall,2025,70,205,,,Sr.,"Minford, OH",Minford High School,
Maika Niu,Marshall,2025,73,180,,,Jr.,"Mechanicsburg, Pa.",Trinity,
Jackson Halter,Marshall,2025,72,195,,,Sr.,"Texarkana, Texas",Texas,
Nicholas Weyrich,Marshall,2025,76,200,,,Sr.,"London, Ohio",Urbana High School,
Eddie Leon,Marshall,2025,73,190,,,Sr.,"Miami, Fla.",Christopher Columbus High School,
Jackson Golden,Marshall,2025,74,200,,,Fr.,"Apopka, Fla.",Lake Brantley,
Bryce Blevins,Marshall,2025,71,195,,,Jr.,"Louisa, Ky.",Lawrence County High School,
Fenix DiGiacomo,Marshall,2025,77,235,,,Sr.,"Spotsylvania, Va.",Riverbend,
Matty Go,Marshall,2025,69,175,,,R-Fr.,"Acworth, Ga.",North Cobb Christian,
Brady Baxter,Marshall,2025,75,225,,,R-So.,"Danville, Ky.",Danville High School,
Cooper Hinson,Marshall,2025,73,190,,,Fr.,"Valrico, Fla.",Bloomingdale,
Bauer Burkart,Marshall,2025,72,170,,,So.,"Leesburg, Va.",Tuscarora,
Branson McCloud,Marshall,2025,74,195,,,R-Fr.,"Huntington, W.Va.",Spring Valley,
Blaine Albright,Marshall,2025,75,215,,,R-Fr.,"Lima, Ohio",Bath,
Tim Baird,Marshall,2025,74,200,,,Gr.,"North Royalton, Ohio",North Royalton,
Griffin Miller,Marshall,2025,74,200,,,So.,"Madison, W.Va.",Scott,
Will Lafferty,Marshall,2025,72,170,,,R-Fr.,"Inez, Ky.",Lawrence County,
Jack Smith,Marshall,2025,74,175,,,So.,"Cincinnati, Ohio",Kings,
AJ Havrilla,Marshall,2025,71,200,,,So.,"Canfield, Ohio",Canfield,
Tyler Kamerer,Marshall,2025,70,185,,,R-So.,"New Castle, Pa.",Shenango,
Cam Harthan,Marshall,2025,72,195,,,Jr.,"Cumberland, R.I.",Cumberland High School,
Clint Moak,Marshall,2025,72,165,,,Fr.,"Hamilton, Ohio",Hamilton,
Alex McKay,Marshall,2025,72,185,,,Gr.,"Powder Springs, Ga.",Hilgrove,
Ben Cohen,Marshall,2025,72,170,,,Fr.,"Pawley's Island, S.C.",Waccamaw,
A.J. McAninch,Marshall,2025,74,195,,,Fr.,"Columbus, Ohio",Bishop Waterson,
Kenyon Collins,Marshall,2025,73,180,,,Fr.,"Ona, W.Va.",Midland,
Peyton Jackson,Marshall,2025,76,220,,,Fr.,"Ashland, Ky.",Boyd County,
Rivers Johnson,Marshall,2025,77,200,,,Fr.,"Aynor, S.C.",Aynor,
Ethan Murdoch,Marshall,2025,74,205,,,Sr.,"Swift Current, Saskatchewan, Canada",Swift Current Comprehensive,
Josh Ferguson,Marshall,2025,75,205,,,Fr.,"Evansville, Ind.",Central,
Davis Gunn,Marshall,2025,76,215,,,Fr.,"Louisville, Ky.",South Oldham,
Joel Gardner,Marshall,2025,72,215,,,R-Jr.,"Hurricane, W.Va.",Hurricane,
Caleb Furmage,Marshall,2025,74,190,,,Fr.,"Salem, Va.",Salem,
Wil Gubba,Marshall,2025,73,175,,,Fr.,"Pittsburgh, Pa.",West Allegheny,
Jack DeDonato,Marshall,2025,76,215,,,R-Jr.,"Mercer Island, Wa.",Mercer Island,
Nolan Wilson,Marshall,2025,73,205,,,Sr.,"Roseville, Calif.",Granite Bay,
Luke Proehl,Marshall,2025,75,215,,,So.,"South Riding, Va.",Freedom,
Charlie Krebs,Marshall,2025,74,215,,,So.,"Purcellville, Va.",Woodgrove,
Patrick Mazur,Marshall,2025,74,190,,,Fr.,"Indianapolis, Ind.",Cathedral,
Brandon Brunette,Marshall,2025,79,240,,,Jr.,"Edmonds, Wa.",Meadowdale,
BRYCE FONTENOT,McNeese,2025,69,180,,,Fr.,"Sulphur, La.",Sulphur HS,
MATT STANCLIFF,McNeese,2025,70,170,,,Jr.,"Burleson, Texas",Burleson Centennial HS,Northern Oklahoma College-Tonkawa
DAVIS MECHE,McNeese,2025,70,175,,,Gr.,"Lake Charles, La.",Barbe HS,UL-Monroe
CONNOR SCHNEIDER,McNeese,2025,71,185,,,R-Jr.,"Papillion, Neb.",,South Mountain CC
BRALEY HOLLINS,McNeese,2025,73,190,R,R,R-Jr.,"Allen, Texas",,McLennan CC
GRANT MANGRUM,McNeese,2025,74,205,,,Sr.,"Sterlington, La.",Sterlington HS,LSUE
JORDAN THOMPSON,McNeese,2025,74,190,,,R-Jr.,"Moss Bluff, La.",Sam Houston,Nicholls
GAGE TRAHAN,McNeese,2025,70,190,,,So.,"Sulphur, La.",Sulphur HS,
COOPER GOLDEN,McNeese,2025,76,220,,,Jr.,"Odessa, Texas",Permian HS,Paris JC
LANDON KERKMAZ,McNeese,2025,72,195,,,Jr.,"Frisco, Texas",McKinney HS,Brookhaven JC
CONNER WESTENBURG,McNeese,2025,72,185,R,R,Sr.,"Porter, Texas",Porter HS,
BRYCE JONES,McNeese,2025,71,205,,,Jr.,"Montgomery, Texas",,Navarro JC
JOSH DEGROOT,McNeese,2025,73,190,,,Jr.,"Caledonia, Wis.",Union Grove HS,Mesa CC
ISAAC DUPLECHAIN,McNeese,2025,69,185,R,R,R-Sr.,"Lake Charles, La.",Barbe HS,
MARCUS HEUSOHN,McNeese,2025,73,205,,,Sr.,"Waterloo, Ill.",Waterloo,Illinois-Chicago
EASTON DOWELL,McNeese,2025,71,175,R,R,R-So.,"Aransas Pass, Texas",Gregory Portland HS,
MACK BROUSSEAU,McNeese,2025,76,225,,,So.,"Frisco, Texas",Reedy Frisco,Howard JC
COLE PLOWMAN,McNeese,2025,74,205,,,Sr.,"Forth Worth, Texas",V.R. Eaton,Seminole St./Wichita St.
SIMON LARRANAGA,McNeese,2025,76,225,,,Sr.,"Mont Belvieu, Texas",Barbershill HS,Temple College
ERIC NACHTSHEIM,McNeese,2025,76,235,,,Jr.,"Reno, Nev.",Reno HS,Mesa CC
SERGIO LOPEZ,McNeese,2025,72,200,,,Sr.,"Eagle Pass, Texas",,Texas A&M-Kingsville
DIEGO CORRALES,McNeese,2025,69,170,,,Fr.,"Lake Charles, La.",Barbe HS,
LARRY EDWARDS JR.,McNeese,2025,73,184,,,Jr.,"Tulsa, Okla.",Metro Christian Academy,Northern Oklahoma College-Tonkawa
ALEXIS GRAVEL,McNeese,2025,73,220,,,Sr.,"Repentigny, Canada",Felix-Leclerc,Weatherford College
PAUL COPPINGER,McNeese,2025,79,265,,,R-Jr.,"El Paso, Texas",Coronado HS,New Mexico JC
GREYSON CHRISTIAN,McNeese,2025,78,245,,,R-Jr.,"Azle, Texas",Azle HS,Seminole St.
CALEB STRMISKA,McNeese,2025,82,210,,,Jr.,"Georgetown, Texas",Gateway College Prep,Texas A&M-International
BRAEDYN CUNNINGHAM,McNeese,2025,77,225,,,R-So.,"Argyle, Texas",Denton Guyer,Navarro JC
JAKE BLACKWELL,McNeese,2025,75,205,,,Jr.,"Oktaha, Okla.",Oktaha,Murray State College
BLAYNE FRITCHER,McNeese,2025,77,207,,,Gr.,"Lexington, Texas",,Shorter University
MAX SWENSON,McNeese,2025,75,208,,,Sr.,"San Antonio, Texas",Smithson Valley HS,New Mexico JC
COOPER DEVALL,McNeese,2025,70,210,,,R-Fr.,"Sulphur, La.",Sulphur HS,
TY HOWRY,McNeese,2025,79,240,,,Jr.,"Peoria, Ariz.",Northwest Christian,Cisco College
SETH FONTENOT,McNeese,2025,75,205,,,So.,"Baton Rouge, La.",Catholic HS of Baton Rouge,Baton Rouge CC
MARCUS MOTT,McNeese,2025,70,160,R,R,R-Sr.,"Moss Bluff, La.",,Temple CC
PARKER MORGAN,McNeese,2025,73,200,,,Jr.,"Lake Charles, La.",St. Louis Catholic,LSU-Eunice
KOHL NAVARRE,McNeese,2025,73,210,,,So.,"Sulphur, La.",Sulphur HS,
BRADY CORCORAN,McNeese,2025,71,210,,,Fr.,"Nederland, Texas",Nederland HS,
CADE WALLACE,McNeese,2025,75,200,,,Jr.,"Magnolia, Texas",,Galveston College
MYLES MEYER,McNeese,2025,75,207,,,Sr.,"Auburn, Calif.",Placer HS,Oklahoma
PARKER PRIMEAUX,McNeese,2025,69,170,,,Gr.,"Lake Charles, La.",Welsh,Creighton
Creek Robertson,Memphis,2025,72,190,R,R,R-Jr.,"Oxford, Miss.",Southern Miss,Pearl River CC
Shane Cox,Memphis,2025,75,215,R,R,R-Jr.,"Munford, Tenn.",null,
Will Vasseur,Memphis,2025,76,215,R,R,Jr.,"Fort Collins, Colo.",Navarro College,Monterey Peninsula CC
Logan Stelling,Memphis,2025,72,200,R,R,R-Jr.,"Gilroy, Calif.",Mission CC,West Valley College
Eli Curtis,Memphis,2025,75,180,L,L,R-So.,"Chatham, Ill.",Lincoln Land CC,
Kylan Stepter,Memphis,2025,73,195,R,R,R-Sr.,"Hernando, Miss.",East Mississippi CC,South Alabama
Cy Turner,Memphis,2025,75,185,L,R,Jr.,"Pacific Grove, Calif.",Monterey Peninsula CC,
Justin Fogel,Memphis,2025,72,210,L,R,R-Sr.,"Yardley, Pa.",Penn State Abington,Pitt
Daniel Perez,Memphis,2025,70,185,L,R,R-Jr.,"Greenwich, Conn.",Manhattan College,
Brayden Sanders,Memphis,2025,70,215,L,R,Sr.,"Olive Branch, Miss.",Ole Miss,NW Mississippi CC
Logan Rushing,Memphis,2025,72,180,R,L,R-Jr.,"Brighton, Tenn.",null,
Seth Cox,Memphis,2025,77,220,R,R,Sr.,"McKinney, Texas",Northeast Texas CC,
Seth Garner,Memphis,2025,75,225,R,R,Jr.,"Savannah, Tenn.",null,
Davis Oswalt,Memphis,2025,70,190,R,R,Sr.,"Plantersville, Miss.",Northeast Mississippi CC,UL Monroe
Chase Nixon,Memphis,2025,73,205,L,R,Sr.,"Wilmington, N.C.",NC State,
Charlie Smith,Memphis,2025,74,180,R,R,Jr.,"Knoxville, Tenn.",Chattanooga State CC,
Cade Tucker,Memphis,2025,75,210,L,R,Sr.,"Krum, Texas",Hill College,Arkansas State
Isaac Lucas,Memphis,2025,72,200,L,L,R-So.,"Oakland, Calif.",Charleston Southern,Chabot College
Michael Dallas,Memphis,2025,71,185,R,R,Sr.,"Arlington, Tenn.",Kentucky,Jacksonville State
David Case,Memphis,2025,72,180,L,L,Sr.,"Pasadena, Calif.",Oregon State,Grand Canyon
Luke Ellis,Memphis,2025,73,190,L,L,R-Jr.,"Somerville, Tenn.",Ole Miss,
Malik Harris,Memphis,2025,78,235,R,R,So.,"Draper, Utah",,
Will Howell,Memphis,2025,76,240,R,R,R-Fr.,"Pine Bluff, Ark.",null,
Michael Politte,Memphis,2025,74,195,R,R,Fr.,"St. Louis, Mo.",null,
Cade Mattison,Memphis,2025,75,195,R,R,R-Jr.,"Hattiesburg, Miss.",Jones College,Mississippi Gulf Coast CC
Carter McKay,Memphis,2025,75,250,L,R,Fr.,"Arlington, Tenn.",,
Jonah Sutton,Memphis,2025,69,200,R,R,Sr.,"Collierville, Tenn.",,
Connor Pittman,Memphis,2025,80,225,R,R,Jr.,"Waynesboro, Miss.",Copiah-Lincoln CC,
Hayden Donahue,Memphis,2025,72,180,R,R,R-Jr.,"Booneville, Miss.",Northeast Mississippi CC,
Brandon Chorzelewski,Memphis,2025,73,175,L,L,Sr.,"Cherry Hill, N.J.",Seton Hall,South Florida State
Jack Pitts,Memphis,2025,72,210,R,R,Fr.,"Lakeland, Tenn.",null,
Seth Giamportone,Memphis,2025,75,215,R,R,Fr.,"Olive Branch, Miss.",null,
Caden Robinson,Memphis,2025,72,175,R,R,Jr.,"New Albany, Ohio",null,
Shane Thorson,Memphis,2025,70,190,L,L,Jr.,"Cary, N.C.",Gaston College,
CJ Willis,Memphis,2025,75,225,L,R,R-So.,"Bartlett, Tenn.",null,
Michael Bright,Memphis,2025,75,180,R,R,R-Fr.,"Lithia Springs, Ga.",null,
Cade Greer,Memphis,2025,71,170,R,L,Jr.,"Lewisburg, Miss.",Northwest Mississippi CC,
Webb Watson,Memphis,2025,72,205,L,L,Fr.,"North Little Rock, Ark.",null,
James Smith IV,Memphis,2025,77,185,R,R,Jr.,"Olive Branch, Miss.",Ole Miss,Northwest Mississippi CC
Victor Valle,Menlo,2025,72,180,L,R,R-Fr.,"Pittsburg, CA",,Pittsburg HS
Carter Harris,Menlo,2025,67,160,L,R,Sr.,"Elk Grove, CA",,Elk Grove HS
Sam Thawley,Menlo,2025,72,205,R,R,Jr.,"Rocklin, CA",,Yuba College
Jake Warkentien,Menlo,2025,73,180,L,R,So.,"Chandler, AZ",,Chandler HS
Jayshaun Wise,Menlo,2025,74,195,R,R,Jr.,"Benicia, CA",,San Joaquin Delta College
Zach Dyer,Menlo,2025,70,175,R,R,Sr.,"Cameron Park, CA",,Cosumnes River College
Richard Kiel,Menlo,2025,77,217,R,R,Gr.,"Melbourne, Australia",,St. Joseph's College
Frank Grant,Menlo,2025,70,190,R,R,Sr.,"Las Vegas, NV",,Cabrillo College
Sam Grannes,Menlo,2025,75,190,R,R,Sr.,"Newcastle, CA",,Sierra Junior College
Chase Hilde,Menlo,2025,71,195,S,R,Jr.,"Eagle, ID",,Saint Mary's College
Jaden Fulsher,Menlo,2025,72,195,R,R,Sr.,"Gresham, OR",,Centralia College
Keenan Shaw,Menlo,2025,71,205,R,R,Sr.,"Visalia, CA",,Mt. Whitney HS
Landon Rowland,Menlo,2025,75,192,L,R,So.,"Loomis, CA",,Del Oro High School
Wesley Payne,Menlo,2025,78,228,L,R,Fr.,"Turlock, CA",,Central Catholic HS
Matthew Verdugo,Menlo,2025,73,190,R,R,Fr.,"Redondo Beach, CA",,Redondo Union HS
Brayden Wilson,Menlo,2025,70,175,R,R,Fr.,"Stockton, CA",,Saint Mary's HS
Trey Silva,Menlo,2025,76,205,R,R,Fr.,"Watsonville, CA",,St. Francis HS
Matt Morrison,Menlo,2025,74,205,L,R,Jr.,"Santa Cruz, CA",,Cabrillo College
Brandon Moreno,Menlo,2025,72,195,R,R,Sr.,"Milpitas, CA",,Sonoma State University
Scott Beadles,Menlo,2025,73,184,R,R,Fr.,"Calavares, CA",,Calaveras HS
Charles Williams,Menlo,2025,80,230,L,L,Sr.,"San Luis Obispo, CA",,Cuesta College
Lakin Anderson,Menlo,2025,74,210,R,R,Fr.,"Campbell, CA",,Westmont HS
Braydon Allie,Menlo,2025,70,210,L,R,Jr.,"Tooele, UT",,Utah Tech
Tyler Brazil,Menlo,2025,73,215,L,R,Fr.,"San Marcos, CA",,Maranatha Christian HS
Jackson Gomes,Menlo,2025,73,205,L,R,Sr.,"San Luis Obispo, CA",,San Diego Christian College
Samuel Brewer,Menlo,2025,74,215,R,R,Jr.,"Chula Vista, CA",,Cuesta College
Israel Garcia,Menlo,2025,68,175,R,R,R-Fr.,"San Francisco, CA",,Archbishop Riordan HS
Donovan Kerr,Menlo,2025,70,185,R,R,So.,"Atascadero, CA",,Atascadero HS
Jay Johnson,Menlo,2025,75,220,R,R,R-Fr.,"Granada Hills, CA",,Bishop Alemany HS
Nick Liechty,Menlo,2025,70,180,L,L,Sr.,"Brentwood, CA",,CSU Dominguez Hills
Bradley Morris,Menlo,2025,70,190,R,R,Jr.,"Placerville, CA",,Sierra College
Matthew Zarriello,Menlo,2025,74,190,R,R,Fr.,"Honolulu, HI",,Kamehameha HS
Ramone Valenzuela,Menlo,2025,72,190,L,R,Fr.,"Hemet, CA",,Tahquitz HS
Chase Barsotti,Menlo,2025,71,185,R,R,Sr.,"Fresno, CA",,Clovis West High School
Nolan Rodriguez,Menlo,2025,73,200,R,R,So.,"San Jose, CA",,Branham HS
Anthony Tellez,Menlo,2025,73,180,R,R,Sr.,"Fullerton, CA",,Marymount California University
Justin Flannery,Menlo,2025,70,190,R,R,Sr.,"Murrieta, CA",,Palomar College
Jacob Baca,Menlo,2025,72,195,R,R,Jr.,"Alameda, CA",,Reedley College
Anthony Deluca,Menlo,2025,67,160,R,R,Jr.,"Simi Valley, CA",,Moorpark College
Noah Paiva,Menlo,2025,68,150,L,R,Fr.,"Mililani, HI",,Saint Louis HS
Samuel Sherman,Merrimack,2025,70,,R,R,Jr.,"Pittsfield, Mass.",Taconic High School,
Jayden Hamilton,Merrimack,2025,72,,R,R,Fr.,"Londonderry, N.H.",Londonderry High School,
Brooks Craigue,Merrimack,2025,70,,R,R,So.,"Concord, N.H.",Concord High School,
Andrew Cheever,Merrimack,2025,74,,R,R,Fr.,"Yarmouth, Maine",Yarmouth High School,
Cam Marshall,Merrimack,2025,75,,R,R,So.,"Ayer, Mass.",Ayer Shirley Regional High School,
Jack Andrews,Merrimack,2025,75,,R,R,R-Fr.,"Fairfield, Conn.",Fairfield Warde High School / University of Delaware,
Christian Scanlon,Merrimack,2025,74,,L,L,Jr.,"West Haven, Conn.",Hamden Hall Country Day,
Cavan Brady,Merrimack,2025,74,,R,R,Gr.,"Sheffield, Mass.",Wheaton College,
Hayden Bond,Merrimack,2025,73,,R,R,Jr.,"Lynnfield, Mass.",Malden Catholic,
Damon Fuller,Merrimack,2025,72,,L,L,Sr.,"Shrewsbury, Mass.",St. John's High School,
Timmy Bonin,Merrimack,2025,70,,L,L,So.,"Dillsburg, Pa.",Northern York High School,
Cole Yennaco,Merrimack,2025,70,,R,R,So.,"Windham, N,H.",Pinkerton Academy,
Oliver Barkal,Merrimack,2025,70,,R,R,Jr.,"Winnetka, Ill.",New Trier / Macomb Community College,
Matt DeShiro,Merrimack,2025,70,,L,R,Fr.,"Mansfield, Mass.",Mansfield High School,
Dawson Logie,Merrimack,2025,75,,R,R,Sr.,"Mansfield, Conn.",Loomis Chaffee / Stony Brook University,
Andrew Heffernan,Merrimack,2025,74,,R,R,So.,"South Portland, Maine",South Portland High School,
Chris Goode,Merrimack,2025,71,,R,R,Jr.,"Franklin, Mass.",Franklin High School,
James Nichols,Merrimack,2025,72,,R,R,Jr.,"Bridgewater, Mass.",Bridgewater Raynham Regional / Roger Williams University,
Frankie Ferrentino,Merrimack,2025,72,,R,R,Jr.,"East Longmeadow, Mass.",Suffield Academy,
George Athanasiadis,Merrimack,2025,71,,R,R,Sr.,"Lexington, Mass.",Landmark School,
Luke Linnehan,Merrimack,2025,75,,R,R,Gr.,"Hingham, Mass.",Boston College High School / Bates College,
Nick Hunkele,Merrimack,2025,70,,R,R,R-Fr.,"West Haven, Conn.",Notre Dame West Haven High School,
Bobby Loper,Merrimack,2025,76,,R,R,R-So.,"Chesapeake, VA",Hickory High School,
Zach Broderick,Merrimack,2025,73,,L,L,Jr.,"Fairfield, Conn.",Fairfield Warde High School,
Jack Iovino,Merrimack,2025,77,,R,R,Fr.,"Medfield, Mass.",Medfield High School,
Lucas Riley,Merrimack,2025,72,,L,L,Fr.,"North Easton, Mass.",Oliver Ames High School,
Alex Angelidis,Merrimack,2025,68,,R,R,So.,"Frederick, Md.",Tuscarora High School / University of Hartford,
Flynn Howard,Merrimack,2025,74,,R,R,R-So.,"Washington, D.C",St. John's College High School,
Mason Lombard,Merrimack,2025,73,,R,R,R-Fr.,"Watertown, Mass.",Boston College High School,
Brian Downing,Merrimack,2025,73,,R,R,So.,"Hudson, Mass.",Lawrence Academy,
Michael Bradshaw,Merrimack,2025,72,,R,R,So.,"Cumberland, R.I.",Cumberland High School,
Samuel Franco,Merrimack,2025,76,,L,L,Fr.,"Manchester, N.H.",Bishop Guertin,
Colby Barker,Merrimack,2025,77,,R,R,So.,"Warwick, R.I.",Pilgrim High School,
Logan Castellano,Merrimack,2025,74,,R,R,Jr.,"Easton, Pa.",Notre Dame Green Pond High School,
Campbell Cassidy,Merrimack,2025,74,,R,L,So.,"Auburn, Maine",Edward Little High School,
Harry Painter,Merrimack,2025,75,,R,R,Gr.,"Essex, Mass.",Manchester-Essex Regional High School / Suffolk University,
Louis Cespedes,Merrimack,2025,72,,R,R,Jr.,"Lawrence, Mass.",Abbott Lawrence Academy,
James Borsari,Merrimack,2025,74,,R,R,Jr.,"Bolton, Mass.",Nashoba Regional High School,
Owen Zadrozny,Merrimack,2025,77,,R,R,Jr.,"Cumberland, R.I.",La Salle Academy / Northeastern University,
Jack Williams,Merrimack,2025,79,,R,R,Fr.,"Medway, Mass.",St. Sebastian's School,
Drew Hurst,Messiah,2025,71,195,,,So.,"Ephrata, Pa.",,Ephrata
Cristian Reyna,Messiah,2025,68,175,,,Jr.,"Fredericksburg, Va.",,Stafford/Hood College
Roman Mastramico,Messiah,2025,73,240,,,Jr.,"Elkridge, Md.",,Oakland Mills
Dustin Isanogle,Messiah,2025,67,180,,,Sr.,"Frederick, Md.",,Catoctin
TJ May,Messiah,2025,71,185,,,Fr.,"North Granby, Ct.",,Granby Memorial
Isaiah Parido,Messiah,2025,74,190,,,Jr.,"Lancaster, Pa.",,Lampeter-Strasburg
Evan Wagaman,Messiah,2025,76,210,,,Sr.,"Chambersburg, Pa.",,Chambersburg
Matt Luchovick,Messiah,2025,70,185,,,Jr.,"Pittsburgh, Pa.",,Montour/IUP
Dominic Pizzuti,Messiah,2025,71,180,,,Sr.,"Lakeland, Fla.",,Lakeland
Henry Zercher,Messiah,2025,71,190,,,So.,"Mechanicsburg, Pa.",,Mechanicsburg
Nick Moyer,Messiah,2025,74,195,,,So.,"Royersford, Pa.",,Spring-Ford
Trey Harper,Messiah,2025,75,195,,,Fr.,"Hummelstown, Pa.",,Lower Dauphin
Dylan Beard,Messiah,2025,73,210,,,Sr.,"Lebanon, Pa.",,Cedar Crest
Brayden Burkholder,Messiah,2025,72,225,,,Fr.,"Ephrata, Pa.",,Cocalico
Isaiah Zercher,Messiah,2025,71,195,,,Sr.,"Mechanicsburg, Pa.",,Mechanicsburg
Eric Stigers,Messiah,2025,70,190,,,Sr.,"Enola, Pa.",,East Pennsboro
Jarrett Gordon,Messiah,2025,70,180,,,Sr.,"Schwenksville, Pa.",,Spring-Ford
Danny Morales,Messiah,2025,74,200,,,Sr.,"Fair Lawn, N.J.",,Fair Lawn
Josh Lichman,Messiah,2025,77,225,,,Fr.,"Kutztown, Pa.",,Northwestern Lehigh
David Martinez,Messiah,2025,66,165,,,Jr.,"St. Petersburg, Fla.",,Lakewood
Walker Cloudt,Messiah,2025,73,210,,,Fr.,"St. John's, Fla.",,Bartram Trail
Luke Ott,Messiah,2025,74,185,,,Jr.,"Collegeville, Pa.",,Perkiomen Valley
Ryan Morrison,Messiah,2025,72,165,,,Fr.,"Hampstead, Md.",,Gerstell Academy
Noah Barrall,Messiah,2025,70,195,,,Sr.,"Delmar, Del.",,Salisbury Christian
Drew Dellinger,Messiah,2025,72,185,,,Sr.,"York, Pa.",,Eastern York
Chase Taylor,Messiah,2025,70,170,,,Fr.,"Odenton, Md.",,Archbishop Spalding
Carter Reid,Messiah,2025,67,170,,,So.,"Greencastle, Pa.",,Greencastle-Antrim
Tucker Williams,Messiah,2025,73,200,,,Sr.,"Haymarket, Va.",,Battlefield
Nick Emig,Messiah,2025,72,200,,,Fr.,"Ellicott City, Md.",,Glenelg
Chris Beatty Jr.,Messiah,2025,75,185,,,Jr.,"Odenton, Md.",,Arundel
Julian Butler,Messiah,2025,74,175,,,So.,"Annapolis, Md.",,Indian Creek
Thomas Zeigler,Messiah,2025,70,195,,,Sr.,"Palmyra, Pa.",,Palmyra
Christian Foltz,Messiah,2025,68,165,,,Jr.,"Harrisburg, Pa.",,Central Dauphin
Jason Long,Messiah,2025,70,190,,,So.,"Lancaster, Pa.",,Lampeter-Strasburg
Jadyn Martin,Messiah,2025,67,160,,,Sr.,"McAlisterville, Pa.",,East Juniata
Collin Schrim,Messiah,2025,72,250,,,Jr.,"Carlisle, Pa.",,Univ. of Texas Permian Basin
Brody Travagline,Messiah,2025,68,175,,,Jr.,"Southampton, Pa.",,Pennsbury
Sawyer Shepherd,Messiah,2025,73,175,,,Fr.,"Crownsville, Md.",,Annapolis Area Christian
Landon Mark,Messiah,2025,73,190,,,Fr.,"Mechanicsburg, Pa.",,Mechanicsburg
Joshua Boll,Messiah,2025,70,185,,,Fr.,"Lancaster, Pa.",,Manheim Township
Kyler Parks,Messiah,2025,71,165,,,So.,"Mechanicsburg, Pa.",,Cumberland Valley
Zachary Harris,Messiah,2025,75,170,,,Fr.,"Ellicott City, Md.",,Centennial
Callan Hartman,Messiah,2025,68,165,,,So.,"Richmond, Va.",,Steward
Daniel Knight,Messiah,2025,71,195,,,Jr.,"Danville, Pa.",,Danville/Clarks Summit University
Kolten Martin,Messiah,2025,70,160,,,Fr.,"McAlisterville, Pa.",,East Juniata
Owen Hannevig,Messiah,2025,71,180,,,Fr.,"Pine Grove, Pa.",,Pine Grove Area
Dom Magliocca,Miami (OH),2025,71,180,,,,"Canfield, Ohio",,
Taylor Echols,Miami (OH),2025,69,150,,,,"Wapakoneta, Ohio",,
Christopher Roa Calcano,Miami (OH),2025,70,180,,,,"República Dominicana, Santo Domingo",,
Anthony Zarlingo,Miami (OH),2025,72,175,,,,"Olive Branch, Miss.",,
Clayton Burke,Miami (OH),2025,72,170,,,,"Portland, OR",,
Dillon Baker,Miami (OH),2025,72,190,,,,"Tampa, Fla.",,
Carson Byers,Miami (OH),2025,69,190,,,,"Mattawan, Mich.",,
Justin Gorski,Miami (OH),2025,68,170,,,,"Rockford, Ill.",,
Drew Phillips,Miami (OH),2025,71,170,,,,"Deerfield, IL",,
Dominic Krupinski,Miami (OH),2025,70,180,,,,"Livonia, Mich.",,
Nick Vardavas,Miami (OH),2025,71,190,,,,"Uniontown, Ohio",,
Blake Buzzeo,Miami (OH),2025,71,185,,,,"Stow, OH",,
Carson Raether,Miami (OH),2025,69,190,,,,"Goodrich, Mich.",,
Patrick Mastrian IV,Miami (OH),2025,72,195,,,,"Indianapolis, Ind.",,
Zach Neville,Miami (OH),2025,70,170,,,,"Powell, Ohio",,
Evan Appelwick,Miami (OH),2025,72,210,,,,"Madison, S.D.",,
Cole Pauley,Miami (OH),2025,73,200,,,,"Lexington, Ohio",,
Nick DeMonica,Miami (OH),2025,72,185,,,,"Cortland, Ohio",,
Landen Looper,Miami (OH),2025,76,210,,,,"Frankfort, Ill.",,
Landon Fulk,Miami (OH),2025,75,195,,,,"Platte City, Mo.",,
Ignacio Gonzalez,Miami (OH),2025,73,185,,,,"Gurabo, PR",,
Connor Preisel,Miami (OH),2025,74,225,,,,"Sagamore Hills, Ohio",,
Hayden Cuthbertson,Miami (OH),2025,75,205,,,,"Ladner, BC",,
Ty Batusich,Miami (OH),2025,72,190,,,,"Joliet, Ill.",,
Tommy Harrison,Miami (OH),2025,75,220,,,,"Cleveland, Ohio",,
Jake Vrlak,Miami (OH),2025,70,190,,,,"Vancouver, BC",,
Luke Ross,Miami (OH),2025,74,205,,,,"Waunakee, Wis.",,
Charlie Dieruf,Miami (OH),2025,73,210,,,,"Hebron, KY",,
David Novak,Miami (OH),2025,74,205,,,,"Zionsville, Ind.",,
Troy Benko,Miami (OH),2025,78,220,,,,"Littleton, CO",,
Ryan Novak,Miami (OH),2025,75,210,,,,"Canton, Ga.",,
Cooper Katskee,Miami (OH),2025,76,215,,,,"Greenwood Village, Colo.",,
Keenan Proctor,Miami (OH),2025,73,190,,,,"Highlands Ranch, Colo.",,
Ahmad Harajli,Miami (OH),2025,76,245,,,,"Dearborn, Mich.",,
Austin Berggren,Miami (OH),2025,75,225,,,,"Olathe, Kan.",,
Marc Iozzo,Miami (OH),2025,75,190,,,,"Oak Brook, Ill.",,
Paul Hughes,Miami (OH),2025,75,200,,,,"Englewood, CO",,
Kaden Pfeffer,Miami (OH),2025,73,200,,,,"Racine, Wis.",,
Sam Pece,Miami (OH),2025,74,200,,,,"Solon, OH",,
Jamie Rasmussen,Miami (OH),2025,76,215,,,,"Glenview, Ill.",,
Ryan McKay,Michigan State,2025,70,180,L,R,,"Clarkston, Mich.",,
JT Sokolove,Michigan State,2025,70,178,R,R,,"Hudsonville, Mich.",,
Dayton Murphy,Michigan State,2025,70,161,R,R,,"Crystal Lake, Illinois",,
Christian Williams,Michigan State,2025,70,190,R,R,,"Carmel, Ind.",,
Garrett Brewer,Michigan State,2025,75,173,L,L,,"Eau Claire, Mich.",,
Jaxon Huffman,Michigan State,2025,73,210,R,R,,"Muskegon, Mich.",,
Isaac Sturgess,Michigan State,2025,74,182,L,L,,"Davison, Mich.",,
Jacob Anderson,Michigan State,2025,73,204,R,R,,"Oakland Township, Mich.",,
Nick Williams,Michigan State,2025,72,195,R,R,,"Racine, Wis.",,
Tate Farquhar,Michigan State,2025,72,190,L,R,,"Highland, Mich.",,
Parker Picot,Michigan State,2025,73,200,R,R,,"Rochester Hills, Mich.",,
Tommy Szczepanski,Michigan State,2025,77,225,R,R,,"Bay City, Mich.",,
Gannon Grundman,Michigan State,2025,75,188,R,L,,"Howell, Mich.",,
Joseph Dzierwa,Michigan State,2025,80,200,L,L,,"Haskins, Ohio",,
Noah Bright,Michigan State,2025,71,185,R,R,,"Macomb, Mich.",,
Adam Broski,Michigan State,2025,75,178,R,R,,"Harrison Township, Mich.",,
Josh Klug,Michigan State,2025,73,181,R,R,,"Traverse City, Mich.",,
Khamaree Thomas,Michigan State,2025,68,152,L,L,,"Chicago, Ill.",,
Gavin Moczydlowsky,Michigan State,2025,73,215,R,R,,"New Boston, Mich.",,
Sam Busch,Michigan State,2025,77,230,L,L,,"East Lansing, Mich.",,
Reggie Sharpe,Michigan State,2025,68,145,R,R,,"Grosse Point, Mich.",,
Dominic Pianto,Michigan State,2025,73,175,R,R,,"Hendersonville, Tenn.",,
Aidan Donovan,Michigan State,2025,76,210,R,R,,"Commerce, Mich.",,
Noah Matheny,Michigan State,2025,74,215,R,R,,"Peoria, Ill.",,
Jake Dresselhouse,Michigan State,2025,70,176,R,R,,"Highland, Mich.",,
Caleb Berry,Michigan State,2025,69,177,R,R,,"Knoxville, Tenn.",,
Zach Maxey,Michigan State,2025,74,210,R,R,,"Avon, Ohio",,
Logan Pikur,Michigan State,2025,76,192,R,R,,"West Bloomfield, Mich.",,
Randy Seymour,Michigan State,2025,76,195,R,R,,"Frankfort, Ill.",,
Tyler Horvath,Michigan State,2025,69,195,R,R,,"Twinsburg, Ohio",,
Nolan Higgins,Michigan State,2025,76,203,R,R,,"Wixom, Mich.",,
Ryan Szczepaniak,Michigan State,2025,76,211,R,R,,"Woodhaven, Mich.",,
Griffin Brown,Michigan State,2025,75,198,R,R,,"Lockport, Ill.",,
Ryan Zimmer,Michigan State,2025,77,245,R,R,,"St. Clair, Mich.",,
George Viebrock III,Michigan State,2025,72,199,L,L,,"Bethel, Conn.",,
Will Shannon,Michigan State,2025,78,238,R,R,,"Bloomfield Hills, Mich.",,
Chaz Salter,Middle Georgia State,2025,72,180,,,Sr.,"Milner, GA",,Tennessee Wesleyan University
Yadiel Perez,Middle Georgia State,2025,72,160,,,Sr.,"Tampa, FL",,Shelton State CC
Jaiden Duarte,Middle Georgia State,2025,75,190,,,Sr.,"Tampa, FL",,Northwest Florida State College
Zane Faulk,Middle Georgia State,2025,70,190,,,Sr.,"Phenix City, AL",,Georgia Southern University
Steven Sams,Middle Georgia State,2025,72,188,,,So.,"Lecanto, Fla.",,Chipola College
Luke Davis,Middle Georgia State,2025,68,150,,,R-Fr.,"Glen St. Mary, Fla.",,Baker County HS
Datren Bray,Middle Georgia State,2025,70,195,,,Sr.,"Douglasville, GA",,Georgia Gwinnett College
Andrew Lowrey,Middle Georgia State,2025,73,185,,,Jr.,"Eastman, Ga.",,Florence-Darlington Tech
Josh Cunniff,Middle Georgia State,2025,72,195,,,Jr.,"Joliet, Illinois",,St. Xavier University
Brandon Exley,Middle Georgia State,2025,72,200,,,Jr.,"Rincon, Ga.",,East Georgia State College
Teonis Pimentel,Middle Georgia State,2025,69,175,,,So.,"Harlem, N.Y.",,Connors State College
Titus Richardson,Middle Georgia State,2025,74,170,,,R-Fr.,"Sanderson, Fla.",,Baker County HS
Jose Vargas,Middle Georgia State,2025,70,185,,,Sr.,"Charlotte, North Carolina",,Grambling State University
Grey Brannen,Middle Georgia State,2025,79,215,,,R-So.,"Elko, GA",,Gordon State College
Justin Aponte,Middle Georgia State,2025,70,175,,,Jr.,"Haledon, N.J.",,College of Southern Maryland
Michael Flaherty,Middle Georgia State,2025,75,215,,,Gr.,"Windham, New Hampshire",,Grinnell College
Mason Page,Middle Georgia State,2025,72,190,,,Jr.,"Palmetto, Florida",,Chattanooga State Community College
Tyler Williams,Middle Georgia State,2025,72,205,,,Fr.,"Ellis, Georgia",,East Paulding HS
Ethan Gill,Middle Georgia State,2025,72,210,,,So.,"Panama City Beach, Fla.",,Shawnee Community College
David Johnson,Middle Georgia State,2025,75,205,,,So.,"San Antonio, Tex.",,Voorhees University
Kenneth Miller,Middle Georgia State,2025,75,215,,,Jr.,"North Augusta, S.C.",,Newberry College
Carter Oglageo,Middle Georgia State,2025,70,205,,,So.,"Deltona, Fla.",,Palm Beach State College
Cooper Edwards,Middle Georgia State,2025,76,205,,,R-Fr.,"Perry, Ga.",,Perry HS
Casual Kay,Middle Georgia State,2025,75,205,,,Jr.,"Tucker, Georgia",,Gordon State College
Nicholas Schinina,Middle Georgia State,2025,68,180,,,So.,"Orlando, Florida",,Daytona State College
Andrew Dye,Middle Georgia State,2025,71,195,,,Jr.,"Vilas, North Carolina",,Limestone University
Ben Randall,Middle Georgia State,2025,77,240,,,So.,"Land O Lakes, Florida",,Edison State Community College
Robert Fredericks,Middle Georgia State,2025,71,245,,,Fr.,"Safety Harbor, Fla.",,Countryside HS
Isaias Espiritusanto,Middle Georgia State,2025,76,235,,,Sr.,"Providence, Rhode Island",,UT Permian Basin
Cameron Eason,Middle Georgia State,2025,72,193,,,So.,"Hinesville, Ga.",,First Preparatory Christian Academy
Mikal Ashley,Middle Georgia State,2025,72,235,,,Jr.,"Atlanta, Ga.",,Angelo State University
Seve Fernandez,Middle Georgia State,2025,71,165,,,Fr.,"Ocala, Fla.",,Trinity Catholic HS
Brennon Williams,Middle Georgia State,2025,78,250,,,Sr.,"Owensboro, KY",,Southern Illinois University
Tate Abbott,Middle Georgia State,2025,74,230,,,Jr.,"Camden, S.C.",,Catawba Valley CC
Connor Shealy,Middle Georgia State,2025,75,255,,,So.,"Saluda, S.C.",,Columbia International University
Ian O'Connor,Middle Georgia State,2025,74,200,,,R-Fr.,"Avondale Estates, GA",,Druid Hills HS
Brodie Keener,Middle Georgia State,2025,75,195,,,Fr.,"Talking Rock, Ga.",,Pickens County HS
Yulian Batista,Middle Georgia State,2025,80,296,,,Jr.,"Bronx, New York",,Monroe College
Wyatt Doyle,Middle Georgia State,2025,74,215,,,R-So.,"Kathleen, Ga.",,Abraham Baldwin Agricultural College
Chase Haggard,Middle Georgia State,2025,72,170,,,R-Fr.,"Cove Springs, FL",,Keystone College
Everett Braswell,Middle Georgia State,2025,68,160,,,Fr.,"Suwanee, Ga.",,Greater Atlanta Christian School
Collin Briggs,Middle Georgia State,2025,68,170,,,Fr.,"Fleming Island, Florida",,St. Johns Country Day School
Jonah Friedman,Middle Georgia State,2025,68,180,,,Fr.,"Fleming Island, Fla.",,Fleming Island HS
Jesse Murrell,Middle Georgia State,2025,76,217,,,Fr.,"Jacksonville, Fla.",,Bartram Trail HS
Cooper Bohlig,Middlebury,2025,73,175,,,So.,"Orinda, Calif.",Miramonte,
Brayden Mathews,Middlebury,2025,70,185,,,Jr.,"San Francisco, Calif.",The Branson School,
Carter Chi,Middlebury,2025,70,170,,,Fy.,"Cerritos, Calif.",Cerritos,
Jacob Sherf,Middlebury,2025,70,180,,,Sr.,"Marblehead, Mass.",Marblehead,
Nathan Samii,Middlebury,2025,70,180,,,Sr.,"Charlotte, N.C.",Charlotte Latin School,
Gus Parker,Middlebury,2025,70,175,,,So.,"Hillsborough, Calif.",St. Ignatius College Preparatory School,
Emmet George,Middlebury,2025,75,200,,,So.,"Mill Valley, Calif.",Marin Catholic,
Aiden Han,Middlebury,2025,67,150,,,So.,"Vienna, Va.",George C. Marshall,
Stefano Yozzo,Middlebury,2025,73,200,,,So.,"New York, N.Y.",Archbishop Molloy,
Skylar Platt,Middlebury,2025,70,185,,,So.,"Warren, Vt.",Middlesex School (Mass.),
JD Collins,Middlebury,2025,72,180,,,Fy.,"New York, N.Y.",Dwight Englewood School (N.J.),
Owen McCandless,Middlebury,2025,77,200,,,Fy.,"Denver, Colo.",Colorado Academy,
Justin Lessing,Middlebury,2025,72,185,,,Sr.,"Westport, Conn.",Staples,
Christian Zebrowski,Middlebury,2025,73,205,,,Fy.,"Verona, N.J.",Delbarton School,
Owen Fox,Middlebury,2025,75,200,,,Sr.,"Rye, N.H.",Phillips Exeter Academy,
Joe Basso,Middlebury,2025,73,210,,,So.,"Stonington, Conn.",Saint Bernard,
Nico Tambascia,Middlebury,2025,74,200,,,Fy.,"Newton, Mass.",The Winchendon School,
Anthony Pellagrini,Middlebury,2025,73,210,,,So.,"Charlestown, Mass.",Belmont Hill,
Ben Slaughter,Middlebury,2025,72,200,,,Sr.,"San Francisco, Calif.",Lick-Wilmerding,
Will Ashley,Middlebury,2025,76,200,,,So.,"San Francisco, Calif.",The Branson School,
Pablo Spielman-Rodriguez,Middlebury,2025,73,185,,,Fy.,"Philadelphia, Pa.",Friends' Central School,
Kyle McCausland,Middlebury,2025,74,200,,,Sr.,"Wellesley, Mass.",Wellesley,
Forrest Nelson,Middlebury,2025,74,290,,,Fy.,"Lowell, Mass.",Groton School,
Dominick DeMatteo,Middlebury,2025,70,225,,,Fy.,"Mahopac, N.Y.",Mahopac,
Dylan Knightly,Middlebury,2025,75,223,,,Jr.,"Dedham, Mass.",St. Sebastian's School,
Owen Tross,Middlebury,2025,76,220,,,Jr.,"Westlake Village, Calif.",Oaks Christian,
Charlie Kutz,Middlebury,2025,76,205,,,Sr.,"Dalton, Pa.",Wyoming Seminary,
Zander Gilmartin,Middlebury,2025,74,210,,,Sr.,"Newton, Mass.",Newton North,
Toby Halloran,Middlebury,2025,70,180,,,Fy.,"Tokyo, Japan",The American School in Japan,
Frederick Wessel,Middlebury,2025,73,185,,,Jr.,"Huntsville, Ala.",Randolph School,
Gabe Harris,Middlebury,2025,71,195,,,So.,"Lander, Wyo.",Lander Valley,
Reed Hyde,Middlebury,2025,76,225,,,Fy.,"Darien, Conn.",Brunswick School,
Brian Olson,Middlebury,2025,76,215,,,Fy.,"Sherborn, Mass.",Dover-Sherborn Regional,
Kunal Handa,Middlebury,2025,79,225,,,Sr.,"Huntersville, N.C.",Cannon School,
Isaac Rosario,Middlebury,2025,74,240,,,Sr.,"Windsor, Conn.",Windsor,
Christian Cerone,Millersville,2025,67,155,R,R,Fr.,"Philadelphia, Pa.",Neuman Goretti,
Donis Rodriguez,Millersville,2025,68,160,S,R,Fr.,"Revere, Mass.",Santo Domingo,
Marco Pulizzi,Millersville,2025,73,205,R,R,RFr.,"Montoursville, Pa.",Montoursville Area,
Caleb Sturtevant,Millersville,2025,70,185,R,R,Jr.,"Denver, Pa.",Cocalico,
Bryce Avery,Millersville,2025,67,158,L,R,Fr.,"Lancaster, Pa.",Penn Manor,
Conor McCartney,Millersville,2025,71,190,R,L,Fr.,"West Chester, Pa.",West Chester Henderson,
Perry Chetney,Millersville,2025,74,215,R,R,Jr.,"Baldwinsville, N.Y.",Baldwinsville,
Xavier Smith,Millersville,2025,70,200,R,R,Fr.,"Lewistown, Pa.",Mifflin County,
Keegan Soltis,Millersville,2025,70,185,R,R,RSr.,"Philipsburg, Pa.",Philipsburg Osceola,
Jeff Sabater,Millersville,2025,70,165,L,R,Sr.,"Lansdale, Pa.",North Penn,
Amani Jones,Millersville,2025,73,190,S,R,Gr.,"Lebanon, Pa.",Cedar Crest,
Troy Chamberlin,Millersville,2025,73,190,R,R,Fr.,"Shippensburg, Pa.",Shippensburg Area,
Luke Helmick,Millersville,2025,72,205,L,L,Jr.,"Hillsville, Va.",Floyd E. Kellam,
Nate Lapp,Millersville,2025,72,170,R,R,RFr.,"Sellersville, Pa.",Dock Mennonite Academy,
Bren Taylor,Millersville,2025,72,170,L,R,Gr.,"Hallam, Pa.",Eastern York,
Matt Seibert,Millersville,2025,74,220,L,L,RSo.,"Lititz, Pa.",Warwick,
Tucker Chamberlin,Millersville,2025,71,175,R,R,RFr.,"Shippensburg, Pa.",Shippensburg Area,
Hunter Stevens,Millersville,2025,73,195,R,L,RSo.,"Chambersburg, Pa.",Chambersburg Area,
Sammy Laux,Millersville,2025,72,195,R,R,Fr.,"Schwenksville, Pa.",Perkiomen School,
Rece Ritchey,Millersville,2025,76,180,L,L,RJr.,"Huntingdon, Pa.",Huntingdon,
Joe Morrissey,Millersville,2025,71,210,R,R,RJr.,"Moorestown, N.J.",Moorestown,
Conor Cook,Millersville,2025,74,195,L,R,RSr.,"Philadelphia, Pa.",Neumann Goretti,
Brady Grimes,Millersville,2025,79,245,R,R,RFr.,"Carlisle, Pa.",Cumberland Valley,
Jimmy Kirk,Millersville,2025,74,225,R,R,RJr.,"Gilbertsville, Pa.",Malvern Prep,
Gavin Lill,Millersville,2025,75,235,R,R,RSo.,"West Chester, Pa.",West Chester East,
Alex Kuehn,Millersville,2025,73,180,R,R,RSo.,"Coatesville, Pa.",Coatesville,
Sam Morris,Millersville,2025,72,195,R,R,Sr.,"Spring City, Pa.",Owen J. Roberts,
Jordan Oliver,Millersville,2025,74,215,R,R,RSo.,"Lancaster, Pa.",Lancaster Catholic,
Garet Blankenbiller,Millersville,2025,77,200,R,R,Sr.,"Oley, Pa.",Oley Valley,
Mike Costello,Millersville,2025,73,205,R,R,RSo.,"Media, Pa.",Penncrest,
Matt Shamany,Millersville,2025,73,180,R,R,RJr.,"Hazleton, Pa.",Hazleton Area,
Connor Blantz,Millersville,2025,73,195,R,R,Gr.,"Strasburg, Pa.",Lampeter-Strasburg,
Matthew Williams,Millersville,2025,77,225,R,R,Jr.,"Lititz, Pa.",Warwick,
Zeb Hufnagle,Millersville,2025,74,215,R,R,Fr.,"Mifflinburg, Pa.",Mifflinburg Area,
Connor Crabtree,Millersville,2025,77,230,R,R,Fr.,"Warrington, Pa.",La Salle College,
Evan Rishell,Millersville,2025,70,165,L,L,Sr.,"Wrightsville, Pa.",Eastern York,
Q Phillips,Milwaukee,2025,72,195,S,L,Sr.,"Elm Grove, Wis.",Brookfield East,Iowa Western
Gabe Roessler,Milwaukee,2025,73,180,R,R,Sr.,"Rockton, Ill.",Hononegah Community,Madison
Tate Schmidt,Milwaukee,2025,72,170,L,R,Fr.,"Waunakee, Wis.",Waunakee,
Tristan Ellis,Milwaukee,2025,67,165,L,R,So.,"Greendale, Wis.",Greendale,Minnesota
John Hadley VI,Milwaukee,2025,75,190,L,R,Fr.,"Sun Prairie, Wis.",Sun Prairie East,
Connor Bozak,Milwaukee,2025,71,170,R,R,Jr.,"Bay Village, Ohio",Bay,Cuyahoga
DJ Kojis,Milwaukee,2025,75,180,R,R,Jr.,"Whitefish Bay, Wis.",Whitefish Bay,
Cade Palkowski,Milwaukee,2025,70,190,L,L,Fr.,"Oak Creek, Wis.",Oak Creek,
Teige Lethert,Milwaukee,2025,76,220,L,R,Sr.,"Woodbury, Minn.",St. Croix Preparatory Academy,Iowa Central
Cole Spitzer,Milwaukee,2025,70,170,L,L,So.,"St. Paul, Minn.",St. Paul Central,
Aric Ehmke,Milwaukee,2025,73,200,R,R,Jr.,"Waterloo, Ind.",DeKalb,Frontier
Mike Sullivan,Milwaukee,2025,74,200,R,R,R-Sr.,"Wheaton, Ill.",Wheaton North,DuPage
Camden Kuhnke,Milwaukee,2025,75,205,R,R,So.,"Hortonville, Wis.",Hortonville,
Tyler Deleskiewicz,Milwaukee,2025,77,240,R,R,Jr.,"Genoa City, Wis.",Badger,
Gavin Theis,Milwaukee,2025,75,200,R,R,R-Jr.,"Sussex, Wis.",Lake Country Lutheran,
Logan Dobberstein,Milwaukee,2025,78,235,L,R,R-So.,"Pewaukee, Wis.",Pewaukee,Kansas State
Bradyn Horn,Milwaukee,2025,72,175,R,L,Fr.,"Wind Lake, Wis.",Muskego,
Logan Schulfer,Milwaukee,2025,73,195,R,R,Sr.,"Plover, Wis.",Stevens Point Area,Ball State
Charlie Marion,Milwaukee,2025,71,195,L,R,Jr.,"Franklin, Wis.",Franklin,Madison
Tristan Arnold,Milwaukee,2025,73,165,R,R,So.,"Mukwonago, Wis.",Mukwonago,
Tyler Andrews,Milwaukee,2025,73,175,L,L,Fr.,"Whitefish Bay, Wis.",Whitefish Bay,
Tyler Bickers,Milwaukee,2025,72,195,R,R,Sr.,"Macomb, Ill.",Macomb,John Wood
Aiden Fishnick,Milwaukee,2025,73,215,R,R,Jr.,"Barneveld, Wis.",Barneveld,McHenry
Zach Dohrmann,Milwaukee,2025,75,205,R,R,Jr.,"Farmington, Minn.",Farmington Senior,North Iowa Area
Keagon Kaufmann,Milwaukee,2025,72,215,R,R,Sr.,"DeForest, Wis.",DeForest,
Matthew Mueller,Milwaukee,2025,77,220,L,L,Jr.,"Brookfield, Wis.",Brookfield Central,Gonzaga
Thomas Otto,Milwaukee,2025,74,220,R,R,R-Sr.,"Neenah, Wis.",Appleton North,
Ben Buehring,Milwaukee,2025,75,210,R,R,Jr.,"Oshkosh, Wis.",Oshkosh West,Marian (Wis.)
Mason Weckler,Milwaukee,2025,72,205,R,R,So.,"Belvidere, Ill.",Belvidere North,Stevens Point
Eamonn Mulhern,Milwaukee,2025,79,235,R,R,Jr.,"Madison, Wis.",Madison East,Madison
Justin Hausser,Milwaukee,2025,73,210,L,L,Sr.,"DeForest, Wis.",DeForest,
Riley Peterson,Milwaukee,2025,72,185,L,L,So.,"Verona, Wis.",Verona Area,
Nick Heisl,Milwaukee,2025,72,160,R,R,Fr.,"Germantown, Wis.",Germantown,
Alex Vander Loop,Milwaukee,2025,73,205,R,R,Fr.,"Kimberly, Wis.",Kimberly,
Logan Snow,Milwaukee,2025,78,240,R,R,Gr.,"Belmont, Calif.",Carlmont,Menlo
Parker Bleck,Milwaukee,2025,76,210,R,R,Fr.,"Appleton, Wis.",Xavier,
Isaac Wenzel,Milwaukee,2025,73,210,L,L,R-Sr.,"Minnetonka, Minn.",Minnetonka,Indiana State
Caden Headlee,Milwaukee,2025,74,210,R,L,Gr.,"Fargo, N.D.",Fargo North,Minnesota-Crookston
Casey Caufield,Monmouth,2025,72,175,L,R,Gr.,"West Chester, PA",West Chester Henderson,
Chris Walsh,Monmouth,2025,74,180,R,R,So.,"Spring Brook Township, PA",North Pocono,
Wyatt Hunt,Monmouth,2025,71,180,L,R,So.,"Spring Lake, NJ",Christian Brothers Academy,
Austin Beard,Monmouth,2025,75,185,R,R,Jr.,"Lebanon, Pa.",Cedar Crest,Northampton Community College
Aidan Watson,Monmouth,2025,73,175,R,R,Sr.,"Morristown, NJ",Morristown,
Tony Dichiara,Monmouth,2025,74,205,R,R,Fr.,"Toms River, NJ",Homeschool,
Chris Andrews,Monmouth,2025,71,200,R,R,Gr.,"Coopersburg, PA",Southern Lehigh,
Jake Howlett,Monmouth,2025,73,190,R,R,Fr.,"Wall, NJ",Wall,
Aidan Bretschneider,Monmouth,2025,75,200,R,R,Jr.,"Philadelphia, PA",La Salle,
Brendan Buecker,Monmouth,2025,70,176,R,R,So.,"Allentown, NJ",Notre Dame,
Jay Bant,Monmouth,2025,71,220,L,R,Sr.,"Wall, NJ",Wall Township,
Harry Padden,Monmouth,2025,68,180,R,R,Gr.,"Pittsgrove, NJ",AP Schalick,
Stefan Swee,Monmouth,2025,74,195,R,R,So.,"Somers, NY",Somers,
Kevin Opanel,Monmouth,2025,75,200,R,R,Sr.,"Clementon, NJ",Neumann Goretti,Rowan Coll. Of South Jersey-Gloucester
Colin Ruddy,Monmouth,2025,76,225,R,R,Jr.,"East Hampton, NY",East Hampton,George Washington
Alec Couture,Monmouth,2025,76,200,R,R,Sr.,"Plainville, CT",Plainville,Hartford
Derek Benzinger,Monmouth,2025,73,190,,,Sr.,"Cedar Grove, NJ",St. Josephs Regional,Hartford
Kenny Noe,Monmouth,2025,70,180,L,R,Fr.,"Freeport, NY",Kellenberg Memorial,
Nick Lovarco,Monmouth,2025,71,205,R,R,Jr.,"Wall Township, NJ",Wall,Brookdale Community College
Trey Porter,Monmouth,2025,72,172,R,R,So.,"Ambler, PA",Hatboro-Horsham,
Andrew Schmid,Monmouth,2025,72,170,R,R,Sr.,"Fair Haven, NJ",Rumson-Fair Haven,
Brendan Kenneally,Monmouth,2025,71,185,R,R,Jr.,"Yorktown Heights, NY",Kennedy Catholic,Adelphi
JD Greeley,Monmouth,2025,73,180,R,R,Sr.,"Blakeslee, PA",Pocono Mountain West,
Aiden Kwon,Monmouth,2025,72,165,L,R,Fr.,"Harrisburg, NC",Central Cabarrus,
Shane Dux,Monmouth,2025,71,175,R,R,Gr.,"Centreville, Va",Chantilly,Hamilton College
Jacob Ciccone,Monmouth,2025,71,210,L,L,Gr.,"Monmouth Junction, NJ",South Brunswick,Lafayette
Simmi Whitehill,Monmouth,2025,70,195,L,R,Jr.,"Middletown, Del.",Bishop Shanahan,Hartford Community College
Tommy Kent,Monmouth,2025,74,210,L,L,Jr.,"Chester Springs, PA",Devon Prep,
Robert Kelly,Monmouth,2025,74,186,R,R,Fr.,"Lawrence, NJ",Lawrence,
Dan Maglio,Monmouth,2025,72,205,,,Sr.,"Park Ridge, NJ",St. Joseph Regional,
Joey Ciancimino,Monmouth,2025,70,180,R,R,So.,"Staten Island, NY",St. Joseph By the Sea,Pittsburgh
Jake Danyluk,Monmouth,2025,77,215,L,L,Gr.,"New Windsor, NY",Newburgh Free Academy,SUNY Oswego
Caden Carlin,Monmouth,2025,74,195,L,L,Jr.,"Ridley Park, PA",Friends Central,
Graedon Finarelli,Monmouth,2025,75,215,R,R,So.,"Dallas, Pa.",Lake Lehman,
Ryan Mealy,Monmouth,2025,72,190,R,R,Fr.,"Wappingers Falls, NY",Roy C. Ketcham,
Nick Tamburro,Monmouth,2025,74,205,R,R,Sr.,"Medford, NJ",Shawnee,
Colin Scherer,Monmouth,2025,75,200,R,R,So.,"Ashburn, Va.",Independence,
Jimmy Wigo,Monmouth,2025,79,225,L,L,Jr.,"Broomall, PA",Marple Newtown,
Jake Nolan,Monmouth,2025,74,185,R,R,Jr.,"Vero Beach, Fla.",Vero Beach,Elon
Nick Hios,Monmouth,2025,75,190,R,L,So.,"Fairfield, Conn.",Fairfield Warde,
Cody Sherrer,Monmouth,2025,73,190,R,R,Fr.,"Columbia, NJ",North Warren Regional,
David Horvath,Monmouth,2025,75,210,R,R,Jr.,"Boonton, NJ",Mountain Lakes,
Zeb Marquis,Montreat,2025,70,170,R,R,Gr.,"Gainesville, Fla.",,Santa Fe College
Kaden Ethier,Montreat,2025,70,185,R,R,Jr.,"Randleman, N.C.",,Randleman High School
Manny Moore,Montreat,2025,68,180,R,R,Sr.,"Van, Texas",,Dallas College Eastfield
Jayden Cummings,Montreat,2025,72,200,R,R,Jr.,"Chicago, Ill.",,South Suburban College
Logan Strickland,Montreat,2025,72,180,R,R,So.,"Good Hope, Ga.",,Bethlehem Christian Academy
Devon Smith,Montreat,2025,71,195,R,R,Jr.,"Howell Township, N.J.",,Brookdale Community College
Zach Brownlee,Montreat,2025,72,180,R,R,Jr.,"Houston, Tex.",,Clarendon College
Aiden Adams,Montreat,2025,72,200,L,L,Jr.,"Bryant, Ark.",,San Jacinto College
Christopher Serna,Montreat,2025,69,180,L,L,R-Jr.,"Dallas, Texas",,Western Texas College
Collin Nelson,Montreat,2025,73,230,L,R,R-Jr.,"Brooksville, Fla.",,East Georgia State College
Emilio Trevino,Montreat,2025,73,170,R,R,Sr.,"Dallas, Texas",,Southwest Oklahoma State University
Ryan Henrickson,Montreat,2025,69,185,L,L,R-Jr.,"Anchorage, Alaska",,Centralia College
Richard Matos Delacruz,Montreat,2025,76,240,R,R,Sr.,"Boston, Mass.",,Northern Essex Community College
Derek Peterson,Montreat,2025,76,240,R,R,R-So.,"Victoria, British Columbia, Canada",,Catawba Valley Community College
Dean Davis,Montreat,2025,73,210,R,R,Jr.,"Lancaster, Pa.",,James Madison High School
Daniel Wagner,Montreat,2025,68,150,R,R,Jr.,"Sammamish, Wash.",,Shoreline Community College
Gio Quintero,Montreat,2025,72,205,R,R,Fr.,"Miami, Fla.",,Christopher Columbus High School
Ashe Ammerlaan,Montreat,2025,73,210,L,L,Jr.,"Oranjestad, Aruba",,Bryant & Stratton College
Isaac Vasquez,Montreat,2025,72,205,R,R,Sr.,"Riverside, Calif.",,Providence Christian College
Connor Goff,Montreat,2025,72,160,R,R,So.,"Lakeland, Fla.",,Victory Christian Academy
Dalton Strickland,Montreat,2025,73,220,R,R,R-Jr.,"Good Hope, Ga.",,Gardner-Webb University
Blake Watts,Montreat,2025,72,195,R,R,Sr.,"Sugar Land, Texas",,Spalding University
Merritt Evans,Montreat,2025,74,205,R,R,Sr.,"Rincon, Ga.",,Savannah State University
Hunter Furches,Montreat,2025,69,170,R,R,So.,"Winston-Salem, N.C.",,Homeschool
Jason Brulport,Montreat,2025,73,205,L,L,R-Jr.,"Kenosha, Wis.",,Lake Land College
Tommy Ramos,Montreat,2025,75,225,R,R,Jr.,"Hialeah Gardens, Fla.",,Fayetteville Tech Community College
Jaider Morelos,Montreat,2025,74,200,S,R,Jr.,"Cartagena, Colombia",,St. Petersburg College
Dawson Bryant,Montreat,2025,70,175,R,R,Jr.,"Avon Park, Fla.",,South Florida State College
Jayden Hughes,Montreat,2025,74,210,R,R,Jr.,"Greenwich, N.Y.",,Hudson Valley Community College
Donovan Parker,Montreat,2025,75,225,R,R,Gr.,"Charleston, S.C.",,USC Salkehatchie
Justin Austin,Montreat,2025,68,185,L,R,R-Jr.,"Brooklyn, N.Y.",,Cerro Coso Community College
Andrew Solovjov,Montreat,2025,73,190,R,R,Fr.,"Orlando, Fla.",,Middle Georgia State University
Matt Campos,Montreat,2025,76,190,L,R,Fr.,"Miami, Fla.",,Christopher Columbus High School
Trevor Laughlin,Montreat,2025,68,160,R,R,R-Jr.,"Junction City, Kan.",,Southwestern Oregon Community College
Nick Kantzavelos,Montreat,2025,75,180,L,R,Sr.,"Bartlett, Ill.",,East Georgia State College
Nate Kiser,Montreat,2025,73,205,R,R,Sr.,"Spartanburg, S.C.",,Cleveland State Community College
Darren Herrera,Montreat,2025,72,180,L,L,Fr.,"Englewood, N.J.",,Homeschool
Aren Smith,Montreat,2025,71,180,L,R,Fr.,"Ocala, Fla.",,Forest High School
Brett Pitzer,Montreat,2025,72,195,R,R,Gr.,"New Castle, Pa.",,Clarion University
Hunter Rast,Montreat,2025,75,180,R,R,R-So.,"Beaufort, S.C.",,Erskine College
Braden Holliday,Montreat,2025,71,160,L,L,Jr.,"Evans, Ga.",,Homeschool
Myles Draughn,Montreat,2025,74,225,R,R,Fr.,"Mount Airy, N.C.",,North Surry High School
Dawson Yokley,Montreat,2025,77,320,R,R,So.,"Wallburg, N.C.",,Surry Community College
RS Jordon Hart,Montreat,2025,72,210,R,R,So.,"Oakboro, N.C.",,West Stanly High School
RS Zachary Long,Montreat,2025,71,210,L,R,Sr.,"Fuquay-Varina, N.C.",,Kansas Wesleyan University
RS Elijah Stifter,Montreat,2025,71,175,R,R,Sr.,"Lake Elmo, Minn.",,Dakota County Tech
Griffin Olson,Morehead State,2025,73,200,,,Jr.,"Viroqua, Wis.",,
Aubrey Kearns,Morehead State,2025,71,200,,,Fr.,"Nicholasville, Ky.",,
Davis Germann,Morehead State,2025,72,195,,,R-So.,"Kitchener, Ontario",,
Bradley Poynter,Morehead State,2025,76,215,,,So.,"Richmond, Ky.",,
JJ Dutton,Morehead State,2025,75,215,,,Jr.,"Toronto, Ontario",,
Carter Owens,Morehead State,2025,72,180,,,Jr.,"Lexington, KY",,
Andy Cisneros,Morehead State,2025,67,175,,,Jr.,"Moorpark, Calif.",,
Chance Edmonds,Morehead State,2025,68,180,,,R-Fr.,"Louisville, Ky.",,
Austyn Peak,Morehead State,2025,73,180,,,R-Fr.,"Louisville, Ky.",,
Caden Sheridan,Morehead State,2025,71,200,,,Fr.,"Thornville, Ohio",,
Hunter Porter,Morehead State,2025,76,225,,,R-Jr.,"Parkland County, Alberta",,
Callum McGill,Morehead State,2025,74,210,,,So.,"Loveland, Ohio",,
Alex Kean,Morehead State,2025,76,220,,,So.,"Woodstock, Ontario",,
Will Bomersbach,Morehead State,2025,73,225,,,Sr.,"San Antonio, Texas",,
Trevor Callahan,Morehead State,2025,75,225,,,Sr.,"Olive Hill, Ky.",,
Gunner Collins,Morehead State,2025,73,210,,,R-Fr.,"Paintsville, Ky.",,
Josh Furtado,Morehead State,2025,72,195,,,Jr.,"Union, Ky.",,
Ethan Davis,Morehead State,2025,72,190,,,Jr.,"Nicholasville, Ky.",,
Eli Kirkendoll,Morehead State,2025,76,235,,,Gr.,"Salt Rock, W.Va.",,
Max Hotze,Morehead State,2025,73,215,,,Fr.,"Bright, Ind.",,
AJ Hacker,Morehead State,2025,75,210,,,Gr.,"Morehead, Ky.",,
Hayden Robbins,Morehead State,2025,76,195,,,R-So.,"Richmond, Ky.",,
Jonah Sibley,Morehead State,2025,71,210,,,Sr.,"Niles, Mich.",,
Kadin Ray,Morehead State,2025,75,230,,,R-Fr.,"Central City, Ky.",,
Landon Waugh,Morehead State,2025,69,165,,,Fr.,"Louisville, Ky.",,
Kamden Hawks,Morehead State,2025,78,270,,,Fr.,"Cana, Va.",,
Grant Herron,Morehead State,2025,77,230,,,Gr.,"Greenwood, Ind.",,
Blake Hager,Morehead State,2025,75,200,,,Fr.,"Pikeville, Ky.",,
Hunter Thomas,Morehead State,2025,73,200,,,Gr.,"Russell Springs, Ky.",,
Andre Wojtarowicz,Morehead State,2025,76,220,,,Sr.,"Toronto, Ontario",,
Walker Landrum,Morehead State,2025,71,200,,,Fr.,"Corbin, Ky.",,
Will Grimmett,Morehead State,2025,74,205,,,Sr.,"Athens, Tenn.",,
Jacob Vanover,Morehead State,2025,75,175,,,Fr.,"Ashland, Ky.",,
Ben Crall,Morehead State,2025,74,180,,,Fr.,"Mt. Orab, Ohio",,
Brodie Shaw,Morehead State,2025,74,205,,,R-Fr.,"Mt. Sterling, Ky.",,
Dawson Ables,Mount Olive,2025,70,180,R,R,Jr.,"Greenville, N.C.",North Pitt,Lenoir CC
Lane McLean,Mount Olive,2025,71,185,R,R,Jr.,"Pine Level, N.C.",North Johnston,
Rowan Watt,Mount Olive,2025,73,215,R,R,Sr.,"Goldsboro, N.C.",Wayne Country Day School,UNCG / New Orleans
Ryder Hancock,Mount Olive,2025,70,200,L,R,Jr.,"Calgary, Alberta",West Island College,Chandler-Gilbert CC
J.J. DeVos,Mount Olive,2025,73,205,R,R,R-So.,"Harrisburg, N.C.",Hickory Ridge,Gaston
Hayden Myrick,Mount Olive,2025,72,190,R,R,Gr.,"Clayton, N.C.",Clayton,Gaston
Anthony Mitta,Mount Olive,2025,72,190,L,R,R-Jr.,"Raleigh, N.C.",Leesville Road,Campbell
Davis Halstead,Mount Olive,2025,73,200,R,R,Jr.,"Edenton, N.C.",John A. Holmes,
Garrett Moffett,Mount Olive,2025,74,190,L,L,R-Jr.,"Cary, N.C.",Wayne Country Day School,NC State
Jakhari Howard,Mount Olive,2025,69,175,R,R,Jr.,"Augusta, Ga.",Burke County,East Georgia State
Mac James,Mount Olive,2025,76,205,R,R,R-Jr.,"Conway, S.C.",Conway,Florence-Darlington Technical College
Noah Overton,Mount Olive,2025,75,220,L,L,5th,"Pikeville, N.C.",Charles B. Aycock,UNCW
Carter Benson,Mount Olive,2025,70,190,R,R,R-Fr.,"Lexington, N.C.",North Davidson,
Tariq Talley,Mount Olive,2025,72,195,R,R,Jr.,"Baltimore, Md.",Towson,Harford CC
Lane Roberson,Mount Olive,2025,75,210,R,R,R-Jr.,"Laurinburg, N.C.",Scotland,Louisburg
Mike Kenney,Mount Olive,2025,70,190,R,R,R-Sr.,"Chandler, Ariz.",Seton Catholic Prep,Scottsdale CC
Charleston Sauls,Mount Olive,2025,72,200,L,R,Fr.,"Ganer, N.C.",Homeschool,
Wade Kelly,Mount Olive,2025,74,185,R,R,Sr.,"Massapequa, N.Y.",Massapequa,Coastal Carolina / Gaston / Gardner Webb
Brayden Taylor,Mount Olive,2025,72,180,R,R,Fr.,"Bear Grass, N.C.",Bear Grass Charter School,
Aiken Minton,Mount Olive,2025,73,170,R,R,Sr.,"Wilkesboro, N.C.",Wilkes Central,Catawba Valley CC
Pete Honse,Mount Olive,2025,79,240,R,R,Fr.,"Youngsville, N.C.",Franklinton,
Connor Tepatti,Mount Olive,2025,72,205,L,R,Fr.,"Southern Pines, N.C.",Pinecrest,
John Nelson McLamb,Mount Olive,2025,76,210,L,L,Fr.,"Salemburg, N.C.",Midway,
Lucas Glover,Mount Olive,2025,77,210,R,R,Jr.,"High Point, N.C.",Ledford,High Point
Colbie Howell,Mount Olive,2025,75,180,R,R,R-Jr.,"Fuquay-Varina, N.C.",Fuquay-Varina,Louisburg
Jay Bulluck,Mount Olive,2025,74,200,R,R,Sr.,"Rocky Mount, N.C.",Fike,Brunswick CC
Trey Deutsch,Mount Olive,2025,77,215,R,R,5th,"Clayton, N.C.",Clayton,UNCG
Thomas Hill,Mount Olive,2025,75,205,L,L,Sr.,"Kinston, N.C.",North Lenoir,Lenoir CC
John Horton,Mount Olive,2025,74,240,R,R,5th,"Virginia Beach, Va.",Kellam,Patrick Henry CC / Norfolk State
Matt Poole,Mount Olive,2025,75,210,R,R,Sr.,"Zebulon, N.C.",Corinth Holders,Pitt CC
Colin Athey,Mount Olive,2025,74,220,R,R,So.,"Centreville, Md.",Queen Anne's County,Volunteer State CC
Erik Rosas,Mount Olive,2025,72,190,R,R,R-Fr.,"Faison, N.C.",North Duplin,
Witt Branham,Mount Olive,2025,75,185,R,R,Sr.,"Elgin, S.C.",Lugoff-Elgin,Florence-Darlington Technical College
Hunter Sinsel,Mount Olive,2025,71,190,R,R,Fr.,"Havelock, N.C.",Havelock,
Jake Mathis,Mount Olive,2025,72,190,R,R,Fr.,"Holly Springs, N.C.",PRO5 Baseball Academy,
Carter Aycock,Mount Olive,2025,70,190,R,R,R-Fr.,"Pine Level, N.C.",North Johnston,
Jackson Jenkins,Mount Olive,2025,70,185,R,R,Fr.,"Kinston, N.C.",North Lenoir,
Jeremiah McLemore,Mount Olive,2025,73,215,R,R,R-Fr.,"Fayetteville, N.C.",Freedom Christian Academy,
Kole Hopkins,Mount Olive,2025,76,200,R,R,Fr.,"Tarpon Springs, Fla.",Tarpon Springs,
Tristan Purser,Mount Olive,2025,71,210,L,L,R-Jr.,"Rolesville, N.C.",Rolesville,
Jacob Mabe,Mount Olive,2025,69,160,R,R,R-Sr.,"King, N.C.",West Stokes,
Matt Schepel,Mount Olive,2025,77,235,R,R,Sr.,"Charlotte, N.C.",Sun Valley,Western Carolina / Middle Tennessee State
Raleigh Walker,Mount Olive,2025,77,205,R,R,Jr.,"Charlotte, N.C.",Myers Park,Ferrum
Jon Howard,Mount Olive,2025,75,225,R,R,R-So.,"Kinston, N.C.",South Lenoir,
Kayden Crawford,Mount Olive,2025,71,170,L,L,Jr.,"Wilmington, N.C.",Hoggard,Lenoir CC / VCU
Carter Gipson,Mount Olive,2025,74,190,R,R,R-So.,"Pikeville, N.C.",Charles B. Aycock,
Carson Gipson,Mount Olive,2025,74,200,R,R,Jr.,"Pikeville, N.C.",Charles B. Aycock,
Mason Haarr,Mount Olive,2025,73,195,R,R,R-Fr.,"Victor, N.Y.",St. James,
Chance Turner,Mount Olive,2025,74,185,R,R,R-Fr.,"Wake Forest, N.C.",P27 Academy,
Gavin Wilson,Mount Olive,2025,74,185,R,R,Sr.,"Kansas City, Mo.",Lee's Summitt,St. Charles CC / Southern Indiana
RS Jake Fuller,Mount Olive,2025,74,160,R,R,Jr.,"Rocky Mount, N.C.",SouthWest Edgecombe,Lousiburg CC
RS Ayden Rogers,Mount Olive,2025,73,200,L,L,Fr.,"Wilmington, N.C.",E.A. Lahey,
Evan Meier,Mount St. Mary's,2025,72,180,,,So.,"West Point, Va.",West Point,
Kyle Cincinnati,Mount St. Mary's,2025,69,195,,,Sr.,"Sinking Spring, Pa.",Wilson,UMES
Alex Mendes,Mount St. Mary's,2025,71,195,,,Jr.,"Wilmette, Ill.",New Trier,Macomb CC
Bryce Rudisill,Mount St. Mary's,2025,74,215,,,R-Fr.,"Gettysburg, Pa.",Gettysburg,Pitt
Ty Fredo,Mount St. Mary's,2025,72,190,,,So.,"West Caldwell, N.J.",Caldwell,
Sam Dinitz,Mount St. Mary's,2025,74,160,,,Fr.,"Media, Pa.",Penncrest,
Mateo Zeppieri,Mount St. Mary's,2025,72,220,,,Sr.,"Newmarket, Ont.",St. Maximilian Kolbe,Seattle
Ethan Flaugher,Mount St. Mary's,2025,68,180,,,Fr.,"North East, Md.",North East,
Nolan Book,Mount St. Mary's,2025,72,180,,,Fr.,"Manheim, Pa.",Manheim Central,
Maximus McCrary,Mount St. Mary's,2025,75,210,,,Jr.,"Norflok, Va.",Maury,Norfolk State
Jake Roscher,Mount St. Mary's,2025,76,175,,,Fr.,"Mapleton, UT.",Maple Mountain,
Logan Yi,Mount St. Mary's,2025,76,205,,,Gr.,"Aldie, Va.",John Champe,Washington College
Jakob Foster,Mount St. Mary's,2025,74,205,,,So.,"Bristow, Va.",Patriot,
Jake Andrews,Mount St. Mary's,2025,74,195,,,Sr.,"St. Johns, Fla.",Batram Trail,Marymount
Eli Harpalani,Mount St. Mary's,2025,69,185,,,Jr.,"Wexford, Pa.",Central Catholic,Catawba Valley CC
Jackson Snyder,Mount St. Mary's,2025,72,175,,,Jr.,"West Chester, Pa.",Henderson,
Evan Smith,Mount St. Mary's,2025,74,205,,,Sr.,"Ashburn, Va.",Briarwoods,West Virginia
Brandon Rice,Mount St. Mary's,2025,72,180,,,Jr.,"Macomb, Mich.",Eisenhower,Macomb CC
Owen Crowe,Mount St. Mary's,2025,75,195,,,R-Fr.,"West Chester, Pa.",Rustin,Maryland
Sam Grube,Mount St. Mary's,2025,75,185,,,Fr.,"Mechanicsburg, Pa.",Cedar Cliff,
Mikey Rodriguez,Mount St. Mary's,2025,69,185,,,Jr.,"Pelham, N.Y.",P27 Academy,Herkimer CC
Josh Halcisak,Mount St. Mary's,2025,71,195,,,So.,"Hazle Township, Pa.",Hazleton Area,Monmouth
Stephen Katch,Mount St. Mary's,2025,72,210,,,So.,"Lancaster, Pa.",Hempfield,
Tommy Moore,Mount St. Mary's,2025,75,235,,,Gr.,"Trappe, Pa.",Perkiomen Valley,Lebanon Valley
Jake Arnold,Mount St. Mary's,2025,74,180,,,Sr.,"Hummelstown, Pa.",Lower Dauphin,Charleston Southern
Maddox Brooks,Mount St. Mary's,2025,76,190,,,Jr.,"Waynesboro, Pa.",Waynesboro,Potomac State
Danny Salisbury,Mount St. Mary's,2025,73,210,,,Sr.,"Annandale, Va.",Annandale,
Jacob Slusarski,Mount St. Mary's,2025,73,190,,,Fr.,"Williamstown, N.J.",Williamstown,
Dominic Capperella,Mount St. Mary's,2025,76,210,,,So.,"Bellefonte, Pa.",Bellefonte Area,
Kaden Kimble,Mount St. Mary's,2025,72,170,,,Fr.,"Elizabethtown, Pa.",Elizabethtown Area,
Nick Fleming,Mount St. Mary's,2025,75,240,,,Sr.,"Irwin, Pa.",Norwin,
Joey Agar,Mount St. Mary's,2025,71,190,,,Jr.,"Washington Township, N.J.",Westwood,
Danny Stickney,Mount St. Mary's,2025,72,190,,,Fr.,"Secane, Pa.",Ridley,
Andrew Cheripka,Mount St. Mary's,2025,74,220,,,Jr.,"Woodbridge, Va.",Forest Park,Bluefield State
Jake Maske,Mount St. Mary's,2025,71,195,,,Gr.,"Silver Spring, Md.",DeMatha Catholic,
JB Manarchuck,Mount St. Mary's,2025,76,220,,,Jr.,"Burke, Va.",Lake Braddock,
Ryan Brown,Mount St. Mary's,2025,72,205,,,Fr.,"Great Mills, Md.",Great Mills,
Serigne Sarre,Mount St. Mary's,2025,76,215,,,Fr.,"Silver Spring, Md.",St. John’s (DC),
Patrick Hebda,Mount St. Mary's,2025,72,190,,,Jr.,"Sarasota, Fla.",Cardinal Mooney,St. Petersburg College
Cameron Biller,Mount St. Mary's,2025,76,190,,,Fr.,"Stafford, Va.",Colonial Forge,
Eli DeRossi,Mount St. Mary's,2025,75,200,,,R-So.,"Frederick, Md.",Urbana,Radford
Nico Bermeo,Murray State,2025,72,195,R,R,,"Chicago, Ill.",Aurora University,
Nic Schutte,Murray State,2025,73,185,R,R,,"Louisville, Ky.",Motlow CC,
Jackson McCoy,Murray State,2025,75,205,R,R,,"Booneville, Miss.",Southern Illinois,
Gunnar Bingham,Murray State,2025,72,165,L,R,,"Eddyville, Ky.",null,
Harper McLendon,Murray State,2025,71,180,R,R,,"Thomasville, Ga.",Tallahassee CC,
Isaac Huettl,Murray State,2025,73,205,L,R,,"Mandan, N.D.",North Iowa Area CC,
Holden Carpenter,Murray State,2025,73,215,L,L,,"San Marcos, Calif.",Palomar CC,
Carson Garner,Murray State,2025,73,205,R,R,,"Franklin, Tenn.",null,
Dustin Mercer,Murray State,2025,74,205,L,L,,"Weddington, N.C.",Virginia Tech,
Jaxon Diamond,Murray State,2025,72,195,R,R,,"Johnson City, Tenn.",Columbia State CC,
Dom Decker,Murray State,2025,72,205,L,R,,"Sellerburg, Ind.",Wallace State-Hanceville CC,
Kane Elmy,Murray State,2025,74,205,R,R,,"Canton, Mich.",Kellogg CC,
Conner Cunningham,Murray State,2025,74,190,L,R,,"Batesville, Ark.",null,
Jonathan Hogart,Murray State,2025,73,205,R,R,,"Madisonville, Ky.",Louisiana Tech,
Derek Lebron,Murray State,2025,73,210,R,R,,"Rosedale, Ind.",Rend Lake CC,
Will Vierling,Murray State,2025,73,215,L,R,,"Mequon, Wis.",Louisville,
Jacob Hustedde,Murray State,2025,75,190,R,R,,"Breese, Ill.",null,
Ethan Lyke,Murray State,2025,72,185,L,L,,"Evansville, Ind",null,
Reese Oakley,Murray State,2025,71,180,R,R,,"Gilbertsville, Ky.",null,
Brayden Baker,Murray State,2025,71,175,R,R,,"Murfreesboro, Tenn.",null,
Kingsley Guthrie,Murray State,2025,71,200,S,R,,"Miramar, Fla.",null,
Luke Mistone,Murray State,2025,74,210,R,R,,"Upland, Calif.",Cal State-Fullerton,
Danny Rollins,Murray State,2025,69,180,R,R,,"Roselle, Ill.",null,
Brady Grabowski,Murray State,2025,74,205,R,R,,"Streator, Ill.",null,
Dylan Zentko,Murray State,2025,72,210,L,L,,"Brazil, Ind.",Olney Central CC,
Preston Chaudoin,Murray State,2025,70,180,R,R,,"Hopkinsville, Ky.",null,
Parker Patterson,Murray State,2025,70,195,R,R,,"Dyersburg, Tenn.",Dyersburg State CC,
Isaac Silva,Murray State,2025,74,175,R,R,,"Las Cruces, N.M.",Troy,
Jack Wajda,Murray State,2025,75,200,R,R,,"Mokena, Ill.",Lincoln Land CC,
Matt Parenteau,Murray State,2025,76,230,,,,"Carmel, Ind.",Indiana State,
Brevin Scott,Murray State,2025,73,175,R,R,,"Franklin, Ky.",null,
Dan Tauken,Murray State,2025,75,215,L,L,,"Congers, N.Y.",Rockland CC,
Reed Braundmeier,Murray State,2025,74,205,R,R,,"Aviston, Ill.",Southwestern Illinois College,
Jackson Ugo,Murray State,2025,73,195,L,L,,"Tinley Park, Ill.",null,
Graham Kelham,Murray State,2025,76,185,R,R,,"LaOtto, Ind.",Univ. of St. Francis,
Charlie Jury,Murray State,2025,72,210,L,L,,"Winfield, Ill.",Elgin CC,
David Stokely,Murray State,2025,76,225,R,R,,"Palm Harbor, Fla.",Pasco-Hernando State College,
Mikey Plummer,Navy,2025,72,200,L,L,Fr.,"Monroe, La.",Neville,
John Carroll,Navy,2025,69,170,R,L,Fr.,"Rockville Centre, N.Y.",Chaminade,
Andrew Manning,Navy,2025,72,205,L,R,So.,"Natick, Mass.",Boston College HS,
Brock Murtha,Navy,2025,72,195,R,R,Jr.,"Sayville, N.Y.",Sayville,Notre Dame
Timmy Virtudes,Navy,2025,71,195,R,L,So.,"New Rochelle, N.Y.",Fordham Prep,
Brendan Munnelly,Navy,2025,72,190,R,R,Sr.,"Annapolis, Md.",DeMatha Catholic,
Tyler Bouchard,Navy,2025,72,180,L,R,So.,"Fort Myers, Fla.",Canterbury School,
Leo Mangiamele,Navy,2025,76,205,R,R,So.,"Westfield, N.J.",Westfield,
Evan Brown,Navy,2025,70,195,R,R,So.,"Marlton, N.J.",Cherokee,
Owen Peterson,Navy,2025,69,175,L,R,Fr.,"Great Falls, Va.",The Potomac School,
Mason Ceccarelli,Navy,2025,68,185,L,R,Fr.,"Naples, Fla.",St. John Neumann,
Kody Clancy,Navy,2025,72,190,R,R,Fr.,"Villa Rica, Ga.",South Paulding,
Drew Stark,Navy,2025,76,180,L,L,Fr.,"Panama City, Fla.",Arnold,
Chris Klug,Navy,2025,72,185,R,R,Fr.,"Indianapolis, Ind.",Bishop Chatard,
Ian Brown,Navy,2025,71,215,R,L,Fr.,"Ridgefield, Conn.",Loomis Chaffee,
Henry Mitchell,Navy,2025,70,195,S,R,Jr.,"Albuquerque, N.M.",Albuquerque Academy,
Victor Izquierdo,Navy,2025,74,225,R,R,Jr.,"Lockport, Ill.",Lockport Township,
Matt Archibald,Navy,2025,76,225,R,R,So.,"Churchville, Md.",John Carroll,
Ivan Aguirre,Navy,2025,70,170,R,R,Sr.,"Temple City, Calif.",Damien,
Ty DePerno,Navy,2025,71,190,R,R,Fr.,"Santa Clarita, Calif.",West Ranch,
Owen Geiger,Navy,2025,76,225,R,R,So.,"Atoka, Tenn.",Munford,
Eric Sun,Navy,2025,68,165,R,R,Fr.,"Falls Church, Va.",Sidwell Friends School,
Tyler Grenn,Navy,2025,74,215,L,R,Jr.,"Sherman Oaks, Calif.",Crespi Carmelite,
Jack Killelea,Navy,2025,70,200,R,R,So.,"Lake Wylie, S.C.",Legion Collegiate Academy,
Noah Ditas,Navy,2025,69,170,R,R,Fr.,"Miami, Fla.",American Heritage,
Jackson Beattie,Navy,2025,72,185,R,R,Jr.,"Golden, Colo.",Lakewood,
Liam Golden,Navy,2025,74,200,R,R,Sr.,"Springfield, Va.",West Springfield,
Aidan Chamberlin,Navy,2025,74,195,R,R,Jr.,"Corning, N.Y.",Corning-Painted Post,
Owen Beisty,Navy,2025,75,220,R,R,Sr.,"Wayne, Pa.",St. Joseph's Prep,
Tristan Rucker,Navy,2025,72,205,R,R,So.,"Lake Worth, Fla.",St. John Paul II,
Adyn Lucero,Navy,2025,73,200,R,R,Jr.,"Huntington Beach, Calif.",Huntington Beach,
Mac McCommons,Navy,2025,72,225,R,R,Jr.,"Greensboro, Ga.",Lake Oconee Academy,
Spencer Stephens,Navy,2025,75,230,L,L,Fr.,"Jacksonville, Fla.",The Bolles School,
Aidan Healy,Navy,2025,74,215,R,R,So.,"Malverne, N.Y.",Loomis Chaffee School,
Brady Bendik,Navy,2025,76,230,R,R,So.,"State College, Pa.",State College,
Ryan Bibb,Navy,2025,74,215,R,R,So.,"Mascoutah, Ill.",Mascoutah,
Landon Kruer,Navy,2025,72,185,R,R,Sr.,"Sellersburg, Ind.",Our Lady of Providence,
Kevin Maurer,Navy,2025,69,180,L,L,Fr.,"Canton, Ga.",Woodstock,
Rayne Fry,Navy,2025,74,200,R,R,So.,"Lawrenceville, Ga.",Grayson,
Josiah Palomino,Nevada,2025,66,180,R,R,Fr.,"Riverside, Calif.",Arlington HS,
Junhyuk Kwon,Nevada,2025,74,210,R,R,Jr.,"Seoul, Rep. of Korea",Seoul Convention HS,New Mexico Military Institute
Taylor Holder,Nevada,2025,73,200,R,R,R-Sr.,"Corvallis, Ore.",Crescent Valley HS,Oregon
Antonio Avila,Nevada,2025,74,190,R,R,Jr.,"Rio Rancho, N.M.",Cleveland HS,Pima CC
Mason Hirata,Nevada,2025,71,185,R,R,Jr.,"Hilo, Hawaii",Waiakea HS,
Nik Miller,Nevada,2025,68,180,S,L,Jr.,"Gilbert, Ariz.",Perry HS,South Mountain CC
Jack Helmholz,Nevada,2025,70,220,R,R,R-Fr.,"Reno, Nev.",Reno HS,
Michael Ball,Nevada,2025,70,190,R,R,R-Sr.,"Beaverton, Ore.",Southridge HS,Everett CC
Jayce Dobie,Nevada,2025,75,210,R,R,Jr.,"Santa Clara, Calif.",Santa Clara HS,West Valley College / Mission College
Zach Garber,Nevada,2025,75,205,L,L,Sr.,"Huntington Beach, Calif.",Edison HS,Orange Coast College
Aiden Pollock,Nevada,2025,69,179,R,R,R-Fr.,"Las Vegas, Nev.",Bishop Gorman HS,Dallas Baptist
Eddie Tierney,Nevada,2025,76,210,R,R,R-So.,"Reno, Nev.",Damonte Ranch HS,
Alessandro Castro,Nevada,2025,72,195,L,L,R-So.,"Tucson, Ariz.",Pusch Ridge Christian HS,Pima CC
Sean Yamaguchi,Nevada,2025,69,205,R,R,Fr.,"Aiea, Hawaii",Saint Louis HS,
Peyton Fosher,Nevada,2025,72,215,R,R,Sr.,"Tomball, Texas",Tomball HS,Angelina College
Jake Harvey,Nevada,2025,73,210,R,R,Jr.,"Roseville, Calif.",Woodcreek HS,
Casey Burfield,Nevada,2025,75,180,R,R,R-Sr.,"Sparks, Nev.",Reed HS,Feather River JC
Jack Metcho,Nevada,2025,73,180,R,R,Jr.,"Fairfield, Calif.",Angelo Rodriguez HS,
Caedon Kottinger,Nevada,2025,72,210,R,R,Sr.,"Reno, Nev.",Reno HS,CSM / UCLA
Dominic Desch,Nevada,2025,74,220,R,R,Sr.,"Henderson, Nev.",Lake Mead Christian HS,Dominican University / College of Southern Nevada
Donovan Ratfield,Nevada,2025,73,210,R,R,5th,"Sparks, Nev.",Wooster HS,College of Marin / Gonzaga
Ethan O'Neal,Nevada,2025,77,215,R,R,R-Sr.,"Henderson, Nev.",Liberty HS,UNLV / College of Southern Nevada
Payton Dixon,Nevada,2025,72,180,L,L,Fr.,"Honolulu, Hawaii",Mid-Pacific Institute,
Nate Snakenborg,Nevada,2025,76,230,R,R,R-Fr.,"San Marcos, Calif.",San Marcos HS,
Daniel Tovar,Nevada,2025,71,205,R,R,Jr.,"Encino, Calif.",Crespi HS,Los Angeles Valley College
Billy Ham,Nevada,2025,73,210,L,R,R-Jr.,"Las Vegas, Nev.",Bishop Gorman HS,
Logan Saloman,Nevada,2025,77,230,R,R,Jr.,"Chandler, Ariz.",Hamilton HS,Phoenix College
Jackson Waller,Nevada,2025,73,205,R,R,Jr.,"San Marcos, Calif.",Mission Hills HS,
Jake Cumming,Nevada,2025,76,200,R,R,So.,"Fernley, Nev.",Fernley HS,
Jacob Doyle,Nevada,2025,79,225,R,R,So.,"Sparks, Nev.",Spanish Springs HS,
Mahiro Tomita,Nevada,2025,69,185,R,R,Jr.,"Fujisawa, Japan",Fujisawa Shoryo,Southwestern Oregon CC
Jackson Kemmerer,Nevada,2025,69,200,R,R,R-Fr.,"Rancho Santa Margarita, Calif.",Tesoro HS,
Tanner Short,Nevada,2025,75,205,R,R,Jr.,"Des Moines, Iowa",Roosevelt HS,Ellsworth CC
Jaden Mason,Nevada,2025,75,210,R,R,Fr.,"Benicia, Calif.",Benicia HS,
Takeo Cervantez,Nevada,2025,71,175,R,R,Fr.,"Reno, Nev.",Bishop Manogue HS,
Ian Hughes,Nevada,2025,77,235,R,R,R-Jr.,"Twin Falls, Idaho",Canyon Ridge HS,Columbia Basin College
Eric Valdez,Nevada,2025,74,200,R,R,Jr.,"Reno, Nev.",Damonte Ranch HS,Feather River College
Ryan Oakes,Nevada,2025,74,215,R,R,Jr.,"Folsom, Calif.",Folsom HS,Folsom Lake College
Jack Perotti,Nevada,2025,71,170,L,L,Fr.,"Parker, Colo.",Legend HS,
Jonatan Clough,New Mexico State,2025,76,215,R,R,Jr.,"La Romana Del Oeste, Domincan Republic",Gateway Legacy Christian Academy,New Mexico JC
Camden Kaufman,New Mexico State,2025,73,190,R,R,Jr.,"Waukee, Iowa",Waukee HS,Des Moines Area CC
Aidan Lombardi,New Mexico State,2025,73,180,R,R,Jr.,"Petaluma, Calif.",Cardinal Newman HS,Santa Rosa JC
Sheehan O'Connor,New Mexico State,2025,73,190,R,R,Sr.,"Seattle, Wash.",Eastside Catholic,Everett CC
Tariq Freeny,New Mexico State,2025,74,210,R,R,R-So.,"Chandler, Ariz.",Mesquite HS,Cisco College
Chris Daniels,New Mexico State,2025,74,210,R,R,Fr.,"Richland, Wash.",Richland HS,
Mitch Namie,New Mexico State,2025,74,215,L,R,Jr.,"Mesa, Ariz.",Red Mountain HS,
Gianni Horvat,New Mexico State,2025,69,165,R,R,Sr.,"Valencia, Calif.",Oaks Christian HS,UNLV
Boston Vest,New Mexico State,2025,71,190,R,R,Fr.,"St. George, Utah",Dixie HS,
Joey Craig,New Mexico State,2025,74,190,R,R,R-Jr.,"Omaha, Neb.",Omaha Central HS,Glendale CC / Houston
Matthew Yarc,New Mexico State,2025,72,175,R,R,Fr.,"Chino, Calif.",Ayala HS,
Tommy Meluskey,New Mexico State,2025,73,195,S,L,R-Fr.,"Yakima, Wash.",West Valley HS,Oregon
Cooper Reese,New Mexico State,2025,74,190,R,R,Fr.,"Coeur d’Alene, Idaho",Lake City HS,
Colton Sneddon,New Mexico State,2025,75,210,R,R,Jr.,"Pocatello, Idaho",Highland HS,Treasure Valley CC
Steve Solorzano,New Mexico State,2025,72,190,R,R,So.,"Las Cruces, N.M.",Las Cruces HS,
Isaiah Burke,New Mexico State,2025,70,200,R,R,R-Jr.,"Springfield, Ore.",Thurston HS,Mt. Hood CC / Oregon State
Brandon Forrester,New Mexico State,2025,69,165,S,R,R-So.,"Sacramento, Calif.",,Oregon State
Cole Rogers,New Mexico State,2025,69,180,R,R,Fr.,"Phoenix, Ariz.",Mountain Pointe HS,
Alejandro Maltos-Garcia,New Mexico State,2025,71,195,R,R,Jr.,"Brush, Colo.",Brush HS,Parkland College / New Mexico JC
Bryce Campbell,New Mexico State,2025,76,215,R,R,Jr.,"Turlock, Calif.",Turlock HS,Modesto JC
Ian Hoslett,New Mexico State,2025,72,185,R,R,Jr.,"Encinitas, Calif.",San Dieguito Academy HS,Feather River College
Hayden Lewis,New Mexico State,2025,72,170,R,R,Jr.,"Scottsdale, Ariz.",Chaparral HS,Arizona
Kade Benavidez,New Mexico State,2025,73,225,R,R,Sr.,"Belen, N.M.",Los Lunas HS,New Mexico JC
Mike Woodward,New Mexico State,2025,77,225,R,R,R-Jr.,"Rancho Cucamonga, Calif.",Rancho Cucamonga HS,Chaffey College
Austin Corbett,New Mexico State,2025,70,175,R,R,Sr.,"Phoenix, Ariz.",Horizon HS,Paradise Valley CC
Jack Turner,New Mexico State,2025,73,195,R,R,Jr.,"Sayville, N.Y.",Sayville HS,Suffolk County CC
Jaden Davis,New Mexico State,2025,72,170,R,R,Fr.,"Jemez Pueblo, N.M.",Cleveland HS,
Hazen Wright,New Mexico State,2025,75,195,R,R,Fr.,"Carlsbad, N.M.",Carlsbad HS,
Dylan Weekly,New Mexico State,2025,76,200,R,R,Fr.,"Queen Creek, Ariz.",Queen Creek HS,
Saul Soto,New Mexico State,2025,76,245,R,R,Jr.,"Rio Rico, Ariz.",Nogales HS,
Jake Carvajal,New Mexico State,2025,74,205,R,R,R-Jr.,"Dallas, Texas",Lake Highlands HS,Northern Colorado
Carson Timmons,New Mexico State,2025,73,180,R,R,Fr.,"League City, Texas",Clear Falls HS,
Dane Woodcook,New Mexico State,2025,72,180,R,R,R-Jr.,"Eugene, Ore.",Willamette HS,Tacoma CC
Cade Shumard,New Mexico State,2025,74,205,R,L,Fr.,"Scottsdale, Ariz.",Saguaro HS,
Connor Wylde,New Mexico State,2025,79,225,L,L,Sr.,"Huntington Beach, Calif.",Marina HS,Cypress CC
Ferny Barreda,New Mexico State,2025,72,185,R,R,R-Jr.,"Sahuarita, Ariz.",Sahuarita HS,Cochise College
Brandon Clizbe,New Mexico State,2025,74,185,R,R,Fr.,"Alamo, Calif.",Monte Vista HS,
Diego Villescas,New Orleans,2025,70,170,R,R,Sr.,"Pharr, Texas",,Hill College
Dalton Hurst,New Orleans,2025,69,165,S,R,Sr.,"Port Orange, Fla.",,Southern Union State CC
Anthony Ruiz,New Orleans,2025,74,195,R,R,Jr.,"Miami, Fla.",,Palm Beach State College
Tyler Velino,New Orleans,2025,75,200,R,R,Sr.,"Kenner, La.",,Delgado CC
Ira Austin,New Orleans,2025,74,175,R,R,Jr.,"New Orleans, La.",,Nunez CC
Brooks Byers,New Orleans,2025,73,200,R,R,Sr.,"Daytona Beach, Fla.",,Wallace-Dothan CC
Jayden Lopez,New Orleans,2025,74,215,L,L,R-Jr.,"Orlando, Fla.",,East Georgia State College
Matt Gonzalez,New Orleans,2025,71,205,R,R,Sr.,"Manhattan, N.Y.",,Ball State
Bryan Loriga,New Orleans,2025,72,200,R,R,Sr.,"Hialeah, Fla.",,Nova Southeastern
Alexander Saunier,New Orleans,2025,72,200,L,L,Sr.,"Lafayette, La.",,LSU-Eunice JC
Tristan Moore,New Orleans,2025,74,205,L,L,R-Sr.,"St. Thomas, U.S. Virgin Islands",,Palm Beach State College
Marco Mueses,New Orleans,2025,71,190,L,L,So.,"Santo Domingo, D.R.",,Trinity Christian Academy
Canaan Clayton,New Orleans,2025,77,235,R,R,R-So.,"New Orleans, La.",,Jesuit HS
Gus Rogers,New Orleans,2025,75,205,L,L,Jr.,"Lake Oswego, Ore.",,GateWay CC
Trey Usey,New Orleans,2025,73,187,R,R,R-Jr.,"Lafitte, La.",,Fisher HS
Jahlani Rogers,New Orleans,2025,72,198,R,R,R-Sr.,"St. Thomas, U.S. Virgin Islands",,Missouri State
Myles Green,New Orleans,2025,72,185,R,R,Jr.,"Hattiesburg, Miss.",,Southwest Mississippi CC
Payton Boines,New Orleans,2025,72,192,R,R,Jr.,"Atlanta, Ga.",,Palm Beach State College
Collin Husser,New Orleans,2025,78,220,R,R,R-Jr.,"Ponchatoula, La.",,LSU-Eunice JC
Cade Mitchell,New Orleans,2025,75,230,L,L,Sr.,"Covington, Ga.",,Chattahoochee Valley CC
Justin Best,New Orleans,2025,76,199,L,R,R-Fr.,"Cornelius, N.C.",,Florida State
Jake D'Altrui,New Orleans,2025,72,190,R,R,Jr.,"Fort Myers, Fla.",,Pasco Hernando State JC
Hayden O'Dell,New Orleans,2025,72,195,L,L,Jr.,"Mobile, Ala.",,Bishop State CC
Cole Syversen,New Orleans,2025,72,195,L,L,Jr.,"Land O' Lakes, Fla.",,St. John's River State College
Bryce Calloway,New Orleans,2025,77,240,R,R,Sr.,"New Orleans, La.",,Central Alabama CC
Collin Loupe,New Orleans,2025,69,175,R,R,R-Jr.,"Slidell, La.",,Jesuit HS
Aiden Torrez,New Orleans,2025,78,212,R,R,Fr.,"Jacksonville, Fla.",,St. Joseph's Academy
Adrian Dominguez,New Orleans,2025,72,210,L,R,Jr.,"Miami Gardens, Fla.",,Eastern Florida State JC
Grant Edwards,New Orleans,2025,71,195,R,R,Sr.,"Walker, La.",,East Central CC
Carson Kimball,New Orleans,2025,72,200,R,R,R-Fr.,"The Woodlands, Texas",,Texas State
Skylar Jones,New Orleans,2025,75,205,R,R,R-Jr.,"Trussville, Ala.",,Chattahoochee Valley CC
Matthew Bienvenu,New Orleans,2025,76,210,R,R,Jr.,"Franklinton, La.",,Southwest Mississippi CC
Orlando Fernandez,New Orleans,2025,73,180,R,R,Fr.,"Fort Myers, Fla.",,South Fort Myers HS
Zach Longshore,New Orleans,2025,73,215,L,L,Sr.,"Richmond, Texas",,UTSA
Karson Evans,New Orleans,2025,73,205,R,R,Jr.,"Taylorsville, Miss.",,Louisiana Tech
Xavier Rivera,New Orleans,2025,69,170,R,R,Fr.,"Cayey, Puerto Rico",,Leadership Christian Academy
Sawyer Toney,New Orleans,2025,76,215,R,R,Sr.,"Tampa, Fla.",,Southern Miss
Lucas Rodriguez,New Orleans,2025,70,195,R,R,Fr.,"Miami, Fla.",,Miami Christian HS
Carson Hayes,Newberry,2025,69,165,R,R,Jr.,"Puyallup, WA",,Lower Columbia College
Bryson Nuckols,Newberry,2025,70,190,R,R,So.,"North Augusta, SC",North Augusta High School,
Cooper Gentry,Newberry,2025,72,185,R,R,Sr.,"Inman, SC",Landrum High School,
K.J. Leshko,Newberry,2025,72,170,,,So.,"Tampa, FL",Armwood High School,
Campbell McCurry,Newberry,2025,71,185,R,R,So.,"Summerville, SC",Summerville High School,
Luke Compton,Newberry,2025,71,180,L,L,So.,"Boiling Springs, SC",Boiling Springs High School,
Luke White,Newberry,2025,71,175,R,R,Jr.,"Clinton, SC",Clinton High School,
Chandler Mims,Newberry,2025,75,170,R,R,Jr.,"Edgefileld, SC",Strom Thurmond High School,
Carson Vega,Newberry,2025,68,160,R,R,Fr.,"Tampa, FL",Alonso High School,
Kade Faircloth,Newberry,2025,75,195,R,R,Sr.,"Oviedo, FL",Oviedo High School,
John Allen Forrester,Newberry,2025,74,190,R,R,R-So.,"West Columbia, SC",Airport High School,
Jonathan Velez,Newberry,2025,66,185,R,R,Sr.,"Mayaguez, Puerto Rico",North Myrtle Beach High School,
Hunter French,Newberry,2025,72,190,R,R,Sr.,"Minneola, FL",Lake Minneola High School,
Anthony Plotkin,Newberry,2025,72,190,R,R,R-So.,"Lexington, SC",Lexington High School,
Keillor Osbon,Newberry,2025,74,190,L,L,So.,"James Island, SC",James Island Charter High School,
John Rollings,Newberry,2025,73,175,R,R,So.,"Blythewood, SC",Blythewood High School,
Jesse Free,Newberry,2025,74,175,R,R,Sr.,"Moncks Corner, SC",Berkeley High School,
Murray Johnson,Newberry,2025,72,180,L,R,Fr.,"Prosperity, SC",Mid Carolina High School,
Sam Stowe,Newberry,2025,73,210,L,L,R-Jr.,"Hampstead, NC",,Catawba Valley Community College
Logan Busenlehner,Newberry,2025,77,210,R,R,So.,"West Columbia, SC",Cardinal Newman High School,
Parker Mergo,Newberry,2025,72,170,L,L,R-Fr.,"West Columbia, SC",Brookland-Cayce High School,
Braiden Eagen,Newberry,2025,73,210,R,R,Fr.,"Summerville, SC",Fort Dorchester High School,
Gunnar Erickson,Newberry,2025,77,200,L,R,R-Sr.,"Chapin, SC",,USC Lancaster
Andrew Peck,Newberry,2025,73,195,L,L,R-Fr.,"Columbia, SC",Richland Northeast High School,
Mason Brady,Newberry,2025,75,215,R,R,R-Fr.,"Hanahan, SC",,Spartanburg Methodist College
Jack Coletti,Newberry,2025,71,175,,,Fr.,"Chapin, SC",Chapin High School,
Chansen Cole,Newberry,2025,76,185,R,R,Fr.,"Boiling Springs, SC",Boiling Springs High School,
Josh Bandy,Newberry,2025,73,180,R,R,Fr.,"San Antonio, TX",Winston Churchill High School,
Thomas Wayne,Newberry,2025,72,220,R,R,Jr.,"Oviedo, FL",,South Florida State College
Jacob Cogdell,Newberry,2025,71,195,R,R,So.,"Inman, SC",Chapman High School,
Landon Nunez,Newberry,2025,74,200,R,R,Fr.,"Tampa, FL",Alonso High School,
Taylor Jeter,Newberry,2025,72,185,R,R,Fr.,"Jonesville, SC",Spartanburg High School,
Ethan LeBron,Newberry,2025,72,180,L,L,Sr.,"Lexington, SC",River Bluff High School,
Jacob Clark,Newberry,2025,78,210,R,R,Fr.,"Pomaria, SC",Mid Carolina High School,
Jake Peterson,Newberry,2025,72,195,R,R,Fr.,"Chapin, SC",Chapin High School,
Parker Fenton,Newberry,2025,68,215,L,L,Sr.,"Minneola, FL",Lake Minneola High School,
Brayden Gilson,Newberry,2025,75,205,R,R,R-So.,"St. Augustine, FL",Bartram Trail High School,
Joshua Hair,Newberry,2025,71,180,R,R,R-Fr.,"Mount Dora, FL",Mount Dora Christian Academy HS,
Cooper O' Sullivan,Newberry,2025,75,180,L,R,R-Fr.,"Pickens, SC",Pickens High School,
Adam Riefsnyder,Newberry,2025,71,150,R,R,Fr.,"Newberry, SC",Newberry High School,
Wilson Wages,Newberry,2025,73,185,R,R,R-Fr.,"Clinton, SC",Clinton High School,
Blake Morrison,Newberry,2025,76,205,R,R,R-So.,"Cayce, SC",Airport High School,
Wyatt Carey,Newberry,2025,72,160,L,L,R-Sr.,"Charlestown, NH",,Fayetteville Tech
Jayden Carnahan,Newberry,2025,72,190,R,R,R-So.,"Lexington, SC",River Bluff High School,
Ryan Barnett,Newberry,2025,67,145,R,L,Jr.,"Newberry, SC",Newberry High School,
Zane McLendon,Newberry,2025,71,180,R,R,Fr.,"Clinton, SC",Clinton High School,
Brad Brooks,Newberry,2025,76,190,R,R,Sr.,"Mount Pleasant, S.C.",,Wando HS
Jomar Lugo,Newberry,2025,68,160,R,R,Sr.,"San Sebastian, P.R.",,North Myrtle Beach HS
Josh Watson,Newberry,2025,76,225,R,R,So.,"Myrtle Beach, S.C.",,Carolina Forest High School
Connor Schramm,Niagara,2025,69,180,,,So.,"Commack, N.Y.",,Commack
Vincent Mauro,Niagara,2025,74,190,,,Sr.,"Niagara Falls, NY",,Canisius HS
Maximilian Ramirez IV,Niagara,2025,71,160,,,Gr.,"Los Banos, CA",,Merced College
John Ondus,Niagara,2025,74,215,,,R-Fr.,"Gowanda, N.Y.",,Gowanda
Eddie Dolansky,Niagara,2025,74,185,,,Fr.,"Erie, PA",Fairview,
Gage Wheaton,Niagara,2025,77,165,,,So.,"Penfield, N.Y.",,Penfield
Jacob Brooks,Niagara,2025,72,185,,,Jr.,"New Albany, MS",,Mississippi Delta(NJCAA)
Hayden Morrison,Niagara,2025,75,200,,,So.,"Bonney Lake, WA",,Lower Columbia(NJCAA)
Curtis McKay,Niagara,2025,75,205,,,Jr.,"Dorchester, Ontario",,Kankakee(NJCAA)
Bobby Filler Jr.,Niagara,2025,72,187,,,Fr.,"Philadelphia, PA",Springside Chestnut Hill Academy,
Johnny Montgomery,Niagara,2025,75,180,,,Jr.,"Debary, FL",,Allegany College of Maryland
Carmen Panaro,Niagara,2025,71,185,,,Fr.,"East Amherst, NY",Williamsville East,
Elijha Hammill,Niagara,2025,72,195,,,R-Jr.,"Toronto, Ontario",,Central Arizona(NJCAA)
Nate Milk,Niagara,2025,72,200,,,Jr.,"Williamsville, NY",,Williamsville East
Carter Hall,Niagara,2025,74,195,,,Fr.,"Indianapolis, IN",Park Tudor School,
Andrew Damiani,Niagara,2025,73,175,,,Jr.,"Williamsville, NY",,SUNY Niagara(NJCAA)
Carter Fink,Niagara,2025,74,180,,,So.,"Victor, N.Y.",,Victor
Camden Sanders,Niagara,2025,74,190,,,Fr.,"London, Ontario",H.B Beal,
Tyler ViVacqua,Niagara,2025,70,175,,,Fr.,"Liverpool, NY",Liverpool,
Ethan McNish-Heider,Niagara,2025,76,215,,,R-So.,"El Cajon, CA",,Tarleton State
Matthew DelVecchio,Niagara,2025,72,190,,,Jr.,"San Marcos, CA",,Edmonds College (NJCAA)
Nate Bennett,Niagara,2025,75,205,,,Fr.,"London, Ontario",St. Thomas Aquinas,
Evan Wilde,Niagara,2025,79,225,,,Gr.,"Airdrie, AB",,Cloud County CC
Jack Dickinson,Niagara,2025,75,205,,,So.,"Montauk, N.Y.",,East Hampton
Carter Aarts,Niagara,2025,75,195,,,Fr.,"Dorchester, Ontario",Ingersoll District,
Andrew Baumgart,Niagara,2025,76,210,,,R-Jr.,"Willmar, MN",,North Dakota State
CJ Hurley,Niagara,2025,74,185,,,Fr.,"Williamsville, NY",Amherst Central,
Shawn Cameron,Niagara,2025,76,200,,,Jr.,"Clements, MD",,Brunswick(NJCAA)
Ian Huang,Niagara,2025,70,175,,,Fr.,"Surrey, BC",Pacific Academy,
Luke Glenn,Niagara,2025,73,190,,,Fr.,"Queensville, Ontario",Sir William Mullock,
Rees Kozar,Niagara,2025,73,210,,,So.,"Amherstburg, Ont.",,St. Thomas of Villanova
Jason Green,Niagara,2025,77,215,,,So.,"Georgetown, Ont.",,Georgetown District
Andy Miller,Nicholls,2025,75,185,R,R,Jr.,"Beaverton, Ore.",,
Christian Westcott,Nicholls,2025,73,205,R,R,R-Jr.,"Mandeville, La.",,
Aaron Biediger,Nicholls,2025,74,210,R,R,R-Jr.,"Fort Worth, Texas",,
Greyson Shafer,Nicholls,2025,76,225,R,R,R-Jr.,"Boise, Idaho",,
Narvin Booker Jr.,Nicholls,2025,67,165,L,R,Sr.,"Atlanta, Ga.",,
Karson Irvin,Nicholls,2025,69,165,L,R,Jr.,"St. George, Utah",,
Matt Melancon,Nicholls,2025,74,205,R,R,R-Fr.,"Thibodaux, La.",,
Haden Luke,Nicholls,2025,74,210,R,R,R-Jr.,"Vicksburg, Miss.",,
AJ Cappell,Nicholls,2025,69,185,R,R,Fr.,"Long Beach, Calif.",,
Tyler Johnson,Nicholls,2025,70,200,R,R,R-Jr.,"Kenner, La.",,
Logan Mock,Nicholls,2025,70,190,R,R,Sr.,"Livermore, Calif.",,
Luke Dickerson,Nicholls,2025,79,225,L,R,Jr.,"Windermere, Fla.",,
Carter Jenkins,Nicholls,2025,72,200,R,R,Jr.,"Branson, Mo.",,
Cole Poirrier,Nicholls,2025,75,215,R,R,Jr.,"Prairieville, La.",,
Jaden Collura,Nicholls,2025,70,190,L,R,Sr.,"Hammond, La.",,
Noah Detillier,Nicholls,2025,72,195,R,R,Jr.,"Gramercy, La.",,
Alec Sparks,Nicholls,2025,77,240,R,R,Sr.,"Amite, La.",,
Dalton Hill,Nicholls,2025,74,200,R,R,Jr.,"Stonewall, La.",,
Fisher Ingersoll,Nicholls,2025,75,205,L,R,R-So.,"American Fork, Utah",,
Luke McGibboney,Nicholls,2025,73,205,R,R,Jr.,"St. Amant, La.",,
Michael Lindsey,Nicholls,2025,79,250,R,R,R-Jr.,"Double Oak, Texas",,
Kaden Cloward,Nicholls,2025,75,235,R,R,Jr.,"Salem, Utah",,
Harper Jordan,Nicholls,2025,75,195,R,R,R-Sr.,"Hattiesburg, Miss.",,
Jantzen Anderson,Nicholls,2025,72,175,R,R,So.,"Draper, Utah",,
Andre Roux,Nicholls,2025,73,200,R,R,Jr.,"Mandeville, La.",,
Nuno Parache,Nicholls,2025,73,205,R,R,Jr.,"Brooklyn, N.Y.",,
Joseph Bordelon,Nicholls,2025,74,215,L,L,So.,"Alexandria, La.",,
Koen van ‘T Klooster,Nicholls,2025,77,200,R,R,Jr.,"Heemstede, Netherlands",,
Lex Melancon,Nicholls,2025,67,150,R,R,R-Fr.,"Napoleonville, La.",,
Nick Fields,Nicholls,2025,72,190,R,R,R-Sr.,"Galesburg, Ill.",,
Cole Simoneaux,Nicholls,2025,74,205,L,L,Fr.,"Napoleonville, La.",,
Isaac Ahokovi,Nicholls,2025,73,220,R,R,Fr.,"Kailua, Hawaii",,
Chase Jans,Nicholls,2025,72,195,R,R,Sr.,"Overland Park, Kan.",,
Dawson Szymanski,Nicholls,2025,72,215,R,R,Jr.,"Ruston, La.",,
Woody Brennan,Nicholls,2025,77,225,R,R,R-Jr.,"Rocklin, Calif.",,
Noah Melancon,Nicholls,2025,72,200,R,R,R-Fr.,"Lafayette, La.",,
Luke Babin,Nicholls,2025,69,170,L,L,Fr.,"Paulina, La.",,
Logan Mallard,Nicholls,2025,70,260,L,L,Fr.,"Houma, La.",,
Wyatt Ford,Nicholls,2025,74,185,L,L,Fr.,"St. Amant, La.",,
CJ Patterson,Norfolk State,2025,73,195,R,R,Jr.,"Newport News, Va.",,Woodside HS / Paul D. Camp CC
Justin Journette,Norfolk State,2025,74,220,R,R,Jr.,"Richmond, Va.",,Hermitage HS
Jaydan Israel,Norfolk State,2025,70,165,L,R,Jr.,"Chandler, Ariz.",,Mesa CC
Cameron Mazell,Norfolk State,2025,75,215,L,L,Jr.,"Fredricksburg, Va.",,Clever Hill HS
Brayden Daulton,Norfolk State,2025,72,180,R,R,Jr.,"Sylvan Lake, Mich.",,Southwest Baptist
Brendan Burke,Norfolk State,2025,75,220,L,R,Sr.,"Cary, N.C.",,Patrick Henry CC
Collin Curry,Norfolk State,2025,75,215,R,R,Jr.,"Bedford, Texas",,Salem University
Yasseel Samboy,Norfolk State,2025,74,185,,,So.,"San Domingo, Dominican Republic",,Booker T. Washington HS
Robert Beatty,Norfolk State,2025,70,185,L,R,Sr.,"Hubert, N.C.",,Swansboro HS
Christian Velez,Norfolk State,2025,78,220,L,L,Fr.,"Newport News, Va.",,Smithfield HS
Liam Royster,Norfolk State,2025,79,205,R,R,Jr.,"Roselle Park, N.J.",,The Pingry HS
Tyler Mitchell,Norfolk State,2025,74,195,R,R,Jr.,"Woodbridge, Va.",,Chesapeake College
Emmett Jefferson,Norfolk State,2025,72,190,R,R,Sr.,"Norfolk, Va.",,Guilford Tech CC
Reid Driskill,Norfolk State,2025,75,215,R,R,R-So.,"Lynchburg, Va.",,Patrick & Henry CC
Nathaniel Varnier,Norfolk State,2025,79,165,L,L,R-Sr.,"Suffolk, Va.",,William Peace College
Jamal Ritter,Norfolk State,2025,74,180,L,L,Gr.,"Valley Stream, N.Y.",,SUNY Old Westbury
Nyenati Snoh,Norfolk State,2025,76,180,R,R,Fr.,"Chesapeake, Va.",,Grassfield HS
Ryan Hoeft,Norfolk State,2025,72,200,R,R,Fr.,"Chesapeake, Va.",,Grassfield High School
Walker Fuller,Norfolk State,2025,77,205,,,Jr.,"Virginia Beach, Va.",,Barton College / First Colonial HS
Jalan Jones,Norfolk State,2025,76,205,R,R,So.,"Sanford, N.C.",,Southern Lee HS
Myles Crocker,Norfolk State,2025,70,190,L,L,Fr.,"Winston-Salem, N.C.",,High Point Wesleyan Christian HS
Terrence Rhodes,Norfolk State,2025,68,175,L,R,So.,"Richmond, Va.",,Benedictine College Prep.
Donovan Whitfield,Norfolk State,2025,77,195,R,R,R-So.,"Herndon, Va.",,Jack Britt HS
Parker Hampton,Norfolk State,2025,74,180,R,R,So.,"Virginia Beach, Va.",,Bayside HS
Ryan Sellers,Norfolk State,2025,73,220,R,R,So.,"Henrico, Va.",,UVA Wise
Mac Yarbrough,Norfolk State,2025,76,225,L,L,Jr.,"Ashburn, Va.",,Riverside HS
Ethan Blakeney,Norfolk State,2025,72,180,R,R,So.,"Virginia Beach, Va.",,Bayside HS
Kydese Queen,Norfolk State,2025,75,185,R,R,So.,"Waldorf, Md.",,St. Charles HS
Sean Harris-Walter,Norfolk State,2025,71,190,R,R,So.,"Virginia Beach, Va.",,Bayside HS
Landen Campbell,Norfolk State,2025,70,195,L,L,Jr.,"Roseland, Va.",,Nelson County HS / Patrick & Henry CC
Seth Alexander,Norfolk State,2025,74,195,R,R,Jr.,"Merced, Calif.",,Mississippi Valley State
Jayden Sloan,North Alabama,2025,67,,,,Gr.,"Montgomery, Ala.",Brewbaker Technology Magnet HS,
Leighton Jenkins,North Alabama,2025,72,,,,Sr.,"Collinsville, Miss.",West Lauderdale HS,
Bryant Loving,North Alabama,2025,73,,,,So.,"Nashville, Tenn.",Lipscomb Academy,
Jackson Ferrigno,North Alabama,2025,72,,,,R-Jr.,"Farmington, Conn.",Farmington HS,
Carson Howard,North Alabama,2025,70,,,,Sr.,"Pike Road, Ala.",Saint James HS,
Jonathan Lane,North Alabama,2025,72,,,,Sr.,"Fort Lauderdale, Fla.",Calvary Christian Academy,
Ryker Billingsley,North Alabama,2025,70,,,,Jr.,"Chino Hills, Calif.",Chino Hills HS,
Charlie Cochran,North Alabama,2025,74,,,,R-So.,"Florence, Ala.",Florence HS,
Quinn Petty,North Alabama,2025,73,,,,Sr.,"Cumming, Ga.",Veritas HS,
Dylan Morrill,North Alabama,2025,70,,,,Sr.,"Teaneck, N.J.",Teaneck HS,
Kyle Lewis,North Alabama,2025,74,,,,Gr.,"Leesburg, Va.",Stone Bridge HS,
Alex Wilson,North Alabama,2025,72,,,,R-Jr.,"Hoover, Ala.",Hoover HS,
Landon Scruggs,North Alabama,2025,76,,,,Jr.,"Mineral Wells, Miss.",Center Hill HS,
Ethan Walker,North Alabama,2025,70,,,,R-So.,"Kansas City, Kan.",Piper HS,
Hunter Bell,North Alabama,2025,78,,,,Sr.,"Centreville, Va.",Centerville HS,
Reese Young,North Alabama,2025,72,,,,Fr.,"Mechanicsburg, Pa.",Mechanicsburg Area Senior HS,
Jackson Cheek,North Alabama,2025,75,,,,R-So.,"Nettleton, Miss.",Nettleton HS,
Justus Agosto,North Alabama,2025,73,,,,R-Jr.,"Langhorne, Pa.",Neshaminy HS,
Brycen Parrish,North Alabama,2025,77,,,,Gr.,"Florence, Ala.",Wilson HS,
RJ Sherwood,North Alabama,2025,76,,,,Gr.,"Canton, Mich.",Belleville HS,
Kevin Henrich,North Alabama,2025,74,,,,Jr.,"Malvern, Pa.",Monsignor Bonner,
Alex Wade,North Alabama,2025,74,,,,R-So.,"Decatur, Ala.",Madison Academy,
Jordan Touhey,North Alabama,2025,76,,,,Fr.,"San Tan Valley, Ariz.",Poston Butte HS,
Anthony Pingeton,North Alabama,2025,75,,,,Sr.,"Charlton, Mass.",Holy Name Central Catholic HS,
Tripp Patterson,North Alabama,2025,74,,,,Fr.,"Alexandria, Ala.",Alexandria HS,
Justin Battle,North Alabama,2025,72,,,,Jr.,"Murfreesboro, Tenn.",Knights Academy,
Zak Majer,North Alabama,2025,74,,,,Gr.,"Plantation, Fla.",Nova HS,
Raleigh Claunch,North Alabama,2025,70,,,,R-Jr.,"Florence, Ala.",Florence HS,
Josh Bowerman,North Alabama,2025,75,,,,Jr.,"Florence, Ala.",Mars Hill Bible School,
Nash Rippen,North Alabama,2025,74,,,,Jr.,"Decatur, Ala.",Decatur Heritage,
Matthew Delgado,North Alabama,2025,73,,,,Sr.,"Monrovia, Calif.",Monrovia HS,
Ryan West,North Alabama,2025,70,,,,Sr.,"Madison, Ala.",Bob Jones HS,
Petey Craska,North Alabama,2025,72,,,,R-Fr.,"Gibsonia, Pa.",Mount Paran Christian,
Gio Lonero,North Alabama,2025,71,,,,Fr.,"Canonsburg, Pa.",Seton La Salle HS,
Luke Davenport,North Alabama,2025,76,,,,Fr.,"Madison, Ala.",James Clemens HS,
Wes Walker,North Alabama,2025,72,,,,Fr.,"Priceville, Ala.",Priceville HS,
John Allen Stogner,North Alabama,2025,74,,,,Sr.,"Huntsville, Ala.",Grissom HS,
Gavin Oswald,North Alabama,2025,78,,,,R-Jr.,"Wildwood, Mo.",Lafayette HS,
Caleb Menina,North Alabama,2025,72,,,,Sr.,"Morgan City, La.",Central Catholic HS,
Alex Madera,North Carolina,2025,70,179,L,R,Gr.,"Delran, N.J.",Delran,
Reece Holbrook,North Carolina,2025,71,181,L,R,R-Jr.,"Mt. Pleasant, S.C.",Hammond,
Lee Sowers,North Carolina,2025,70,185,L,R,Fr.,"Glen Allen, Va.",Freeman,
Sawyer Black,North Carolina,2025,73,194,L,R,Fr.,"Oak Ridge, N.C.",Wesleyan Christian Academy,
Gavin Gallaher,North Carolina,2025,73,191,R,R,So.,"Apex, N.C.",Pro5,
Jackson Van De Brake,North Carolina,2025,73,202,R,R,Sr.,"Yakima, Wash.",West Valley,
Perry Hargett,North Carolina,2025,72,187,R,R,Fr.,"Peachland, N.C.",Metrolina Christian Academy,
Boaz Harper,North Carolina,2025,71,175,S,R,Fr.,"Angier, N.C.",Grace Christian Academy,
Tom Chmielewski,North Carolina,2025,74,210,L,L,Gr.,"Needham, Mass.",Needham,
Tyson Bass,North Carolina,2025,75,211,R,R,Gr.,"Lucama, N.C.",Hunt,
Macaddin Dye,North Carolina,2025,73,215,R,R,So.,"Virginia Beach, Va.",Frank W. Cox,
Parker McCoy,North Carolina,2025,73,205,R,R,Fr.,"Pembroke, Ga.",Benedictine Military Academy,
Cameron Padgett,North Carolina,2025,75,195,R,R,Jr.,"Salisbury, N.C.",East Rowan,
Boston Flannery,North Carolina,2025,76,230,R,R,So.,"New City, N.Y.",Brunswick,
Carter French,North Carolina,2025,74,196,L,L,Jr.,"Tampa, Fla.",Jesuit,
Camron Seagraves,North Carolina,2025,75,179,R,R,Fr.,"Ellerbe, N.C.",Grace Christian Academy,
Alex Ferrell,North Carolina,2025,74,209,R,R,Fr.,"Mount Olive, N.C.",Southern Wayne,
Sam Angelo,North Carolina,2025,72,225,L,L,Gr.,"Toms River, N.J.",Toms River North,
Matthew Matthijs,North Carolina,2025,74,230,R,R,Jr.,"Greenville, N.C.",D.H. Conley,
Rom Kellis V,North Carolina,2025,73,203,R,R,Jr.,"Gilbert, S.C.",P27 Academy,
Kyle Percival,North Carolina,2025,77,220,R,L,Jr.,"Lancaster, S.C.",Andrew Jackson,
Kane Kepley,North Carolina,2025,68,180,L,L,Jr.,"Salisbury, N.C.",South Rowan,
Riley Leatherman,North Carolina,2025,74,180,R,R,Fr.,"Maple Grove, Minn.",Wayzata,
Jason DeCaro,North Carolina,2025,77,230,R,R,So.,"North Port, N.Y.",St. Anthony's,
Olin Johnson,North Carolina,2025,78,230,R,R,So.,"Bellingham, Wash.",McCallie (Tenn.),
Francesco Capocci,North Carolina,2025,76,221,R,R,So.,"Cumming, Ga.",Denmark,
Folger Boaz,North Carolina,2025,74,212,L,L,So.,"Pilot Mountain, N.C.",East Surry,
Cale Bolton,North Carolina,2025,77,240,R,R,Gr.,"Louisburg, N.C.",Louisburg,
Harrison Lewis,North Carolina,2025,78,236,R,R,R-Fr.,"Winston-Salem, N.C.",West Forsyth,
Walker McDuffie,North Carolina,2025,72,200,R,R,Fr.,"Broadway, N.C.",Lee County,
Jacob Kirby,North Carolina,2025,77,200,R,R,So.,"Waxhaw, N.C.",Ardrey Kell,
Jake Knapp,North Carolina,2025,77,270,R,R,Gr.,"Greensboro, N.C.",Page,
Tyler Parks,North Carolina,2025,69,177,R,R,R-Fr.,"Asheboro, N.C.",Southwestern Randolph,
Luke Stevenson,North Carolina,2025,73,210,L,R,So.,"Wake Forest, N.C.",Wake Forest,
Hunter Stokely,North Carolina,2025,75,241,L,R,Gr.,"Wilson, N.C.",Fike,
Will Simmons,North Carolina,2025,74,205,R,R,Jr.,"Sioux Falls, S.D.",Harrisburg,
Aidan Haugh,North Carolina,2025,78,229,R,R,Sr.,"Zebulon, N.C.",East Wake,
Ryan Hench,North Carolina,2025,74,200,R,R,R-Fr.,"Hillsborough, N.C.",Orange,
Dylan Weber,North Carolina,2025,72,197,L,L,Gr.,"Sterling, Va.",Dominion,
Mitch Wilson,North Carolina,2025,75,212,R,R,Fr.,"Pauline, S.C.",Dorman,
Tim Lawson,North Carolina,2025,77,230,L,L,Fr.,"Fort Myers, Fla.",Bishop Verot,
Andrew Wallen,North Carolina,2025,79,245,R,R,Fr.,"Greenville, N.C.",JH Rose,
Ryan Lynch,North Carolina,2025,75,235,R,R,Fr.,"Moorestown, N.J.",Moorestown,
Mason Yokum,North Carolina,2025,75,185,R,L,R-Fr.,"Holly Springs, N.C.",Pro5,
John Hughes,North Carolina,2025,72,215,L,L,Fr.,"Hinsdale, Ill.",Nazareth Academy,
Solomon McKinney,North Carolina A&T,2025,73,175,,,Fr.,"Washington, DC",Riverdale Baptist,
Diego Barrett,North Carolina A&T,2025,72,175,R,R,Sr.,"Woodbridge, Va.",,Potomac State College
JT Taylor,North Carolina A&T,2025,72,185,R,R,R-Fr.,"Salisbury, NC",Combine Academy,
Enrique Wood,North Carolina A&T,2025,72,175,R,R,Sr.,"Charlotte, NC",,Gaston College
Caleb Beals,North Carolina A&T,2025,72,195,,,Fr.,"Charlotte, N.C.",Cuthbertson,
Tyler Smith,North Carolina A&T,2025,72,205,,,Fr.,"Hollywood, Fla.",McArther,
Angel Ortiz,North Carolina A&T,2025,71,180,R,R,Sr.,"Tuscon, Ariz.",,Cochise College
Nick DiCarlo,North Carolina A&T,2025,71,175,,,Jr.,"Pinehurst, N.C.",Pinehurst,Louisburg College
Grayson King,North Carolina A&T,2025,73,200,,,Jr.,"Murfreesboro, Tenn.",Riverdale,Columbia State
Evan Hart,North Carolina A&T,2025,73,175,R,R,R-Jr.,"Rocky Mount, N.C.",Rocky Mount,
Darius Robinson,North Carolina A&T,2025,74,185,R,R,R-Jr.,"Ft. Lauderdale, Fla.",,St. Thomas Aquinas
Bruce Wyche,North Carolina A&T,2025,73,210,,,Fr.,"McDonough, Ga.",Union Grove,
AJ Jones,North Carolina A&T,2025,72,200,L,R,Sr.,"Nashville, NC",,Gardner-Webb
Gavin Sentell,North Carolina A&T,2025,71,180,,,Jr.,"High Point, N.C.",Ledford,Catawba Valley
Cody Callahan,North Carolina A&T,2025,69,175,,,Fr.,"Wilmington, N.C.",North Brunswick,
Bryce Adams,North Carolina A&T,2025,70,180,,,Fr.,"Richmond, Va.",Benedictine College Prep,
Matt Murtagh,North Carolina A&T,2025,73,190,,,Jr.,"Port Ewen, NY",Saugerties,Suny Sullivan CC
Mekai Griffin,North Carolina A&T,2025,75,210,,,Fr.,"Lady Lake, Fla.",Trinity Catholic,
Jordan Bright,North Carolina A&T,2025,78,220,,,Fr.,"Powder Springs, Ga.",McEachern,
Kristian Amaro,North Carolina A&T,2025,72,190,R,S,Sr.,"Hilliard, Ohio",Hilliard Darby,Florence Darlington Tech
Nick Allen,North Carolina A&T,2025,74,205,R,R,So.,"Milton, Ga.",Woodward Academy,
Sean Duke,North Carolina A&T,2025,71,175,,,Jr.,"Rhinebeck, NY",Rhinebeck,Suny Sullivan CC
Carter Daniels,North Carolina A&T,2025,74,215,R,R,R-Jr.,"Columbia, SC",,Chipola College
Savoi Edwards,North Carolina A&T,2025,75,200,,,Fr.,"Greensboro, N.C.",Ragsdale,
Luis Gomez,North Carolina A&T,2025,72,205,,,Jr.,"Naples, Fla.",St. John Neumann,Tallahassee CC
Ellis Reid,North Carolina A&T,2025,72,205,R,R,So.,"Jersey City, NJ",Pro5 Academy,
Taili Thompson,North Carolina A&T,2025,74,170,,,Fr.,"Pittsburgh, Pa.",Gateway,
Stirling Thomas,North Carolina A&T,2025,75,210,L,L,R-So.,"Waynesville, N.C.",,Erskine College
Andrew Tinsley,North Carolina A&T,2025,71,175,,,Jr.,"Frisco, Texas",Hebron,Murray State College
Braxton Davis,North Carolina A&T,2025,73,175,,,Fr.,"Erwin, N.C.",Triton,
Jason Campo,North Carolina A&T,2025,74,225,,,R-So.,"North Babylon, NY",St. John The Baptist,Stony Brook
Nigel Robinson,North Carolina A&T,2025,72,195,R,R,R-Fr.,"Greensboro, NC",Dudley HS,
Jacob Halford,North Carolina A&T,2025,74,195,,,Sr.,"Gastonia, N.C.",Northern Guilford,North Carolina State University
AJ Walton,North Carolina A&T,2025,78,205,,,Jr.,"Emporia, Va.",Maury,Patrick Henry College
Myles Terrell,North Carolina A&T,2025,68,170,,,R-So.,"Sacramento, Calif.",Southern University High School,West Valley CC
Noah Gordon,North Dakota State,2025,70,190,R,R,So.,"Rogers, Minn.",,
Blake Timmons,North Dakota State,2025,70,175,L,R,RFr.,"Solon, Iowa",,
Kyle Law,North Dakota State,2025,74,195,R,R,Jr.,"Andover, Minn.",,
Jake Schaffner,North Dakota State,2025,74,175,L,R,So.,"Janesville, Wis.",,
Davis Hamilton,North Dakota State,2025,72,200,L,R,Jr.,"Sun Prairie, Wis.",,
Alex Urlaub,North Dakota State,2025,73,190,R,R,Sr.,"West Fargo, N.D.",,
Evan Gustafson,North Dakota State,2025,72,200,L,R,RFr.,"Eau Claire, Wis.",,
Sam Canton,North Dakota State,2025,70,185,L,L,Sr.,"Port Orchard, Wash.",,
Will Mann,North Dakota State,2025,72,200,L,R,Jr.,"Chardon, Ohio",,
Luis Garcia,North Dakota State,2025,72,180,S,R,Sr.,"Tucson, Ariz.",,
Tate Martin,North Dakota State,2025,73,190,R,R,Fr.,"Vancouver, British Columbia",,
Matt Sargeant,North Dakota State,2025,74,205,R,R,So.,"Ancaster, Ontario",,
Roman Trapani,North Dakota State,2025,72,195,R,R,So.,"Eau Claire, Wis.",,
Colten Becker,North Dakota State,2025,70,190,L,L,Sr.,"South St. Paul, Minn.",,
Bennett Freiter,North Dakota State,2025,76,210,R,R,RJr.,"St. Andrews, Manitoba",,
Nolan Johnson,North Dakota State,2025,73,185,L,L,RJr.,"Lakeville, Minn.",,
Sam Roberts,North Dakota State,2025,74,175,R,R,Sr.,"South Jordan, Utah",,
Aiden Schenk,North Dakota State,2025,73,205,L,L,RFr.,"Janesville, Wis.",,
Tommy Simon,North Dakota State,2025,72,180,R,R,Fr.,"Fargo, N.D.",,
Logan Knight,North Dakota State,2025,78,215,R,R,Sr.,"London, Ontario",,
Hayden Sylte,North Dakota State,2025,72,185,R,R,RSr.,"Gillette, Wyo.",,
Tyman Long,North Dakota State,2025,73,205,R,R,Jr.,"Sioux Falls, S.D.",,
Luke Shannahan,North Dakota State,2025,76,215,L,R,Jr.,"Jacksonville, Fla.",,
Parker Puetz,North Dakota State,2025,75,215,R,R,RSo.,"Volga, S.D.",,
Ethan Swaby,North Dakota State,2025,73,185,R,R,Fr.,"Toronto, Ontario",,
Julien Hachem,North Dakota State,2025,80,245,L,L,Jr.,"Oak Park, Ill.",,
Danny Lachenmayer,North Dakota State,2025,75,195,R,L,Fr.,"Eagan, Minn.",,
Ben Berkhof,North Dakota State,2025,76,205,L,L,RFr.,"Hudson, Wis.",,
Reese Ligtenberg,North Dakota State,2025,77,205,L,R,RSr.,"Inver Grove Heights, Minn.",,
Seth Thompson,North Dakota State,2025,76,220,R,R,Sr.,"Calgary, Alberta",,
Dante Smith,North Dakota State,2025,71,175,L,R,Fr.,"Ajax, Ontario",,
Landon Koenig,North Dakota State,2025,78,220,R,R,So.,"Portland, N.D.",,
Cade Wiegert,North Dakota State,2025,77,215,L,R,Jr.,"Eden Prairie, Minn.",,
Leland Wilson,North Dakota State,2025,77,215,L,L,RSr.,"Anchorage, Alaska",,
Garrett Shupe,North Dakota State,2025,76,195,R,R,Fr.,"Mosinee, Wis.",,
Cole Mahlum,North Dakota State,2025,74,190,R,R,Sr.,"Brookings, S.D.",,
Alex Karns,North Dakota State,2025,76,215,R,R,Sr.,"Coeur d'Alene, Idaho",,
Austin Bergum,North Dakota State,2025,74,215,R,R,Sr.,"Forest Lake, Minn.",,
Luke Agnew,North Dakota State,2025,75,210,R,R,RFr.,"Greenfield, Wis.",,
Skyler Riedinger,North Dakota State,2025,73,195,R,R,RSr.,"Bismarck, N.D.",,
Luke McBee,North Greenville,2025,68,135,,,So.,"Columbia, Mo.",Father Tolton,
Snyder Pennington,North Greenville,2025,71,190,,,Jr.,"Pekin, Ind.",Eastern,
Zack McClease,North Greenville,2025,71,160,,,Sr.,"Lexington, Ky.",Tates Creek,
Parker Milligan,North Greenville,2025,70,165,,,Jr.,"Iliopolis, Ill.",Sangamon Valley,
Alex Jackson,North Greenville,2025,73,205,,,Jr.,"North Aurora, Ill.",West Aurora,
George Schneider,North Greenville,2025,66,160,,,Sr.,"New Athens, Ill.",New Athens,
Landyn Smith,North Greenville,2025,69,170,,,Jr.,"Palmyra, Mo.",Palmyra,
Matt Rocco,North Greenville,2025,68,180,,,Jr.,"O'Fallon, Mo.",Fort Zumwalt North,
Carson Gates,North Greenville,2025,70,175,,,So.,"Eureka, Ill.",Eureka,
Da'mari Dabney,North Greenville,2025,69,165,,,Fr.,"Centralia, Ill.",Christ Our Rock Lutheran,
Hudson Alstat,North Greenville,2025,69,165,,,Fr.,"Greenville, Ill.",Greenville,
Rhett Pennington,North Greenville,2025,72,195,,,Sr.,"Pekin, Ind.",Eastern,
Nathan Moran,North Greenville,2025,72,170,,,Sr.,"St. Charles, Mo.",Francis Howell,
Markus Isaiah,North Greenville,2025,70,165,,,So.,"Centralia, Ill.",Christ Our Rock Lutheran,
Wilson Decker,North Greenville,2025,74,175,,,So.,"Florissant, Mo.",Hazelwood West,
Ty Kueper,North Greenville,2025,73,200,,,So.,"Aviston, Ill.",Breese Central,
Lendon Isaiah,North Greenville,2025,69,170,,,Fr.,"Centralia, Ill.",Christ Our Rock Lutheran,
Ryan Jackson,North Greenville,2025,73,195,,,So.,"Greenville, Ill.",Greenville,
Peyton Foster,North Greenville,2025,69,165,,,Fr.,"Duquoin, Ill.",Ziegler-Royalton,
Austin Carithers,North Greenville,2025,69,162,,,Sr.,"Mackinaw, Ill.",Illiinois Valley,
Dawson Hope,North Greenville,2025,74,190,,,So.,"Sellersburg, Ind.",Silver Creek,
Jared Lischer,North Greenville,2025,73,185,,,Sr.,"New Athens, Ill.",New Athens,
Colton Oelze,North Greenville,2025,70,175,,,So.,"Nashville, Ill.",Christ Our Rock Lutheran,
Terry Millikan,North Greenville,2025,72,204,,,Sr.,"Maryland Heights, Mo.",Pattonville,
Joe Short,North Greenville,2025,72,220,,,So.,"Casey, Ill.",Casey-Westfield,
Miggy Villalobos,North Greenville,2025,72,215,,,Sr.,"St. Joseph, Mich.",St Joseph,
Austin Moses,North Greenville,2025,73,185,,,Jr.,"Springfield, Tenn.",Springfield,
Jordan Stucki,North Greenville,2025,72,190,,,Jr.,"Costa Mesa, Calif.",Costa Mesa,
Ian Wilson,North Greenville,2025,72,225,,,Sr.,"Rochester, Ill.",Rochester,
Bradley Weber,North Greenville,2025,72,170,,,Fr.,"Troy, Ill.",Triad,
Jason Decker,North Greenville,2025,73,190,,,Fr.,"Downs, Ill.",Tri-Valley,
Cade Buehnerkemper,North Greenville,2025,72,190,,,Jr.,"Effingham, Ill.",Teutopolis,
Trent Morgenstern,North Greenville,2025,75,175,,,Sr.,"Pinckneyville, Ill.",Pinckneyville,
Brady Salzman,North Greenville,2025,73,190,,,Sr.,"Brighton, Ill.",Southwestern,
Michael Gibson,North Greenville,2025,72,235,,,So.,"St. Peters, Mo.",Ft. Zumwalt East,
Logan Doll,North Greenville,2025,69,195,,,Sr.,"Greenville, Ill.",Greenville,
Jacob Hammer,North Greenville,2025,72,205,,,Sr.,"Altamont, Ill.",Altamont,
Dax Bailey,North Greenville,2025,75,210,,,So.,"Lynnville, Ind.",Tecumseh,
Logan Weekly,North Greenville,2025,75,220,,,So.,"Buffalo, Ill.",Sangamon Valley,
Porter Fike,North Greenville,2025,70,175,,,So.,"Columbia, Ill.",Columbia,
Drew Gullette,North Greenville,2025,73,215,,,So.,"Tremont, Ill.",Tremont,
Tristan McMeen,North Greenville,2025,72,220,,,Fr.,"Edwardsville, Ill.",Edwardsville,
Isaias Tolentino,North Greenville,2025,72,215,,,Fr.,Dominican Republic,Trinity Christian,
Stephen Hardwick,North Greenville,2025,77,305,,,So.,"Chatham, Ill.",Chatham Glenwood,
Ray Branigan,North Greenville,2025,70,170,,,Fr.,"St. Louis, Mo.",Parkway North,
Konner Young,North Greenville,2025,69,170,,,Fr.,"Smithville, Tenn.",Dekalb County,
Alejandro Martinez,North Greenville,2025,71,180,,,Fr.,"Sahuarita, Ariz.",Walden Grove,
Omari King,North Greenville,2025,68,160,,,Fr.,"Centralia, Ill.",Christ Our Rock Lutheran,
Edward Jurgena,North Greenville,2025,71,250,,,So.,"Greenville, Ill.",Greenville,
Joe Perona,North Park,2025,72,165,L,R,Jr.,"Chicago, Ill.",Lane Tech,
Alex DiVito,North Park,2025,71,190,L,R,Sr.,"Bloomfield Hills, Mich.",Bloomfield Hills,
Reece Arakaki,North Park,2025,65,140,R,R,Sr.,"Honolulu, Hawaii",University Laboratory School,
Griffin Self,North Park,2025,72,185,R,R,Gr.,"Henry, Ill.",Henry-Senachwine,
Jaedon Bader,North Park,2025,71,215,S,L,Sr.,"Scottsdale, Ariz.",,Glendale CC
Sam Jackson,North Park,2025,73,180,R,R,Jr.,"Nashville, Tenn.",Pope John Paul II,
Zach Price,North Park,2025,74,205,R,R,Jr.,"Broomfield, Colo.",Legacy,
Noa Fujitani,North Park,2025,67,165,R,R,So.,"Kaneohe, Hawaii",Kalani,
Garon Maxon,North Park,2025,70,165,L,L,Jr.,"Santa Monica, Calif.",Notre Dame,
Rylan Kawakami,North Park,2025,72,170,R,R,Jr.,"Honolulu, Hawaii",Kaiser,
Brandon Leidolph,North Park,2025,72,160,R,R,Jr.,"Joliet, Ill.",Plainfield Central,
Rylan Li,North Park,2025,65,175,L,R,So.,"Mililani, Hawaii",Moanalua,
Riley Jepsen,North Park,2025,72,195,R,R,Sr.,"Plainfield, Ill.",Plainfield South,
Charlie Cmiel,North Park,2025,71,190,R,L,So.,"Elmhurst, Ill.",,Black Hawk College
Vinnie Marvucic,North Park,2025,70,195,L,L,Fr.,"Niles, Ill.",,Nova Southeastern University
Taylor Joseph,North Park,2025,70,180,R,R,Fr.,"Johnson Creek, Wis.",Johnson Creek,
Enzo Vertucci,North Park,2025,74,200,R,R,Jr.,"North Palm Beach, Fla.",,Aurora University
Kupono Akaka,North Park,2025,69,155,R,R,Fr.,"Honolulu, Hawaii",Kalani,
Peyton Robinson,North Park,2025,70,200,L,L,Fr.,"Chicago, Ill.",Mount Carmel,
James Stubitsch,North Park,2025,72,160,L,L,So.,"Mundelein, Ill.",Carmel Catholic,
Parker Dailey,North Park,2025,76,225,R,R,Jr.,"Alpharetta, Ga.",Milton,
Kevin Ayeski,North Park,2025,76,205,L,R,Jr.,"Norridge, Ill.",,Concordia (WI)
Brett Ravitz,North Park,2025,73,170,L,L,Sr.,"San Diego, Calif.",Del Norte,
Reyn Matsuzaki,North Park,2025,70,200,L,R,So.,"Honolulu, Hawaii",Mid Pacific Institute,
Jake Nawrocki,North Park,2025,75,250,R,R,So.,"Hampshire, Ill.",Hampshire,
Dawson Nuese,North Park,2025,70,175,R,R,Fr.,"Kihei, Hawaii",Maui,
John Greenwood,North Park,2025,72,245,L,L,Fr.,"Shorewood, Ill.",Providence Catholic,
Braden Enomoto,North Park,2025,68,150,R,R,Fr.,"Aiea, Hawaii",Moanalua,
Jackson Nuese,North Park,2025,70,185,R,R,Jr.,"Kihei, Hawaii",Maui,
Jesus Garcia III,North Park,2025,76,170,R,R,So.,"Skokie, Ill.",Niles North,
Gio Lucchetto,North Park,2025,71,210,R,R,Sr.,"Chicago, Ill.",,Rockford
Peter Pipikios,North Park,2025,69,160,L,L,Fr.,"Naperville, Ill.",Neuqua Valley,
Josh Beail,North Park,2025,75,145,R,R,Fr.,"San Diego, Calif.",Patrick Henry,
Nate Sommerfeld,North Park,2025,72,185,R,R,Sr.,"Crest Hill, Ill.",Plainfield Central,
Griffin Acevedo,North Park,2025,69,175,R,R,Fr.,"Plainfield, Ill.",Plainfield South,
Owen Hickman,North Park,2025,71,160,R,R,Fr.,"Anchorage, Alaska",Service,
Ethan Condit,North Park,2025,73,195,R,R,Jr.,"Putnam, Ill.",Henry Senachwine,
Dylan Sano,North Park,2025,66,150,R,R,So.,"Honolulu, Hawaii",Moanalua,
Graham Porter,North Park,2025,73,190,S,R,Sr.,"Portland, Ore.",,Vermilion CC
Eli Johnson,North Park,2025,71,195,R,R,Jr.,"Rockford, Ill.",,Elgin Community College
Brendan Crowley,North Park,2025,76,205,R,R,Fr.,"Chicago, Ill.",,Oakton College
Tommy Eck,North Park,2025,72,185,L,L,Fr.,"South Bend, Ind.",South Bend,
AJ Aschettino,Northeastern,2025,73,180,L,R,Fr.,"Miller Place, N.Y.",Rocky Point High School,
Anthony Ruggiero,Northeastern,2025,72,185,L,L,Fr.,"Mendon, Mass.",Nipmuc Regional,
Ryan Gerety,Northeastern,2025,71,195,L,L,So.,"Franklin, Mass.",Franklin,
Jack Cropper,Northeastern,2025,71,185,R,R,RFr.,"Norwood, Mass.",Norwood,
Jack Goodman,Northeastern,2025,72,185,R,R,Jr.,"Medfield, Mass.",Medfield,Pepperdine (WCC)
Aiven Cabral,Northeastern,2025,71,195,R,R,Jr.,"Lynn, Mass.",St. Mary's Lynn,
Cam Maldonado,Northeastern,2025,75,200,R,R,Jr.,"Wolcott, Conn.",Hamden Hall Country Day School,
Henry DiGiorgio,Northeastern,2025,71,185,L,R,Fr.,"Franklin, Mass.",Franklin,
Harrison Feinberg,Northeastern,2025,73,205,R,R,R-Jr.,"Greenwich, Conn.",King School,USC (PAC-12)
Alex Lane,Northeastern,2025,78,245,R,R,Gr.,"Andover, Mass.",St. John's Prep,Bryant (Am. East)
Max Marchetti,Northeastern,2025,74,205,L,L,RFr.,"Cranston, R.I.",Worcester Academy,
Joseph Hauser,Northeastern,2025,74,200,R,R,R-So.,"Queens, N.Y.",St. Francis Prep,
Matt Brinker,Northeastern,2025,72,200,R,R,Jr.,"Norfolk, Mass.",Xaverian Brothers,
Jack Bowery,Northeastern,2025,71,190,L,L,Sr.,"North Haven, Conn.",Fairfield Prep,Marist (MAAC)
Charlie Walker,Northeastern,2025,74,210,R,R,Jr.,"Milton, Mass.",Milton,
Ryan Griffin,Northeastern,2025,78,195,R,R,Jr.,"North Andover, Mass.",North Andover,
Brett Dunham,Northeastern,2025,74,205,R,R,Sr.,"North Andover, Mass.",North Andover,
Chris Walsh,Northeastern,2025,71,186,R,R,So.,"Duxbury, Mass.",Duxbury,
Cooper Tarantino,Northeastern,2025,72,195,R,R,Fr.,"Sudbury, Mass.",Lincoln-Sudbury,
Nick Coniglio,Northeastern,2025,72,190,R,R,So.,"Monroe Township, N.J.",The Ranney School,
Justin Bosland,Northeastern,2025,77,205,L,R,Sr.,"Succasunna, N.J.",Roxbury High School,
Will Fosberg,Northeastern,2025,74,195,L,R,RFr.,"Natick, Mass.",Natick,
Carmelo Musacchia,Northeastern,2025,72,190,R,R,Jr.,"New York, N.Y.",Fordham Prep,
Carter Bentley,Northeastern,2025,74,200,R,R,Fr.,"Westborough, Mass.",The Rivers School,
Eric Cha,Northeastern,2025,75,231,R,R,Fr.,"Harrington, N.J.",Rabun Gab-Nacoochee School,
Jack Doyle,Northeastern,2025,72,200,,,Sr.,"Weymouth, Mass.",Weymouth,
Andrew Basel,Northeastern,2025,74,215,R,R,Fr.,"Mineola, N.Y.",Mineola,
Ryan McCarroll,Northeastern,2025,76,200,R,R,Sr.,"Clifton Park, N.Y.",Saratoga Central Catholic,"Wheaton (NEWMAC, DIII)"
Andrew Rogovic,Northeastern,2025,71,180,R,R,Fr.,"Rye Brook, N.Y.",Blind Brook High School,
Jordan Gottesman,Northeastern,2025,73,185,L,L,Gr.,"Acton, Mass.",Acton-Boxboro Regional,"Endicott (CCC, DIII)"
Max Gitlin,Northeastern,2025,71,190,S,L,Gr.,"Los Angeles, Calif.",Flintridge Prep.,"Clark (NEWMAC, DIII)"
Jack Beauchesne,Northeastern,2025,73,200,R,R,Sr.,"Chelmsford, Mass.",Milton Academy,
Brett Mulligan,Northeastern,2025,70,187,R,R,Fr.,"Quincy, Mass.",Catholic Memorial,
Cam Keaveney,Northeastern,2025,74,185,L,L,Fr.,"Exeter, N.H.",Exeter,
Michael Mack,Northeastern,2025,73,210,R,R,Fr.,"Saratoga Springs, N.Y.",Saratoga Springs,
Cooper McGrath,Northeastern,2025,80,230,R,R,Gr.,"South Hamilton, Mass.",Pingree,"Trinity (NESCAC, DIII)"
David McSweeney,Northeastern,2025,78,190,L,L,RFr.,"Cohasset, Mass.",IMG Academy,
Carson Walsh,Northeastern,2025,71,190,R,R,Jr.,"Sterling, Mass.",Worcester Academy,
Will Jones,Northeastern,2025,77,215,L,L,Gr.,"South Hamilton, Mass.",Hamilton-Wenham Regional,
Angel Cruz,Northeastern,2025,69,165,R,R,Fr.,"San Juan, Puerto Rico",Colegio San Ignacio de Loyola,
James Morice,Northeastern,2025,77,195,R,R,Jr.,"Southbury, Conn.",Canterbury,
Gregory Bozzo,Northeastern,2025,72,210,R,R,Gr.,"Basking Ridge, N.J.",Ridge High School,
Anthony Stellato,Northern Colorado,2025,72,190,L,R,Gr.,"Darien, Ill.",,
Brandon Sanchez,Northern Colorado,2025,69,185,R,R,So.,"Broomfield, Colo.",,
Nick Barber,Northern Colorado,2025,71,155,R,R,Jr.,"Aurora, Colo.",,
Tony Castonguay,Northern Colorado,2025,72,215,R,R,Gr.,"Severance, Colo.",,
Brett Barber,Northern Colorado,2025,70,150,R,R,Jr.,"Aurora, Colo.",,
Jake Bullard,Northern Colorado,2025,73,210,R,R,Gr.,"Hampton, N.H.",,
Kai Wagner,Northern Colorado,2025,72,190,L,R,R-So.,"Parker, Colo.",,
Jake King,Northern Colorado,2025,70,195,L,L,Sr.,"Buckeye, Ariz.",,
Trey Oblas,Northern Colorado,2025,77,220,L,L,R-So.,"Gunter, Texas",,
Brady Hudson,Northern Colorado,2025,75,170,R,R,Fr.,"Boulder, Colo.",,
Lucas Stone,Northern Colorado,2025,73,175,L,L,Fr.,"Eaton, Colo.",,
Murphy Gienger,Northern Colorado,2025,76,225,R,R,Gr.,"Castle Rock, Colo.",,
AJ Carter,Northern Colorado,2025,73,197,L,L,Jr.,"Hayward, Calif.",,
Wilson Kieffer,Northern Colorado,2025,73,205,R,R,Fr.,"Rapid City, S.D.",,
Jack Tuttle,Northern Colorado,2025,74,200,R,R,Sr.,"Torrance, Calif.",,
Kaveh Meredith,Northern Colorado,2025,72,180,R,R,Fr.,"Erie, Colo.",,
Ethan Mooser,Northern Colorado,2025,74,190,L,R,R-Fr.,"Mount Elgin, Ontario, Canada",,
Dalton Miller,Northern Colorado,2025,72,220,L,R,Sr.,"Las Vegas, Nev.",,
Sam Pease,Northern Colorado,2025,71,185,R,R,So.,"Fort Collins, Colo.",,
Jake Storey,Northern Colorado,2025,77,225,R,R,Jr.,"Frisco, Texas",,
Craig Kenny,Northern Colorado,2025,72,210,R,R,R-Sr.,"Parker, Colo.",,
Carter Monda,Northern Colorado,2025,76,210,R,R,Sr.,"Vancouver, Wash.",,
Logan Moser,Northern Colorado,2025,77,215,R,R,Sr.,"Eaton, Colo.",,
Dylan Smith,Northern Colorado,2025,74,240,R,R,Jr.,"Bakersfield, Calif.",,
Aaron Platner,Northern Colorado,2025,72,170,L,L,Jr.,"Bend, Ore.",,
Wilbur Berrios,Northern Colorado,2025,69,185,R,R,Sr.,"Stockton, Calif.",,
Luke Guest,Northern Colorado,2025,76,208,R,R,R-Jr.,"Fort Collins, Colo.",,
Andrew Isdale,Northern Colorado,2025,74,190,R,R,Jr.,"Parker, Colo.",,
James Wright,Northern Colorado,2025,72,195,R,R,Jr.,"Colorado Springs, Colo.",,
Trevor Landen,Northern Colorado,2025,75,205,R,R,So.,"Littleton, Colo.",,
Keaton Fisher,Northern Colorado,2025,77,210,L,R,Jr.,"Kalama, Wash.",,
Ethan Louthan,Northern Colorado,2025,76,250,R,R,Sr.,"Seiling, Okla.",,
Mason Bright,Northern Colorado,2025,74,205,R,R,So.,"Severence, Colo.",,
Aiden Gebhard,Northern Colorado,2025,69,174,L,L,Jr.,"Redmond, Ore.",,
Jeffrey Behrends,Northern Colorado,2025,76,170,L,L,Sr.,"Oswego, Ill.",,
Gus Allred,Northern Colorado,2025,75,205,L,L,Jr.,"Mountain View, Wyo.",,
Zach Hose,Northern Colorado,2025,72,220,R,R,Sr.,"Henderson, Nev.",,
Hunter Gibson,Northern Colorado,2025,76,180,R,R,Sr.,"Ellensburg, Wash",,
Ben Loyd,Northern Illinois,2025,70,175,L,R,Jr.,"Pleasant Prairie, Wis.",,
Charlie Parcell,Northern Illinois,2025,72,185,L,L,So.,"Des Plaines, Ill.",,
Will Couchman,Northern Illinois,2025,72,195,L,R,Jr.,"Edina, Minn.",,
Cooper Cohn,Northern Illinois,2025,72,185,R,R,So.,"McHenry, Ill.",,
Alex Graber,Northern Illinois,2025,75,215,R,R,Fr.,"Fort Wayne, Ind.",,
Nolan Sandee,Northern Illinois,2025,69,175,L,R,Fr.,"Glendale, Wis.",,
Ty Brachbill,Northern Illinois,2025,74,175,R,R,So.,"Shelbyville, Ill.",,
John Lyman,Northern Illinois,2025,72,205,L,L,Jr.,"Minneapolis, Minn.",,
Sebastian Gutierrez,Northern Illinois,2025,72,200,R,R,Jr.,"Westchester, Ill.",,
Danny Cihocki,Northern Illinois,2025,75,185,R,R,So.,"Princeton, Ill.",,
Adam Brouwer,Northern Illinois,2025,73,200,R,R,R-Jr.,"Tinley Park, Ill.",,
Nick Bassi,Northern Illinois,2025,75,215,R,R,Jr.,"Zionsville, Ind.",,
JP Gauthier,Northern Illinois,2025,74,185,R,R,Sr.,"De Pere, Wis.",,
Kayden Jennings,Northern Illinois,2025,72,180,R,R,So.,"Edwardsville, Ill.",,
Kaden Kosobucki,Northern Illinois,2025,68,180,R,R,Sr.,"West De Pere, Wis.",,
Jalen House,Northern Illinois,2025,71,180,L,L,Fr.,"Downers Grove, Ill",,
Mason Ruh,Northern Illinois,2025,76,215,R,R,R-Jr.,"Milwaukee, Wis.",,
Connor Mendell,Northern Illinois,2025,72,175,R,R,Fr.,"St. Peters, Mo.",,
Alex Day,Northern Illinois,2025,74,190,R,R,So.,"Tinley Park, Ill.",,
Ryan Birr,Northern Illinois,2025,74,205,R,R,Sr.,"Brownsburg, Ind.",,
Clayton Taylor,Northern Illinois,2025,73,190,R,R,Jr.,"Columbus, Ind.",,
Carter Cox,Northern Illinois,2025,72,195,L,L,Fr.,"St. Peters, Mo.",,
Jacob Wilde,Northern Illinois,2025,74,185,L,L,R-Sr.,"Waukesha, Wis.",,
Tommy Meyer,Northern Illinois,2025,77,225,L,L,Sr.,"Wauwatosa, Wis.",,
Gavin Micklinghoff,Northern Illinois,2025,75,210,R,R,Jr.,"McHenry, Ill.",,
Andrew Smart,Northern Illinois,2025,75,225,R,R,Sr.,"Evanston, Ill.",,
Jack Swaney,Northern Illinois,2025,74,225,L,L,Fr.,"Rochester, Ill.",,
Parker Schuring,Northern Illinois,2025,74,235,R,R,So.,"Huntley, Ill.",,
Max Vaisvila,Northern Illinois,2025,70,185,L,L,Jr.,"Villa Park, Ill.",,
Chad Saner,Northern Illinois,2025,74,200,R,R,R-Sr.,"Springfield, Ill.",,
Jack Olson,Northern Illinois,2025,75,205,R,R,Fr.,"Antioch, Ill.",,
Gavin Baldwin,Northern Illinois,2025,75,245,R,R,Sr.,"Nashville, Ill.",,
Luca Royer,Northern Illinois,2025,75,195,R,R,Fr.,"Lake Forest, Ill.",,
Logan Gregorio,Northern Illinois,2025,73,200,L,R,Jr.,"Naperville, Ill.",,
Conner Lutes,Northern Illinois,2025,76,215,R,R,Sr.,"Libertyville, Ill.",,
CJ Cepicky,Northern Illinois,2025,75,190,R,R,Sr.,"St. Louis, Mo.",,
Zach Hise,Northern Illinois,2025,77,225,R,R,R-Sr.,"Joliet, Ill.",,
Nick Varon,Northern Illinois,2025,76,240,R,R,Sr.,"Palatine, Ill.",,
Kyle Hartmann,Northern Illinois,2025,71,180,R,R,Fr.,"Sycamore, Ill.",,
Roylan Quevedo,Nova Southeastern,2025,69,175,,,Jr.,"Miami, Fla.",,Florida International University
Richard Benitez,Nova Southeastern,2025,72,190,,,R-Sr.,"Miami, Fla.",,East Tennessee State
Anthony Stinson,Nova Southeastern,2025,73,188,,,R-Fr.,"Homestead, Fla.",,Miami-Dade College
Matthew Corpas,Nova Southeastern,2025,70,180,,,Gr.,"Miami, Fla.",,Florida International University
Ronny Medina,Nova Southeastern,2025,70,195,,,Gr.,"Maracaibo, VE",,Florida International University
Ty Torti,Nova Southeastern,2025,72,190,,,R-So.,"Raleigh, N.C.",,Penn. State University
Zeth Rodriguez,Nova Southeastern,2025,70,190,,,Sr.,"Gainesville, Fla.",,Santa Fe CC
Michael Arnold,Nova Southeastern,2025,70,185,,,Fr.,"Palmetto Bay, Fla.",Palmetto High School,
Ryan Cainzos,Nova Southeastern,2025,70,185,,,Jr.,"Miami, Fla.",Christopher Columbus HS,
Jack Clarke,Nova Southeastern,2025,71,190,,,R-Jr.,"Miami Shores, Fla.",,Dyersburg State
Tyler Venegas,Nova Southeastern,2025,72,190,,,R-So.,"Miramar, Fla.",Flanagan HS,
Federico Zapata,Nova Southeastern,2025,73,190,,,Jr.,"Miami, Fla.",,Barry University
Fernando Vila,Nova Southeastern,2025,73,195,,,R-So.,"Miami, Fla.",,Palm Beach State
Chase Campbell,Nova Southeastern,2025,72,175,,,R-Fr.,"Miami, Fla.",,Florida Gulf Coast University
Pedro Acosta,Nova Southeastern,2025,73,180,,,So.,"Hialeah, Fla.",Doral Academy,
Jorge DeGoti,Nova Southeastern,2025,73,200,,,R-Jr.,"Miami, Fla.",,Indiana University
Justin Wachs,Nova Southeastern,2025,74,200,,,5th,"Pembroke Pines, Fla.",West Broward HS,
Kader Rabagh,Nova Southeastern,2025,69,190,,,Sr.,"Miami, Fla.",,Miami-Dade CC
Keyler Gonzalez,Nova Southeastern,2025,71,195,,,So.,"Santa Clara, CU",Doral Academy,
Xavier Moronta,Nova Southeastern,2025,70,195,,,Gr.,"Miramar, Fla.",,Appalachian State University
Anthony Karoly,Nova Southeastern,2025,72,215,,,Jr.,"Oxford, The Villages, Fla.",Charter HS,
Yhirian Marrero,Nova Southeastern,2025,75,190,,,Fr.,"Davie, Fla.",American Heritage High School,
Jack Cue,Nova Southeastern,2025,74,190,,,R-Jr.,"Southwest Ranches, Fla.",,Cisco College
Joel Cabrera,Nova Southeastern,2025,73,185,,,Fr.,"Miami, Fla.",Southwest Senior High School,
JC Hernandez,Nova Southeastern,2025,73,210,,,Fr.,"Miami Lakes, Fla.",Westminster Academy,
Alexander Llinas,Nova Southeastern,2025,71,215,,,Jr.,"Pembroke Pines, Fla.",,Nicholls State University
Carlos Nolasco,Nova Southeastern,2025,70,200,,,Sr.,"Miami, Fla.",,Miami-Dade CC
Julian Hernandez,Nova Southeastern,2025,75,230,,,R-So.,"Miami, Fla.",,University of Miami
Nick Rodriguez,Nova Southeastern,2025,72,190,,,So.,"Miami, Fla.",,University of South Florida
Boris Peña,Nova Southeastern,2025,76,200,,,Gr.,"Miami, Fla.",,Bethune Cookman
Trevor Corlew,Nova Southeastern,2025,73,185,,,Gr.,"Moreau, N.Y.",,Vermont State University at Castleton
Kyler Heyne,Nova Southeastern,2025,72,185,,,Sr.,"Frisco, TX",,Arizona
Christopher Perez,Nova Southeastern,2025,76,225,,,So.,"Hialeah, Fla.",Barbara Goleman Senior High,
Edwin Alicea,Nova Southeastern,2025,78,240,,,So.,"Miami, Fla.",Florida Christian HS,
Gabriel Esquivel,Nova Southeastern,2025,75,220,,,Gr.,"Doral, FL",,University of North Florida
Sam Holthaus,Nova Southeastern,2025,74,215,,,Jr.,"Saint Cloud, MN.",,Saint Cloud Technial CC
Sam Griffith,Oakland,2025,70,182,,,R-So.,"Greenwood, Ind.",Center Grove,
Grant Garman,Oakland,2025,72,180,,,Fr.,"Davison, Mich.",Flint Powers Catholic,
Trent Rice,Oakland,2025,71,168,,,So.,"Macomb, Mich.",Marine City Cardinal Mooney Catholic,
Hunter Pidek,Oakland,2025,72,160,,,Sr.,"Troy, Mich.",Troy Athens,
Taylor Tomlin,Oakland,2025,70,175,,,So.,"Edmond, Okla.",Deer Creek,Wharton County
Max Orozco,Oakland,2025,69,151,,,Fr.,"Rochester Hills, Mich.",Brother Rice,
John Lauinger,Oakland,2025,72,180,,,Sr.,"Scottsdale, Ariz.",Pinnacle,
Lucas Day,Oakland,2025,72,251,,,R-So.,"Dayton, Ohio",Troy Christian,
Matthew McGann,Oakland,2025,72,197,,,Gr.,"Sterling Heights, Mich.",Sterling Heights Stevenson,Albion College
Brandon Nigh,Oakland,2025,73,199,,,Sr.,"Temperance, Mich.",Bedford,
Brody Fahnestock,Oakland,2025,74,173,,,Fr.,"Troy, Mich.",Athens,
Ben Clark,Oakland,2025,70,184,,,So.,"New Albany, Ohio",New Albany,
Boston Halloran,Oakland,2025,70,183,,,R-Fr.,"Franklin, Wis.",Franklin,
Ethan Glassman,Oakland,2025,73,192,,,Sr.,"Los Angeles, Calif.",El Camino Real Charter,Sonoma State
Tanner Ware,Oakland,2025,77,200,,,Jr.,"North Canton, Ohio",North Canton Hoover,
Calan Kujawa,Oakland,2025,76,217,,,Jr.,"Mount Vernon, Ill.",Mount Vernon Township,Lewis and Clark C.C.
Drew Gaskins,Oakland,2025,72,187,,,So.,"Sunbury, Ohio",Big Walnut,
Jack Lux,Oakland,2025,69,186,,,R-Jr.,"Cedar Rapids, Iowa",Xavier,Kirkwood C.C.
Andrew Landis,Oakland,2025,73,186,,,Fr.,"Rockford, Mich.",Rockford,
Austin Fisher,Oakland,2025,77,225,,,R-Fr.,"Rochester, Mich.",Orchard Lake St. Marys Prep,
Aidan Orr,Oakland,2025,71,173,,,So.,"Wintersville, Ohio",Indian Creek,
Aidan Schuck,Oakland,2025,70,178,,,Fr.,"Canton, Mich.",Detroit Catholic Central,
Blake Sehlke,Oakland,2025,74,222,,,So.,"Tomball, Texas",Tomball Memorial,Mineral Area College
Liam Pollock,Oakland,2025,70,192,,,R-Sr.,"Rochester Hills, Mich.",Bishop Foley,
Gage Smith,Oakland,2025,77,188,,,Sr.,"Appleton, Wis.",Appleton North,Milwaukee Area Technical College (MATC)
Ryan Uhlenhake,Oakland,2025,74,236,,,Sr.,"St. Henry, Ohio",St. Henry,Indiana Tech
Ethan Henry,Oakland,2025,72,186,,,So.,"Caledonia, Mich.",Grand Rapids South Christian,
Cecil Barone,Oakland,2025,76,208,,,Jr.,"Bentley Springs, Md.",Hereford,Baltimore County C.C.
Luke Riggs,Oakland,2025,71,148,,,So.,"Corona, Calif.",Norco,Riverside City College
Carter Hain,Oakland,2025,75,195,,,Sr.,"Phoenix, Ariz.",Arcadia,Palomar College (Calif.)
Gavin Arseneau,Oakland,2025,71,145,,,Sr.,"Oswego, Ill.",Oswego,Southwestern Illinois College
Ryan Donley,Oakland,2025,76,235,,,R-So.,"Chesterton, Ind.",Chesterton,
Drew Delcollo,Oakland,2025,73,202,,,So.,"Chadds Ford, Pa.",Unionville,Saint Peters
Jaxson Easterlin,Oakland,2025,77,207,,,Jr.,"Franklin, Wis.",Franklin,
Stephen Ruhle,Oakland,2025,77,200,,,Sr.,"Royal Oak, Mich.",Shrine Catholic,Michigan State
Daniel Duley,Oakland,2025,77,207,,,Fr.,"Freeland, Mich.",Freeland,
Josh Korson,Oakland,2025,76,202,,,R-Jr.,"Rochester, Mich.",Rochester Stoney Creek,
Grayson Black,Oberlin,2025,72,180,R,R,So.,"Palm Harbor, FL",Palm Harbor University,
Brady Groves,Oberlin,2025,72,195,R,R,So.,"Youngsville, NC",Franklinton,
Alex Gaetano,Oberlin,2025,70,175,L,R,Jr.,"Clarksville, TN",Clarksville Academy,
Jacob Epps,Oberlin,2025,70,195,L,R,Jr.,"Chicago, IL",Intrinsic,
Anton Shelton,Oberlin,2025,72,190,R,R,Jr.,"Pacific Palisades, CA",Windward,
Micah Rodriguez,Oberlin,2025,71,170,R,R,So.,"Simi Valley, CA",Thousand Oaks,
Owen Potter,Oberlin,2025,71,200,S,L,Sr.,"Brooklyn, NY",Stuyvesant,
Nik Mezzanotte,Oberlin,2025,73,185,L,R,Jr.,"Montverde, FL",IMG Academy,
Zach Masnikoff,Oberlin,2025,68,165,L,R,Sr.,"Wellington, FL",American Heritage Delray Beach,
Zachary Ritts,Oberlin,2025,73,190,R,R,Sr.,"Pacific Palisades, CA",Palisades Charter,
Davis Hayes,Oberlin,2025,72,185,R,R,So.,"Asheville, NC",Asheville,
JT Schoessel,Oberlin,2025,73,210,R,R,So.,"Dublin, OH",Dublin Jerome,
Calvin Burkholder,Oberlin,2025,74,185,R,R,So.,"Aurora, CO",Cherokee Trail,
Max Wassarman,Oberlin,2025,73,165,R,R,Sr.,"Winchester, MA",Winchester,
Kyle Baxt,Oberlin,2025,71,220,R,R,So.,"Wellington, FL",Palm Beach Central,
Nick Dolan,Ohio,2025,75,190,R,R,R-Sr.,"Pittsburgh, Pa.",Baldwin High School,
Trae Cassidy,Ohio,2025,71,190,L,R,So.,"Northville, Mich.",Detroit Catholic Central,
Pauly Mancino,Ohio,2025,71,185,R,R,So.,"Westlake, Ohio",Saint Ignatius,
Ethan Stewart,Ohio,2025,73,205,R,R,So.,"Langsville, Ohio",Meigs,
Cale Steinbaugh,Ohio,2025,70,195,R,R,Jr.,"Georgetown, Ill.",Georgetown Ridge-Farm,
Tyler Peck,Ohio,2025,74,215,R,R,Sr.,"Oak Creek, Wis.",Oak Creek,
Brady Alexander,Ohio,2025,72,185,R,L,Fr.,"Glenshaw, Pa.",Shaler,
Patrick DeMarco,Ohio,2025,73,190,R,R,R-Jr.,"Encino, Calif.",Sierra Canyon,Maranatha
Drew Cox,Ohio,2025,72,175,R,R,R-Fr.,"Mason, Ohio",William Mason,
Ben Slanker,Ohio,2025,73,195,L,R,So.,"Canfield, Ohio",Canfield,
Cam Bryant,Ohio,2025,70,195,L,R,R-So.,"Miamisburg, Ohio",Cincinnati Country Day,
Dylan Shepherd,Ohio,2025,70,207,L,R,Jr.,"Barrie, Ontario",Saint Joseph Catholic,
Dillon Masters,Ohio,2025,75,210,L,L,Sr.,"New Albany, Ohio",New Albany,
Blake Reed,Ohio,2025,73,195,R,R,Gr.,"Gahanna, Ohio",Gahanna Lincoln,
Matt Ineich,Ohio,2025,71,180,L,R,Fr.,"South Lyon, Mich.",Detroit Catholic Central,
Kolby Pascarelli,Ohio,2025,75,200,L,L,R-So.,"Durham, Conn.",Coginchaug Regional H.S.,
Jimmy Cerha,Ohio,2025,74,195,R,R,Fr.,"Chagrin Falls, Ohio",Kenston,
Landon Price,Ohio,2025,69,180,L,L,Jr.,"Middle Point, Ohio",Lincolnview,
Blake Gaskey,Ohio,2025,74,195,L,R,Sr.,"Davenport, Iowa",Davenport North,
Zach Weber,Ohio,2025,74,210,R,R,Sr.,"Lebanon, Ohio",Lebanon,
Wes Lug,Ohio,2025,71,220,R,R,Sr.,"Huntersville, N.C.",William Amos Hough,
Jacob Tate,Ohio,2025,78,235,L,L,Gr.,"Louisville, Tenn.",Christian Academy Knoxville,
Jackson Cauthron,Ohio,2025,71,180,L,R,Sr.,"Murfreesboro, Tenn.",Siegel,
Caleb Karll,Ohio,2025,73,190,R,R,So.,"Fitchburg, Wis.",Madison West,
Alex Taylor,Ohio,2025,72,180,R,L,Fr.,"Wheeling, W. Va.",The Linsly School,
Trey Barkman,Ohio,2025,73,175,R,R,So.,"Kidron, Ohio",Waynedale,
Hunter Winston,Ohio,2025,76,220,L,L,Fr.,"Hinckley, Ohio",Highland,
Hudson Boncal,Ohio,2025,75,205,R,R,Sr.,"Corona, Calif.",Centennial High School,
Trenton Neuer,Ohio,2025,72,165,R,R,Gr.,"Nicholasville, Ky.",Lexington Catholic,
JR Nelson,Ohio,2025,69,175,R,R,So.,"Vernon Hills, Ill.",Aldai E. Stevenson,
Dylan Eggl,Ohio,2025,74,210,R,R,R-Jr.,"Albion, Ind.",Central Noble,
Jack Geiser,Ohio,2025,74,235,R,R,So.,"Medina, Ohio",Medina,
Julian Robertson,Ohio,2025,78,190,R,R,Fr.,"Aurora, Ontario",Dr. G. W. Williams Secondary School,
Adam Beery,Ohio,2025,72,190,L,L,Sr.,"Ravenna, Ohio",Rootstown High School,
Luke Bryant,Ohio,2025,73,205,R,R,Fr.,"Ashland, Ohio",Ashland,
Aidan Cooney,Ohio,2025,74,185,R,R,R-Jr.,"Westlake, Ohio",St. Ignatius,
Brady LaViolette,Ohio,2025,70,205,R,R,Fr.,"Green Bay, Wis.",Notre Dame Academy,
Ravaughn Morgan,Oklahoma Wesleyan,2025,76,,,,Sr.,L,McLennon Community College,"Pflugerville, TX"
Braden Jackson,Oklahoma Wesleyan,2025,70,,,,Jr.,L,Melissa High School,"Melissa, Texas"
Luis Antigua,Oklahoma Wesleyan,2025,70,,,,Jr.,L,Bryant and Stratton College- Albany,"Santo Domingo, Dominican Republic"
Braydon Caldwell,Oklahoma Wesleyan,2025,72,,,,So.,R,Homeschool,"Conroe, Texas"
Victor Sanchez,Oklahoma Wesleyan,2025,72,,,,Sr.,R,State College of Florida,"Miami, Florida"
Carson Frazier,Oklahoma Wesleyan,2025,72,,,,5th,R,Cypress College,"Temecula, California"
JT Maloney,Oklahoma Wesleyan,2025,75,,,,Jr.,R,Sacramento City College,"Auburn, California"
John Dominguez,Oklahoma Wesleyan,2025,74,,,,Sr.,R,Edward Waters University,"Punta Gorda, FL"
Blake Tablazon,Oklahoma Wesleyan,2025,66,,,,Sr.,S,Cerro Coso Community College,"Lynwood, WA"
Mitch Gratwick,Oklahoma Wesleyan,2025,69,,,,So.,R,Oak Park High School,"Kansas City, Missouri"
Chase Pinheiro,Oklahoma Wesleyan,2025,70,,,,Jr.,"Clovis, CA",Fresno City Community College,
Nathaniel Vigil,Oklahoma Wesleyan,2025,71,,,,R-Sr.,R,Churchill High School,"San Antonio, TX"
Braelen Pippin,Oklahoma Wesleyan,2025,72,,,,Sr.,R,Montana State University Billings,"Billings, Montana"
Cole Hancock,Oklahoma Wesleyan,2025,70,,,,Jr.,L,Central Christian College,"Dewey, Oklahoma"
Jack Stangl,Oklahoma Wesleyan,2025,72,,,,Jr.,R,Compton College,"Fullerton, California"
Edinson Renteria,Oklahoma Wesleyan,2025,73,,,,Sr.,R,ASA College Miami,"Miami, FL"
Jacob Morgan,Oklahoma Wesleyan,2025,71,,,,Jr.,R,South Florida State College,"Lake Placid, Florida"
Hunter Hansen,Oklahoma Wesleyan,2025,73,,,,Sr.,R,Jefferson County High School,"Dandridge, Tennessee"
Alejandro Quiles,Oklahoma Wesleyan,2025,72,,,,So.,L,Pro Baseball Academy,"Guánica, Puerto Rico"
Reed Alexander,Oklahoma Wesleyan,2025,72,,,,Jr.,R,Feather River College,"Corning, California"
Jorge Aldrete,Oklahoma Wesleyan,2025,71,,,,Sr.,L,Western Oklahoma State College,"Little Elm, Texas"
Javier Marcial,Oklahoma Wesleyan,2025,72,,,,Jr.,R,Western Oklahoma State College,"Aguadilla, Puerto Rico"
Ashton Luera,Oklahoma Wesleyan,2025,72,,,,Sr.,R,Luna Community College,"Albuquerque, NM"
David Escobar,Oklahoma Wesleyan,2025,74,,,,Jr.,R,Bakersfield College,"Bakersfield, California"
Braydon Schiess,Oklahoma Wesleyan,2025,70,,,,Sr.,R,Eastern Arizona College,"Providence, UT"
Keegan Woods,Oklahoma Wesleyan,2025,72,,,,So.,R,Ecclesia College,"Beebe, Arkansas"
Jackson Whitby,Oklahoma Wesleyan,2025,70,,,,Sr.,"Argyle, Texas",R/R / John H. Guyer High School,
Michael Miller,Oklahoma Wesleyan,2025,68,,,,Sr.,L,Clark College,"Ridgefield, Washington"
Parker Disidore,Oklahoma Wesleyan,2025,68,,,,5th,R,St. Thomas Aquinas High School,"Overland Park, Kansas"
Michael Mendoza,Oklahoma Wesleyan,2025,75,,,,5th,R,East Los Angeles College,"West Covina, California"
Colt Bartling,Oklahoma Wesleyan,2025,69,,,,Sr.,LL,East Central University,
Matthew Weidkamp,Oklahoma Wesleyan,2025,73,,,,Sr.,R,Yuba Community College,"Roseville, California"
Tyler Benefiel,Oklahoma Wesleyan,2025,78,,,,Sr.,L,Coffeyville Community College,"Carl Junction, Missouri"
John Alderete,Oklahoma Wesleyan,2025,72,,,,So.,R,Bakersfield College,"Bakersfield, California"
Zachariah Ray,Oklahoma Wesleyan,2025,76,,,,So.,R,Frisco Wakeland High School,"Frisco, Texas"
Matthew Campos,Oklahoma Wesleyan,2025,72,,,,Jr.,R,LA Harbor College,"Torrence, CA"
Brenden Poindexter,Oklahoma Wesleyan,2025,72,,,,Jr.,R,Carl Albert State College,"Owasso, Oklahoma"
Evan Foor,Oklahoma Wesleyan,2025,70,,,,Sr.,R,Rio Hondo College,"Arcadia, California"
Timothy Jenkins,Oklahoma Wesleyan,2025,68,,,,Jr.,R,Barton College,"New Port Richey, Florida"
Caden Stinson,Oklahoma Wesleyan,2025,70,,,,Jr.,R,Pierce College,"Tigard, Oregon"
Aden Brothers,Oklahoma Wesleyan,2025,73,,,,R-Jr.,R,Yuba Community College,"Gridley, California"
Cooper Griffith,Oklahoma Wesleyan,2025,73,,,,Jr.,R,Herbon High School,"Lewisville, Texas"
Adrian Vargas,Oklahoma Wesleyan,2025,68,,,,Sr.,R,Skyline High School,"Dallas, Texas"
Connor Hickey,Oklahoma Wesleyan,2025,72,,,,Sr.,R,Ventura College,"Melbourne, Australia"
Michael Todd,Oklahoma Wesleyan,2025,71,,,,Jr.,L,Maypearl High School,"Waxahachie, Texas"
Alan Covarrubias,Oklahoma Wesleyan,2025,71,,,,R-So.,R,Bartlesville High School,"Bartlesville, Oklahoma"
Aidan Knowles,Oklahoma Wesleyan,2025,75,,,,Jr.,R,Laney College,"Albany, California"
Carlos Lopez,Oklahoma Wesleyan,2025,77,,,,Sr.,R,Coffeyville Community College,"Caracus, Venenzuala"
Clayton Sanders,Oklahoma Wesleyan,2025,70,,,,So.,S,Redlands Community College,"Lindsay, Oklahoma"
Brayden Randle,Ole Miss,2025,69,175,L,R,So.,"Rockwall, Texas",Rockwall,
Riley Maddox,Ole Miss,2025,73,210,R,R,Sr.,"Pearl, Miss.",Jackson Prep,
Luke Cheng,Ole Miss,2025,72,185,R,R,Sr.,"Olney, Md.",Sherwood,
Mitchell Sanford,Ole Miss,2025,74,210,L,R,Sr.,"Berwick, La.",Berwick,
Owen Paino,Ole Miss,2025,75,225,L,R,Fr.,"Poughkeepsie, N.Y.",Roy C. Ketcham,
Luke Hill,Ole Miss,2025,73,200,R,R,Jr.,"Baton Rouge, La.",Episcopal,
Tate Sirmans,Ole Miss,2025,74,190,R,R,Fr.,"Valdosta, Ga.",Lowndes,
Hayden Federico,Ole Miss,2025,71,195,S,R,Fr.,"West Monroe, La.",West Monroe,
Cade Townsend,Ole Miss,2025,73,185,R,R,Fr.,"Aliso Viejo, Calif.",Santa Margarita Catholic,
Campbell Smithwick,Ole Miss,2025,72,190,L,R,So.,"Oxford, Miss.",Oxford,
Cooper Johnson,Ole Miss,2025,76,220,L,L,Fr.,"Jefferson, Ga.",Mountain View,
Brayden Jones,Ole Miss,2025,72,200,R,R,Jr.,"Madison, Miss.",Madison-Ridgeland Academy,
Will McCausland,Ole Miss,2025,72,190,R,R,Jr.,"Harleysville, Pa.",Souderton Area,
Ryan Moerman,Ole Miss,2025,72,210,R,R,Sr.,"Lockport, Ill.",Lockport Township,
Walker Hooks,Ole Miss,2025,76,265,L,L,Fr.,"Brandon, Miss.",Brandon,
Collin Reuter,Ole Miss,2025,74,235,R,R,Jr.,"Olive Branch, Miss.",Magnolia Heights,
Mason Morris,Ole Miss,2025,76,225,R,R,Jr.,"Tupelo, Miss.",Tupelo,
Connor Spencer,Ole Miss,2025,74,225,R,R,Sr.,"Hernando, Miss.",Hernando,
Hudson Calhoun,Ole Miss,2025,76,210,R,R,So.,"Tupelo, Miss.",McCallie School,
Austin Fawley,Ole Miss,2025,73,205,R,R,So.,"West Palm Beach, Fla.",Park Vista,
Ethan Surowiec,Ole Miss,2025,73,220,R,R,Fr.,"Gulfport, Miss.",Gulfport,
Hunter Elliott,Ole Miss,2025,75,215,L,L,R-Jr.,"Tupelo, Miss.",Tupelo,
Judd Utermark,Ole Miss,2025,77,250,R,R,Jr.,"Charlotte, N.C.",Charlotte Christian,
Connor Chisolm,Ole Miss,2025,70,180,L,R,Sr.,"Madison, Miss.",Madison Central,
Ryne Rodriguez,Ole Miss,2025,74,190,L,L,Jr.,"Fort Worth, Texas",Trinity Valley,
Gunnar Dennis,Ole Miss,2025,75,220,L,L,Sr.,"Pearl, Miss.",Pearl,
Landon Waters,Ole Miss,2025,73,210,R,R,Jr.,"Grenada, Miss.",Grenada,
Owen Hancock,Ole Miss,2025,77,205,R,R,Fr.,"Sylvester, Ga.",Worth County,
Will Furniss,Ole Miss,2025,76,240,L,R,Jr.,"Nacogdoches, Texas",Nacogdoches,
Brett Moseley,Ole Miss,2025,75,195,L,R,Fr.,"Trussville, Ala.",Trussville,
Patrick Galle,Ole Miss,2025,74,215,R,R,So.,"Biloxi, Miss.",Biloxi,
Jackson Miller,Ole Miss,2025,72,195,R,R,Fr.,"Palm Beach, Fla.",Benjamin,
JP Robertson,Ole Miss,2025,72,190,R,R,So.,"Madison, Miss.",Germantown,
Cole Ketchum,Ole Miss,2025,73,210,R,R,R-So.,"West Point, Miss.",Heritage Academy,
Jake Reigert,Ole Miss,2025,78,238,R,R,Fr.,"Cottage Grove, Minn.",East Ridge,
Mason Nichols,Ole Miss,2025,77,220,R,R,Sr.,"Jackson, Miss.",Jackson Prep,
Sam Tookoian,Ole Miss,2025,77,240,L,R,Jr.,"Fresno, Calif.",Buchanan,
Taylor Rabe,Ole Miss,2025,77,200,R,R,R-Fr.,"Greenville, S.C.",Greenville Senior,
Isaac Humphrey,Ole Miss,2025,74,215,L,L,Sr.,"Livermore, Ky.",Owensboro,
Alex Canney,Ole Miss,2025,73,230,R,R,Sr.,"Valrico, Fla.",Durant,
Dylan Wipperman,Oral Roberts,2025,72,,,,R-Sr.,"Leawood, Kan.",Blue Valley HS,
Tanner McMurray,Oral Roberts,2025,69,,,,Fr.,"Tulsa, Okla.",Bishop Kelley HS,
Owen Coil,Oral Roberts,2025,69,,,,Fr.,"Stillwater, Okla.",Stillwater HS,
Cooper Kelly,Oral Roberts,2025,73,,,,R-So.,"Overland Park, Kan.",Blue Valley Southwest HS,
Martell Davis,Oral Roberts,2025,74,,,,Sr.,"Seminole, Okla.",Varnum HS,
Will Edmunson,Oral Roberts,2025,72,,,,Sr.,"Luther, Okla.",Homeschool,
Makani Tanaka,Oral Roberts,2025,74,,,,Jr.,"Honolulu, Hawai'i",Iolani HS,
Wailele Kane-Yates,Oral Roberts,2025,72,,,,Jr.,"Koloa, Hawai'i",Kauai HS,
Cooper Combs,Oral Roberts,2025,71,,,,Sr.,"Fayetteville, Ark.",Springdale,
Tyler Brodrick,Oral Roberts,2025,72,,,,Jr.,"Saratoga, Calif.",,
Price Allman,Oral Roberts,2025,75,,,,R-Sr.,"Tulsa, Okla.",Metro Christian Academy,
Dawson Walls,Oral Roberts,2025,74,,,,R-Jr.,"Farmington, N.M.",Argyle HS,
Matthew Brandt,Oral Roberts,2025,76,,,,Jr.,"Mansfield, Texas",,
Hudson Hart,Oral Roberts,2025,75,,,,Jr.,"Gretna, Neb.",Gretna HS,
Jack Schark,Oral Roberts,2025,70,,,,Sr.,"St. Louis, Mo.",Homeschool,
Braydon Sanford,Oral Roberts,2025,76,,,,So.,"Owasso, Okla.",Owasso HS,
Dalton Patten,Oral Roberts,2025,70,,,,Sr.,"Red Oak, Okla.",Red Oak HS,
Ethan Fender,Oral Roberts,2025,70,,,,Jr.,"Springdale, Ark.",Har-Ber HS,
Keaton Campbell,Oral Roberts,2025,74,,,,Jr.,"Sapulpa, Okla.",Sand Springs HS,
Cooper Moore,Oral Roberts,2025,74,,,,Fr.,"Tyler, Texas",Legacy HS,
Trent Martin,Oral Roberts,2025,75,,,,R-Jr.,"Kansas City, Mo.",Blue Springs HS,
Nathan Love,Oral Roberts,2025,74,,,,Jr.,"Magnolia, Texas",Magnolia HS,
Keaton Ruthardt,Oral Roberts,2025,75,,,,Sr.,"Edmond, Okla.",Deer Creek HS,
Ricky Hernandez,Oral Roberts,2025,75,,,,Jr.,"Bixby, Okla.",Bixby HS,
Louis Hill,Oral Roberts,2025,76,,,,R-Fr.,"Pineville, NC",South Meckleburg HS,
Jack Hill,Oral Roberts,2025,75,,,,Sr.,"Edmond, Okla.",Deer Creek HS,
Weston Rouse,Oral Roberts,2025,77,,,,R-Fr.,"Fort Gibson, Okla.",Fort Gibson HS,
Conner Johnson,Oral Roberts,2025,74,,,,Fr.,"Salina, Okla.",Salina HS,
Owen Bailor,Oral Roberts,2025,77,,,,R-Fr.,"Broken Arrow, Okla.",Bixby HS,
Rand Green,Oral Roberts,2025,73,,,,Fr.,"Weatherford, Texas",Weatherford Christian,
Jared Ure,Oral Roberts,2025,78,,,,R-Sr.,"Eaton, Colo.",Eaton HS,
Matthew Mainord,Oral Roberts,2025,71,,,,Fr.,"Allen, Texas",Lovejoy HS,
Riley Schroeder,Oral Roberts,2025,74,,,,So.,"Lubbock, Texas",Lubbock Christian HS,
Dylan Christensen,Oral Roberts,2025,72,,,,Jr.,"Norwalk, Iowa",Norwalk HS,
Conner Floyd,Oral Roberts,2025,75,,,,R-Sr.,"Bentonville, Ark.",Lifeway Christian HS,
Luke Puffinbarger,Oral Roberts,2025,77,,,,Fr.,"Leedey, Okla.",Leedey HS,
Brayden Mackey,Oral Roberts,2025,74,,,,Sr.,"Hastings, Neb.",Hastings HS,
Easton Teel,Oral Roberts,2025,75,,,,Fr.,"Choctaw, Okla.",Chocktaw HS,
Brenden Asher,Oral Roberts,2025,72,,,,Fr.,"Bartlesville, Okla.",Bartlesville HS,
Trevor Kazahaya,Pacific (OR),2025,72,,,,So.,"Rancho Santa Margarita, Calif.",Trabuco Hills High School,
Dax Smith,Pacific (OR),2025,69,,,,Sr.,"Scotts Valley, Calif.",,
Vincent Lagatta,Pacific (OR),2025,69,,,,Sr.,"Gilbert, Ariz.",,
Davis Koester,Pacific (OR),2025,71,,,,Sr.,"Trout Lake, Wash.",Columbia,
Binyam Gebhardt,Pacific (OR),2025,69,,,,Jr.,"Valley Center, Calif",Classical Academy,
Hunter Zielasko,Pacific (OR),2025,71,,,,Sr.,"Lake Stevens, Wash.",,
Benjamin Joost,Pacific (OR),2025,70,,,,Fr.,"Pacifica, Calif.",Sacred Heart Cathedral Prep,
Jake Gallagher,Pacific (OR),2025,71,,,,Jr.,"Lake Tapps, Wash.",Sumner High School,
William Merriott,Pacific (OR),2025,74,,,,Sr.,"San Jose, Calif.",Del Mar High School,
Zander Ditona,Pacific (OR),2025,68,,,,Jr.,"Castro Valley, Calif.",Castro Valley High School,
Chance Wallace,Pacific (OR),2025,70,,,,Jr.,"Portland, Ore.",Sunset High School,
Miles Bergman,Pacific (OR),2025,72,,,,Jr.,"Lafayette, Calif.",Acalanes High School,
Isaiah Hirsh,Pacific (OR),2025,71,,,,So.,"Louisville, Colo.",Centaurus,
Rory Coughlan,Pacific (OR),2025,71,,,,So.,"Corte Madera, Calif.",Redwood High School,
Tegan Aden,Pacific (OR),2025,70,,,,Sr.,"Puyallup, Wash.",Puyallup High School / Everett Community College,
Colby Podratz,Pacific (OR),2025,69,,,,Jr.,"Valley Center, Calif.",Classical Academy High School,
Gabriel Arias,Pacific (OR),2025,70,,,,So.,"Bothell, Wash.",North Creek,
Nicholas Saelens,Pacific (OR),2025,74,,,,Fr.,"Seattle, Wash.",Lincoln,
Graham Geibel,Pacific (OR),2025,76,,,,So.,"Newberg, Ore.",Newberg,
Matt Palmateer,Pacific (OR),2025,75,,,,Jr.,"San Anselmo, Calif.",Archie Williams High School,
Cayden Okada,Pacific (OR),2025,73,,,,Sr.,"Waipahu, Hawaii",Mid-Pacific Institute,
Hunter Nishina,Pacific (OR),2025,70,,,,Fr.,"Aiea, Hawaii",Moanalua,
Hunter Edwards,Pacific (OR),2025,80,,,,Sr.,"Palmdale, Calif.",Paraclete High School,
Governor Aufranc,Pacific (OR),2025,73,,,,Jr.,"Mercer Island, Wash.",Mercer High School,
Nathaniel Wagner,Pacific (OR),2025,71,,,,So.,"Manoa, Hawaii",Mid-Pacific,
Caden Davis,Pacific (OR),2025,69,,,,Fr.,"Highlands Ranch, Colo.",Thunder Ridge High School,
Matthew Pavao,Pacific (OR),2025,72,,,,So.,"Honolulu, Hawaii",Saint Louis,
Jack Rhea,Pacific (OR),2025,70,,,,Sr.,"Sammamish, Wash.",Bellevue College,
William Kliever,Pacific (OR),2025,72,,,,Fr.,"Sherwood, Ore.",Sherwood,
Nolan Adams,Pacific (OR),2025,74,,,,Fr.,"South Pasadena, Calif.",South Pasadena,
Benjamin Lewis,Pacific (OR),2025,74,,,,So.,"Vancouver, Wash.",Union,
Andrew Stalcup,Pacific (OR),2025,70,,,,Sr.,"Sacramento, Calif.",Sheldon High School,
Jett Mai,Pacific (OR),2025,70,,,,Jr.,"Mercer Island, Wash.",Mercer Island High School,
Trent Nagamine,Pacific (OR),2025,72,,,,So.,"Pearl City, Hawaii",Punahou School,
Ethan Carlile,Pacific (OR),2025,73,,,,Fr.,"Grants Pass, Ore.",Hidden Valley,
David DuValle,Pacific (OR),2025,73,,,,So.,"Bend, Ore.",Mountain View,
Sebastian Rodriguez,Pacific (OR),2025,77,,,,So.,"Los Angeles, Calif.",Bishop Amat Memorial,
Riz Collado,Pacific (OR),2025,68,,,,Jr.,"Huntington Beach, Calif.",Ocean View High School,
Zachary Soran,Pacific (OR),2025,69,,,,Jr.,"Holladay, Utah",Cottonwood High School,
Adam Kim,Pacific (OR),2025,72,,,,So.,"Issaquah, Wash.",Issaquah,
Nathaniel Chapman,Pacific (OR),2025,65,,,,Fr.,"Burbank, Calif.",John Burroughs,
Koen Mizukami,Pacific (OR),2025,69,,,,Fr.,"Manoa, Hawaii",Kamehameha Schools Kapalama,
Gabriel Chavez,Pacific (OR),2025,70,,,,So.,"Santa Clarita, Calif.",Trinity Classical Academy,
Dakota Pagente,Pacific (OR),2025,68,,,,Fr.,"Kalihi, Hawaii",Moanalua,
Matt Gibbs,Pacific (OR),2025,74,,,,Sr.,"Beaverton, Ore.",Beaverton,
Racen Pegeder,Pacific (OR),2025,75,,,,Fr.,"Lihue, Hawaii",Kauai High School,
Mason Jones,Pacific (OR),2025,72,,,,Fr.,"Beaverton, Ore.",Southridge High School,
Nakoa Siu,Pacific (OR),2025,72,,,,So.,"Waipio, Hawaii",Iolani School,
Akoni Arruda,Pacific (OR),2025,68,,,,Jr.,"Lihue, Hawaii",Kauai High School,
Lucas Yamanaka,Pacific (OR),2025,76,,,,Fr.,"Hilo, Hawaii",Waiakea High School,
Phoenix Takara,Pacific (OR),2025,69,,,,Fr.,"Kalihi, Hawaii",Roosevelt High School,
Vince Williams,Pacific (OR),2025,73,,,,Fr.,Lake Oswego,Lake Oswego High School,
Aukai Arruda,Pacific (OR),2025,66,,,,Fr.,"Lihue, Hawaii",Kauai,
Javin Hamura,Pacific (OR),2025,66,,,,Fr.,"Honolulu, Hawaii",Punahou School,
Max Finkelstein,Pacific (OR),2025,72,,,,So.,"Seattle, Wash.",Ballard,
Jude Pacheco,Pacific (OR),2025,69,,,,Fr.,"Bedford, Texas",Trinity,
Ethan Swenson,Pacific (OR),2025,80,,,,Fr.,"Lynnwood, Wash.",Mountlake Terrace,
Stevan Rodriquez,Pacific Lutheran,2025,70,175,R,R,Sr.,"Yakima, Wash.",Eisenhower,
Rochne Beecham,Pacific Lutheran,2025,70,185,L,R,Jr.,"West Linn, Ore.",Wilsonville,
Aaron Barber,Pacific Lutheran,2025,70,190,,,Sr.,"Seattle, Wash.",Kennedy Catholic,
Kyler Gerber,Pacific Lutheran,2025,68,160,R,R,Sr.,"Kent, Wash.",Kentridge,
Matthew Sherwood,Pacific Lutheran,2025,77,220,R,R,So.,"Santa Clarita, Calif.",Valencia,
Jon Crawley,Pacific Lutheran,2025,68,190,L,L,So.,"Puyallup, Wash.",Rogers,
Brody Phinney,Pacific Lutheran,2025,72,200,R,R,Jr.,"Olympia, Wash",Olympia,
Chris Moreno,Pacific Lutheran,2025,75,195,R,R,Jr.,"Newhall, Calif.",Hart,
Lukas Delisle,Pacific Lutheran,2025,71,175,R,R,Sr.,"Bellingham, Wash.",Sehome,
Marcus McCarthy,Pacific Lutheran,2025,69,180,L,R,Fr.,"Renton, Wash.",Hazen,
Braeden Lundberg,Pacific Lutheran,2025,71,185,R,R,Sr.,"Gig Harbor, Wash.",Gig Harbor,
Peter King,Pacific Lutheran,2025,69,190,L,R,Sr.,"Gig Harbor, Wash.",Peninsula,
Jaden Pieper,Pacific Lutheran,2025,74,200,R,R,Sr.,"Kaneohe, Hawaii",St. Louis,
Prestin Reed,Pacific Lutheran,2025,68,180,R,R,Sr.,"Gig Harbor, Wash.",Gig Harbor,
Chase Pringle,Pacific Lutheran,2025,74,170,R,R,So.,"Gig Harbor, Wash.",Gig Harbor,
Rutger Youch,Pacific Lutheran,2025,74,210,R,R,Jr.,Newcastle. Wash.,Hazen,
Kai Perala,Pacific Lutheran,2025,71,180,R,R,So.,"Seattle, Wash.",Chief Sealth International,
Brayden Adcox,Pacific Lutheran,2025,72,180,L,L,So.,"Bonney Lake, Wash.",Sumner,
Logan Ready,Pacific Lutheran,2025,75,190,R,R,Jr.,"Keizer, Ore.",McNary,
Cade Hamel,Pacific Lutheran,2025,70,170,R,R,Sr.,"Puyallup, Wash.",Emerald Ridge,
Alex Lopez,Pacific Lutheran,2025,74,205,L,L,Fr.,"Gresham, Ore.",Sam Barlow,
Kamryn Swartz,Pacific Lutheran,2025,73,180,R,R,Sr.,"Everett, Wash.",Cascade,
Avery McGinnis,Pacific Lutheran,2025,78,205,L,L,Sr.,"Seattle, Wash.",Ballard,
Cole Fenton,Pacific Lutheran,2025,72,215,L,R,So.,"Des Moines, Wash.",Mount Rainier,
Asa Reese,Pacific Lutheran,2025,74,205,R,R,Jr.,"Seattle, Wash.",O'Dea,
Matt Meadows,Pacific Lutheran,2025,70,175,R,R,Fr.,"Brier, Wash.",Mountlake Terrace,
Jake Prewett,Pacific Lutheran,2025,72,215,L,L,Jr.,"Boise, Idaho",Eagle,
Jonathan Cohen,Pacific Lutheran,2025,70,175,L,L,Sr.,"Bothell, Wash.",North Creek,
Ethan Keintz,Pacific Lutheran,2025,74,195,R,R,Sr.,"Helena, Mont.",Capital,
Anthony Adams,Pacific Lutheran,2025,71,195,R,R,Sr.,"Auburn, Wash.",O'Dea,
Weston Cruz,Pacific Lutheran,2025,69,190,R,R,Jr.,"San Antonio, Texas",Cornerstone Christian,
Cole Becker,Pacific Lutheran,2025,75,185,R,R,So.,"Lake Stevens, Wash.",Lake Stevens,
Carson Burke,Pacific Lutheran,2025,73,205,R,R,Jr.,"Seattle, Wash.",Seattle Academy,
Logan Egge,Pacific Lutheran,2025,73,195,R,R,So.,"Bothell, Wash.",Bothell,
Wyatt Norris,Pacific Lutheran,2025,71,210,R,R,Jr.,"West Linn, Ore.",West Linn,
Andrew Hickman,Pacific Lutheran,2025,74,195,R,R,Fr.,"Anchorage, Alaska",Service,
Kyle Tat,Pacific Lutheran,2025,74,185,R,R,Fr.,"Newcastle, Wash.",Hazen,
Cooper Moore,Pacific Lutheran,2025,69,170,R,R,Fr.,"Lynden, Wash.",Lynden,
Gus Livermore,Pacific Lutheran,2025,77,255,R,R,Sr.,"Portland, Ore.",Ida B Wells,
Hayden Kaiser,Pacific Lutheran,2025,76,230,L,L,Jr.,"Keizer, Ore.",McNary,
Matt Carleton,Pacific Lutheran,2025,78,205,R,R,Fr.,"Hoodsport, Wash.",Shelton,
Charlie Olson,Pacific Lutheran,2025,75,210,R,R,Sr.,"Seattle, Wash.",Kennedy Catholic,
Jack Erickson,Pacific Lutheran,2025,76,190,L,R,So.,"Tacoma, Wash.",Fife,
Connor Chavez,Penn,2025,67,175,R,R,Sr.,"Fort Worth, Texas",Jesuit Dallas,
Reed Farrell,Penn,2025,72,200,R,R,Jr.,"Glen Mills, Pa.",Garnet Valley,
Nick O'Brien,Penn,2025,72,195,R,R,So.,"Medford, N.J.",Shawnee,
Ryan Taylor,Penn,2025,70,175,R,R,Jr.,"Elmer, N.J.",St. Augustine Prep,
Jarrett Pokrovsky,Penn,2025,70,200,R,R,Jr.,"Pittsgrove, N.J.",Schalick,
Alex Gabauer,Penn,2025,72,180,R,R,Sr.,"North Huntingdon, Pa.",Norwin Senior,
Qwynn Ahearn,Penn,2025,71,195,R,R,So.,"Woodbine, Md.",Centennial,
Thomas Shurtleff,Penn,2025,74,210,R,R,Jr.,"Medfield, Mass.",Medfield,
Caden Fahy,Penn,2025,72,195,R,R,Fr.,"Seattle, Wash.",West Seattle,
Will Tobin,Penn,2025,74,195,L,L,Sr.,"Spring Hill, Tenn.",Independence,
Michael Powell,Penn,2025,75,185,L,R,Fr.,"Alexandria, Va.",Bishop O'Connell,
Ernie Echevarria,Penn,2025,74,210,R,R,Fr.,"Miami, Fla.",Belen Jesuit Prep,
Gavin Collins,Penn,2025,71,190,R,L,So.,"Bristol, Ind.",Northridge,
Noah Millikan,Penn,2025,77,220,R,R,Sr.,"Berkeley, Calif.",Berkeley,
Davis Baker,Penn,2025,74,200,R,L,Jr.,"Dallas, Texas",Episcopal School of Dallas,
Nick Guachione,Penn,2025,75,220,R,R,So.,"Pittsfield, Mass.",Taconic,
Josh Katz,Penn,2025,72,200,R,R,So.,"Chicago, Ill.",Lane Tech College Prep,
Andrew Ruggeri,Penn,2025,70,185,L,L,Jr.,"McLean, Va.",Potomac School,
Marty Coyne,Penn,2025,73,185,R,L,So.,"Hockessin, Del.",Tower Hill School,
Marshall Mott,Penn,2025,73,205,L,L,Sr.,"Gettysburg, Pa.",Gettysburg Area,
Nate Polo,Penn,2025,76,220,L,R,Sr.,"Port Matilda, Pa.",State College Area,
Anthoni Kiafoulis,Penn,2025,75,215,L,L,So.,"Southfield, Mich.",Orchard Lake Saint Mary's Prep,
Asa Wilson,Penn,2025,75,180,R,R,Sr.,"Reading, Pa.",Exeter Township,
Cole McGonigal,Penn,2025,76,225,L,L,Sr.,"Montclair, N.J.",Seton Hall Prep,
Connor McCabe,Penn,2025,74,205,L,R,Fr.,"San Antonio, Texas",Ronald Reagan,
Aidan von Zuben,Penn,2025,72,200,R,L,Fr.,"Warrington, Pa.",Germantown Academy,
Gavin Degnan,Penn,2025,73,185,R,R,So.,"Lakehurst, N.J.",Donovan Catholic / Rowan College South Jersey-Gloucester,
Connor Darling,Penn,2025,75,215,R,R,Fr.,"Ho-Ho-Kus, N.J.",Northern Highlands,
Jake Moss,Penn,2025,74,225,S,R,Jr.,"Manhasset, N.Y.",Manhasset Secondary,
Andrew Miehe,Penn,2025,74,205,R,R,So.,"San Francisco, Calif.",St. Margaret's Episcopal School,
John Cerwinski,Penn,2025,75,195,R,R,Jr.,"Warren, N.J.",Seton Hall Prep,
Sebastian Haggard,Penn,2025,76,205,R,R,Fr.,"Ringgold, Ga.",Ringgold,
Tommy Delany,Penn,2025,72,175,R,R,Sr.,"Princeton, N.J.",Princeton HS,
Nick Spaventa,Penn,2025,73,220,R,R,So.,"Pitman, N.J.",Gloucester County Institute of Technology,
Braden Fridgen,Penn,2025,74,200,R,R,Fr.,"Seattle, Wash.",Seattle Prep,
Coy Schwanger,Penn State Harrisburg,2025,68,185,,,So.,"Ephrata, Pa.",Ephrata,
Drew Sassaman,Penn State Harrisburg,2025,67,170,,,Sr.,"Lancaster, Pa.",Manheim Township,
Sam DelCollo,Penn State Harrisburg,2025,72,200,,,Sr.,"Kennett Square, Pa.",Salesianum,
Alexander Ruiz,Penn State Harrisburg,2025,68,185,,,Jr.,"Lancaster, Pa.",JP McCaskey,
Tim Haftl,Penn State Harrisburg,2025,68,175,,,Jr.,"Oxford, Pa.",Oxford,
Caiden Ertter,Penn State Harrisburg,2025,70,175,,,Jr.,"Aldie, Va.",John Champe,
Lucas Floyd,Penn State Harrisburg,2025,77,200,,,Sr.,"Kutztown, Pa.",Kutztown,
Braeden Piotrowski,Penn State Harrisburg,2025,70,175,,,Jr.,"Gambrills, Md.",Archbishop Spalding,
Carlos Irizarry,Penn State Harrisburg,2025,69,185,,,Jr.,"Chantilly, Va.",St. Paul VI Catholic,
Sam Merchant,Penn State Harrisburg,2025,69,180,,,Sr.,"Gambrills, Md.",Arundel,
Demetre Koutras III,Penn State Harrisburg,2025,76,235,,,So.,"Clarksville, Md.",River Hill,
Brendan Henn,Penn State Harrisburg,2025,72,205,,,Sr.,"Matamoras, Pa.",Delaware Valley,
Dylan Sattazahn,Penn State Harrisburg,2025,73,205,,,So.,"Deer Lake, Pa.",Blue Mountain,
Christian Lubic II,Penn State Harrisburg,2025,75,205,,,Jr.,"Harrisburg, Pa.",Red Land,
Bryant Allison,Penn State Harrisburg,2025,74,225,,,Jr.,"Tyrone, Pa.",Juniata Valley,
Coy Baker,Penn State Harrisburg,2025,75,225,,,Fr.,"New Oxford, Pa.",New Oxford,
Benjamin Ross,Penn State Harrisburg,2025,73,195,,,So.,"Ashburn, Va.",Independence,
Parker Nein,Penn State Harrisburg,2025,75,190,,,Fr.,"Reading, Pa.",Berks Catholic,
Carter Savage,Penn State Harrisburg,2025,76,230,,,So.,"Punxsutawney, Pa.",Punxsutawney,
Nick Rostock,Penn State Harrisburg,2025,73,200,,,Fr.,"West Chester, Pa.",West Chester East,
Aidan Bergholc,Penn State Harrisburg,2025,73,200,,,So.,"Holmes, N.Y.",Kennedy Catholic,
Gavin Bower,Penn State Harrisburg,2025,75,210,,,Fr.,"Lock Haven, Pa.",Central Mountain,
Kyle Serine,Penn State Harrisburg,2025,76,230,,,Sr.,"Mt. Cobb, Pa.",North Pocono,
Blaine Waltimyer,Penn State Harrisburg,2025,74,200,,,Jr.,"Pottstown, Pa.",Owen J. Roberts,
Kaden Pasternak,Penn State Harrisburg,2025,72,180,,,So.,"Souderton, Pa.",Souderton,
Dinzey Feliz,Penn State Harrisburg,2025,76,225,,,Jr.,"Lancaster, Pa.",JP McCaskey,
Sam Thompson,Penn State Harrisburg,2025,73,200,,,Jr.,"Lancaster, Pa.",Conestoga Valley,
Jack Maguire,Penn State Harrisburg,2025,70,185,,,So.,"West Chester, Pa.",West Chester East,
Adam Bova,Penn State Harrisburg,2025,72,200,,,Jr.,"Sparta, N.J.",Sparta,
Fisher Druck,Penn State Harrisburg,2025,76,218,,,Jr.,"Lancaster, Pa.",Manheim Township,
Michael Paciotti,Penn State Harrisburg,2025,75,210,,,Fr.,"Jefferson Township, Pa.",North Pocono,
Dominic Praydis,Penn State Harrisburg,2025,74,190,,,So.,"Hanover, Pa.",South Western,
Danny Eden,Penn State Harrisburg,2025,72,195,,,Sr.,"Morgantown, Pa.",Twin Valley,
Roberto Barron,Penn State Harrisburg,2025,74,225,,,Sr.,"Albany, N.Y.",Albany Academy,
Chris Catania,Penn State Harrisburg,2025,68,160,,,So.,"Somers, N.Y.",Perkiomen,
Traeton Sauder,Penn State Harrisburg,2025,71,180,,,Fr.,"Lancaster, Pa.",Manheim Township,
Ben Burkey,Penn State Harrisburg,2025,71,171,,,So.,"Ephrata, Pa.",Ephrata,
Matthew Johansen,Penn State Harrisburg,2025,72,185,,,Fr.,"Galloway, N.J.",Absegami,
Cole Lambert,Penn State Harrisburg,2025,74,200,,,Fr.,"Gettysburg, Pa.",Gettsyburg,
Bradyn Eckert,Penn State Harrisburg,2025,74,185,,,Fr.,"Lancaster, Pa.",Penn Manor,
Moises Gonzalez,Penn State Harrisburg,2025,71,205,,,Fr.,"Jonestown, Pa.",Northern Lebanon,
Henry Wetzel,Penn State Harrisburg,2025,68,200,,,Fr.,"Lansdale, Pa.",North Penn,
Zach Boland,Penn State Harrisburg,2025,77,195,,,Fr.,"Franklin, Pa.",Franklin,
Bill Zentmayer,Penn State Harrisburg,2025,72,195,,,So.,"Doylestown, Pa.",Central Bucks West,
Nick Upstill,Pepperdine,2025,71,180,L,L,Gr.,"Huntington Beach, Calif.",,
Brodey Bitove,Pepperdine,2025,74,195,L,R,Fr.,"Toronto, Ontario, Canada",,
AJ Bianchina,Pepperdine,2025,68,170,S,R,So.,"Lafayette, Calif.",,
Joe Cardinale,Pepperdine,2025,72,190,R,R,R-So.,"Salinas, Calif.",,
Finley Buckner,Pepperdine,2025,74,195,R,R,R-Fr.,"Oak Park, Calif.",,
Julian Nunez,Pepperdine,2025,70,170,R,R,Sr.,"Encinitas, Calif.",,
Max Bernal,Pepperdine,2025,72,215,L,L,R-So.,"Clovis, Calif.",,
Max Aude,Pepperdine,2025,76,215,L,R,Jr.,"Woodland Hills, Calif.",,
Wyatt Nichol,Pepperdine,2025,73,160,R,R,So.,"Laguna Niguel, Calif.",,
RJ Jimerson,Pepperdine,2025,69,186,R,R,Jr.,"Chicago, Ill.",,
Justin Rubin,Pepperdine,2025,73,185,R,R,Sr.,"Bryn Mawr, Pa.",,
Cole Sheehan,Pepperdine,2025,73,185,S,R,Sr.,"Phoenix, Ariz.",,
Nate Tichy,Pepperdine,2025,73,185,R,R,Fr.,"San Jose, Calif.",,
MJ Liyeos,Pepperdine,2025,73,185,R,R,R-Fr.,"Naperville, Ill.",,
Braden Guentz,Pepperdine,2025,75,200,R,R,So.,"Clovis, Calif",,
Adam Troy,Pepperdine,2025,75,200,L,R,R-So.,"Houston, Texas",,
Matt Queen,Pepperdine,2025,71,180,R,R,So.,"Manhattan, N.Y.",,
Jacob Rebrook,Pepperdine,2025,74,195,L,R,Sr.,"The Woodlands, Texas",,
Collin Valentine,Pepperdine,2025,75,195,L,L,So.,"Dallas, Texas",,
Esteban Sepulveda,Pepperdine,2025,71,175,R,R,Fr.,"Lancaster, Calif.",,
Tommy Scavone,Pepperdine,2025,77,196,R,R,R-Jr.,"Pleasanton, Calif.",,
Austin Plisinski,Pepperdine,2025,74,195,R,R,Fr.,"Ladera Ranch, Calif.",,
Cam Conley,Pepperdine,2025,71,175,R,R,Sr.,"Lincoln University, Pa.",,
Luke Pemberton,Pepperdine,2025,73,195,R,R,R-Sr.,"Boulder, Colo.",,
Jordan Cole,Pepperdine,2025,74,195,R,R,So.,"Huntington Beach, Calif.",,
Danny Cook,Pepperdine,2025,73,185,R,R,Fr.,"Monument, Colo.",,
Devon Walczykowski,Pepperdine,2025,74,210,R,R,Sr.,"El Dorado Hills, Calif.",,
John Callis,Pepperdine,2025,71,175,L,L,Sr.,"Dallas, Texas",,
Winston Peterson,Pepperdine,2025,80,245,R,R,Fr.,"Toluca Lake, Calif.",,
Andrew Savage,Pepperdine,2025,73,205,R,R,Sr.,"Woodstock, Ontario, Canada",,
Joey Damelio,Pepperdine,2025,72,185,R,R,Fr.,San Mateo,,
Lucien Wechsberg,Pepperdine,2025,77,230,R,R,Gr.,"Camarillo, Calif.",,
Ryan Rios,Pepperdine,2025,76,225,R,R,Fr.,"Rancho Santa Margarita, Calif.",,
Zach Woodson,Pepperdine,2025,76,,L,R,Fr.,"Long Beach, Calif.",,
Cal Wipf,Pepperdine,2025,73,195,R,R,R-Fr.,"Santa Barbara, Calif.",,
Jackson Pace,Pepperdine,2025,77,240,R,R,R-So.,"Hollister, Calif.",,
Dylan Stewart,Pepperdine,2025,77,196,R,R,Jr.,"Alameda, Calif.",,
Matthew Boyer,Pepperdine,2025,74,210,R,R,Gr.,"Edwardsville, Ill.",,
Cade Barry,Pepperdine,2025,70,195,L,L,Jr.,"Simi Valley, Calif.",,
Kam Croghan,Pepperdine,2025,77,190,R,R,So.,"Danville, Calif",,
Cole Ellis,Piedmont,2025,69,,R,R,Sr.,"Woodstock, Ga.",Etowah,
Peyton Irvin,Piedmont,2025,72,,R,R,Gr.,"Cornelia, Ga.",Habersham Central,
Tyler Nelson,Piedmont,2025,70,,R,R,Sr.,"Cumming, Ga.",South Forsyth,
Kaden Stephenson,Piedmont,2025,71,,L,R,So.,"Cartersville, Ga.",Cartersville,
Jack Gilsenan,Piedmont,2025,70,,R,R,Gr.,"Powder Springs, Ga.",Hillgrove,
Sean Bailey,Piedmont,2025,72,,R,R,Jr.,"Peachtree City, Ga.",McIntosh,
Jack Ryan,Piedmont,2025,74,,R,R,Fr.,"Peachtree City, Ga.",Starr's Mill,
Kyle Carlson,Piedmont,2025,76,,R,R,Sr.,"Marietta, Ga.",Lassiter,
Makana Peters,Piedmont,2025,74,,R,R,So.,"Cumming, Ga.",Lambert,
Zeke Swartz,Piedmont,2025,74,,R,L,Sr.,"Blairsville, Ga.",Union County,
Averett Thompson,Piedmont,2025,74,,R,R,So.,"Cumming, Ga.",Forsyth Central,
Nate Courtwright,Piedmont,2025,68,,R,R,Jr.,"Canton, Ga.",Cherokee,
Cody Funk,Piedmont,2025,71,,R,R,Jr.,"McDonough, Ga.",Union Grove,
Matt Dupuis,Piedmont,2025,73,,R,R,Jr.,"Woodstock, Ga.",Mt. Paran Christian,
Logan Pedretti,Piedmont,2025,71,,R,R,So.,"Cumming, Ga.",East Forsyth,
Ben Connelly,Piedmont,2025,71,,L,R,Fr.,"Acworth, Ga.",Harrison,
Adam Metivier,Piedmont,2025,71,,L,L,Sr.,"Woodstock, Ga.",Etowah,
Davin Miller,Piedmont,2025,70,,L,L,Fr.,"Locust Grove, Ga.",Locust Grove,
Garrett Burton,Piedmont,2025,75,,R,R,Jr.,"Jacksonville Beach, Fla.",Fletcher,
Jackson Randolph,Piedmont,2025,74,,R,R,Sr.,"Newnan, Ga.",Northgate,
Bodie Eilertson,Piedmont,2025,73,,L,L,Sr.,"Lawrenceville, Ga.",Grayson,
Trace Cate,Piedmont,2025,72,,R,R,Sr.,"Marietta, Ga.",Hillgrove,
Ben Bodoh,Piedmont,2025,68,,R,R,Fr.,"Marietta, Ga.",Lassiter,
Braden Simms,Piedmont,2025,73,,L,R,Sr.,"Oakwood, Ga.",West Hall,
Riley McCallum,Piedmont,2025,72,,R,R,Fr.,"Culloden, Ga.",Tattnall Square Academy,
Connor Carlson,Piedmont,2025,72,,R,L,Fr.,"Marietta, Ga.",Lassiter,
Layne Ayers,Piedmont,2025,71,,R,R,Fr.,"Covington, Ga.",Loganville,
Dalton Anderson,Piedmont,2025,70,,R,R,Jr.,"Newnan, Ga.",Newnan,
Brycen Wagoner,Piedmont,2025,73,,L,L,Fr.,"Cumming, Ga.",Forsyth Central,
Cruz Mullinix,Piedmont,2025,75,,L,L,Jr.,"Toccoa, Ga.",Stephens County,
Justin Shaffer,Piedmont,2025,71,,R,R,Fr.,"Gainesville, Ga.",West Hall,
Chase Goddard,Piedmont,2025,71,,R,R,Jr.,"Ball Ground, Ga.",Cherokee,
Andrew Misirly,Piedmont,2025,70,,R,R,Fr.,"Roswell, Ga.",Roswell,
Lucas Tritt,Piedmont,2025,75,,R,R,Jr.,"Flowery Branch, Ga.",Cherokee Bluff,
Tucker Ausband,Piedmont,2025,70,,R,R,Fr.,"Atlanta, Ga.",Pace Academy,
Brock Clements,Piedmont,2025,71,,R,R,Fr.,"Calhoun, Ga.",Sonoraville,
Anderson Deaderick,Piedmont,2025,69,,R,R,Fr.,"Marietta, Ga.",Blessed Trinity,
Carter Few,Piedmont,2025,72,,L,L,Fr.,"Alpharetta, Ga.",Alpharetta,
Luke Manry,Piedmont,2025,72,,R,R,So.,"Marietta, Ga.",Lassiter,
Harris Bryson,Piedmont,2025,73,,R,R,So.,"Marietta, Ga.",Lassiter,
Cody Craft,Piedmont,2025,73,,L,R,Fr.,"Bethlehem, Ga.",Bethlehem Christian Academy,
Reed Purcell,Piedmont,2025,71,,R,R,So.,"Alpharetta, Ga.",Wesleyan,
John Dickerson,Piedmont,2025,72,,S,R,Fr.,"Marietta, Ga.",Lassiter,
Billy Westerfield,Piedmont,2025,76,,R,R,So.,"Roswell, Ga.",Roswell,
Xavier Ness,Piedmont,2025,70,,,,So.,"Atlanta, Ga.",St. Pius X,
Nash Chelcun,Piedmont,2025,68,,R,R,Jr.,"Huntersville, N.C.",Pine Lake Prep,
Matthew Crum,Pikeville,2025,66,,,,Jr.,"Paintsville, Ky.",Johnson Central HS,
Caleb Morrison,Pikeville,2025,70,,,,So.,"Georgetown, Ky.",Great Crossings HS,
Ian Setzer,Pikeville,2025,69,,,,So.,"Knoxville, Tenn.",Union County HS,
Samuel Brown,Pikeville,2025,68,,,,So.,"Pikeville, Ky.",Shelby Valley HS,
Riley Paulino,Pikeville,2025,71,,,,Gr.,"Fife, Wash.",Fife HS,
Francis Subero,Pikeville,2025,71,,,,So.,"San Jose De Ocoa, D.R.",,
Tanner Gerosa,Pikeville,2025,70,,,,Jr.,"Huntington Beach, Calif.",,
Riley Hartline,Pikeville,2025,73,,,,So.,"Knoxville, Tenn.",Karns HS,
Gavin Fraser,Pikeville,2025,69,,,,Jr.,"Spruce Grove, Alb.",,
Connor Moody,Pikeville,2025,70,,,,Jr.,"Clinton, Tenn.",Clinton HS,
Maquire Wakelyn,Pikeville,2025,74,,,,Sr.,"Abbotsford, BC",,
Cam Revolt,Pikeville,2025,72,,,,Gr.,"Crestwood, Ky.",South Oldham HS,
Max Vandenbroek,Pikeville,2025,70,,,,Sr.,"Versailles, Ky.",Woodford County HS,
Richtter Castillo,Pikeville,2025,73,,,,Jr.,Venezuela,,
Mason Melton,Pikeville,2025,71,,,,Fr.,"Corryton, Tenn.",Gibbs HS,
Rob Gurney,Pikeville,2025,73,,,,Jr.,"Campbell River, B.C",,
Kameron Brodeur,Pikeville,2025,71,,,,Jr.,"Temecula, Calif.",Chapparal HS,
Cole Fowler,Pikeville,2025,70,,,,Jr.,"Murieta, Calif.",,
Austin Gurney,Pikeville,2025,74,,,,Sr.,"Campbell River, B.C.",,
Joe Gagnon,Pikeville,2025,76,,,,Jr.,"Calgary, Alb.",,
Hunter Ferguson,Pikeville,2025,69,,,,Sr.,"Knoxville, Tenn.",Grace Christian Academy,
Shaye McTavish,Pikeville,2025,74,,,,Jr.,"Lethbridge, Alb.",,
Marques Richards,Pikeville,2025,73,,,,Gr.,"Federal Way, Wash.",Todd Beamer HS,
Dawson Schultz,Pikeville,2025,75,,,,So.,"Swift Current, Sask.",,
William Kelley,Pikeville,2025,75,,,,Gr.,"Newnan, Ga.",,
Garren Gledhill,Pikeville,2025,70,,,,Jr.,"Las Vegas, Nev.",,
Noah Brooks,Pikeville,2025,72,,,,Jr.,"Cloverdale, B.C.",Lord Tweedsmuir Secondary School,
Isaac Berry,Pikeville,2025,72,,,,So.,"Bristol, Va.",Viginia HS,
Dylan Wellcome,Pikeville,2025,72,,,,Fr.,"Murrieta, Calif.",Murrieta Mesa HS,
Mark Prewitt,Pikeville,2025,70,,,,Fr.,"Corbin, Ky.",,
Aldo Rojas,Pikeville,2025,71,,,,So.,"Holguin, Cuba",,
Dailin Bonebil,Pikeville,2025,76,,,,Fr.,"Santo Domingo, DR",,
Brody Mangold,Pikeville,2025,75,,,,Fr.,"Hebron, Ky.",,
Jonah Adkins,Pikeville,2025,74,,,,Fr.,"Belfry, Ky.",Belfry HS,
Rafael Jackson,Point,2025,72,200,L,L,Senior,Virgin Islands,Gordon State College,
Michael Buckley,Point,2025,70,175,R,R,Senior,"Dallas, Texas",Oklahoma Christian University,
Jaden Mazzaferro,Point,2025,70,190,L,R,Senior,"San Jose, Calif.",West Valley College,
Chris Mancill,Point,2025,71,200,R,R,Senior,"Hoover, Ala.",Coastal Alabama Community College,
Keegan Moore,Point,2025,72,185,R,R,Gr.,"Sharpsburg, Ga.",University West Georgia,
Jackson Divido,Point,2025,68,175,R,R,Freshman,"Senoia, Ga.",East Georgia State College,
Daniel Gonzalez,Point,2025,72,180,R,R,Senior,"Havana, Cuba",Salt Lake City Community College,
Daniel Crabtree,Point,2025,74,195,S,R,Senior,"Marietta, Ga.",Cleveland State Community College,
Garrison Coleman,Point,2025,71,170,S,R,Junior,"Woodstock, Ga.",Wallace Selma Community College,
Arwin Burgos,Point,2025,71,170,R,R,Junior,Puerto Rico,Central Alabama Community College,
Harris Burns,Point,2025,76,200,R,R,Junior,"Trussville, Ala.",Wallace Selma Community College,
Cooper Hack,Point,2025,74,205,R,R,Senior,"Casper, Wyo.",Solano Community College,
Dylan Davis,Point,2025,72,200,R,R,Freshman,"Newnan, Ga.",Newnan High School,
Joshua Castillo,Point,2025,72,180,R,R,Senior,"La Habra, Ca.","California State University, Dominguez Hills",
Maxime Beaulieu,Point,2025,77,205,R,R,Senior,"Rancho Cucamonga, Calif.",Hawaii Pacific University,
Jaysen Dower,Point,2025,72,280,R,R,Senior,"Cumming, Ga.",Chattahoochee Valley Community College,
Luke Hardy,Point,2025,76,208,R,R,Freshman,"Columbus, Ga.",Shaw High School,
Eli Kirby,Point,2025,76,235,R,R,Junior,"Fort Payne, Ala.",Wallace Selma Community College,
Clay Smith,Point,2025,75,210,L,L,Senior,"Munising, Mich.",Bryan College,
Michael Underwood,Point,2025,76,215,R,R,Sophomore,"Manchester, Ga.",Manchester High School,
Cole Johnson,Point,2025,74,200,L,R,Junior,"New Site, Ala.",Central Alabama Community College,
Peyton McKinney,Point,2025,73,185,R,R,Senior,"Warner Robins, Ga.",Middle Georgia State University,
Justin England,Point,2025,73,225,R,R,Senior,"Dallas, Ga.",Abraham Baldwin Agricultural College,
Brady Bye,Point,2025,73,200,L,R,Junior,"White City, Saskatchewan, Canada",Southwestern Oklahoma State,
Garrett Mullins,Point,2025,70,185,L,R,Senior,"Perry, Fla.",Coastal Alabama Community College South,
Brennon Horton,Point,2025,72,200,R,R,Freshman,,,
Brett Campbell,Point,2025,73,185,R,R,Senior,"McDonough, Ga.",Hampton High School,
Brody Hill,Point,2025,69,145,L,L,Junior,"Montgomery, Ala.",University of Dayton,
Carson Curry,Point,2025,69,180,R,R,Senior,"Dacula, Ga.",Southern Union State Community College,
Tyler Wilson,Point,2025,73,200,R,R,Junior,"Warner Robins, Ga.",Livingstone College,
Holden Hunter,Point,2025,73,250,R,R,Freshman,"Hartford, Ala.",Faulkner University,
Rafael Perez,Point,2025,75,205,R,R,Junior,"Santo Domingo, Dominican Republic",Itasca Community College,
Kyle Alonso,Point,2025,73,190,R,R,Freshman,"Valdosta, Ga.",Lowndes High School,
Duke Barnett,Point,2025,72,190,L,L,Junior,"Oxford, Ala.",Wallace Selma Community College,
Jacob Gregory,Point,2025,73,210,R,R,Junior,"Newnan, Ga.",Southern Wesleyan University,
Aiden Arriaga,Point Loma,2025,70,180,L,R,R-So.,Indio. Calif.,La Quinta,College of the Desert
Matt Bernath,Point Loma,2025,70,175,R,R,Fr.,"Riverside, Calif.",Corona Centennial,
Owen May,Point Loma,2025,73,197,R,R,Jr.,"Bakersfield, Calif.",Liberty HS,
Ray Cebulski,Point Loma,2025,73,200,R,R,Sr.,"Chula Vista, Calif.",Eastlake,Long Beach State
Nathan Woodside,Point Loma,2025,67,170,L,R,Fr.,"Woodinville, Wash.",Woodinville,
Jack Ryan,Point Loma,2025,72,175,R,R,Fr.,"Phoenix, Ariz.",Brophy College Prep,
Bryson Hashimoto,Point Loma,2025,72,190,R,R,R-Sr.,"Honolulu, Hawaii",Santa Fe Christian,Palomar College
Luke Reece,Point Loma,2025,71,175,R,R,Gr.,"La Mesa, Calif.",Serra,Cal State San Marcos
Zak White,Point Loma,2025,76,200,R,R,Fr.,"Lafayette, Colo.",Centaurus,
Jack Bunnell,Point Loma,2025,69,185,R,R,R-Jr.,"Irvine, Calif.",Woodbridge,University of San Diego
15/42 Noah Meffert,Point Loma,2025,73,200,R,R,Jr.,"Coupeville, Wash.",Oak Harbor,George Fox
Josiah Rodriguez,Point Loma,2025,72,185,R,R,Fr.,"South San Francisco, Calif.",Junipero Serra,
Jake Entrekin,Point Loma,2025,73,205,R,R,Sr.,San Diego,Steele Canyon,
Kaden Lewis,Point Loma,2025,72,190,L,L,Gr.,"Tumwater, Wash.",Tumwater,Edmonds College
Colin Driscoll,Point Loma,2025,74,200,R,R,Sr.,"West Linn, Ore.",,Saint Martin's
Jordan Green,Point Loma,2025,71,185,R,R,Fr.,San Diego,Scripps Ranch,
Chris Larkin,Point Loma,2025,71,185,R,R,Sr.,Las Vegas,,Bluefield State
Jake Schwartz,Point Loma,2025,72,200,L,L,Fr.,"Stevenson Ranch, Calif.",West Ranch,College of the Canyons
Brock Mayer,Point Loma,2025,73,215,R,R,Jr.,"Torrance, Calif",Torrance,Chaffey College
Michael Sarhatt,Point Loma,2025,78,240,R,R,Sr.,"Belmont, Calif.",Junipero Serra,Nevada
Kenny Esposito,Point Loma,2025,74,198,R,R,Jr.,"Auragne, France",Lycée Polyvalent Bellevue,Los Medanos College
Christian Williams,Point Loma,2025,75,180,R,R,Sr.,"Clovis, Calif.",Buchanan,Fresno CC
Tanner Forbus,Point Loma,2025,71,175,L,L,Rf.,"Bakersfield, Calif.",Centennial,
Tommy Molina,Point Loma,2025,71,185,R,R,So.,San Diego,Steele Canyon,
Jonathan Kozasky,Point Loma,2025,73,195,R,R,Sr.,Los Angeles,Warren,
Bobby Brown,Point Loma,2025,74,170,R,R,Sr.,"San Ramon, Calif.",Fusion Academy,Biola
Darren Cho,Point Loma,2025,73,215,R,R,Jr.,San Diego,,San Diego Mesa CC
Levi Ham,Point Loma,2025,75,205,L,L,Fr.,San Diego,Maranatha Christian,
Owen Peake,Point Loma,2025,76,190,L,L,Fr.,San Diego,Westview,
Branden Jackel,Point Loma,2025,75,195,L,L,So.,San Diego,Steele Canyon,
Nathan Ward,Point Loma,2025,80,275,R,R,Gr.,"Phoenix, Ariz.",Mountain Pointe,Grand Canyon
Kai Gonzaga,Pomona-Pitzer,2025,67,,,,Fr.,"Porter Ranch, CA",Notre Dame High School,
Jake Hilton,Pomona-Pitzer,2025,72,,,,Sr.,"Berkeley, CA",Berkeley High School,
William Kinney,Pomona-Pitzer,2025,65,,,,Jr.,"Pacifica, CA",Junipero Serra High School,
Tanner DeGrazia,Pomona-Pitzer,2025,74,,,,Jr.,"Rochester, NY",McQuaid Jesuit,
JC Ng,Pomona-Pitzer,2025,70,,,,Sr.,"Foster City, CA",Menlo School,
Xavier Hattenburg,Pomona-Pitzer,2025,72,,,,Fr.,"Spokane, WA",Mead High School,
George Nahabedian,Pomona-Pitzer,2025,71,,,,Jr.,"Chicago, IL",Lincoln Park High School,
Wade Lawson,Pomona-Pitzer,2025,72,,,,Jr.,"Nashville, TN",Hillsboro High School,
James Quintero,Pomona-Pitzer,2025,73,,,,Fr.,"Northridge, CA",Bishop Alemany High School,
Ben Cohen,Pomona-Pitzer,2025,74,,,,Sr.,"Corte Madera, CA",Redwood High School,
Ethan Collins,Pomona-Pitzer,2025,74,,,,Sr.,"Rossmoor, CA",Orange Lutheran High School,
Lucas Dennis,Pomona-Pitzer,2025,75,,,,So.,"Saratoga, CA",Saratoga High School,
Mason Green,Pomona-Pitzer,2025,70,,,,Fr.,"Falls Church, VA",Gonzaga College High School,
Sammy Lee,Pomona-Pitzer,2025,70,,,,So.,"Lafayette, CA",Acalanes High School,
Jack Gold,Pomona-Pitzer,2025,68,,,,So.,"Rolling Hills Estates, CA",Palos Verdes Peninsula High School,
Greg Pierantoni,Pomona-Pitzer,2025,73,,,,So.,"Sherman Oaks, CA",Notre Dame High School,
Stephen Kwak,Pomona-Pitzer,2025,75,,,,Sr.,"San Jose, CA",Bellarmine College Preparatory,
Justin Zerger,Pomona-Pitzer,2025,73,,,,Fr.,"Newton, KS",Newton High School,
Ben Morgan,Pomona-Pitzer,2025,74,,,,Sr.,"Berkeley, CA",Berkeley High School,
Jimmy Legg,Pomona-Pitzer,2025,70,,,,Sr.,"Huntington Beach, CA",Ocean View High School,
Carson Evans,Pomona-Pitzer,2025,72,,,,Gr.,"Clovis, CA",Clovis High School,
William Wallace,Pomona-Pitzer,2025,76,,,,So.,"Portland, OR",Jesuit,
Lateef Wakil,Pomona-Pitzer,2025,71,,,,Jr.,"Poway, CA",Westview High School,
Eamonn Woods,Pomona-Pitzer,2025,68,,,,Sr.,"Nashville, TN",Hume-Fogg Academic,
Jack Wiessinger,Pomona-Pitzer,2025,72,,,,So.,"San Carlos, CA",Carlmont High School,
Hannoh Seo,Pomona-Pitzer,2025,72,,,,Jr.,"Los Angeles, CA",Los Angeles Center for Enriched Studies,
Caleb Cassidy,Pomona-Pitzer,2025,76,,,,So.,"Solvang, CA",Santa Ynez,
Brody Ruyle,Pomona-Pitzer,2025,72,,,,Fr.,"Sierra Madre, CA",St. Francis High School,
Eli Della Bitta,Pomona-Pitzer,2025,74,,,,Fr.,"Encinitas, CA",La Costa Canyon,
Max Brunngraber,Pomona-Pitzer,2025,74,,,,So.,"Altadena, CA",Flintridge Prep,
Will Polishuk,Pomona-Pitzer,2025,78,,,,Fr.,"Berkeley, CA",Berkeley High School,
Peter Savas,Pomona-Pitzer,2025,74,,,,Gr.,"Pleasanton, CA",Foothill High School,
Cooper Berry,Pomona-Pitzer,2025,73,,,,So.,"Austin, TX",Westlake,
Liam Parrot,Pomona-Pitzer,2025,75,,,,Fr.,"Mill Valley, CA",Branson School,
Jackson Bruening,Pomona-Pitzer,2025,75,,,,Fr.,"Chandler, AZ",Seton Catholic Prep,
Sam Grimes,Pomona-Pitzer,2025,74,,,,Fr.,"Plano, TX",Plano West High School,
Satish Raichur,Pomona-Pitzer,2025,72,,,,Fr.,"Albuquerque, NM",Albuquerque Academy,
Andrew An,Pomona-Pitzer,2025,72,,,,So.,"Irvine, CA",Crean Lutheran High School,
Cody Nitowitz,Portland,2025,71,180,S,R,R-Fr.,"Carlsbad, Calif.",Cathedral Catholic HS,UC Santa Barbara
George Holt,Portland,2025,70,185,R,R,R-Fr.,"Las Vegas, Nev.",Faith Lutheran HS,
Spencer Scott,Portland,2025,72,195,R,R,Sr.,"Portland, Ore.",Grant HS,
Riley McCarthy,Portland,2025,73,215,R,R,Sr.,"Vancouver, Wash.",Mountain View HS,
JT Landwehr,Portland,2025,73,195,R,R,Jr.,"Vienna, Va.",Flint Hill HS,Mount St. Mary's
Henry Muench,Portland,2025,70,195,R,R,Sr.,"Seattle, Wash.",O'Dea HS,
Ben Allen,Portland,2025,72,190,R,R,Fr.,"Portland, Ore.",McNary HS,
Peter Herrick,Portland,2025,75,205,R,R,R-So.,"Auburn, Wash.",Puyallup HS / Edmonds CC,
Carter Gaston,Portland,2025,75,205,R,R,Jr.,"Kelso, Wash.",Kelso HS,
Jace Miller,Portland,2025,72,185,R,R,R-So.,"Medford, Ore.",South Medford HS,
Jonas Salk,Portland,2025,70,185,R,R,Jr.,"Fairfax, Calif.",Archie Williams HS,
Justin Tsukada,Portland,2025,68,160,R,R,Jr.,"Aiea, Hawaii",Punahou School,
Nolan Hardesty,Portland,2025,72,205,R,L,R-Fr.,"Twin Falls, Idaho",Twin Falls HS / Modesto JC,
Coleman Hollabaugh,Portland,2025,73,205,L,R,Fr.,"Normandy Park, Wash.",John F. Kennedy HS,
Morgan Codron,Portland,2025,75,190,R,R,R-So.,"Los Osos, Calif.",Morro Bay HS,
Curtis Hebert,Portland,2025,74,195,R,R,Jr.,"Anchorage, Alaska",South Anchorage HS,
Tyler Howard,Portland,2025,73,215,R,R,Jr.,"Vancouver, Wash.",Skyview HS,
Logan Anderson,Portland,2025,75,185,L,L,Rf.,"Snoqualmie, Wash.",Mount Si HS,
Brady Bean,Portland,2025,70,175,R,R,Jr.,"Kennewick, Wash.",Kamiakin HS,St. Martin's
Quin Dufort,Portland,2025,74,190,L,L,Fr.,"Portland, Ore.",Ida B. Wells HS,
Gage Bruce,Portland,2025,70,180,R,R,R-So.,"Woodinville, Wash.",Woodinville HS,
Doyle Kane,Portland,2025,74,215,R,R,R-Sr.,"Valencia, Calif.",St. Francis HS / UC San Diego / College of the Canyons,
Kaden Segel,Portland,2025,72,220,R,R,Sr.,"Portland, Ore.",Grant HS,Linn-Benton CC
Zach Toglia,Portland,2025,76,230,R,R,Sr.,"Gig Harbor, Wash.",Gig Harbor HS,Utah
Kaden Starr,Portland,2025,73,190,R,R,R-Fr.,"Eugene, Ore.",Marist HS,
Ryan Rembisz,Portland,2025,74,215,L,L,Sr.,"Woodinville, Wash.",Redmond HS,
Nolan Miller,Portland,2025,72,185,L,L,Fr.,"Eugene, Ore.",Sheldon HS,
Nolan Umlandt,Portland,2025,75,195,R,R,Fr.,"Sherwood, Ore.",Sherwood HS,
Callum Young,Portland,2025,74,200,L,L,So.,"Vancouver, B.C.",Kitsilano Secondary,Everett CC
Ethan Matsuoka,Portland,2025,73,185,R,R,Fr.,"Tualatin, Ore.",Tualatin HS,
Cade Gehlen,Portland,2025,71,175,L,L,Fr.,"Camas, Wash.",Central Catholic HS,
Jake Allen,Portland,2025,70,185,R,R,Fr.,"Kaiser, Ore.",McNary HS,
Ky Hoskinson,Portland,2025,74,205,R,R,R-So.,"McMinnville, Ore.",McMinnville HS,Cal State Bakersfield
Frankie Rutigliano,Portland,2025,72,160,R,R,Fr.,"Medford, Ore.",North Medford HS,
Cole Katayama-Stall,Portland,2025,73,190,L,R,Fr.,"Portland, Ore.",Westview HS,
Aaron Louis,Portland,2025,69,170,L,L,Fr.,"San Francisco, Calif.",Sacred Heart Cathedral Prep,
Trey Swygart,Portland,2025,75,225,L,R,Fr.,"Middleton, Idaho",Middleton HS,
Connor Cox,Portland,2025,74,190,R,R,Fr.,"Toutle, Wash.",Toutle HS,
Jayden Williams,Prairie View,2025,70,180,R,R,R-Sr.,"Zachary, La.",Zachary High School,
Ahmar Donatto,Prairie View,2025,71,160,R,R,So.,"Humble, Texas",Summer Creek HS,
Cameron Franklin,Prairie View,2025,69,165,R,R,R-So.,"Cypress, Texas",Foster High School,
Blake Hall,Prairie View,2025,70,165,L,R,R-Fr.,"Beaumont, Texas",,Chattanooga State Community College
Mason Heiskell,Prairie View,2025,69,175,R,R,R-Sr.,"Fort Worth, Texas",The Oakridge School,
Kamar Dove,Prairie View,2025,76,190,R,R,R-Fr.,"New Caney, Texas",,Texas A&M - Corpus Christi
Lee Allen,Prairie View,2025,69,180,R,R,Sr.,"Kansas City, Missouri",,Kansas City Community College
Legend Fugett,Prairie View,2025,74,182,R,R,So.,"Melissa, Texas",Melissa High School,
Jeffrey Polledo,Prairie View,2025,74,170,R,R,Jr.,"Miami, Florida",,St. Petersburg College
Corey Battey,Prairie View,2025,69,140,L,L,So.,"Clermont, Florida",East Ridge High School,
Trenton Bush,Prairie View,2025,76,220,R,R,Sr.,"Longivew, Texas",,Grayson College
Kenneth Haynes,Prairie View,2025,69,175,R,L,Jr.,"Garland, Texas",,Dallas-College Brookhaven
Dakari Hayes,Prairie View,2025,71,175,R,L,Fr.,"Houston, Texas",Klein Cain High School,
Joshua Kapp,Prairie View,2025,74,180,R,R,Fr.,"Cypress, Texas",Cypress Fair High School,
Jordan Williams,Prairie View,2025,74,210,R,R,R-So.,"Zachary, Louisiana",Zachary High School,
Sonnier Moses,Prairie View,2025,68,165,R,R,Fr.,"Frisco, Texas",Memorial High School,
Brayden Johnson,Prairie View,2025,69,180,R,R,Gr.,"Longview, Texas",Hallisville High School,
Michael Burroughs,Prairie View,2025,73,188,R,R,Jr.,"San Antonio, Texas",Judson High School,
Landyn Grant,Prairie View,2025,75,190,R,L,R-Fr.,"Longview, Texas",,National Park College
Corie Lockette,Prairie View,2025,74,195,L,R,So.,"North Richland Hills, Texas",Birdville High School,
Jadin Moreno,Prairie View,2025,77,200,L,L,Sr.,"Pensacola, Florida",,Bishop State Community College
Landon Williams,Prairie View,2025,74,205,R,R,R-So.,"Abilene, Texas",,"Galveston, Texas"
Ayden Heinz,Prairie View,2025,75,190,L,R,R-Fr.,"Melissa, Texas",,Williston State College
Julian Scott,Prairie View,2025,68,178,R,R,So.,"Aldine, Texas",B.O. Davis High School,
Marshal Jonas,Prairie View,2025,74,210,R,R,Sr.,"Buffalo, Texas",,Western Texas College
Tyson Carlton,Prairie View,2025,77,198,R,R,Jr.,"Allen, Texas",,Dallas College Eastfield
Beau Beaty,Prairie View,2025,74,155,R,R,Jr.,"Richmond, Texas",,Grayson College
Mac Bowie,Prairie View,2025,72,245,L,L,R-So.,"Houston, Texas",,Hutchinson College
Leonardo Bravo,Prairie View,2025,75,201,R,R,Sr.,"Hialeah, Fla.",,St. Petersburg College
Edem Okpattah,Prairie View,2025,72,200,R,R,Jr.,"Baltimore, MD",,Allegany College of Maryland
Paxton Huff,Prairie View,2025,71,190,R,R,Jr.,"Plano, Texas",,University of Dallas
Isaac Herrera,Prairie View,2025,72,192,R,R,Jr.,"El Paso, Texas",,Western Texas College
Demarques Thompson,Prairie View,2025,73,188,R,R,So.,"Katy, Texas",Sealy High School,
Camden Farmer,Prairie View,2025,80,225,R,R,Jr.,"The Woodlands, Texas",,Grayson College
Mason Maxie,Prairie View,2025,72,185,R,R,Fr.,"Acres Homes, Texas",Dekaney High School,
Chase Moore,Prairie View,2025,72,180,S,R,Fr.,"Frankfort, KY",Tates Creek HS,
Trace Sanchez,Prairie View,2025,77,175,R,R,R-Jr.,"Spring, Texas",,San Jacinto College
Mike Granson,Prairie View,2025,73,172,R,R,Gr.,"Missouri City, Texas",,Grambling State
Seve Medrano,Prairie View,2025,72,210,R,R,Gr.,"Corpus Christi, Texas",,Texas A&M Kingsville
John Lawson,Prairie View,2025,72,165,R,R,So.,"Corpus Christi, Texas",Richard King High School,
Michael Smith,Prairie View,2025,75,215,R,R,So.,"Pensacola, Fla.",Pensacola Catholic High School,
Marcus McMillan,Prairie View,2025,74,190,R,R,So.,"Harker Heights, Texas",,Texas College
Sebastian Harden,Prairie View,2025,71,185,R,R,Jr.,"Spring, Texas",,Coastal Alabama North CC
Trey Fenderson,Presbyterian,2025,72,175,R,R,R-So.,"Spanish Fort, AL",Spanish Fort HS,
Aaron Hobson,Presbyterian,2025,70,165,R,R,So.,"Ellenwood, GA",Greater Atlanta Christian School,
Yechiel Saint,Presbyterian,2025,71,190,S,R,Sr.,"Freeport, Bahamas",Bridgton Academy,
Andrew Albertus,Presbyterian,2025,70,175,L,R,Fr.,"Carrollton, GA",Carrollton HS,
Cam Mallo,Presbyterian,2025,70,170,R,R,Fr.,"Tampa, FL",Jefferson HS,
Jackson Hugus,Presbyterian,2025,70,210,R,R,Sr.,Wellington Fl,Hillsborough CC,
Prince Mairena,Presbyterian,2025,70,160,L,L,Fr.,"Charlotte, NC",Porter Ridge HS,
Eli Lazio,Presbyterian,2025,70,195,R,R,R-Jr.,"Pine Bush, NY",Don Bosco Prep,
Robbie Boykin,Presbyterian,2025,75,230,R,R,Jr.,"Richmond, VA",South Carolina,
Mikah Conner,Presbyterian,2025,72,165,R,R,So.,"Columbia, SC",Ben Lippen HS,
Jake Randolph,Presbyterian,2025,72,205,R,R,Jr.,"Vero Beach, FL",Vero Beach HS,
Matthew Rollison,Presbyterian,2025,71,190,R,R,Fr.,"Irmo, SC",Dutch Fork HS,
Luke Gibson,Presbyterian,2025,72,185,L,L,Gr.,"Virginia Beach, VA",Patrick Henry CC,
Nick Smith,Presbyterian,2025,73,220,R,R,Jr.,"Charlotte, NC",,
Rhogue Wallace,Presbyterian,2025,72,195,S,R,Sr.,"Beaufort, SC",Spartanburg Methodist College,
Tyrell Williams,Presbyterian,2025,75,180,R,R,R-Fr.,"Orlando, FL",Ocoee HS,
Sean Hollister,Presbyterian,2025,76,180,R,R,Sr.,"Mount Pleasant, SC",Bishop England HS,
Brody Linker,Presbyterian,2025,75,195,R,R,Fr.,"Anderson, SC",Crescent HS,
Ryan Ouzts,Presbyterian,2025,68,210,R,R,R-Sr.,"Gilbert, SC",P27 Academy,
Tristan McGregor,Presbyterian,2025,75,190,R,R,So.,"Sarasota, FL",Inspiration Academy,
Will Bolinger,Presbyterian,2025,75,215,L,L,R-Jr.,"Leawood, KS",,
Ryan Becker,Presbyterian,2025,72,190,R,R,Jr.,"Cumming, GA",South Forsyth HS,
Kyle Mueller,Presbyterian,2025,76,215,R,R,Jr.,"Winter Haven, FL",Lakeland Christian School,
Holden Baker,Presbyterian,2025,75,225,L,R,So.,"Brookhaven, GA",The Mount Vernon School,
Jacob Fields,Presbyterian,2025,69,185,R,R,So.,"Kennesaw, GA",,
Caden Barnett,Presbyterian,2025,76,200,R,R,Sr.,"Cullman, AL",North Alabama,
JJ Harrell,Presbyterian,2025,72,195,L,L,Fr.,"Concord, NC",Homeschooled,
Christian Charalambous,Presbyterian,2025,71,190,L,L,So.,"Bergenfield, NJ",Bergen Catholic HS,
Amman Dewberry,Presbyterian,2025,75,200,L,L,R-So.,"Conyers, GA",Peachtree Academy,
Carter Payne,Presbyterian,2025,72,215,R,R,So.,"Riverview, FL",Lennard HS,
Brooks Chamberlin,Presbyterian,2025,76,190,R,R,So.,"Tampa, FL",Tampa Jesuit HS,
Layton Hyneman,Presbyterian,2025,70,180,R,R,Fr.,"Villa Rica, GA",Villa Rica HS,
Boone Cartee,Presbyterian,2025,74,195,R,R,Sr.,"Kings Mountain, NC",Cleveland CC,
Mason McDaniel,Presbyterian,2025,76,180,L,L,Jr.,"Sanford, FL",Seminole HS,
Eli Bowery,Presbyterian,2025,75,225,R,R,Jr.,"Salem, VA",Salem HS,
Michael Marroquin Jr.,Presbyterian,2025,72,200,R,R,Fr.,"Tampa, FL",Jefferson HS,
Connor Bradley,Presbyterian,2025,70,205,L,R,Jr.,"Hayesville, NC",,
Jeremiah Hampton,Presbyterian,2025,73,180,R,R,Jr.,"Belton, SC",Belton Honea-Path HS,
Isaac Lamson,Princeton,2025,72,185,R,R,Fr.,"Stow, Mass.",Phillips Academy Andover,
James Beasley,Princeton,2025,79,225,R,R,Fr.,"Herndon, Va.",Herndon,
Jake Koonin,Princeton,2025,72,195,R,R,Jr.,"Winston Salem, N.C.",Mount Tabor,
Kevin Blowers,Princeton,2025,73,195,R,R,Sr.,"Tampa, Fla.",Robinson,
Bryce Gayan,Princeton,2025,73,195,R,R,So.,"Seattle, Wash.",Lakeside School,
Justin Kim,Princeton,2025,72,175,R,R,Jr.,"Cypress, Texas",Bridgeland,
Tommy Googins,Princeton,2025,75,195,R,R,So.,"Cincinnati, Ohio",Saint Xavier,
Charlie Wolf,Princeton,2025,73,180,R,R,So.,"Chicago, Ill.",St. Ignatius College Prep,
Nick Shenefelt,Princeton,2025,74,205,L,R,Fr.,"Birmingham, Mich.",Seaholm,
Dylan Zdunek,Princeton,2025,72,200,R,R,So.,"San Gabriel, Calif.",Maranatha,
Joseph Zorc,Princeton,2025,72,190,R,R,Fr.,"Sterling, Va.",Gonzaga College HS,
Will Sword,Princeton,2025,72,205,R,R,Jr.,"Cary, N.C.",Thales Academy,
Kasey Gilman,Princeton,2025,71,190,R,R,So.,"Staten Island, N.Y.",Monsignor Farrell,
Patrick Jarvis,Princeton,2025,73,215,R,R,Sr.,"Manhasset, N.Y.",Manhasset,
Grant Werdesheim,Princeton,2025,74,195,R,R,Fr.,"Studio City, Calif.",Sierra Canyon,
Richard Ferrer-Westrop,Princeton,2025,74,235,R,R,Sr.,"Duluth, Ga.",Lambert,
Jake Bold,Princeton,2025,72,215,R,R,Jr.,"La Jolla, Calif.",La Jolla County Day,
Jackson Baldrate,Princeton,2025,74,175,L,L,So.,"McLean, Va.",Gonzaga College,
Max Zdimal,Princeton,2025,72,190,L,L,Sr.,"Scottsdale, Ariz.",Notre Dame Prep,
Liam Kinneen,Princeton,2025,76,210,R,R,Fr.,"Lexington, Mass.",Boston College HS,
Will Robbins,Princeton,2025,74,200,R,R,Fr.,"Hillsborough, Calif.",Burlingame,
Kaden Kram,Princeton,2025,73,190,R,R,Sr.,"Sugar Land, Texas",Fort Bend Christian Academy,
Sean Episcope,Princeton,2025,72,210,R,R,So.,"Chicago, Ill.",Latin School of Chicago,
Ethan Hsu,Princeton,2025,76,205,R,R,Jr.,San Ramon Calif.,Dougherty Valley,
Andrew D'Alessio,Princeton,2025,73,200,R,R,Sr.,"Staten Island, N.Y.",Xavier,
Elliott Eaton,Princeton,2025,77,210,R,R,So.,"Washington, D.C.",St. Albans,
Jake Kernodle,Princeton,2025,76,205,R,R,So.,"Charlotte, N.C.",Charlotte Catholic,
Jordan Kelly,Princeton,2025,76,205,L,R,Sr.,"Missouri City, Texas",Fort Bend Christian Academy,
Caden Shapiro,Princeton,2025,72,210,L,L,Sr.,"Toronto, Ont.",Upper Canada College,
Jay Mentink,Princeton,2025,71,195,L,R,So.,"Lake Tapps, Wash.",Sumner,
Jacob Faulkner,Princeton,2025,73,215,R,R,Sr.,"Venice, Fla.",Venice,
JD Ortiz,Quincy,2025,70,195,L,R,Sr.,"Kerman, CA",,Southern Illinois University
Joe Huffman,Quincy,2025,70,185,,,Jr.,"Avon, IN",,
Jack Haggard,Quincy,2025,70,180,L,L,So.,"Key West, FL",,
John Nisbet,Quincy,2025,70,195,,,Fr.,"Eureka, MO",,
Harry Fandre,Quincy,2025,74,225,L,R,R-Fr.,"Willowbrook, IL",,
Jake Vitale,Quincy,2025,70,195,L,R,Sr.,"St. Louis, MO",,Parkland College
Matt Mateo,Quincy,2025,72,195,R,L,Jr.,"Kissimmee, FL",,Black Hawk College
Isaiah Fudge,Quincy,2025,73,185,L,R,So.,"San Marcos, CA",,
Byron Blaise,Quincy,2025,73,210,R,R,Jr.,"Sycamore, IL",,John Wood Community College
David Broughton,Quincy,2025,74,200,R,R,So.,"Fenton, MO",,
Evan Davis,Quincy,2025,72,225,R,R,So.,"Waterloo, IL",,
Lucas Booth,Quincy,2025,67,195,,,Fr.,"Marion, IA",,
Ben Dahlof,Quincy,2025,70,180,R,L,Jr.,"Roseville, MN",,
Cole Erickson,Quincy,2025,74,215,R,R,Jr.,"Woodbury, MN",,
Seth West,Quincy,2025,72,200,R,R,Gr.,"Orion, IL",,Black Hawk College
Brett Panick,Quincy,2025,77,220,L,L,Gr.,"Chicago, IL",,
Kyle Manship,Quincy,2025,74,180,R,R,So.,"Fishers, IN",,
Quinn Schultz,Quincy,2025,72,205,L,R,Jr.,"Wolverine, MI",,Mott Community College
Carson Moreno,Quincy,2025,73,225,R,R,Jr.,"Miami, FL",,John Wood Community College
David Kelliher,Quincy,2025,73,160,S,R,Sr.,"Dallas, GA",,UVA Wise
Kobe Essien,Quincy,2025,75,185,R,R,Sr.,"Mahomet,IL",,
Leyton Parmer,Quincy,2025,72,170,R,R,So.,"Tampa, FL",,
Tim Reinholz,Quincy,2025,75,215,R,L,Sr.,"Waterloo, IL",,
Kade Ruffner,Quincy,2025,77,190,R,R,R-So.,"Bryant, AR",,Purdue University
Ben Draeger,Quincy,2025,71,215,R,R,Sr.,"Morton, IL",,Lincoln Land Community College
Alex Pickus,Quincy,2025,74,225,S,L,R-Jr.,"Millstadt, IL",,
Dylan Graw,Quincy,2025,72,195,R,R,Jr.,"Victoria, Canada",,Highland Community College
Chase Golden,Quincy,2025,70,185,L,R,Jr.,"Indianapolis, IN",,Western Illinois University
Connor Cox,Quincy,2025,74,240,L,L,R-So.,"Des Moines, IA",,Ellsworth Community College
Michael Alvarez,Quincy,2025,75,240,R,R,R-Jr.,"Atlanta, GA",,University of Hartford
Logan Mueller,Quincy,2025,73,190,R,R,R-So.,"Columbia, IL",,
Brandon Pickus,Quincy,2025,73,210,L,R,R-Jr.,"Millstadt, IL",,
Matthew Brummer,Quincy,2025,74,220,R,R,R-Fr.,"Decatur, IL",,
Adyn Collins,Quincy,2025,68,190,L,L,R-Fr.,"Evansville, IN",,
Eli Dyer,Quincy,2025,74,200,L,L,So.,"Carbondale, IL",,
Sam Birkenmeier,Quincy,2025,74,220,R,R,So.,"Lake Saint Louis, MO",,
Roman Harrison,Quincy,2025,75,250,L,L,Jr.,"Mt. Vernon, IL",,
Lincoln Bergman,Quincy,2025,75,190,,,Fr.,"Franklin, TN",,
Carson Mullen,Quincy,2025,75,220,,,Fr.,"Steelville, MO",,
Tom Conzemius,Quincy,2025,69,190,L,L,Gr.,"Deerfield, IL",,
Josh Hempelman,Quincy,2025,77,215,R,R,Sr.,"Parker, CO",,
Alexander Clark,Quincy,2025,71,185,,,Fr.,"Glencoe, IL",,
Alex Connoyer,Quincy,2025,76,215,R,R,So.,"Quincy, IL",,
Eli Emery,Quincy,2025,74,190,R,R,Fr.,"Mount Juliet, TN",,
Mason Goeggel,Quincy,2025,76,215,,,So.,"St. Louis, MO",,
Luke Howard,Quincy,2025,78,200,,,Fr.,"Lenexa, KS",,
Lucas Ladenthin,Quincy,2025,74,190,,,Jr.,"Kansas City, MO",,
Brady Lowe,Quincy,2025,72,175,,,Fr.,"Quincy, IL",,
Blake Maes,Quincy,2025,71,185,,,Sr.,"Red Bud, IL",,
Matt Miscik,Quincy,2025,71,240,R,R,Jr.,"Highland, IL",,Lincoln Land Community College
Jalen Moraga,Quincy,2025,68,170,,,Fr.,"Des Plaines, IL",,
Jace Ruffner,Quincy,2025,75,185,,,Fr.,"Bryant, AR",,
Nick Sawyer,Quincy,2025,70,175,,,Fr.,"Overland Park, KS",,
Aaron Smith,Quincy,2025,72,185,,,Jr.,"Saint Francis, MN",,
Joey Westerhoff,Quincy,2025,72,200,,,Jr.,"Channahon,IL",,
Luke Wilson,Quincy,2025,68,170,,,So.,"Springfield, IL",,
Gabe Wright,Quinnipiac,2025,69,185,R,R,Jr.,"Indianapolis, IN",Brebeuf Jesuit Prep,
Christian Smith,Quinnipiac,2025,72,205,R,R,Jr.,"Fairfield, Conn.",Fairfield Ludlowe,
Sean McCulloch,Quinnipiac,2025,69,185,L,R,Gr.,"Berkeley Heights, N.J.",Governor Livingston,
Johnny Knox,Quinnipiac,2025,70,,R,R,Gr.,"Jefferson, N.J.",Jefferson Township,
J.C. Franconere,Quinnipiac,2025,74,185,L,L,FY,"Sparta, N.J.",Pope John XXIII,
Kyle Garbowski,Quinnipiac,2025,75,195,L,R,So.,"New Fairfield, Conn.",New Fairfield,
Alex Irizarry,Quinnipiac,2025,70,175,L,R,Jr.,"Tolland, Conn.",East Catholic,
Mason Ulsh,Quinnipiac,2025,69,175,R,R,Sr.,"Auburn, Pa.",Schuylkill Haven,
Sam Wright,Quinnipiac,2025,74,195,R,R,FY,"Ardmore, Pa.",Lower Merion,
Josh Lajoie,Quinnipiac,2025,72,200,R,R,R-Jr.,"Taunton, Mass.",Taunton,
Ryan O'Connell,Quinnipiac,2025,78,240,R,R,Gr.,"Waterford, Conn.",Waterford,
CJ Willis,Quinnipiac,2025,73,235,R,R,Sr.,"Auburn, Mass.",Bridgton Academy,
Austin Ludwig,Quinnipiac,2025,71,195,L,L,FY,"Schwenksville, P.A.",Spring-Ford,
Jack Kabel,Quinnipiac,2025,71,190,L,L,Gr.,"East Haven, Conn.",East Haven,
Ryan Hutchinson,Quinnipiac,2025,73,205,R,R,Sr.,"Hamilton, Mass.",Hamilton–Wenham,
Griffin Seibel,Quinnipiac,2025,73,185,R,R,R-FY,"Glen Ridge, N.J.",Glen Ridge,
Cole Constable,Quinnipiac,2025,70,,R,R,R-FY,"Erie, Pa.",Cathedral Prep,
Ian Nilsen,Quinnipiac,2025,76,215,R,R,FY,"Easton, Conn.",Joel Barlow,
Christian Nilsen,Quinnipiac,2025,76,215,R,R,FY,"Easton, Conn.",Joel Barlow,
Luke Zeisloft,Quinnipiac,2025,71,185,,,Jr.,"Bloomsburg, Pa.",Central Columbia,
Mike Poncini,Quinnipiac,2025,76,200,R,R,Jr.,"Hebron, Conn.",RHAM,
Matt Park,Quinnipiac,2025,71,185,R,R,FY,"Bridgewater, N.J.",Gill St. Bernard's,
Jack Gannon,Quinnipiac,2025,76,200,R,R,Sr.,"Warwick, R.I.",La Salle Academy,
Jack Bryan,Quinnipiac,2025,75,230,R,R,Sr.,"Gallatin, T.N.",Beech,
Sebastian Mueller,Quinnipiac,2025,73,215,R,R,Gr.,"Pottersville, N.J.",St. Joseph (Metuchen),
Matt Alduino,Quinnipiac,2025,72,175,L,L,Jr.,"Yorktown Heights, N.Y.",Yorktown,
Nick Balcom,Quinnipiac,2025,75,,R,R,So.,"Camden, N.Y.",Camden,
James Marino,Quinnipiac,2025,75,190,L,R,Sr.,"Milford, Conn.",Jonathan Law,
James Fahan,Quinnipiac,2025,73,215,R,R,So.,"Stamford, Conn.",Stamford,
Sam Ametrano,Quinnipiac,2025,67,150,L,L,So.,"Guilford, Conn.",Guilford,
Andrew Rubayo,Quinnipiac,2025,79,230,R,R,Jr.,"Skillman, N.J.",The Peddie School,
Brady Powell,Radford,2025,68,175,R,R,R-So.,"Lusby, Md.",,
Eli Hudgins,Radford,2025,71,,S,R,Fr.,"Powdersville, South Carolina",,
Noah Toole,Radford,2025,73,170,S,R,Fr.,"Vienna, Virginia",,
Cody Bradt,Radford,2025,71,185,L,R,Fr.,"Bluffton, S.C.",,
Jaxon Kehoe,Radford,2025,70,155,,,Fr.,"Philadelphia, Pa.",,
Tyler Kehoe,Radford,2025,71,190,L,L,R-Sr.,"Philadelphia, Penn.",,
Jhonkeanu Perez,Radford,2025,72,170,L,L,R-Sr.,"New York, N.Y.",,
Jacob Flicek,Radford,2025,69,160,R,R,Sr.,"Hampton, Va.",,
Mason Hatcher,Radford,2025,74,170,R,R,Fr.,"South Boston, Va.",,
Hunter Howard,Radford,2025,74,205,R,R,Fr.,"Greenville, S.C.",,
Hunter Keen,Radford,2025,72,175,R,R,Sr.,"Palatka, Fla.",,
James Ward,Radford,2025,71,190,R,R,Gr.,"Queensbury, N.Y.",,
Corbin Grantham,Radford,2025,70,180,R,L,R-Sr.,"Gainesville, Fla",,
Jack McDonald,Radford,2025,70,175,R,R,Fr.,"Ashburn, Va.",,
Nick Petit,Radford,2025,75,200,R,R,R-Sr.,"Rock Hill, S.C.",,
Trey Way,Radford,2025,70,185,R,R,Jr.,"Asheboro, N.C.",,
Brady Whitacre,Radford,2025,67,180,R,R,Sr.,"Short Gap, W.V.",,
Trey Ludy,Radford,2025,73,170,R,R,So.,"Roanoke, Va.",,
Drew Biggerstaff,Radford,2025,69,175,R,R,R-Sr.,"Kent, Washington",,
Mason Self,Radford,2025,75,212,R,R,So.,"Christiansburg, Va.",,
Zack Mallia,Radford,2025,77,,,,R-Sr.,"Crozet, Virginia",,
Noah Arnett,Radford,2025,75,200,R,R,So.,"Pinehurst, N.C.",,
Carter Richardson,Radford,2025,70,170,R,R,Fr.,"Dry Fork, Va.",,
Kyle Crisp,Radford,2025,71,195,S,R,Fr.,"Kennesaw, Ga.",,
Ben Keefe,Radford,2025,74,180,L,L,Jr.,"Sandy Spring, Md.",,
Cameron Cole,Radford,2025,72,,R,R,Fr.,"Bridgeport, W.Va.",,
Zach Paczewski,Radford,2025,70,180,R,R,Fr.,"Dallas, Pa.",,
Clay Clatterbaugh,Radford,2025,77,200,R,R,R-Jr.,"Christiansburg, Va.",,
Breckin Nace,Radford,2025,76,205,L,L,So.,"Forest, Va.",,
Tyler Sparrer,Radford,2025,73,205,R,R,R,"Christiansburg, Va.",,
Matthew McGovern,Radford,2025,71,165,R,R,Fr.,"Chester, Va.",,
Ian Hubbard,Radford,2025,72,190,L,L,R,"Oak Ridge, Tenn.",,
Andrew Steinhaus,Radford,2025,75,200,R,R,So.,"Middletown, Del.",,
Will Rice,Radford,2025,72,175,R,R,Sr.,"Suffolk, Virginia",,
Matthew Lefevers,Radford,2025,76,205,R,R,Fr.,"Hickory, N.C.",,
Raymond Ladd,Radford,2025,78,240,R,R,So.,"Danville, Va.",,
Drew Stanley,Radford,2025,74,190,R,R,Sr.,"Chesapeake, Virginia",,
Oakley Aguilar,Radford,2025,67,168,S,R,Fr.,"Hanahan, S.C.",,
Jimmy Lovelace,Radford,2025,73,220,R,R,So.,"Wake Forest, N.C.",,
Joshua Milleville,Radford,2025,71,175,R,R,Jr.,"Lockport, N.Y.",,
Jake Burgess,Redlands,2025,70,180,,,Sr.,"Riverside, Calif",Poly,
Bubba Correa,Redlands,2025,71,165,,,Jr.,"Redlands, Calif.",Redlands East Valley,Westmont College
Nathan Buchan,Redlands,2025,70,170,,,Sr.,"Mercer Island, Wash.",Mercer Island,
Luke De Vries,Redlands,2025,69,165,,,Gr.,"Irvine, Calif.",Woodbridge,
CJ Brown,Redlands,2025,70,175,,,Sr.,"Jamul, Calif.",Diego Valley East,San Diego City College
Tyler Preece,Redlands,2025,72,195,,,Sr.,"Bellevue, Wash.",O'Dea,Incarnate Word
Tanner Currier,Redlands,2025,70,155,,,Fr.,"Brawley, Calif.",Brawley Union,
Miles Lu,Redlands,2025,71,175,,,So.,"San Jose, Calif.",Leigh,
Joe Godoy,Redlands,2025,72,175,,,Sr.,"Los Angeles, Calif.",Cathedral,
Tyler Barsness,Redlands,2025,66,170,,,Fr.,"Palm Desert, Calif.",Palm Desert,
Kaiya Saito,Redlands,2025,70,180,,,Gr.,"Bellevue, Wash.",Bellevue,
John Hernandez,Redlands,2025,68,180,,,So.,"Fontana, Calif.",Summit,
Will Cell,Redlands,2025,72,190,,,Sr.,"West Seattle, Wash.",West Seattle,
Jack Brown,Redlands,2025,72,180,,,Sr.,"San Diego, Calif.",Westview,
Nate Miller,Redlands,2025,71,195,,,So.,"San Jose, Calif.",Leigh,
Karlsen Drake,Redlands,2025,71,180,,,Fr.,"San Diego, Calif.",Maranatha Christian,
Phillip Economos,Redlands,2025,77,190,,,Fr.,"Ivins, Utah",Edison,
Luke Hanson,Redlands,2025,74,190,,,Jr.,"Escondido, Calif.",San Pasqual,
Gabriel Ceja,Redlands,2025,73,210,,,Sr.,"Long Beach, Calif.",Millikan,
Ian Umscheid,Redlands,2025,69,185,,,Jr.,"Beaumont, Calif.",Beaumont,
Kethan Efron,Redlands,2025,72,180,,,Jr.,"Las Vegas, Nev.",Coronado,
Aziz Bishop,Redlands,2025,73,195,,,Fr.,"Baltimore, Md.",Towson,
Sebastian Mejorado,Redlands,2025,73,200,,,Sr.,"Oceanside, Calif.",El Camino,
Sean McCance,Redlands,2025,75,185,,,Jr.,"Irvine, Calif.",Woodbridge,
Gavin Duenez,Redlands,2025,70,175,,,So.,"Redlands, Calif.",Redlands,
Mark Kirkland,Redlands,2025,77,230,,,Gr.,"Redlands, Calif.",Redlands East Valley,"Prairie View A&M, Winthrop, Cal Baptist"
Rylan Morris,Redlands,2025,72,180,,,Fr.,"Fullerton, Calif.",Sunny Hills,
Brett Edwards,Redlands,2025,77,220,,,Jr.,"Santa Monica, Calif.",Santa Monica,Cal Poly San Luis Obispo
Cade McClelland,Redlands,2025,77,220,,,Sr.,"San Juan Capistrano, Calif.",Mission Viejo,
Mason Chetcuti,Redlands,2025,71,220,,,So.,"Redwood City, Calif.",Sacred Heart Prep,
Kyler Bacosa,Redlands,2025,76,215,,,Jr.,"San Jose, Calif.",Bellarmine College Prep,
Erik Radder,Redlands,2025,76,190,,,Jr.,"San Diego, Calif.",Patrick Henry,San Diego City College
Neal Baron,Redlands,2025,72,220,,,Fr.,"Mercer Island, Wash.",Mercer Island,
Ethan Day,Reinhardt,2025,68,150,R,R,Fr.,"Suwanee, GA",Lambert HS,
Hayes Bryant,Reinhardt,2025,72,160,L,L,Fr.,"Macon, GA",1st Presbyterian Day HS,
Adam Harris,Reinhardt,2025,69,160,L,L,Fr.,"Melbourne, Australia",Umpqua CC,
Adrian Vargas,Reinhardt,2025,68,160,L,L,Sr.,"Caracas, VZ",Indian Hills CC,
Easton Sears,Reinhardt,2025,68,155,R,R,Fr.,"Canton, GA",Young Harris,
Louis Dion,Reinhardt,2025,71,185,L,R,Fr.,"Henderson, NV",Coronado HS,
Miguel Salazar,Reinhardt,2025,73,170,R,R,Jr.,"Caracas, VZ",Indian Hills CC,
Luca Boscarino,Reinhardt,2025,70,195,R,R,Sr.,"Mississauga, Ontario",Incarnate World,
Logan Lynch,Reinhardt,2025,73,180,R,R,Jr.,"Cartersville, GA",Marshalltown CC,
Robert Phelps,Reinhardt,2025,70,180,R,R,Jr.,"Pittsburgh, PA",Harford,
Cade Chamlee,Reinhardt,2025,73,170,R,R,Jr.,"McDonough, GA",Chattanooga State CC,
Jacob Mantooth,Reinhardt,2025,72,190,R,R,Gr.,"Marietta, GA",Brewton Parker,
Ethan Moore,Reinhardt,2025,72,175,R,R,Fr.,"Suwanee, GA",Collins Hill HS,
Eli Clotfelter,Reinhardt,2025,70,175,R,R,Sr.,"Indianapolis, IN",Vol State CC,
Juan Pablo Morales,Reinhardt,2025,70,190,S,R,Jr.,"Trussville, AL",Wallace State,
Dryden Howse,Reinhardt,2025,74,215,L,R,Jr.,"Okotoks, Alberta Canada",Barton CC,
Blake Myers,Reinhardt,2025,75,185,R,R,Fr.,"Ball Ground, GA",Cherokee HS,
Dylan Martin,Reinhardt,2025,74,160,S,R,RFr.,"Dallas, GA",USC Union,
Ben Medley,Reinhardt,2025,75,185,R,R,Sr.,"Marietta, GA",East Georgia CC,
James Tilley,Reinhardt,2025,73,175,R,R,Fr.,"Jasper, GA",Pickens HS,
Brock Weiss,Reinhardt,2025,75,165,R,R,RSo.,"Parker, CO",Univ. of Colorado - Colorado Springs,
Ryan Mahoney,Reinhardt,2025,73,215,R,R,So.,"Loganville, GA",Grayson,
Tate Dearing,Reinhardt,2025,74,215,R,R,Jr.,"Surrey, British Columbia",Antelope Valley,
Ryan Stephens,Reinhardt,2025,72,185,R,R,Sr.,"Marietta, GA",Cleveland State CC,
Hunter Paulsen,Reinhardt,2025,73,200,R,L,Sr,"ACWORTH, GA",ALLATOONA HS,
Cannon Dorsey,Reinhardt,2025,76,190,L,R,So.,"Columbia, SC",Anderson University,
Timothy Pate,Reinhardt,2025,73,205,R,R,Fr.,"Cary, NC",Brunswick CC,
Nash Crowell,Reinhardt,2025,72,215,R,R,Sr.,"Yarmouth, Nova Scotia",Bismarck CC,
Barry Eiseman,Reinhardt,2025,73,215,L,R,Sr.,"Palm Harbor, FL",Bismark CC,
Andrew Herbert,Reinhardt,2025,78,225,R,R,Sr.,"SAN CLEMENTE, CA",SADDLEBACK CC,
Adam Christopher,Reinhardt,2025,75,165,R,R,RSo.,"Porter Ranch, CA",Loyola Maramount,
Aiden Boileau,Reinhardt,2025,74,185,R,R,Fr.,"Cumming, GA",Daytona State CC,
Cedric Cullars,Reinhardt,2025,74,180,R,R,Jr.,"Appling, GA",Harlem HS,
Brett Allen,Reinhardt,2025,77,195,R,R,Sr.,"Newcastle, Australia",Barton CC,
Tyler Waddell,Reinhardt,2025,75,195,R,R,Fr.,"Powder Springs, GA",Praise Christian Academy,
Woody Barks,Reinhardt,2025,69,210,R,R,Sr.,"Watkinsville, GA",North Oconee HS,
Evan Venable,Reinhardt,2025,76,220,R,R,Sr.,"Roswell, GA",Chattanooga State CC,
Brent Turley,Reinhardt,2025,74,225,R,R,Sr.,"Prattville, AL",West Alabama,
Zavier Cahill,Reinhardt,2025,67,155,R,R,Fr.,"Marietta, GA",Hillgrove HS,
Tyler Forester,Reinhardt,2025,69,190,L,R,Fr.,"Rock Springs, GA",Gordon Lee Memorial,
Dash McBride,Reinhardt,2025,72,165,R,R,Fr.,"Buford, GA",Lanier HS,
Francisco Nahr,Reinhardt,2025,75,235,R,R,RFr.,"Panama City, Panama",Colegio Universal de Panama,
Luis Rodriguez,Reinhardt,2025,72,150,R,R,So.,"Acworth, GA",Etowah HS,
Landon Estes,Reinhardt,2025,70,190,,,Fr.,"Dallas, GA",North Paulding HS,
Matt Luciano,Reinhardt,2025,74,175,,,Fr.,"Kennesaw, GA",Sprayberry HS,
Marshall Stone,Reinhardt,2025,68,165,,,Fr.,"Acworth, GA",Allatoona HS,
Maddox Keo,Rice,2025,69,160,,,Fr.,"Willis, Texas",Willis,
Cole Green,Rice,2025,72,175,,,Fr.,"Indian Trail, North Carolina",Sun Valley,
Max Johnson,Rice,2025,73,192,,,Sr.,"Mason, Ohio",Mason,
Blaine Brown,Rice,2025,75,180,,,Fr.,"Pearland, Texas",Shadow Creek,
Treyton Rank,Rice,2025,72,210,,,Sr.,"Buford, Georgia",Buford,
Michael Zito,Rice,2025,73,192,,,Fr.,"Milton, Georgia",Blessed Trinity Academy,
Trey Duffield,Rice,2025,75,229,,,Jr.,"Houston, Texas",Strake Jesuit,
Colin Robson,Rice,2025,74,185,,,R-Fr.,"Southlake, Texas",Southlake Carroll,
Austin Eppley,Rice,2025,73,207,,,Jr.,"Jacksonville, Florida",Episcopal,
Jack Ben-Shoshan,Rice,2025,72,200,,,Sr.,"Houston, Texas",St. John's,
Reed Gallant,Rice,2025,73,193,,,Gr.,"Flower Mound, Texas",Marcus H.S.,
Paul Smith,Rice,2025,71,218,,,Jr.,"Houston, Texas",Episcopal,
Luke Smith,Rice,2025,69,188,,,Jr.,"Corpus Christi, Texas",Callallen,
Garrett Stratton,Rice,2025,74,198,,,Jr.,"Houston, Texas",Strake Jesuit,
Graiden West,Rice,2025,75,185,,,Sr.,"Katy, Texas",Tompkins,
Aric Anderson,Rice,2025,72,205,,,Jr.,"Las Vegas, Nevada",Palo Verde,
Gunnett Carlson,Rice,2025,70,208,,,Jr.,"Tampa, Florida",Berkely Prep,
Tobias Motley,Rice,2025,74,201,,,So.,"Houston, Texas",Cy Ranch,
Javier Vazquez,Rice,2025,73,195,,,R-Fr.,"Ponce, Puerto Rico",IMG Academy,
Jacob Devenny,Rice,2025,71,200,,,Jr.,"Prosper, Texas",Prosper,
Ethan Atchley,Rice,2025,72,180,,,Fr.,"Heath, Texas",Rockwall,
Barrett Eldridge,Rice,2025,75,212,,,Jr.,"Atlanta, Georgia",Walton,
Landon West,Rice,2025,75,213,,,So.,"Katy, Texas",Tompkins,
J.D. McCracken,Rice,2025,75,211,,,Sr.,"Murfreesboro, Tennessee",,
Marco Fuentes,Rice,2025,74,210,,,R-Jr.,"Miami, Florida",Belen Jesuit,
Mark Perkins,Rice,2025,73,207,,,Sr.,"Houston, Texas",Stratford,
Nolan Roycraft,Rice,2025,77,226,,,Fr.,"The Woodlands, Texas",The Woodlands,
Micah Davis,Rice,2025,75,226,,,Sr.,"Baytown, Texas",home school,
Tom Vincent,Rice,2025,75,237,,,R-Sr.,"Houston, Texas",Memorial,
Davion Hickson,Rice,2025,74,208,,,Jr.,"Palmetto, Florida",IMG Academy,
Matthew Rheaume,Rice,2025,77,221,,,R-Jr.,"Houston, Texas",Memorial,
Von Baker,Rice,2025,78,232,,,Gr.,"St. Johnsonville, New York",OESJ,
Lorenzo Rios,Rice,2025,74,205,,,Jr.,"Yorkville, Illinois",Yorkville,
Tucker Alch,Rice,2025,77,217,,,Gr.,"Houston, Texas",St. Thomas,
Hiram Bocachica Jr.,Rice,2025,67,155,,,Fr.,"Bayamón, Puerto Rico",Puerto Rico Baseball Academy,
Robert Fernandez,Rice,2025,72,214,,,Sr.,"Miami, Florida",Belen Jesuit,
Caleb Williams,Rice,2025,74,208,,,R-Fr.,"Bethlehem, North Carolina",Alexander Central,
Jackson Blank,Rice,2025,74,208,,,So.,"Magnolia, Texas",West,
Matt Zatopek,Rice,2025,75,210,,,Fr.,"Cypress, Texas",Houston Christian,
Jan Avila,Rutgers,2025,75,200,R,R,Jr.,"Bayamón, Puerto Rico",PR Baseball Academy,
Charles Batista,Rutgers,2025,76,220,R,R,Fr.,"Weehawken, N.J.",The Hun School,
Quinn Berglin,Rutgers,2025,74,195,R,R,Gr.,Pewaukee. Wis.,Pewaukee,
Peyton Bonds,Rutgers,2025,77,225,R,R,So.,"Franklin, N.J.",Franklin,
Ryan Bradley,Rutgers,2025,71,200,L,L,Gr.,"Peabody, Mass.",St. John's Prep,
Jared Carlucci,Rutgers,2025,76,220,R,R,Fr.,"South Orange, N.J.",Columbia,
Yomar Carreras,Rutgers,2025,72,190,S,R,Fr.,"North Brunswick, N.J.",North Brunswick Township,
Matt Chatelle,Rutgers,2025,76,225,R,R,Jr.,"Stoneham, Mass.",Austin Prep,
Caden Christman,Rutgers,2025,73,200,R,R,Fr.,"Apex, N.C.",PRO5 Academy,
Trevor Cohen,Rutgers,2025,73,195,L,L,Jr.,"Brigantine, N.J.",Holy Spirit,
Matthew Cruz,Rutgers,2025,71,175,R,R,Fr.,"Bellmore, N.Y.",Saint Dominic,
Ty Doucette,Rutgers,2025,74,205,L,R,So.,"Dartmouth, N.S.",TNXL Academy [Fla.],
Jordan Falco,Rutgers,2025,78,220,R,R,Sr.,"Center Moriches, N.Y.",Center Moriches,
Luke Fithian,Rutgers,2025,74,240,R,R,Fr.,"Stow Creek, N.J.",Cumberland County Tech,
Mark Gialluisi,Rutgers,2025,70,190,R,R,R-Fr.,"Westfield, N.J.",Saint Joseph [Metuchen],
Zach Gleason,Rutgers,2025,74,215,R,R,Sr.,"Gadsden, Ala.",Timberlane Regional [N.H.],
Connor Grotyohann,Rutgers,2025,76,230,R,R,Jr.,"Stockholm, N.J.",Pope John XXIII,
Hunter Hoxie,Rutgers,2025,70,195,R,L,Fr.,"Milford, Conn.",Jonathan Law,
Brennan Hyde,Rutgers,2025,71,170,R,R,Gr.,"Tampa, Fla.",Chamberlain,
Cameron Johnson,Rutgers,2025,72,190,L,L,Fr.,"Burlington, Ont.",TNXL Academy [Fla.],
RJ Johnson Jr.,Rutgers,2025,71,190,L,L,Sr.,"Franklinton, N.C.",Kerr-Vance Academy,
JD Jones,Rutgers,2025,72,200,R,R,Sr.,"Boulder, Colo.",Fairview,
Tyler Kane,Rutgers,2025,69,165,R,R,R-So.,"Manalapan, N.J.",Manalapan,
Jack Kirchner,Rutgers,2025,76,225,R,R,R-Fr.,"Moorestown, N.J.",Bishop Eustace,
Zack Konstantinovsky,Rutgers,2025,74,215,R,R,So.,"North Brunswick, N.J.",North Brunswick Township,
Landon Mack,Rutgers,2025,73,200,S,R,Fr.,"Columbus, N.J.",Bishop Eustace,
Joe Mazza,Rutgers,2025,75,215,R,L,Sr.,"Manalapan, N.J.",Manalapan,
Evan McCoach,Rutgers,2025,69,205,L,L,Fr.,"Philadelphia, Pa.",Neumann Goretti,
Nolan Peel,Rutgers,2025,71,190,R,R,Fr.,"Landenberg, Pa.",The Tome School [Md.],
Preston Prince,Rutgers,2025,77,235,L,L,Jr.,"Hilton, N.Y.",Hilton,
Andrew Rondini,Rutgers,2025,72,195,R,R,Fr.,"New Milford, Conn.",Canterbury,
Dillon Ryan,Rutgers,2025,72,205,R,R,Gr.,"Sandwich, Mass.",Sandwich,
Pablo Santos,Rutgers,2025,72,205,R,R,Jr.,"Jersey City, N.J.",Don Bosco Prep,
Justin Shadek,Rutgers,2025,78,235,R,R,R-Fr.,"Kinnelon, N.J.",Seton Hall Prep,
Jack Sweeney,Rutgers,2025,72,200,R,R,Fr.,"Cream Ridge, N.J.",Allentown,
JT Thompson,Rutgers,2025,69,160,L,R,Jr.,"Abilene, Texas",Wylie,
Mike Timberlake,Rutgers,2025,79,225,R,R,Jr.,"Millstone, N.J.",Allentown,
Nick Tomasetto,Rutgers,2025,70,195,R,R,R-Fr.,"West Deptford, N.J.",West Deptford,
