Team,Player,Pitch Type,Pitches,BBE,EV,EV 90,Max EV,HH%,LA,HH LA,SwSpot%,Barrel%,Barrels,BA,xBA,wOBA,xwOBA,GB%,FB%,LD%,Swing%,Z-Swing%,Z-Contact%,Chase%,Whiff%,SD+
Emory & Henry,Ky Gregoire,All,67,11,90.0,99.2,99.4,45.5%,13.3°,19.6°,54.5,0.0%,0,0.833,.437,0.969,.577,36.4%,18.2%,45.5%,31.3%,60.0%,94.4%,8.1%,9.5%,164.0
Westmont,Tanner Beltowski,All,54,9,97.2,104.3,105.4,66.7%,17.9°,23.5°,77.8,33.3%,3,0.667,.609,0.854,.844,11.1%,44.4%,44.4%,33.3%,71.4%,86.7%,9.1%,16.7%,176.0
CSU San Bernardino,Eddie Alfaro,All,62,11,89.4,99.2,100.3,36.4%,20.2°,18.0°,90.9,0.0%,0,0.636,.585,0.822,.680,9.1%,27.3%,63.6%,43.5%,68.0%,100.0%,27.0%,7.4%,128.0
Manhattan,Hunter Sute,All,45,11,85.0,98.9,102.2,18.2%,8.1°,18.7°,45.5,9.1%,1,0.667,.429,0.817,.484,45.5%,27.3%,27.3%,35.6%,58.3%,92.9%,9.5%,6.2%,113.0
Young Harris,Jackson Morgan,All,66,15,98.0,108.1,109.3,66.7%,14.2°,13.3°,53.3,26.7%,4,0.6,.411,0.812,.591,33.3%,26.7%,40.0%,45.5%,69.0%,100.0%,27.0%,10.0%,109.0
Florida A&M,Jackson McKenzie,All,84,14,93.9,103.7,104.4,64.3%,18.5°,21.3°,35.7,7.1%,1,0.611,.339,0.809,.500,21.4%,35.7%,35.7%,36.9%,57.9%,90.9%,19.6%,16.1%,112.0
UNC Pembroke,Daniel Stephens,All,44,8,92.5,100.6,101.1,62.5%,-3.9°,2.8°,25.0,0.0%,0,0.75,.510,0.792,.556,75.0%,0.0%,25.0%,34.1%,64.7%,90.9%,14.8%,6.7%,159.0
Wichita State,Max Kaufer,All,224,33,97.1,106.7,110.8,72.7%,23.5°,18.6°,69.7,30.3%,10,0.512,.477,0.789,.691,15.2%,33.3%,48.5%,32.1%,54.0%,91.5%,18.2%,22.2%,105.0
Young Harris,Carlos Martans,All,64,12,95.1,104.9,106.0,50.0%,19.3°,15.8°,58.3,8.3%,1,0.615,.481,0.751,.613,8.3%,25.0%,66.7%,29.7%,58.3%,100.0%,12.5%,10.5%,160.0
Pomona-Pitzer,Kai Gonzaga,All,178,28,89.7,102.8,103.7,32.1%,15.3°,10.5°,50.0,7.1%,2,0.5,.299,0.744,.504,32.1%,21.4%,32.1%,28.1%,46.3%,93.5%,17.1%,16.0%,148.0
Siena,Owen Pincince,All,32,5,88.5,93.9,95.4,20.0%,19.2°,16.8°,60.0,0.0%,0,0.6,.558,0.729,.622,20.0%,20.0%,60.0%,31.2%,50.0%,100.0%,7.1%,10.0%,85.0
Fairleigh Dickinson,Jeremy Delamota,All,72,12,88.6,102.2,105.3,33.3%,9.8°,17.3°,50.0,8.3%,1,0.467,.341,0.709,.441,33.3%,33.3%,33.3%,43.1%,71.4%,96.0%,16.2%,9.7%,107.0
Young Harris,Jack Enrico,All,58,18,86.0,99.4,102.0,33.3%,12.1°,11.2°,38.9,0.0%,0,0.611,.408,0.702,.465,44.4%,16.7%,33.3%,48.3%,70.0%,100.0%,36.8%,0.0%,40.0
Rhodes,Cooper Angilly,All,36,8,86.4,100.7,102.0,25.0%,3.3°,9.1°,50.0,0.0%,0,0.714,.350,0.698,.447,50.0%,12.5%,37.5%,33.3%,60.0%,100.0%,14.3%,8.3%,117.0
California Lutheran,Daniel Orozco,All,49,5,91.9,101.1,101.2,80.0%,-0.3°,7.8°,20.0,20.0%,1,0.5,.401,0.682,.579,60.0%,20.0%,20.0%,32.7%,52.9%,88.9%,21.9%,18.8%,93.0
Manhattan,Ryan Lordier,All,61,14,88.0,98.1,101.0,28.6%,8.0°,7.0°,57.1,0.0%,0,0.75,.432,0.662,.430,35.7%,14.3%,50.0%,42.6%,65.7%,100.0%,11.5%,3.8%,133.0
Coker,Luke Peterson,All,28,6,86.2,94.5,95.0,0.0%,-2.6°,-,33.3,0.0%,0,0.571,.398,0.662,.432,66.7%,0.0%,33.3%,35.7%,53.3%,87.5%,15.4%,20.0%,115.0
UMES,Julian Jimenez,All,73,16,91.1,97.9,102.0,43.8%,21.3°,23.4°,37.5,0.0%,0,0.421,.290,0.657,.509,25.0%,43.8%,18.8%,39.7%,65.8%,96.0%,11.4%,3.4%,88.0
UT Dallas,Kole Kinnison,All,39,6,87.0,93.5,94.5,0.0%,11.9°,-,33.3,0.0%,0,0.667,.328,0.656,.449,50.0%,16.7%,33.3%,41.0%,82.4%,100.0%,9.1%,0.0%,182.0
High Point,Caleb Hammond,All,124,22,86.8,99.8,101.3,22.7%,17.5°,12.3°,36.4,0.0%,0,0.607,.294,0.654,.367,31.8%,36.4%,31.8%,41.1%,67.8%,77.5%,16.9%,19.6%,128.0
Youngstown State,Jack Messmore,All,39,7,80.9,104.6,106.6,42.9%,1.2°,17.6°,42.9,14.3%,1,0.5,.419,0.653,.551,57.1%,28.6%,14.3%,41.0%,76.5%,84.6%,13.6%,12.5%,93.0
Missouri Baptist,Max Shabestari,All,63,5,88.7,100.4,100.6,60.0%,10.3°,15.3°,80.0,0.0%,0,0.429,.294,0.646,.516,20.0%,0.0%,80.0%,36.5%,62.1%,88.9%,14.7%,17.4%,128.0
Oklahoma,Myles Davis,All,36,6,88.8,100.7,101.3,33.3%,17.3°,22.1°,50.0,0.0%,0,0.429,.236,0.643,.411,16.7%,16.7%,50.0%,38.9%,71.4%,70.0%,18.2%,28.6%,171.0
Bryan,Brodie Genter,All,48,6,87.1,100.5,102.0,33.3%,13.8°,10.6°,16.7,0.0%,0,0.429,.278,0.625,.436,50.0%,16.7%,33.3%,50.0%,82.4%,92.9%,32.3%,12.5%,121.0
Young Harris,Drew Bray,All,73,18,87.7,104.5,104.7,38.9%,5.1°,11.2°,33.3,0.0%,0,0.474,.383,0.625,.463,55.6%,16.7%,27.8%,35.6%,71.0%,100.0%,9.5%,3.8%,134.0
Hendrix,Austin Rabago,All,75,19,83.7,97.7,99.3,26.3%,-1.8°,5.3°,26.3,0.0%,0,0.55,.364,0.624,.416,68.4%,10.5%,21.1%,42.7%,77.8%,95.2%,22.9%,15.6%,116.0
Cumberland (TN),Caleb Royer,All,69,7,92.2,99.3,99.7,42.9%,13.0°,15.3°,28.6,0.0%,0,0.333,.246,0.623,.543,42.9%,28.6%,14.3%,36.2%,70.4%,73.7%,14.3%,36.0%,128.0
William Carey,Roth John,All,41,6,90.0,97.4,98.7,50.0%,8.5°,13.3°,66.7,0.0%,0,0.714,.507,0.619,.561,33.3%,0.0%,66.7%,41.5%,63.6%,92.9%,15.8%,11.8%,120.0
Taylor,Brennan Frickel,All,96,16,83.9,97.4,105.0,31.2%,18.1°,22.8°,31.2,6.2%,1,0.444,.294,0.617,.444,43.8%,37.5%,18.8%,37.5%,74.4%,87.5%,7.5%,16.7%,144.0
Mount Olive,Malachi Gales,All,117,20,90.3,106.7,108.4,55.0%,19.2°,20.2°,50.0,40.0%,8,0.407,.335,0.615,.585,35.0%,55.0%,5.0%,47.9%,70.0%,71.4%,31.3%,35.7%,36.0
Emory & Henry,Jadden Rodriguez,All,117,16,81.3,96.2,96.6,18.8%,-0.9°,9.4°,25.0,0.0%,0,0.474,.220,0.611,.375,68.8%,18.8%,12.5%,27.4%,55.3%,90.5%,13.9%,18.8%,144.0
Gardner-Webb,Joe Stanzione,All,39,5,87.4,102.5,103.2,40.0%,21.6°,21.0°,40.0,20.0%,1,0.333,.238,0.606,.458,20.0%,60.0%,20.0%,35.9%,64.3%,88.9%,20.0%,21.4%,102.0
Emory & Henry,Rhett Barker,All,91,21,80.3,92.5,100.3,9.5%,23.7°,7.4°,38.1,0.0%,0,0.5,.310,0.603,.385,23.8%,52.4%,23.8%,58.2%,82.2%,86.5%,34.8%,22.6%,101.0
Johnson (TN),Travis Hobbensiefken,All,107,25,88.9,99.4,101.4,40.0%,11.9°,7.2°,40.0,4.0%,1,0.56,.402,0.603,.473,48.0%,16.0%,32.0%,43.9%,60.5%,95.7%,34.8%,12.8%,86.0
Duke,Cider Canon,All,222,37,92.6,108.0,109.8,45.9%,18.5°,13.9°,45.9,13.5%,5,0.452,.350,0.603,.530,24.3%,18.9%,32.4%,41.0%,79.3%,88.4%,16.3%,15.4%,125.0
Iowa Central,Ben Jones,All,61,7,89.4,107.1,111.2,42.9%,2.2°,18.3°,42.9,14.3%,1,0.444,.438,0.602,.630,42.9%,28.6%,28.6%,36.1%,70.6%,83.3%,22.7%,27.3%,151.0
Florida State,Myles Bailey,All,435,48,99.1,114.3,116.7,64.6%,16.7°,23.3°,39.6,29.2%,14,0.368,.354,0.598,.584,29.2%,39.6%,22.9%,34.3%,61.5%,75.9%,14.6%,36.2%,113.0
Pomona-Pitzer,Jack Gold,All,158,27,84.1,98.1,100.1,25.9%,9.1°,12.1°,29.6,0.0%,0,0.433,.274,0.597,.510,48.1%,18.5%,22.2%,36.1%,63.2%,88.4%,15.6%,19.3%,146.0
Manhattan,Josiah Brown,All,44,5,94.5,104.0,105.6,40.0%,16.2°,17.4°,80.0,20.0%,1,0.333,.530,0.595,.715,0.0%,40.0%,60.0%,25.0%,50.0%,100.0%,10.7%,9.1%,156.0
Fairleigh Dickinson,Hunter Ray,All,81,13,85.6,103.2,103.9,46.2%,15.5°,15.5°,23.1,0.0%,0,0.444,.287,0.595,.417,53.8%,23.1%,15.4%,48.1%,75.0%,81.0%,34.0%,30.8%,82.0
Erskine,Jacob Platt,All,48,9,88.5,98.6,99.6,33.3%,17.1°,12.7°,55.6,0.0%,0,0.571,.317,0.592,.329,33.3%,22.2%,44.4%,45.8%,78.3%,77.8%,16.0%,18.2%,140.0
UMBC,Zachary Hampton,All,80,5,93.5,100.9,102.6,40.0%,15.2°,22.5°,80.0,20.0%,1,0.364,.232,0.591,.409,20.0%,20.0%,60.0%,36.2%,56.8%,61.9%,18.6%,34.5%,91.0
Columbus State,Warrick Wilmot,All,56,12,84.6,100.6,100.9,25.0%,6.4°,25.8°,41.7,8.3%,1,0.462,.387,0.589,.477,41.7%,33.3%,25.0%,44.6%,67.9%,94.7%,21.4%,12.0%,126.0
Rider,Peter Crespo,All,221,27,85.5,105.2,107.8,48.1%,6.2°,21.6°,51.9,11.1%,3,0.389,.346,0.589,.528,37.0%,18.5%,44.4%,34.4%,61.9%,78.8%,17.5%,34.2%,128.0
Southern Wesleyan,Luke Taylor,All,58,15,82.9,100.2,102.6,33.3%,11.5°,5.1°,26.7,0.0%,0,0.533,.324,0.588,.369,46.7%,20.0%,26.7%,41.4%,76.2%,93.8%,21.6%,12.5%,94.0
Texas A&M,Ben Royo,All,119,24,89.4,101.5,108.6,33.3%,21.6°,19.6°,37.5,8.3%,2,0.5,.309,0.588,.410,37.5%,25.0%,25.0%,49.6%,68.3%,85.4%,30.5%,25.4%,76.0
Mars Hill,Alejandro Aguilar,All,33,5,88.3,99.6,101.1,40.0%,17.0°,16.6°,40.0,0.0%,0,0.5,.229,0.588,.307,40.0%,20.0%,40.0%,60.6%,73.7%,71.4%,42.9%,40.0%,120.0
Saint Joseph's,Blake Primrose,All,828,129,94.6,107.4,112.1,62.0%,26.0°,28.8°,50.4,27.9%,36,0.402,.372,0.587,.606,14.0%,53.5%,28.7%,39.1%,69.6%,86.6%,15.1%,18.2%,140.0
UVa Wise,Tanner Jones,All,74,12,70.5,92.2,98.2,8.3%,4.6°,14.5°,25.0,0.0%,0,0.462,.258,0.587,.342,66.7%,8.3%,16.7%,35.1%,60.0%,76.2%,12.8%,23.1%,130.0
Saint Mary's (CA),Brayden Gutierrez,All,89,13,95.8,102.6,103.3,61.5%,22.9°,20.3°,69.2,15.4%,2,0.333,.359,0.586,.590,7.7%,46.2%,38.5%,36.0%,69.7%,65.2%,16.1%,34.4%,157.0
Middle Georgia State,Teonis Pimentel,All,66,12,86.1,102.0,103.6,41.7%,5.2°,19.8°,50.0,16.7%,2,0.357,.378,0.586,.493,41.7%,25.0%,33.3%,30.3%,55.6%,73.3%,12.8%,25.0%,153.0
Arizona State,Landon Hairston,All,901,182,94.5,108.4,111.5,55.5%,9.4°,13.2°,34.6,17.0%,31,0.407,.387,0.584,.545,44.5%,28.6%,23.1%,43.7%,67.6%,90.7%,26.3%,15.5%,96.0
UVa Wise,Jake Smith,All,127,17,90.3,104.1,107.3,47.1%,17.2°,19.9°,47.1,35.3%,6,0.37,.275,0.58,.449,29.4%,47.1%,17.6%,35.4%,61.5%,84.4%,17.3%,20.0%,118.0
Trevecca Nazarene,Jacob Lester,All,62,11,86.9,106.5,106.7,45.5%,12.3°,20.2°,36.4,18.2%,2,0.4,.310,0.579,.474,27.3%,36.4%,27.3%,37.1%,65.5%,84.2%,12.1%,21.7%,122.0
UTSA,Broc Parmer,All,54,6,94.5,104.1,105.0,66.7%,22.0°,23.2°,50.0,16.7%,1,0.4,.302,0.579,.456,16.7%,33.3%,50.0%,44.4%,75.0%,83.3%,20.0%,25.0%,106.0
UVa Wise,Carter Babb,All,76,10,81.5,100.3,104.7,30.0%,13.1°,33.0°,30.0,10.0%,1,0.417,.238,0.578,.431,20.0%,50.0%,20.0%,43.4%,72.7%,87.5%,20.9%,18.2%,119.0
Georgia Southwestern,Evan Wainman,All,189,27,90.4,102.8,105.6,48.1%,13.1°,17.2°,37.0,7.4%,2,0.455,.389,0.576,.488,37.0%,25.9%,37.0%,43.4%,67.1%,87.8%,28.4%,20.7%,107.0
Pacific (OR),Trevor Kazahaya,All,65,6,88.3,101.5,101.8,33.3%,28.3°,19.9°,33.3,16.7%,1,0.333,.257,0.574,.481,16.7%,66.7%,16.7%,30.8%,61.9%,92.3%,15.9%,20.0%,128.0
Lenoir-Rhyne,Seth Christmas,All,193,28,89.9,101.3,105.9,39.3%,21.7°,14.8°,39.3,7.1%,2,0.394,.269,0.572,.429,32.1%,32.1%,28.6%,38.3%,67.1%,74.5%,19.7%,35.1%,114.0
Lenoir-Rhyne,Drew Beard,All,118,21,88.7,99.1,104.3,38.1%,8.9°,9.1°,33.3,0.0%,0,0.538,.285,0.57,.364,52.4%,14.3%,28.6%,44.1%,71.1%,90.6%,27.4%,19.2%,66.0
Millersville,Matthew Williams,All,88,10,86.9,104.9,106.6,40.0%,2.7°,6.8°,40.0,20.0%,2,0.429,.368,0.569,.543,50.0%,10.0%,40.0%,25.0%,43.9%,88.9%,8.5%,18.2%,85.0
Biola,Jonny Tewinkle,All,107,19,93.5,105.9,110.1,47.4%,-2.1°,5.6°,36.8,5.3%,1,0.45,.423,0.569,.534,52.6%,10.5%,36.8%,39.3%,71.1%,93.8%,16.1%,11.9%,125.0
Angelo State,Austin Beck,All,44,7,83.3,104.2,105.5,57.1%,8.8°,-,57.1,14.3%,1,0.375,-,0.568,-,28.6%,28.6%,42.9%,38.6%,77.8%,85.7%,11.5%,11.8%,
Hendrix,Shaun Pope,All,114,12,89.5,101.6,102.0,33.3%,9.5°,20.0°,58.3,8.3%,1,0.429,.310,0.568,.531,33.3%,16.7%,41.7%,25.4%,48.8%,75.0%,12.3%,31.0%,125.0
Georgia Tech,Vahn Lackey,All,996,168,93.1,108.9,111.9,60.1%,7.0°,11.8°,36.3,14.3%,24,0.416,.364,0.564,.510,48.2%,25.6%,25.0%,35.9%,56.1%,89.5%,18.9%,16.8%,101.0
Westminster (MO),Caleb Warren,All,39,6,92.0,106.2,106.8,66.7%,-2.6°,7.7°,33.3,0.0%,0,0.571,.386,0.562,.444,50.0%,0.0%,33.3%,41.0%,77.8%,85.7%,9.5%,18.8%,95.0
Georgia,Daniel Jackson,All,993,165,92.4,108.1,112.1,52.7%,15.9°,13.5°,38.2,17.6%,29,0.402,.345,0.562,.494,35.8%,35.2%,23.6%,38.8%,64.0%,81.4%,17.5%,26.0%,119.0
Georgia Tech,Nathanael Coupet,All,55,9,89.7,107.5,108.3,44.4%,8.9°,21.0°,33.3,11.1%,1,0.538,.274,0.559,.381,55.6%,22.2%,22.2%,50.9%,75.0%,66.7%,32.3%,32.1%,99.0
Mississippi College,Alex Johnson,All,118,26,89.7,99.8,102.6,42.3%,17.4°,16.2°,42.3,0.0%,0,0.424,.301,0.558,.391,26.9%,30.8%,34.6%,53.4%,73.9%,88.2%,40.3%,27.0%,75.0
UT Tyler,Luke Smith,All,93,20,80.9,95.7,96.9,15.0%,18.4°,8.4°,25.0,0.0%,0,0.5,.404,0.557,.472,45.0%,30.0%,15.0%,47.3%,78.4%,93.1%,26.8%,13.6%,158.0
Southern Wesleyan,Samuel Simonds,All,52,8,88.4,102.4,102.8,37.5%,9.6°,33.0°,25.0,12.5%,1,0.333,.277,0.557,.467,37.5%,50.0%,12.5%,38.5%,68.2%,93.3%,16.7%,10.0%,143.0
Lee,Isaiah French,All,162,21,92.3,104.3,107.9,47.6%,3.8°,15.4°,47.6,14.3%,3,0.348,.362,0.557,.535,47.6%,9.5%,38.1%,22.8%,43.1%,100.0%,11.5%,10.8%,107.0
Tennessee Tech,Jorsixt Jimenez,All,735,139,89.0,104.3,109.7,42.4%,14.2°,17.6°,44.6,12.9%,18,0.414,.352,0.557,.470,38.1%,30.2%,29.5%,55.4%,85.2%,84.5%,33.6%,21.9%,94.0
Georgia College,James Beaver,All,29,5,86.9,88.7,89.9,0.0%,10.6°,-,20.0,0.0%,0,0.429,.312,0.556,.298,40.0%,40.0%,20.0%,37.9%,64.3%,88.9%,13.3%,9.1%,158.0
Cumberlands (KY),Ronald Almanzar,All,324,69,89.9,108.3,114.5,44.9%,8.3°,13.0°,29.0,13.0%,9,0.377,.364,0.555,.507,43.5%,27.5%,23.2%,50.6%,78.3%,84.4%,35.4%,19.5%,58.0
UVa Wise,Jaden Ruehling,All,91,19,80.8,95.4,96.3,10.5%,11.4°,22.5°,47.4,0.0%,0,0.455,.317,0.555,.416,36.8%,21.1%,36.8%,40.7%,65.6%,90.5%,27.1%,27.0%,122.0
Taylor,Brayden Manning,All,146,29,88.0,104.3,105.1,31.0%,11.3°,7.0°,31.0,0.0%,0,0.5,.323,0.553,.387,51.7%,17.2%,27.6%,38.4%,59.0%,94.4%,23.5%,17.9%,109.0
Middle Tennessee,Layne Akers,All,228,49,89.6,105.4,107.5,34.7%,3.5°,9.7°,28.6,2.0%,1,0.459,.299,0.55,.361,57.1%,18.4%,24.5%,45.2%,67.0%,87.7%,25.2%,18.4%,105.0
Mount St. Mary's,Cameron Biller,All,201,32,90.8,100.9,103.9,37.5%,13.0°,6.2°,28.1,3.1%,1,0.457,.336,0.549,.432,43.8%,21.9%,25.0%,37.8%,71.6%,84.5%,15.0%,17.1%,125.0
UVa Wise,Luke Johnson,All,147,14,84.7,98.5,104.4,7.1%,-2.5°,26.6°,50.0,7.1%,1,0.353,.367,0.548,.546,50.0%,7.1%,35.7%,22.4%,51.1%,75.0%,9.0%,21.2%,171.0
Maryland,Franklin Pichardo,All,77,10,94.7,105.8,107.7,50.0%,20.8°,11.3°,40.0,20.0%,2,0.412,.330,0.548,.432,40.0%,40.0%,20.0%,33.8%,51.6%,81.2%,21.7%,34.6%,11.0
Notre Dame,Caleb Ricks,All,51,5,99.0,103.6,104.2,80.0%,18.4°,15.0°,100.0,0.0%,0,0.4,.312,0.547,.389,0.0%,20.0%,80.0%,52.9%,79.2%,73.7%,29.6%,29.6%,87.0
Oklahoma State,Kollin Ritchie,All,991,142,93.3,108.3,110.8,58.5%,23.7°,21.1°,42.3,19.7%,28,0.35,.295,0.545,.476,23.9%,41.5%,27.5%,42.9%,66.0%,82.2%,22.2%,27.3%,112.0
Southeastern Louisiana,Rhett Centanni,All,74,20,91.4,103.6,104.3,40.0%,18.7°,11.4°,60.0,5.0%,1,0.391,.368,0.544,.447,25.0%,30.0%,45.0%,41.9%,56.8%,95.2%,27.0%,12.9%,105.0
Winthrop,Noah Berge,All,55,5,89.2,100.7,102.5,40.0%,-25.5°,-31.3°,20.0,0.0%,0,0.455,.162,0.543,.224,80.0%,0.0%,20.0%,32.7%,50.0%,71.4%,14.8%,38.9%,109.0
Whitworth,Nate Gray Jr.,All,44,6,78.3,95.1,95.6,16.7%,-1.3°,9.0°,50.0,0.0%,0,0.375,.244,0.543,.514,16.7%,0.0%,50.0%,38.6%,69.2%,88.9%,25.8%,41.2%,143.0
Anderson (SC),Braeden Harrison,All,251,36,88.1,103.3,105.6,36.1%,20.0°,17.9°,27.8,13.9%,5,0.386,.273,0.539,.438,38.9%,44.4%,8.3%,36.3%,63.3%,89.5%,21.1%,20.9%,113.0
Fairleigh Dickinson,Johnathan Gomez,All,89,11,91.5,104.2,106.4,45.5%,17.0°,19.0°,54.5,18.2%,2,0.438,.319,0.538,.503,18.2%,45.5%,36.4%,36.0%,75.0%,74.1%,9.4%,25.0%,137.0
Fairleigh Dickinson,Travis Stroh,All,63,13,88.6,97.9,105.7,30.8%,22.0°,20.1°,46.2,0.0%,0,0.467,.320,0.538,.418,30.8%,23.1%,38.5%,42.9%,75.0%,85.7%,17.1%,11.1%,139.0
Pomona-Pitzer,Tanner DeGrazia,All,184,33,81.1,98.7,99.7,27.3%,7.8°,11.6°,48.5,0.0%,0,0.441,.302,0.535,.433,36.4%,18.2%,39.4%,38.6%,66.7%,97.7%,22.9%,9.9%,122.0
New Haven,Bobby Herzman,All,67,8,93.4,101.4,103.3,37.5%,3.0°,10.1°,50.0,12.5%,1,0.364,.309,0.534,.464,50.0%,12.5%,37.5%,38.8%,60.6%,95.0%,17.6%,15.4%,113.0
Southeastern Louisiana,Connor Cuff,All,263,46,88.5,102.9,103.6,45.7%,0.2°,14.2°,30.4,8.7%,4,0.387,.269,0.533,.407,54.3%,17.4%,19.6%,51.0%,70.4%,80.7%,33.3%,26.9%,62.0
Prairie View,Ryland Duson,All,141,26,89.2,100.3,104.1,34.6%,13.7°,11.1°,42.3,3.8%,1,0.424,.334,0.533,.449,26.9%,23.1%,38.5%,40.4%,67.2%,90.7%,18.2%,17.5%,106.0
William Carey,Barron Frazer,All,51,8,89.1,102.7,103.0,50.0%,12.5°,17.0°,75.0,12.5%,1,0.375,.469,0.532,.637,25.0%,25.0%,50.0%,35.3%,63.2%,83.3%,18.8%,27.8%,154.0
CSU Bakersfield,Taison Miller,All,81,8,84.8,79.7,80.0,12.5%,0.6°,-4.2°,37.5,0.0%,0,0.462,.202,0.531,.384,62.5%,0.0%,25.0%,32.1%,66.7%,77.8%,14.8%,23.1%,130.0
Bellarmine,AJ Swader,All,272,75,92.4,105.9,109.8,54.7%,9.6°,13.2°,44.0,8.0%,6,0.457,.376,0.53,.482,37.3%,20.0%,33.3%,53.3%,75.2%,88.6%,36.8%,16.6%,80.0
Pittsburgh,Lorenzo Carrier,All,911,115,97.7,111.8,116.1,67.0%,14.4°,12.5°,27.8,17.4%,20,0.373,.312,0.53,.487,40.0%,30.4%,22.6%,41.1%,68.4%,82.3%,21.5%,29.7%,102.0
Southern,Brant Stewart,All,41,8,88.7,101.3,101.8,37.5%,-1.5°,5.0°,50.0,0.0%,0,0.444,.384,0.529,.433,50.0%,0.0%,50.0%,41.5%,70.6%,91.7%,20.8%,11.8%,90.0
Mercer,Chris Katz,All,1014,183,91.0,107.5,114.6,44.8%,20.2°,16.7°,40.4,14.2%,26,0.368,.347,0.528,.516,27.9%,38.3%,26.8%,37.1%,65.8%,92.9%,17.9%,13.8%,140.0
Texas Tech,Logan Hughes,All,919,163,95.3,108.4,113.4,63.8%,8.5°,13.1°,25.8,12.3%,20,0.38,.351,0.527,.510,46.6%,27.0%,20.2%,42.4%,68.0%,86.0%,21.8%,19.0%,116.0
Baylor,Tyce Armstrong,All,881,139,92.1,108.6,114.8,55.4%,19.2°,18.1°,41.7,20.1%,28,0.352,.342,0.527,.508,30.9%,36.0%,26.6%,42.1%,63.8%,83.9%,25.0%,26.4%,90.0
Texas,Carson Tinney,All,995,122,96.0,112.8,116.4,57.4%,17.9°,18.6°,41.8,24.6%,30,0.347,.336,0.527,.534,30.3%,33.6%,27.9%,35.1%,55.1%,81.9%,19.7%,27.8%,101.0
Alabama A&M,Tervell Johnson,All,105,19,87.2,102.9,108.9,36.8%,14.9°,14.7°,42.1,10.5%,2,0.391,.324,0.526,.453,36.8%,26.3%,31.6%,41.9%,64.3%,81.5%,27.0%,25.0%,125.0
Louisville,Tague Davis,All,1003,160,93.5,110.4,115.1,55.0%,16.2°,17.8°,37.5,23.1%,37,0.351,.314,0.524,.479,34.4%,33.8%,22.5%,54.8%,80.9%,72.6%,35.8%,37.1%,62.0
San Diego State,Gage Adams,All,129,16,87.2,99.9,104.5,43.8%,22.7°,10.1°,37.5,6.2%,1,0.423,.265,0.524,.347,37.5%,31.2%,25.0%,36.4%,55.4%,86.1%,17.2%,21.3%,79.0
Pikeville,Joe Gagnon,All,82,15,84.4,102.6,105.4,20.0%,21.4°,23.3°,33.3,6.7%,1,0.353,.344,0.524,.474,40.0%,40.0%,13.3%,36.6%,76.2%,93.8%,23.0%,23.3%,132.0
George Washington,Tyler Jones,All,85,12,84.3,97.1,100.3,25.0%,7.5°,3.8°,50.0,0.0%,0,0.412,.246,0.523,.305,33.3%,41.7%,16.7%,48.2%,73.3%,90.9%,34.5%,22.0%,70.0
Mercer,Eli Stephens,All,838,116,92.6,106.4,109.1,56.9%,13.4°,20.3°,50.9,16.4%,19,0.358,.337,0.522,.503,31.0%,33.6%,32.8%,39.9%,65.3%,79.2%,21.3%,30.8%,102.0
California Lutheran,Kai Caranto,All,32,5,87.8,96.5,97.1,40.0%,32.7°,20.0°,40.0,0.0%,0,0.333,.188,0.521,.358,20.0%,20.0%,40.0%,25.0%,40.0%,100.0%,11.8%,0.0%,165.0
Abilene Christian,Diego Cardenas,All,887,117,96.9,108.2,113.0,62.4%,20.3°,19.3°,51.3,23.1%,27,0.341,.339,0.52,.526,25.6%,32.5%,29.9%,45.4%,70.4%,78.1%,25.9%,33.3%,98.0
Texas A&M,Caden Sorrell,All,945,151,94.2,107.9,114.5,58.3%,16.3°,13.5°,40.4,16.6%,25,0.35,.344,0.519,.482,32.5%,31.8%,29.1%,49.1%,75.9%,77.1%,28.1%,30.2%,93.0
Connecticut,Jackson Marshall,All,753,151,91.9,108.5,113.9,52.3%,12.4°,17.3°,39.7,17.9%,27,0.395,.392,0.519,.549,39.1%,30.5%,29.1%,47.1%,76.8%,91.7%,27.7%,18.0%,88.0
Western Michigan,Tanner Mally,All,325,71,82.8,97.6,101.7,12.7%,2.4°,7.0°,39.4,0.0%,0,0.486,.361,0.519,.427,56.3%,11.3%,29.6%,42.5%,67.2%,91.3%,24.5%,10.1%,114.0
Dallas Baptist,Jake Bennett,All,786,118,98.0,113.3,118.9,61.9%,6.9°,14.6°,34.7,22.9%,27,0.344,.349,0.518,.518,44.1%,29.7%,22.9%,38.8%,61.9%,87.0%,23.7%,25.9%,93.0
Texas Tech,Jesse Rusinek,All,501,99,89.9,103.7,106.7,43.4%,5.9°,8.6°,40.4,4.0%,4,0.452,.376,0.518,.464,45.5%,15.2%,33.3%,40.5%,62.1%,91.0%,21.9%,13.3%,105.0
Pomona-Pitzer,Cooper Berry,All,171,25,83.9,99.6,102.7,20.0%,19.4°,13.3°,48.0,4.0%,1,0.394,.294,0.518,.421,24.0%,20.0%,32.0%,29.2%,52.9%,86.5%,12.9%,18.0%,116.0
Penn State,Michael Anderson,All,657,138,94.9,110.4,113.3,52.2%,15.2°,14.7°,32.6,16.7%,23,0.375,.377,0.517,.522,39.9%,33.3%,21.0%,45.4%,71.6%,83.8%,25.3%,21.5%,86.0
Wagner,Dylan Immel,All,215,43,85.9,99.5,101.8,18.6%,3.9°,9.3°,34.9,2.3%,1,0.46,.305,0.517,.379,53.5%,16.3%,30.2%,44.7%,63.7%,96.6%,30.6%,13.5%,66.0
Maryland,Bud Coombs,All,393,60,91.4,106.0,108.5,45.0%,14.5°,16.3°,43.3,18.3%,11,0.354,.292,0.517,.457,35.0%,26.7%,31.7%,41.0%,64.6%,80.5%,22.0%,29.8%,123.0
Army,JoJo Overbeek,All,732,85,92.2,107.7,112.9,52.9%,17.0°,20.7°,38.8,16.5%,14,0.325,.304,0.516,.520,30.6%,40.0%,23.5%,29.9%,54.0%,85.8%,11.9%,19.2%,137.0
Fairfield,Dominic Camera,All,35,7,74.4,93.6,95.6,14.3%,14.6°,28.7°,57.1,0.0%,0,0.375,.322,0.516,.407,28.6%,28.6%,28.6%,45.7%,61.1%,81.8%,29.4%,25.0%,135.0
Miami (OH),Tommy Harrison,All,789,148,91.3,108.1,111.7,54.7%,6.2°,10.7°,34.5,8.1%,12,0.391,.350,0.514,.483,51.4%,22.3%,22.3%,37.0%,58.7%,91.7%,21.6%,21.2%,112.0
UT Tyler,Cole Ketzner,All,110,16,93.3,104.3,106.5,50.0%,7.7°,16.0°,12.5,6.2%,1,0.389,.374,0.514,.535,50.0%,25.0%,18.8%,38.2%,71.4%,86.7%,17.6%,23.8%,159.0
Arkansas-Pine Bluff,Aaron Grant,All,195,44,90.9,104.3,111.1,40.9%,18.3°,17.4°,47.7,6.8%,3,0.44,.346,0.514,.462,25.0%,31.8%,38.6%,45.1%,68.4%,86.5%,30.3%,25.0%,75.0
Pomona-Pitzer,Lateef Wakil,All,54,10,82.7,91.7,94.2,10.0%,8.9°,-10.2°,20.0,0.0%,0,0.5,.242,0.513,.425,50.0%,20.0%,20.0%,44.4%,73.9%,88.2%,22.6%,16.7%,143.0
William Carey,Jayden Mark,All,276,55,86.8,101.3,102.4,43.6%,12.1°,12.3°,41.8,5.5%,3,0.467,.413,0.512,.517,36.4%,18.2%,38.2%,37.0%,60.4%,88.1%,21.2%,15.7%,119.0
Lamar,Cade Pregeant,All,51,9,81.1,95.3,95.5,22.2%,31.7°,23.3°,44.4,0.0%,0,0.333,.188,0.512,.243,11.1%,33.3%,44.4%,51.0%,71.4%,80.0%,26.1%,23.1%,85.0
Loyola-New Orleans,Ben Harris,All,59,5,73.4,87.4,92.7,0.0%,3.1°,-,20.0,0.0%,0,0.333,.218,0.512,.162,80.0%,20.0%,0.0%,37.3%,71.4%,86.7%,18.4%,31.8%,208.0
William Carey,Weston Wales,All,96,15,78.6,94.9,97.5,6.7%,9.1°,16.0°,66.7,0.0%,0,0.474,.232,0.511,.299,40.0%,26.7%,33.3%,47.9%,76.2%,87.5%,25.9%,15.2%,67.0
Texas Southern,Zachari Pace,All,51,10,88.9,107.1,107.7,30.0%,11.6°,24.7°,40.0,20.0%,2,0.417,.379,0.511,.497,30.0%,40.0%,30.0%,47.1%,85.0%,82.4%,22.6%,25.0%,135.0
Cumberlands (KY),Zamaurion Hatcher,All,282,48,88.4,99.3,103.5,29.2%,17.1°,11.3°,37.5,0.0%,0,0.41,.241,0.511,.341,35.4%,25.0%,33.3%,44.7%,73.7%,83.9%,23.8%,24.6%,120.0
Campbell,Jett Music,All,731,83,95.0,109.8,112.1,65.1%,22.7°,23.8°,43.4,33.7%,28,0.301,.294,0.51,.511,20.5%,47.0%,26.5%,39.0%,64.7%,75.1%,19.3%,31.9%,108.0
Wagner,Derek Patrissi,All,51,5,94.2,97.1,97.4,60.0%,11.0°,13.1°,60.0,0.0%,0,0.375,.285,0.51,.393,40.0%,0.0%,60.0%,47.1%,65.0%,92.3%,35.5%,12.5%,123.0
Mercer,Titan Kamaka,All,778,152,89.3,105.1,109.5,40.8%,13.0°,9.8°,36.8,4.6%,7,0.412,.319,0.509,.417,44.1%,23.7%,28.3%,42.8%,72.1%,86.6%,21.2%,19.8%,120.0
Centre,Aaron Lopez,All,58,11,80.5,94.6,95.8,9.1%,6.0°,23.2°,18.2,0.0%,0,0.333,.165,0.509,.274,54.5%,18.2%,18.2%,32.8%,66.7%,100.0%,8.8%,0.0%,136.0
Pomona-Pitzer,Sammy Lee,All,126,22,86.9,95.1,97.5,13.6%,16.0°,10.3°,45.5,0.0%,0,0.444,.366,0.509,.396,36.4%,18.2%,40.9%,41.3%,65.0%,94.9%,19.7%,17.3%,131.0
West Georgia,Patrick McCullough,All,487,119,90.5,103.8,106.3,47.9%,-1.8°,0.3°,26.9,1.7%,2,0.453,.306,0.508,.347,58.0%,17.6%,21.0%,52.8%,66.5%,86.6%,41.1%,23.3%,36.0
Mississippi Valley,Jaxon Haynes,All,139,17,79.1,100.5,100.7,17.6%,11.4°,30.0°,35.3,5.9%,1,0.367,.154,0.507,.231,35.3%,23.5%,29.4%,45.3%,64.0%,78.1%,34.8%,41.3%,40.0
Saint Mary's (CA),Micah Nicholson,All,113,22,83.9,99.1,101.9,22.7%,2.0°,12.0°,22.7,0.0%,0,0.462,.301,0.507,.371,68.2%,9.1%,22.7%,49.6%,64.6%,96.8%,38.5%,7.1%,83.0
Oklahoma State,Alex Conover,All,1015,155,91.9,105.5,110.0,52.9%,5.6°,10.8°,35.5,9.7%,15,0.38,.343,0.506,.479,49.0%,21.9%,26.5%,37.4%,59.2%,90.1%,19.3%,18.4%,103.0
Akron,Atticus Huffstutler,All,57,15,87.7,104.8,106.6,33.3%,2.8°,2.6°,33.3,0.0%,0,0.4,.361,0.506,.425,46.7%,26.7%,20.0%,49.1%,66.7%,90.0%,29.6%,7.1%,104.0
Arizona State,Nu'u Contrades,All,619,145,93.9,109.7,112.5,55.9%,13.1°,17.1°,37.2,13.8%,20,0.373,.376,0.506,.516,37.2%,33.1%,27.6%,54.1%,82.0%,86.8%,31.4%,20.3%,84.0
Illinois State,Brayden Bakes,All,639,132,91.9,106.3,111.2,47.0%,21.6°,16.3°,42.4,11.4%,15,0.385,.341,0.506,.468,24.2%,31.1%,34.1%,45.7%,73.7%,83.9%,19.0%,22.9%,135.0
Whitworth,Dom Giusti,All,55,9,79.4,92.9,93.3,0.0%,16.6°,-,44.4,0.0%,0,0.455,.327,0.506,.406,22.2%,33.3%,33.3%,40.0%,65.2%,86.7%,21.9%,9.1%,94.0
Tennessee Wesleyan,Joshua Shelly,All,238,49,91.4,102.3,103.7,49.0%,23.8°,14.4°,44.9,8.2%,4,0.362,.323,0.506,.440,22.4%,40.8%,30.6%,46.2%,70.4%,95.7%,29.3%,14.5%,105.0
Bryant,Ellis Garcia,All,683,135,86.7,101.0,103.7,34.8%,17.0°,15.6°,46.7,5.2%,7,0.367,.331,0.505,.447,31.1%,34.8%,32.6%,40.8%,67.7%,96.1%,19.5%,10.8%,128.0
Cincinnati,Quinton Coats,All,1111,163,97.6,111.7,115.3,65.6%,12.1°,15.1°,42.3,24.5%,40,0.346,.356,0.505,.523,38.7%,30.1%,25.8%,42.7%,72.2%,82.2%,20.6%,26.4%,118.0
Grand Canyon,Trevor Schmidt,All,426,79,90.0,105.5,109.4,40.5%,15.2°,16.4°,40.5,11.4%,9,0.373,.336,0.504,.455,34.2%,29.1%,30.4%,54.9%,87.2%,86.0%,31.3%,27.4%,94.0
Wingate,Tanner McCammon,All,120,23,94.2,103.8,109.3,60.9%,7.6°,10.0°,26.1,8.7%,2,0.36,.324,0.504,.470,56.5%,34.8%,8.7%,40.8%,73.3%,87.9%,21.3%,24.5%,98.0
Pikeville,Noah Brooks,All,113,17,87.2,100.5,104.3,41.2%,23.0°,17.6°,29.4,5.9%,1,0.3,.227,0.504,.363,29.4%,47.1%,17.6%,38.1%,73.7%,96.4%,20.0%,4.7%,157.0
UT Martin,Garner Anderson,All,251,50,86.5,101.7,107.6,30.0%,13.1°,15.9°,34.0,8.0%,4,0.377,.298,0.504,.388,44.0%,22.0%,22.0%,49.4%,76.3%,82.8%,27.0%,26.6%,98.0
St. Thomas (FL),Daytan Biegel,All,429,97,88.5,102.3,107.3,45.4%,9.9°,8.8°,36.1,3.1%,3,0.425,.291,0.503,.355,46.4%,22.7%,27.8%,62.2%,84.3%,90.3%,47.5%,22.8%,38.0
Notre Dame,Shane Miranda,All,220,30,89.1,102.9,106.4,50.0%,4.7°,8.7°,46.7,3.3%,1,0.41,.324,0.503,.429,46.7%,13.3%,40.0%,31.4%,56.1%,87.3%,11.5%,20.3%,120.0
Carson-Newman,Logan Floyd,All,138,28,87.1,100.9,101.9,42.9%,20.6°,12.0°,39.3,0.0%,0,0.394,.294,0.503,.379,28.6%,25.0%,39.3%,44.9%,76.8%,93.0%,23.2%,11.3%,130.0
Georgia Tech,Drew Burress,All,1044,190,93.6,109.9,118.1,56.3%,19.0°,17.7°,36.3,15.8%,30,0.367,.340,0.502,.479,31.6%,28.9%,31.1%,40.2%,65.9%,88.4%,20.1%,22.4%,108.0
SIUE,Terrick Thompson-Allen,All,319,57,88.9,103.9,110.3,40.4%,11.6°,13.5°,36.8,7.0%,4,0.338,.242,0.502,.372,40.4%,24.6%,28.1%,48.3%,76.5%,78.8%,27.3%,29.2%,91.0
Georgia Tech,Parker Brosius,All,438,60,92.3,105.2,109.5,61.7%,24.1°,20.3°,33.3,20.0%,12,0.31,.342,0.502,.537,21.7%,45.0%,23.3%,38.6%,60.6%,89.9%,17.8%,14.8%,108.0
San Jose State,Alex Fernandes,All,499,77,89.2,104.3,105.0,41.6%,9.3°,11.4°,36.4,7.8%,6,0.385,.320,0.502,.456,42.9%,26.0%,27.3%,37.3%,60.8%,86.8%,19.9%,19.4%,117.0
Saint Peter's,Stephen Polizzi,All,116,22,91.4,105.6,107.7,50.0%,8.2°,20.6°,63.6,22.7%,5,0.31,.385,0.501,.570,31.8%,36.4%,27.3%,44.0%,60.9%,92.9%,32.9%,25.5%,61.0
Newberry,Keillor Osbon,All,70,12,87.0,94.1,96.9,16.7%,-5.0°,4.1°,16.7,0.0%,0,0.462,.200,0.501,.331,66.7%,16.7%,16.7%,30.0%,64.7%,90.9%,18.9%,19.0%,137.0
Middle Georgia State,Mikal Ashley,All,52,9,88.9,100.7,101.7,33.3%,1.4°,25.3°,11.1,11.1%,1,0.462,.206,0.501,.323,77.8%,22.2%,0.0%,44.2%,66.7%,78.6%,29.0%,30.4%,83.0
Lander,Zach Cowart,All,195,32,81.5,98.0,101.2,15.6%,16.5°,16.8°,31.2,0.0%,0,0.395,.274,0.5,.374,43.8%,28.1%,25.0%,31.3%,54.1%,92.5%,17.4%,13.1%,99.0
Central Michigan,Spencer Verburg,All,306,65,91.6,107.0,110.6,47.7%,11.1°,13.3°,40.0,10.8%,7,0.434,.364,0.5,.483,43.1%,21.5%,29.2%,46.7%,75.7%,84.9%,22.3%,19.6%,107.0
Georgia Southwestern,Drake Harman,All,161,24,84.4,98.1,99.0,33.3%,8.7°,32.0°,45.8,4.2%,1,0.393,.138,0.499,.360,41.7%,20.8%,29.2%,29.8%,53.8%,85.7%,13.5%,18.8%,102.0
Georgia Tech,Jarren Advincula,All,833,212,87.2,102.3,107.3,34.9%,4.3°,12.4°,32.5,3.3%,7,0.432,.343,0.498,.426,51.9%,21.2%,24.1%,49.8%,72.8%,92.0%,28.9%,12.0%,86.0
Texas,Aiden Robbins,All,880,144,93.4,107.0,111.1,58.3%,14.6°,16.4°,43.1,18.1%,26,0.344,.334,0.498,.497,33.3%,30.6%,29.2%,43.4%,67.7%,80.2%,24.3%,31.7%,100.0
West Virginia,Gavin Kelly,All,893,160,94.0,105.2,110.1,60.0%,14.6°,16.9°,45.6,12.5%,20,0.385,.378,0.497,.521,34.4%,30.0%,33.8%,39.9%,61.6%,88.9%,20.1%,18.8%,111.0
UVa Wise,Joshua Morgan,All,109,19,87.0,99.2,101.1,42.1%,19.4°,2.6°,21.1,0.0%,0,0.455,.258,0.497,.353,36.8%,36.8%,26.3%,38.5%,64.3%,88.9%,22.4%,28.6%,87.0
Taylor,Luke Sutter,All,179,27,86.4,97.7,101.2,33.3%,19.2°,11.5°,33.3,0.0%,0,0.375,.335,0.496,.438,33.3%,33.3%,29.6%,34.1%,66.7%,100.0%,18.9%,11.5%,150.0
Gardner-Webb,Drew Ripepi,All,217,37,91.9,107.4,110.2,54.1%,8.5°,10.9°,29.7,5.4%,2,0.378,.357,0.495,.454,48.6%,21.6%,27.0%,44.7%,68.0%,86.4%,25.8%,23.7%,86.0
Texas A&M,Gavin Grahovac,All,916,174,95.3,108.7,114.6,63.2%,14.7°,13.7°,36.2,17.8%,31,0.352,.351,0.495,.503,38.5%,31.6%,24.1%,45.7%,67.2%,82.8%,27.9%,25.8%,71.0
Georgia Southern,Brady Christman,All,656,96,93.2,109.9,115.1,57.3%,7.5°,11.9°,39.6,17.7%,17,0.369,.326,0.495,.465,47.9%,22.9%,27.1%,35.5%,54.1%,77.0%,19.4%,28.8%,92.0
Xavier (LA),Chase Deloach,All,29,5,73.6,79.4,79.4,20.0%,-18.2°,-,20.0,0.0%,0,0.429,.091,0.495,.250,80.0%,0.0%,20.0%,51.7%,70.0%,42.9%,42.1%,46.7%,107.0
San Diego,AJ Beltre,All,69,10,86.9,105.2,109.0,30.0%,8.7°,1.7°,0.0,0.0%,0,0.455,.300,0.495,.392,70.0%,30.0%,0.0%,36.2%,61.5%,100.0%,20.9%,8.0%,96.0
Morehead State,Aubrey Kearns,All,678,138,86.6,100.2,105.0,29.0%,18.2°,13.6°,40.6,3.6%,5,0.391,.284,0.494,.383,34.8%,35.5%,26.8%,51.2%,80.9%,84.3%,29.9%,28.2%,106.0
California Baptist,Eric Ruiz,All,110,14,95.2,114.4,117.0,57.1%,19.1°,16.7°,35.7,21.4%,3,0.364,.273,0.494,.427,28.6%,35.7%,28.6%,47.3%,80.4%,73.0%,23.4%,40.4%,102.0
Concordia (NE),Jaeden Jordahl,All,64,11,91.2,97.4,97.6,27.3%,19.0°,16.0°,54.5,0.0%,0,0.385,.337,0.494,.409,36.4%,36.4%,27.3%,32.8%,52.2%,91.7%,22.0%,14.3%,95.0
Davis & Elkins,Zach Calef-Boring,All,40,12,78.1,92.2,93.9,0.0%,-1.5°,-,33.3,0.0%,0,0.462,.288,0.494,.290,58.3%,0.0%,33.3%,42.5%,61.1%,100.0%,27.3%,11.8%,106.0
UAB,John Paul Head,All,939,154,92.7,105.5,108.3,59.7%,17.9°,19.0°,42.9,15.6%,24,0.327,.337,0.494,.506,28.6%,37.0%,26.0%,39.0%,64.0%,82.4%,16.6%,22.4%,125.0
Georgia Tech,Ryan Zuckerman,All,983,134,96.8,113.4,117.6,58.2%,11.4°,16.2°,38.8,22.4%,30,0.343,.315,0.493,.467,40.3%,27.6%,28.4%,41.0%,63.7%,77.1%,21.7%,32.8%,107.0
Abilene Christian,Maddox Miesse,All,371,53,88.5,103.1,103.7,35.8%,17.0°,18.2°,35.8,9.4%,5,0.338,.269,0.493,.416,37.7%,35.8%,22.6%,35.8%,61.1%,86.5%,17.3%,25.6%,125.0
Illinois State,Graham Mastros,All,612,99,89.6,104.3,107.8,42.4%,9.2°,13.6°,35.4,9.1%,9,0.382,.276,0.493,.383,41.4%,29.3%,25.3%,42.3%,68.9%,75.0%,17.4%,29.3%,119.0
Eastern Illinois,Michael O'Conor,All,414,77,91.9,105.2,108.3,42.9%,23.4°,20.7°,39.0,13.0%,10,0.36,.289,0.492,.416,22.1%,44.2%,26.0%,51.0%,81.9%,81.0%,24.0%,26.1%,130.0
Cumberlands (KY),Clay Shelton,All,224,46,86.8,99.6,102.1,34.8%,5.8°,8.6°,32.6,2.2%,1,0.364,.274,0.492,.347,50.0%,28.3%,19.6%,46.0%,74.7%,86.2%,27.7%,22.3%,99.0
Louisville,Zion Rose,All,662,131,90.0,104.4,107.9,46.6%,7.7°,11.5°,27.5,5.3%,7,0.413,.340,0.492,.434,48.9%,22.1%,22.9%,39.3%,61.6%,88.9%,21.6%,16.9%,103.0
Texas,Anthony Pack Jr.,All,867,146,89.3,104.0,108.1,45.9%,10.8°,10.2°,40.4,4.1%,6,0.378,.339,0.492,.454,43.8%,22.6%,30.8%,39.2%,61.2%,90.9%,20.6%,17.4%,113.0
Georgia Tech,Carson Kerce,All,926,179,94.8,106.1,108.9,59.8%,10.2°,9.0°,31.3,6.1%,11,0.377,.356,0.491,.450,46.4%,26.3%,23.5%,41.7%,63.5%,92.5%,20.2%,16.3%,100.0
SIUE,Ryan Niedzwiedz,All,616,108,90.6,103.4,107.3,41.7%,18.8°,18.7°,40.7,8.3%,9,0.352,.353,0.491,.503,26.9%,32.4%,32.4%,41.7%,63.7%,85.6%,25.4%,19.8%,98.0
Tennessee Wesleyan,Kolton Reynolds,All,299,44,91.3,105.1,107.0,47.7%,5.0°,10.5°,36.4,2.3%,1,0.396,.304,0.491,.409,43.2%,13.6%,40.9%,40.5%,78.4%,83.8%,20.8%,28.9%,141.0
East Tennessee State,Tristan Curless,All,887,161,91.7,104.0,110.7,49.7%,13.5°,17.2°,42.2,10.6%,17,0.372,.330,0.491,.469,34.2%,29.2%,32.3%,46.2%,73.7%,80.9%,24.6%,25.6%,104.0
Georgia,Tre Phelps,All,965,170,91.6,105.3,109.4,47.6%,12.3°,15.4°,40.6,12.4%,21,0.377,.369,0.491,.498,41.8%,24.7%,28.2%,43.1%,64.8%,84.9%,26.4%,22.1%,85.0
Memphis,Seth Giamportone,All,47,6,84.8,100.0,104.8,33.3%,20.8°,20.2°,50.0,0.0%,0,0.333,.231,0.49,.345,33.3%,33.3%,33.3%,44.7%,68.4%,69.2%,28.6%,38.1%,104.0
Alabama A&M,Keilon Parnell,All,57,6,90.2,102.3,102.5,50.0%,-7.1°,7.5°,50.0,0.0%,0,0.364,.199,0.49,.309,50.0%,0.0%,50.0%,33.3%,56.0%,71.4%,15.6%,36.8%,130.0
Indiana State,Weston Fulk,All,132,24,92.0,110.1,111.8,45.8%,23.7°,21.0°,45.8,20.8%,5,0.364,.301,0.49,.462,25.0%,33.3%,29.2%,47.7%,69.4%,70.0%,21.7%,31.7%,96.0
University of Montevallo,McGwire Turner,All,142,18,77.5,95.9,98.6,11.1%,13.9°,24.9°,27.8,0.0%,0,0.333,.212,0.489,.414,44.4%,22.2%,22.2%,35.9%,69.6%,87.5%,19.8%,21.6%,109.0
Mount Olive,Lane McLean,All,113,20,88.1,99.7,102.8,30.0%,22.9°,12.9°,40.0,5.0%,1,0.346,.255,0.489,.333,35.0%,45.0%,15.0%,36.3%,56.2%,96.3%,21.5%,14.6%,85.0
Tusculum,Landon Dockery,All,70,18,87.9,97.9,98.6,22.2%,19.9°,34.3°,38.9,5.6%,1,0.5,.318,0.488,.408,22.2%,38.9%,33.3%,52.9%,78.4%,86.2%,24.2%,21.6%,98.0
Western Oregon,Benny Nazario,All,70,10,94.1,102.5,102.8,70.0%,23.2°,18.1°,50.0,10.0%,1,0.357,.317,0.487,.478,30.0%,40.0%,30.0%,42.9%,80.0%,85.0%,22.2%,33.3%,108.0
Newberry,Logan Busenlehner,All,31,6,91.2,97.3,97.9,50.0%,23.3°,6.3°,16.7,0.0%,0,0.375,.224,0.486,.265,50.0%,50.0%,0.0%,45.2%,57.1%,87.5%,35.3%,14.3%,-27.0
Wagner,Lukas Torres,All,326,48,82.8,95.6,96.2,8.3%,8.4°,7.4°,37.5,0.0%,0,0.404,.315,0.486,.409,50.0%,16.7%,31.2%,33.1%,47.0%,100.0%,21.1%,4.6%,91.0
Miami,Derek Williams,All,926,171,90.2,104.6,108.7,43.9%,10.2°,11.9°,29.8,4.7%,8,0.379,.293,0.486,.404,44.4%,24.6%,24.0%,44.3%,69.1%,85.9%,21.8%,21.7%,80.0
King,Kale Richardson,All,106,13,85.5,99.3,100.5,38.5%,22.9°,28.2°,30.8,7.7%,1,0.368,.250,0.486,.333,23.1%,46.2%,30.8%,41.5%,70.7%,72.4%,23.1%,29.5%,85.0
Wagner,Joseph Mennella,All,274,39,93.6,106.0,109.2,51.3%,22.1°,14.1°,46.2,7.7%,3,0.377,.307,0.486,.444,25.6%,38.5%,33.3%,37.2%,66.9%,78.3%,12.7%,27.5%,116.0
Mississippi State,Ace Reese,All,1111,168,94.7,107.6,111.0,61.9%,16.9°,18.1°,48.8,16.1%,27,0.338,.352,0.485,.502,26.2%,36.3%,35.7%,46.8%,73.9%,82.2%,26.8%,23.8%,89.0
Stanford,Teddy Tokheim,All,749,163,92.0,106.4,109.3,52.1%,15.8°,14.1°,34.4,11.7%,19,0.354,.318,0.485,.439,38.7%,33.7%,24.5%,48.9%,70.2%,92.9%,32.8%,17.5%,66.0
Louisiana Tech,Matt Houston,All,535,65,88.6,105.1,109.6,44.6%,22.4°,22.3°,33.8,12.3%,8,0.3,.272,0.485,.447,27.7%,44.6%,23.1%,33.8%,54.5%,84.9%,18.1%,19.9%,93.0
William Carey,DeeJay Booth,All,307,46,84.0,105.3,106.9,37.0%,4.9°,16.3°,37.0,8.7%,4,0.382,.303,0.485,.457,47.8%,19.6%,28.3%,34.9%,62.9%,88.5%,15.8%,11.2%,140.0
Gonzaga,Mikey Bell,All,772,145,92.9,107.4,110.5,54.5%,8.9°,9.0°,38.6,8.3%,12,0.398,.363,0.485,.456,45.5%,18.6%,33.8%,49.0%,75.1%,82.8%,30.8%,23.5%,106.0
Jessup,Tony Otis,All,158,22,91.9,106.3,108.5,50.0%,11.9°,16.0°,59.1,13.6%,3,0.333,.304,0.485,.487,27.3%,9.1%,45.5%,46.2%,75.3%,80.0%,21.2%,28.8%,119.0
Lindsey Wilson,Bryce Sidler,All,84,19,85.5,96.7,98.3,15.8%,13.7°,7.2°,36.8,0.0%,0,0.429,.319,0.485,.374,42.1%,21.1%,31.6%,47.6%,73.0%,88.9%,27.7%,12.5%,59.0
Fairfield,Carter Grande,All,43,11,88.1,99.1,100.1,27.3%,26.8°,23.3°,45.5,9.1%,1,0.308,.218,0.485,.310,18.2%,45.5%,18.2%,51.2%,73.9%,82.4%,25.0%,18.2%,88.0
Texas Tech,Caden Ferraro,All,864,148,95.3,110.0,114.7,56.8%,11.0°,13.1°,43.9,18.2%,27,0.376,.371,0.484,.515,38.5%,26.4%,31.1%,41.2%,65.6%,92.5%,21.4%,15.4%,114.0
Norfolk State,Cameron Mazell,All,47,8,79.5,97.2,98.7,25.0%,3.7°,9.9°,37.5,0.0%,0,0.375,.326,0.484,.486,62.5%,25.0%,12.5%,40.4%,77.8%,92.9%,17.2%,10.5%,90.0
Northern Kentucky,Jackson Wang,All,143,34,84.7,98.3,103.3,23.5%,11.4°,8.8°,47.1,0.0%,0,0.459,.355,0.484,.428,35.3%,17.6%,44.1%,36.4%,56.9%,90.2%,15.5%,9.6%,86.0
Eastern Illinois,Luke Melton,All,145,13,90.0,99.2,102.5,30.8%,16.4°,14.9°,69.2,0.0%,0,0.318,.288,0.484,.417,23.1%,15.4%,61.5%,24.8%,41.8%,78.6%,10.3%,25.0%,109.0
Kansas,Tyson Leblanc,All,855,149,91.9,105.1,110.3,47.0%,15.4°,17.1°,44.3,10.7%,16,0.36,.342,0.482,.480,33.6%,29.5%,30.9%,44.7%,70.1%,90.6%,22.8%,16.5%,91.0
Hofstra,CJ Griggs,All,750,115,90.1,105.0,111.1,44.3%,6.1°,12.6°,40.9,7.0%,8,0.333,.325,0.482,.459,46.1%,20.9%,33.0%,34.0%,59.5%,91.4%,15.9%,15.3%,108.0
UTSA,Caden Miller,All,932,152,89.6,103.7,106.8,44.7%,16.3°,14.0°,39.5,7.2%,11,0.363,.308,0.482,.440,35.5%,30.3%,30.9%,32.7%,56.3%,90.1%,13.9%,14.1%,122.0
Penn,Qwynn Ahearn,All,135,21,92.2,102.2,105.6,47.6%,17.6°,17.6°,47.6,0.0%,0,0.4,.348,0.482,.443,23.8%,33.3%,42.9%,43.0%,57.4%,85.7%,31.1%,29.3%,100.0
SIUE,Josh Heyder,All,416,67,89.3,105.1,108.4,35.8%,16.0°,15.2°,20.9,9.0%,6,0.321,.250,0.481,.402,41.8%,37.3%,13.4%,36.3%,64.2%,85.6%,18.5%,21.2%,120.0
Michigan,Colby Turner,All,857,178,89.6,106.2,110.9,44.4%,18.3°,12.0°,36.5,7.9%,14,0.379,.332,0.481,.435,34.3%,30.9%,27.0%,51.5%,75.6%,87.7%,35.3%,20.9%,65.0
Milligan,Braxton Baird,All,111,15,86.3,102.2,102.7,46.7%,5.7°,23.2°,46.7,0.0%,0,0.304,.270,0.481,.425,40.0%,33.3%,26.7%,38.7%,68.0%,85.3%,14.8%,23.3%,121.0
Millersville,Jimmy Kirk,All,59,7,82.3,106.6,106.8,42.9%,-5.1°,18.5°,42.9,28.6%,2,0.333,.271,0.48,.434,42.9%,28.6%,28.6%,39.0%,66.7%,66.7%,15.6%,43.5%,78.0
Saint Mary's (CA),Jacob Johnson,All,824,138,93.1,107.0,112.4,57.2%,20.1°,19.3°,36.2,15.9%,22,0.372,.334,0.48,.484,29.0%,38.4%,26.8%,49.0%,80.7%,85.0%,26.0%,23.8%,106.0
Western Kentucky,Lane Arroyos,All,897,131,90.3,103.8,112.2,43.5%,15.7°,8.6°,39.7,4.6%,6,0.365,.307,0.48,.425,36.6%,23.7%,31.3%,33.2%,55.1%,83.1%,13.1%,20.8%,113.0
Mississippi State,Jacob Parker,All,648,109,90.6,110.5,114.1,49.5%,14.2°,13.2°,45.0,16.5%,18,0.331,.340,0.479,.469,37.6%,31.2%,28.4%,46.1%,75.0%,82.3%,26.3%,34.8%,69.0
USC,Jack Basseer,All,651,120,86.6,106.7,110.1,45.8%,9.5°,11.3°,33.3,10.8%,13,0.362,.299,0.479,.403,44.2%,25.8%,20.8%,48.1%,68.3%,86.9%,33.9%,27.5%,74.0
Georgia,Ryan Wynn,All,292,70,92.3,105.5,107.9,58.6%,10.6°,11.4°,37.1,8.6%,6,0.366,.355,0.479,.470,40.0%,27.1%,30.0%,55.1%,78.8%,94.4%,34.2%,20.5%,76.0
Richmond,Evan Wilson,All,568,104,87.1,104.9,109.2,38.5%,9.6°,15.0°,37.5,8.7%,9,0.355,.310,0.479,.416,40.4%,26.0%,30.8%,42.6%,68.9%,88.6%,21.3%,14.5%,105.0
Iowa,Brett White,All,229,20,86.1,104.7,107.2,35.0%,17.5°,20.0°,50.0,15.0%,3,0.35,.242,0.479,.378,30.0%,35.0%,35.0%,34.5%,54.6%,67.8%,16.5%,35.4%,114.0
Oklahoma,Cayden Brumbaugh,All,42,10,81.3,93.7,96.4,10.0%,4.2°,24.5°,30.0,0.0%,0,0.417,.199,0.479,.259,50.0%,20.0%,20.0%,38.1%,50.0%,100.0%,22.2%,12.5%,76.0
Toledo,Troy Sudbrook,All,740,128,89.4,102.5,105.5,43.8%,12.0°,11.6°,40.6,7.0%,9,0.361,.321,0.479,.409,38.3%,28.1%,29.7%,41.9%,65.1%,85.5%,25.4%,21.6%,95.0
Illinois Springfield,Corey Boyette,All,58,13,92.6,99.3,100.2,38.5%,23.3°,18.3°,15.4,0.0%,0,0.357,.275,0.479,.376,38.5%,30.8%,15.4%,41.4%,65.2%,80.0%,25.7%,29.2%,49.0
Miami (OH),Christopher Roa Calcano,All,249,40,92.0,101.7,104.1,45.0%,17.7°,13.5°,47.5,0.0%,0,0.37,.302,0.479,.413,30.0%,22.5%,37.5%,39.4%,63.2%,80.6%,21.7%,27.6%,109.0
Mercer,Braydon Kersey,All,907,134,92.4,108.9,113.7,53.0%,12.1°,15.6°,35.1,22.4%,30,0.326,.310,0.478,.469,41.0%,31.3%,20.1%,42.8%,66.2%,74.1%,26.4%,32.5%,86.0
Washington,Jackson Hotchkiss,All,796,116,95.4,111.5,115.3,62.1%,14.2°,17.4°,37.9,22.4%,26,0.339,.316,0.478,.475,36.2%,31.9%,26.7%,40.7%,66.3%,77.2%,21.8%,31.5%,105.0
Manhattan,Guriyandel Salva,All,55,13,83.9,92.9,97.3,7.7%,21.6°,24.2°,23.1,0.0%,0,0.375,.182,0.478,.325,30.8%,53.8%,15.4%,50.9%,78.6%,90.9%,22.2%,14.3%,76.0
Ole Miss,Judd Utermark,All,958,137,93.7,109.3,112.2,52.6%,17.0°,21.4°,34.3,19.7%,27,0.328,.312,0.477,.476,35.0%,35.8%,25.5%,45.2%,72.3%,75.8%,26.2%,38.1%,97.0
Cumberlands (KY),Caden Petrey,All,333,58,86.6,102.8,109.7,31.0%,20.7°,20.8°,34.5,12.1%,7,0.31,.239,0.477,.395,31.0%,36.2%,22.4%,43.5%,79.1%,89.2%,21.1%,20.7%,96.0
Western Illinois,Liam Bushey,All,435,87,88.0,107.0,109.9,36.8%,14.2°,13.9°,36.8,11.5%,10,0.34,.312,0.477,.448,37.9%,34.5%,21.8%,43.4%,68.6%,88.3%,26.5%,22.8%,114.0
Wingate,Jalen Evans,All,110,20,82.4,99.3,101.6,15.0%,10.5°,15.3°,50.0,0.0%,0,0.44,.277,0.477,.337,35.0%,15.0%,40.0%,44.5%,67.3%,80.0%,24.1%,20.4%,111.0
North Alabama,Nash Rippen,All,958,126,92.4,110.1,117.7,50.8%,16.0°,17.2°,34.1,20.6%,26,0.309,.288,0.477,.471,33.3%,31.7%,26.2%,38.7%,66.4%,75.3%,17.6%,32.6%,109.0
Tarleton State,Rayner Heinrich,All,664,137,91.1,104.7,107.8,48.2%,7.6°,8.7°,31.4,5.1%,7,0.376,.295,0.477,.380,49.6%,19.0%,24.8%,46.7%,66.7%,86.2%,28.7%,21.0%,98.0
Austin Peay,Mason Pangborn,All,71,8,86.7,97.9,99.2,50.0%,9.8°,8.0°,75.0,0.0%,0,0.4,.441,0.476,.509,25.0%,12.5%,62.5%,43.7%,73.1%,84.2%,26.7%,22.6%,138.0
North Georgia,Benjamin Hamacher,All,196,37,83.2,95.1,95.6,8.1%,2.4°,11.2°,43.2,0.0%,0,0.425,.323,0.476,.392,51.4%,2.7%,40.5%,40.3%,65.2%,95.0%,18.3%,6.3%,132.0
East Tennessee State,Griffin Sorrow,All,64,8,90.4,101.7,102.2,37.5%,25.2°,-0.1°,25.0,0.0%,0,0.364,.258,0.476,.390,25.0%,25.0%,25.0%,39.1%,71.9%,78.3%,6.2%,24.0%,158.0
Dayton,Martin Howell,All,128,38,87.3,102.0,104.1,31.6%,15.3°,16.5°,44.7,10.5%,4,0.41,.381,0.476,.506,28.9%,28.9%,31.6%,56.2%,86.0%,88.4%,37.2%,15.3%,61.0
Gonzaga,Maddox Haley,All,601,128,89.9,102.6,107.8,43.0%,10.4°,12.9°,40.6,6.2%,8,0.387,.344,0.476,.429,40.6%,25.0%,29.7%,49.3%,71.3%,88.8%,33.4%,22.0%,67.0
Lindsey Wilson,Amir Pineiro,All,55,8,86.7,98.4,99.2,25.0%,17.5°,2.9°,12.5,0.0%,0,0.364,.188,0.476,.351,50.0%,25.0%,12.5%,40.0%,85.0%,70.6%,14.3%,27.3%,170.0
VMI,Cole Raile,All,782,140,90.5,107.4,112.5,40.0%,9.2°,11.0°,32.1,7.9%,11,0.354,.288,0.475,.401,45.7%,24.3%,22.9%,45.8%,73.5%,88.6%,23.7%,21.8%,103.0
Cincinnati,Jack Natili,All,995,174,96.9,108.9,112.5,67.2%,11.9°,12.8°,34.5,14.9%,26,0.35,.343,0.475,.485,40.2%,26.4%,24.7%,45.2%,72.6%,85.1%,22.3%,23.1%,110.0
Utah Valley,Kaden Carpenter,All,914,117,93.6,108.9,119.4,55.6%,19.4°,16.2°,40.2,15.4%,18,0.314,.288,0.475,.439,25.6%,29.1%,32.5%,40.9%,66.2%,84.2%,22.0%,26.2%,100.0
Pittsburgh,Carter Dierdorf,All,898,97,86.2,105.8,109.8,35.1%,17.8°,17.7°,36.1,10.3%,10,0.265,.275,0.475,.465,36.1%,29.9%,24.7%,29.0%,51.7%,85.4%,12.0%,21.5%,134.0
Miami,Alex Sosa,All,1062,164,90.6,103.0,107.1,42.1%,15.7°,19.5°,38.4,10.4%,17,0.329,.301,0.475,.447,37.2%,34.1%,25.0%,40.8%,66.2%,86.8%,19.9%,21.2%,106.0
Wingate,Bradley Hart,All,83,13,85.7,94.9,96.0,7.7%,0.2°,16.8°,30.8,0.0%,0,0.357,.236,0.475,.434,53.8%,7.7%,30.8%,37.3%,82.1%,100.0%,14.5%,6.5%,167.0
Florida Southern,Cory Filley,All,66,13,85.8,101.3,101.9,46.2%,1.0°,7.6°,38.5,0.0%,0,0.429,.351,0.475,.448,53.8%,15.4%,30.8%,37.9%,64.5%,90.0%,14.3%,16.0%,125.0
Florida,Caden McDonald,All,277,42,94.3,111.7,114.7,66.7%,18.0°,15.5°,40.5,21.4%,9,0.339,.323,0.474,.476,35.7%,33.3%,23.8%,35.4%,59.0%,81.9%,16.8%,29.6%,106.0
Navy,Noah Ditas,All,50,7,79.3,94.6,96.3,14.3%,-7.9°,19.0°,42.9,0.0%,0,0.417,.259,0.474,.298,57.1%,0.0%,42.9%,50.0%,66.7%,93.8%,34.6%,28.0%,102.0
Fresno Pacific,Chris Clement,All,111,23,91.0,102.4,104.7,60.9%,9.9°,12.1°,34.8,4.3%,1,0.444,.376,0.474,.488,39.1%,26.1%,34.8%,40.5%,65.9%,93.1%,23.9%,11.1%,80.0
Morehead State,Ian McCubbin,All,488,101,92.5,108.9,111.2,53.5%,9.1°,10.3°,36.6,7.9%,8,0.375,.304,0.474,.395,42.6%,28.7%,23.8%,57.0%,81.2%,79.0%,36.6%,29.1%,96.0
Baylor,Travis Sanders,All,867,133,89.0,107.5,115.2,42.1%,5.1°,16.1°,33.1,10.5%,14,0.366,.286,0.473,.414,50.4%,18.8%,25.6%,44.3%,72.0%,77.9%,21.8%,31.2%,102.0
Dallas Baptist,Luke Pettitte,All,661,125,94.2,108.8,114.4,57.6%,14.1°,13.5°,38.4,16.8%,21,0.338,.347,0.473,.492,39.2%,30.4%,23.2%,42.5%,62.3%,85.1%,27.9%,23.8%,81.0
Charlotte,Alec DeMartino,All,1010,150,93.1,110.1,113.9,49.3%,15.8°,13.8°,36.0,12.7%,19,0.345,.312,0.473,.442,32.0%,27.3%,30.7%,43.8%,71.0%,82.4%,24.1%,27.4%,108.0
Dayton,Danny MacDougall,All,896,141,87.4,101.9,104.8,35.5%,18.1°,18.6°,41.1,5.0%,7,0.365,.272,0.473,.388,31.9%,31.2%,29.1%,41.0%,63.8%,87.8%,24.7%,24.3%,83.0
Dartmouth,Milo Suarez,All,306,52,87.6,104.3,108.3,38.5%,16.2°,15.9°,53.8,7.7%,4,0.35,.331,0.473,.462,28.8%,26.9%,36.5%,37.9%,60.3%,88.6%,17.5%,18.1%,123.0
Georgia Tech,Alex Hernandez,All,963,133,94.4,107.0,112.2,57.1%,7.5°,13.1°,36.8,12.8%,17,0.357,.324,0.473,.463,48.1%,26.3%,24.1%,36.8%,57.7%,81.1%,19.1%,27.1%,91.0
UNLV,Drew Barragan,All,800,137,91.5,107.2,112.1,51.1%,10.2°,12.9°,43.1,12.4%,17,0.367,.325,0.473,.445,40.1%,24.1%,30.7%,41.8%,60.4%,88.8%,26.8%,23.4%,76.0
Houston,Cade Climie,All,570,95,93.7,109.5,113.8,56.8%,11.8°,12.9°,44.2,20.0%,19,0.336,.350,0.472,.493,37.9%,28.4%,31.6%,38.1%,63.0%,85.0%,19.6%,27.6%,105.0
Air Force,Garrett Hutchins,All,214,52,88.6,104.2,107.7,46.2%,29.5°,23.0°,42.3,11.5%,6,0.375,.297,0.472,.445,15.4%,34.6%,32.7%,59.3%,82.6%,85.9%,43.8%,24.4%,55.0
Taylor,Nate Simpson,All,87,13,83.6,100.6,101.2,23.1%,-6.6°,11.2°,30.8,0.0%,0,0.353,.285,0.472,.400,69.2%,15.4%,15.4%,31.0%,65.6%,85.7%,10.9%,14.8%,169.0
Gardner-Webb,Kelvin Agosto,All,271,57,90.7,103.6,105.6,40.4%,7.9°,12.2°,28.1,8.8%,5,0.328,.327,0.472,.421,49.1%,24.6%,22.8%,43.5%,68.9%,83.9%,18.4%,16.9%,126.0
Columbus State,Cayden Evans,All,52,9,76.1,98.6,99.0,22.2%,-9.5°,20.1°,33.3,0.0%,0,0.3,.321,0.472,.444,66.7%,0.0%,33.3%,38.5%,78.3%,83.3%,6.9%,20.0%,130.0
Santa Clara,Will Anderson,All,155,30,91.0,102.3,105.6,46.7%,9.4°,11.9°,36.7,6.7%,2,0.371,.349,0.471,.460,33.3%,23.3%,36.7%,45.2%,69.1%,89.4%,26.4%,21.4%,114.0
Jacksonville,Blake Edmonds,All,211,34,87.7,97.6,102.1,26.5%,10.2°,14.0°,50.0,0.0%,0,0.425,.349,0.471,.445,35.3%,23.5%,41.2%,35.5%,58.5%,96.4%,17.1%,18.7%,117.0
UMBC,Chris Harbert,All,32,5,90.9,102.8,104.4,40.0%,23.5°,17.3°,100.0,0.0%,0,0.333,.395,0.471,.568,0.0%,20.0%,80.0%,37.5%,60.0%,83.3%,27.3%,33.3%,135.0
Long Beach State,Jacob Evans,All,412,72,86.6,102.8,104.8,36.1%,8.8°,8.7°,37.5,1.4%,1,0.4,.298,0.471,.392,41.7%,23.6%,33.3%,43.2%,68.7%,87.7%,26.0%,20.8%,125.0
UTRGV,Armani Raygoza,All,937,144,93.6,109.5,114.2,57.6%,10.3°,15.3°,43.1,24.3%,35,0.321,.355,0.471,.536,41.0%,25.7%,29.2%,40.8%,69.3%,83.8%,18.6%,25.7%,123.0
Kentucky,Tyler Bell,All,743,98,91.7,105.6,109.4,42.9%,16.4°,14.6°,36.7,9.2%,9,0.344,.290,0.471,.449,31.6%,32.7%,31.6%,34.5%,60.0%,84.1%,14.6%,24.2%,119.0
Toledo,Ty O'Brien,All,77,8,81.5,102.3,107.3,25.0%,8.5°,20.5°,37.5,0.0%,0,0.375,.197,0.471,.308,25.0%,50.0%,25.0%,48.1%,75.0%,66.7%,28.9%,43.2%,93.0
Dayton,Sam Stem,All,121,20,93.1,106.4,113.4,50.0%,11.2°,9.8°,35.0,5.0%,1,0.385,.258,0.47,.383,40.0%,20.0%,30.0%,43.8%,61.7%,86.2%,32.4%,26.4%,90.0
Lenoir-Rhyne,Mackenzie Wainwright,All,179,31,96.7,107.8,110.0,64.5%,1.7°,6.9°,38.7,12.9%,4,0.361,.402,0.47,.529,48.4%,16.1%,32.3%,43.6%,79.5%,89.7%,18.9%,19.2%,139.0
Eastern Illinois,James Love,All,667,91,90.6,105.0,108.0,50.5%,8.6°,11.1°,33.0,6.6%,6,0.336,.279,0.47,.427,49.5%,25.3%,18.7%,30.4%,55.1%,90.8%,13.0%,12.8%,121.0
High Point,Seojun Oh,All,805,131,89.8,105.0,110.0,42.7%,11.0°,15.0°,39.7,9.2%,12,0.344,.333,0.47,.454,41.2%,24.4%,31.3%,43.6%,69.0%,81.6%,23.6%,25.9%,106.0
Anderson (SC),Adams Faucett,All,134,21,81.7,95.8,97.0,9.5%,-1.5°,7.9°,42.9,0.0%,0,0.444,.360,0.47,.405,52.4%,4.8%,42.9%,32.8%,50.9%,86.2%,19.5%,18.2%,102.0
Cal State Northridge,Matthew Thomas,All,778,146,95.5,109.6,112.7,60.3%,15.0°,14.2°,40.4,16.4%,24,0.341,.357,0.47,.506,35.6%,25.3%,31.5%,46.8%,70.0%,80.5%,29.7%,28.3%,70.0
Western Michigan,Josh Polubinski,All,209,25,86.9,105.6,107.3,40.0%,22.6°,17.8°,28.0,16.0%,4,0.325,.197,0.469,.330,36.0%,48.0%,16.0%,45.9%,75.3%,76.6%,25.8%,36.5%,71.0
Mary Hardin-Baylor,Cameron Talburt,All,27,10,79.7,98.9,99.2,20.0%,7.7°,5.5°,30.0,0.0%,0,0.5,.402,0.469,.396,60.0%,10.0%,30.0%,59.3%,100.0%,92.9%,15.4%,6.2%,183.0
Florida State,Jace Estes,All,27,5,85.4,89.1,89.1,20.0%,-13.7°,-9.8°,20.0,0.0%,0,0.5,.251,0.469,.249,80.0%,0.0%,20.0%,44.4%,61.5%,87.5%,28.6%,25.0%,82.0
Purdue,Brandon Rogers,All,383,67,86.0,104.4,109.4,38.8%,12.6°,15.4°,34.3,7.5%,5,0.385,.255,0.469,.387,41.8%,28.4%,22.4%,51.7%,74.9%,78.8%,30.5%,26.3%,97.0
Elon,Liam Richards,All,27,5,80.7,71.1,71.1,20.0%,-24.6°,-10.8°,0.0,0.0%,0,0.5,.170,0.469,.156,80.0%,0.0%,0.0%,37.0%,60.0%,83.3%,23.5%,30.0%,134.0
UCF,JD Rogers,All,271,27,93.5,108.3,111.0,48.1%,14.2°,17.7°,48.1,22.2%,6,0.283,.244,0.469,.442,37.0%,33.3%,22.2%,36.2%,55.2%,76.8%,19.9%,35.7%,102.0
UTSA,Andrew Detlefsen,All,766,180,93.6,107.4,112.8,59.4%,8.2°,11.7°,36.7,15.0%,27,0.386,.356,0.469,.468,44.4%,26.1%,28.3%,51.8%,77.3%,87.5%,30.2%,25.2%,87.0
Illinois Springfield,Tyler Thompson,All,32,8,83.6,93.9,97.5,12.5%,4.9°,5.0°,50.0,0.0%,0,0.5,.529,0.469,.525,50.0%,0.0%,50.0%,59.4%,85.7%,83.3%,38.9%,21.1%,57.0
Notre Dame,Andrew Graham,All,157,22,83.2,97.6,103.1,27.3%,19.0°,18.5°,31.8,0.0%,0,0.357,.257,0.469,.381,31.8%,31.8%,31.8%,35.7%,60.0%,89.7%,18.5%,25.0%,108.0
Texas A&M,Connor Harrison,All,840,112,90.5,107.7,111.4,48.2%,17.7°,15.8°,43.8,15.2%,17,0.306,.309,0.469,.476,29.5%,32.1%,33.0%,40.2%,65.0%,81.6%,21.7%,25.4%,96.0
UT Tyler,Brock Bearden,All,116,15,89.6,100.2,104.8,33.3%,8.9°,8.7°,33.3,6.7%,1,0.364,.235,0.469,.395,46.7%,33.3%,13.3%,37.9%,60.7%,88.2%,16.7%,18.2%,137.0
Texas A&M,Blake Binderup,All,433,44,89.0,104.2,111.1,40.9%,18.9°,18.4°,47.7,11.4%,5,0.317,.202,0.468,.333,29.5%,36.4%,27.3%,39.3%,66.3%,65.1%,18.1%,41.8%,103.0
LSU,Cade Arrambide,All,887,124,92.2,106.5,109.9,54.8%,14.0°,18.1°,41.1,18.5%,23,0.324,.271,0.468,.425,36.3%,35.5%,20.2%,41.5%,65.6%,82.0%,24.1%,29.9%,100.0
Pomona-Pitzer,Greg Pierantoni,All,115,23,82.4,93.9,96.3,4.3%,10.1°,17.4°,30.4,0.0%,0,0.423,.317,0.468,.403,47.8%,26.1%,21.7%,33.0%,56.4%,90.9%,21.1%,18.4%,132.0
Xavier,Clay Burdette,All,732,131,93.6,111.1,116.1,57.3%,8.9°,14.6°,38.2,17.6%,23,0.339,.322,0.468,.441,40.5%,24.4%,32.8%,47.1%,72.9%,81.2%,26.1%,27.5%,88.0
NC State,Ty Head,All,1021,146,87.7,102.4,106.9,31.5%,15.8°,13.1°,37.7,6.2%,9,0.308,.287,0.468,.446,39.7%,31.5%,24.0%,34.6%,55.3%,92.0%,18.0%,11.6%,98.0
Cal Poly,Ryan Tayman,All,823,154,89.7,106.1,108.4,42.9%,20.3°,19.3°,33.8,11.7%,18,0.349,.274,0.468,.398,30.5%,42.9%,23.4%,47.8%,74.3%,89.5%,29.7%,24.7%,106.0
NC State,Devin Mitchell,All,49,7,86.2,99.3,100.9,28.6%,41.0°,12.2°,14.3,14.3%,1,0.25,.140,0.467,.333,14.3%,42.9%,0.0%,40.8%,62.5%,73.3%,20.0%,30.0%,145.0
Florida International,Caden Sammler,All,367,60,84.8,101.1,104.5,30.0%,15.2°,15.8°,40.0,0.0%,0,0.333,.277,0.467,.395,33.3%,26.7%,38.3%,34.9%,54.3%,91.0%,19.2%,18.0%,109.0
VMI,Grayson Fitzwater,All,817,136,94.5,107.7,112.2,58.8%,17.5°,19.5°,36.8,13.2%,18,0.297,.312,0.467,.489,29.4%,35.3%,22.1%,41.9%,72.1%,83.7%,19.4%,23.7%,124.0
Kansas State,Dee Kennedy,All,850,149,91.7,105.8,108.4,50.3%,15.6°,18.8°,35.6,13.4%,20,0.337,.320,0.467,.461,34.2%,30.9%,26.2%,44.2%,71.5%,80.4%,17.5%,25.8%,120.0
Florida State,Brayden Dowd,All,858,133,92.2,106.3,110.0,50.4%,9.2°,13.0°,45.9,14.3%,19,0.311,.346,0.466,.523,40.6%,26.3%,28.6%,35.1%,63.2%,87.0%,15.4%,19.3%,132.0
Southern Indiana,Hunter Miller,All,495,77,85.3,99.5,103.8,23.4%,10.0°,7.2°,39.0,2.6%,2,0.382,.264,0.466,.361,42.9%,19.5%,31.2%,40.0%,60.1%,91.0%,23.5%,18.7%,103.0
Mercer,Gabe Gonzalez,All,111,12,80.4,101.9,103.7,33.3%,10.3°,8.8°,16.7,0.0%,0,0.312,.244,0.466,.411,33.3%,41.7%,25.0%,36.9%,68.4%,73.1%,20.5%,29.3%,113.0
Carson-Newman,Tanner Kilgore,All,98,13,88.1,97.5,97.8,30.8%,14.5°,7.5°,30.8,0.0%,0,0.4,.228,0.465,.340,38.5%,30.8%,23.1%,37.8%,69.7%,91.3%,21.5%,21.6%,116.0
Texas State,Ethan Farris,All,384,67,90.4,102.7,110.5,49.3%,14.5°,12.1°,41.8,9.0%,6,0.337,.270,0.465,.351,37.3%,20.9%,28.4%,53.4%,75.6%,83.5%,36.1%,25.9%,68.0
Vanderbilt,Aukai Kea,All,47,8,93.3,105.4,106.0,75.0%,16.3°,24.8°,62.5,37.5%,3,0.231,.331,0.465,.566,25.0%,37.5%,37.5%,51.1%,66.7%,64.3%,38.5%,45.8%,64.0
Bethune-Cookman,Andrey Martinez,All,151,38,86.7,104.6,106.9,31.6%,13.8°,19.6°,39.5,18.4%,7,0.31,.381,0.465,.525,36.8%,23.7%,28.9%,46.4%,74.2%,89.8%,24.7%,14.3%,142.0
Miami (OH),Evan Appelwick,All,915,124,90.5,107.1,112.0,47.6%,13.1°,19.3°,33.9,12.1%,15,0.305,.315,0.465,.506,37.9%,33.9%,21.0%,31.7%,57.4%,82.0%,11.2%,24.8%,136.0
Georgia Tech,Will Baker,All,894,149,91.1,106.0,107.9,49.7%,7.3°,8.5°,32.2,4.7%,7,0.337,.309,0.465,.432,49.0%,22.8%,26.2%,36.8%,58.1%,86.2%,17.5%,19.5%,102.0
Jacksonville State,Brady Thomas,All,705,95,92.3,106.4,110.7,47.4%,9.0°,13.6°,41.1,15.8%,15,0.331,.293,0.465,.435,40.0%,28.4%,28.4%,37.0%,61.3%,83.2%,16.9%,20.3%,98.0
Wake Forest,Luke Costello,All,846,132,94.4,106.1,111.8,56.1%,16.6°,17.1°,38.6,15.9%,21,0.313,.326,0.465,.486,34.1%,30.3%,25.8%,36.8%,65.0%,82.3%,13.4%,22.8%,138.0
Virginia,AJ Gracia,All,1018,162,90.1,103.7,110.5,49.4%,21.1°,17.6°,36.4,9.9%,16,0.33,.308,0.465,.452,29.6%,39.5%,24.7%,35.8%,54.2%,91.2%,20.4%,16.5%,75.0
Whitworth,Caleb Gray,All,51,11,84.4,104.2,104.4,45.5%,-1.0°,13.3°,27.3,9.1%,1,0.385,.310,0.465,.383,63.6%,0.0%,27.3%,47.1%,72.7%,100.0%,27.6%,12.5%,120.0
Alabama State,Jorge Bello,All,62,8,92.9,97.5,98.2,37.5%,17.6°,5.0°,50.0,0.0%,0,0.385,.216,0.465,.379,12.5%,25.0%,50.0%,46.8%,84.0%,76.2%,21.6%,31.0%,97.0
Vanderbilt,Braden Holcomb,All,952,156,92.6,109.0,113.6,51.3%,8.2°,16.8°,33.3,14.7%,23,0.352,.300,0.464,.440,44.2%,26.3%,24.4%,47.0%,73.5%,79.7%,27.0%,30.4%,85.0
Centre,Ayden Lohr,All,51,14,88.5,102.6,103.5,21.4%,-3.9°,9.7°,42.9,0.0%,0,0.467,.300,0.464,.321,42.9%,21.4%,35.7%,41.2%,65.2%,93.3%,21.4%,9.5%,132.0
UT Tyler,Connor Clark,All,114,24,88.2,98.3,99.8,37.5%,14.4°,13.8°,45.8,4.2%,1,0.407,.335,0.464,.422,37.5%,16.7%,37.5%,41.2%,73.6%,87.2%,13.1%,12.8%,140.0
Notre Dame,Mark Quatrani,All,881,165,92.3,107.9,111.1,52.7%,8.6°,14.7°,33.9,11.5%,19,0.366,.329,0.464,.446,44.2%,30.3%,23.6%,48.6%,77.0%,84.1%,26.7%,27.3%,105.0
Wake Forest,Kade Lewis,All,914,165,92.1,106.1,110.7,50.3%,7.9°,9.7°,33.3,8.5%,14,0.361,.346,0.464,.468,46.1%,21.2%,26.7%,38.9%,60.9%,86.5%,21.7%,19.4%,109.0
Georgia Gwinnett,Peyton Watts,All,194,35,87.7,101.1,103.1,40.0%,17.8°,15.3°,37.1,2.9%,1,0.381,.267,0.464,.361,42.9%,37.1%,17.1%,39.7%,68.3%,93.0%,26.0%,22.1%,111.0
Northeastern,Harrison Feinberg,All,836,137,92.3,111.9,114.8,49.6%,7.0°,15.0°,32.8,17.5%,24,0.337,.340,0.464,.490,44.5%,23.4%,28.5%,42.2%,66.1%,82.2%,23.6%,27.5%,100.0
Cumberlands (KY),Derick Andiarena,All,324,84,92.0,108.6,112.1,44.0%,10.4°,8.6°,38.1,6.0%,5,0.348,.378,0.464,.471,42.9%,23.8%,29.8%,49.1%,76.1%,95.4%,28.0%,11.3%,99.0
CSU San Bernardino,Dominic Dominguez,All,48,6,89.7,105.5,108.7,33.3%,3.1°,7.2°,16.7,16.7%,1,0.333,.225,0.464,.366,50.0%,16.7%,0.0%,45.8%,78.6%,72.7%,32.4%,45.5%,82.0
Old Dominion,Brody Connors,All,73,14,91.1,103.4,103.9,42.9%,25.5°,3.9°,21.4,0.0%,0,0.471,.315,0.464,.330,35.7%,21.4%,28.6%,46.6%,65.6%,81.0%,31.7%,23.5%,103.0
Omaha,Jackson Trout,All,599,119,90.1,105.2,111.1,41.2%,12.9°,7.9°,30.3,5.9%,7,0.39,.316,0.464,.396,40.3%,28.6%,26.1%,41.4%,60.9%,92.6%,25.8%,14.1%,82.0
Queens (NC),Grayson Childers,All,727,117,87.2,104.5,107.3,35.9%,10.5°,15.2°,41.0,10.3%,12,0.331,.276,0.464,.410,37.6%,29.1%,28.2%,38.0%,66.0%,84.2%,17.6%,21.4%,131.0
Georgia,Kolby Branch,All,942,133,93.2,107.3,113.8,57.1%,14.1°,17.0°,43.6,15.8%,21,0.314,.301,0.463,.449,36.1%,28.6%,31.6%,46.3%,72.6%,79.4%,24.5%,29.6%,124.0
Georgia Southwestern,Caleb Gipson,All,151,28,83.8,101.0,104.9,25.0%,12.8°,8.4°,39.3,0.0%,0,0.385,.343,0.463,.409,28.6%,21.4%,42.9%,39.7%,61.4%,82.9%,26.6%,31.7%,107.0
Mount Olive,Jakhari Howard,All,82,25,89.0,99.5,100.4,36.0%,6.8°,19.6°,28.0,4.0%,1,0.407,.328,0.463,.399,48.0%,28.0%,20.0%,41.5%,72.5%,96.6%,11.9%,2.9%,128.0
Centre,Evan Rygalski,All,34,5,93.7,106.0,107.6,60.0%,17.0°,19.8°,60.0,40.0%,2,0.286,.276,0.463,.481,20.0%,20.0%,60.0%,38.2%,66.7%,100.0%,22.7%,30.8%,108.0
Davidson,Jameson Daly,All,723,100,89.5,106.0,112.7,47.0%,15.5°,15.7°,43.0,14.0%,14,0.34,.282,0.463,.411,33.0%,28.0%,31.0%,39.4%,58.4%,80.6%,23.7%,29.1%,88.0
Taylor,Sam Gladd,All,62,11,85.2,100.3,102.8,45.5%,15.0°,19.1°,54.5,9.1%,1,0.286,.283,0.463,.430,27.3%,36.4%,36.4%,43.5%,81.8%,88.9%,22.5%,18.5%,98.0
Saint Peter's,Bobby Lavely,All,163,23,90.2,107.4,109.7,47.8%,17.9°,16.6°,60.9,8.7%,2,0.343,.342,0.463,.451,21.7%,26.1%,47.8%,39.3%,58.3%,76.2%,24.2%,34.4%,105.0
Florida,Brendan Lawson,All,927,115,96.5,112.2,115.8,63.5%,15.0°,17.9°,36.5,25.2%,29,0.286,.350,0.462,.544,34.8%,32.2%,26.1%,32.5%,53.7%,88.2%,16.9%,19.9%,102.0
Wofford,Ben Timblin,All,752,116,89.5,106.6,110.5,48.3%,11.7°,13.1°,40.5,13.8%,16,0.318,.321,0.462,.459,42.2%,29.3%,25.0%,42.2%,64.7%,80.9%,23.5%,21.8%,111.0
Mercer,Logan Shepherd,All,1108,147,92.0,108.8,112.4,51.0%,8.7°,13.4°,34.7,10.2%,15,0.308,.302,0.462,.453,43.5%,27.9%,26.5%,32.4%,54.4%,81.8%,17.1%,27.3%,112.0
Cedarville,Kaden Wilde,All,51,9,83.3,94.5,96.2,22.2%,12.5°,6.1°,55.6,0.0%,0,0.417,.390,0.462,.461,33.3%,33.3%,33.3%,35.3%,54.2%,92.3%,18.5%,11.1%,157.0
Miami,Daniel Cuvet,All,718,123,92.3,107.2,110.6,54.5%,13.4°,16.1°,38.2,15.4%,19,0.305,.321,0.462,.469,40.7%,30.9%,24.4%,47.9%,78.8%,82.6%,22.9%,25.0%,103.0
Rhode Island,Ryan King,All,574,115,85.5,100.5,107.5,33.0%,15.3°,15.6°,33.0,6.1%,7,0.361,.283,0.462,.385,39.1%,38.3%,20.9%,39.4%,66.5%,92.2%,18.3%,12.8%,135.0
Wake Forest,Dalton Wentz,All,1013,151,91.7,106.6,112.7,47.7%,12.5°,14.5°,37.7,13.2%,20,0.309,.300,0.461,.450,40.4%,25.2%,24.5%,45.8%,72.1%,84.5%,25.0%,25.9%,105.0
West Florida,Trent Kelly,All,41,9,86.6,99.5,100.8,22.2%,12.0°,15.6°,44.4,0.0%,0,0.444,.417,0.461,.433,33.3%,11.1%,44.4%,43.9%,58.8%,90.0%,33.3%,5.6%,86.0
East Carolina,Jack Herring,All,1089,160,92.4,105.4,111.1,50.0%,3.2°,10.0°,33.1,6.9%,11,0.328,.338,0.461,.472,54.4%,15.0%,25.0%,32.5%,57.9%,90.4%,13.5%,17.8%,124.0
Notre Dame,Bino Watters,All,927,176,94.3,107.3,112.1,60.2%,9.3°,8.8°,30.1,10.8%,19,0.357,.353,0.461,.463,47.7%,23.9%,22.2%,46.2%,67.0%,82.7%,29.9%,22.2%,66.0
North Carolina,Owen Hull,All,972,171,92.7,108.1,112.8,46.8%,3.6°,7.6°,35.1,8.8%,15,0.361,.351,0.46,.468,52.6%,14.0%,29.2%,43.7%,72.7%,85.7%,20.6%,21.2%,104.0
Trevecca Nazarene,Caleb Webster,All,149,31,83.8,103.9,107.9,19.4%,12.4°,13.7°,32.3,3.2%,1,0.378,.249,0.46,.345,41.9%,32.3%,19.4%,48.3%,77.8%,83.9%,20.8%,20.8%,102.0
Northern Illinois,Wyatt Wawro,All,768,115,86.3,100.6,103.7,27.8%,5.8°,10.8°,35.7,1.7%,2,0.401,.264,0.46,.382,45.2%,21.7%,28.7%,34.0%,56.7%,92.5%,17.0%,10.3%,122.0
Ohio State,Mason Eckelman,All,802,136,88.2,102.6,106.9,41.9%,15.1°,15.3°,41.9,6.6%,9,0.325,.312,0.46,.443,33.8%,33.1%,30.1%,38.0%,61.4%,92.6%,19.9%,14.1%,104.0
Cumberland (TN),Dylan LaRue,All,49,15,87.9,102.9,103.1,40.0%,8.0°,11.2°,20.0,6.7%,1,0.353,.263,0.46,.342,60.0%,33.3%,6.7%,59.2%,77.3%,82.4%,44.4%,20.7%,75.0
Saint Mary's (CA),Makoa Sniffen,All,729,188,91.0,106.1,110.3,48.9%,10.2°,12.6°,40.4,9.0%,17,0.374,.350,0.46,.447,39.9%,24.5%,31.9%,55.1%,82.3%,90.2%,33.7%,18.9%,82.0
Washington,Colton Bower,All,487,78,93.1,106.2,110.2,51.3%,19.2°,15.3°,32.1,12.8%,10,0.319,.265,0.459,.376,29.5%,34.6%,26.9%,48.5%,67.3%,79.3%,32.6%,30.1%,65.0
Mississippi State,Blake Bevis,All,367,63,87.8,104.2,106.4,42.9%,8.4°,7.9°,36.5,4.8%,3,0.346,.286,0.459,.395,46.0%,19.0%,25.4%,43.6%,69.0%,83.6%,22.1%,24.4%,100.0
Lincoln Memorial,Kevin Fernandez,All,131,14,85.6,99.8,101.5,28.6%,11.2°,15.2°,42.9,7.1%,1,0.286,.217,0.459,.390,35.7%,21.4%,35.7%,40.5%,73.9%,82.4%,22.4%,34.0%,120.0
Akron,Austin Lafferty,All,200,22,89.2,101.3,102.1,45.5%,20.4°,28.2°,54.5,9.1%,2,0.281,.287,0.459,.461,22.7%,45.5%,27.3%,34.0%,62.7%,82.7%,13.7%,19.1%,146.0
Columbia,Cole Fellows,All,576,126,89.7,105.0,109.2,45.2%,11.1°,7.0°,29.4,4.8%,6,0.349,.316,0.459,.409,51.6%,25.4%,19.8%,47.6%,74.5%,88.8%,24.9%,18.2%,120.0
Wingate,Gavin Groppuso,All,163,18,81.1,96.1,96.2,33.3%,15.4°,-3.5°,22.2,0.0%,0,0.25,.192,0.459,.371,44.4%,33.3%,22.2%,23.9%,37.3%,80.0%,14.6%,28.2%,117.0
Manhattan,Vincent Samuel,All,92,19,88.4,105.8,109.1,47.4%,10.2°,17.2°,42.1,10.5%,2,0.318,.308,0.459,.444,31.6%,31.6%,31.6%,39.1%,59.1%,96.2%,20.8%,16.7%,120.0
New Orleans,Eddie Castillo,All,159,15,85.0,95.6,107.1,13.3%,31.9°,29.1°,33.3,6.7%,1,0.261,.162,0.459,.331,26.7%,40.0%,20.0%,37.1%,65.1%,75.6%,18.8%,27.1%,109.0
Saint Mary's (CA),Ian Armstrong,All,764,142,93.7,106.9,113.0,51.4%,15.2°,13.5°,35.2,11.3%,16,0.339,.337,0.459,.465,38.0%,31.0%,24.6%,44.0%,67.2%,88.4%,28.3%,21.7%,74.0
Louisville,Drew Freeman,All,56,6,84.9,102.3,104.1,33.3%,7.5°,21.6°,50.0,0.0%,0,0.3,.237,0.458,.329,33.3%,33.3%,33.3%,44.6%,69.7%,87.0%,8.7%,20.0%,92.0
Indiana,Jake Hanley,All,938,148,92.5,107.3,111.6,51.4%,7.7°,10.7°,36.5,10.1%,15,0.326,.317,0.458,.443,45.3%,22.3%,28.4%,43.5%,69.1%,81.6%,23.0%,27.0%,100.0
Charleston Southern,Mason Reising,All,304,51,85.1,101.7,104.0,29.4%,15.7°,19.6°,37.3,3.9%,2,0.339,.256,0.458,.398,33.3%,31.4%,23.5%,40.8%,66.1%,83.3%,22.6%,29.0%,103.0
University of Indianapolis,Austin Bode,All,26,5,89.9,101.9,102.8,40.0%,3.3°,5.7°,40.0,0.0%,0,0.429,.356,0.458,.364,40.0%,20.0%,40.0%,53.8%,61.5%,100.0%,46.2%,14.3%,6.0
North Georgia,Kyle Robitzsch,All,132,27,88.1,97.0,100.6,29.6%,8.8°,0.5°,33.3,0.0%,0,0.387,.342,0.458,.433,51.9%,25.9%,22.2%,35.6%,63.0%,91.2%,16.7%,12.8%,122.0
Northern Illinois,Cole Smith,All,717,126,90.5,100.0,106.6,47.6%,16.2°,14.4°,46.0,2.4%,3,0.363,.304,0.458,.425,27.8%,28.6%,37.3%,37.4%,59.6%,91.8%,18.6%,17.5%,135.0
VCU,Jacob Lee,All,908,142,90.3,109.4,114.2,51.4%,15.9°,20.3°,33.1,14.8%,21,0.328,.278,0.458,.433,39.4%,34.5%,20.4%,47.2%,74.8%,75.8%,28.7%,30.5%,99.0
Saint Mary's (CA),Diego Castellanos,All,841,165,89.5,102.6,109.6,45.5%,-1.1°,3.1°,29.7,2.4%,4,0.385,.296,0.458,.388,58.8%,15.2%,24.2%,40.5%,65.7%,93.4%,20.8%,12.3%,96.0
Rochester Christian (MI),Dakota Shafer,All,42,5,92.3,91.8,92.4,20.0%,11.8°,-4.2°,20.0,0.0%,0,0.4,.236,0.458,.411,60.0%,20.0%,20.0%,33.3%,70.6%,75.0%,8.0%,35.7%,120.0
St. Thomas (MN),Tanner Recchio,All,338,65,86.1,97.7,103.1,21.5%,5.3°,9.9°,41.5,0.0%,0,0.394,.365,0.458,.438,49.2%,16.9%,30.8%,42.3%,65.0%,89.2%,22.7%,13.3%,123.0
Dayton,Michael Smith,All,846,120,91.7,106.3,113.8,46.7%,15.9°,17.2°,30.8,10.0%,12,0.312,.267,0.458,.439,35.8%,32.5%,25.0%,36.8%,66.8%,78.5%,13.6%,28.9%,139.0
Utah,Jake Long,All,878,178,90.7,106.7,111.2,45.5%,7.5°,15.8°,34.8,9.0%,16,0.368,.342,0.458,.450,45.5%,24.7%,27.5%,46.2%,71.8%,91.4%,25.8%,14.8%,87.0
San Jose State,Vincent Gamberdella,All,84,12,89.6,99.9,100.1,33.3%,19.6°,12.7°,33.3,0.0%,0,0.312,.221,0.458,.367,25.0%,33.3%,41.7%,50.0%,88.9%,84.4%,20.8%,26.2%,115.0
California Baptist,Connor Ross,All,879,129,90.3,106.1,110.6,45.7%,18.4°,18.6°,47.3,16.3%,21,0.32,.293,0.458,.454,28.7%,36.4%,28.7%,45.3%,72.3%,81.8%,26.8%,22.9%,104.0
Troy,Jimmy Janicki,All,941,199,92.0,110.4,118.3,48.7%,19.3°,14.5°,37.7,11.6%,23,0.343,.332,0.458,.454,31.2%,30.7%,27.1%,45.3%,66.1%,88.1%,30.2%,18.8%,88.0
CSU San Bernardino,Benji Solano,All,38,5,86.9,92.0,93.1,0.0%,12.9°,-,20.0,0.0%,0,0.333,.306,0.458,.465,40.0%,40.0%,20.0%,42.1%,64.3%,88.9%,29.2%,18.8%,108.0
Iowa,Gable Mitchell,All,765,158,85.5,100.4,106.3,31.0%,10.6°,12.7°,37.3,0.0%,0,0.384,.304,0.457,.378,42.4%,24.1%,31.0%,45.2%,67.2%,91.5%,22.8%,11.6%,118.0
Queens (NC),Anibal Rivera,All,699,87,88.1,103.3,108.2,42.5%,13.9°,20.8°,42.5,8.0%,7,0.348,.275,0.457,.406,34.5%,27.6%,33.3%,38.8%,59.6%,75.4%,21.8%,31.4%,93.0
Jackson State,Tyree Reed,All,399,59,88.2,103.9,106.1,40.7%,13.7°,18.2°,33.9,5.1%,3,0.373,.277,0.457,.419,37.3%,27.1%,28.8%,39.1%,63.4%,85.6%,22.1%,17.9%,99.0
Jackson State,Diego Melendez,All,275,69,80.2,99.9,102.6,20.3%,6.6°,10.2°,34.8,0.0%,0,0.375,.281,0.456,.333,43.5%,18.8%,31.9%,42.5%,64.3%,95.9%,26.9%,8.5%,100.0
Illinois Springfield,Brian Daker,All,45,6,89.2,95.7,97.6,16.7%,18.0°,0.1°,33.3,0.0%,0,0.286,.221,0.456,.305,33.3%,50.0%,16.7%,46.7%,75.0%,94.4%,14.3%,4.8%,171.0
Texas Tech,Connor Shouse,All,830,171,91.9,110.2,117.7,52.6%,3.5°,8.6°,32.7,11.1%,19,0.364,.366,0.456,.471,50.9%,18.1%,25.7%,52.0%,75.4%,81.6%,32.9%,24.1%,80.0
Incarnate Word,Cole Tabor,All,804,120,90.2,104.7,108.3,45.8%,13.7°,15.5°,32.5,6.7%,8,0.314,.269,0.456,.401,39.2%,30.8%,24.2%,35.3%,54.3%,80.5%,20.7%,26.4%,117.0
Oklahoma,Connor Larkin,All,148,16,88.4,106.1,108.8,50.0%,1.5°,11.4°,50.0,6.2%,1,0.333,.300,0.456,.440,56.2%,12.5%,31.2%,33.8%,59.0%,75.0%,16.1%,38.0%,126.0
Missouri State,Logan Fyffe,All,630,165,91.1,105.4,109.9,42.4%,11.3°,12.3°,42.4,7.3%,12,0.373,.345,0.456,.429,40.0%,23.6%,32.1%,53.2%,81.3%,90.8%,32.3%,23.0%,73.0
Winthrop,Jaylen Hernandez,All,760,117,91.8,105.8,108.7,47.9%,15.4°,16.4°,44.4,9.4%,11,0.325,.335,0.456,.448,29.9%,29.1%,38.5%,37.8%,57.4%,85.2%,22.7%,22.0%,114.0
Missouri State,Curry Sutherland,All,932,143,91.1,108.7,113.5,52.4%,21.6°,19.6°,41.3,14.0%,20,0.319,.328,0.456,.474,23.1%,37.8%,32.9%,40.8%,65.5%,83.0%,23.3%,27.6%,100.0
Emmanuel (GA),Nicholas Madrigal,All,72,15,80.0,99.6,102.1,40.0%,14.1°,12.4°,53.3,0.0%,0,0.45,.325,0.456,.360,33.3%,13.3%,46.7%,56.9%,78.1%,80.0%,40.0%,29.3%,46.0
UCLA,Will Gasparino,All,954,157,91.4,107.4,113.0,43.9%,20.4°,18.1°,33.8,12.1%,19,0.319,.273,0.455,.408,33.1%,35.7%,20.4%,46.8%,66.5%,83.3%,32.1%,27.6%,51.0
Air Force,Wyatt Hanoian,All,760,135,89.1,102.6,110.9,39.3%,17.5°,12.3°,28.9,5.2%,7,0.344,.318,0.455,.427,39.3%,32.6%,22.2%,36.3%,60.8%,89.5%,19.1%,17.4%,132.0
William & Mary,Jamie Laskofski,All,701,138,87.7,102.7,105.8,39.1%,12.4°,16.5°,41.3,11.6%,16,0.323,.320,0.455,.458,41.3%,24.6%,27.5%,43.5%,69.8%,87.7%,24.9%,20.3%,102.0
Nicholls,Caston Thompson,All,742,117,91.4,105.5,107.7,53.0%,15.9°,18.1°,37.6,11.1%,13,0.318,.300,0.455,.436,31.6%,31.6%,28.2%,43.8%,75.3%,80.4%,22.6%,31.1%,127.0
Wagner,Christian Knight,All,56,6,63.7,78.9,87.5,0.0%,20.6°,-,50.0,0.0%,0,0.333,.320,0.455,.427,16.7%,33.3%,50.0%,37.5%,57.7%,93.3%,20.0%,9.5%,83.0
FGCU,Jon Embury,All,708,150,92.6,106.9,112.0,52.7%,14.9°,18.9°,40.0,10.7%,16,0.365,.339,0.455,.468,36.0%,33.3%,26.0%,49.9%,73.9%,88.7%,33.5%,21.0%,71.0
Erskine,Mason McManus,All,137,26,89.0,100.3,102.8,23.1%,18.7°,9.4°,46.2,0.0%,0,0.433,.340,0.455,.387,26.9%,26.9%,42.3%,39.4%,70.5%,86.0%,14.5%,13.0%,174.0
North Carolina,Jake Schaffner,All,1001,190,88.9,103.4,108.8,48.4%,8.0°,13.4°,45.8,6.3%,12,0.356,.345,0.455,.465,42.6%,20.0%,35.3%,38.0%,60.4%,94.8%,19.7%,13.4%,115.0
Vanderbilt,Mack Whitcomb,All,276,35,91.9,107.5,108.9,42.9%,11.2°,10.7°,25.7,5.7%,2,0.339,.239,0.455,.357,48.6%,25.7%,20.0%,39.1%,65.0%,86.8%,20.1%,27.8%,95.0
Pittsburgh,Caden Dulin,All,705,166,87.8,102.7,107.7,37.3%,10.3°,9.4°,34.3,3.0%,5,0.371,.325,0.455,.411,45.8%,24.7%,25.3%,46.8%,71.7%,94.7%,26.4%,10.3%,82.0
Northern Kentucky,Jake Paulick,All,456,53,90.7,106.8,111.6,43.4%,14.2°,17.6°,39.6,13.2%,7,0.321,.263,0.455,.414,47.2%,26.4%,20.8%,36.2%,54.5%,77.7%,23.2%,30.9%,98.0
Canisius,Thomas Zwirecki,All,285,37,90.2,99.8,104.7,43.2%,10.1°,8.7°,29.7,5.4%,2,0.34,.257,0.455,.380,48.6%,29.7%,21.6%,29.1%,46.7%,86.0%,16.0%,27.7%,109.0
Charleston Southern,Alex Marot,All,666,126,87.7,102.2,105.9,37.3%,13.5°,7.7°,37.3,4.0%,5,0.34,.306,0.454,.424,41.3%,19.8%,26.2%,39.5%,65.5%,85.7%,22.1%,20.2%,126.0
Liberty,Nick Barone,All,921,165,92.4,105.5,109.1,54.5%,8.2°,14.8°,38.2,13.3%,22,0.335,.361,0.454,.500,43.0%,23.6%,28.5%,45.7%,75.8%,85.0%,22.1%,21.1%,114.0
UMBC,Ehi Okojie,All,543,124,92.1,107.2,113.2,50.8%,13.1°,8.3°,29.8,11.3%,14,0.326,.316,0.454,.433,43.5%,26.6%,18.5%,43.1%,64.2%,88.0%,23.7%,15.8%,95.0
UMass,Anthony Tirado,All,255,41,83.0,98.1,98.7,19.5%,8.9°,10.7°,46.3,2.4%,1,0.362,.240,0.454,.340,39.0%,29.3%,31.7%,43.5%,69.6%,89.7%,23.1%,21.6%,88.0
Nevada,Nate Snakenborg,All,139,22,92.9,104.6,107.6,50.0%,10.4°,12.2°,40.9,13.6%,3,0.355,.284,0.454,.409,40.9%,31.8%,27.3%,39.6%,61.4%,82.9%,24.4%,36.4%,118.0
UCLA,Roch Cholowsky,All,1046,193,92.7,108.7,113.8,47.2%,18.0°,12.9°,35.2,12.4%,24,0.327,.318,0.454,.456,34.7%,30.1%,23.8%,42.7%,70.4%,89.7%,21.6%,16.3%,113.0
Vanderbilt,Brodie Johnston,All,1001,174,92.0,106.9,113.3,50.6%,16.1°,13.8°,37.4,10.3%,18,0.335,.330,0.453,.457,35.1%,33.3%,26.4%,47.3%,71.6%,82.5%,28.2%,26.0%,73.0
Purdue,Dylan Drake,All,486,80,86.9,102.1,104.8,35.0%,14.4°,19.3°,51.2,6.2%,5,0.366,.302,0.453,.391,38.8%,25.0%,33.8%,44.9%,69.2%,82.5%,21.1%,25.7%,105.0
James Madison,Josiah Seguin,All,374,58,92.6,107.4,110.1,44.8%,9.2°,8.5°,37.9,10.3%,6,0.341,.264,0.453,.355,44.8%,27.6%,24.1%,49.5%,69.7%,79.8%,37.1%,34.6%,84.0
Alabama State,Niguel Jenkins,All,345,44,88.5,104.3,106.3,47.7%,28.5°,24.9°,36.4,11.4%,5,0.324,.192,0.453,.354,20.5%,40.9%,18.2%,39.7%,58.6%,76.8%,26.8%,32.1%,88.0
Mississippi State,Andrew Raymond,All,186,34,91.2,104.5,110.2,41.2%,5.2°,8.9°,29.4,14.7%,5,0.349,.305,0.453,.419,41.2%,20.6%,32.4%,39.8%,64.1%,84.7%,16.0%,18.9%,112.0
Nebraska,Dylan Carey,All,841,162,89.2,104.3,108.6,42.6%,17.7°,15.7°,40.1,7.4%,12,0.355,.310,0.453,.407,33.3%,29.0%,28.4%,51.8%,78.5%,81.2%,32.6%,29.8%,78.0
California,Hideki Prather,All,818,163,90.5,102.2,107.3,43.6%,17.7°,16.9°,42.3,6.1%,10,0.33,.309,0.453,.418,29.4%,29.4%,33.7%,50.6%,78.2%,86.6%,29.7%,23.9%,97.0
Illinois-Chicago,Will Smoot,All,166,31,90.1,105.9,107.7,41.9%,1.8°,-1.6°,25.8,6.5%,2,0.378,.295,0.453,.375,51.6%,22.6%,25.8%,39.8%,61.0%,89.4%,21.3%,16.7%,89.0
Georgia Gwinnett,Jay O'Neill,All,145,30,88.4,100.3,101.5,23.3%,16.8°,21.6°,43.3,3.3%,1,0.324,.267,0.453,.397,26.7%,40.0%,33.3%,46.2%,76.6%,89.8%,22.2%,10.4%,115.0
Rider,Charley Magoulick,All,270,58,87.5,104.0,105.5,34.5%,14.3°,12.9°,39.7,3.4%,2,0.397,.309,0.453,.380,41.4%,22.4%,29.3%,53.3%,71.7%,85.7%,37.1%,22.9%,24.0
High Point,Jack Clark,All,265,52,88.0,101.5,103.3,40.4%,8.0°,17.0°,42.3,3.8%,2,0.383,.350,0.452,.432,40.4%,25.0%,34.6%,46.4%,62.7%,88.6%,31.7%,17.9%,59.0
Old Dominion,Maverick Stallings,All,751,119,90.8,108.0,113.0,48.7%,9.3°,18.0°,42.9,15.1%,18,0.321,.311,0.452,.454,37.8%,28.6%,31.1%,47.7%,71.3%,79.8%,28.0%,28.8%,92.0
Georgia,Rylan Lujo,All,652,151,87.9,103.8,107.5,36.4%,11.3°,14.4°,46.4,3.3%,5,0.361,.354,0.452,.434,37.1%,25.8%,35.1%,47.5%,70.6%,92.2%,29.2%,16.1%,76.0
Fresno Pacific,Gabriel Henderson,All,148,19,89.5,103.7,105.0,52.6%,13.1°,15.0°,21.1,10.5%,2,0.308,.262,0.452,.409,42.1%,36.8%,15.8%,33.8%,57.8%,83.8%,15.5%,24.0%,161.0
Tusculum,Ryan Ortega,All,109,24,79.6,97.5,98.9,16.7%,13.3°,15.5°,41.7,0.0%,0,0.36,.269,0.452,.317,37.5%,29.2%,33.3%,45.0%,72.1%,90.3%,27.3%,16.3%,133.0
Reinhardt,Louis Dion,All,238,36,89.7,102.4,106.3,30.6%,26.2°,22.6°,47.2,11.1%,4,0.352,.234,0.452,.335,16.7%,33.3%,30.6%,45.4%,64.6%,89.1%,31.7%,28.7%,75.0
Arizona State,Dominic Smaldino,All,789,155,95.2,110.5,113.1,56.8%,14.6°,13.2°,41.9,15.5%,24,0.347,.343,0.451,.457,34.2%,29.7%,30.3%,50.4%,75.4%,79.3%,29.7%,30.4%,62.0
Lee,Braden Gabel,All,39,13,76.5,91.1,91.6,0.0%,13.5°,-,30.8,0.0%,0,0.462,.315,0.451,.380,38.5%,23.1%,15.4%,51.3%,61.9%,92.3%,38.9%,10.0%,49.0
Concordia Irvine,Wyatt Madison,All,25,7,78.8,101.2,105.4,28.6%,12.3°,2.9°,57.1,0.0%,0,0.375,.380,0.451,.390,28.6%,28.6%,42.9%,52.0%,100.0%,90.9%,14.3%,7.7%,110.0
Kansas,Joshua Dykhoff,All,784,127,94.0,107.9,112.0,51.2%,20.8°,16.5°,32.3,14.2%,18,0.317,.303,0.451,.445,31.5%,33.1%,24.4%,47.3%,70.5%,80.5%,27.3%,27.0%,92.0
Nebraska,Case Sanderson,All,987,142,91.7,105.6,110.7,45.8%,12.5°,15.4°,52.8,10.6%,15,0.367,.343,0.45,.454,33.1%,17.6%,47.9%,41.2%,62.5%,82.3%,23.3%,25.6%,101.0
Mount St. Mary's,Parker Hildebrand,All,65,5,91.4,97.5,97.8,40.0%,10.8°,5.5°,60.0,0.0%,0,0.364,.254,0.45,.386,40.0%,20.0%,40.0%,40.0%,69.6%,75.0%,23.8%,34.6%,93.0
Valdosta State,Jackson Webster,All,38,6,90.9,106.9,109.3,50.0%,-10.2°,3.2°,33.3,0.0%,0,0.444,.331,0.45,.370,83.3%,0.0%,16.7%,44.7%,64.3%,55.6%,33.3%,47.1%,88.0
Georgia,Henry Allen,All,757,116,93.4,111.0,115.7,52.6%,16.4°,12.3°,29.3,12.1%,14,0.309,.305,0.45,.446,40.5%,30.2%,24.1%,42.7%,64.6%,81.1%,27.4%,30.3%,89.0
Cincinnati,Ryan Tyranski,All,812,122,93.5,107.5,110.3,50.8%,8.4°,9.3°,27.9,8.2%,10,0.329,.308,0.45,.465,50.0%,21.3%,23.0%,36.0%,58.6%,86.5%,18.4%,17.8%,111.0
Indiana,Hogan Denny,All,820,162,92.9,108.3,114.8,46.3%,11.0°,10.4°,40.1,8.6%,14,0.34,.329,0.449,.437,38.3%,26.5%,28.4%,40.0%,65.7%,90.8%,21.1%,16.2%,103.0
Utah,Bradley Navarro,All,285,42,87.4,102.2,106.1,28.6%,17.9°,14.5°,52.4,0.0%,0,0.327,.313,0.449,.416,26.2%,31.0%,38.1%,41.4%,69.0%,81.2%,22.5%,26.3%,96.0
Northeastern,Ryan Gerety,All,805,143,90.9,101.4,106.0,42.0%,10.5°,11.3°,41.3,3.5%,5,0.337,.355,0.449,.470,37.8%,21.7%,36.4%,40.5%,67.1%,89.2%,17.7%,17.8%,117.0
Georgia,Brennan Hudson,All,681,92,86.1,104.0,108.8,35.9%,22.0°,29.1°,41.3,14.1%,13,0.254,.253,0.449,.433,26.1%,50.0%,21.7%,38.5%,66.5%,79.5%,14.2%,24.4%,134.0
Texas A&M,Nicholas Partida,All,730,130,92.3,106.8,112.4,50.8%,7.2°,10.6°,34.6,9.2%,12,0.317,.328,0.449,.452,46.9%,21.5%,26.9%,39.7%,63.7%,89.6%,19.8%,16.9%,99.0
Illinois State,Michael Carrano,All,294,82,90.0,105.3,109.9,39.0%,12.4°,11.3°,40.2,6.1%,5,0.368,.337,0.449,.428,39.0%,25.6%,30.5%,55.4%,79.6%,87.2%,34.4%,19.0%,76.0
Mississippi State,Noah Sullivan,All,934,138,93.4,106.0,114.7,55.8%,15.6°,16.3°,39.9,6.5%,9,0.344,.310,0.449,.430,34.8%,31.2%,30.4%,39.6%,61.8%,85.1%,21.2%,21.6%,85.0
Tampa,Gunnett Carlson,All,38,7,84.5,97.2,99.3,14.3%,21.7°,21.5°,28.6,0.0%,0,0.25,.168,0.449,.321,28.6%,28.6%,14.3%,26.3%,50.0%,100.0%,12.5%,0.0%,97.0
Wofford,Lucas Manning,All,496,82,88.0,102.9,106.4,41.5%,14.1°,16.9°,47.6,9.8%,8,0.333,.304,0.449,.428,30.5%,31.7%,36.6%,41.1%,63.8%,85.3%,22.4%,18.1%,125.0
Oklahoma,Deiten Lachance,All,816,149,92.1,106.7,111.5,54.4%,14.0°,14.4°,36.2,13.4%,20,0.335,.339,0.449,.475,39.6%,28.9%,25.5%,52.5%,79.1%,85.1%,33.4%,25.0%,62.0
Cal State Northridge,Matthew Pena,All,674,117,91.8,105.2,108.8,53.8%,10.6°,18.3°,34.2,10.3%,12,0.321,.298,0.449,.435,42.7%,29.9%,22.2%,45.5%,76.8%,80.5%,23.4%,31.3%,116.0
Vanderbilt,Mike Mancini,All,910,129,92.2,105.2,109.7,49.6%,15.8°,16.7°,39.5,13.2%,17,0.309,.260,0.449,.429,35.7%,38.8%,23.3%,43.2%,66.5%,80.1%,24.2%,28.8%,98.0
NC State,Luke Nixon,All,861,151,88.0,102.8,107.3,37.1%,13.9°,12.9°,42.4,6.0%,9,0.352,.280,0.449,.402,37.7%,26.5%,30.5%,44.7%,64.9%,90.2%,29.1%,18.7%,87.0
Saint Joseph's,Alex Kelsey,All,795,153,84.0,100.8,108.1,30.1%,6.4°,6.9°,29.4,0.7%,1,0.384,.295,0.449,.371,51.6%,24.8%,21.6%,38.2%,60.6%,90.8%,18.1%,14.1%,116.0
Texas Tech,Davis Rivers,All,223,28,96.7,110.2,114.9,64.3%,14.1°,14.9°,57.1,25.0%,7,0.295,.364,0.448,.542,32.1%,25.0%,42.9%,37.2%,60.9%,77.4%,22.1%,33.7%,127.0
UNLV,Nin Burns,All,783,121,88.3,105.3,109.3,35.5%,16.9°,18.0°,34.7,7.4%,9,0.34,.261,0.448,.383,35.5%,38.8%,24.0%,40.7%,67.1%,80.8%,22.6%,24.8%,121.0
North Carolina,Cooper Nicholson,All,957,127,90.9,107.2,111.9,52.0%,24.7°,22.5°,33.1,16.5%,21,0.286,.263,0.448,.429,28.3%,39.4%,22.8%,39.7%,66.7%,80.8%,18.5%,26.6%,118.0
Clemson,Nate Savoie,All,954,168,95.7,111.2,114.9,57.7%,7.5°,11.8°,35.1,16.7%,28,0.34,.350,0.448,.487,45.8%,21.4%,27.4%,46.4%,69.2%,85.4%,27.4%,25.1%,76.0
Bradley,Landon Lowe,All,546,101,89.7,103.0,105.6,47.5%,4.4°,9.3°,34.7,5.0%,5,0.395,.317,0.448,.396,48.5%,18.8%,28.7%,41.9%,60.1%,90.3%,25.7%,19.7%,82.0
Centre,Chase Austin,All,60,10,86.8,100.7,101.5,50.0%,3.0°,20.0°,60.0,10.0%,1,0.333,.300,0.448,.442,40.0%,30.0%,30.0%,38.3%,61.5%,93.8%,20.6%,8.7%,133.0
New Mexico State,Steve Solorzano,All,781,168,88.5,104.7,110.4,38.7%,14.2°,14.8°,38.1,7.1%,12,0.342,.335,0.448,.446,35.1%,32.7%,28.0%,49.2%,73.3%,89.7%,30.0%,19.3%,90.0
Duke,Matthew Strand,All,793,125,92.5,105.8,109.9,51.2%,16.7°,15.1°,44.0,13.6%,17,0.318,.300,0.448,.434,32.8%,22.4%,28.8%,46.5%,71.1%,76.4%,25.8%,33.1%,75.0
NC State,Mikey Ryan,All,679,112,89.3,108.8,111.0,43.8%,5.1°,12.4°,28.6,8.9%,10,0.331,.280,0.448,.398,50.0%,22.3%,22.3%,39.2%,61.0%,89.9%,22.7%,19.9%,86.0
Stephen F. Austin,Mark Henning,All,486,105,87.0,101.6,104.5,33.3%,6.9°,2.4°,34.3,3.8%,4,0.35,.367,0.448,.457,49.5%,12.4%,25.7%,45.3%,74.2%,93.1%,26.0%,12.3%,127.0
Clemson,Jarren Purify,All,624,99,89.6,103.9,108.4,46.5%,13.9°,16.6°,40.4,12.1%,12,0.344,.298,0.448,.435,37.4%,29.3%,29.3%,41.7%,63.0%,85.7%,21.9%,20.0%,100.0
George Washington,Robbie Lavey,All,831,142,93.5,107.8,112.7,53.5%,8.7°,14.3°,43.0,12.0%,17,0.339,.389,0.448,.518,40.8%,23.9%,33.8%,36.3%,60.8%,84.6%,19.2%,22.5%,108.0
NJIT,Nicholas Vega,All,94,13,92.4,111.0,111.4,46.2%,5.1°,17.7°,46.2,30.8%,4,0.286,.283,0.447,.441,30.8%,23.1%,38.5%,43.6%,66.7%,75.0%,29.3%,46.3%,120.0
St. Thomas (FL),Erick Ballenilla,All,430,84,88.2,101.8,104.3,38.1%,9.6°,11.8°,33.3,4.8%,4,0.353,.301,0.447,.417,46.4%,25.0%,22.6%,46.3%,72.5%,84.3%,29.7%,25.1%,104.0
Oregon,Angel Laya,All,859,155,89.7,105.8,110.7,41.3%,8.4°,9.8°,34.8,7.7%,12,0.322,.313,0.447,.423,47.1%,20.6%,26.5%,39.2%,59.9%,90.9%,23.8%,14.8%,90.0
Air Force,Walker Zapp,All,615,122,87.2,103.4,107.0,40.2%,15.8°,15.2°,34.4,4.9%,6,0.342,.282,0.447,.375,38.5%,27.0%,31.1%,46.7%,73.4%,84.9%,28.1%,28.6%,103.0
Arizona State,Dean Toigo,All,885,162,93.7,109.3,111.7,50.6%,11.2°,8.5°,32.1,12.3%,20,0.321,.327,0.447,.450,43.2%,29.6%,21.0%,46.3%,68.9%,88.8%,30.7%,22.7%,76.0
Michigan State,Nicklas Williams,All,699,142,92.0,103.9,106.9,51.4%,9.6°,12.5°,43.7,5.6%,8,0.344,.396,0.447,.499,43.0%,21.1%,34.5%,43.8%,66.8%,92.6%,21.6%,12.1%,110.0
Arkansas,Ryder Helfrick,All,987,155,91.8,108.3,111.6,53.5%,9.1°,18.1°,38.7,16.1%,25,0.294,.328,0.447,.501,41.3%,30.3%,26.5%,38.6%,64.8%,87.2%,20.1%,23.6%,107.0
Lander,Brody Winter,All,162,28,88.9,106.3,109.3,46.4%,12.0°,22.5°,25.0,10.7%,3,0.324,.276,0.447,.426,35.7%,35.7%,28.6%,38.9%,58.0%,90.0%,24.7%,27.0%,93.0
Delaware State,Justin Batts,All,80,17,84.7,99.6,101.2,35.3%,7.1°,14.7°,35.3,11.8%,2,0.389,.401,0.447,.485,47.1%,35.3%,17.6%,43.8%,65.7%,95.7%,26.7%,11.4%,110.0
Pittsburgh,Mason Ligenza,All,221,27,90.0,106.0,108.3,44.4%,2.1°,16.7°,22.2,7.4%,2,0.289,.215,0.447,.353,48.1%,37.0%,14.8%,38.0%,58.2%,75.4%,22.0%,32.1%,92.0
Purdue,Avery Moore,All,555,89,91.1,107.3,110.8,48.3%,19.6°,16.9°,41.6,10.1%,9,0.356,.313,0.446,.430,31.5%,25.8%,33.7%,46.7%,74.5%,86.6%,26.9%,25.9%,106.0
Kentucky,Alex Duffey,All,75,10,91.6,103.2,103.6,60.0%,6.8°,13.0°,10.0,0.0%,0,0.308,.312,0.446,.397,40.0%,20.0%,30.0%,44.0%,66.7%,77.3%,26.2%,36.4%,64.0
Utah,Cameron Gurney,All,812,162,90.1,104.5,110.5,44.4%,1.6°,10.7°,30.2,3.7%,6,0.358,.320,0.446,.422,54.9%,19.1%,23.5%,51.7%,79.9%,85.2%,31.6%,18.8%,103.0
British Columbia,Kyle Yip,All,80,15,96.0,106.3,107.2,60.0%,4.7°,-0.4°,33.3,6.7%,1,0.375,.335,0.446,.462,46.7%,26.7%,20.0%,33.8%,64.5%,85.0%,14.3%,18.5%,152.0
Cal State Fullerton,Paul Contreras,All,781,143,91.2,106.8,109.7,49.0%,16.5°,14.1°,30.8,11.2%,16,0.339,.311,0.446,.435,39.2%,30.8%,22.4%,36.1%,58.7%,88.7%,16.5%,17.4%,118.0
Notre Dame,Drew Berkland,All,1048,168,90.8,107.3,109.8,45.2%,12.2°,17.6°,35.1,11.3%,19,0.33,.299,0.446,.417,38.7%,31.5%,25.0%,42.1%,63.7%,80.1%,23.1%,25.6%,104.0
Morehead State,Griffin Olson,All,599,87,86.4,103.8,106.7,32.2%,21.9°,12.7°,37.9,3.4%,3,0.341,.246,0.446,.375,33.3%,25.3%,29.9%,40.6%,67.5%,81.8%,21.0%,28.4%,123.0
Louisville,Jimmy Nugent,All,770,113,88.1,109.0,112.9,46.9%,12.1°,16.0°,34.5,13.3%,15,0.311,.282,0.445,.424,43.4%,30.1%,19.5%,44.8%,66.9%,80.6%,28.9%,35.4%,72.0
UCLA,Mulivai Levu,All,976,201,91.1,105.7,111.6,47.3%,10.5°,12.8°,36.8,10.9%,22,0.339,.353,0.445,.466,40.3%,25.4%,29.4%,47.7%,71.0%,89.1%,29.7%,17.6%,89.0
St. Thomas (FL),Ruben Gandarilla,All,41,13,81.9,90.5,91.3,0.0%,13.8°,-,53.8,0.0%,0,0.417,.313,0.445,.352,30.8%,23.1%,46.2%,46.3%,75.0%,100.0%,19.0%,5.3%,105.0
Mary Hardin-Baylor,Taylor McDaniel,All,31,7,89.5,96.1,99.1,14.3%,13.7°,9.1°,57.1,0.0%,0,0.429,.488,0.445,.534,28.6%,14.3%,57.1%,35.5%,69.2%,100.0%,11.1%,0.0%,150.0
Gonzaga,Ricky Sanchez,All,793,135,87.5,98.7,102.7,26.7%,14.8°,8.0°,43.7,1.5%,2,0.368,.344,0.445,.424,37.0%,26.7%,33.3%,37.1%,59.8%,91.7%,18.1%,12.6%,123.0
Illinois,Cole Crafton,All,151,12,87.6,100.2,104.8,25.0%,2.8°,21.0°,41.7,0.0%,0,0.32,.223,0.444,.355,41.7%,8.3%,50.0%,37.1%,63.9%,66.7%,18.9%,46.4%,87.0
Virginia Tech,Willie Hurt,All,277,34,88.5,98.8,100.3,38.2%,7.3°,8.6°,38.2,0.0%,0,0.333,.306,0.444,.435,52.9%,8.8%,35.3%,34.7%,56.4%,75.8%,20.4%,30.2%,121.0
Lincoln Memorial,Brady Morse,All,217,53,84.0,100.6,104.0,26.4%,16.8°,6.3°,35.8,0.0%,0,0.386,.310,0.444,.368,35.8%,24.5%,30.2%,45.6%,66.7%,87.9%,31.5%,14.1%,78.0
NC State,Rett Johnson,All,916,173,87.3,100.1,102.8,23.7%,-1.7°,1.2°,24.3,0.0%,0,0.388,.299,0.444,.388,62.4%,14.5%,22.0%,36.5%,61.5%,92.6%,13.4%,10.8%,132.0
Saint Peter's,Aidan Forrest,All,110,16,86.2,98.2,98.7,25.0%,23.5°,7.2°,37.5,0.0%,0,0.348,.235,0.444,.342,25.0%,37.5%,31.2%,44.5%,66.7%,90.6%,27.4%,22.4%,129.0
Tulane,Jason Wachs,All,935,156,91.8,105.1,110.9,51.3%,11.7°,10.3°,34.6,6.4%,10,0.323,.315,0.444,.428,41.7%,27.6%,23.1%,36.4%,58.2%,88.7%,19.4%,20.0%,114.0
Texas State,Clayton Namken,All,750,120,89.5,105.2,109.3,40.0%,19.0°,18.0°,39.2,13.3%,16,0.316,.291,0.444,.425,30.0%,32.5%,28.3%,43.7%,70.5%,81.9%,22.8%,25.6%,119.0
Wichita State,Jayson Jones,All,812,180,94.3,109.1,115.8,52.8%,10.9°,11.8°,33.3,11.7%,21,0.354,.366,0.444,.482,40.6%,24.4%,27.2%,46.4%,74.3%,88.4%,26.8%,19.1%,96.0
Northwestern,Jack Lausch,All,803,128,93.4,108.2,111.5,55.5%,15.6°,16.9°,36.7,14.1%,18,0.31,.305,0.444,.438,35.9%,28.9%,28.1%,47.2%,70.2%,80.3%,28.3%,27.2%,99.0
Taylor,Ben Kennedy,All,137,18,89.3,100.1,102.8,44.4%,12.6°,17.3°,33.3,5.6%,1,0.296,.283,0.444,.404,33.3%,44.4%,22.2%,34.3%,63.0%,64.7%,15.7%,38.3%,144.0
Washington State,Gavin Roy,All,435,81,83.0,97.9,101.2,23.5%,6.9°,13.8°,37.0,0.0%,0,0.386,.305,0.444,.378,48.1%,14.8%,32.1%,41.8%,63.1%,86.2%,24.6%,16.5%,98.0
Prairie View,Sonnier Moses,All,93,12,78.4,92.4,94.2,0.0%,6.1°,-,41.7,0.0%,0,0.381,.165,0.443,.264,50.0%,16.7%,33.3%,54.8%,79.2%,78.9%,28.9%,31.4%,102.0
Houston Christian,Luke Bard,All,403,69,89.4,101.0,106.4,37.7%,9.9°,3.4°,27.5,1.4%,1,0.381,.264,0.443,.355,47.8%,26.1%,23.2%,34.2%,54.3%,90.2%,16.7%,14.5%,100.0
Dallas Baptist,Ben Tryon,All,964,163,88.1,104.8,109.9,39.9%,6.5°,12.0°,32.5,8.0%,13,0.332,.289,0.443,.398,52.1%,25.2%,20.9%,36.1%,56.3%,91.1%,19.2%,14.7%,105.0
Towson,Nigel Sebastianelli,All,63,8,80.3,94.4,95.9,12.5%,6.5°,12.6°,50.0,0.0%,0,0.3,.335,0.443,.456,37.5%,12.5%,50.0%,38.1%,75.0%,95.2%,8.6%,8.3%,145.0
Santa Clara,Tate Medicoff,All,345,44,90.5,107.5,113.0,52.3%,17.3°,22.0°,31.8,15.9%,7,0.303,.260,0.443,.404,31.8%,45.5%,22.7%,47.2%,68.9%,83.3%,31.0%,34.4%,61.0
Le Moyne,Adam Sullivan,All,228,30,89.7,103.6,106.7,43.3%,12.0°,22.1°,46.7,10.0%,3,0.311,.288,0.443,.436,33.3%,30.0%,33.3%,42.1%,64.8%,79.4%,22.8%,27.1%,94.0
UCF,John Smith,All,718,148,92.4,108.9,114.0,51.4%,8.8°,8.4°,35.1,11.5%,17,0.343,.343,0.443,.452,43.2%,16.9%,29.1%,45.5%,65.7%,87.7%,29.2%,20.5%,79.0
McNeese,Bryce Fontenot,All,133,23,87.2,98.7,102.1,30.4%,2.8°,11.6°,30.4,4.3%,1,0.37,.299,0.443,.402,60.9%,8.7%,30.4%,38.3%,60.4%,75.0%,23.8%,31.4%,128.0
UCLA,Roman Martin,All,1142,172,91.6,106.2,110.1,51.7%,10.9°,10.8°,39.5,8.7%,15,0.335,.319,0.442,.437,41.3%,28.5%,28.5%,31.5%,48.0%,87.8%,18.2%,22.2%,99.0
California Baptist,Cole Hansen,All,679,151,86.6,99.4,104.3,27.8%,15.0°,16.1°,37.7,3.3%,5,0.38,.283,0.442,.351,35.1%,29.1%,29.8%,56.4%,75.8%,84.0%,42.1%,25.8%,59.0
East Tennessee State,Nate Conner,All,1023,167,88.9,101.1,105.5,35.3%,22.6°,18.0°,34.7,6.6%,11,0.301,.242,0.442,.367,28.1%,39.5%,23.4%,37.1%,55.9%,93.6%,20.8%,15.3%,92.0
Virginia Tech,Ethan Ball,All,948,123,92.2,106.2,109.3,48.0%,14.9°,16.3°,44.7,17.1%,21,0.308,.284,0.442,.418,33.3%,32.5%,30.9%,47.2%,68.1%,78.5%,30.3%,35.1%,89.0
Coastal Carolina,Cruz Harlan,All,124,9,89.5,98.4,100.6,44.4%,13.7°,23.7°,11.1,0.0%,0,0.231,.142,0.442,.418,44.4%,55.6%,0.0%,19.4%,39.1%,88.9%,7.7%,29.2%,121.0
Ball State,Maalik Perkins,All,66,6,87.0,93.1,94.6,0.0%,10.3°,-,0.0,0.0%,0,0.455,.169,0.442,.305,50.0%,16.7%,16.7%,37.9%,51.7%,60.0%,27.0%,44.0%,130.0
Indiana State,Mason Roell,All,339,48,89.1,106.2,109.8,41.7%,5.6°,6.3°,31.2,12.5%,6,0.328,.300,0.442,.405,41.7%,25.0%,25.0%,36.9%,55.6%,82.4%,21.5%,26.4%,96.0
Mississippi State,Vytas Valincius,All,418,66,91.0,104.6,107.4,47.0%,11.9°,14.1°,40.9,6.1%,4,0.369,.347,0.442,.450,40.9%,19.7%,34.8%,46.4%,74.0%,83.6%,25.3%,23.2%,95.0
Miami,Alonzo Alvarez,All,709,126,89.0,102.7,105.8,38.1%,5.5°,7.1°,34.1,2.4%,3,0.333,.278,0.442,.392,46.0%,15.9%,31.0%,43.0%,68.8%,85.2%,22.5%,19.3%,100.0
Southeastern (FL),Charlie Collins,All,426,72,87.5,100.7,104.9,41.7%,11.3°,11.2°,38.9,1.4%,1,0.364,.294,0.442,.387,40.3%,29.2%,27.8%,43.4%,75.0%,81.7%,22.9%,23.2%,106.0
Minnesota,Jack Bello,All,436,73,90.1,105.2,109.2,49.3%,21.2°,18.3°,39.7,13.7%,10,0.297,.257,0.442,.380,26.0%,41.1%,23.3%,48.9%,74.7%,76.3%,29.6%,31.5%,110.0
Southern Miss,Kyle Morrison,All,1025,164,90.5,104.9,108.3,45.1%,17.7°,22.1°,38.4,11.6%,19,0.312,.293,0.442,.433,26.8%,40.9%,28.0%,46.7%,72.9%,80.9%,28.8%,30.9%,93.0
Jackson State,Wilbert Perez,All,56,9,77.4,91.2,91.2,0.0%,-12.9°,-,22.2,0.0%,0,0.417,.241,0.442,.307,88.9%,0.0%,11.1%,32.1%,42.1%,100.0%,27.0%,44.4%,60.0
Florida State,Will Bavaro,All,267,29,86.0,100.5,103.5,31.0%,12.5°,13.1°,37.9,0.0%,0,0.292,.202,0.441,.350,37.9%,27.6%,31.0%,37.5%,54.0%,69.1%,22.7%,41.0%,80.0
Manhattan,Trevor Hansen,All,63,6,95.9,107.7,107.8,50.0%,15.5°,34.1°,33.3,33.3%,2,0.286,.163,0.441,.402,33.3%,50.0%,0.0%,57.1%,80.8%,76.2%,40.5%,38.9%,34.0
San Diego State,Tyce Peterson,All,819,134,93.1,108.1,112.2,53.7%,12.7°,14.0°,36.6,14.9%,20,0.317,.293,0.441,.425,40.3%,25.4%,25.4%,48.6%,76.8%,76.2%,25.7%,30.7%,125.0
Cumberlands (KY),Pedro Vasquez,All,302,52,87.2,107.9,109.4,38.5%,1.6°,6.2°,26.9,7.7%,4,0.304,.258,0.441,.365,61.5%,15.4%,19.2%,43.0%,69.3%,81.0%,27.1%,28.5%,86.0
LSU,Jake Brown,All,736,133,90.4,105.6,109.0,49.6%,16.1°,15.1°,39.8,12.0%,16,0.303,.327,0.441,.464,35.3%,30.1%,28.6%,42.9%,66.5%,84.5%,23.7%,22.5%,93.0
Mount Olive,Kayden Crawford,All,124,23,79.4,93.4,93.8,0.0%,15.0°,-,43.5,0.0%,0,0.346,.304,0.441,.358,30.4%,26.1%,30.4%,52.4%,80.0%,94.4%,36.7%,15.4%,55.0
Carson-Newman,Braxton Smith,All,167,34,79.8,94.4,97.5,5.9%,12.2°,14.7°,32.4,0.0%,0,0.385,.333,0.441,.381,47.1%,17.6%,29.4%,34.7%,56.4%,93.2%,15.7%,13.8%,103.0
Morehead State,Davis Germann,All,733,118,88.6,103.0,106.8,35.6%,15.7°,14.0°,40.7,4.2%,5,0.341,.274,0.44,.373,31.4%,31.4%,30.5%,47.1%,75.2%,77.9%,25.4%,32.8%,110.0
The Citadel,Michael Gibson,All,463,85,91.0,104.8,111.5,42.4%,2.7°,7.5°,32.9,3.5%,3,0.365,.314,0.44,.396,51.8%,21.2%,25.9%,39.3%,67.0%,84.9%,20.4%,23.6%,117.0
Missouri State,Jax Ryan,All,455,67,91.5,104.7,108.3,52.2%,12.8°,21.3°,32.8,11.9%,8,0.354,.299,0.44,.439,37.3%,26.9%,28.4%,45.1%,75.1%,75.3%,20.4%,33.7%,111.0
Southern Illinois,Jacob McKenzie,All,338,57,88.3,104.5,108.5,43.9%,5.3°,11.4°,42.1,14.0%,8,0.338,.302,0.44,.427,52.6%,17.5%,28.1%,42.3%,65.5%,80.0%,24.9%,28.7%,106.0
UAB,Andrew Hunt,All,911,154,89.7,103.2,105.7,43.5%,11.8°,13.3°,31.2,3.2%,5,0.328,.306,0.44,.432,40.9%,22.7%,27.9%,31.1%,54.7%,92.6%,13.1%,11.7%,116.0
Georgia Tech,Kent Schmidt,All,958,127,89.4,103.5,108.5,40.2%,7.3°,11.9°,33.1,7.9%,10,0.312,.289,0.44,.434,45.7%,26.8%,22.8%,30.4%,50.8%,88.1%,12.7%,17.5%,103.0
Sacramento State,Erick Dessens,All,925,192,91.0,104.9,110.1,47.9%,6.7°,11.1°,42.7,4.2%,8,0.365,.376,0.44,.449,42.7%,16.7%,37.5%,45.0%,68.6%,89.3%,25.1%,18.8%,83.0
Mercer,Drew Johnson,All,289,29,84.7,105.3,106.4,34.5%,16.5°,11.2°,37.9,3.4%,1,0.312,.214,0.44,.395,34.5%,24.1%,27.6%,34.9%,55.5%,85.2%,22.3%,32.7%,132.0
Mount St. Mary's,Alexander Mendes,All,493,109,88.2,103.2,107.5,40.4%,4.1°,10.5°,30.3,4.6%,5,0.336,.279,0.44,.362,52.3%,22.0%,24.8%,41.2%,67.5%,89.5%,23.6%,17.2%,92.0
Liberty,Tanner Marsh,All,1149,192,87.8,102.7,107.7,34.4%,9.6°,12.9°,35.9,5.7%,11,0.357,.291,0.44,.402,42.7%,30.7%,24.5%,41.7%,62.7%,84.6%,21.8%,21.1%,102.0
Gardner-Webb,Alejandro Sanchez,All,92,17,85.8,97.5,103.6,11.8%,12.4°,27.0°,41.2,5.9%,1,0.304,.269,0.44,.351,35.3%,17.6%,35.3%,44.6%,71.1%,75.0%,19.1%,29.3%,67.0
Marshall,Evan Bottone,All,842,159,85.9,103.6,109.0,32.7%,6.9°,11.0°,35.2,3.1%,5,0.378,.311,0.439,.408,49.1%,20.1%,27.7%,41.6%,58.4%,94.8%,26.5%,12.3%,93.0
Jackson State,Ledy Alvarez,All,72,11,86.8,97.4,97.9,18.2%,23.0°,8.3°,36.4,0.0%,0,0.357,.263,0.439,.369,27.3%,36.4%,36.4%,34.7%,58.6%,76.5%,18.6%,24.0%,75.0
Oregon State,Ethan Porter,All,314,43,87.5,104.8,109.5,44.2%,10.2°,8.9°,37.2,4.7%,2,0.304,.293,0.439,.424,41.9%,18.6%,32.6%,35.0%,57.9%,90.0%,20.7%,22.7%,132.0
Notre Dame,Jayce Lee,All,893,151,91.8,105.1,111.0,51.0%,14.5°,13.6°,32.5,6.6%,10,0.327,.290,0.439,.391,37.7%,29.8%,25.2%,44.1%,64.2%,87.3%,26.6%,21.8%,80.0
Kansas State,Nick English,All,370,41,92.1,107.2,109.4,53.7%,18.4°,15.4°,39.0,12.2%,5,0.242,.262,0.439,.429,31.7%,17.1%,34.1%,33.2%,52.6%,80.0%,16.6%,26.8%,93.0
UC Davis,Ethan Felix,All,361,65,89.7,105.6,112.8,49.2%,10.3°,11.4°,35.4,9.2%,6,0.317,.310,0.439,.409,47.7%,27.7%,23.1%,44.0%,63.1%,89.9%,29.4%,23.9%,81.0
UMass,Braden Sullivan,All,201,48,89.1,104.3,106.8,43.8%,10.7°,19.0°,52.1,8.3%,4,0.379,.380,0.439,.485,29.2%,20.8%,45.8%,47.3%,68.8%,85.9%,28.7%,17.9%,108.0
Illinois-Chicago,Ashton Kampa,All,541,129,90.2,106.6,111.0,41.1%,15.3°,14.5°,38.8,16.3%,21,0.315,.335,0.439,.453,34.9%,34.9%,25.6%,51.8%,75.6%,87.8%,33.0%,18.6%,73.0
Cincinnati,Enzo Infelise,All,879,162,95.6,110.2,114.7,58.6%,4.5°,6.3°,32.7,9.3%,15,0.374,.353,0.439,.433,52.5%,12.3%,29.6%,45.7%,65.0%,89.0%,30.3%,23.1%,81.0
Oklahoma,Dasan Harris,All,422,84,87.6,101.4,104.6,39.3%,7.4°,11.5°,27.4,4.8%,4,0.36,.285,0.439,.379,52.4%,22.6%,19.0%,50.0%,73.0%,89.0%,29.3%,19.4%,93.0
Miami (OH),Diego Cruz,All,660,119,78.9,98.2,103.0,13.4%,9.2°,18.6°,33.6,2.5%,3,0.375,.250,0.439,.308,45.4%,22.7%,25.2%,43.8%,59.1%,87.3%,29.4%,19.4%,56.0
Southern Miss,Davis Gillespie,All,994,182,91.3,107.5,111.8,49.5%,11.7°,12.2°,33.5,11.0%,20,0.327,.334,0.439,.455,42.3%,30.2%,24.7%,43.3%,64.1%,85.9%,26.5%,20.5%,95.0
Arkansas State,Adam Mustow,All,120,18,92.5,103.6,105.1,61.1%,16.2°,11.0°,33.3,5.6%,1,0.37,.309,0.439,.374,44.4%,27.8%,27.8%,46.7%,72.1%,79.5%,20.3%,30.4%,87.0
USF,Nate Earley,All,530,104,94.3,108.2,112.0,48.1%,17.9°,12.0°,30.8,6.7%,7,0.338,.293,0.438,.394,33.7%,26.0%,26.0%,49.6%,75.4%,81.1%,30.7%,30.0%,98.0
Maryland,Jackson Sirois,All,299,51,89.3,103.1,104.0,49.0%,6.1°,18.3°,39.2,7.8%,4,0.29,.313,0.438,.458,41.2%,27.5%,29.4%,31.8%,55.3%,83.6%,13.2%,18.9%,135.0
Dayton,Jason Bello,All,847,122,90.3,102.6,106.3,42.6%,18.2°,22.2°,37.7,10.7%,13,0.281,.265,0.438,.410,30.3%,43.4%,21.3%,38.4%,61.1%,80.3%,21.8%,27.1%,120.0
FGCU,Javier Gorostola,All,721,170,89.9,103.6,108.1,48.8%,13.8°,12.8°,44.7,4.1%,7,0.36,.356,0.438,.437,37.1%,25.3%,33.5%,52.1%,79.7%,92.0%,30.8%,16.2%,103.0
Southeast Missouri,Cal Sullivan,All,906,127,90.2,106.5,110.4,44.9%,12.3°,16.0°,33.9,9.4%,12,0.292,.283,0.438,.417,40.2%,27.6%,26.8%,33.9%,56.7%,87.3%,15.5%,18.6%,131.0
BYU,Ezra McNaughton,All,871,178,92.0,107.5,111.7,46.6%,15.9°,12.9°,28.7,9.0%,16,0.333,.310,0.438,.424,38.2%,32.6%,20.8%,46.3%,71.5%,86.6%,25.1%,19.1%,111.0
Ole Miss,Tristan Bissetta,All,945,130,93.3,111.1,115.7,51.5%,9.5°,18.4°,40.0,19.2%,25,0.289,.294,0.438,.456,42.3%,29.2%,23.8%,42.8%,66.9%,71.7%,23.7%,36.6%,106.0
NC State,Andrew Wiggins,All,332,35,91.3,107.3,109.7,42.9%,-4.2°,4.6°,28.6,11.4%,4,0.268,.232,0.438,.387,62.9%,14.3%,17.1%,32.2%,50.3%,74.0%,18.2%,33.6%,109.0
Texas Tech,Robin Villeneuve,All,735,117,94.8,109.6,113.6,59.0%,8.8°,11.5°,34.2,14.5%,17,0.335,.337,0.438,.449,47.9%,18.8%,29.9%,43.3%,68.3%,79.5%,19.6%,29.2%,105.0
Boston College,Jack Toomey,All,766,116,93.0,106.1,110.7,51.7%,14.3°,11.8°,38.8,12.1%,14,0.316,.302,0.438,.442,39.7%,24.1%,31.9%,42.8%,71.3%,81.9%,20.8%,26.2%,108.0
Ohio State,Henry Kaczmar,All,847,157,88.2,103.6,108.1,43.9%,15.8°,17.8°,45.2,6.4%,10,0.323,.303,0.438,.415,31.2%,29.9%,32.5%,44.2%,66.5%,84.6%,25.8%,20.9%,92.0
Georgia,Keni Ishikawa,All,436,76,84.1,100.6,105.3,28.9%,17.9°,12.1°,34.2,2.6%,2,0.345,.295,0.438,.412,31.6%,31.6%,30.3%,35.1%,57.5%,91.9%,17.3%,13.7%,109.0
Mars Hill,Yeriel Pastrana,All,27,5,89.0,96.6,101.9,20.0%,27.7°,16.8°,20.0,0.0%,0,0.4,.148,0.437,.271,20.0%,60.0%,20.0%,44.4%,84.6%,81.8%,7.1%,16.7%,146.0
Auburn,Chase Fralick,All,1013,165,92.7,106.1,110.6,43.0%,12.5°,11.8°,38.8,10.9%,18,0.319,.302,0.437,.423,35.8%,23.0%,32.7%,40.2%,61.6%,89.3%,20.6%,17.2%,82.0
BYU,Crew McChesney,All,606,105,96.3,107.4,111.5,70.5%,13.8°,15.3°,41.9,15.2%,16,0.322,.345,0.437,.477,35.2%,32.4%,27.6%,46.5%,72.3%,70.9%,23.7%,37.2%,121.0
Arizona,Tony Lira,All,871,148,91.6,106.1,110.6,49.3%,11.7°,13.5°,37.8,8.8%,13,0.356,.351,0.437,.452,38.5%,25.7%,32.4%,48.0%,72.7%,82.3%,29.5%,29.7%,88.0
Central Michigan,Jonathan Fleaka,All,101,19,88.0,101.1,103.5,31.6%,8.9°,13.0°,47.4,5.3%,1,0.375,.341,0.437,.426,31.6%,26.3%,36.8%,42.6%,69.2%,92.6%,25.8%,14.0%,75.0
Delaware,Evan Bouldin,All,760,159,88.7,104.8,111.2,39.6%,10.8°,11.3°,31.4,5.0%,8,0.326,.316,0.437,.421,42.8%,27.0%,27.0%,40.0%,66.4%,93.0%,18.4%,11.8%,112.0
NJIT,Conner Rippo,All,52,9,78.9,104.4,105.8,33.3%,-11.1°,16.2°,44.4,22.2%,2,0.231,.238,0.437,.360,66.7%,33.3%,0.0%,36.5%,41.4%,75.0%,30.4%,36.8%,33.0
Ohio State,Dane Harvey,All,740,129,95.2,107.8,111.8,58.9%,18.5°,16.1°,41.9,18.6%,24,0.307,.334,0.437,.477,26.4%,34.1%,31.8%,43.4%,65.4%,81.6%,26.2%,25.5%,87.0
UNC Asheville,Jake Minarik,All,307,55,81.4,101.4,104.1,29.1%,14.3°,10.3°,32.7,0.0%,0,0.328,.268,0.437,.346,40.0%,25.5%,29.1%,43.0%,65.6%,76.8%,21.2%,26.5%,87.0
Connecticut,Camden Righi,All,579,103,92.1,104.9,109.7,51.5%,14.7°,14.2°,37.9,9.7%,10,0.333,.331,0.437,.470,39.8%,31.1%,26.2%,48.9%,75.3%,82.0%,28.7%,27.6%,94.0
Illinois State,Ryan Bakes,All,598,89,87.2,104.8,108.1,41.6%,26.8°,21.6°,34.8,13.5%,12,0.303,.269,0.437,.423,19.1%,50.6%,21.3%,49.0%,74.3%,87.5%,28.3%,24.9%,105.0
Creighton,Ben North,All,1000,140,90.4,105.6,110.8,47.1%,13.6°,15.5°,40.7,7.9%,11,0.314,.297,0.437,.425,33.6%,31.4%,29.3%,41.9%,67.8%,79.5%,23.9%,29.1%,97.0
Mississippi State,Reed Stallman,All,689,101,93.2,105.7,110.2,61.4%,15.1°,21.3°,43.6,14.9%,15,0.303,.325,0.437,.477,33.7%,34.7%,31.7%,44.7%,72.0%,81.8%,20.9%,26.3%,107.0
Alcorn State,Cooper Harris,All,83,16,85.0,99.4,101.6,18.8%,14.8°,9.0°,50.0,6.2%,1,0.333,.288,0.437,.317,31.2%,18.8%,43.8%,38.6%,55.3%,76.2%,24.4%,34.4%,42.0
Campbell,Joseph Simpson,All,449,54,85.8,102.8,104.5,38.9%,14.1°,22.3°,42.6,5.6%,3,0.317,.219,0.437,.412,31.5%,33.3%,25.9%,38.3%,69.3%,82.8%,18.3%,27.3%,127.0
Saint Peter's,Chase Fogg,All,130,16,86.3,99.8,103.8,31.2%,16.6°,14.1°,50.0,6.2%,1,0.316,.331,0.437,.483,31.2%,31.2%,37.5%,33.8%,75.0%,87.9%,12.8%,22.7%,162.0
Texas A&M,Chris Hacopian,All,688,132,90.6,105.8,114.4,43.9%,11.0°,3.7°,35.6,10.6%,14,0.322,.316,0.437,.438,40.2%,32.6%,22.7%,36.9%,58.6%,92.6%,18.0%,14.2%,100.0
Central Michigan,Logan Keilen,All,445,79,86.9,106.8,110.8,44.3%,12.0°,14.6°,41.8,15.2%,12,0.324,.312,0.437,.464,34.2%,27.8%,31.6%,37.3%,64.3%,86.6%,18.1%,20.5%,124.0
Manhattan,Andreaus Lewis,All,62,15,87.6,98.2,98.3,33.3%,25.0°,20.5°,40.0,6.7%,1,0.353,.297,0.436,.374,26.7%,53.3%,20.0%,41.9%,75.0%,100.0%,14.7%,3.8%,162.0
Mount St. Mary's,Bryce Rudisill,All,272,55,87.1,101.4,106.6,30.9%,18.8°,12.2°,30.9,3.6%,2,0.306,.273,0.436,.385,38.2%,38.2%,21.8%,46.0%,76.5%,92.0%,23.6%,16.8%,135.0
Purdue,Sam Flores,All,850,160,89.5,104.0,108.0,40.0%,15.9°,16.3°,40.0,6.2%,10,0.328,.316,0.436,.423,34.4%,27.5%,31.9%,41.6%,62.1%,88.5%,24.2%,19.5%,102.0
UNLV,Marcos Rosales,All,757,144,88.4,101.9,106.4,47.2%,13.6°,16.1°,36.8,4.2%,6,0.314,.297,0.436,.417,36.8%,32.6%,28.5%,42.8%,72.5%,88.4%,21.1%,19.4%,130.0
Oklahoma State,Aidan Meola,All,818,122,90.7,105.9,109.6,43.4%,18.7°,19.9°,38.5,17.2%,21,0.308,.264,0.436,.396,33.6%,32.8%,23.8%,46.6%,63.4%,77.5%,34.4%,33.6%,64.0
Wagner,Diego Tavarez,All,296,39,82.5,94.7,99.0,17.9%,16.8°,3.0°,35.9,0.0%,0,0.358,.232,0.436,.345,35.9%,33.3%,28.2%,36.5%,65.9%,88.8%,11.8%,16.7%,113.0
Brown,Mika Petersen,All,555,109,86.2,103.7,109.9,36.7%,4.7°,10.8°,32.1,8.3%,9,0.351,.302,0.436,.419,52.3%,18.3%,22.9%,44.7%,65.9%,91.5%,31.4%,18.5%,81.0
Akron,Easton Amundson,All,436,56,93.4,109.5,112.2,55.4%,22.0°,24.0°,57.1,26.8%,15,0.247,.336,0.436,.517,19.6%,39.3%,37.5%,48.6%,78.6%,68.4%,23.0%,34.9%,115.0
Towson,Brady Nathison,All,405,72,87.8,99.9,102.9,30.6%,16.9°,17.5°,34.7,5.6%,4,0.337,.259,0.436,.402,29.2%,31.9%,29.2%,38.5%,61.9%,85.7%,19.6%,16.7%,110.0
Toledo,Charlie Scholvin,All,672,141,86.7,101.2,105.0,33.3%,10.2°,11.4°,41.1,2.8%,4,0.368,.319,0.436,.405,42.6%,25.5%,29.8%,40.5%,63.3%,94.1%,25.4%,14.3%,106.0
San Diego,Andrew Gauna,All,773,141,89.7,104.0,108.8,44.0%,11.5°,10.3°,34.8,8.5%,12,0.355,.317,0.436,.417,43.3%,29.1%,24.8%,43.9%,68.0%,87.7%,25.5%,19.2%,89.0
Tennessee,Garrett Wright,All,693,136,87.5,103.6,107.4,42.6%,15.9°,15.2°,43.4,6.6%,9,0.345,.313,0.436,.420,38.2%,27.9%,30.1%,50.6%,69.5%,89.0%,34.9%,19.1%,64.0
Alabama State,Trey Callaway,All,450,62,91.7,105.7,109.1,46.8%,19.7°,22.1°,41.9,16.1%,10,0.278,.250,0.436,.418,29.0%,37.1%,22.6%,43.8%,68.3%,69.3%,26.5%,41.1%,88.0
TCU,Jack Bell,All,807,105,92.7,103.9,109.3,49.5%,11.8°,14.7°,44.8,6.7%,7,0.304,.296,0.435,.449,33.3%,23.8%,38.1%,36.8%,57.4%,81.7%,19.3%,29.3%,113.0
Auburn,Ethin Bingaman,All,851,152,93.8,108.1,114.8,59.2%,3.7°,2.3°,35.5,9.2%,14,0.331,.364,0.435,.473,52.0%,17.1%,26.3%,43.2%,63.8%,90.5%,23.9%,13.6%,97.0
East Carolina,Davin Whitaker,All,793,134,89.2,103.2,107.1,35.8%,14.2°,13.0°,36.6,6.7%,9,0.337,.276,0.435,.384,37.3%,29.9%,25.4%,50.7%,76.9%,83.1%,31.2%,27.6%,80.0
Air Force,Brooks Burdine,All,215,24,81.5,100.6,102.8,25.0%,6.4°,10.2°,37.5,4.2%,1,0.333,.227,0.435,.372,37.5%,29.2%,25.0%,35.3%,60.3%,89.4%,21.2%,28.9%,133.0
Binghamton,Matthew Bolton,All,639,118,89.6,102.3,106.7,39.0%,12.7°,13.6°,34.7,5.9%,7,0.324,.298,0.435,.413,41.5%,28.0%,20.3%,41.3%,69.6%,86.7%,19.2%,17.4%,132.0
Samford,Jake Souders,All,845,158,91.9,110.6,115.1,49.4%,8.6°,11.3°,32.9,10.8%,17,0.355,.339,0.435,.445,43.7%,25.9%,26.6%,46.2%,71.1%,89.5%,27.6%,21.3%,84.0
Mount St. Mary's,Ty Fredo,All,463,74,86.0,102.3,106.1,28.4%,11.6°,14.7°,41.9,5.4%,4,0.298,.272,0.435,.395,32.4%,28.4%,35.1%,35.4%,64.5%,81.7%,15.9%,21.3%,138.0
TCU,Sawyer Strosnider,All,905,143,92.0,109.8,115.5,49.0%,9.0°,11.8°,30.1,11.2%,16,0.273,.305,0.435,.459,41.3%,30.1%,23.8%,43.8%,67.2%,84.1%,27.8%,25.8%,66.0
Arkansas,Camden Kozeal,All,955,164,90.9,108.2,110.2,53.7%,12.5°,20.5°,37.2,19.5%,32,0.299,.316,0.435,.491,39.6%,32.3%,22.6%,43.9%,66.1%,78.3%,25.0%,27.2%,90.0
UT Tyler,Tanner Hornback,All,129,17,82.8,93.9,94.9,0.0%,6.0°,-,17.6,0.0%,0,0.391,.302,0.435,.377,64.7%,17.6%,17.6%,33.3%,61.8%,94.1%,12.2%,7.0%,136.0
College of Charleston,Dylan Johnson,All,854,168,85.7,100.2,106.5,29.2%,13.1°,16.1°,35.1,3.6%,6,0.353,.316,0.435,.405,41.7%,25.6%,26.8%,45.0%,70.1%,90.2%,26.2%,16.4%,100.0
North Florida,Boone Hosey,All,731,86,92.5,106.1,109.2,51.2%,10.4°,12.6°,47.7,14.0%,12,0.326,.306,0.435,.443,39.5%,20.9%,38.4%,37.3%,59.9%,78.2%,18.0%,26.4%,95.0
Akron,Blake Bowen,All,626,78,89.6,102.6,106.7,44.9%,17.8°,23.3°,38.5,7.7%,6,0.308,.279,0.435,.434,37.2%,34.6%,23.1%,35.8%,60.9%,81.9%,15.4%,23.7%,126.0
Towson,Keldrin Rodriguez,All,462,86,86.6,99.7,105.4,26.7%,15.4°,16.5°,36.0,2.3%,2,0.333,.260,0.435,.394,37.2%,15.1%,29.1%,43.7%,69.0%,88.3%,22.6%,16.8%,105.0
Nevada,Mikey Cruz Jr.,All,520,115,90.1,104.5,108.1,43.5%,13.1°,8.4°,33.9,2.6%,3,0.359,.326,0.435,.396,37.4%,26.1%,31.3%,43.3%,64.7%,92.1%,28.2%,15.6%,81.0
Maryland,Nate Hawton-Henley,All,374,53,89.3,101.5,103.7,41.5%,8.9°,5.6°,35.8,3.8%,2,0.378,.284,0.435,.390,45.3%,24.5%,28.3%,37.4%,64.7%,77.2%,17.9%,27.1%,110.0
Utah Tech,Kyle McDaniel,All,893,170,86.4,100.7,106.2,29.4%,8.0°,9.5°,38.8,2.4%,4,0.34,.326,0.434,.422,45.9%,21.2%,27.6%,34.9%,57.6%,95.7%,16.0%,7.7%,116.0
Austin Peay,Ty Wisdom,All,783,133,84.6,101.7,104.4,27.8%,14.5°,16.3°,36.1,5.3%,7,0.304,.266,0.434,.380,37.6%,27.1%,27.8%,42.5%,69.9%,83.6%,23.4%,19.2%,122.0
Oregon,Naulivou Lauaki,All,490,66,98.2,112.9,118.0,71.2%,7.6°,13.8°,31.8,27.3%,18,0.316,.285,0.434,.421,50.0%,30.3%,16.7%,53.3%,73.6%,66.5%,35.1%,41.0%,39.0
Miami (OH),Marcus Dierks,All,854,119,79.4,96.7,100.6,16.8%,4.3°,0.3°,22.7,0.0%,0,0.389,.212,0.434,.334,53.8%,26.1%,17.6%,35.9%,53.0%,91.0%,20.9%,15.0%,89.0
Troy,Aaron Piasecki,All,1121,216,88.1,101.2,107.0,34.3%,14.2°,11.2°,38.4,2.3%,5,0.34,.324,0.434,.419,35.2%,31.0%,30.6%,34.1%,52.3%,94.1%,18.3%,8.1%,97.0
Minnesota,Jack Spanier,All,728,121,86.7,100.7,104.2,28.1%,15.8°,9.4°,38.0,0.8%,1,0.307,.263,0.434,.374,35.5%,29.8%,26.4%,30.4%,51.6%,95.8%,13.7%,9.5%,127.0
TCU,Chase Brunson,All,932,130,91.7,108.3,111.6,49.2%,14.4°,15.0°,35.4,13.8%,18,0.304,.303,0.434,.465,38.5%,31.5%,23.8%,36.9%,54.9%,88.8%,22.9%,21.2%,96.0
Northern Illinois,Marcus Romero,All,500,90,91.3,108.7,112.3,51.1%,3.6°,6.1°,31.1,3.3%,3,0.373,.302,0.434,.396,52.2%,18.9%,24.4%,45.6%,72.2%,87.2%,25.4%,24.1%,114.0
Kansas,Tyson Owens,All,770,113,92.5,107.2,112.3,53.1%,6.1°,15.6°,37.2,13.3%,15,0.305,.306,0.434,.449,44.2%,23.9%,25.7%,38.3%,61.2%,77.7%,19.8%,28.5%,118.0
UL Monroe,Davis Mauzy,All,880,144,86.4,101.9,107.2,27.8%,9.6°,7.9°,30.6,1.4%,2,0.367,.300,0.434,.363,43.8%,20.1%,27.1%,37.4%,60.8%,91.2%,16.8%,15.2%,109.0
Texas State,Manuel Salas,All,983,152,91.4,107.2,110.8,52.0%,7.2°,12.8°,32.9,10.5%,16,0.306,.300,0.434,.415,50.7%,17.1%,25.0%,49.5%,73.6%,76.8%,33.9%,32.4%,88.0
Delaware State,Caleb King,All,56,12,80.1,93.6,95.0,8.3%,-0.5°,33.7°,25.0,0.0%,0,0.357,.231,0.434,.271,58.3%,8.3%,25.0%,42.9%,72.0%,72.2%,19.4%,29.2%,134.0
North Carolina A&T,Luis Gomez,All,117,26,87.0,103.6,106.5,34.6%,10.0°,1.8°,38.5,3.8%,1,0.355,.353,0.434,.426,38.5%,26.9%,30.8%,41.9%,72.9%,91.4%,20.3%,20.4%,115.0
Jacksonville State,Samuel Richardson,All,255,40,93.9,107.6,111.9,60.0%,11.9°,18.8°,42.5,22.5%,9,0.267,.311,0.433,.478,30.0%,25.0%,37.5%,51.0%,78.4%,78.8%,32.7%,35.4%,58.0
Prairie View,Corie Lockette,All,118,14,91.0,101.7,104.4,35.7%,6.1°,4.4°,57.1,0.0%,0,0.348,.179,0.433,.334,28.6%,7.1%,50.0%,50.0%,74.5%,82.9%,33.8%,30.5%,59.0
Central Michigan,Cole Prout,All,550,92,92.5,104.6,108.3,47.8%,11.1°,15.4°,40.2,8.7%,8,0.331,.316,0.433,.440,37.0%,19.6%,34.8%,42.0%,70.4%,85.4%,19.5%,22.5%,119.0
Missouri State,Brant Kragel,All,417,56,92.4,105.6,107.3,57.1%,16.8°,20.0°,37.5,16.1%,9,0.294,.288,0.433,.457,32.1%,42.9%,21.4%,46.3%,75.1%,75.9%,21.4%,32.1%,99.0
UNC Asheville,Owen Michelson,All,298,44,86.9,100.8,103.4,40.9%,1.0°,10.0°,40.9,2.3%,1,0.304,.324,0.433,.430,47.7%,13.6%,34.1%,36.6%,55.8%,86.1%,21.9%,16.5%,106.0
Tennessee,Reese Chapman,All,861,154,89.3,105.6,110.9,48.1%,7.2°,16.2°,41.6,11.7%,18,0.315,.312,0.433,.454,44.8%,24.0%,27.3%,46.7%,73.4%,85.6%,25.7%,25.1%,101.0
Nevada,Jayce Dobie,All,838,161,91.5,104.7,108.3,46.0%,13.5°,12.5°,42.2,6.8%,11,0.358,.337,0.433,.428,36.0%,23.0%,34.8%,38.2%,60.7%,88.3%,18.2%,18.8%,100.0
West Virginia,Paul Schoenfeld,All,920,163,88.1,102.5,107.0,38.7%,10.5°,14.2°,45.4,1.2%,2,0.351,.346,0.433,.442,36.8%,22.1%,37.4%,41.4%,65.1%,87.6%,21.4%,18.4%,109.0
Newberry,Nicholas Foster,All,67,7,87.8,98.0,99.0,28.6%,18.4°,8.9°,42.9,0.0%,0,0.385,.249,0.433,.346,42.9%,14.3%,42.9%,49.3%,73.3%,72.7%,29.7%,33.3%,114.0
UTSA,Diego Diaz,All,742,108,87.3,104.1,109.5,26.9%,10.1°,12.0°,37.0,2.8%,3,0.297,.234,0.433,.363,41.7%,29.6%,25.0%,36.4%,60.8%,84.8%,13.8%,19.6%,117.0
Pacific,Braeden Schnabel,All,481,95,91.5,106.0,107.9,51.6%,10.5°,14.7°,42.1,8.4%,8,0.361,.339,0.432,.438,38.9%,27.4%,33.7%,46.8%,69.6%,79.2%,28.5%,29.3%,104.0
McNeese,Isaiah Keller,All,92,14,97.4,107.4,108.0,71.4%,13.8°,11.1°,57.1,21.4%,3,0.261,.292,0.432,.444,28.6%,28.6%,42.9%,54.3%,81.6%,51.6%,35.2%,50.0%,104.0
Stanford,Eric Jeon,All,748,135,88.9,106.5,108.7,40.0%,14.7°,9.8°,33.3,8.1%,11,0.327,.311,0.432,.422,40.7%,29.6%,24.4%,42.6%,68.7%,86.8%,21.9%,20.4%,108.0
Nevada,Sean Yamaguchi,All,632,122,89.8,104.1,108.0,48.4%,9.0°,17.5°,35.2,9.0%,11,0.307,.303,0.432,.430,45.1%,32.0%,20.5%,48.3%,71.2%,89.6%,31.0%,22.0%,100.0
UCF,Andrew Williamson,All,853,148,93.8,109.3,114.7,60.1%,10.9°,10.8°,37.8,15.5%,23,0.302,.333,0.432,.475,37.8%,18.2%,28.4%,45.6%,72.7%,85.3%,26.3%,24.2%,101.0
Cedarville,Grayson Weikel,All,31,7,63.8,93.4,93.8,0.0%,-15.0°,-,28.6,0.0%,0,0.333,.208,0.432,.227,71.4%,14.3%,14.3%,51.6%,73.3%,72.7%,31.2%,18.8%,113.0
Samford,Cade Carr,All,736,162,88.5,102.6,107.8,37.0%,14.6°,11.6°,41.4,2.5%,4,0.349,.314,0.432,.399,34.6%,29.0%,33.3%,48.4%,75.4%,91.0%,27.0%,19.4%,104.0
Wofford,Marc Quarrie,All,465,58,86.1,104.6,107.5,37.9%,7.0°,17.9°,36.2,12.1%,7,0.308,.229,0.432,.360,44.8%,24.1%,29.3%,37.6%,57.3%,82.6%,21.3%,33.1%,107.0
Richmond,RJ Johnson,All,664,111,89.9,105.7,108.6,48.6%,3.5°,10.0°,36.0,7.2%,8,0.333,.315,0.432,.412,49.5%,16.2%,31.5%,41.1%,61.6%,79.2%,25.3%,24.5%,97.0
Western Kentucky,Cael Frost,All,444,63,94.3,109.5,113.0,54.0%,7.6°,10.5°,33.3,6.3%,4,0.345,.314,0.432,.422,44.4%,14.3%,30.2%,41.9%,67.5%,69.1%,19.7%,33.3%,106.0
Jacksonville State,Caleb Johnson,All,804,127,91.8,106.1,111.3,53.5%,15.4°,14.9°,37.0,8.7%,11,0.341,.279,0.432,.385,37.0%,29.9%,28.3%,42.3%,68.0%,82.7%,19.8%,23.8%,120.0
Manhattan,Justin Best,All,75,9,92.7,98.7,101.6,44.4%,11.0°,12.3°,33.3,0.0%,0,0.385,.299,0.431,.392,33.3%,22.2%,44.4%,38.7%,61.5%,81.2%,26.5%,31.0%,70.0
Minnesota,Charlie Sutherland,All,611,118,89.0,106.4,110.5,45.8%,16.9°,14.6°,33.9,8.5%,10,0.336,.315,0.431,.421,33.9%,28.8%,26.3%,48.4%,75.2%,87.2%,27.3%,18.9%,95.0
Siena,Josh Thompson,All,37,7,73.8,88.7,92.6,0.0%,6.3°,-,57.1,0.0%,0,0.375,.353,0.431,.429,57.1%,0.0%,28.6%,37.8%,58.8%,100.0%,20.0%,14.3%,27.0
Georgia,Ty Peeples,All,104,9,87.7,99.2,101.4,22.2%,27.5°,42.5°,11.1,0.0%,0,0.267,.113,0.431,.311,33.3%,44.4%,11.1%,33.7%,60.5%,61.5%,14.8%,42.9%,143.0
Utah,Cal Miller,All,783,130,88.3,101.5,106.2,43.1%,15.1°,16.7°,47.7,6.9%,9,0.341,.316,0.431,.426,33.1%,30.0%,35.4%,44.7%,69.7%,83.5%,24.8%,24.6%,109.0
New Orleans,Dylan Biddick,All,880,130,85.6,100.2,105.0,31.5%,9.8°,11.7°,34.6,3.8%,5,0.303,.243,0.431,.365,46.2%,29.2%,23.8%,40.1%,71.0%,83.1%,17.1%,24.1%,124.0
Pomona-Pitzer,George Nahabedian,All,42,6,81.0,96.6,97.2,16.7%,-7.6°,11.3°,16.7,0.0%,0,0.375,.219,0.431,.324,66.7%,16.7%,16.7%,35.7%,57.9%,81.8%,17.4%,26.7%,108.0
Houston,Tre Broussard,All,664,122,92.5,104.1,108.9,50.0%,2.8°,3.8°,29.5,0.8%,1,0.359,.329,0.431,.398,55.7%,15.6%,27.0%,42.6%,64.9%,88.8%,22.4%,18.7%,99.0
Southern Indiana,Patrick McLellan,All,886,182,87.3,104.5,108.7,37.4%,10.0°,12.2°,31.9,2.2%,4,0.365,.310,0.431,.386,45.1%,25.3%,25.8%,39.6%,63.8%,93.4%,19.6%,12.5%,121.0
Louisiana Tech,Colton Coates,All,961,176,89.0,102.0,105.4,37.5%,14.8°,12.1°,36.9,1.1%,2,0.33,.317,0.43,.421,40.3%,24.4%,30.7%,40.6%,68.0%,92.6%,19.4%,13.8%,110.0
Wake Forest,Javar Williams,All,1029,155,86.8,101.7,107.5,34.2%,7.3°,11.1°,35.5,3.2%,5,0.338,.284,0.43,.392,49.7%,20.0%,25.2%,41.0%,64.7%,86.8%,21.4%,20.9%,108.0
Newberry,Bryson Nuckols,All,62,16,79.6,97.2,97.6,18.8%,-5.7°,16.7°,31.2,0.0%,0,0.375,.226,0.43,.302,62.5%,12.5%,18.8%,40.3%,62.5%,93.3%,26.3%,20.0%,109.0
Charleston Southern,Blake Edgmon,All,708,125,86.1,99.5,103.4,28.0%,7.2°,5.4°,32.0,0.0%,0,0.352,.278,0.43,.388,46.4%,15.2%,24.8%,39.1%,60.3%,91.3%,23.1%,14.8%,100.0
Mississippi State,Drew Wyers,All,276,49,89.3,104.2,106.7,51.0%,9.0°,10.6°,30.6,12.2%,6,0.333,.356,0.43,.463,49.0%,26.5%,20.4%,47.1%,69.5%,81.6%,23.7%,20.8%,107.0
UVa Wise,Jacob Boyle,All,97,14,74.5,90.9,96.2,7.1%,17.8°,7.7°,14.3,0.0%,0,0.294,.194,0.43,.355,35.7%,50.0%,14.3%,33.0%,73.0%,85.2%,8.3%,12.5%,138.0
FGCU,Evan Dempsey,All,855,166,89.3,104.7,109.2,44.0%,15.1°,14.1°,34.9,6.6%,11,0.345,.322,0.43,.422,37.3%,31.9%,23.5%,43.4%,63.9%,90.8%,26.1%,18.3%,83.0
Davidson,Anthony Torreso,All,790,116,89.3,103.4,107.6,41.4%,23.4°,21.3°,33.6,7.8%,9,0.288,.273,0.43,.412,28.4%,43.1%,21.6%,39.6%,72.2%,77.4%,17.0%,28.1%,137.0
Richmond,Dylan Winebrenner,All,852,155,89.5,106.9,113.2,47.1%,11.8°,13.0°,37.4,7.7%,12,0.339,.318,0.43,.430,37.4%,25.2%,31.0%,45.5%,70.8%,85.1%,28.6%,24.5%,84.0
George Mason,Owen Clyne,All,868,152,88.7,101.1,107.3,40.8%,12.2°,12.5°,39.5,2.0%,3,0.322,.301,0.43,.413,40.8%,27.0%,29.6%,36.6%,57.0%,91.8%,20.5%,11.9%,107.0
Arizona State,Coen Niclai,All,315,45,87.5,109.5,112.7,44.4%,13.9°,14.5°,37.8,15.6%,7,0.276,.270,0.429,.429,35.6%,28.9%,28.9%,39.7%,63.7%,84.9%,21.7%,28.0%,101.0
Louisville,Griffin Crain,All,849,146,85.8,100.1,104.7,30.8%,8.4°,12.0°,39.0,0.7%,1,0.355,.325,0.429,.423,41.8%,19.9%,34.2%,39.3%,64.0%,90.3%,17.0%,14.7%,113.0
Towson,Brian Heckelman,All,485,91,86.4,101.0,103.6,33.0%,15.4°,14.0°,38.5,6.6%,6,0.296,.286,0.429,.395,38.5%,25.3%,23.1%,36.9%,54.2%,92.2%,23.4%,15.6%,106.0
Appalachian State,Drew DuPont,All,334,83,86.6,98.0,103.0,21.7%,15.6°,12.3°,43.4,2.4%,2,0.359,.306,0.429,.387,36.1%,27.7%,34.9%,43.4%,69.3%,92.3%,22.3%,13.1%,120.0
Siena,Scott Lynch,All,54,9,87.7,102.1,104.1,33.3%,8.7°,11.5°,33.3,11.1%,1,0.333,.348,0.429,.437,55.6%,22.2%,22.2%,51.9%,78.3%,77.8%,32.3%,32.1%,38.0
Indiana State,Carter Beck,All,441,75,94.9,108.3,114.8,49.3%,11.7°,10.2°,37.3,16.0%,12,0.326,.341,0.429,.460,38.7%,32.0%,26.7%,40.4%,64.4%,92.3%,20.1%,13.5%,98.0
Miami (OH),Mason Breidenbach,All,199,31,89.1,102.4,105.5,41.9%,8.6°,8.0°,41.9,0.0%,0,0.316,.299,0.429,.421,48.4%,12.9%,32.3%,33.2%,59.6%,98.1%,11.8%,13.6%,108.0
Louisiana Tech,Trey Hawsey,All,998,183,91.0,108.7,113.5,48.1%,13.1°,15.8°,39.3,10.4%,19,0.327,.339,0.429,.472,37.7%,28.4%,28.4%,46.8%,71.9%,85.9%,29.1%,21.8%,92.0
Trevecca Nazarene,KC Anchors,All,48,7,85.1,98.6,102.4,14.3%,12.7°,17.3°,42.9,0.0%,0,0.3,.314,0.429,.348,28.6%,42.9%,28.6%,56.2%,85.7%,83.3%,33.3%,18.5%,85.0
Pittsburgh,Jackson Cooke,All,157,26,85.1,104.5,107.3,42.3%,16.2°,19.3°,30.8,15.4%,4,0.267,.297,0.429,.480,42.3%,50.0%,7.7%,47.8%,76.6%,88.1%,20.0%,20.0%,111.0
Washington State,Matthew Priest,All,264,41,81.7,101.9,107.7,29.3%,3.7°,14.7°,51.2,2.4%,1,0.339,.281,0.429,.380,41.5%,17.1%,39.0%,41.3%,70.0%,81.0%,26.4%,28.4%,89.0
Rhode Island,Jack Hopko,All,626,135,88.8,104.8,109.7,40.0%,15.6°,19.6°,33.3,9.6%,13,0.297,.289,0.429,.408,33.3%,34.1%,25.9%,44.4%,66.3%,84.3%,26.8%,20.5%,101.0
Ave Maria,Michael Kelly,All,407,76,85.4,98.3,100.4,28.9%,6.7°,2.3°,28.9,0.0%,0,0.363,.292,0.429,.350,51.3%,18.4%,25.0%,38.8%,68.4%,90.9%,16.1%,15.8%,129.0
Pittsburgh,Kai Wagner,All,967,139,90.1,104.6,109.9,41.0%,11.3°,8.4°,37.4,5.0%,7,0.282,.302,0.429,.440,42.4%,28.1%,25.2%,32.8%,51.7%,90.4%,16.7%,17.0%,105.0
Georgia,Michael O'Shaughnessy,All,623,90,90.1,103.3,107.9,43.3%,10.5°,20.9°,43.3,13.3%,12,0.286,.248,0.429,.389,36.7%,31.1%,27.8%,44.1%,66.1%,71.1%,24.0%,37.5%,92.0
Wingate,Jake Courville,All,109,18,84.9,95.6,96.7,22.2%,20.1°,16.3°,44.4,0.0%,0,0.346,.170,0.429,.276,33.3%,27.8%,33.3%,40.4%,63.3%,90.3%,21.7%,25.0%,71.0
Texas Tech,AJ Goytia,All,104,8,94.9,107.9,109.6,50.0%,8.0°,20.8°,50.0,25.0%,2,0.188,.261,0.429,.517,37.5%,37.5%,25.0%,30.8%,51.1%,82.6%,15.3%,31.2%,66.0
Western Michigan,Mike Maloney,All,318,68,81.9,97.1,101.4,11.8%,4.7°,17.5°,33.8,0.0%,0,0.351,.293,0.429,.361,45.6%,26.5%,26.5%,43.1%,67.9%,90.5%,23.6%,15.3%,135.0
Biola,James Whitman,All,95,16,94.6,105.4,107.9,50.0%,12.7°,10.2°,37.5,12.5%,2,0.278,.359,0.429,.540,43.8%,25.0%,25.0%,34.7%,60.7%,94.1%,23.9%,30.3%,112.0
Washington State,Max Hartman,All,444,83,85.3,108.9,113.1,36.1%,2.1°,10.7°,34.9,9.6%,8,0.339,.293,0.428,.400,55.4%,16.9%,24.1%,45.7%,71.6%,85.7%,28.7%,28.1%,109.0
Utah,Jet Gilliam,All,826,147,85.4,103.3,108.8,38.1%,9.2°,13.0°,36.1,3.4%,5,0.366,.296,0.428,.378,44.9%,23.8%,28.6%,41.9%,62.6%,89.8%,24.5%,21.1%,93.0
Villanova,Collin Quintano,All,642,91,92.0,106.2,110.3,50.5%,15.1°,13.3°,41.8,12.1%,11,0.312,.293,0.428,.409,31.9%,31.9%,30.8%,40.0%,58.4%,78.7%,25.8%,32.7%,82.0
Nevada,Jacob Doyle,All,792,118,91.6,107.5,112.0,50.8%,15.4°,12.6°,33.1,11.0%,13,0.288,.267,0.428,.390,38.1%,24.6%,28.8%,40.4%,69.9%,81.0%,19.1%,30.0%,116.0
Virginia Tech,Pete Daniel,All,800,110,88.9,103.4,104.4,41.8%,-1.9°,7.9°,28.2,1.8%,2,0.338,.258,0.428,.372,59.1%,13.6%,25.5%,37.0%,59.1%,86.2%,18.2%,21.6%,101.0
Austin Peay,DJ Merriweather,All,86,14,93.5,108.3,109.2,57.1%,20.6°,13.9°,42.9,14.3%,2,0.263,.282,0.428,.407,28.6%,28.6%,28.6%,46.5%,72.5%,75.9%,23.9%,32.5%,94.0
UNC Greensboro,Wyatt Bush,All,117,15,82.5,100.9,101.3,33.3%,4.1°,11.2°,60.0,0.0%,0,0.333,.300,0.428,.379,53.3%,0.0%,46.7%,29.1%,45.0%,72.2%,20.8%,41.2%,63.0
UMass,Gavin OBrien,All,274,44,94.6,107.3,110.7,52.3%,16.2°,16.9°,36.4,15.9%,7,0.286,.330,0.428,.463,31.8%,25.0%,34.1%,39.8%,61.8%,82.9%,21.9%,25.7%,78.0
Merrimack,Joseph Frammartino,All,302,37,89.6,103.3,104.4,45.9%,4.4°,18.6°,43.2,8.1%,3,0.312,.298,0.428,.462,43.2%,24.3%,29.7%,32.8%,55.8%,91.7%,15.6%,19.2%,123.0
Campbell,Joey Morton,All,814,137,90.6,106.2,110.8,48.9%,19.2°,20.9°,44.5,16.8%,23,0.296,.307,0.428,.457,29.2%,36.5%,29.2%,49.1%,75.1%,81.9%,33.3%,31.5%,75.0
Fordham,Joey Donnelly,All,546,104,86.6,103.5,109.0,37.5%,11.0°,18.3°,39.4,11.5%,12,0.331,.267,0.428,.380,35.6%,27.9%,27.9%,47.4%,70.9%,83.9%,29.4%,24.7%,96.0
Charlotte,Cody Gunderson,All,908,182,90.3,104.6,111.2,48.4%,11.7°,15.6°,41.8,8.8%,16,0.343,.350,0.428,.456,36.3%,25.8%,33.5%,45.3%,73.2%,85.5%,24.7%,23.8%,101.0
Mississippi Valley,Tom Early,All,93,13,84.6,94.4,95.1,7.7%,1.3°,2.2°,15.4,0.0%,0,0.286,.305,0.428,.454,61.5%,7.7%,15.4%,30.1%,67.9%,100.0%,13.8%,7.1%,167.0
Merrimack,Nick Koch,All,52,5,80.3,95.6,95.6,40.0%,1.6°,3.0°,20.0,0.0%,0,0.333,.217,0.428,.313,60.0%,20.0%,20.0%,36.5%,60.0%,83.3%,21.9%,26.3%,115.0
Clemson,Luke Gaffney,All,860,167,91.2,107.1,112.5,45.5%,6.8°,6.2°,32.3,6.6%,11,0.323,.346,0.427,.452,46.7%,20.4%,28.1%,42.3%,63.9%,90.9%,25.5%,16.5%,87.0
Iowa,Ben Swails,All,394,61,89.8,103.2,105.2,42.6%,10.6°,10.6°,37.7,6.6%,4,0.31,.288,0.427,.396,41.0%,26.2%,29.5%,41.9%,67.9%,84.8%,23.1%,25.5%,116.0
Grand Canyon,Cannon Peery,All,743,120,87.5,103.5,110.4,39.2%,16.8°,17.0°,45.8,9.2%,11,0.312,.287,0.427,.411,27.5%,35.8%,35.0%,41.2%,65.1%,90.0%,24.3%,24.8%,94.0
Texas A&M,Jorian Wilson,All,560,82,89.2,111.1,114.7,50.0%,5.1°,15.8°,20.7,12.2%,10,0.292,.221,0.427,.339,53.7%,24.4%,15.9%,51.2%,74.9%,70.1%,30.9%,42.9%,68.0
Texas,Andrew Ermis,All,117,10,85.2,105.2,107.3,40.0%,6.6°,-3.4°,20.0,0.0%,0,0.312,.269,0.427,.421,60.0%,20.0%,20.0%,34.2%,53.8%,78.6%,18.5%,32.5%,97.0
Rhode Island,Reece Moroney,All,726,132,90.1,103.9,112.4,43.9%,9.2°,11.2°,39.4,3.0%,4,0.364,.312,0.427,.400,42.4%,23.5%,30.3%,42.0%,70.1%,84.9%,19.8%,23.3%,113.0
Youngstown State,Alex Jang,All,369,74,85.4,97.0,100.4,27.0%,13.8°,10.1°,44.6,0.0%,0,0.359,.323,0.427,.369,36.5%,23.0%,35.1%,46.9%,68.5%,90.2%,26.7%,21.4%,81.0
Utah Tech,Petey Soto,All,690,139,87.1,102.7,107.9,35.3%,7.8°,12.5°,38.1,4.3%,6,0.365,.326,0.427,.397,41.0%,22.3%,30.9%,45.1%,70.0%,86.3%,26.7%,19.3%,105.0
Tennessee,Henry Ford,All,949,186,94.2,106.8,114.1,53.8%,13.7°,15.6°,37.1,13.4%,25,0.299,.334,0.427,.469,35.5%,29.6%,26.3%,48.5%,71.4%,86.2%,31.3%,23.9%,85.0
Long Island,Nick Matson,All,256,57,85.0,96.6,101.3,19.3%,12.7°,10.8°,42.1,0.0%,0,0.397,.304,0.427,.350,35.1%,24.6%,33.3%,44.1%,69.5%,92.7%,22.5%,15.0%,106.0
Kansas State,Carlos Vasquez,All,493,97,90.7,106.7,109.4,45.4%,9.4°,9.2°,25.8,5.2%,5,0.342,.307,0.427,.384,51.5%,23.7%,19.6%,52.1%,77.5%,88.2%,32.0%,19.1%,81.0
Kentucky,Ethan Hindle,All,896,129,93.2,107.2,116.5,58.9%,20.8°,23.4°,37.2,22.5%,29,0.304,.292,0.427,.463,28.7%,40.3%,20.9%,46.7%,73.9%,77.1%,24.5%,30.6%,106.0
Eastern Illinois,Brett Stanley,All,639,117,82.9,100.1,104.8,23.9%,15.4°,11.2°,37.6,2.6%,3,0.348,.289,0.427,.384,39.3%,26.5%,28.2%,40.1%,60.6%,93.7%,23.3%,12.9%,110.0
Carson-Newman,Ryan Bolton,All,71,9,77.1,76.7,79.3,0.0%,-0.5°,-,11.1,0.0%,0,0.357,.169,0.427,.296,66.7%,22.2%,0.0%,47.9%,74.2%,82.6%,27.5%,20.6%,84.0
Alabama State,Devin Chandler,All,680,89,90.0,101.9,103.9,38.2%,20.3°,17.0°,46.1,6.7%,6,0.289,.286,0.427,.435,23.6%,39.3%,33.7%,34.3%,55.6%,83.5%,18.9%,21.5%,104.0
McNeese,Matthew Stancliff,All,288,47,86.3,97.8,103.5,29.8%,5.7°,12.2°,36.2,0.0%,0,0.333,.328,0.427,.430,46.8%,17.0%,34.0%,33.7%,59.3%,92.5%,11.1%,9.3%,122.0
Monmouth,Nick Lovarco,All,768,128,90.8,106.0,109.6,47.7%,10.7°,19.3°,28.9,12.5%,16,0.321,.302,0.427,.447,41.4%,31.2%,17.2%,39.5%,67.7%,76.7%,20.3%,30.7%,121.0
Abilene Christian,Nick Arias,All,784,107,92.1,102.8,108.6,38.3%,9.5°,11.0°,39.3,2.8%,3,0.312,.305,0.426,.414,37.4%,23.4%,34.6%,36.6%,58.2%,89.2%,19.3%,19.9%,104.0
USF,Jackson Mirza,All,231,38,86.1,98.0,99.7,28.9%,19.2°,19.8°,39.5,0.0%,0,0.364,.240,0.426,.318,31.6%,23.7%,34.2%,52.8%,78.4%,74.7%,27.0%,27.9%,119.0
Southeast Missouri,Josiah Hall,All,825,159,88.0,102.2,107.9,38.4%,13.4°,17.7°,36.5,4.4%,7,0.339,.289,0.426,.392,38.4%,27.7%,27.7%,46.5%,67.4%,81.1%,29.0%,24.0%,101.0
Lenoir-Rhyne,Lleyton Lackey,All,189,32,83.2,98.8,106.0,15.6%,17.8°,19.6°,37.5,3.1%,1,0.317,.226,0.426,.323,43.8%,37.5%,15.6%,42.3%,67.7%,74.6%,17.7%,30.0%,107.0
Clemson,Jacob Jarrell,All,850,134,92.5,107.1,111.4,53.0%,20.9°,19.8°,36.6,13.4%,18,0.273,.282,0.426,.427,28.4%,37.3%,26.1%,47.1%,75.9%,80.6%,26.6%,29.2%,101.0
Indiana State,Andrew Ortiz,All,164,23,89.3,100.2,101.9,26.1%,4.4°,16.3°,39.1,4.3%,1,0.371,.277,0.426,.377,47.8%,21.7%,30.4%,40.9%,62.5%,86.0%,20.2%,29.9%,98.0
Western Carolina,Wyatt Stanley,All,659,107,89.3,102.6,106.1,38.3%,20.9°,21.3°,40.2,8.4%,9,0.298,.288,0.426,.427,24.3%,42.1%,28.0%,46.0%,70.8%,84.5%,26.4%,24.8%,109.0
Troy,Steven Meier,All,898,135,88.5,104.5,109.4,42.2%,9.6°,15.2°,35.6,8.1%,11,0.308,.278,0.426,.398,41.5%,20.7%,28.9%,34.2%,52.0%,86.8%,20.4%,21.8%,97.0
Santa Clara,Ben Cleary,All,770,147,89.2,101.4,103.5,38.8%,1.8°,5.8°,27.9,0.7%,1,0.361,.318,0.426,.385,59.2%,19.0%,21.1%,40.9%,69.1%,90.1%,17.4%,14.0%,128.0
Maryland,Brayden Martin,All,1025,180,86.4,98.5,101.9,33.9%,1.9°,4.0°,21.7,0.0%,0,0.345,.320,0.426,.411,57.8%,16.7%,23.3%,29.3%,49.5%,97.1%,11.3%,4.7%,107.0
Bucknell,Michael Trommer,All,825,149,89.8,104.7,107.4,45.6%,14.1°,18.4°,34.2,9.4%,14,0.33,.309,0.426,.425,38.9%,30.2%,22.1%,45.5%,73.8%,83.2%,23.2%,23.5%,110.0
USC Upstate,Maloy Heaghney,All,911,136,88.1,103.8,106.3,39.7%,5.1°,12.2°,38.2,5.9%,8,0.314,.273,0.426,.393,46.3%,23.5%,28.7%,39.4%,63.8%,79.7%,19.5%,31.5%,118.0
Virginia,Joe Tiroly,All,935,188,90.1,107.0,112.2,43.6%,8.8°,15.8°,34.0,10.6%,20,0.318,.323,0.426,.437,48.4%,28.2%,20.7%,48.8%,74.8%,85.0%,25.9%,22.8%,108.0
LSU,Derek Curiel,All,1033,185,92.4,105.1,110.8,55.7%,3.5°,9.1°,36.8,5.4%,10,0.345,.324,0.425,.427,49.7%,19.5%,28.6%,38.7%,61.2%,92.9%,20.6%,12.8%,87.0
Georgia,Jordy Oriach,All,528,91,89.0,105.3,108.9,39.6%,14.4°,13.3°,35.2,5.5%,5,0.303,.287,0.425,.388,38.5%,30.8%,26.4%,42.0%,59.2%,87.2%,26.6%,17.6%,84.0
UMass,Vance Bonior,All,163,27,83.4,98.8,102.1,11.1%,-4.1°,12.0°,18.5,0.0%,0,0.375,.315,0.425,.407,63.0%,14.8%,22.2%,39.9%,69.1%,95.7%,18.9%,9.2%,145.0
Southern Illinois,Kyle Mager,All,202,28,88.3,106.2,111.9,35.7%,9.5°,13.7°,21.4,10.7%,3,0.308,.258,0.425,.364,50.0%,32.1%,14.3%,35.6%,55.1%,79.6%,20.4%,26.4%,83.0
Western Carolina,Noah Quarless,All,822,125,88.1,103.8,107.7,43.2%,19.3°,20.6°,44.0,11.2%,14,0.289,.268,0.425,.404,27.2%,39.2%,29.6%,39.4%,60.0%,86.4%,23.8%,22.2%,107.0
Tennessee Wesleyan,Brayan Espinoza,All,159,37,88.2,96.9,99.0,27.0%,16.4°,6.1°,32.4,0.0%,0,0.368,.314,0.425,.398,40.5%,21.6%,21.6%,46.5%,80.4%,100.0%,28.2%,5.4%,138.0
Boston College,Nick Wang,All,963,153,93.0,107.4,110.6,52.3%,15.6°,15.5°,41.8,12.4%,19,0.304,.321,0.425,.463,37.3%,31.4%,26.1%,39.7%,61.9%,86.2%,22.5%,23.8%,90.0
Murray State,Kainen Jorge,All,422,57,92.4,109.9,112.4,45.6%,10.2°,18.2°,36.8,21.1%,12,0.268,.284,0.425,.459,40.4%,31.6%,24.6%,41.2%,64.6%,80.9%,24.2%,32.2%,132.0
Texas A&M,Wesley Jordan,All,281,32,94.3,106.9,107.9,59.4%,10.3°,12.0°,46.9,12.5%,4,0.268,.252,0.425,.412,34.4%,28.1%,31.2%,35.9%,59.8%,82.1%,20.1%,34.7%,95.0
Alabama A&M,Tarris Murray,All,62,8,86.3,103.8,104.7,25.0%,4.1°,7.5°,50.0,0.0%,0,0.308,.221,0.425,.266,50.0%,12.5%,37.5%,37.1%,63.3%,84.2%,12.5%,21.7%,89.0
Air Force,Benjamin Niednagel,All,732,131,85.2,102.2,107.1,35.9%,6.7°,11.6°,43.5,2.3%,3,0.329,.271,0.425,.374,44.3%,18.3%,34.4%,40.6%,66.1%,93.5%,22.4%,16.2%,121.0
Kansas State,Bear Madliak,All,730,127,90.9,105.8,111.2,46.5%,17.3°,14.5°,36.2,8.7%,11,0.307,.297,0.425,.426,34.6%,37.8%,22.0%,43.0%,67.0%,86.6%,25.1%,23.6%,98.0
Reinhardt,Cannon Dorsey,All,154,21,86.2,101.7,102.5,33.3%,6.3°,13.1°,28.6,4.8%,1,0.321,.205,0.425,.302,42.9%,23.8%,23.8%,42.9%,69.4%,86.0%,25.0%,19.7%,125.0
Wichita State,Nolan Ganter,All,550,97,90.7,104.5,108.3,46.4%,12.0°,12.6°,47.4,10.3%,10,0.353,.331,0.425,.441,36.1%,21.6%,38.1%,45.5%,68.9%,83.2%,25.8%,22.8%,101.0
UMass,Reece McCarthy,All,239,44,88.7,99.8,102.7,25.0%,8.7°,8.2°,31.8,2.3%,1,0.345,.285,0.425,.365,45.5%,29.5%,25.0%,36.4%,59.0%,91.9%,18.7%,20.7%,84.0
Indiana,Caleb Koskie,All,649,118,90.3,104.7,109.4,45.8%,6.7°,7.7°,36.4,2.5%,3,0.362,.310,0.424,.400,48.3%,14.4%,30.5%,40.5%,63.6%,88.1%,20.1%,19.4%,103.0
Missouri,Kam Durnin,All,638,108,91.1,105.1,109.7,43.5%,15.1°,13.2°,36.1,6.5%,7,0.317,.282,0.424,.415,38.9%,33.3%,25.0%,43.7%,71.0%,87.6%,18.4%,21.1%,122.0
Tennessee Wesleyan,David Ballenilla,All,280,51,88.4,100.0,103.5,35.3%,9.0°,13.9°,41.2,0.0%,0,0.323,.269,0.424,.367,43.1%,15.7%,33.3%,45.4%,73.3%,88.6%,24.4%,17.3%,129.0
North Florida,Carter White,All,635,105,86.6,106.6,110.7,40.0%,14.9°,20.0°,31.4,10.5%,11,0.296,.254,0.424,.385,37.1%,34.3%,19.0%,46.8%,65.8%,80.7%,30.6%,27.3%,88.0
Wofford,Logan Tribble,All,858,143,83.4,97.5,101.0,21.7%,4.2°,9.6°,37.8,0.7%,1,0.355,.295,0.424,.369,49.0%,14.0%,32.2%,37.4%,62.0%,89.8%,19.4%,14.6%,124.0
Sacramento State,Ryan Ellis,All,620,87,88.9,103.2,108.6,39.1%,16.8°,14.6°,31.0,3.4%,3,0.304,.261,0.424,.395,35.6%,29.9%,24.1%,37.3%,64.1%,89.2%,18.0%,16.9%,139.0
William Carey,Taylor Walters,All,319,48,82.5,99.0,104.5,31.2%,14.8°,16.4°,37.5,2.1%,1,0.293,.272,0.424,.425,41.7%,25.0%,25.0%,41.1%,79.8%,87.9%,19.5%,19.8%,159.0
Stanford,Brady Reynolds,All,261,35,87.5,103.1,110.4,31.4%,8.7°,17.9°,34.3,2.9%,1,0.273,.196,0.424,.312,40.0%,28.6%,28.6%,43.3%,66.4%,74.0%,26.5%,39.8%,99.0
Wichita State,Nico Rodriguez,All,81,13,84.5,94.9,95.7,15.4%,23.9°,18.0°,53.8,0.0%,0,0.333,.286,0.424,.392,15.4%,30.8%,53.8%,34.6%,55.0%,100.0%,14.6%,21.4%,93.0
NC State,Sherman Johnson II,All,782,141,90.2,104.2,111.1,48.2%,9.2°,8.8°,35.5,7.8%,11,0.324,.308,0.424,.406,41.8%,24.1%,27.7%,41.8%,60.6%,84.5%,27.4%,22.0%,76.0
Northern Illinois,Nolan Sandee,All,653,93,86.1,100.4,104.6,29.0%,11.4°,12.6°,37.6,2.2%,2,0.323,.261,0.424,.384,36.6%,29.0%,31.2%,34.5%,59.2%,87.6%,13.6%,22.7%,118.0
Boston College,Julio Solier,All,913,167,91.9,108.3,117.3,50.3%,4.8°,8.0°,34.1,8.4%,14,0.362,.333,0.423,.420,52.1%,20.4%,25.7%,43.8%,66.4%,88.5%,25.8%,18.5%,99.0
Samford,"Revy ""Trey"" Higgins",All,817,108,90.3,106.2,109.6,45.4%,12.5°,17.9°,32.4,11.1%,12,0.288,.250,0.423,.386,42.6%,33.3%,21.3%,43.8%,69.7%,78.7%,24.4%,31.8%,115.0
UAB,Brady Waugh,All,968,167,84.2,100.8,105.3,30.5%,14.3°,14.1°,30.5,1.8%,3,0.333,.278,0.423,.384,41.3%,29.9%,22.8%,38.4%,59.8%,93.2%,18.7%,14.0%,106.0
Georgetown,Christian Hamilton,All,127,17,86.2,100.0,101.7,35.3%,17.2°,13.7°,29.4,5.9%,1,0.261,.248,0.423,.401,35.3%,58.8%,5.9%,43.3%,71.2%,73.8%,19.1%,32.7%,103.0
Southern Miss,Joseph Urban,All,1024,189,89.6,104.3,107.8,43.4%,14.3°,18.0°,37.6,7.9%,15,0.313,.297,0.423,.419,34.4%,38.1%,23.8%,41.7%,65.6%,89.4%,21.1%,19.0%,102.0
Utah Valley,Hunter Katschke,All,756,135,91.3,107.4,115.1,45.9%,18.3°,12.1°,25.9,12.6%,17,0.268,.300,0.423,.446,37.8%,34.1%,16.3%,41.3%,63.5%,86.7%,27.0%,25.0%,96.0
Alabama State,Miguel Oropeza,All,595,111,87.9,101.6,106.5,38.7%,17.3°,15.7°,35.1,2.7%,3,0.346,.268,0.423,.383,30.6%,31.5%,27.0%,43.9%,68.9%,88.6%,26.8%,14.2%,98.0
Morehead State,Jaden Correa,All,468,103,83.6,99.4,106.5,32.0%,10.0°,14.9°,37.9,1.9%,2,0.333,.227,0.423,.311,37.9%,34.0%,23.3%,60.3%,78.8%,82.0%,44.9%,25.5%,65.0
Illinois-Chicago,Kale Jensen,All,89,9,87.5,97.4,104.7,11.1%,16.1°,4.6°,22.2,0.0%,0,0.231,.226,0.423,.405,44.4%,44.4%,11.1%,30.3%,52.9%,83.3%,16.4%,18.5%,84.0
Sam Houston State,Jeric Curtis,All,367,66,88.2,103.3,105.1,33.3%,13.3°,13.4°,33.3,7.6%,5,0.368,.253,0.422,.366,39.4%,30.3%,25.8%,51.5%,75.9%,85.3%,30.5%,26.5%,68.0
Utah Tech,Ryan Kroepel,All,872,136,87.0,100.9,106.8,30.9%,4.5°,11.6°,35.3,5.9%,8,0.317,.302,0.422,.438,48.5%,21.3%,25.0%,32.6%,57.8%,90.5%,16.0%,14.8%,127.0
Auburn,Bub Terrell,All,965,137,94.3,109.9,112.7,56.2%,12.1°,14.8°,37.2,15.3%,21,0.305,.302,0.422,.433,37.2%,19.7%,30.7%,47.8%,70.8%,74.9%,28.1%,32.5%,94.0
Texas State,Dawson Park,All,818,124,92.1,108.6,110.8,50.8%,15.1°,12.7°,37.1,14.5%,18,0.298,.311,0.422,.440,39.5%,19.4%,27.4%,40.7%,61.6%,87.3%,26.4%,25.8%,95.0
Kent State,Micah Rienstra-Kiracofe,All,581,95,88.7,103.8,106.1,36.8%,6.8°,11.3°,34.7,3.2%,3,0.336,.273,0.422,.374,48.4%,21.1%,29.5%,36.8%,61.0%,85.0%,19.7%,25.7%,115.0
Bucknell,Michael Chiaravallo,All,264,44,89.6,104.1,106.3,47.7%,10.5°,14.1°,45.5,15.9%,7,0.323,.294,0.422,.429,38.6%,22.7%,31.8%,41.3%,66.1%,76.9%,21.2%,33.9%,103.0
Miami,Jailen Watkins,All,148,14,85.5,98.8,100.3,21.4%,15.0°,15.5°,50.0,0.0%,0,0.28,.211,0.422,.379,21.4%,28.6%,42.9%,33.1%,54.7%,79.3%,21.1%,34.7%,89.0
Eastern Michigan,Ty Stecko,All,763,111,91.4,106.4,112.0,54.1%,13.4°,18.0°,31.5,8.1%,9,0.29,.252,0.422,.386,35.1%,30.6%,27.9%,40.5%,67.3%,81.3%,21.3%,31.1%,100.0
Holy Cross,CJ Egrie,All,470,77,85.5,99.9,102.3,22.1%,15.6°,2.9°,24.7,0.0%,0,0.33,.251,0.422,.345,46.8%,20.8%,22.1%,35.5%,58.1%,93.3%,21.6%,14.4%,96.0
Miami (OH),Dom Krupinski,All,775,103,88.3,108.9,112.0,48.5%,-1.0°,7.3°,28.2,6.8%,7,0.274,.287,0.422,.411,62.1%,15.5%,19.4%,32.4%,55.0%,82.8%,14.9%,23.1%,121.0
Florida Atlantic,Jonathan Lopez,All,189,25,88.3,100.4,105.1,32.0%,1.3°,19.9°,36.0,4.0%,1,0.314,.289,0.422,.424,60.0%,24.0%,16.0%,38.6%,65.1%,81.5%,17.9%,24.7%,117.0
Austin Peay,Zion Taylor,All,797,139,89.5,103.7,107.2,41.7%,15.7°,20.6°,33.1,8.6%,12,0.322,.272,0.422,.395,36.7%,33.1%,23.7%,44.4%,72.1%,85.0%,25.5%,24.9%,109.0
Louisiana,Lee Amedee,All,1059,174,89.5,104.7,109.6,39.7%,6.6°,11.8°,33.3,6.9%,12,0.302,.319,0.422,.450,48.9%,22.4%,25.3%,35.5%,56.7%,90.2%,18.9%,15.7%,111.0
Saint Mary's (CA),Tanner Griffith,All,897,144,88.3,100.6,104.6,35.4%,16.7°,14.6°,45.1,2.1%,3,0.322,.304,0.422,.423,32.6%,30.6%,34.7%,36.7%,61.6%,90.7%,16.5%,14.0%,135.0
Saint Mary's (CA),Ian Josephson,All,440,79,87.6,100.7,103.8,24.1%,11.4°,18.9°,45.6,5.1%,4,0.354,.301,0.422,.387,35.4%,27.8%,35.4%,41.1%,66.5%,93.7%,21.7%,12.7%,105.0
Arkansas,Zack Stewart,All,736,102,93.2,109.8,114.7,55.9%,5.2°,9.8°,40.2,14.7%,15,0.277,.330,0.422,.471,47.1%,24.5%,26.5%,43.5%,69.3%,81.6%,24.3%,32.2%,91.0
Richmond,Michael Elko,All,786,130,89.6,102.1,106.8,39.2%,11.0°,13.4°,38.5,4.6%,6,0.329,.327,0.422,.429,40.8%,26.9%,27.7%,38.0%,65.7%,88.7%,17.2%,18.4%,131.0
Marist,Brady Steinert,All,79,11,87.1,92.1,94.6,0.0%,12.2°,-,36.4,0.0%,0,0.333,.226,0.422,.324,36.4%,36.4%,27.3%,35.4%,65.7%,87.0%,11.4%,10.7%,113.0
William Carey,Tyler Ducksworth,All,244,42,89.4,102.9,103.4,42.9%,12.1°,11.3°,38.1,2.4%,1,0.354,.354,0.422,.447,40.5%,23.8%,31.0%,30.3%,61.4%,88.7%,8.4%,13.5%,135.0
UMass,Sam Hill,All,36,6,92.6,98.7,101.0,50.0%,9.5°,-7.3°,33.3,0.0%,0,0.333,.420,0.422,.541,50.0%,16.7%,33.3%,38.9%,61.9%,92.3%,6.7%,7.1%,124.0
Appalachian State,Steven Smith,All,604,142,85.5,99.0,105.0,27.5%,22.7°,20.1°,41.5,0.7%,1,0.374,.310,0.422,.369,22.5%,35.9%,36.6%,54.0%,78.4%,89.4%,35.0%,18.7%,88.0
St. Thomas (FL),Luis Morera,All,605,100,84.4,98.7,104.4,20.0%,11.4°,11.4°,38.0,3.0%,3,0.325,.271,0.422,.368,40.0%,26.0%,30.0%,39.5%,67.9%,86.8%,21.6%,20.9%,125.0
Niagara,Elijah Hammill,All,387,77,83.2,98.5,103.6,19.5%,14.5°,14.5°,28.6,3.9%,3,0.33,.249,0.421,.342,37.7%,32.5%,24.7%,42.6%,71.0%,94.2%,20.6%,13.3%,126.0
Florida State,Brody DeLamielleure,All,474,97,91.8,106.7,111.2,47.4%,8.0°,12.4°,40.2,12.4%,12,0.341,.357,0.421,.450,41.2%,22.7%,30.9%,50.8%,70.7%,86.4%,35.3%,27.4%,69.0
Florida A&M,Caden Kresak,All,138,18,76.6,91.3,97.6,11.1%,-6.8°,-1.2°,27.8,0.0%,0,0.318,.252,0.421,.340,61.1%,22.2%,16.7%,33.3%,53.8%,85.7%,20.9%,15.2%,117.0
Vanderbilt,Tommy Goodin,All,612,94,93.4,108.0,111.0,54.3%,13.7°,16.0°,42.6,16.0%,15,0.299,.303,0.421,.434,34.0%,35.1%,28.7%,50.7%,74.7%,73.5%,31.3%,37.1%,84.0
Utah Valley,Chipper Beck,All,685,131,87.5,101.0,105.9,29.8%,17.0°,11.3°,36.6,2.3%,3,0.342,.290,0.421,.373,33.6%,26.7%,28.2%,42.9%,69.4%,86.7%,21.8%,21.4%,113.0
Iowa,Max Burt,All,423,56,91.1,104.5,109.5,48.2%,11.9°,8.3°,35.7,10.7%,6,0.316,.306,0.421,.423,44.6%,23.2%,26.8%,38.3%,55.2%,91.0%,23.0%,22.8%,105.0
UT Arlington,Harold Laracuente,All,740,117,86.8,99.4,101.2,29.1%,16.7°,16.9°,42.7,2.6%,3,0.333,.283,0.421,.375,35.0%,27.4%,35.0%,43.0%,75.5%,90.7%,19.0%,14.8%,130.0
UNC Greensboro,Jacob Dilley,All,765,141,89.4,105.9,109.6,44.0%,12.0°,12.0°,35.5,5.7%,8,0.331,.300,0.421,.394,44.0%,27.0%,24.8%,45.6%,67.8%,86.0%,29.2%,22.3%,65.0
Virginia,Sam Harris,All,946,141,91.9,110.1,114.1,51.8%,7.4°,12.8°,40.4,14.9%,21,0.295,.298,0.421,.430,40.4%,22.7%,32.6%,50.6%,77.0%,76.2%,29.5%,35.7%,75.0
Notre Dame,Davis Johnson,All,259,33,94.1,106.9,109.6,66.7%,19.9°,17.4°,48.5,21.2%,7,0.269,.265,0.421,.447,21.2%,39.4%,30.3%,50.6%,73.8%,74.2%,28.6%,32.8%,111.0
Arkansas,Damian Ruiz,All,828,128,88.9,106.0,109.5,36.7%,8.6°,9.0°,32.8,7.0%,9,0.325,.301,0.421,.424,48.4%,21.1%,26.6%,38.3%,62.2%,86.6%,19.9%,19.9%,114.0
Alabama,Brady Neal,All,824,131,91.0,105.9,108.9,50.4%,10.1°,14.7°,40.5,13.0%,17,0.322,.325,0.421,.467,37.4%,27.5%,31.3%,44.5%,73.7%,81.0%,18.1%,24.8%,105.0
Georgia Southern,James McCoy,All,975,144,93.2,109.7,113.5,52.1%,6.0°,11.1°,31.2,8.3%,12,0.328,.300,0.421,.405,47.2%,20.8%,28.5%,45.0%,69.5%,81.3%,24.4%,27.6%,112.0
Old Dominion,Efrain Morales,All,486,111,84.8,99.8,104.7,22.5%,8.4°,10.8°,37.8,0.0%,0,0.355,.304,0.421,.397,46.8%,25.2%,27.0%,40.3%,67.5%,95.5%,16.3%,8.2%,136.0
Rice,Paul Smith,All,932,160,87.4,103.7,107.9,37.5%,9.4°,10.6°,28.1,4.4%,7,0.296,.266,0.421,.379,46.2%,25.0%,21.9%,40.7%,63.1%,87.2%,23.1%,18.2%,106.0
Alabama,Bryce Fowler,All,978,153,88.5,102.8,106.1,39.2%,12.0°,16.8°,39.2,6.5%,10,0.332,.299,0.421,.423,42.5%,29.4%,25.5%,44.8%,70.0%,82.3%,23.8%,24.4%,95.0
Dallas Baptist,Dylan Schlaegel,All,694,83,91.6,105.5,109.2,49.4%,19.6°,16.5°,31.3,14.5%,12,0.266,.245,0.421,.400,33.7%,43.4%,16.9%,37.9%,60.1%,82.6%,20.4%,24.3%,114.0
Milwaukee,Charlie Marion,All,537,99,90.2,106.9,111.7,52.5%,10.3°,14.5°,35.4,11.1%,11,0.3,.300,0.421,.424,38.4%,27.3%,25.3%,40.6%,62.1%,78.4%,20.3%,30.3%,111.0
Illinois,AJ Putty,All,987,165,88.2,103.4,108.6,38.2%,16.7°,13.4°,38.2,7.9%,13,0.335,.301,0.421,.408,35.8%,30.9%,27.3%,40.2%,59.2%,84.9%,24.5%,23.4%,95.0
Georgia,Ryan Black Jr.,All,749,113,86.0,102.3,107.2,33.6%,11.3°,8.3°,35.4,4.4%,5,0.299,.270,0.42,.378,43.4%,29.2%,23.0%,36.4%,57.3%,85.8%,17.6%,23.4%,92.0
Oklahoma State,Brock Thompson,All,1014,127,91.2,105.8,109.6,55.1%,4.5°,7.3°,32.3,6.3%,8,0.292,.272,0.42,.402,48.8%,22.0%,26.8%,35.7%,55.2%,82.8%,18.6%,25.1%,101.0
Eastern Michigan,DeMir Heidelberg,All,163,35,88.2,105.8,107.9,37.1%,4.4°,-3.5°,25.7,2.9%,1,0.381,.287,0.42,.326,60.0%,17.1%,17.1%,47.9%,65.8%,88.0%,32.2%,20.5%,66.0
Toledo,Cole Meyer,All,205,23,82.9,102.9,103.3,26.1%,7.0°,11.9°,34.8,4.3%,1,0.273,.234,0.42,.399,47.8%,21.7%,21.7%,31.2%,53.3%,85.0%,18.5%,21.9%,115.0
New Orleans,Karson Evans,All,137,24,90.3,101.0,106.7,45.8%,14.3°,11.5°,41.7,0.0%,0,0.37,.371,0.42,.431,33.3%,25.0%,41.7%,38.7%,57.1%,88.9%,23.0%,18.9%,99.0
Rutgers,Peyton Bonds,All,571,122,89.8,110.6,120.7,43.4%,6.8°,7.3°,31.1,7.4%,9,0.352,.330,0.42,.402,47.5%,20.5%,27.9%,51.1%,66.7%,90.9%,39.4%,19.2%,44.0
Georgia Tech,Caleb Daniel,All,564,81,91.7,104.8,107.6,51.9%,17.8°,20.2°,43.2,14.8%,12,0.292,.260,0.42,.398,29.6%,42.0%,28.4%,44.0%,65.4%,83.2%,28.4%,29.0%,66.0
North Carolina,Macon Winslow,All,985,174,90.1,106.8,111.9,42.0%,16.7°,11.8°,38.5,11.5%,20,0.313,.332,0.42,.465,35.6%,32.8%,28.2%,43.2%,66.8%,87.4%,24.2%,21.4%,102.0
NC State,Christian Serrano,All,185,34,85.8,100.2,104.8,32.4%,6.3°,9.1°,32.4,0.0%,0,0.372,.293,0.42,.355,50.0%,23.5%,23.5%,45.9%,66.7%,83.3%,29.8%,28.2%,17.0
Lafayette,Brandon Doubek,All,528,72,89.3,103.6,107.7,45.8%,14.7°,18.1°,34.7,8.3%,6,0.308,.242,0.42,.373,37.5%,34.7%,22.2%,37.1%,63.2%,79.9%,18.5%,29.6%,126.0
Texas State,Rashawn Galloway,All,913,223,92.4,106.0,112.5,47.1%,11.1°,6.2°,29.6,6.7%,15,0.32,.333,0.42,.416,44.4%,23.8%,21.1%,45.6%,66.1%,91.7%,30.8%,11.5%,83.0
Central Arkansas,Keaton Laidley,All,232,42,91.1,104.4,107.9,52.4%,18.9°,20.8°,45.2,9.5%,4,0.333,.284,0.42,.375,31.0%,31.0%,31.0%,51.3%,72.2%,76.9%,38.0%,39.5%,42.0
Central Arkansas,Parker Gwyn,All,452,86,88.2,102.9,106.0,34.9%,14.7°,10.1°,30.2,5.8%,5,0.349,.286,0.42,.374,41.9%,33.7%,20.9%,46.0%,73.4%,81.2%,26.5%,26.9%,109.0
Tarleton State,Slade McCloud,All,751,155,88.5,101.4,108.4,34.2%,11.3°,11.5°,31.0,1.3%,2,0.342,.293,0.42,.359,39.4%,23.2%,27.7%,48.9%,70.7%,94.4%,31.9%,16.3%,94.0
Winthrop,Josh Skowronski,All,844,124,86.9,101.2,105.5,38.7%,17.8°,18.0°,37.9,4.0%,5,0.285,.272,0.42,.409,30.6%,35.5%,31.5%,37.8%,65.8%,78.8%,14.9%,27.6%,132.0
Tennessee,Blake Grimmer,All,856,121,91.6,106.2,109.6,46.3%,11.9°,16.7°,36.4,9.9%,12,0.298,.282,0.419,.411,43.8%,27.3%,24.0%,46.1%,66.5%,84.6%,30.7%,27.8%,70.0
Ball State,John Colligan,All,39,6,77.4,90.7,92.2,0.0%,-14.1°,-,16.7,0.0%,0,0.286,.175,0.419,.254,66.7%,16.7%,16.7%,43.6%,72.2%,100.0%,19.0%,0.0%,105.0
USF,Eli Thomas,All,272,58,91.5,101.4,108.6,50.0%,-1.6°,1.9°,32.8,0.0%,0,0.359,.331,0.419,.391,58.6%,5.2%,34.5%,43.0%,72.2%,95.2%,21.7%,16.2%,124.0
Appalachian State,Kameron Miller,All,540,60,92.8,108.7,111.4,50.0%,-0.8°,13.8°,30.0,15.0%,9,0.278,.266,0.419,.425,55.0%,20.0%,21.7%,37.8%,58.7%,74.3%,18.5%,33.3%,94.0
Maryland,Rylen Stockton,All,602,93,87.0,102.3,105.9,35.5%,11.4°,13.0°,41.9,4.3%,4,0.314,.287,0.419,.383,39.8%,28.0%,29.0%,44.0%,73.3%,85.4%,24.2%,23.8%,124.0
Pikeville,Francis Subero,All,76,14,85.2,100.8,103.4,28.6%,21.1°,12.6°,28.6,7.1%,1,0.294,.212,0.419,.309,35.7%,28.6%,7.1%,35.5%,64.3%,83.3%,18.8%,18.5%,74.0
UMBC,Jacob Bagania,All,132,16,75.7,85.5,86.7,0.0%,-12.7°,-,12.5,0.0%,0,0.263,.178,0.419,.366,62.5%,18.8%,12.5%,29.5%,55.8%,89.7%,12.5%,10.3%,112.0
California Baptist,Christian Ramirez,All,891,210,87.9,99.5,104.9,29.5%,12.4°,12.0°,40.0,1.4%,3,0.359,.319,0.419,.391,39.5%,25.2%,31.4%,46.7%,68.5%,94.7%,27.6%,10.3%,108.0
Stonehill,Michael Rickert,All,94,13,86.9,100.6,101.1,30.8%,17.9°,17.1°,69.2,0.0%,0,0.333,.318,0.419,.469,15.4%,30.8%,53.8%,43.6%,79.5%,93.5%,18.2%,24.4%,116.0
Arizona State,Matt Polk,All,328,79,90.7,105.5,110.5,43.0%,6.8°,7.3°,30.4,2.5%,2,0.363,.316,0.419,.371,54.4%,17.7%,24.1%,52.4%,73.6%,88.0%,39.4%,24.4%,23.0
Saint Peter's,Alexander Manent,All,157,28,84.0,101.5,105.4,32.1%,10.5°,23.4°,39.3,7.1%,2,0.333,.290,0.419,.409,57.1%,25.0%,10.7%,43.9%,67.1%,89.4%,25.3%,17.4%,101.0
Penn State,Bryce Molinaro,All,762,104,93.3,107.5,110.4,53.8%,12.2°,19.5°,45.2,17.3%,18,0.288,.328,0.419,.476,35.6%,30.8%,31.7%,37.7%,61.0%,85.6%,19.7%,26.5%,101.0
East Tennessee State,Henry Ferguson,All,1019,145,89.5,104.3,109.3,48.3%,6.9°,14.6°,37.9,11.0%,16,0.34,.305,0.419,.431,48.3%,20.7%,29.0%,40.4%,67.2%,75.5%,16.5%,24.8%,145.0
Milwaukee,Dominic Kibler,All,587,98,90.9,105.1,109.8,40.8%,17.8°,15.0°,34.7,6.1%,6,0.277,.302,0.419,.435,29.6%,30.6%,27.6%,37.6%,59.5%,91.6%,20.4%,18.1%,134.0
UC Riverside,Ty Walton,All,114,24,80.1,100.4,101.8,16.7%,6.7°,8.1°,37.5,0.0%,0,0.367,.221,0.419,.232,58.3%,12.5%,25.0%,57.0%,84.6%,77.3%,33.9%,35.4%,74.0
Northern Kentucky,Sam Bond,All,32,6,80.9,99.0,100.2,33.3%,9.2°,24.7°,50.0,0.0%,0,0.25,.167,0.419,.219,50.0%,16.7%,16.7%,31.2%,50.0%,66.7%,20.0%,40.0%,81.0
La Salle,Chase Swain,All,400,73,94.8,108.8,110.0,58.9%,8.5°,11.9°,47.9,15.1%,11,0.326,.345,0.419,.476,34.2%,26.0%,32.9%,42.5%,60.1%,86.1%,24.4%,21.2%,87.0
Tennessee,Trent Grindlinger,All,567,107,92.9,108.6,113.2,60.7%,3.0°,9.4°,35.5,11.2%,12,0.338,.367,0.418,.465,53.3%,17.8%,27.1%,46.0%,70.2%,91.1%,26.3%,16.9%,95.0
Georgia State,Wesley Bass,All,417,56,86.2,106.2,109.5,37.5%,8.7°,12.6°,32.1,5.4%,3,0.33,.268,0.418,.368,41.1%,25.0%,28.6%,44.6%,64.9%,81.1%,30.5%,33.9%,74.0
Appalachian State,Charlie Evans,All,589,121,85.9,102.0,105.9,36.4%,9.0°,13.1°,37.2,0.0%,0,0.37,.283,0.418,.359,42.1%,28.1%,29.8%,45.7%,70.2%,89.0%,24.6%,16.0%,116.0
Louisville,Ben Slanker,All,781,113,89.9,105.9,110.0,45.1%,8.1°,12.7°,38.9,9.7%,11,0.269,.305,0.418,.431,46.0%,21.2%,26.5%,36.0%,56.5%,83.2%,19.6%,27.0%,90.0
Washington State,Alexandre Giguere,All,137,18,88.9,102.8,103.7,44.4%,20.2°,17.6°,33.3,11.1%,2,0.286,.230,0.418,.351,27.8%,44.4%,16.7%,44.5%,69.4%,85.3%,30.7%,32.8%,68.0
Kentucky,Hudson Brown,All,673,118,93.3,108.6,112.8,58.5%,8.9°,13.6°,39.8,10.2%,12,0.333,.380,0.418,.496,41.5%,23.7%,32.2%,39.8%,64.0%,88.8%,17.7%,16.4%,114.0
Mississippi Valley,Stephan Landaz,All,92,14,81.8,91.3,91.9,0.0%,16.2°,-,21.4,0.0%,0,0.389,.234,0.418,.305,35.7%,14.3%,21.4%,48.9%,72.1%,80.6%,28.6%,26.7%,103.0
Stephen F. Austin,Jhett Creel,All,588,104,85.5,100.1,106.8,26.9%,12.2°,3.6°,34.6,0.0%,0,0.339,.331,0.418,.395,38.5%,9.6%,33.7%,34.0%,58.6%,93.6%,17.2%,15.0%,123.0
Longwood,Tre Keels,All,836,84,87.8,104.9,109.2,46.4%,11.7°,16.8°,39.3,7.1%,6,0.279,.239,0.418,.397,44.0%,26.2%,23.8%,37.2%,64.7%,76.0%,17.0%,34.4%,126.0
Gonzaga,Ryder Young,All,727,154,89.6,101.8,105.6,39.0%,13.1°,16.1°,42.9,3.9%,6,0.315,.325,0.418,.410,35.1%,29.9%,31.8%,46.8%,74.0%,84.6%,23.7%,20.0%,117.0
Lehigh,Raff Rogers,All,284,41,89.8,101.6,102.6,36.6%,5.5°,6.4°,34.1,4.9%,2,0.31,.249,0.418,.357,43.9%,19.5%,29.3%,39.4%,66.1%,80.5%,18.8%,28.6%,105.0
Purdue,Ali Banks,All,218,43,88.3,100.6,102.2,27.9%,3.4°,1.4°,32.6,7.0%,3,0.327,.273,0.417,.380,53.5%,23.3%,18.6%,38.1%,60.4%,85.2%,18.8%,22.9%,92.0
Maryland,Ryan Costello,All,836,141,90.9,106.8,111.1,45.4%,16.1°,12.6°,28.4,7.1%,10,0.247,.281,0.417,.426,41.1%,33.3%,20.6%,39.0%,63.3%,82.7%,20.9%,22.7%,103.0
New Mexico State,Noah Massey,All,33,6,87.5,99.8,100.0,50.0%,0.8°,11.0°,50.0,0.0%,0,0.444,.342,0.417,.345,66.7%,0.0%,33.3%,57.6%,72.2%,76.9%,40.0%,42.1%,73.0
Utah Tech,Miller Durham,All,445,85,89.3,103.9,109.7,44.7%,6.5°,9.9°,30.6,5.9%,5,0.32,.304,0.417,.395,54.1%,16.5%,22.4%,45.4%,66.3%,89.7%,31.9%,17.8%,74.0
North Alabama,William Millard,All,822,149,84.8,98.3,104.8,24.2%,13.9°,12.6°,28.2,2.0%,3,0.312,.247,0.417,.338,44.3%,23.5%,21.5%,38.1%,64.0%,87.9%,16.3%,18.2%,122.0
Air Force,TJ Oster,All,330,58,84.3,96.1,97.9,17.2%,6.5°,3.5°,34.5,0.0%,0,0.355,.258,0.417,.330,51.7%,20.7%,24.1%,47.6%,71.4%,87.6%,28.4%,19.1%,109.0
UNC Asheville,Jake Pereira,All,167,26,81.9,98.1,104.0,23.1%,-12.0°,7.1°,19.2,0.0%,0,0.361,.256,0.417,.301,73.1%,3.8%,23.1%,40.1%,66.2%,94.3%,16.1%,11.9%,123.0
Iowa,Bryce Phelps,All,139,23,79.9,94.2,97.6,8.7%,16.5°,0.2°,30.4,0.0%,0,0.346,.344,0.417,.417,39.1%,30.4%,30.4%,41.0%,75.0%,76.9%,20.7%,26.3%,120.0
Maryland,Devin Russell,All,350,49,93.0,104.1,107.8,51.0%,24.0°,25.5°,32.7,14.3%,7,0.275,.247,0.417,.374,26.5%,49.0%,20.4%,43.1%,69.9%,72.0%,22.3%,32.5%,125.0
Mississippi State,Gehrig Frei,All,809,155,90.4,106.7,111.2,43.2%,7.1°,12.5°,36.8,8.4%,13,0.327,.300,0.417,.402,49.0%,18.7%,27.7%,53.6%,74.4%,83.5%,37.1%,27.2%,76.0
Florida State,Hunter Carns,All,759,120,92.0,107.6,110.8,46.7%,13.7°,12.0°,37.5,10.0%,12,0.312,.339,0.417,.465,39.2%,21.7%,30.0%,42.2%,65.0%,82.5%,23.3%,26.9%,102.0
UL Monroe,Bryce Blaser,All,903,155,84.7,100.2,104.4,26.5%,8.1°,12.0°,31.6,1.9%,3,0.328,.280,0.417,.383,47.1%,21.9%,23.2%,39.4%,61.5%,87.4%,22.9%,21.6%,113.0
Grand Canyon,Dom Chacon,All,336,50,88.7,104.4,109.0,38.0%,18.4°,10.3°,42.0,2.0%,1,0.279,.252,0.417,.364,28.0%,34.0%,34.0%,39.9%,65.6%,77.2%,18.1%,27.6%,103.0
Missouri,Isaiah Frost,All,241,39,84.4,107.0,108.8,41.0%,1.1°,10.4°,33.3,5.1%,2,0.32,.293,0.417,.387,43.6%,15.4%,33.3%,44.4%,71.3%,90.3%,25.0%,17.8%,124.0
St. John's,Adam Agresti,All,794,150,90.5,108.1,112.4,43.3%,18.6°,20.5°,40.7,14.7%,22,0.284,.310,0.417,.467,32.7%,42.7%,21.3%,51.9%,82.4%,87.2%,31.0%,22.1%,95.0
Saint Louis,Ian Blazier,All,401,81,85.0,101.8,104.1,30.9%,1.3°,11.2°,34.6,3.7%,3,0.354,.297,0.417,.386,53.1%,21.0%,24.7%,43.9%,73.7%,90.5%,21.7%,17.6%,125.0
Incarnate Word,Preston Newberry,All,693,134,90.6,103.3,110.4,47.0%,12.6°,10.4°,37.3,5.2%,7,0.329,.274,0.417,.368,40.3%,26.9%,26.1%,45.0%,72.0%,85.2%,24.4%,21.8%,106.0
Coppin State,Nelson Grajales,All,96,17,80.4,102.8,103.3,11.8%,-5.7°,10.1°,35.3,0.0%,0,0.364,.285,0.417,.364,64.7%,5.9%,29.4%,40.6%,70.7%,79.3%,18.2%,28.2%,119.0
Western Michigan,Drew Howard,All,332,75,85.9,100.4,103.8,29.3%,5.0°,10.1°,38.7,1.3%,1,0.381,.343,0.417,.396,48.0%,20.0%,30.7%,41.0%,61.9%,93.4%,24.3%,15.4%,100.0
Appalachian State,Jalen Seward,All,511,85,86.6,104.9,107.8,40.0%,10.0°,11.7°,38.8,1.2%,1,0.327,.257,0.417,.351,42.4%,22.4%,27.1%,45.0%,69.0%,80.1%,26.0%,27.8%,90.0
Minnesota,Weber Neels,All,580,111,88.5,104.2,108.6,44.1%,17.1°,15.2°,36.9,7.2%,8,0.331,.317,0.417,.422,36.9%,35.1%,23.4%,46.9%,70.0%,86.4%,29.1%,18.8%,98.0
Dayton,Ryan MacDougall,All,763,120,90.5,102.9,106.4,48.3%,23.3°,21.9°,38.3,6.7%,8,0.287,.282,0.417,.419,26.7%,40.8%,27.5%,42.6%,67.1%,89.3%,26.1%,20.9%,106.0
UNC Wilmington,Trevor Lucas,All,863,149,91.1,104.6,107.6,51.0%,12.4°,18.1°,39.6,10.7%,16,0.303,.321,0.417,.463,36.2%,32.9%,30.2%,41.7%,67.8%,89.6%,19.5%,16.9%,115.0
Middle Tennessee,Tyler Minnick,All,306,57,88.5,102.2,105.9,35.1%,15.9°,14.7°,35.1,5.3%,3,0.303,.329,0.417,.426,40.4%,26.3%,26.3%,36.6%,57.7%,91.5%,22.4%,17.9%,98.0
Air Force,Tripp Garrish,All,849,130,88.9,108.3,111.8,46.2%,6.0°,8.0°,30.0,10.0%,13,0.295,.295,0.416,.417,51.5%,18.5%,25.4%,39.6%,64.0%,87.3%,20.8%,22.9%,113.0
Nebraska,Mac Moyer,All,970,185,89.3,102.4,106.2,39.5%,-0.7°,2.7°,25.4,0.5%,1,0.344,.299,0.416,.391,60.0%,13.5%,23.2%,41.1%,68.3%,92.3%,18.9%,15.0%,105.0
Austin Peay,Cole Johnson,All,841,132,87.4,105.4,110.4,36.4%,5.0°,12.0°,34.8,6.8%,9,0.273,.281,0.416,.409,50.0%,23.5%,25.0%,41.9%,71.1%,88.0%,23.0%,22.2%,111.0
Wright State,Andrew Duncan,All,739,130,92.2,107.5,112.5,52.3%,3.7°,7.6°,32.3,6.9%,9,0.329,.322,0.416,.401,50.8%,14.6%,29.2%,44.9%,68.1%,89.7%,26.3%,25.3%,105.0
Albany,Cooper Loyal,All,298,58,86.6,100.2,101.6,22.4%,10.1°,11.2°,41.4,1.7%,1,0.333,.247,0.416,.317,41.4%,24.1%,29.3%,41.6%,68.9%,81.7%,19.0%,25.8%,107.0
Vanderbilt,Logan Johnstone,All,930,138,89.8,103.5,105.1,37.7%,10.5°,14.8°,40.6,6.5%,9,0.298,.289,0.416,.409,44.9%,22.5%,29.0%,34.5%,55.3%,88.2%,16.6%,17.1%,114.0
New Orleans,Miles Curley,All,489,85,91.2,104.5,111.6,51.8%,15.5°,17.5°,36.5,11.8%,10,0.306,.294,0.416,.420,37.6%,27.1%,27.1%,48.9%,77.3%,79.1%,27.3%,29.3%,105.0
Ole Miss,Will Furniss,All,954,145,91.9,106.9,110.8,49.7%,2.0°,11.7°,38.6,8.3%,12,0.319,.316,0.416,.442,50.3%,19.3%,27.6%,40.3%,64.5%,79.4%,19.7%,26.8%,79.0
UAB,Landon Beaver,All,1063,167,86.9,102.3,107.1,31.7%,16.0°,11.1°,40.1,3.0%,5,0.308,.314,0.416,.423,34.1%,25.7%,30.5%,42.1%,68.9%,86.9%,19.2%,19.0%,132.0
Stephen F. Austin,Rodric Black,All,197,28,78.8,97.0,102.0,14.3%,15.5°,12.3°,39.3,0.0%,0,0.3,.250,0.416,.343,32.1%,14.3%,28.6%,37.6%,63.4%,84.4%,23.0%,24.3%,100.0
San Diego State,Jake Jackson,All,814,136,91.5,107.3,109.6,47.8%,12.5°,17.0°,36.8,12.5%,17,0.309,.271,0.416,.395,36.8%,33.1%,25.0%,49.0%,78.3%,75.5%,26.9%,32.6%,98.0
Abilene Christian,Zandt Payne,All,916,136,86.4,97.8,100.2,18.4%,16.7°,16.5°,31.6,1.5%,2,0.292,.262,0.416,.371,39.0%,35.3%,24.3%,37.3%,62.3%,89.8%,17.0%,17.5%,133.0
Butler,Charlie Schebler,All,456,91,83.0,100.4,105.4,24.2%,9.3°,16.4°,38.5,2.2%,2,0.342,.266,0.416,.344,42.9%,19.8%,31.9%,51.5%,79.0%,79.1%,30.1%,28.5%,99.0
Rhode Island,Danny Leikus,All,267,65,86.2,102.2,105.8,40.0%,12.4°,14.0°,43.1,3.1%,2,0.36,.345,0.416,.408,38.5%,27.7%,32.3%,59.2%,84.2%,88.4%,34.3%,22.2%,81.0
Louisville,Bayram Hot,All,971,153,91.5,105.1,109.4,47.1%,8.3°,10.6°,32.7,7.8%,12,0.328,.311,0.416,.411,48.4%,22.2%,26.1%,44.7%,69.0%,84.7%,27.9%,26.7%,86.0
Belmont,Charlie Davis,All,649,166,84.6,101.1,102.6,36.1%,7.1°,9.3°,38.6,2.4%,4,0.333,.312,0.416,.383,43.4%,21.7%,29.5%,56.1%,79.3%,90.1%,38.5%,17.6%,92.0
East Tennessee State,Luke Matlock,All,514,87,85.6,102.3,107.0,39.1%,18.3°,15.0°,40.2,8.0%,7,0.3,.272,0.416,.374,33.3%,23.0%,27.6%,44.0%,66.5%,85.9%,26.6%,19.0%,100.0
Southeastern Louisiana,Alex Perry,All,275,48,89.5,104.6,111.7,43.8%,15.0°,10.2°,22.9,4.2%,2,0.25,.270,0.416,.396,43.8%,29.2%,16.7%,42.2%,66.4%,93.8%,22.9%,18.1%,114.0
Kansas,Augusto Mungarrieta,All,695,110,91.2,104.4,107.7,48.2%,16.0°,20.3°,30.0,9.1%,10,0.301,.265,0.416,.384,37.3%,41.8%,16.4%,49.1%,75.6%,77.3%,27.9%,32.0%,94.0
UC Davis,Evan Gentil,All,222,24,92.3,103.4,103.7,66.7%,16.1°,18.6°,54.2,20.8%,5,0.275,.267,0.416,.428,29.2%,33.3%,33.3%,36.5%,59.6%,71.4%,19.5%,40.7%,137.0
Pittsburgh,Sebastian Pisacreta,All,865,122,92.3,105.5,112.2,50.8%,16.9°,18.4°,40.2,13.1%,16,0.278,.291,0.415,.436,34.4%,36.9%,25.4%,42.5%,62.9%,78.7%,24.2%,30.7%,93.0
Oregon,Ryan Cooney,All,910,184,91.4,101.5,107.1,41.8%,15.6°,13.3°,37.5,3.3%,6,0.338,.304,0.415,.402,37.5%,32.6%,26.1%,40.1%,64.5%,93.2%,17.9%,13.2%,109.0
Oregon,Brayden Jaksa,All,662,117,92.6,110.1,113.1,45.3%,11.2°,13.1°,33.3,11.1%,13,0.322,.309,0.415,.398,44.4%,23.1%,28.2%,47.6%,67.2%,89.8%,29.2%,22.2%,68.0
Kent State,Sawyer Solitaria,All,669,99,89.0,110.6,113.9,44.4%,1.4°,11.1°,31.3,17.2%,17,0.283,.275,0.415,.430,54.5%,23.2%,18.2%,45.1%,74.5%,78.1%,26.1%,32.5%,106.0
North Carolina A&T,Andrew Tinsley,All,159,39,83.5,106.1,107.4,28.2%,0.5°,11.2°,25.6,7.7%,3,0.333,.276,0.415,.348,46.2%,30.8%,20.5%,54.7%,77.5%,90.9%,36.4%,18.4%,58.0
Penn,Nicholas Spaventa,All,590,123,88.8,106.1,110.0,42.3%,15.2°,14.3°,32.5,9.8%,12,0.307,.311,0.415,.425,39.0%,27.6%,23.6%,44.7%,68.6%,91.2%,25.5%,15.5%,101.0
Maryland,David Mendez,All,837,171,88.8,104.1,109.3,35.1%,10.3°,10.9°,33.9,4.7%,8,0.323,.311,0.415,.401,42.7%,28.7%,26.3%,45.4%,68.5%,91.9%,24.5%,17.4%,102.0
Oklahoma,Camden Johnson,All,894,137,89.3,104.3,106.0,41.6%,6.6°,14.8°,40.9,7.3%,10,0.326,.297,0.415,.406,49.6%,19.0%,28.5%,43.7%,60.1%,86.3%,28.2%,25.1%,82.0
Pacific,Noah Canter,All,32,7,88.0,100.4,100.9,28.6%,17.9°,11.5°,28.6,0.0%,0,0.4,.255,0.415,.269,42.9%,28.6%,28.6%,53.1%,71.4%,90.0%,38.9%,35.3%,61.0
Fordham,Thomas McAndrews,All,601,114,90.5,104.2,109.1,43.9%,17.0°,15.6°,46.5,10.5%,12,0.297,.293,0.415,.429,24.6%,36.0%,34.2%,44.8%,68.3%,86.0%,26.5%,26.0%,104.0
Long Island,Joe Durso,All,188,31,87.2,100.8,104.6,32.3%,19.1°,17.2°,35.5,6.5%,2,0.31,.227,0.415,.350,22.6%,38.7%,25.8%,43.1%,64.3%,84.4%,30.5%,30.9%,94.0
New Mexico,Luke Mansy,All,328,60,86.1,99.5,104.4,26.7%,14.7°,13.1°,41.7,3.3%,2,0.319,.286,0.415,.379,41.7%,30.0%,26.7%,43.6%,66.0%,91.6%,26.1%,15.4%,107.0
Lenoir-Rhyne,Sylas Boris,All,168,29,91.9,101.6,106.2,48.3%,17.1°,22.2°,37.9,3.4%,1,0.317,.240,0.415,.319,34.5%,31.0%,31.0%,59.5%,86.8%,74.6%,41.0%,41.0%,73.0
BYU,Ryder Robinson,All,1006,148,89.7,104.6,107.0,41.9%,13.6°,10.3°,32.4,6.8%,10,0.306,.282,0.415,.390,41.9%,31.8%,23.6%,41.7%,65.0%,81.6%,24.7%,29.3%,109.0
Harvard,Gio Colasante,All,511,80,93.1,109.8,112.3,55.0%,7.5°,8.1°,35.0,15.0%,12,0.301,.275,0.415,.380,48.8%,22.5%,25.0%,44.6%,65.2%,77.8%,29.0%,33.3%,76.0
Air Force,Kayden Bradshaw,All,625,98,86.7,101.7,103.8,33.7%,9.5°,16.1°,28.6,2.0%,2,0.336,.231,0.415,.325,48.0%,27.6%,20.4%,40.2%,62.7%,91.5%,23.8%,22.3%,95.0
USC Beaufort,Luke Doty,All,50,8,88.5,99.5,100.0,50.0%,19.0°,27.2°,62.5,25.0%,2,0.273,.241,0.415,.500,25.0%,37.5%,37.5%,34.0%,70.6%,83.3%,15.2%,17.6%,154.0
Omaha,Tyler Bishop,All,476,105,87.8,104.5,108.3,40.0%,6.8°,13.8°,32.4,5.7%,6,0.3,.297,0.415,.403,49.5%,23.8%,21.0%,45.0%,67.3%,88.2%,26.7%,17.3%,91.0
McNeese,Danny Barbero,All,258,46,90.1,103.5,106.9,39.1%,6.0°,7.5°,26.1,0.0%,0,0.345,.274,0.415,.349,50.0%,21.7%,26.1%,42.6%,63.9%,82.1%,23.5%,25.5%,108.0
UC Santa Barbara,Liam Barrett,All,602,92,86.6,102.3,107.6,30.4%,15.3°,12.2°,30.4,1.1%,1,0.319,.293,0.415,.396,38.0%,29.3%,28.3%,35.0%,55.9%,91.4%,17.9%,16.6%,116.0
Florida,Ethan Surowiec,All,949,148,95.3,108.8,113.8,62.2%,10.3°,13.0°,37.2,12.8%,19,0.308,.320,0.414,.447,43.9%,23.0%,29.1%,47.2%,76.3%,76.9%,26.8%,28.1%,86.0
North Alabama,Wes Walker,All,769,141,86.9,102.4,106.5,34.8%,16.9°,15.2°,35.5,8.5%,12,0.295,.273,0.414,.385,39.0%,29.8%,23.4%,46.4%,73.0%,85.3%,24.8%,21.6%,105.0
UTSA,Lane Haworth,All,908,163,90.1,103.9,107.9,44.2%,9.9°,8.5°,35.0,3.7%,6,0.319,.316,0.414,.425,45.4%,27.6%,24.5%,36.3%,60.0%,88.8%,17.4%,17.9%,118.0
Houston Christian,Jackson Walker,All,631,113,84.3,101.7,104.1,24.8%,2.9°,9.9°,28.3,2.7%,3,0.323,.275,0.414,.370,55.8%,26.5%,16.8%,44.7%,73.4%,85.8%,22.1%,19.5%,131.0
LSU,Steven Milam,All,1007,197,91.3,103.1,108.6,41.6%,15.2°,9.1°,32.0,2.5%,5,0.3,.319,0.414,.413,39.6%,25.9%,26.4%,40.7%,64.7%,93.5%,19.5%,10.5%,105.0
Auburn,Eric Guevara,All,934,165,95.5,108.8,113.7,60.6%,6.6°,8.0°,38.8,12.7%,21,0.335,.346,0.414,.472,43.6%,22.4%,30.3%,46.7%,66.7%,86.7%,29.7%,24.5%,86.0
UNC Greensboro,Jacob Budzik,All,657,99,87.3,102.0,104.3,40.4%,25.2°,21.2°,41.4,8.1%,8,0.285,.241,0.414,.350,24.2%,44.4%,23.2%,45.2%,69.4%,83.8%,25.6%,27.6%,84.0
Duke,RJ Hamilton,All,897,137,88.4,101.8,106.7,37.2%,14.5°,12.2°,29.9,4.4%,6,0.332,.257,0.414,.349,40.9%,19.0%,23.4%,43.3%,69.7%,80.3%,22.6%,26.0%,115.0
Quinnipiac,Alex Irizarry,All,510,86,89.6,103.0,108.0,45.3%,13.8°,9.7°,34.9,2.3%,2,0.32,.326,0.414,.421,38.4%,27.9%,29.1%,39.8%,67.3%,84.1%,22.6%,21.7%,123.0
UNLV,Jack Salmon,All,601,86,87.3,104.1,110.0,39.5%,11.0°,14.0°,46.5,4.7%,4,0.328,.291,0.414,.402,39.5%,18.6%,38.4%,40.9%,69.0%,80.1%,20.2%,26.8%,121.0
Fresno State,Griffen Sotomayor,All,547,94,90.8,104.4,108.1,52.1%,7.0°,10.6°,36.2,5.3%,5,0.308,.309,0.414,.414,47.9%,17.0%,30.9%,45.5%,71.3%,82.8%,24.8%,24.5%,110.0
George Mason,Lucas Alberti,All,832,147,87.9,103.0,107.6,38.8%,5.0°,9.1°,28.6,2.7%,4,0.333,.295,0.414,.405,55.8%,21.1%,19.7%,35.8%,60.0%,85.0%,17.8%,19.1%,107.0
Longwood,Mikey Urbaniak,All,71,8,88.3,99.9,100.0,25.0%,-2.8°,11.8°,25.0,0.0%,0,0.273,.270,0.414,.418,62.5%,12.5%,25.0%,33.8%,56.7%,64.7%,17.1%,33.3%,124.0
Campbell,Carlos Lugo,All,830,174,89.4,105.5,110.4,41.4%,7.1°,11.1°,34.5,4.0%,7,0.344,.349,0.414,.442,46.0%,21.8%,29.3%,41.7%,63.0%,94.8%,24.9%,13.0%,101.0
Florida A&M,Jay Campbell,All,162,23,83.6,102.1,103.4,21.7%,16.1°,19.5°,30.4,0.0%,0,0.312,.250,0.414,.356,34.8%,34.8%,30.4%,38.3%,63.2%,79.2%,16.3%,27.4%,109.0
Jackson State,Edwin Enrique Lemus Hudson Jr,All,310,46,82.8,102.0,109.1,23.9%,3.1°,10.4°,39.1,2.2%,1,0.333,.272,0.414,.393,52.2%,15.2%,30.4%,34.8%,59.5%,84.1%,20.1%,24.1%,105.0
Bellarmine,Jake Bell,All,343,55,89.5,99.7,103.6,36.4%,17.9°,13.5°,30.9,1.8%,1,0.301,.225,0.413,.309,34.5%,34.5%,18.2%,38.5%,57.7%,84.9%,23.7%,25.0%,86.0
Northern Illinois,Gavin Baldwin,All,783,138,89.4,107.3,113.9,45.7%,20.9°,19.5°,39.1,12.3%,17,0.287,.295,0.413,.432,26.1%,39.9%,24.6%,42.9%,68.7%,84.9%,25.2%,25.0%,105.0
Southeastern Louisiana,Justin Williams,All,263,56,90.6,106.8,109.8,46.4%,-1.2°,1.2°,21.4,7.1%,4,0.343,.269,0.413,.342,58.9%,23.2%,14.3%,53.2%,76.5%,85.2%,35.1%,23.6%,57.0
New Orleans,Kruise Newman,All,745,102,90.9,105.4,109.9,49.0%,13.0°,16.8°,35.3,8.8%,9,0.297,.258,0.413,.376,40.2%,26.5%,28.4%,37.9%,57.5%,77.0%,23.2%,35.5%,84.0
Merrimack,Matthew Deshiro,All,264,53,92.9,102.8,104.5,50.9%,9.2°,8.1°,39.6,1.9%,1,0.355,.352,0.413,.412,34.0%,15.1%,41.5%,37.9%,60.7%,89.7%,21.1%,12.0%,85.0
VMI,Brycen Hamilton,All,91,12,80.9,100.5,108.2,16.7%,20.6°,15.5°,25.0,0.0%,0,0.235,.191,0.413,.290,41.7%,33.3%,16.7%,34.1%,59.0%,87.0%,15.4%,29.0%,141.0
Yale,Kaiden Dossa,All,604,89,85.5,101.4,104.3,33.7%,10.3°,16.2°,34.8,5.6%,5,0.304,.250,0.413,.376,42.7%,28.1%,24.7%,39.6%,65.6%,81.2%,20.0%,28.5%,99.0
North Carolina,Rom Kellis,All,188,40,93.5,107.3,110.9,50.0%,10.7°,7.1°,20.0,2.5%,1,0.314,.232,0.413,.304,45.0%,25.0%,20.0%,64.9%,86.8%,86.1%,44.3%,30.3%,50.0
Northwestern,Ryan Kucherak,All,799,121,93.9,107.3,110.1,50.4%,15.5°,12.9°,32.2,9.9%,12,0.308,.282,0.413,.388,35.5%,34.7%,24.8%,43.8%,67.4%,78.8%,25.4%,32.6%,90.0
Charlotte,Todd Hudson,All,932,165,91.4,107.3,111.7,48.5%,5.7°,11.3°,29.7,8.5%,14,0.342,.330,0.413,.432,49.7%,21.8%,26.1%,50.1%,73.5%,86.6%,30.4%,24.8%,95.0
Texas A&M-Corpus Christi,Cade Sanchez,All,210,41,83.5,95.5,97.5,9.8%,7.9°,14.5°,41.5,0.0%,0,0.354,.292,0.413,.340,43.9%,24.4%,31.7%,43.8%,57.7%,92.9%,31.9%,16.3%,54.0
Lipscomb,Cameron Pruitt,All,707,156,88.0,101.3,106.6,32.1%,12.4°,12.1°,41.7,2.6%,4,0.366,.323,0.413,.404,34.6%,24.4%,33.3%,44.0%,65.7%,87.6%,26.2%,18.0%,108.0
West Georgia,Blake Bradford,All,254,47,88.9,105.6,107.7,36.2%,13.1°,16.2°,29.8,4.3%,2,0.373,.270,0.413,.340,40.4%,29.8%,25.5%,46.5%,65.5%,75.0%,30.4%,28.0%,89.0
Stony Brook,Chanz Doughty,All,516,77,89.2,106.1,108.5,50.6%,5.5°,13.2°,35.1,10.4%,8,0.309,.274,0.413,.381,42.9%,26.0%,24.7%,39.3%,59.7%,79.1%,24.7%,36.5%,94.0
Westmont,Grant Yzermans,All,106,21,83.4,100.0,101.0,23.8%,13.9°,12.6°,38.1,0.0%,0,0.261,.262,0.413,.350,47.6%,19.0%,23.8%,40.6%,68.6%,95.8%,26.8%,14.0%,87.0
North Carolina A&T,Reginald Tuggle,All,163,29,83.4,102.4,104.0,20.7%,11.1°,12.3°,27.6,3.4%,1,0.361,.260,0.413,.355,55.2%,27.6%,13.8%,44.2%,70.5%,88.7%,13.3%,12.5%,137.0
Lipscomb,Jordan Thomas,All,561,107,88.3,102.9,106.2,34.6%,16.1°,18.1°,43.0,6.5%,7,0.306,.274,0.413,.396,33.6%,28.0%,27.1%,46.9%,67.5%,83.8%,32.7%,22.4%,112.0
LSU,Mason Braun,All,771,103,90.3,106.4,107.7,41.7%,7.3°,8.8°,35.9,6.8%,7,0.316,.296,0.412,.421,46.6%,17.5%,32.0%,36.2%,57.2%,88.6%,18.4%,18.6%,112.0
Incarnate Word,Tony Dejesus,All,593,102,85.9,100.7,105.8,29.4%,10.8°,15.5°,43.1,4.9%,5,0.317,.318,0.412,.415,36.3%,27.5%,34.3%,34.7%,55.3%,83.7%,18.0%,20.9%,122.0
Yale,Jack Dauer,All,536,93,85.8,103.3,107.3,33.3%,8.4°,14.0°,44.1,2.2%,2,0.325,.280,0.412,.374,37.6%,17.2%,38.7%,42.4%,64.0%,92.3%,27.1%,19.8%,94.0
UNC Pembroke,Tyler Steele,All,47,5,84.1,100.4,105.7,20.0%,-6.4°,12.6°,60.0,0.0%,0,0.286,.355,0.412,.475,40.0%,0.0%,60.0%,27.7%,45.5%,60.0%,12.0%,46.2%,82.0
Bradley,Walker Buchanan,All,74,19,76.0,98.5,103.2,10.5%,8.3°,16.3°,36.8,0.0%,0,0.4,.277,0.412,.312,42.1%,21.1%,26.3%,51.4%,62.2%,95.7%,40.5%,13.2%,65.0
Yale,Garrett Larsen,All,488,112,89.1,100.8,105.2,41.1%,6.5°,7.0°,39.3,1.8%,2,0.362,.366,0.412,.416,45.5%,17.9%,34.8%,44.3%,65.5%,93.9%,26.0%,10.6%,84.0
Florida International,Mario Trivella,All,821,113,92.5,105.5,108.8,52.2%,17.0°,16.1°,37.2,13.3%,15,0.295,.302,0.412,.428,35.4%,33.6%,28.3%,45.1%,69.8%,81.2%,25.9%,28.6%,88.0
Oklahoma Wesleyan,Alejandro Quiles,All,43,5,93.7,103.4,104.1,40.0%,14.9°,-,40.0,0.0%,0,0.286,-,0.412,-,20.0%,20.0%,40.0%,39.5%,75.0%,58.3%,18.5%,41.2%,
South Dakota State,Luke Luskey,All,335,72,86.8,106.7,111.2,41.7%,4.3°,17.5°,36.1,11.1%,8,0.284,.313,0.412,.437,50.0%,26.4%,22.2%,44.8%,69.9%,89.5%,20.9%,22.0%,128.0
Memphis,Brady McAbee,All,578,86,90.3,104.3,106.4,46.5%,8.5°,9.9°,32.6,8.1%,7,0.295,.311,0.412,.424,50.0%,22.1%,24.4%,38.2%,63.8%,90.7%,18.2%,19.5%,104.0
Maryland,Jordan Crosland,All,848,124,91.2,105.5,111.0,45.2%,15.2°,13.8°,37.9,8.9%,11,0.286,.287,0.412,.415,35.5%,29.0%,31.5%,38.1%,60.4%,83.6%,19.6%,24.1%,103.0
Dallas Baptist,Chayton Krauss,All,946,171,94.2,108.2,112.6,56.1%,17.0°,19.0°,35.1,22.2%,38,0.298,.322,0.412,.482,31.6%,39.8%,21.1%,53.4%,76.0%,81.8%,36.4%,28.1%,62.0
Keiser,Jaden Ross,All,49,7,85.5,92.3,92.4,0.0%,19.7°,-,42.9,0.0%,0,0.286,.253,0.412,.423,14.3%,28.6%,42.9%,28.6%,40.0%,87.5%,20.7%,14.3%,105.0
UC Irvine,Lucas Schermer,All,203,28,86.5,103.2,105.9,28.6%,7.7°,11.2°,21.4,7.1%,2,0.333,.225,0.412,.320,60.7%,17.9%,14.3%,42.4%,66.0%,79.0%,22.0%,36.0%,75.0
Southeast Missouri,Caleb Klein,All,972,171,89.4,103.9,110.8,40.9%,11.0°,10.1°,34.5,5.8%,10,0.322,.321,0.412,.417,47.4%,24.6%,23.4%,40.2%,62.8%,88.7%,20.8%,16.9%,120.0
SIUE,Kannon Kamp,All,84,10,88.4,96.3,97.1,20.0%,3.6°,9.2°,50.0,0.0%,0,0.308,.316,0.412,.420,40.0%,0.0%,50.0%,23.8%,35.1%,76.9%,14.9%,30.0%,58.0
Santa Clara,Bryant Viskovich,All,115,13,85.6,103.2,104.2,38.5%,-13.3°,15.5°,38.5,0.0%,0,0.318,.201,0.411,.297,61.5%,15.4%,23.1%,46.1%,80.9%,65.8%,22.1%,39.6%,111.0
Stanford,Rintaro Sasaki,All,884,149,90.8,107.1,112.5,51.7%,15.0°,17.5°,34.2,12.1%,18,0.264,.302,0.411,.445,38.3%,29.5%,25.5%,41.5%,64.8%,83.9%,23.6%,24.0%,90.0
Baylor,Brady Janusek,All,865,133,88.1,106.8,112.0,46.6%,10.8°,11.9°,26.3,9.8%,13,0.289,.237,0.411,.343,48.9%,25.6%,18.0%,44.9%,66.1%,71.8%,28.1%,36.9%,74.0
Lenoir-Rhyne,Andrew Stillinger,All,138,18,84.4,96.8,104.3,22.2%,6.8°,-4.0°,27.8,0.0%,0,0.32,.201,0.411,.323,50.0%,16.7%,27.8%,34.1%,56.5%,82.9%,15.8%,21.3%,92.0
Texas Tech,Tracer Lopez,All,887,178,87.3,99.7,105.6,32.6%,12.0°,11.6°,43.8,0.0%,0,0.37,.318,0.411,.397,38.8%,24.7%,34.3%,49.2%,75.1%,88.7%,26.4%,19.5%,105.0
Bucknell,Garrett Mathias,All,740,118,85.2,101.9,106.2,35.6%,9.8°,13.0°,40.7,2.5%,3,0.297,.302,0.411,.407,43.2%,22.0%,33.1%,37.6%,59.3%,89.7%,23.1%,19.8%,118.0
East Carolina,Braden Burress,All,985,191,88.6,100.2,104.6,36.6%,9.8°,7.3°,39.3,0.5%,1,0.344,.326,0.411,.417,44.0%,16.8%,33.0%,39.2%,59.3%,93.9%,24.6%,13.2%,95.0
Sacred Heart,Ryan Rey,All,71,10,89.0,93.2,93.4,0.0%,20.1°,-,60.0,0.0%,0,0.385,.254,0.411,.316,20.0%,20.0%,50.0%,38.0%,68.8%,90.9%,12.8%,18.5%,102.0
Houston Christian,Walker Bazile,All,112,9,84.8,95.7,98.2,11.1%,13.6°,4.7°,33.3,0.0%,0,0.278,.161,0.411,.380,33.3%,33.3%,33.3%,29.5%,61.0%,72.0%,11.3%,30.3%,119.0
Seattle,Payton Knowles,All,724,151,87.3,99.6,103.4,23.8%,8.3°,8.9°,34.4,3.3%,5,0.311,.297,0.411,.394,49.0%,22.5%,24.5%,41.3%,72.8%,91.9%,18.4%,13.4%,137.0
St. John's,Shaun McMillan,All,919,164,89.7,107.4,111.6,45.1%,8.1°,12.8°,27.4,10.4%,17,0.327,.288,0.411,.395,47.6%,28.0%,22.0%,43.2%,67.3%,82.0%,23.5%,26.2%,81.0
Portland,Trey Swygart,All,389,54,89.4,107.2,112.7,40.7%,9.5°,10.9°,42.6,3.7%,2,0.307,.292,0.411,.412,44.4%,27.8%,27.8%,33.4%,56.5%,87.5%,15.5%,24.6%,100.0
Tennessee Wesleyan,Rob Gordon,All,214,26,86.2,99.0,103.1,19.2%,-6.4°,0.8°,23.1,0.0%,0,0.324,.260,0.411,.380,73.1%,0.0%,23.1%,36.4%,73.2%,90.0%,13.6%,12.8%,146.0
Murray State,Kris Hokenson,All,341,63,91.4,105.0,108.3,55.6%,14.7°,17.2°,47.6,9.5%,6,0.316,.353,0.411,.487,28.6%,36.5%,33.3%,43.4%,70.5%,85.5%,20.5%,23.6%,125.0
Nevada,Rominic Quiban,All,812,147,86.8,100.3,107.4,29.9%,5.1°,3.9°,35.4,2.7%,4,0.341,.301,0.411,.378,50.3%,17.0%,30.6%,39.2%,60.9%,89.7%,21.3%,17.0%,106.0
Bethune-Cookman,Sergio Rivera,All,143,25,75.4,92.6,98.0,8.0%,15.3°,17.1°,32.0,0.0%,0,0.355,.241,0.411,.316,48.0%,12.0%,16.0%,38.5%,63.0%,91.2%,23.6%,18.2%,118.0
Oakland,Kyle Revere,All,769,126,85.8,102.9,105.8,32.5%,11.4°,12.9°,38.9,4.0%,5,0.325,.283,0.411,.375,40.5%,23.8%,28.6%,46.2%,70.4%,81.7%,26.9%,22.8%,106.0
Mount St. Mary's,Christian Bauman,All,531,104,85.0,102.8,106.2,27.9%,15.2°,5.6°,31.7,2.9%,3,0.317,.270,0.411,.348,41.3%,26.9%,26.0%,48.6%,76.1%,84.3%,29.4%,26.4%,112.0
UT Martin,Cullen Box,All,33,5,77.0,98.3,98.4,40.0%,6.0°,15.5°,20.0,0.0%,0,0.25,.172,0.411,.271,60.0%,40.0%,0.0%,51.5%,88.9%,87.5%,37.5%,52.9%,91.0
Marist,TJ Baer,All,283,56,83.2,102.2,104.0,23.2%,5.6°,10.7°,26.8,5.4%,3,0.343,.258,0.411,.346,58.9%,21.4%,14.3%,40.3%,69.6%,90.0%,20.2%,21.9%,131.0
Purdue,Aaron Manias,All,753,116,87.7,105.8,109.4,37.9%,9.6°,16.1°,34.5,8.6%,10,0.308,.300,0.41,.410,42.2%,22.4%,30.2%,43.0%,68.1%,79.1%,21.8%,28.4%,113.0
UNLV,Jayden Hertel,All,476,91,86.7,102.0,106.2,42.9%,-0.2°,11.7°,36.3,4.4%,4,0.358,.318,0.41,.407,56.0%,17.6%,25.3%,43.3%,66.7%,84.8%,25.3%,20.9%,86.0
Virginia Tech,Ethan Gibson,All,770,114,88.6,101.8,107.0,36.0%,23.7°,17.6°,38.6,5.3%,6,0.32,.250,0.41,.360,21.9%,42.1%,30.7%,42.5%,62.1%,82.1%,23.7%,23.2%,73.0
Radford,Breckin Nace,All,860,125,89.0,101.2,104.0,49.6%,5.9°,9.7°,35.2,1.6%,2,0.313,.299,0.41,.397,46.4%,20.0%,28.8%,32.1%,55.2%,94.8%,13.6%,9.4%,113.0
Erskine,Pierce Radke,All,115,29,83.5,100.2,102.2,17.2%,5.1°,5.9°,27.6,0.0%,0,0.387,.254,0.41,.285,55.2%,20.7%,24.1%,49.6%,78.7%,83.8%,29.4%,15.8%,127.0
Oregon,Drew Smith,All,903,134,89.5,105.5,110.6,38.1%,11.9°,13.5°,29.9,9.7%,13,0.316,.251,0.41,.355,42.5%,28.4%,23.9%,42.9%,63.2%,84.9%,26.1%,27.1%,77.0
Campbell,Trenton Rumley,All,722,94,85.1,100.8,108.1,28.7%,16.0°,13.9°,37.2,1.1%,1,0.28,.274,0.41,.415,34.0%,29.8%,27.7%,30.1%,49.5%,84.2%,17.7%,22.6%,109.0
Missouri State,Bryce Cermenelli,All,622,163,89.4,101.5,104.4,35.0%,8.7°,7.7°,30.7,1.8%,3,0.357,.338,0.41,.405,48.5%,22.1%,23.9%,52.6%,79.5%,97.3%,30.8%,8.9%,69.0
UNC Greensboro,Luke Holland,All,393,68,87.5,105.6,109.3,41.2%,10.2°,10.5°,44.1,5.9%,4,0.341,.321,0.41,.414,44.1%,20.6%,35.3%,49.4%,74.4%,83.2%,30.7%,29.9%,82.0
USC Upstate,Tyler Lang,All,764,156,85.7,101.0,103.8,25.0%,15.4°,9.9°,39.1,3.8%,6,0.293,.293,0.41,.418,34.6%,34.0%,26.3%,40.4%,67.0%,89.5%,20.6%,11.3%,125.0
Arizona State,Ky McGary,All,111,18,92.0,106.5,111.3,38.9%,4.8°,12.1°,22.2,5.6%,1,0.308,.223,0.41,.316,55.6%,22.2%,16.7%,51.4%,84.4%,86.8%,28.8%,29.8%,94.0
Davidson,Matthew Manjooran,All,770,125,85.9,99.1,104.0,24.0%,16.4°,15.4°,34.4,1.6%,2,0.327,.256,0.41,.332,38.4%,34.4%,24.0%,41.7%,63.8%,81.7%,24.8%,29.6%,95.0
Cal State Northridge,Matthew Cormier,All,208,37,91.8,103.7,106.0,51.4%,17.2°,16.7°,43.2,13.5%,5,0.302,.280,0.41,.413,24.3%,37.8%,29.7%,47.1%,67.3%,80.3%,29.1%,27.6%,72.0
Marian (IN),Johnny Roeder,All,45,7,90.9,94.9,97.7,14.3%,35.0°,35.0°,28.6,0.0%,0,0.25,.102,0.41,.231,0.0%,100.0%,0.0%,55.6%,77.8%,78.6%,40.7%,32.0%,108.0
USC,Kevin Takeuchi,All,964,176,89.2,102.8,107.9,40.3%,16.5°,15.3°,35.2,8.0%,14,0.301,.271,0.409,.405,36.9%,31.8%,19.9%,42.8%,69.0%,91.3%,21.6%,18.9%,105.0
Grand Canyon,Kade Huff,All,36,7,90.8,100.1,103.6,42.9%,21.4°,-0.5°,28.6,0.0%,0,0.4,.287,0.409,.346,42.9%,42.9%,14.3%,44.4%,60.0%,83.3%,25.0%,31.2%,135.0
Western Illinois,Joe Connolly,All,438,82,77.7,93.3,97.8,7.3%,6.5°,2.0°,31.7,0.0%,0,0.324,.250,0.409,.325,53.7%,15.9%,29.3%,44.7%,68.1%,87.7%,26.7%,18.9%,114.0
Purdue,Trey Swiderski,All,230,30,89.1,103.5,104.4,46.7%,25.5°,19.8°,36.7,16.7%,5,0.261,.258,0.409,.398,33.3%,43.3%,13.3%,51.3%,72.0%,80.6%,37.2%,33.1%,89.0
Oakland,Aidan Orr,All,394,58,89.0,104.8,106.1,43.1%,1.4°,9.3°,27.6,5.2%,3,0.27,.306,0.409,.436,56.9%,17.2%,22.4%,36.0%,64.6%,83.7%,16.3%,23.9%,145.0
Le Moyne,Paul Goodness,All,123,24,84.6,97.1,98.0,16.7%,0.3°,4.1°,41.7,0.0%,0,0.364,.257,0.409,.285,50.0%,8.3%,37.5%,46.3%,59.7%,89.2%,32.8%,28.1%,59.0
Illinois-Chicago,Thomas Curry,All,711,137,89.8,106.0,108.0,43.1%,17.7°,11.4°,27.7,8.0%,11,0.307,.278,0.409,.382,40.9%,28.5%,19.7%,45.1%,66.6%,83.9%,26.1%,24.6%,75.0
UMass,Tyler Fox,All,308,42,85.1,99.7,101.6,33.3%,18.5°,16.0°,45.2,2.4%,1,0.357,.312,0.409,.400,38.1%,23.8%,33.3%,38.3%,65.0%,82.5%,20.5%,21.2%,104.0
Lander,Will McClellan,All,167,25,89.0,103.7,106.2,28.0%,18.5°,14.3°,28.0,8.0%,2,0.281,.262,0.409,.408,36.0%,40.0%,20.0%,29.3%,61.5%,85.0%,8.8%,18.4%,177.0
Cincinnati,Derrick Pitts,All,1003,153,89.3,103.9,107.4,45.1%,8.6°,15.4°,45.8,7.8%,12,0.341,.302,0.409,.423,41.2%,19.6%,36.6%,43.8%,67.2%,83.7%,24.2%,22.3%,105.0
Sam Houston State,Wes Baker,All,393,45,90.4,104.0,105.6,48.9%,8.6°,22.0°,33.3,15.6%,7,0.269,.268,0.409,.440,44.4%,33.3%,22.2%,39.9%,68.3%,78.6%,19.7%,27.4%,127.0
Wright State,JP Peltier,All,751,126,91.8,105.5,112.7,53.2%,15.4°,17.4°,31.0,8.7%,11,0.304,.274,0.409,.404,38.1%,27.8%,23.8%,41.3%,64.9%,80.8%,21.2%,25.8%,115.0
UNC Greensboro,Jake Mueller,All,754,152,86.3,102.3,104.9,36.8%,7.0°,13.0°,40.8,4.6%,7,0.337,.319,0.409,.419,44.1%,25.7%,27.6%,46.0%,66.9%,89.7%,29.4%,17.0%,90.0
Maryland,Michael Iannazzo,All,163,27,78.8,96.5,103.3,18.5%,5.2°,3.5°,22.2,0.0%,0,0.355,.263,0.409,.349,48.1%,25.9%,22.2%,38.7%,59.7%,90.7%,22.0%,12.7%,83.0
Columbia International (SC),Corbin Wright,All,58,15,79.0,96.9,97.8,13.3%,-4.2°,2.9°,26.7,0.0%,0,0.438,.284,0.409,.285,66.7%,13.3%,20.0%,60.3%,90.0%,88.9%,44.7%,20.0%,60.0
Westmont,Joey Rico,All,128,15,79.7,108.8,109.2,13.3%,-16.2°,17.8°,26.7,6.7%,1,0.318,.264,0.409,.365,73.3%,0.0%,26.7%,35.2%,60.7%,67.6%,15.3%,31.1%,124.0
Binghamton,Braylen Gonzalez,All,583,79,86.8,98.1,99.5,24.1%,0.5°,7.2°,31.6,1.3%,1,0.27,.242,0.409,.379,59.5%,15.2%,20.3%,30.9%,54.6%,87.5%,13.2%,17.2%,119.0
William & Mary,Louis Bartletti,All,567,99,88.1,104.3,109.5,40.4%,10.6°,10.6°,30.3,4.0%,4,0.331,.287,0.409,.376,40.4%,24.2%,27.3%,40.7%,62.9%,83.1%,23.9%,23.8%,85.0
Vanderbilt,Ryker Waite,All,909,137,90.0,104.4,108.0,45.3%,13.0°,14.5°,43.1,7.3%,10,0.306,.291,0.408,.412,40.1%,24.8%,31.4%,41.9%,65.5%,86.7%,22.2%,20.2%,109.0
Eastern Kentucky,Khaleel Pratt,All,744,102,87.4,104.4,108.4,37.3%,16.3°,17.1°,33.3,9.8%,10,0.256,.267,0.408,.421,37.3%,27.5%,24.5%,44.8%,72.8%,75.5%,25.6%,30.6%,102.0
Coastal Carolina,Trace Mazon,All,434,96,88.1,102.8,107.2,35.4%,15.5°,11.1°,35.4,5.2%,5,0.342,.286,0.408,.366,36.5%,35.4%,22.9%,48.6%,71.8%,89.3%,27.1%,18.0%,82.0
NC State,Chris McHugh,All,873,162,88.8,107.6,114.3,40.1%,11.7°,10.9°,37.7,9.9%,16,0.312,.307,0.408,.412,43.2%,23.5%,26.5%,44.7%,64.7%,86.4%,27.8%,20.3%,86.0
New Mexico State,Jonatan Clough De Los Santos,All,602,97,89.9,106.3,109.9,47.4%,4.7°,8.0°,35.1,5.2%,5,0.313,.268,0.408,.357,45.4%,20.6%,28.9%,43.7%,66.5%,78.6%,26.3%,34.6%,78.0
Saint Joseph's,Joey Pagano,All,736,149,86.8,100.7,107.8,30.9%,14.7°,18.3°,37.6,4.0%,6,0.303,.286,0.408,.399,39.6%,33.6%,24.2%,40.9%,69.6%,92.0%,20.5%,13.0%,119.0
Liberty,Anderson Fulk,All,106,7,82.9,104.7,105.5,28.6%,15.9°,11.2°,42.9,0.0%,0,0.25,.219,0.408,.384,28.6%,14.3%,57.1%,39.6%,68.3%,64.3%,21.5%,42.9%,95.0
St. Thomas (MN),Adam Puder,All,293,67,89.3,101.9,105.6,44.8%,7.3°,10.3°,43.3,3.0%,2,0.333,.340,0.408,.404,47.8%,16.4%,34.3%,42.3%,66.2%,88.3%,19.9%,18.5%,108.0
Florida Southern,Ryan Jenkins,All,117,15,85.7,96.6,96.8,20.0%,1.3°,5.8°,20.0,0.0%,0,0.25,.250,0.408,.403,73.3%,20.0%,6.7%,23.1%,47.7%,90.5%,8.2%,7.4%,143.0
Oklahoma State,T.P. Wentworth,All,435,60,87.1,106.0,113.2,41.7%,8.4°,13.6°,33.3,6.7%,4,0.287,.202,0.408,.295,55.0%,30.0%,13.3%,48.0%,65.9%,77.5%,35.2%,37.3%,56.0
Indiana State,Colin Sander,All,229,44,90.2,101.5,103.6,38.6%,12.4°,16.0°,43.2,2.3%,1,0.312,.295,0.408,.414,34.1%,36.4%,29.5%,36.7%,49.5%,94.2%,25.8%,14.3%,54.0
Wright State,Hunter Warren,All,654,156,89.3,102.5,105.8,40.4%,10.1°,6.8°,31.4,3.2%,5,0.341,.337,0.408,.416,50.0%,24.4%,21.2%,45.6%,69.3%,91.8%,25.4%,13.4%,115.0
Michigan State,Parker Picot,All,586,78,94.2,108.3,111.8,57.7%,24.6°,18.1°,46.2,17.9%,14,0.269,.259,0.408,.400,21.8%,39.7%,32.1%,45.6%,68.5%,69.9%,26.3%,38.6%,86.0
Kansas State,Ty Smolinski,All,627,112,90.8,103.5,107.4,46.4%,17.5°,18.3°,43.8,9.8%,11,0.307,.306,0.408,.434,30.4%,28.6%,34.8%,46.9%,66.6%,86.0%,30.0%,21.1%,81.0
Winthrop,Corey Wouters,All,637,145,90.2,104.1,106.8,46.9%,5.2°,9.1°,38.6,3.4%,5,0.337,.358,0.408,.440,46.2%,15.9%,33.1%,44.7%,70.7%,90.1%,23.4%,17.9%,106.0
Wofford,Niko Brini,All,737,161,83.5,100.0,104.7,24.8%,16.6°,13.5°,32.3,0.6%,1,0.342,.274,0.407,.327,37.9%,30.4%,24.8%,50.6%,69.0%,89.2%,35.2%,18.0%,89.0
Oakland,Ben Clark,All,659,116,88.8,104.6,106.3,41.4%,15.4°,11.5°,27.6,4.3%,5,0.331,.256,0.407,.347,37.1%,32.8%,23.3%,48.9%,77.5%,79.3%,26.0%,27.0%,116.0
Tennessee,Nathan Eisfelder,All,117,15,87.7,106.0,112.8,40.0%,26.4°,17.8°,20.0,13.3%,2,0.227,.221,0.407,.381,40.0%,46.7%,13.3%,38.5%,54.7%,79.3%,25.0%,26.7%,111.0
UL Monroe,Dayne Wray,All,547,114,88.6,101.4,103.2,42.1%,14.9°,12.6°,42.1,2.6%,3,0.301,.298,0.407,.382,37.7%,21.9%,26.3%,44.1%,69.4%,86.2%,25.8%,24.1%,107.0
Kansas,Cade Baldridge,All,783,153,90.6,105.0,109.1,46.4%,9.8°,9.3°,37.9,3.9%,6,0.339,.334,0.407,.410,43.1%,20.3%,33.3%,44.7%,69.6%,82.4%,23.6%,23.1%,113.0
Western Kentucky,Camden Ross,All,738,111,88.7,105.7,109.5,43.2%,9.4°,12.2°,30.6,9.9%,11,0.293,.296,0.407,.424,50.5%,21.6%,20.7%,40.0%,61.7%,87.1%,22.8%,22.7%,100.0
Duke,Kaden Smith,All,715,126,89.3,103.1,108.7,39.7%,19.9°,14.3°,36.5,9.5%,12,0.292,.259,0.407,.368,28.6%,24.6%,27.8%,50.8%,81.6%,82.4%,28.6%,29.5%,81.0
Long Beach State,Trevor Goldenetz,All,440,67,78.9,95.2,98.8,9.0%,7.0°,13.0°,35.8,0.0%,0,0.372,.255,0.407,.348,43.3%,19.4%,32.8%,31.6%,48.7%,93.5%,18.7%,11.5%,104.0
Davidson,Forrest Lietz,All,659,108,86.0,102.3,103.4,36.1%,3.0°,11.5°,34.3,4.6%,5,0.299,.282,0.407,.383,51.9%,21.3%,25.0%,37.9%,64.6%,83.2%,19.7%,22.8%,99.0
Cincinnati,Jackson Smith,All,1078,151,87.8,102.4,105.4,33.8%,8.8°,12.1°,39.7,4.6%,7,0.306,.270,0.407,.385,43.0%,27.2%,28.5%,38.3%,61.9%,87.7%,18.9%,19.1%,100.0
West Virginia,Matthew Ineich,All,1061,162,90.4,103.4,107.1,48.1%,5.6°,7.8°,34.0,4.3%,7,0.312,.348,0.407,.454,50.6%,18.5%,29.6%,34.0%,55.9%,90.6%,13.7%,12.2%,108.0
North Alabama,Petey Craska,All,895,148,90.4,106.5,113.3,41.9%,19.6°,10.3°,25.7,6.8%,10,0.28,.257,0.406,.374,35.8%,34.5%,17.6%,46.7%,73.8%,83.9%,29.8%,25.1%,97.0
Stetson,Juan De La Cruz,All,746,123,85.8,97.7,100.8,22.0%,10.8°,9.7°,37.4,0.0%,0,0.338,.305,0.406,.396,45.5%,20.3%,27.6%,35.8%,57.8%,93.6%,18.8%,9.7%,104.0
Little Rock,Kade Smith,All,763,149,86.8,100.4,103.3,27.5%,12.3°,9.2°,38.9,0.7%,1,0.333,.314,0.406,.395,36.2%,24.2%,36.2%,38.9%,65.9%,94.7%,16.9%,11.1%,117.0
Cal State Northridge,Kyle Panganiban,All,696,122,89.0,105.9,110.3,45.9%,13.3°,14.8°,38.5,8.2%,10,0.306,.306,0.406,.423,35.2%,31.1%,28.7%,47.8%,73.6%,84.9%,29.7%,24.3%,95.0
Oregon State,Josh Proctor,All,621,110,89.8,107.3,113.9,46.4%,12.6°,11.6°,34.5,9.1%,10,0.297,.292,0.406,.408,42.7%,21.8%,27.3%,47.2%,69.0%,83.8%,29.7%,25.3%,81.0
Auburn,Mason McCraine,All,736,105,95.8,110.1,113.9,55.2%,5.3°,6.3°,33.3,12.4%,13,0.308,.317,0.406,.441,52.4%,14.3%,25.7%,36.7%,56.9%,78.5%,17.3%,27.4%,94.0
Arkansas-Pine Bluff,Jose Vasquez,All,170,30,79.2,93.1,95.6,6.7%,10.6°,8.2°,40.0,0.0%,0,0.333,.251,0.406,.329,50.0%,20.0%,23.3%,35.3%,50.0%,93.8%,26.4%,8.3%,87.0
Southern Miss,Matthew Russo,All,982,180,91.2,106.8,109.7,51.1%,7.0°,7.8°,31.7,7.8%,14,0.319,.344,0.406,.430,51.1%,20.6%,25.0%,45.1%,68.4%,89.8%,27.0%,22.1%,90.0
Middle Georgia State,Tate Abbott,All,48,12,84.7,100.2,102.4,33.3%,22.0°,20.2°,25.0,0.0%,0,0.308,.272,0.406,.347,33.3%,25.0%,25.0%,56.2%,84.0%,90.5%,26.1%,14.8%,52.0
Montreat,Justin Austin,All,61,8,89.4,100.0,100.9,37.5%,17.1°,-,37.5,0.0%,0,0.25,-,0.406,-,37.5%,37.5%,25.0%,26.2%,47.8%,90.9%,13.2%,6.2%,
South Carolina,Reese Moore,All,71,14,91.5,106.7,108.9,50.0%,19.7°,13.5°,35.7,7.1%,1,0.312,.334,0.406,.420,35.7%,35.7%,28.6%,42.3%,78.1%,72.0%,12.8%,30.0%,148.0
Oral Roberts,Makani Tanaka,All,683,122,92.2,105.0,110.4,52.5%,17.2°,17.5°,45.1,13.1%,16,0.313,.319,0.406,.439,27.9%,32.0%,33.6%,54.2%,78.5%,78.5%,35.5%,30.5%,97.0
Kansas State,AJ Evasco,All,585,146,90.6,105.1,109.6,50.7%,5.2°,11.2°,27.4,5.5%,8,0.329,.330,0.406,.418,53.4%,25.3%,21.2%,54.0%,80.4%,88.8%,33.6%,19.3%,85.0
Le Moyne,Jack Cannon,All,185,41,88.2,99.9,104.7,46.3%,3.6°,15.6°,36.6,7.3%,3,0.333,.269,0.406,.355,53.7%,22.0%,22.0%,56.2%,79.0%,74.7%,29.4%,29.8%,86.0
Bethune-Cookman,Michael Rodriguez,All,168,29,88.2,101.0,105.3,31.0%,11.0°,10.0°,58.6,3.4%,1,0.382,.314,0.406,.400,37.9%,10.3%,48.3%,41.1%,64.8%,93.5%,23.7%,14.5%,77.0
Bucknell,Lleyton Coupe,All,517,84,87.2,101.5,103.2,31.0%,11.8°,9.5°,28.6,0.0%,0,0.294,.256,0.406,.348,38.1%,29.8%,26.2%,36.4%,57.8%,86.6%,22.2%,17.6%,112.0
Lafayette,Bode Grieve,All,404,46,87.5,104.7,107.9,41.3%,20.6°,12.9°,39.1,10.9%,5,0.24,.232,0.406,.371,34.8%,39.1%,21.7%,35.1%,56.0%,80.9%,20.3%,31.7%,89.0
UC Riverside,Esteban Sepulveda,All,147,25,86.5,97.6,99.0,24.0%,7.6°,6.9°,20.0,0.0%,0,0.297,.194,0.406,.266,56.0%,20.0%,16.0%,39.5%,63.1%,75.6%,20.7%,36.2%,86.0
Nevada,Junhyuk Kwon,All,748,116,92.1,108.6,111.9,51.7%,12.4°,14.9°,43.1,12.1%,14,0.3,.298,0.406,.418,34.5%,26.7%,32.8%,39.8%,62.6%,78.7%,21.2%,27.9%,104.0
Rider,Kyle Neri,All,323,62,88.2,102.4,104.5,41.9%,6.0°,10.5°,35.5,3.2%,2,0.338,.310,0.406,.403,43.5%,21.0%,30.6%,45.8%,68.2%,84.2%,26.9%,22.3%,111.0
UL Monroe,Kade Dupont,All,614,131,85.2,100.1,106.3,29.0%,4.3°,6.3°,35.9,0.0%,0,0.352,.316,0.406,.379,51.1%,12.2%,30.5%,42.7%,64.1%,92.7%,27.4%,17.2%,101.0
Missouri,Jase Woita,All,819,147,87.2,103.6,107.7,40.1%,7.1°,12.1°,32.7,7.5%,11,0.292,.289,0.406,.393,45.6%,27.9%,21.8%,41.4%,64.6%,88.0%,20.6%,21.5%,99.0
Rider,Anthony Paskell,All,339,73,80.5,96.1,101.0,16.4%,18.9°,10.6°,32.9,1.4%,1,0.346,.263,0.406,.330,35.6%,35.6%,23.3%,43.4%,61.7%,89.5%,28.1%,16.3%,109.0
UL Monroe,Jake Haggard,All,758,128,91.8,106.2,111.2,49.2%,10.1°,6.8°,35.2,6.2%,8,0.315,.289,0.406,.393,43.8%,23.4%,25.8%,45.3%,71.4%,85.7%,25.9%,25.7%,108.0
SIUE,Mackenzie Mitchell,All,545,74,90.7,106.6,109.2,48.6%,17.0°,19.9°,36.5,13.5%,10,0.25,.254,0.406,.412,35.1%,31.1%,23.0%,36.9%,62.2%,86.4%,19.1%,23.9%,107.0
Oklahoma,Trey Gambill,All,755,120,93.2,104.8,107.7,52.5%,8.2°,13.5°,38.3,10.8%,13,0.286,.322,0.406,.456,46.7%,18.3%,29.2%,35.2%,61.9%,86.7%,11.9%,18.8%,111.0
Lincoln Memorial,Alex Kowalski,All,44,8,95.0,101.5,103.4,62.5%,16.4°,10.2°,75.0,0.0%,0,0.308,.267,0.406,.345,12.5%,12.5%,75.0%,59.1%,84.2%,87.5%,40.0%,34.6%,93.0
Maine,Troy Carpenter,All,582,92,93.5,105.5,108.4,57.6%,12.3°,17.2°,34.8,17.4%,16,0.267,.304,0.406,.445,43.5%,31.5%,19.6%,45.4%,69.8%,79.9%,23.0%,33.3%,107.0
UMBC,Dylan Melton,All,617,132,86.2,98.6,103.2,28.8%,8.8°,7.7°,36.4,0.8%,1,0.336,.330,0.406,.406,45.5%,15.2%,32.6%,38.9%,68.0%,93.6%,15.5%,8.3%,122.0
California Baptist,Bryce McFeely,All,819,192,88.8,104.2,107.9,41.1%,13.9°,14.4°,27.1,5.2%,10,0.308,.276,0.406,.363,40.6%,34.4%,19.3%,50.1%,70.4%,94.2%,31.4%,13.2%,90.0
Florida Memorial,Pheron Charlton,All,111,21,73.1,84.1,87.7,0.0%,8.0°,-,38.1,0.0%,0,0.304,.287,0.406,.378,42.9%,23.8%,28.6%,36.0%,48.0%,83.3%,26.2%,15.0%,95.0
Loyola-New Orleans,Jed Cambre,All,340,39,79.8,96.2,100.1,10.3%,10.0°,20.7°,38.5,0.0%,0,0.259,.230,0.406,.404,46.2%,10.3%,28.2%,32.6%,52.8%,81.8%,20.9%,27.9%,109.0
George Washington,Charlie Rogan,All,506,96,86.3,103.7,108.0,40.6%,7.0°,16.2°,34.4,7.3%,7,0.288,.280,0.405,.391,41.7%,35.4%,18.8%,53.8%,79.6%,84.9%,34.5%,20.2%,74.0
Illinois,Nick Groves,All,957,169,88.5,101.0,106.3,37.9%,3.0°,8.8°,30.8,1.2%,2,0.328,.319,0.405,.404,55.6%,15.4%,27.2%,35.1%,58.1%,94.3%,11.8%,10.7%,114.0
North Florida,Matthew Farner,All,808,123,88.7,106.4,115.6,46.3%,15.2°,22.3°,34.1,8.9%,11,0.28,.278,0.405,.421,35.0%,34.1%,23.6%,40.7%,64.4%,86.3%,22.5%,24.3%,100.0
Southeastern Louisiana,Brooks Wright,All,177,29,83.9,105.6,108.4,24.1%,-1.4°,12.7°,31.0,3.4%,1,0.289,.243,0.405,.330,55.2%,20.7%,20.7%,42.9%,70.6%,78.3%,17.4%,28.9%,98.0
Missouri,Gehrig Goldbeck,All,57,9,79.6,94.8,97.2,11.1%,6.9°,8.6°,33.3,0.0%,0,0.222,.275,0.405,.423,44.4%,33.3%,22.2%,36.8%,67.9%,94.7%,6.9%,9.5%,117.0
Houston,Riley Jackson,All,679,92,89.9,105.3,108.0,48.9%,17.3°,14.4°,27.2,6.5%,6,0.293,.229,0.405,.331,40.2%,33.7%,18.5%,48.2%,70.3%,78.1%,32.1%,33.6%,73.0
SIUE,Cooper Eggert,All,203,32,90.1,104.4,106.1,40.6%,7.4°,14.4°,31.2,9.4%,3,0.256,.229,0.405,.381,43.8%,31.2%,18.8%,39.9%,59.0%,85.7%,26.7%,23.5%,75.0
Georgia Southern,Bryson Trammell,All,855,132,90.8,105.4,110.0,47.7%,14.4°,11.5°,37.1,9.1%,12,0.32,.313,0.405,.418,37.1%,27.3%,28.8%,44.9%,66.6%,83.1%,26.6%,27.1%,82.0
UCF,Zak Skinner,All,822,155,91.3,106.5,111.1,54.8%,-1.2°,7.2°,32.9,5.8%,9,0.359,.352,0.405,.440,54.2%,13.5%,26.5%,45.7%,70.5%,86.7%,25.2%,16.2%,94.0
Georgia State,Wills Maginnis,All,917,173,91.0,105.8,112.5,50.9%,6.7°,7.6°,27.2,6.9%,12,0.318,.331,0.405,.427,52.6%,24.3%,20.2%,36.8%,58.1%,92.3%,18.2%,15.1%,106.0
Kennesaw State,Cooper Williams,All,769,138,86.3,102.8,106.2,36.2%,8.5°,13.9°,33.3,5.8%,8,0.319,.268,0.405,.367,44.2%,28.3%,22.5%,50.3%,76.1%,82.6%,33.0%,30.2%,91.0
San Diego,Jayden Lobliner,All,836,136,88.1,104.8,108.4,41.9%,8.4°,12.4°,35.3,7.4%,10,0.305,.258,0.405,.346,39.7%,30.9%,26.5%,48.7%,66.2%,85.0%,36.0%,30.0%,44.0
Bryant,Casey Wensley,All,713,141,86.9,100.9,106.7,29.1%,9.9°,13.6°,33.3,1.4%,2,0.316,.299,0.405,.399,46.1%,27.7%,24.1%,41.4%,69.0%,90.7%,19.8%,11.9%,107.0
Duke,Anthony Runfola,All,34,5,87.6,96.1,96.8,40.0%,12.8°,28.8°,20.0,0.0%,0,0.2,.202,0.405,.368,40.0%,40.0%,20.0%,55.9%,84.6%,100.0%,38.1%,5.3%,110.0
Tulane,A.J. Groeneveld,All,172,23,80.4,98.8,99.1,17.4%,6.7°,10.1°,30.4,0.0%,0,0.222,.269,0.405,.424,47.8%,26.1%,26.1%,29.1%,51.5%,91.4%,14.4%,24.0%,138.0
Troy,Blake Cavill,All,1116,176,90.6,106.0,109.2,43.2%,14.7°,15.1°,34.7,8.0%,14,0.277,.300,0.404,.434,36.4%,26.1%,27.3%,34.4%,57.1%,83.6%,15.9%,18.8%,108.0
Old Dominion,William Johnson,All,833,156,83.9,98.9,102.4,27.6%,10.7°,17.7°,41.7,2.6%,4,0.339,.301,0.404,.381,39.1%,25.0%,31.4%,43.8%,68.9%,90.6%,22.1%,16.7%,102.0
Rhode Island,Ryan Henschel,All,543,86,86.5,101.2,105.4,37.2%,25.2°,17.0°,41.9,7.0%,6,0.292,.284,0.404,.391,24.4%,36.0%,33.7%,44.0%,67.9%,89.7%,24.7%,16.3%,104.0
Arkansas State,Derek Martinez,All,639,94,93.5,105.5,108.4,61.7%,17.3°,22.1°,41.5,14.9%,14,0.291,.294,0.404,.423,28.7%,35.1%,31.9%,51.2%,75.7%,70.9%,33.0%,35.8%,71.0
North Dakota State,Kyle Law,All,276,37,91.1,104.4,106.8,43.2%,14.4°,8.7°,32.4,2.7%,1,0.322,.224,0.404,.304,35.1%,24.3%,27.0%,43.1%,70.2%,80.0%,24.1%,29.4%,82.0
Pittsburgh,Trey Fenderson,All,862,150,86.8,100.3,106.9,30.7%,14.8°,16.4°,46.0,2.0%,3,0.326,.280,0.404,.361,38.0%,30.7%,30.0%,43.5%,69.2%,87.8%,19.8%,21.1%,109.0
Wofford,Tommy Kirwan,All,45,10,79.8,93.7,94.0,0.0%,4.8°,-,20.0,0.0%,0,0.364,.191,0.404,.293,70.0%,10.0%,10.0%,35.6%,61.9%,84.6%,12.5%,25.0%,123.0
Florida,Kyle Jones,All,842,156,87.9,102.3,107.9,37.8%,14.3°,11.4°,46.8,1.9%,3,0.321,.318,0.404,.425,32.1%,28.2%,35.9%,40.0%,65.1%,90.3%,22.4%,22.0%,94.0
Milwaukee,Ryan Lemm,All,59,6,99.6,103.9,105.0,83.3%,5.3°,6.6°,50.0,0.0%,0,0.364,.325,0.404,.401,50.0%,0.0%,50.0%,40.7%,71.4%,60.0%,12.9%,41.7%,123.0
Sacramento State,Sam Harry,All,1006,165,90.4,105.2,109.5,43.0%,9.2°,11.9°,39.4,4.2%,7,0.333,.306,0.404,.397,45.5%,22.4%,27.9%,42.3%,61.5%,83.0%,27.5%,23.2%,84.0
Air Force,Landon Boyd,All,531,69,86.1,104.8,109.4,37.7%,9.4°,15.7°,33.3,10.1%,7,0.299,.223,0.404,.339,43.5%,30.4%,21.7%,41.6%,63.8%,74.3%,24.4%,33.0%,104.0
Maryland,Paul Jones II,All,855,139,94.5,111.0,114.4,51.8%,5.7°,10.2°,27.3,13.7%,19,0.306,.293,0.404,.408,47.5%,24.5%,22.3%,44.9%,67.3%,79.7%,26.3%,31.2%,82.0
Minnesota,Davis Hamilton,All,640,106,86.3,99.8,105.9,27.4%,11.2°,4.0°,26.4,0.9%,1,0.287,.241,0.404,.355,47.2%,22.6%,19.8%,33.1%,50.4%,93.2%,21.0%,18.4%,108.0
Wingate,Sean Sullivan,All,117,18,90.3,103.6,105.5,38.9%,14.0°,16.9°,38.9,16.7%,3,0.269,.228,0.404,.361,33.3%,27.8%,33.3%,43.6%,75.5%,67.6%,20.6%,39.2%,111.0
Houston Christian,Nico DeFazio,All,419,63,84.1,98.3,103.1,33.3%,7.7°,9.6°,33.3,3.2%,2,0.337,.263,0.404,.353,47.6%,19.0%,28.6%,40.6%,67.2%,82.6%,20.5%,24.7%,102.0
San Francisco,Trevor Harmon,All,478,79,88.6,103.5,107.3,41.8%,10.8°,10.2°,31.6,3.8%,3,0.321,.268,0.404,.349,45.6%,22.8%,27.8%,41.2%,56.7%,82.2%,29.3%,29.4%,65.0
USC Upstate,Wylie Waters,All,654,110,90.4,106.0,108.5,49.1%,16.7°,14.9°,32.7,9.1%,10,0.318,.287,0.404,.382,33.6%,33.6%,30.0%,45.7%,74.4%,76.7%,23.0%,32.1%,107.0
Seton Hall,Gabe Cavazzoni,All,571,87,88.2,102.1,106.6,41.4%,18.5°,21.6°,49.4,9.2%,8,0.3,.284,0.404,.410,25.3%,34.5%,35.6%,44.7%,69.9%,75.4%,24.1%,33.3%,98.0
UTRGV,Rocco Garza-Gongora,All,843,159,89.2,102.5,106.3,42.1%,7.5°,10.8°,39.0,5.0%,8,0.297,.310,0.403,.406,48.4%,20.1%,27.0%,43.8%,68.0%,90.7%,22.5%,19.0%,102.0
UL Monroe,Jacob Griffith,All,180,22,90.3,104.0,108.3,40.9%,0.1°,-0.7°,22.7,4.5%,1,0.276,.302,0.403,.420,63.6%,4.5%,22.7%,34.4%,60.6%,92.5%,19.3%,21.0%,100.0
Northeastern,Chris Walsh,All,272,51,86.9,100.2,105.5,37.3%,12.7°,17.0°,45.1,5.9%,3,0.259,.284,0.403,.424,35.3%,31.4%,25.5%,39.7%,64.7%,81.4%,15.8%,21.3%,119.0
SIUE,Sean Kang,All,335,59,85.3,97.3,102.5,18.6%,12.7°,12.3°,35.6,0.0%,0,0.324,.251,0.403,.327,39.0%,27.1%,28.8%,31.6%,53.7%,94.4%,16.9%,8.5%,122.0
Young Harris,Kade Smallwood,All,79,16,85.8,104.6,110.2,31.2%,15.4°,5.2°,25.0,0.0%,0,0.278,.272,0.403,.338,43.8%,31.2%,18.8%,36.7%,62.1%,100.0%,22.0%,10.3%,105.0
Akron,Brady Bowen,All,271,55,88.4,101.3,104.6,32.7%,3.8°,4.8°,29.1,0.0%,0,0.373,.333,0.403,.390,56.4%,10.9%,30.9%,38.7%,62.0%,84.7%,14.9%,17.1%,119.0
UTRGV,Andrew Taylor,All,167,28,80.3,98.7,102.5,25.0%,18.1°,19.9°,39.3,7.1%,2,0.289,.268,0.403,.354,28.6%,39.3%,25.0%,47.9%,63.0%,84.8%,36.2%,22.5%,78.0
UNLV,Gunnar Myro,All,500,104,86.6,102.3,108.2,33.7%,1.6°,4.1°,29.8,1.9%,2,0.362,.263,0.403,.299,55.8%,19.2%,24.0%,42.6%,63.0%,91.3%,26.7%,17.8%,97.0
USC,Augie Lopez,All,887,135,89.7,104.4,106.0,46.7%,15.8°,16.1°,33.3,8.1%,11,0.27,.277,0.403,.392,40.0%,23.0%,23.0%,48.3%,68.0%,86.9%,31.8%,28.0%,78.0
Delta State,Cade Greer,All,53,9,92.6,99.1,101.3,44.4%,14.9°,14.7°,44.4,0.0%,0,0.333,.297,0.403,.393,33.3%,33.3%,22.2%,26.4%,50.0%,75.0%,16.2%,35.7%,133.0
Nicholls,Logan Terry,All,329,54,86.9,101.5,104.1,33.3%,12.5°,9.2°,40.7,1.9%,1,0.308,.233,0.403,.327,35.2%,29.6%,33.3%,42.9%,64.6%,82.4%,22.8%,26.2%,99.0
Towson,Max D'Alessandro,All,436,85,90.6,108.8,111.5,40.0%,14.0°,14.1°,40.0,12.9%,11,0.284,.277,0.403,.428,32.9%,29.4%,27.1%,45.4%,72.3%,78.0%,23.7%,28.3%,100.0
Loyola-New Orleans,Jaxon Buratt,All,268,55,81.8,92.6,94.5,0.0%,10.1°,-,49.1,0.0%,0,0.354,.361,0.403,.470,41.8%,10.9%,41.8%,42.9%,73.9%,92.9%,19.6%,12.2%,136.0
UNC Wilmington,Danny O'Brien,All,382,33,88.3,109.5,114.5,48.5%,10.1°,14.9°,36.4,18.2%,6,0.217,.235,0.403,.438,45.5%,30.3%,21.2%,40.8%,67.3%,68.0%,23.1%,41.7%,97.0
Kennesaw State,Jackson Chirello,All,691,120,93.3,106.5,111.0,54.2%,15.9°,15.1°,43.3,12.5%,15,0.297,.312,0.403,.417,34.2%,30.0%,31.7%,51.8%,80.5%,76.2%,30.0%,34.4%,76.0
Nebraska,Will Jesske,All,301,62,91.0,103.2,110.1,43.5%,10.9°,10.8°,30.6,4.8%,3,0.306,.324,0.402,.415,45.2%,29.0%,22.6%,40.2%,58.2%,87.8%,24.4%,19.0%,76.0
Missouri,Tyler Macon,All,467,69,85.3,101.5,106.1,27.5%,0.0°,11.1°,29.0,1.4%,1,0.34,.239,0.402,.337,56.5%,14.5%,26.1%,36.6%,59.2%,84.0%,19.5%,25.7%,89.0
San Diego,CJ Moran,All,906,138,89.5,104.8,109.9,42.0%,10.6°,10.8°,32.6,7.2%,10,0.307,.277,0.402,.380,44.9%,25.4%,26.1%,40.4%,59.7%,86.0%,26.3%,21.9%,60.0
Texas A&M-Corpus Christi,Isaiah Afework,All,103,15,85.9,108.8,111.5,33.3%,3.0°,17.4°,40.0,13.3%,2,0.32,.245,0.402,.340,60.0%,26.7%,13.3%,58.3%,88.2%,66.7%,43.5%,40.0%,53.0
Wichita State,Owen Washburn,All,898,178,91.6,107.1,112.1,45.5%,13.4°,14.1°,36.5,5.6%,10,0.324,.315,0.402,.417,38.8%,27.5%,27.0%,46.0%,70.9%,90.3%,25.4%,17.2%,114.0
Charlotte,Dylan Koontz,All,977,148,89.1,107.2,111.8,44.6%,13.6°,19.1°,42.6,12.2%,18,0.281,.350,0.402,.492,33.8%,32.4%,29.1%,46.8%,76.6%,84.8%,25.1%,26.0%,111.0
Tennessee,Finley Bates,All,47,10,76.3,100.5,102.6,10.0%,-4.6°,29.1°,20.0,10.0%,1,0.333,.173,0.402,.400,50.0%,20.0%,0.0%,53.2%,70.8%,76.5%,34.8%,20.0%,83.0
High Point,Frank Kelly,All,648,101,85.5,102.9,105.7,31.7%,14.6°,14.9°,33.7,5.9%,6,0.336,.252,0.402,.384,36.6%,28.7%,28.7%,42.0%,62.1%,84.6%,28.4%,21.7%,94.0
Southern Miss,Drey Barrett,All,920,171,90.2,105.4,110.1,46.2%,11.3°,14.1°,32.7,8.8%,15,0.305,.307,0.402,.423,43.9%,28.7%,21.6%,45.5%,71.5%,85.4%,26.2%,22.9%,88.0
East Carolina,Michael Kalinich,All,389,60,91.0,105.2,110.7,50.0%,8.2°,14.7°,35.0,13.3%,8,0.253,.294,0.402,.425,43.3%,25.0%,25.0%,41.9%,65.5%,81.0%,22.2%,28.2%,104.0
Creighton,Isaac Wachsmann,All,935,150,92.4,109.2,112.4,51.3%,17.5°,13.4°,29.3,12.7%,19,0.284,.287,0.402,.410,37.3%,30.7%,23.3%,43.9%,66.8%,84.8%,23.2%,24.9%,99.0
Grambling,Hasani Johnson,All,172,24,88.3,98.2,99.8,20.8%,10.3°,11.1°,37.5,0.0%,0,0.333,.190,0.402,.311,37.5%,25.0%,29.2%,38.4%,64.0%,81.2%,18.6%,25.8%,130.0
Nevada,Noah Blythe,All,201,35,89.0,103.5,105.2,40.0%,10.5°,8.6°,37.1,5.7%,2,0.267,.285,0.402,.394,42.9%,28.6%,22.9%,48.8%,71.1%,88.1%,33.1%,20.4%,102.0
Missouri State,Max Knight,All,595,75,92.5,110.3,111.9,54.7%,15.3°,14.9°,37.3,18.7%,14,0.277,.267,0.401,.418,38.7%,33.3%,24.0%,44.5%,66.8%,74.8%,29.7%,38.1%,93.0
Alabama A&M,DeVante Wells,All,59,10,77.9,90.9,91.1,0.0%,7.5°,-,30.0,0.0%,0,0.286,.259,0.401,.302,30.0%,30.0%,30.0%,37.3%,54.5%,72.2%,15.4%,31.8%,84.0
LSU,Omar Serna,All,710,122,91.4,108.3,111.5,47.5%,9.0°,12.8°,33.6,8.2%,10,0.308,.301,0.401,.399,42.6%,20.5%,29.5%,44.1%,64.3%,84.2%,28.0%,24.6%,83.0
Siena,Aidan Paradine,All,85,20,88.1,102.4,107.6,50.0%,9.8°,12.8°,25.0,10.0%,2,0.261,.336,0.401,.449,40.0%,25.0%,25.0%,51.8%,78.8%,92.3%,34.6%,13.6%,80.0
Iowa,Caleb Wulf,All,624,167,87.4,100.2,103.0,29.9%,4.9°,7.9°,29.9,0.0%,0,0.369,.321,0.401,.357,55.1%,18.0%,24.6%,49.2%,67.2%,92.4%,33.2%,13.0%,68.0
Westcliff,Martin Sanchez,All,28,7,87.6,94.3,95.3,28.6%,11.7°,0.7°,42.9,0.0%,0,0.375,.249,0.401,.270,42.9%,14.3%,42.9%,53.6%,80.0%,83.3%,23.1%,26.7%,126.0
Mary Hardin-Baylor,Riley Bender,All,26,8,86.3,99.4,101.6,62.5%,10.9°,18.2°,50.0,0.0%,0,0.333,.355,0.401,.449,37.5%,25.0%,37.5%,53.8%,83.3%,80.0%,28.6%,14.3%,135.0
Penn State,Jayden Davis,All,704,127,88.8,102.4,106.9,39.4%,4.5°,10.3°,28.3,3.9%,5,0.294,.297,0.401,.399,50.4%,24.4%,23.6%,38.2%,61.4%,92.6%,20.2%,17.8%,111.0
BYU,Easton Jones,All,895,149,91.5,108.5,113.5,43.6%,16.6°,18.2°,33.6,12.1%,18,0.296,.282,0.401,.415,35.6%,37.6%,20.8%,46.8%,71.9%,81.7%,27.6%,27.0%,99.0
Ole Miss,Austin Fawley,All,743,90,91.1,106.2,111.4,53.3%,21.8°,21.3°,37.8,17.8%,16,0.255,.243,0.401,.397,28.9%,42.2%,20.0%,43.1%,65.2%,76.0%,23.9%,36.6%,87.0
Florida International,Samuel Fischer,All,987,131,86.7,105.6,111.2,45.8%,3.0°,9.5°,32.8,7.6%,10,0.269,.278,0.401,.408,55.7%,16.8%,24.4%,34.5%,53.2%,86.8%,17.6%,19.4%,96.0
USC,Isaac Cadena,All,966,138,88.1,103.9,110.1,37.7%,10.8°,13.2°,31.9,5.1%,7,0.286,.260,0.401,.368,44.9%,24.6%,25.4%,35.6%,55.9%,83.8%,19.4%,27.9%,105.0
Fresno Pacific,Aaron Martinez,All,136,22,89.8,102.7,107.7,40.9%,0.5°,8.5°,36.4,0.0%,0,0.296,.303,0.401,.414,50.0%,18.2%,27.3%,36.0%,67.3%,89.2%,14.8%,18.4%,150.0
Middle Tennessee,Cooper Clapp,All,275,44,88.3,104.6,106.5,43.2%,8.4°,12.5°,29.5,6.8%,3,0.295,.247,0.4,.366,50.0%,31.8%,15.9%,40.0%,63.4%,90.6%,26.4%,22.7%,90.0
Louisville,Collin Mowry,All,59,10,94.1,105.7,108.3,40.0%,8.0°,3.3°,20.0,0.0%,0,0.308,.273,0.4,.431,30.0%,20.0%,30.0%,45.8%,66.7%,83.3%,28.1%,33.3%,64.0
Stanford,Brock Sell,All,321,56,81.4,100.2,103.5,19.6%,2.2°,6.2°,32.1,0.0%,0,0.301,.223,0.4,.306,48.2%,21.4%,28.6%,46.4%,65.1%,81.4%,30.2%,24.2%,76.0
Wake Forest,Blake Schaaf,All,718,110,87.3,98.9,103.2,34.5%,8.1°,10.4°,36.4,2.7%,3,0.301,.249,0.4,.352,46.4%,26.4%,24.5%,38.4%,63.8%,90.4%,17.3%,18.5%,106.0
Milwaukee,Grant Ross,All,659,87,87.7,101.6,108.8,35.6%,13.5°,11.5°,43.7,4.6%,4,0.292,.285,0.4,.428,34.5%,24.1%,34.5%,31.3%,55.9%,85.6%,10.8%,20.4%,134.0
Mount St. Mary's,Sam Meyer,All,317,43,82.3,100.5,103.7,20.9%,14.6°,20.8°,34.9,9.3%,4,0.22,.247,0.4,.376,37.2%,41.9%,20.9%,39.4%,65.9%,85.9%,21.3%,23.2%,137.0
Monmouth,Chris Walsh,All,929,120,88.7,102.7,106.4,37.5%,15.5°,18.7°,35.8,7.5%,9,0.282,.243,0.4,.358,35.8%,30.0%,25.0%,42.9%,67.2%,82.2%,25.2%,27.6%,109.0
Lamar,Jake Wagoner,All,468,105,87.1,102.0,103.4,31.4%,-1.4°,4.2°,29.5,1.0%,1,0.359,.269,0.4,.335,61.9%,14.3%,21.9%,44.9%,69.4%,92.5%,20.8%,16.2%,103.0
Marist,Connor Lawrence,All,222,28,89.4,102.4,105.2,39.3%,16.3°,16.2°,39.3,3.6%,1,0.298,.244,0.4,.371,32.1%,32.1%,28.6%,38.7%,59.2%,77.0%,21.0%,32.6%,127.0
Samford,Everett Marshall,All,459,77,90.3,105.0,108.2,53.2%,11.3°,16.3°,32.5,14.3%,11,0.271,.287,0.4,.418,44.2%,29.9%,19.5%,52.5%,80.5%,77.6%,29.9%,29.5%,106.0
Miami,Bennett Gary,All,58,7,89.9,98.5,99.1,28.6%,-11.7°,10.1°,28.6,0.0%,0,0.2,.282,0.4,.400,71.4%,0.0%,28.6%,34.5%,56.5%,84.6%,20.0%,30.0%,118.0
VMI,Bradley Garner,All,861,140,88.5,101.3,103.8,37.9%,19.0°,18.5°,42.1,4.3%,6,0.291,.257,0.4,.370,28.6%,35.0%,30.0%,43.0%,68.4%,85.4%,23.8%,21.9%,112.0
Samford,Luke Boykin,All,683,151,91.0,108.7,113.5,49.7%,20.4°,21.7°,35.1,17.2%,26,0.293,.315,0.4,.444,27.8%,44.4%,27.2%,51.4%,74.6%,90.2%,31.5%,23.1%,90.0
New Mexico,Brodey Williams,All,246,29,91.2,104.1,105.2,51.7%,17.7°,21.6°,51.7,3.4%,1,0.327,.270,0.4,.378,24.1%,27.6%,44.8%,42.3%,68.5%,78.9%,20.7%,31.7%,103.0
Lehigh,Trystan Crawford,All,547,80,87.4,106.7,110.0,37.5%,3.1°,5.1°,28.7,11.2%,9,0.3,.286,0.4,.407,52.5%,25.0%,18.8%,30.0%,48.7%,87.7%,16.0%,21.3%,91.0
Jacksonville State,Trey King,All,828,143,85.6,100.0,104.0,29.4%,11.5°,15.2°,41.3,2.1%,3,0.343,.265,0.4,.353,37.1%,28.7%,33.6%,39.5%,65.4%,88.5%,18.2%,14.1%,117.0
Iona,Jordan Overton,All,173,32,83.8,101.8,103.0,31.2%,17.0°,18.2°,34.4,3.1%,1,0.25,.214,0.4,.308,28.1%,34.4%,31.2%,45.1%,67.5%,79.6%,25.8%,33.3%,94.0
Austin Peay,Ray Velazquez,All,794,142,87.4,103.6,110.1,35.9%,19.7°,10.6°,30.3,6.3%,9,0.288,.268,0.4,.379,35.2%,37.3%,21.1%,44.8%,71.9%,82.9%,26.8%,22.5%,104.0
Marist,Kyle Pollack,All,268,33,85.6,101.7,105.6,30.3%,8.0°,11.2°,48.5,3.0%,1,0.304,.259,0.4,.365,36.4%,21.2%,39.4%,41.0%,69.0%,69.2%,20.6%,40.0%,112.0
Jessup,Justin Tsukada,All,73,10,77.5,93.7,95.9,10.0%,10.2°,0.3°,20.0,0.0%,0,0.333,.243,0.4,.339,60.0%,10.0%,20.0%,28.8%,44.4%,83.3%,19.6%,23.8%,86.0
Nevada,Jackson Waller,All,653,145,83.6,102.2,105.8,31.0%,4.4°,5.7°,31.0,3.4%,5,0.329,.284,0.4,.353,46.9%,23.4%,24.8%,44.3%,61.5%,93.1%,31.1%,19.0%,67.0
California,Jacob French,All,465,107,80.2,100.6,105.3,27.1%,5.4°,14.9°,33.6,2.8%,3,0.341,.305,0.4,.369,49.5%,19.6%,27.1%,57.4%,82.5%,89.7%,38.5%,19.1%,67.0
San Jose State,Jake McCoy,All,441,76,86.8,104.5,113.4,42.1%,6.8°,16.4°,38.2,10.5%,8,0.271,.276,0.4,.376,44.7%,26.3%,25.0%,54.2%,78.0%,75.6%,38.8%,36.0%,48.0
Kentucky,Jayce Tharnish,All,855,195,86.7,103.7,106.7,39.0%,8.5°,9.8°,40.0,6.7%,13,0.347,.322,0.399,.397,42.6%,25.1%,29.2%,50.8%,77.4%,89.1%,31.9%,18.2%,97.0
Texas A&M,Jake Duer,All,996,160,92.1,103.7,108.6,46.9%,0.4°,2.7°,31.9,3.8%,6,0.296,.316,0.399,.411,57.5%,13.1%,26.2%,39.8%,60.0%,89.5%,22.3%,15.2%,102.0
Dallas Baptist,Cooper Neville,All,907,139,90.3,104.3,109.3,41.7%,15.8°,13.0°,32.4,5.8%,8,0.305,.255,0.399,.368,36.7%,36.0%,23.0%,42.8%,66.4%,81.8%,26.4%,29.1%,83.0
Western Carolina,Trent Turner,All,748,161,88.5,102.6,109.2,39.8%,18.3°,13.7°,37.9,5.6%,9,0.28,.315,0.399,.426,31.1%,35.4%,26.7%,46.7%,75.5%,88.3%,24.2%,19.2%,121.0
Wake Forest,Boston Torres,All,515,99,90.6,103.5,107.1,42.4%,5.1°,5.1°,30.3,1.0%,1,0.316,.305,0.399,.375,48.5%,19.2%,23.2%,45.6%,68.1%,83.3%,26.4%,24.7%,92.0
Toledo,Cade Baker,All,681,159,84.6,99.4,105.8,27.0%,18.6°,8.6°,31.4,3.1%,5,0.331,.289,0.399,.349,37.1%,36.5%,22.0%,48.8%,72.8%,87.7%,30.9%,15.1%,77.0
Army,Mason Scott,All,350,44,91.4,105.4,107.6,59.1%,-1.3°,8.7°,38.6,6.8%,3,0.323,.318,0.399,.425,56.8%,13.6%,29.5%,37.7%,64.8%,87.2%,18.5%,23.5%,143.0
Central Arkansas,Landon Carter,All,148,22,85.2,94.7,96.8,9.1%,13.4°,16.9°,50.0,0.0%,0,0.333,.265,0.399,.328,40.9%,4.5%,45.5%,43.2%,62.7%,70.3%,30.3%,23.4%,75.0
Florida International,Cooper Rasmussen,All,814,142,82.0,102.0,105.8,33.1%,14.9°,19.8°,38.0,5.6%,8,0.298,.256,0.399,.346,35.2%,40.1%,23.2%,45.0%,66.4%,82.3%,26.7%,24.3%,78.0
Mount St. Mary's,Phoenix Williams,All,278,59,82.6,97.4,103.3,18.6%,-2.6°,4.4°,30.5,1.7%,1,0.333,.311,0.399,.382,61.0%,15.3%,22.0%,44.2%,78.1%,92.1%,20.7%,15.4%,117.0
Florida Atlantic,Nick Romano,All,1019,159,85.7,101.4,107.5,30.8%,10.2°,13.8°,39.6,1.9%,3,0.322,.309,0.399,.401,40.9%,25.2%,30.2%,39.4%,59.4%,93.5%,24.3%,17.0%,113.0
San Francisco,TJ Rogers,All,733,92,88.9,102.0,106.3,35.9%,19.8°,15.3°,39.1,9.8%,9,0.259,.233,0.399,.363,29.3%,41.3%,26.1%,43.0%,69.4%,82.0%,22.5%,27.0%,105.0
UC Santa Barbara,Nathan Vargas,All,725,117,92.5,104.9,111.0,53.8%,17.3°,13.7°,37.6,10.3%,12,0.278,.298,0.399,.429,32.5%,35.9%,27.4%,38.9%,60.3%,87.6%,22.0%,22.7%,97.0
Oregon,Jax Gimenez,All,632,98,88.2,104.2,109.3,34.7%,5.8°,8.1°,28.6,3.1%,3,0.287,.263,0.399,.373,51.0%,24.5%,21.4%,37.7%,57.1%,89.5%,23.5%,18.5%,94.0
George Mason,Lucas Terilli,All,805,137,85.5,99.9,103.6,22.6%,2.1°,11.8°,35.8,1.5%,2,0.341,.311,0.399,.386,53.3%,15.3%,29.2%,36.8%,61.7%,89.8%,15.9%,15.2%,110.0
UC Irvine,Daniel Polasek,All,314,61,83.8,97.9,99.0,21.3%,10.4°,9.5°,39.3,1.6%,1,0.348,.328,0.399,.380,42.6%,26.2%,29.5%,35.7%,54.1%,93.0%,16.8%,8.0%,77.0
Oklahoma,Drew Dickerson,All,425,48,96.6,107.5,111.4,56.2%,10.5°,13.9°,47.9,8.3%,4,0.291,.267,0.398,.370,31.2%,18.8%,45.8%,45.6%,67.0%,72.5%,25.6%,39.7%,82.0
UT Arlington,Hank Harp,All,326,74,83.8,96.7,101.2,20.3%,12.0°,7.2°,41.9,0.0%,0,0.36,.311,0.398,.358,36.5%,20.3%,36.5%,47.5%,71.1%,87.6%,25.1%,15.5%,98.0
Northeastern,Tyler Harmony,All,455,75,85.8,98.0,99.9,18.7%,-5.0°,-1.5°,26.7,0.0%,0,0.348,.291,0.398,.362,70.7%,9.3%,18.7%,33.6%,52.7%,92.5%,18.5%,14.4%,99.0
Bethune-Cookman,Jose Fernandez,All,89,26,86.5,105.1,111.4,26.9%,24.3°,11.8°,30.8,7.7%,2,0.333,.294,0.398,.325,19.2%,23.1%,23.1%,58.4%,78.1%,84.0%,47.4%,19.2%,-25.0
Grand Canyon,Tanner Johns,All,384,59,87.8,103.5,104.6,47.5%,10.6°,12.6°,37.3,6.8%,4,0.333,.280,0.398,.365,39.0%,16.9%,35.6%,54.2%,82.9%,72.2%,35.3%,35.6%,82.0
South Alabama,Stewart Puckett,All,723,134,86.8,103.3,107.5,40.3%,13.0°,14.9°,49.3,6.7%,9,0.324,.318,0.398,.406,36.6%,23.1%,36.6%,50.9%,74.8%,82.9%,30.1%,23.9%,101.0
Southern Illinois,Kristian Sprawling,All,609,88,89.1,104.2,106.9,44.3%,13.9°,14.4°,30.7,1.1%,1,0.317,.261,0.398,.331,38.6%,27.3%,25.0%,38.4%,57.9%,87.3%,21.3%,17.5%,80.0
Iowa,Mitch Wood,All,370,39,93.3,103.3,106.8,56.4%,19.9°,17.5°,41.0,7.7%,3,0.258,.250,0.398,.397,30.8%,43.6%,25.6%,39.7%,68.7%,75.9%,16.9%,34.7%,116.0
Holy Cross,Gianni Royer,All,438,77,86.2,101.6,105.8,28.6%,9.4°,11.9°,33.8,6.5%,5,0.297,.260,0.398,.355,42.9%,32.5%,22.1%,49.5%,76.8%,74.0%,28.6%,31.8%,103.0
Fresno State,Cayden Munster,All,155,25,90.3,102.4,106.9,32.0%,17.7°,17.8°,40.0,8.0%,2,0.265,.289,0.398,.383,28.0%,28.0%,28.0%,48.4%,72.6%,73.3%,32.3%,28.0%,107.0
Mary Hardin-Baylor,Easton Cline,All,36,5,83.7,90.9,92.5,0.0%,13.2°,-,60.0,0.0%,0,0.2,.350,0.398,.515,40.0%,40.0%,20.0%,36.1%,66.7%,90.0%,14.3%,7.7%,202.0
Towson,Jack Hughes,All,180,24,88.6,104.3,105.5,41.7%,7.6°,12.4°,45.8,8.3%,2,0.286,.260,0.398,.372,37.5%,25.0%,33.3%,43.3%,66.3%,76.4%,23.7%,30.8%,90.0
Akron,Brody Chrisman,All,527,103,89.7,106.7,110.2,48.5%,7.7°,14.1°,34.0,5.8%,6,0.304,.351,0.398,.448,45.6%,19.4%,29.1%,50.3%,78.4%,87.6%,29.0%,18.9%,103.0
Virginia,Eric Becker,All,757,134,91.1,107.0,110.6,46.3%,10.2°,12.4°,32.8,6.0%,8,0.308,.317,0.398,.412,44.0%,24.6%,30.6%,44.5%,66.7%,87.8%,26.0%,20.5%,94.0
Missouri State,Carter Bergman,All,780,111,91.9,105.6,107.8,54.1%,24.4°,23.3°,31.5,12.6%,14,0.259,.265,0.398,.418,25.2%,49.5%,18.9%,49.7%,73.3%,81.0%,32.4%,30.9%,56.0
Bellarmine,Landon Akers,All,339,77,86.4,102.1,108.5,33.8%,13.2°,11.7°,28.6,2.6%,2,0.345,.306,0.398,.395,39.0%,22.1%,24.7%,42.5%,60.1%,91.6%,30.3%,13.9%,108.0
New Mexico,Khalil Walker,All,331,62,87.4,101.3,104.5,33.9%,5.7°,9.1°,33.9,0.0%,0,0.338,.313,0.398,.394,45.2%,25.8%,27.4%,37.2%,60.0%,91.4%,17.0%,11.4%,111.0
Troy,Caden Reeves,All,195,20,84.3,108.7,111.3,45.0%,22.8°,26.4°,25.0,15.0%,3,0.216,.159,0.398,.324,25.0%,40.0%,10.0%,35.4%,58.0%,78.7%,19.3%,33.3%,109.0
Texas Tech,Kyeler Thompson,All,940,163,89.4,103.0,108.5,41.1%,6.2°,8.8°,34.4,4.3%,7,0.343,.302,0.398,.389,50.3%,20.9%,25.2%,36.0%,56.9%,89.7%,17.3%,15.7%,94.0
Rice,Colin Robson,All,801,130,85.5,100.3,108.0,29.2%,12.0°,10.7°,33.8,5.4%,7,0.303,.244,0.397,.348,42.3%,26.9%,25.4%,42.8%,66.9%,88.5%,24.2%,22.4%,99.0
Illinois,Will Johannes,All,620,79,95.0,109.5,113.9,63.3%,15.0°,11.8°,45.6,19.0%,15,0.275,.281,0.397,.410,36.7%,22.8%,31.6%,41.5%,55.5%,72.0%,29.1%,35.4%,78.0
TCU,Brady Dallimore,All,508,88,92.7,107.4,109.3,51.1%,8.1°,8.7°,37.5,10.2%,9,0.27,.275,0.397,.391,42.0%,21.6%,27.3%,45.1%,63.1%,84.5%,30.7%,30.1%,57.0
Holy Cross,Braden Connors,All,464,73,87.6,101.5,104.6,35.6%,4.7°,13.7°,43.8,2.7%,2,0.327,.303,0.397,.376,42.5%,19.2%,38.4%,42.5%,67.2%,79.9%,18.3%,25.4%,133.0
UTSA,Jordan Ballin,All,798,104,84.0,97.6,102.2,23.1%,1.4°,8.8°,34.6,0.0%,0,0.313,.264,0.397,.378,52.9%,15.4%,30.8%,33.5%,57.4%,89.8%,14.1%,12.7%,137.0
Binghamton,Sean Sweeney,All,365,78,82.8,98.1,99.1,20.5%,-2.3°,4.7°,28.2,0.0%,0,0.357,.279,0.397,.329,61.5%,14.1%,19.2%,42.2%,67.0%,87.3%,19.0%,17.5%,123.0
High Point,Willie Ponce,All,828,150,82.6,100.6,109.1,23.3%,8.8°,10.6°,31.3,2.0%,3,0.314,.259,0.397,.353,46.7%,29.3%,19.3%,40.7%,61.0%,89.4%,24.1%,15.7%,88.0
Appalachian State,Jake Mummau,All,484,81,88.5,103.2,107.5,38.3%,10.4°,9.7°,37.0,2.5%,2,0.333,.280,0.397,.343,42.0%,23.5%,30.9%,46.3%,70.2%,85.6%,25.0%,24.6%,118.0
Florida State,Ben Barrett,All,129,23,92.0,108.8,109.3,56.5%,1.9°,5.4°,39.1,8.7%,2,0.323,.311,0.397,.395,52.2%,13.0%,34.8%,48.1%,70.9%,94.9%,31.1%,29.0%,55.0
Texas A&M-Corpus Christi,Christian Smith-Johnson,All,196,36,86.9,104.3,108.2,41.7%,4.9°,8.7°,30.6,5.6%,2,0.333,.265,0.397,.332,50.0%,19.4%,19.4%,52.0%,70.0%,92.9%,39.7%,26.5%,35.0
Air Force,Dawson Thrush,All,98,14,81.3,99.6,105.1,28.6%,32.9°,22.9°,42.9,7.1%,1,0.333,.201,0.397,.281,14.3%,42.9%,28.6%,53.1%,75.6%,79.4%,34.0%,34.6%,134.0
Southeastern (FL),Cort Pryor,All,259,47,85.4,103.6,106.4,25.5%,10.0°,9.2°,27.7,4.3%,2,0.281,.247,0.397,.340,36.2%,19.1%,23.4%,41.3%,62.9%,83.3%,26.6%,21.5%,115.0
Youngstown State,Brady Shannon,All,543,69,93.0,110.9,114.4,50.7%,17.5°,16.3°,37.7,13.0%,9,0.27,.267,0.397,.381,34.8%,30.4%,24.6%,45.5%,72.3%,73.3%,24.6%,35.6%,89.0
George Washington,Cristino Tufano,All,603,121,85.1,97.5,100.5,22.3%,5.1°,13.1°,38.0,1.7%,2,0.319,.292,0.397,.390,47.9%,21.5%,28.1%,37.8%,64.2%,91.9%,13.7%,12.7%,117.0
Marshall,Aj Havrilla,All,938,134,89.9,103.4,106.7,41.8%,17.3°,16.3°,38.1,8.2%,11,0.273,.306,0.397,.459,32.1%,32.1%,26.9%,32.4%,54.3%,85.5%,14.7%,17.1%,122.0
Nicholls,Carter Jenkins,All,600,117,88.3,100.2,103.7,39.3%,4.6°,6.5°,36.8,1.7%,2,0.317,.304,0.397,.382,51.3%,18.8%,28.2%,42.5%,61.8%,88.7%,26.5%,17.3%,90.0
Southern Illinois,Gabe Petrucelli,All,578,109,87.8,101.2,106.0,41.3%,6.2°,8.9°,30.3,1.8%,2,0.322,.309,0.397,.401,50.5%,18.3%,24.8%,38.1%,60.6%,91.7%,17.3%,10.9%,113.0
Pacific,Robert Orr,All,698,121,87.6,103.5,106.7,39.7%,9.9°,14.7°,41.3,8.3%,10,0.313,.274,0.396,.379,43.8%,28.9%,26.4%,47.9%,75.6%,81.6%,24.9%,26.6%,95.0
Ole Miss,Owen Paino,All,471,53,89.1,103.6,106.2,50.9%,17.2°,21.7°,32.1,7.5%,4,0.275,.230,0.396,.366,30.2%,39.6%,28.3%,40.3%,65.7%,70.6%,20.5%,36.8%,105.0
Oral Roberts,Cooper Combs,All,716,124,90.5,103.6,109.4,45.2%,13.4°,8.6°,30.6,1.6%,2,0.306,.255,0.396,.344,40.3%,25.0%,24.2%,43.0%,61.5%,89.6%,28.6%,18.8%,94.0
UNC Wilmington,JP Pennella,All,700,128,82.3,98.7,103.1,17.2%,-2.4°,4.0°,25.0,0.0%,0,0.367,.257,0.396,.319,63.3%,12.5%,21.9%,44.6%,70.1%,88.9%,23.0%,19.6%,103.0
Kansas,Dariel Osoria,All,747,114,91.1,103.2,106.2,48.2%,14.3°,16.7°,38.6,7.9%,9,0.261,.298,0.396,.434,39.5%,29.8%,28.1%,38.7%,62.6%,85.6%,18.2%,21.5%,115.0
USC,Walter Urbon,All,210,29,85.3,102.6,105.2,37.9%,18.1°,14.0°,48.3,3.4%,1,0.34,.248,0.396,.307,31.0%,13.8%,37.9%,48.1%,70.5%,80.6%,29.6%,26.7%,110.0
Michigan,Brayden Jefferis,All,762,159,85.7,99.3,105.1,24.5%,8.8°,11.7°,35.8,2.5%,4,0.342,.312,0.396,.384,47.2%,25.2%,26.4%,47.9%,72.5%,93.4%,26.7%,12.9%,107.0
Auburn,Brandon McCraine,All,886,144,90.9,102.1,106.7,44.4%,8.0°,-0.9°,27.1,1.4%,2,0.344,.275,0.396,.359,50.7%,19.4%,22.2%,37.5%,55.5%,88.6%,20.8%,18.1%,81.0
Tampa,Jordan Evans,All,33,8,91.3,103.9,105.3,75.0%,2.4°,11.4°,25.0,12.5%,1,0.333,.318,0.396,.435,62.5%,12.5%,25.0%,39.4%,58.3%,85.7%,28.6%,15.4%,127.0
Dallas Baptist,Brooks Sartain,All,350,58,90.9,102.8,105.8,39.7%,16.8°,15.3°,43.1,5.2%,3,0.286,.300,0.396,.409,31.0%,29.3%,34.5%,44.0%,66.0%,91.1%,26.9%,16.9%,98.0
Alabama State,Adrian Mendoza,All,53,6,84.2,91.0,93.5,0.0%,26.6°,-,33.3,0.0%,0,0.333,.178,0.396,.238,33.3%,16.7%,33.3%,43.4%,71.4%,80.0%,25.0%,34.8%,95.0
Eastern Illinois,Zak Goodwin,All,312,43,79.7,97.3,97.8,14.0%,3.0°,7.0°,16.3,0.0%,0,0.296,.203,0.396,.348,55.8%,18.6%,18.6%,32.4%,51.5%,85.5%,18.0%,18.8%,99.0
Washington State,Trevor Smith,All,455,69,81.5,96.1,100.2,11.6%,18.2°,15.7°,36.2,0.0%,0,0.302,.250,0.396,.350,29.0%,30.4%,29.0%,43.1%,64.7%,83.5%,23.8%,19.4%,105.0
VCU,Michael Petite,All,967,147,90.0,109.4,114.1,39.5%,13.7°,18.1°,34.0,12.9%,19,0.257,.298,0.396,.447,38.8%,32.0%,23.1%,40.4%,66.6%,82.8%,21.2%,23.0%,112.0
NJIT,Lorenzo Camilleri,All,122,24,86.3,98.5,100.6,33.3%,3.2°,11.9°,29.2,0.0%,0,0.345,.285,0.396,.350,50.0%,20.8%,20.8%,41.0%,66.0%,88.6%,21.7%,18.0%,125.0
Morehead State,Alex Kean,All,563,80,88.9,106.5,111.5,38.8%,11.2°,10.2°,33.8,8.8%,7,0.308,.267,0.396,.386,45.0%,23.8%,25.0%,48.5%,79.1%,73.5%,29.6%,35.2%,114.0
East Tennessee State,Jamie Palmese,All,749,186,88.7,106.7,110.5,37.1%,7.0°,10.6°,34.4,6.5%,12,0.343,.333,0.396,.398,45.7%,19.9%,28.5%,53.0%,79.7%,88.0%,30.4%,20.2%,113.0
UC San Diego,Gabe Camacho,All,962,159,90.0,104.7,107.5,45.9%,14.4°,13.9°,35.8,10.1%,16,0.272,.264,0.396,.364,39.6%,27.7%,27.7%,40.7%,61.3%,89.5%,24.8%,20.2%,99.0
Utah Tech,Cooper Smith,All,449,38,86.6,101.3,104.8,31.6%,11.9°,14.8°,31.6,0.0%,0,0.211,.217,0.396,.418,47.4%,18.4%,23.7%,26.9%,55.1%,85.7%,8.5%,19.8%,136.0
California,Kevin Jeon,All,123,23,87.1,102.9,105.0,47.8%,6.6°,13.9°,30.4,4.3%,1,0.276,.254,0.396,.365,47.8%,30.4%,21.7%,56.1%,80.4%,82.2%,35.8%,23.2%,59.0
Memphis,Michael Gupton,All,850,132,91.0,109.7,115.0,42.4%,14.9°,15.2°,31.8,12.1%,16,0.275,.239,0.396,.357,37.9%,28.0%,24.2%,52.1%,74.7%,77.2%,36.1%,36.1%,77.0
West Virginia,Sean Smith,All,757,137,91.3,105.4,111.2,50.4%,9.5°,13.7°,39.4,12.4%,17,0.303,.320,0.396,.438,41.6%,29.2%,26.3%,47.4%,70.8%,91.2%,28.5%,24.2%,91.0
Jacksonville,Jonah Shields,All,73,11,89.4,97.8,98.3,18.2%,1.2°,13.9°,36.4,0.0%,0,0.353,.293,0.396,.397,63.6%,0.0%,36.4%,41.1%,69.0%,85.0%,22.7%,23.3%,101.0
Georgia,Bryce Calloway,All,322,39,91.2,105.9,108.3,51.3%,16.1°,23.6°,41.0,10.3%,4,0.232,.272,0.396,.448,35.9%,30.8%,28.2%,36.3%,68.9%,75.8%,13.7%,30.8%,142.0
Charlotte,Robert Nedry,All,889,153,88.6,103.4,105.6,44.4%,3.2°,8.7°,39.9,4.6%,7,0.318,.324,0.396,.410,54.2%,15.0%,29.4%,46.9%,73.0%,81.5%,25.6%,24.7%,105.0
Missouri State,Taeg Gollert,All,914,153,91.3,107.5,111.8,50.3%,15.3°,17.7°,37.3,15.0%,23,0.262,.297,0.396,.441,35.3%,34.6%,24.2%,45.4%,76.3%,76.9%,22.2%,28.4%,113.0
Northwestern,Nick Barron,All,699,144,89.1,103.6,108.8,38.9%,1.8°,8.2°,31.2,4.2%,6,0.304,.309,0.396,.391,52.1%,20.1%,25.7%,48.8%,71.0%,83.9%,27.7%,23.5%,107.0
Tampa,Jake Books,All,47,5,87.6,95.0,95.6,20.0%,-0.7°,7.3°,40.0,0.0%,0,0.429,.278,0.396,.340,40.0%,0.0%,60.0%,44.7%,66.7%,100.0%,37.1%,19.0%,82.0
California Baptist,Cole Howarth,All,513,90,88.8,104.0,107.7,38.9%,12.5°,17.5°,37.8,4.4%,4,0.35,.290,0.396,.382,36.7%,25.6%,33.3%,48.7%,74.1%,77.1%,29.1%,29.2%,84.0
Nevada,Lee Matsuzaki,All,278,61,88.0,106.2,107.9,47.5%,7.5°,13.0°,31.1,1.6%,1,0.319,.332,0.396,.379,45.9%,21.3%,26.2%,50.0%,73.1%,83.2%,29.7%,25.2%,91.0
Mercer,Michael Graziano,All,772,135,92.6,110.1,112.8,51.9%,16.7°,11.8°,34.1,8.9%,12,0.297,.316,0.396,.425,34.8%,31.9%,28.1%,39.0%,65.5%,83.7%,19.4%,25.2%,107.0
California,Jett Kenady,All,695,153,89.8,104.4,110.3,44.4%,9.5°,16.0°,35.9,9.2%,14,0.308,.282,0.396,.375,42.5%,30.1%,23.5%,56.8%,76.4%,77.0%,40.3%,33.2%,50.0
Mississippi State,Bryce Chance,All,816,167,86.0,100.9,105.1,28.7%,6.9°,7.8°,34.1,1.2%,2,0.342,.290,0.396,.363,47.3%,19.8%,29.3%,41.5%,65.2%,94.7%,23.9%,10.3%,86.0
Southern Wesleyan,Tristan Tillman,All,141,24,78.9,94.6,95.9,8.3%,10.3°,5.9°,20.8,0.0%,0,0.357,.252,0.396,.363,54.2%,20.8%,12.5%,34.0%,58.6%,97.1%,16.9%,10.4%,158.0
Vanderbilt,Colin Barczi,All,477,77,94.0,110.1,117.9,53.2%,11.2°,11.0°,31.2,15.6%,12,0.27,.278,0.396,.419,41.6%,36.4%,15.6%,44.0%,66.0%,83.8%,27.3%,31.0%,80.0
Illinois,Collin Jennings,All,936,132,89.4,106.7,111.1,43.2%,20.6°,20.3°,34.8,14.4%,19,0.246,.259,0.396,.404,32.6%,32.6%,21.2%,41.0%,62.8%,74.1%,22.5%,29.2%,106.0
Merrimack,Greg Cristino,All,238,55,89.3,104.4,106.7,45.5%,6.4°,13.5°,41.8,7.3%,4,0.303,.309,0.396,.384,47.3%,20.0%,30.9%,52.1%,76.1%,91.9%,30.4%,22.6%,86.0
Maine,Nolan DeAndrade,All,67,7,88.8,103.7,107.0,42.9%,22.7°,24.9°,57.1,0.0%,0,0.267,.166,0.396,.265,14.3%,28.6%,57.1%,53.7%,86.7%,61.5%,27.0%,50.0%,77.0
UC Riverside,Evan Hall,All,43,5,72.8,76.4,76.4,20.0%,-29.3°,-1.3°,20.0,0.0%,0,0.333,.164,0.396,.218,100.0%,0.0%,0.0%,37.2%,38.9%,71.4%,36.0%,37.5%,96.0
Texas,Casey Borba,All,882,116,89.4,105.4,108.8,44.0%,12.7°,15.8°,28.4,11.2%,13,0.266,.235,0.395,.352,40.5%,29.3%,20.7%,41.8%,61.8%,74.6%,24.7%,36.6%,93.0
Texas State,Jaquae Stewart,All,932,141,90.9,107.0,111.0,46.8%,14.5°,18.2°,34.0,12.1%,17,0.26,.271,0.395,.397,36.2%,23.4%,25.5%,43.8%,71.4%,80.6%,21.2%,28.9%,127.0
California Baptist,Riley Hunsaker,All,549,103,87.1,103.0,111.4,35.9%,5.6°,8.1°,30.1,2.9%,3,0.326,.266,0.395,.364,53.4%,17.5%,24.3%,44.8%,69.0%,85.6%,27.1%,22.4%,105.0
Nebraska,Drew Grego,All,635,119,90.9,104.4,107.7,43.7%,11.9°,12.9°,41.2,5.9%,7,0.319,.309,0.395,.395,41.2%,21.8%,29.4%,47.9%,66.3%,80.4%,34.2%,28.3%,64.0
Utah Tech,Ty Johnsen,All,706,92,90.4,103.5,111.5,37.0%,7.5°,5.0°,31.5,2.2%,2,0.331,.270,0.395,.361,52.2%,18.5%,27.2%,35.7%,53.8%,87.7%,22.2%,27.0%,106.0
Tennessee Tech,Owen Lee,All,767,120,87.7,102.8,105.7,41.7%,18.1°,16.1°,43.3,8.3%,10,0.277,.282,0.395,.404,33.3%,27.5%,32.5%,42.5%,65.0%,76.9%,24.0%,28.8%,109.0
Nebraska,Trey Fikes,All,237,41,88.9,105.3,108.6,53.7%,-0.7°,7.5°,39.0,4.9%,2,0.34,.340,0.395,.402,46.3%,12.2%,39.0%,46.4%,64.4%,83.1%,33.1%,30.9%,62.0
Florida,Blake Cyr,All,760,142,93.9,107.9,110.7,56.3%,17.6°,16.7°,42.3,13.4%,19,0.309,.333,0.395,.450,30.3%,32.4%,31.0%,45.1%,68.2%,89.4%,28.5%,19.0%,67.0
Northwestern State,Thomas Marsala III,All,356,63,91.5,107.6,112.1,47.6%,7.6°,14.0°,36.5,11.1%,7,0.321,.324,0.395,.410,46.0%,9.5%,38.1%,43.8%,65.6%,87.9%,25.4%,17.9%,78.0
California,Daniel Murillo,All,836,181,87.6,103.8,109.0,36.5%,8.9°,10.1°,31.5,7.7%,14,0.321,.315,0.395,.392,45.3%,28.7%,22.7%,47.4%,70.9%,88.3%,28.4%,21.0%,75.0
Lehigh,Aidan Quinn,All,523,91,90.0,101.8,106.8,44.0%,14.8°,16.3°,45.1,6.6%,6,0.314,.299,0.395,.411,29.7%,26.4%,37.4%,40.3%,65.6%,88.9%,17.8%,19.9%,129.0
UNLV,Ayden Garcia,All,634,91,86.7,104.2,110.5,38.5%,16.0°,19.0°,31.9,7.7%,7,0.305,.250,0.395,.374,36.3%,36.3%,20.9%,39.7%,65.0%,88.2%,20.6%,17.9%,118.0
Omaha,Sam Beck,All,138,24,88.5,100.0,101.2,37.5%,15.4°,18.2°,62.5,8.3%,2,0.323,.355,0.395,.435,25.0%,29.2%,45.8%,41.3%,60.9%,94.9%,24.3%,14.0%,90.0
Charleston Southern,Tyler Wright,All,470,85,87.1,103.4,106.1,31.8%,4.2°,5.7°,35.3,0.0%,0,0.306,.274,0.395,.372,47.1%,18.8%,24.7%,37.9%,64.3%,85.7%,19.0%,22.5%,114.0
Oklahoma State,Colin Brueggemann,All,938,128,95.0,109.9,115.7,57.8%,8.2°,14.5°,36.7,19.5%,25,0.258,.292,0.395,.435,43.0%,28.9%,22.7%,42.1%,63.5%,74.7%,25.4%,34.2%,76.0
Rider,Nick Shuhet,All,271,57,87.6,106.5,108.3,45.6%,8.0°,12.4°,45.6,10.5%,6,0.347,.310,0.395,.406,42.1%,17.5%,35.1%,59.0%,77.4%,66.7%,43.5%,38.1%,67.0
Toledo,Jacob Payne,All,584,87,88.8,105.8,109.1,40.2%,14.4°,9.4°,43.7,5.7%,5,0.303,.253,0.395,.348,34.5%,23.0%,35.6%,45.0%,69.8%,83.3%,25.5%,28.5%,103.0
Washington,Daniel Porras,All,395,68,90.0,110.2,111.8,48.5%,12.9°,11.5°,42.6,7.4%,5,0.298,.325,0.395,.400,38.2%,22.1%,35.3%,44.6%,63.8%,90.0%,27.1%,21.0%,86.0
Bryant,Cam Papetti,All,247,30,85.8,102.5,103.4,36.7%,13.2°,17.0°,30.0,3.3%,1,0.286,.244,0.395,.374,43.3%,33.3%,23.3%,38.5%,61.2%,77.8%,22.2%,29.5%,108.0
Marist,Chris Diaz,All,177,28,91.7,106.6,109.1,50.0%,13.6°,10.5°,46.4,14.3%,4,0.279,.258,0.395,.357,35.7%,25.0%,32.1%,49.7%,74.1%,76.7%,29.2%,29.5%,96.0
Grace (IN),Jose Ayala,All,25,5,62.9,98.0,99.7,20.0%,-5.9°,22.8°,40.0,0.0%,0,0.167,.210,0.395,.349,60.0%,20.0%,20.0%,56.0%,76.9%,40.0%,33.3%,50.0%,-29.0
Southern Indiana,Jesse Velders,All,441,76,84.6,99.9,102.7,21.1%,12.5°,9.3°,38.2,0.0%,0,0.322,.308,0.395,.381,42.1%,25.0%,30.3%,40.6%,67.7%,83.3%,20.8%,22.3%,123.0
Seattle,Royce Hale,All,429,64,90.9,104.9,108.6,50.0%,7.3°,7.4°,31.2,4.7%,3,0.283,.282,0.394,.385,50.0%,20.3%,26.6%,44.1%,71.0%,81.5%,24.0%,33.9%,94.0
Texas Tech,Matt Quintanar,All,727,181,92.2,104.2,106.9,50.3%,14.6°,8.7°,30.9,5.5%,10,0.332,.332,0.394,.418,39.2%,32.0%,23.8%,47.2%,73.7%,92.2%,23.1%,11.7%,116.0
Indiana,Owen Ten Oever,All,334,55,92.9,107.4,111.2,45.5%,2.6°,11.4°,27.3,16.4%,9,0.286,.274,0.394,.410,58.2%,14.5%,20.0%,42.5%,61.9%,78.8%,24.7%,27.5%,49.0
Nebraska,Jett Buck,All,827,146,89.5,102.9,106.9,45.2%,18.7°,18.6°,39.7,6.8%,10,0.309,.279,0.394,.381,29.5%,35.6%,28.1%,49.1%,68.3%,83.6%,33.8%,28.3%,80.0
Yale,Brady Ruiz-Weiss,All,110,18,90.5,101.8,103.5,38.9%,14.0°,23.8°,50.0,5.6%,1,0.304,.258,0.394,.383,27.8%,38.9%,33.3%,48.2%,75.0%,72.2%,27.4%,32.1%,129.0
Jacksonville State,Jaxon Pate,All,865,132,84.7,96.1,102.0,20.5%,1.2°,3.9°,34.1,0.0%,0,0.311,.269,0.394,.368,57.6%,12.9%,28.8%,35.7%,55.8%,90.0%,18.8%,14.2%,99.0
Penn,Ernie Echevarria,All,427,75,84.6,101.1,104.2,21.3%,13.4°,14.1°,36.0,1.3%,1,0.318,.299,0.394,.385,40.0%,22.7%,28.0%,33.5%,51.7%,91.3%,17.3%,10.5%,92.0
USC,Adrian Lopez,All,979,186,89.2,105.1,110.6,39.8%,11.9°,10.4°,36.0,7.0%,13,0.299,.316,0.394,.408,41.4%,22.0%,28.0%,48.7%,74.3%,83.7%,29.5%,21.4%,89.0
Stony Brook,Chris Carson,All,518,92,88.4,102.8,105.9,40.2%,8.6°,7.9°,35.9,3.3%,3,0.301,.285,0.394,.398,40.2%,22.8%,30.4%,38.6%,58.2%,91.5%,21.2%,14.0%,103.0
Pikeville,Garren Gledhill,All,68,20,82.9,99.4,102.2,20.0%,26.1°,17.0°,50.0,0.0%,0,0.3,.341,0.394,.407,20.0%,35.0%,30.0%,41.2%,71.4%,95.0%,20.0%,7.1%,139.0
St. Bonaventure,Manuel Castro,All,331,73,85.8,101.9,109.2,28.8%,17.0°,15.2°,39.7,8.2%,6,0.279,.297,0.394,.399,31.5%,34.2%,30.1%,47.1%,69.6%,84.5%,26.6%,23.1%,108.0
Ave Maria,Patrick Corley,All,290,49,78.3,95.4,97.9,10.2%,5.7°,15.9°,38.8,0.0%,0,0.333,.275,0.394,.349,49.0%,24.5%,20.4%,37.2%,65.3%,89.6%,18.0%,13.0%,138.0
Loyola Marymount,Win Gurney,All,214,27,90.6,105.7,110.1,48.1%,18.7°,9.9°,25.9,7.4%,2,0.28,.176,0.394,.269,33.3%,29.6%,22.2%,47.7%,70.8%,70.7%,25.0%,35.3%,72.0
Louisiana Tech,Colby Lunsford,All,956,167,90.4,105.5,108.2,48.5%,8.8°,16.5°,34.7,10.2%,17,0.281,.297,0.394,.424,43.1%,28.1%,26.9%,43.7%,65.8%,84.9%,26.1%,22.5%,101.0
Auburn,Chris Rembert,All,756,166,91.8,108.1,111.1,45.8%,5.2°,7.1°,35.5,5.4%,9,0.347,.347,0.394,.420,47.0%,16.9%,31.3%,48.1%,74.9%,87.1%,24.9%,19.8%,90.0
Virginia,Harrison Didawick,All,1020,173,91.1,106.5,110.3,47.4%,10.8°,12.6°,31.8,6.9%,12,0.307,.283,0.394,.374,42.8%,26.0%,26.0%,46.7%,71.6%,77.7%,24.3%,27.7%,85.0
NC State,Wyatt Peifer,All,221,34,89.8,104.3,106.0,47.1%,20.0°,19.0°,44.1,8.8%,3,0.292,.279,0.394,.468,29.4%,38.2%,29.4%,36.7%,55.5%,83.6%,18.0%,22.2%,102.0
UTRGV,Thomas Williams,All,914,144,89.6,101.8,104.2,41.0%,9.7°,10.9°,40.3,2.8%,4,0.323,.307,0.394,.393,46.5%,17.4%,30.6%,42.7%,65.4%,88.7%,24.5%,18.7%,109.0
Vanderbilt,Max Jensen,All,175,19,89.5,105.7,109.7,52.6%,0.2°,6.2°,26.3,10.5%,2,0.25,.242,0.394,.393,63.2%,26.3%,10.5%,40.6%,67.6%,80.0%,20.8%,32.4%,91.0
Grand Canyon,Billy Scaldeferri,All,617,123,87.7,101.9,107.2,35.0%,14.0°,10.5°,40.7,6.5%,8,0.329,.306,0.394,.375,39.8%,31.7%,24.4%,49.3%,66.7%,89.4%,34.6%,20.1%,77.0
George Washington,Brodie Freker,All,428,62,87.8,100.9,105.0,37.1%,15.3°,11.4°,41.9,4.8%,3,0.286,.275,0.394,.389,40.3%,25.8%,29.0%,45.1%,75.0%,80.3%,24.2%,27.5%,101.0
Nicholls,Nico Rijo-Berger,All,589,113,88.1,104.1,108.0,38.9%,14.1°,4.4°,33.6,3.5%,4,0.345,.278,0.394,.354,39.8%,28.3%,23.9%,43.8%,62.6%,80.5%,29.6%,22.1%,79.0
Washington,Samuel DeCarlo,All,828,145,91.1,104.8,108.4,52.4%,4.6°,10.5°,35.2,9.0%,13,0.295,.312,0.394,.426,47.6%,21.4%,28.3%,39.4%,66.3%,81.3%,17.5%,22.4%,111.0
Southeastern (FL),Nick Streuer,All,134,18,85.2,97.8,98.3,16.7%,-0.3°,1.1°,22.2,0.0%,0,0.318,.386,0.394,.473,66.7%,5.6%,22.2%,29.9%,48.8%,85.7%,20.9%,15.0%,101.0
Santa Clara,Johnny Luetzow,All,572,103,83.5,99.3,103.7,24.3%,9.7°,10.7°,34.0,1.0%,1,0.341,.253,0.394,.327,49.5%,24.3%,23.3%,44.1%,65.2%,92.8%,26.9%,14.3%,90.0
Dallas Baptist,Mac Rose,All,339,69,91.1,107.1,108.5,47.8%,9.7°,7.5°,37.7,5.8%,4,0.304,.341,0.394,.452,42.0%,26.1%,29.0%,41.9%,70.8%,91.8%,22.3%,20.4%,111.0
Oral Roberts,Kole Dudding,All,209,30,85.7,103.7,104.4,46.7%,8.9°,6.6°,26.7,10.0%,3,0.233,.240,0.394,.354,60.0%,20.0%,6.7%,45.0%,74.0%,87.7%,28.0%,28.7%,99.0
Dayton,Colin Lynch,All,727,133,90.6,107.5,110.7,43.6%,11.9°,11.0°,30.8,6.0%,8,0.29,.284,0.394,.380,38.3%,27.8%,26.3%,47.5%,72.5%,84.1%,27.8%,29.3%,97.0
Southeastern (FL),Braden Bartholomae,All,248,53,83.0,97.9,101.5,22.6%,5.4°,6.3°,28.3,0.0%,0,0.339,.306,0.394,.394,56.6%,15.1%,22.6%,42.7%,66.7%,88.2%,26.0%,20.8%,102.0
Tarleton State,Jake Tatom,All,721,133,85.9,100.7,104.5,35.3%,10.5°,9.9°,24.1,4.5%,6,0.31,.271,0.393,.354,51.9%,23.3%,15.8%,39.8%,64.0%,88.7%,20.8%,15.3%,108.0
East Carolina,Jeff Sabater,All,374,58,78.7,89.7,95.2,3.4%,-8.4°,-21.9°,29.3,0.0%,0,0.375,.241,0.393,.282,69.0%,3.4%,25.9%,39.3%,56.8%,90.5%,22.2%,10.9%,89.0
Utah Valley,Derek Houston,All,464,82,89.6,105.8,107.5,39.0%,9.4°,16.5°,35.4,7.3%,6,0.305,.274,0.393,.376,47.6%,23.2%,23.2%,39.9%,62.1%,84.7%,21.3%,18.4%,115.0
Tennessee Wesleyan,Jacob Tolson,All,96,19,84.8,95.8,100.2,15.8%,18.3°,7.5°,57.9,0.0%,0,0.333,.332,0.393,.349,26.3%,15.8%,52.6%,46.9%,78.4%,89.7%,27.1%,22.2%,112.0
Toledo,Carson McCaleb,All,171,29,89.3,101.9,105.2,37.9%,10.4°,14.6°,48.3,6.9%,2,0.302,.267,0.393,.364,37.9%,24.1%,34.5%,43.9%,68.4%,86.5%,24.2%,24.0%,98.0
UAB,Mason Steele,All,71,7,85.8,103.9,104.6,42.9%,-1.2°,9.3°,28.6,0.0%,0,0.286,.274,0.393,.358,71.4%,0.0%,28.6%,33.8%,62.1%,77.8%,14.3%,37.5%,106.0
Bethune-Cookman,Darryl Lee,All,221,29,95.4,103.8,107.1,62.1%,25.7°,22.1°,20.7,6.9%,2,0.256,.228,0.393,.379,27.6%,37.9%,17.2%,34.8%,58.1%,85.2%,18.0%,18.2%,114.0
Navy,Patrick Walsh,All,673,92,90.6,109.6,115.3,48.9%,0.6°,11.1°,34.8,12.0%,11,0.267,.263,0.393,.397,48.9%,19.6%,30.4%,38.9%,62.4%,86.1%,23.6%,26.7%,88.0
Albany,Patrick DeSarno,All,266,47,83.7,97.7,105.0,12.8%,-1.6°,9.0°,25.5,0.0%,0,0.333,.255,0.393,.326,68.1%,4.3%,23.4%,36.1%,52.6%,85.0%,23.7%,20.8%,99.0
Presbyterian,James Green,All,429,76,77.6,99.2,101.5,19.7%,10.7°,15.0°,38.2,1.3%,1,0.323,.223,0.393,.311,38.2%,19.7%,32.9%,49.7%,78.4%,77.2%,27.9%,28.6%,121.0
Rochester Christian (MI),Cael Kuzinski,All,36,8,84.8,95.7,96.2,25.0%,19.0°,21.4°,37.5,0.0%,0,0.333,.371,0.393,.389,50.0%,12.5%,25.0%,44.4%,64.7%,81.8%,26.3%,25.0%,139.0
Florida Atlantic,Ian Collier,All,663,110,90.0,106.3,114.9,43.6%,15.3°,11.1°,33.6,11.8%,13,0.29,.272,0.393,.390,40.0%,33.6%,21.8%,39.8%,59.5%,84.1%,23.0%,28.0%,98.0
Monmouth,Simmi Whitehill,All,912,114,85.2,103.7,108.2,38.6%,6.4°,12.0°,39.5,2.6%,3,0.313,.244,0.393,.348,44.7%,14.0%,33.3%,40.9%,61.4%,80.5%,24.3%,32.7%,82.0
Georgia,Cole Koniarsky,All,100,22,91.1,102.3,103.4,45.5%,0.9°,4.0°,31.8,4.5%,1,0.346,.297,0.393,.357,54.5%,13.6%,22.7%,43.0%,59.5%,90.9%,33.3%,18.6%,60.0
Pittsburgh,Joey Baran,All,720,105,85.8,102.6,110.6,30.5%,8.0°,16.9°,28.6,5.7%,6,0.275,.236,0.393,.362,46.7%,28.6%,21.0%,41.2%,66.2%,88.7%,24.1%,20.2%,105.0
Connecticut,Chris Polemeni,All,710,113,90.6,107.4,111.8,47.8%,11.8°,12.1°,28.3,14.2%,16,0.296,.306,0.393,.430,46.0%,31.0%,18.6%,43.0%,68.6%,81.8%,22.9%,26.2%,100.0
Anderson (SC),Gray Wells,All,136,39,81.2,95.0,103.1,10.3%,8.2°,3.3°,33.3,0.0%,0,0.368,.259,0.393,.317,48.7%,25.6%,25.6%,39.0%,75.0%,97.4%,16.7%,9.4%,119.0
Western Illinois,Cordell Coburn,All,350,43,82.5,100.7,106.8,34.9%,17.1°,16.5°,41.9,11.6%,5,0.286,.255,0.393,.395,34.9%,32.6%,25.6%,48.0%,76.4%,79.6%,27.2%,30.4%,110.0
Milwaukee,Dylan O'Connell,All,582,92,88.5,106.4,110.5,47.8%,11.9°,12.6°,26.1,3.3%,3,0.305,.254,0.393,.335,43.5%,30.4%,17.4%,40.7%,59.2%,85.7%,23.2%,23.2%,94.0
California Baptist,Ben Castelli,All,914,126,90.2,104.9,110.0,42.9%,14.3°,16.1°,41.3,9.5%,12,0.273,.265,0.393,.396,35.7%,28.6%,31.0%,45.8%,71.0%,80.2%,29.3%,30.5%,82.0
Mount St. Mary's,Michael Toth,All,303,44,80.4,95.7,106.7,15.9%,16.4°,8.7°,43.2,0.0%,0,0.309,.258,0.393,.364,36.4%,27.3%,31.8%,38.0%,62.5%,88.0%,21.9%,21.7%,97.0
Jacksonville,Conner Spelman,All,197,37,83.9,100.4,103.0,35.1%,14.2°,10.8°,40.5,0.0%,0,0.34,.269,0.393,.327,32.4%,21.6%,37.8%,53.3%,74.3%,86.9%,25.0%,23.8%,102.0
College of Charleston,Brent Gibbs,All,86,18,76.1,103.1,106.5,11.1%,-17.6°,17.6°,16.7,5.6%,1,0.381,.191,0.393,.233,72.2%,11.1%,16.7%,48.8%,65.8%,92.0%,35.4%,19.0%,110.0
Southeast Missouri,Ryan Lopetegui,All,724,121,84.7,101.7,104.3,28.1%,17.8°,16.4°,37.2,2.5%,3,0.301,.242,0.393,.331,38.0%,27.3%,24.0%,45.0%,65.0%,84.1%,28.4%,21.5%,86.0
Coastal Carolina,Rex Watson,All,933,154,91.0,107.4,112.2,48.7%,12.7°,16.7°,36.4,13.6%,21,0.3,.311,0.393,.430,40.3%,29.2%,24.7%,52.4%,79.0%,78.6%,30.6%,30.1%,105.0
New Mexico State,Tommy Meluskey,All,519,74,87.0,101.2,104.6,29.7%,15.5°,13.7°,36.5,5.4%,4,0.277,.231,0.392,.341,36.5%,36.5%,24.3%,44.7%,67.8%,84.1%,24.5%,22.0%,109.0
Eastern Illinois,Chris Worcester,All,579,116,84.3,100.6,108.3,28.4%,11.8°,10.7°,39.7,1.7%,2,0.307,.301,0.392,.361,39.7%,30.2%,25.9%,45.3%,63.6%,93.5%,32.0%,12.2%,86.0
Florida International,Aidan Cohall,All,778,119,86.7,102.8,106.3,35.3%,10.1°,21.2°,44.5,9.2%,11,0.274,.268,0.392,.396,41.2%,28.6%,29.4%,43.2%,68.7%,81.3%,23.9%,29.5%,107.0
Austin Peay,Houston Hebert,All,278,39,93.2,106.0,108.3,51.3%,24.6°,20.7°,33.3,7.7%,3,0.276,.268,0.392,.379,30.8%,35.9%,28.2%,44.2%,64.7%,79.2%,28.9%,30.9%,68.0
Centre,Graham Johnson,All,46,6,73.0,92.5,95.7,16.7%,5.3°,1.6°,33.3,0.0%,0,0.3,.151,0.392,.249,50.0%,0.0%,33.3%,41.3%,60.0%,77.8%,32.3%,26.3%,24.0
Northern Illinois,Caden Robertson,All,790,133,92.1,107.5,111.2,53.4%,15.4°,15.4°,33.8,6.0%,8,0.291,.278,0.392,.370,32.3%,34.6%,26.3%,41.5%,60.7%,82.2%,26.2%,27.7%,72.0
St. Thomas (FL),Eddie Novoa,All,305,70,80.3,94.8,99.3,8.6%,5.3°,6.8°,34.3,0.0%,0,0.382,.295,0.392,.330,55.7%,20.0%,22.9%,42.6%,69.6%,88.5%,23.9%,15.4%,112.0
UAB,Wesley Helms,All,880,190,86.1,98.0,102.1,26.3%,10.7°,6.3°,36.3,0.5%,1,0.332,.327,0.392,.389,43.2%,18.9%,30.5%,38.9%,58.4%,96.6%,22.3%,7.0%,89.0
Virginia Tech,Henry Cooke,All,835,112,90.1,105.5,109.4,48.2%,6.2°,12.0°,28.6,8.0%,9,0.28,.259,0.392,.381,46.4%,25.9%,24.1%,43.0%,65.7%,78.0%,25.2%,33.1%,85.0
Stetson,Anthony Gonzalez,All,273,55,80.5,98.0,101.9,14.5%,5.7°,11.8°,34.5,0.0%,0,0.349,.309,0.392,.342,52.7%,16.4%,29.1%,42.1%,66.7%,89.0%,22.0%,14.8%,98.0
Eastern Illinois,Eli Hill,All,42,8,90.9,99.2,100.3,37.5%,-14.4°,-10.3°,12.5,0.0%,0,0.333,.245,0.392,.422,62.5%,12.5%,12.5%,38.1%,53.3%,100.0%,29.6%,12.5%,91.0
Western Carolina,Cole Jones,All,612,101,88.1,103.6,109.6,43.6%,11.1°,14.3°,46.5,8.9%,9,0.297,.300,0.392,.394,35.6%,25.7%,34.7%,47.5%,68.9%,78.8%,29.5%,31.3%,100.0
Pittsburgh,Derrick Tarpley Jr,All,315,34,91.6,105.6,114.4,47.1%,10.3°,12.3°,41.2,14.7%,5,0.211,.248,0.392,.425,44.1%,32.4%,23.5%,40.0%,64.4%,80.0%,22.4%,34.9%,93.0
Stephen F. Austin,Brigden Smith,All,50,6,86.3,97.8,98.1,33.3%,22.7°,20.8°,66.7,0.0%,0,0.3,.168,0.392,.384,0.0%,16.7%,50.0%,44.0%,76.5%,69.2%,27.3%,50.0%,79.0
BYU,Patrick Graham,All,154,16,94.1,103.6,105.8,62.5%,15.1°,18.8°,50.0,12.5%,2,0.25,.230,0.392,.376,18.8%,12.5%,56.2%,40.9%,65.1%,82.9%,24.2%,36.5%,110.0
Southeast Missouri,Dakota Joggerst,All,687,119,85.1,98.8,101.4,31.9%,1.2°,6.8°,33.6,0.0%,0,0.324,.315,0.392,.385,56.3%,9.2%,32.8%,38.0%,60.1%,89.1%,21.7%,17.2%,108.0
Texas,Ethan Mendoza,All,944,159,90.8,106.0,109.3,47.2%,9.4°,9.0°,27.0,6.9%,11,0.276,.290,0.391,.411,46.5%,23.3%,23.9%,42.2%,62.7%,89.8%,26.5%,14.8%,80.0
Miami (OH),Ryan Novak,All,842,126,91.7,105.7,109.7,56.3%,11.1°,15.4°,34.9,14.3%,18,0.258,.306,0.391,.458,40.5%,29.4%,22.2%,37.2%,61.8%,86.7%,17.2%,20.4%,132.0
University of Montevallo,Ian Cartwright,All,141,20,80.9,99.6,102.3,20.0%,3.4°,12.5°,25.0,0.0%,0,0.28,.231,0.391,.328,70.0%,20.0%,10.0%,45.4%,70.5%,90.3%,34.0%,20.3%,96.0
Oklahoma State,Evan Saunders,All,271,31,88.7,104.6,110.0,51.6%,21.1°,19.6°,35.5,12.9%,4,0.231,.236,0.391,.394,29.0%,48.4%,16.1%,44.3%,74.1%,65.0%,24.5%,38.3%,94.0
Arizona,Beau Sylvester,All,503,114,88.8,106.8,109.0,37.7%,5.6°,8.0°,30.7,7.0%,8,0.336,.310,0.391,.366,53.5%,18.4%,21.9%,55.1%,79.0%,85.9%,35.8%,27.8%,63.0
Binghamton,Tommy Popoff,All,572,89,90.5,105.8,109.2,48.3%,9.0°,11.3°,37.1,6.7%,6,0.303,.290,0.391,.394,47.2%,16.9%,29.2%,44.2%,62.8%,84.4%,28.1%,23.7%,101.0
Long Island,Nate Figueroa,All,128,27,85.1,96.7,99.2,14.8%,7.7°,11.2°,29.6,0.0%,0,0.31,.245,0.391,.336,44.4%,14.8%,29.6%,35.2%,64.7%,93.9%,15.6%,4.4%,122.0
Radford,Devin Parks,All,520,89,87.5,106.1,109.5,42.7%,5.9°,9.1°,36.0,6.7%,6,0.315,.260,0.391,.346,44.9%,20.2%,28.1%,50.8%,72.8%,81.9%,32.6%,32.6%,77.0
Stephen F. Austin,Juan Cantua,All,568,70,87.8,102.0,108.4,38.6%,16.5°,9.9°,41.4,1.4%,1,0.302,.285,0.391,.407,31.4%,12.9%,38.6%,39.1%,60.1%,81.2%,22.8%,23.4%,112.0
Penn State,Cohl Mercado,All,329,52,83.1,95.1,97.3,9.6%,9.1°,15.4°,44.2,0.0%,0,0.305,.284,0.391,.356,40.4%,21.2%,36.5%,30.1%,47.8%,92.1%,13.5%,11.1%,107.0
Saint Louis,Riley Iffrig,All,686,156,86.3,102.9,108.9,38.5%,2.8°,2.4°,24.4,1.9%,3,0.325,.322,0.391,.389,59.0%,17.9%,19.9%,42.7%,67.6%,96.2%,21.6%,9.9%,112.0
Kentucky,Luke Lawrence,All,976,155,88.8,101.6,104.6,34.8%,7.4°,7.7°,34.8,3.2%,5,0.34,.284,0.391,.373,42.6%,21.9%,30.3%,47.7%,67.3%,87.2%,31.5%,15.7%,69.0
Appalachian State,Riley Luft,All,698,136,88.4,103.4,107.4,33.1%,5.7°,10.6°,33.1,1.5%,2,0.335,.307,0.391,.376,50.0%,17.6%,28.7%,41.4%,65.5%,93.0%,22.5%,16.6%,129.0
Cal Poly,Casey Murray,All,903,149,85.8,103.1,107.5,32.9%,8.3°,15.1°,34.2,4.7%,7,0.323,.273,0.391,.355,47.0%,19.5%,31.5%,40.6%,64.1%,83.8%,22.4%,22.6%,90.0
Arizona State,Garrett Michel,All,525,85,95.6,109.9,117.2,54.1%,2.2°,7.6°,34.1,9.4%,8,0.289,.304,0.391,.408,55.3%,14.1%,27.1%,45.5%,72.8%,85.8%,23.9%,26.4%,109.0
Pepperdine,Daniel Patterson,All,735,146,89.0,104.2,110.7,39.7%,15.5°,9.0°,37.0,4.8%,7,0.281,.326,0.391,.414,38.4%,28.8%,25.3%,40.0%,61.0%,93.0%,23.2%,13.3%,81.0
Hofstra,Gabriel Melara,All,645,96,88.5,100.3,104.7,36.5%,9.0°,11.8°,51.0,6.2%,6,0.333,.306,0.391,.379,38.5%,19.8%,41.7%,43.6%,69.6%,84.0%,24.8%,25.6%,84.0
Northwestern State,Noah McNeil,All,99,14,87.0,102.2,103.4,42.9%,12.3°,17.6°,42.9,7.1%,1,0.3,.314,0.391,.464,35.7%,21.4%,42.9%,42.4%,63.0%,70.6%,17.8%,35.7%,89.0
Stephen F. Austin,Julian Swift,All,437,134,88.4,99.9,103.2,32.8%,8.7°,11.6°,37.3,0.7%,1,0.345,.343,0.391,.399,47.0%,9.0%,29.1%,60.2%,84.4%,93.1%,38.8%,13.7%,72.0
Middle Georgia State,Sebastian Collender,All,41,11,84.7,98.7,100.3,36.4%,14.9°,13.7°,36.4,0.0%,0,0.357,.265,0.391,.277,18.2%,27.3%,45.5%,48.8%,72.7%,87.5%,21.1%,20.0%,73.0
College of Charleston,Will Tippett,All,654,105,89.4,103.7,107.2,41.0%,17.5°,14.5°,35.2,10.5%,11,0.273,.259,0.391,.365,36.2%,27.6%,26.7%,45.7%,69.1%,82.5%,30.7%,30.1%,98.0
USC Upstate,Trey Bentley,All,710,118,87.8,103.8,108.6,34.7%,4.0°,9.5°,32.2,4.2%,5,0.293,.280,0.39,.373,51.7%,23.7%,23.7%,42.5%,68.1%,83.8%,20.8%,20.2%,108.0
Mercyhurst,Zach Black,All,33,9,82.7,96.1,100.7,11.1%,23.2°,29.2°,55.6,11.1%,1,0.273,.250,0.39,.331,11.1%,55.6%,33.3%,36.4%,56.2%,100.0%,17.6%,16.7%,73.0
Illinois Springfield,Kody Morton,All,65,9,90.2,102.8,109.1,33.3%,15.6°,17.5°,44.4,0.0%,0,0.273,.304,0.39,.431,33.3%,22.2%,33.3%,40.0%,84.2%,81.2%,21.7%,30.8%,146.0
Utah,Luke Jacobs,All,933,156,91.6,102.6,105.4,43.6%,21.7°,18.5°,44.2,7.1%,11,0.291,.298,0.39,.408,25.6%,42.9%,27.6%,44.1%,70.7%,82.6%,24.2%,26.3%,100.0
New Orleans,Eli Tidwell,All,799,112,86.2,102.1,108.0,33.9%,10.8°,15.5°,27.7,5.4%,6,0.301,.231,0.39,.315,49.1%,29.5%,19.6%,46.8%,65.9%,79.2%,30.8%,34.5%,75.0
Trevecca Nazarene,Noah Boughton,All,145,26,79.0,98.5,99.7,11.5%,10.0°,12.6°,19.2,0.0%,0,0.3,.282,0.39,.388,50.0%,23.1%,23.1%,33.8%,65.3%,93.8%,17.7%,16.3%,122.0
UNC Greensboro,Brody Gardner,All,347,64,85.0,99.2,101.3,28.1%,8.0°,10.8°,34.4,1.6%,1,0.305,.228,0.39,.319,42.2%,28.1%,26.6%,36.6%,57.1%,86.6%,16.9%,20.5%,109.0
Incarnate Word,Jake Weaver,All,715,137,89.6,102.8,105.4,42.3%,13.6°,10.1°,35.8,3.6%,5,0.296,.313,0.39,.407,40.1%,27.0%,27.7%,38.2%,65.6%,89.4%,16.3%,20.9%,132.0
Little Rock,Ryan Geck,All,185,36,86.8,105.6,107.5,41.7%,14.5°,16.1°,47.2,5.6%,2,0.267,.296,0.39,.412,30.6%,36.1%,33.3%,45.9%,74.0%,87.7%,25.9%,23.5%,96.0
Oregon State,AJ Singer,All,848,159,87.3,101.2,104.8,35.8%,15.0°,15.9°,43.4,6.9%,11,0.288,.293,0.39,.414,33.3%,29.6%,26.4%,38.2%,57.3%,91.6%,21.5%,11.1%,89.0
Cal State Northridge,Vaughn Coleman,All,716,118,84.6,101.2,103.6,30.5%,17.3°,16.8°,39.8,3.4%,4,0.275,.234,0.39,.324,32.2%,36.4%,27.1%,41.6%,66.8%,87.4%,22.4%,20.5%,111.0
San Francisco,Jackson Nystrom,All,357,69,88.7,105.5,108.2,43.5%,12.7°,14.6°,31.9,4.3%,3,0.333,.299,0.39,.383,37.7%,26.1%,26.1%,52.7%,81.5%,80.1%,25.5%,27.7%,114.0
Cal State Northridge,Will Linberg,All,671,115,88.2,103.6,108.3,42.6%,5.8°,7.3°,30.4,3.5%,4,0.305,.275,0.39,.373,50.4%,25.2%,23.5%,42.9%,63.9%,89.1%,25.7%,20.1%,92.0
North Georgia,Schley Gordy,All,170,26,86.9,98.6,101.3,30.8%,9.7°,11.8°,38.5,0.0%,0,0.333,.309,0.39,.400,46.2%,15.4%,38.5%,39.4%,67.6%,91.7%,19.2%,13.4%,113.0
Florida State,Gabe Fraser,All,517,70,86.5,103.6,110.8,34.3%,8.8°,11.5°,30.0,8.6%,6,0.311,.210,0.389,.341,47.1%,22.9%,20.0%,44.9%,72.4%,76.2%,24.3%,33.2%,96.0
Virginia Tech,Hudson Lutterman,All,807,145,86.2,99.9,103.6,30.3%,17.6°,18.1°,40.7,2.8%,4,0.297,.277,0.389,.352,31.7%,33.1%,32.4%,50.6%,74.0%,89.9%,31.5%,20.3%,82.0
Texas Tech,Linkin Garcia,All,935,186,93.7,108.0,113.1,59.7%,1.7°,6.7°,33.9,6.5%,12,0.332,.348,0.389,.424,53.8%,13.4%,29.0%,49.4%,70.6%,86.1%,31.6%,20.3%,56.0
Kent State,Brody Williams,All,536,100,89.0,105.3,109.9,43.0%,8.6°,10.1°,34.0,6.0%,6,0.323,.299,0.389,.377,51.0%,19.0%,27.0%,47.2%,76.7%,85.1%,25.6%,26.5%,113.0
Jacksonville State,Grayson Ashe,All,788,147,87.7,102.5,105.6,31.3%,16.7°,13.0°,35.4,4.1%,6,0.327,.298,0.389,.379,35.4%,32.0%,26.5%,35.9%,55.4%,90.5%,20.9%,14.8%,91.0
South Alabama,Nick Richardson,All,105,15,78.7,93.8,94.4,6.7%,-5.0°,-2.6°,26.7,0.0%,0,0.3,.216,0.389,.342,60.0%,13.3%,26.7%,31.4%,57.5%,91.3%,15.4%,18.2%,101.0
North Carolina,Erik Paulsen,All,1010,153,91.6,106.1,109.6,51.6%,13.8°,17.1°,43.8,13.7%,21,0.286,.331,0.389,.472,36.6%,30.7%,28.8%,46.0%,70.4%,83.8%,28.1%,25.4%,70.0
Seattle,Preston Armstrong,All,109,10,80.0,100.0,100.1,30.0%,16.3°,14.7°,40.0,10.0%,1,0.2,.153,0.389,.320,40.0%,20.0%,20.0%,33.0%,47.3%,92.3%,18.5%,22.2%,50.0
Charleston Southern,Garrison Barile,All,412,64,87.3,102.4,104.3,40.6%,8.1°,8.5°,21.9,4.7%,3,0.299,.248,0.389,.352,48.4%,17.2%,21.9%,42.7%,62.3%,83.2%,30.0%,31.8%,100.0
Memphis,James Smith,All,792,143,91.7,107.4,111.6,53.8%,9.3°,11.9°,42.7,9.8%,14,0.301,.316,0.389,.419,44.8%,22.4%,29.4%,50.1%,74.9%,83.2%,32.1%,26.2%,82.0
Delaware,Anthony DeCesare,All,574,92,86.7,102.7,106.2,34.8%,10.9°,12.1°,37.0,6.5%,6,0.289,.274,0.389,.376,41.3%,27.2%,27.2%,40.4%,64.7%,87.5%,23.6%,20.7%,98.0
Western Kentucky,Kyle Hayes,All,546,95,91.0,106.1,109.8,51.6%,14.4°,15.2°,41.1,10.5%,10,0.27,.299,0.389,.425,34.7%,25.3%,30.5%,41.2%,67.4%,83.7%,22.6%,28.4%,96.0
Eastern Kentucky,Pedro Moreno,All,881,134,86.5,98.5,103.2,24.6%,9.7°,13.3°,39.6,1.5%,2,0.288,.281,0.389,.374,43.3%,17.9%,32.1%,35.1%,56.2%,90.9%,16.7%,12.6%,112.0
Northern Illinois,Ivan Dahlberg,All,808,108,86.5,101.8,105.8,31.5%,12.4°,11.1°,32.4,3.7%,4,0.222,.258,0.389,.388,41.7%,29.6%,22.2%,33.9%,56.4%,89.7%,18.7%,17.5%,119.0
Western Illinois,Kamryn Link,All,182,25,90.6,105.3,107.2,48.0%,10.8°,13.5°,36.0,12.0%,3,0.257,.293,0.389,.428,40.0%,28.0%,32.0%,40.7%,59.0%,81.6%,25.3%,31.1%,95.0
Rider,Eliot Medlock,All,313,57,85.0,100.7,106.6,28.1%,21.5°,22.0°,24.6,3.5%,2,0.282,.198,0.389,.278,33.3%,36.8%,21.1%,50.2%,76.5%,77.2%,30.9%,28.7%,100.0
Florida,Landon Stripling,All,442,90,90.7,102.6,107.1,37.8%,12.9°,15.3°,38.9,5.6%,5,0.295,.301,0.388,.407,40.0%,25.6%,30.0%,41.9%,67.2%,92.1%,22.9%,15.1%,101.0
Kent State,Nolan Belcher,All,364,66,91.1,104.4,107.7,47.0%,15.8°,19.1°,37.9,7.6%,5,0.292,.274,0.388,.372,34.8%,33.3%,30.3%,55.2%,76.6%,78.9%,37.1%,30.8%,63.0
UC Irvine,Zach Crandall,All,190,25,91.5,103.8,106.6,64.0%,10.3°,14.7°,52.0,16.0%,4,0.317,.293,0.388,.403,40.0%,28.0%,32.0%,33.7%,58.9%,79.2%,11.0%,28.1%,123.0
Abilene Christian,Grant Watkins,All,736,113,95.4,109.3,112.3,59.3%,13.8°,18.1°,41.6,24.8%,28,0.252,.310,0.388,.477,31.9%,33.6%,29.2%,42.5%,63.5%,83.8%,24.5%,26.2%,89.0
Purdue,Quincy Malbrough,All,381,67,89.3,100.9,104.2,35.8%,7.6°,10.0°,31.3,4.5%,3,0.337,.290,0.388,.373,53.7%,25.4%,19.4%,44.1%,63.6%,85.7%,27.3%,26.2%,79.0
Charleston Southern,Kain Collins,All,713,103,78.9,93.3,96.4,3.9%,-4.5°,4.4°,26.2,0.0%,0,0.324,.223,0.388,.319,69.9%,7.8%,18.4%,40.0%,62.0%,83.2%,23.2%,19.6%,110.0
Virginia Tech,Sam Grube,All,1007,173,90.0,103.5,107.3,50.9%,9.3°,14.9°,43.4,7.5%,13,0.305,.337,0.388,.442,38.7%,27.2%,33.5%,43.3%,66.7%,88.2%,20.7%,17.7%,94.0
Miami (OH),Jamie Rasmussen,All,158,25,92.2,104.9,106.9,52.0%,8.7°,17.0°,36.0,20.0%,5,0.306,.288,0.388,.412,52.0%,20.0%,20.0%,39.9%,60.0%,84.6%,25.8%,31.7%,110.0
Kennesaw State,Christopher Cole,All,602,78,85.4,98.2,104.5,26.9%,3.5°,10.4°,32.1,3.8%,3,0.315,.227,0.388,.327,52.6%,23.1%,20.5%,42.0%,67.1%,82.1%,18.4%,21.3%,112.0
Virginia,Antonio Perrotta,All,533,95,84.1,103.6,105.1,28.4%,8.0°,10.0°,32.6,4.2%,4,0.259,.266,0.388,.374,48.4%,24.2%,22.1%,40.9%,70.3%,84.5%,18.8%,22.0%,112.0
Houston Christian,Katcher Halligan,All,595,125,86.9,103.6,107.8,36.0%,12.0°,5.9°,28.8,2.4%,3,0.29,.289,0.388,.391,44.0%,20.0%,24.8%,45.0%,69.2%,88.9%,26.3%,16.4%,112.0
LSU,Seth Dardar,All,583,93,88.9,103.2,108.8,38.7%,16.7°,19.9°,35.5,8.6%,8,0.26,.294,0.388,.425,34.4%,31.2%,28.0%,43.7%,66.8%,86.3%,24.9%,25.5%,114.0
Missouri State,Caden Bogenpohl,All,1019,145,93.7,112.8,118.8,51.0%,4.8°,7.7°,22.1,10.3%,15,0.277,.282,0.388,.423,51.0%,27.6%,16.6%,37.4%,60.2%,79.9%,19.7%,26.8%,105.0
Eastern Illinois,Quade Peters,All,399,67,82.7,96.5,101.6,16.4%,2.3°,1.6°,26.9,0.0%,0,0.373,.251,0.388,.339,55.2%,19.4%,22.4%,38.3%,56.8%,95.4%,21.5%,12.4%,105.0
VMI,Owen Prince,All,922,162,84.8,97.1,99.3,16.7%,2.1°,6.7°,35.8,0.0%,0,0.319,.294,0.388,.377,49.4%,15.4%,32.1%,31.9%,53.9%,96.4%,14.1%,7.8%,118.0
Reinhardt,Brock Sisson,All,141,22,86.5,94.5,96.5,9.1%,15.1°,30.3°,22.7,0.0%,0,0.273,.157,0.388,.213,40.9%,45.5%,9.1%,44.7%,72.4%,78.6%,25.3%,28.6%,117.0
Texas State,Austin Munguia,All,181,31,89.8,101.5,105.0,45.2%,15.6°,5.3°,19.4,0.0%,0,0.282,.252,0.388,.364,48.4%,22.6%,16.1%,42.0%,70.2%,84.7%,17.5%,22.4%,118.0
Nicholls,Greyson Shafer,All,613,118,88.9,106.1,109.1,43.2%,8.6°,9.7°,26.3,5.1%,6,0.293,.266,0.387,.355,50.0%,23.7%,16.9%,53.3%,73.7%,82.6%,36.1%,29.4%,56.0
UTSA,Jacob Silva,All,559,102,85.7,101.4,111.2,35.3%,9.3°,10.5°,33.3,5.9%,6,0.286,.284,0.387,.390,41.2%,30.4%,22.5%,37.4%,61.3%,90.8%,20.7%,15.3%,117.0
Lipscomb,Danny Ramirez,All,238,43,89.0,105.6,109.4,44.2%,8.0°,4.7°,23.3,4.7%,2,0.321,.277,0.387,.400,48.8%,16.3%,20.9%,42.0%,61.3%,71.4%,32.3%,33.0%,104.0
King,Jose Ruiz,All,120,19,85.9,94.4,96.2,15.8%,8.2°,4.3°,21.1,0.0%,0,0.273,.224,0.387,.332,57.9%,31.6%,10.5%,42.5%,70.0%,94.3%,22.9%,9.8%,163.0
Eastern Michigan,Nathan Borchardt,All,553,82,91.5,105.7,108.1,47.6%,16.9°,14.9°,34.1,8.5%,7,0.252,.268,0.387,.414,31.7%,34.1%,24.4%,32.7%,54.8%,80.3%,15.7%,22.7%,102.0
Minnesota,Tyler Allen,All,643,109,89.0,101.8,109.7,31.2%,20.0°,12.0°,41.3,2.8%,3,0.282,.268,0.387,.366,27.5%,30.3%,33.9%,40.9%,66.6%,87.2%,19.4%,20.5%,108.0
Western Kentucky,Hayden Robbins,All,395,69,86.1,101.2,102.7,24.6%,6.7°,16.2°,42.0,0.0%,0,0.3,.273,0.387,.321,44.9%,23.2%,30.4%,39.2%,53.3%,88.6%,25.3%,15.5%,93.0
Le Moyne,Dominick Russ,All,126,17,90.2,104.1,106.9,47.1%,2.5°,3.1°,29.4,5.9%,1,0.308,.229,0.387,.309,58.8%,0.0%,29.4%,34.9%,50.9%,74.1%,23.3%,34.1%,73.0
Incarnate Word,Kevin Ramos,All,294,46,88.9,101.0,102.6,26.1%,13.7°,18.2°,32.6,6.5%,3,0.269,.243,0.387,.370,34.8%,30.4%,23.9%,43.5%,66.7%,79.2%,21.3%,25.8%,129.0
Little Rock,Nico Baumbach,All,551,104,88.6,101.5,106.5,26.9%,13.0°,9.3°,34.6,1.9%,2,0.313,.306,0.387,.385,37.5%,26.9%,31.7%,41.9%,65.8%,89.3%,25.1%,17.7%,104.0
Texas,Temo Becerra,All,879,144,85.8,100.2,105.0,34.0%,8.6°,7.9°,36.1,2.8%,4,0.319,.268,0.387,.364,47.2%,25.0%,25.0%,34.9%,54.7%,89.3%,19.1%,21.5%,92.0
Arkansas State,Cason Campbell,All,691,120,87.7,104.8,108.3,36.7%,7.8°,10.0°,30.0,6.7%,8,0.289,.259,0.387,.347,52.5%,21.7%,20.8%,41.7%,59.4%,88.1%,28.2%,26.0%,90.0
UCLA,Payton Brennan,All,1006,158,89.7,109.8,112.2,43.0%,1.6°,10.9°,25.9,8.9%,14,0.296,.279,0.387,.385,51.9%,22.8%,22.2%,43.9%,67.4%,79.5%,24.4%,27.8%,79.0
Wright State,Cy Turner,All,630,73,87.3,105.9,109.1,38.4%,5.7°,16.1°,45.2,13.7%,10,0.263,.225,0.387,.347,43.8%,21.9%,28.8%,46.3%,71.5%,77.0%,27.0%,35.3%,95.0
Baylor,John Youens,All,202,21,85.2,101.1,104.9,33.3%,14.0°,15.1°,38.1,0.0%,0,0.243,.192,0.387,.343,38.1%,28.6%,28.6%,34.7%,54.3%,80.4%,17.6%,31.4%,93.0
Mercer,Kaleb Huffman,All,235,21,83.5,102.1,106.4,33.3%,24.7°,11.5°,42.9,9.5%,2,0.237,.223,0.387,.362,19.0%,33.3%,28.6%,40.9%,63.2%,66.7%,25.7%,43.8%,107.0
UT Tyler,Drew Schmidt,All,125,27,87.6,100.5,101.9,37.0%,12.3°,11.7°,37.0,0.0%,0,0.286,.330,0.387,.409,37.0%,29.6%,22.2%,35.2%,60.0%,93.9%,15.7%,6.8%,129.0
Texas A&M-Corpus Christi,Jayden Reynolds,All,174,33,79.4,96.3,100.3,9.1%,4.7°,11.6°,33.3,0.0%,0,0.349,.259,0.387,.295,42.4%,27.3%,30.3%,50.0%,72.3%,91.7%,29.7%,18.4%,95.0
UT Tyler,Benjamin Lea,All,71,7,93.3,106.9,108.2,28.6%,19.0°,15.5°,42.9,0.0%,0,0.125,.213,0.387,.477,14.3%,14.3%,28.6%,29.6%,61.5%,87.5%,11.1%,9.5%,164.0
Northeastern,Matt Brinker,All,702,129,88.4,102.7,104.7,38.0%,9.9°,9.9°,36.4,2.3%,3,0.301,.291,0.386,.376,43.4%,17.8%,34.1%,43.9%,68.0%,85.5%,22.0%,22.7%,117.0
Nicholls,Fisher Ingersoll,All,225,24,86.0,102.4,104.5,41.7%,13.3°,23.9°,33.3,12.5%,3,0.267,.188,0.386,.387,41.7%,29.2%,12.5%,37.8%,64.9%,79.4%,17.2%,35.3%,104.0
Oklahoma,Jaxon Willits,All,887,137,88.9,103.9,107.1,40.9%,10.2°,11.5°,39.4,5.8%,8,0.279,.281,0.386,.399,42.3%,28.5%,25.5%,42.7%,65.7%,87.4%,20.8%,19.3%,109.0
Vanderbilt,Rustan Rigdon,All,851,131,86.4,102.6,111.3,29.0%,13.7°,16.1°,30.5,1.5%,2,0.284,.235,0.386,.348,38.2%,32.1%,24.4%,36.9%,60.9%,85.3%,16.5%,20.7%,111.0
Grand Canyon,Jake Sanko,All,597,126,86.3,102.5,105.6,35.7%,10.0°,12.6°,30.2,2.4%,3,0.342,.289,0.386,.361,50.0%,27.0%,20.6%,48.6%,73.8%,90.7%,28.7%,20.0%,105.0
Seton Hall,Aidan Sengenberger,All,251,37,87.7,99.7,103.4,29.7%,9.3°,21.7°,37.8,5.4%,2,0.289,.293,0.386,.424,48.6%,21.6%,27.0%,44.6%,72.3%,87.2%,19.7%,20.5%,113.0
Ohio State,Alex Bemis,All,854,130,88.8,102.9,107.2,38.5%,18.8°,15.2°,23.8,5.4%,7,0.266,.251,0.386,.376,38.5%,31.5%,18.5%,37.1%,59.3%,87.1%,19.5%,23.0%,114.0
Arkansas,TJ Pompey,All,789,90,94.6,109.4,115.3,60.0%,18.3°,18.3°,32.2,16.7%,15,0.256,.241,0.386,.366,31.1%,37.8%,26.7%,45.6%,68.2%,74.8%,27.7%,38.9%,79.0
UMBC,Derek Paris,All,519,119,81.6,98.3,102.6,16.0%,6.5°,8.8°,33.6,0.0%,0,0.349,.282,0.386,.337,42.0%,19.3%,28.6%,45.1%,60.4%,93.1%,31.9%,10.7%,62.0
UNLV,Jayden Sanchez,All,113,13,87.6,101.6,104.7,61.5%,7.1°,10.7°,46.2,7.7%,1,0.261,.239,0.386,.426,53.8%,30.8%,15.4%,38.1%,58.7%,85.2%,23.9%,32.6%,101.0
British Columbia,David Krahn,All,80,21,83.7,98.4,100.0,28.6%,11.1°,10.9°,42.9,4.8%,1,0.32,.332,0.386,.357,33.3%,33.3%,19.0%,55.0%,73.7%,96.4%,38.1%,20.5%,57.0
Binghamton,Steven Kraus,All,576,112,87.1,102.8,106.5,36.6%,10.7°,7.6°,30.4,1.8%,2,0.291,.294,0.386,.376,42.0%,24.1%,24.1%,45.7%,68.6%,84.3%,29.0%,23.2%,91.0
Central Arkansas,Nathan Negre,All,471,81,88.6,103.0,106.9,37.0%,16.6°,17.7°,33.3,1.2%,1,0.311,.263,0.386,.359,30.9%,30.9%,33.3%,46.9%,68.3%,80.0%,30.5%,24.0%,85.0
Georgia Tech,Drew Rogers,All,343,46,88.9,110.3,117.3,37.0%,15.5°,11.5°,34.8,13.0%,6,0.267,.240,0.386,.364,32.6%,32.6%,30.4%,40.5%,59.9%,78.8%,26.9%,33.8%,56.0
Davidson,Scott Edwards,All,612,92,86.3,99.7,105.9,27.2%,14.0°,10.3°,45.7,3.3%,3,0.291,.266,0.386,.363,38.0%,28.3%,31.5%,40.4%,61.9%,86.6%,21.1%,22.3%,100.0
Bryant,Charlie Saul,All,524,95,89.9,103.1,106.6,44.2%,18.0°,16.7°,38.9,7.4%,7,0.312,.259,0.386,.347,35.8%,24.2%,29.5%,52.1%,75.6%,79.9%,30.7%,27.8%,91.0
Oregon State,Jacob Krieg,All,222,32,89.9,108.9,110.2,46.9%,18.2°,22.4°,25.0,15.6%,5,0.245,.214,0.386,.346,37.5%,34.4%,15.6%,44.6%,66.7%,77.4%,28.7%,41.4%,74.0
Niagara,Rees Kozar,All,334,77,87.2,103.0,106.5,33.8%,14.5°,14.0°,44.2,5.2%,4,0.337,.282,0.386,.335,36.4%,29.9%,31.2%,55.4%,76.4%,83.3%,34.9%,25.4%,68.0
Louisiana,Colt Brown,All,953,177,87.2,103.1,109.6,35.0%,11.0°,13.4°,39.5,3.4%,6,0.311,.307,0.386,.388,36.7%,24.3%,33.9%,39.2%,56.7%,85.9%,25.9%,19.8%,83.0
La Salle,Rueben Livingston,All,351,49,89.1,104.2,108.1,46.9%,18.3°,13.1°,36.7,10.2%,5,0.293,.249,0.386,.346,30.6%,34.7%,26.5%,49.6%,74.7%,77.7%,30.8%,32.8%,68.0
Indiana State,Emil Estrella,All,406,68,90.0,105.5,111.7,44.1%,12.6°,15.1°,35.3,5.9%,4,0.271,.312,0.386,.441,35.3%,29.4%,32.4%,45.1%,70.8%,86.0%,26.4%,26.2%,73.0
Rice,Zachary Daigre,All,374,57,85.5,95.5,99.2,12.3%,3.3°,3.2°,28.1,0.0%,0,0.36,.241,0.386,.344,61.4%,14.0%,19.3%,33.7%,52.6%,92.4%,17.1%,15.1%,92.0
Tennessee Tech,AJ Marchetti,All,194,35,80.5,96.9,101.5,17.1%,13.6°,13.5°,28.6,0.0%,0,0.341,.260,0.386,.312,48.6%,28.6%,17.1%,44.3%,63.9%,79.2%,29.7%,25.6%,89.0
Southern Indiana,Noah Foster,All,625,135,87.0,100.2,105.0,36.3%,5.3°,6.4°,28.1,0.0%,0,0.329,.285,0.386,.363,55.6%,16.3%,23.7%,41.3%,67.4%,89.6%,19.4%,15.9%,121.0
Stony Brook,Nick Zampieron,All,406,101,84.1,95.8,98.9,13.9%,4.1°,7.9°,34.7,0.0%,0,0.384,.320,0.386,.356,50.5%,14.9%,32.7%,45.8%,71.4%,91.7%,20.2%,15.6%,89.0
Fresno State,Brady Hewitt,All,773,120,89.9,104.2,108.7,40.8%,9.3°,8.1°,31.7,3.3%,4,0.304,.280,0.386,.366,45.8%,22.5%,28.3%,41.7%,64.5%,87.4%,24.5%,24.8%,107.0
USF,Bradke Lohry,All,735,132,89.3,101.4,108.0,36.4%,11.6°,8.9°,39.4,1.5%,2,0.309,.293,0.385,.392,38.6%,19.7%,34.8%,41.4%,69.4%,87.8%,16.8%,18.1%,131.0
Belmont,Jake Maddox,All,607,113,87.9,103.5,106.2,32.7%,6.4°,12.4°,33.6,7.1%,8,0.294,.256,0.385,.323,53.1%,16.8%,25.7%,50.7%,76.3%,79.2%,29.2%,32.5%,91.0
Cornell,Owen Carlson,All,496,88,88.4,101.0,106.9,27.3%,4.2°,3.7°,30.7,1.1%,1,0.295,.326,0.385,.411,55.7%,17.0%,27.3%,42.5%,68.0%,90.8%,21.4%,12.8%,127.0
South Dakota State,Owen Siegert,All,337,59,86.0,98.6,102.5,30.5%,15.1°,6.6°,37.3,1.7%,1,0.324,.351,0.385,.420,44.1%,18.6%,28.8%,43.3%,68.3%,93.8%,19.7%,10.3%,130.0
Mercyhurst,Dana Williams,All,53,7,81.7,93.3,95.7,14.3%,27.4°,34.1°,28.6,0.0%,0,0.25,.183,0.385,.274,14.3%,71.4%,14.3%,43.4%,77.3%,64.7%,19.4%,47.8%,122.0
Long Island,Michael Polubinski,All,123,26,87.3,101.0,102.8,34.6%,18.6°,11.8°,42.3,3.8%,1,0.308,.309,0.385,.403,26.9%,34.6%,30.8%,40.7%,68.0%,82.4%,21.9%,22.0%,86.0
Butler,Matthew Rhoades,All,828,107,89.8,105.2,111.4,45.8%,20.6°,15.5°,37.4,8.4%,9,0.272,.250,0.385,.356,29.9%,37.4%,21.5%,47.8%,68.0%,76.0%,32.6%,31.3%,79.0
Evansville,Spike Magill,All,757,106,85.3,101.5,106.1,34.9%,10.2°,7.2°,38.7,1.9%,2,0.284,.284,0.385,.391,39.6%,18.9%,34.0%,36.6%,58.1%,87.4%,21.3%,22.0%,93.0
Marshall,Tyler Kamerer,All,783,179,87.5,103.8,107.6,35.2%,3.4°,4.3°,26.3,2.2%,4,0.325,.283,0.385,.336,54.2%,15.6%,22.3%,42.4%,65.5%,96.2%,22.9%,11.1%,101.0
Louisville,Lucas Moore,All,1018,164,89.1,101.5,104.6,41.5%,7.0°,15.9°,38.4,6.1%,10,0.288,.292,0.385,.416,46.3%,21.3%,29.3%,37.8%,58.8%,88.0%,20.0%,20.8%,106.0
Milligan,Wyatt Heidle,All,71,12,84.0,91.9,101.0,8.3%,11.5°,14.1°,66.7,0.0%,0,0.389,.318,0.385,.340,25.0%,0.0%,66.7%,54.9%,68.8%,81.8%,43.6%,35.9%,25.0
High Point,Lane Allen,All,761,129,87.1,103.1,107.6,39.5%,17.1°,16.3°,39.5,7.0%,9,0.298,.277,0.385,.382,33.3%,33.3%,27.9%,43.6%,67.4%,82.0%,26.2%,28.0%,83.0
Brown,Alex Benevento,All,626,113,87.7,103.7,107.2,37.2%,14.7°,12.5°,35.4,3.5%,4,0.304,.293,0.385,.384,38.1%,27.4%,30.1%,43.8%,69.7%,86.4%,23.6%,24.8%,109.0
Harvard,Jordan Kang,All,541,85,91.6,103.2,104.7,50.6%,12.2°,15.5°,40.0,7.1%,6,0.27,.304,0.385,.444,38.8%,28.2%,28.2%,42.0%,69.9%,85.0%,19.9%,26.0%,118.0
East Tennessee State,Gabe Juarez,All,217,33,85.0,103.7,106.2,30.3%,14.2°,22.2°,33.3,9.1%,3,0.271,.241,0.385,.373,33.3%,39.4%,27.3%,44.2%,68.5%,85.7%,26.4%,27.1%,122.0
Grand Canyon,Camden Bates,All,432,73,86.0,98.3,100.6,20.5%,13.6°,13.7°,38.4,1.4%,1,0.345,.279,0.385,.340,41.1%,20.5%,30.1%,45.4%,66.8%,91.2%,29.0%,18.9%,111.0
Kent State,Alejandro Covas,All,475,92,85.8,101.9,105.2,30.4%,8.8°,9.6°,27.2,4.3%,4,0.327,.266,0.385,.331,50.0%,25.0%,21.7%,42.7%,60.3%,93.3%,30.1%,18.2%,82.0
Southeast Missouri,Demitri Shakotko,All,335,51,86.9,101.0,104.9,39.2%,10.3°,13.4°,25.5,3.9%,2,0.325,.184,0.385,.311,43.1%,31.4%,13.7%,43.3%,63.6%,85.7%,28.1%,19.3%,101.0
Penn State,Jack Porter,All,447,105,87.5,102.6,106.9,40.0%,17.1°,13.6°,31.4,3.8%,4,0.33,.286,0.384,.367,39.0%,32.4%,22.9%,48.8%,65.5%,92.5%,32.1%,16.1%,59.0
Georgia State,John Beverley,All,764,144,84.6,98.7,102.1,25.7%,2.3°,5.4°,31.9,0.7%,1,0.359,.252,0.384,.328,51.4%,17.4%,24.3%,48.3%,68.9%,84.5%,32.8%,25.5%,66.0
UTSA,Christian Hallmark,All,692,106,84.0,100.9,103.7,23.6%,2.6°,6.8°,30.2,0.9%,1,0.31,.209,0.384,.321,54.7%,17.9%,25.5%,44.5%,65.6%,87.0%,26.7%,19.5%,104.0
Ohio,Dylan Shepherd,All,437,71,88.5,99.3,104.8,36.6%,17.0°,13.2°,36.6,1.4%,1,0.305,.269,0.384,.345,35.2%,21.1%,32.4%,41.0%,66.0%,81.5%,20.4%,25.7%,104.0
Radford,Eli Hudgins,All,610,127,83.5,98.5,102.3,27.6%,10.5°,14.1°,35.4,0.8%,1,0.318,.271,0.384,.335,43.3%,27.6%,27.6%,47.2%,72.9%,90.2%,27.3%,20.1%,96.0
Samford,Gus Gandy,All,647,139,87.3,99.0,101.5,26.6%,10.3°,13.8°,36.0,1.4%,2,0.325,.272,0.384,.344,41.7%,25.2%,29.5%,50.4%,76.9%,93.4%,28.3%,16.6%,103.0
Pepperdine,Joshua Woodworth,All,572,98,91.9,106.1,111.5,52.0%,12.6°,14.1°,37.8,9.2%,9,0.302,.289,0.384,.382,39.8%,23.5%,31.6%,49.3%,69.5%,82.3%,35.1%,33.7%,53.0
Jackson State,Hederick G. Torres Horta,All,330,54,84.3,97.6,100.2,16.7%,7.0°,3.3°,33.3,0.0%,0,0.338,.254,0.384,.323,46.3%,25.9%,25.9%,39.7%,60.5%,88.5%,26.4%,19.1%,100.0
North Carolina,Gavin Gallaher,All,1031,191,91.9,106.3,108.9,57.1%,11.7°,12.4°,36.1,9.4%,18,0.28,.317,0.384,.436,42.4%,29.8%,25.1%,44.1%,69.4%,87.7%,24.8%,17.1%,90.0
Missouri State,Gabe Roessler,All,583,122,89.7,101.9,105.9,42.6%,14.9°,10.9°,34.4,2.5%,3,0.317,.314,0.384,.380,35.2%,31.1%,30.3%,47.7%,75.1%,87.6%,24.2%,22.3%,113.0
Texas,Ashton Larson,All,523,70,91.2,102.2,103.5,48.6%,14.8°,13.5°,35.7,0.0%,0,0.284,.280,0.384,.410,34.3%,27.1%,32.9%,40.3%,63.9%,88.4%,21.8%,20.9%,90.0
Mercer,Brant Baughcum,All,799,177,87.4,101.7,105.4,33.9%,15.3°,16.4°,32.8,2.3%,4,0.31,.298,0.384,.380,36.2%,31.6%,28.8%,50.1%,80.3%,86.4%,28.8%,20.5%,119.0
Troy,Drew Nelson,All,953,170,86.8,104.8,109.0,36.5%,2.7°,9.4°,27.6,8.2%,14,0.304,.283,0.384,.380,54.1%,21.8%,18.2%,42.6%,64.6%,88.0%,25.9%,20.7%,94.0
South Alabama,Brennon Wright,All,813,163,85.3,99.3,103.3,27.6%,0.1°,2.2°,28.2,0.6%,1,0.328,.305,0.384,.380,60.7%,14.7%,22.1%,39.1%,62.1%,93.4%,20.0%,7.2%,120.0
Maryland,Ty Kaunas,All,1054,142,89.9,102.9,105.6,36.6%,13.8°,17.1°,31.0,2.1%,3,0.281,.241,0.384,.350,40.1%,30.3%,25.4%,38.1%,57.0%,85.6%,22.8%,22.4%,98.0
Campbell,Andrew Schuldt,All,578,85,88.7,102.7,106.6,34.1%,19.7°,17.6°,40.0,5.9%,5,0.257,.283,0.384,.419,30.6%,31.8%,32.9%,37.5%,66.8%,86.3%,18.3%,20.3%,122.0
Charleston Southern,Nathan Martinez,All,728,116,82.1,97.9,101.8,16.4%,7.6°,12.1°,31.9,0.0%,0,0.324,.294,0.384,.390,49.1%,17.2%,26.7%,37.0%,60.3%,89.0%,20.6%,20.1%,138.0
Dayton,Alejandro Sardinas,All,185,30,87.8,97.6,99.8,20.0%,10.9°,18.2°,40.0,0.0%,0,0.3,.264,0.384,.371,43.3%,23.3%,33.3%,41.1%,70.8%,79.4%,13.5%,23.7%,125.0
Kent State,Grady Mee,All,359,35,90.0,101.9,104.3,40.0%,14.2°,15.0°,45.7,2.9%,1,0.267,.248,0.384,.371,25.7%,31.4%,40.0%,38.7%,67.3%,82.2%,18.2%,28.1%,120.0
Oregon,Burke Mabeus,All,610,117,88.8,108.2,112.3,39.3%,1.7°,11.0°,28.2,4.3%,5,0.283,.281,0.384,.379,54.7%,18.8%,20.5%,39.0%,62.6%,86.4%,20.3%,25.2%,102.0
Little Rock,Angel Cano,All,620,144,89.8,103.5,109.3,45.8%,9.6°,6.0°,27.8,4.2%,6,0.31,.313,0.384,.380,49.3%,25.7%,20.1%,52.6%,74.8%,88.4%,35.9%,18.4%,73.0
Iona,Kieran Kehoe,All,79,19,85.9,99.4,100.2,31.6%,3.2°,6.9°,36.8,0.0%,0,0.318,.261,0.384,.331,57.9%,15.8%,26.3%,53.2%,75.0%,90.0%,30.8%,21.4%,100.0
Oklahoma State,Sebastian Norman,All,401,66,89.6,110.6,114.6,47.0%,11.4°,7.8°,22.7,12.1%,8,0.269,.237,0.383,.340,42.4%,28.8%,18.2%,42.9%,64.1%,87.9%,25.5%,23.3%,90.0
Longwood,Ben Pulliam,All,806,133,87.3,104.2,108.8,39.8%,9.1°,18.0°,35.3,8.3%,11,0.295,.271,0.383,.373,45.9%,21.8%,27.8%,39.7%,57.2%,85.7%,25.1%,25.9%,92.0
Air Force,Luke Elmore,All,753,118,87.6,104.0,108.5,34.7%,11.6°,12.6°,33.9,5.1%,6,0.282,.273,0.383,.377,42.4%,27.1%,25.4%,41.0%,63.6%,85.4%,25.0%,25.2%,111.0
Wagner,Leo Doyle,All,46,10,88.2,96.9,97.2,20.0%,10.3°,23.0°,60.0,0.0%,0,0.214,.204,0.383,.248,30.0%,40.0%,20.0%,56.5%,74.1%,85.0%,31.6%,19.2%,105.0
Monmouth,Sam Saucke,All,466,65,88.7,100.0,101.5,38.5%,13.6°,11.6°,41.5,3.1%,2,0.281,.256,0.383,.360,41.5%,29.2%,27.7%,36.1%,60.7%,87.5%,13.2%,19.6%,114.0
Fresno State,Michael Boyd,All,652,118,81.6,98.4,102.8,24.6%,6.5°,12.6°,37.3,0.8%,1,0.272,.263,0.383,.356,44.9%,22.9%,28.0%,38.3%,59.7%,84.7%,23.0%,22.4%,119.0
Tarleton State,Sergio Guerra,All,562,112,83.5,98.9,107.2,24.1%,17.7°,14.0°,32.1,3.6%,4,0.311,.248,0.383,.313,39.3%,34.8%,19.6%,47.7%,72.2%,83.9%,25.7%,23.5%,113.0
Emmanuel (GA),Davis Roesler,All,92,12,85.1,98.7,99.8,25.0%,12.4°,2.2°,41.7,0.0%,0,0.278,.246,0.383,.356,41.7%,25.0%,33.3%,34.8%,54.5%,83.3%,23.7%,21.9%,131.0
High Point,Landen Johnson,All,855,135,91.0,105.3,109.2,40.7%,18.1°,14.6°,40.7,10.4%,14,0.276,.295,0.383,.424,27.4%,33.3%,32.6%,38.7%,60.2%,90.4%,22.9%,20.2%,97.0
Baylor,JJ Kennett,All,448,87,86.3,100.7,107.1,34.5%,2.9°,7.4°,27.6,2.3%,2,0.307,.282,0.383,.367,56.3%,17.2%,25.3%,42.6%,69.3%,85.9%,20.2%,20.9%,119.0
Bucknell,Garrison Bullock,All,70,8,90.4,104.8,106.0,37.5%,22.1°,18.4°,37.5,0.0%,0,0.2,.211,0.383,.311,12.5%,37.5%,37.5%,44.3%,64.3%,61.1%,31.0%,51.6%,101.0
Pittsburgh,Anthony LaSala,All,72,10,89.5,101.0,103.4,40.0%,-2.5°,-5.9°,20.0,10.0%,1,0.25,.225,0.383,.329,70.0%,10.0%,20.0%,31.9%,51.6%,93.8%,17.1%,4.3%,80.0
Long Island,Ryan Rivera,All,274,55,86.6,101.3,106.7,30.9%,8.8°,12.8°,40.0,5.5%,3,0.302,.288,0.383,.370,40.0%,23.6%,30.9%,44.5%,69.8%,93.8%,25.9%,14.8%,112.0
UL Monroe,Sutton Lewis,All,212,24,96.2,107.2,110.4,62.5%,7.8°,12.5°,41.7,20.8%,5,0.273,.242,0.383,.373,45.8%,16.7%,29.2%,47.2%,66.7%,79.7%,31.0%,40.0%,82.0
Fairfield,Matthew Bucciero,All,209,34,91.4,107.7,111.3,58.8%,10.6°,16.4°,29.4,8.8%,3,0.304,.311,0.382,.422,41.2%,29.4%,23.5%,41.1%,60.9%,79.2%,27.0%,33.7%,96.0
Connecticut,Bryce Detwiler,All,127,14,84.9,109.1,110.8,42.9%,9.2°,9.1°,28.6,14.3%,2,0.28,.226,0.382,.327,42.9%,28.6%,21.4%,45.7%,77.6%,64.4%,18.8%,41.4%,99.0
UTSA,Josh Arquette,All,409,87,84.8,101.5,110.3,27.6%,8.4°,11.0°,25.3,4.6%,4,0.29,.257,0.382,.341,49.4%,28.7%,19.5%,47.4%,74.9%,88.1%,26.1%,21.6%,81.0
Valparaiso,Louie Kegerreis,All,385,76,87.8,103.1,107.7,42.1%,8.8°,7.6°,34.2,3.9%,3,0.33,.265,0.382,.326,51.3%,21.1%,23.7%,53.8%,79.1%,83.8%,33.3%,26.6%,92.0
Ball State,Jack Bakus,All,111,16,82.4,101.1,101.8,25.0%,8.2°,19.7°,43.8,6.2%,1,0.318,.325,0.382,.439,43.8%,18.8%,31.2%,40.5%,73.2%,80.0%,21.4%,24.4%,95.0
Boston College,Ty Mainolfi,All,824,166,90.1,106.8,112.5,40.4%,-2.3°,1.3°,25.9,3.6%,6,0.312,.293,0.382,.372,62.7%,13.9%,18.7%,41.4%,64.4%,91.7%,22.1%,14.7%,92.0
Miami (OH),Ignacio Gonzalez,All,708,108,90.2,103.4,108.1,44.4%,5.9°,9.5°,32.4,8.3%,9,0.277,.249,0.382,.352,52.8%,19.4%,21.3%,40.1%,61.6%,81.7%,25.0%,27.1%,114.0
Tusculum,Jake Absher,All,111,18,82.5,96.2,99.6,11.1%,-1.6°,6.2°,22.2,0.0%,0,0.25,.240,0.382,.361,55.6%,16.7%,22.2%,34.2%,62.9%,81.8%,21.1%,26.3%,139.0
James Madison,Kyle Langley,All,733,141,88.1,102.3,108.0,37.6%,3.3°,4.3°,29.8,0.7%,1,0.337,.282,0.382,.361,51.8%,16.3%,27.7%,37.8%,63.0%,91.7%,17.5%,17.0%,102.0
Stetson,Yohann Dessureault,All,745,133,93.0,108.3,111.8,52.6%,10.9°,10.0°,36.8,8.3%,11,0.303,.331,0.382,.427,41.4%,24.1%,28.6%,49.0%,67.2%,83.3%,34.6%,26.0%,64.0
Belmont,Landon Godsey,All,697,121,88.4,100.3,107.0,34.7%,22.0°,22.6°,50.4,4.1%,5,0.296,.249,0.382,.344,24.0%,27.3%,38.0%,47.2%,76.2%,78.2%,22.8%,30.1%,122.0
Wake Forest,Matt Conte,All,878,157,88.5,106.6,111.1,32.5%,10.2°,9.5°,36.3,7.6%,12,0.275,.296,0.382,.394,43.3%,28.0%,24.8%,47.7%,69.6%,85.6%,29.6%,25.3%,75.0
Pomona-Pitzer,Peter Savas,All,156,25,79.9,92.7,99.9,4.0%,8.5°,24.6°,36.0,0.0%,0,0.25,.226,0.382,.367,56.0%,20.0%,20.0%,29.5%,56.1%,91.9%,10.0%,8.7%,147.0
Alabama,Justin Lebron,All,896,153,92.3,106.1,110.5,53.6%,9.0°,15.4°,29.4,10.5%,16,0.264,.293,0.382,.416,45.1%,24.2%,25.5%,44.9%,71.0%,81.2%,23.4%,26.9%,97.0
Stanford,Cort MacDonald,All,593,113,86.2,100.8,105.9,31.9%,8.1°,8.1°,34.5,0.0%,0,0.336,.321,0.382,.368,47.8%,16.8%,30.1%,49.1%,67.9%,88.8%,34.1%,20.3%,49.0
Butler,Danny Gavin,All,685,87,85.6,105.1,109.5,31.0%,-0.4°,10.1°,29.9,8.0%,7,0.271,.260,0.382,.394,59.8%,12.6%,23.0%,35.9%,58.7%,83.1%,16.9%,26.4%,108.0
Stetson,Foster Apple,All,657,105,89.6,103.6,107.0,42.9%,10.5°,9.9°,34.3,4.8%,5,0.294,.294,0.382,.397,43.8%,25.7%,25.7%,42.3%,63.8%,86.3%,23.3%,28.4%,107.0
William Carey,Franklin Hernandez,All,204,33,81.9,100.5,101.1,27.3%,13.3°,15.3°,45.5,0.0%,0,0.256,.287,0.382,.421,39.4%,15.2%,36.4%,33.3%,67.1%,89.1%,10.7%,20.6%,154.0
UT Martin,Cameron Greene,All,289,39,87.5,102.4,105.5,30.8%,7.4°,17.5°,38.5,2.6%,1,0.274,.215,0.381,.304,43.6%,23.1%,25.6%,39.8%,58.5%,78.3%,21.8%,30.4%,87.0
West Georgia,Anthony J Cole,All,495,70,88.7,107.1,111.3,37.1%,10.2°,11.0°,31.4,10.0%,7,0.257,.240,0.381,.356,41.4%,24.3%,25.7%,42.6%,63.4%,74.8%,27.0%,37.0%,74.0
Virginia,Zach Jackson,All,783,92,92.3,106.8,109.5,52.2%,7.4°,14.0°,43.5,14.1%,13,0.247,.271,0.381,.422,44.6%,22.8%,28.3%,39.5%,61.5%,74.6%,20.3%,33.0%,92.0
CSU Bakersfield,Kanoa Morisaki,All,609,87,86.7,103.8,106.6,36.8%,19.8°,15.1°,40.2,6.9%,6,0.262,.264,0.381,.385,28.7%,36.8%,31.0%,36.1%,57.2%,86.8%,20.0%,25.5%,109.0
San Diego State,Max Farrell,All,900,156,87.9,103.7,108.3,38.5%,17.4°,15.5°,35.3,4.5%,7,0.293,.263,0.381,.360,35.9%,31.4%,28.2%,42.1%,63.0%,89.6%,25.7%,21.4%,87.0
VMI,Cole Cook,All,746,85,86.4,101.4,106.7,25.9%,8.6°,10.8°,31.8,3.5%,3,0.252,.185,0.381,.322,42.4%,30.6%,24.7%,34.3%,58.5%,78.7%,16.9%,30.9%,117.0
Santa Clara,Max Ross,All,731,129,86.2,104.0,107.4,35.7%,13.6°,11.7°,26.4,4.7%,6,0.294,.247,0.381,.330,43.4%,32.6%,19.4%,44.0%,68.6%,87.3%,24.7%,22.0%,96.0
Iona,Malachi Costello,All,172,35,86.5,101.4,103.0,37.1%,1.8°,8.5°,22.9,2.9%,1,0.286,.261,0.381,.348,60.0%,17.1%,17.1%,48.8%,79.0%,82.8%,22.0%,19.0%,154.0
Richmond,RJ Rickabaugh,All,516,72,88.0,102.4,107.7,37.5%,14.2°,19.9°,31.9,5.6%,4,0.277,.265,0.381,.386,41.7%,30.6%,25.0%,42.1%,71.7%,84.4%,22.5%,28.6%,121.0
Houston,Carsten Sabathia,All,392,62,87.8,103.0,110.9,37.1%,15.5°,14.0°,35.5,8.1%,5,0.279,.277,0.381,.378,35.5%,35.5%,25.8%,45.9%,64.9%,78.8%,30.7%,28.3%,68.0
Omaha,Chase Diggins,All,502,94,86.7,98.1,100.4,18.1%,7.8°,6.1°,31.9,0.0%,0,0.324,.283,0.381,.363,46.8%,21.3%,26.6%,43.2%,65.4%,90.2%,23.9%,16.6%,100.0
Virginia Tech,Nick Locurto,All,846,141,87.9,102.7,106.1,38.3%,1.5°,10.8°,31.9,1.4%,2,0.285,.288,0.381,.381,55.3%,17.7%,23.4%,37.0%,56.6%,89.0%,17.9%,18.5%,99.0
Coastal Carolina,Dean Mihos,All,1032,185,88.7,103.2,107.2,39.5%,12.3°,10.9°,33.0,3.2%,6,0.311,.270,0.381,.350,43.8%,31.4%,21.1%,45.1%,65.7%,84.6%,28.2%,21.7%,76.0
Lipscomb,Hutson Miles,All,723,136,83.9,97.4,102.2,19.1%,6.1°,12.2°,35.3,0.0%,0,0.347,.264,0.381,.333,44.9%,16.2%,31.6%,46.9%,67.9%,83.9%,31.8%,22.1%,107.0
Washington State,Ryan Skjonsby,All,416,75,86.4,102.6,106.4,34.7%,9.7°,11.9°,29.3,4.0%,3,0.295,.269,0.381,.356,52.0%,20.0%,24.0%,43.3%,64.3%,86.6%,26.4%,23.3%,90.0
Duke,Tyler Albright,All,865,87,88.8,104.1,107.1,43.7%,5.8°,9.4°,25.3,5.7%,5,0.239,.230,0.381,.404,48.3%,14.9%,24.1%,32.0%,56.8%,71.9%,11.8%,30.3%,113.0
USC Upstate,Johnny Sweeney,All,845,122,88.4,104.6,110.0,32.0%,18.9°,15.4°,36.9,7.4%,9,0.258,.226,0.381,.348,28.7%,44.3%,24.6%,40.4%,63.5%,84.5%,24.4%,23.2%,106.0
UTSA,Andrew Stucky,All,874,133,88.1,105.0,108.4,42.9%,22.1°,17.3°,35.3,10.5%,14,0.269,.288,0.381,.419,30.1%,41.4%,24.1%,39.9%,61.4%,85.4%,22.7%,23.8%,112.0
Longwood,Jaedan Carter,All,741,143,89.8,101.8,104.1,39.2%,13.5°,12.1°,36.4,2.1%,3,0.293,.297,0.381,.403,40.6%,28.0%,27.3%,33.7%,55.1%,89.7%,14.2%,16.4%,107.0
Kansas,Brady Ballinger,All,813,140,89.1,103.9,112.0,44.3%,20.7°,20.5°,35.7,10.7%,15,0.277,.288,0.381,.429,29.3%,45.0%,23.6%,42.8%,68.4%,82.8%,23.7%,23.0%,106.0
Little Rock,Easton Roe,All,374,72,85.6,99.9,104.5,31.9%,6.3°,6.3°,30.6,0.0%,0,0.337,.284,0.381,.334,45.8%,23.6%,27.8%,48.7%,72.2%,83.6%,29.3%,27.5%,101.0
Maine,Hunter St. Denis,All,554,106,89.5,104.9,108.7,37.7%,15.1°,14.9°,40.6,9.4%,10,0.288,.313,0.381,.430,34.0%,23.6%,31.1%,48.4%,70.0%,82.3%,30.6%,22.0%,78.0
Creighton,Teddy Deters,All,906,129,87.9,105.9,109.6,43.4%,5.9°,7.2°,24.8,7.0%,9,0.275,.260,0.38,.368,52.7%,24.8%,18.6%,41.6%,60.4%,81.0%,25.6%,25.7%,102.0
Kansas,Max Soliz,All,260,45,91.4,106.0,110.7,44.4%,24.7°,20.7°,51.1,15.6%,7,0.246,.303,0.38,.451,17.8%,31.1%,37.8%,42.7%,59.5%,79.2%,28.1%,28.8%,84.0
Milwaukee,Bradyn Horn,All,474,78,89.2,101.0,105.0,38.5%,14.3°,6.0°,34.6,3.8%,3,0.3,.291,0.38,.376,41.0%,30.8%,23.1%,42.8%,68.6%,88.7%,20.5%,17.2%,117.0
Nebraska,Jeter Worthley,All,719,124,88.5,101.6,104.0,37.1%,-4.1°,2.6°,21.8,0.8%,1,0.327,.281,0.38,.333,66.9%,9.7%,20.2%,39.2%,52.7%,90.3%,27.6%,15.2%,76.0
Columbia,Jimmy Chadwell,All,652,110,87.8,98.6,104.1,32.7%,2.2°,2.7°,30.0,0.9%,1,0.313,.297,0.38,.367,57.3%,12.7%,26.4%,37.4%,58.0%,93.8%,19.3%,16.0%,114.0
Merrimack,Brett McKinnon,All,127,14,85.3,98.3,101.1,28.6%,7.3°,16.9°,28.6,0.0%,0,0.238,.192,0.38,.346,42.9%,21.4%,21.4%,38.6%,57.1%,84.4%,23.9%,24.5%,89.0
UC San Diego,Anthony Potestio,All,956,150,88.6,102.9,106.2,41.3%,10.2°,14.3°,42.7,6.7%,10,0.293,.337,0.38,.444,42.0%,25.3%,31.3%,34.3%,56.4%,90.3%,14.2%,16.5%,113.0
Houston,Tyler Cox,All,770,159,85.4,99.3,103.8,23.3%,6.8°,8.3°,35.2,0.0%,0,0.343,.325,0.38,.390,47.8%,19.5%,30.8%,39.2%,59.0%,97.7%,20.8%,7.0%,95.0
Cal Poly,Dylan Kordic,All,662,109,92.0,106.0,111.6,50.5%,13.9°,14.0°,29.4,9.2%,10,0.267,.283,0.38,.396,41.3%,34.9%,19.3%,40.6%,63.2%,84.2%,22.9%,21.6%,101.0
CSU Bakersfield,Evan Cloyd,All,740,138,86.8,103.9,110.3,37.7%,12.1°,19.1°,41.3,10.1%,14,0.306,.342,0.38,.471,40.6%,31.2%,26.1%,47.3%,77.7%,86.6%,23.2%,20.0%,117.0
Ave Maria,Kyle Magdic,All,314,67,84.6,100.5,102.9,26.9%,6.8°,14.5°,35.8,1.5%,1,0.288,.308,0.38,.365,43.3%,13.4%,35.8%,50.6%,76.2%,83.5%,29.2%,21.4%,86.0
Omaha,Cardel Dick,All,403,72,86.4,102.7,104.8,34.7%,13.1°,16.0°,40.3,12.5%,9,0.27,.296,0.38,.410,41.7%,34.7%,23.6%,42.4%,67.7%,83.8%,19.4%,21.1%,102.0
Stony Brook,Nick Dromboski,All,429,77,83.7,99.2,102.8,26.0%,5.3°,11.0°,29.9,0.0%,0,0.32,.257,0.38,.327,49.4%,20.8%,23.4%,40.8%,66.3%,89.5%,21.1%,18.3%,105.0
Miami,Gabriel Milano,All,272,60,88.4,101.3,104.3,30.0%,11.4°,17.5°,36.7,3.3%,2,0.319,.263,0.38,.334,45.0%,26.7%,23.3%,52.6%,79.2%,86.4%,28.2%,19.6%,87.0
FGCU,Tyler Herb,All,314,43,84.2,98.8,101.0,20.9%,16.5°,12.3°,46.5,0.0%,0,0.327,.293,0.38,.369,34.9%,27.9%,37.2%,41.4%,67.6%,88.5%,19.8%,16.9%,114.0
Utah Valley,Mason Hamlin,All,671,107,89.4,102.8,107.5,45.8%,11.7°,10.5°,30.8,4.7%,5,0.279,.271,0.38,.369,42.1%,21.5%,24.3%,35.0%,56.9%,89.1%,16.7%,16.6%,113.0
Louisiana,Joshua Lim,All,218,30,85.2,102.0,105.7,43.3%,1.5°,5.9°,40.0,3.3%,1,0.327,.227,0.38,.325,53.3%,10.0%,33.3%,43.1%,66.0%,82.8%,24.8%,25.5%,79.0
Texas State,Jackson Cotton,All,813,95,90.1,107.8,110.7,45.3%,15.3°,15.1°,37.9,11.6%,11,0.239,.235,0.38,.368,34.7%,28.4%,28.4%,39.7%,57.6%,76.3%,27.1%,36.5%,74.0
Missouri State,Charlie Carter,All,220,32,90.3,107.3,109.4,40.6%,3.4°,11.7°,21.9,15.6%,5,0.286,.231,0.379,.375,59.4%,21.9%,9.4%,45.9%,59.6%,76.8%,35.7%,39.6%,66.0
Arkansas,Carter Rutenbar,All,700,96,87.5,105.8,108.3,37.5%,-0.3°,8.1°,32.3,3.1%,3,0.295,.279,0.379,.374,57.3%,16.7%,24.0%,39.9%,60.7%,83.7%,22.0%,25.1%,101.0
Dallas Baptist,Ryan Martin,All,803,146,91.7,108.8,113.6,47.9%,16.4°,18.9°,37.7,12.3%,18,0.269,.312,0.379,.466,30.8%,34.9%,28.1%,43.7%,66.1%,85.9%,28.7%,23.1%,81.0
Stanford,Nolan Stoll,All,215,27,85.8,100.7,102.1,44.4%,-7.6°,7.0°,29.6,0.0%,0,0.256,.205,0.379,.320,63.0%,14.8%,22.2%,43.3%,65.9%,85.0%,26.6%,29.0%,82.0
Florida,Hayden Yost,All,388,70,90.3,105.3,110.3,45.7%,23.1°,24.5°,28.6,10.0%,7,0.247,.257,0.379,.395,28.6%,42.9%,14.3%,41.8%,66.1%,87.8%,22.0%,21.0%,114.0
Michigan State,Khamaree Thomas,All,763,136,83.8,99.2,103.4,25.7%,4.9°,6.4°,28.7,0.0%,0,0.325,.281,0.379,.345,55.1%,17.6%,22.8%,44.2%,69.9%,90.0%,21.6%,16.3%,123.0
UMBC,Danny Orr,All,579,125,90.3,104.1,106.7,39.2%,10.5°,12.4°,36.0,4.8%,6,0.318,.318,0.379,.405,37.6%,22.4%,32.8%,50.9%,78.0%,83.5%,31.7%,24.7%,84.0
Georgia,Cole Johnson,All,293,54,89.5,98.7,103.5,44.4%,19.2°,13.5°,42.6,1.9%,1,0.309,.312,0.379,.391,29.6%,31.5%,37.0%,49.1%,71.4%,79.0%,26.7%,25.0%,96.0
Abilene Christian,Brady Ladusau,All,570,94,84.2,97.9,104.9,18.1%,13.6°,12.1°,40.4,3.2%,3,0.3,.242,0.379,.321,35.1%,29.8%,24.5%,41.2%,59.2%,90.8%,28.3%,20.4%,87.0
Maine,Quinn Murphy,All,474,87,89.6,103.4,106.1,44.8%,8.5°,14.2°,42.5,4.6%,4,0.304,.304,0.379,.390,34.5%,20.7%,37.9%,43.5%,68.4%,89.4%,19.2%,15.0%,101.0
Saint Mary's (CA),Dario Freschi,All,209,35,86.7,101.9,108.3,34.3%,12.5°,11.1°,42.9,2.9%,1,0.302,.312,0.379,.391,34.3%,22.9%,37.1%,38.3%,62.4%,89.7%,19.0%,15.0%,93.0
CSU Bakersfield,Elgin Bennett,All,591,85,89.0,106.3,109.4,47.1%,3.8°,9.5°,31.8,10.6%,9,0.27,.277,0.379,.387,50.6%,21.2%,25.9%,37.6%,58.1%,83.9%,20.7%,25.7%,90.0
Incarnate Word,Drake Anderson,All,740,118,86.0,99.4,101.9,24.6%,18.5°,16.3°,38.1,2.5%,3,0.302,.258,0.379,.354,28.8%,35.6%,30.5%,38.1%,62.4%,89.5%,18.0%,16.7%,127.0
Coastal Carolina,Brice Estep,All,610,64,89.3,103.5,108.6,50.0%,26.0°,17.7°,40.6,7.8%,5,0.244,.273,0.379,.401,21.9%,37.5%,29.7%,34.3%,52.1%,86.4%,18.9%,19.6%,68.0
Toledo,Jackson Hiatt,All,142,17,92.1,106.7,109.5,41.2%,3.0°,11.7°,58.8,11.8%,2,0.281,.251,0.379,.338,41.2%,5.9%,52.9%,38.7%,56.1%,81.2%,27.1%,43.6%,37.0
Stanford,Ethan Hott,All,244,46,87.1,99.9,104.4,34.8%,8.3°,11.4°,39.1,0.0%,0,0.327,.320,0.379,.396,50.0%,19.6%,30.4%,48.8%,76.0%,87.0%,22.0%,18.5%,111.0
Coastal Carolina,Jordan Taylor,All,454,57,91.2,104.6,106.7,52.6%,14.4°,11.6°,38.6,14.0%,8,0.264,.256,0.379,.393,36.8%,33.3%,26.3%,42.3%,65.0%,75.0%,24.9%,39.1%,79.0
Bradley,Angelo Aleman,All,284,27,81.6,99.2,105.5,29.6%,7.9°,17.1°,40.7,7.4%,2,0.24,.193,0.379,.336,48.1%,22.2%,25.9%,38.0%,58.7%,67.2%,25.1%,48.1%,104.0
UC San Diego,J.C. Allen,All,857,140,91.0,105.6,108.5,44.3%,12.4°,10.6°,35.0,8.6%,12,0.288,.272,0.379,.369,43.6%,20.7%,29.3%,45.3%,69.7%,79.6%,25.3%,26.3%,105.0
Seton Hall,Nick Tomasetto,All,490,78,88.7,103.7,106.4,37.2%,7.2°,13.9°,37.2,6.4%,5,0.283,.291,0.379,.386,44.9%,20.5%,30.8%,43.5%,64.1%,91.6%,26.2%,21.6%,81.0
Saint Joseph's,Richard Beggy,All,764,149,86.9,102.6,106.3,36.2%,8.1°,12.6°,34.2,2.7%,4,0.31,.312,0.379,.388,47.0%,22.8%,26.8%,45.2%,68.9%,87.5%,27.6%,22.0%,96.0
Ole Miss,Dominic Decker,All,1007,155,88.7,98.7,102.2,29.7%,11.9°,12.4°,39.4,1.9%,3,0.269,.263,0.379,.387,40.6%,28.4%,29.0%,33.3%,57.6%,88.2%,11.8%,17.3%,121.0
Eastern Michigan,Devan Zirwas,All,872,149,91.1,107.8,112.7,49.0%,14.7°,13.9°,38.9,13.4%,20,0.247,.300,0.379,.437,39.6%,30.9%,25.5%,39.0%,61.4%,86.0%,20.4%,17.1%,102.0
SIUE,Chase Bloomer,All,517,103,89.3,103.9,106.2,37.9%,14.4°,11.7°,26.2,5.8%,6,0.303,.279,0.379,.392,39.8%,42.7%,15.5%,43.3%,65.9%,87.1%,27.8%,21.0%,100.0
St. John's,Jon LeGrande,All,884,169,87.2,99.2,103.4,27.8%,10.9°,8.3°,36.1,3.0%,5,0.315,.290,0.379,.364,46.7%,24.9%,25.4%,43.6%,72.1%,86.6%,21.6%,18.7%,121.0
St. Thomas (FL),Luis Suarez,All,405,88,81.9,95.8,99.3,13.6%,1.9°,4.9°,33.0,0.0%,0,0.333,.323,0.379,.378,54.5%,15.9%,28.4%,43.7%,67.5%,95.5%,27.7%,10.7%,110.0
Southeast Missouri,Joe Terranova,All,349,46,87.0,102.8,108.5,41.3%,11.1°,16.6°,41.3,8.7%,4,0.258,.282,0.379,.417,41.3%,21.7%,32.6%,40.7%,61.7%,86.3%,24.1%,18.3%,99.0
Arkansas State,Ashton Quiller,All,829,157,86.6,104.9,110.2,38.2%,8.4°,10.9°,29.9,3.2%,5,0.323,.280,0.379,.349,47.8%,24.2%,22.9%,56.5%,78.0%,84.8%,39.7%,24.1%,68.0
Washington State,Ollie Obenour,All,241,34,88.5,99.8,101.2,32.4%,10.4°,20.8°,41.2,5.9%,2,0.265,.228,0.379,.334,41.2%,26.5%,26.5%,36.9%,61.9%,84.6%,17.6%,25.8%,111.0
Indiana State,Marcelino Alonso,All,100,12,87.3,99.4,103.9,41.7%,21.8°,15.2°,33.3,0.0%,0,0.286,.150,0.379,.280,41.7%,25.0%,16.7%,40.0%,46.5%,90.0%,35.1%,35.0%,59.0
Penn,Jay Secretarski,All,670,102,91.6,104.4,108.4,46.1%,19.6°,14.3°,38.2,4.9%,5,0.285,.289,0.379,.422,28.4%,33.3%,31.4%,39.7%,63.8%,86.1%,23.3%,21.1%,90.0
Kennesaw State,James McGee,All,652,108,87.5,103.9,108.2,39.8%,10.4°,8.5°,36.1,4.6%,5,0.254,.294,0.378,.418,44.4%,25.9%,25.0%,38.7%,60.9%,88.4%,21.5%,18.7%,96.0
Ball State,Huston Dunn,All,34,5,72.4,95.0,99.9,20.0%,-18.5°,20.1°,20.0,0.0%,0,0.286,.141,0.378,.238,60.0%,20.0%,20.0%,47.1%,80.0%,50.0%,21.1%,50.0%,116.0
Arizona State,Austen Roellig,All,786,159,89.2,103.1,107.2,40.9%,5.3°,6.5°,25.8,2.5%,4,0.324,.291,0.378,.372,53.5%,19.5%,20.1%,43.0%,65.6%,90.2%,25.5%,18.0%,76.0
Virginia,Kyle Johnson,All,524,55,94.8,107.6,110.9,58.2%,20.8°,20.5°,40.0,23.6%,13,0.225,.233,0.378,.411,29.1%,36.4%,25.5%,42.6%,69.3%,60.9%,19.3%,46.2%,115.0
Rice,JC Davis,All,709,164,86.9,99.7,104.3,28.0%,10.9°,5.3°,29.9,1.8%,3,0.328,.290,0.378,.356,49.4%,23.2%,20.7%,42.3%,57.1%,94.7%,29.4%,11.0%,76.0
Arkansas State,Lane Walton,All,853,131,90.4,103.7,109.2,43.5%,12.5°,16.5°,37.4,9.9%,13,0.266,.273,0.378,.381,42.0%,30.5%,25.2%,49.1%,73.2%,79.3%,30.8%,29.6%,70.0
San Diego State,Jabin Trosky,All,837,185,83.1,95.2,99.0,9.7%,3.3°,6.7°,38.9,0.0%,0,0.343,.312,0.378,.353,55.7%,13.5%,29.7%,44.7%,66.3%,96.1%,26.4%,9.1%,104.0
Houston,Xavier Perez,All,764,141,92.1,106.5,109.9,52.5%,11.9°,18.7°,41.1,16.3%,23,0.296,.334,0.378,.469,37.6%,29.1%,29.8%,50.4%,69.0%,80.1%,33.5%,26.0%,86.0
Wofford,Cade Collins,All,887,134,87.0,101.1,106.2,32.1%,18.0°,13.5°,36.6,0.7%,1,0.278,.249,0.378,.372,35.1%,30.6%,25.4%,37.3%,58.5%,88.7%,20.4%,16.0%,112.0
New Mexico State,Aidan Lombardi,All,349,59,87.2,99.7,103.7,28.8%,13.0°,8.4°,35.6,1.7%,1,0.278,.267,0.378,.357,37.3%,27.1%,33.9%,40.4%,62.7%,83.7%,20.2%,26.2%,113.0
Florida State,Nathan Cmeyla,All,471,99,90.5,106.4,109.4,48.5%,4.8°,7.4°,30.3,9.1%,9,0.322,.291,0.378,.390,50.5%,20.2%,20.2%,48.0%,63.3%,88.8%,32.0%,23.5%,77.0
Anderson (SC),Brooks Mauro,All,218,29,82.8,98.0,100.2,17.2%,16.1°,13.2°,13.8,0.0%,0,0.282,.151,0.378,.254,44.8%,37.9%,13.8%,32.6%,50.6%,79.5%,20.6%,23.9%,128.0
Central Michigan,Harrison Bowman,All,565,100,92.3,104.5,107.9,45.0%,16.6°,13.7°,32.0,10.0%,10,0.299,.292,0.378,.410,35.0%,26.0%,25.0%,47.6%,76.4%,80.3%,25.4%,26.4%,98.0
USC Upstate,Jake Armsey,All,944,139,85.4,99.3,104.5,28.8%,8.0°,16.0°,43.2,2.9%,4,0.293,.268,0.378,.364,45.3%,18.0%,35.3%,37.1%,60.5%,81.3%,16.5%,23.1%,117.0
San Diego,Gabe Springer,All,662,74,83.6,100.8,108.5,31.1%,11.6°,17.6°,31.1,5.4%,4,0.25,.213,0.378,.336,43.2%,28.4%,21.6%,38.1%,58.5%,81.7%,22.3%,29.0%,102.0
Georgia State,Cole Griffith,All,577,83,90.3,104.3,105.3,47.0%,16.8°,19.3°,44.6,9.6%,8,0.302,.272,0.378,.377,30.1%,32.5%,33.7%,45.1%,67.1%,79.6%,28.4%,33.1%,103.0
James Madison,Clay Thompson,All,593,127,89.0,104.0,106.7,40.9%,8.3°,5.2°,29.9,5.5%,7,0.316,.283,0.378,.350,48.0%,22.8%,22.8%,42.3%,64.7%,93.7%,23.8%,15.9%,76.0
East Carolina,Brayden Bachman,All,177,34,87.5,105.1,106.4,44.1%,7.1°,10.8°,41.2,2.9%,1,0.282,.291,0.378,.379,41.2%,14.7%,35.3%,45.2%,70.5%,85.5%,25.3%,23.8%,111.0
Charleston Southern,Chandler Tuupo,All,604,105,86.1,101.8,108.1,31.4%,11.7°,8.6°,30.5,3.8%,4,0.32,.279,0.378,.350,43.8%,20.0%,24.8%,45.2%,65.4%,90.1%,32.7%,19.0%,96.0
Austin Peay,Paris Pridgen,All,782,91,83.0,99.3,103.8,25.3%,13.8°,9.5°,31.9,0.0%,0,0.31,.190,0.378,.296,38.5%,30.8%,26.4%,43.7%,64.8%,81.3%,26.9%,27.8%,82.0
South Alabama,Blake Guerin,All,833,122,92.2,107.6,113.9,48.4%,21.1°,19.3°,41.0,15.6%,19,0.255,.269,0.378,.404,30.3%,35.2%,25.4%,53.3%,78.5%,70.3%,36.0%,40.1%,85.0
Penn,Ryan Taylor,All,652,95,90.0,101.6,103.7,46.3%,7.4°,11.4°,36.8,1.1%,1,0.273,.275,0.378,.397,45.3%,22.1%,29.5%,37.6%,61.9%,80.0%,15.9%,24.5%,124.0
Fairfield,TJ Schmalzle,All,238,42,86.0,104.4,111.8,33.3%,16.3°,15.8°,31.0,9.5%,4,0.273,.260,0.378,.341,38.1%,23.8%,26.2%,46.2%,64.1%,90.2%,25.5%,11.8%,99.0
Alabama,Johnny Lemm,All,837,123,89.6,110.7,115.4,46.3%,8.9°,8.7°,37.4,13.8%,17,0.247,.279,0.378,.414,46.3%,25.2%,25.2%,39.7%,62.6%,81.5%,20.6%,26.5%,101.0
Little Rock,Trey Hill,All,238,45,85.7,101.9,105.3,42.2%,11.1°,18.9°,33.3,6.7%,3,0.293,.269,0.378,.366,40.0%,22.2%,26.7%,53.4%,79.6%,74.4%,33.3%,30.7%,92.0
Florida Atlantic,Kyle Boylston,All,590,93,86.7,102.1,107.9,33.3%,6.7°,11.7°,29.0,3.2%,3,0.291,.267,0.378,.362,49.5%,23.7%,24.7%,40.8%,65.0%,85.6%,22.2%,25.7%,108.0
Air Force,Cole Jenkins,All,152,30,91.2,103.1,103.6,50.0%,14.3°,15.8°,40.0,6.7%,2,0.297,.316,0.378,.397,36.7%,33.3%,26.7%,57.2%,82.5%,88.5%,39.3%,27.6%,108.0
Xavier (LA),Kai Higginson,All,40,5,90.0,98.1,98.9,60.0%,20.9°,2.7°,60.0,0.0%,0,0.286,.177,0.378,.221,40.0%,20.0%,20.0%,47.5%,70.6%,91.7%,30.4%,15.8%,90.0
Alabama A&M,Miles Jackson,All,95,13,71.2,92.5,93.4,0.0%,1.1°,-,30.8,0.0%,0,0.333,.172,0.377,.276,53.8%,23.1%,15.4%,45.3%,68.4%,92.3%,29.8%,11.6%,94.0
Mississippi State,Aidan Teel,All,699,100,85.1,102.6,107.4,31.0%,15.2°,14.8°,34.0,6.0%,6,0.292,.251,0.377,.355,45.0%,28.0%,21.0%,42.6%,67.1%,87.0%,21.8%,23.2%,101.0
The Citadel,Christian Stratis,All,541,105,86.2,103.3,107.1,27.6%,7.4°,9.9°,31.4,1.9%,2,0.344,.278,0.377,.335,46.7%,21.9%,27.6%,43.8%,63.0%,94.0%,28.7%,15.6%,81.0
Lindenwood,Jake Radosevich,All,718,131,89.6,105.1,109.2,44.3%,17.1°,14.9°,35.9,4.6%,6,0.278,.298,0.377,.416,33.6%,31.3%,27.5%,43.5%,68.7%,86.2%,23.6%,19.6%,104.0
Longwood,Jack McMullan,All,628,84,84.3,99.7,101.0,35.7%,4.7°,15.4°,36.9,3.6%,3,0.279,.244,0.377,.345,48.8%,25.0%,22.6%,38.1%,55.6%,86.4%,24.2%,23.0%,82.0
UTRGV,Julius Ramirez,All,773,138,89.9,105.2,109.9,42.0%,14.5°,12.2°,38.4,8.0%,11,0.291,.286,0.377,.383,35.5%,31.2%,28.3%,42.3%,64.7%,83.9%,24.1%,25.1%,90.0
Ohio,Brady Alexander,All,165,31,83.9,100.5,104.8,32.3%,6.6°,11.3°,29.0,0.0%,0,0.341,.236,0.377,.278,51.6%,19.4%,22.6%,47.9%,71.6%,84.9%,28.6%,24.1%,118.0
Binghamton,Grant Hunter,All,342,47,86.6,107.2,110.4,31.9%,9.5°,12.7°,36.2,6.4%,3,0.25,.237,0.377,.321,38.3%,27.7%,29.8%,43.3%,62.4%,74.5%,27.0%,41.2%,89.0
FGCU,Jaret Nelson,All,859,134,86.9,102.1,110.0,38.8%,21.7°,21.1°,42.5,7.5%,10,0.284,.271,0.377,.396,23.9%,47.0%,25.4%,41.4%,66.1%,83.5%,23.1%,24.4%,124.0
Penn,Gavin Degnan,All,604,112,93.7,105.3,109.6,58.9%,10.9°,16.1°,39.3,13.4%,15,0.306,.336,0.377,.452,37.5%,23.2%,32.1%,48.8%,71.8%,80.1%,27.1%,27.5%,107.0
Radford,Junho Son,All,666,147,84.5,100.0,104.1,19.0%,-1.1°,3.9°,28.6,0.0%,0,0.321,.298,0.377,.358,62.6%,12.2%,21.8%,45.0%,72.1%,93.0%,23.1%,16.3%,123.0
Boston College,Kyle Wolff,All,394,72,88.7,105.9,109.3,41.7%,16.3°,21.7°,30.6,13.9%,10,0.247,.278,0.377,.419,37.5%,41.7%,18.1%,52.5%,77.8%,83.9%,32.1%,23.2%,79.0
East Carolina,Grady Lenahan,All,721,157,85.8,101.9,107.0,34.4%,10.2°,12.3°,31.2,4.5%,7,0.299,.286,0.377,.373,44.6%,27.4%,20.4%,49.4%,73.3%,90.9%,29.2%,19.1%,94.0
New Mexico,Lenny Ashby,All,386,64,91.1,106.2,110.5,42.2%,12.7°,6.9°,37.5,3.1%,2,0.284,.325,0.377,.415,37.5%,23.4%,28.1%,37.3%,54.2%,91.1%,24.5%,17.4%,94.0
Georgia State,Adam Haber,All,601,111,82.6,98.5,101.7,28.8%,7.0°,10.3°,30.6,0.0%,0,0.323,.279,0.377,.335,49.5%,23.4%,23.4%,41.1%,59.7%,92.7%,22.8%,11.7%,95.0
Dayton,Bobby Stang,All,722,142,88.9,105.9,109.0,42.3%,24.8°,20.4°,42.3,10.6%,15,0.283,.261,0.377,.374,23.2%,45.1%,26.1%,49.7%,74.3%,84.8%,31.1%,26.2%,88.0
New Mexico,Akili Carris,All,293,70,87.3,100.4,104.3,30.0%,11.0°,8.5°,31.4,1.4%,1,0.321,.296,0.377,.360,42.9%,30.0%,25.7%,42.3%,63.8%,93.8%,25.9%,16.9%,64.0
Central Arkansas,Jagger Schattle,All,355,53,86.1,101.6,106.3,34.0%,11.6°,13.0°,41.5,5.7%,3,0.267,.235,0.377,.346,45.3%,17.0%,30.2%,40.8%,66.0%,82.1%,23.7%,28.3%,91.0
Miami,Dylan Dubovik,All,568,98,90.6,103.6,108.3,45.9%,13.5°,10.1°,34.7,7.1%,7,0.313,.256,0.377,.347,38.8%,29.6%,23.5%,56.2%,76.0%,78.9%,37.5%,30.7%,55.0
New Mexico,Antonio Gianni,All,122,21,85.7,104.6,105.7,38.1%,9.4°,18.8°,38.1,9.5%,2,0.312,.259,0.377,.350,42.9%,14.3%,33.3%,46.7%,65.4%,79.4%,32.9%,33.3%,69.0
Dayton,Grayson Carpenter,All,738,126,83.4,94.3,103.2,10.3%,12.8°,2.2°,36.5,0.0%,0,0.28,.278,0.377,.368,40.5%,30.2%,27.0%,33.5%,53.1%,94.8%,18.0%,9.3%,106.0
UMBC,Anthony Mascuilli,All,696,93,78.1,98.5,100.7,16.1%,4.3°,8.1°,28.0,0.0%,0,0.285,.215,0.377,.318,58.1%,22.6%,16.1%,34.1%,56.9%,86.5%,16.9%,19.4%,116.0
North Florida,Gialdri Gomez,All,536,98,83.3,102.4,105.7,22.4%,10.6°,7.3°,39.8,2.0%,2,0.299,.263,0.377,.340,39.8%,24.5%,28.6%,41.8%,60.5%,87.7%,24.6%,20.5%,90.0
Tarleton State,Ike Shirey,All,745,122,84.5,100.6,105.3,27.9%,3.8°,8.6°,27.0,0.0%,0,0.316,.243,0.377,.311,52.5%,17.2%,19.7%,41.2%,60.1%,84.5%,26.0%,20.8%,87.0
Central Michigan,Nathan Ball,All,166,26,89.3,108.3,112.2,38.5%,7.8°,8.4°,42.3,3.8%,1,0.324,.236,0.377,.301,34.6%,15.4%,42.3%,44.0%,72.6%,86.8%,21.5%,24.7%,101.0
Pacific (OR),Riz Collado,All,57,9,78.7,95.6,99.7,11.1%,23.8°,15.0°,55.6,0.0%,0,0.364,.244,0.377,.297,22.2%,22.2%,44.4%,42.1%,70.0%,92.9%,27.0%,12.5%,122.0
Western Kentucky,Hayden Nazarenus,All,284,33,91.4,106.7,109.6,57.6%,2.0°,11.1°,33.3,12.1%,4,0.245,.270,0.377,.409,57.6%,15.2%,27.3%,37.7%,56.7%,77.5%,18.9%,31.8%,94.0
Kansas State,Shintaro Inoue,All,974,149,91.1,103.9,108.0,51.0%,7.4°,12.0°,36.9,5.4%,8,0.28,.323,0.376,.426,47.7%,15.4%,32.9%,39.5%,61.3%,80.7%,20.3%,24.4%,117.0
Richmond,Ryan Recio,All,598,80,91.0,104.0,107.7,42.5%,17.6°,16.1°,43.8,11.2%,9,0.23,.238,0.376,.375,28.7%,40.0%,27.5%,38.6%,62.0%,80.0%,21.8%,30.3%,90.0
Sam Houston State,Ryan Franden,All,362,77,89.9,101.8,106.3,42.9%,20.0°,11.3°,37.7,1.3%,1,0.287,.318,0.376,.409,35.1%,31.2%,29.9%,40.6%,68.5%,97.4%,16.5%,6.1%,127.0
Northern Kentucky,Zach Pomatto,All,73,13,90.6,106.7,110.8,61.5%,4.0°,16.6°,38.5,0.0%,0,0.353,.327,0.376,.378,46.2%,15.4%,38.5%,43.8%,69.7%,78.3%,22.5%,25.0%,109.0
Delaware,Jeremy Wolf,All,618,114,87.6,100.3,106.8,42.1%,12.3°,12.6°,40.4,5.3%,6,0.283,.294,0.376,.379,43.0%,22.8%,29.8%,44.5%,72.2%,91.5%,26.3%,20.4%,106.0
Illinois State,Jackson Manning,All,79,14,81.1,93.2,95.3,14.3%,12.8°,-0.2°,28.6,0.0%,0,0.316,.173,0.376,.294,42.9%,21.4%,21.4%,46.8%,65.0%,69.2%,28.2%,37.8%,55.0
Fresno State,Ethan Payne,All,238,33,84.6,98.2,99.6,18.2%,2.2°,10.9°,30.3,0.0%,0,0.327,.265,0.376,.333,60.6%,9.1%,27.3%,36.6%,63.9%,77.4%,17.7%,29.9%,117.0
Belmont,Brody Langlotz,All,454,83,80.8,103.4,106.7,30.1%,1.3°,6.5°,24.1,2.4%,2,0.292,.232,0.376,.317,56.6%,13.3%,20.5%,44.9%,69.7%,86.2%,25.8%,27.5%,112.0
Mount Olive,Garrett Moffett,All,69,9,96.3,104.3,104.7,44.4%,4.0°,2.2°,33.3,0.0%,0,0.308,.317,0.376,.449,55.6%,11.1%,22.2%,37.7%,68.0%,100.0%,20.5%,26.9%,106.0
Oklahoma State,Campbell Smithwick,All,857,125,88.5,107.0,112.5,41.6%,11.6°,11.8°,33.6,8.8%,11,0.262,.265,0.376,.394,44.0%,31.2%,23.2%,37.8%,60.5%,81.2%,18.4%,23.5%,112.0
Tennessee Tech,Manny Garza,All,558,124,85.6,98.8,103.1,30.6%,15.1°,10.1°,35.5,0.8%,1,0.309,.282,0.376,.352,38.7%,26.6%,27.4%,45.5%,66.1%,93.4%,28.7%,11.0%,100.0
UT Tyler,Kaston Mason,All,122,13,87.1,101.0,102.6,23.1%,10.3°,18.9°,61.5,7.7%,1,0.348,.282,0.376,.341,23.1%,30.8%,46.2%,42.6%,78.6%,78.8%,23.8%,26.9%,124.0
New Mexico,Garrett Rede,All,77,11,89.4,101.5,101.8,36.4%,2.4°,10.5°,27.3,0.0%,0,0.375,.228,0.376,.244,45.5%,9.1%,27.3%,49.4%,75.0%,79.2%,31.1%,31.6%,96.0
Western Kentucky,Daniel Stewart,All,522,83,94.8,108.5,112.4,54.2%,15.7°,17.0°,39.8,16.9%,14,0.27,.317,0.376,.439,34.9%,28.9%,28.9%,48.5%,72.3%,74.1%,30.5%,31.2%,73.0
Seattle,Hunter Komine,All,165,35,84.5,96.1,99.0,14.3%,7.3°,0.4°,40.0,0.0%,0,0.35,.325,0.376,.366,45.7%,14.3%,37.1%,47.9%,77.3%,82.8%,23.3%,20.3%,87.0
UMass Lowell,Rowan Masse,All,287,54,82.6,96.7,99.3,14.8%,5.6°,5.5°,29.6,0.0%,0,0.333,.251,0.376,.339,48.1%,25.9%,24.1%,37.3%,62.9%,91.6%,15.5%,12.1%,127.0
Elon,Jackson Alford,All,831,127,85.2,102.4,106.3,27.6%,8.6°,10.6°,25.2,1.6%,2,0.289,.230,0.376,.335,46.5%,25.2%,21.3%,41.0%,65.9%,86.0%,23.3%,23.2%,116.0
Middle Tennessee,Nathan Brewer,All,287,43,94.3,110.2,113.4,62.8%,7.0°,12.8°,39.5,25.6%,11,0.266,.327,0.376,.436,39.5%,30.2%,30.2%,56.8%,79.4%,76.9%,37.8%,32.5%,81.0
Grambling,Trey Bridges,All,197,22,84.7,102.7,105.9,22.7%,2.2°,12.2°,31.8,0.0%,0,0.258,.217,0.376,.352,50.0%,13.6%,31.8%,36.5%,57.6%,81.6%,20.5%,29.2%,93.0
St. Bonaventure,Conner Vercollone,All,368,38,80.7,98.0,101.3,23.7%,22.0°,15.0°,39.5,0.0%,0,0.281,.204,0.376,.329,31.6%,23.7%,34.2%,41.3%,65.7%,83.3%,26.8%,33.6%,112.0
Pikeville,Riley Paulino,All,102,15,90.4,94.8,96.4,26.7%,0.2°,1.7°,20.0,0.0%,0,0.364,.285,0.376,.318,66.7%,13.3%,20.0%,44.1%,75.6%,80.6%,23.0%,24.4%,94.0
Cal Poly,Cameron Hoiland,All,647,122,86.8,104.3,108.1,38.5%,5.6°,9.7°,27.9,3.3%,4,0.317,.308,0.376,.382,50.0%,23.0%,23.8%,42.8%,70.0%,83.2%,24.2%,20.9%,103.0
Elon,Brian Duroff,All,672,149,90.5,105.2,109.6,47.7%,15.7°,15.1°,38.9,5.4%,8,0.294,.348,0.376,.448,34.9%,31.5%,27.5%,50.1%,75.3%,88.9%,31.2%,19.0%,102.0
Tarleton State,Brady Englett,All,703,98,87.8,101.2,106.3,33.7%,17.4°,16.7°,29.6,5.1%,5,0.287,.242,0.376,.349,38.8%,24.5%,22.4%,36.6%,63.3%,83.0%,17.0%,24.9%,117.0
Delaware,Vince Davis,All,549,84,89.7,107.8,110.9,40.5%,11.9°,10.4°,40.5,11.9%,10,0.279,.283,0.376,.382,41.7%,33.3%,22.6%,43.7%,63.4%,82.1%,25.4%,26.7%,88.0
The Citadel,TJ Anderson,All,695,128,89.2,104.8,109.4,39.1%,14.2°,12.3°,38.3,5.5%,7,0.273,.318,0.376,.422,39.1%,28.1%,25.8%,40.9%,67.3%,92.2%,17.8%,14.4%,100.0
North Alabama,Dylan Coleman,All,929,159,89.7,106.2,112.7,45.3%,9.7°,12.9°,32.1,8.8%,14,0.279,.284,0.376,.386,45.3%,25.2%,25.2%,48.0%,69.9%,80.5%,31.7%,29.1%,90.0
Presbyterian,Bo Moody,All,432,70,83.9,96.6,99.5,15.7%,12.2°,16.5°,35.7,0.0%,0,0.311,.282,0.376,.380,42.9%,24.3%,30.0%,41.9%,62.4%,90.7%,25.9%,19.9%,114.0
Texas State,Justin Vossos,All,406,77,87.2,100.7,103.8,39.0%,17.2°,13.4°,33.8,3.9%,3,0.287,.259,0.375,.348,36.4%,26.0%,24.7%,41.6%,67.9%,93.5%,24.7%,14.8%,89.0
St. Thomas (FL),Edwin Toribio,All,433,115,89.9,104.0,108.1,40.0%,7.9°,7.1°,31.3,3.5%,4,0.331,.311,0.375,.368,46.1%,27.8%,22.6%,54.7%,70.6%,92.1%,46.9%,22.4%,9.0
UMBC,Luke Buscaglia,All,37,8,79.1,91.9,93.8,0.0%,10.6°,-,62.5,0.0%,0,0.4,.341,0.375,.340,25.0%,25.0%,50.0%,45.9%,66.7%,100.0%,26.3%,5.9%,98.0
Tusculum,Jack Gagen,All,48,9,86.8,89.4,92.0,11.1%,15.0°,-9.5°,33.3,0.0%,0,0.364,.228,0.375,.271,44.4%,33.3%,22.2%,41.7%,66.7%,85.7%,22.2%,15.0%,124.0
St. John's,Jayder Raifstanger,All,913,177,86.2,100.3,103.4,30.5%,8.2°,11.9°,41.2,1.1%,2,0.329,.297,0.375,.372,45.2%,20.9%,30.5%,40.9%,65.5%,88.6%,20.3%,16.1%,116.0
Tarleton State,Christopher Ricard,All,130,13,90.3,106.6,106.9,38.5%,22.7°,11.0°,38.5,15.4%,2,0.25,.216,0.375,.333,30.8%,38.5%,23.1%,43.1%,64.9%,83.8%,26.0%,33.9%,73.0
Stonehill,Tyler Redden,All,36,6,79.0,98.5,100.2,16.7%,10.7°,12.2°,16.7,0.0%,0,0.333,.397,0.375,.445,50.0%,16.7%,33.3%,36.1%,64.7%,81.8%,10.5%,15.4%,167.0
Kent State,Max Humphrey,All,152,21,77.4,100.5,103.1,19.0%,6.1°,14.4°,28.6,0.0%,0,0.333,.168,0.375,.328,42.9%,14.3%,23.8%,54.6%,81.2%,69.2%,35.2%,34.9%,110.0
William & Mary,Witt Scafidi,All,438,80,86.2,104.1,109.0,35.0%,-3.8°,4.3°,26.2,0.0%,0,0.327,.284,0.375,.345,62.5%,12.5%,22.5%,47.5%,72.1%,83.8%,27.4%,24.0%,105.0
Southern Illinois,"Cecil ""Bryson"" Lofton",All,631,118,90.7,103.4,109.6,44.9%,13.7°,12.4°,36.4,5.1%,6,0.286,.303,0.375,.397,41.5%,25.4%,26.3%,43.7%,66.3%,87.7%,24.0%,19.9%,98.0
Pittsburgh,AJ Nessler,All,867,170,88.9,103.7,108.6,45.3%,5.1°,4.9°,25.9,4.1%,7,0.291,.303,0.375,.386,55.3%,18.8%,21.2%,40.9%,66.4%,91.1%,16.9%,16.6%,109.0
Grand Canyon,Jaime Perez,All,540,120,86.6,99.1,103.4,32.5%,3.9°,6.5°,30.8,0.0%,0,0.321,.322,0.375,.378,55.8%,15.0%,26.7%,41.9%,66.0%,91.4%,21.5%,10.6%,96.0
New Mexico State,Aidan Taclas,All,822,141,89.0,104.9,108.7,40.4%,4.4°,10.3°,27.7,2.8%,4,0.282,.303,0.375,.389,53.9%,22.7%,20.6%,39.8%,64.5%,85.2%,20.0%,17.4%,111.0
UMES,Darrius Brown,All,71,11,85.3,102.5,102.7,27.3%,14.5°,15.8°,27.3,0.0%,0,0.316,.146,0.375,.286,36.4%,9.1%,27.3%,45.1%,69.7%,87.0%,23.7%,34.4%,89.0
Trevecca Nazarene,Luke Dymond,All,41,6,68.3,99.8,101.0,16.7%,-10.3°,16.1°,16.7,0.0%,0,0.333,.248,0.375,.328,66.7%,0.0%,16.7%,36.6%,55.6%,90.0%,21.7%,13.3%,166.0
Toledo,Preston Zumwalt,All,210,23,91.0,104.7,108.0,56.5%,2.3°,12.4°,39.1,4.3%,1,0.27,.237,0.375,.366,52.2%,13.0%,30.4%,32.9%,55.3%,66.0%,17.6%,39.1%,113.0
UC Santa Barbara,Rowan Kelly,All,1001,186,89.3,103.2,107.1,39.8%,3.4°,10.2°,33.9,6.5%,12,0.33,.322,0.375,.405,50.0%,18.8%,26.3%,39.3%,59.9%,93.4%,23.8%,12.7%,94.0
Abilene Christian,JT Thompson,All,645,109,86.2,97.9,100.3,22.0%,10.1°,12.0°,41.3,0.0%,0,0.326,.296,0.375,.373,39.4%,17.4%,34.9%,38.8%,56.0%,90.8%,24.6%,14.4%,73.0
Lehigh,Jasper Adelman,All,63,6,84.0,99.6,103.4,33.3%,11.6°,4.9°,33.3,0.0%,0,0.222,.202,0.375,.379,33.3%,50.0%,16.7%,36.5%,65.5%,68.4%,11.8%,39.1%,151.0
Arkansas-Pine Bluff,Michael Saumell,All,110,23,76.8,91.2,91.3,0.0%,-4.6°,-,30.4,0.0%,0,0.333,.297,0.375,.363,60.9%,4.3%,30.4%,38.2%,74.5%,88.6%,11.1%,14.3%,126.0
Jackson State,TJ (Troy) Wilson Jr,All,90,15,75.7,88.9,95.2,6.7%,-2.3°,3.8°,26.7,0.0%,0,0.333,.315,0.375,.370,60.0%,20.0%,20.0%,30.0%,51.3%,80.0%,13.7%,18.5%,123.0
Bryant,Alejandro Vazquez,All,45,9,82.8,96.1,98.9,11.1%,11.4°,4.1°,33.3,0.0%,0,0.364,.257,0.375,.307,33.3%,33.3%,22.2%,46.7%,87.5%,92.9%,24.1%,28.6%,121.0
Newberry,Finnegan McLaughlin,All,55,9,83.0,96.4,97.5,22.2%,4.0°,8.2°,66.7,0.0%,0,0.333,.330,0.375,.400,33.3%,0.0%,66.7%,50.9%,77.3%,88.2%,33.3%,21.4%,120.0
Kent State,Luke Matthews,All,532,99,80.5,96.8,102.3,15.2%,11.5°,11.0°,40.4,0.0%,0,0.331,.283,0.375,.334,43.4%,22.2%,34.3%,48.3%,70.7%,93.0%,32.3%,18.3%,85.0
Portland,Cole Katayama-Stall,All,400,52,90.2,101.8,102.7,44.2%,20.8°,19.0°,34.6,7.7%,4,0.236,.222,0.375,.355,25.0%,32.7%,25.0%,34.5%,62.5%,88.4%,17.3%,26.1%,109.0
Cal Poly,Nate Castellon,All,809,200,83.7,98.1,103.9,16.5%,9.2°,12.4°,36.0,2.0%,4,0.327,.316,0.375,.371,44.0%,26.5%,27.5%,44.9%,71.7%,95.8%,22.9%,7.2%,130.0
San Jose State,Peyton Rowles,All,416,91,88.3,100.8,105.5,38.5%,5.9°,6.4°,34.1,0.0%,0,0.35,.316,0.375,.363,49.5%,19.8%,29.7%,49.3%,77.1%,87.8%,25.4%,16.1%,113.0
Bryant,Carlos Irizarry,All,458,96,85.0,101.7,107.0,29.2%,7.7°,12.8°,34.4,3.1%,3,0.316,.306,0.374,.382,50.0%,25.0%,25.0%,52.6%,77.6%,91.2%,32.4%,17.8%,70.0
Illinois-Chicago,Lucas Smith,All,485,91,89.1,102.3,103.9,44.0%,12.6°,16.0°,40.7,7.7%,7,0.283,.299,0.374,.407,41.8%,30.8%,23.1%,47.8%,74.5%,88.8%,26.4%,15.9%,114.0
Clemson,Tryston McCladdie,All,871,153,91.9,104.5,108.4,52.9%,9.4°,9.5°,31.4,7.8%,12,0.286,.317,0.374,.418,49.7%,25.5%,20.9%,44.5%,69.5%,86.0%,25.3%,22.7%,99.0
The Citadel,Zachary Hunt,All,647,107,87.2,105.6,107.8,38.3%,10.9°,19.0°,48.6,5.6%,6,0.282,.296,0.374,.387,37.4%,21.5%,37.4%,52.7%,76.7%,81.1%,34.1%,30.2%,67.0
Sacred Heart,Kyle Cincinnati,All,95,11,85.9,94.5,96.9,27.3%,5.8°,5.5°,27.3,0.0%,0,0.211,.167,0.374,.303,63.6%,18.2%,18.2%,34.7%,50.0%,90.0%,23.6%,27.3%,66.0
USC Upstate,Henry Zenor,All,1019,192,85.1,100.1,108.8,26.0%,10.9°,11.7°,31.2,2.6%,5,0.329,.295,0.374,.359,47.9%,26.6%,23.4%,39.7%,58.8%,91.6%,23.8%,16.5%,99.0
BYU,Matt Hansen,All,669,78,90.7,109.7,112.1,42.3%,9.8°,17.0°,35.9,10.3%,8,0.262,.251,0.374,.377,35.9%,29.5%,30.8%,44.1%,69.1%,80.0%,22.3%,31.5%,110.0
Stetson,Jack Harley,All,583,76,89.5,101.1,102.4,39.5%,9.7°,15.8°,40.8,5.3%,4,0.276,.296,0.374,.415,39.5%,22.4%,34.2%,36.0%,60.5%,84.3%,15.9%,23.3%,128.0
FGCU,Willfred Gonzalez,All,781,165,86.6,98.2,105.2,23.6%,11.1°,15.3°,38.8,0.6%,1,0.32,.313,0.374,.397,39.4%,27.3%,30.9%,38.9%,61.7%,91.2%,18.8%,12.2%,115.0
Lafayette,Alex Barrist,All,530,93,75.2,93.5,98.0,2.2%,4.3°,8.4°,28.0,0.0%,0,0.314,.220,0.374,.302,53.8%,22.6%,22.6%,40.4%,67.0%,88.8%,24.2%,24.8%,95.0
Le Moyne,Isaac Brozon,All,115,23,81.9,98.8,99.7,21.7%,8.1°,1.6°,30.4,0.0%,0,0.296,.299,0.374,.349,56.5%,21.7%,21.7%,46.1%,66.7%,93.8%,31.3%,24.5%,85.0
New Orleans,Evan Rogers,All,673,126,87.0,101.9,109.9,27.8%,4.2°,6.8°,36.5,0.0%,0,0.321,.292,0.374,.350,50.8%,15.1%,31.7%,48.6%,74.4%,82.4%,26.1%,27.8%,89.0
Duke,Adam Troch,All,111,14,83.6,98.2,100.5,35.7%,26.0°,3.2°,28.6,0.0%,0,0.273,.157,0.374,.293,21.4%,14.3%,28.6%,48.6%,65.3%,87.5%,35.5%,27.8%,43.0
Wichita State,Jacob Gutierrez,All,459,97,87.4,102.0,105.8,27.8%,-0.2°,11.6°,32.0,5.2%,5,0.339,.310,0.374,.374,58.8%,18.6%,22.7%,48.1%,69.8%,83.2%,27.8%,24.0%,101.0
Texas A&M,Travis Chestnut,All,224,18,82.0,98.7,100.7,22.2%,15.8°,17.9°,38.9,0.0%,0,0.278,.149,0.374,.281,38.9%,22.2%,27.8%,34.4%,54.1%,71.7%,19.0%,40.3%,95.0
Mercer,Dylan LaPointe,All,797,128,91.2,107.0,112.0,49.2%,16.2°,17.9°,30.5,12.5%,16,0.26,.284,0.374,.400,39.1%,36.7%,19.5%,46.8%,75.9%,79.3%,26.8%,28.2%,102.0
Toledo,Cole Cahill,All,344,78,85.8,100.6,102.5,37.2%,7.3°,4.7°,26.9,1.3%,1,0.307,.276,0.374,.329,51.3%,28.2%,20.5%,47.1%,68.1%,88.3%,28.2%,14.2%,79.0
Michigan,Evan Haeger,All,692,91,88.6,104.4,107.2,41.8%,5.0°,17.2°,34.1,11.0%,10,0.237,.262,0.374,.410,49.5%,29.7%,19.8%,45.5%,72.4%,75.0%,21.6%,33.7%,120.0
Southeastern Louisiana,Giovanni Licciardi,All,127,22,81.4,100.0,102.1,22.7%,10.6°,9.0°,36.4,0.0%,0,0.296,.300,0.374,.361,45.5%,22.7%,27.3%,40.9%,67.3%,86.5%,20.8%,17.3%,109.0
Notre Dame,Noah Coy,All,859,130,85.8,102.6,106.2,36.2%,17.1°,18.1°,36.9,3.1%,4,0.289,.277,0.374,.405,33.1%,30.8%,29.2%,37.5%,56.4%,90.7%,21.0%,15.8%,98.0
Stanford,Charlie Bates,All,843,153,86.8,104.5,109.5,34.6%,9.7°,13.6°,33.3,4.6%,7,0.259,.269,0.374,.385,43.1%,28.8%,26.1%,40.6%,65.5%,89.7%,21.0%,18.1%,90.0
Washington,Braedon Terry,All,831,132,86.7,99.3,101.9,30.3%,11.4°,11.7°,43.9,0.8%,1,0.288,.290,0.374,.379,39.4%,24.2%,34.1%,40.0%,63.8%,90.3%,20.5%,20.2%,101.0
Arkansas,Kuhio Aloy,All,745,129,95.4,113.2,116.8,55.8%,4.0°,3.9°,31.0,10.9%,14,0.286,.306,0.374,.388,53.5%,13.2%,27.9%,43.0%,64.0%,77.9%,24.0%,31.6%,80.0
Little Rock,Nolan Freund,All,518,138,86.3,100.3,103.6,34.8%,4.1°,2.7°,21.0,1.4%,2,0.329,.324,0.374,.366,58.7%,18.8%,19.6%,54.6%,75.5%,87.2%,35.3%,14.8%,92.0
TCU,Preston Gamster,All,368,52,90.0,105.4,108.5,48.1%,11.0°,18.7°,38.5,9.6%,5,0.282,.246,0.374,.356,40.4%,30.8%,25.0%,50.3%,64.8%,85.7%,38.8%,33.5%,33.0
Louisiana Tech,Wesley Scott,All,796,123,84.2,100.4,107.5,26.8%,9.0°,16.8°,39.0,6.5%,8,0.259,.265,0.374,.374,40.7%,21.1%,31.7%,39.1%,66.3%,82.8%,17.7%,27.3%,109.0
North Carolina,Jadyn Nunez,All,105,21,89.9,103.3,105.1,47.6%,-0.6°,6.3°,33.3,4.8%,1,0.286,.325,0.373,.386,66.7%,0.0%,33.3%,48.6%,84.8%,79.5%,20.3%,25.5%,113.0
Texas,Adrian Rodriguez,All,748,134,89.7,103.4,107.7,38.8%,8.1°,6.2°,35.8,3.7%,5,0.286,.309,0.373,.393,43.3%,18.7%,35.1%,43.2%,65.1%,89.5%,25.1%,17.0%,82.0
Oklahoma,Brendan Brock,All,897,130,92.2,106.4,111.7,55.4%,9.0°,13.9°,33.8,12.3%,16,0.267,.287,0.373,.407,48.5%,27.7%,21.5%,37.9%,59.9%,78.3%,18.9%,25.3%,96.0
East Tennessee State,Tyler Fetterman,All,577,88,91.5,106.0,109.0,50.0%,18.3°,19.3°,31.8,11.4%,10,0.259,.301,0.373,.433,30.7%,37.5%,26.1%,39.0%,66.1%,87.2%,18.5%,20.0%,125.0
James Madison,Ryan Gocio,All,278,49,85.9,98.6,101.7,30.6%,-0.6°,2.6°,34.7,0.0%,0,0.311,.275,0.373,.371,57.1%,6.1%,30.6%,32.7%,50.4%,91.4%,20.2%,18.7%,105.0
St. Bonaventure,Alex Hebenstreit,All,288,47,84.7,100.9,103.5,36.2%,10.0°,3.6°,34.0,4.3%,2,0.322,.305,0.373,.381,51.1%,25.5%,21.3%,36.8%,54.4%,89.2%,21.1%,15.1%,69.0
Saint Mary's (CA),Brett Williams,All,249,52,84.3,97.7,102.3,25.0%,6.7°,6.8°,36.5,0.0%,0,0.343,.274,0.373,.322,50.0%,15.4%,34.6%,50.2%,73.2%,83.1%,35.5%,26.4%,67.0
Western Illinois,Wandel Campana,All,419,86,88.2,99.2,103.3,30.2%,11.3°,8.3°,31.4,1.2%,1,0.313,.274,0.373,.338,47.7%,30.2%,22.1%,43.9%,75.5%,89.7%,17.2%,17.9%,130.0
FGCU,Jeremy Comer,All,785,132,87.8,105.3,112.1,39.4%,10.4°,14.6°,34.1,6.8%,9,0.3,.266,0.373,.357,40.2%,29.5%,26.5%,44.7%,63.2%,84.1%,30.0%,27.9%,81.0
Omaha,Henry Zipay,All,569,101,85.4,99.0,102.9,22.8%,11.5°,8.9°,40.6,0.0%,0,0.336,.288,0.373,.371,40.6%,19.8%,34.7%,44.3%,67.0%,90.2%,23.3%,14.7%,111.0
Wake Forest,Jimmy Keenan,All,518,48,91.3,107.0,108.2,56.2%,15.5°,19.0°,37.5,14.6%,7,0.22,.229,0.373,.401,33.3%,22.9%,31.2%,36.3%,62.7%,68.8%,16.8%,38.8%,111.0
William & Mary,Anthony Greco,All,370,62,83.4,100.4,104.0,25.8%,14.7°,23.6°,38.7,6.5%,4,0.262,.197,0.373,.303,32.3%,38.7%,17.7%,43.0%,70.7%,76.7%,20.9%,25.8%,138.0
Western Kentucky,Austin Haller,All,887,136,89.4,102.7,106.5,36.8%,8.8°,7.1°,32.4,3.7%,5,0.289,.276,0.373,.374,46.3%,19.1%,27.9%,37.4%,59.1%,91.3%,19.0%,18.1%,114.0
Winthrop,Alan Benhardt,All,699,152,87.6,100.6,104.2,30.3%,11.7°,11.2°,40.1,1.3%,2,0.315,.318,0.373,.404,40.1%,21.7%,34.9%,43.9%,68.3%,92.8%,25.3%,16.0%,101.0
Virginia,Ryan Holmes,All,318,56,86.0,99.7,105.4,28.6%,6.6°,7.9°,28.6,0.0%,0,0.3,.289,0.373,.351,53.6%,14.3%,25.0%,34.9%,53.6%,93.9%,17.6%,15.3%,106.0
Bryant,Justin Hackett,All,554,80,87.6,103.9,110.0,42.5%,13.8°,19.6°,40.0,10.0%,8,0.273,.239,0.373,.361,37.5%,31.2%,26.2%,47.7%,73.4%,77.3%,26.2%,33.7%,102.0
Hendrix,Zane Nolan,All,88,11,76.5,97.3,98.8,27.3%,7.3°,28.8°,27.3,0.0%,0,0.222,.140,0.373,.299,45.5%,36.4%,18.2%,28.4%,50.0%,86.7%,17.2%,32.0%,120.0
Austin Peay,Andres Matias,All,695,137,86.6,102.8,108.1,35.8%,8.2°,7.6°,29.2,0.7%,1,0.289,.301,0.373,.374,48.9%,21.2%,24.8%,42.3%,67.7%,92.1%,23.0%,13.3%,112.0
Delaware State,Jabril Bullock,All,69,14,80.7,99.7,100.3,28.6%,21.4°,25.3°,42.9,7.1%,1,0.316,.254,0.373,.328,28.6%,35.7%,28.6%,56.5%,84.4%,81.5%,32.4%,30.8%,115.0
UTRGV,Easton Moomau,All,929,151,86.2,98.9,102.6,25.8%,9.1°,13.4°,39.7,2.6%,4,0.264,.310,0.373,.412,48.3%,17.9%,29.8%,38.2%,64.3%,89.2%,15.7%,15.2%,135.0
East Tennessee State,Ian Guanzon,All,709,126,85.8,101.6,106.0,28.6%,19.4°,13.8°,38.9,1.6%,2,0.307,.293,0.373,.388,31.0%,25.4%,31.0%,38.8%,64.6%,90.4%,15.1%,13.8%,121.0
UCLA,Trey Gudoy,All,322,47,82.7,101.3,102.1,31.9%,6.9°,7.0°,27.7,2.1%,1,0.288,.255,0.373,.360,55.3%,17.0%,23.4%,33.2%,55.2%,91.2%,15.3%,25.2%,105.0
Charleston Southern,Gavin Speirs,All,375,69,83.8,99.7,104.3,21.7%,6.7°,9.2°,33.3,2.9%,2,0.272,.196,0.373,.304,40.6%,21.7%,23.2%,49.9%,65.8%,86.7%,39.4%,23.5%,61.0
BYU,Luke Anderson,All,897,151,90.6,102.3,105.4,44.4%,13.6°,14.6°,45.7,4.0%,6,0.284,.302,0.372,.401,35.1%,26.5%,35.1%,41.9%,65.3%,84.3%,22.3%,23.1%,116.0
Stetson,Danny Perez,All,83,10,84.7,100.1,100.2,20.0%,8.7°,17.4°,40.0,10.0%,1,0.182,.194,0.372,.389,40.0%,30.0%,20.0%,39.8%,63.9%,91.3%,21.3%,9.1%,115.0
Bethune-Cookman,Maikol Lucena,All,161,34,81.5,95.7,101.7,20.6%,4.8°,1.6°,29.4,0.0%,0,0.349,.285,0.372,.318,44.1%,11.8%,29.4%,49.7%,65.2%,82.2%,38.0%,21.2%,51.0
Miami,Jake Ogden,All,1031,199,88.2,103.0,108.6,38.7%,9.5°,12.3°,42.7,4.5%,9,0.307,.320,0.372,.406,42.2%,23.1%,30.2%,45.3%,57.9%,89.9%,34.5%,17.8%,53.0
Michigan State,Isaac Sturgess,All,726,142,88.9,102.1,105.9,33.8%,9.2°,12.3°,40.8,4.9%,7,0.316,.301,0.372,.395,45.1%,23.2%,28.9%,50.7%,79.0%,86.9%,27.4%,19.0%,105.0
Ball State,Brayden Huebner,All,257,44,85.2,102.9,104.4,36.4%,17.0°,22.5°,38.6,9.1%,4,0.25,.278,0.372,.403,27.3%,40.9%,27.3%,42.8%,63.9%,72.4%,24.6%,30.0%,92.0
UT Arlington,Xavier Melendez,All,670,140,89.9,104.0,107.3,47.9%,13.6°,12.5°,37.1,3.6%,5,0.331,.316,0.372,.378,42.1%,21.4%,28.6%,51.3%,76.5%,83.3%,33.2%,24.7%,96.0
Alabama,JoJo Williamson,All,82,10,82.8,98.5,98.7,30.0%,1.1°,14.8°,40.0,10.0%,1,0.267,.239,0.372,.317,50.0%,20.0%,30.0%,41.5%,65.2%,76.7%,11.1%,29.4%,146.0
Youngstown State,Garrett Cutting,All,350,64,87.3,103.7,109.0,35.9%,17.7°,18.3°,32.8,12.5%,8,0.256,.235,0.372,.352,32.8%,32.8%,21.9%,51.7%,74.8%,78.8%,34.2%,32.6%,90.0
LSU,Brayden Simpson,All,248,25,88.3,109.3,111.9,44.0%,18.6°,18.7°,44.0,12.0%,3,0.277,.246,0.372,.354,28.0%,28.0%,36.0%,35.9%,52.6%,70.6%,25.2%,33.7%,88.0
Liberty,Riley Decandido,All,982,150,87.6,102.9,108.6,32.0%,11.7°,9.6°,32.0,1.3%,2,0.267,.281,0.372,.373,43.3%,25.3%,26.0%,37.4%,61.7%,87.1%,18.6%,18.5%,115.0
Reinhardt,Juan Pablo Morales,All,185,44,83.3,94.8,97.9,15.9%,8.7°,-4.9°,36.4,0.0%,0,0.319,.305,0.372,.355,47.7%,15.9%,29.5%,44.3%,67.6%,92.0%,28.8%,9.8%,97.0
Appalachian State,Ethan Puig,All,692,178,84.2,98.6,103.2,26.4%,5.0°,4.4°,29.8,0.6%,1,0.339,.324,0.372,.358,55.6%,15.2%,24.7%,48.0%,69.0%,92.8%,31.6%,12.3%,93.0
TCU,Nolan Traeger,All,712,135,89.0,102.0,106.1,43.0%,14.4°,12.7°,40.7,1.5%,2,0.292,.315,0.372,.417,37.0%,26.7%,31.9%,43.5%,61.0%,92.5%,28.6%,16.8%,89.0
Southern Indiana,Clayton Slack,All,822,180,81.7,96.6,102.3,16.7%,6.3°,6.2°,33.3,1.7%,3,0.328,.284,0.372,.341,49.4%,22.2%,25.6%,42.7%,69.1%,87.9%,22.2%,17.7%,119.0
TCU,Cole Cramer,All,1039,166,90.2,104.6,108.1,48.2%,0.0°,8.1°,28.9,2.4%,4,0.313,.289,0.372,.376,60.8%,15.7%,21.1%,36.4%,58.7%,88.5%,16.5%,18.5%,98.0
Wichita State,Jaden Gustafson,All,909,171,90.2,100.9,106.9,47.4%,15.4°,12.6°,38.6,3.5%,6,0.288,.325,0.372,.424,36.3%,32.7%,27.5%,38.6%,59.2%,92.1%,21.9%,11.7%,106.0
Southern Illinois,Mike Mylott,All,376,66,85.4,102.7,105.7,30.3%,10.4°,13.9°,31.8,4.5%,3,0.309,.270,0.372,.343,45.5%,30.3%,22.7%,47.1%,72.8%,89.0%,27.6%,14.7%,99.0
Miami,Brylan West,All,847,144,90.8,101.2,106.4,38.9%,11.6°,13.5°,38.9,3.5%,5,0.3,.304,0.372,.398,40.3%,26.4%,31.2%,41.6%,65.7%,90.7%,23.8%,16.5%,106.0
Youngstown State,Nathan Beckley,All,446,86,86.7,100.2,102.7,36.0%,4.7°,1.9°,26.7,1.2%,1,0.269,.255,0.372,.339,57.0%,22.1%,19.8%,45.7%,71.4%,88.0%,25.1%,20.1%,84.0
New Mexico State,Chris Daniels,All,633,81,89.4,105.7,109.3,39.5%,14.7°,14.0°,29.6,8.6%,7,0.271,.229,0.372,.336,35.8%,32.1%,24.7%,42.7%,64.3%,82.2%,25.5%,30.0%,68.0
Rutgers,Charlie Meglio,All,945,155,91.6,106.2,109.4,52.9%,14.0°,15.0°,34.8,12.9%,20,0.255,.300,0.372,.437,36.8%,29.7%,27.7%,39.6%,62.4%,81.5%,20.3%,24.9%,96.0
West Georgia,Mason Cooper,All,341,59,85.5,98.7,101.3,27.1%,7.8°,12.3°,33.9,1.7%,1,0.296,.300,0.372,.380,42.4%,18.6%,32.2%,32.8%,52.2%,85.4%,16.3%,17.9%,105.0
Seattle,Kenneth Rhein,All,742,127,80.3,94.4,98.1,7.1%,20.0°,9.0°,29.1,0.0%,0,0.268,.229,0.372,.321,37.0%,27.6%,27.6%,38.7%,67.4%,91.2%,17.0%,12.2%,130.0
CSU Bakersfield,Dusty Vela,All,377,49,81.5,97.6,100.5,16.3%,7.8°,13.7°,40.8,0.0%,0,0.289,.224,0.372,.294,51.0%,16.3%,30.6%,45.6%,70.6%,82.4%,28.6%,32.0%,86.0
Radford,Noah Toole,All,704,114,87.3,99.9,103.1,36.0%,4.7°,11.7°,28.9,1.8%,2,0.286,.246,0.371,.328,53.5%,16.7%,24.6%,42.3%,66.3%,85.9%,24.5%,26.8%,114.0
Mississippi College,Cade Gadman,All,108,31,73.5,89.2,95.8,3.2%,0.1°,18.0°,25.8,0.0%,0,0.344,.263,0.371,.292,51.6%,16.1%,29.0%,44.4%,68.2%,96.7%,28.1%,4.2%,98.0
Abilene Christian,Ryan Jones,All,579,75,84.2,99.4,105.3,26.7%,15.6°,11.1°,33.3,1.3%,1,0.25,.219,0.371,.324,32.0%,29.3%,28.0%,42.3%,66.7%,80.2%,24.7%,30.2%,96.0
Georgetown,Jeremy Sheffield,All,377,60,88.3,99.5,104.0,31.7%,4.2°,4.1°,18.3,0.0%,0,0.32,.254,0.371,.355,61.7%,16.7%,16.7%,39.0%,58.6%,81.4%,22.2%,22.4%,104.0
Gardner-Webb,Merik Carter,All,267,57,87.7,100.2,102.7,35.1%,18.6°,18.1°,43.9,5.3%,3,0.279,.326,0.371,.442,29.8%,35.1%,33.3%,36.7%,61.3%,86.8%,15.4%,19.4%,113.0
Western Carolina,Jackson Lyda,All,853,156,86.2,98.7,103.2,26.3%,14.5°,9.7°,36.5,0.6%,1,0.303,.264,0.371,.347,43.6%,25.6%,27.6%,36.1%,57.6%,94.2%,20.3%,12.7%,101.0
Arizona State,Beckett Zavorek,All,453,84,85.5,100.9,103.9,31.0%,3.6°,13.4°,31.0,2.4%,2,0.311,.265,0.371,.335,52.4%,19.0%,22.6%,45.3%,70.8%,88.9%,21.9%,20.5%,97.0
Evansville,Ryan Seddon,All,431,61,83.7,99.4,101.2,29.5%,11.4°,15.3°,34.4,3.3%,2,0.253,.258,0.371,.347,45.9%,18.0%,29.5%,45.7%,69.7%,83.7%,27.6%,28.9%,98.0
Mount St. Mary's,Sean Heffernan,All,26,6,88.7,93.4,93.6,16.7%,-16.7°,-11.3°,33.3,0.0%,0,0.333,.260,0.371,.269,66.7%,0.0%,33.3%,38.5%,63.6%,100.0%,20.0%,0.0%,69.0
Tulane,Nate Johnson,All,743,108,88.9,102.6,104.8,36.1%,20.0°,16.9°,36.1,0.9%,1,0.273,.280,0.371,.383,35.2%,30.6%,27.8%,39.4%,64.3%,88.3%,19.3%,17.7%,88.0
Richmond,Chris Schaller,All,490,98,84.9,104.3,110.2,38.8%,7.9°,17.7°,36.7,7.1%,7,0.319,.257,0.371,.368,37.8%,20.4%,31.6%,53.3%,75.8%,76.7%,35.6%,28.4%,76.0
Utah Tech,Finnegan Stewart,All,605,118,91.2,104.8,111.0,45.8%,11.7°,11.6°,40.7,10.2%,12,0.291,.318,0.371,.412,40.7%,22.9%,29.7%,47.3%,73.7%,81.9%,23.8%,24.5%,109.0
Lamar,Tab Tracy,All,917,174,81.2,100.7,107.0,19.5%,-1.0°,1.2°,21.8,0.6%,1,0.32,.244,0.371,.319,62.6%,15.5%,19.0%,42.3%,64.9%,90.0%,22.4%,15.2%,99.0
Gonzaga,Noah Meffert,All,746,131,89.2,104.0,109.9,44.3%,11.8°,15.9°,37.4,9.9%,13,0.29,.288,0.371,.380,42.7%,30.5%,23.7%,45.3%,66.5%,83.3%,29.0%,25.1%,92.0
Georgetown,Connor Peek,All,343,69,87.0,102.1,105.4,39.1%,-7.1°,6.1°,24.6,1.4%,1,0.297,.314,0.371,.395,68.1%,11.6%,18.8%,35.6%,57.7%,91.1%,17.1%,14.8%,111.0
Southern Miss,Seth Smith,All,895,156,88.4,103.2,106.0,37.2%,3.9°,15.5°,39.7,4.5%,7,0.322,.283,0.371,.377,48.7%,17.9%,30.8%,48.5%,71.5%,86.9%,29.5%,21.0%,70.0
USF,Lance Trippel,All,636,130,86.1,102.3,106.7,26.9%,8.7°,5.3°,29.2,0.8%,1,0.291,.290,0.371,.372,50.0%,14.6%,26.9%,43.4%,64.7%,88.5%,24.9%,18.8%,97.0
Pacific,Jake Tandy,All,675,144,89.2,102.7,105.9,44.4%,11.8°,11.1°,42.4,4.9%,7,0.309,.323,0.371,.394,40.3%,27.1%,31.2%,48.6%,68.6%,92.9%,32.0%,18.3%,96.0
Iona,Damian Rodriguez,All,179,26,81.8,99.2,103.7,26.9%,2.9°,10.2°,26.9,3.8%,1,0.282,.220,0.371,.312,61.5%,26.9%,7.7%,41.9%,66.7%,78.8%,22.8%,30.7%,104.0
Cal State Fullerton,Esteban Olazaba,All,398,72,85.9,98.2,102.1,29.2%,-0.8°,2.6°,15.3,0.0%,0,0.314,.260,0.371,.343,72.2%,12.5%,13.9%,39.7%,58.4%,88.7%,26.3%,16.5%,98.0
Yale,Owen Turner,All,397,53,90.6,106.4,108.7,47.2%,7.1°,9.9°,32.1,5.7%,3,0.286,.273,0.371,.370,49.1%,24.5%,26.4%,35.8%,56.2%,84.8%,19.5%,23.2%,86.0
Princeton,Will Robbins,All,494,78,87.3,104.3,109.4,42.3%,11.8°,15.2°,37.2,11.5%,9,0.231,.280,0.371,.416,35.9%,35.9%,21.8%,38.3%,60.2%,88.1%,23.8%,24.3%,94.0
BYU,Ryker Schow,All,267,35,88.0,103.6,104.8,34.3%,15.0°,21.3°,31.4,5.7%,2,0.273,.246,0.37,.334,37.1%,28.6%,25.7%,41.6%,69.1%,81.6%,22.3%,33.3%,124.0
San Diego State,Zach Justice,All,778,135,86.8,101.8,110.8,37.0%,9.3°,10.0°,38.5,6.7%,9,0.286,.283,0.37,.381,43.7%,25.9%,28.9%,41.0%,65.3%,90.3%,23.0%,16.9%,101.0
Morehead State,Kyle Krupp,All,641,122,84.8,96.3,101.1,23.0%,6.2°,5.8°,42.6,0.0%,0,0.315,.308,0.37,.383,47.5%,16.4%,32.8%,44.3%,70.9%,90.3%,24.3%,18.7%,108.0
UNC Asheville,Blaize Johnson,All,283,59,84.1,101.6,105.1,28.8%,18.6°,15.0°,42.4,1.7%,1,0.281,.350,0.37,.439,30.5%,27.1%,35.6%,37.8%,62.7%,91.9%,20.0%,11.2%,112.0
Monmouth,Wyatt Hunt,All,805,171,88.1,102.4,104.7,38.0%,6.1°,8.6°,35.7,0.0%,0,0.321,.324,0.37,.384,49.1%,17.5%,28.1%,42.1%,64.4%,91.6%,23.3%,15.6%,102.0
Northern Colorado,Logan Pruski,All,457,79,86.7,97.3,100.4,22.8%,6.5°,10.5°,39.2,1.3%,1,0.316,.281,0.37,.380,44.3%,15.2%,31.6%,38.1%,60.3%,89.7%,19.4%,13.2%,120.0
Sam Houston State,Cade Corcoran,All,510,69,91.0,104.1,107.0,52.2%,16.8°,14.9°,33.3,5.8%,4,0.247,.272,0.37,.416,36.2%,30.4%,27.5%,40.4%,62.8%,82.1%,21.9%,25.7%,92.0
College of Charleston,Reece Holbrook,All,627,129,85.3,98.8,104.4,25.6%,11.6°,11.0°,29.5,1.6%,2,0.306,.264,0.37,.332,46.5%,26.4%,23.3%,52.8%,80.6%,82.6%,27.4%,25.4%,104.0
Penn State,Kevin Karstetter,All,378,65,89.2,101.5,105.6,44.6%,12.8°,10.3°,40.0,3.1%,2,0.31,.287,0.37,.350,38.5%,18.5%,35.4%,54.0%,81.3%,84.1%,35.0%,27.9%,74.0
Arkansas State,Evan Griffis,All,894,145,90.8,104.2,109.5,43.4%,14.9°,16.0°,37.2,9.7%,14,0.259,.269,0.37,.386,36.6%,31.7%,23.4%,40.0%,59.9%,84.1%,24.9%,23.2%,103.0
Southern Indiana,Micajah Wall,All,755,131,83.4,102.7,105.1,27.5%,-1.2°,9.0°,26.0,3.8%,5,0.311,.248,0.37,.319,60.3%,16.8%,19.8%,42.3%,64.2%,82.1%,23.4%,21.6%,78.0
UNC Wilmington,Mason Hughes,All,670,123,85.6,99.8,104.2,30.1%,8.7°,11.1°,41.5,1.6%,2,0.298,.312,0.37,.380,45.5%,20.3%,31.7%,43.9%,65.2%,84.4%,26.0%,24.5%,91.0
Columbia,Jack Kail,All,568,141,86.7,100.7,103.4,27.0%,13.5°,14.4°,34.0,2.1%,3,0.322,.320,0.37,.390,41.8%,29.8%,24.1%,50.4%,75.2%,93.0%,28.5%,11.9%,104.0
Sacramento State,Luis Pimentel-Guerrero,All,941,164,87.4,100.1,106.7,32.3%,12.7°,12.7°,39.6,1.2%,2,0.294,.286,0.37,.391,41.5%,24.4%,28.7%,36.9%,63.4%,91.2%,16.4%,17.6%,117.0
UC San Diego,Alex Leopard,All,868,130,88.3,105.2,110.4,37.7%,12.2°,13.6°,35.4,3.8%,5,0.256,.280,0.37,.393,40.8%,28.5%,28.5%,34.1%,53.8%,88.8%,19.8%,26.7%,103.0
Missouri,Blaize Ward,All,607,114,86.2,100.5,104.2,24.6%,6.2°,6.8°,36.8,1.8%,2,0.312,.305,0.37,.357,54.4%,15.8%,28.1%,42.3%,57.5%,91.9%,27.6%,15.6%,75.0
Duke,Jake Lambdin,All,957,159,89.4,102.8,105.7,38.4%,16.4°,12.9°,37.7,6.3%,10,0.267,.266,0.37,.370,33.3%,19.5%,30.2%,44.5%,66.1%,85.2%,26.1%,24.9%,88.0
Wichita State,Josh Wulfert,All,318,58,83.7,96.4,102.8,19.0%,9.5°,8.2°,29.3,0.0%,0,0.314,.290,0.37,.360,48.3%,34.5%,17.2%,42.5%,63.9%,89.4%,24.0%,15.6%,96.0
Columbia,Anthony Temesvary,All,566,110,87.7,101.4,104.0,35.5%,8.2°,13.1°,41.8,4.5%,5,0.294,.294,0.37,.377,41.8%,21.8%,34.5%,50.0%,77.9%,79.3%,25.1%,25.8%,117.0
CSU Bakersfield,Devon Wilkes,All,625,141,88.4,104.7,109.8,36.9%,6.0°,11.2°,31.2,5.7%,8,0.297,.314,0.37,.386,45.4%,25.5%,23.4%,57.1%,83.7%,83.3%,38.4%,23.5%,61.0
California,Carl Schmidt,All,705,118,88.3,103.8,108.0,41.5%,7.4°,12.7°,38.1,6.8%,8,0.283,.258,0.369,.341,44.9%,23.7%,27.1%,48.7%,69.5%,80.9%,29.4%,30.3%,75.0
Oklahoma State,Garrett Shull,All,737,73,94.3,105.8,112.4,57.5%,23.3°,24.7°,31.5,13.7%,10,0.206,.214,0.369,.387,23.3%,42.5%,19.2%,45.7%,68.3%,71.4%,27.6%,39.5%,88.0
Minnesota,Brayden Hellum,All,129,14,95.5,104.6,107.7,57.1%,16.5°,12.2°,57.1,7.1%,1,0.292,.211,0.369,.320,28.6%,21.4%,50.0%,33.3%,54.1%,87.9%,14.7%,18.6%,94.0
Marshall,Wil Gubba,All,93,12,81.7,91.2,92.0,0.0%,-1.7°,-,33.3,0.0%,0,0.318,.187,0.369,.273,41.7%,0.0%,33.3%,43.0%,55.3%,85.7%,34.5%,30.0%,62.0
St. Thomas (MN),Max Berrisford,All,212,35,88.3,99.2,102.1,31.4%,-0.1°,6.5°,31.4,0.0%,0,0.293,.237,0.369,.337,45.7%,14.3%,31.4%,34.9%,63.3%,87.7%,13.9%,16.2%,109.0
Middle Tennessee,Owen Nowak,All,298,68,83.7,98.1,105.8,19.1%,15.5°,9.4°,33.8,0.0%,0,0.319,.311,0.369,.372,42.6%,25.0%,23.5%,36.2%,57.4%,98.7%,18.5%,5.6%,92.0
Princeton,Tomas Cernius,All,550,119,82.6,102.4,106.7,21.0%,5.0°,11.3°,31.1,2.5%,3,0.299,.297,0.369,.369,46.2%,21.8%,27.7%,46.7%,69.0%,86.8%,27.9%,19.1%,74.0
Charleston Southern,Cross Yarborough,All,32,6,84.3,100.6,101.6,33.3%,-6.5°,15.5°,50.0,16.7%,1,0.25,.258,0.369,.350,50.0%,50.0%,0.0%,59.4%,100.0%,72.7%,38.1%,26.3%,68.0
Canisius,Eric Weeks,All,115,17,80.6,96.5,100.9,17.6%,13.3°,15.7°,41.2,0.0%,0,0.346,.228,0.369,.305,35.3%,23.5%,35.3%,47.8%,70.2%,75.8%,32.4%,40.0%,70.0
Charleston Southern,Caden Wolfley,All,726,122,81.6,95.9,103.8,11.5%,3.0°,5.6°,34.4,0.0%,0,0.308,.269,0.369,.363,51.6%,13.1%,32.0%,31.0%,47.1%,93.8%,19.0%,15.6%,108.0
Gonzaga,Jacob Wrubleski,All,494,82,91.6,106.1,109.4,59.8%,2.6°,8.1°,30.5,7.3%,6,0.312,.300,0.369,.399,52.4%,18.3%,26.8%,45.3%,73.1%,83.5%,23.7%,27.7%,102.0
Army,William Parker,All,706,111,86.5,104.7,112.6,41.4%,15.5°,7.9°,28.8,5.4%,6,0.254,.260,0.369,.364,42.3%,29.7%,20.7%,43.2%,66.9%,90.2%,28.1%,18.7%,91.0
Maine,Julian Stevens,All,568,109,89.2,106.4,110.1,41.3%,17.2°,20.1°,35.8,13.8%,15,0.256,.312,0.369,.432,33.0%,36.7%,22.9%,52.6%,73.3%,84.7%,38.4%,29.1%,60.0
Tennessee,Levi Clark,All,842,144,93.8,108.3,110.8,53.5%,14.3°,17.7°,41.7,21.5%,31,0.236,.327,0.369,.496,34.0%,33.3%,27.8%,48.1%,77.5%,84.7%,28.4%,23.5%,85.0
New Haven,Matthew McIntire,All,121,11,85.2,101.7,104.9,36.4%,-2.3°,17.1°,54.5,0.0%,0,0.25,.267,0.369,.393,45.5%,0.0%,54.5%,46.3%,76.0%,71.1%,25.4%,46.4%,114.0
Ohio,Will Henson,All,493,82,88.7,102.4,104.7,36.6%,12.2°,14.3°,47.6,7.3%,6,0.293,.304,0.369,.391,40.2%,25.6%,31.7%,46.5%,67.0%,84.5%,29.8%,24.9%,82.0
Lipscomb,Kai Holm,All,749,127,84.7,96.7,101.3,15.7%,9.6°,8.3°,38.6,0.0%,0,0.308,.268,0.369,.366,39.4%,19.7%,33.9%,36.0%,58.2%,87.6%,20.9%,18.9%,102.0
Miami (OH),Carson Raether,All,631,94,88.6,104.0,107.8,40.4%,7.1°,14.9°,25.5,6.4%,6,0.262,.271,0.369,.372,55.3%,21.3%,20.2%,36.5%,54.6%,90.6%,20.7%,20.9%,98.0
Lipscomb,Brady Miller,All,682,105,84.6,97.8,104.2,21.9%,10.1°,15.0°,40.0,1.0%,1,0.293,.278,0.369,.381,42.9%,21.0%,31.4%,37.5%,57.3%,86.9%,23.8%,23.0%,107.0
Sam Houston State,Nathan Fink,All,240,32,92.7,105.6,106.3,59.4%,4.7°,6.1°,21.9,12.5%,4,0.259,.219,0.368,.307,56.2%,25.0%,15.6%,45.8%,72.0%,71.4%,24.8%,40.9%,86.0
UC Irvine,Alonso Reyes,All,752,105,84.1,99.4,101.3,24.8%,13.9°,15.7°,40.0,3.8%,4,0.278,.249,0.368,.351,34.3%,31.4%,31.4%,36.4%,55.3%,89.1%,20.1%,17.9%,98.0
Xavier,Jonathan Fitz,All,808,141,87.1,103.5,109.1,39.7%,10.4°,17.0°,31.2,8.5%,12,0.273,.289,0.368,.415,41.8%,30.5%,22.7%,36.5%,52.8%,89.8%,22.7%,15.3%,81.0
North Carolina A&T,JT Taylor,All,268,38,86.8,99.0,100.8,28.9%,15.9°,20.4°,42.1,5.3%,2,0.235,.214,0.368,.363,26.3%,31.6%,31.6%,42.2%,74.1%,83.1%,19.2%,24.8%,122.0
UCF,Stephen Chucka,All,108,18,90.4,99.5,106.3,33.3%,15.3°,11.6°,44.4,5.6%,1,0.28,.239,0.368,.323,27.8%,27.8%,27.8%,50.9%,68.1%,84.4%,37.7%,21.8%,59.0
Rutgers,Trey Wells,All,758,166,88.8,107.4,113.5,46.4%,5.2°,7.8°,30.1,5.4%,9,0.301,.291,0.368,.372,47.0%,24.1%,24.7%,56.5%,78.0%,88.2%,41.9%,25.2%,28.0
Marshall,Cooper Hinson,All,690,146,85.9,100.7,107.6,30.8%,6.7°,9.9°,38.4,1.4%,2,0.322,.282,0.368,.335,48.6%,17.1%,30.8%,49.3%,74.4%,87.7%,27.9%,18.2%,93.0
Liberty,Jordan Jaffe,All,857,172,88.4,101.7,107.6,33.7%,4.7°,6.4°,28.5,1.7%,3,0.323,.308,0.368,.363,51.7%,17.4%,27.3%,46.2%,68.6%,89.5%,27.6%,14.4%,92.0
UL Monroe,Jackson Landry,All,356,57,88.7,103.7,111.5,43.9%,2.8°,9.1°,28.1,7.0%,4,0.253,.262,0.368,.376,50.9%,19.3%,21.1%,39.0%,64.4%,82.9%,17.6%,26.6%,109.0
Lafayette,Boden Fernsler,All,528,70,88.2,103.8,107.9,37.1%,18.8°,24.0°,42.9,12.9%,9,0.25,.206,0.368,.348,25.7%,45.7%,24.3%,50.0%,70.5%,82.4%,36.5%,35.2%,72.0
Auburn,Bristol Carter,All,653,112,84.2,98.5,101.8,22.3%,3.1°,3.1°,26.8,0.0%,0,0.297,.249,0.368,.349,52.7%,17.0%,21.4%,37.2%,61.0%,91.3%,19.1%,14.0%,100.0
Cornell,Kevin Hager,All,409,84,87.0,100.0,103.1,31.0%,11.0°,13.4°,39.3,2.4%,2,0.321,.310,0.368,.374,45.2%,22.6%,31.0%,43.3%,69.6%,85.2%,21.8%,22.0%,118.0
New Orleans,Dathan Cummings,All,370,52,82.8,97.4,100.2,19.2%,14.2°,8.9°,32.7,0.0%,0,0.317,.217,0.368,.307,34.6%,32.7%,30.8%,52.2%,73.1%,73.8%,35.0%,31.6%,71.0
Pepperdine,Kai Laxa,All,557,126,84.8,100.6,104.0,30.2%,5.4°,7.5°,29.4,1.6%,2,0.317,.315,0.368,.365,52.4%,19.8%,24.6%,47.6%,72.5%,91.5%,28.1%,12.8%,101.0
West Virginia,Matthew Graveline,All,822,136,89.5,105.9,109.7,41.9%,11.8°,8.1°,33.8,6.6%,9,0.291,.300,0.368,.391,46.3%,30.1%,20.6%,41.8%,65.5%,79.8%,22.4%,28.5%,86.0
North Florida,Sean Benjamin,All,615,120,84.1,98.6,102.2,20.0%,9.0°,7.4°,39.2,0.8%,1,0.317,.286,0.368,.346,47.5%,17.5%,34.2%,52.7%,78.5%,91.2%,32.0%,15.1%,85.0
Texas,Dariyan Pendergrass,All,103,19,80.6,89.9,92.8,0.0%,13.0°,-,31.6,0.0%,0,0.35,.250,0.368,.320,47.4%,26.3%,26.3%,40.8%,68.8%,93.9%,16.4%,4.8%,127.0
Wake Forest,Jackson Miller,All,362,66,84.9,104.5,110.3,33.3%,4.3°,9.6°,36.4,6.1%,4,0.301,.259,0.368,.326,53.0%,16.7%,28.8%,46.7%,64.5%,87.0%,33.3%,31.4%,95.0
College of Charleston,Alex Lacoste,All,669,135,89.6,105.9,109.1,45.2%,-2.6°,9.3°,21.5,4.4%,6,0.303,.285,0.368,.367,63.0%,19.3%,16.3%,46.8%,73.0%,79.0%,24.6%,29.1%,95.0
UT Arlington,Xander McAfee,All,608,125,88.5,104.1,108.4,40.8%,11.8°,9.7°,33.6,3.2%,4,0.28,.303,0.368,.383,44.8%,24.8%,25.6%,45.2%,74.0%,86.5%,25.1%,24.7%,98.0
James Madison,Ike Schmidly,All,787,123,89.1,106.1,110.2,44.7%,13.0°,13.0°,40.7,7.3%,9,0.267,.264,0.368,.367,34.1%,25.2%,30.9%,48.7%,74.1%,73.6%,30.1%,36.6%,98.0
LSU,Zach Yorke,All,660,84,88.9,106.8,109.8,40.5%,27.2°,13.6°,29.8,8.3%,7,0.228,.247,0.368,.397,29.8%,35.7%,19.0%,34.2%,55.1%,89.1%,18.6%,18.1%,97.0
Wright State,Patrick Fultz,All,678,96,92.2,105.7,109.3,53.1%,5.7°,12.8°,35.4,9.4%,9,0.252,.252,0.368,.362,45.8%,21.9%,28.1%,44.7%,69.7%,83.3%,26.6%,30.4%,106.0
Florida Atlantic,Patrick Ward,All,648,121,89.2,104.8,111.3,47.9%,11.1°,11.9°,33.1,5.8%,7,0.296,.298,0.368,.396,45.5%,26.4%,26.4%,42.3%,60.6%,85.2%,28.5%,20.1%,86.0
Loyola Marymount,DJ Ghiorso,All,889,150,84.2,99.5,102.3,22.7%,12.0°,10.9°,27.3,0.0%,0,0.291,.266,0.368,.348,50.0%,22.7%,22.7%,36.6%,57.9%,88.8%,20.1%,17.5%,107.0
Memphis,Freddy Rodriguez,All,1086,166,86.6,103.2,106.9,30.1%,3.8°,10.2°,31.3,1.2%,2,0.298,.279,0.368,.363,50.0%,20.5%,27.1%,41.8%,62.7%,86.4%,25.9%,20.7%,86.0
Maine,Shane Andrus,All,393,77,85.0,100.9,105.8,32.5%,8.2°,3.5°,32.5,0.0%,0,0.308,.288,0.368,.356,50.6%,22.1%,26.0%,37.7%,57.9%,87.4%,20.9%,16.2%,92.0
St. John's,Dylan Fitzimmons,All,754,117,88.5,105.8,112.5,37.6%,13.8°,13.4°,32.5,4.3%,5,0.277,.277,0.368,.373,41.9%,25.6%,27.4%,41.5%,63.9%,80.3%,22.2%,24.9%,98.0
LSU,John Pearson,All,509,86,86.9,106.0,110.3,36.0%,15.2°,14.1°,41.9,4.7%,4,0.25,.264,0.367,.363,33.7%,36.0%,25.6%,48.1%,68.9%,81.3%,31.7%,26.9%,67.0
Louisville,Kade Elam,All,739,166,88.5,104.9,109.3,38.0%,11.4°,13.3°,35.5,6.0%,10,0.296,.291,0.367,.382,41.6%,22.9%,29.5%,53.3%,74.7%,87.1%,35.9%,23.1%,59.0
Grambling,Aidan Lopez,All,167,31,83.9,99.5,104.3,29.0%,7.9°,2.1°,25.8,0.0%,0,0.286,.282,0.367,.386,51.6%,29.0%,19.4%,39.5%,75.7%,86.8%,13.4%,19.7%,163.0
Lafayette,Liam Ebbs,All,333,72,90.3,104.6,105.6,52.8%,11.0°,6.6°,37.5,5.6%,4,0.282,.321,0.367,.410,45.8%,23.6%,23.6%,48.6%,75.7%,91.3%,29.9%,17.3%,85.0
Milligan,Brody Melton,All,105,16,90.5,103.4,107.0,56.2%,15.6°,24.4°,50.0,6.2%,1,0.28,.262,0.367,.381,25.0%,37.5%,37.5%,49.5%,79.1%,82.4%,29.0%,28.8%,86.0
William & Mary,Trey Christman,All,350,56,92.7,104.0,108.6,48.2%,18.3°,14.1°,39.3,10.7%,6,0.269,.287,0.367,.407,37.5%,35.7%,21.4%,41.4%,66.0%,81.2%,22.3%,30.3%,97.0
Bradley,Luke Skinner,All,526,81,84.8,102.2,106.3,32.1%,14.7°,15.7°,40.7,1.2%,1,0.315,.302,0.367,.395,38.3%,25.9%,32.1%,46.2%,69.6%,82.6%,26.6%,25.5%,100.0
Southeastern Louisiana,Brody Capps,All,275,64,88.8,103.5,109.2,42.2%,15.7°,18.9°,34.4,9.4%,6,0.273,.307,0.367,.435,31.2%,40.6%,23.4%,52.0%,73.9%,87.8%,37.2%,21.7%,86.0
Cal State Fullerton,Cameron Kim,All,811,155,87.2,101.6,107.1,32.3%,10.7°,6.3°,33.5,1.9%,3,0.289,.277,0.367,.339,42.6%,29.7%,23.9%,43.0%,62.9%,85.8%,28.1%,20.9%,71.0
North Carolina A&T,Tyler Smith,All,148,26,86.0,103.3,107.8,38.5%,1.9°,6.8°,30.8,0.0%,0,0.324,.267,0.367,.315,50.0%,3.8%,34.6%,45.3%,59.5%,82.0%,26.6%,26.9%,90.0
Rutgers,Gabriel Rivera,All,339,66,88.4,104.0,107.8,39.4%,1.7°,9.8°,33.3,6.1%,4,0.313,.321,0.367,.413,47.0%,21.2%,28.8%,48.7%,79.2%,85.1%,26.2%,24.2%,73.0
Bellarmine,Nickolas Gnardellis,All,119,19,85.2,102.6,103.0,42.1%,1.1°,3.3°,10.5,15.8%,3,0.241,.168,0.367,.287,68.4%,26.3%,0.0%,46.2%,63.8%,100.0%,34.7%,27.3%,76.0
SIUE,Brenden Fry,All,391,52,90.5,103.2,105.3,48.1%,9.1°,12.7°,50.0,3.8%,2,0.289,.306,0.367,.390,36.5%,15.4%,48.1%,46.0%,68.9%,73.0%,27.1%,35.0%,102.0
USF,Jevin Relaford,All,684,132,83.7,97.6,102.0,16.7%,11.3°,10.6°,33.3,0.0%,0,0.321,.294,0.367,.359,45.5%,17.4%,28.8%,41.1%,67.2%,87.8%,18.5%,18.1%,116.0
UCF,Javier Crespo,All,724,132,87.2,101.8,105.6,41.7%,4.3°,6.6°,31.8,2.3%,3,0.303,.287,0.367,.373,52.3%,15.9%,25.0%,46.0%,62.0%,90.7%,32.7%,18.9%,66.0
New Mexico,Gene Trujillo,All,325,44,89.3,105.6,112.3,40.9%,19.0°,12.8°,36.4,9.1%,4,0.264,.229,0.367,.328,31.8%,40.9%,22.7%,49.5%,76.4%,67.3%,27.1%,41.6%,72.0
Army,Chris Barr,All,752,122,86.4,96.7,100.4,20.5%,17.5°,18.6°,36.9,0.8%,1,0.287,.224,0.367,.319,34.4%,35.2%,25.4%,45.3%,70.8%,90.3%,28.0%,15.5%,103.0
Utah,Matt Flaharty,All,739,135,87.8,102.0,105.9,36.3%,7.5°,11.2°,38.5,5.9%,8,0.309,.268,0.367,.344,45.9%,20.7%,28.1%,49.4%,70.0%,84.4%,32.8%,24.7%,78.0
UL Monroe,Marcus Aranda,All,727,115,90.6,104.5,109.4,46.1%,12.8°,9.7°,39.1,10.4%,12,0.255,.278,0.367,.378,36.5%,23.5%,26.1%,39.3%,59.5%,84.6%,23.8%,26.2%,82.0
Eastern Michigan,John Hale,All,769,128,82.7,98.8,104.1,25.0%,13.3°,13.7°,32.8,0.0%,0,0.28,.242,0.367,.332,42.2%,30.5%,21.9%,37.1%,61.5%,90.5%,17.4%,14.0%,116.0
Dartmouth,Axel Riess,All,87,12,92.4,103.8,105.7,50.0%,9.8°,10.8°,58.3,16.7%,2,0.294,.378,0.367,.489,33.3%,16.7%,50.0%,41.4%,63.0%,75.9%,17.1%,30.6%,143.0
San Jose State,Neil Jansen,All,254,30,89.6,101.9,111.0,40.0%,21.5°,21.3°,36.7,10.0%,3,0.2,.202,0.366,.347,30.0%,30.0%,30.0%,42.5%,63.3%,76.8%,26.9%,31.5%,96.0
Florida State,John Stuetzer,All,837,119,90.8,107.7,111.4,42.9%,10.8°,14.3°,31.1,9.2%,11,0.267,.227,0.366,.347,41.2%,20.2%,25.2%,49.0%,71.7%,73.7%,29.0%,31.0%,77.0
Indiana,Cole Decker,All,790,115,84.2,100.6,103.1,25.2%,5.6°,11.1°,29.6,1.7%,2,0.3,.249,0.366,.351,47.0%,24.3%,23.5%,38.4%,58.0%,86.8%,20.2%,22.4%,97.0
Jackson State,Shemar Harris,All,116,17,69.2,95.3,95.4,17.6%,7.8°,19.7°,35.3,0.0%,0,0.263,.219,0.366,.322,41.2%,23.5%,29.4%,36.2%,53.5%,73.9%,26.0%,23.8%,107.0
Rutgers,Tristan Salinas,All,526,95,87.9,103.0,106.6,35.8%,10.2°,11.8°,29.5,7.4%,7,0.278,.251,0.366,.351,46.3%,25.3%,20.0%,50.4%,72.7%,77.0%,33.4%,31.7%,60.0
Anderson (SC),Ethan Bonocore,All,89,15,84.8,95.6,100.5,20.0%,8.7°,0.7°,40.0,0.0%,0,0.2,.319,0.366,.470,53.3%,20.0%,20.0%,31.5%,64.5%,95.0%,13.8%,7.1%,158.0
Southern Illinois,Julio Guerrero,All,542,101,87.0,104.1,108.4,33.7%,12.4°,15.6°,35.6,6.9%,7,0.293,.289,0.366,.385,36.6%,28.7%,29.7%,42.4%,66.3%,88.8%,23.1%,16.5%,115.0
Bryant,Michael Fiatarone,All,284,30,87.3,102.7,105.6,33.3%,1.8°,12.2°,40.0,10.0%,3,0.196,.240,0.366,.400,50.0%,20.0%,26.7%,37.3%,60.2%,74.6%,21.1%,34.9%,117.0
Boston College,Luke Gallo,All,636,123,84.5,99.6,105.5,27.6%,4.8°,3.3°,28.5,0.8%,1,0.327,.271,0.366,.335,50.4%,21.1%,24.4%,39.8%,57.7%,91.9%,24.0%,13.8%,92.0
Saint Peter's,Rj Azarieh,All,105,28,93.8,106.2,108.3,46.4%,5.1°,6.8°,25.0,7.1%,2,0.323,.363,0.366,.407,64.3%,14.3%,21.4%,46.7%,77.3%,91.2%,24.6%,20.4%,101.0
Mount Olive,Connor Tepatti,All,63,12,84.4,93.5,94.4,0.0%,5.7°,-,33.3,0.0%,0,0.333,.248,0.366,.295,41.7%,16.7%,33.3%,39.7%,63.6%,90.5%,13.3%,16.0%,125.0
Binghamton,Caden Albright,All,119,15,85.2,98.5,98.9,26.7%,8.8°,13.7°,40.0,0.0%,0,0.25,.197,0.366,.337,53.3%,26.7%,13.3%,28.6%,52.9%,81.5%,10.3%,32.4%,134.0
UT Martin,Amari Conley,All,119,28,80.6,97.8,104.1,14.3%,10.8°,21.2°,32.1,0.0%,0,0.312,.244,0.366,.350,46.4%,21.4%,25.0%,42.9%,73.2%,85.4%,15.9%,19.6%,150.0
St. Bonaventure,Christian LaMothe,All,338,57,86.3,101.8,106.5,26.3%,12.6°,11.8°,35.1,3.5%,2,0.312,.231,0.366,.304,43.9%,26.3%,28.1%,45.3%,65.8%,77.6%,29.1%,27.5%,96.0
Niagara,Jacob Brooks,All,366,99,86.9,97.8,99.9,29.3%,3.8°,8.5°,38.4,0.0%,0,0.352,.303,0.366,.354,48.5%,19.2%,30.3%,54.6%,84.5%,92.3%,29.3%,14.0%,101.0
Loyola-New Orleans,Jason Garcia,All,322,43,82.8,95.3,98.2,11.6%,-4.6°,6.2°,23.3,0.0%,0,0.303,.231,0.366,.330,67.4%,7.0%,23.3%,37.9%,57.1%,87.5%,25.5%,19.7%,126.0
Minnesota,Michael Lippe,All,315,36,94.3,106.6,108.2,66.7%,8.0°,10.0°,36.1,8.3%,3,0.222,.275,0.366,.433,44.4%,11.1%,36.1%,31.4%,54.5%,71.2%,17.0%,39.4%,101.0
Old Dominion,Tyler Zedalis,All,783,136,87.0,105.9,110.4,45.6%,20.1°,18.3°,32.4,10.3%,14,0.276,.245,0.366,.351,32.4%,39.7%,22.1%,46.2%,72.9%,82.6%,26.6%,32.3%,73.0
Kansas State,Grant Gallagher,All,899,127,90.9,104.6,108.0,49.6%,15.2°,13.2°,31.5,8.7%,11,0.265,.259,0.366,.384,39.4%,23.6%,27.6%,36.8%,59.6%,83.3%,15.7%,24.2%,96.0
Florida Atlantic,Marshall Lipsey,All,818,137,85.8,101.0,105.3,32.1%,7.3°,10.1°,29.9,5.1%,7,0.292,.266,0.366,.367,52.6%,19.7%,24.8%,42.9%,74.7%,83.8%,17.6%,24.8%,128.0
West Georgia,David Bell,All,395,59,90.2,103.1,106.3,47.5%,13.7°,18.4°,54.2,15.3%,9,0.28,.274,0.366,.379,25.4%,28.8%,37.3%,51.1%,77.1%,65.6%,32.3%,44.1%,84.0
Dallas Baptist,Dylan Cupp,All,684,99,90.8,105.5,109.2,45.5%,2.5°,6.6°,37.4,6.1%,6,0.271,.283,0.366,.397,53.5%,11.1%,32.3%,37.9%,58.7%,84.5%,22.9%,23.6%,94.0
Rutgers,Ryan Jaros,All,780,149,90.1,105.6,109.7,49.7%,11.4°,13.9°,39.6,9.4%,14,0.298,.311,0.366,.397,40.9%,30.9%,26.8%,53.1%,77.6%,83.2%,32.8%,27.8%,78.0
San Jose State,Rocco Caballero,All,431,79,83.5,98.0,103.5,16.5%,9.8°,14.8°,35.4,0.0%,0,0.319,.248,0.366,.309,41.8%,22.8%,27.8%,43.4%,62.6%,81.2%,28.7%,22.5%,78.0
West Virginia,Tyrus Hall,All,796,80,91.4,106.7,110.2,52.5%,-1.5°,6.7°,28.7,10.0%,8,0.268,.223,0.366,.341,61.3%,21.2%,16.2%,38.6%,61.5%,77.2%,17.9%,35.2%,104.0
Georgia College,Blake Wood,All,75,13,76.9,94.1,94.4,0.0%,7.2°,-,23.1,0.0%,0,0.312,.135,0.366,.226,53.8%,23.1%,15.4%,46.7%,67.6%,82.6%,29.3%,17.1%,151.0
Pacific,Brendan O'Sullivan,All,784,161,85.7,103.2,106.7,36.0%,10.0°,7.4°,34.2,3.7%,6,0.314,.317,0.366,.378,50.9%,21.7%,24.8%,44.5%,69.8%,89.9%,26.6%,18.9%,80.0
Memphis,Cade Hitson,All,269,44,87.9,104.6,107.0,40.9%,3.5°,6.0°,34.1,4.5%,2,0.302,.304,0.366,.379,61.4%,13.6%,22.7%,45.4%,65.3%,76.5%,28.3%,32.0%,83.0
Sacramento State,Jace Jeremiah,All,772,138,88.8,103.2,107.4,38.4%,6.0°,7.5°,35.5,1.4%,2,0.307,.300,0.366,.369,49.3%,18.1%,29.7%,42.2%,67.0%,86.8%,21.7%,21.8%,96.0
Quinnipiac,Christian Smith,All,293,68,91.7,103.9,107.3,45.6%,18.9°,17.5°,42.6,5.9%,4,0.282,.322,0.366,.409,30.9%,30.9%,30.9%,53.6%,75.4%,81.7%,34.2%,26.8%,92.0
New Haven,Aedan Forde,All,90,15,83.4,93.1,96.2,6.7%,26.7°,6.9°,26.7,0.0%,0,0.35,.298,0.366,.335,26.7%,40.0%,26.7%,32.2%,51.1%,95.8%,11.6%,10.3%,129.0
UNLV,Gavin Taylor,All,450,47,86.7,105.6,107.8,40.4%,23.8°,14.7°,31.9,14.9%,7,0.205,.226,0.365,.384,31.9%,29.8%,23.4%,40.4%,68.6%,73.6%,20.2%,33.5%,126.0
Loyola Marymount,Zach Wadas,All,1003,110,84.8,103.2,107.4,30.9%,24.6°,21.6°,40.9,9.1%,10,0.215,.196,0.365,.336,21.8%,38.2%,28.2%,41.8%,69.0%,73.7%,23.2%,38.9%,102.0
Texas A&M,Boston Kellner,All,845,115,89.0,104.7,109.7,40.9%,14.8°,11.5°,31.3,3.5%,4,0.238,.268,0.365,.397,33.0%,29.6%,27.8%,30.5%,51.4%,86.1%,12.4%,20.2%,102.0
Army,Thomas Schreck,All,611,121,88.2,101.6,104.9,40.5%,8.4°,6.4°,32.2,0.8%,1,0.295,.316,0.365,.396,47.9%,19.8%,27.3%,36.8%,58.9%,91.2%,19.4%,14.7%,115.0
Xavier,Eddie Peters,All,249,49,91.7,105.1,112.1,49.0%,10.4°,9.4°,40.8,10.2%,5,0.308,.332,0.365,.405,40.8%,10.2%,34.7%,47.4%,77.7%,88.8%,26.0%,28.8%,101.0
Western Carolina,Jaylen Jones,All,608,135,86.2,102.4,107.9,28.1%,12.0°,11.8°,38.5,3.0%,4,0.304,.294,0.365,.368,40.0%,26.7%,28.9%,51.0%,80.6%,89.9%,30.7%,16.8%,102.0
Canisius,Bennett Cox,All,213,59,81.8,95.9,99.2,13.6%,11.0°,7.2°,37.3,0.0%,0,0.317,.284,0.365,.334,40.7%,22.0%,30.5%,48.8%,74.0%,91.9%,26.5%,8.7%,116.0
Oregon State,Bryce Hubbard,All,662,109,89.0,101.6,106.2,37.6%,12.8°,11.8°,37.6,6.4%,7,0.254,.258,0.365,.379,43.1%,28.4%,21.1%,39.4%,64.7%,83.8%,23.3%,28.0%,105.0
Incarnate Word,Christian Enriquez,All,551,109,87.6,102.3,104.8,33.0%,8.1°,8.6°,38.5,3.7%,4,0.315,.310,0.365,.378,45.9%,24.8%,27.5%,47.2%,72.1%,91.9%,25.3%,16.5%,129.0
Iowa,Kooper Schulte,All,711,139,91.4,106.1,109.5,48.9%,10.6°,13.3°,35.3,5.8%,8,0.281,.304,0.365,.397,39.6%,27.3%,27.3%,46.1%,68.2%,91.2%,26.7%,20.1%,96.0
Houston,Easton Winfield,All,196,21,92.3,99.2,102.9,42.9%,16.4°,8.2°,14.3,0.0%,0,0.222,.158,0.365,.313,38.1%,33.3%,14.3%,36.7%,54.8%,80.4%,23.2%,34.7%,67.0
High Point,Christian Smith,All,523,52,86.1,105.5,108.2,34.6%,13.4°,25.8°,30.8,13.5%,7,0.224,.190,0.365,.334,34.6%,38.5%,23.1%,44.0%,63.5%,73.0%,29.6%,36.5%,88.0
UMES,Diego Aponte,All,48,12,84.1,99.0,99.8,25.0%,9.1°,15.5°,50.0,0.0%,0,0.333,.327,0.365,.362,33.3%,25.0%,41.7%,52.1%,64.0%,81.2%,39.1%,24.0%,37.0
Fairleigh Dickinson,Diego Urreta,All,87,13,84.2,98.1,98.3,23.1%,0.0°,25.6°,30.8,0.0%,0,0.278,.251,0.365,.348,61.5%,7.7%,30.8%,33.3%,59.5%,76.0%,8.9%,24.1%,143.0
St. Thomas (FL),Franklin Pinales Jr.,All,90,9,84.3,101.4,101.7,33.3%,0.0°,2.0°,55.6,0.0%,0,0.312,.232,0.365,.313,44.4%,11.1%,44.4%,43.3%,67.9%,57.9%,32.3%,46.2%,72.0
Grand Canyon,Griffin Cameron,All,521,90,85.7,100.1,103.9,25.6%,2.0°,10.3°,31.1,1.1%,1,0.295,.268,0.365,.348,53.3%,18.9%,25.6%,44.1%,68.8%,87.0%,24.0%,20.4%,110.0
Virginia,Noah Jouras,All,190,29,82.1,102.4,103.6,17.2%,23.5°,18.9°,34.5,6.9%,2,0.229,.200,0.365,.349,24.1%,37.9%,27.6%,45.8%,73.2%,88.3%,25.0%,20.7%,88.0
Arizona State,Dominic Longo,All,458,68,92.7,108.2,113.2,50.0%,13.5°,13.4°,35.3,8.8%,6,0.24,.286,0.365,.387,42.6%,25.0%,29.4%,45.9%,68.5%,88.5%,27.8%,24.3%,94.0
Oklahoma Wesleyan,Luis Antigua,All,67,13,82.4,94.3,96.3,7.7%,-6.2°,-,30.8,0.0%,0,0.333,-,0.365,-,61.5%,0.0%,30.8%,43.3%,60.7%,76.5%,30.8%,20.7%,
Western Carolina,Walker Fox,All,753,121,86.5,104.4,109.0,38.0%,13.3°,14.2°,35.5,7.4%,9,0.27,.243,0.365,.344,37.2%,24.0%,28.1%,48.9%,73.7%,79.0%,32.1%,30.2%,71.0
Missouri,Sam Parker,All,144,18,88.8,104.7,105.5,38.9%,18.9°,15.2°,38.9,5.6%,1,0.214,.238,0.364,.377,27.8%,33.3%,22.2%,35.4%,68.3%,63.4%,11.9%,41.2%,131.0
Dayton,Dyrenson Wouters,All,692,159,83.1,99.9,105.6,18.9%,15.0°,9.7°,31.4,1.9%,3,0.308,.269,0.364,.330,41.5%,27.0%,25.2%,43.5%,53.5%,94.3%,34.5%,9.0%,52.0
Villanova,Austin Lemon,All,621,117,81.0,94.1,95.9,3.4%,3.6°,13.7°,41.9,0.0%,0,0.286,.323,0.364,.403,53.0%,12.8%,33.3%,38.6%,67.8%,86.9%,16.2%,15.8%,144.0
Longwood,Tyler Bruggeman,All,189,22,89.4,101.4,102.3,22.7%,5.3°,5.9°,31.8,0.0%,0,0.257,.200,0.364,.341,50.0%,13.6%,22.7%,34.4%,53.8%,88.0%,15.6%,20.0%,124.0
Wright State,Keegan Holmstrom,All,626,105,85.2,101.5,103.9,30.5%,4.1°,7.0°,33.3,1.0%,1,0.312,.271,0.364,.345,49.5%,22.9%,25.7%,37.1%,56.9%,86.9%,20.9%,15.5%,110.0
Longwood,Jon Howard,All,809,132,92.3,107.8,111.2,49.2%,14.9°,17.2°,37.9,13.6%,18,0.24,.284,0.364,.430,33.3%,33.3%,26.5%,41.3%,67.3%,83.4%,19.7%,24.3%,101.0
Marshall,Jackson Halter,All,860,159,90.5,104.8,108.0,45.9%,8.5°,8.6°,30.8,9.4%,15,0.263,.276,0.364,.377,49.1%,22.6%,20.1%,45.5%,72.3%,83.0%,23.9%,25.6%,112.0
Lehigh,Ian Wirtz,All,323,66,87.4,102.4,107.2,33.3%,13.3°,22.2°,28.8,6.1%,4,0.306,.252,0.364,.353,39.4%,34.8%,19.7%,49.5%,68.5%,88.2%,33.3%,21.2%,86.0
VCU,Nick Flores,All,688,156,86.2,100.9,103.6,34.0%,14.7°,12.8°,35.9,3.8%,6,0.296,.287,0.364,.351,37.8%,29.5%,28.2%,44.6%,66.1%,91.9%,26.3%,15.6%,102.0
Saint Louis,Chase Beattie,All,686,95,83.9,104.4,109.0,31.6%,16.4°,18.1°,38.9,9.5%,9,0.231,.227,0.364,.342,36.8%,26.3%,27.4%,41.8%,59.2%,79.1%,28.4%,31.0%,90.0
UTRGV,Diego Villescas,All,701,130,86.5,101.3,105.4,34.6%,5.1°,13.2°,33.8,3.8%,5,0.283,.283,0.364,.377,46.9%,26.2%,22.3%,46.1%,69.8%,91.0%,26.4%,19.5%,115.0
UNLV,Reggie Bussey,All,531,70,81.0,99.4,101.6,17.1%,3.7°,16.7°,25.7,0.0%,0,0.296,.181,0.364,.295,51.4%,17.1%,22.9%,42.7%,63.3%,77.6%,27.5%,27.3%,96.0
UAB,Max Price,All,459,62,87.4,105.8,110.2,41.9%,16.0°,19.9°,43.5,11.3%,7,0.244,.250,0.364,.371,32.3%,29.0%,30.6%,42.3%,64.8%,73.9%,22.8%,32.5%,78.0
NJIT,Connor Klock,All,53,14,88.2,95.6,96.3,28.6%,17.1°,17.9°,35.7,0.0%,0,0.333,.314,0.364,.385,35.7%,21.4%,35.7%,41.5%,88.9%,68.8%,17.1%,27.3%,167.0
UL Monroe,Garrett Wiethorn,All,642,105,84.1,97.2,101.8,22.9%,9.3°,3.1°,38.1,0.0%,0,0.308,.254,0.364,.317,43.8%,20.0%,29.5%,41.7%,62.2%,85.7%,23.4%,25.0%,72.0
South Alabama,Michael Young,All,787,172,88.4,102.3,107.9,36.6%,7.3°,7.9°,33.7,1.7%,3,0.294,.318,0.364,.370,48.3%,20.3%,25.6%,46.6%,72.3%,89.3%,26.1%,15.8%,86.0
Little Rock,Jack Bilski,All,194,44,82.7,94.2,96.3,4.5%,4.5°,-8.9°,34.1,0.0%,0,0.347,.320,0.364,.355,52.3%,13.6%,31.8%,53.6%,81.0%,79.7%,34.8%,20.2%,107.0
Seattle,Ryder Manale,All,453,72,88.3,103.4,109.3,34.7%,2.9°,2.3°,34.7,0.0%,0,0.273,.287,0.364,.357,54.2%,13.9%,30.6%,41.3%,68.7%,83.1%,20.0%,24.6%,123.0
UCLA,Dean West,All,1135,194,87.2,101.9,106.4,29.9%,8.7°,7.5°,31.4,1.0%,2,0.28,.282,0.363,.368,45.9%,27.8%,23.7%,31.5%,50.3%,93.4%,12.5%,9.5%,108.0
Incarnate Word,Tyler Garritano,All,237,44,85.7,102.9,103.8,40.9%,-1.9°,3.0°,27.3,2.3%,1,0.291,.277,0.363,.348,61.4%,15.9%,20.5%,42.2%,63.8%,88.1%,25.0%,25.0%,108.0
Stanford,Brock Ketelsen,All,150,21,89.0,101.9,101.9,38.1%,8.7°,4.8°,19.0,0.0%,0,0.16,.233,0.363,.399,57.1%,9.5%,19.0%,35.3%,62.7%,83.8%,17.6%,20.8%,128.0
Seton Hall,Magnus Krieger,All,432,66,94.1,107.9,109.3,51.5%,2.3°,6.4°,31.8,6.1%,4,0.296,.286,0.363,.380,48.5%,19.7%,28.8%,46.8%,72.6%,71.7%,29.2%,38.6%,73.0
Northeastern,Cooper Tarantino,All,482,56,87.8,104.0,108.3,37.5%,2.6°,11.2°,32.1,3.6%,2,0.225,.230,0.363,.359,53.6%,21.4%,21.4%,32.8%,54.6%,69.4%,13.3%,32.3%,114.0
Missouri State,Bobby Atkinson,All,411,66,91.3,103.9,108.4,43.9%,14.1°,10.7°,43.9,6.1%,4,0.286,.270,0.363,.341,34.8%,30.3%,34.8%,46.5%,64.4%,85.4%,30.9%,24.1%,95.0
Eastern Michigan,TJ Williams,All,619,92,77.0,87.5,91.3,0.0%,5.9°,-,31.5,0.0%,0,0.305,.219,0.363,.311,54.3%,17.4%,23.9%,37.6%,56.1%,92.4%,19.7%,13.3%,84.0
William & Mary,Matthew Kosuda,All,621,121,88.6,105.3,108.8,38.8%,5.7°,11.0°,34.7,5.8%,7,0.319,.257,0.363,.324,51.2%,19.8%,23.1%,55.2%,77.2%,78.9%,36.1%,30.3%,69.0
Alabama,Eric Hines,All,416,65,95.3,108.2,112.0,60.0%,9.8°,11.7°,35.4,18.5%,12,0.284,.301,0.363,.407,40.0%,24.6%,32.3%,56.5%,79.1%,76.4%,39.7%,40.4%,41.0
Rider,Demetri Bardatsos,All,67,11,78.0,92.8,94.3,9.1%,6.8°,-6.7°,9.1,0.0%,0,0.25,.235,0.363,.360,63.6%,27.3%,9.1%,34.3%,59.1%,100.0%,22.2%,0.0%,103.0
Mount Olive,Rowan Watt,All,113,25,88.3,99.5,103.3,32.0%,28.0°,17.7°,32.0,4.0%,1,0.276,.225,0.363,.309,20.0%,52.0%,20.0%,41.6%,61.7%,83.8%,18.9%,23.4%,81.0
UC Davis,Korey Williams,All,355,63,84.6,101.4,102.5,30.2%,-0.5°,4.0°,30.2,0.0%,0,0.304,.267,0.363,.337,61.9%,14.3%,22.2%,38.0%,63.7%,88.2%,16.9%,20.7%,97.0
Vanderbilt,Chris Maldonado,All,494,75,87.7,104.8,107.0,38.7%,18.3°,16.6°,41.3,1.3%,1,0.26,.271,0.363,.362,29.3%,33.3%,32.0%,51.2%,71.0%,82.2%,35.2%,27.7%,87.0
Campbell,Logen Sutton,All,159,26,92.5,104.3,106.2,42.3%,13.8°,11.7°,38.5,3.8%,1,0.267,.326,0.363,.427,34.6%,26.9%,38.5%,38.4%,60.9%,83.3%,21.1%,27.9%,90.0
Gonzaga,Hudson Shupe,All,702,129,84.0,98.3,102.6,17.8%,11.7°,9.9°,30.2,0.0%,0,0.272,.257,0.363,.344,45.0%,27.9%,23.3%,41.5%,63.0%,94.0%,23.5%,17.2%,102.0
NJIT,Sheehan O'Connor,All,115,17,89.3,104.1,105.3,35.3%,25.1°,14.4°,35.3,5.9%,1,0.286,.219,0.363,.276,17.6%,35.3%,29.4%,58.3%,77.6%,68.9%,38.6%,40.3%,89.0
High Point,E'mar Fleming II,All,207,26,83.3,102.6,104.1,30.8%,19.7°,19.2°,34.6,7.7%,2,0.22,.174,0.363,.301,34.6%,23.1%,26.9%,35.3%,66.2%,79.2%,15.7%,27.4%,114.0
Charlotte,Spencer Nolan,All,984,186,86.6,100.6,105.0,30.6%,8.9°,14.4°,32.8,2.2%,4,0.3,.284,0.363,.362,47.8%,23.1%,24.2%,49.8%,81.6%,83.4%,23.0%,25.1%,113.0
William & Mary,Charlie Iriotakis,All,612,128,87.6,102.7,108.1,37.5%,7.6°,7.2°,34.4,4.7%,6,0.284,.289,0.363,.367,45.3%,26.6%,23.4%,43.0%,65.1%,89.0%,24.6%,17.1%,95.0
Old Dominion,Zachary Leite,All,812,163,87.3,105.4,110.1,42.9%,4.9°,8.2°,38.7,6.1%,10,0.311,.315,0.363,.384,49.1%,20.9%,29.4%,42.5%,65.1%,91.2%,23.8%,16.2%,91.0
San Diego,Jayton Greer,All,443,67,81.9,100.7,105.6,29.9%,1.0°,12.2°,23.9,1.5%,1,0.278,.231,0.363,.327,59.7%,16.4%,17.9%,41.8%,59.9%,87.2%,29.1%,24.9%,87.0
Pepperdine,Shawn Romero,All,213,35,83.9,100.7,104.0,25.7%,12.7°,4.0°,34.3,5.7%,2,0.302,.260,0.363,.344,40.0%,31.4%,22.9%,43.7%,70.0%,90.0%,20.4%,19.4%,89.0
Wofford,Andrew Mannelly,All,397,67,88.0,102.6,108.2,40.3%,15.3°,12.1°,29.9,4.5%,3,0.259,.259,0.363,.370,40.3%,23.9%,28.4%,38.5%,60.2%,84.0%,21.3%,21.6%,105.0
Evansville,Reid Haire,All,860,132,89.1,103.0,109.0,46.2%,13.7°,9.4°,41.7,9.1%,12,0.258,.269,0.363,.378,37.1%,28.8%,30.3%,46.4%,67.7%,83.5%,28.5%,28.1%,91.0
Eastern Kentucky,David Alvarez,All,718,131,91.2,105.7,112.5,46.6%,0.9°,5.8°,24.4,5.3%,7,0.297,.278,0.363,.340,60.3%,16.0%,20.6%,50.4%,67.2%,80.7%,36.0%,26.8%,76.0
Hawaii,Mana Lau-Kong,All,183,25,98.1,111.6,113.6,72.0%,2.2°,7.2°,36.0,4.0%,1,0.366,.291,0.363,.336,44.0%,16.0%,40.0%,53.6%,72.4%,69.1%,40.2%,39.8%,15.0
UNC Greensboro,Tanner Berry,All,574,84,84.0,98.6,100.0,26.2%,1.0°,11.9°,35.7,0.0%,0,0.322,.274,0.363,.335,59.5%,10.7%,29.8%,39.2%,60.1%,82.6%,22.2%,31.1%,90.0
Southeast Missouri,Brooks Kettering,All,767,111,86.2,102.6,105.3,31.5%,12.3°,11.1°,32.4,1.8%,2,0.262,.277,0.362,.384,37.8%,21.6%,30.6%,33.8%,56.1%,88.6%,15.6%,15.8%,127.0
Michigan State,Randy Seymour,All,803,161,89.4,106.8,111.0,39.8%,19.6°,15.5°,36.0,9.9%,16,0.268,.280,0.362,.362,31.1%,34.2%,26.1%,57.5%,80.9%,84.4%,38.9%,27.9%,63.0
Indiana,Brayden Ricketts,All,692,109,90.0,106.1,110.5,42.2%,13.7°,18.0°,32.1,8.3%,9,0.239,.265,0.362,.385,40.4%,30.3%,22.9%,38.6%,62.8%,79.8%,17.3%,24.0%,115.0
UCLA,Aidan Espinoza,All,190,34,89.6,102.9,104.0,23.5%,15.2°,9.1°,29.4,0.0%,0,0.325,.284,0.362,.348,41.2%,26.5%,26.5%,37.9%,54.3%,92.0%,22.4%,18.1%,99.0
Oregon State,Paul Vazquez,All,740,121,92.7,105.8,108.6,51.2%,13.4°,9.7°,27.3,6.6%,8,0.287,.279,0.362,.366,45.5%,23.1%,22.3%,44.1%,63.1%,86.1%,29.5%,29.8%,84.0
Southern,Jaylon Lucky,All,136,16,87.3,97.5,98.0,18.8%,7.6°,11.0°,37.5,0.0%,0,0.211,.259,0.362,.425,31.2%,18.8%,37.5%,33.8%,51.9%,92.9%,22.0%,21.7%,104.0
Texas State,Blake Beheler,All,137,21,89.5,104.4,110.4,38.1%,21.1°,17.3°,19.0,4.8%,1,0.207,.213,0.362,.366,33.3%,52.4%,9.5%,39.4%,52.8%,82.1%,31.0%,25.9%,83.0
Stonehill,Nathan Kearney,All,147,34,85.4,100.1,104.4,32.4%,-11.2°,-3.4°,8.8,0.0%,0,0.314,.271,0.362,.314,82.4%,8.8%,8.8%,41.5%,67.8%,92.5%,23.9%,9.8%,99.0
UC Santa Barbara,Colin Beazizo,All,375,53,86.4,102.5,106.2,30.2%,3.0°,12.8°,34.0,7.5%,4,0.308,.247,0.362,.331,54.7%,18.9%,24.5%,41.6%,65.6%,86.1%,24.9%,33.3%,91.0
San Francisco,Eddison Esquivel,All,678,113,84.8,102.7,110.6,27.4%,9.3°,8.8°,34.5,1.8%,2,0.277,.228,0.362,.318,45.1%,19.5%,27.4%,44.4%,70.5%,78.6%,25.4%,31.6%,107.0
BYU,Cooper Jones,All,185,18,88.5,105.1,106.9,38.9%,17.7°,19.0°,50.0,11.1%,2,0.237,.201,0.362,.336,27.8%,22.2%,38.9%,39.5%,59.0%,76.1%,25.2%,41.1%,78.0
Connecticut,Anthony Belisario,All,341,54,86.7,99.8,101.8,33.3%,7.2°,23.0°,33.3,1.9%,1,0.306,.287,0.362,.372,46.3%,22.2%,29.6%,41.9%,67.3%,83.2%,19.8%,21.0%,131.0
Kent State,Ripken Reese,All,576,102,86.8,103.3,111.2,39.2%,11.7°,13.6°,32.4,5.9%,6,0.256,.279,0.362,.385,42.2%,33.3%,21.6%,47.0%,68.9%,81.5%,32.8%,28.4%,67.0
Butler,David Ayers,All,703,87,89.4,104.2,108.1,44.8%,17.6°,16.9°,34.5,10.3%,9,0.255,.240,0.362,.339,34.5%,29.9%,28.7%,42.4%,66.0%,75.3%,26.0%,39.6%,83.0
North Alabama,Tyler LePage,All,402,85,86.4,98.3,100.3,22.4%,12.6°,10.6°,41.2,2.4%,2,0.283,.300,0.362,.367,37.6%,25.9%,29.4%,43.8%,72.2%,90.6%,21.7%,15.9%,109.0
Wagner,Omar Carreras,All,122,17,91.9,103.8,104.2,58.8%,7.7°,9.4°,41.2,11.8%,2,0.24,.268,0.362,.408,47.1%,23.5%,29.4%,36.9%,59.6%,85.3%,16.9%,26.7%,129.0
St. Thomas (FL),Lester Martinez,All,308,39,84.9,101.8,103.5,33.3%,11.2°,14.9°,41.0,2.6%,1,0.302,.242,0.362,.330,41.0%,20.5%,35.9%,40.3%,68.6%,79.0%,22.6%,35.5%,106.0
Iona,Cole Silvia,All,118,18,86.0,99.7,101.9,27.8%,7.0°,9.9°,11.1,0.0%,0,0.286,.207,0.362,.286,66.7%,11.1%,11.1%,47.5%,74.0%,67.6%,27.9%,37.5%,92.0
Abilene Christian,Braden Regala,All,212,26,82.1,96.7,101.5,15.4%,9.4°,19.5°,38.5,3.8%,1,0.244,.195,0.361,.318,38.5%,30.8%,30.8%,37.7%,64.3%,79.4%,14.9%,31.2%,118.0
Davidson,Gavin Thomas,All,161,19,88.5,104.1,105.8,42.1%,21.6°,28.3°,36.8,10.5%,2,0.182,.210,0.361,.354,42.1%,36.8%,15.8%,41.6%,61.3%,67.4%,24.4%,41.8%,93.0
Anderson (SC),Ben Bullard,All,138,24,90.3,99.7,102.4,37.5%,26.4°,13.7°,45.8,0.0%,0,0.31,.288,0.361,.370,16.7%,54.2%,29.2%,42.0%,65.1%,90.2%,22.7%,19.0%,83.0
NJIT,Dillon Can,All,143,34,86.0,101.3,104.4,26.5%,4.3°,12.5°,29.4,2.9%,1,0.275,.256,0.361,.333,50.0%,23.5%,20.6%,46.9%,69.0%,85.7%,25.0%,19.4%,114.0
Coastal Carolina,Walker Mitchell,All,954,155,88.4,102.4,106.4,40.6%,7.4°,11.5°,35.5,1.9%,3,0.317,.292,0.361,.377,42.6%,20.0%,33.5%,40.1%,60.5%,89.2%,23.6%,17.8%,91.0
Albany,Mike Maggio,All,320,69,78.5,98.0,101.0,15.9%,-14.0°,-3.7°,23.2,0.0%,0,0.329,.276,0.361,.319,72.5%,8.7%,15.9%,47.8%,67.1%,91.8%,31.6%,16.3%,80.0
Lindenwood,Sam Driscoll,All,478,80,86.3,100.5,109.5,27.5%,12.6°,11.7°,25.0,1.2%,1,0.277,.219,0.361,.304,43.8%,26.2%,23.8%,36.0%,53.6%,86.6%,20.7%,18.0%,95.0
Montreat,Hunter Furches,All,57,7,77.7,83.9,85.3,0.0%,-6.3°,-,14.3,0.0%,0,0.273,-,0.361,-,85.7%,0.0%,14.3%,47.4%,82.4%,92.9%,32.5%,22.2%,
Saint Joseph's,Joe Gale,All,629,112,79.7,100.4,105.1,24.1%,13.2°,9.6°,38.4,1.8%,2,0.296,.269,0.361,.340,39.3%,27.7%,27.7%,46.4%,61.9%,91.1%,34.6%,20.5%,59.0
South Dakota State,Nolan Grawe,All,405,81,85.2,102.6,105.0,29.6%,4.1°,10.7°,29.6,1.2%,1,0.286,.277,0.361,.362,48.1%,24.7%,23.5%,42.5%,64.4%,93.0%,25.4%,12.2%,95.0
Washington State,Mason Pirello,All,256,30,90.2,103.1,108.4,43.3%,9.0°,9.9°,50.0,0.0%,0,0.286,.274,0.361,.362,30.0%,13.3%,53.3%,46.1%,69.2%,76.5%,26.6%,36.4%,96.0
Northern Colorado,Wilson Kieffer,All,99,15,82.4,98.7,101.0,13.3%,-3.4°,14.7°,33.3,0.0%,0,0.286,.297,0.361,.373,60.0%,0.0%,33.3%,31.3%,36.8%,85.7%,27.9%,29.0%,82.0
Lindenwood,Will Geary,All,677,138,89.5,103.0,106.2,44.9%,14.0°,11.7°,39.9,3.6%,5,0.305,.312,0.361,.392,36.2%,26.8%,33.3%,46.1%,70.9%,90.4%,28.8%,16.7%,101.0
Canisius,Grady Brown,All,104,20,76.5,94.0,95.1,5.0%,1.6°,5.2°,30.0,0.0%,0,0.348,.256,0.361,.274,55.0%,15.0%,25.0%,39.4%,61.2%,83.3%,20.0%,29.3%,69.0
Northwestern State,Joe Siervo,All,353,50,90.9,104.2,107.2,50.0%,8.5°,9.0°,34.0,6.0%,3,0.267,.253,0.361,.350,44.0%,28.0%,26.0%,43.9%,71.3%,80.3%,20.1%,29.7%,121.0
Tulane,Brett Rowell,All,96,20,84.3,99.0,106.4,40.0%,8.6°,9.5°,30.0,5.0%,1,0.286,.390,0.361,.453,55.0%,25.0%,20.0%,42.7%,64.7%,95.5%,30.6%,4.9%,83.0
Army,Paul Andrzejewski,All,194,36,83.5,96.8,104.3,16.7%,5.7°,8.7°,47.2,0.0%,0,0.364,.289,0.361,.344,47.2%,8.3%,41.7%,38.7%,57.8%,95.8%,24.3%,9.3%,113.0
Davidson,Matthew Vannoy,All,938,117,83.3,97.1,100.7,19.7%,10.5°,9.7°,33.3,0.0%,0,0.282,.248,0.361,.335,47.9%,20.5%,27.4%,34.8%,58.9%,89.0%,15.4%,22.1%,113.0
Bellarmine,Connor Pawlowski,All,103,21,84.5,101.6,101.8,23.8%,-6.1°,0.3°,23.8,0.0%,0,0.333,.321,0.361,.370,61.9%,9.5%,23.8%,43.7%,76.9%,93.3%,23.4%,15.6%,138.0
Columbia,Hunter Snyder,All,462,80,86.0,98.9,102.3,25.0%,8.1°,11.4°,36.2,0.0%,0,0.301,.276,0.361,.341,53.8%,20.0%,22.5%,42.0%,61.5%,81.7%,26.5%,23.2%,118.0
Michigan State,Noah Bright,All,636,111,84.7,101.6,104.9,31.5%,16.6°,13.8°,38.7,1.8%,2,0.29,.261,0.361,.349,36.0%,26.1%,27.9%,44.8%,65.7%,90.3%,26.5%,19.3%,99.0
Arkansas-Pine Bluff,Blake Coleman,All,166,32,84.1,97.0,102.6,12.5%,1.9°,11.2°,31.2,3.1%,1,0.325,.254,0.361,.333,59.4%,18.8%,18.8%,50.0%,69.6%,85.4%,36.1%,22.9%,26.0
UMass Lowell,Sean O'Leary,All,304,59,82.7,101.9,110.3,30.5%,4.6°,12.2°,28.8,6.8%,4,0.258,.292,0.361,.384,47.5%,25.4%,20.3%,42.4%,65.6%,94.0%,25.6%,17.8%,97.0
Lamar,Beau Durbin,All,981,166,88.6,105.5,108.3,36.7%,1.2°,11.2°,27.1,7.2%,12,0.289,.277,0.361,.376,58.4%,16.9%,18.1%,42.3%,63.7%,85.2%,21.3%,20.0%,100.0
Southern Wesleyan,Josh Long,All,109,16,77.4,93.3,96.4,6.2%,17.2°,10.2°,56.2,0.0%,0,0.286,.210,0.361,.286,31.2%,18.8%,43.8%,44.0%,72.3%,85.3%,22.6%,18.8%,125.0
Southern,Jacoby Radcliffe,All,118,11,86.2,96.7,100.1,18.2%,15.8°,7.1°,27.3,0.0%,0,0.3,.141,0.361,.338,36.4%,18.2%,18.2%,32.2%,54.9%,85.7%,14.9%,31.6%,127.0
Creighton,Rocco Gump,All,978,136,87.9,102.5,107.0,31.6%,5.9°,8.4°,28.7,5.1%,7,0.265,.246,0.361,.353,46.3%,24.3%,25.0%,35.6%,59.6%,84.4%,14.9%,21.6%,99.0
Bryant,Hudson Story,All,224,28,88.2,101.5,105.9,39.3%,15.8°,14.9°,53.6,7.1%,2,0.245,.212,0.361,.330,28.6%,35.7%,35.7%,43.8%,65.5%,74.5%,30.7%,36.7%,105.0
Long Island,Elijah Fairchild,All,281,41,87.5,98.5,104.9,29.3%,11.6°,9.3°,29.3,0.0%,0,0.311,.247,0.361,.313,43.9%,29.3%,24.4%,39.5%,61.3%,88.2%,22.3%,18.9%,121.0
Youngstown State,Nick Miscavage,All,51,8,83.7,90.2,93.2,12.5%,21.6°,-6.3°,12.5,0.0%,0,0.273,.154,0.361,.281,37.5%,50.0%,12.5%,39.2%,68.2%,86.7%,17.2%,25.0%,148.0
Northern Colorado,Samuel Pease,All,187,31,84.5,96.9,103.3,19.4%,4.6°,8.1°,38.7,0.0%,0,0.333,.223,0.361,.280,54.8%,12.9%,32.3%,42.8%,59.3%,76.5%,28.7%,31.2%,71.0
Fresno State,Owen Faust,All,720,135,85.2,99.7,104.1,23.7%,13.9°,6.8°,30.4,0.0%,0,0.278,.259,0.361,.332,43.7%,25.2%,23.0%,39.0%,58.5%,92.4%,25.6%,18.1%,105.0
North Dakota State,Kaden Connor,All,293,23,87.1,97.2,99.6,21.7%,20.4°,19.7°,43.5,4.3%,1,0.255,.164,0.361,.314,30.4%,30.4%,39.1%,31.1%,53.3%,79.2%,12.0%,34.1%,96.0
Illinois State,Payton McHarg,All,300,52,88.5,102.7,106.2,32.7%,6.4°,22.3°,23.1,0.0%,0,0.231,.212,0.361,.316,50.0%,32.7%,15.4%,44.7%,71.0%,78.6%,20.0%,26.9%,127.0
UNC Wilmington,Kevin Jones,All,794,131,83.2,100.0,103.8,22.1%,9.7°,13.1°,29.8,1.5%,2,0.281,.251,0.36,.329,47.3%,23.7%,26.0%,39.3%,59.4%,88.0%,25.5%,20.8%,103.0
Oklahoma State,Daniel Wallace,All,377,39,91.8,106.6,109.9,46.2%,16.3°,15.3°,38.5,12.8%,5,0.216,.211,0.36,.350,38.5%,28.2%,23.1%,37.9%,57.1%,67.7%,22.5%,39.9%,98.0
Bowling Green,Samuel Seidel,All,527,69,87.8,99.7,103.4,31.9%,15.0°,15.2°,29.0,1.4%,1,0.245,.226,0.36,.320,44.9%,23.2%,26.1%,45.5%,67.4%,84.7%,27.0%,24.2%,106.0
Lindenwood,Charlie Isom-McCall,All,552,118,83.1,96.6,100.7,16.1%,15.2°,11.7°,37.3,0.0%,0,0.301,.260,0.36,.331,39.0%,30.5%,27.1%,39.7%,61.6%,92.8%,18.5%,12.8%,122.0
UNC Wilmington,Jake Bechtel,All,790,117,88.4,106.2,112.0,42.7%,14.4°,14.2°,28.2,8.5%,10,0.267,.229,0.36,.321,41.9%,26.5%,22.2%,49.0%,67.6%,83.9%,34.2%,25.1%,47.0
Saint Louis,Hank Gomric,All,743,143,86.1,101.4,105.7,24.5%,19.7°,13.9°,33.6,1.4%,2,0.266,.261,0.36,.353,30.1%,40.6%,24.5%,45.1%,67.9%,87.2%,26.6%,17.9%,100.0
UMass Lowell,Cal Chance,All,313,62,87.3,101.6,104.6,27.4%,15.0°,7.2°,45.2,0.0%,0,0.319,.356,0.36,.398,35.5%,14.5%,41.9%,44.4%,62.2%,92.9%,30.9%,10.8%,76.0
Yale,Chris DiPrima,All,555,104,84.0,97.2,101.0,16.3%,5.0°,5.3°,32.7,0.0%,0,0.336,.338,0.36,.397,54.8%,17.3%,26.9%,37.7%,64.2%,95.7%,15.3%,10.5%,137.0
Army,Bennie Franquiz,All,43,7,84.1,95.4,96.9,14.3%,-9.9°,9.0°,42.9,0.0%,0,0.3,.272,0.36,.318,57.1%,0.0%,42.9%,34.9%,44.4%,100.0%,28.0%,13.3%,30.0
Biola,Luke Caruso,All,101,22,84.0,100.7,104.0,31.8%,10.2°,9.6°,18.2,0.0%,0,0.348,.286,0.36,.348,50.0%,27.3%,18.2%,42.6%,81.1%,96.7%,20.3%,9.3%,139.0
Nicholls,Logan Mock,All,106,15,81.3,95.1,95.4,20.0%,3.8°,4.2°,46.7,0.0%,0,0.3,.242,0.36,.351,46.7%,26.7%,26.7%,40.6%,66.7%,83.3%,21.3%,23.3%,139.0
Troy,Josh Pyne,All,994,177,86.9,103.2,106.6,35.6%,14.7°,11.4°,31.6,3.4%,6,0.275,.253,0.36,.331,42.4%,25.4%,22.0%,46.4%,65.0%,86.7%,31.6%,21.5%,76.0
Georgetown,AJ Solomon,All,393,49,83.8,95.6,97.1,12.2%,11.2°,14.6°,36.7,0.0%,0,0.231,.259,0.36,.380,42.9%,32.7%,24.5%,30.3%,52.0%,87.9%,12.8%,19.3%,110.0
Seattle,Sebastian Lopez,All,90,12,91.0,100.3,100.4,41.7%,12.0°,13.0°,41.7,8.3%,1,0.316,.296,0.36,.348,33.3%,16.7%,41.7%,40.0%,72.7%,91.7%,21.1%,27.8%,102.0
North Carolina,Colin Hynek,All,829,154,88.8,104.3,108.3,42.9%,17.8°,16.3°,35.1,7.1%,11,0.26,.260,0.36,.373,35.1%,39.0%,23.4%,48.7%,72.8%,83.3%,29.3%,26.7%,79.0
FGCU,Nathan Gagnon,All,358,50,86.0,99.6,101.0,30.0%,9.5°,12.4°,30.0,0.0%,0,0.286,.224,0.36,.328,54.0%,22.0%,18.0%,41.3%,69.0%,92.0%,22.5%,16.9%,129.0
West Virginia,Brodie Kresser,All,614,115,85.2,98.7,102.5,25.2%,10.5°,9.3°,36.5,0.0%,0,0.291,.261,0.36,.351,43.5%,29.6%,26.1%,37.5%,61.5%,85.0%,19.8%,21.3%,106.0
South Carolina,Dawson Harman,All,576,78,86.8,105.9,109.8,46.2%,10.7°,20.9°,42.3,9.0%,7,0.238,.238,0.36,.367,41.0%,29.5%,28.2%,51.2%,83.0%,73.3%,30.1%,39.3%,75.0
Texas Southern,Byron Robinson,All,56,6,93.3,101.7,104.6,50.0%,12.0°,-0.2°,16.7,16.7%,1,0.3,.191,0.36,.301,50.0%,33.3%,16.7%,37.5%,51.5%,76.5%,17.4%,33.3%,70.0
Northwestern,Noah Ruiz,All,708,160,85.0,99.4,103.9,23.8%,15.7°,17.2°,43.1,3.8%,6,0.306,.309,0.36,.369,36.9%,31.9%,28.7%,53.2%,74.9%,90.9%,33.5%,21.2%,81.0
Saint Louis,Matt Arnold,All,464,59,82.1,97.8,101.9,16.9%,13.0°,13.9°,35.6,3.4%,2,0.258,.234,0.36,.332,40.7%,28.8%,27.1%,42.2%,71.8%,80.7%,20.8%,29.1%,120.0
UMBC,Nolan Kutney,All,55,11,92.2,103.9,105.2,63.6%,4.7°,12.3°,54.5,9.1%,1,0.231,.393,0.359,.494,36.4%,18.2%,45.5%,34.5%,60.0%,86.7%,13.3%,15.8%,115.0
Auburn,Taylor Belza,All,80,6,89.9,104.3,106.0,33.3%,8.8°,20.5°,16.7,16.7%,1,0.231,.179,0.359,.295,66.7%,16.7%,0.0%,30.0%,47.2%,76.5%,15.9%,33.3%,71.0
UT Arlington,Preston Knott,All,538,87,89.1,103.7,107.1,41.4%,12.8°,9.0°,28.7,10.3%,9,0.259,.278,0.359,.379,41.4%,26.4%,23.0%,39.4%,61.7%,87.8%,21.5%,18.4%,119.0
Illinois,JR Nelson,All,713,120,83.2,95.1,100.2,10.8%,15.9°,6.0°,30.8,0.0%,0,0.27,.225,0.359,.325,40.8%,29.2%,22.5%,35.9%,54.5%,89.4%,21.4%,12.5%,87.0
West Virginia,Armani Guzman,All,815,144,88.3,100.6,107.5,33.3%,10.5°,7.2°,31.9,1.4%,2,0.297,.283,0.359,.359,45.8%,26.4%,25.7%,46.7%,76.2%,84.1%,20.1%,23.4%,128.0
Towson,Josh Janove,All,368,57,86.7,100.6,101.4,33.3%,11.6°,8.7°,31.6,0.0%,0,0.257,.259,0.359,.351,43.9%,14.0%,29.8%,42.4%,64.4%,83.8%,24.9%,27.6%,101.0
Penn State,Spencer Barnett,All,591,94,89.4,103.1,106.8,41.5%,15.9°,18.2°,39.4,12.8%,12,0.25,.268,0.359,.390,36.2%,36.2%,24.5%,46.7%,70.8%,75.3%,25.9%,34.8%,92.0
Louisiana Tech,Casey McCoy,All,719,128,88.6,106.2,110.2,39.8%,2.4°,9.7°,28.1,6.2%,8,0.285,.277,0.359,.364,54.7%,18.0%,21.1%,45.3%,64.0%,86.7%,29.7%,20.9%,75.0
Fordham,Anthony Grabau,All,714,127,87.3,101.9,106.0,29.9%,23.1°,11.3°,31.5,2.4%,3,0.261,.254,0.359,.341,29.9%,34.6%,25.2%,39.8%,58.6%,89.8%,26.0%,20.1%,101.0
UNC Greensboro,Luke Jenkins,All,664,96,85.3,101.2,104.8,32.3%,12.9°,17.2°,34.4,4.2%,4,0.254,.247,0.359,.356,41.7%,31.2%,24.0%,40.2%,64.2%,82.2%,21.8%,21.7%,101.0
Rutgers,Chase Krewson,All,870,155,85.8,103.6,106.2,35.5%,7.8°,11.2°,30.3,1.3%,2,0.263,.279,0.359,.365,46.5%,23.2%,23.9%,49.3%,80.2%,89.0%,26.2%,22.4%,104.0
Brown,Logan Meusy,All,562,93,83.3,96.6,102.7,18.3%,15.1°,11.6°,37.6,0.0%,0,0.293,.255,0.359,.313,39.8%,29.0%,28.0%,39.9%,56.9%,91.2%,25.2%,13.8%,78.0
St. Thomas (MN),Owen Bond,All,240,30,89.9,104.0,105.8,53.3%,0.7°,3.6°,30.0,0.0%,0,0.289,.285,0.359,.375,56.7%,16.7%,26.7%,28.3%,55.9%,84.2%,8.0%,22.1%,120.0
Toledo,Liam Arsich,All,609,102,85.2,96.8,103.0,17.6%,13.9°,12.5°,42.2,1.0%,1,0.304,.242,0.359,.318,35.3%,28.4%,33.3%,46.8%,71.2%,88.5%,29.0%,23.5%,88.0
Belmont,Michael Sprockett,All,552,114,87.1,100.9,104.8,39.5%,11.3°,14.1°,33.3,4.4%,5,0.264,.278,0.359,.375,45.6%,28.1%,21.1%,49.3%,75.8%,79.6%,27.0%,26.8%,93.0
Illinois,Kyle Schupmann,All,910,138,90.7,103.4,105.2,47.8%,12.2°,15.8°,41.3,3.6%,5,0.271,.275,0.359,.394,36.2%,23.9%,33.3%,42.7%,69.8%,82.5%,21.4%,26.2%,117.0
USC,Andrew Lamb,All,733,122,87.6,103.8,106.8,42.6%,16.8°,16.1°,38.5,9.8%,12,0.25,.277,0.359,.396,36.1%,27.0%,24.6%,47.3%,70.7%,86.8%,29.1%,24.2%,93.0
Cal State Fullerton,Nick Miller,All,676,148,82.6,99.0,101.7,20.3%,10.1°,13.6°,34.5,2.7%,4,0.337,.298,0.359,.349,42.6%,27.7%,26.4%,49.3%,67.1%,92.3%,35.7%,14.1%,60.0
Manhattan,Jackson Babione,All,54,8,82.8,95.7,96.3,25.0%,9.7°,9.8°,50.0,0.0%,0,0.3,.285,0.359,.375,37.5%,25.0%,37.5%,38.9%,57.7%,80.0%,21.4%,28.6%,145.0
UMBC,Danny Wyatt,All,543,107,86.1,101.2,105.3,33.6%,8.0°,11.0°,34.6,4.7%,5,0.299,.278,0.359,.353,48.6%,22.4%,21.5%,43.8%,66.7%,87.4%,22.7%,18.9%,100.0
Butler,Easton Moore,All,109,19,84.7,97.0,98.5,21.1%,13.3°,13.3°,42.1,5.3%,1,0.296,.247,0.359,.286,42.1%,15.8%,31.6%,46.8%,68.6%,80.0%,27.6%,29.4%,58.0
Lehigh,Cade Ahearn,All,78,7,92.5,109.1,112.1,42.9%,6.5°,15.4°,42.9,14.3%,1,0.231,.302,0.359,.411,42.9%,14.3%,42.9%,33.3%,52.9%,72.2%,18.2%,38.5%,132.0
Reinhardt,Cade Chamlee,All,161,33,84.4,96.5,100.4,18.2%,12.3°,12.3°,33.3,0.0%,0,0.286,.202,0.359,.235,45.5%,15.2%,21.2%,46.0%,66.2%,93.0%,32.3%,18.9%,62.0
Jackson State,Asafa Jones,All,99,11,83.2,110.3,111.1,36.4%,-5.3°,5.9°,27.3,9.1%,1,0.211,.232,0.358,.333,54.5%,18.2%,18.2%,39.4%,53.5%,78.3%,28.6%,41.0%,75.0
Washington,Casen Taggart,All,647,82,88.5,105.7,109.2,37.8%,17.8°,12.9°,31.7,8.5%,7,0.239,.231,0.358,.366,35.4%,32.9%,23.2%,34.2%,51.8%,87.1%,20.4%,21.7%,81.0
Millersville,Hunter Stevens,All,45,5,85.3,97.6,98.6,20.0%,-2.7°,2.8°,20.0,0.0%,0,0.143,.157,0.358,.337,60.0%,20.0%,20.0%,28.9%,52.6%,90.0%,11.5%,23.1%,142.0
Saint Peter's,Louis D'Alessio,All,82,20,88.3,96.6,98.3,25.0%,5.7°,9.5°,30.0,0.0%,0,0.316,.295,0.358,.404,40.0%,25.0%,25.0%,47.6%,66.7%,96.4%,27.5%,2.6%,123.0
Penn State,Avery Smith,All,465,62,88.7,104.2,107.2,43.5%,6.8°,8.3°,40.3,8.1%,5,0.265,.273,0.358,.383,48.4%,17.7%,32.3%,32.7%,51.7%,90.0%,13.7%,15.1%,95.0
Bellarmine,Luke Scales,All,331,67,82.9,96.1,105.1,13.4%,21.9°,12.1°,32.8,0.0%,0,0.26,.234,0.358,.316,31.3%,31.3%,23.9%,40.2%,56.7%,93.4%,28.9%,16.5%,102.0
Florida International,Andrew Ildefonso,All,821,191,87.2,106.2,109.7,36.1%,12.2°,9.8°,30.4,6.8%,13,0.292,.318,0.358,.387,46.1%,30.4%,19.9%,47.0%,66.2%,94.0%,30.8%,11.1%,83.0
Stetson,Nelphie Lopez,All,84,15,90.3,97.3,98.6,46.7%,3.0°,15.1°,40.0,0.0%,0,0.333,.357,0.358,.412,53.3%,20.0%,26.7%,38.1%,56.4%,100.0%,22.2%,12.5%,104.0
Arizona State,P.J. Moutzouridis,All,812,138,88.4,102.2,106.1,36.2%,9.0°,10.3°,33.3,2.2%,3,0.282,.275,0.358,.370,43.5%,26.1%,25.4%,45.2%,74.0%,87.5%,21.5%,18.8%,109.0
Xavier,Tom Townsend,All,516,80,90.3,103.4,106.9,45.0%,17.3°,17.3°,40.0,13.8%,11,0.23,.247,0.358,.376,31.2%,37.5%,27.5%,42.8%,63.9%,80.7%,27.3%,33.5%,71.0
Utah Valley,Mason Strong,All,667,132,87.4,101.0,104.9,37.1%,16.6°,13.5°,32.6,4.5%,6,0.281,.254,0.358,.334,40.2%,23.5%,23.5%,49.5%,75.5%,86.3%,26.9%,21.8%,107.0
Ohio,Reese Harmon,All,375,53,83.0,96.9,100.8,18.9%,14.3°,18.7°,30.2,0.0%,0,0.261,.216,0.358,.353,39.6%,34.0%,24.5%,38.1%,69.7%,88.7%,16.6%,18.9%,137.0
Bowling Green,Vinny Salvione,All,319,60,84.5,98.6,102.5,21.7%,15.5°,4.6°,23.3,0.0%,0,0.266,.190,0.358,.239,43.3%,31.7%,13.3%,45.1%,71.3%,82.5%,25.7%,25.0%,102.0
St. Bonaventure,Anthony Fernandez,All,441,75,86.5,105.0,107.7,37.3%,10.1°,11.5°,37.3,5.3%,4,0.311,.287,0.358,.372,45.3%,21.3%,30.7%,48.1%,74.9%,86.8%,25.2%,21.2%,111.0
UNC Greensboro,Brantley Truitt,All,787,118,85.3,103.9,108.4,38.1%,-0.1°,9.0°,23.7,4.2%,5,0.27,.246,0.358,.339,55.9%,19.5%,22.0%,44.1%,67.5%,85.2%,25.2%,21.6%,105.0
Northwestern,Owen McElfatrick,All,891,136,89.1,104.9,110.3,44.9%,15.3°,16.7°,31.6,4.4%,6,0.243,.254,0.358,.349,39.0%,30.1%,26.5%,42.3%,65.1%,82.9%,24.8%,27.1%,107.0
Wake Forest,JD Stein,All,801,132,88.5,102.1,108.6,35.6%,12.2°,9.7°,35.6,4.5%,6,0.267,.291,0.358,.387,42.4%,20.5%,28.8%,37.6%,57.5%,88.8%,20.1%,18.9%,98.0
High Point,Jake McCarter,All,682,126,86.8,105.0,109.0,41.3%,21.4°,16.3°,36.5,11.1%,14,0.273,.260,0.358,.355,31.0%,43.7%,21.4%,56.0%,80.7%,77.4%,38.8%,35.9%,73.0
Liberty,Tucker Moore,All,211,29,83.5,103.8,107.5,17.2%,24.1°,15.1°,24.1,10.3%,3,0.205,.178,0.358,.315,24.1%,58.6%,10.3%,39.3%,64.3%,79.4%,17.7%,26.5%,120.0
Kentucky,Braxton Van Cleave,All,331,61,88.7,107.5,108.6,42.6%,6.8°,14.9°,29.5,9.8%,6,0.259,.275,0.358,.371,50.8%,19.7%,21.3%,51.7%,67.3%,85.1%,38.7%,24.0%,52.0
Kansas State,Cadyn Karl,All,583,81,93.2,109.7,113.0,53.1%,12.8°,13.1°,33.3,14.8%,12,0.254,.262,0.358,.376,38.3%,34.6%,23.5%,45.6%,68.8%,77.1%,24.3%,34.2%,87.0
UC Irvine,Efren Ortega,All,413,71,87.1,99.5,103.5,33.8%,4.9°,6.1°,38.0,0.0%,0,0.318,.312,0.358,.373,53.5%,11.3%,32.4%,33.2%,50.0%,92.9%,17.7%,13.1%,96.0
Akron,Kelton Phillips,All,465,82,86.6,100.1,102.2,32.9%,2.9°,1.7°,31.7,0.0%,0,0.312,.303,0.358,.364,54.9%,8.5%,34.1%,40.0%,62.7%,89.8%,22.2%,17.2%,108.0
Miami,Fabio Peralta,All,646,93,86.4,100.2,104.3,28.0%,0.6°,4.7°,36.6,0.0%,0,0.288,.275,0.358,.346,55.9%,10.8%,26.9%,42.0%,64.0%,87.0%,22.8%,22.1%,99.0
North Carolina A&T,Nick DiCarlo,All,229,68,81.5,91.4,96.7,2.9%,9.5°,10.5°,42.6,0.0%,0,0.338,.312,0.358,.335,45.6%,16.2%,33.8%,54.6%,75.5%,92.8%,35.3%,11.2%,79.0
Duke,Brooks Perez,All,628,66,88.4,105.2,106.9,36.4%,13.2°,17.3°,34.8,9.1%,6,0.222,.196,0.358,.357,36.4%,21.2%,25.8%,31.4%,51.7%,70.7%,13.9%,33.5%,95.0
Ball State,Kenskey Thomas,All,229,34,90.3,103.2,111.1,41.2%,2.1°,7.8°,32.4,5.9%,2,0.26,.291,0.358,.382,58.8%,14.7%,26.5%,48.5%,75.7%,83.3%,26.2%,33.3%,96.0
Lindsey Wilson,Blane Bradford,All,51,6,81.2,97.6,100.1,16.7%,-8.7°,21.5°,33.3,0.0%,0,0.25,.192,0.357,.258,66.7%,0.0%,33.3%,41.2%,60.9%,57.1%,25.0%,42.9%,99.0
UMBC,Nico Ong,All,108,15,82.6,97.1,99.1,33.3%,1.8°,-9.7°,33.3,0.0%,0,0.286,.239,0.357,.270,60.0%,20.0%,20.0%,32.4%,50.9%,88.9%,14.5%,17.1%,68.0
Ole Miss,Hayden Federico,All,801,138,87.4,101.4,104.1,32.6%,9.0°,13.7°,33.3,2.2%,3,0.285,.263,0.357,.371,42.8%,26.1%,27.5%,39.2%,59.5%,89.4%,20.9%,17.8%,125.0
South Carolina,Tyler Bak,All,888,127,91.4,103.5,107.5,50.4%,13.2°,17.3°,40.9,9.4%,12,0.261,.290,0.357,.399,37.8%,28.3%,32.3%,43.1%,66.3%,78.4%,22.4%,28.5%,111.0
Arkansas-Pine Bluff,Zach Wieder,All,215,44,83.5,96.8,100.9,18.2%,10.9°,16.6°,45.5,0.0%,0,0.314,.251,0.357,.299,45.5%,29.5%,25.0%,42.3%,65.9%,91.7%,25.0%,13.2%,124.0
Fairfield,Luke Nomura,All,149,22,85.7,103.1,104.2,50.0%,15.0°,22.5°,40.9,4.5%,1,0.219,.233,0.357,.336,31.8%,31.8%,36.4%,45.0%,69.8%,86.4%,26.7%,28.4%,112.0
Wichita State,MJ Sweeney,All,197,25,87.6,102.3,106.6,40.0%,9.3°,11.5°,24.0,0.0%,0,0.256,.228,0.357,.311,52.0%,20.0%,24.0%,45.2%,68.2%,81.0%,27.7%,28.1%,83.0
Sacred Heart,Peter Link,All,219,27,87.3,100.2,103.9,37.0%,17.8°,20.3°,44.4,18.5%,5,0.178,.203,0.357,.332,33.3%,48.1%,14.8%,41.6%,63.5%,80.3%,24.4%,29.7%,114.0
Quinnipiac,Kyle Garbowski,All,452,100,82.4,98.0,100.2,18.0%,12.4°,14.5°,31.0,1.0%,1,0.294,.270,0.357,.343,43.0%,33.0%,22.0%,41.2%,70.8%,90.1%,23.1%,14.0%,103.0
UAB,Kevin Hall,All,894,175,84.8,103.4,107.4,37.1%,9.0°,15.3°,32.6,5.7%,10,0.27,.304,0.357,.405,49.1%,21.1%,21.7%,39.9%,60.9%,89.3%,19.2%,16.2%,109.0
Coastal Carolina,Blake Barthol,All,1038,151,88.7,103.2,110.3,41.1%,17.8°,17.7°,37.7,7.3%,11,0.317,.270,0.357,.379,33.8%,33.8%,28.5%,46.0%,72.4%,79.5%,22.8%,24.5%,111.0
Arkansas,Maika Niu,All,804,128,92.1,109.5,113.5,57.8%,7.3°,12.9°,28.9,14.1%,18,0.268,.284,0.357,.407,46.1%,25.0%,22.7%,47.0%,72.5%,81.2%,27.9%,29.1%,76.0
Western Carolina,Cameron Murray,All,219,34,87.7,100.9,105.2,44.1%,11.0°,17.0°,41.2,5.9%,2,0.3,.240,0.357,.310,38.2%,26.5%,29.4%,47.5%,66.0%,78.6%,30.1%,37.5%,68.0
Tennessee,Manny Marin,All,742,151,86.8,100.6,103.2,29.8%,14.7°,15.4°,38.4,4.0%,6,0.292,.262,0.357,.337,37.7%,32.5%,26.5%,55.9%,76.7%,84.8%,41.7%,23.9%,39.0
Penn,Jarrett Pokrovsky,All,610,112,87.4,103.5,105.9,40.2%,3.1°,6.9°,30.4,0.9%,1,0.303,.253,0.357,.314,53.6%,16.1%,23.2%,45.6%,68.6%,85.3%,26.4%,23.4%,102.0
Yale,Davis Hanson,All,448,72,87.7,106.1,109.1,38.9%,17.0°,19.5°,37.5,13.9%,10,0.245,.272,0.357,.401,33.3%,33.3%,23.6%,43.3%,61.7%,84.7%,28.3%,26.3%,99.0
Grambling,Chris Marcellus,All,178,26,82.9,101.9,105.5,26.9%,9.8°,5.2°,30.8,3.8%,1,0.229,.240,0.357,.360,53.8%,26.9%,19.2%,38.2%,71.4%,82.0%,16.7%,23.5%,152.0
Northern Kentucky,Ethan Thomas,All,341,60,89.2,104.8,108.0,40.0%,12.6°,10.2°,41.7,6.7%,4,0.278,.292,0.357,.381,41.7%,26.7%,28.3%,42.8%,63.1%,84.8%,25.5%,26.7%,85.0
Niagara,Curtis McKay,All,381,83,84.5,98.3,100.6,25.3%,19.8°,22.0°,47.0,2.4%,2,0.297,.263,0.357,.346,27.7%,34.9%,28.9%,50.1%,77.6%,86.4%,28.0%,23.0%,113.0
Morehead State,JJ Dutton,All,161,25,84.9,98.0,99.2,28.0%,2.8°,1.9°,40.0,0.0%,0,0.324,.255,0.357,.314,52.0%,8.0%,40.0%,40.4%,62.7%,85.7%,24.5%,32.3%,102.0
King,Josh Nuno,All,28,8,84.2,96.9,97.0,25.0%,-0.2°,19.7°,25.0,0.0%,0,0.333,.254,0.357,.292,62.5%,25.0%,12.5%,64.3%,100.0%,75.0%,37.5%,22.2%,162.0
Kansas,Dylan Schlotterback,All,698,127,87.1,103.0,105.7,38.6%,7.4°,9.1°,29.9,2.4%,3,0.286,.291,0.357,.377,48.8%,22.8%,26.8%,40.7%,63.9%,90.0%,21.8%,16.9%,101.0
Western Oregon,Zane Garvey,All,77,12,90.6,97.9,98.1,33.3%,14.9°,17.7°,50.0,0.0%,0,0.25,.344,0.357,.499,41.7%,25.0%,33.3%,44.2%,75.8%,92.0%,20.5%,11.8%,157.0
VCU,Nathan Kirkpatrick,All,692,162,85.2,101.5,107.4,30.2%,12.2°,12.1°,32.1,4.9%,8,0.293,.276,0.356,.349,41.4%,34.0%,22.8%,50.6%,70.2%,88.1%,34.5%,21.4%,76.0
Delaware,Sal Mineo,All,757,159,89.1,106.0,109.6,42.1%,4.2°,8.4°,27.0,5.7%,9,0.284,.283,0.356,.373,50.9%,22.6%,19.5%,42.4%,67.6%,89.7%,23.0%,19.3%,107.0
Coastal Carolina,Jackson Winer,All,328,60,92.8,111.4,115.9,45.0%,2.8°,15.2°,26.7,15.0%,9,0.253,.296,0.356,.406,51.7%,21.7%,21.7%,49.1%,66.7%,80.6%,31.9%,26.1%,70.0
Northwestern,Griffin Mills,All,129,13,91.9,106.4,106.6,61.5%,12.7°,23.5°,30.8,23.1%,3,0.2,.196,0.356,.368,46.2%,15.4%,23.1%,38.8%,64.8%,68.6%,20.0%,42.0%,110.0
Bowling Green,Carter Mottice,All,302,52,79.6,94.6,100.9,11.5%,8.2°,5.8°,32.7,0.0%,0,0.299,.269,0.356,.337,53.8%,15.4%,28.8%,45.0%,66.4%,87.9%,27.3%,18.4%,76.0
Purdue,CJ Richmond,All,748,113,92.9,110.4,113.7,53.1%,10.7°,11.5°,35.4,14.2%,16,0.241,.290,0.356,.405,41.6%,18.6%,31.9%,47.9%,73.1%,73.2%,26.6%,38.3%,98.0
Western Carolina,Dominic Robinson,All,89,9,80.0,98.2,98.8,33.3%,23.1°,22.5°,44.4,11.1%,1,0.222,.179,0.356,.286,22.2%,33.3%,33.3%,40.4%,53.8%,71.4%,30.0%,44.4%,52.0
Stonehill,Will Newton,All,100,19,80.5,96.0,101.0,10.5%,2.3°,14.9°,36.8,0.0%,0,0.304,.272,0.356,.366,52.6%,10.5%,31.6%,46.0%,70.5%,87.1%,26.8%,26.1%,87.0
Rhode Island,Ryan Thompson,All,602,116,87.9,101.6,105.6,37.1%,7.6°,14.2°,40.5,4.3%,5,0.292,.330,0.356,.402,41.4%,23.3%,35.3%,51.3%,75.6%,86.5%,30.9%,23.0%,101.0
Columbia,Owen Estabrook,All,601,93,92.1,103.9,106.2,50.5%,16.2°,15.8°,36.6,6.5%,6,0.22,.267,0.356,.425,33.3%,32.3%,26.9%,34.9%,57.8%,89.9%,15.6%,17.6%,115.0
Oregon State,Easton Talt,All,942,149,88.5,101.3,107.0,38.9%,19.3°,13.9°,40.3,5.4%,8,0.267,.275,0.356,.394,30.9%,30.9%,28.9%,36.7%,57.3%,91.9%,19.3%,15.9%,105.0
Miami (OH),Matthew Buffington,All,256,38,87.9,102.8,106.0,34.2%,11.6°,12.5°,42.1,7.9%,3,0.255,.247,0.356,.343,31.6%,28.9%,26.3%,42.6%,66.7%,81.9%,25.0%,19.3%,101.0
Hofstra,Daniel Escalante,All,227,41,80.2,103.7,109.6,24.4%,6.7°,2.6°,26.8,2.4%,1,0.321,.250,0.356,.279,56.1%,24.4%,17.1%,51.1%,69.6%,82.8%,38.5%,30.2%,40.0
Norfolk State,Brendan Burke,All,33,6,76.3,98.1,103.1,16.7%,-4.4°,7.1°,33.3,0.0%,0,0.333,.295,0.356,.330,83.3%,0.0%,16.7%,60.6%,73.7%,64.3%,42.9%,40.0%,4.0
USF,Jake Kulikowski,All,591,91,88.7,102.1,105.9,45.1%,7.9°,10.9°,30.8,3.3%,3,0.258,.253,0.356,.360,46.2%,22.0%,26.4%,45.0%,73.4%,85.1%,27.1%,31.2%,111.0
Maine,Nic Pepe,All,353,55,82.6,97.5,100.9,21.8%,7.5°,25.8°,36.4,1.8%,1,0.232,.234,0.356,.362,40.0%,23.6%,29.1%,42.5%,74.7%,85.3%,19.8%,20.7%,146.0
Kennesaw State,Trenton Lyons,All,869,131,90.4,104.7,108.2,47.3%,6.5°,13.5°,36.6,6.9%,9,0.266,.292,0.356,.396,44.3%,20.6%,30.5%,40.5%,64.5%,84.9%,22.8%,22.4%,97.0
USF,Ryan Pruitt,All,758,153,88.1,100.2,103.6,32.0%,10.2°,7.3°,37.9,0.0%,0,0.286,.293,0.356,.390,44.4%,19.6%,32.0%,39.4%,63.5%,90.7%,18.2%,15.1%,133.0
Lee,Luke Collier,All,172,28,88.5,101.6,103.6,39.3%,18.6°,8.8°,39.3,3.6%,1,0.27,.279,0.356,.389,25.0%,50.0%,17.9%,42.4%,73.8%,86.7%,25.2%,23.3%,118.0
Illinois-Chicago,Vidal Colon,All,559,86,84.6,99.9,103.0,24.4%,14.8°,14.1°,38.4,4.7%,4,0.297,.265,0.356,.359,37.2%,27.9%,33.7%,40.8%,62.4%,79.5%,20.0%,28.5%,109.0
Southern Wesleyan,Perry Dyer,All,117,21,81.8,101.8,102.2,28.6%,-11.0°,9.5°,19.0,4.8%,1,0.269,.263,0.356,.354,71.4%,14.3%,9.5%,43.6%,61.5%,91.7%,34.6%,23.5%,79.0
San Diego,Phoenix Brant,All,386,50,88.2,103.6,109.0,30.0%,0.4°,9.7°,32.0,4.0%,2,0.272,.230,0.356,.324,54.0%,20.0%,24.0%,40.4%,59.9%,74.8%,24.8%,38.5%,95.0
Lipscomb,Aaron Stelogeannis,All,667,114,86.7,100.8,105.9,32.5%,6.5°,9.6°,32.5,1.8%,2,0.303,.296,0.356,.363,49.1%,19.3%,28.1%,40.3%,56.7%,82.1%,28.8%,23.0%,79.0
California Baptist,Camden Andrews,All,87,13,88.4,97.9,102.5,38.5%,13.4°,19.7°,38.5,0.0%,0,0.333,.285,0.356,.350,30.8%,38.5%,30.8%,47.1%,67.6%,91.3%,34.0%,26.8%,64.0
Illinois,Michael Farina,All,939,184,84.2,97.7,103.8,23.9%,11.0°,8.1°,31.0,0.0%,0,0.293,.275,0.356,.332,45.7%,22.8%,25.0%,39.2%,60.5%,91.8%,18.5%,13.9%,115.0
Jacksonville State,Cooper Blauser,All,858,139,89.7,104.5,108.0,46.0%,9.0°,8.9°,38.8,5.0%,7,0.293,.297,0.355,.386,46.0%,22.3%,27.3%,40.9%,63.4%,88.9%,21.4%,17.4%,103.0
Delaware,Sam Winsett,All,510,72,87.1,101.9,104.7,43.1%,0.4°,11.0°,34.7,2.8%,2,0.29,.254,0.355,.332,48.6%,16.7%,31.9%,38.6%,59.0%,80.9%,22.9%,28.9%,83.0
Little Rock,Blake Simpson,All,279,54,85.8,100.9,104.9,31.5%,-1.6°,10.2°,31.5,0.0%,0,0.286,.299,0.355,.376,61.1%,13.0%,22.2%,45.9%,69.7%,88.0%,28.1%,23.4%,108.0
Lincoln Memorial,Caleb Jordan,All,202,42,81.0,95.7,99.0,21.4%,23.4°,4.9°,33.3,0.0%,0,0.28,.266,0.355,.321,28.6%,33.3%,26.2%,47.0%,76.5%,96.8%,27.3%,8.4%,110.0
Tarleton State,Carson Lorch,All,497,99,85.6,99.0,101.6,28.3%,13.7°,6.1°,27.3,2.0%,2,0.261,.266,0.355,.358,43.4%,24.2%,20.2%,36.0%,58.6%,93.6%,15.1%,12.3%,139.0
New Mexico State,Easton Rulli,All,466,93,86.3,101.2,102.7,33.3%,13.1°,14.4°,34.4,4.3%,4,0.28,.268,0.355,.336,43.0%,22.6%,23.7%,57.9%,79.7%,78.9%,41.3%,28.1%,46.0
Davidson,Will Brooks,All,335,55,84.5,99.7,103.5,25.5%,15.4°,7.2°,27.3,0.0%,0,0.292,.232,0.355,.289,43.6%,27.3%,23.6%,41.5%,57.4%,88.5%,30.7%,23.0%,70.0
Oral Roberts,Tyler Brodrick,All,280,39,88.6,99.3,101.3,35.9%,8.6°,2.2°,17.9,2.6%,1,0.25,.238,0.355,.358,59.0%,20.5%,12.8%,34.3%,58.6%,82.9%,10.0%,22.9%,128.0
Tennessee Tech,Landon Smelser,All,736,153,83.8,98.3,107.3,24.8%,14.5°,9.5°,30.7,1.3%,2,0.277,.267,0.355,.338,39.9%,32.7%,24.2%,52.4%,75.3%,90.5%,33.2%,15.3%,83.0
California,Tyler Leroy,All,94,9,84.7,100.7,103.4,33.3%,18.2°,13.2°,44.4,11.1%,1,0.2,.135,0.355,.228,33.3%,22.2%,22.2%,44.7%,59.5%,60.0%,32.7%,54.8%,64.0
Florida International,Marc Hersh,All,311,56,86.8,103.3,104.1,33.9%,5.6°,11.9°,23.2,1.8%,1,0.289,.250,0.355,.323,50.0%,21.4%,25.0%,43.4%,59.0%,72.8%,27.7%,32.6%,73.0
West Virginia,Ben Lumsden,All,275,32,92.7,107.1,109.5,43.8%,22.2°,20.2°,46.9,15.6%,5,0.255,.297,0.355,.433,15.6%,40.6%,40.6%,41.1%,59.0%,75.4%,27.8%,34.5%,67.0
Oakland,Sam Griffith,All,389,70,86.1,99.5,104.0,25.7%,5.0°,13.6°,38.6,1.4%,1,0.31,.290,0.355,.356,44.3%,18.6%,32.9%,40.6%,62.8%,91.7%,23.0%,19.6%,89.0
Florida Atlantic,John Martinez,All,807,179,82.5,99.8,104.7,23.5%,11.2°,10.9°,35.2,2.8%,5,0.295,.270,0.355,.333,43.6%,25.7%,25.7%,48.2%,73.3%,91.6%,28.4%,18.8%,106.0
Southern Miss,Ben Higdon,All,879,155,91.1,104.7,109.6,52.3%,6.7°,10.2°,31.6,5.8%,9,0.302,.306,0.355,.388,47.7%,26.5%,24.5%,51.6%,74.0%,79.7%,33.7%,26.2%,76.0
UMass Lowell,Carlos Martinez,All,289,48,84.7,101.3,106.9,18.8%,7.3°,7.5°,25.0,4.2%,2,0.269,.229,0.355,.330,50.0%,27.1%,18.8%,57.8%,82.2%,79.5%,43.4%,31.1%,65.0
Stanford,Jimmy Nati,All,645,107,87.1,106.4,110.5,36.4%,15.9°,15.8°,36.4,6.5%,7,0.26,.246,0.355,.342,36.4%,32.7%,27.1%,43.9%,66.0%,84.0%,25.4%,26.9%,86.0
Alabama State,Breydon Divine,All,475,111,81.8,96.1,100.2,13.5%,10.5°,0.5°,32.4,0.0%,0,0.348,.285,0.355,.329,44.1%,21.6%,25.2%,48.4%,71.4%,88.7%,31.9%,15.7%,100.0
Southern Indiana,Ethan Rothschild,All,74,12,74.8,87.3,93.0,0.0%,15.4°,-,33.3,0.0%,0,0.286,.320,0.355,.341,41.7%,33.3%,25.0%,39.2%,65.6%,90.5%,19.0%,13.8%,118.0
UC Irvine,Zach Fjelstad,All,625,105,85.0,99.5,104.4,22.9%,10.9°,11.7°,42.9,0.0%,0,0.298,.275,0.355,.339,41.9%,21.9%,34.3%,43.8%,65.6%,91.0%,25.2%,20.4%,103.0
Mississippi State,Kevin Milewski,All,522,77,91.3,106.4,108.9,50.6%,11.7°,17.3°,29.9,11.7%,9,0.216,.255,0.355,.390,42.9%,37.7%,16.9%,42.7%,64.4%,74.0%,25.3%,34.1%,75.0
Seton Hall,Ryan Frontera,All,564,113,83.9,98.2,102.6,18.6%,6.5°,14.8°,34.5,2.7%,3,0.31,.294,0.355,.371,47.8%,23.0%,25.7%,45.6%,70.0%,86.1%,25.1%,20.6%,121.0
Trevecca Nazarene,Cade Moore,All,128,24,86.1,100.6,101.0,33.3%,6.8°,18.9°,25.0,4.2%,1,0.25,.235,0.355,.327,50.0%,29.2%,20.8%,40.6%,65.5%,81.6%,20.0%,21.2%,138.0
Rutgers,Matthew Chatelle,All,684,114,90.6,106.1,109.6,45.6%,6.2°,7.4°,30.7,3.5%,4,0.306,.285,0.354,.365,51.8%,15.8%,26.3%,40.2%,58.7%,86.9%,24.7%,25.8%,77.0
Georgia State,Nick Garagozzo,All,750,106,86.7,99.9,102.8,28.3%,16.4°,14.2°,45.3,0.9%,1,0.248,.241,0.354,.338,25.5%,33.0%,36.8%,38.1%,59.7%,87.0%,19.6%,24.1%,112.0
Northeastern,Ian Oehlschlaeger,All,41,5,81.6,96.0,96.0,40.0%,-20.6°,9.6°,20.0,0.0%,0,0.167,.191,0.354,.407,80.0%,20.0%,0.0%,19.5%,38.5%,100.0%,10.7%,12.5%,135.0
Bryan,Jayron Morris,All,32,8,78.9,94.5,96.8,12.5%,7.6°,9.9°,50.0,0.0%,0,0.273,.215,0.354,.221,25.0%,37.5%,37.5%,68.8%,86.7%,61.5%,52.9%,40.9%,0.0
Hendrix,Giancarlo Digiacomo,All,41,5,69.1,87.8,88.4,0.0%,0.6°,-,0.0,0.0%,0,0.167,.085,0.354,.305,60.0%,40.0%,0.0%,26.8%,70.0%,100.0%,12.9%,9.1%,122.0
Illinois State,Luke Stulga,All,541,132,87.4,102.6,108.8,38.6%,3.0°,8.9°,28.8,4.5%,6,0.291,.271,0.354,.324,53.0%,23.5%,19.7%,56.9%,81.9%,84.7%,38.2%,24.4%,60.0
Louisiana,Mark Collins,All,446,83,84.4,105.3,109.5,39.8%,10.4°,16.3°,33.7,8.4%,7,0.282,.281,0.354,.402,48.2%,21.7%,24.1%,47.5%,69.9%,89.1%,30.0%,25.0%,82.0
Longwood,Brogan Jones,All,815,143,87.4,101.1,106.9,33.6%,13.4°,11.1°,39.2,4.2%,6,0.274,.272,0.354,.370,38.5%,30.1%,27.3%,37.3%,57.3%,91.3%,21.4%,17.4%,101.0
Bellarmine,Sawyer Pace,All,241,32,81.1,91.3,96.7,6.2%,11.5°,3.4°,31.2,0.0%,0,0.282,.215,0.354,.282,40.6%,31.2%,21.9%,28.6%,49.5%,88.9%,16.0%,15.9%,105.0
South Carolina,Talmadge LeCroy,All,934,155,86.5,100.7,108.2,36.8%,18.9°,18.6°,40.6,5.8%,9,0.255,.272,0.354,.388,32.3%,35.5%,24.5%,50.0%,73.3%,81.8%,33.3%,21.4%,88.0
Radford,Brady Powell,All,571,116,83.4,98.7,102.2,24.1%,1.1°,-0.4°,15.5,0.9%,1,0.299,.236,0.354,.291,63.8%,18.1%,12.9%,37.7%,59.6%,87.0%,17.9%,18.1%,102.0
Western Michigan,Mark Mennecke,All,192,46,84.4,100.5,106.1,21.7%,7.9°,6.9°,19.6,2.2%,1,0.308,.230,0.354,.261,54.3%,30.4%,13.0%,49.5%,66.2%,87.8%,39.0%,12.6%,53.0
King,Jacob Eargle,All,39,5,75.6,84.8,86.3,0.0%,0.4°,-,40.0,0.0%,0,0.167,.330,0.354,.467,40.0%,40.0%,20.0%,25.6%,54.5%,83.3%,14.3%,40.0%,130.0
Miami (OH),Keenan Proctor,All,92,8,83.9,95.5,101.9,37.5%,29.4°,6.8°,12.5,12.5%,1,0.25,.101,0.354,.232,37.5%,37.5%,0.0%,37.0%,58.1%,68.0%,18.4%,41.2%,63.0
Louisiana Tech,Sebastian Mexico,All,714,139,87.6,102.2,106.8,39.6%,10.7°,9.6°,33.1,2.9%,4,0.291,.296,0.354,.370,44.6%,23.7%,28.1%,43.3%,62.3%,90.8%,26.7%,18.1%,77.0
Bellarmine,Eli Watson,All,273,63,81.6,99.7,103.0,19.0%,10.9°,7.4°,33.3,0.0%,0,0.315,.241,0.354,.285,42.9%,22.2%,25.4%,49.5%,76.7%,89.9%,32.9%,15.6%,104.0
Anderson (SC),Levi Medford,All,213,31,86.8,103.2,104.2,35.5%,9.2°,17.1°,45.2,9.7%,3,0.231,.275,0.354,.412,41.9%,32.3%,25.8%,34.7%,65.8%,85.4%,18.6%,21.6%,126.0
Michigan,Matthew Ossenfort,All,454,72,90.8,106.0,110.9,45.8%,12.2°,8.9°,31.9,2.8%,2,0.263,.273,0.354,.373,44.4%,23.6%,25.0%,40.3%,64.0%,82.8%,21.7%,27.3%,89.0
Toledo,Alex McCranie,All,595,109,83.3,99.6,105.0,26.6%,7.7°,6.7°,32.1,0.9%,1,0.289,.273,0.354,.353,45.9%,18.3%,27.5%,38.7%,66.1%,89.5%,19.4%,19.1%,130.0
Georgia,Jack Arcamone,All,287,46,91.5,104.3,110.3,45.7%,10.9°,11.6°,32.6,4.3%,2,0.281,.288,0.354,.380,50.0%,23.9%,23.9%,43.9%,67.8%,81.4%,20.1%,28.6%,96.0
South Carolina,Logan Sutter,All,419,51,92.7,107.2,109.0,52.9%,23.8°,24.4°,41.2,13.7%,7,0.235,.238,0.354,.369,23.5%,39.2%,29.4%,40.8%,63.4%,67.5%,21.3%,36.3%,84.0
Liberty,Josh Campos,All,912,123,89.2,104.0,106.6,43.1%,15.1°,13.9°,30.9,8.1%,10,0.237,.243,0.354,.355,38.2%,32.5%,22.8%,42.7%,66.3%,79.5%,22.5%,30.3%,108.0
Arkansas State,Patrick Engskov,All,764,156,89.5,104.3,113.0,45.5%,17.9°,13.0°,31.4,4.5%,7,0.26,.266,0.354,.355,37.2%,33.3%,21.2%,48.2%,72.6%,87.4%,28.5%,21.7%,91.0
Taylor,Fletcher Roemmich,All,159,26,81.8,97.6,99.4,23.1%,10.8°,7.4°,42.3,0.0%,0,0.303,.295,0.354,.342,42.3%,23.1%,30.8%,37.7%,63.3%,86.8%,22.2%,18.3%,118.0
Presbyterian,Matthew Rollison,All,335,92,88.4,106.8,108.9,41.3%,17.1°,10.5°,26.1,4.3%,4,0.257,.274,0.354,.340,39.1%,31.5%,18.5%,59.7%,85.8%,83.5%,35.3%,25.5%,103.0
Mount St. Mary's,Ryan Mckay,All,266,31,83.1,96.6,98.1,12.9%,9.0°,6.5°,35.5,0.0%,0,0.265,.244,0.354,.350,48.4%,19.4%,32.3%,33.5%,63.0%,81.0%,17.8%,23.6%,146.0
Belmont,Brady Holbrook,All,422,101,84.6,102.2,106.9,23.8%,12.8°,15.7°,35.6,5.9%,6,0.294,.263,0.354,.327,39.6%,27.7%,25.7%,48.1%,68.6%,87.6%,31.6%,25.6%,98.0
Ohio State,Noah Furcht,All,871,131,89.3,105.3,109.4,44.3%,15.9°,16.9°,42.7,12.2%,16,0.256,.301,0.353,.420,33.6%,29.8%,27.5%,42.0%,66.7%,82.2%,19.7%,24.9%,104.0
Iowa,Carter Geffre,All,276,38,87.0,105.6,109.0,42.1%,6.2°,9.2°,47.4,2.6%,1,0.278,.283,0.353,.363,52.6%,7.9%,34.2%,46.0%,73.6%,80.4%,23.2%,26.8%,98.0
Kansas State,Micah Kendrick,All,585,92,91.3,105.8,109.7,43.5%,8.9°,11.3°,30.4,4.3%,4,0.281,.261,0.353,.346,43.5%,27.2%,25.0%,47.0%,67.5%,86.5%,28.9%,26.5%,83.0
Mississippi State,Ryder Woodson,All,775,117,91.7,105.4,110.1,52.1%,11.6°,9.2°,36.8,7.7%,9,0.276,.264,0.353,.358,40.2%,26.5%,29.1%,44.6%,63.6%,81.4%,27.9%,30.9%,77.0
Bethune-Cookman,Christopher Watson,All,117,12,86.2,105.0,105.7,41.7%,8.8°,11.5°,41.7,8.3%,1,0.292,.242,0.353,.316,25.0%,25.0%,33.3%,37.6%,54.8%,91.3%,28.0%,31.8%,61.0
Central Arkansas,Zeb Allen,All,443,78,89.0,102.7,105.9,37.2%,17.4°,15.0°,34.6,6.4%,5,0.257,.256,0.353,.353,35.9%,23.1%,28.2%,48.5%,70.2%,84.1%,32.5%,24.7%,80.0
Stetson,Andrew Ezell,All,133,26,84.2,100.5,102.4,30.8%,3.5°,-0.2°,34.6,0.0%,0,0.333,.234,0.353,.318,57.7%,19.2%,15.4%,49.6%,76.3%,80.0%,28.4%,21.2%,109.0
Delaware State,Carter Boyd,All,65,8,87.1,94.7,97.7,12.5%,20.5°,19.9°,75.0,0.0%,0,0.286,.227,0.353,.304,12.5%,25.0%,62.5%,38.5%,60.0%,94.4%,20.0%,24.0%,157.0
Penn,Nick Guachione,All,165,19,85.7,111.1,111.6,36.8%,6.4°,20.4°,26.3,10.5%,2,0.312,.185,0.353,.292,52.6%,21.1%,21.1%,37.6%,63.8%,68.2%,18.8%,43.5%,112.0
Ohio,Cam Bryant,All,419,75,83.0,100.2,103.0,20.0%,16.4°,8.9°,34.7,1.3%,1,0.272,.243,0.353,.327,40.0%,34.7%,17.3%,42.2%,64.7%,87.0%,23.6%,19.2%,127.0
High Point,Jace Kohler,All,712,126,85.8,99.8,108.5,30.2%,8.9°,4.2°,30.2,1.6%,2,0.289,.257,0.353,.324,48.4%,27.0%,22.2%,38.1%,57.6%,91.3%,20.2%,15.9%,115.0
Appalachian State,Colton Denton,All,342,60,87.3,101.9,108.1,30.0%,8.5°,7.7°,33.3,6.7%,4,0.284,.286,0.353,.395,53.3%,20.0%,23.3%,40.9%,66.9%,84.5%,19.7%,21.4%,118.0
Florida Atlantic,Brett Patten,All,668,101,87.0,100.9,105.9,33.7%,16.8°,13.2°,40.6,2.0%,2,0.282,.264,0.353,.350,32.7%,30.7%,32.7%,44.3%,70.0%,80.8%,25.5%,31.4%,116.0
UC Davis,Tyler Howard,All,819,128,86.3,106.6,108.4,33.6%,7.8°,15.6°,28.9,7.0%,9,0.258,.232,0.353,.332,47.7%,23.4%,21.9%,46.5%,70.1%,74.4%,26.7%,28.9%,93.0
South Dakota State,Nicholas Werk,All,265,39,83.3,96.0,98.6,17.9%,8.5°,13.8°,41.0,0.0%,0,0.275,.232,0.353,.340,38.5%,25.6%,33.3%,37.7%,62.8%,88.2%,16.7%,23.0%,111.0
VMI,Ayden Schnarrs,All,697,131,84.0,98.8,102.9,23.7%,4.9°,4.4°,33.6,0.0%,0,0.311,.286,0.353,.338,55.0%,16.0%,26.0%,31.3%,48.7%,99.3%,17.1%,4.1%,104.0
Southeast Missouri,Carson Schrack,All,437,85,87.5,102.9,105.5,31.8%,10.2°,10.4°,34.1,1.2%,1,0.286,.278,0.353,.371,41.2%,24.7%,28.2%,38.0%,57.8%,96.6%,20.6%,9.6%,105.0
Bradley,Michael Quick,All,583,110,83.4,100.8,106.6,27.3%,3.9°,4.2°,27.3,2.7%,3,0.312,.253,0.353,.326,56.4%,20.9%,19.1%,43.6%,64.9%,89.5%,25.8%,17.3%,84.0
Texas A&M-Corpus Christi,Jack Bergstrom,All,79,10,85.6,97.8,99.4,40.0%,10.7°,6.4°,50.0,0.0%,0,0.143,.231,0.353,.380,50.0%,10.0%,40.0%,36.7%,69.6%,75.0%,23.2%,41.4%,117.0
Old Dominion,Scotty Young,All,487,80,80.2,100.4,108.2,18.8%,11.0°,7.5°,36.2,2.5%,2,0.296,.263,0.353,.359,40.0%,18.8%,31.2%,44.6%,68.6%,88.9%,26.4%,20.7%,100.0
Cumberlands (KY),Jay Flynn,All,90,16,76.4,90.4,93.3,0.0%,1.3°,-,37.5,0.0%,0,0.25,.261,0.353,.314,62.5%,12.5%,25.0%,36.7%,60.0%,100.0%,21.8%,9.1%,65.0
Northern Illinois,Kayden Jennings,All,60,8,87.2,103.5,104.7,37.5%,11.5°,3.1°,25.0,0.0%,0,0.308,.222,0.353,.248,50.0%,25.0%,25.0%,48.3%,65.4%,94.1%,35.3%,31.0%,123.0
Purdue,Jackson Bessette,All,687,118,87.9,103.1,109.2,33.1%,11.3°,11.3°,35.6,2.5%,3,0.259,.275,0.353,.378,42.4%,20.3%,26.3%,40.8%,60.2%,89.2%,24.9%,18.9%,93.0
Florida,Cade Kurland,All,656,117,90.1,103.6,107.2,53.0%,9.3°,14.5°,28.2,4.3%,5,0.277,.286,0.353,.392,44.4%,29.9%,21.4%,43.9%,70.5%,82.6%,21.2%,22.2%,104.0
Youngstown State,Ryan Schummer,All,474,73,88.0,104.3,110.6,42.5%,15.6°,20.8°,39.7,11.0%,8,0.215,.287,0.353,.440,32.9%,39.7%,23.3%,37.8%,60.6%,82.1%,17.8%,25.7%,115.0
Oregon,Dominic Hellman,All,533,82,94.4,108.1,115.1,51.2%,3.4°,4.3°,30.5,11.0%,9,0.244,.271,0.353,.372,57.3%,19.5%,19.5%,47.5%,71.2%,80.1%,30.0%,30.8%,62.0
Kansas State,Kyan Lodice,All,261,36,92.2,107.0,108.3,50.0%,10.2°,13.4°,38.9,11.1%,4,0.245,.258,0.353,.368,38.9%,25.0%,25.0%,43.3%,63.2%,86.5%,27.1%,24.8%,83.0
Delaware State,Alec Rodriguez,All,76,15,84.5,98.9,100.8,26.7%,22.7°,36.0°,33.3,6.7%,1,0.222,.219,0.353,.341,20.0%,46.7%,20.0%,48.7%,82.4%,82.1%,21.4%,24.3%,127.0
Wagner,Josiah Ross,All,151,26,81.8,97.3,103.4,15.4%,8.5°,1.4°,30.8,0.0%,0,0.296,.280,0.353,.351,50.0%,26.9%,23.1%,41.7%,68.6%,79.2%,18.5%,17.5%,118.0
Western Carolina,Marshall McGowan,All,174,31,89.6,99.7,102.9,35.5%,10.1°,18.0°,41.9,0.0%,0,0.282,.291,0.353,.381,41.9%,25.8%,32.3%,48.9%,75.3%,80.3%,25.8%,23.5%,89.0
South Dakota State,Dayton Franke,All,361,57,85.6,101.6,105.3,31.6%,15.1°,21.3°,40.4,3.5%,2,0.28,.244,0.353,.324,38.6%,36.8%,21.1%,50.4%,77.5%,83.2%,33.6%,23.1%,87.0
Lehigh,Ryan Cochran,All,318,48,84.4,101.1,104.7,31.2%,12.3°,12.1°,27.1,0.0%,0,0.294,.185,0.353,.284,47.9%,33.3%,14.6%,38.7%,59.0%,82.4%,21.8%,30.1%,86.0
Coppin State,Jordan Treadwell,All,76,11,88.3,94.4,96.6,18.2%,12.1°,-2.6°,36.4,0.0%,0,0.286,.265,0.353,.357,45.5%,27.3%,27.3%,31.6%,54.5%,88.9%,14.0%,25.0%,140.0
UMass Lowell,Nick Solorzano,All,303,50,86.0,101.0,104.2,28.0%,12.7°,13.2°,28.0,4.0%,2,0.262,.278,0.353,.373,42.0%,26.0%,22.0%,38.0%,66.4%,85.1%,16.3%,22.6%,112.0
Monmouth,Kevin Fedoruk,All,166,24,88.2,104.1,105.5,37.5%,13.2°,15.4°,29.2,12.5%,3,0.25,.250,0.353,.381,45.8%,37.5%,16.7%,44.0%,65.6%,80.0%,31.4%,37.0%,120.0
George Washington,Josh Wenz,All,364,56,82.5,101.2,107.5,32.1%,11.2°,10.5°,32.1,1.8%,1,0.254,.265,0.353,.386,41.1%,32.1%,23.2%,42.3%,70.0%,88.6%,22.9%,22.1%,113.0
Lipscomb,Blake Carter,All,401,60,88.7,108.7,110.1,41.7%,7.0°,14.8°,31.7,3.3%,2,0.261,.260,0.353,.337,38.3%,23.3%,31.7%,46.6%,66.9%,77.1%,32.8%,33.7%,71.0
Cal State Northridge,Andrew Becker,All,538,109,88.0,104.2,106.2,46.8%,12.0°,9.9°,33.0,3.7%,4,0.319,.320,0.353,.386,45.0%,26.6%,27.5%,50.7%,73.0%,78.4%,32.7%,23.4%,66.0
Stony Brook,Michael Villani,All,270,62,83.8,99.2,102.8,19.4%,8.7°,12.9°,29.0,3.2%,2,0.284,.301,0.353,.381,46.8%,25.8%,24.2%,44.8%,74.2%,93.9%,16.7%,8.3%,128.0
Prairie View,Basilio Williams,All,141,23,82.1,92.6,97.3,13.0%,14.6°,11.2°,39.1,0.0%,0,0.323,.212,0.353,.258,39.1%,17.4%,30.4%,43.3%,65.6%,95.2%,24.7%,16.4%,76.0
Northwestern State,JT Simonelli,All,234,44,88.0,104.6,109.2,45.5%,13.0°,11.0°,29.5,11.4%,5,0.273,.260,0.353,.331,47.7%,22.7%,22.7%,51.3%,67.8%,79.5%,35.3%,31.7%,84.0
North Georgia,Brady Skipper,All,196,22,81.5,98.7,101.5,31.8%,17.2°,27.7°,40.9,0.0%,0,0.29,.217,0.353,.333,31.8%,36.4%,31.8%,40.3%,72.8%,74.6%,17.4%,31.6%,130.0
Charlotte,Dawson Bryce,All,501,103,91.5,106.2,110.2,49.5%,5.8°,9.7°,34.0,7.8%,8,0.306,.332,0.352,.414,51.5%,19.4%,27.2%,57.5%,83.4%,83.0%,38.6%,23.3%,65.0
Washington,Mic Paul,All,842,102,86.6,101.8,106.5,30.4%,10.9°,11.6°,34.3,4.9%,5,0.242,.200,0.352,.338,46.1%,25.5%,23.5%,37.8%,59.2%,87.9%,21.5%,22.3%,117.0
Connecticut,Nater Wachter,All,765,115,92.5,105.1,108.8,47.8%,14.8°,16.9°,48.7,7.0%,8,0.259,.296,0.352,.416,28.7%,29.6%,38.3%,39.5%,60.9%,82.1%,22.4%,27.8%,86.0
Arkansas,Christian Turner,All,230,26,86.3,104.7,105.3,34.6%,4.6°,19.9°,34.6,11.5%,3,0.25,.204,0.352,.328,50.0%,15.4%,30.8%,52.6%,78.6%,75.0%,28.0%,33.9%,84.0
VCU,Alec Warden,All,630,105,86.8,104.9,111.4,43.8%,6.0°,11.1°,38.1,10.5%,11,0.294,.275,0.352,.396,44.8%,22.9%,28.6%,45.7%,73.0%,87.0%,24.7%,27.4%,112.0
UT Arlington,Clark Springs,All,256,50,83.0,98.4,100.5,26.0%,8.1°,-1.4°,24.0,0.0%,0,0.288,.279,0.352,.357,56.0%,20.0%,20.0%,42.6%,64.3%,88.9%,29.1%,14.7%,89.0
Louisville,Jax Hisle,All,342,46,86.7,104.9,107.5,50.0%,5.4°,9.5°,28.3,6.5%,3,0.267,.229,0.352,.318,54.3%,13.0%,23.9%,52.0%,79.7%,76.2%,29.6%,34.8%,99.0
North Carolina A&T,Bruce Wyche,All,259,52,84.6,105.1,110.5,30.8%,5.8°,13.4°,34.6,1.9%,1,0.27,.297,0.352,.391,51.9%,21.2%,21.2%,48.3%,69.2%,85.1%,33.6%,28.0%,72.0
Connecticut,Robert Rispoli,All,716,114,86.4,102.0,107.6,31.6%,6.7°,16.0°,37.7,4.4%,5,0.279,.278,0.352,.391,44.7%,20.2%,31.6%,35.5%,62.0%,86.9%,12.5%,14.6%,133.0
Western Carolina,Mason Holton,All,920,160,88.5,102.7,108.8,40.6%,14.6°,15.0°,38.1,5.0%,8,0.281,.306,0.352,.397,38.1%,23.8%,30.0%,44.9%,69.0%,81.9%,26.9%,24.0%,98.0
Southeastern Louisiana,Peyton Woods,All,244,34,85.5,102.3,105.0,35.3%,2.2°,7.6°,38.2,0.0%,0,0.288,.271,0.352,.324,52.9%,17.6%,29.4%,50.0%,68.5%,79.7%,35.3%,30.3%,71.0
Florida Atlantic,Michael Perazza,All,805,161,86.4,99.9,103.1,29.8%,9.7°,13.1°,44.1,1.2%,2,0.313,.315,0.352,.375,43.5%,19.9%,34.2%,48.6%,72.1%,90.2%,28.7%,20.2%,106.0
Iowa,Joey Nerat,All,558,82,89.4,110.3,114.1,43.9%,1.2°,7.5°,31.7,8.5%,7,0.231,.270,0.352,.394,56.1%,13.4%,26.8%,46.6%,70.1%,73.2%,25.9%,38.1%,95.0
Saint Mary's (CA),Jared Mettam,All,652,139,87.7,100.4,104.9,34.5%,6.0°,6.1°,27.3,1.4%,2,0.317,.294,0.352,.340,52.5%,20.1%,25.2%,48.9%,81.2%,88.2%,24.3%,21.9%,113.0
Navy,Henry Mitchell,All,153,14,83.5,98.2,103.1,14.3%,8.5°,10.6°,42.9,0.0%,0,0.261,.197,0.352,.306,42.9%,14.3%,42.9%,32.0%,50.0%,87.9%,18.4%,20.4%,67.0
Nicholls,Keegan Giger,All,692,149,83.7,100.4,104.9,27.5%,9.4°,12.8°,35.6,0.7%,1,0.293,.276,0.352,.340,45.0%,22.8%,27.5%,53.3%,80.5%,88.3%,31.5%,17.9%,86.0
Georgetown,Ashton Seymore,All,186,38,85.4,103.5,105.2,42.1%,8.3°,9.7°,34.2,2.6%,1,0.318,.334,0.352,.383,44.7%,31.6%,21.1%,43.0%,58.1%,93.0%,33.0%,21.2%,81.0
Tampa,Brayden Woodburn,All,32,7,89.9,103.8,106.5,42.9%,8.7°,6.1°,42.9,0.0%,0,0.375,.431,0.351,.472,28.6%,28.6%,42.9%,50.0%,72.2%,84.6%,21.4%,12.5%,178.0
UL Monroe,Micah Dean,All,640,117,88.6,103.3,107.3,35.0%,13.0°,7.5°,37.6,0.9%,1,0.283,.265,0.351,.334,37.6%,15.4%,34.2%,44.2%,64.9%,83.7%,29.6%,31.4%,74.0
Illinois,Jack Zebig,All,740,123,88.2,103.1,109.3,38.2%,13.6°,12.1°,32.5,2.4%,3,0.232,.262,0.351,.375,39.8%,28.5%,27.6%,30.8%,51.2%,87.4%,14.7%,20.2%,107.0
Sam Houston State,Caleb Cotton,All,378,61,88.7,101.4,104.5,39.3%,7.6°,9.2°,31.1,1.6%,1,0.308,.256,0.351,.335,50.8%,18.0%,24.6%,46.8%,70.3%,77.7%,24.4%,28.8%,112.0
Illinois-Chicago,Jake Busson,All,759,120,87.2,105.6,109.5,43.3%,22.3°,19.4°,28.3,14.2%,17,0.251,.229,0.351,.339,34.2%,39.2%,15.0%,56.9%,78.7%,74.4%,38.6%,33.3%,77.0
Pacific,JT Shank,All,647,114,86.8,103.2,106.8,32.5%,11.1°,12.3°,35.1,4.4%,5,0.266,.267,0.351,.367,43.0%,27.2%,26.3%,47.0%,76.2%,91.8%,27.9%,24.3%,92.0
Bradley,Cal Leighton,All,87,15,84.1,97.3,100.5,13.3%,0.5°,9.3°,46.7,0.0%,0,0.263,.296,0.351,.361,53.3%,0.0%,46.7%,33.3%,57.1%,91.7%,11.1%,17.2%,114.0
Stetson,Landon Russell,All,786,134,90.6,104.2,106.5,44.0%,12.7°,8.5°,35.1,3.0%,4,0.283,.249,0.351,.330,37.3%,23.9%,28.4%,45.3%,65.1%,85.1%,27.5%,23.0%,85.0
Villanova,Larry Hotaling,All,626,109,85.9,100.6,103.1,32.1%,8.2°,16.4°,38.5,1.8%,2,0.305,.291,0.351,.362,45.9%,20.2%,32.1%,39.6%,57.9%,84.6%,23.7%,21.4%,100.0
Cal State Northridge,Mateo Rickman,All,504,94,86.1,102.2,106.4,30.9%,8.7°,13.9°,29.8,2.1%,2,0.297,.272,0.351,.332,41.5%,29.8%,26.6%,46.6%,67.0%,94.4%,31.8%,12.8%,79.0
Alabama,Luke Vaughn,All,707,109,88.9,103.1,107.2,44.0%,19.8°,14.9°,39.4,10.1%,11,0.214,.269,0.351,.402,31.2%,34.9%,27.5%,38.3%,62.8%,88.3%,19.0%,17.7%,111.0
Hawaii,Tate Shimao,All,262,55,87.3,100.6,104.9,27.3%,11.5°,12.3°,49.1,0.0%,0,0.318,.351,0.351,.380,40.0%,20.0%,40.0%,56.1%,78.4%,91.8%,35.8%,19.7%,77.0
George Mason,Matthew Westley,All,501,94,83.7,101.6,105.8,29.8%,9.6°,10.1°,38.3,2.1%,2,0.283,.292,0.351,.364,45.7%,24.5%,28.7%,45.7%,67.4%,90.6%,26.4%,14.4%,95.0
Northern Illinois,Will Couchman,All,305,47,88.1,102.3,105.3,36.2%,11.4°,20.4°,38.3,4.3%,2,0.246,.269,0.351,.371,42.6%,23.4%,31.9%,43.9%,63.6%,80.5%,31.0%,33.6%,85.0
Creighton,Nate McHugh,All,850,177,85.7,103.0,107.2,33.3%,9.3°,10.6°,30.5,2.8%,5,0.276,.294,0.351,.368,45.8%,20.3%,26.6%,43.8%,67.7%,90.7%,22.9%,16.9%,105.0
Cal Poly,Alejandro Garza,All,780,217,87.6,101.9,105.8,36.4%,8.6°,9.4°,31.8,2.8%,6,0.319,.334,0.351,.388,46.1%,25.3%,25.8%,48.5%,68.5%,94.9%,32.7%,12.7%,63.0
Pepperdine,Trey Dunn,All,606,85,92.8,107.6,112.0,51.8%,10.6°,15.4°,32.9,14.1%,12,0.259,.237,0.351,.363,41.2%,30.6%,22.4%,47.0%,67.8%,71.1%,31.9%,38.9%,60.0
Nevada,Jake Harvey,All,757,135,87.9,103.1,108.5,30.4%,10.9°,8.4°,35.6,2.2%,3,0.301,.283,0.351,.362,42.2%,23.7%,28.9%,34.1%,49.5%,96.2%,18.9%,8.5%,75.0
Illinois State,Josh Outlaw,All,493,105,88.3,103.5,105.3,41.9%,-0.3°,4.9°,31.4,1.9%,2,0.281,.306,0.351,.378,60.0%,14.3%,25.7%,51.7%,73.3%,88.3%,35.7%,18.8%,68.0
Miami,Brandon DeGoti,All,92,11,86.0,100.9,102.5,27.3%,7.2°,12.9°,27.3,0.0%,0,0.278,.232,0.351,.310,54.5%,9.1%,27.3%,35.9%,60.0%,70.8%,17.3%,27.3%,125.0
Bucknell,Brady Green,All,52,14,86.8,98.2,101.7,28.6%,13.1°,11.1°,50.0,7.1%,1,0.25,.308,0.351,.356,28.6%,35.7%,35.7%,40.4%,60.9%,92.9%,24.1%,9.5%,116.0
Sacred Heart,Chris Wilson,All,34,5,81.6,91.2,91.4,0.0%,11.5°,-,40.0,0.0%,0,0.375,.281,0.351,.284,60.0%,0.0%,40.0%,44.1%,64.3%,66.7%,30.0%,33.3%,132.0
Long Island,Noah Sorensen,All,242,36,89.9,97.8,101.9,25.0%,6.3°,10.5°,36.1,5.6%,2,0.227,.312,0.35,.441,47.2%,25.0%,25.0%,32.2%,55.1%,88.9%,16.7%,15.4%,92.0
Notre Dame,Mason Barth,All,751,102,91.6,106.7,112.6,51.0%,13.2°,11.7°,32.4,9.8%,10,0.253,.266,0.35,.389,40.2%,25.5%,25.5%,38.9%,60.7%,83.6%,19.8%,28.1%,121.0
San Diego State,Dawson Santana,All,870,151,83.8,96.6,103.9,17.2%,6.5°,5.7°,33.8,0.0%,0,0.278,.281,0.35,.371,50.3%,17.9%,29.8%,38.7%,61.8%,93.9%,19.1%,11.9%,120.0
Ole Miss,Collin Reuter,All,713,91,94.2,107.3,110.0,62.6%,13.1°,17.1°,42.9,15.4%,14,0.26,.266,0.35,.382,35.2%,26.4%,34.1%,47.3%,70.2%,74.6%,28.7%,38.9%,75.0
Northern Illinois,Vinny Spotofora,All,490,115,88.3,103.9,107.0,38.3%,4.4°,7.7°,35.7,2.6%,3,0.287,.305,0.35,.365,49.6%,13.9%,32.2%,45.3%,66.2%,88.8%,28.8%,20.3%,77.0
UNC Wilmington,Ryker Galaska,All,273,32,90.6,105.5,110.1,37.5%,7.4°,13.9°,34.4,12.5%,4,0.184,.245,0.35,.387,53.1%,25.0%,18.8%,41.4%,64.7%,78.7%,24.2%,38.1%,105.0
UNC Wilmington,Howie Rickett,All,388,55,80.5,97.7,102.8,16.4%,0.0°,8.5°,32.7,3.6%,2,0.303,.231,0.35,.320,60.0%,21.8%,18.2%,39.4%,61.6%,84.6%,18.2%,22.2%,101.0
Alcorn State,Asher Friedman,All,67,8,78.0,87.6,89.5,0.0%,-1.5°,-,37.5,0.0%,0,0.308,.316,0.35,.370,50.0%,0.0%,37.5%,41.8%,63.6%,61.9%,20.6%,35.7%,120.0
UC San Diego,Michael Crossland,All,742,125,89.0,103.3,109.9,44.0%,14.3°,14.1°,35.2,8.8%,11,0.242,.261,0.35,.376,36.8%,35.2%,24.0%,39.9%,58.6%,90.1%,23.7%,20.3%,98.0
USC Upstate,Preston Lucas,All,665,107,87.8,102.9,109.0,43.9%,7.4°,15.7°,43.9,6.5%,7,0.238,.276,0.35,.396,43.0%,25.2%,29.9%,43.2%,67.4%,77.8%,23.1%,28.9%,110.0
University of Montevallo,Evan Radford,All,147,27,83.2,98.0,105.0,37.0%,23.7°,13.9°,48.1,0.0%,0,0.265,.272,0.35,.355,25.9%,40.7%,33.3%,44.9%,72.2%,82.1%,29.0%,30.3%,93.0
Central Michigan,Joey Milto,All,374,69,89.9,105.4,107.7,47.8%,15.6°,14.4°,36.2,8.7%,6,0.253,.268,0.35,.412,30.4%,29.0%,31.9%,46.8%,73.5%,88.2%,26.4%,21.7%,101.0
Arkansas,Nolan Souza,All,883,143,89.9,105.2,111.6,42.7%,6.5°,8.9°,32.2,3.5%,5,0.271,.276,0.35,.369,49.0%,20.3%,25.9%,42.9%,61.6%,86.9%,26.8%,23.0%,72.0
Siena,Gavin Thorburn,All,56,10,85.6,100.9,101.6,40.0%,0.5°,-0.1°,30.0,0.0%,0,0.308,.331,0.35,.396,50.0%,10.0%,40.0%,46.4%,63.3%,94.7%,26.9%,11.5%,83.0
Grambling,Martavius Thomas,All,118,21,78.5,96.7,99.3,14.3%,4.8°,10.0°,47.6,0.0%,0,0.32,.322,0.35,.356,42.9%,4.8%,42.9%,44.9%,60.4%,90.6%,32.3%,20.8%,123.0
Eastern Michigan,Tristan Crane,All,420,79,87.2,103.5,108.5,34.2%,10.1°,11.6°,30.4,7.6%,6,0.298,.253,0.35,.328,41.8%,31.6%,21.5%,54.0%,75.9%,84.1%,35.8%,27.3%,41.0
Niagara,Noah Konings,All,326,76,80.1,99.1,105.0,19.7%,-0.8°,2.2°,21.1,0.0%,0,0.304,.238,0.35,.282,60.5%,17.1%,18.4%,49.4%,67.8%,91.9%,34.4%,16.1%,86.0
TCU,Colton Griffin,All,656,111,88.4,101.7,108.3,36.9%,1.5°,7.6°,28.8,0.9%,1,0.295,.271,0.349,.369,54.1%,20.7%,22.5%,43.1%,62.6%,88.0%,27.3%,18.7%,80.0
Tennessee,Tyler Myatt,All,326,48,91.9,110.9,113.1,47.9%,8.2°,14.7°,39.6,16.7%,8,0.243,.274,0.349,.432,41.7%,22.9%,29.2%,44.5%,72.3%,73.4%,26.0%,35.2%,103.0
NC State,Preston Bonn,All,99,16,89.2,106.6,112.5,43.8%,23.7°,24.5°,37.5,12.5%,2,0.158,.254,0.349,.453,25.0%,43.8%,18.8%,36.4%,56.2%,88.9%,26.9%,25.0%,68.0
Oklahoma State,Deacon Pomeroy,All,207,22,92.6,105.5,111.2,45.5%,2.4°,10.8°,27.3,4.5%,1,0.211,.205,0.349,.344,59.1%,18.2%,13.6%,33.3%,54.4%,77.6%,17.1%,36.2%,78.0
Canisius,Justin Bremner,All,166,28,74.6,102.3,103.5,17.9%,-1.2°,8.5°,25.0,0.0%,0,0.263,.222,0.349,.304,53.6%,21.4%,21.4%,45.2%,65.8%,84.0%,27.8%,24.0%,85.0
Kennesaw State,Wesley Alig,All,545,104,86.3,102.1,104.8,41.3%,12.4°,11.7°,30.8,2.9%,3,0.304,.290,0.349,.365,42.3%,29.8%,22.1%,49.5%,72.8%,86.6%,28.8%,23.3%,108.0
Lindenwood,Tyler Ellis,All,418,84,87.1,101.4,106.9,36.9%,20.4°,12.2°,32.1,7.1%,6,0.277,.252,0.349,.318,33.3%,33.3%,25.0%,53.8%,75.7%,80.2%,38.4%,34.2%,72.0
Omaha,Nicholas Riggs,All,340,56,91.8,107.5,110.6,39.3%,10.7°,4.1°,23.2,5.4%,3,0.233,.260,0.349,.360,50.0%,17.9%,21.4%,37.4%,60.0%,86.0%,18.4%,27.6%,109.0
Clemson,Jack Crighton,All,745,169,86.3,100.9,106.1,32.0%,4.2°,7.9°,36.7,0.6%,1,0.305,.325,0.349,.361,52.1%,16.6%,31.4%,45.8%,67.1%,87.8%,26.5%,18.5%,91.0
Samford,Parker McDonald,All,692,113,92.0,103.8,106.1,46.0%,14.6°,14.7°,34.5,4.4%,5,0.259,.261,0.349,.373,36.3%,33.6%,26.5%,42.3%,68.6%,84.4%,22.4%,22.9%,108.0
UC Santa Barbara,Noah Karliner,All,825,107,91.6,107.6,111.0,47.7%,15.7°,14.2°,32.7,14.0%,15,0.232,.257,0.349,.394,35.5%,31.8%,20.6%,42.8%,67.8%,71.8%,24.8%,34.3%,106.0
Old Dominion,Macaddin Dye,All,697,103,85.9,105.5,111.8,36.9%,12.9°,14.1°,28.2,3.9%,4,0.266,.243,0.349,.354,40.8%,26.2%,22.3%,44.8%,71.9%,80.3%,23.9%,24.4%,102.0
Louisiana,Drew Markle,All,889,142,84.2,103.0,106.5,27.5%,3.1°,10.5°,32.4,2.1%,3,0.276,.219,0.349,.319,53.5%,16.9%,24.6%,43.2%,62.4%,86.8%,29.9%,27.6%,56.0
Loyola Marymount,Jaxson Wall,All,722,138,81.0,100.9,107.2,19.6%,11.1°,11.9°,34.8,2.2%,3,0.282,.238,0.349,.293,44.2%,28.3%,23.2%,51.1%,75.5%,82.0%,31.3%,26.0%,89.0
Tulane,Hugh Pinkney,All,536,93,91.7,104.0,105.7,50.5%,11.4°,6.5°,33.3,4.3%,4,0.257,.316,0.349,.416,45.2%,20.4%,28.0%,42.7%,66.0%,87.3%,24.2%,20.5%,88.0
Radford,Brady Whitacre,All,327,54,82.4,93.1,97.2,1.9%,-5.9°,2.0°,22.2,0.0%,0,0.266,.280,0.349,.371,70.4%,5.6%,22.2%,35.5%,61.1%,88.6%,15.3%,14.7%,107.0
Quinnipiac,James Marino,All,323,51,88.5,102.9,106.7,39.2%,9.7°,18.2°,27.5,7.8%,4,0.224,.240,0.349,.371,45.1%,33.3%,17.6%,43.3%,67.1%,81.2%,24.4%,30.7%,91.0
Omaha,Edoardo Cornelli,All,454,70,83.3,96.7,99.6,24.3%,4.6°,-1.1°,31.4,1.4%,1,0.269,.243,0.349,.327,50.0%,21.4%,21.4%,35.9%,52.8%,86.7%,20.8%,20.2%,102.0
UMBC,Carver Salazar,All,107,11,90.6,103.1,104.1,27.3%,4.8°,4.0°,36.4,9.1%,1,0.176,.218,0.349,.352,45.5%,9.1%,36.4%,29.9%,47.7%,76.2%,17.5%,28.1%,95.0
St. John's,Lewis Rodriguez,All,682,121,86.7,99.8,103.9,28.1%,8.5°,10.5°,31.4,1.7%,2,0.313,.275,0.349,.341,50.4%,22.3%,24.0%,38.0%,64.8%,88.2%,15.0%,14.7%,134.0
James Madison,Reece Moody,All,716,143,86.5,100.5,105.4,35.7%,10.5°,11.5°,37.8,1.4%,2,0.314,.270,0.349,.336,39.2%,18.2%,31.5%,45.1%,73.1%,89.9%,21.9%,16.7%,112.0
Youngstown State,Luke Rossi,All,411,56,88.8,106.9,109.8,50.0%,-0.9°,4.8°,32.1,1.8%,1,0.25,.242,0.349,.348,51.8%,10.7%,32.1%,45.3%,67.0%,81.7%,26.9%,32.8%,90.0
San Francisco,Trevor Busby,All,50,8,83.7,99.8,101.9,37.5%,3.2°,12.8°,50.0,0.0%,0,0.308,.224,0.349,.241,37.5%,12.5%,50.0%,42.0%,57.1%,75.0%,31.0%,42.9%,-17.0
Troy,Sean Darnell,All,996,155,89.4,104.4,108.3,40.0%,11.4°,11.9°,36.1,7.1%,11,0.267,.261,0.348,.373,40.0%,23.9%,27.1%,39.1%,57.2%,82.4%,25.4%,24.7%,92.0
Alvin,John Moya,All,38,5,78.1,89.7,93.5,0.0%,1.1°,-,60.0,0.0%,0,0.2,.379,0.348,.478,60.0%,0.0%,40.0%,39.5%,66.7%,100.0%,26.9%,0.0%,159.0
Rice,Cole Green,All,887,167,87.5,101.7,107.8,37.1%,15.2°,10.9°,29.9,2.4%,4,0.287,.238,0.348,.308,40.1%,24.6%,21.0%,48.4%,68.5%,85.3%,29.7%,22.4%,84.0
Georgia Southern,Jack Myers,All,802,152,88.8,104.1,105.6,36.8%,3.0°,8.1°,32.9,2.6%,4,0.292,.285,0.348,.350,51.3%,15.8%,28.3%,40.9%,57.7%,85.3%,25.9%,24.7%,93.0
Holy Cross,Ryan Grundy,All,333,41,88.7,105.5,108.8,41.5%,19.3°,10.5°,24.4,4.9%,2,0.235,.200,0.348,.298,39.0%,29.3%,24.4%,38.7%,60.1%,79.5%,23.6%,34.9%,110.0
Florida,Cash Strayer,All,481,73,90.4,104.9,107.9,47.9%,16.6°,16.2°,42.5,11.0%,8,0.265,.282,0.348,.405,32.9%,30.1%,31.5%,41.8%,63.2%,85.8%,24.9%,24.9%,83.0
East Tennessee State,Mason Ault,All,576,90,89.7,105.3,107.2,40.0%,14.4°,12.7°,44.4,6.7%,6,0.254,.297,0.348,.400,32.2%,22.2%,40.0%,38.5%,59.2%,87.2%,22.7%,26.1%,88.0
Eastern Kentucky,Dylan Littlefield,All,709,141,85.0,98.4,103.9,28.4%,12.5°,10.1°,29.8,0.7%,1,0.261,.256,0.348,.311,41.1%,25.5%,25.5%,51.1%,72.0%,88.9%,33.3%,16.6%,75.0
Winthrop,Colin Crowley,All,648,99,86.8,100.4,105.4,32.3%,10.6°,16.6°,41.4,4.0%,4,0.248,.278,0.348,.390,42.4%,23.2%,31.3%,42.6%,70.4%,86.5%,20.9%,18.1%,120.0
UC San Diego,Nick Costello,All,944,115,87.0,101.0,106.7,32.2%,12.0°,16.8°,40.0,3.5%,4,0.216,.258,0.348,.374,41.7%,28.7%,27.8%,34.2%,54.3%,82.0%,16.7%,26.3%,105.0
Texas,Jayden Duplantier,All,451,61,84.9,100.5,103.5,36.1%,13.8°,11.8°,32.8,1.6%,1,0.267,.223,0.348,.344,39.3%,24.6%,24.6%,39.2%,59.2%,81.0%,21.4%,24.3%,88.0
Illinois-Chicago,Alexander Wright,All,437,85,87.6,100.3,105.2,31.8%,8.9°,6.8°,25.9,0.0%,0,0.279,.235,0.348,.318,45.9%,24.7%,22.4%,44.2%,64.1%,86.6%,25.9%,22.3%,87.0
Ball State,Charlie Keller,All,172,28,88.7,106.6,110.3,64.3%,16.4°,17.3°,32.1,17.9%,5,0.244,.246,0.348,.364,39.3%,28.6%,21.4%,53.5%,72.4%,80.0%,38.5%,33.7%,11.0
Hawaii,Ben Zeigler-Namoa,All,289,67,89.3,105.1,110.6,37.3%,11.2°,12.5°,28.4,4.5%,3,0.289,.311,0.348,.386,44.8%,25.4%,26.9%,43.3%,68.1%,89.1%,21.4%,14.4%,116.0
Binghamton,Tim Hennig,All,503,72,87.8,103.6,108.0,41.7%,8.1°,2.7°,29.2,2.8%,2,0.264,.223,0.348,.316,48.6%,11.1%,25.0%,42.9%,59.2%,87.1%,30.0%,31.5%,84.0
North Alabama,Jackson Westmoreland,All,762,144,81.3,96.5,99.7,13.2%,3.8°,1.9°,30.6,0.0%,0,0.291,.288,0.348,.355,55.6%,18.8%,20.8%,39.1%,62.6%,93.0%,20.1%,12.8%,111.0
Eastern Kentucky,Jay Douglas,All,307,49,83.6,101.8,104.2,22.4%,0.0°,11.3°,24.5,0.0%,0,0.29,.226,0.348,.295,59.2%,16.3%,22.4%,39.7%,61.5%,93.8%,23.7%,18.9%,88.0
San Diego,Gage Mestas,All,720,110,85.1,96.9,100.0,24.5%,3.0°,2.2°,29.1,0.0%,0,0.275,.268,0.348,.344,64.5%,12.7%,20.0%,38.9%,57.3%,91.3%,24.1%,16.1%,85.0
Northern Kentucky,Landon Springmeyer,All,247,33,90.1,103.7,106.0,54.5%,20.2°,21.0°,42.4,9.1%,3,0.25,.226,0.348,.342,33.3%,33.3%,27.3%,35.6%,59.8%,78.6%,13.8%,23.9%,132.0
Charleston Southern,Lucas Pringle,All,631,103,83.1,97.4,103.2,22.3%,7.3°,13.6°,32.0,0.0%,0,0.286,.271,0.348,.349,42.7%,14.6%,31.1%,38.4%,58.1%,91.8%,25.1%,20.2%,93.0
Appalachian State,Nico Soul,All,344,50,88.5,108.8,110.7,44.0%,6.0°,12.2°,28.0,14.0%,7,0.236,.229,0.348,.355,50.0%,30.0%,12.0%,43.9%,66.2%,78.3%,28.8%,34.4%,74.0
Le Moyne,Robert Wegrzyn,All,153,27,91.1,101.9,102.4,33.3%,14.1°,2.7°,37.0,3.7%,1,0.3,.280,0.348,.346,37.0%,18.5%,29.6%,45.8%,60.3%,78.0%,34.1%,38.6%,64.0
UNLV,Jonathan Rodriguez,All,746,128,89.0,104.4,109.7,39.8%,18.8°,18.2°,35.2,6.2%,8,0.254,.267,0.348,.355,33.6%,28.9%,32.0%,49.2%,72.6%,82.2%,32.6%,31.1%,85.0
Ole Miss,Topher Jones,All,279,33,90.6,108.1,114.5,48.5%,16.7°,13.1°,24.2,15.2%,5,0.232,.215,0.347,.334,39.4%,27.3%,24.2%,44.1%,71.5%,63.6%,22.4%,43.9%,92.0
Jackson State,Pierre Cabral,All,355,73,83.4,100.6,108.7,31.5%,2.9°,7.4°,32.9,2.7%,2,0.264,.264,0.347,.338,46.6%,24.7%,24.7%,44.2%,64.3%,87.8%,31.2%,19.1%,69.0
Illinois State,Louis Bussard,All,293,62,89.2,100.5,105.3,29.0%,0.2°,-0.9°,29.0,0.0%,0,0.304,.273,0.347,.305,54.8%,17.7%,24.2%,48.1%,63.4%,81.9%,35.8%,23.4%,53.0
Winthrop,Zach Greenberg,All,240,40,84.3,96.0,99.4,15.0%,9.5°,6.0°,37.5,0.0%,0,0.326,.298,0.347,.359,50.0%,15.0%,25.0%,32.9%,65.6%,95.1%,12.2%,12.7%,120.0
Western Kentucky,Reid Howard,All,557,106,84.7,98.3,103.1,24.5%,10.4°,11.9°,37.7,0.0%,0,0.289,.282,0.347,.344,40.6%,26.4%,29.2%,47.2%,73.8%,92.3%,23.5%,13.7%,119.0
Lamar,AJ Taylor,All,787,175,83.5,99.7,105.7,28.0%,13.9°,10.0°,32.6,1.7%,3,0.297,.254,0.347,.317,40.0%,25.7%,29.1%,49.3%,71.5%,90.8%,28.4%,15.5%,92.0
UAB,Alex Dupuy,All,920,152,88.7,102.9,106.4,41.4%,12.5°,13.2°,36.8,8.6%,13,0.265,.253,0.347,.357,39.5%,25.0%,26.3%,44.1%,62.1%,86.5%,28.5%,23.6%,73.0
La Salle,Carter Groen,All,351,74,88.7,105.8,113.5,50.0%,9.3°,16.1°,21.6,10.8%,8,0.247,.289,0.347,.415,45.9%,33.8%,16.2%,50.4%,78.3%,87.8%,27.8%,22.6%,87.0
Minnesota,Sam Hunt,All,247,27,90.4,104.4,105.0,37.0%,15.4°,17.1°,48.1,7.4%,2,0.222,.224,0.347,.356,18.5%,25.9%,37.0%,38.1%,60.4%,68.9%,22.6%,39.4%,94.0
Whitworth,Spencer Shipman,All,43,11,81.6,104.1,106.0,18.2%,17.0°,22.5°,18.2,18.2%,2,0.182,.266,0.347,.437,45.5%,36.4%,9.1%,51.2%,93.3%,78.6%,28.6%,18.2%,112.0
Oklahoma,Nolan Stevens,All,312,47,92.7,107.4,109.3,53.2%,2.6°,8.5°,31.9,12.8%,6,0.235,.255,0.347,.366,51.1%,27.7%,19.1%,41.7%,57.8%,83.1%,25.9%,29.2%,81.0
San Jose State,JC Osorio-Agard,All,362,78,85.3,105.9,108.1,42.3%,10.9°,16.7°,35.9,0.0%,0,0.292,.284,0.347,.370,39.7%,23.1%,32.1%,56.4%,81.6%,89.5%,38.1%,27.5%,62.0
Missouri State,Jackson Beaman,All,186,20,93.9,110.6,112.2,65.0%,8.3°,19.0°,35.0,15.0%,3,0.138,.293,0.347,.487,45.0%,20.0%,30.0%,41.4%,78.9%,83.9%,18.3%,27.3%,140.0
Stanford,Luke Lavin,All,562,98,89.1,103.8,109.6,44.9%,5.7°,11.6°,31.6,5.1%,5,0.288,.277,0.347,.360,49.0%,27.6%,22.4%,47.9%,69.3%,83.1%,29.8%,26.0%,90.0
Long Beach State,Camden Gasser,All,440,34,74.0,88.6,92.3,2.9%,-6.3°,-9.0°,32.4,0.0%,0,0.19,.207,0.347,.382,67.6%,5.9%,26.5%,20.0%,34.3%,90.0%,7.6%,11.4%,90.0
Texas A&M-Corpus Christi,Will Stark,All,144,21,78.4,101.6,103.2,19.0%,2.3°,23.1°,38.1,4.8%,1,0.281,.225,0.347,.299,47.6%,19.0%,28.6%,43.8%,67.9%,63.9%,29.7%,42.9%,122.0
Campbell,Mikey Murphy,All,677,85,85.0,104.7,108.9,34.1%,17.9°,17.7°,34.1,7.1%,6,0.252,.235,0.347,.355,34.1%,30.6%,28.2%,42.1%,60.8%,81.1%,27.6%,28.1%,86.0
Xavier,Landon Mensik,All,662,82,92.1,104.1,111.2,51.2%,16.1°,22.0°,30.5,11.0%,9,0.224,.227,0.347,.363,31.7%,36.6%,24.4%,46.8%,72.4%,71.9%,26.9%,41.0%,105.0
Davidson,Jake Suarez,All,28,5,78.4,94.3,95.5,20.0%,8.1°,31.3°,40.0,0.0%,0,0.2,.227,0.347,.364,40.0%,20.0%,20.0%,32.1%,61.5%,75.0%,6.7%,22.2%,139.0
Lehigh,Owen Walewander,All,448,86,87.9,102.6,105.1,38.4%,19.1°,14.3°,37.2,8.1%,7,0.241,.269,0.347,.363,31.4%,36.0%,26.7%,44.0%,68.4%,89.2%,26.0%,22.8%,97.0
Georgetown,Travis Ilitch,All,345,60,76.2,86.0,92.0,0.0%,0.8°,-,41.7,0.0%,0,0.342,.288,0.347,.310,53.3%,10.0%,35.0%,43.5%,66.3%,86.6%,21.6%,19.3%,93.0
The Citadel,Sam Dansky,All,502,63,84.3,100.5,103.7,31.7%,4.9°,3.6°,27.0,0.0%,0,0.233,.233,0.347,.337,54.0%,20.6%,22.2%,34.1%,55.5%,89.0%,16.1%,18.1%,96.0
Virginia,Jake Weatherspoon,All,516,107,88.8,103.4,107.8,39.3%,14.7°,11.6°,34.6,1.9%,2,0.278,.287,0.347,.353,42.1%,24.3%,28.0%,48.4%,67.2%,87.7%,32.0%,24.0%,57.0
San Francisco,Tyler Harries,All,506,78,84.4,101.0,104.7,26.9%,14.7°,7.5°,32.1,0.0%,0,0.26,.253,0.347,.334,35.9%,29.5%,29.5%,33.0%,55.9%,91.9%,15.1%,18.0%,121.0
Seattle,Josh Cunnigan,All,363,47,89.3,103.5,106.2,40.4%,15.3°,13.9°,48.9,10.6%,5,0.234,.238,0.347,.347,31.9%,27.7%,34.0%,46.3%,71.1%,77.0%,27.0%,38.1%,115.0
Monmouth,Colin Richter,All,787,95,85.3,100.1,102.0,35.8%,17.2°,16.2°,40.0,4.2%,4,0.247,.223,0.347,.322,30.5%,33.7%,30.5%,36.8%,60.6%,80.1%,18.8%,27.6%,111.0
Columbus State,Luke Miller,All,67,5,89.8,99.6,101.5,40.0%,21.8°,26.5°,20.0,0.0%,0,0.167,.150,0.347,.288,40.0%,40.0%,20.0%,37.3%,61.3%,47.4%,16.7%,60.0%,79.0
UCLA,Cashel Dugger,All,913,144,88.2,100.7,103.8,32.6%,15.4°,16.2°,46.5,2.1%,3,0.258,.286,0.346,.398,31.9%,34.7%,32.6%,40.5%,60.4%,84.6%,20.2%,19.5%,106.0
Notre Dame,Dylan Passo,All,544,99,85.6,100.2,106.1,24.2%,12.7°,5.2°,34.3,1.0%,1,0.302,.250,0.346,.306,40.4%,29.3%,28.3%,37.3%,57.4%,85.5%,18.3%,19.7%,92.0
Tennessee,Stone Lawless,All,502,78,88.3,103.3,111.5,41.0%,16.4°,17.5°,32.1,6.4%,5,0.235,.257,0.346,.377,37.2%,37.2%,17.9%,44.0%,74.4%,81.9%,21.3%,25.8%,100.0
Mississippi State,Chone James,All,196,40,89.5,102.0,104.0,45.0%,8.4°,2.0°,35.0,2.5%,1,0.298,.310,0.346,.347,45.0%,25.0%,30.0%,49.5%,68.1%,88.7%,33.3%,17.5%,84.0
Florida State,Kelvyn Paulino,All,447,81,89.1,105.1,110.2,46.9%,2.9°,8.4°,33.3,3.7%,3,0.28,.286,0.346,.371,50.6%,16.0%,25.9%,43.8%,63.8%,85.0%,27.8%,23.5%,77.0
Arizona,Caleb Danzeisen,All,691,97,89.2,105.6,109.2,38.1%,14.9°,13.4°,32.0,4.1%,4,0.226,.259,0.346,.389,40.2%,32.0%,21.6%,35.2%,58.0%,81.9%,16.2%,25.9%,98.0
Baylor,Dylan Perez,All,383,56,93.7,107.9,110.0,53.6%,4.3°,5.9°,30.4,3.6%,2,0.262,.277,0.346,.349,50.0%,16.1%,30.4%,47.3%,72.0%,80.2%,29.3%,33.7%,84.0
College of Charleston,Braeden Smith,All,591,112,87.6,105.7,108.9,40.2%,15.0°,10.8°,34.8,4.5%,5,0.283,.298,0.346,.361,40.2%,25.9%,28.6%,44.7%,66.7%,92.9%,25.8%,18.6%,90.0
UC Riverside,David Gibbs,All,216,32,82.8,94.5,99.6,6.2%,5.8°,15.0°,28.1,0.0%,0,0.286,.256,0.346,.329,56.2%,15.6%,21.9%,39.4%,68.1%,83.9%,18.4%,27.1%,112.0
The Citadel,Jayden Williams,All,719,88,85.7,102.6,107.5,28.4%,-0.8°,6.1°,31.8,2.3%,2,0.252,.203,0.346,.312,58.0%,15.9%,21.6%,34.8%,52.8%,82.0%,21.5%,31.2%,77.0
Prairie View,Brenton Jackson,All,76,9,83.3,91.5,93.6,0.0%,1.0°,-,44.4,0.0%,0,0.294,.182,0.346,.211,44.4%,0.0%,44.4%,36.8%,63.3%,68.4%,19.6%,39.3%,87.0
CSU Bakersfield,Jacob May,All,645,120,89.1,103.4,106.8,44.2%,8.0°,14.4°,37.5,5.8%,7,0.265,.306,0.346,.405,44.2%,24.2%,29.2%,45.3%,70.3%,85.3%,23.5%,22.9%,110.0
UMass Lowell,Joseph DeLanzo,All,205,59,83.0,99.0,104.1,20.3%,2.4°,2.2°,28.8,0.0%,0,0.328,.285,0.346,.324,55.9%,16.9%,22.0%,54.6%,75.0%,100.0%,38.1%,9.8%,47.0
Oregon State,Jacob Galloway,All,780,145,86.9,96.4,99.9,17.9%,19.0°,20.1°,44.1,0.7%,1,0.297,.289,0.346,.362,29.7%,34.5%,30.3%,41.8%,66.1%,97.5%,20.6%,6.4%,121.0
James Madison,Wyatt Campbell,All,661,100,89.3,103.6,108.0,45.0%,16.9°,11.8°,25.0,5.0%,5,0.227,.221,0.346,.335,39.0%,29.0%,17.0%,42.5%,68.4%,89.0%,25.1%,25.6%,116.0
Texas,Josh Livingston,All,368,47,90.2,106.2,107.8,34.0%,20.7°,12.0°,34.0,8.5%,4,0.229,.244,0.346,.368,34.0%,38.3%,19.1%,38.3%,59.4%,83.7%,21.2%,29.1%,90.0
California Baptist,Ryder Dykstra,All,368,66,85.9,100.5,107.8,21.2%,8.1°,11.5°,25.8,1.5%,1,0.295,.265,0.346,.345,47.0%,27.3%,22.7%,50.0%,76.1%,88.1%,31.0%,21.2%,108.0
Murray State,Colby Ott,All,205,54,83.5,95.7,99.8,14.8%,13.5°,12.6°,42.6,0.0%,0,0.333,.305,0.346,.325,37.0%,31.5%,31.5%,60.0%,70.0%,92.9%,50.5%,19.5%,33.0
Oregon State,Nyan Hayes,All,256,30,82.0,100.6,104.5,26.7%,10.0°,9.0°,43.3,3.3%,1,0.265,.199,0.346,.300,43.3%,13.3%,33.3%,41.4%,67.6%,68.5%,22.3%,29.2%,92.0
Boston College,Colin Larson,All,714,71,90.2,107.2,112.3,47.9%,18.5°,13.3°,23.9,8.5%,6,0.226,.215,0.346,.352,39.4%,33.8%,23.9%,37.7%,58.6%,75.6%,21.9%,33.1%,96.0
Long Island,Cord Dobrinski,All,217,16,84.6,104.0,107.4,43.8%,27.2°,22.7°,31.2,6.2%,1,0.184,.125,0.346,.308,12.5%,18.8%,31.2%,36.9%,63.1%,69.8%,20.3%,37.5%,128.0
East Tennessee State,Joey Little,All,188,33,85.3,101.5,104.2,30.3%,15.9°,15.6°,33.3,6.1%,2,0.214,.263,0.346,.385,39.4%,27.3%,24.2%,42.6%,57.1%,79.2%,30.8%,35.0%,76.0
South Alabama,Paxton Bigby,All,518,89,88.0,102.2,106.0,38.2%,5.6°,5.5°,29.2,3.4%,3,0.282,.286,0.346,.363,51.7%,18.0%,23.6%,41.3%,64.8%,84.4%,23.0%,22.0%,106.0
Wright State,Zac Butler,All,449,79,89.1,103.2,107.5,39.2%,9.7°,6.2°,32.9,3.8%,3,0.284,.275,0.346,.369,45.6%,27.8%,22.8%,40.8%,59.2%,82.9%,23.4%,20.2%,94.0
Indiana,Will Moore,All,873,111,87.9,100.3,103.8,33.3%,-3.8°,3.2°,31.5,0.9%,1,0.258,.256,0.345,.344,64.9%,8.1%,23.4%,31.7%,54.3%,86.6%,10.1%,17.7%,119.0
Incarnate Word,Colin Cymbalista,All,543,111,87.3,102.3,107.4,36.0%,18.5°,14.8°,25.2,4.5%,5,0.278,.260,0.345,.337,37.8%,39.6%,18.0%,47.1%,68.6%,85.1%,26.9%,23.0%,105.0
New Mexico,Shane Miller,All,87,10,82.1,97.8,100.5,20.0%,3.5°,8.6°,30.0,10.0%,1,0.214,.192,0.345,.351,50.0%,30.0%,20.0%,40.2%,60.0%,87.5%,23.4%,17.1%,83.0
Purdue,Eli Anderson,All,774,160,82.3,95.1,101.4,11.2%,6.5°,5.3°,31.9,0.0%,0,0.319,.240,0.345,.310,48.8%,23.1%,21.9%,46.3%,60.6%,89.8%,33.0%,16.8%,69.0
Northeastern,AJ Aschettino,All,663,128,89.8,103.9,107.4,39.8%,10.1°,16.3°,39.1,4.7%,6,0.281,.315,0.345,.412,41.4%,24.2%,31.2%,48.1%,73.1%,86.2%,26.5%,21.9%,99.0
New Mexico,Anthony Diaz,All,352,81,83.5,97.7,101.6,18.5%,18.2°,11.7°,40.7,2.5%,2,0.289,.296,0.345,.367,34.6%,32.1%,28.4%,48.6%,72.0%,97.4%,28.8%,9.9%,116.0
Presbyterian,Amman Dewberry,All,451,65,89.0,109.0,113.6,41.5%,4.9°,6.5°,35.4,12.3%,8,0.26,.234,0.345,.323,52.3%,13.8%,24.6%,46.3%,70.2%,79.9%,28.8%,34.0%,76.0
Columbus State,Cole Eison,All,61,8,81.5,91.6,93.2,0.0%,5.7°,-,37.5,0.0%,0,0.333,.243,0.345,.240,50.0%,12.5%,37.5%,37.7%,79.2%,78.9%,10.8%,26.1%,114.0
Memphis,Jack Pitts,All,311,30,88.4,105.1,110.0,40.0%,13.1°,17.7°,43.3,10.0%,3,0.189,.223,0.345,.376,33.3%,30.0%,30.0%,32.8%,51.5%,74.6%,19.3%,34.3%,82.0
Sacred Heart,David Yorke,All,112,10,90.2,102.4,106.8,40.0%,15.4°,19.4°,30.0,20.0%,2,0.19,.132,0.345,.295,40.0%,50.0%,0.0%,41.1%,60.5%,69.2%,29.0%,39.1%,97.0
Kansas,Jordan Bach,All,942,141,88.0,104.1,107.1,39.7%,11.4°,16.0°,34.0,4.3%,6,0.251,.272,0.345,.390,44.7%,29.8%,22.0%,39.6%,61.8%,84.0%,21.4%,24.7%,111.0
Tusculum,Kolby Watson,All,94,17,86.5,96.6,98.0,11.8%,22.6°,16.9°,35.3,0.0%,0,0.211,.223,0.345,.366,17.6%,47.1%,17.6%,37.2%,64.5%,75.0%,23.8%,22.9%,121.0
Florida,Cole Stanford,All,436,68,87.4,105.4,106.8,39.7%,10.7°,13.3°,30.9,10.3%,7,0.202,.264,0.345,.401,42.6%,32.4%,19.1%,39.0%,58.7%,81.4%,22.1%,22.4%,86.0
San Francisco,Myles Kallinger,All,242,38,83.3,98.0,100.4,21.1%,10.9°,10.5°,31.6,0.0%,0,0.255,.219,0.345,.279,44.7%,28.9%,23.7%,43.0%,66.4%,89.6%,21.4%,20.2%,114.0
Charlotte,Adrian Jimenez,All,841,162,87.9,100.1,107.8,30.9%,7.3°,5.7°,31.5,1.9%,3,0.275,.295,0.345,.380,51.9%,19.1%,25.3%,42.7%,68.5%,93.8%,21.6%,16.2%,121.0
Tulane,Tye Wood,All,964,157,87.6,102.2,108.7,35.7%,5.7°,7.8°,29.9,2.5%,4,0.261,.264,0.345,.365,49.7%,23.6%,25.5%,36.6%,60.2%,90.2%,16.7%,15.0%,122.0
North Florida,Mitchell Collins,All,694,117,81.7,98.4,101.8,17.9%,-4.7°,10.1°,32.5,0.9%,1,0.292,.282,0.345,.349,60.7%,10.3%,28.2%,35.4%,56.6%,92.6%,15.8%,10.2%,105.0
BYU,Bryker Hurdsman,All,744,125,91.3,109.0,113.6,47.2%,8.3°,10.6°,39.2,12.0%,15,0.282,.297,0.345,.383,40.0%,27.2%,28.8%,50.9%,75.0%,77.8%,31.1%,35.6%,69.0
Bucknell,John Calabrese,All,524,91,84.8,98.3,102.4,25.3%,9.0°,15.1°,40.7,0.0%,0,0.279,.272,0.345,.360,36.3%,24.2%,36.3%,43.3%,63.0%,91.6%,28.3%,15.0%,75.0
Ball State,Brett Griffiths,All,286,53,81.0,100.3,101.2,28.3%,11.1°,14.1°,41.5,0.0%,0,0.242,.246,0.345,.325,41.5%,28.3%,28.3%,46.5%,69.6%,85.9%,31.6%,21.8%,53.0
Nebraska,Rhett Stokes,All,590,118,83.9,99.1,102.5,21.2%,7.0°,5.5°,30.5,1.7%,2,0.312,.286,0.344,.330,50.0%,20.3%,27.1%,45.1%,66.2%,89.6%,26.7%,18.0%,87.0
Michigan,Joonsung Park,All,215,29,88.2,106.1,107.5,37.9%,3.3°,14.5°,34.5,6.9%,2,0.239,.240,0.344,.348,48.3%,17.2%,27.6%,41.4%,69.8%,75.0%,22.5%,38.2%,106.0
Oregon State,Bryson Glassco,All,382,65,90.1,101.9,106.5,50.8%,7.5°,10.8°,29.2,3.1%,2,0.279,.283,0.344,.375,47.7%,21.5%,27.7%,44.2%,61.9%,87.2%,29.1%,23.1%,81.0
Villanova,Brayden Leonard,All,610,131,83.1,98.4,103.1,21.4%,7.1°,9.3°,37.4,0.0%,0,0.306,.299,0.344,.339,48.9%,19.8%,28.2%,42.1%,67.2%,91.8%,21.7%,15.6%,114.0
Loyola-New Orleans,Michael Latulas,All,52,6,74.5,94.8,102.9,16.7%,20.3°,-,33.3,0.0%,0,0.25,-,0.344,-,33.3%,0.0%,33.3%,36.5%,81.0%,64.7%,6.5%,36.8%,
Presbyterian,Emory Guilford,All,360,65,85.8,102.2,105.4,36.9%,12.3°,15.4°,44.6,1.5%,1,0.274,.254,0.344,.329,38.5%,21.5%,36.9%,53.1%,73.1%,72.4%,41.2%,39.3%,46.0
Morehead State,Caden Sheridan,All,680,123,84.8,100.0,106.7,27.6%,14.7°,20.1°,37.4,4.1%,5,0.234,.246,0.344,.357,36.6%,35.0%,26.0%,42.8%,70.3%,83.6%,19.3%,21.0%,130.0
Xavier,Jorge Valdes,All,714,121,85.4,95.8,99.0,12.4%,1.9°,-2.0°,33.1,0.0%,0,0.291,.309,0.344,.365,57.0%,11.6%,29.8%,31.2%,51.6%,93.1%,13.2%,11.2%,113.0
Milwaukee,John Hadley,All,406,52,88.7,104.5,110.8,34.6%,10.7°,15.4°,34.6,3.8%,2,0.25,.208,0.344,.283,42.3%,21.2%,28.8%,41.6%,63.3%,71.0%,21.4%,36.7%,99.0
Winthrop,Chazz Grossington,All,593,134,85.4,100.6,107.7,31.3%,10.7°,8.9°,34.3,2.2%,3,0.302,.275,0.344,.318,48.5%,22.4%,26.1%,51.3%,69.2%,84.7%,35.9%,21.7%,77.0
Texas State,Tanner Carson,All,312,38,86.9,102.7,111.1,28.9%,5.5°,9.3°,44.7,5.3%,2,0.254,.270,0.344,.362,36.8%,10.5%,42.1%,35.3%,57.9%,77.3%,22.2%,37.3%,89.0
Central Arkansas,Mark Ross II,All,436,60,88.0,104.8,105.6,36.7%,9.2°,12.3°,41.7,5.0%,3,0.232,.274,0.344,.388,41.7%,20.0%,35.0%,41.5%,69.2%,77.3%,21.1%,28.7%,105.0
College of Charleston,Ethan Plyler,All,779,155,85.8,101.7,103.5,32.3%,7.3°,9.8°,28.4,1.3%,2,0.295,.267,0.344,.329,45.2%,21.9%,27.7%,49.7%,73.4%,86.9%,30.0%,23.8%,91.0
Pacific,Grant MacArthur,All,673,120,88.5,104.0,109.5,35.0%,11.3°,12.6°,28.3,3.3%,4,0.262,.279,0.344,.379,43.3%,27.5%,24.2%,40.0%,64.2%,88.3%,21.3%,17.8%,115.0
Oral Roberts,Cooper Kelly,All,716,111,87.9,102.7,105.9,35.1%,8.5°,7.2°,29.7,1.8%,2,0.279,.271,0.344,.356,50.5%,10.8%,27.0%,41.6%,67.5%,85.4%,22.4%,24.2%,124.0
East Carolina,Walker Barron,All,730,128,84.3,102.4,105.9,31.2%,7.2°,12.1°,27.3,1.6%,2,0.277,.264,0.344,.340,47.7%,28.9%,19.5%,42.2%,58.0%,88.0%,30.0%,22.4%,69.0
UCF,Landon Moran,All,860,161,86.9,102.0,107.6,39.1%,7.3°,10.7°,44.7,5.0%,8,0.304,.338,0.344,.411,42.9%,20.5%,32.3%,42.1%,60.7%,94.9%,26.8%,13.8%,103.0
Maine,Albert De La Rosa,All,415,93,86.1,102.2,105.4,25.8%,11.8°,12.9°,35.5,2.2%,2,0.276,.294,0.344,.366,41.9%,26.9%,24.7%,46.0%,67.7%,91.5%,27.4%,15.7%,104.0
SIUE,Ethan Willoughby,All,463,112,85.9,99.1,102.3,24.1%,14.3°,4.0°,41.1,0.0%,0,0.311,.310,0.344,.350,40.2%,28.6%,28.6%,45.8%,71.2%,93.1%,29.0%,13.2%,87.0
Cal Poly,Gavin Spiridonoff,All,553,103,84.9,100.9,104.8,30.1%,14.5°,9.0°,32.0,3.9%,4,0.275,.241,0.344,.283,44.7%,28.2%,24.3%,49.9%,70.0%,81.8%,34.2%,26.1%,73.0
Northern Colorado,Easton Bryant,All,283,37,84.0,102.3,106.2,40.5%,9.2°,11.8°,35.1,2.7%,1,0.274,.245,0.344,.319,54.1%,24.3%,21.6%,47.0%,74.1%,72.0%,22.3%,39.8%,125.0
Holy Cross,Cayden Van Dolah,All,56,7,80.1,82.9,83.0,0.0%,-25.2°,-,28.6,0.0%,0,0.222,.278,0.344,.391,71.4%,0.0%,28.6%,39.3%,52.2%,91.7%,30.3%,13.6%,41.0
Washington State,Cam Macleod,All,155,17,85.3,99.2,101.2,29.4%,26.2°,17.5°,17.6,0.0%,0,0.172,.126,0.344,.250,29.4%,52.9%,11.8%,39.4%,68.4%,61.5%,22.4%,41.0%,115.0
Miami,Cian Copeland,All,154,25,85.2,103.9,106.1,28.0%,-1.1°,21.7°,36.0,8.0%,2,0.2,.307,0.344,.445,56.0%,16.0%,24.0%,39.6%,63.5%,77.5%,23.1%,23.0%,113.0
George Mason,Jackson Morse,All,516,84,79.8,96.3,101.7,9.5%,1.9°,3.2°,21.4,0.0%,0,0.287,.262,0.344,.336,66.7%,16.7%,15.5%,31.4%,53.1%,96.1%,12.6%,6.8%,127.0
South Carolina,Will Craddock,All,738,116,88.9,108.3,112.5,45.7%,13.2°,17.8°,37.9,9.5%,11,0.251,.253,0.343,.351,37.1%,31.9%,28.4%,49.3%,64.2%,74.6%,37.2%,38.5%,30.0
South Carolina,Patrick Evans,All,753,123,90.2,104.0,109.6,40.7%,20.3°,15.4°,35.8,4.9%,6,0.238,.250,0.343,.342,29.3%,39.0%,29.3%,48.5%,68.4%,84.6%,31.9%,27.1%,60.0
Northeastern,Charlie Criscola,All,528,80,82.7,97.2,100.4,13.8%,3.8°,9.3°,33.8,1.2%,1,0.252,.251,0.343,.358,52.5%,17.5%,26.2%,41.9%,65.6%,81.5%,19.5%,27.1%,114.0
Georgia Southern,John Davis,All,111,14,87.9,98.3,98.3,21.4%,8.5°,14.4°,42.9,7.1%,1,0.25,.152,0.343,.194,50.0%,28.6%,21.4%,39.6%,51.7%,87.1%,25.5%,25.0%,55.0
UT Martin,Terence Grines,All,300,75,87.3,104.4,108.8,33.3%,3.0°,6.0°,26.7,2.7%,2,0.287,.275,0.343,.320,56.0%,24.0%,17.3%,43.0%,64.5%,92.9%,20.9%,14.7%,89.0
Carson-Newman,Ian Hubbard,All,40,5,77.3,96.5,100.6,20.0%,28.2°,9.8°,20.0,0.0%,0,0.222,.126,0.343,.240,20.0%,40.0%,20.0%,47.5%,81.2%,46.2%,25.0%,63.2%,122.0
Iona,AJ Oden,All,214,40,84.0,97.4,105.5,25.0%,2.1°,11.3°,42.5,2.5%,1,0.3,.307,0.343,.360,55.0%,10.0%,32.5%,40.2%,64.9%,96.7%,20.8%,11.6%,114.0
Richmond,Grant Kennedy,All,311,46,86.4,99.5,102.8,28.3%,19.3°,17.4°,34.8,2.2%,1,0.269,.194,0.343,.291,34.8%,37.0%,21.7%,32.8%,53.1%,81.2%,18.2%,32.4%,76.0
NJIT,Ben Robinson,All,44,7,88.1,101.1,101.1,42.9%,22.4°,15.2°,85.7,0.0%,0,0.222,.343,0.343,.451,14.3%,14.3%,71.4%,40.9%,78.9%,80.0%,12.0%,27.8%,152.0
Delaware State,Rosnell Lewis,All,80,13,82.2,101.3,102.7,23.1%,12.0°,17.5°,23.1,0.0%,0,0.278,.222,0.343,.305,46.2%,30.8%,15.4%,38.8%,64.9%,91.7%,16.3%,12.9%,124.0
Sacramento State,Orlando Cobarrubias,All,166,24,86.6,100.0,101.3,29.2%,10.3°,7.2°,29.2,4.2%,1,0.273,.236,0.343,.325,41.7%,20.8%,29.2%,36.7%,56.2%,82.9%,21.5%,24.6%,107.0
Northwestern,Jay Slater,All,567,98,89.4,104.9,109.6,43.9%,10.8°,14.4°,29.6,6.1%,6,0.248,.261,0.343,.354,41.8%,28.6%,23.5%,40.0%,62.1%,91.4%,21.2%,15.4%,124.0
Northwestern,Logan De Groot,All,536,75,88.5,101.2,103.2,33.3%,10.7°,2.7°,32.0,1.3%,1,0.287,.240,0.343,.323,50.7%,17.3%,24.0%,38.8%,60.8%,80.5%,20.3%,28.8%,117.0
Portland,Cody Nitowitz,All,353,58,86.9,101.2,105.3,29.3%,10.9°,14.8°,27.6,1.7%,1,0.257,.285,0.343,.404,50.0%,25.9%,20.7%,29.7%,51.2%,96.3%,11.9%,11.4%,108.0
Western Carolina,Trey Spees,All,523,87,87.1,99.7,103.3,23.0%,15.8°,15.2°,32.2,2.3%,2,0.265,.234,0.343,.334,40.2%,26.4%,20.7%,43.6%,68.6%,79.6%,23.0%,26.3%,99.0
Texas A&M-Corpus Christi,Jackson Smith,All,178,28,86.8,102.9,103.8,39.3%,14.6°,12.9°,50.0,7.1%,2,0.265,.337,0.343,.445,25.0%,28.6%,46.4%,36.0%,60.3%,87.2%,17.0%,14.1%,117.0
St. Thomas (MN),Easton Fritcher,All,278,39,89.2,102.0,107.3,46.2%,13.1°,16.6°,28.2,5.1%,2,0.241,.245,0.343,.355,38.5%,28.2%,20.5%,43.2%,67.7%,82.1%,23.4%,24.2%,115.0
Delaware,LT Cockrill,All,786,116,85.7,101.7,105.5,40.5%,11.4°,15.5°,33.6,6.0%,7,0.242,.278,0.343,.385,44.8%,25.9%,25.9%,40.5%,62.9%,82.2%,23.3%,30.5%,87.0
Gonzaga,Tommy Eisenstat,All,614,126,89.0,102.0,105.7,38.1%,11.7°,10.0°,37.3,1.6%,2,0.275,.284,0.343,.367,43.7%,30.2%,23.0%,48.4%,80.0%,84.4%,28.1%,22.6%,96.0
Valparaiso,Cal Schembra,All,629,100,85.3,100.7,105.7,30.0%,11.7°,16.2°,35.0,3.0%,3,0.229,.219,0.343,.313,35.0%,32.0%,25.0%,42.1%,63.2%,78.5%,26.1%,26.8%,86.0
Holy Cross,Van Coughlin,All,239,55,85.9,101.9,105.6,29.1%,-1.0°,10.4°,32.7,3.6%,2,0.258,.277,0.343,.365,52.7%,20.0%,23.6%,42.3%,68.3%,91.5%,22.2%,15.8%,116.0
Pikeville,Cole Fowler,All,49,5,68.6,87.6,93.2,0.0%,11.1°,-,40.0,0.0%,0,0.222,.254,0.343,.420,40.0%,0.0%,40.0%,40.8%,57.1%,75.0%,34.3%,30.0%,14.0
FGCU,Cayden Hessemyer,All,584,130,86.3,96.7,100.3,16.9%,14.4°,15.4°,43.1,0.8%,1,0.313,.304,0.342,.359,39.2%,25.4%,30.8%,47.8%,67.5%,94.0%,30.7%,11.8%,91.0
Villanova,Joseph Montgomery,All,400,78,83.7,104.6,108.2,26.9%,1.1°,11.4°,35.9,5.1%,4,0.302,.269,0.342,.339,47.4%,21.8%,26.9%,44.2%,64.8%,89.7%,27.6%,23.2%,84.0
Southern Illinois,Henry Kufa,All,362,55,90.5,103.8,109.6,47.3%,10.9°,5.3°,27.3,1.8%,1,0.274,.275,0.342,.360,50.9%,23.6%,21.8%,36.5%,60.8%,86.0%,18.7%,24.2%,118.0
Quinnipiac,Chase Camac,All,335,69,84.6,100.0,104.8,26.1%,-0.4°,4.4°,30.4,0.0%,0,0.289,.271,0.342,.342,60.9%,13.0%,24.6%,37.6%,63.0%,85.9%,18.0%,19.8%,105.0
Houston,Blake Fields,All,773,138,88.7,100.9,105.5,38.4%,10.5°,10.0°,37.7,2.2%,3,0.259,.300,0.342,.393,45.7%,23.2%,26.1%,36.1%,61.3%,90.7%,13.3%,13.6%,115.0
Wofford,Brady Gold,All,558,95,85.0,101.9,105.0,30.5%,14.6°,12.7°,31.6,2.1%,2,0.25,.244,0.342,.327,41.1%,26.3%,23.2%,44.4%,65.9%,88.4%,25.6%,17.7%,100.0
South Dakota State,Nate Wachter,All,300,56,83.8,99.7,106.2,32.1%,8.8°,8.9°,28.6,0.0%,0,0.31,.257,0.342,.308,46.4%,21.4%,19.6%,42.3%,64.0%,87.4%,24.4%,19.7%,67.0
Long Beach State,Dylan Lina,All,693,115,87.6,102.4,106.4,35.7%,25.2°,19.0°,35.7,7.8%,9,0.243,.244,0.342,.356,26.1%,43.5%,20.9%,46.2%,72.9%,88.1%,29.5%,28.7%,92.0
Southern Indiana,Khi Holiday,All,900,153,82.3,97.4,101.5,17.6%,5.4°,10.3°,32.7,0.0%,0,0.278,.274,0.342,.369,49.7%,17.6%,26.8%,34.7%,55.6%,92.0%,17.7%,12.8%,113.0
Kennesaw State,Aaron Posey,All,434,45,90.4,107.4,109.3,51.1%,0.8°,10.7°,35.6,8.9%,4,0.227,.208,0.342,.315,55.6%,22.2%,20.0%,45.4%,66.8%,71.7%,28.7%,35.5%,68.0
Alabama,Justin Osterhouse,All,494,74,84.8,104.3,111.9,31.1%,7.0°,5.7°,23.0,1.4%,1,0.234,.236,0.342,.345,50.0%,24.3%,20.3%,46.4%,73.9%,89.8%,23.1%,21.0%,107.0
Oklahoma,Dayton Tockey,All,315,34,92.7,106.1,112.6,47.1%,12.8°,9.7°,17.6,5.9%,2,0.189,.192,0.342,.333,52.9%,26.5%,11.8%,32.7%,57.0%,71.6%,12.7%,33.0%,100.0
Memphis,Shane Cox,All,924,173,86.5,100.7,109.1,28.3%,15.1°,8.6°,32.4,1.2%,2,0.273,.265,0.342,.324,40.5%,31.2%,25.4%,42.0%,58.3%,89.0%,28.3%,20.1%,72.0
Cornell,Trent Lopez,All,208,30,88.8,102.3,104.8,36.7%,14.0°,18.4°,43.3,6.7%,2,0.22,.237,0.342,.321,36.7%,26.7%,26.7%,53.8%,76.1%,80.6%,37.5%,37.5%,51.0
Cal State Northridge,Colton Boardman,All,557,93,83.5,97.4,100.6,24.7%,14.7°,9.1°,44.1,0.0%,0,0.31,.295,0.342,.331,34.4%,26.9%,37.6%,43.8%,64.8%,85.4%,27.5%,23.4%,100.0
Cal Poly,Jake Downing,All,775,110,89.8,106.0,108.8,53.6%,4.3°,13.5°,38.2,9.1%,10,0.276,.264,0.342,.378,42.7%,20.9%,33.6%,44.0%,64.8%,84.2%,28.4%,26.4%,86.0
UMES,Jonathan Rodriguez,All,66,17,84.3,95.5,96.6,11.8%,13.6°,15.0°,29.4,0.0%,0,0.278,.278,0.342,.302,47.1%,23.5%,17.6%,48.5%,64.7%,95.5%,31.2%,15.6%,90.0
Purdue,Zachary Zychowski,All,309,59,87.5,100.4,101.9,32.2%,6.5°,5.9°,28.8,0.0%,0,0.27,.289,0.342,.375,55.9%,16.9%,23.7%,36.6%,59.4%,92.7%,18.1%,13.3%,122.0
Indiana,Cooper Malamazian,All,740,139,89.9,102.9,109.0,42.4%,7.8°,8.0°,29.5,2.2%,3,0.282,.304,0.341,.363,50.4%,17.3%,26.6%,44.1%,63.2%,85.9%,28.0%,27.6%,81.0
Ohio State,Maddix Simpson,All,762,130,88.4,101.9,105.7,34.6%,8.7°,9.0°,34.6,2.3%,3,0.292,.308,0.341,.367,49.2%,14.6%,30.8%,44.2%,62.7%,84.4%,27.8%,21.7%,102.0
Michigan State,CJ Deckinga,All,711,121,88.7,105.4,107.9,42.1%,10.9°,8.0°,35.5,5.8%,7,0.239,.279,0.341,.366,41.3%,28.1%,28.1%,38.4%,64.1%,83.7%,17.9%,26.4%,112.0
Richmond,Aidan O'Keefe,All,469,83,86.0,99.2,102.6,25.3%,7.5°,9.9°,30.1,0.0%,0,0.262,.278,0.341,.361,48.2%,21.7%,25.3%,38.2%,66.2%,90.2%,14.2%,15.6%,125.0
Elon,Gar Hindle,All,649,96,86.8,100.5,103.8,29.2%,10.2°,7.3°,32.3,1.0%,1,0.246,.275,0.341,.378,45.8%,24.0%,22.9%,33.0%,48.0%,91.0%,21.6%,15.9%,105.0
George Washington,Charlie Walsh,All,682,117,89.6,103.5,106.4,37.6%,7.7°,11.6°,33.3,6.0%,7,0.257,.264,0.341,.356,47.0%,21.4%,27.4%,41.8%,67.6%,89.9%,20.7%,19.6%,119.0
Coastal Carolina,Domenico Tozzi,All,430,58,88.9,105.7,110.0,39.7%,18.0°,19.6°,36.2,12.1%,7,0.205,.278,0.341,.418,36.2%,37.9%,24.1%,40.9%,65.0%,80.3%,23.6%,25.6%,100.0
South Carolina,KJ Scobey,All,852,154,90.8,105.6,111.6,50.6%,20.6°,16.8°,38.3,10.4%,16,0.249,.302,0.341,.402,31.8%,33.1%,27.9%,54.6%,78.9%,79.0%,35.6%,31.4%,69.0
Austin Peay,Derrick Mitchell,All,37,8,88.6,94.7,94.8,0.0%,-10.4°,-,37.5,0.0%,0,0.364,.264,0.341,.266,62.5%,0.0%,25.0%,54.1%,72.7%,81.2%,26.7%,20.0%,103.0
Duke,Bobby Marsh,All,419,58,89.7,103.2,105.2,34.5%,17.4°,16.3°,41.4,3.4%,2,0.25,.265,0.341,.364,27.6%,20.7%,36.2%,51.3%,77.6%,74.3%,28.3%,33.5%,95.0
Gonzaga,Bo Shinkle,All,578,93,82.5,96.3,99.7,12.9%,8.7°,5.1°,44.1,0.0%,0,0.294,.281,0.341,.346,43.0%,17.2%,36.6%,38.1%,55.4%,90.2%,24.1%,17.7%,101.0
Tarleton State,Kendyl Johnson,All,798,99,86.3,97.6,101.3,17.2%,15.9°,21.6°,36.4,1.0%,1,0.245,.190,0.341,.301,36.4%,29.3%,26.3%,37.0%,59.3%,86.0%,14.9%,21.0%,120.0
Richmond,Sean Scanlon,All,543,86,87.7,102.1,104.6,37.2%,19.5°,17.0°,37.2,3.5%,3,0.223,.260,0.341,.364,26.7%,34.9%,25.6%,44.9%,66.5%,87.4%,26.4%,22.1%,105.0
Xavier,Luke Hammond,All,679,169,87.2,104.5,107.6,36.1%,7.4°,8.8°,36.1,5.3%,9,0.292,.307,0.341,.360,48.5%,17.8%,29.6%,58.2%,77.9%,94.4%,42.6%,16.5%,31.0
UTRGV,Hank Warren,All,657,120,86.1,98.3,103.1,35.0%,7.6°,7.8°,35.8,1.7%,2,0.29,.297,0.341,.364,49.2%,18.3%,30.0%,40.6%,61.6%,91.1%,23.8%,16.1%,103.0
Northwestern,Shane Hofstadler,All,168,25,89.6,101.6,103.8,36.0%,17.6°,13.3°,32.0,0.0%,0,0.172,.272,0.341,.397,44.0%,28.0%,24.0%,30.4%,55.0%,97.0%,16.7%,11.8%,122.0
Stephen F. Austin,Coby DeJesus,All,323,56,83.4,96.9,98.8,14.3%,-5.3°,6.5°,26.8,0.0%,0,0.271,.346,0.341,.398,66.1%,7.1%,23.2%,40.9%,65.8%,86.0%,18.7%,15.9%,131.0
British Columbia,Kansai Sugimoto,All,71,19,83.7,94.0,98.0,15.8%,-8.6°,-6.9°,10.5,0.0%,0,0.3,.195,0.341,.267,68.4%,5.3%,10.5%,46.5%,65.8%,84.0%,24.2%,18.2%,101.0
Washington,Ethan Swidler,All,615,81,87.9,102.3,107.4,40.7%,12.7°,8.9°,39.5,6.2%,5,0.25,.268,0.341,.376,39.5%,30.9%,25.9%,35.9%,60.7%,90.0%,15.2%,17.2%,108.0
Gardner-Webb,Matthew Ilgenfritz,All,286,50,90.6,108.3,109.7,42.0%,13.2°,11.9°,26.0,10.0%,5,0.271,.240,0.341,.307,36.0%,24.0%,26.0%,56.6%,76.3%,80.0%,42.9%,30.2%,50.0
Nicholls,Matt Melancon,All,309,51,84.2,97.9,99.1,15.7%,13.4°,6.4°,33.3,0.0%,0,0.286,.251,0.341,.339,37.3%,27.5%,31.4%,43.7%,68.6%,93.6%,23.8%,15.6%,95.0
Illinois State,Eric Machej,All,445,88,86.2,101.3,103.4,31.8%,8.3°,5.8°,34.1,3.4%,3,0.3,.267,0.341,.332,45.5%,26.1%,22.7%,53.3%,75.0%,83.3%,35.5%,26.2%,51.0
UT Martin,Colten Payton,All,292,63,87.3,104.7,108.3,38.1%,7.4°,10.2°,31.7,3.2%,2,0.296,.288,0.341,.333,50.8%,15.9%,30.2%,45.2%,64.3%,81.5%,26.8%,28.0%,74.0
Creighton,Connor Capece,All,870,157,83.2,100.9,107.9,27.4%,10.0°,14.4°,39.5,3.2%,5,0.302,.283,0.34,.354,42.0%,24.8%,29.9%,42.8%,61.5%,86.2%,26.8%,18.0%,94.0
Rhode Island,Nick Toro,All,278,36,83.3,97.7,101.3,19.4%,20.5°,19.8°,36.1,2.8%,1,0.226,.206,0.34,.317,30.6%,36.1%,27.8%,33.8%,65.4%,82.4%,14.9%,30.9%,128.0
Radford,Alex Levesque,All,264,40,83.9,103.4,111.9,22.5%,13.9°,11.6°,35.0,5.0%,2,0.259,.220,0.34,.318,37.5%,27.5%,30.0%,42.0%,65.8%,84.4%,23.1%,22.5%,105.0
Richmond,Khris Morris,All,266,27,91.9,106.6,109.6,44.4%,33.3°,26.4°,29.6,3.7%,1,0.212,.158,0.34,.276,11.1%,51.9%,25.9%,47.0%,69.7%,73.9%,33.5%,41.6%,64.0
Merrimack,Brooks Craigue,All,247,48,85.7,101.2,102.7,25.0%,11.9°,12.0°,29.2,0.0%,0,0.296,.289,0.34,.375,39.6%,33.3%,25.0%,40.9%,66.1%,87.5%,21.0%,16.8%,108.0
Saint Joseph's,Ben Peterson,All,250,29,87.2,103.9,105.3,48.3%,10.8°,11.1°,44.8,6.9%,2,0.208,.209,0.34,.318,41.4%,24.1%,31.0%,40.4%,65.1%,73.2%,21.3%,38.6%,97.0
Northern Colorado,Brandon Sanchez,All,415,61,84.7,100.1,103.1,27.9%,1.9°,4.2°,21.3,1.6%,1,0.217,.247,0.34,.369,59.0%,13.1%,14.8%,39.8%,65.0%,84.9%,19.8%,18.8%,109.0
Emmanuel (GA),Dee Oliver,All,127,20,83.9,97.7,98.9,20.0%,10.2°,21.0°,35.0,0.0%,0,0.286,.208,0.34,.282,45.0%,20.0%,25.0%,38.6%,62.3%,90.9%,21.6%,14.3%,115.0
Harvard,Matthew Witkow,All,535,72,88.0,100.1,102.0,33.3%,4.1°,8.1°,43.1,0.0%,0,0.253,.311,0.34,.389,50.0%,11.1%,37.5%,33.5%,52.0%,83.5%,17.9%,22.3%,109.0
Old Dominion,TJ Aiken,All,866,115,87.7,102.2,105.9,33.9%,5.9°,10.7°,31.3,1.7%,2,0.241,.243,0.34,.353,53.0%,19.1%,23.5%,37.6%,63.8%,78.1%,16.5%,29.8%,114.0
Brown,Matt Luigs,All,645,113,85.4,99.0,103.0,24.8%,3.8°,8.4°,39.8,1.8%,2,0.283,.267,0.34,.340,52.2%,14.2%,33.6%,38.8%,64.2%,91.8%,18.6%,16.4%,126.0
Little Rock,Jerdy Lopez,All,658,136,85.6,99.3,101.5,22.8%,2.6°,2.3°,30.1,0.0%,0,0.287,.254,0.34,.338,52.2%,16.2%,26.5%,41.0%,66.9%,93.9%,16.6%,11.1%,116.0
Penn,Michael Powell,All,281,47,85.7,100.8,105.0,36.2%,7.9°,-2.1°,23.4,2.1%,1,0.259,.233,0.34,.327,48.9%,27.7%,10.6%,43.1%,64.4%,86.8%,27.6%,20.7%,106.0
UT Martin,TJ Dunsford,All,285,55,87.3,103.2,108.0,34.5%,8.1°,11.5°,30.9,7.3%,4,0.254,.292,0.34,.372,49.1%,25.5%,23.6%,45.3%,65.6%,88.1%,28.7%,24.8%,86.0
Western Kentucky,Kiefer Tarnoki,All,111,17,83.6,92.5,96.6,5.9%,6.6°,9.4°,52.9,0.0%,0,0.292,.274,0.34,.292,41.2%,17.6%,41.2%,42.3%,61.1%,87.9%,24.6%,19.1%,104.0
CSU Bakersfield,Yahir Acevedo,All,231,36,81.6,100.8,108.2,25.0%,10.6°,15.1°,47.2,2.8%,1,0.278,.250,0.34,.308,27.8%,27.8%,41.7%,44.6%,63.6%,76.2%,30.3%,35.9%,70.0
Appalachian State,Joseph Zamora,All,501,100,82.5,96.5,100.0,14.0%,14.9°,12.2°,36.0,0.0%,0,0.278,.249,0.34,.303,37.0%,27.0%,29.0%,41.5%,67.5%,94.2%,23.8%,14.9%,120.0
Monmouth,Brendan Buecker,All,621,119,80.7,99.4,101.8,23.5%,7.8°,3.9°,27.7,0.0%,0,0.277,.253,0.34,.330,46.2%,22.7%,23.5%,39.9%,62.0%,92.6%,23.7%,16.1%,80.0
Oregon,Jack Brooks,All,767,96,89.1,106.1,110.6,42.7%,10.0°,12.5°,28.1,10.4%,10,0.238,.241,0.34,.358,45.8%,28.1%,20.8%,40.2%,63.5%,86.8%,17.1%,21.1%,99.0
Tulane,Trent Liolios,All,751,134,87.5,102.6,106.1,35.8%,16.3°,16.3°,37.3,3.7%,5,0.264,.301,0.34,.379,34.3%,26.1%,34.3%,42.7%,64.8%,88.8%,25.3%,19.9%,88.0
Louisiana Tech,Elijah Berch,All,613,125,88.6,103.8,107.8,40.0%,10.3°,7.9°,36.8,3.2%,4,0.275,.316,0.34,.390,43.2%,24.0%,26.4%,48.5%,73.2%,87.6%,29.6%,24.2%,92.0
UC Riverside,Lucas Bonham,All,325,58,88.6,102.4,107.1,46.6%,8.5°,15.5°,43.1,10.3%,6,0.25,.268,0.34,.369,39.7%,25.9%,29.3%,44.9%,66.2%,74.5%,28.4%,32.2%,74.0
TCU,Rob Liddington,All,614,97,89.6,106.1,109.7,46.4%,8.7°,9.9°,23.7,4.1%,4,0.262,.248,0.34,.342,49.5%,27.8%,16.5%,42.7%,65.1%,88.1%,26.4%,26.3%,90.0
Fordham,Taylor Kirk,All,683,141,81.8,97.8,101.7,12.1%,9.2°,8.9°,35.5,0.0%,0,0.288,.277,0.34,.347,41.1%,24.1%,30.5%,41.3%,59.3%,87.4%,26.6%,15.6%,94.0
Santa Clara,Payton Lambert,All,346,62,83.8,102.2,104.8,37.1%,1.5°,6.6°,32.3,0.0%,0,0.278,.254,0.339,.316,51.6%,17.7%,25.8%,42.2%,62.7%,88.9%,25.0%,22.6%,88.0
San Diego State,Adam Magpoc,All,634,128,86.1,100.1,104.8,27.3%,8.8°,8.8°,39.8,0.8%,1,0.307,.303,0.339,.361,46.1%,18.8%,33.6%,46.5%,66.8%,88.1%,29.6%,19.3%,106.0
Rhode Island,Joel Collado,All,59,6,97.2,102.1,103.0,66.7%,30.4°,20.2°,66.7,16.7%,1,0.231,.165,0.339,.282,0.0%,50.0%,33.3%,49.2%,72.0%,77.8%,32.4%,34.5%,120.0
NJIT,Rowin O'Connor,All,148,18,80.1,101.2,104.7,27.8%,17.8°,18.5°,50.0,5.6%,1,0.324,.211,0.339,.249,33.3%,27.8%,38.9%,52.7%,72.5%,80.0%,35.4%,33.3%,36.0
Tarleton State,Cage McCloud,All,632,112,86.8,101.6,103.9,39.3%,10.7°,17.1°,39.3,6.2%,7,0.248,.258,0.339,.345,42.0%,28.6%,25.0%,45.9%,73.5%,78.5%,21.3%,28.3%,129.0
Eastern Illinois,Joey Hagen,All,230,47,83.0,101.6,108.3,31.9%,6.6°,14.2°,36.2,0.0%,0,0.31,.284,0.339,.327,48.9%,21.3%,29.8%,48.7%,74.3%,89.3%,28.7%,16.1%,108.0
Brown,Mark Henshon,All,652,119,86.2,100.3,103.8,28.6%,2.1°,3.4°,27.7,0.8%,1,0.283,.295,0.339,.367,54.6%,18.5%,23.5%,34.5%,50.6%,94.4%,19.2%,7.6%,76.0
Georgia State,Hunter Carlson,All,775,156,84.9,103.2,110.6,29.5%,14.4°,14.3°,37.2,3.8%,6,0.272,.299,0.339,.383,41.0%,26.3%,24.4%,43.6%,65.2%,89.1%,23.0%,16.9%,104.0
Tennessee Wesleyan,Jonathan Bosque,All,206,23,71.1,86.8,88.1,0.0%,24.1°,-,21.7,0.0%,0,0.194,.114,0.339,.263,34.8%,43.5%,8.7%,39.8%,70.3%,78.8%,22.7%,25.6%,100.0
UMES,Joshua Caldwell,All,74,10,86.1,102.0,103.2,40.0%,-10.5°,-1.6°,20.0,0.0%,0,0.083,.268,0.339,.410,80.0%,0.0%,20.0%,35.1%,60.0%,90.5%,12.8%,11.5%,156.0
Columbia,Tate Vogler,All,494,85,90.6,104.5,107.2,48.2%,3.0°,7.0°,31.8,3.5%,3,0.264,.302,0.339,.389,55.3%,20.0%,24.7%,45.7%,68.3%,84.5%,26.6%,23.9%,103.0
Queens (NC),Hunter Huneycutt,All,591,126,80.9,97.9,104.4,18.3%,6.8°,6.4°,38.1,0.0%,0,0.292,.280,0.339,.338,46.8%,22.2%,27.0%,43.7%,69.5%,92.4%,22.5%,15.5%,109.0
Rice,Kutter-Gage Webb,All,910,142,85.0,100.7,105.0,25.4%,15.1°,13.7°,40.8,4.9%,7,0.253,.248,0.339,.340,36.6%,33.1%,26.1%,45.1%,64.0%,86.1%,29.9%,22.9%,85.0
Gardner-Webb,Thad Ector,All,151,20,86.6,102.2,104.4,25.0%,8.8°,12.5°,40.0,0.0%,0,0.241,.227,0.339,.330,45.0%,25.0%,30.0%,42.4%,77.9%,73.6%,13.3%,28.1%,130.0
Pepperdine,Max Aude,All,274,50,80.8,101.8,103.1,24.0%,0.3°,10.8°,24.0,4.0%,2,0.273,.231,0.339,.294,60.0%,20.0%,20.0%,48.5%,77.9%,83.0%,28.0%,22.6%,104.0
San Diego,Diego Gonzalez,All,483,76,82.0,102.4,106.6,34.2%,12.0°,19.4°,30.3,9.2%,7,0.259,.229,0.339,.346,43.4%,35.5%,17.1%,42.2%,56.7%,84.0%,29.0%,26.5%,50.0
Mount St. Mary's,David Stokely,All,356,73,82.7,97.7,102.1,19.2%,19.6°,8.4°,24.7,1.4%,1,0.291,.240,0.339,.300,37.0%,38.4%,19.2%,46.3%,68.8%,93.4%,29.2%,15.8%,101.0
Grambling,Charles Ashe III,All,135,24,85.8,99.4,102.8,29.2%,9.7°,2.9°,37.5,0.0%,0,0.344,.323,0.339,.328,37.5%,20.8%,41.7%,53.3%,73.2%,80.8%,31.2%,30.6%,77.0
Pacific,Levi Sotomayor,All,215,41,84.5,101.4,104.9,24.4%,5.6°,3.1°,41.5,0.0%,0,0.283,.272,0.339,.320,46.3%,17.1%,34.1%,51.2%,79.8%,91.1%,26.7%,16.4%,107.0
Stonehill,Samuel Parks,All,228,36,80.7,90.3,95.7,2.8%,16.0°,16.3°,44.4,0.0%,0,0.286,.280,0.339,.374,30.6%,27.8%,38.9%,36.0%,56.0%,91.1%,20.3%,6.1%,116.0
UMass,Ryan Kolben,All,191,25,86.9,105.5,105.5,40.0%,12.1°,18.4°,28.0,16.0%,4,0.275,.206,0.339,.358,44.0%,28.0%,20.0%,38.2%,55.4%,80.4%,25.0%,32.9%,85.0
Western Michigan,Cooper Hums,All,145,22,87.2,96.7,99.8,18.2%,25.4°,10.6°,27.3,4.5%,1,0.233,.208,0.339,.348,27.3%,50.0%,18.2%,40.0%,60.3%,88.6%,26.4%,22.4%,106.0
Utah,Zakye Hawkins,All,254,47,84.7,102.2,107.8,29.8%,14.9°,13.8°,27.7,4.3%,2,0.267,.236,0.339,.308,36.2%,27.7%,19.1%,40.6%,65.4%,90.0%,22.4%,14.6%,104.0
Duke,Collin Anderson,All,697,101,84.5,100.4,104.5,28.7%,14.2°,15.3°,40.6,3.0%,3,0.26,.231,0.339,.303,33.7%,21.8%,30.7%,46.3%,69.3%,83.9%,26.7%,24.8%,82.0
Washington,Blake Wilson,All,586,104,86.5,102.8,107.0,37.5%,12.8°,8.4°,25.0,2.9%,3,0.265,.217,0.338,.293,45.2%,28.8%,19.2%,48.6%,71.7%,77.5%,31.0%,31.9%,65.0
Marshall,Mason Onate,All,441,74,85.4,99.3,105.7,23.0%,7.1°,12.5°,28.4,2.7%,2,0.266,.260,0.338,.328,50.0%,16.2%,24.3%,38.1%,63.7%,91.1%,18.1%,19.6%,105.0
The Citadel,Rhyder Poppell,All,118,12,87.7,104.1,106.3,33.3%,27.8°,26.7°,25.0,16.7%,2,0.136,.169,0.338,.353,33.3%,41.7%,8.3%,32.2%,56.0%,71.4%,14.7%,34.2%,76.0
Georgia College,Evan Cowan,All,148,24,80.1,92.4,92.6,8.3%,-4.5°,-7.3°,12.5,0.0%,0,0.294,.206,0.338,.238,70.8%,16.7%,8.3%,44.6%,75.4%,83.7%,25.3%,18.2%,53.0
South Carolina,Jake Randolph,All,463,75,88.1,103.0,107.2,30.7%,5.5°,15.3°,41.3,5.3%,4,0.224,.278,0.338,.392,42.7%,26.7%,29.3%,43.2%,67.8%,84.8%,22.1%,21.0%,108.0
Evansville,Harrison Taubert,All,618,57,85.7,103.4,105.0,28.1%,19.6°,11.0°,35.1,7.0%,4,0.165,.193,0.338,.371,28.1%,24.6%,24.6%,37.9%,65.3%,69.3%,16.0%,39.7%,122.0
Illinois-Chicago,Andrew Pyszka,All,373,53,86.3,99.5,106.5,24.5%,3.8°,-7.3°,26.4,0.0%,0,0.257,.201,0.338,.289,56.6%,17.0%,24.5%,37.8%,56.5%,81.5%,18.1%,22.7%,80.0
Cal Poly,Dante Vachini,All,627,129,87.2,102.8,109.4,37.2%,9.1°,8.0°,24.0,2.3%,3,0.297,.258,0.338,.308,48.8%,22.5%,24.0%,40.2%,62.4%,91.2%,25.0%,16.7%,95.0
NJIT,Brody Levin,All,108,20,87.3,98.8,99.8,25.0%,13.4°,16.0°,25.0,5.0%,1,0.286,.285,0.338,.358,45.0%,25.0%,20.0%,49.1%,65.4%,82.4%,33.9%,26.4%,86.0
Saint Joseph's,Jason Janesko,All,804,111,86.5,108.0,112.6,42.3%,5.0°,6.9°,27.9,6.3%,7,0.271,.226,0.338,.303,55.0%,18.9%,23.4%,39.2%,63.6%,77.7%,21.5%,30.8%,98.0
Iowa,Kellen Strohmeyer,All,604,97,88.5,106.3,109.5,40.2%,9.9°,7.1°,27.8,6.2%,6,0.266,.289,0.338,.373,54.6%,23.7%,17.5%,47.2%,68.8%,86.7%,30.5%,25.3%,88.0
Tulane,James Agabedis III,All,476,71,88.7,101.9,104.4,40.8%,13.5°,13.5°,31.0,7.0%,5,0.241,.240,0.338,.320,43.7%,28.2%,22.5%,46.4%,62.0%,78.4%,33.5%,34.4%,79.0
Towson,Nick LoBello,All,336,70,83.2,99.3,101.7,27.1%,13.0°,11.1°,25.7,1.4%,1,0.273,.214,0.338,.314,44.3%,22.9%,21.4%,49.4%,75.6%,80.5%,26.7%,24.7%,117.0
UC Irvine,Tommy Farmer,All,533,85,86.1,100.9,104.3,32.9%,19.1°,13.6°,32.9,3.5%,3,0.239,.225,0.338,.326,31.8%,34.1%,27.1%,40.2%,70.3%,79.1%,16.9%,29.9%,130.0
Elon,Vince Fattore,All,523,77,86.4,104.3,110.3,33.8%,17.0°,13.3°,27.3,7.8%,6,0.2,.217,0.338,.337,39.0%,27.3%,19.5%,39.4%,67.6%,83.3%,18.6%,23.3%,123.0
Hofstra,Michael Brown,All,686,130,84.0,98.5,104.8,18.5%,7.1°,9.0°,32.3,0.8%,1,0.287,.272,0.338,.333,50.8%,19.2%,26.2%,38.8%,59.6%,93.7%,17.8%,10.5%,95.0
UC Santa Barbara,Will Vasseur,All,608,147,86.9,101.6,105.5,29.9%,1.0°,1.7°,30.6,1.4%,2,0.319,.289,0.338,.325,55.8%,14.3%,25.2%,47.7%,67.3%,94.5%,31.8%,16.2%,55.0
Rutgers,Quinten Perilli,All,330,47,87.8,104.7,112.2,34.0%,14.0°,15.9°,36.2,6.4%,3,0.215,.263,0.338,.404,38.3%,23.4%,25.5%,38.2%,59.3%,84.3%,20.6%,31.0%,121.0
Houston Christian,Levi Castilleja,All,372,76,81.4,98.8,102.7,21.1%,6.1°,6.8°,38.2,2.6%,2,0.259,.283,0.338,.345,44.7%,25.0%,27.6%,44.9%,64.9%,92.9%,31.2%,12.0%,85.0
Campbell,Logan Chapman,All,583,118,87.1,103.1,107.7,36.4%,9.3°,11.5°,24.6,3.4%,4,0.273,.271,0.338,.351,46.6%,22.9%,22.9%,50.6%,74.7%,90.7%,33.1%,20.0%,81.0
Troy,Dillon Kuehl,All,161,18,82.0,98.9,100.9,16.7%,14.3°,23.0°,27.8,0.0%,0,0.2,.181,0.338,.347,33.3%,22.2%,33.3%,31.1%,49.1%,85.7%,21.2%,30.0%,109.0
Alcorn State,Keaten Hawk,All,188,21,78.5,104.4,104.8,23.8%,-8.3°,7.3°,23.8,0.0%,0,0.229,.174,0.338,.273,61.9%,9.5%,19.0%,44.7%,72.8%,71.2%,23.4%,38.1%,106.0
UNC Asheville,Tyler Parks,All,261,50,81.7,94.5,99.1,10.0%,13.0°,7.2°,36.0,0.0%,0,0.271,.272,0.337,.329,42.0%,26.0%,28.0%,41.4%,61.5%,90.7%,23.7%,15.7%,102.0
Tennessee,Blaine Brown,All,892,167,93.5,110.0,112.7,58.7%,9.5°,11.6°,29.9,13.8%,23,0.234,.316,0.337,.430,46.7%,25.7%,23.4%,51.1%,75.7%,85.8%,31.2%,27.6%,67.0
Texas,Jonah Williams,All,73,13,87.6,100.3,103.4,23.1%,-10.8°,1.8°,30.8,0.0%,0,0.267,.276,0.337,.348,69.2%,23.1%,7.7%,43.8%,61.3%,89.5%,31.0%,12.5%,70.0
Harvard,Jack Rickheim,All,563,87,85.6,102.0,105.9,39.1%,19.6°,12.6°,33.3,2.3%,2,0.28,.227,0.337,.301,33.3%,34.5%,27.6%,45.6%,66.4%,82.1%,24.2%,26.8%,81.0
Valparaiso,Javin Gauthier,All,581,87,82.6,99.1,102.3,21.8%,16.4°,18.7°,39.1,3.4%,3,0.218,.212,0.337,.313,35.6%,32.2%,24.1%,41.3%,66.2%,81.1%,23.8%,30.0%,123.0
Texas A&M,Terrence Kiel II,All,549,93,86.0,98.4,103.3,29.0%,4.0°,2.3°,26.9,0.0%,0,0.252,.250,0.337,.361,50.5%,17.2%,23.7%,36.8%,62.3%,93.7%,18.7%,15.3%,95.0
Bradley,AJ Garcia,All,416,65,83.0,101.0,105.2,23.1%,12.4°,23.4°,35.4,3.1%,2,0.247,.195,0.337,.288,40.0%,36.9%,18.5%,45.9%,66.2%,80.9%,27.5%,27.7%,88.0
Saint Mary's (CA),Nicholas Allred,All,352,68,86.9,105.1,108.2,38.2%,14.4°,18.0°,36.8,5.9%,4,0.292,.260,0.337,.336,38.2%,27.9%,29.4%,54.0%,76.5%,82.9%,36.7%,31.1%,63.0
UCLA,Dominic Cadiz,All,410,72,86.5,102.6,108.6,30.6%,14.6°,10.1°,31.9,1.4%,1,0.256,.258,0.337,.346,38.9%,29.2%,20.8%,37.3%,54.6%,86.0%,23.3%,18.3%,95.0
Samford,Jeffrey Ince,All,687,125,86.0,102.9,106.3,35.2%,13.9°,19.5°,33.6,4.8%,6,0.279,.261,0.337,.353,40.8%,28.8%,24.0%,52.8%,78.0%,83.0%,34.8%,26.4%,99.0
Stetson,Renzo Gonzalez,All,769,157,87.4,101.7,104.3,35.7%,5.5°,11.4°,33.1,1.3%,2,0.297,.289,0.337,.347,51.0%,18.5%,25.5%,44.5%,62.6%,90.3%,28.4%,19.6%,89.0
Angelo State,Chase Pendley,All,40,6,83.9,102.3,103.0,33.3%,1.4°,-,66.7,0.0%,0,0.25,-,0.337,-,33.3%,0.0%,66.7%,27.5%,50.0%,100.0%,9.1%,0.0%,
Florida,Justin Nadeau,All,58,11,87.5,96.2,98.8,18.2%,17.4°,4.4°,18.2,0.0%,0,0.231,.189,0.337,.290,45.5%,27.3%,9.1%,44.8%,75.9%,81.8%,13.8%,19.2%,101.0
San Diego State,Zane Kelly,All,799,101,86.8,103.7,106.9,33.7%,23.6°,22.7°,33.7,9.9%,10,0.214,.184,0.337,.320,25.7%,38.6%,19.8%,45.8%,71.7%,81.5%,26.7%,26.0%,108.0
Montreat,Dawson Bryant,All,44,6,76.9,92.7,93.1,0.0%,-4.0°,-,16.7,0.0%,0,0.25,-,0.337,-,83.3%,0.0%,0.0%,45.5%,65.0%,100.0%,29.2%,25.0%,
Little Rock,Ty Rhoades,All,572,108,88.5,103.3,105.3,38.0%,15.4°,10.9°,42.6,0.9%,1,0.278,.275,0.337,.331,37.0%,20.4%,36.1%,53.0%,76.9%,85.0%,34.3%,23.8%,92.0
Kennesaw State,Jamarie Brooks,All,60,10,85.9,105.4,106.7,20.0%,-9.0°,16.4°,20.0,10.0%,1,0.214,.260,0.337,.372,70.0%,20.0%,10.0%,36.7%,58.1%,83.3%,13.8%,27.3%,133.0
Monmouth,Aidan Bretschneider,All,247,37,76.1,101.4,101.6,21.6%,4.8°,13.3°,29.7,8.1%,3,0.255,.189,0.337,.251,51.4%,32.4%,13.5%,38.9%,50.9%,84.5%,28.6%,33.3%,60.0
Fresno State,Marcus Nolen,All,686,107,90.6,103.3,108.9,41.1%,19.4°,17.7°,41.1,9.3%,10,0.237,.242,0.337,.341,27.1%,30.8%,34.6%,48.8%,71.9%,71.3%,32.8%,43.3%,81.0
Lamar,Theo Kummer,All,490,92,85.3,98.0,103.4,18.5%,9.4°,10.3°,33.7,2.2%,2,0.257,.251,0.337,.325,42.4%,30.4%,23.9%,47.8%,69.3%,89.8%,26.9%,17.1%,105.0
Carson-Newman,Cole Nathan,All,188,30,82.1,98.0,100.2,20.0%,1.7°,4.9°,40.0,0.0%,0,0.257,.304,0.337,.396,53.3%,10.0%,33.3%,39.4%,59.7%,84.8%,25.2%,18.9%,94.0
Penn,Matthew Pazak,All,56,7,90.0,111.0,111.1,42.9%,-14.4°,8.4°,28.6,14.3%,1,0.25,.191,0.337,.380,42.9%,0.0%,28.6%,35.7%,45.8%,63.6%,28.1%,35.0%,80.0
Miami,Max Galvin,All,476,109,86.1,100.4,106.8,33.9%,3.0°,4.4°,27.5,1.8%,2,0.279,.286,0.336,.348,53.2%,17.4%,24.8%,45.2%,59.4%,95.4%,33.1%,11.6%,51.0
USC,Abbrie Covarrubias,All,806,145,85.0,102.7,106.1,33.8%,7.4°,5.1°,27.6,1.4%,2,0.268,.277,0.336,.345,49.0%,21.4%,23.4%,42.8%,62.9%,87.2%,25.6%,21.2%,82.0
Whitworth,Kyle Memarian,All,42,11,85.0,92.6,92.6,9.1%,14.2°,-8.4°,18.2,0.0%,0,0.25,.182,0.336,.271,36.4%,9.1%,18.2%,47.6%,89.5%,88.2%,13.0%,15.0%,165.0
Columbia,Jackson Brewer,All,544,86,90.3,105.2,108.9,40.7%,10.8°,17.4°,37.2,9.3%,8,0.246,.273,0.336,.375,39.5%,25.6%,27.9%,49.4%,70.3%,82.0%,29.1%,28.6%,98.0
East Carolina,Matthew Lashley,All,554,93,83.5,94.7,101.6,9.7%,11.9°,9.2°,29.0,0.0%,0,0.264,.259,0.336,.329,47.3%,29.0%,20.4%,38.4%,60.4%,86.1%,20.4%,16.0%,110.0
USF,Jack Lutz,All,620,143,86.4,98.8,103.4,25.9%,4.0°,4.1°,28.7,0.0%,0,0.292,.300,0.336,.348,55.9%,16.8%,23.8%,48.7%,72.1%,92.9%,30.5%,11.3%,90.0
Liberty,Dylan Grabowski,All,317,44,90.6,106.0,107.5,43.2%,19.6°,8.5°,36.4,2.3%,1,0.241,.256,0.336,.370,34.1%,40.9%,22.7%,39.7%,58.6%,91.0%,26.1%,16.7%,91.0
Longwood,Jayson Nash,All,373,65,83.8,99.8,102.7,18.5%,10.7°,15.6°,29.2,1.5%,1,0.272,.271,0.336,.350,43.1%,33.8%,21.5%,39.1%,58.5%,87.5%,23.9%,23.3%,81.0
East Carolina,Colby Wallace,All,815,194,87.8,102.1,108.8,36.6%,10.9°,6.7°,37.6,1.0%,2,0.315,.311,0.336,.356,40.7%,19.6%,31.4%,47.5%,68.1%,87.6%,29.6%,17.8%,79.0
Manhattan,Colin Basehore,All,40,6,85.5,102.4,106.4,16.7%,6.9°,12.5°,33.3,0.0%,0,0.25,.238,0.336,.319,33.3%,33.3%,33.3%,35.0%,64.7%,90.9%,13.0%,28.6%,109.0
Iowa,Miles Risley,All,675,76,88.2,102.2,106.4,32.9%,19.5°,16.5°,40.8,6.6%,5,0.246,.218,0.336,.341,27.6%,27.6%,31.6%,36.4%,52.6%,83.3%,22.9%,31.7%,77.0
Tulane,Matthias Haas,All,724,132,86.1,100.8,104.5,33.3%,7.5°,9.8°,36.4,3.0%,4,0.288,.292,0.336,.348,47.0%,17.4%,30.3%,46.4%,66.0%,87.0%,29.3%,15.5%,89.0
Grand Canyon,Carson Ohland,All,256,47,84.8,100.5,104.1,31.9%,13.0°,11.7°,34.0,2.1%,1,0.258,.257,0.336,.320,40.4%,36.2%,21.3%,40.2%,61.6%,91.3%,23.6%,21.4%,110.0
USC Upstate,Brady Small,All,73,10,88.6,102.6,104.6,50.0%,29.2°,25.5°,20.0,10.0%,1,0.188,.164,0.336,.274,20.0%,70.0%,10.0%,41.1%,59.5%,68.2%,22.2%,33.3%,43.0
Mount St. Mary's,Carson Clark,All,401,70,80.8,96.4,103.4,10.0%,10.0°,11.1°,30.0,0.0%,0,0.268,.253,0.336,.321,48.6%,27.1%,24.3%,35.2%,56.9%,94.5%,20.7%,9.2%,91.0
Grambling,Julio Vasquez,All,108,12,81.7,96.7,97.0,25.0%,15.7°,9.7°,33.3,0.0%,0,0.238,.122,0.336,.348,41.7%,0.0%,33.3%,25.0%,42.9%,77.8%,13.6%,29.6%,107.0
Santa Clara,Mateo Garcia,All,539,95,84.4,102.1,104.9,24.2%,13.1°,13.9°,29.5,1.1%,1,0.248,.250,0.336,.332,42.1%,31.6%,22.1%,45.3%,68.6%,88.4%,28.4%,20.1%,106.0
Long Beach State,Matthew Toomey,All,479,72,86.6,104.6,105.9,33.3%,12.3°,14.1°,37.5,5.6%,4,0.284,.257,0.336,.341,37.5%,26.4%,26.4%,44.3%,69.2%,87.1%,22.4%,19.3%,90.0
Akron,Tucker Biehl,All,363,50,81.9,96.4,98.6,20.0%,-10.4°,-0.8°,20.0,0.0%,0,0.254,.231,0.336,.332,74.0%,8.0%,18.0%,37.2%,57.2%,95.4%,22.7%,16.3%,78.0
Texas A&M-Corpus Christi,Matthew Evans,All,85,15,85.3,97.2,102.0,26.7%,5.9°,2.4°,26.7,0.0%,0,0.263,.241,0.336,.298,53.3%,13.3%,26.7%,43.5%,73.5%,92.0%,23.5%,24.3%,119.0
Arizona,Carson McEntire,All,669,94,91.6,105.6,109.3,51.1%,22.1°,20.2°,33.0,16.0%,15,0.225,.217,0.335,.353,27.7%,41.5%,22.3%,44.8%,64.4%,74.4%,25.4%,35.3%,77.0
Georgia Tech,Coleman Lewis,All,108,15,89.0,106.5,107.5,33.3%,6.8°,16.7°,20.0,13.3%,2,0.24,.212,0.335,.334,53.3%,26.7%,13.3%,45.4%,80.4%,73.0%,19.4%,36.7%,137.0
Louisiana,Donovan LaSalle,All,838,121,92.2,108.4,112.5,52.1%,18.2°,19.2°,35.5,14.9%,18,0.232,.265,0.335,.401,31.4%,37.2%,28.1%,50.6%,73.3%,76.4%,32.2%,32.3%,92.0
Georgetown,Ashtin Gilio,All,276,37,87.9,102.3,106.3,32.4%,16.4°,16.2°,27.0,2.7%,1,0.216,.236,0.335,.352,35.1%,37.8%,24.3%,40.6%,58.7%,79.7%,25.3%,27.7%,72.0
Oklahoma,Alec Blair,All,424,62,90.7,105.5,112.0,41.9%,3.1°,4.4°,22.6,0.0%,0,0.258,.212,0.335,.276,48.4%,22.6%,24.2%,46.2%,71.0%,72.0%,26.9%,35.7%,77.0
Arizona,Cash Brennan,All,326,55,87.4,103.0,107.3,41.8%,2.9°,11.2°,23.6,3.6%,2,0.302,.237,0.335,.304,54.5%,18.2%,23.6%,53.4%,74.1%,77.5%,32.9%,31.6%,59.0
Fordham,Jack Rubin,All,173,26,80.9,103.7,105.2,23.1%,5.6°,9.6°,26.9,0.0%,0,0.257,.253,0.335,.326,53.8%,15.4%,26.9%,37.6%,63.9%,84.8%,18.8%,24.6%,96.0
Rhode Island,Scott Penney,All,752,116,86.7,102.4,107.1,27.6%,9.8°,8.6°,35.3,1.7%,2,0.273,.266,0.335,.348,46.6%,21.6%,28.4%,43.9%,71.8%,83.9%,21.2%,25.2%,117.0
Clemson,Tyler Lichtenberger,All,824,135,89.5,103.4,106.6,35.6%,2.9°,8.9°,20.0,0.7%,1,0.278,.240,0.335,.317,60.0%,18.5%,16.3%,42.2%,62.6%,89.0%,26.1%,24.1%,92.0
Navy,Evan Brown,All,380,74,85.7,104.8,107.6,43.2%,11.9°,16.5°,35.1,6.8%,5,0.281,.297,0.335,.404,39.2%,32.4%,25.7%,41.6%,71.7%,87.2%,21.5%,16.5%,114.0
Southeast Missouri,Tank Sims,All,621,92,85.5,101.2,105.6,28.3%,11.2°,15.3°,32.6,3.3%,3,0.262,.243,0.335,.334,43.5%,25.0%,27.2%,41.5%,64.8%,82.9%,23.6%,24.4%,108.0
Xavier,Josh Stonehouse,All,840,126,88.4,105.8,109.5,43.7%,17.1°,12.0°,31.7,5.6%,7,0.247,.240,0.335,.321,35.7%,34.9%,23.0%,48.8%,68.0%,80.7%,35.1%,30.7%,63.0
Monmouth,RJ Mustaro,All,702,123,86.8,104.9,109.8,31.7%,9.8°,13.1°,32.5,8.1%,10,0.253,.255,0.335,.350,43.9%,24.4%,23.6%,45.3%,67.5%,81.4%,27.6%,29.9%,88.0
Campbell,Jonah Oster,All,756,171,90.3,104.2,109.3,49.7%,12.4°,13.0°,35.7,8.2%,14,0.255,.316,0.335,.432,40.9%,27.5%,26.3%,53.6%,74.6%,88.8%,37.9%,21.2%,65.0
Eastern Kentucky,Tyler Phillips,All,206,38,86.7,99.5,103.2,26.3%,17.1°,12.1°,28.9,0.0%,0,0.271,.238,0.335,.286,36.8%,21.1%,28.9%,48.1%,70.5%,79.1%,28.8%,27.3%,77.0
Louisiana,Steven Spalitta,All,842,155,88.7,105.0,108.3,44.5%,8.5°,9.1°,28.4,1.9%,3,0.249,.283,0.335,.369,50.3%,20.6%,26.5%,47.5%,69.9%,82.5%,29.4%,23.5%,97.0
Louisville,Alex Alicea,All,630,128,84.2,96.1,101.6,15.6%,11.0°,3.8°,40.6,0.8%,1,0.297,.280,0.335,.336,40.6%,24.2%,32.0%,44.0%,65.6%,95.9%,24.5%,10.5%,90.0
Tarleton State,Matthew Guthmiller,All,207,21,73.4,94.8,96.3,4.8%,-5.4°,32.6°,23.8,0.0%,0,0.256,.138,0.335,.251,66.7%,19.0%,14.3%,44.9%,68.7%,63.2%,29.0%,36.6%,100.0
George Mason,Jake Butler,All,794,135,84.3,98.2,101.3,18.5%,12.9°,13.6°,39.3,1.5%,2,0.255,.258,0.335,.352,40.7%,28.1%,28.1%,40.7%,65.5%,93.0%,21.3%,14.6%,122.0
Loyola Marymount,Noah Malone,All,440,56,84.1,100.4,108.2,26.8%,1.9°,-1.3°,23.2,3.6%,2,0.241,.165,0.335,.281,53.6%,25.0%,12.5%,38.2%,49.7%,84.0%,29.5%,30.4%,59.0
College of Charleston,Jacob Amman,All,819,145,88.5,101.9,107.2,38.6%,9.4°,9.7°,27.6,1.4%,2,0.283,.253,0.335,.333,49.7%,21.4%,22.1%,48.0%,71.4%,83.9%,29.9%,26.0%,71.0
New Orleans,Owen Smith,All,665,120,87.6,103.2,107.9,35.8%,17.6°,16.3°,30.0,5.8%,7,0.253,.258,0.335,.341,38.3%,35.8%,21.7%,45.7%,69.1%,75.6%,24.1%,31.6%,110.0
Queens (NC),Avery Booker,All,111,8,85.7,99.2,101.3,37.5%,29.6°,33.3°,37.5,12.5%,1,0.167,.128,0.335,.299,12.5%,50.0%,25.0%,44.1%,68.9%,61.3%,27.3%,46.9%,112.0
Quinnipiac,Jack Balcer,All,454,90,84.9,101.2,105.3,33.3%,0.7°,6.8°,26.7,0.0%,0,0.291,.272,0.335,.331,55.6%,12.2%,24.4%,45.4%,69.0%,90.7%,26.3%,13.1%,113.0
Lamar,Braden Benton,All,775,110,88.9,105.0,106.9,41.8%,17.6°,17.0°,38.2,9.1%,10,0.23,.240,0.335,.389,30.9%,40.0%,23.6%,38.2%,66.0%,81.4%,15.3%,26.0%,133.0
Hawaii,Kamana Nahaku,All,305,44,86.1,106.4,109.1,43.2%,9.8°,15.2°,38.6,9.1%,4,0.269,.256,0.335,.344,40.9%,25.0%,31.8%,40.3%,61.5%,75.8%,20.4%,28.5%,109.0
Lamar,Hector Rodriguez,All,731,141,87.2,101.3,107.4,36.2%,4.4°,3.2°,24.8,0.7%,1,0.294,.310,0.335,.362,56.7%,19.9%,21.3%,43.0%,62.7%,91.4%,24.4%,14.6%,97.0
USC Beaufort,Cooper McDaniel,All,44,13,80.1,99.6,102.4,23.1%,19.0°,13.1°,38.5,7.7%,1,0.357,.421,0.335,.433,23.1%,30.8%,38.5%,56.8%,86.7%,76.9%,41.4%,32.0%,63.0
Omaha,Hayden Lewis,All,483,107,87.8,105.6,111.7,39.3%,3.7°,7.1°,27.1,4.7%,5,0.282,.283,0.334,.350,58.9%,22.4%,15.9%,53.2%,74.1%,87.0%,38.8%,28.4%,65.0
Georgia State,Austin Killingsworth,All,435,65,85.6,101.6,103.5,40.0%,7.3°,13.3°,35.4,4.6%,3,0.253,.237,0.334,.319,46.2%,26.2%,24.6%,41.8%,59.8%,81.5%,26.7%,20.9%,84.0
Oklahoma State,Remo Indomenico,All,257,25,89.7,102.9,104.8,44.0%,18.5°,18.0°,36.0,4.0%,1,0.182,.196,0.334,.328,28.0%,36.0%,32.0%,33.9%,54.5%,76.1%,14.9%,31.0%,118.0
Northwestern,Jake Yang,All,269,51,88.3,97.8,102.2,25.5%,6.0°,8.8°,33.3,0.0%,0,0.271,.304,0.334,.365,51.0%,17.6%,27.5%,43.9%,66.7%,92.7%,24.7%,16.9%,116.0
Akron,Gabe Mathison,All,271,46,83.2,96.4,106.2,15.2%,4.7°,3.0°,34.8,0.0%,0,0.263,.256,0.334,.335,50.0%,19.6%,28.3%,41.3%,69.7%,97.6%,19.1%,8.9%,112.0
South Alabama,Marc Stephens,All,824,151,86.2,99.1,103.3,23.8%,8.1°,11.7°,32.5,0.7%,1,0.285,.274,0.334,.336,50.3%,19.9%,24.5%,41.4%,65.0%,91.7%,22.2%,16.1%,112.0
Louisiana,Noah Lewis,All,771,115,79.1,99.9,104.5,13.9%,4.4°,11.1°,28.7,1.7%,2,0.284,.207,0.334,.296,48.7%,20.0%,26.1%,44.1%,62.3%,86.2%,30.8%,22.9%,59.0
Saint Louis,Drew Kleinheider,All,624,104,84.8,99.2,101.7,24.0%,5.2°,7.8°,43.3,1.9%,2,0.271,.274,0.334,.343,47.1%,16.3%,35.6%,35.7%,54.3%,89.3%,19.3%,18.8%,93.0
Florida International,Cole Cleveland,All,774,110,88.4,103.3,106.3,45.5%,16.7°,16.2°,36.4,6.4%,7,0.244,.261,0.334,.375,37.3%,30.9%,26.4%,40.1%,57.7%,84.0%,27.2%,25.8%,81.0
Lindenwood,Spencer Pederson,All,73,11,83.2,101.0,101.6,36.4%,10.5°,14.3°,36.4,0.0%,0,0.222,.191,0.334,.256,36.4%,36.4%,27.3%,45.2%,65.6%,81.0%,29.3%,33.3%,67.0
Penn,Connor McCabe,All,99,6,79.4,100.3,102.7,33.3%,6.7°,8.5°,50.0,0.0%,0,0.154,.218,0.334,.368,33.3%,16.7%,50.0%,31.3%,52.6%,90.0%,18.0%,16.1%,115.0
Hofstra,Nicholas Gallello,All,621,126,87.9,106.0,110.7,42.1%,-1.8°,6.6°,27.0,3.2%,4,0.29,.280,0.334,.340,57.9%,14.3%,23.8%,52.7%,71.5%,86.2%,36.8%,21.1%,48.0
UT Arlington,Jackson Hill,All,240,39,81.4,97.1,99.7,20.5%,19.1°,6.3°,20.5,0.0%,0,0.22,.205,0.334,.324,46.2%,30.8%,17.9%,36.7%,62.9%,80.3%,18.9%,27.3%,128.0
Florida,Karson Bowen,All,835,149,89.6,102.8,105.3,43.0%,5.8°,8.3°,28.2,3.4%,5,0.257,.276,0.334,.356,53.7%,24.2%,19.5%,43.2%,59.6%,82.0%,28.1%,23.8%,92.0
Georgia Southern,Sean White,All,808,163,89.7,102.4,107.3,38.0%,12.9°,17.4°,31.9,4.9%,8,0.281,.270,0.334,.355,43.6%,26.4%,22.1%,44.9%,67.7%,90.1%,25.5%,17.1%,102.0
Wake Forest,Austin Hawke,All,126,12,87.0,99.4,100.0,33.3%,8.8°,10.6°,33.3,0.0%,0,0.111,.192,0.334,.394,50.0%,16.7%,25.0%,34.9%,66.7%,67.6%,13.3%,34.1%,119.0
Arizona State,Brody Briggs,All,553,97,86.3,98.3,107.4,22.7%,16.1°,11.8°,30.9,0.0%,0,0.252,.258,0.334,.351,36.1%,37.1%,24.7%,40.0%,64.3%,87.7%,21.2%,18.6%,103.0
Niagara,Jason Green,All,412,57,88.4,102.2,106.2,42.1%,18.6°,15.6°,33.3,8.8%,5,0.263,.213,0.334,.296,36.8%,28.1%,24.6%,54.6%,81.8%,71.9%,32.0%,35.1%,79.0
William Carey,Gage Hinnant,All,271,39,83.9,96.4,103.4,17.9%,17.9°,7.5°,35.9,0.0%,0,0.25,.249,0.334,.369,30.8%,28.2%,35.9%,38.4%,58.1%,83.6%,25.9%,21.2%,108.0
Appalachian State,Tank Yaghoubi,All,486,60,83.6,96.7,100.0,18.3%,13.1°,12.1°,46.7,0.0%,0,0.272,.249,0.334,.357,35.0%,26.7%,38.3%,36.6%,65.6%,87.1%,18.2%,20.8%,127.0
Sacramento State,Brett Ott,All,756,118,85.5,98.5,101.4,25.4%,9.8°,11.8°,38.1,0.8%,1,0.268,.282,0.334,.358,41.5%,19.5%,31.4%,39.9%,66.8%,86.5%,18.7%,20.2%,116.0
Missouri,Jamal George,All,199,29,82.1,96.5,106.1,20.7%,7.1°,13.7°,27.6,0.0%,0,0.268,.216,0.334,.298,44.8%,24.1%,27.6%,44.7%,65.9%,76.8%,28.9%,29.2%,84.0
Louisiana,Rigoberto Hernandez,All,706,122,84.8,101.3,105.9,27.0%,13.1°,10.5°,28.7,3.3%,4,0.268,.249,0.334,.320,43.4%,24.6%,25.4%,47.5%,74.1%,84.8%,27.7%,26.3%,105.0
Marshall,Ethan Murdoch,All,349,60,87.4,103.8,110.3,43.3%,19.0°,13.7°,21.7,3.3%,2,0.257,.224,0.334,.304,41.7%,30.0%,18.3%,49.3%,69.9%,84.3%,29.0%,20.9%,92.0
Marist,Noel Rivera,All,238,58,83.0,99.4,106.3,19.0%,14.2°,10.5°,34.5,3.4%,2,0.301,.242,0.334,.284,43.1%,24.1%,20.7%,52.1%,75.5%,86.7%,32.0%,19.4%,93.0
Loyola Marymount,Andrew Mhoon,All,756,111,81.9,99.1,103.6,23.4%,15.9°,12.5°,33.3,4.5%,5,0.245,.220,0.334,.305,38.7%,34.2%,23.4%,41.0%,64.4%,81.4%,20.7%,29.0%,106.0
UC Irvine,Frankie Carney,All,694,116,83.8,99.1,102.0,22.4%,0.8°,4.3°,32.8,0.9%,1,0.278,.252,0.333,.334,57.8%,15.5%,25.0%,42.7%,65.2%,88.3%,22.4%,16.6%,106.0
Florida International,Luca Reyes,All,537,58,90.8,108.8,110.4,50.0%,12.5°,16.4°,29.3,15.5%,9,0.211,.197,0.333,.329,41.4%,36.2%,19.0%,39.3%,59.2%,71.0%,24.0%,40.3%,76.0
UNLV,Cooper Sheff,All,775,123,88.4,104.6,110.5,38.2%,8.1°,9.6°,35.0,4.1%,5,0.267,.265,0.333,.342,44.7%,22.0%,30.1%,40.0%,61.5%,85.6%,23.2%,23.9%,88.0
Tulane,Tanner Chun,All,856,108,90.4,102.3,108.2,39.8%,9.7°,14.0°,41.7,6.5%,7,0.208,.246,0.333,.381,37.0%,25.9%,33.3%,36.2%,60.7%,83.7%,18.9%,26.5%,116.0
Grand Canyon,Jose Lopez,All,385,71,86.8,103.4,105.1,40.8%,17.3°,21.3°,31.0,11.3%,8,0.258,.253,0.333,.360,35.2%,32.4%,22.5%,57.9%,83.9%,75.2%,37.8%,32.3%,78.0
Milwaukee,Max Glusick,All,222,34,86.7,97.6,101.1,23.5%,18.5°,10.9°,38.2,0.0%,0,0.273,.223,0.333,.305,32.4%,26.5%,26.5%,45.0%,67.9%,88.9%,24.1%,19.0%,93.0
Southern,Kameron Byrd,All,93,15,88.9,98.1,98.3,26.7%,17.5°,9.4°,46.7,0.0%,0,0.261,.220,0.333,.283,33.3%,33.3%,26.7%,49.5%,69.0%,93.1%,33.3%,19.6%,84.0
Florida State,Eli Putnam,All,721,114,92.0,104.9,110.4,54.4%,10.2°,11.7°,39.5,10.5%,12,0.232,.309,0.333,.414,43.0%,19.3%,30.7%,45.8%,65.8%,82.8%,30.7%,30.0%,71.0
Arkansas,Reese Robinett,All,684,100,85.7,105.4,108.5,41.0%,6.3°,13.0°,36.0,7.0%,7,0.241,.252,0.333,.365,47.0%,20.0%,29.0%,45.8%,71.3%,77.7%,23.1%,31.0%,96.0
Rider,Will Gallagher,All,411,60,82.0,93.6,97.8,8.3%,13.1°,10.2°,30.0,0.0%,0,0.247,.220,0.333,.315,41.7%,33.3%,23.3%,29.0%,46.6%,85.2%,16.0%,17.6%,108.0
Stonehill,Cameron Morrison,All,111,20,85.2,100.2,102.3,30.0%,22.8°,8.4°,50.0,0.0%,0,0.259,.275,0.333,.335,25.0%,20.0%,40.0%,49.5%,75.0%,91.7%,30.2%,27.3%,100.0
La Salle,Alec Welshans,All,442,51,90.7,103.8,107.2,41.2%,20.1°,16.6°,33.3,7.8%,4,0.207,.230,0.333,.358,35.3%,33.3%,23.5%,44.3%,72.7%,68.4%,23.5%,39.8%,114.0
UT Martin,Andrew Davis,All,326,60,82.5,99.2,102.5,25.0%,9.0°,15.1°,30.0,1.7%,1,0.264,.231,0.333,.315,43.3%,31.7%,20.0%,40.8%,67.1%,92.6%,21.0%,16.5%,113.0
VCU,Boyce Read,All,120,18,86.3,96.6,100.3,22.2%,11.8°,7.5°,44.4,0.0%,0,0.261,.267,0.333,.333,33.3%,22.2%,38.9%,36.7%,52.9%,88.9%,24.6%,20.5%,83.0
South Dakota State,Carter Taylor,All,307,56,79.0,99.7,101.7,14.3%,7.4°,12.0°,30.4,3.6%,2,0.289,.230,0.333,.274,44.6%,23.2%,23.2%,45.6%,66.7%,82.7%,26.2%,25.7%,96.0
Eastern Kentucky,Silas Shaffer,All,373,70,85.2,99.7,104.0,24.3%,-0.5°,7.5°,35.7,1.4%,1,0.262,.287,0.333,.359,57.1%,11.4%,30.0%,43.7%,64.2%,87.7%,27.4%,20.9%,105.0
Eastern Kentucky,Kobe Benson,All,598,77,79.1,93.7,99.3,6.5%,3.9°,5.9°,24.7,0.0%,0,0.234,.208,0.333,.314,57.1%,19.5%,19.5%,39.0%,66.4%,86.2%,17.6%,19.7%,130.0
Notre Dame,Parker Brzustewicz,All,693,108,88.3,102.7,103.4,39.8%,-1.2°,6.4°,33.3,2.8%,3,0.268,.294,0.333,.375,60.2%,10.2%,27.8%,39.2%,60.7%,83.3%,20.2%,18.8%,109.0
Connecticut,Maddix Dalena,All,666,99,88.7,104.9,110.2,43.4%,10.2°,11.3°,29.3,3.0%,3,0.211,.263,0.333,.375,50.5%,26.3%,20.2%,40.5%,64.5%,84.4%,23.3%,23.0%,105.0
UC Davis,Joey Wright,All,705,105,83.1,95.9,98.1,12.4%,12.4°,18.8°,40.0,1.0%,1,0.261,.229,0.333,.321,40.0%,27.6%,27.6%,38.4%,61.5%,88.5%,21.8%,18.1%,92.0
Prairie View,Michael Burroughs,All,143,24,88.8,103.1,103.5,37.5%,16.2°,15.9°,37.5,0.0%,0,0.25,.257,0.333,.341,37.5%,16.7%,29.2%,40.6%,72.5%,86.5%,22.8%,27.6%,127.0
UTSA,Garrett Gruell,All,198,44,87.9,102.5,105.3,34.1%,12.1°,14.3°,36.4,4.5%,2,0.275,.300,0.333,.381,38.6%,34.1%,22.7%,43.4%,69.1%,90.8%,20.2%,17.4%,130.0
Alabama State,Fabian Santana,All,389,76,82.0,95.5,101.1,9.2%,6.2°,6.1°,34.2,0.0%,0,0.281,.244,0.333,.322,48.7%,22.4%,25.0%,36.5%,62.0%,93.1%,18.1%,12.0%,132.0
Tennessee Tech,Connor Crowson,All,711,112,85.2,101.7,106.6,34.8%,7.6°,18.9°,38.4,6.2%,7,0.238,.276,0.333,.395,49.1%,27.7%,23.2%,48.0%,74.3%,76.1%,23.4%,25.5%,116.0
Mississippi Valley,Eric Williams,All,235,37,87.4,98.1,101.5,32.4%,5.2°,6.2°,18.9,0.0%,0,0.286,.275,0.333,.318,51.4%,18.9%,21.6%,40.9%,60.8%,91.9%,25.6%,18.8%,91.0
Holy Cross,Alexander Sandell,All,479,105,88.1,100.0,104.6,38.1%,15.5°,8.9°,34.3,1.9%,2,0.25,.297,0.332,.366,37.1%,29.5%,27.6%,43.4%,65.4%,90.8%,25.2%,16.3%,102.0
Utah,Daniel Arambula,All,831,159,85.9,103.0,107.4,30.2%,6.2°,7.5°,30.8,3.1%,5,0.275,.257,0.332,.332,46.5%,24.5%,26.4%,51.0%,77.4%,81.9%,31.8%,26.7%,75.0
Bryant,Gavin Greger,All,609,125,86.0,98.8,106.9,24.8%,12.5°,6.6°,40.8,0.8%,1,0.285,.298,0.332,.370,38.4%,24.8%,35.2%,49.8%,77.4%,92.5%,29.5%,17.8%,91.0
San Francisco,Isaiah Landry,All,406,65,81.9,99.1,100.7,15.4%,12.1°,13.9°,24.6,0.0%,0,0.232,.177,0.332,.241,47.7%,29.2%,21.5%,42.1%,59.4%,85.0%,28.3%,26.3%,77.0
Northeastern,Eric Cha,All,93,20,86.5,104.0,106.8,25.0%,-0.3°,3.3°,35.0,5.0%,1,0.32,.275,0.332,.312,65.0%,5.0%,25.0%,54.8%,67.3%,78.8%,40.9%,29.4%,45.0
Southern Illinois,Kylen Watson,All,594,108,87.2,101.3,107.0,28.7%,13.5°,12.7°,34.3,3.7%,4,0.256,.280,0.332,.357,40.7%,27.8%,24.1%,40.6%,62.9%,84.5%,23.7%,19.1%,111.0
North Carolina,Tyler Howe,All,842,130,89.4,102.7,107.1,43.1%,7.1°,15.3°,39.2,4.6%,6,0.25,.292,0.332,.386,45.4%,16.9%,32.3%,41.9%,65.8%,83.3%,21.1%,25.8%,110.0
Morehead State,Nick Griffith,All,626,115,83.7,100.1,106.4,27.0%,9.3°,14.0°,37.4,5.2%,6,0.257,.272,0.332,.349,46.1%,27.8%,26.1%,50.8%,73.9%,84.6%,34.0%,25.2%,97.0
Navy,Andrew Manning,All,676,108,88.9,106.8,113.8,40.7%,6.3°,9.7°,28.7,5.6%,6,0.247,.281,0.332,.384,50.0%,21.3%,22.2%,41.1%,64.1%,77.7%,24.2%,32.7%,95.0
Lindenwood,Filip Sarota,All,598,114,87.7,102.7,106.0,42.1%,14.7°,12.4°,38.6,0.9%,1,0.275,.295,0.332,.365,36.0%,25.4%,33.3%,45.2%,64.4%,84.1%,29.9%,24.8%,91.0
Santa Clara,Andrew Rayment,All,520,79,84.2,102.0,106.5,27.8%,4.4°,11.8°,36.7,3.8%,3,0.27,.227,0.332,.300,49.4%,20.3%,27.8%,46.7%,69.2%,75.3%,28.3%,35.0%,79.0
UC Santa Barbara,Jonathan Mendez,All,577,125,86.0,102.8,107.6,36.0%,11.0°,7.1°,38.4,2.4%,3,0.284,.276,0.332,.326,43.2%,22.4%,29.6%,47.7%,67.0%,88.8%,31.0%,23.3%,66.0
Creighton,Chris Baillargeon,All,819,129,92.4,105.3,109.4,51.2%,7.8°,10.1°,35.7,7.0%,9,0.253,.289,0.332,.387,49.6%,21.7%,24.8%,36.3%,55.9%,83.3%,19.6%,22.2%,99.0
Fresno State,Jett Ruby,All,692,124,79.8,95.3,101.2,8.9%,13.7°,3.7°,37.1,0.0%,0,0.252,.317,0.332,.387,42.7%,21.8%,28.2%,35.4%,55.1%,92.4%,19.2%,12.7%,120.0
Alabama,Jason Torres,All,887,138,90.3,104.4,107.1,42.8%,12.4°,10.4°,32.6,3.6%,5,0.235,.255,0.332,.372,41.3%,31.9%,21.7%,39.9%,64.8%,83.1%,20.9%,25.1%,107.0
VCU,Dante DeFranco,All,795,162,84.2,97.7,102.9,20.4%,18.9°,12.3°,34.0,0.0%,0,0.272,.262,0.332,.335,37.0%,34.6%,26.5%,43.3%,68.4%,93.8%,23.1%,12.8%,104.0
Bryant,Jacob Gaudreau,All,390,44,84.6,95.6,100.6,9.1%,11.8°,24.5°,29.5,2.3%,1,0.219,.176,0.332,.312,50.0%,27.3%,20.5%,35.4%,55.6%,80.0%,21.1%,22.5%,123.0
Keiser,Jeremy Garcia,All,52,7,77.4,89.4,92.8,0.0%,16.0°,-,28.6,0.0%,0,0.273,.134,0.332,.232,57.1%,0.0%,28.6%,23.1%,40.9%,88.9%,10.0%,16.7%,88.0
North Florida,Tyler Gerteisen,All,145,24,81.1,96.7,99.6,16.7%,13.4°,24.9°,20.8,0.0%,0,0.242,.199,0.332,.271,41.7%,37.5%,12.5%,44.8%,63.8%,77.3%,27.6%,27.7%,89.0
Stanford,JJ Moran,All,828,138,91.1,107.1,112.1,50.7%,20.1°,13.7°,33.3,8.7%,12,0.246,.274,0.332,.377,30.4%,37.0%,25.4%,44.6%,66.1%,79.7%,25.6%,29.5%,82.0
Arizona,Andrew Cain,All,775,154,86.6,100.3,106.8,26.0%,21.2°,18.2°,37.7,3.2%,5,0.227,.268,0.332,.377,27.3%,37.7%,26.0%,41.9%,68.4%,91.2%,22.1%,16.6%,115.0
Tennessee,Jay Abernathy,All,608,84,88.4,102.4,104.9,38.1%,13.9°,12.7°,36.9,4.8%,4,0.23,.251,0.332,.355,39.3%,26.2%,29.8%,41.6%,67.9%,87.1%,21.7%,20.9%,109.0
Gardner-Webb,Ryan Kennell,All,275,52,87.7,99.4,101.5,25.0%,0.1°,8.1°,36.5,0.0%,0,0.292,.290,0.332,.340,50.0%,17.3%,32.7%,46.2%,66.9%,88.9%,29.9%,18.1%,73.0
Jacksonville,Sam Grunberg,All,291,53,90.2,107.7,108.9,47.2%,17.5°,12.3°,39.6,3.8%,2,0.274,.263,0.332,.340,34.0%,24.5%,34.0%,49.8%,72.4%,88.0%,32.3%,24.1%,85.0
Seattle,Tyler Horner,All,730,135,88.4,101.9,104.5,40.7%,12.3°,17.7°,29.6,6.7%,9,0.259,.277,0.332,.367,43.0%,28.9%,20.7%,44.8%,70.0%,89.9%,27.5%,17.1%,102.0
Long Beach State,Smith Chandler,All,553,84,89.2,101.5,105.3,32.1%,10.0°,9.3°,39.3,1.2%,1,0.243,.257,0.332,.346,44.0%,23.8%,29.8%,38.3%,61.3%,85.4%,21.4%,24.5%,111.0
Wichita State,Anthony Cepeda,All,222,33,85.4,99.0,99.5,27.3%,-0.4°,1.6°,18.2,0.0%,0,0.312,.213,0.332,.293,69.7%,15.2%,9.1%,39.6%,64.6%,82.2%,13.8%,21.6%,125.0
Minnesota,Jackson Akin,All,145,13,90.3,103.2,107.4,53.8%,19.3°,21.3°,30.8,15.4%,2,0.2,.177,0.332,.310,46.2%,46.2%,7.7%,43.4%,63.2%,74.4%,26.0%,33.3%,116.0
Cal State Fullerton,Ty Thomas,All,480,79,90.1,105.5,109.0,48.1%,7.1°,10.9°,39.2,7.6%,6,0.274,.255,0.332,.331,41.8%,17.7%,30.4%,52.5%,69.8%,85.2%,37.6%,31.3%,34.0
San Francisco,Jared Lewis,All,500,59,85.1,98.9,101.1,27.1%,8.9°,12.0°,30.5,0.0%,0,0.25,.215,0.331,.318,50.8%,16.9%,27.1%,38.4%,61.7%,85.8%,24.9%,28.1%,105.0
UC Santa Barbara,Xavier Esquer,All,622,106,88.6,102.1,106.9,27.4%,18.8°,16.2°,36.8,5.7%,6,0.241,.231,0.331,.326,29.2%,33.0%,27.4%,44.9%,68.4%,83.6%,24.9%,25.8%,91.0
Arizona,Jackson Forbes,All,423,61,88.1,103.1,107.4,44.3%,10.7°,17.9°,34.4,4.9%,3,0.258,.232,0.331,.306,42.6%,24.6%,27.9%,53.9%,77.1%,78.1%,32.9%,32.5%,93.0
UC San Diego,Addison Klepsch,All,683,111,86.0,103.8,105.8,32.4%,1.3°,6.9°,28.8,1.8%,2,0.224,.283,0.331,.375,55.0%,20.7%,21.6%,36.2%,59.1%,86.5%,15.4%,17.4%,126.0
UMass Lowell,Jorge Burgos,All,158,26,89.9,102.8,104.3,34.6%,19.1°,12.0°,23.1,3.8%,1,0.222,.180,0.331,.311,30.8%,42.3%,19.2%,46.2%,77.1%,81.5%,21.6%,24.7%,131.0
Florida A&M,Ethan Miller,All,101,21,82.4,96.7,102.3,19.0%,17.8°,17.2°,38.1,4.8%,1,0.25,.285,0.331,.361,23.8%,42.9%,28.6%,40.6%,53.1%,88.5%,28.8%,12.2%,76.0
Rhode Island,Tj Gormley,All,121,19,88.4,99.5,101.4,47.4%,15.8°,13.6°,42.1,0.0%,0,0.222,.242,0.331,.362,36.8%,31.6%,31.6%,45.5%,69.8%,75.7%,26.5%,34.5%,125.0
Bowling Green,Brayden Curlis,All,179,28,85.3,98.6,101.1,25.0%,19.2°,16.2°,25.0,0.0%,0,0.268,.182,0.331,.241,39.3%,35.7%,17.9%,45.3%,60.8%,87.5%,33.0%,33.3%,57.0
Davidson,Aidan Rice,All,522,65,84.6,100.5,104.1,24.6%,13.3°,20.3°,26.2,1.5%,1,0.265,.200,0.331,.313,41.5%,30.8%,20.0%,44.6%,70.3%,75.7%,21.7%,30.9%,104.0
Lee,Ryan Valdes,All,83,17,84.8,101.9,102.4,17.6%,8.1°,10.4°,35.3,0.0%,0,0.273,.301,0.331,.362,47.1%,17.6%,35.3%,36.1%,67.6%,80.0%,10.9%,23.3%,106.0
Georgia Southern,Bennett Edwards,All,654,127,86.7,100.6,103.7,29.9%,3.3°,11.3°,33.1,1.6%,2,0.276,.292,0.331,.357,49.6%,21.3%,27.6%,44.5%,68.5%,87.3%,24.4%,18.9%,96.0
NJIT,Austin Francis,All,236,39,83.0,94.4,98.7,7.7%,12.0°,10.4°,46.2,0.0%,0,0.271,.292,0.331,.359,46.2%,10.3%,38.5%,43.2%,68.3%,79.3%,17.2%,24.5%,146.0
Hofstra,Tyler Castrataro,All,521,82,86.2,101.1,105.6,22.0%,11.0°,10.3°,31.7,1.2%,1,0.273,.210,0.331,.275,46.3%,26.8%,22.0%,50.1%,75.7%,74.7%,26.3%,28.0%,93.0
New Haven,Shaun Callahan,All,112,21,83.8,98.9,101.6,23.8%,3.4°,4.6°,42.9,0.0%,0,0.321,.260,0.331,.299,57.1%,9.5%,33.3%,45.5%,61.7%,89.2%,26.9%,17.6%,60.0
Le Moyne,Michael Whelehan,All,189,38,81.0,93.2,97.1,5.3%,-0.2°,-0.2°,34.2,0.0%,0,0.286,.301,0.331,.359,60.5%,7.9%,23.7%,32.8%,51.3%,87.5%,19.8%,16.1%,101.0
Lafayette,Jack Mislan,All,520,70,87.6,107.7,109.1,41.4%,20.2°,16.3°,47.1,14.3%,10,0.218,.251,0.331,.380,30.0%,32.9%,28.6%,45.0%,76.7%,79.3%,26.9%,33.3%,103.0
Charlotte,Cale Stricklin,All,738,139,87.3,99.9,105.4,36.7%,12.9°,14.9°,44.6,0.7%,1,0.288,.297,0.331,.371,37.4%,27.3%,33.8%,42.8%,65.6%,89.5%,22.4%,19.6%,105.0
Western Michigan,Connor Ostrander,All,281,53,86.5,100.2,105.2,28.3%,18.0°,12.5°,28.3,0.0%,0,0.262,.239,0.331,.342,34.0%,37.7%,26.4%,44.8%,66.9%,86.2%,25.8%,19.8%,114.0
NC State,Dalton Bargo,All,497,93,92.0,106.0,110.9,46.2%,16.6°,15.8°,33.3,10.8%,10,0.246,.280,0.331,.394,37.6%,33.3%,23.7%,47.5%,67.3%,82.9%,32.1%,29.7%,74.0
Evansville,Drew McConnell,All,790,117,87.9,104.2,106.8,41.0%,13.0°,14.7°,35.9,5.1%,6,0.257,.232,0.331,.332,42.7%,22.2%,28.2%,42.4%,65.4%,81.4%,22.1%,30.7%,100.0
Wofford,Hunter Herndon,All,634,125,84.9,98.9,106.4,18.4%,4.7°,8.8°,42.4,0.8%,1,0.272,.324,0.331,.390,46.4%,18.4%,35.2%,34.1%,51.7%,96.7%,19.2%,8.3%,81.0
California,Cade Campbell,All,833,161,87.2,103.6,109.0,34.2%,13.9°,8.7°,36.6,3.1%,5,0.266,.281,0.331,.354,37.3%,31.1%,27.3%,54.3%,76.4%,84.0%,36.6%,28.1%,66.0
Central Michigan,Brady Krzciok,All,448,77,89.9,106.5,110.4,44.2%,10.4°,15.1°,32.5,13.0%,10,0.235,.291,0.331,.411,45.5%,23.4%,24.7%,45.5%,73.7%,81.0%,25.6%,27.0%,111.0
Utah,Jack Klevano,All,238,45,79.3,95.0,97.3,8.9%,15.0°,19.7°,28.9,0.0%,0,0.288,.232,0.331,.290,40.0%,28.9%,26.7%,43.7%,67.7%,95.5%,26.6%,13.5%,89.0
Fordham,Ernie Little,All,307,40,82.4,94.3,99.4,7.5%,9.9°,7.8°,32.5,0.0%,0,0.313,.188,0.331,.270,42.5%,20.0%,30.0%,40.4%,57.3%,90.2%,25.6%,22.6%,58.0
UC Irvine,Landon Gaz,All,274,37,87.0,105.4,109.1,45.9%,3.2°,14.1°,21.6,8.1%,3,0.262,.232,0.331,.290,43.2%,27.0%,27.0%,42.7%,60.1%,79.5%,25.0%,31.6%,80.0
Wake Forest,Andrew Costello,All,378,84,90.5,108.6,112.2,42.9%,2.7°,4.1°,27.4,7.1%,6,0.273,.303,0.331,.382,48.8%,21.4%,25.0%,43.4%,67.8%,88.8%,23.2%,23.2%,77.0
Little Rock,Cade Martin,All,481,93,87.7,101.0,103.4,34.4%,12.3°,6.7°,28.0,2.2%,2,0.246,.257,0.331,.336,46.2%,26.9%,23.7%,44.5%,69.3%,87.8%,28.4%,27.1%,85.0
USC Beaufort,Kris Levenstiens,All,68,9,82.5,99.7,101.0,44.4%,1.0°,-,22.2,0.0%,0,0.25,.074,0.331,.073,66.7%,22.2%,0.0%,30.9%,43.8%,78.6%,19.4%,23.8%,81.0
Western Kentucky,JP Acosta,All,636,137,86.1,99.9,105.9,27.0%,7.5°,6.8°,36.5,0.7%,1,0.301,.302,0.331,.355,48.9%,16.1%,27.0%,50.3%,72.6%,91.7%,30.6%,16.2%,95.0
Wichita State,Kaleb Duncan,All,684,108,87.7,100.7,104.6,31.5%,8.6°,11.8°,41.7,0.9%,1,0.264,.267,0.33,.362,38.9%,21.3%,36.1%,40.6%,58.1%,86.4%,26.8%,26.6%,92.0
Florida State,Chase Williams,All,509,81,89.1,104.5,107.4,38.3%,6.9°,3.6°,25.9,1.2%,1,0.287,.241,0.33,.334,50.6%,14.8%,27.2%,53.2%,81.6%,81.2%,30.2%,29.5%,91.0
Texas A&M-Corpus Christi,Jarrett Flaggert,All,194,44,91.3,106.0,108.9,56.8%,11.8°,14.6°,47.7,6.8%,3,0.296,.363,0.33,.435,34.1%,25.0%,36.4%,58.2%,82.6%,85.5%,36.3%,27.4%,90.0
North Carolina,Perry Hargett,All,51,10,83.3,96.4,99.7,20.0%,17.7°,6.0°,50.0,0.0%,0,0.273,.448,0.33,.471,30.0%,30.0%,40.0%,43.1%,78.3%,83.3%,14.3%,22.7%,86.0
Wofford,Harrison Campi,All,244,39,87.3,102.0,107.9,23.1%,14.3°,12.1°,35.9,2.6%,1,0.24,.268,0.33,.343,43.6%,25.6%,25.6%,36.9%,62.2%,85.5%,15.8%,21.1%,103.0
Notre Dame,Brandon Logan,All,283,36,86.9,103.2,106.9,41.7%,7.5°,17.2°,33.3,5.6%,2,0.236,.238,0.33,.391,47.2%,16.7%,27.8%,37.1%,57.0%,76.7%,20.6%,32.4%,93.0
Arizona,Nate Novitske,All,808,166,87.0,100.0,102.7,28.9%,8.1°,14.2°,36.7,1.2%,2,0.268,.293,0.33,.359,47.0%,22.3%,27.1%,45.4%,67.5%,87.0%,27.1%,18.3%,92.0
Valparaiso,Brayden Pleau,All,522,88,84.2,100.0,101.4,28.4%,1.5°,9.5°,27.3,1.1%,1,0.264,.235,0.33,.291,61.4%,19.3%,18.2%,48.5%,72.3%,80.0%,28.9%,26.1%,106.0
Rider,Dillon Jennings,All,50,7,81.2,95.0,95.8,14.3%,11.1°,21.2°,57.1,0.0%,0,0.273,.187,0.33,.250,28.6%,14.3%,57.1%,40.0%,69.6%,68.8%,14.8%,35.0%,164.0
Valparaiso,Thomas Cooper,All,548,107,91.0,105.5,110.6,47.7%,19.7°,12.0°,25.2,2.8%,3,0.25,.282,0.33,.357,37.4%,33.6%,20.6%,53.6%,73.0%,78.8%,36.3%,31.0%,72.0
Missouri,Cameron Benson,All,429,69,89.8,108.6,110.7,42.0%,11.8°,4.4°,33.3,10.1%,7,0.228,.251,0.33,.357,40.6%,23.2%,26.1%,43.8%,63.3%,78.2%,27.5%,31.9%,54.0
Navy,Tyler Cripe,All,601,112,88.7,103.2,108.3,37.5%,10.5°,13.1°,41.1,4.5%,5,0.257,.314,0.33,.413,39.3%,25.9%,33.0%,44.1%,71.9%,87.6%,26.2%,20.4%,116.0
Evansville,Reagan Reeder,All,683,86,92.2,110.3,113.7,50.0%,9.6°,14.4°,38.4,17.4%,15,0.2,.236,0.33,.366,44.2%,27.9%,20.9%,41.0%,61.6%,74.9%,23.9%,33.6%,87.0
Washington State,Dane Chavez,All,256,40,83.7,98.7,100.8,15.0%,3.0°,-1.2°,20.0,0.0%,0,0.2,.268,0.33,.383,65.0%,10.0%,20.0%,33.6%,50.5%,88.5%,22.2%,18.6%,106.0
USF,Juan Correa,All,153,28,89.1,103.1,104.6,35.7%,5.9°,13.5°,28.6,7.1%,2,0.27,.233,0.33,.324,53.6%,21.4%,17.9%,45.8%,66.7%,80.0%,32.3%,30.0%,38.0
TCU,Kyuss Gargett,All,399,59,88.5,102.0,104.9,44.1%,7.5°,20.0°,32.2,10.2%,6,0.225,.288,0.33,.436,50.8%,25.4%,20.3%,41.4%,64.6%,88.9%,22.0%,22.4%,96.0
James Madison,Cameron Aycock,All,386,76,83.9,96.1,100.3,13.2%,15.3°,10.5°,36.8,0.0%,0,0.298,.224,0.33,.269,30.3%,28.9%,31.6%,54.4%,76.9%,87.2%,36.2%,27.6%,74.0
Middle Tennessee,Dean O'Neill,All,278,55,88.6,105.5,111.9,43.6%,4.5°,5.8°,29.1,5.5%,3,0.235,.255,0.33,.352,52.7%,14.5%,21.8%,46.0%,69.0%,84.6%,30.3%,21.9%,90.0
UCF,DeAmez Ross,All,807,148,88.2,102.4,107.0,37.2%,9.2°,10.2°,33.1,3.4%,5,0.295,.275,0.33,.349,47.3%,17.6%,24.3%,46.0%,62.4%,87.3%,29.6%,18.6%,53.0
Johnson (TN),Braden Frank,All,113,16,85.1,98.4,98.5,18.8%,10.2°,19.5°,37.5,6.2%,1,0.2,.265,0.33,.376,43.8%,18.8%,31.2%,38.1%,65.1%,92.9%,21.4%,11.6%,100.0
McNeese,Hayden Stringfellow,All,270,32,84.1,102.9,103.2,28.1%,2.4°,12.5°,50.0,3.1%,1,0.281,.232,0.33,.299,50.0%,6.2%,40.6%,40.7%,61.6%,69.6%,25.9%,36.4%,64.0
Merrimack,Jayden Hamilton,All,261,54,86.1,102.0,108.1,27.8%,8.3°,4.4°,27.8,0.0%,0,0.281,.300,0.33,.367,48.1%,27.8%,22.2%,39.5%,63.2%,91.9%,20.1%,16.5%,94.0
UC Santa Barbara,Nick Husovsky,All,748,142,88.1,102.0,104.2,40.1%,7.7°,11.4°,32.4,3.5%,5,0.268,.286,0.33,.362,48.6%,25.4%,25.4%,47.6%,75.6%,84.1%,26.2%,25.0%,103.0
Navy,Mason Ceccarelli,All,443,62,77.1,96.4,97.8,14.5%,15.4°,23.4°,32.3,0.0%,0,0.22,.209,0.33,.317,40.3%,29.0%,27.4%,38.8%,66.3%,85.1%,21.4%,25.6%,127.0
Western Michigan,Lucas Rick,All,164,26,76.5,97.2,100.9,15.4%,21.4°,26.0°,23.1,0.0%,0,0.206,.164,0.33,.260,42.3%,30.8%,15.4%,39.0%,56.7%,88.2%,28.8%,26.6%,87.0
Central Arkansas,Jack Runsick,All,482,91,84.2,99.9,104.2,24.2%,12.3°,8.2°,33.0,1.1%,1,0.257,.276,0.33,.345,44.0%,19.8%,25.3%,41.9%,62.7%,92.6%,24.9%,18.8%,88.0
Stetson,Cade Centracchio,All,212,30,82.0,98.6,99.9,26.7%,-2.0°,7.9°,30.0,0.0%,0,0.283,.240,0.33,.291,66.7%,10.0%,23.3%,40.1%,57.3%,76.3%,23.9%,29.4%,104.0
Oklahoma State,Avery Ortiz,All,215,32,88.4,103.3,108.5,43.8%,15.8°,15.6°,18.8,3.1%,1,0.225,.232,0.329,.327,46.9%,34.4%,12.5%,36.7%,55.4%,87.5%,20.2%,22.8%,83.0
Rhode Island,Brian Connolly,All,299,57,85.7,100.5,104.6,31.6%,9.1°,10.0°,49.1,1.8%,1,0.311,.284,0.329,.343,36.8%,28.1%,33.3%,41.5%,63.9%,91.3%,20.6%,21.8%,93.0
Oregon State,Tyler Inge,All,532,78,83.7,98.1,107.3,21.8%,10.7°,9.8°,32.1,0.0%,0,0.288,.225,0.329,.293,46.2%,26.9%,24.4%,35.2%,52.4%,88.5%,19.9%,17.1%,91.0
Ole Miss,Brett Moseley,All,128,10,84.4,102.1,106.1,50.0%,2.3°,23.2°,20.0,10.0%,1,0.207,.138,0.329,.283,70.0%,30.0%,0.0%,45.3%,63.3%,60.5%,29.4%,53.4%,65.0
Emmanuel (GA),Tyler Bradford,All,74,8,78.9,89.0,92.0,25.0%,12.2°,-2.2°,12.5,0.0%,0,0.167,.128,0.329,.287,62.5%,25.0%,12.5%,37.8%,65.4%,76.5%,22.9%,28.6%,127.0
Evansville,Charlie Longmeier,All,813,167,84.9,100.7,106.3,26.9%,6.7°,9.7°,28.7,3.0%,5,0.267,.278,0.329,.358,51.5%,17.4%,23.4%,44.6%,72.8%,86.4%,20.5%,16.8%,120.0
University of Montevallo,Caleb Karll,All,95,22,80.9,93.7,96.5,13.6%,22.0°,12.0°,40.9,0.0%,0,0.259,.231,0.329,.260,22.7%,40.9%,31.8%,58.9%,84.2%,84.4%,42.1%,28.6%,46.0
Rider,Erich Hartmann,All,345,71,84.0,102.2,106.4,33.8%,6.4°,11.4°,33.8,4.2%,3,0.272,.267,0.329,.338,42.3%,25.4%,28.2%,48.4%,72.9%,90.2%,31.7%,15.6%,58.0
Pacific,Colin Spear,All,215,36,88.5,107.0,109.2,50.0%,6.7°,21.3°,33.3,11.1%,4,0.208,.293,0.329,.441,38.9%,27.8%,27.8%,43.7%,74.2%,75.8%,22.2%,29.8%,105.0
Mount St. Mary's,Evan Meier,All,507,88,84.4,97.9,100.5,18.2%,3.1°,10.3°,36.4,0.0%,0,0.269,.290,0.329,.360,53.4%,14.8%,30.7%,41.8%,71.1%,90.0%,20.9%,15.1%,144.0
Lafayette,Matthew Colella,All,562,119,84.8,96.8,100.6,16.0%,17.0°,13.1°,42.0,0.0%,0,0.286,.278,0.329,.331,31.9%,34.5%,27.7%,43.2%,65.6%,91.0%,24.9%,13.2%,106.0
Florida State,Noah Sheffield,All,449,75,90.3,106.0,109.3,46.7%,11.6°,9.5°,25.3,8.0%,6,0.238,.253,0.329,.343,46.7%,24.0%,18.7%,51.4%,76.0%,82.2%,31.7%,29.0%,72.0
Missouri,Pierre Seals,All,672,103,89.3,106.9,110.0,45.6%,4.2°,13.8°,32.0,4.9%,5,0.244,.260,0.329,.340,49.5%,17.5%,31.1%,46.4%,66.3%,77.7%,27.1%,36.2%,60.0
Ohio,Cameron Hill,All,320,43,86.4,106.9,107.9,44.2%,8.2°,7.5°,25.6,4.7%,2,0.25,.234,0.329,.344,48.8%,23.3%,23.3%,49.7%,77.9%,75.5%,28.8%,37.1%,82.0
Pacific,Alexander Dolan,All,228,38,82.8,97.2,99.4,18.4%,8.4°,13.7°,39.5,2.6%,1,0.259,.236,0.329,.352,44.7%,15.8%,28.9%,48.2%,73.3%,88.3%,26.8%,24.5%,115.0
Cincinnati,Cal Sefcik,All,467,101,89.7,103.2,110.3,36.6%,15.0°,1.9°,21.8,0.0%,0,0.297,.271,0.329,.323,43.6%,26.7%,19.8%,37.5%,58.3%,94.2%,21.1%,14.3%,81.0
Illinois-Chicago,Will Flanigan,All,671,106,83.9,95.7,102.9,22.6%,9.2°,-1.4°,23.6,0.0%,0,0.225,.212,0.329,.312,45.3%,33.0%,17.9%,32.2%,52.2%,92.9%,13.5%,9.7%,107.0
Oakland,Carter Hain,All,676,104,87.9,102.8,106.0,42.3%,2.7°,7.7°,32.7,2.9%,3,0.26,.247,0.329,.323,51.9%,17.3%,28.8%,46.3%,67.8%,83.1%,27.6%,26.2%,89.0
Lindenwood,Kameron Edwards,All,714,102,86.8,100.2,104.4,37.3%,13.4°,11.0°,32.4,3.9%,4,0.257,.236,0.329,.326,42.2%,27.5%,24.5%,39.2%,65.4%,85.9%,18.5%,18.9%,117.0
Arkansas State,Joey McLaughlin,All,444,49,87.3,101.5,106.5,46.9%,-2.8°,6.6°,34.7,2.0%,1,0.247,.231,0.329,.347,61.2%,10.2%,28.6%,36.5%,59.4%,84.1%,20.8%,27.2%,99.0
Lamar,Lane Sparks,All,569,77,89.1,101.0,107.2,33.8%,13.2°,12.4°,29.9,2.6%,2,0.209,.200,0.329,.366,41.6%,29.9%,19.5%,34.1%,54.7%,84.2%,15.9%,18.0%,103.0
Kentucky,Ryan Schwartz,All,514,90,87.9,102.5,106.0,33.3%,18.5°,18.9°,36.7,5.6%,5,0.243,.258,0.329,.361,35.6%,28.9%,23.3%,46.3%,71.5%,82.2%,26.2%,24.4%,96.0
Utah Valley,Jayden Smith,All,350,51,86.3,100.1,100.8,31.4%,8.7°,16.3°,39.2,3.9%,2,0.254,.248,0.329,.335,39.2%,19.6%,31.4%,37.4%,61.1%,86.9%,17.0%,22.1%,106.0
Rutgers,Yomar Carreras,All,743,180,87.4,101.2,107.0,34.4%,4.6°,9.0°,32.2,2.2%,4,0.285,.284,0.329,.342,51.1%,21.7%,25.0%,59.5%,87.7%,87.6%,35.6%,20.4%,88.0
Mississippi State,James Nunnallee,All,252,43,84.4,103.2,104.8,34.9%,6.1°,17.6°,25.6,7.0%,3,0.241,.295,0.329,.413,48.8%,27.9%,23.3%,42.5%,63.4%,93.0%,25.7%,15.0%,98.0
Michigan,Noah Miller,All,550,117,87.5,101.4,105.3,37.6%,6.4°,9.7°,34.2,4.3%,5,0.292,.315,0.328,.384,49.6%,20.5%,27.4%,45.1%,65.1%,93.2%,28.6%,12.5%,62.0
East Carolina,Alex Bouche,All,199,28,91.5,104.9,108.3,53.6%,11.3°,9.9°,42.9,7.1%,2,0.273,.312,0.328,.376,42.9%,25.0%,32.1%,44.7%,65.6%,72.1%,26.4%,31.5%,92.0
VMI,Kazuya Jordan,All,251,32,81.6,93.8,94.6,0.0%,18.3°,-,28.1,0.0%,0,0.18,.194,0.328,.337,40.6%,31.2%,25.0%,35.1%,60.2%,84.6%,16.1%,27.3%,140.0
New Orleans,Jayden Adcox,All,434,65,87.8,100.8,106.1,33.8%,5.9°,4.7°,27.7,3.1%,2,0.226,.239,0.328,.332,53.8%,23.1%,21.5%,33.6%,55.0%,87.9%,18.5%,17.8%,94.0
UMES,Christian Azcona,All,46,9,80.3,97.1,97.8,22.2%,2.5°,17.0°,22.2,0.0%,0,0.273,.212,0.328,.252,55.6%,33.3%,0.0%,39.1%,50.0%,88.9%,32.1%,5.6%,67.0
Concordia Irvine,Isaiah Walz,All,29,7,84.2,94.8,95.5,14.3%,-1.4°,29.1°,42.9,0.0%,0,0.286,.344,0.328,.438,57.1%,28.6%,14.3%,34.5%,64.3%,88.9%,6.7%,10.0%,107.0
Connecticut,Tyler Minick,All,314,65,86.9,102.3,112.8,38.5%,6.0°,12.8°,23.1,4.6%,3,0.244,.250,0.328,.340,52.3%,26.2%,16.9%,50.0%,78.1%,78.5%,28.2%,28.0%,98.0
Memphis,Trae Cassidy,All,731,117,87.7,101.0,104.3,31.6%,15.4°,10.7°,37.6,1.7%,2,0.245,.278,0.328,.371,37.6%,27.4%,29.1%,40.9%,68.2%,86.5%,17.5%,16.4%,119.0
Alvin,James Rheaume,All,33,5,85.2,96.2,98.3,20.0%,10.1°,19.3°,20.0,0.0%,0,0.286,.262,0.328,.340,60.0%,20.0%,20.0%,36.4%,66.7%,80.0%,11.1%,25.0%,116.0
UL Monroe,Gavin Price,All,34,7,88.2,87.9,90.3,42.9%,-12.4°,-11.4°,28.6,0.0%,0,0.286,.333,0.328,.384,71.4%,28.6%,0.0%,47.1%,66.7%,80.0%,31.6%,31.2%,68.0
Northern Colorado,Jaden Stone,All,475,82,83.8,99.0,105.0,19.5%,3.7°,5.3°,29.3,0.0%,0,0.288,.258,0.328,.323,53.7%,15.9%,26.8%,41.1%,63.0%,84.8%,22.3%,17.9%,109.0
Tusculum,Caden Rector,All,86,15,80.5,90.4,99.1,20.0%,8.8°,4.7°,20.0,0.0%,0,0.222,.178,0.328,.285,46.7%,33.3%,20.0%,33.7%,71.0%,95.5%,12.7%,10.3%,139.0
Ball State,Gavin Balius,All,253,46,82.2,94.0,97.5,8.7%,-0.7°,2.6°,37.0,0.0%,0,0.297,.212,0.328,.282,52.2%,10.9%,32.6%,37.9%,58.3%,94.0%,21.0%,10.4%,84.0
Cincinnati,Parker McDaniels,All,36,5,70.3,68.4,68.4,0.0%,-25.9°,-,20.0,0.0%,0,0.333,.218,0.328,.277,80.0%,0.0%,20.0%,38.9%,62.5%,90.0%,20.0%,14.3%,118.0
East Tennessee State,Axel Melendez,All,657,125,86.6,102.8,107.3,34.4%,10.3°,12.8°,27.2,2.4%,3,0.26,.233,0.328,.315,46.4%,27.2%,20.8%,51.3%,75.2%,82.6%,31.5%,28.2%,91.0
Southern Illinois,Timothy Simay,All,767,148,88.8,104.1,108.1,39.9%,5.2°,8.3°,32.4,3.4%,5,0.284,.322,0.328,.385,52.0%,17.6%,27.0%,37.8%,55.5%,88.9%,20.9%,14.8%,95.0
Lafayette,Ryan Stoddard,All,139,16,83.9,97.6,102.2,25.0%,13.8°,23.1°,31.2,6.2%,1,0.25,.184,0.328,.255,43.8%,31.2%,18.8%,46.8%,65.6%,65.0%,32.1%,44.6%,54.0
Longwood,Nathan Jackson,All,53,7,85.9,95.3,96.2,14.3%,29.1°,29.0°,28.6,0.0%,0,0.125,.296,0.328,.476,28.6%,57.1%,14.3%,28.3%,52.4%,81.8%,12.5%,20.0%,132.0
Virginia Tech,Anderson French,All,310,20,85.9,102.3,106.3,25.0%,7.5°,22.1°,35.0,5.0%,1,0.16,.120,0.328,.293,35.0%,35.0%,25.0%,27.7%,43.4%,66.1%,14.4%,47.7%,78.0
Arkansas State,Cross Jumper,All,416,59,90.7,104.9,109.6,42.4%,11.2°,14.6°,32.2,11.9%,7,0.229,.250,0.328,.377,45.8%,27.1%,20.3%,40.9%,61.4%,81.0%,23.8%,27.1%,104.0
Clemson,Bryce Clavon,All,591,93,89.2,102.4,106.0,36.6%,9.1°,10.2°,33.3,7.5%,7,0.236,.232,0.328,.342,44.1%,24.7%,24.7%,44.2%,69.7%,84.3%,22.1%,24.1%,109.0
Northwestern State,Mason Wray,All,71,11,87.9,100.7,103.1,27.3%,-4.2°,2.6°,27.3,9.1%,1,0.25,.210,0.328,.296,54.5%,27.3%,9.1%,50.7%,80.0%,66.7%,29.3%,44.4%,83.0
East Tennessee State,Ty Galusky,All,257,41,81.2,99.5,102.1,19.5%,11.2°,12.3°,43.9,0.0%,0,0.264,.311,0.328,.371,46.3%,17.1%,31.7%,42.4%,68.3%,89.9%,25.6%,18.3%,95.0
St. Mary's (TX),Garrett Brooks,All,28,5,93.4,100.7,102.2,60.0%,18.8°,4.9°,60.0,0.0%,0,0.4,.318,0.328,.388,20.0%,20.0%,60.0%,46.4%,75.0%,77.8%,25.0%,15.4%,64.0
Pacific (OR),Javin Hamura,All,57,5,68.7,78.1,78.8,0.0%,-10.3°,-,20.0,0.0%,0,0.125,.161,0.328,.350,40.0%,20.0%,20.0%,26.3%,62.5%,90.0%,12.2%,26.7%,160.0
Iona,Braize Mitchell,All,77,16,84.5,98.8,99.2,25.0%,4.0°,18.0°,43.8,0.0%,0,0.312,.294,0.328,.330,37.5%,18.8%,31.2%,41.6%,71.9%,87.0%,20.0%,21.9%,105.0
Delaware,Anthony Charles,All,452,77,84.8,99.5,105.6,26.0%,4.7°,6.9°,37.7,0.0%,0,0.265,.273,0.328,.344,49.4%,19.5%,28.6%,40.9%,63.1%,87.0%,24.1%,25.9%,95.0
Stetson,Samuel Fernandez,All,627,114,91.0,105.2,109.8,50.0%,10.5°,10.9°,37.7,7.9%,9,0.266,.295,0.328,.380,42.1%,21.9%,28.1%,54.9%,77.5%,82.2%,37.0%,32.3%,72.0
Fresno Pacific,Darryl Dilworth,All,132,21,86.9,98.1,102.0,28.6%,8.4°,10.0°,28.6,0.0%,0,0.25,.233,0.327,.330,52.4%,19.0%,23.8%,44.7%,70.4%,81.6%,26.9%,35.6%,110.0
Rice,Garet Boehm,All,619,135,86.8,103.1,106.7,35.6%,16.5°,13.1°,36.3,3.0%,4,0.259,.282,0.327,.350,37.8%,30.4%,27.4%,50.9%,69.6%,89.4%,36.4%,20.3%,77.0
Oregon State,Adam Haight,All,755,126,87.7,101.0,109.7,34.1%,15.2°,6.0°,38.9,1.6%,2,0.277,.258,0.327,.314,35.7%,29.4%,26.2%,42.9%,67.1%,88.2%,21.6%,23.5%,98.0
Valparaiso,Cole Lockwood,All,119,26,85.7,96.0,97.4,19.2%,-8.6°,4.0°,19.2,0.0%,0,0.281,.252,0.327,.308,76.9%,0.0%,19.2%,39.5%,62.3%,86.8%,15.5%,19.1%,83.0
Murray State,Connor Chisolm,All,335,80,88.0,101.6,103.9,37.5%,16.8°,9.4°,42.5,1.2%,1,0.27,.313,0.327,.377,26.2%,23.8%,37.5%,43.3%,65.4%,92.0%,24.7%,13.8%,117.0
Princeton,Brady Kaufman,All,508,87,90.9,103.0,107.1,44.8%,6.8°,11.0°,32.2,4.6%,4,0.267,.255,0.327,.321,49.4%,14.9%,25.3%,46.3%,70.0%,81.9%,25.5%,26.0%,64.0
Villanova,Michael Whooley,All,669,127,84.8,102.7,106.5,33.1%,17.5°,14.3°,40.2,2.4%,3,0.245,.287,0.327,.380,29.1%,36.2%,33.1%,41.6%,62.5%,88.0%,23.8%,20.5%,102.0
Bucknell,Deacon Bowne,All,561,62,83.6,100.4,102.2,17.7%,11.3°,6.4°,37.1,0.0%,0,0.222,.207,0.327,.313,46.8%,17.7%,32.3%,26.7%,45.4%,78.7%,13.0%,28.7%,109.0
St. John's,Cristian Bernardini,All,388,88,87.5,102.5,107.6,34.1%,0.9°,6.5°,23.9,0.0%,0,0.284,.251,0.327,.289,52.3%,20.5%,21.6%,51.3%,74.0%,91.0%,28.1%,20.1%,97.0
Elon,Jared Hall,All,733,107,83.7,99.0,104.7,22.4%,15.0°,17.0°,30.8,0.9%,1,0.231,.209,0.327,.314,37.4%,28.0%,23.4%,41.9%,61.7%,85.0%,27.1%,24.4%,89.0
Wichita State,Alex Ulloa,All,767,146,86.7,102.3,107.1,35.6%,5.5°,5.2°,23.3,1.4%,2,0.275,.228,0.327,.298,54.8%,25.3%,15.1%,49.8%,76.1%,89.6%,30.2%,26.4%,84.0
USC,Maximo Martinez,All,735,113,84.6,101.3,107.0,30.1%,6.6°,10.0°,31.9,0.9%,1,0.24,.231,0.327,.320,47.8%,13.3%,29.2%,39.2%,58.9%,85.9%,23.5%,21.5%,94.0
Liberty,Easton Swofford,All,715,129,85.6,99.2,104.7,28.7%,10.6°,13.5°,38.0,3.1%,4,0.273,.295,0.327,.392,43.4%,21.7%,29.5%,42.7%,65.9%,92.0%,23.5%,16.1%,120.0
Hofstra,Tyler Cox,All,693,116,86.7,101.8,109.2,26.7%,16.6°,12.2°,29.3,1.7%,2,0.23,.235,0.327,.340,40.5%,33.6%,19.8%,38.8%,63.9%,87.4%,18.5%,20.8%,116.0
Oakland,Tony Konopiots,All,503,99,84.8,101.4,104.7,28.3%,11.7°,11.2°,32.3,1.0%,1,0.246,.246,0.327,.329,47.5%,23.2%,23.2%,47.3%,67.5%,87.1%,33.3%,24.8%,91.0
UAB,Austin Pierzynski,All,545,101,87.1,100.8,105.5,31.7%,11.9°,9.6°,24.8,4.0%,4,0.24,.242,0.327,.338,45.5%,28.7%,11.9%,41.7%,62.5%,87.5%,23.2%,20.7%,102.0
CSU Bakersfield,Elijah Pelayo,All,728,124,82.5,97.1,102.8,20.2%,10.3°,10.2°,37.9,0.0%,0,0.286,.270,0.327,.328,44.4%,23.4%,31.5%,43.3%,70.5%,85.6%,22.5%,21.6%,112.0
USC Upstate,Alex Ritzer,All,361,53,82.7,99.1,101.7,22.6%,-2.5°,6.9°,20.8,0.0%,0,0.257,.230,0.327,.319,66.0%,18.9%,15.1%,35.7%,57.1%,93.5%,18.2%,15.5%,92.0
Duke,Michael DiMartini,All,642,131,92.7,110.2,113.7,55.0%,11.4°,10.6°,30.5,13.7%,18,0.25,.271,0.327,.367,42.7%,22.9%,17.6%,61.1%,82.2%,78.0%,43.9%,36.0%,36.0
Tennessee Tech,Eddie Garza,All,610,144,82.8,99.9,104.7,17.4%,11.2°,14.4°,33.3,1.4%,2,0.276,.274,0.327,.341,44.4%,25.0%,24.3%,48.4%,70.7%,87.9%,29.4%,18.6%,104.0
Brown,DJ Dillehay,All,551,115,85.8,102.0,109.2,33.0%,8.5°,6.4°,24.3,0.9%,1,0.261,.243,0.327,.321,50.4%,26.1%,16.5%,48.6%,71.5%,83.2%,30.7%,26.1%,106.0
Louisiana Tech,Cade Patterson,All,948,122,86.6,102.0,106.4,33.6%,6.4°,10.0°,36.1,4.9%,6,0.23,.240,0.327,.357,52.5%,23.0%,23.8%,37.6%,63.0%,83.3%,17.4%,23.6%,121.0
Sacred Heart,Gavin Donohue,All,187,25,93.7,109.2,114.4,60.0%,16.6°,13.8°,28.0,4.0%,1,0.225,.240,0.327,.329,32.0%,28.0%,36.0%,40.1%,59.3%,72.9%,25.5%,33.3%,57.0
Harvard,Dominic Brancel,All,176,21,84.7,102.0,106.2,42.9%,15.7°,14.2°,33.3,4.8%,1,0.188,.241,0.327,.365,52.4%,28.6%,14.3%,34.1%,64.4%,78.7%,12.6%,28.3%,122.0
Lander,Riley Hood,All,80,13,82.3,102.6,105.6,15.4%,0.1°,18.1°,46.2,7.7%,1,0.214,.321,0.327,.434,61.5%,7.7%,30.8%,37.5%,70.6%,100.0%,13.0%,10.0%,121.0
Kentucky,Caeden Cloud,All,490,58,89.9,104.5,106.7,44.8%,16.4°,19.5°,36.2,13.8%,8,0.208,.212,0.327,.342,32.8%,29.3%,25.9%,39.6%,61.1%,76.8%,21.2%,36.6%,102.0
Oral Roberts,Will Edmunson,All,575,118,88.7,103.2,107.2,44.1%,5.2°,11.2°,28.0,3.4%,4,0.266,.306,0.326,.393,54.2%,16.9%,22.9%,45.7%,67.8%,92.1%,27.4%,15.2%,98.0
Akron,Brennan Morgan,All,361,48,86.6,103.0,108.4,35.4%,9.1°,12.2°,29.2,4.2%,2,0.238,.261,0.326,.353,54.2%,22.9%,20.8%,42.9%,58.9%,94.4%,31.4%,20.6%,81.0
UC San Diego,Delshaun Lanier,All,541,68,86.5,100.9,105.1,41.2%,4.3°,13.9°,42.6,2.9%,2,0.255,.238,0.326,.332,44.1%,26.5%,27.9%,37.0%,57.7%,83.8%,19.7%,24.0%,100.0
Utah Valley,Brody Block,All,622,97,90.4,101.7,107.4,40.2%,10.5°,13.6°,39.2,4.1%,4,0.26,.283,0.326,.384,43.3%,18.6%,28.9%,38.9%,63.8%,88.4%,21.4%,17.8%,108.0
Abilene Christian,Brady Gray,All,460,49,90.5,104.2,109.9,42.9%,18.7°,13.1°,49.0,6.1%,3,0.244,.247,0.326,.350,28.6%,30.6%,38.8%,41.7%,67.8%,77.0%,20.8%,34.4%,117.0
Stephen F. Austin,Cermodrick Bland,All,594,88,82.6,99.5,104.3,19.3%,4.9°,11.2°,34.1,2.3%,2,0.236,.243,0.326,.318,52.3%,14.8%,20.5%,38.6%,65.7%,83.2%,19.5%,24.5%,117.0
Alabama State,Jackson Williams,All,433,77,89.6,106.4,107.9,46.8%,8.7°,12.4°,27.3,10.4%,8,0.239,.266,0.326,.362,45.5%,20.8%,24.7%,45.5%,63.1%,82.9%,33.5%,28.9%,48.0
Incarnate Word,Ayden Alsobrooks,All,167,21,84.8,98.5,99.6,33.3%,14.6°,11.3°,33.3,4.8%,1,0.212,.165,0.326,.278,42.9%,33.3%,23.8%,41.9%,68.1%,79.6%,22.1%,32.9%,119.0
Bellarmine,Cole Huett,All,313,42,84.9,102.3,103.8,26.2%,11.2°,15.6°,28.6,0.0%,0,0.265,.183,0.326,.275,38.1%,31.0%,19.0%,45.4%,67.4%,71.4%,28.7%,38.7%,73.0
Princeton,Tommy Googins,All,508,73,89.3,105.1,106.3,39.7%,12.8°,11.2°,35.6,5.5%,4,0.244,.254,0.326,.329,38.4%,27.4%,28.8%,41.7%,61.6%,79.5%,24.4%,30.2%,74.0
Hofstra,Nick Biddle Jr,All,476,95,81.6,97.8,102.6,15.8%,0.2°,-0.8°,31.6,0.0%,0,0.321,.302,0.326,.331,57.9%,16.8%,24.2%,48.1%,72.2%,91.6%,25.6%,13.5%,101.0
Maine,Christopher Mondesir,All,213,27,87.7,106.3,107.9,51.9%,13.0°,11.2°,37.0,7.4%,2,0.267,.250,0.326,.340,33.3%,29.6%,33.3%,44.6%,70.8%,70.6%,23.1%,40.0%,83.0
Indiana State,Caden Miller,All,388,43,87.8,105.0,106.8,39.5%,20.2°,16.0°,32.6,9.3%,4,0.203,.216,0.326,.354,30.2%,37.2%,23.3%,40.2%,59.1%,70.3%,25.3%,38.5%,72.0
California Baptist,Diesel Toth,All,648,126,85.9,100.3,102.4,29.4%,9.3°,14.3°,41.3,0.0%,0,0.253,.297,0.326,.371,40.5%,19.8%,34.9%,43.4%,67.7%,88.9%,23.2%,16.0%,108.0
California Baptist,Samuel Lopez,All,167,28,83.8,96.1,99.4,17.9%,8.6°,11.5°,42.9,0.0%,0,0.324,.256,0.326,.298,42.9%,17.9%,35.7%,40.7%,71.4%,85.5%,14.4%,16.2%,144.0
Utah Tech,Gavin Long,All,400,59,88.2,105.4,109.6,28.8%,5.8°,9.2°,23.7,0.0%,0,0.238,.220,0.326,.319,50.8%,23.7%,18.6%,33.2%,53.9%,95.6%,18.5%,14.3%,104.0
Campbell,Lukas Schramm,All,458,80,86.3,102.0,105.0,30.0%,15.4°,20.8°,35.0,5.0%,4,0.223,.266,0.326,.363,35.0%,35.0%,27.5%,48.9%,73.8%,80.5%,29.3%,29.0%,85.0
Florida State,Carter McCulley,All,510,68,88.8,104.3,108.0,42.6%,15.9°,14.7°,38.2,11.8%,8,0.259,.230,0.326,.337,38.2%,22.1%,26.5%,46.1%,71.4%,71.6%,25.8%,38.7%,91.0
Jacksonville State,Orlando Pena,All,363,71,84.9,101.4,106.6,31.0%,4.5°,12.0°,25.4,2.8%,2,0.262,.280,0.326,.366,52.1%,22.5%,23.9%,44.6%,72.4%,89.0%,22.0%,18.5%,112.0
Tulane,Nolan Nawrocki,All,271,37,92.1,106.0,112.0,43.2%,16.8°,15.4°,29.7,10.8%,4,0.222,.261,0.326,.376,35.1%,29.7%,24.3%,44.3%,66.4%,78.7%,28.5%,25.0%,71.0
Virginia Tech,Owen Petrich,All,756,150,88.9,104.5,107.3,37.3%,9.4°,13.7°,32.0,6.7%,10,0.246,.286,0.326,.378,44.7%,25.3%,24.0%,48.1%,69.3%,83.2%,31.4%,23.9%,86.0
North Dakota State,Caleb Corbin,All,528,89,87.7,100.7,103.7,32.6%,12.8°,12.8°,42.7,3.4%,3,0.241,.268,0.326,.371,39.3%,27.0%,29.2%,38.6%,63.9%,87.6%,15.6%,18.1%,114.0
Houston Christian,Graham Laxton,All,230,26,83.4,101.3,101.8,30.8%,15.5°,19.8°,50.0,15.4%,4,0.2,.210,0.326,.347,38.5%,26.9%,34.6%,46.5%,72.3%,80.8%,26.4%,31.8%,103.0
Tennessee Tech,Tyler Bennett,All,226,44,82.0,101.1,103.1,20.5%,1.7°,9.0°,27.3,0.0%,0,0.279,.255,0.326,.294,50.0%,20.5%,27.3%,50.9%,71.2%,90.5%,33.6%,26.1%,71.0
Western Michigan,Avery Thielman,All,300,62,87.9,104.8,108.0,46.8%,3.6°,9.0°,25.8,4.8%,3,0.239,.306,0.326,.385,58.1%,24.2%,17.7%,48.7%,74.5%,93.1%,27.0%,14.4%,119.0
VCU,Quinn Maher,All,878,139,84.4,101.8,109.0,25.2%,15.0°,12.0°,34.5,2.9%,4,0.222,.254,0.326,.355,37.4%,30.2%,26.6%,41.8%,66.1%,88.0%,24.4%,15.8%,112.0
Oregon,Maddox Molony,All,831,155,87.7,101.2,105.8,30.3%,25.1°,15.4°,31.0,3.9%,6,0.215,.236,0.326,.337,29.0%,38.1%,21.9%,42.1%,65.8%,90.2%,23.0%,20.0%,84.0
North Dakota State,Chase Womack,All,268,41,87.0,98.7,102.9,34.1%,5.4°,13.1°,31.7,2.4%,1,0.259,.241,0.326,.323,48.8%,22.0%,24.4%,48.1%,72.2%,87.9%,26.8%,21.7%,95.0
Akron,Henry Hayman,All,330,62,85.2,100.1,105.9,30.6%,15.4°,12.5°,30.6,3.2%,2,0.288,.252,0.326,.319,35.5%,29.0%,29.0%,48.2%,68.1%,89.8%,32.8%,27.7%,72.0
Indiana State,Jeremy Martinez,All,316,51,84.4,98.3,102.1,19.6%,15.3°,12.3°,27.5,0.0%,0,0.25,.212,0.326,.293,43.1%,27.5%,21.6%,40.8%,62.3%,81.9%,21.2%,26.4%,103.0
Purdue,Westin Boyle,All,776,147,85.4,100.1,105.6,27.9%,4.6°,4.1°,33.3,0.7%,1,0.264,.253,0.325,.317,49.7%,14.3%,28.6%,46.5%,70.3%,89.2%,27.7%,17.7%,84.0
Northeastern,Carter Bentley,All,473,82,85.0,101.2,104.4,30.5%,2.2°,4.4°,24.4,2.4%,2,0.25,.270,0.325,.343,53.7%,19.5%,20.7%,38.3%,60.3%,90.6%,14.2%,12.7%,101.0
Mercer,Devyn McEachron,All,442,69,85.9,102.6,107.8,30.4%,17.9°,14.4°,36.2,4.3%,3,0.25,.253,0.325,.356,37.7%,31.9%,27.5%,44.8%,76.9%,82.9%,22.3%,29.8%,122.0
Toledo,Luke Walton,All,517,78,84.9,100.3,102.7,28.2%,15.4°,15.1°,37.2,1.3%,1,0.23,.288,0.325,.381,41.0%,20.5%,33.3%,38.1%,63.1%,87.3%,14.9%,17.3%,115.0
Dartmouth,Henry Murray,All,191,30,81.8,95.5,99.6,13.3%,-6.2°,-3.0°,23.3,0.0%,0,0.286,.217,0.325,.256,63.3%,13.3%,16.7%,37.7%,58.7%,87.0%,18.2%,22.2%,97.0
Miami,Vance Sheahan,All,784,128,87.8,101.3,106.0,34.4%,1.5°,5.7°,22.7,1.6%,2,0.276,.227,0.325,.292,59.4%,15.6%,18.0%,43.5%,62.1%,85.1%,28.0%,23.2%,69.0
The Citadel,Garrett Fulmer,All,360,79,88.8,102.3,107.3,44.3%,7.9°,11.3°,32.9,1.3%,1,0.3,.303,0.325,.353,46.8%,22.8%,26.6%,53.9%,71.7%,92.7%,40.9%,24.2%,53.0
UNC Wilmington,Matous Bubenik,All,137,20,93.8,105.1,105.3,50.0%,5.2°,2.5°,20.0,5.0%,1,0.3,.276,0.325,.311,70.0%,10.0%,15.0%,54.0%,73.9%,82.4%,33.8%,31.1%,78.0
Bucknell,Billy Fluharty,All,767,150,86.1,98.0,101.6,27.3%,5.1°,7.4°,34.0,0.0%,0,0.283,.266,0.325,.324,52.0%,18.0%,28.0%,46.9%,70.2%,89.3%,27.8%,21.7%,109.0
Memphis,Parker Price,All,62,10,81.5,96.3,99.2,30.0%,2.3°,-0.1°,20.0,0.0%,0,0.182,.263,0.325,.391,60.0%,20.0%,20.0%,40.3%,63.0%,94.1%,22.9%,12.0%,93.0
Kentucky,Scott Campbell,All,553,69,91.5,106.0,108.9,49.3%,14.6°,14.8°,27.5,7.2%,5,0.258,.198,0.325,.291,36.2%,26.1%,29.0%,42.0%,61.0%,78.4%,26.2%,32.8%,64.0
Air Force,Christian Taylor,All,360,82,89.6,101.7,104.8,39.0%,8.7°,7.5°,32.9,2.4%,2,0.304,.286,0.325,.337,48.8%,19.5%,26.8%,48.1%,74.0%,87.2%,25.1%,21.4%,98.0
St. Thomas (FL),Yoel Rojas,All,98,17,76.3,93.5,94.2,0.0%,1.5°,-,23.5,0.0%,0,0.222,.190,0.325,.264,52.9%,17.6%,11.8%,34.7%,60.0%,90.5%,20.6%,14.7%,111.0
Lincoln Memorial,Aaron Hobson,All,171,27,79.7,99.5,100.8,14.8%,5.8°,9.0°,25.9,0.0%,0,0.297,.245,0.325,.270,55.6%,18.5%,18.5%,40.4%,65.7%,91.3%,22.8%,23.2%,121.0
Coastal Carolina,Ty Barrango,All,795,95,84.4,98.7,100.4,23.2%,10.7°,4.5°,28.4,0.0%,0,0.264,.232,0.325,.308,50.5%,17.9%,25.3%,25.8%,38.5%,91.7%,14.4%,12.7%,71.0
Gardner-Webb,Anthony Hausner,All,150,27,87.1,103.6,108.0,37.0%,7.0°,8.6°,44.4,7.4%,2,0.25,.296,0.325,.366,40.7%,22.2%,37.0%,48.0%,77.8%,75.0%,20.5%,29.2%,107.0
Cal Poly,Antonio Castro,All,312,43,86.4,101.2,104.7,46.5%,4.5°,12.6°,20.9,2.3%,1,0.213,.215,0.325,.326,58.1%,25.6%,14.0%,37.8%,58.4%,88.8%,21.7%,23.7%,99.0
Loyola Marymount,Alex Gamboa,All,329,37,85.9,101.5,103.9,37.8%,17.6°,12.1°,21.6,0.0%,0,0.2,.180,0.325,.300,40.5%,21.6%,18.9%,37.4%,57.7%,73.3%,24.1%,36.6%,94.0
Loyola Marymount,Richard Klosek,All,447,60,87.1,102.7,106.2,31.7%,18.5°,14.2°,36.7,3.3%,2,0.25,.208,0.325,.282,33.3%,28.3%,30.0%,45.2%,62.4%,75.6%,31.6%,42.6%,71.0
Villanova,Mark Gialluisi,All,450,103,87.1,99.0,104.0,28.2%,13.7°,16.1°,37.9,1.9%,2,0.256,.284,0.324,.356,40.8%,28.2%,27.2%,52.4%,77.2%,84.3%,31.6%,26.3%,106.0
Clemson,Jay Dillard,All,422,63,89.8,102.9,106.3,30.2%,11.6°,7.3°,34.9,4.8%,3,0.235,.277,0.324,.383,39.7%,27.0%,30.2%,37.9%,60.0%,85.4%,17.1%,21.9%,108.0
Iowa,Jaylen Ziegler,All,314,45,85.5,98.0,101.7,24.4%,3.9°,-0.9°,28.9,0.0%,0,0.299,.214,0.324,.251,57.8%,11.1%,24.4%,45.2%,67.4%,84.5%,26.5%,26.8%,87.0
Portland,Joe Fagan,All,45,9,85.9,96.2,98.4,22.2%,18.3°,9.7°,44.4,0.0%,0,0.3,.361,0.324,.403,33.3%,22.2%,44.4%,46.7%,76.9%,90.0%,5.3%,14.3%,144.0
South Dakota State,Keagen Jirschele,All,282,48,85.8,102.5,110.7,31.2%,14.7°,11.4°,37.5,6.2%,3,0.261,.238,0.324,.340,39.6%,31.2%,22.9%,45.0%,60.6%,87.5%,31.3%,30.7%,52.0
Radford,Hunter Keen,All,520,111,85.8,101.1,105.0,31.5%,4.7°,7.0°,28.8,0.9%,1,0.29,.281,0.324,.336,54.1%,20.7%,22.5%,43.1%,59.5%,95.5%,26.2%,10.7%,67.0
North Georgia,Jake Prince,All,56,5,81.1,96.7,97.7,20.0%,2.2°,3.9°,40.0,0.0%,0,0.3,.259,0.324,.296,60.0%,20.0%,20.0%,42.9%,73.7%,78.6%,27.0%,33.3%,80.0
Louisiana,Jayce Lacava,All,65,14,82.5,97.9,104.8,21.4%,10.9°,2.0°,35.7,0.0%,0,0.294,.356,0.324,.390,50.0%,21.4%,28.6%,52.3%,71.0%,81.8%,35.3%,26.5%,80.0
Saint Joseph's,Tim Dickinson,All,739,115,85.4,102.0,106.7,34.8%,10.8°,16.1°,36.5,2.6%,3,0.233,.259,0.324,.365,41.7%,25.2%,27.0%,40.1%,65.2%,81.3%,19.1%,27.4%,121.0
Quinnipiac,Brendan Edvardsen,All,43,7,66.4,88.0,89.8,0.0%,12.4°,-,28.6,0.0%,0,0.333,.197,0.324,.229,57.1%,28.6%,14.3%,37.2%,53.3%,87.5%,28.6%,18.8%,114.0
Dartmouth,Sam Andersen,All,219,37,80.5,98.3,104.2,16.2%,2.5°,4.4°,24.3,2.7%,1,0.275,.185,0.324,.282,56.8%,21.6%,18.9%,42.5%,60.4%,90.9%,29.7%,25.8%,81.0
New Haven,Jaylin Manson,All,34,6,73.7,88.5,88.5,0.0%,-24.5°,-,0.0,0.0%,0,0.3,.128,0.324,.182,100.0%,0.0%,0.0%,55.9%,70.0%,78.6%,35.7%,31.6%,44.0
Kennesaw State,Shamaar McDuffie,All,543,112,84.5,96.9,101.6,16.1%,12.3°,3.7°,36.6,0.0%,0,0.292,.275,0.324,.322,42.0%,25.0%,25.9%,42.2%,65.0%,91.3%,20.2%,13.1%,97.0
Army,John McKillop,All,262,40,89.2,104.8,108.7,37.5%,4.4°,11.4°,27.5,5.0%,2,0.231,.248,0.324,.334,52.5%,27.5%,20.0%,45.8%,68.8%,83.0%,23.9%,21.7%,116.0
Appalachian State,Jonathan Xuereb,All,172,33,86.3,105.1,105.8,36.4%,5.7°,7.2°,33.3,3.0%,1,0.27,.310,0.324,.381,51.5%,9.1%,30.3%,45.9%,72.2%,86.5%,27.0%,20.3%,74.0
LSU,Chris Stanfield,All,580,81,86.0,98.8,100.4,24.7%,6.1°,13.6°,32.1,1.2%,1,0.234,.224,0.324,.326,48.1%,24.7%,21.0%,38.1%,57.4%,83.9%,21.3%,23.1%,89.0
Texas State,Chase Mora,All,806,144,86.2,102.5,105.9,38.9%,14.2°,16.0°,25.0,5.6%,8,0.232,.228,0.324,.313,44.4%,24.3%,17.4%,51.0%,72.3%,82.4%,35.0%,27.3%,88.0
TCU,Jack Arthur,All,373,56,91.3,103.9,110.5,42.9%,14.6°,16.9°,41.1,5.4%,3,0.221,.270,0.324,.374,37.5%,25.0%,30.4%,43.4%,64.7%,84.5%,25.6%,25.3%,82.0
Liberty,Jaxon Sorenson,All,1023,159,91.2,106.2,113.6,44.7%,11.8°,9.6°,37.7,5.0%,8,0.259,.301,0.324,.392,40.9%,24.5%,32.7%,44.0%,68.7%,83.3%,24.3%,26.4%,105.0
Cal State Fullerton,Eli Lopez,All,489,78,86.1,98.0,98.9,19.2%,8.7°,13.4°,32.1,0.0%,0,0.275,.239,0.324,.311,50.0%,20.5%,23.1%,40.1%,60.5%,89.6%,22.9%,19.4%,85.0
Sacramento State,Jakob Poturnak,All,877,143,92.2,107.2,111.8,51.7%,12.7°,16.8°,34.3,8.4%,12,0.225,.271,0.324,.381,35.0%,31.5%,26.6%,46.5%,72.1%,80.1%,27.2%,32.6%,95.0
Jacksonville,Roger Vergara,All,361,78,86.0,102.0,105.8,28.2%,12.7°,15.0°,34.6,6.4%,5,0.235,.282,0.324,.388,44.9%,33.3%,17.9%,46.8%,71.4%,90.5%,32.5%,21.3%,92.0
Liberty,Kyle Hvidsten,All,673,80,89.8,105.6,111.7,48.8%,19.5°,21.7°,38.8,10.0%,8,0.183,.214,0.324,.377,31.2%,36.2%,23.8%,38.2%,63.5%,86.5%,17.3%,25.3%,130.0
New Mexico State,Dane Woodcook,All,398,58,83.1,100.8,102.0,24.1%,7.5°,15.4°,31.0,0.0%,0,0.259,.209,0.324,.328,43.1%,25.9%,20.7%,43.0%,69.4%,78.4%,21.1%,26.3%,101.0
Iowa,Jaixen Frost,All,414,45,86.9,101.3,104.7,35.6%,10.1°,15.8°,26.7,6.7%,3,0.192,.191,0.324,.318,48.9%,31.1%,20.0%,36.0%,55.8%,81.1%,19.2%,27.5%,104.0
South Dakota State,Travis Finney,All,155,27,79.7,97.4,99.8,11.1%,0.4°,19.0°,29.6,0.0%,0,0.265,.236,0.324,.297,63.0%,14.8%,22.2%,40.6%,65.2%,86.0%,22.5%,25.4%,122.0
George Mason,Julius Bagnerise,All,671,115,86.8,98.8,104.7,30.4%,8.9°,11.2°,34.8,0.9%,1,0.236,.265,0.324,.367,42.6%,22.6%,28.7%,40.1%,62.1%,90.1%,23.0%,16.7%,95.0
North Carolina A&T,Carter Roberts,All,42,6,91.0,97.9,98.5,50.0%,-14.5°,-2.2°,33.3,0.0%,0,0.3,.277,0.324,.314,66.7%,0.0%,33.3%,35.7%,63.2%,75.0%,13.0%,33.3%,99.0
Campbell,Elijah Clayton,All,358,47,87.3,100.4,108.2,27.7%,15.7°,15.3°,29.8,4.3%,2,0.25,.229,0.323,.330,40.4%,29.8%,29.8%,41.3%,58.7%,86.4%,30.5%,31.1%,61.0
Clemson,Jason Fultz,All,496,70,91.9,105.4,107.6,51.4%,15.6°,11.8°,25.7,8.6%,6,0.22,.260,0.323,.382,38.6%,27.1%,24.3%,45.2%,67.6%,84.1%,29.5%,29.5%,87.0
Cornell,Caden Wildman,All,569,104,85.9,101.2,105.8,29.8%,11.9°,9.3°,38.5,0.0%,0,0.282,.261,0.323,.327,40.4%,23.1%,31.7%,45.3%,72.6%,91.1%,24.3%,20.2%,99.0
Monmouth,Jimmy Bruno,All,393,55,83.7,98.7,99.7,18.2%,2.8°,14.9°,36.4,0.0%,0,0.266,.226,0.323,.323,54.5%,14.5%,25.5%,39.9%,64.6%,88.0%,18.9%,20.4%,105.0
Western Oregon,Collin Irwin,All,61,9,80.2,94.3,94.4,11.1%,2.9°,-3.6°,22.2,0.0%,0,0.182,.130,0.323,.280,55.6%,33.3%,11.1%,37.7%,52.2%,91.7%,28.9%,21.7%,68.0
Davidson,Theo Loughlin,All,561,68,85.6,99.1,102.6,17.6%,14.6°,15.5°,44.1,2.9%,2,0.235,.242,0.323,.338,38.2%,20.6%,35.3%,34.2%,57.0%,80.3%,14.9%,22.9%,106.0
Kennesaw State,Grayson McCollum,All,431,81,85.7,102.0,105.6,25.9%,7.7°,8.9°,29.6,0.0%,0,0.3,.275,0.323,.342,48.1%,21.0%,27.2%,48.7%,74.7%,85.5%,27.4%,26.7%,95.0
Alcorn State,Kanious Davis,All,148,20,82.9,100.0,101.6,25.0%,-9.3°,9.3°,30.0,0.0%,0,0.258,.240,0.323,.347,70.0%,0.0%,30.0%,40.5%,64.6%,88.1%,21.7%,25.0%,141.0
Emory & Henry,Jack Ferguson,All,101,18,83.5,95.9,96.4,16.7%,12.2°,22.5°,50.0,0.0%,0,0.276,.232,0.323,.259,27.8%,33.3%,33.3%,56.4%,65.5%,80.6%,45.7%,35.1%,24.0
Concordia (NE),Bronx Lewis,All,61,6,83.1,87.6,90.6,16.7%,13.0°,-10.9°,0.0,0.0%,0,0.167,.075,0.323,.210,66.7%,33.3%,0.0%,34.4%,57.7%,73.3%,17.1%,38.1%,70.0
Long Beach State,Trotter Enright,All,738,132,87.3,99.5,103.8,31.1%,7.4°,7.6°,32.6,0.0%,0,0.256,.275,0.323,.359,50.0%,22.0%,25.0%,40.2%,64.8%,88.7%,17.5%,16.5%,126.0
UC Santa Barbara,Corey Nunez,All,586,128,87.6,99.3,103.5,32.8%,8.1°,9.0°,38.3,0.8%,1,0.277,.287,0.323,.340,43.0%,26.6%,28.1%,47.3%,66.1%,91.4%,30.1%,14.4%,81.0
Purdue,Sergio DeCello,All,184,16,86.7,106.1,109.1,25.0%,28.1°,13.7°,31.2,12.5%,2,0.188,.154,0.323,.318,25.0%,50.0%,12.5%,39.7%,60.0%,77.1%,24.0%,32.9%,111.0
Princeton,Jake Koonin,All,619,122,87.3,102.1,108.5,28.7%,16.7°,16.9°,33.6,3.3%,4,0.238,.266,0.323,.360,29.5%,41.0%,25.4%,45.9%,68.0%,87.4%,26.2%,23.6%,89.0
Butler,Logan Baker,All,303,60,80.6,94.6,100.4,8.3%,10.0°,7.1°,36.7,0.0%,0,0.274,.255,0.323,.305,46.7%,26.7%,25.0%,46.5%,69.5%,83.2%,22.8%,15.6%,98.0
Boston College,Gunnar Johnson,All,556,84,85.4,105.1,108.6,38.1%,7.8°,13.2°,26.2,8.3%,7,0.243,.246,0.323,.361,47.6%,28.6%,20.2%,44.8%,68.0%,83.1%,26.6%,26.5%,77.0
Ole Miss,Daniel Pacella,All,280,31,86.6,105.3,108.9,38.7%,19.0°,26.7°,25.8,6.5%,2,0.172,.149,0.323,.282,29.0%,45.2%,19.4%,48.2%,67.8%,71.8%,34.5%,44.4%,71.0
UTRGV,Ethan Edinger,All,236,31,88.3,100.7,102.1,45.2%,14.4°,20.5°,29.0,3.2%,1,0.213,.206,0.323,.318,38.7%,32.3%,22.6%,37.3%,56.7%,76.4%,23.7%,34.1%,104.0
Georgetown,Jordan Kahn,All,115,14,79.1,92.2,95.5,7.1%,23.7°,10.7°,21.4,0.0%,0,0.308,.153,0.323,.213,35.7%,42.9%,14.3%,35.7%,49.1%,84.6%,24.2%,31.7%,31.0
Marshall,Cleary Simpson,All,753,104,85.4,98.0,101.1,15.4%,9.6°,9.2°,29.8,1.0%,1,0.219,.252,0.323,.358,46.2%,24.0%,25.0%,31.7%,53.3%,89.3%,16.1%,13.8%,105.0
St. Thomas (MN),Chris Knowles,All,213,39,84.3,100.3,106.5,23.1%,5.5°,8.0°,20.5,2.6%,1,0.238,.242,0.323,.343,59.0%,12.8%,20.5%,32.4%,56.8%,98.1%,12.7%,2.9%,104.0
Northwestern State,Michael McAloose,All,275,45,86.4,99.2,102.5,33.3%,10.9°,14.4°,40.0,2.2%,1,0.246,.262,0.323,.320,46.7%,20.0%,33.3%,49.5%,73.6%,81.1%,28.1%,29.4%,112.0
Harvard,Gavin Smith,All,404,72,88.5,103.4,105.7,40.3%,6.5°,8.0°,30.6,5.6%,4,0.234,.255,0.323,.369,45.8%,23.6%,25.0%,41.8%,64.4%,82.6%,22.2%,25.4%,105.0
VMI,Seth Buchanan,All,732,110,86.1,98.8,102.1,23.6%,13.1°,6.7°,25.5,0.9%,1,0.233,.208,0.322,.311,42.7%,27.3%,22.7%,41.4%,63.3%,86.4%,22.6%,18.2%,110.0
San Diego State,Anthony Marnell,All,670,91,87.4,100.5,104.6,31.9%,11.3°,14.8°,44.0,3.3%,3,0.259,.227,0.322,.304,37.4%,23.1%,34.1%,52.2%,73.6%,78.6%,35.7%,34.0%,81.0
Incarnate Word,Trent Rucker,All,638,110,84.4,103.1,108.6,33.6%,17.7°,13.2°,34.5,5.5%,6,0.258,.231,0.322,.307,32.7%,36.4%,21.8%,50.9%,72.8%,81.3%,33.0%,30.2%,87.0
UCF,Jordan Lodise,All,745,130,87.9,103.8,108.0,36.9%,16.0°,14.3°,38.5,7.7%,10,0.241,.277,0.322,.380,35.4%,24.6%,26.2%,45.1%,68.9%,86.6%,27.7%,22.9%,68.0
Oakland,Aidan Schuck,All,580,132,83.8,99.1,103.2,28.8%,9.5°,10.6°,31.1,1.5%,2,0.289,.263,0.322,.314,43.9%,28.0%,22.0%,49.7%,73.8%,96.4%,29.7%,13.5%,104.0
South Alabama,Duncan Mathews,All,920,134,85.1,99.3,104.5,25.4%,8.3°,15.8°,26.9,3.0%,4,0.217,.239,0.322,.340,48.5%,32.1%,16.4%,32.9%,54.4%,89.3%,14.1%,16.8%,123.0
Missouri,Leo Humbert,All,99,8,92.7,105.3,106.8,50.0%,-2.0°,1.8°,12.5,0.0%,0,0.133,.197,0.322,.354,75.0%,12.5%,12.5%,31.3%,55.3%,52.4%,16.4%,48.4%,135.0
College of Charleston,Jackson Berini,All,246,39,82.8,94.1,96.4,5.1%,8.1°,7.4°,25.6,0.0%,0,0.255,.227,0.322,.305,51.3%,20.5%,23.1%,39.0%,63.4%,85.9%,18.7%,19.8%,130.0
Albany,Jaxon Mueller,All,226,36,88.7,102.4,107.7,41.7%,12.0°,14.8°,30.6,5.6%,2,0.24,.252,0.322,.373,44.4%,27.8%,16.7%,49.6%,76.2%,68.8%,28.0%,39.3%,73.0
Northeastern,Carmelo Musacchia,All,728,125,82.4,100.2,107.7,20.8%,7.4°,12.8°,25.6,2.4%,3,0.257,.241,0.322,.325,52.8%,26.4%,16.8%,46.0%,70.2%,80.3%,26.6%,27.5%,89.0
Butler,Aidan Thaxton,All,220,47,81.4,95.4,97.7,8.5%,12.9°,21.6°,31.9,0.0%,0,0.26,.253,0.322,.306,38.3%,25.5%,27.7%,42.3%,60.4%,90.9%,29.5%,8.6%,66.0
Santa Clara,Luke DeVine,All,631,115,85.8,103.8,106.6,36.5%,8.4°,16.4°,37.4,5.2%,6,0.284,.284,0.322,.354,41.7%,27.0%,28.7%,49.3%,69.3%,84.9%,33.6%,23.8%,51.0
Cornell,Mason Barela,All,535,99,84.8,98.1,103.5,30.3%,14.1°,10.4°,33.3,1.0%,1,0.287,.268,0.322,.309,38.4%,26.3%,28.3%,53.3%,77.3%,80.2%,31.4%,26.0%,105.0
Davidson,Brendan Fritch,All,383,65,85.6,108.4,110.1,32.3%,10.5°,12.5°,29.2,4.6%,3,0.259,.246,0.322,.307,47.7%,24.6%,23.1%,41.0%,61.9%,79.8%,23.2%,24.2%,104.0
Lindenwood,Owen Ralph,All,315,56,79.6,96.7,100.8,14.3%,8.1°,-0.2°,28.6,0.0%,0,0.274,.227,0.322,.285,53.6%,19.6%,25.0%,41.6%,67.9%,84.2%,20.6%,21.4%,125.0
San Jose State,Brent Cota,All,334,58,88.5,102.5,104.5,27.6%,18.8°,15.3°,37.9,1.7%,1,0.247,.242,0.322,.324,32.8%,43.1%,24.1%,50.3%,71.0%,84.5%,34.4%,26.2%,68.0
Youngstown State,Teddy Ruffner,All,416,64,89.4,105.1,106.8,34.4%,10.8°,14.8°,31.2,4.7%,3,0.234,.221,0.322,.303,39.1%,25.0%,28.1%,39.2%,62.0%,82.5%,21.1%,28.2%,93.0
James Madison,Jack Cannizzaro,All,273,42,83.7,102.1,103.9,19.0%,10.2°,9.7°,31.0,2.4%,1,0.22,.222,0.322,.320,47.6%,21.4%,19.0%,42.9%,65.7%,88.4%,28.6%,18.8%,86.0
Minnesota,Jack Mosh,All,426,69,85.3,99.0,102.7,20.3%,7.2°,8.6°,36.2,0.0%,0,0.247,.267,0.322,.351,44.9%,18.8%,30.4%,41.1%,69.6%,89.5%,17.9%,18.9%,111.0
Ohio State,Lee Ellis,All,703,97,87.4,105.7,110.2,41.2%,14.3°,23.2°,29.9,9.3%,9,0.23,.227,0.322,.328,36.1%,32.0%,23.7%,42.2%,60.3%,81.4%,26.3%,30.0%,80.0
Southern Indiana,Drue Saenz,All,523,106,85.8,100.7,104.5,32.1%,7.5°,9.7°,34.9,0.9%,1,0.283,.272,0.322,.330,48.1%,21.7%,28.3%,46.1%,72.8%,85.4%,24.3%,19.9%,113.0
Oakland,Lucas Day,All,501,109,89.7,106.0,112.2,45.9%,9.2°,9.1°,21.1,3.7%,4,0.254,.257,0.322,.329,49.5%,21.1%,17.4%,52.9%,77.1%,80.4%,34.3%,29.1%,72.0
Pepperdine,Julian Nunez,All,615,139,86.4,99.8,102.9,28.1%,17.5°,6.5°,42.4,0.0%,0,0.276,.323,0.322,.362,33.1%,24.5%,36.7%,45.5%,72.4%,93.9%,24.2%,14.3%,118.0
Michigan,Cooper Mullens,All,392,63,80.7,97.8,100.1,15.9%,-5.2°,-5.3°,30.2,0.0%,0,0.268,.243,0.322,.315,63.5%,9.5%,23.8%,48.0%,71.5%,82.9%,29.5%,22.3%,78.0
William Carey,Hays Carley,All,250,54,82.8,100.8,103.5,33.3%,4.9°,6.4°,31.5,1.9%,1,0.286,.312,0.322,.368,53.7%,18.5%,20.4%,44.0%,64.6%,95.2%,31.2%,15.5%,124.0
Kent State,Brady Marshall,All,515,91,85.0,96.0,99.7,16.5%,5.2°,-1.9°,30.8,0.0%,0,0.269,.275,0.322,.338,51.6%,18.7%,25.3%,38.6%,57.3%,93.7%,24.7%,13.6%,91.0
Louisiana Tech,Nathan Houston,All,51,8,86.8,102.3,102.5,37.5%,9.6°,15.6°,12.5,0.0%,0,0.267,.185,0.322,.297,50.0%,37.5%,12.5%,60.8%,73.3%,77.3%,42.9%,29.0%,65.0
USC,Richard Tejada III,All,274,47,83.1,103.1,109.1,36.2%,6.2°,6.3°,27.7,2.1%,1,0.25,.228,0.322,.298,53.2%,17.0%,17.0%,52.2%,77.6%,85.6%,30.9%,24.5%,62.0
Bryant,Hunter Kingsbury,All,487,92,88.8,103.2,109.8,37.0%,2.9°,9.8°,30.4,1.1%,1,0.281,.252,0.322,.340,51.1%,22.8%,20.7%,51.1%,75.5%,88.8%,32.4%,20.9%,76.0
Rhode Island,Aidan Botti,All,410,75,82.7,99.2,104.5,20.0%,9.6°,4.3°,28.0,0.0%,0,0.266,.244,0.322,.290,49.3%,21.3%,22.7%,40.0%,61.6%,86.2%,23.6%,18.3%,87.0
NC State,Brandon Novy,All,197,21,93.0,111.1,115.8,57.1%,18.1°,18.6°,38.1,23.8%,5,0.147,.246,0.321,.432,28.6%,23.8%,33.3%,36.5%,54.1%,77.5%,26.0%,40.3%,84.0
Dallas Baptist,Keaton Grady,All,516,101,87.4,103.4,109.0,31.7%,11.8°,6.3°,31.7,3.0%,3,0.256,.277,0.321,.336,42.6%,27.7%,25.7%,42.4%,59.8%,87.9%,28.0%,21.9%,104.0
Florida A&M,William Brown,All,154,15,74.0,96.4,97.6,13.3%,2.0°,21.0°,46.7,0.0%,0,0.25,.153,0.321,.244,40.0%,6.7%,40.0%,40.3%,50.0%,69.0%,34.4%,48.4%,77.0
Oakland,Andrew Landis,All,129,14,79.4,98.4,99.7,28.6%,-1.5°,10.6°,14.3,0.0%,0,0.2,.184,0.321,.325,78.6%,7.1%,7.1%,35.7%,54.3%,92.0%,25.3%,13.0%,120.0
Albany,Logan Morris,All,120,13,90.4,101.7,102.9,53.8%,0.1°,8.2°,38.5,0.0%,0,0.208,.207,0.321,.295,53.8%,23.1%,23.1%,45.0%,61.3%,78.9%,27.6%,29.6%,44.0
BYU,Tu'alau Wolfgramm,All,571,114,89.3,105.0,109.2,38.6%,13.2°,11.5°,28.1,4.4%,5,0.274,.252,0.321,.311,43.0%,25.4%,25.4%,56.2%,75.8%,81.1%,39.2%,29.6%,71.0
Texas State,Brady Boles,All,661,112,85.9,99.9,104.0,32.1%,7.8°,5.4°,31.2,0.0%,0,0.275,.258,0.321,.320,49.1%,17.9%,25.0%,36.8%,56.1%,93.5%,20.4%,12.3%,99.0
Wofford,Tanner Hardin,All,581,89,81.6,97.2,101.2,19.1%,5.0°,2.2°,32.6,0.0%,0,0.23,.290,0.321,.373,56.2%,12.4%,24.7%,37.2%,56.3%,91.3%,23.2%,14.4%,106.0
Ferrum,Garrett Pancione,All,34,8,82.1,94.3,95.1,12.5%,-4.2°,18.4°,25.0,0.0%,0,0.333,.186,0.321,.201,62.5%,25.0%,12.5%,50.0%,76.9%,90.0%,33.3%,17.6%,107.0
UTSA,Cade Sadler,All,236,41,84.1,100.2,105.3,29.3%,-5.8°,7.8°,29.3,0.0%,0,0.24,.262,0.321,.335,65.9%,9.8%,22.0%,51.7%,73.5%,82.7%,35.1%,27.0%,70.0
Penn State,Jesse Jaconski,All,372,53,88.9,104.3,106.8,39.6%,13.5°,15.5°,30.2,13.2%,7,0.217,.218,0.321,.333,41.5%,39.6%,15.1%,45.7%,73.9%,75.4%,20.4%,31.2%,118.0
Anderson (SC),Dominick Bello,All,163,26,80.7,91.3,97.4,3.8%,22.7°,12.6°,38.5,0.0%,0,0.29,.234,0.321,.331,30.8%,30.8%,34.6%,38.0%,55.6%,95.0%,24.2%,11.3%,94.0
Elon,Brent Smith,All,273,34,82.9,98.3,102.2,20.6%,5.6°,9.9°,23.5,0.0%,0,0.24,.242,0.321,.337,64.7%,17.6%,17.6%,37.0%,57.4%,81.8%,22.2%,27.7%,101.0
UC San Diego,Trevian Martinez,All,701,116,84.2,98.6,101.3,25.9%,11.6°,10.1°,36.2,0.0%,0,0.253,.244,0.321,.317,41.4%,27.6%,28.4%,39.8%,60.0%,80.6%,24.7%,24.7%,93.0
Western Illinois,Paul Osting,All,208,22,86.0,98.4,103.4,31.8%,30.4°,21.1°,31.8,4.5%,1,0.184,.140,0.321,.277,18.2%,54.5%,13.6%,39.9%,69.1%,76.9%,15.8%,32.5%,119.0
Jacksonville,Derek Bermudez,All,355,72,87.2,99.5,103.0,27.8%,17.7°,19.3°,34.7,5.6%,4,0.235,.235,0.321,.333,31.9%,33.3%,23.6%,45.4%,72.5%,83.5%,21.3%,20.5%,107.0
Newberry,Chandler Mims,All,38,8,78.8,91.4,91.4,0.0%,-1.4°,-,12.5,0.0%,0,0.273,.156,0.321,.248,75.0%,25.0%,0.0%,52.6%,71.4%,93.3%,29.4%,15.0%,89.0
Lander,Lowndes Still,All,88,13,88.7,91.8,92.8,15.4%,6.9°,-31.6°,30.8,0.0%,0,0.231,.338,0.321,.421,46.2%,30.8%,23.1%,27.3%,48.3%,100.0%,16.9%,0.0%,118.0
Eastern Michigan,Bruce Jellison,All,747,111,88.0,100.8,104.0,33.3%,18.8°,16.6°,42.3,5.4%,6,0.237,.285,0.321,.391,28.8%,35.1%,30.6%,38.6%,60.2%,82.3%,21.5%,22.6%,110.0
Saint Louis,Matthew Deutsch,All,252,48,83.5,97.1,105.1,20.8%,20.5°,4.9°,29.2,2.1%,1,0.22,.237,0.321,.345,37.5%,33.3%,25.0%,45.6%,70.2%,85.9%,22.9%,16.5%,117.0
Loyola Marymount,Zion Williams,All,691,107,85.7,106.5,109.8,36.4%,16.6°,11.8°,30.8,9.3%,10,0.23,.230,0.321,.320,40.2%,27.1%,25.2%,43.3%,61.4%,75.3%,29.1%,36.1%,48.0
Erskine,Adrian Rolon,All,85,16,91.3,103.7,105.2,37.5%,18.9°,13.9°,31.2,6.2%,1,0.25,.270,0.321,.335,37.5%,31.2%,31.2%,43.5%,80.6%,89.7%,16.3%,10.8%,146.0
Fresno State,Mikey Pickett,All,225,41,84.8,98.6,103.3,29.3%,9.1°,8.2°,31.7,0.0%,0,0.294,.241,0.321,.308,46.3%,14.6%,31.7%,45.3%,78.0%,84.4%,26.6%,20.6%,105.0
Saint Peter's,Joey Dwyer,All,123,24,85.1,96.8,99.6,16.7%,13.3°,14.9°,29.2,0.0%,0,0.214,.239,0.321,.355,50.0%,41.7%,8.3%,47.2%,77.3%,88.2%,30.4%,24.1%,83.0
UC Santa Barbara,Cade Goldstein,All,505,54,89.1,100.8,104.0,35.2%,19.5°,9.1°,53.7,5.6%,3,0.22,.270,0.321,.384,25.9%,20.4%,46.3%,31.5%,51.4%,89.4%,16.1%,15.7%,106.0
Oral Roberts,Hudson Ellis,All,598,115,88.1,99.5,101.6,25.2%,12.2°,16.3°,36.5,0.0%,0,0.284,.311,0.32,.376,41.7%,15.7%,30.4%,42.1%,67.5%,91.5%,19.8%,15.1%,120.0
Eastern Illinois,Colin Horneman,All,147,18,79.8,91.8,92.8,5.6%,-1.0°,-22.6°,27.8,0.0%,0,0.167,.257,0.32,.377,66.7%,16.7%,16.7%,30.6%,49.2%,90.3%,16.7%,15.6%,126.0
Kentucky,Carson Hansen,All,442,63,91.7,107.7,109.4,50.8%,0.7°,13.7°,34.9,11.1%,7,0.229,.272,0.32,.389,46.0%,20.6%,28.6%,48.9%,70.9%,75.4%,32.4%,38.0%,63.0
Bowling Green,Brady Birchmeier,All,163,25,89.5,106.8,107.9,40.0%,2.4°,12.6°,24.0,4.0%,1,0.257,.300,0.32,.366,52.0%,16.0%,32.0%,42.9%,61.8%,85.7%,29.5%,24.3%,84.0
Baylor,Cade Dodson,All,318,46,87.3,96.3,97.8,19.6%,14.2°,12.3°,30.4,0.0%,0,0.242,.219,0.32,.310,43.5%,37.0%,17.4%,42.5%,63.5%,88.9%,22.2%,18.5%,82.0
Oral Roberts,Matthew Mainord,All,273,39,86.8,99.4,105.9,38.5%,16.3°,17.8°,41.0,2.6%,1,0.245,.259,0.32,.363,28.2%,30.8%,35.9%,38.5%,61.4%,88.5%,18.5%,19.0%,99.0
Towson,Benjamin Nugent,All,88,15,78.4,89.1,91.4,0.0%,8.7°,-,40.0,0.0%,0,0.25,.240,0.32,.338,53.3%,0.0%,33.3%,39.8%,72.7%,91.7%,20.0%,22.9%,97.0
Stephen F. Austin,Ethan Pena,All,410,98,81.4,98.8,105.0,22.4%,11.4°,6.5°,30.6,2.0%,2,0.261,.275,0.32,.322,43.9%,12.2%,27.6%,60.2%,83.2%,89.6%,41.3%,20.6%,67.0
Virginia,Noah Murray,All,1008,106,88.8,102.7,107.2,44.3%,18.4°,19.8°,33.0,6.6%,7,0.131,.203,0.32,.383,34.0%,40.6%,18.9%,31.5%,52.4%,80.9%,14.1%,26.7%,109.0
UT Martin,Andrew Lawrence,All,213,42,85.4,99.9,102.0,31.0%,9.6°,7.4°,26.2,2.4%,1,0.241,.278,0.32,.367,47.6%,21.4%,26.2%,39.0%,62.6%,89.5%,21.3%,26.5%,84.0
Xavier,Peter Johnson,All,383,56,87.5,105.5,107.6,37.5%,1.5°,5.7°,32.1,5.4%,3,0.25,.256,0.32,.328,57.1%,16.1%,25.0%,47.3%,64.5%,74.5%,35.9%,39.8%,49.0
Hawaii,Draven Nushida,All,233,60,84.7,95.9,103.6,20.0%,1.3°,9.2°,35.0,0.0%,0,0.292,.302,0.32,.355,56.7%,15.0%,26.7%,48.5%,65.7%,88.7%,33.6%,15.9%,56.0
New Mexico State,Bryce Campbell,All,401,60,86.8,105.7,109.6,35.0%,6.0°,6.2°,26.7,3.3%,2,0.256,.213,0.32,.287,51.7%,23.3%,21.7%,40.9%,60.6%,78.6%,26.4%,32.9%,69.0
Western Kentucky,Parker Coley,All,530,97,86.7,105.6,112.1,26.8%,5.7°,9.3°,28.9,5.2%,5,0.271,.245,0.32,.307,49.5%,17.5%,24.7%,47.4%,72.9%,84.9%,23.6%,21.9%,92.0
Middle Tennessee,Brett Rogers,All,295,44,87.8,105.6,112.5,47.7%,3.1°,2.7°,25.0,0.0%,0,0.246,.240,0.32,.325,56.8%,20.5%,18.2%,36.6%,55.8%,80.6%,21.7%,30.6%,79.0
Oral Roberts,Martell Davis,All,608,121,87.3,101.6,106.5,36.4%,9.9°,12.9°,33.9,5.0%,6,0.286,.271,0.32,.351,45.5%,19.0%,28.1%,56.6%,81.1%,86.4%,37.8%,30.2%,77.0
FGCU,Andrew Seidel,All,208,21,84.9,97.1,98.2,23.8%,8.8°,21.5°,38.1,0.0%,0,0.211,.158,0.32,.291,42.9%,28.6%,28.6%,37.0%,55.7%,79.6%,20.7%,29.9%,75.0
Wagner,Matt Sutera,All,286,39,86.1,102.5,104.5,28.2%,17.0°,22.2°,33.3,5.1%,2,0.232,.196,0.32,.314,35.9%,33.3%,28.2%,42.7%,68.7%,73.9%,19.7%,26.2%,114.0
UCF,Dallas Brooks,All,46,9,84.8,100.6,104.0,11.1%,1.8°,12.2°,33.3,0.0%,0,0.308,.192,0.319,.207,44.4%,11.1%,22.2%,41.3%,54.5%,83.3%,29.2%,26.3%,47.0
Connecticut,Chris Cancel,All,239,37,85.2,99.4,103.5,29.7%,-7.2°,13.5°,32.4,0.0%,0,0.222,.276,0.319,.366,59.5%,8.1%,29.7%,39.7%,67.3%,87.9%,20.6%,14.7%,123.0
Minnesota,Ethan Cole,All,63,8,85.0,103.8,104.6,25.0%,20.4°,28.9°,25.0,25.0%,2,0.143,.181,0.319,.323,37.5%,62.5%,0.0%,52.4%,75.9%,77.3%,32.4%,33.3%,22.0
Virginia Tech,Sam Gates,All,815,113,90.2,104.6,109.4,49.6%,10.4°,11.3°,38.9,14.2%,16,0.223,.265,0.319,.383,44.2%,23.0%,26.5%,36.8%,58.3%,85.6%,18.0%,25.3%,98.0
Jacksonville State,Luke Williams,All,576,87,84.2,101.4,105.6,29.9%,6.4°,10.1°,25.3,2.3%,2,0.289,.213,0.319,.283,51.7%,24.1%,23.0%,37.2%,59.1%,90.7%,19.9%,19.6%,101.0
New Mexico State,Boston Vest,All,793,124,86.6,100.6,105.2,29.0%,13.0°,9.3°,40.3,1.6%,2,0.248,.279,0.319,.358,36.3%,21.0%,33.9%,33.9%,58.1%,91.9%,13.5%,12.6%,112.0
Towson,Yariel Rodriguez,All,310,50,79.3,93.8,96.6,2.0%,10.5°,20.2°,44.0,0.0%,0,0.25,.221,0.319,.261,38.0%,26.0%,30.0%,42.6%,67.7%,86.0%,25.1%,25.0%,84.0
Florida Atlantic,Xavier Moronta,All,280,46,86.9,99.2,102.7,23.9%,9.3°,12.8°,32.6,4.3%,2,0.242,.248,0.319,.340,45.7%,23.9%,23.9%,46.4%,71.0%,88.6%,26.9%,19.2%,105.0
Bowling Green,Griffin Scheiderer,All,318,46,81.1,93.3,95.5,2.2%,3.1°,16.9°,39.1,0.0%,0,0.226,.258,0.319,.338,52.2%,15.2%,32.6%,37.1%,54.1%,92.4%,22.7%,22.0%,95.0
Oregon,Gabe Miranda,All,611,69,89.3,104.1,107.2,42.0%,13.4°,14.3°,44.9,2.9%,2,0.241,.231,0.319,.317,36.2%,20.3%,37.7%,38.1%,58.3%,75.3%,21.3%,36.9%,79.0
Missouri,Christopher Patterson,All,302,46,84.8,103.6,104.7,41.3%,7.5°,11.8°,26.1,6.5%,3,0.217,.216,0.319,.317,50.0%,26.1%,19.6%,38.1%,60.0%,72.6%,19.1%,35.7%,106.0
Utah Valley,DJ Massey,All,460,61,80.1,95.5,101.6,14.8%,14.2°,7.3°,31.1,1.6%,1,0.209,.201,0.319,.345,42.6%,19.7%,26.2%,33.7%,62.1%,80.2%,12.8%,23.9%,151.0
Princeton,Bennett Crerar,All,477,95,86.3,104.6,106.0,35.8%,6.4°,3.6°,30.5,3.2%,3,0.279,.257,0.319,.291,48.4%,17.9%,28.4%,54.5%,71.0%,74.1%,41.9%,33.1%,41.0
Bradley,Sohrab Rezaei,All,640,90,82.8,99.1,103.0,23.3%,9.5°,10.2°,34.4,0.0%,0,0.227,.255,0.319,.361,48.9%,14.4%,27.8%,38.3%,59.7%,82.4%,17.5%,21.2%,112.0
Valparaiso,George Betevis,All,329,62,87.7,102.7,111.4,33.9%,9.6°,5.9°,25.8,1.6%,1,0.244,.245,0.319,.305,45.2%,24.2%,22.6%,39.5%,56.2%,90.1%,23.4%,22.3%,102.0
Nevada,Jack Metcho,All,573,86,86.8,98.0,100.6,20.9%,8.8°,6.2°,29.1,0.0%,0,0.243,.200,0.319,.293,50.0%,22.1%,22.1%,34.9%,52.9%,89.6%,20.4%,20.0%,93.0
West Georgia,Gabriel Wuerth,All,488,92,83.4,96.6,100.9,10.9%,12.2°,18.0°,40.2,0.0%,0,0.217,.243,0.319,.314,42.4%,20.7%,32.6%,46.9%,70.4%,86.2%,26.7%,22.3%,98.0
Oral Roberts,Wailele Kane-Yates,All,597,115,91.5,103.4,106.3,46.1%,13.9°,10.9°,35.7,5.2%,6,0.254,.316,0.319,.419,37.4%,27.0%,27.0%,45.1%,69.6%,87.8%,22.9%,19.0%,112.0
Manhattan,Dylan Mayer,All,42,7,86.5,99.1,106.2,28.6%,-3.4°,9.5°,42.9,14.3%,1,0.308,.236,0.319,.267,57.1%,0.0%,42.9%,50.0%,77.8%,85.7%,29.2%,28.6%,116.0
McNeese,Dj Pinkerton,All,164,26,86.5,99.7,101.0,30.8%,16.0°,17.1°,30.8,0.0%,0,0.289,.246,0.319,.328,38.5%,34.6%,26.9%,52.4%,76.1%,74.5%,36.1%,34.9%,54.0
Fresno State,Sky Collins,All,648,112,88.2,104.4,107.1,37.5%,4.9°,7.6°,31.2,4.5%,5,0.273,.238,0.319,.315,48.2%,21.4%,22.3%,48.6%,69.2%,80.4%,33.6%,31.1%,74.0
UC Davis,Kai Mault,All,620,96,82.8,102.1,106.6,32.3%,10.0°,15.6°,39.6,9.4%,9,0.259,.255,0.319,.345,44.8%,21.9%,30.2%,46.5%,71.6%,81.2%,24.5%,24.3%,99.0
Southern Illinois,Jaden Flores,All,563,103,82.4,100.6,104.4,27.2%,20.2°,17.7°,37.9,3.9%,4,0.254,.218,0.318,.306,31.1%,35.9%,24.3%,48.1%,75.2%,87.0%,23.9%,21.0%,93.0
Little Rock,Michael O'Brien,All,258,49,82.2,98.5,101.3,20.4%,6.3°,5.7°,18.4,0.0%,0,0.258,.199,0.318,.252,55.1%,28.6%,12.2%,44.6%,68.9%,90.4%,27.6%,18.3%,104.0
Cincinnati,Charlie Niehaus,All,776,102,88.7,99.6,102.4,35.3%,23.3°,19.0°,42.2,3.9%,4,0.216,.206,0.318,.330,20.6%,39.2%,31.4%,38.9%,62.6%,85.8%,18.3%,21.5%,100.0
UNC Asheville,Logan Lowe,All,382,57,80.5,91.7,107.2,8.8%,4.6°,1.3°,24.6,0.0%,0,0.243,.216,0.318,.323,61.4%,17.5%,19.3%,31.2%,54.9%,92.6%,11.5%,10.1%,105.0
Northern Illinois,Charlie Parcell,All,781,136,84.5,96.1,102.9,15.4%,10.4°,15.0°,30.9,0.0%,0,0.263,.274,0.318,.334,45.6%,19.1%,28.7%,36.7%,54.3%,90.8%,21.7%,15.0%,87.0
Rutgers,Jack Sweeney,All,348,75,87.5,105.7,107.7,40.0%,11.2°,17.3°,25.3,12.0%,9,0.242,.269,0.318,.362,48.0%,33.3%,14.7%,51.1%,73.1%,85.5%,32.4%,23.0%,73.0
SIUE,Daniel Gierer,All,399,77,87.9,102.1,104.5,41.6%,9.5°,8.9°,22.1,3.9%,3,0.267,.249,0.318,.346,48.1%,23.4%,20.8%,47.6%,70.7%,94.1%,31.0%,18.4%,103.0
Stony Brook,Matthew Jackson,All,402,53,89.4,104.5,106.8,47.2%,5.3°,9.3°,28.3,1.9%,1,0.222,.235,0.318,.331,58.5%,17.0%,22.6%,41.5%,61.8%,75.5%,25.4%,34.7%,88.0
UC Davis,Jaxon Murphy,All,436,77,83.3,99.9,102.3,22.1%,15.6°,11.0°,36.4,1.3%,1,0.262,.223,0.318,.264,41.6%,27.3%,26.0%,47.9%,70.7%,83.6%,31.8%,27.8%,104.0
Coastal Carolina,Blagen Pado,All,710,76,88.2,103.9,107.3,36.8%,19.9°,20.5°,28.9,11.8%,9,0.186,.209,0.318,.343,25.0%,40.8%,22.4%,42.0%,67.5%,83.2%,22.4%,27.5%,104.0
Central Michigan,Zach Knowlton,All,471,79,84.8,100.6,102.3,27.8%,10.1°,9.4°,36.7,2.5%,2,0.267,.244,0.318,.314,41.8%,15.2%,32.9%,44.8%,66.7%,85.6%,25.8%,16.6%,88.0
Utah Tech,Hudson Manwaring,All,474,87,85.2,97.1,103.2,21.8%,6.5°,-1.9°,32.2,0.0%,0,0.298,.260,0.318,.293,50.6%,23.0%,21.8%,44.1%,61.0%,86.7%,30.7%,20.6%,49.0
Fordham,Madden Ocko,All,609,85,86.1,98.5,104.6,21.2%,13.5°,11.0°,30.6,1.2%,1,0.222,.227,0.318,.316,44.7%,25.9%,22.4%,39.1%,59.6%,83.6%,20.8%,25.6%,98.0
Campbell,Jackson Thompson,All,351,49,82.0,99.6,103.6,26.5%,6.6°,18.6°,42.9,6.1%,3,0.21,.297,0.318,.417,49.0%,22.4%,28.6%,35.9%,64.2%,85.3%,15.3%,19.0%,136.0
Alabama,Brennan Holt,All,853,109,86.5,100.6,105.9,33.9%,7.8°,9.1°,32.1,2.8%,3,0.232,.234,0.318,.331,51.4%,21.1%,25.7%,39.2%,61.2%,77.0%,19.8%,30.2%,109.0
Yale,Chace Chaplin,All,230,33,87.4,101.0,102.8,30.3%,10.3°,17.9°,33.3,0.0%,0,0.244,.266,0.318,.387,45.5%,18.2%,36.4%,37.8%,62.4%,95.2%,18.6%,12.6%,108.0
San Francisco,Jordan Lewis,All,206,26,86.5,98.5,98.7,26.9%,-0.9°,13.2°,15.4,3.8%,1,0.214,.178,0.318,.281,65.4%,15.4%,15.4%,35.0%,59.3%,83.3%,19.2%,29.2%,103.0
New College of Florida,Brecken Fair,All,183,31,79.9,90.0,91.0,0.0%,9.6°,-,51.6,0.0%,0,0.256,.257,0.318,.311,32.3%,16.1%,41.9%,44.8%,72.2%,86.2%,18.3%,20.7%,131.0
Minnesota,Easton Richter,All,654,119,88.6,105.1,108.3,41.2%,17.1°,19.3°,31.9,10.9%,13,0.221,.245,0.318,.356,35.3%,36.1%,21.8%,49.2%,73.6%,72.7%,26.8%,30.7%,101.0
Houston Christian,Jeremy Rader,All,660,131,84.8,99.8,105.8,29.0%,11.4°,6.9°,28.2,0.0%,0,0.277,.267,0.318,.326,46.6%,21.4%,25.2%,45.8%,70.7%,91.6%,26.5%,17.2%,107.0
Louisiana Tech,Hayden Gustavson,All,334,39,91.3,105.9,108.9,43.6%,12.1°,13.4°,33.3,7.7%,3,0.21,.227,0.318,.339,48.7%,23.1%,25.6%,37.7%,58.7%,77.4%,22.0%,32.5%,88.0
North Dakota State,Bennett Freiter,All,283,58,87.7,105.1,107.5,39.7%,4.9°,10.2°,31.0,3.4%,2,0.246,.296,0.318,.370,56.9%,15.5%,20.7%,42.8%,65.1%,88.1%,24.0%,15.7%,107.0
Northwestern State,Colton Harrison,All,88,12,89.3,105.1,108.4,41.7%,13.4°,10.4°,66.7,8.3%,1,0.333,.344,0.318,.386,25.0%,8.3%,66.7%,54.5%,71.4%,76.0%,43.4%,52.1%,21.0
Fairleigh Dickinson,Jimmy Mantuano,All,61,13,83.5,97.1,99.8,23.1%,24.1°,8.4°,23.1,0.0%,0,0.235,.248,0.318,.312,23.1%,38.5%,23.1%,50.8%,71.9%,91.3%,27.6%,16.1%,111.0
Wright State,Braylen Blomquist,All,647,134,84.6,99.8,103.5,23.9%,6.0°,4.9°,28.4,1.5%,2,0.256,.242,0.318,.291,51.5%,23.9%,21.6%,45.3%,66.7%,88.8%,30.3%,16.7%,85.0
Erskine,Elliot Sanders,All,62,12,91.6,95.6,97.1,16.7%,15.5°,-4.3°,25.0,0.0%,0,0.333,.185,0.318,.269,33.3%,33.3%,16.7%,48.4%,65.5%,100.0%,33.3%,6.7%,93.0
UNC Asheville,Patrick Gillen,All,346,74,83.1,96.9,103.0,21.6%,5.0°,3.6°,21.6,0.0%,0,0.28,.244,0.318,.305,59.5%,24.3%,14.9%,36.4%,62.3%,95.7%,16.4%,9.5%,106.0
New Mexico State,Cole Rogers,All,317,64,80.4,95.6,100.4,17.2%,5.6°,-5.2°,25.0,0.0%,0,0.26,.250,0.318,.297,51.6%,25.0%,17.2%,42.9%,66.4%,90.1%,21.2%,15.4%,106.0
North Dakota State,Diego Trujillo,All,347,66,85.8,102.1,104.9,25.8%,0.6°,4.0°,22.7,6.1%,4,0.271,.226,0.318,.302,59.1%,15.2%,16.7%,52.7%,71.4%,83.8%,39.0%,26.2%,59.0
Fresno State,Zach Plasschaert,All,257,21,86.6,104.2,106.8,38.1%,11.5°,20.5°,42.9,4.8%,1,0.173,.164,0.317,.295,33.3%,33.3%,28.6%,46.3%,66.1%,69.2%,29.5%,43.7%,82.0
Georgia Southern,Mason Gazaway,All,329,43,81.6,95.4,99.8,11.6%,18.1°,12.6°,27.9,0.0%,0,0.238,.191,0.317,.315,37.2%,32.6%,20.9%,40.7%,71.0%,80.6%,16.8%,25.4%,135.0
Lindenwood,Ethan Cantareira,All,314,43,83.2,98.4,105.0,23.3%,13.7°,12.8°,25.6,2.3%,1,0.21,.188,0.317,.284,46.5%,25.6%,23.3%,42.4%,64.6%,83.6%,29.9%,35.3%,95.0
Kennesaw State,Josh Gibbs,All,401,60,87.4,105.1,106.8,31.7%,0.1°,6.2°,25.0,3.3%,2,0.239,.225,0.317,.303,55.0%,21.7%,21.7%,46.1%,71.8%,75.6%,25.9%,33.0%,86.0
Northwestern,Jackson Freeman,All,793,127,91.9,106.0,112.1,45.7%,12.7°,12.1°,24.4,4.7%,6,0.222,.244,0.317,.343,41.7%,29.9%,22.0%,46.5%,68.6%,79.1%,27.2%,30.6%,83.0
College of Charleston,Nick Diaz,All,601,110,89.3,105.4,107.8,45.5%,2.6°,6.4°,23.6,3.6%,4,0.245,.277,0.317,.343,56.4%,18.2%,21.8%,52.4%,79.6%,83.6%,30.4%,26.7%,103.0
Jacksonville,Griffin Pomper,All,94,18,84.1,96.1,98.5,16.7%,7.1°,21.6°,38.9,0.0%,0,0.261,.280,0.317,.334,44.4%,22.2%,33.3%,55.3%,76.3%,89.7%,41.1%,19.2%,18.0
Butler,Gavin Gilmore,All,641,115,84.0,99.1,105.1,24.3%,14.8°,12.7°,27.0,0.9%,1,0.264,.233,0.317,.298,40.9%,34.8%,18.3%,50.4%,69.4%,86.5%,34.8%,19.5%,46.0
South Dakota State,Grant Sorensen,All,135,21,80.0,98.1,103.9,19.0%,1.6°,16.8°,42.9,4.8%,1,0.241,.200,0.317,.300,47.6%,28.6%,19.0%,46.7%,68.8%,79.5%,26.8%,25.4%,111.0
Seton Hall,Shea Grady,All,368,69,90.6,101.4,106.1,49.3%,4.2°,9.5°,26.1,2.9%,2,0.287,.268,0.317,.341,56.5%,23.2%,17.4%,43.2%,67.0%,92.7%,19.1%,12.6%,98.0
Fairfield,Liam Mcilroy,All,51,6,75.7,95.6,103.1,16.7%,22.4°,13.1°,50.0,0.0%,0,0.2,.316,0.317,.416,16.7%,33.3%,50.0%,39.2%,55.0%,81.8%,29.0%,45.0%,116.0
Northwestern,Marty Kaplan,All,56,7,71.6,91.8,98.0,14.3%,-5.5°,1.5°,14.3,0.0%,0,0.2,.195,0.317,.317,57.1%,42.9%,0.0%,41.1%,60.0%,50.0%,30.6%,30.4%,98.0
Nebraska,Josh Overbeek,All,780,138,88.0,103.7,109.8,37.7%,6.5°,9.9°,32.6,3.6%,5,0.241,.278,0.317,.364,49.3%,21.7%,21.7%,45.3%,69.0%,86.8%,27.9%,24.9%,102.0
Georgia Southern,Jonathan Jaime,All,251,62,84.0,97.6,102.3,17.7%,9.6°,1.6°,32.3,0.0%,0,0.296,.312,0.317,.344,43.5%,25.8%,24.2%,55.0%,74.6%,92.9%,38.7%,19.6%,42.0
Penn State,Maddox McDonald,All,470,61,83.0,102.6,105.7,37.7%,1.1°,17.8°,31.1,6.6%,4,0.262,.219,0.317,.333,52.5%,26.2%,19.7%,42.3%,61.9%,79.7%,24.7%,27.6%,83.0
Jacksonville State,Matthew Cash,All,615,105,85.0,100.1,105.0,25.7%,9.7°,4.2°,28.6,0.0%,0,0.289,.296,0.317,.357,45.7%,21.0%,27.6%,38.4%,55.8%,93.7%,23.5%,12.7%,83.0
FGCU,Cole Lasher,All,390,69,84.1,94.4,99.0,8.7%,-0.6°,5.3°,39.1,0.0%,0,0.25,.263,0.317,.347,50.7%,14.5%,30.4%,41.3%,66.9%,88.9%,20.5%,17.4%,96.0
Florida A&M,Alex Monile,All,97,18,82.4,100.5,103.0,27.8%,-5.4°,6.6°,33.3,0.0%,0,0.269,.293,0.316,.364,66.7%,0.0%,33.3%,44.3%,66.7%,93.3%,25.0%,16.3%,120.0
Wichita State,Zeb Henry,All,349,55,81.8,94.1,98.3,7.3%,3.4°,2.8°,32.7,0.0%,0,0.262,.259,0.316,.337,56.4%,12.7%,27.3%,41.0%,66.2%,91.2%,21.0%,17.5%,126.0
West Virginia,Ryan Maggy,All,74,8,85.5,105.6,107.9,50.0%,-2.8°,11.6°,50.0,0.0%,0,0.25,.245,0.316,.332,50.0%,0.0%,50.0%,39.2%,64.3%,72.2%,23.9%,41.4%,107.0
Indiana,Landen Fry,All,679,152,85.6,101.4,107.3,28.3%,1.5°,7.7°,29.6,1.3%,2,0.273,.287,0.316,.342,61.2%,17.8%,17.8%,44.2%,66.6%,95.9%,23.5%,11.3%,84.0
Cornell,Jake Hower,All,447,95,84.2,99.1,104.9,20.0%,6.4°,7.0°,33.7,0.0%,0,0.286,.276,0.316,.312,49.5%,20.0%,29.5%,55.9%,78.7%,87.3%,35.6%,23.6%,81.0
Lipscomb,Keaton Mahan,All,550,72,88.3,104.4,109.6,34.7%,9.4°,9.4°,30.6,4.2%,3,0.231,.241,0.316,.338,47.2%,22.2%,27.8%,37.8%,58.3%,77.3%,25.7%,29.8%,94.0
Michigan,Gregory Pace Jr.,All,536,72,90.0,103.5,107.4,38.9%,11.4°,9.1°,22.2,1.4%,1,0.243,.204,0.316,.277,50.0%,27.8%,16.7%,41.8%,66.8%,78.7%,22.7%,29.5%,95.0
Eastern Illinois,Peyton Wilson,All,574,92,85.6,101.3,103.7,30.4%,8.8°,8.2°,25.0,1.1%,1,0.266,.263,0.316,.346,43.5%,25.0%,26.1%,35.7%,53.3%,89.3%,22.6%,19.0%,100.0
UVa Wise,Morgan Miller,All,100,19,81.1,97.4,97.8,10.5%,22.2°,12.1°,21.1,0.0%,0,0.269,.199,0.316,.238,42.1%,15.8%,21.1%,40.0%,64.6%,93.5%,17.3%,15.0%,128.0
Sacred Heart,Will Rudolph,All,159,25,88.2,100.2,103.7,32.0%,11.4°,5.1°,32.0,0.0%,0,0.25,.300,0.316,.380,52.0%,12.0%,28.0%,34.6%,48.6%,88.9%,22.4%,25.5%,69.0
Mercer,Ethan Buffone,All,278,49,83.4,103.6,106.6,28.6%,6.5°,10.3°,30.6,2.0%,1,0.254,.236,0.316,.314,51.0%,20.4%,26.5%,48.2%,73.6%,87.2%,32.6%,35.1%,67.0
Maine,Rex Hauser,All,223,31,87.3,106.2,109.9,38.7%,12.6°,6.9°,19.4,6.5%,2,0.204,.200,0.316,.268,54.8%,32.3%,6.5%,33.2%,40.4%,88.1%,26.9%,25.7%,47.0
Saint Mary's (CA),Brady Petit,All,616,126,85.1,97.8,101.3,22.2%,15.1°,7.3°,34.1,0.0%,0,0.265,.273,0.316,.318,42.1%,29.4%,26.2%,42.9%,67.6%,86.3%,22.1%,17.0%,99.0
USC,Dean Carpentier,All,543,84,86.4,104.1,107.3,39.3%,11.5°,11.2°,29.8,8.3%,7,0.234,.268,0.315,.359,47.6%,16.7%,23.8%,40.7%,62.7%,87.0%,26.9%,27.1%,85.0
Dayton,Michael Lucarelli,All,179,15,93.4,100.8,106.7,46.7%,27.2°,35.3°,40.0,6.7%,1,0.156,.170,0.315,.369,13.3%,53.3%,26.7%,29.1%,60.3%,70.7%,9.9%,36.5%,126.0
North Alabama,Justin Santoyo,All,788,142,87.1,101.6,105.8,35.2%,9.0°,6.8°,23.9,1.4%,2,0.238,.264,0.315,.335,51.4%,23.9%,19.0%,45.7%,72.5%,88.5%,25.8%,19.4%,101.0
UT Arlington,Noah Fields,All,509,103,86.3,101.5,105.3,35.0%,11.2°,7.1°,27.2,1.0%,1,0.242,.260,0.315,.335,48.5%,25.2%,21.4%,45.2%,71.8%,88.6%,24.9%,21.3%,104.0
West Virginia,Brock Wills,All,643,111,91.7,104.2,108.2,45.0%,9.4°,10.3°,33.3,4.5%,5,0.262,.292,0.315,.368,45.9%,25.2%,25.2%,45.9%,68.6%,85.1%,29.0%,25.1%,84.0
Southeastern Louisiana,Dane Watts,All,206,41,83.0,95.1,102.8,17.1%,7.3°,3.8°,22.0,0.0%,0,0.28,.208,0.315,.272,51.2%,29.3%,19.5%,47.6%,65.2%,93.3%,33.3%,11.2%,107.0
Seattle,Jake Beauchaine,All,674,104,87.0,102.3,108.3,32.7%,14.3°,8.9°,35.6,2.9%,3,0.255,.235,0.315,.307,34.6%,20.2%,33.7%,44.5%,65.1%,78.9%,30.9%,34.0%,74.0
UC Davis,Eli Burnham,All,241,51,84.1,98.6,102.1,21.6%,6.6°,9.1°,35.3,0.0%,0,0.274,.268,0.315,.317,49.0%,19.6%,29.4%,43.2%,62.7%,87.0%,26.7%,25.0%,97.0
George Washington,Jack Kent,All,668,118,81.5,98.4,102.6,15.3%,8.3°,8.4°,32.2,1.7%,2,0.259,.227,0.315,.310,45.8%,26.3%,24.6%,42.4%,62.9%,82.2%,26.2%,24.4%,97.0
Toledo,Saborn Campbell,All,347,60,81.0,101.3,107.4,21.7%,5.5°,4.9°,26.7,0.0%,0,0.25,.231,0.315,.312,45.0%,20.0%,26.7%,41.2%,64.5%,85.0%,22.4%,26.6%,98.0
Wichita State,Jack Quick,All,520,94,90.3,106.8,110.1,40.4%,14.8°,14.4°,35.1,9.6%,9,0.225,.288,0.315,.400,38.3%,31.9%,22.3%,47.9%,68.9%,83.3%,30.5%,28.9%,77.0
Lafayette,Teddy Cashman,All,273,29,90.7,104.8,110.0,48.3%,18.3°,17.5°,27.6,3.4%,1,0.226,.171,0.315,.278,37.9%,34.5%,20.7%,54.6%,78.1%,65.2%,37.7%,50.3%,32.0
Longwood,Lucas Johnson,All,703,121,87.3,104.5,106.6,38.0%,7.4°,13.8°,33.1,5.8%,7,0.237,.297,0.315,.380,46.3%,24.0%,27.3%,38.3%,59.8%,83.7%,19.5%,21.6%,111.0
SIUE,Easton Harris,All,44,10,88.2,98.3,99.6,40.0%,25.0°,18.6°,20.0,0.0%,0,0.167,.147,0.315,.247,30.0%,50.0%,10.0%,29.5%,50.0%,100.0%,17.9%,7.7%,101.0
Bradley,Hayden Miller,All,583,73,85.5,107.5,111.7,41.1%,16.0°,18.7°,39.7,8.2%,6,0.238,.220,0.315,.296,32.9%,31.5%,28.8%,46.5%,72.1%,71.1%,24.5%,38.0%,108.0
San Francisco,Zack Ramppen,All,297,74,82.8,97.7,101.5,12.2%,10.1°,6.9°,35.1,0.0%,0,0.298,.264,0.315,.293,45.9%,23.0%,28.4%,50.5%,75.5%,95.5%,26.0%,12.7%,116.0
Albany,Luke Filippi,All,319,48,85.7,100.8,104.7,29.2%,9.9°,17.9°,29.2,0.0%,0,0.239,.245,0.315,.320,43.8%,25.0%,22.9%,44.5%,70.1%,76.6%,25.9%,31.0%,87.0
Indiana State,Jorge Cartagena,All,52,6,88.6,94.9,95.9,33.3%,15.9°,12.2°,33.3,0.0%,0,0.167,.146,0.315,.222,33.3%,50.0%,16.7%,42.3%,56.0%,71.4%,29.6%,36.4%,68.0
Pacific,Andrew Sloan,All,191,26,87.6,103.8,107.0,34.6%,18.4°,20.6°,30.8,11.5%,3,0.22,.197,0.315,.318,26.9%,26.9%,30.8%,46.6%,72.0%,81.4%,27.5%,31.5%,107.0
Lee,JJ Williams,All,152,27,87.0,100.8,105.3,33.3%,6.7°,9.5°,25.9,0.0%,0,0.2,.223,0.315,.311,44.4%,18.5%,18.5%,40.1%,74.1%,81.4%,19.1%,31.1%,145.0
St. Thomas (MN),Matthew Maulik,All,254,57,90.4,101.4,107.0,47.4%,10.2°,17.6°,38.6,3.5%,2,0.273,.318,0.315,.402,42.1%,21.1%,29.8%,55.9%,74.3%,81.2%,34.7%,20.4%,86.0
Northern Illinois,Cooper Cohn,All,305,37,88.0,104.0,108.9,40.5%,21.0°,23.5°,37.8,5.4%,2,0.207,.250,0.315,.374,27.0%,35.1%,32.4%,38.7%,61.4%,72.8%,21.4%,33.1%,105.0
California Baptist,Carter Eberhard,All,439,70,90.3,104.2,107.0,41.4%,19.3°,17.6°,35.7,14.3%,10,0.219,.286,0.315,.396,31.4%,35.7%,25.7%,49.0%,74.1%,80.3%,30.7%,29.3%,93.0
Oklahoma,Jason Walk,All,708,98,87.7,100.6,103.4,26.5%,9.7°,11.1°,29.6,3.1%,3,0.244,.213,0.314,.326,43.9%,28.6%,24.5%,41.5%,66.3%,79.7%,19.3%,28.9%,111.0
Texas State,Bennett Fryman,All,354,52,87.5,104.5,106.7,30.8%,17.9°,10.2°,32.7,3.8%,2,0.234,.214,0.314,.295,34.6%,26.9%,26.9%,48.6%,58.6%,83.7%,40.6%,25.0%,54.0
Missouri,Donovan Jordan,All,380,67,85.4,102.9,106.6,37.3%,4.5°,8.1°,32.8,1.5%,1,0.26,.241,0.314,.298,49.3%,19.4%,28.4%,49.2%,69.8%,89.8%,32.7%,24.1%,42.0
Seton Hall,Ty Acker,All,274,44,86.5,98.2,105.4,22.7%,0.5°,6.9°,18.2,4.5%,2,0.25,.221,0.314,.307,70.5%,15.9%,11.4%,40.9%,63.7%,83.5%,22.0%,28.6%,111.0
Manhattan,Jeremy Sosa,All,74,10,90.2,101.5,105.4,40.0%,32.0°,12.3°,40.0,0.0%,0,0.231,.216,0.314,.308,20.0%,20.0%,40.0%,43.2%,69.7%,91.3%,22.0%,15.6%,106.0
West Georgia,Conner Hilton,All,47,6,79.9,88.7,91.2,0.0%,10.8°,-,0.0,0.0%,0,0.2,.078,0.314,.273,50.0%,50.0%,0.0%,53.2%,88.9%,56.2%,31.0%,48.0%,94.0
Baylor,Brytton Clements,All,484,92,84.8,97.0,101.2,20.7%,12.6°,3.0°,27.2,1.1%,1,0.292,.234,0.314,.287,45.7%,31.5%,18.5%,44.2%,65.9%,89.3%,25.2%,18.7%,95.0
San Francisco,Tino Vasell,All,286,30,85.0,99.5,103.9,23.3%,5.6°,12.9°,30.0,0.0%,0,0.255,.199,0.314,.284,60.0%,10.0%,23.3%,31.8%,53.2%,75.8%,15.4%,28.6%,106.0
Erskine,Noah Hill,All,69,6,82.0,93.7,94.3,0.0%,33.0°,-,33.3,0.0%,0,0.25,.086,0.314,.194,16.7%,66.7%,0.0%,46.4%,72.0%,61.1%,31.8%,37.5%,40.0
Saint Louis,Max McGwire,All,157,24,88.6,104.9,109.5,41.7%,25.2°,13.2°,41.7,8.3%,2,0.194,.223,0.314,.329,25.0%,33.3%,37.5%,47.1%,75.0%,68.6%,25.8%,39.2%,103.0
Memphis,Jack Little,All,287,45,89.1,105.5,108.2,37.8%,23.0°,7.8°,28.9,2.2%,1,0.231,.232,0.314,.294,31.1%,42.2%,20.0%,43.2%,68.6%,85.5%,24.7%,25.8%,91.0
Jacksonville,Abdriel Delgado,All,323,51,85.5,102.5,105.6,35.3%,2.6°,11.9°,29.4,0.0%,0,0.239,.259,0.314,.336,52.9%,17.6%,25.5%,46.1%,68.6%,85.4%,29.0%,19.5%,126.0
The Citadel,Lane Tobin,All,743,99,85.2,101.4,105.2,29.3%,2.8°,9.3°,34.3,2.0%,2,0.254,.248,0.314,.332,53.5%,16.2%,27.3%,33.1%,47.4%,87.1%,20.8%,25.6%,86.0
Holy Cross,Simon Landry,All,323,51,83.7,98.9,104.3,27.5%,3.3°,7.5°,29.4,0.0%,0,0.254,.227,0.314,.268,52.9%,21.6%,23.5%,42.4%,66.0%,88.9%,22.0%,21.9%,122.0
Winthrop,Gabriel Natividad,All,667,134,84.7,99.4,103.5,20.1%,9.4°,10.6°,34.3,0.0%,0,0.266,.268,0.314,.326,44.0%,20.9%,26.9%,42.0%,68.1%,89.7%,20.9%,14.6%,99.0
East Tennessee State,Andrew Palmer,All,192,22,88.8,106.1,108.7,40.9%,8.8°,12.9°,45.5,4.5%,1,0.268,.187,0.314,.304,40.9%,31.8%,27.3%,45.8%,64.4%,62.1%,29.4%,38.6%,75.0
San Jose State,Rohne Klein,All,306,48,90.3,108.5,111.7,47.9%,3.4°,9.9°,37.5,4.2%,2,0.235,.289,0.314,.380,50.0%,18.8%,31.2%,43.8%,64.6%,84.1%,29.1%,38.1%,81.0
Memphis,Marcus Smith,All,387,53,90.1,107.8,109.5,43.4%,0.3°,19.8°,24.5,15.1%,8,0.224,.208,0.314,.320,56.6%,24.5%,17.0%,41.3%,65.1%,69.4%,23.5%,38.1%,92.0
Binghamton,Zachary Anderson,All,412,78,84.8,100.0,101.7,26.9%,13.3°,8.8°,33.3,2.6%,2,0.222,.219,0.314,.295,42.3%,21.8%,21.8%,49.3%,74.6%,77.3%,30.2%,27.6%,116.0
Jacksonville,Cade Walter,All,422,38,92.9,104.7,107.7,50.0%,18.8°,18.7°,47.4,7.9%,3,0.191,.223,0.314,.356,26.3%,26.3%,36.8%,37.2%,62.6%,74.8%,19.9%,34.4%,133.0
Western Kentucky,Emmanuel Alberto,All,331,46,84.4,97.1,103.1,26.1%,1.1°,2.8°,26.1,0.0%,0,0.254,.223,0.314,.310,52.2%,21.7%,21.7%,43.5%,55.9%,88.9%,33.9%,22.9%,53.0
TCU,Noah Franco,All,398,61,93.9,109.8,113.8,62.3%,-0.1°,10.2°,32.8,14.8%,9,0.226,.295,0.313,.405,55.7%,11.5%,24.6%,48.0%,69.0%,79.2%,31.7%,37.7%,73.0
Houston Christian,Tyree Jackson,All,372,64,84.3,99.9,104.2,25.0%,18.4°,20.9°,35.9,0.0%,0,0.25,.203,0.313,.274,34.4%,34.4%,25.0%,43.8%,69.5%,75.4%,23.6%,28.8%,101.0
Georgia State,Brandon Davis,All,118,24,85.1,95.0,97.0,25.0%,7.4°,-1.4°,29.2,0.0%,0,0.294,.236,0.313,.262,62.5%,16.7%,20.8%,53.4%,77.4%,78.0%,33.8%,33.3%,101.0
Yale,Jackson Hays,All,437,53,83.7,97.4,100.3,20.8%,3.3°,6.9°,26.4,0.0%,0,0.211,.187,0.313,.331,56.6%,18.9%,20.8%,30.9%,51.1%,85.6%,15.4%,19.3%,110.0
Longwood,Bentley Yeatts,All,304,62,82.7,94.5,98.7,12.9%,0.4°,-4.4°,25.8,0.0%,0,0.284,.274,0.313,.317,61.3%,16.1%,21.0%,41.8%,62.3%,87.9%,22.8%,20.5%,73.0
Michigan State,Trent Rice,All,300,41,83.7,94.7,97.5,17.1%,8.1°,-1.1°,29.3,0.0%,0,0.25,.185,0.313,.294,51.2%,17.1%,22.0%,35.0%,56.7%,88.8%,15.7%,16.2%,108.0
Rhode Island,Jayden Tolentino,All,219,24,87.4,105.4,106.6,41.7%,22.2°,19.2°,33.3,16.7%,4,0.158,.229,0.313,.372,25.0%,54.2%,20.8%,40.6%,57.3%,82.4%,29.2%,28.1%,89.0
Stony Brook,Scott Gell,All,322,71,84.2,100.2,103.2,25.4%,15.1°,19.4°,43.7,1.4%,1,0.273,.282,0.313,.359,31.0%,31.0%,33.8%,48.4%,76.4%,88.2%,25.8%,15.4%,104.0
Santa Clara,Thomas Ferroggiaro,All,967,140,82.9,100.7,105.7,24.3%,15.2°,11.8°,30.7,1.4%,2,0.22,.250,0.313,.354,41.4%,34.3%,20.7%,35.0%,49.8%,95.1%,24.2%,13.3%,72.0
Butler,Logan Crock,All,550,93,80.2,96.0,100.5,9.7%,8.3°,9.5°,34.4,0.0%,0,0.246,.246,0.313,.322,45.2%,20.4%,30.1%,38.7%,62.9%,87.6%,17.7%,19.2%,109.0
East Carolina,Austin Irby,All,853,162,87.0,101.3,107.3,29.6%,13.3°,14.3°,29.6,2.5%,4,0.245,.271,0.313,.355,46.9%,21.0%,20.4%,45.1%,68.4%,92.6%,26.9%,15.6%,105.0
Michigan,Cade Ladehoff,All,555,88,89.3,104.7,110.9,30.7%,8.5°,10.6°,30.7,3.4%,3,0.216,.241,0.313,.336,44.3%,28.4%,21.6%,41.4%,60.9%,89.0%,26.8%,17.8%,67.0
Troy,Nico Azpilcueta,All,144,17,88.2,100.9,106.5,41.2%,12.5°,13.3°,41.2,5.9%,1,0.212,.171,0.313,.236,47.1%,29.4%,17.6%,54.9%,82.5%,69.2%,33.3%,41.8%,83.0
South Alabama,Ethan Melton,All,547,99,86.3,99.2,103.5,27.3%,10.7°,15.2°,34.3,2.0%,2,0.261,.248,0.313,.310,42.4%,30.3%,23.2%,55.0%,79.5%,84.7%,36.0%,25.9%,73.0
Eastern Illinois,Tyler Castro,All,555,90,79.0,92.5,100.5,4.4%,4.9°,5.3°,35.6,0.0%,0,0.257,.269,0.313,.338,55.6%,18.9%,24.4%,33.3%,49.6%,96.1%,19.4%,8.6%,102.0
Appalachian State,Tommy Walker,All,315,46,87.0,99.0,101.3,32.6%,17.6°,20.4°,39.1,8.7%,4,0.207,.265,0.313,.393,41.3%,43.5%,15.2%,37.1%,60.1%,83.7%,15.4%,20.5%,104.0
USF,Jacob Green,All,491,99,87.8,101.3,104.4,37.4%,7.9°,12.3°,29.3,1.0%,1,0.271,.246,0.313,.311,51.5%,16.2%,27.3%,55.0%,75.4%,86.2%,39.6%,24.4%,61.0
UT Martin,JT Popick,All,287,58,78.5,98.0,108.2,20.7%,2.7°,11.0°,34.5,1.7%,1,0.257,.278,0.313,.333,50.0%,19.0%,29.3%,48.8%,76.3%,85.6%,29.6%,25.0%,81.0
George Washington,Nick Mullen,All,707,116,85.6,102.1,106.3,31.9%,19.0°,10.3°,36.2,1.7%,2,0.242,.235,0.313,.304,33.6%,31.0%,27.6%,52.3%,73.1%,90.0%,39.1%,19.5%,47.0
Central Arkansas,Zane Denton,All,312,53,85.5,101.3,105.2,24.5%,1.8°,5.5°,24.5,3.8%,2,0.247,.199,0.313,.292,60.4%,9.4%,20.8%,40.4%,63.8%,85.2%,21.8%,26.2%,98.0
Cincinnati,Conlan Daniel,All,755,74,86.9,106.2,107.9,39.2%,3.8°,11.6°,31.1,4.1%,3,0.237,.201,0.313,.301,48.6%,16.2%,25.7%,36.6%,55.8%,75.6%,19.0%,31.9%,104.0
Western Kentucky,Ethan Reynolds,All,100,21,82.5,106.1,109.2,33.3%,0.3°,-1.9°,9.5,0.0%,0,0.28,.222,0.313,.296,66.7%,19.0%,9.5%,49.0%,73.5%,91.7%,25.5%,12.2%,121.0
Utah Valley,Luke Iverson,All,302,44,88.6,102.9,109.1,47.7%,18.7°,18.3°,47.7,9.1%,4,0.227,.233,0.312,.336,29.5%,27.3%,29.5%,43.0%,64.7%,78.4%,25.3%,30.8%,106.0
LSU,Tanner Reaves,All,359,48,86.0,98.2,101.9,22.9%,10.3°,6.0°,33.3,0.0%,0,0.209,.214,0.312,.326,43.8%,35.4%,18.8%,34.8%,53.5%,79.8%,20.3%,21.6%,93.0
Oklahoma Wesleyan,Dylan Krause,All,29,5,77.9,91.8,92.8,0.0%,0.1°,-,60.0,0.0%,0,0.333,-,0.312,-,60.0%,20.0%,20.0%,44.8%,60.0%,88.9%,28.6%,15.4%,
Delaware State,Hassan Turner,All,53,14,79.4,92.4,95.2,7.1%,7.3°,7.0°,21.4,0.0%,0,0.357,.288,0.312,.275,57.1%,21.4%,14.3%,56.6%,66.7%,88.9%,46.2%,16.7%,61.0
Arkansas State,Aidan Houseworth,All,434,57,90.5,104.3,111.2,47.4%,11.2°,10.4°,31.6,10.5%,6,0.195,.243,0.312,.356,45.6%,28.1%,21.1%,45.6%,70.1%,83.2%,27.1%,28.8%,97.0
Houston Christian,Rhett Hendricks,All,392,67,87.7,103.6,106.6,46.3%,6.8°,9.4°,29.9,4.5%,3,0.23,.287,0.312,.385,44.8%,28.4%,23.9%,40.6%,62.2%,87.5%,22.2%,21.4%,106.0
North Dakota State,Noah Gordon,All,99,16,86.7,101.2,102.9,25.0%,17.0°,9.1°,50.0,0.0%,0,0.292,.266,0.312,.297,25.0%,25.0%,43.8%,47.5%,62.0%,80.6%,32.7%,29.8%,57.0
Norfolk State,Josiah Harrison,All,26,5,69.6,97.1,103.0,20.0%,-3.9°,14.5°,60.0,0.0%,0,0.4,.349,0.312,.358,40.0%,0.0%,60.0%,42.3%,62.5%,70.0%,10.0%,27.3%,155.0
North Florida,Seth Alford,All,400,55,90.6,106.8,110.3,50.9%,4.9°,9.3°,29.1,5.5%,3,0.211,.258,0.312,.337,50.9%,14.5%,30.9%,45.0%,72.4%,73.0%,23.9%,38.3%,85.0
Ball State,Taber Stokes,All,46,7,76.4,93.8,99.2,14.3%,13.9°,10.8°,14.3,0.0%,0,0.333,.163,0.312,.239,57.1%,14.3%,14.3%,50.0%,65.2%,100.0%,34.8%,8.7%,128.0
Norfolk State,Thomas Ealey,All,51,8,75.8,86.8,88.0,0.0%,-5.0°,-,50.0,0.0%,0,0.333,.290,0.312,.285,50.0%,0.0%,50.0%,60.8%,66.7%,90.0%,58.3%,35.5%,18.0
Longwood,Maclain Tufts,All,548,84,84.0,98.8,99.7,21.4%,6.0°,12.4°,29.8,2.4%,2,0.234,.251,0.312,.337,54.8%,23.8%,19.0%,33.8%,54.8%,90.6%,15.9%,16.2%,110.0
Purdue,Ross Highfill,All,110,11,88.6,100.0,100.7,36.4%,10.1°,8.7°,27.3,9.1%,1,0.158,.164,0.312,.273,63.6%,18.2%,9.1%,40.0%,65.2%,73.3%,21.9%,36.4%,128.0
UT Tyler,Bryce Jewell,All,110,27,82.2,98.3,98.6,18.5%,2.1°,20.5°,22.2,0.0%,0,0.25,.259,0.312,.329,59.3%,29.6%,7.4%,51.8%,72.7%,87.5%,37.9%,12.3%,86.0
Presbyterian,Cameron Mallo,All,265,47,82.5,95.5,97.0,17.0%,10.5°,9.9°,42.6,0.0%,0,0.259,.287,0.312,.355,44.7%,19.1%,29.8%,46.0%,77.1%,93.4%,21.1%,9.8%,130.0
Ole Miss,Brayden Randle,All,518,102,91.0,99.9,103.6,40.2%,13.7°,10.5°,35.3,2.9%,3,0.244,.256,0.312,.345,38.2%,30.4%,25.5%,46.1%,69.0%,88.3%,25.2%,21.3%,91.0
Hofstra,JJ Devito,All,454,62,89.2,105.2,107.2,43.5%,-1.7°,5.0°,25.8,1.6%,1,0.247,.207,0.312,.296,59.7%,21.0%,17.7%,40.3%,65.7%,80.8%,20.7%,24.6%,114.0
Tennessee Tech,Jackson Rooker,All,674,103,82.2,98.3,104.9,22.3%,0.9°,4.3°,24.3,1.0%,1,0.257,.214,0.312,.305,59.2%,21.4%,16.5%,41.4%,64.9%,87.9%,20.3%,17.6%,107.0
Stephen F. Austin,Trey Acreman,All,91,20,80.0,95.2,96.8,10.0%,17.1°,-,35.0,0.0%,0,0.261,.218,0.312,.271,35.0%,10.0%,30.0%,41.8%,69.8%,93.3%,16.7%,7.9%,91.0
Kent State,Kolton Schaller,All,268,43,84.5,100.5,101.9,34.9%,13.0°,13.0°,32.6,4.7%,2,0.206,.219,0.312,.308,39.5%,32.6%,20.9%,48.9%,72.3%,70.7%,24.4%,34.4%,91.0
West Georgia,Andon Lewis,All,288,60,90.8,105.4,109.0,41.7%,22.5°,17.5°,33.3,11.7%,7,0.221,.287,0.312,.408,28.3%,46.7%,20.0%,48.3%,68.9%,79.8%,33.1%,33.8%,77.0
California,Lawson Olmstead,All,585,69,89.8,107.9,110.4,39.1%,14.4°,17.4°,34.8,13.0%,9,0.211,.198,0.312,.320,33.3%,27.5%,24.6%,49.4%,73.9%,72.8%,29.3%,40.1%,71.0
Alabama State,Skywalker Mann,All,43,8,81.5,95.4,97.6,12.5%,6.2°,7.0°,50.0,0.0%,0,0.333,.293,0.312,.293,62.5%,12.5%,25.0%,55.8%,80.0%,80.0%,22.2%,29.2%,60.0
Norfolk State,Kydese Queen Jr,All,35,6,84.0,92.0,95.4,16.7%,3.8°,4.6°,16.7,0.0%,0,0.333,.243,0.312,.238,66.7%,16.7%,16.7%,48.6%,66.7%,85.7%,21.4%,23.5%,87.0
Troy,Jabe Boroff,All,365,41,93.9,107.5,113.2,53.7%,24.7°,17.0°,24.4,14.6%,6,0.174,.207,0.312,.336,29.3%,36.6%,19.5%,38.4%,62.7%,84.2%,19.1%,25.7%,89.0
Western Oregon,Robby Shepherd,All,30,8,78.3,87.1,89.8,0.0%,-9.0°,-,37.5,0.0%,0,0.333,.421,0.312,.408,62.5%,0.0%,37.5%,43.3%,57.1%,87.5%,31.2%,15.4%,109.0
USC Upstate,Kenan Bowman,All,332,56,85.3,101.5,104.4,28.6%,3.4°,16.1°,26.8,1.8%,1,0.256,.220,0.311,.292,51.8%,23.2%,23.2%,50.0%,73.4%,71.6%,28.7%,38.0%,94.0
Ole Miss,Tate Sirmans,All,173,26,90.8,103.4,103.7,42.3%,18.1°,15.4°,23.1,3.8%,1,0.179,.218,0.311,.335,42.3%,38.5%,15.4%,42.2%,64.1%,80.0%,24.2%,31.5%,84.0
Valparaiso,Michael Kuska,All,499,96,80.6,95.5,100.9,8.3%,-0.7°,8.3°,32.3,0.0%,0,0.298,.271,0.311,.325,58.3%,10.4%,28.1%,41.7%,64.5%,93.6%,24.1%,12.0%,106.0
Fordham,Tim Ford,All,376,61,88.8,100.0,105.7,34.4%,20.0°,12.4°,37.7,1.6%,1,0.211,.263,0.311,.356,32.8%,32.8%,27.9%,41.8%,69.4%,84.7%,18.9%,22.3%,112.0
Stephen F. Austin,Joshua Ibe,All,439,71,93.2,107.5,113.5,47.9%,6.6°,18.0°,35.2,14.1%,10,0.225,.258,0.311,.372,45.1%,14.1%,26.8%,42.6%,67.2%,78.9%,25.0%,34.8%,94.0
UNC Wilmington,Jackson Hood,All,111,19,80.0,97.7,99.9,21.1%,15.7°,8.7°,42.1,5.3%,1,0.167,.173,0.311,.337,31.6%,42.1%,15.8%,44.1%,71.7%,81.8%,24.6%,24.5%,82.0
FGCU,Keaton Kangas,All,203,20,83.9,97.6,99.9,20.0%,9.6°,18.9°,40.0,0.0%,0,0.206,.202,0.311,.324,50.0%,15.0%,35.0%,39.4%,64.9%,82.5%,16.0%,22.5%,130.0
Bethune-Cookman,Erick Almonte,All,185,31,88.9,101.3,103.5,32.3%,15.8°,12.6°,38.7,3.2%,1,0.216,.271,0.311,.409,29.0%,32.3%,29.0%,34.6%,54.1%,85.0%,21.6%,10.9%,120.0
UC San Diego,Thomas Maher,All,332,35,85.9,96.2,97.2,17.1%,6.1°,18.4°,34.3,0.0%,0,0.204,.210,0.311,.335,48.6%,22.9%,25.7%,33.7%,57.1%,95.0%,16.7%,16.1%,100.0
UTSA,Aidan Eshelmen,All,616,108,85.9,101.9,104.4,31.5%,3.6°,10.6°,38.9,0.9%,1,0.276,.293,0.311,.356,46.3%,16.7%,35.2%,40.4%,61.6%,90.4%,21.7%,14.1%,96.0
Holy Cross,Owen Stelzer,All,490,63,86.5,98.7,103.9,33.3%,17.0°,12.7°,36.5,1.6%,1,0.2,.224,0.311,.344,33.3%,28.6%,30.2%,32.2%,56.9%,89.2%,15.9%,19.6%,101.0
Cal State Northridge,Trent Abel,All,681,148,84.1,99.5,106.3,25.7%,16.4°,12.0°,35.8,2.7%,4,0.272,.261,0.311,.301,36.5%,32.4%,25.7%,54.5%,76.1%,91.0%,38.1%,19.4%,61.0
UCF,Cayden Gaskin,All,504,76,90.0,104.4,108.2,40.8%,-0.3°,5.8°,28.9,5.3%,4,0.275,.278,0.311,.347,61.8%,9.2%,23.7%,40.3%,63.1%,85.9%,21.9%,26.1%,102.0
George Washington,Conlon Walker,All,601,109,88.5,101.8,109.3,43.1%,12.6°,10.6°,28.4,3.7%,4,0.25,.244,0.311,.326,44.0%,31.2%,22.9%,43.8%,67.2%,83.3%,24.9%,22.1%,92.0
South Carolina,Luke Yuhasz,All,514,91,89.1,105.9,108.1,42.9%,9.4°,7.2°,29.7,3.3%,3,0.25,.209,0.311,.271,49.5%,26.4%,18.7%,55.6%,73.9%,71.2%,40.8%,37.4%,30.0
UMBC,Jesiah Carpenter,All,541,86,85.0,97.0,102.2,25.6%,6.1°,8.7°,29.1,2.3%,2,0.246,.229,0.311,.307,48.8%,22.1%,23.3%,40.1%,63.6%,83.4%,20.4%,23.5%,117.0
CSU Bakersfield,Adam Salazar,All,190,20,73.1,88.9,94.2,5.0%,2.0°,-3.6°,5.0,0.0%,0,0.161,.108,0.311,.300,70.0%,20.0%,5.0%,29.5%,48.9%,93.2%,12.0%,14.3%,88.0
Cincinnati,Christian Mitchelle,All,779,117,89.4,104.3,108.8,41.0%,14.0°,11.7°,31.6,7.7%,9,0.239,.257,0.31,.359,42.7%,29.1%,21.4%,43.9%,66.3%,79.4%,26.2%,27.8%,87.0
Alabama State,Alex Espaillat,All,494,86,87.3,102.0,104.5,32.6%,2.8°,6.9°,26.7,1.2%,1,0.254,.269,0.31,.338,59.3%,18.6%,19.8%,41.7%,64.9%,80.6%,27.1%,29.1%,85.0
Michigan State,Isaiah Domey,All,106,16,91.0,103.7,110.2,25.0%,0.7°,2.3°,43.8,0.0%,0,0.296,.240,0.31,.279,43.8%,12.5%,37.5%,50.0%,62.0%,77.4%,39.3%,37.7%,51.0
Central Michigan,Bryson Webb,All,549,79,82.1,101.8,105.8,35.4%,10.2°,9.7°,26.6,1.3%,1,0.252,.172,0.31,.265,45.6%,21.5%,22.8%,44.4%,67.4%,81.6%,26.4%,29.9%,94.0
Holy Cross,Nick Andersen,All,358,48,92.0,106.1,110.2,47.9%,7.1°,15.2°,33.3,12.5%,6,0.221,.272,0.31,.392,47.9%,22.9%,27.1%,41.3%,64.7%,73.1%,20.9%,36.5%,103.0
California Baptist,Thomas Entrekin,All,78,14,89.5,100.5,101.8,42.9%,8.5°,12.7°,28.6,7.1%,1,0.235,.261,0.31,.333,42.9%,28.6%,21.4%,52.6%,71.4%,80.0%,37.2%,31.7%,70.0
Navy,Jake Hooten,All,526,62,83.7,100.7,108.5,32.3%,12.8°,7.0°,30.6,3.2%,2,0.202,.182,0.31,.317,38.7%,27.4%,21.0%,42.2%,69.0%,79.9%,23.5%,25.2%,87.0
Youngstown State,Misael Uriepero,All,596,82,84.0,98.4,103.3,18.3%,6.7°,21.8°,29.3,1.2%,1,0.271,.209,0.31,.288,47.6%,25.6%,23.2%,46.8%,65.6%,78.2%,31.0%,28.0%,73.0
Wichita State,Owen Rush,All,377,44,78.9,95.8,97.9,13.6%,11.3°,10.1°,34.1,0.0%,0,0.213,.177,0.31,.319,38.6%,31.8%,25.0%,38.7%,62.1%,89.1%,18.0%,21.2%,115.0
South Dakota State,Luke Evenson,All,118,9,77.6,94.4,94.4,0.0%,8.6°,-,11.1,0.0%,0,0.158,.118,0.31,.299,55.6%,33.3%,0.0%,23.7%,38.8%,73.7%,13.0%,35.7%,96.0
Memphis,Tyler Harrington,All,711,131,86.7,102.8,106.8,29.0%,14.1°,9.1°,33.6,2.3%,3,0.263,.266,0.31,.326,38.9%,27.5%,30.5%,53.0%,74.0%,83.7%,34.7%,26.0%,69.0
Niagara,Matthew Ganschow,All,212,34,83.1,97.8,105.3,20.6%,9.4°,17.0°,26.5,0.0%,0,0.229,.246,0.31,.317,52.9%,17.6%,26.5%,42.5%,60.7%,74.1%,29.3%,33.3%,59.0
Quinnipiac,Ian Nilsen,All,163,23,82.9,102.3,105.1,30.4%,9.5°,14.7°,39.1,4.3%,1,0.216,.227,0.31,.299,30.4%,34.8%,30.4%,39.3%,62.0%,72.7%,21.7%,40.6%,97.0
Houston Christian,Preston Curtis,All,514,88,87.1,105.7,107.8,44.3%,8.1°,13.5°,30.7,6.8%,6,0.221,.254,0.31,.347,46.6%,21.6%,21.6%,47.5%,70.9%,79.5%,29.9%,32.0%,81.0
St. John's,Will Cowan,All,515,86,88.0,102.6,106.7,32.6%,20.4°,14.5°,30.2,3.5%,3,0.198,.258,0.31,.363,34.9%,40.7%,23.3%,39.2%,65.2%,87.2%,18.8%,20.8%,101.0
Eastern Illinois,Ethan Rossi,All,360,56,86.6,102.2,104.5,25.0%,10.7°,16.9°,32.1,0.0%,0,0.254,.244,0.31,.342,42.9%,25.0%,26.8%,37.5%,57.8%,84.9%,21.1%,21.5%,99.0
Arizona State,Sam Myers,All,197,41,83.0,95.2,97.9,19.5%,8.8°,4.8°,31.7,0.0%,0,0.321,.228,0.309,.270,51.2%,19.5%,22.0%,58.9%,77.5%,87.3%,38.9%,19.8%,61.0
Arizona,Joe Forbes,All,63,7,86.6,105.7,106.2,28.6%,23.3°,15.8°,14.3,14.3%,1,0.214,.181,0.309,.278,42.9%,42.9%,0.0%,58.7%,75.0%,70.8%,41.9%,40.5%,29.0
Tennessee,Hunter High,All,56,12,87.8,95.7,97.6,25.0%,31.0°,8.2°,16.7,0.0%,0,0.231,.192,0.309,.249,25.0%,41.7%,16.7%,46.4%,71.4%,86.7%,31.4%,23.1%,89.0
Alcorn State,Clayvonjae Wright,All,52,5,75.9,96.9,98.1,20.0%,12.5°,27.2°,60.0,20.0%,1,0.182,.202,0.309,.272,20.0%,20.0%,60.0%,40.4%,61.9%,61.5%,25.8%,52.4%,44.0
Kansas State,Chandler Murray,All,172,22,88.3,107.6,110.6,45.5%,-3.2°,10.7°,13.6,0.0%,0,0.235,.196,0.309,.273,63.6%,13.6%,13.6%,38.4%,54.1%,76.1%,23.0%,34.8%,55.0
Auburn,Lucas Steele,All,434,53,92.5,105.8,107.8,54.7%,16.5°,12.7°,37.7,1.9%,1,0.171,.254,0.309,.389,35.8%,20.8%,34.0%,33.4%,61.8%,81.7%,12.1%,26.2%,136.0
Western Carolina,Yates Sikes,All,141,11,82.9,92.1,95.0,9.1%,18.4°,43.0°,27.3,0.0%,0,0.143,.144,0.309,.267,36.4%,27.3%,27.3%,35.5%,52.3%,88.2%,21.1%,14.0%,71.0
Siena,Nick Bergamotto,All,58,12,87.3,100.4,100.7,41.7%,-12.1°,6.8°,33.3,0.0%,0,0.267,.320,0.309,.385,66.7%,0.0%,33.3%,41.4%,63.6%,90.5%,12.0%,12.5%,115.0
Villanova,John Freitag,All,508,63,83.7,103.0,107.0,30.2%,6.8°,14.3°,34.9,1.6%,1,0.226,.232,0.309,.325,46.0%,12.7%,33.3%,39.0%,56.1%,85.8%,26.5%,26.3%,80.0
Ohio,Tyler Stack,All,418,75,87.1,100.9,105.3,34.7%,11.4°,7.6°,26.7,2.7%,2,0.242,.252,0.309,.338,46.7%,22.7%,25.3%,46.7%,74.1%,78.3%,27.0%,27.7%,106.0
Mercer,Parker Dastou,All,65,13,84.6,98.3,98.3,23.1%,0.9°,9.2°,53.8,0.0%,0,0.267,.393,0.309,.452,46.2%,0.0%,53.8%,36.9%,64.0%,93.8%,20.0%,20.8%,113.0
Illinois-Chicago,Colin Husko,All,566,98,83.4,96.3,100.9,15.3%,10.4°,1.7°,37.8,0.0%,0,0.248,.269,0.309,.331,41.8%,27.6%,30.6%,37.6%,56.8%,91.0%,19.8%,14.6%,107.0
Louisiana,Maddox Mandino,All,514,86,84.4,98.3,101.1,23.3%,2.0°,7.7°,34.9,0.0%,0,0.276,.232,0.309,.280,53.5%,19.8%,25.6%,48.6%,69.0%,92.1%,30.9%,12.4%,86.0
Missouri,Kaden Peer,All,642,85,90.2,106.2,111.7,42.4%,10.0°,12.8°,35.3,9.4%,8,0.255,.236,0.309,.343,45.9%,18.8%,29.4%,47.2%,67.9%,77.9%,29.8%,32.3%,56.0
Louisiana,Blaze Rodriguez,All,986,161,85.5,99.7,104.4,27.3%,-2.5°,3.1°,23.6,0.6%,1,0.236,.235,0.309,.324,62.7%,13.7%,19.9%,39.0%,59.4%,92.2%,23.3%,16.4%,78.0
Georgia Southwestern,Jacob Reeves,All,48,9,76.3,94.2,95.4,33.3%,4.8°,-,33.3,0.0%,0,0.214,.144,0.309,.132,55.6%,33.3%,11.1%,43.8%,68.2%,100.0%,23.1%,19.0%,140.0
Millersville,Brady Ebbert,All,76,16,85.0,95.2,100.6,18.8%,3.3°,5.0°,43.8,0.0%,0,0.312,.325,0.309,.356,50.0%,18.8%,31.2%,35.5%,57.9%,86.4%,13.2%,18.5%,141.0
Creighton,Lew Rice,All,703,115,80.4,96.6,99.4,12.2%,10.9°,13.2°,23.5,0.0%,0,0.253,.206,0.309,.275,50.4%,26.1%,17.4%,42.4%,63.5%,88.8%,21.3%,16.8%,99.0
Mercyhurst,Luke Babcock,All,64,10,90.6,97.3,109.3,30.0%,28.2°,6.7°,40.0,0.0%,0,0.214,.304,0.309,.357,20.0%,50.0%,30.0%,32.8%,59.3%,87.5%,13.5%,19.0%,96.0
Western Michigan,Jacob Rowold,All,183,34,83.2,99.3,100.5,23.5%,16.0°,23.8°,35.3,2.9%,1,0.231,.293,0.309,.378,38.2%,23.5%,32.4%,45.9%,71.4%,81.7%,24.2%,22.6%,117.0
Florida Memorial,Justin Martinez,All,107,18,81.9,96.1,97.8,22.2%,14.5°,17.7°,33.3,0.0%,0,0.227,.215,0.309,.302,33.3%,44.4%,16.7%,39.3%,57.8%,84.6%,25.8%,28.6%,53.0
Ave Maria,Caleb Metzen,All,66,10,79.4,99.7,100.7,20.0%,2.3°,13.0°,40.0,0.0%,0,0.267,.240,0.309,.301,40.0%,20.0%,40.0%,47.0%,69.2%,88.9%,32.5%,25.8%,89.0
California,Josh Hanson,All,490,73,88.6,105.9,110.1,45.2%,7.3°,14.1°,32.9,9.6%,7,0.211,.245,0.309,.362,52.1%,23.3%,19.2%,48.4%,73.0%,79.0%,29.1%,30.8%,77.0
LSU,Trent Caraway,All,317,58,86.9,104.1,112.1,31.0%,11.7°,13.4°,25.9,1.7%,1,0.243,.232,0.308,.306,46.6%,25.9%,20.7%,45.1%,64.9%,90.6%,31.2%,26.6%,90.0
Mississippi State,Peter Mershon,All,49,9,85.8,92.4,97.5,22.2%,7.5°,-2.9°,33.3,0.0%,0,0.3,.254,0.308,.321,66.7%,11.1%,22.2%,36.7%,68.2%,86.7%,11.1%,22.2%,183.0
Louisville,Kyle Campbell,All,324,37,84.1,102.4,104.8,21.6%,-1.4°,4.2°,27.0,2.7%,1,0.228,.206,0.308,.319,59.5%,5.4%,27.0%,40.7%,67.3%,78.6%,17.0%,24.2%,118.0
Grambling,Cameron Hill,All,168,25,90.5,105.3,109.7,36.0%,1.0°,4.3°,16.0,0.0%,0,0.282,.218,0.308,.257,64.0%,20.0%,16.0%,48.2%,66.2%,81.4%,36.9%,34.6%,11.0
Lamar,Kevin Duran,All,614,107,85.6,101.8,105.3,29.0%,2.4°,6.3°,25.2,1.9%,2,0.248,.232,0.308,.281,55.1%,17.8%,21.5%,50.3%,69.4%,80.6%,32.5%,28.5%,85.0
UT Arlington,Ethan Ho,All,361,46,86.3,101.6,104.8,30.4%,15.3°,17.0°,43.5,0.0%,0,0.23,.250,0.308,.311,28.3%,28.3%,39.1%,33.8%,52.1%,81.4%,18.4%,31.1%,90.0
Florida Memorial,Christian Carratala,All,106,13,80.5,94.1,97.7,7.7%,24.7°,11.0°,23.1,0.0%,0,0.158,.168,0.308,.317,30.8%,38.5%,15.4%,29.2%,57.1%,79.2%,10.9%,22.6%,142.0
Southern Indiana,Parker Martin,All,745,168,86.5,101.1,103.4,29.8%,11.5°,11.8°,42.9,1.2%,2,0.263,.316,0.308,.375,38.1%,21.4%,38.1%,48.5%,73.0%,92.1%,25.1%,13.0%,121.0
Queens (NC),Tommy Mathay,All,516,111,83.0,98.4,100.8,27.0%,4.2°,3.6°,27.0,0.0%,0,0.261,.258,0.308,.295,55.9%,15.3%,27.0%,46.9%,67.2%,90.6%,29.5%,19.4%,59.0
Central Arkansas,Zach Adams,All,80,16,89.5,100.5,102.1,37.5%,16.3°,11.1°,43.8,0.0%,0,0.286,.244,0.308,.321,31.2%,43.8%,18.8%,48.8%,65.6%,95.2%,37.5%,15.4%,76.0
Little Rock,Cooper Chaplain,All,439,82,86.4,99.8,101.4,34.1%,12.6°,6.1°,30.5,1.2%,1,0.243,.265,0.308,.327,43.9%,26.8%,24.4%,52.2%,78.2%,88.4%,32.7%,20.5%,123.0
Navy,Ty DePerno,All,384,80,83.0,102.9,107.5,25.0%,11.2°,18.4°,28.7,7.5%,6,0.23,.285,0.308,.391,43.8%,36.2%,15.0%,40.6%,69.8%,88.5%,19.4%,19.2%,135.0
William Carey,Alan McClean,All,266,44,82.2,97.2,97.7,20.5%,5.4°,10.5°,29.5,0.0%,0,0.25,.283,0.308,.384,50.0%,15.9%,25.0%,35.3%,52.6%,90.2%,22.0%,17.0%,100.0
Kentucky,Will Marcy,All,351,49,85.6,102.0,108.7,32.7%,12.1°,15.9°,40.8,8.2%,4,0.149,.294,0.308,.427,44.9%,24.5%,28.6%,42.2%,67.7%,76.2%,21.9%,33.8%,116.0
Creighton,Nick Bowron,All,206,19,86.6,103.0,104.0,36.8%,7.4°,8.0°,42.1,0.0%,0,0.2,.210,0.308,.335,42.1%,15.8%,42.1%,34.5%,52.1%,68.0%,19.1%,42.3%,97.0
Northern Kentucky,Braydon Rogers,All,165,15,87.8,98.3,99.1,33.3%,15.3°,19.2°,33.3,0.0%,0,0.179,.191,0.308,.341,33.3%,33.3%,26.7%,38.8%,58.1%,86.0%,23.1%,21.9%,114.0
San Diego,Connor Meidroth,All,554,104,84.0,98.7,101.1,21.2%,10.7°,10.4°,36.5,2.9%,3,0.268,.266,0.308,.315,42.3%,26.9%,27.9%,39.7%,53.1%,91.0%,24.8%,15.9%,70.0
California Baptist,Matthew Chavez,All,572,114,85.5,100.8,103.6,32.5%,8.6°,15.8°,27.2,1.8%,2,0.266,.232,0.308,.292,48.2%,26.3%,17.5%,52.4%,72.7%,78.7%,33.3%,29.0%,101.0
Georgia Tech,Cade Brown,All,56,8,82.2,101.9,106.5,25.0%,9.1°,-6.5°,25.0,0.0%,0,0.25,.235,0.308,.309,62.5%,12.5%,25.0%,41.1%,56.5%,100.0%,30.3%,34.8%,78.0
Bucknell,Ty Lagoni,All,815,142,88.3,102.7,106.2,38.7%,15.0°,16.9°,31.7,4.2%,6,0.23,.256,0.308,.356,36.6%,36.6%,23.2%,41.8%,66.2%,87.4%,23.6%,24.3%,90.0
Toledo,JP Wagner,All,288,60,82.6,102.0,105.4,21.7%,-8.7°,5.3°,28.3,1.7%,1,0.281,.281,0.308,.325,65.0%,15.0%,20.0%,39.9%,50.8%,95.1%,32.1%,7.8%,46.0
Marist,Drew McGowan,All,190,23,85.9,98.7,99.4,17.4%,6.3°,9.6°,30.4,0.0%,0,0.219,.226,0.308,.324,52.2%,13.0%,21.7%,32.6%,58.3%,79.6%,12.3%,27.4%,141.0
Fordham,Chase Hanawalt,All,161,17,91.5,104.9,107.6,41.2%,7.9°,15.1°,35.3,5.9%,1,0.194,.178,0.308,.283,41.2%,41.2%,17.6%,36.0%,53.1%,81.4%,18.8%,22.4%,91.0
Delaware,Noah Burroughs,All,560,91,94.1,109.7,113.0,52.7%,12.0°,12.1°,33.0,13.2%,12,0.229,.295,0.308,.387,41.8%,22.0%,29.7%,52.3%,82.5%,73.4%,28.7%,33.8%,77.0
Lenoir-Rhyne,Nathan Kidder,All,48,6,88.5,100.2,101.7,33.3%,-19.4°,-2.2°,0.0,0.0%,0,0.25,.169,0.307,.270,83.3%,16.7%,0.0%,52.1%,83.3%,100.0%,33.3%,24.0%,51.0
Penn,Nick O'Brien,All,258,39,90.9,103.8,104.9,41.0%,9.9°,5.2°,25.6,2.6%,1,0.226,.250,0.307,.344,51.3%,17.9%,17.9%,41.9%,62.8%,83.1%,25.5%,25.0%,97.0
Montreat,Kaden Ethier,All,51,7,78.6,90.9,92.2,0.0%,2.8°,-,28.6,0.0%,0,0.222,-,0.307,-,57.1%,14.3%,28.6%,43.1%,77.8%,92.9%,24.2%,9.1%,
UNC Pembroke,Morgan Padgett,All,28,6,79.6,99.7,100.0,33.3%,12.5°,24.0°,33.3,16.7%,1,0.125,.206,0.307,.345,50.0%,16.7%,16.7%,39.3%,56.2%,100.0%,16.7%,0.0%,79.0
Lipscomb,Brock Beddingfield,All,229,33,87.6,102.2,104.0,33.3%,1.1°,14.2°,30.3,6.1%,2,0.24,.232,0.307,.318,63.6%,18.2%,18.2%,37.1%,54.8%,84.2%,22.4%,28.2%,81.0
North Dakota State,Dante Smith,All,432,70,87.0,104.6,107.8,38.6%,7.1°,9.7°,27.1,7.1%,5,0.267,.265,0.307,.345,50.0%,18.6%,24.3%,44.2%,60.5%,83.5%,30.2%,28.3%,58.0
UNC Asheville,Ben Green,All,334,63,86.4,100.7,107.0,33.3%,8.4°,8.5°,36.5,0.0%,0,0.26,.289,0.307,.329,47.6%,20.6%,30.2%,42.5%,59.8%,80.6%,25.9%,21.8%,78.0
Louisiana,Owen Galt,All,175,30,84.9,103.3,104.9,26.7%,7.5°,11.4°,23.3,0.0%,0,0.255,.176,0.307,.241,53.3%,23.3%,20.0%,54.9%,75.0%,85.2%,40.8%,29.2%,19.0
Utah Tech,Mays Madsen,All,488,63,82.5,95.6,98.9,7.9%,14.6°,13.2°,27.0,0.0%,0,0.202,.198,0.307,.323,44.4%,28.6%,19.0%,35.7%,59.0%,90.7%,19.4%,14.4%,125.0
Lafayette,Luke Caucci,All,201,26,80.1,93.3,100.9,7.7%,11.2°,21.6°,38.5,0.0%,0,0.304,.188,0.307,.199,34.6%,26.9%,30.8%,52.2%,67.1%,71.9%,41.4%,33.3%,64.0
Marist,Aydan McNelly,All,58,13,78.8,91.8,96.5,7.7%,3.5°,21.8°,23.1,0.0%,0,0.278,.168,0.307,.203,53.8%,23.1%,23.1%,48.3%,73.1%,89.5%,28.1%,14.3%,37.0
Fresno State,Austin Young,All,331,52,85.7,101.3,106.4,28.8%,17.0°,8.0°,28.8,0.0%,0,0.231,.251,0.307,.329,32.7%,28.8%,32.7%,36.9%,60.3%,87.9%,17.2%,22.1%,117.0
Towson,Nicholas Francuzenko,All,368,62,84.7,98.6,105.4,19.4%,12.1°,12.3°,32.3,4.8%,3,0.215,.229,0.307,.325,35.5%,24.2%,27.4%,41.3%,71.2%,86.8%,18.3%,19.1%,112.0
Murray State,Luke Mistone,All,354,87,85.7,97.0,104.0,28.7%,6.5°,0.8°,19.5,0.0%,0,0.271,.277,0.307,.308,60.9%,16.1%,14.9%,51.1%,68.4%,94.9%,35.0%,9.4%,73.0
Arkansas-Pine Bluff,Lazaro Alvarado,All,136,24,84.6,98.4,99.2,29.2%,2.9°,11.2°,41.7,0.0%,0,0.267,.272,0.307,.331,50.0%,12.5%,37.5%,38.2%,66.7%,91.7%,19.5%,21.2%,115.0
Sacred Heart,JW Fitzgerald,All,141,24,81.9,93.3,96.5,12.5%,-4.6°,0.7°,29.2,0.0%,0,0.286,.211,0.307,.258,58.3%,16.7%,20.8%,51.1%,68.4%,82.7%,30.8%,22.2%,60.0
UC San Diego,Raphael Dunne,All,103,16,78.5,95.0,98.2,12.5%,-2.4°,8.8°,18.8,0.0%,0,0.238,.203,0.307,.292,50.0%,18.8%,18.8%,50.5%,76.2%,81.2%,32.8%,26.9%,65.0
Loyola-New Orleans,Drew Lee,All,289,40,83.4,97.3,99.6,25.0%,11.3°,15.9°,45.0,0.0%,0,0.259,.227,0.307,.345,37.5%,22.5%,27.5%,37.4%,55.5%,86.9%,26.3%,22.2%,98.0
Maine,Brody Rasmussen,All,519,101,86.7,101.9,107.5,34.7%,16.4°,21.8°,32.7,3.0%,3,0.244,.262,0.307,.351,34.7%,24.8%,27.7%,58.4%,84.1%,82.7%,38.4%,25.1%,69.0
Coppin State,Agustin Murillo,All,45,7,75.4,77.8,78.9,0.0%,15.8°,-,14.3,0.0%,0,0.222,.135,0.307,.239,57.1%,28.6%,0.0%,26.7%,42.9%,77.8%,12.5%,16.7%,114.0
Maryland,Antonio Morales,All,154,26,88.5,99.2,100.7,30.8%,8.6°,11.6°,34.6,3.8%,1,0.212,.286,0.306,.362,46.2%,26.9%,26.9%,38.3%,61.6%,95.6%,17.3%,16.9%,101.0
Northern Colorado,Ethan Mooser,All,299,58,84.5,100.5,102.6,25.9%,11.4°,4.9°,36.2,1.7%,1,0.257,.256,0.306,.299,43.1%,22.4%,27.6%,45.8%,65.9%,88.9%,31.8%,21.2%,83.0
Notre Dame,Jamie Zee,All,766,99,88.4,103.6,109.4,43.4%,7.8°,13.4°,29.3,5.1%,5,0.22,.208,0.306,.300,45.5%,26.3%,22.2%,41.6%,60.2%,82.1%,25.0%,30.7%,80.0
Duke,Ben Petrone,All,62,11,87.7,99.5,103.5,36.4%,19.0°,17.2°,36.4,0.0%,0,0.286,.189,0.306,.259,27.3%,18.2%,27.3%,53.2%,85.7%,66.7%,26.5%,39.4%,91.0
Liberty,Landon Scilley,All,527,85,89.6,104.2,106.5,38.8%,10.8°,9.7°,27.1,1.2%,1,0.237,.267,0.306,.338,47.1%,27.1%,23.5%,41.2%,66.2%,83.4%,22.1%,26.3%,102.0
Stanford,Tatum Marsh,All,352,58,83.7,100.6,106.3,20.7%,4.5°,0.3°,20.7,0.0%,0,0.216,.219,0.306,.320,60.3%,24.1%,15.5%,37.2%,63.5%,89.9%,16.3%,16.0%,105.0
Michigan State,Ryan McKay,All,727,155,85.4,99.4,102.5,29.0%,6.4°,7.6°,30.3,1.3%,2,0.247,.288,0.306,.358,50.3%,20.0%,24.5%,46.6%,71.3%,87.0%,26.8%,19.2%,105.0
Morehead State,Brayton Coomer,All,299,58,83.3,103.2,110.4,27.6%,16.7°,11.1°,34.5,3.4%,2,0.241,.231,0.306,.282,37.9%,31.0%,25.9%,53.8%,77.9%,81.4%,31.2%,27.3%,92.0
Le Moyne,Cooper Romich,All,141,30,87.1,97.3,98.7,20.0%,13.0°,5.6°,40.0,0.0%,0,0.27,.247,0.306,.310,40.0%,26.7%,23.3%,51.8%,80.7%,82.6%,32.1%,26.0%,88.0
Utah Tech,Kace Naone,All,444,65,84.1,101.7,103.9,33.8%,11.0°,8.1°,27.7,1.5%,1,0.235,.233,0.306,.323,49.2%,16.9%,24.6%,40.8%,64.9%,89.3%,20.7%,16.6%,105.0
Miami (OH),Hayden Christiansen,All,92,15,84.7,98.5,98.8,26.7%,-4.8°,6.4°,40.0,0.0%,0,0.217,.213,0.306,.282,60.0%,6.7%,33.3%,48.9%,66.7%,86.7%,31.9%,24.4%,77.0
UMass,Jack Beverly,All,196,32,87.2,99.9,101.9,25.0%,11.8°,14.4°,34.4,3.1%,1,0.244,.251,0.306,.348,40.6%,25.0%,28.1%,36.7%,58.2%,86.8%,18.1%,18.1%,125.0
NC State,Drew Lanphere,All,561,98,85.3,102.7,108.9,29.6%,7.3°,13.5°,28.6,5.1%,5,0.207,.257,0.306,.360,46.9%,25.5%,22.4%,42.4%,65.0%,86.5%,20.9%,18.9%,95.0
Richmond,Noah Haught,All,579,100,85.3,101.5,106.1,34.0%,4.2°,9.2°,29.0,0.0%,0,0.255,.238,0.306,.303,54.0%,15.0%,25.0%,42.5%,63.7%,79.7%,23.9%,29.7%,94.0
Memphis,Javon Hernandez,All,985,168,87.2,100.5,104.0,35.1%,7.7°,4.5°,24.4,1.8%,3,0.234,.260,0.306,.350,53.0%,25.6%,18.5%,38.7%,60.6%,89.7%,17.8%,14.2%,103.0
Queens (NC),Matthew Suppa,All,350,54,83.2,95.9,96.4,18.5%,5.0°,9.5°,35.2,0.0%,0,0.264,.230,0.306,.275,55.6%,14.8%,29.6%,42.0%,63.2%,87.0%,19.0%,18.4%,97.0
VCU,Trent Adelman,All,751,133,85.6,102.8,108.9,36.8%,5.5°,7.6°,36.1,1.5%,2,0.256,.262,0.306,.316,47.4%,19.5%,28.6%,46.3%,68.8%,87.3%,31.6%,25.3%,87.0
Santa Clara,Waylon Walsh,All,469,66,87.7,110.8,113.4,28.8%,9.2°,10.8°,36.4,7.6%,5,0.223,.238,0.306,.329,45.5%,31.8%,21.2%,41.8%,60.1%,84.0%,27.2%,26.0%,69.0
Alabama A&M,Zamar Lewis,All,45,9,89.2,107.7,109.8,44.4%,9.2°,6.9°,33.3,22.2%,2,0.214,.212,0.306,.287,55.6%,33.3%,11.1%,66.7%,88.0%,90.9%,40.0%,26.7%,98.0
Memphis,Webb Watson,All,437,53,82.7,104.4,106.6,32.1%,-1.9°,8.2°,24.5,5.7%,3,0.205,.212,0.305,.313,62.3%,17.0%,17.0%,38.7%,55.1%,74.8%,26.4%,31.4%,78.0
Navy,Christian Klug,All,448,89,86.0,103.5,107.4,31.5%,15.9°,8.1°,32.6,3.4%,3,0.267,.253,0.305,.329,34.8%,31.5%,29.2%,48.9%,70.7%,87.8%,30.0%,24.2%,91.0
Richmond,Joe Crenshaw,All,71,6,90.8,103.2,105.1,50.0%,-2.4°,0.5°,0.0,0.0%,0,0.167,.163,0.305,.307,83.3%,16.7%,0.0%,38.0%,54.2%,53.8%,29.8%,59.3%,75.0
Dallas Baptist,Adam Berghult,All,553,81,88.9,103.0,106.7,39.5%,17.7°,17.5°,29.6,6.2%,5,0.214,.242,0.305,.337,35.8%,28.4%,22.2%,40.0%,57.8%,82.8%,25.2%,25.3%,99.0
Purdue,Jimmy Dionne,All,143,21,84.8,99.6,104.9,23.8%,22.0°,20.8°,47.6,4.8%,1,0.265,.293,0.305,.339,23.8%,28.6%,38.1%,52.4%,69.2%,82.2%,38.5%,28.0%,99.0
Milwaukee,Joey Spence,All,486,65,87.5,103.6,109.4,36.9%,17.2°,17.9°,29.2,3.1%,2,0.214,.231,0.305,.342,36.9%,32.3%,24.6%,45.7%,71.0%,85.2%,28.0%,25.2%,93.0
Auburn,Eddie Madrigal,All,356,62,92.3,102.7,105.0,41.9%,15.1°,10.4°,41.9,1.6%,1,0.244,.311,0.305,.409,37.1%,27.4%,27.4%,42.4%,68.5%,85.0%,19.9%,23.8%,100.0
Fordham,Mason Dean,All,638,104,88.5,103.3,105.1,35.6%,10.6°,10.4°,30.8,2.9%,3,0.235,.272,0.305,.351,47.1%,19.2%,26.9%,37.3%,56.5%,86.1%,21.1%,21.8%,86.0
Alabama,Peyton Steele,All,546,83,90.0,105.1,108.5,43.4%,14.3°,16.0°,42.2,10.8%,9,0.23,.288,0.305,.407,34.9%,31.3%,28.9%,42.5%,66.0%,73.9%,23.5%,32.8%,101.0
UT Arlington,Austin Phillips,All,564,99,83.9,98.2,102.0,22.2%,12.2°,11.1°,34.3,1.0%,1,0.257,.246,0.305,.292,43.4%,27.3%,24.2%,48.9%,75.1%,77.7%,30.5%,27.9%,110.0
UC Davis,Keenan Anzai,All,199,38,80.2,98.7,100.4,10.5%,16.1°,17.4°,36.8,2.6%,1,0.25,.237,0.305,.293,31.6%,36.8%,31.6%,49.7%,72.8%,86.4%,33.9%,21.2%,56.0
Texas A&M,Blake Labuda,All,35,5,94.2,99.0,99.1,80.0%,-17.7°,-11.5°,20.0,0.0%,0,0.167,.277,0.305,.413,80.0%,0.0%,20.0%,37.1%,61.5%,87.5%,22.7%,30.8%,31.0
Florida A&M,Josue Figueroa,All,156,22,77.3,98.4,100.0,27.3%,6.0°,18.6°,27.3,4.5%,1,0.25,.194,0.305,.299,45.5%,27.3%,18.2%,37.8%,56.0%,83.3%,21.0%,25.4%,101.0
California,Taichi Nakao,All,122,19,86.7,97.0,97.8,36.8%,13.8°,9.1°,63.2,0.0%,0,0.233,.300,0.305,.360,31.6%,10.5%,52.6%,37.7%,54.2%,84.4%,22.2%,30.4%,62.0
UC Davis,Houston Hirschkorn,All,286,37,84.3,101.5,106.4,21.6%,20.5°,7.5°,24.3,5.4%,2,0.23,.198,0.305,.284,35.1%,37.8%,21.6%,41.6%,66.9%,82.7%,23.0%,31.1%,107.0
Belmont,JD Whitworth,All,397,62,82.9,99.9,103.1,21.0%,17.2°,13.4°,29.0,3.2%,2,0.221,.225,0.305,.323,38.7%,30.6%,19.4%,43.1%,71.2%,82.5%,20.5%,30.4%,128.0
Akron,Prince DeBoskie,All,278,46,82.0,101.4,103.7,30.4%,6.5°,11.4°,34.8,0.0%,0,0.233,.243,0.304,.324,41.3%,15.2%,32.6%,38.8%,60.3%,85.5%,21.1%,19.4%,116.0
Alabama A&M,KJ Stanfield,All,47,7,93.1,94.9,95.3,71.4%,-4.3°,-6.0°,14.3,0.0%,0,0.25,.173,0.304,.218,71.4%,14.3%,14.3%,42.6%,59.1%,84.6%,28.0%,25.0%,126.0
North Carolina A&T,Boaz Harper,All,190,29,87.3,100.9,103.5,41.4%,-1.3°,10.0°,34.5,3.4%,1,0.239,.225,0.304,.293,51.7%,20.7%,27.6%,42.1%,65.1%,71.4%,23.1%,38.8%,100.0
Houston,Jackson LaLima,All,651,111,86.7,104.0,107.0,36.9%,17.5°,18.7°,37.8,9.9%,11,0.216,.265,0.304,.349,31.5%,34.2%,27.9%,49.0%,69.3%,82.2%,31.6%,26.6%,61.0
Saint Louis,Joey Canzoni,All,663,102,83.7,100.2,105.3,28.4%,13.4°,18.3°,37.3,2.0%,2,0.221,.221,0.304,.307,39.2%,34.3%,25.5%,41.8%,65.4%,85.6%,23.9%,26.4%,116.0
Army,Carter Hewitt,All,626,107,85.0,101.1,103.7,29.9%,14.9°,12.4°,37.4,3.7%,4,0.243,.254,0.304,.323,39.3%,28.0%,29.0%,44.2%,66.5%,84.4%,27.5%,26.4%,110.0
New Mexico State,Camden Kaufman,All,560,78,87.2,100.2,102.3,25.6%,14.7°,12.4°,33.3,2.6%,2,0.243,.192,0.304,.289,37.2%,26.9%,28.2%,37.5%,56.3%,86.9%,24.3%,25.7%,76.0
Towson,AJ Kolb,All,299,67,80.5,95.2,97.2,9.0%,2.0°,8.4°,20.9,0.0%,0,0.303,.245,0.304,.280,59.7%,19.4%,17.9%,46.5%,72.5%,93.2%,22.9%,12.2%,93.0
Michigan,Jack Laffitte,All,227,37,84.9,98.8,104.5,24.3%,2.3°,3.1°,32.4,0.0%,0,0.25,.320,0.304,.369,51.4%,16.2%,32.4%,42.3%,60.6%,94.7%,29.3%,11.5%,87.0
Illinois-Chicago,Sean Cody,All,662,129,87.1,103.4,107.5,34.9%,7.1°,3.8°,25.6,1.6%,2,0.265,.245,0.304,.307,49.6%,20.9%,20.2%,46.7%,69.7%,84.5%,23.4%,20.7%,104.0
Sacramento State,Cameron Sewell,All,678,118,87.3,100.8,103.8,37.3%,16.9°,15.0°,40.7,2.5%,3,0.247,.270,0.304,.336,32.2%,23.7%,36.4%,45.0%,60.6%,84.6%,31.8%,23.3%,88.0
New Mexico,Damian Garcia,All,195,31,89.4,105.2,106.1,48.4%,10.5°,17.8°,38.7,12.9%,4,0.205,.240,0.304,.354,41.9%,29.0%,29.0%,44.1%,61.2%,69.8%,25.0%,36.0%,61.0
Arkansas State,Kaden Amundson,All,454,73,83.0,97.4,102.9,21.9%,15.7°,13.0°,35.6,0.0%,0,0.237,.245,0.304,.307,41.1%,28.8%,23.3%,38.5%,60.5%,93.5%,20.5%,14.9%,122.0
Gonzaga,Peyton Miller,All,50,8,83.5,91.4,94.8,0.0%,34.1°,-,50.0,0.0%,0,0.273,.096,0.304,.167,12.5%,50.0%,25.0%,42.0%,65.2%,86.7%,22.2%,19.0%,120.0
Wagner,Nick Mazzotta,All,191,50,86.9,101.9,105.0,38.0%,6.3°,12.6°,36.0,0.0%,0,0.269,.320,0.304,.368,40.0%,24.0%,32.0%,46.1%,72.5%,91.4%,27.0%,11.4%,105.0
North Florida,Jack Schrafft,All,309,38,85.9,105.7,110.7,39.5%,14.9°,12.5°,47.4,10.5%,4,0.217,.238,0.304,.345,34.2%,31.6%,31.6%,37.2%,61.3%,69.6%,14.5%,37.4%,119.0
Jacksonville,Logan Baratta,All,354,69,85.4,100.2,104.2,26.1%,6.9°,17.3°,30.4,2.9%,2,0.217,.236,0.304,.311,47.8%,23.2%,20.3%,43.5%,64.7%,87.1%,26.8%,18.2%,101.0
West Georgia,Fano Cruz,All,360,59,81.9,101.3,109.1,22.0%,6.2°,14.6°,33.9,3.4%,2,0.195,.208,0.304,.298,49.2%,23.7%,23.7%,45.6%,65.2%,74.8%,30.2%,34.1%,91.0
Hawaii,Joshua Martinez,All,138,31,85.7,99.0,101.2,22.6%,16.8°,26.3°,41.9,3.2%,1,0.25,.266,0.304,.342,29.0%,38.7%,29.0%,52.2%,70.0%,97.6%,38.5%,19.4%,78.0
Northwestern State,Bryce Johnson,All,113,19,83.5,107.6,108.8,42.1%,19.4°,21.4°,26.3,10.5%,2,0.233,.220,0.304,.290,26.3%,47.4%,26.3%,49.6%,66.7%,66.7%,33.9%,39.3%,76.0
Pacific (OR),Ben Lewis,All,50,9,85.3,99.0,102.4,44.4%,6.0°,11.1°,44.4,0.0%,0,0.25,.320,0.304,.373,55.6%,0.0%,44.4%,48.0%,84.2%,81.2%,25.8%,25.0%,117.0
Connecticut,Chase Taylor,All,302,50,86.1,94.1,98.8,12.0%,10.3°,-2.7°,30.0,0.0%,0,0.258,.243,0.304,.315,46.0%,20.0%,28.0%,37.1%,61.3%,86.2%,15.6%,17.0%,130.0
UC Santa Barbara,Cole Kosciusko,All,483,89,88.5,102.6,108.1,38.2%,9.3°,10.6°,36.0,2.2%,2,0.246,.284,0.304,.352,47.2%,23.6%,27.0%,45.8%,68.2%,91.8%,27.9%,23.1%,77.0
Jacksonville State,Ace Williamson,All,307,43,83.7,96.1,97.7,18.6%,16.7°,12.4°,23.3,0.0%,0,0.246,.158,0.304,.268,39.5%,27.9%,20.9%,42.0%,59.7%,81.9%,27.4%,29.5%,81.0
Dartmouth,Tyler Sirchia,All,125,14,81.5,98.8,99.1,35.7%,7.9°,1.3°,35.7,0.0%,0,0.2,.191,0.304,.308,50.0%,21.4%,28.6%,42.4%,66.7%,78.1%,27.3%,28.3%,108.0
Princeton,Grant Werdesheim,All,595,102,85.0,98.7,106.6,28.4%,2.5°,0.2°,28.4,0.0%,0,0.273,.227,0.304,.290,53.9%,22.5%,18.6%,48.7%,69.9%,89.4%,31.3%,20.0%,75.0
UMES,Ansel Carson,All,97,9,86.7,99.6,102.0,33.3%,24.8°,22.8°,55.6,0.0%,0,0.133,.225,0.303,.415,22.2%,44.4%,22.2%,25.8%,43.6%,82.4%,13.8%,24.0%,123.0
Eastern Kentucky,Boone Shevey,All,216,20,88.0,103.2,108.3,30.0%,7.2°,16.2°,45.0,10.0%,2,0.25,.215,0.303,.315,50.0%,5.0%,45.0%,39.8%,53.4%,67.3%,27.4%,41.9%,48.0
Mercer,Nathan Rowland,All,167,16,82.1,101.9,102.8,31.2%,3.8°,23.4°,43.8,6.2%,1,0.25,.151,0.303,.253,43.8%,31.2%,25.0%,37.7%,55.4%,61.3%,28.8%,46.0%,42.0
USC,Isaiah Ibarra,All,81,9,83.9,101.2,102.0,22.2%,-3.6°,19.5°,55.6,0.0%,0,0.2,.226,0.303,.339,44.4%,0.0%,55.6%,33.3%,45.5%,86.7%,25.0%,33.3%,66.0
Niagara,Tyler Vivacqua,All,227,44,80.4,101.0,102.0,13.6%,5.5°,11.6°,29.5,2.3%,1,0.189,.222,0.303,.332,47.7%,27.3%,18.2%,39.2%,59.4%,84.1%,21.5%,22.5%,124.0
Pacific,Blaine French,All,460,89,85.5,102.5,108.6,34.8%,1.6°,8.3°,25.8,1.1%,1,0.254,.256,0.303,.307,58.4%,15.7%,21.3%,52.6%,76.1%,85.3%,35.0%,25.6%,60.0
Michigan,Joshua Campbell,All,156,32,81.0,95.2,100.7,6.2%,-1.6°,16.2°,34.4,0.0%,0,0.25,.252,0.303,.309,53.1%,15.6%,28.1%,44.9%,72.7%,85.7%,17.7%,17.1%,149.0
Samford,Pierce Dutton,All,526,95,87.6,101.7,105.3,33.7%,9.0°,10.6°,28.4,2.1%,2,0.254,.269,0.303,.350,46.3%,25.3%,25.3%,39.9%,58.2%,88.7%,24.1%,17.1%,89.0
North Carolina,Carter French,All,490,77,86.5,100.5,101.7,31.2%,10.2°,14.5°,33.8,1.3%,1,0.24,.259,0.303,.356,41.6%,27.3%,24.7%,39.2%,67.2%,89.9%,13.3%,16.7%,122.0
Coppin State,Marcus Sanders,All,62,8,82.0,95.1,98.6,37.5%,10.6°,-5.6°,50.0,0.0%,0,0.267,.196,0.303,.200,50.0%,12.5%,37.5%,43.5%,66.7%,81.2%,28.9%,37.0%,63.0
VCU,Teige Lethert,All,661,119,86.7,105.0,109.5,42.9%,8.9°,8.4°,31.9,5.0%,6,0.227,.270,0.303,.349,50.4%,23.5%,22.7%,41.3%,57.5%,88.0%,26.1%,20.1%,84.0
San Jose State,Anthony Scheppler,All,160,18,91.8,103.0,105.2,44.4%,28.4°,18.7°,38.9,5.6%,1,0.176,.158,0.303,.296,16.7%,38.9%,22.2%,47.5%,79.3%,71.7%,29.4%,43.4%,82.0
La Salle,Jayden Novak,All,391,46,94.3,105.7,107.3,52.2%,19.6°,19.8°,28.3,13.0%,6,0.178,.216,0.303,.356,30.4%,41.3%,19.6%,37.3%,59.0%,78.4%,20.2%,28.1%,105.0
Dallas Baptist,Jude Hall,All,115,10,83.4,95.5,97.1,30.0%,-9.5°,-16.1°,10.0,0.0%,0,0.111,.118,0.303,.326,60.0%,30.0%,0.0%,37.4%,59.6%,61.3%,19.0%,46.5%,111.0
Cal State Fullerton,Bren Wilkinson,All,136,26,83.6,96.2,100.2,15.4%,10.6°,0.7°,19.2,0.0%,0,0.294,.216,0.303,.255,50.0%,15.4%,19.2%,41.9%,68.3%,90.2%,21.1%,19.3%,97.0
Northern Colorado,Zeke Minic,All,232,35,87.0,101.4,104.5,34.3%,8.1°,18.2°,40.0,0.0%,0,0.291,.221,0.303,.254,45.7%,8.6%,40.0%,47.0%,76.6%,84.7%,26.8%,27.5%,112.0
Ball State,Ryan Muizelaar,All,254,56,87.4,99.8,104.7,28.6%,22.7°,11.9°,48.2,0.0%,0,0.269,.279,0.303,.321,26.8%,30.4%,37.5%,52.0%,70.1%,85.4%,36.5%,22.7%,79.0
Baylor,Robert De La Garza,All,192,28,91.3,101.6,102.1,50.0%,-0.5°,3.9°,21.4,3.6%,1,0.214,.203,0.302,.323,53.6%,21.4%,17.9%,39.1%,68.8%,78.2%,17.9%,37.3%,112.0
Milligan,Nick Iezzi,All,99,13,88.7,94.8,96.3,30.8%,-8.2°,-1.3°,30.8,0.0%,0,0.25,.291,0.302,.349,69.2%,0.0%,30.8%,39.4%,73.0%,92.6%,19.4%,15.4%,130.0
Northern Kentucky,Alex Brazer,All,312,49,89.5,105.1,106.7,49.0%,10.3°,16.2°,40.8,14.3%,7,0.189,.252,0.302,.391,46.9%,30.6%,20.4%,45.5%,66.4%,78.3%,31.6%,35.9%,69.0
Cornell,Tyler Beaulieu,All,353,80,83.3,101.7,104.0,33.8%,-1.4°,15.5°,32.5,3.8%,3,0.242,.281,0.302,.349,56.2%,17.5%,25.0%,42.8%,60.9%,96.1%,26.1%,10.6%,88.0
UC Davis,Elijah McNeal,All,748,142,83.1,102.4,107.6,21.1%,10.7°,14.0°,36.6,4.2%,6,0.262,.249,0.302,.307,43.7%,21.1%,29.6%,50.7%,70.8%,83.3%,34.0%,26.1%,65.0
Arkansas-Pine Bluff,Konner Gidley,All,192,36,83.4,98.2,100.3,16.7%,0.3°,-5.0°,22.2,0.0%,0,0.261,.212,0.302,.285,61.1%,19.4%,13.9%,41.7%,66.7%,85.0%,19.6%,21.2%,132.0
UTRGV,Austin Stracener,All,141,20,79.8,95.3,100.0,5.0%,-1.9°,21.2°,25.0,0.0%,0,0.323,.189,0.302,.242,70.0%,5.0%,20.0%,42.6%,71.2%,76.6%,17.3%,31.7%,123.0
Xavier,JD Crisp,All,443,60,83.5,99.5,104.6,21.7%,13.5°,17.0°,33.3,0.0%,0,0.235,.210,0.302,.267,38.3%,18.3%,31.7%,47.2%,68.5%,75.4%,32.0%,38.8%,75.0
Western Illinois,Justin Bogard,All,40,5,81.8,92.3,93.9,0.0%,23.0°,-,0.0,0.0%,0,0.222,.202,0.302,.276,40.0%,60.0%,0.0%,47.5%,70.6%,58.3%,30.4%,52.6%,81.0
Stonehill,Sean McGee,All,114,24,92.0,99.9,104.4,37.5%,25.3°,12.4°,50.0,0.0%,0,0.235,.227,0.302,.300,20.8%,41.7%,33.3%,50.0%,76.5%,82.1%,28.6%,33.3%,106.0
Baylor,Hunter Snow,All,446,53,87.8,103.8,106.8,37.7%,10.8°,19.2°,35.8,1.9%,1,0.188,.212,0.302,.327,35.8%,26.4%,26.4%,44.4%,68.4%,71.9%,27.0%,40.4%,102.0
Erskine,Quinn Allen,All,83,16,84.3,99.7,105.9,18.8%,17.7°,20.2°,18.8,0.0%,0,0.222,.222,0.302,.373,43.8%,43.8%,6.2%,42.2%,75.0%,83.3%,28.8%,20.0%,142.0
Navy,Victor Izquierdo,All,617,142,87.3,107.0,112.2,43.0%,14.2°,10.3°,28.2,6.3%,9,0.236,.283,0.302,.373,42.3%,34.5%,21.1%,47.3%,73.0%,93.8%,30.6%,15.4%,96.0
Maine,Drew Reynolds,All,85,11,88.1,99.5,106.3,18.2%,25.4°,34.1°,9.1,9.1%,1,0.118,.154,0.302,.316,45.5%,45.5%,0.0%,44.7%,71.4%,80.0%,18.6%,26.3%,118.0
Ohio State,Grant Mangrum,All,459,67,87.5,103.8,107.4,38.8%,12.6°,14.0°,29.9,3.0%,2,0.212,.236,0.302,.325,40.3%,31.3%,20.9%,41.8%,60.0%,80.6%,25.8%,30.7%,87.0
South Alabama,Robert Miranda,All,200,32,85.4,100.6,101.7,21.9%,13.3°,25.5°,40.6,6.2%,2,0.217,.196,0.302,.307,31.2%,40.6%,21.9%,54.5%,75.9%,81.7%,40.5%,31.2%,70.0
Tarleton State,Raphael Smeenk,All,505,84,86.8,98.8,106.4,23.8%,16.3°,15.3°,27.4,3.6%,3,0.212,.201,0.302,.304,33.3%,34.5%,19.0%,44.4%,68.5%,90.1%,25.4%,17.0%,113.0
USC,Diego Velazquez,All,100,12,82.7,106.0,108.0,25.0%,-6.0°,8.7°,25.0,0.0%,0,0.167,.244,0.302,.352,83.3%,0.0%,16.7%,35.0%,57.9%,72.7%,21.0%,37.1%,103.0
Belmont,Cavan McMeans,All,598,125,88.1,103.4,106.5,35.2%,14.7°,17.2°,35.2,5.6%,7,0.256,.246,0.302,.334,33.6%,25.6%,27.2%,55.0%,78.1%,79.0%,35.5%,28.9%,84.0
Mississippi Valley,Cody Leming,All,220,29,81.2,97.0,99.3,17.2%,4.7°,12.2°,24.1,0.0%,0,0.24,.194,0.302,.238,48.3%,6.9%,24.1%,40.9%,54.1%,83.0%,30.3%,23.3%,55.0
Virginia,Griffin Enis,All,130,19,82.6,97.0,103.1,21.1%,12.1°,20.8°,21.1,5.3%,1,0.214,.193,0.302,.279,36.8%,47.4%,10.5%,38.5%,62.1%,88.9%,19.4%,28.0%,66.0
Ohio,Cale Steinbaugh,All,137,24,84.0,97.2,98.8,16.7%,17.1°,17.1°,25.0,0.0%,0,0.281,.191,0.302,.245,37.5%,29.2%,25.0%,38.7%,53.2%,75.6%,20.0%,30.2%,100.0
Stony Brook,Michael Cervoni,All,261,49,83.2,98.3,99.2,20.4%,5.1°,1.2°,24.5,0.0%,0,0.271,.239,0.302,.291,57.1%,14.3%,20.4%,42.5%,67.3%,85.5%,23.6%,22.5%,113.0
Southern Indiana,Ryan Skwarek,All,119,21,74.0,92.1,96.3,9.5%,4.7°,-1.3°,23.8,0.0%,0,0.24,.206,0.302,.325,52.4%,33.3%,9.5%,50.4%,73.2%,90.2%,30.2%,13.3%,73.0
Marshall,Oliver Service,All,500,80,88.5,107.9,109.9,42.5%,12.1°,10.0°,33.8,6.2%,5,0.226,.277,0.301,.370,41.2%,16.2%,28.7%,49.0%,76.4%,75.0%,30.9%,33.1%,81.0
Angelo State,Blake Wilhoite,All,45,7,86.6,95.3,96.1,14.3%,13.5°,-,57.1,0.0%,0,0.143,-,0.301,-,28.6%,28.6%,42.9%,24.4%,38.1%,100.0%,12.5%,9.1%,
BYU,Keoni Painter,All,502,68,88.8,101.7,104.7,45.6%,14.1°,15.3°,35.3,0.0%,0,0.226,.230,0.301,.326,36.8%,30.9%,23.5%,33.9%,52.5%,84.5%,19.2%,26.5%,95.0
New Mexico State,Brandon Clizbe,All,295,36,90.5,105.6,107.3,55.6%,8.0°,12.8°,38.9,5.6%,2,0.257,.247,0.301,.300,41.7%,25.0%,30.6%,45.4%,62.7%,68.4%,32.5%,43.3%,74.0
California,Jordy Lopez,All,139,27,85.8,99.5,99.9,40.7%,5.0°,2.3°,22.2,0.0%,0,0.189,.210,0.301,.296,55.6%,14.8%,22.2%,38.1%,58.3%,97.1%,22.8%,18.9%,91.0
Holy Cross,Liam Daly,All,150,30,82.1,100.1,103.0,33.3%,-5.4°,10.6°,23.3,3.3%,1,0.211,.235,0.301,.313,70.0%,20.0%,10.0%,42.0%,65.2%,90.7%,23.8%,22.2%,98.0
Valparaiso,Case Sullivan,All,517,91,84.2,98.5,102.0,24.2%,19.6°,14.2°,33.0,1.1%,1,0.211,.206,0.301,.284,33.0%,39.6%,24.2%,43.3%,67.6%,84.2%,24.7%,27.7%,105.0
Stony Brook,Johnny Pilla,All,394,57,82.9,98.3,105.0,21.1%,10.3°,13.2°,26.3,1.8%,1,0.216,.232,0.301,.328,40.4%,36.8%,21.1%,39.8%,69.8%,89.0%,14.2%,18.5%,127.0
Jacksonville,Sammy Mummau,All,361,57,85.7,96.5,101.6,21.1%,14.9°,15.2°,50.9,0.0%,0,0.259,.258,0.301,.327,31.6%,21.1%,38.6%,45.2%,63.6%,90.3%,30.2%,22.1%,71.0
Stony Brook,James Schaffer,All,467,77,81.3,92.5,95.4,7.8%,3.2°,-4.1°,32.5,0.0%,0,0.264,.249,0.301,.316,54.5%,15.6%,26.0%,37.7%,56.6%,93.8%,19.7%,11.9%,88.0
Loyola Marymount,Matthew Moreno,All,234,33,77.6,97.0,99.6,15.2%,3.4°,15.4°,33.3,0.0%,0,0.275,.200,0.301,.231,48.5%,18.2%,30.3%,41.5%,54.8%,74.5%,32.6%,38.1%,45.0
Baylor,Pearson Riebock,All,790,90,83.0,100.7,105.3,30.0%,13.9°,14.1°,34.4,5.6%,5,0.218,.198,0.301,.295,44.4%,37.8%,16.7%,39.5%,62.7%,77.8%,19.4%,32.1%,103.0
Canisius,Tommy Sheridan,All,63,5,88.0,95.4,96.2,20.0%,22.0°,26.6°,40.0,0.0%,0,0.167,.125,0.301,.282,20.0%,60.0%,20.0%,33.3%,53.8%,71.4%,18.9%,42.9%,139.0
Ball State,Brady Davidson,All,158,34,89.2,101.6,102.6,41.2%,0.7°,11.0°,35.3,2.9%,1,0.244,.338,0.301,.407,47.1%,14.7%,32.4%,44.9%,69.2%,100.0%,28.0%,14.1%,70.0
Grambling,Daniel Soukup II,All,67,5,81.6,102.9,105.9,20.0%,-6.0°,3.5°,20.0,0.0%,0,0.167,.142,0.301,.259,80.0%,0.0%,20.0%,25.4%,44.4%,75.0%,12.5%,35.3%,62.0
Troy,Nolan Book,All,648,98,88.0,101.6,108.9,30.6%,13.6°,9.3°,32.7,3.1%,3,0.252,.247,0.301,.314,44.9%,30.6%,21.4%,43.1%,69.5%,85.1%,23.0%,26.5%,97.0
Portland,Aaron Louis,All,90,21,83.7,98.0,102.7,19.0%,14.3°,5.5°,42.9,0.0%,0,0.261,.326,0.301,.371,33.3%,33.3%,28.6%,48.9%,69.2%,88.9%,33.3%,18.2%,61.0
Pacific,Derek Bartram,All,229,44,87.2,105.3,110.2,50.0%,1.9°,3.3°,25.0,4.5%,2,0.258,.257,0.3,.306,63.6%,15.9%,20.5%,57.2%,75.2%,79.3%,40.8%,29.0%,44.0
Wofford,Keeton Burroughs,All,97,9,74.8,91.0,92.0,0.0%,22.2°,-,22.2,0.0%,0,0.286,.180,0.3,.272,22.2%,55.6%,22.2%,37.1%,58.5%,95.8%,21.4%,13.9%,76.0
Vanderbilt,Korbin Reynolds,All,622,89,86.7,104.4,108.8,31.5%,8.3°,20.5°,27.0,3.4%,3,0.238,.213,0.3,.281,48.3%,29.2%,19.1%,54.3%,73.4%,68.5%,34.6%,40.2%,67.0
LSU,Jack Ruckert,All,288,54,85.3,101.0,103.8,25.9%,16.8°,17.7°,31.5,1.9%,1,0.239,.255,0.3,.341,35.2%,29.6%,27.8%,38.5%,60.3%,94.1%,17.7%,15.3%,105.0
Alabama State,Cale Clark,All,348,69,85.6,100.0,103.3,27.5%,9.2°,13.2°,36.2,0.0%,0,0.235,.300,0.3,.370,47.8%,18.8%,29.0%,43.7%,65.7%,90.9%,29.9%,21.1%,90.0
Merrimack,Sam Sherman,All,66,7,81.5,89.0,90.4,0.0%,7.4°,-,28.6,0.0%,0,0.0,.087,0.3,.359,42.9%,42.9%,14.3%,28.8%,53.3%,93.8%,8.3%,5.3%,166.0
Stonehill,Ryan LeClair,All,191,36,78.3,98.0,103.9,11.1%,8.4°,9.6°,27.8,0.0%,0,0.238,.224,0.3,.312,47.2%,27.8%,19.4%,41.4%,72.0%,81.5%,21.6%,24.1%,125.0
Le Moyne,Derek Diaz,All,100,14,81.3,95.9,102.8,21.4%,23.0°,10.9°,21.4,7.1%,1,0.167,.206,0.3,.330,42.9%,42.9%,14.3%,37.0%,54.8%,65.2%,24.1%,37.8%,97.0
Sacred Heart,Ronan Donohue,All,210,26,91.6,105.1,108.9,34.6%,14.1°,13.0°,30.8,3.8%,1,0.195,.234,0.3,.330,46.2%,26.9%,26.9%,37.6%,62.2%,82.1%,19.2%,27.8%,110.0
North Georgia,Brody Yeomans,All,165,29,83.8,98.8,102.8,17.2%,1.8°,13.1°,44.8,0.0%,0,0.211,.252,0.3,.335,55.2%,13.8%,31.0%,49.1%,74.2%,87.8%,32.3%,27.2%,130.0
Quinnipiac,Caden Williamson,All,467,96,81.2,96.9,99.8,20.8%,5.6°,9.4°,31.2,0.0%,0,0.274,.278,0.3,.320,52.1%,18.8%,26.0%,45.2%,64.8%,90.7%,28.3%,16.1%,99.0
Omaha,Brody Sexton,All,243,31,84.2,102.5,104.3,22.6%,5.8°,11.8°,25.8,3.2%,1,0.174,.210,0.3,.319,54.8%,25.8%,16.1%,39.1%,59.1%,77.9%,21.1%,28.4%,82.0
UNC Wilmington,John Newton,All,441,63,86.0,106.7,107.8,34.9%,-5.6°,9.8°,27.0,3.2%,2,0.228,.231,0.3,.304,57.1%,14.3%,25.4%,42.9%,68.8%,84.9%,20.9%,24.9%,111.0
Ohio,Cameron Boyd,All,484,90,89.5,106.9,110.0,35.6%,10.6°,9.5°,31.1,6.7%,6,0.225,.247,0.3,.329,45.6%,26.7%,23.3%,44.8%,68.2%,83.1%,25.8%,24.9%,100.0
Tulane,Kaikea Harrison,All,845,170,85.6,96.6,100.3,18.2%,13.5°,9.7°,34.7,0.0%,0,0.237,.240,0.3,.301,36.5%,30.0%,28.2%,45.7%,68.6%,88.4%,26.1%,20.7%,97.0
Abilene Christian,Kanon Sundgren,All,304,52,85.4,98.4,101.4,21.2%,14.0°,16.9°,40.4,1.9%,1,0.267,.234,0.3,.301,40.4%,21.2%,32.7%,45.4%,69.2%,83.7%,26.9%,31.9%,87.0
Charleston,Trent Dosenbach,All,114,14,83.0,94.7,95.3,7.1%,-1.0°,39.9°,14.3,0.0%,0,0.2,.234,0.3,.331,57.1%,14.3%,14.3%,36.8%,67.5%,92.6%,20.3%,23.8%,110.0
USC Upstate,Gage Griggs,All,516,90,81.3,98.1,101.2,17.8%,4.4°,9.5°,27.8,0.0%,0,0.258,.217,0.3,.270,51.1%,20.0%,21.1%,45.7%,70.0%,87.1%,24.2%,20.3%,118.0
LSU,Edward Yamin,All,186,23,83.4,102.1,106.3,30.4%,20.2°,17.0°,26.1,4.3%,1,0.225,.159,0.3,.217,34.8%,43.5%,17.4%,43.0%,64.4%,69.6%,24.2%,40.0%,31.0
UC Irvine,Auggie Gutierrez,All,485,73,80.2,98.9,101.1,17.8%,8.3°,6.7°,32.9,0.0%,0,0.25,.240,0.3,.305,46.6%,23.3%,28.8%,36.3%,59.9%,89.5%,16.3%,17.0%,115.0
USF,Joey Brenczewski,All,249,39,85.6,101.0,104.0,33.3%,6.1°,14.7°,28.2,2.6%,1,0.236,.228,0.3,.345,43.6%,23.1%,23.1%,44.2%,64.3%,84.7%,27.7%,20.9%,81.0
Radford,Brooks Simpson,All,318,48,84.6,101.1,101.3,27.1%,0.0°,6.5°,29.2,0.0%,0,0.232,.253,0.3,.329,56.2%,12.5%,29.2%,39.3%,60.4%,87.4%,21.8%,24.0%,92.0
Hofstra,Samuel Leonard,All,129,20,78.1,96.3,97.0,10.0%,-16.4°,3.3°,15.0,0.0%,0,0.267,.195,0.3,.274,70.0%,5.0%,15.0%,36.4%,60.0%,83.3%,15.9%,21.3%,112.0
Jacksonville State,Greg LaChance,All,332,64,85.7,101.4,104.5,29.7%,16.8°,12.6°,39.1,6.2%,4,0.25,.268,0.3,.346,35.9%,26.6%,29.7%,44.0%,68.3%,87.3%,21.1%,18.5%,103.0
Missouri,Julio Campos,All,87,17,89.5,101.9,105.7,47.1%,2.8°,4.3°,29.4,5.9%,1,0.227,.284,0.3,.339,58.8%,17.6%,23.5%,44.8%,61.4%,88.9%,27.9%,20.5%,106.0
Loyola Marymount,Travis Friend,All,520,84,90.1,105.7,110.0,47.6%,24.1°,19.5°,33.3,10.7%,9,0.221,.223,0.3,.311,27.4%,39.3%,23.8%,57.9%,73.9%,75.8%,44.1%,42.9%,53.0
Southern Illinois,Xavier Farnum,All,141,18,88.1,100.3,101.9,38.9%,23.9°,24.1°,38.9,5.6%,1,0.207,.166,0.299,.276,33.3%,38.9%,16.7%,43.3%,64.6%,76.2%,25.0%,31.1%,66.0
California,Ethan Kodama,All,598,80,86.8,101.8,104.1,33.8%,-1.7°,-0.6°,26.2,1.2%,1,0.232,.223,0.299,.296,61.3%,12.5%,25.0%,41.6%,65.3%,84.4%,22.8%,26.9%,87.0
Eastern Kentucky,Gunnar Bingham,All,130,23,82.9,96.6,99.9,13.0%,18.2°,14.7°,34.8,0.0%,0,0.161,.209,0.299,.309,30.4%,26.1%,30.4%,39.2%,69.2%,80.6%,19.2%,29.4%,114.0
Queens (NC),Lenox Lively,All,500,72,82.6,98.7,101.8,22.2%,10.5°,13.0°,34.7,0.0%,0,0.194,.205,0.299,.297,44.4%,23.6%,27.8%,39.2%,61.9%,80.4%,19.7%,28.6%,100.0
Utah Valley,Trenton Rowan,All,274,37,86.1,106.0,109.2,37.8%,8.7°,17.0°,29.7,10.8%,4,0.231,.271,0.299,.363,45.9%,18.9%,24.3%,40.9%,54.9%,82.1%,29.6%,27.7%,86.0
Northern Kentucky,Josh Williams,All,352,59,91.9,104.6,109.0,37.3%,19.0°,14.8°,35.6,8.5%,5,0.209,.226,0.299,.357,27.1%,40.7%,23.7%,46.0%,68.2%,83.2%,29.9%,25.3%,71.0
UCF,Austin Jacobs,All,532,87,86.0,96.9,101.9,28.7%,12.3°,7.0°,33.3,0.0%,0,0.25,.230,0.299,.298,40.2%,21.8%,26.4%,40.2%,63.2%,92.5%,19.4%,16.8%,103.0
Lincoln Memorial,Ford Hallock,All,72,7,82.4,91.5,96.3,14.3%,29.6°,22.3°,42.9,0.0%,0,0.083,.051,0.299,.269,14.3%,71.4%,14.3%,33.3%,65.4%,76.5%,15.2%,25.0%,154.0
Columbus State,Corey Berry,All,62,10,82.5,95.1,95.9,10.0%,-6.3°,36.5°,10.0,0.0%,0,0.231,.169,0.299,.180,70.0%,20.0%,10.0%,29.0%,54.8%,88.2%,3.2%,11.1%,75.0
Nicholls,Jaxon Milam,All,519,96,84.1,100.2,105.9,29.2%,10.1°,10.9°,34.4,3.1%,3,0.248,.215,0.299,.267,44.8%,22.9%,26.0%,57.4%,85.1%,83.5%,36.9%,29.2%,76.0
Illinois State,Camden Karczewski,All,543,107,85.6,97.6,102.4,20.6%,3.7°,1.0°,26.2,0.9%,1,0.254,.260,0.299,.317,55.1%,20.6%,23.4%,47.0%,68.2%,88.8%,27.3%,15.3%,86.0
New Orleans,Adrian Dominguez,All,330,72,86.4,100.8,105.0,22.2%,12.7°,6.6°,31.9,1.4%,1,0.253,.301,0.299,.354,40.3%,26.4%,31.9%,43.3%,66.7%,84.0%,25.9%,17.5%,124.0
Columbia,Charlie Slabaugh,All,271,46,87.3,102.0,105.5,32.6%,8.3°,12.4°,41.3,0.0%,0,0.224,.278,0.299,.367,45.7%,19.6%,34.8%,39.9%,68.8%,98.7%,19.5%,12.0%,121.0
Eastern Illinois,Kyree Alexander,All,115,15,83.3,98.3,102.4,13.3%,3.6°,12.9°,40.0,0.0%,0,0.227,.271,0.299,.346,46.7%,13.3%,33.3%,42.6%,61.4%,92.6%,31.0%,26.5%,123.0
Towson,Frank Adamski Jr.,All,511,96,85.9,100.7,105.6,31.2%,10.7°,9.9°,37.5,1.0%,1,0.231,.267,0.299,.339,36.5%,27.1%,32.3%,46.8%,70.8%,81.8%,26.6%,21.8%,90.0
Cornell,Caden Callaway,All,61,7,68.2,59.2,59.2,0.0%,-5.0°,-,0.0,0.0%,0,0.111,.126,0.299,.277,85.7%,14.3%,0.0%,42.6%,67.7%,90.5%,16.7%,7.7%,112.0
Abilene Christian,Gavin Brzozowski,All,351,58,86.5,99.6,103.8,25.9%,12.3°,13.4°,37.9,1.7%,1,0.195,.244,0.298,.337,39.7%,24.1%,29.3%,34.5%,55.2%,85.4%,14.1%,20.7%,105.0
Army,Addison Ainsworth,All,415,60,87.8,99.1,101.6,28.3%,15.9°,12.6°,51.7,0.0%,0,0.221,.262,0.298,.348,28.3%,26.7%,45.0%,37.3%,60.5%,87.5%,18.7%,23.2%,109.0
North Georgia,Hunter Thompson,All,152,28,84.7,104.4,108.7,25.0%,6.4°,6.6°,25.0,3.6%,1,0.257,.252,0.298,.304,60.7%,14.3%,17.9%,40.8%,68.3%,80.5%,22.8%,25.8%,142.0
Lafayette,Will Dobil,All,419,93,83.6,98.3,101.1,23.7%,11.0°,7.6°,32.3,0.0%,0,0.25,.253,0.298,.299,43.0%,26.9%,23.7%,50.1%,73.7%,91.5%,33.2%,15.7%,85.0
Marshall,Jackson Golden,All,580,131,90.4,103.7,105.6,45.0%,8.7°,8.6°,35.9,3.8%,5,0.25,.316,0.298,.378,46.6%,19.8%,29.8%,47.1%,68.5%,88.4%,27.6%,17.6%,98.0
UL Monroe,Drew Jarrell,All,29,5,89.3,93.5,96.0,40.0%,6.7°,4.2°,40.0,0.0%,0,0.167,.230,0.298,.318,40.0%,20.0%,40.0%,44.8%,91.7%,100.0%,11.8%,15.4%,189.0
Milwaukee,Connor Bozak,All,138,20,88.7,103.4,104.0,40.0%,15.0°,17.0°,50.0,5.0%,1,0.242,.240,0.298,.297,30.0%,30.0%,35.0%,44.9%,55.1%,72.1%,31.7%,37.1%,41.0
New Haven,Casey Cerruto,All,98,20,86.7,94.1,98.2,5.0%,2.9°,15.8°,30.0,0.0%,0,0.286,.241,0.298,.268,45.0%,15.0%,30.0%,42.9%,60.0%,90.9%,20.9%,14.3%,87.0
Mississippi Valley,Jace Jones,All,122,17,85.3,98.4,101.1,35.3%,19.1°,12.4°,41.2,0.0%,0,0.286,.250,0.298,.281,35.3%,17.6%,35.3%,40.2%,48.1%,84.0%,34.3%,34.7%,54.0
The Citadel,Phillips Daniels,All,637,96,81.5,99.9,102.3,22.9%,-1.9°,5.9°,25.0,0.0%,0,0.244,.248,0.298,.304,62.5%,12.5%,21.9%,38.6%,59.4%,92.1%,22.6%,13.4%,95.0
Bucknell,Zach Selfon,All,762,152,81.4,97.0,99.4,13.8%,5.7°,4.5°,22.4,0.0%,0,0.256,.258,0.298,.311,54.6%,19.7%,19.7%,37.8%,54.1%,95.5%,25.4%,11.8%,100.0
Belmont,Michael Lareau,All,427,56,88.2,103.6,105.8,30.4%,9.0°,14.3°,35.7,5.4%,3,0.189,.191,0.298,.301,44.6%,26.8%,19.6%,42.4%,62.5%,73.9%,27.2%,37.0%,99.0
Nevada,Sam Kane,All,189,28,90.3,103.6,109.5,42.9%,12.8°,11.2°,28.6,3.6%,1,0.233,.245,0.298,.312,50.0%,14.3%,28.6%,47.1%,66.3%,84.7%,30.0%,27.0%,48.0
Charleston Southern,Ethan Reader,All,386,79,84.6,97.1,100.3,15.2%,0.4°,4.8°,26.6,0.0%,0,0.258,.222,0.298,.283,59.5%,13.9%,16.5%,42.5%,64.1%,91.4%,23.4%,12.8%,108.0
Texas A&M-Corpus Christi,Maxwell Towchik,All,91,23,83.4,100.6,106.9,26.1%,20.6°,10.4°,34.8,0.0%,0,0.259,.274,0.298,.294,39.1%,39.1%,17.4%,57.1%,75.0%,84.8%,40.4%,25.0%,73.0
San Diego,Cade Martinez,All,640,99,83.4,97.1,99.5,18.2%,16.0°,13.9°,38.4,0.0%,0,0.233,.241,0.298,.305,41.4%,19.2%,35.4%,37.3%,51.8%,90.5%,25.8%,18.4%,80.0
UT Arlington,Caylon Dygert,All,442,64,90.6,103.2,106.3,39.1%,4.2°,8.6°,37.5,6.2%,4,0.215,.255,0.298,.352,50.0%,17.2%,29.7%,36.4%,54.4%,87.5%,20.8%,24.2%,107.0
Southern Miss,Ty Long,All,267,30,82.9,102.4,104.4,23.3%,5.8°,15.8°,36.7,3.3%,1,0.2,.181,0.298,.291,46.7%,16.7%,30.0%,40.1%,58.0%,82.6%,25.7%,30.8%,57.0
UTRGV,Andy Chapa,All,135,21,87.0,98.9,102.9,28.6%,17.1°,14.6°,28.6,0.0%,0,0.222,.336,0.298,.399,47.6%,23.8%,23.8%,55.6%,80.9%,89.5%,42.0%,24.0%,121.0
North Alabama,Cayden Sheffield,All,445,75,87.9,102.9,107.4,36.0%,4.8°,6.0°,25.3,2.7%,2,0.212,.260,0.297,.344,52.0%,22.7%,21.3%,40.4%,67.2%,82.2%,20.2%,22.8%,108.0
Delaware,Cole Carbone,All,48,7,89.6,94.4,94.5,28.6%,3.1°,-5.7°,42.9,0.0%,0,0.273,.340,0.297,.366,71.4%,0.0%,28.6%,39.6%,62.5%,66.7%,16.7%,42.1%,75.0
Georgia College,Rand Bestermann,All,71,14,84.5,99.1,100.9,35.7%,18.5°,22.8°,28.6,0.0%,0,0.25,.248,0.297,.303,28.6%,42.9%,28.6%,42.3%,64.5%,80.0%,25.0%,30.0%,67.0
Sacramento State,Jameson Mullin,All,241,34,88.5,103.6,105.5,29.4%,12.7°,11.0°,23.5,0.0%,0,0.204,.203,0.297,.299,41.2%,29.4%,17.6%,42.3%,63.9%,85.5%,24.8%,25.5%,97.0
Eastern Michigan,Keegan Knupp,All,497,104,85.0,98.7,102.2,18.3%,2.2°,7.9°,31.7,0.0%,0,0.244,.284,0.297,.333,52.9%,15.4%,26.0%,44.1%,65.4%,88.2%,28.7%,17.4%,77.0
St. Thomas (MN),Zan Von Schlegell,All,275,49,86.7,102.3,103.7,34.7%,5.4°,10.0°,28.6,0.0%,0,0.213,.301,0.297,.379,55.1%,22.4%,20.4%,38.5%,70.2%,86.2%,16.1%,21.7%,118.0
Portland,Jonas Salk,All,345,54,83.7,102.1,103.6,25.9%,22.2°,22.0°,40.7,3.7%,2,0.208,.243,0.297,.321,27.8%,37.0%,27.8%,53.3%,77.9%,77.9%,35.5%,36.4%,77.0
Missouri,Mateo Serna,All,667,94,88.5,104.3,108.5,38.3%,14.1°,11.3°,42.6,3.2%,3,0.239,.279,0.297,.353,36.2%,20.2%,36.2%,44.8%,68.5%,81.7%,24.2%,28.8%,99.0
Southeastern Louisiana,Blaise Priester,All,248,32,92.2,109.4,111.1,50.0%,17.5°,11.2°,37.5,21.9%,7,0.188,.269,0.297,.401,34.4%,28.1%,28.1%,43.1%,70.8%,69.3%,22.5%,37.4%,115.0
UNC Wilmington,Aiden Evans,All,402,73,80.2,99.1,103.0,19.2%,5.2°,10.2°,32.9,1.4%,1,0.272,.255,0.297,.298,47.9%,23.3%,27.4%,47.0%,65.8%,91.3%,29.7%,15.3%,77.0
Charlotte,Aaron Orozco,All,178,25,89.6,102.5,107.5,36.0%,10.7°,14.7°,28.0,4.0%,1,0.235,.264,0.297,.344,44.0%,20.0%,28.0%,41.6%,65.0%,71.2%,22.4%,33.8%,77.0
Nebraska,Max Buettenback,All,264,29,89.1,106.5,111.3,41.4%,28.4°,26.2°,17.2,10.3%,3,0.188,.196,0.297,.325,20.7%,48.3%,17.2%,44.3%,64.4%,71.3%,23.3%,35.0%,96.0
La Salle,AJ Guiliana,All,119,14,85.5,96.8,97.5,28.6%,4.2°,3.4°,28.6,0.0%,0,0.118,.245,0.297,.396,57.1%,21.4%,21.4%,26.1%,46.0%,82.6%,11.6%,16.1%,100.0
Cal Poly,Braxton Thomas,All,466,90,92.4,108.6,111.8,47.8%,3.4°,9.3°,31.1,5.6%,5,0.252,.318,0.297,.402,50.0%,16.7%,31.1%,50.2%,81.1%,89.0%,30.8%,23.5%,90.0
Winthrop,Grant McGuire,All,610,110,85.5,101.1,107.2,31.8%,13.8°,12.7°,27.3,0.9%,1,0.261,.260,0.297,.329,42.7%,27.3%,24.5%,44.9%,68.3%,86.3%,25.3%,24.5%,103.0
North Dakota State,Blake Timmons,All,315,34,87.4,100.4,101.5,44.1%,0.3°,8.8°,38.2,2.9%,1,0.169,.231,0.297,.345,58.8%,14.7%,26.5%,36.2%,57.8%,78.8%,17.3%,28.9%,107.0
UCLA,Aiden Aguayo,All,438,76,87.3,101.4,104.5,28.9%,10.6°,6.6°,26.3,2.6%,2,0.24,.245,0.296,.328,43.4%,30.3%,21.1%,45.0%,67.6%,81.9%,25.2%,26.9%,88.0
UC Irvine,Rowan Felsch,All,322,42,91.0,105.5,107.6,47.6%,18.5°,19.1°,38.1,9.5%,4,0.162,.233,0.296,.362,35.7%,38.1%,21.4%,40.4%,64.9%,75.0%,19.5%,31.5%,108.0
Clemson,Jackson Moore,All,254,42,83.8,102.9,105.2,33.3%,8.1°,6.8°,21.4,0.0%,0,0.222,.219,0.296,.305,47.6%,28.6%,16.7%,46.5%,69.0%,80.0%,27.5%,25.4%,114.0
Bowling Green,Pauly Mancino,All,238,30,87.7,99.4,106.6,23.3%,23.9°,25.9°,26.7,0.0%,0,0.22,.185,0.296,.261,30.0%,46.7%,23.3%,45.8%,66.4%,74.6%,29.0%,28.4%,78.0
British Columbia,Kellen Bourne,All,85,9,80.5,97.2,98.2,22.2%,-14.9°,-1.7°,11.1,0.0%,0,0.143,.197,0.296,.341,77.8%,0.0%,11.1%,36.5%,63.9%,87.0%,16.3%,22.6%,122.0
Valparaiso,Gavin Bennett,All,568,94,86.2,99.1,101.1,24.5%,-1.6°,-0.5°,26.6,0.0%,0,0.234,.246,0.296,.314,62.8%,13.8%,23.4%,39.1%,61.8%,88.8%,17.7%,18.0%,114.0
Fairfield,Connor Scanlan,All,194,36,86.6,100.9,105.0,30.6%,-1.0°,4.9°,25.0,0.0%,0,0.234,.221,0.296,.287,61.1%,11.1%,22.2%,51.5%,78.0%,74.4%,23.4%,36.0%,117.0
Florida,Colton Schwarz,All,279,46,90.9,104.0,104.8,45.7%,1.3°,6.5°,21.7,2.2%,1,0.241,.318,0.296,.387,67.4%,13.0%,17.4%,40.5%,66.2%,81.8%,17.1%,23.9%,122.0
Monmouth,Will Fahey,All,237,47,78.9,91.1,95.2,2.1%,-3.5°,7.1°,21.3,0.0%,0,0.3,.219,0.296,.283,63.8%,10.6%,19.1%,42.2%,60.9%,85.7%,24.6%,17.0%,91.0
Brown,Christian Butera,All,564,78,86.9,103.9,106.5,32.1%,8.4°,18.2°,37.2,5.1%,4,0.228,.222,0.296,.312,44.9%,28.2%,25.6%,42.4%,62.1%,83.4%,27.4%,35.1%,74.0
Omaha,Mason Gaines,All,314,40,92.3,104.7,105.9,45.0%,9.5°,16.5°,32.5,10.0%,4,0.23,.229,0.296,.356,42.5%,35.0%,22.5%,43.9%,66.9%,73.7%,23.5%,34.1%,87.0
Maryland,Aden Hill,All,456,54,88.1,102.9,107.8,44.4%,8.8°,19.4°,31.5,1.9%,1,0.169,.218,0.296,.344,46.3%,31.5%,22.2%,36.6%,64.9%,77.1%,14.2%,31.7%,116.0
Rice,Masa Chilcutt,All,246,36,85.1,97.4,101.2,27.8%,4.1°,0.5°,27.8,0.0%,0,0.204,.237,0.296,.322,52.8%,16.7%,27.8%,35.4%,55.0%,93.9%,16.7%,12.6%,101.0
UNC Greensboro,JJ Parsons,All,403,55,82.4,99.7,103.8,25.5%,11.8°,14.1°,25.5,5.5%,3,0.19,.183,0.296,.295,49.1%,36.4%,9.1%,43.7%,69.7%,75.9%,27.4%,34.7%,104.0
Dartmouth,Nico Baez,All,336,59,81.1,94.8,98.1,6.8%,1.9°,1.3°,28.8,0.0%,0,0.253,.236,0.296,.310,61.0%,13.6%,23.7%,41.4%,65.0%,84.6%,24.5%,22.3%,124.0
Northern Colorado,Jake Bullard,All,436,61,83.7,98.9,101.4,29.5%,9.0°,9.8°,29.5,1.6%,1,0.208,.215,0.296,.285,55.7%,21.3%,16.4%,43.3%,68.5%,82.8%,26.0%,29.1%,114.0
Wofford,Raul Feliz,All,94,11,90.0,99.1,102.2,18.2%,21.8°,25.4°,36.4,0.0%,0,0.176,.163,0.296,.325,27.3%,45.5%,27.3%,28.7%,56.8%,76.0%,4.0%,29.6%,144.0
South Carolina,Ethan Lizama,All,622,120,87.8,104.5,112.4,35.0%,17.0°,19.8°,30.8,5.0%,6,0.215,.247,0.296,.338,37.5%,35.0%,23.3%,55.6%,77.5%,85.9%,38.3%,24.9%,47.0
Bowling Green,Zack Horky,All,389,51,90.5,105.6,108.6,45.1%,10.0°,10.9°,31.4,9.8%,5,0.222,.228,0.296,.286,45.1%,25.5%,21.6%,45.8%,61.8%,72.4%,33.3%,41.0%,17.0
Northwestern State,Ethan Menard,All,253,49,84.9,106.8,108.5,30.6%,-11.2°,8.1°,28.6,4.1%,2,0.246,.246,0.296,.298,61.2%,12.2%,22.4%,56.9%,76.0%,73.5%,37.1%,31.9%,56.0
Cal State Fullerton,Andrew Kirchner,All,763,105,90.7,103.7,109.5,45.7%,16.2°,24.4°,38.1,10.5%,11,0.2,.243,0.296,.370,33.3%,41.0%,21.9%,46.7%,70.4%,75.9%,29.7%,34.8%,80.0
Tarleton State,Braden Gostisha,All,128,9,83.8,104.6,105.1,44.4%,22.4°,24.3°,33.3,22.2%,2,0.15,.172,0.296,.372,33.3%,33.3%,11.1%,39.8%,66.7%,68.4%,18.3%,45.1%,107.0
St. Thomas (MN),Joe Roder,All,364,53,89.4,103.5,106.1,47.2%,10.0°,13.9°,30.2,7.5%,4,0.194,.267,0.296,.395,47.2%,30.2%,18.9%,36.5%,60.8%,85.0%,13.8%,21.1%,143.0
UMBC,Kyle Eddington,All,455,73,81.6,92.2,97.1,1.4%,6.8°,11.9°,38.4,0.0%,0,0.305,.303,0.296,.334,46.6%,17.8%,35.6%,44.8%,69.0%,83.7%,28.0%,23.0%,76.0
Seton Hall,Frankie Scrivanic,All,497,96,88.4,100.2,104.0,33.3%,12.3°,15.3°,36.5,2.1%,2,0.262,.250,0.296,.342,39.6%,28.1%,28.1%,45.7%,68.7%,87.1%,28.3%,26.9%,85.0
West Georgia,Gabe Young,All,314,40,89.4,103.6,107.9,47.5%,-6.4°,1.4°,20.0,2.5%,1,0.183,.214,0.296,.332,67.5%,20.0%,12.5%,36.6%,58.2%,82.4%,17.9%,24.3%,115.0
Manhattan,Jackson Brinker,All,60,5,76.9,93.7,95.7,20.0%,-9.7°,27.5°,40.0,0.0%,0,0.222,.222,0.295,.323,60.0%,20.0%,20.0%,31.7%,50.0%,84.6%,17.6%,31.6%,104.0
Texas A&M,Sawyer Farr,All,180,25,82.4,101.3,106.1,32.0%,5.3°,12.5°,24.0,0.0%,0,0.231,.218,0.295,.302,56.0%,8.0%,28.0%,33.9%,52.2%,77.1%,14.8%,27.9%,108.0
Portland,Isaac Pfeifer,All,83,14,89.2,99.3,101.7,28.6%,3.1°,1.9°,50.0,0.0%,0,0.263,.244,0.295,.304,42.9%,0.0%,42.9%,53.0%,70.7%,86.2%,35.7%,25.0%,74.0
Central Arkansas,Keon Moseni,All,112,18,89.2,99.3,99.6,50.0%,0.6°,4.7°,38.9,0.0%,0,0.24,.262,0.295,.327,55.6%,11.1%,33.3%,39.3%,55.6%,83.3%,24.1%,27.3%,81.0
Eastern Kentucky,Jackson Cauthron,All,532,101,82.7,98.8,101.4,19.8%,16.2°,12.2°,36.6,1.0%,1,0.216,.251,0.295,.338,40.6%,26.7%,23.8%,44.9%,69.8%,88.3%,23.7%,18.0%,109.0
Marist,Chase Haglund,All,31,6,82.6,92.7,98.2,16.7%,16.0°,25.3°,16.7,0.0%,0,0.2,.189,0.295,.221,50.0%,50.0%,0.0%,45.2%,62.5%,80.0%,26.7%,35.7%,70.0
Mount St. Mary's,Sam Dinitz,All,52,6,78.1,87.3,94.1,0.0%,31.8°,-,16.7,0.0%,0,0.25,.209,0.295,.296,33.3%,0.0%,16.7%,40.4%,62.5%,73.3%,21.4%,23.8%,112.0
Pepperdine,Aidan Camberg,All,158,19,87.4,101.3,102.7,31.6%,23.3°,16.1°,26.3,0.0%,0,0.194,.161,0.295,.304,26.3%,31.6%,26.3%,36.7%,65.7%,70.5%,15.4%,39.7%,111.0
Eastern Michigan,Leewood Molessa,All,326,48,89.6,105.8,110.0,39.6%,16.2°,16.2°,39.6,12.5%,6,0.236,.226,0.295,.334,31.2%,29.2%,29.2%,43.9%,67.6%,80.9%,26.2%,29.4%,90.0
Oregon State,Cooper Vance,All,251,57,85.7,97.7,102.7,26.3%,21.0°,8.4°,35.1,0.0%,0,0.25,.266,0.295,.321,36.8%,31.6%,24.6%,41.8%,66.7%,90.8%,21.2%,17.1%,128.0
New Orleans,Jake D'Altrui,All,121,13,85.0,107.1,107.7,38.5%,19.4°,23.5°,30.8,15.4%,2,0.13,.192,0.295,.328,38.5%,38.5%,23.1%,42.1%,66.7%,85.0%,18.0%,17.6%,97.0
Illinois-Chicago,Karim Patterson,All,181,24,88.8,104.2,106.0,29.2%,6.6°,-2.9°,25.0,4.2%,1,0.182,.237,0.295,.366,54.2%,20.8%,20.8%,33.7%,56.3%,85.0%,19.1%,21.3%,116.0
Saint Louis,Ahmaad Duff,All,282,38,81.1,93.6,94.6,2.6%,16.4°,-14.8°,21.1,0.0%,0,0.242,.145,0.295,.242,47.4%,28.9%,15.8%,47.9%,71.2%,89.4%,27.3%,21.5%,103.0
Marist,AJ Brotz,All,272,60,86.0,99.6,104.1,30.0%,11.3°,9.0°,30.0,1.7%,1,0.239,.248,0.295,.314,48.3%,25.0%,20.0%,44.1%,68.5%,96.5%,23.6%,8.3%,107.0
Illinois,Daniel Contreras,All,603,135,82.6,98.7,101.5,22.2%,7.1°,4.7°,32.6,0.0%,0,0.248,.261,0.294,.303,49.6%,20.7%,25.9%,45.6%,64.2%,93.9%,29.6%,19.3%,85.0
Iowa,Kyle Alivo,All,65,12,89.7,100.2,102.0,41.7%,13.6°,11.4°,33.3,8.3%,1,0.25,.210,0.294,.260,41.7%,50.0%,8.3%,56.9%,77.8%,82.1%,31.0%,32.4%,44.0
Xavier,Tanner Thomas,All,400,74,85.8,101.3,104.6,35.1%,11.6°,16.2°,31.1,6.8%,5,0.209,.256,0.294,.341,43.2%,27.0%,21.6%,48.2%,72.4%,90.8%,28.3%,21.8%,96.0
Wright State,Gus Gregory,All,580,89,87.1,101.5,106.2,34.8%,12.6°,12.3°,41.6,4.5%,4,0.221,.254,0.294,.340,41.6%,25.8%,27.0%,42.6%,66.0%,83.0%,23.7%,23.9%,98.0
Winthrop,Cade Norton,All,542,94,88.2,101.1,104.3,39.4%,12.4°,14.4°,29.8,2.1%,2,0.256,.275,0.294,.348,42.6%,28.7%,26.6%,48.3%,72.2%,83.9%,29.2%,26.7%,93.0
Southeast Missouri,Andrew Ramirez,All,673,141,83.7,96.6,100.8,20.6%,9.3°,4.1°,25.5,0.0%,0,0.261,.274,0.294,.327,51.1%,24.8%,20.6%,43.1%,65.4%,94.1%,23.8%,8.3%,119.0
Lindenwood,Tanner Simpson,All,306,43,88.5,105.3,107.0,37.2%,7.7°,10.6°,37.2,7.0%,3,0.183,.260,0.294,.372,41.9%,23.3%,27.9%,38.9%,64.8%,74.7%,20.2%,30.3%,128.0
Arkansas-Pine Bluff,Zyon Hamilton,All,160,25,85.8,103.0,105.3,32.0%,-2.7°,4.4°,20.0,0.0%,0,0.189,.189,0.294,.240,68.0%,20.0%,8.0%,46.9%,65.8%,79.2%,31.0%,26.7%,36.0
Connecticut,Evan Menzel,All,483,97,84.8,96.1,101.3,15.5%,11.7°,15.2°,35.1,0.0%,0,0.233,.262,0.294,.318,40.2%,23.7%,33.0%,47.0%,73.8%,88.0%,23.6%,21.6%,106.0
Fordham,Caden Young,All,397,59,85.3,98.1,102.0,25.4%,15.4°,17.9°,37.3,0.0%,0,0.237,.250,0.294,.329,35.6%,30.5%,30.5%,43.3%,68.0%,83.7%,22.7%,21.5%,94.0
Oakland,Sam Patton,All,332,48,83.5,103.6,106.3,25.0%,-6.7°,14.8°,16.7,4.2%,2,0.256,.193,0.294,.247,60.4%,18.8%,12.5%,43.7%,64.1%,76.5%,26.3%,31.7%,97.0
Dallas Baptist,Landon Underhill,All,257,35,91.4,102.7,106.6,37.1%,10.9°,18.2°,31.4,2.9%,1,0.218,.210,0.294,.318,42.9%,25.7%,25.7%,41.2%,63.2%,85.1%,22.9%,26.4%,99.0
Tulane,Jack Johnson,All,217,24,84.6,101.2,102.3,41.7%,16.9°,9.5°,41.7,0.0%,0,0.186,.220,0.294,.346,37.5%,16.7%,37.5%,37.8%,60.2%,84.0%,23.9%,25.6%,81.0
Arkansas State,Cole Manuel,All,128,22,84.6,99.1,102.4,18.2%,13.4°,12.6°,22.7,0.0%,0,0.214,.226,0.294,.309,45.5%,36.4%,18.2%,43.0%,72.7%,82.5%,20.5%,34.5%,140.0
Xavier,Carter Christenson,All,292,50,89.8,103.3,105.4,42.0%,11.7°,10.3°,34.0,2.0%,1,0.221,.302,0.294,.373,48.0%,18.0%,30.0%,42.5%,65.1%,80.0%,19.9%,27.4%,98.0
Binghamton,Zack Kent,All,485,94,83.8,100.0,103.4,13.8%,8.2°,11.5°,29.8,0.0%,0,0.22,.237,0.294,.324,44.7%,21.3%,26.6%,38.4%,60.1%,94.8%,19.8%,14.0%,121.0
Arkansas State,Cougar Cooke,All,206,22,84.8,102.1,102.7,22.7%,4.5°,16.7°,31.8,0.0%,0,0.22,.179,0.294,.262,45.5%,22.7%,31.8%,44.2%,63.4%,79.7%,28.3%,34.1%,103.0
FGCU,Sebastian Lippman,All,56,5,90.6,96.1,96.3,60.0%,14.9°,15.6°,40.0,0.0%,0,0.1,.124,0.293,.264,40.0%,40.0%,20.0%,28.6%,43.5%,70.0%,18.2%,43.8%,78.0
Boston College,Danny Surowiec,All,534,72,88.5,103.1,107.0,40.3%,7.9°,11.6°,40.3,5.6%,4,0.21,.259,0.293,.363,47.2%,22.2%,29.2%,39.9%,67.0%,84.9%,21.2%,25.8%,93.0
Ohio,Grant Wilson,All,204,34,80.7,98.6,102.5,20.6%,14.2°,18.0°,17.6,2.9%,1,0.14,.184,0.293,.298,52.9%,29.4%,8.8%,39.2%,62.4%,84.9%,22.7%,22.5%,105.0
St. Bonaventure,Christopher Hoalcraft,All,433,78,87.2,101.1,106.1,30.8%,5.3°,8.3°,29.5,0.0%,0,0.253,.288,0.293,.325,53.8%,17.9%,24.4%,40.9%,63.0%,90.1%,23.2%,15.8%,96.0
Fordham,Tommy Markey,All,607,104,84.3,98.5,100.7,26.9%,5.7°,7.3°,32.7,0.0%,0,0.248,.241,0.293,.294,50.0%,22.1%,25.0%,48.3%,65.6%,86.5%,33.2%,20.5%,69.0
William & Mary,Jett Humphreys,All,60,11,92.9,100.8,105.2,54.5%,21.1°,15.4°,27.3,0.0%,0,0.333,.239,0.293,.276,27.3%,27.3%,27.3%,43.3%,64.3%,66.7%,25.0%,38.5%,92.0
Morehead State,Miller Murray,All,63,7,71.6,93.2,94.5,0.0%,23.2°,-,14.3,0.0%,0,0.111,.070,0.293,.198,42.9%,57.1%,0.0%,39.7%,65.5%,68.4%,17.6%,40.0%,92.0
Elon,Jake Hajdu,All,678,94,79.9,95.4,98.8,10.6%,7.9°,7.0°,31.9,0.0%,0,0.231,.193,0.293,.273,43.6%,18.1%,26.6%,39.2%,61.9%,84.1%,21.9%,25.6%,104.0
Marist,Dylan Millman,All,94,16,86.0,100.5,101.1,25.0%,11.3°,2.4°,31.2,0.0%,0,0.211,.256,0.293,.350,56.2%,12.5%,31.2%,35.1%,54.5%,91.7%,18.0%,18.2%,115.0
Xavier,Donavan Canterberry,All,571,107,82.6,99.6,102.6,22.4%,3.8°,4.5°,34.6,0.0%,0,0.255,.255,0.293,.307,54.2%,15.0%,28.0%,48.5%,70.1%,87.2%,29.4%,23.8%,80.0
Bowling Green,Anthony Mitta,All,400,71,88.1,99.4,102.0,32.4%,12.3°,12.8°,40.8,2.8%,2,0.235,.272,0.293,.325,40.8%,23.9%,32.4%,42.2%,67.6%,90.1%,21.7%,21.9%,94.0
Tulane,John Elliott,All,286,52,84.6,98.6,103.4,17.3%,9.8°,9.0°,32.7,0.0%,0,0.25,.246,0.293,.304,40.4%,26.9%,30.8%,47.2%,66.7%,88.3%,28.3%,20.0%,93.0
Lafayette,Kyle McKernan,All,165,22,80.5,88.7,88.9,0.0%,3.0°,-,36.4,0.0%,0,0.192,.216,0.293,.305,68.2%,4.5%,27.3%,27.3%,50.0%,97.1%,11.3%,4.4%,110.0
Delaware,Matthew Minckler,All,564,93,88.2,101.4,105.6,44.1%,2.9°,13.9°,30.1,6.5%,6,0.228,.257,0.293,.357,52.7%,23.7%,21.5%,44.9%,67.5%,81.9%,27.4%,26.1%,87.0
North Dakota State,Colten Becker,All,522,64,91.1,104.6,108.1,50.0%,15.1°,19.9°,42.2,14.1%,9,0.222,.255,0.293,.376,29.7%,42.2%,26.6%,43.9%,67.1%,72.7%,23.2%,36.7%,114.0
Youngstown State,Brayden Kuriger,All,264,48,88.1,106.8,110.3,37.5%,-0.7°,10.8°,27.1,6.2%,3,0.224,.241,0.293,.334,50.0%,22.9%,16.7%,51.5%,75.2%,81.2%,33.8%,29.4%,92.0
Gardner-Webb,Ethan Liao,All,82,21,80.8,97.1,100.9,19.0%,9.2°,3.6°,28.6,0.0%,0,0.25,.256,0.293,.293,42.9%,19.0%,23.8%,53.7%,76.9%,76.7%,32.6%,22.7%,45.0
Reinhardt,Ryan Stephens,All,90,21,83.1,98.4,104.2,28.6%,15.1°,9.8°,14.3,0.0%,0,0.227,.293,0.293,.324,47.6%,19.0%,14.3%,46.7%,69.0%,85.0%,36.1%,23.8%,75.0
Kentucky,Tagger Tyson,All,295,66,83.5,98.5,104.0,22.7%,2.4°,-4.8°,22.7,0.0%,0,0.264,.271,0.292,.318,57.6%,15.2%,18.2%,51.2%,72.7%,90.3%,34.7%,14.6%,61.0
Alabama A&M,Isaac Castro,All,37,7,80.2,92.0,97.3,14.3%,2.6°,18.7°,42.9,0.0%,0,0.25,.272,0.292,.335,57.1%,14.3%,28.6%,43.2%,75.0%,91.7%,19.0%,12.5%,108.0
Cal State Northridge,Xavier Rios,All,221,29,89.2,103.1,105.5,37.9%,14.2°,14.5°,31.0,10.3%,3,0.24,.208,0.292,.273,37.9%,31.0%,27.6%,47.5%,74.8%,72.5%,21.9%,39.0%,107.0
Southeastern (FL),Brock McMullen,All,225,33,77.6,93.6,94.8,0.0%,-4.4°,-,33.3,0.0%,0,0.222,.228,0.292,.315,54.5%,12.1%,27.3%,35.6%,64.8%,88.1%,15.7%,16.2%,132.0
Marshall,Jack Smith,All,495,116,84.4,101.8,107.1,31.0%,2.9°,5.7°,20.7,0.9%,1,0.261,.234,0.292,.278,58.6%,13.8%,17.2%,48.1%,66.5%,85.0%,32.1%,20.2%,62.0
Oklahoma,Kyle Branch,All,632,117,86.6,100.4,103.8,25.6%,6.0°,5.2°,23.9,0.9%,1,0.22,.243,0.292,.310,54.7%,29.1%,14.5%,43.2%,60.7%,89.7%,27.1%,17.9%,72.0
West Virginia,Maxwell Molessa,All,37,6,89.2,101.6,102.7,50.0%,18.9°,11.6°,66.7,0.0%,0,0.273,.326,0.292,.355,16.7%,16.7%,66.7%,48.6%,60.0%,77.8%,40.9%,44.4%,35.0
Cornell,TJ Swidorski,All,443,78,84.6,100.3,103.6,30.8%,12.6°,12.4°,43.6,2.6%,2,0.245,.273,0.292,.321,34.6%,26.9%,34.6%,47.4%,66.2%,80.7%,31.4%,31.0%,73.0
George Washington,Travis Peitz,All,294,70,88.8,102.3,105.3,35.7%,12.4°,11.7°,32.9,2.9%,2,0.214,.287,0.292,.361,40.0%,28.6%,25.7%,54.4%,78.7%,84.7%,32.0%,24.4%,96.0
Mercer,Greyson Gegg,All,93,8,88.0,87.8,88.2,25.0%,14.5°,-13.7°,25.0,0.0%,0,0.25,.140,0.292,.207,50.0%,12.5%,25.0%,26.9%,43.2%,89.5%,12.2%,24.0%,116.0
UNC Pembroke,Jacob Smith,All,38,7,85.7,96.9,100.3,14.3%,18.4°,2.0°,14.3,0.0%,0,0.25,.358,0.292,.399,57.1%,14.3%,14.3%,31.6%,53.3%,87.5%,17.4%,16.7%,127.0
Seattle,Cash Erdman,All,215,23,84.0,101.1,102.5,26.1%,-2.7°,10.8°,52.2,4.3%,1,0.179,.245,0.292,.351,47.8%,8.7%,39.1%,34.0%,56.7%,74.5%,17.6%,27.4%,116.0
Northern Colorado,Mason Griffin,All,404,64,88.0,101.2,103.3,32.8%,4.0°,6.8°,31.2,4.7%,3,0.226,.262,0.292,.332,48.4%,21.9%,21.9%,49.3%,76.4%,81.6%,27.9%,26.1%,104.0
UC Davis,Zach Story,All,708,91,79.9,98.3,103.6,14.3%,18.0°,14.2°,35.2,1.1%,1,0.195,.180,0.292,.278,35.2%,34.1%,28.6%,38.1%,51.8%,91.8%,27.8%,18.9%,73.0
Kennesaw State,Charlie Jones,All,485,67,89.1,110.9,115.2,38.8%,10.5°,14.2°,34.3,17.9%,12,0.192,.235,0.292,.349,43.3%,32.8%,17.9%,43.9%,65.6%,72.1%,25.3%,42.3%,88.0
St. Bonaventure,Joseph Calabretti,All,325,41,90.7,107.7,110.1,48.8%,25.3°,18.0°,34.1,19.5%,8,0.2,.224,0.292,.316,26.8%,31.7%,29.3%,54.5%,66.9%,78.9%,44.8%,36.2%,25.0
Long Island,Jake Kelleher,All,219,36,85.2,102.1,103.0,36.1%,10.3°,19.2°,38.9,5.6%,2,0.182,.267,0.292,.384,27.8%,36.1%,33.3%,29.7%,45.5%,87.5%,19.1%,18.5%,89.0
Milligan,Gaven Jones,All,114,21,82.2,100.4,101.3,14.3%,-2.5°,16.9°,23.8,4.8%,1,0.259,.210,0.292,.272,61.9%,14.3%,19.0%,54.4%,78.2%,83.7%,32.2%,24.2%,122.0
USF,Matt Rose,All,257,68,88.0,99.1,104.3,41.2%,-0.1°,5.7°,38.2,0.0%,0,0.284,.332,0.292,.359,54.4%,11.8%,32.4%,52.1%,74.2%,89.5%,30.2%,15.7%,94.0
Marist,Nathan Lincoln,All,283,56,82.3,95.4,96.6,14.3%,3.6°,0.7°,30.4,0.0%,0,0.254,.300,0.292,.362,58.9%,14.3%,25.0%,44.2%,64.7%,79.1%,26.0%,19.2%,107.0
Pacific,Rylan Evans,All,426,114,81.2,98.3,104.2,17.5%,16.7°,10.5°,31.6,0.9%,1,0.232,.245,0.292,.287,39.5%,28.9%,23.7%,54.9%,82.1%,90.7%,34.3%,17.1%,72.0
Cal Poly,Xander McLaurin,All,234,48,87.4,102.6,108.4,37.5%,7.9°,5.7°,33.3,0.0%,0,0.254,.280,0.292,.319,41.7%,22.9%,29.2%,41.0%,59.8%,89.1%,28.9%,19.8%,79.0
Stephen F. Austin,Jackson Benattar,All,67,10,91.6,101.4,103.0,30.0%,18.7°,6.4°,30.0,0.0%,0,0.25,.174,0.292,.255,20.0%,0.0%,40.0%,35.8%,61.5%,75.0%,19.5%,25.0%,91.0
East Carolina,Carlos Jacome,All,234,58,85.4,101.7,105.6,34.5%,15.8°,10.5°,27.6,3.4%,2,0.219,.288,0.292,.371,37.9%,27.6%,20.7%,46.6%,73.0%,92.9%,21.0%,14.7%,69.0
Cornell,Luke Johnson,All,405,95,86.1,103.0,105.7,34.7%,2.0°,3.7°,30.5,1.1%,1,0.27,.282,0.292,.319,53.7%,20.0%,23.2%,48.9%,71.4%,90.2%,30.0%,19.2%,90.0
Canisius,Michael Kelly,All,43,6,91.4,86.7,86.9,33.3%,-12.7°,-13.8°,16.7,0.0%,0,0.25,.248,0.292,.295,66.7%,16.7%,16.7%,55.8%,75.0%,83.3%,44.4%,50.0%,53.0
Connecticut,Gabriel Tirado,All,422,67,90.0,104.7,106.2,44.8%,7.4°,13.0°,32.8,9.0%,6,0.226,.256,0.292,.365,49.3%,22.4%,26.9%,48.3%,69.2%,77.8%,30.4%,30.4%,90.0
Monmouth,Jake Howlett,All,298,46,89.7,102.1,105.6,41.3%,17.7°,13.2°,47.8,2.2%,1,0.225,.234,0.292,.299,37.0%,21.7%,32.6%,43.0%,58.7%,67.9%,28.4%,36.7%,76.0
Canisius,Owen Silliman,All,265,36,85.2,102.2,103.0,38.9%,-0.2°,19.3°,25.0,5.6%,2,0.182,.216,0.291,.343,55.6%,22.2%,19.4%,38.5%,60.2%,71.8%,21.1%,36.3%,95.0
Oklahoma State,Brady Francisco,All,139,20,82.4,103.4,107.0,25.0%,17.1°,7.4°,20.0,0.0%,0,0.241,.193,0.291,.238,35.0%,40.0%,20.0%,44.6%,69.7%,82.6%,21.9%,25.8%,95.0
Milwaukee,Tate Schmidt,All,371,57,86.0,101.9,104.1,29.8%,-1.6°,1.9°,29.8,1.8%,1,0.241,.217,0.291,.288,59.6%,15.8%,17.5%,47.4%,66.9%,78.5%,28.9%,33.5%,83.0
UC Davis,Braydon Wooldridge,All,627,154,84.4,99.6,104.2,29.2%,13.7°,8.9°,37.7,1.9%,3,0.228,.287,0.291,.356,44.2%,27.3%,26.6%,44.3%,69.3%,93.8%,27.3%,7.6%,95.0
Dartmouth,Austin Moran,All,101,12,84.5,100.7,102.5,25.0%,19.0°,2.8°,25.0,0.0%,0,0.235,.213,0.291,.284,25.0%,33.3%,33.3%,37.6%,60.4%,86.2%,17.0%,23.7%,125.0
West Virginia,Zahir Barjam,All,100,18,84.8,101.5,104.8,50.0%,10.3°,15.0°,38.9,5.6%,1,0.25,.263,0.291,.336,33.3%,33.3%,27.8%,47.0%,71.4%,88.6%,23.5%,21.3%,103.0
Western Illinois,Josh McClintock,All,346,66,81.8,97.1,104.2,16.7%,16.7°,13.5°,34.8,3.0%,2,0.241,.220,0.291,.266,34.8%,30.3%,25.8%,48.6%,72.0%,79.6%,29.1%,31.0%,92.0
Austin Peay,Mason Pickering,All,96,13,80.7,96.4,100.3,23.1%,19.1°,20.6°,23.1,0.0%,0,0.211,.186,0.291,.266,30.8%,23.1%,30.8%,46.9%,75.7%,67.9%,28.8%,35.6%,81.0
Loyola Marymount,Jordan Ortiz,All,379,47,82.5,100.6,103.0,23.4%,17.3°,11.5°,29.8,2.1%,1,0.22,.163,0.291,.236,40.4%,31.9%,25.5%,48.0%,65.2%,78.4%,32.8%,32.4%,52.0
Tennessee Tech,Nash Crowell,All,503,99,84.9,102.9,107.1,37.4%,21.7°,21.8°,32.3,6.1%,6,0.207,.257,0.291,.359,30.3%,39.4%,22.2%,47.1%,70.5%,89.1%,26.8%,15.6%,90.0
Central Arkansas,Noah Goodshield,All,126,16,85.3,98.7,100.2,37.5%,6.4°,11.2°,37.5,0.0%,0,0.208,.269,0.291,.371,50.0%,18.8%,31.2%,38.9%,70.2%,80.0%,13.0%,24.5%,131.0
Penn,Gavin Collins,All,552,107,85.5,100.5,105.5,29.0%,19.5°,10.8°,29.9,0.9%,1,0.226,.260,0.291,.332,39.3%,30.8%,20.6%,37.7%,57.1%,93.6%,22.0%,15.4%,97.0
South Dakota State,Luke Wroblewski,All,237,47,84.5,97.1,100.9,25.5%,8.8°,5.6°,27.7,2.1%,1,0.232,.254,0.291,.326,57.4%,19.1%,19.1%,43.0%,64.2%,94.3%,25.0%,19.6%,115.0
Central Arkansas,Casey Shipley,All,189,37,89.2,102.9,107.1,37.8%,0.4°,7.7°,32.4,2.7%,1,0.261,.329,0.291,.372,51.4%,10.8%,35.1%,50.8%,81.7%,91.4%,32.2%,14.6%,104.0
Pepperdine,Daniel Cook,All,453,74,84.7,103.3,106.4,33.8%,12.2°,10.6°,32.4,1.4%,1,0.262,.228,0.291,.275,47.3%,20.3%,25.7%,47.5%,60.7%,83.2%,36.4%,24.7%,60.0
College of Charleston,Stow Rogers,All,181,22,84.8,101.0,103.1,22.7%,21.3°,18.9°,18.2,4.5%,1,0.175,.163,0.291,.275,40.9%,36.4%,13.6%,42.5%,64.2%,75.0%,25.0%,37.7%,72.0
San Diego,Aden Howard,All,480,57,86.5,100.1,105.4,31.6%,1.3°,3.6°,29.8,3.5%,2,0.219,.182,0.29,.278,54.4%,10.5%,28.1%,45.8%,64.9%,79.7%,31.6%,35.5%,63.0
UMass,Marc Willi,All,56,8,90.0,99.6,100.8,62.5%,5.5°,9.2°,37.5,12.5%,1,0.2,.209,0.29,.297,62.5%,25.0%,12.5%,48.2%,65.4%,70.6%,33.3%,44.4%,87.0
Florida Atlantic,TJ Gramesty,All,412,60,87.7,98.9,101.9,31.7%,15.4°,15.9°,45.0,0.0%,0,0.235,.250,0.29,.341,36.7%,33.3%,30.0%,38.3%,58.0%,83.5%,21.9%,24.1%,112.0
Pepperdine,Finley Buckner,All,282,56,83.7,100.9,104.1,26.8%,14.9°,15.3°,41.1,1.8%,1,0.188,.269,0.29,.372,39.3%,39.3%,17.9%,42.9%,67.5%,86.7%,23.9%,19.8%,111.0
San Diego State,Reeve Boyd,All,131,23,87.8,99.2,100.0,34.8%,4.8°,9.7°,30.4,0.0%,0,0.25,.359,0.29,.403,56.5%,13.0%,30.4%,42.0%,68.1%,84.4%,27.4%,23.6%,118.0
McNeese,Korey Cooper,All,79,14,85.5,97.4,102.1,28.6%,7.2°,-3.7°,28.6,0.0%,0,0.3,.245,0.29,.279,50.0%,14.3%,35.7%,54.4%,70.7%,69.0%,36.8%,41.9%,47.0
La Salle,Nico Amecangelo,All,79,9,82.2,95.5,96.8,22.2%,15.4°,11.7°,44.4,0.0%,0,0.214,.190,0.29,.247,33.3%,22.2%,44.4%,38.0%,64.7%,86.4%,17.8%,20.0%,108.0
Michigan State,Dayton Murphy,All,609,137,85.4,98.2,99.5,24.1%,6.3°,7.7°,37.2,1.5%,2,0.259,.259,0.29,.299,51.8%,18.2%,26.3%,50.7%,69.9%,90.1%,33.4%,20.4%,89.0
Stonehill,Jamison Howland,All,71,15,79.3,94.0,95.9,6.7%,8.3°,10.6°,33.3,0.0%,0,0.286,.158,0.29,.236,60.0%,26.7%,6.7%,53.5%,78.1%,88.0%,33.3%,28.9%,37.0
New Haven,Joseph Frazzetta,All,99,17,82.3,99.0,100.5,17.6%,0.5°,13.0°,35.3,0.0%,0,0.292,.242,0.29,.245,52.9%,5.9%,29.4%,47.5%,68.4%,80.8%,34.4%,29.8%,57.0
Stephen F. Austin,Cooper Schneider,All,392,64,80.2,96.8,101.3,21.9%,8.7°,10.0°,42.2,0.0%,0,0.241,.244,0.29,.330,45.3%,21.9%,21.9%,33.9%,56.2%,93.6%,12.1%,12.8%,115.0
CSU San Bernardino,Jeremy Giesegh,All,54,6,77.0,94.5,101.9,16.7%,24.6°,35.3°,0.0,0.0%,0,0.125,.135,0.29,.351,33.3%,50.0%,0.0%,27.8%,56.2%,55.6%,15.8%,26.7%,126.0
Eastern Kentucky,Carson Bittner,All,108,23,85.4,94.1,97.3,17.4%,17.6°,-10.8°,34.8,0.0%,0,0.222,.200,0.29,.262,30.4%,43.5%,21.7%,39.8%,58.8%,96.7%,22.8%,7.0%,101.0
Villanova,Carter Richey,All,427,65,87.0,101.4,105.7,35.4%,19.8°,20.2°,38.5,4.6%,3,0.198,.244,0.29,.362,30.8%,35.4%,29.2%,38.4%,61.3%,80.7%,20.7%,26.2%,104.0
Ohio State,CJ Reid,All,309,41,84.9,99.4,101.2,29.3%,9.0°,12.2°,19.5,0.0%,0,0.194,.180,0.29,.285,51.2%,22.0%,17.1%,37.2%,64.7%,80.7%,15.6%,27.8%,145.0
Utah,Blake Eckerle,All,223,46,88.0,99.4,104.6,34.8%,10.8°,15.7°,37.0,0.0%,0,0.259,.278,0.29,.335,39.1%,32.6%,23.9%,50.2%,75.0%,86.2%,23.4%,15.2%,115.0
UC San Diego,Cal Elvis,All,146,16,95.2,104.1,105.3,62.5%,21.5°,20.3°,56.2,12.5%,2,0.194,.182,0.29,.291,25.0%,37.5%,31.2%,45.2%,61.3%,57.9%,33.3%,51.5%,66.0
Canisius,Brayden Hy,All,86,7,88.5,95.4,96.2,14.3%,23.5°,3.6°,14.3,0.0%,0,0.125,.140,0.29,.316,42.9%,42.9%,0.0%,38.4%,68.6%,54.2%,17.6%,48.5%,147.0
Cal State Fullerton,Cade O'Hara,All,320,41,87.4,98.7,100.3,24.4%,16.7°,18.3°,39.0,2.4%,1,0.243,.208,0.29,.293,31.7%,29.3%,29.3%,45.0%,65.4%,75.0%,24.8%,35.4%,83.0
Illinois State,Kannon Coakley,All,202,31,91.7,99.4,101.5,48.4%,7.2°,13.2°,48.4,3.2%,1,0.279,.294,0.29,.362,45.2%,16.1%,35.5%,47.0%,73.1%,82.4%,24.8%,28.4%,106.0
Lindenwood,William Zareh,All,546,112,82.8,100.5,106.6,26.8%,18.2°,19.5°,32.1,1.8%,2,0.23,.246,0.29,.336,30.4%,35.7%,27.7%,45.1%,64.4%,94.8%,30.0%,16.7%,84.0
Lamar,Balin Valentine,All,531,86,85.7,101.1,107.9,34.9%,8.4°,11.1°,26.7,0.0%,0,0.25,.225,0.29,.279,53.5%,25.6%,19.8%,51.6%,77.6%,78.1%,30.0%,29.6%,94.0
St. Bonaventure,Antonio Cordeiro,All,350,63,85.5,101.3,105.3,36.5%,12.0°,16.6°,31.7,7.9%,5,0.195,.285,0.29,.387,44.4%,31.7%,20.6%,45.1%,71.6%,82.0%,24.1%,21.5%,126.0
NC State,Brayden Fraasman,All,651,120,87.7,107.3,111.2,41.7%,6.3°,7.9°,27.5,6.7%,8,0.239,.276,0.289,.347,53.3%,19.2%,22.5%,53.6%,76.9%,80.3%,34.9%,29.5%,65.0
Portland,Carter Stewart,All,111,18,81.8,100.3,107.8,22.2%,3.1°,13.4°,33.3,11.1%,2,0.269,.250,0.289,.319,61.1%,22.2%,11.1%,40.5%,64.2%,82.4%,19.0%,28.9%,121.0
Illinois State,Brayden Zilis,All,118,14,87.4,102.6,104.6,42.9%,-5.4°,6.8°,35.7,7.1%,1,0.143,.296,0.289,.436,57.1%,7.1%,28.6%,48.3%,78.3%,75.0%,29.2%,35.1%,85.0
Saint Joseph's,Alex Venezia,All,566,72,84.4,100.8,104.0,33.3%,19.9°,16.2°,33.3,4.2%,3,0.167,.171,0.289,.273,34.7%,36.1%,19.4%,37.3%,58.7%,82.8%,20.7%,27.0%,88.0
Texas A&M-Corpus Christi,Hunter Azemar,All,121,20,85.1,103.3,107.2,35.0%,25.0°,18.5°,40.0,15.0%,3,0.179,.226,0.289,.361,20.0%,50.0%,25.0%,46.3%,73.2%,70.7%,23.1%,37.5%,106.0
Columbia,Ben Fishel,All,641,104,86.6,99.3,105.1,27.9%,11.6°,15.5°,46.2,1.9%,2,0.236,.281,0.289,.360,38.5%,19.2%,39.4%,36.7%,55.4%,92.0%,18.7%,14.5%,103.0
Utah,Nevan Noonan,All,336,62,81.8,100.9,105.4,22.6%,9.4°,17.7°,25.8,4.8%,3,0.198,.206,0.289,.304,40.3%,27.4%,22.6%,43.5%,63.4%,90.0%,28.9%,20.5%,80.0
Georgetown,Connor Price,All,283,33,86.3,103.3,105.2,33.3%,18.6°,23.6°,36.4,9.1%,3,0.183,.185,0.289,.268,27.3%,36.4%,30.3%,48.8%,66.7%,81.9%,31.0%,31.9%,73.0
Baylor,Cole Lanclos,All,172,24,88.8,99.7,101.7,41.7%,0.7°,9.3°,29.2,4.2%,1,0.222,.228,0.289,.320,58.3%,16.7%,25.0%,44.8%,61.3%,84.8%,32.0%,32.5%,77.0
Lipscomb,Damion Kenealy,All,578,136,85.1,99.1,105.6,26.5%,6.1°,2.7°,27.9,0.0%,0,0.263,.262,0.289,.312,52.2%,24.3%,18.4%,50.9%,73.4%,87.7%,36.8%,24.8%,70.0
Stetson,Jayden Hylton,All,612,84,93.2,108.4,111.8,50.0%,4.6°,9.5°,31.0,13.1%,11,0.206,.239,0.289,.343,53.6%,15.5%,22.6%,49.7%,68.6%,76.8%,33.4%,37.2%,63.0
Florida Atlantic,Eli Small,All,398,65,89.7,104.8,109.6,49.2%,7.3°,7.5°,32.3,6.2%,4,0.247,.263,0.289,.346,49.2%,16.9%,30.8%,43.5%,65.4%,90.8%,25.0%,19.7%,102.0
Southern Indiana,Collin Senior,All,335,71,82.4,97.9,105.0,14.1%,2.6°,6.5°,33.8,0.0%,0,0.289,.259,0.289,.281,50.7%,15.5%,29.6%,45.4%,64.8%,92.2%,27.8%,13.8%,92.0
UTRGV,Rudy Gonzalez,All,308,57,86.5,99.8,103.0,36.8%,4.6°,11.1°,33.3,0.0%,0,0.214,.266,0.289,.353,50.9%,19.3%,28.1%,43.8%,68.8%,87.9%,22.0%,18.5%,115.0
Mississippi Valley,Tanner Aoki,All,222,37,78.8,88.8,92.3,0.0%,0.4°,-,29.7,0.0%,0,0.22,.300,0.289,.370,54.1%,10.8%,27.0%,34.2%,65.5%,94.5%,15.2%,11.8%,144.0
Houston,McClane Helton,All,340,43,86.9,104.1,105.5,32.6%,1.8°,11.0°,23.3,2.3%,1,0.212,.221,0.289,.308,60.5%,16.3%,23.3%,40.6%,58.5%,82.6%,26.9%,29.0%,63.0
Austin Peay,Kyler Proctor,All,736,128,83.2,99.8,105.2,25.8%,7.2°,11.1°,29.7,1.6%,2,0.234,.234,0.288,.290,48.4%,21.1%,24.2%,48.9%,74.5%,84.2%,29.9%,27.5%,88.0
Oregon State,Ryan VandenBrink,All,87,11,88.9,108.9,109.8,36.4%,14.5°,22.2°,18.2,9.1%,1,0.211,.173,0.288,.248,45.5%,27.3%,18.2%,41.4%,59.5%,76.0%,24.4%,38.9%,107.0
Sam Houston State,Kirby Orth,All,231,23,89.0,104.2,107.7,34.8%,5.8°,9.9°,30.4,4.3%,1,0.205,.200,0.288,.289,47.8%,21.7%,26.1%,39.8%,58.9%,69.7%,21.8%,35.9%,84.0
Utah Tech,Andrew Pyle,All,269,47,83.8,99.1,100.5,19.1%,8.7°,12.2°,36.2,0.0%,0,0.172,.241,0.288,.351,42.6%,21.3%,27.7%,37.5%,58.1%,83.8%,21.7%,18.8%,112.0
New Haven,Jake Russo,All,79,9,86.5,98.5,100.6,33.3%,16.8°,3.5°,44.4,0.0%,0,0.267,.235,0.288,.265,33.3%,33.3%,33.3%,44.3%,71.0%,81.8%,27.1%,37.1%,85.0
Army,Max McGlone,All,91,18,83.3,94.9,99.3,16.7%,4.5°,-2.0°,22.2,0.0%,0,0.217,.196,0.288,.234,55.6%,22.2%,16.7%,42.9%,56.8%,81.0%,33.3%,30.8%,58.0
Georgia State,Jae Williams,All,368,56,79.7,96.0,102.2,16.1%,4.8°,5.3°,25.0,0.0%,0,0.197,.195,0.288,.290,58.9%,21.4%,17.9%,35.1%,59.8%,82.7%,15.2%,25.6%,107.0
Evansville,Ximi Baftiri,All,525,88,83.1,98.8,101.8,25.0%,5.6°,7.9°,25.0,1.1%,1,0.208,.225,0.288,.282,58.0%,20.5%,17.0%,41.3%,61.8%,85.9%,23.9%,26.3%,78.0
Boston College,Carter Hendrickson,All,446,60,90.6,105.9,108.7,41.7%,9.2°,10.4°,21.7,3.3%,2,0.198,.246,0.288,.355,51.7%,21.7%,21.7%,37.7%,63.9%,86.8%,16.0%,22.0%,111.0
Lehigh,Dom Patrizi,All,528,63,84.8,100.9,103.7,28.6%,22.5°,25.1°,38.1,1.6%,1,0.2,.198,0.288,.316,23.8%,36.5%,30.2%,38.6%,65.8%,77.0%,18.5%,27.0%,128.0
UC San Diego,Nathaniel Widelski,All,236,28,86.4,99.7,102.9,28.6%,12.2°,18.1°,50.0,7.1%,2,0.208,.177,0.288,.285,39.3%,35.7%,21.4%,41.1%,58.0%,81.5%,25.8%,35.1%,56.0
Utah Valley,Jimmy De Anda,All,291,43,80.8,99.2,101.4,25.6%,3.2°,2.1°,34.9,0.0%,0,0.224,.247,0.288,.336,46.5%,16.3%,30.2%,33.3%,47.5%,88.1%,20.0%,23.7%,69.0
Mississippi Valley,Kendall Brookins,All,131,22,79.2,93.7,96.6,4.5%,11.3°,16.3°,31.8,0.0%,0,0.241,.234,0.288,.288,31.8%,22.7%,31.8%,35.9%,62.8%,92.6%,22.7%,23.4%,114.0
Toledo,Ryan Sudbrook,All,183,29,83.6,98.3,101.5,20.7%,2.6°,12.4°,17.2,0.0%,0,0.171,.193,0.288,.333,51.7%,20.7%,17.2%,29.5%,52.0%,94.9%,13.9%,11.1%,154.0
Winthrop,Ethan Wilson,All,203,45,88.8,100.1,104.3,37.8%,4.1°,13.1°,31.1,2.2%,1,0.204,.243,0.288,.336,46.7%,28.9%,20.0%,44.3%,62.2%,89.3%,30.1%,27.8%,84.0
Norfolk State,Jayden Israel,All,48,13,84.0,92.8,95.2,7.7%,23.2°,37.4°,23.1,0.0%,0,0.308,.204,0.288,.230,30.8%,46.2%,15.4%,45.8%,77.3%,100.0%,19.2%,0.0%,160.0
UMass,Matt Travisano,All,118,23,82.8,96.7,98.6,30.4%,6.4°,14.3°,52.2,0.0%,0,0.265,.253,0.287,.310,39.1%,17.4%,39.1%,54.2%,81.6%,85.0%,34.8%,25.0%,90.0
Long Beach State,Justin Roulston,All,176,22,89.7,104.9,107.5,40.9%,21.2°,7.9°,18.2,9.1%,2,0.206,.210,0.287,.278,40.9%,45.5%,9.1%,35.2%,57.0%,77.6%,14.4%,27.4%,114.0
Northwestern,Jack Counsell,All,288,51,82.3,99.1,105.6,29.4%,7.8°,7.7°,35.3,2.0%,1,0.238,.236,0.287,.304,51.0%,23.5%,25.5%,47.9%,65.3%,90.1%,34.8%,21.7%,62.0
TCU,Lucas Franco,All,577,83,90.0,102.1,111.3,45.8%,11.0°,14.2°,37.3,8.4%,7,0.2,.276,0.287,.391,48.2%,22.9%,25.3%,39.3%,62.5%,80.0%,20.9%,29.1%,86.0
Oklahoma State,Ezra Essex,All,149,15,83.4,94.7,95.1,26.7%,2.4°,-2.2°,13.3,0.0%,0,0.222,.154,0.287,.238,60.0%,20.0%,13.3%,26.8%,42.5%,90.3%,11.8%,20.0%,80.0
Ball State,Jacob Gillis,All,269,50,86.0,100.8,104.7,40.0%,1.3°,-0.8°,24.0,4.0%,2,0.21,.231,0.287,.331,56.0%,26.0%,14.0%,39.8%,64.3%,93.1%,22.3%,21.5%,96.0
Georgia,Scott Newman,All,75,10,85.7,102.5,103.0,40.0%,5.1°,13.2°,10.0,0.0%,0,0.154,.204,0.287,.345,50.0%,40.0%,10.0%,40.0%,65.0%,84.6%,11.4%,23.3%,130.0
Lipscomb,Cole Pippenger,All,269,40,86.5,99.9,104.2,25.0%,15.3°,21.8°,22.5,2.5%,1,0.224,.179,0.287,.257,37.5%,32.5%,17.5%,44.6%,68.4%,72.5%,26.3%,33.3%,83.0
Sam Houston State,Parker Blackman,All,84,6,93.8,101.4,101.8,50.0%,-3.4°,16.9°,66.7,0.0%,0,0.154,.192,0.287,.356,33.3%,16.7%,50.0%,42.9%,74.3%,73.1%,20.4%,33.3%,128.0
San Francisco,Jayden Garrison,All,569,82,80.0,102.3,107.4,22.0%,5.4°,8.3°,25.6,1.2%,1,0.183,.194,0.287,.288,51.2%,18.3%,20.7%,42.5%,63.0%,87.4%,24.7%,26.9%,96.0
San Francisco,Brendan Burke,All,414,44,85.6,102.7,104.9,38.6%,-2.2°,13.1°,34.1,4.5%,2,0.207,.183,0.287,.266,59.1%,18.2%,20.5%,50.0%,75.6%,62.5%,30.3%,43.0%,96.0
Merrimack,Garrett Mcgovern,All,189,28,83.5,100.0,103.1,39.3%,6.8°,12.8°,39.3,0.0%,0,0.256,.260,0.287,.296,53.6%,14.3%,32.1%,39.2%,60.2%,83.9%,18.8%,27.0%,111.0
Oral Roberts,Ethan Fender,All,315,52,87.8,101.9,103.5,38.5%,14.7°,17.7°,42.3,3.8%,2,0.212,.267,0.287,.375,32.7%,38.5%,23.1%,51.1%,77.1%,88.0%,30.3%,23.6%,109.0
CSU Bakersfield,Nick Mascaro,All,648,66,88.2,105.2,110.6,43.9%,15.1°,19.1°,36.4,7.6%,5,0.164,.201,0.287,.340,39.4%,33.3%,22.7%,38.6%,60.9%,72.7%,20.6%,33.2%,107.0
Duke,Coltin Quagliano,All,728,140,87.3,101.5,107.0,37.1%,2.3°,6.6°,22.1,0.7%,1,0.25,.287,0.287,.347,60.7%,12.1%,20.0%,53.2%,77.6%,84.3%,36.5%,27.6%,69.0
UMass Lowell,Zachary Scott,All,252,49,84.1,98.2,99.7,22.4%,-1.3°,4.8°,24.5,2.0%,1,0.242,.240,0.287,.297,63.3%,14.3%,20.4%,43.3%,72.2%,89.2%,19.0%,19.3%,131.0
VCU,Cade Tousa,All,131,14,78.7,90.4,91.2,7.1%,-0.7°,-14.6°,28.6,0.0%,0,0.222,.163,0.287,.248,57.1%,21.4%,21.4%,38.2%,58.7%,73.0%,19.1%,40.0%,74.0
UNC Wilmington,Micah Simpson,All,57,9,87.0,93.5,96.6,22.2%,14.8°,2.1°,22.2,0.0%,0,0.25,.159,0.287,.240,44.4%,33.3%,22.2%,33.3%,57.1%,81.2%,10.3%,26.3%,79.0
Lindenwood,Matt Graf,All,281,58,83.4,99.4,102.5,22.4%,13.9°,4.1°,25.9,0.0%,0,0.246,.258,0.287,.319,44.8%,24.1%,22.4%,39.1%,65.2%,94.2%,16.1%,10.0%,131.0
North Alabama,Leighton Jenkins,All,355,71,80.0,98.4,102.2,18.3%,11.9°,12.1°,40.8,2.8%,2,0.245,.226,0.287,.275,43.7%,26.8%,23.9%,55.8%,80.6%,84.8%,36.5%,26.8%,88.0
Southern Illinois,Jackson Dibble,All,251,31,87.7,103.3,106.8,38.7%,13.8°,9.7°,38.7,0.0%,0,0.163,.212,0.287,.327,38.7%,19.4%,32.3%,35.9%,62.7%,75.0%,17.4%,33.3%,105.0
Long Island,Nicholas Delvecchio,All,61,8,82.1,88.9,91.6,0.0%,15.1°,-,12.5,0.0%,0,0.231,.177,0.287,.250,50.0%,37.5%,12.5%,26.2%,42.3%,81.8%,14.3%,25.0%,74.0
Auburn Montgomery,Dominick Regira,All,66,5,86.7,102.8,103.3,40.0%,1.4°,14.0°,40.0,0.0%,0,0.25,.209,0.287,.289,60.0%,0.0%,40.0%,42.4%,62.5%,66.7%,31.0%,50.0%,138.0
Arkansas-Pine Bluff,Matt Dworsky,All,48,11,67.9,92.2,92.8,0.0%,-15.5°,-,18.2,0.0%,0,0.25,.242,0.287,.304,72.7%,18.2%,9.1%,43.8%,72.7%,100.0%,19.2%,9.5%,144.0
Belmont,Nate Webb,All,357,55,87.1,104.4,110.0,32.7%,9.8°,9.6°,41.8,1.8%,1,0.22,.244,0.287,.317,36.4%,29.1%,30.9%,51.8%,70.3%,69.8%,35.9%,41.6%,65.0
Santa Clara,Will Anderson,All,607,121,89.5,101.6,106.6,38.0%,7.2°,11.7°,38.8,3.3%,4,0.276,.286,0.286,.338,42.1%,21.5%,35.5%,48.9%,73.2%,87.8%,28.1%,20.9%,108.0
Georgia Southern,Max Prozny,All,491,81,84.7,100.2,106.1,29.6%,4.0°,3.7°,22.2,3.7%,3,0.248,.200,0.286,.263,56.8%,22.2%,14.8%,45.6%,62.0%,85.3%,33.6%,26.3%,51.0
Duke,Adin Zorn,All,379,87,91.1,106.6,110.2,52.9%,6.5°,4.7°,33.3,3.4%,3,0.233,.335,0.286,.413,48.3%,10.3%,28.7%,49.3%,66.1%,86.0%,33.7%,22.5%,59.0
North Alabama,Bryant Loving,All,444,69,84.6,99.5,103.4,27.5%,16.1°,5.8°,27.5,1.4%,1,0.228,.215,0.286,.280,39.1%,33.3%,21.7%,47.7%,72.9%,79.3%,27.3%,29.7%,81.0
Miami,Michael Torres,All,508,82,84.8,100.8,105.3,20.7%,0.4°,8.6°,29.3,0.0%,0,0.228,.235,0.286,.315,51.2%,17.1%,26.8%,43.7%,64.1%,89.2%,26.7%,24.8%,79.0
Georgia Southern,Nico Senese,All,674,145,85.1,100.9,107.1,24.1%,12.5°,14.8°,33.8,3.4%,5,0.239,.258,0.286,.303,37.9%,27.6%,28.3%,48.8%,63.1%,89.5%,35.0%,17.0%,70.0
Oregon,Josh Schleichardt,All,110,22,84.4,104.5,110.6,27.3%,2.4°,11.4°,31.8,4.5%,1,0.241,.253,0.286,.311,50.0%,18.2%,22.7%,45.5%,64.7%,84.8%,28.8%,28.0%,67.0
Evansville,Simon Schulz,All,231,40,86.8,99.0,102.8,30.0%,6.4°,5.2°,30.0,0.0%,0,0.278,.295,0.286,.331,52.5%,17.5%,27.5%,45.9%,64.5%,85.5%,29.8%,27.4%,85.0
Rice,Lorenzo Rios,All,544,71,86.1,102.5,104.4,32.4%,6.4°,3.4°,22.5,0.0%,0,0.225,.220,0.286,.298,56.3%,16.9%,21.1%,46.9%,72.3%,83.2%,24.3%,26.3%,108.0
Florida Southern,Mikey Scott,All,79,19,91.6,110.2,110.8,52.6%,-1.0°,5.6°,31.6,5.3%,1,0.238,.326,0.286,.425,57.9%,21.1%,15.8%,44.3%,72.7%,87.5%,23.9%,17.1%,128.0
Tennessee,Ariel Antigua,All,176,35,84.3,103.6,106.3,25.7%,18.3°,13.8°,31.4,5.7%,2,0.205,.205,0.286,.333,34.3%,34.3%,17.1%,47.7%,72.4%,94.5%,29.0%,11.9%,98.0
Davidson,Fredy Diaz,All,541,87,81.8,100.3,109.4,18.4%,14.0°,7.9°,26.4,1.1%,1,0.246,.197,0.286,.236,40.2%,28.7%,24.1%,42.9%,59.1%,88.4%,29.3%,21.6%,79.0
Harvard,Max Lane,All,534,97,82.1,104.1,108.4,28.9%,10.3°,9.8°,23.7,2.1%,2,0.205,.211,0.286,.276,47.4%,24.7%,19.6%,47.4%,68.1%,90.1%,30.7%,16.6%,95.0
Coppin State,AJ Hurtado,All,90,9,86.6,98.4,98.7,55.6%,8.4°,20.8°,33.3,0.0%,0,0.167,.180,0.286,.267,55.6%,33.3%,0.0%,43.3%,71.1%,75.0%,15.6%,30.8%,129.0
Ohio,Colton Shirley,All,161,33,82.5,93.6,98.6,12.1%,3.2°,-3.4°,15.2,0.0%,0,0.25,.204,0.286,.254,54.5%,24.2%,15.2%,44.1%,62.3%,88.4%,30.4%,19.7%,65.0
Indiana State,Nomar Garcia,All,361,53,84.1,100.5,103.6,22.6%,3.6°,6.0°,28.3,1.9%,1,0.214,.273,0.286,.350,47.2%,22.6%,26.4%,35.5%,50.6%,87.8%,23.1%,21.1%,94.0
Richmond,Trevor Dosenbach,All,327,61,82.9,98.2,105.1,23.0%,15.3°,10.0°,29.5,0.0%,0,0.215,.224,0.286,.284,39.3%,27.9%,21.3%,52.9%,79.6%,82.6%,33.7%,30.1%,83.0
North Dakota State,Aiden Schenk,All,97,8,92.4,98.5,98.7,37.5%,16.4°,18.5°,50.0,12.5%,1,0.211,.175,0.286,.286,37.5%,25.0%,37.5%,37.1%,57.1%,67.9%,16.7%,36.1%,121.0
UTRGV,Chayton Fischer,All,337,38,87.9,105.3,106.9,47.4%,5.2°,15.9°,34.2,10.5%,4,0.205,.232,0.286,.340,47.4%,15.8%,34.2%,44.5%,66.7%,75.5%,24.7%,36.0%,96.0
Richmond,Jackson Kraemer,All,152,19,86.8,100.8,102.3,31.6%,6.9°,13.1°,42.1,5.3%,1,0.235,.245,0.285,.305,47.4%,15.8%,31.6%,37.5%,55.3%,61.9%,19.7%,43.9%,78.0
Saint Joseph's,Carson Applegate,All,689,120,84.1,97.1,104.1,15.8%,17.3°,13.7°,37.5,0.8%,1,0.255,.281,0.285,.336,39.2%,28.3%,26.7%,49.6%,73.2%,84.7%,30.1%,23.7%,103.0
Princeton,Jake Kernodle,All,592,81,93.3,107.6,112.2,54.3%,5.6°,12.8°,32.1,9.9%,8,0.227,.283,0.285,.386,45.7%,22.2%,30.9%,38.5%,59.8%,78.7%,21.9%,31.1%,89.0
Bethune-Cookman,Jeter Polledo,All,166,34,85.6,103.3,104.7,29.4%,16.3°,15.8°,41.2,5.9%,2,0.225,.281,0.285,.379,23.5%,17.6%,41.2%,50.6%,82.4%,78.6%,28.6%,29.8%,110.0
Saint Louis,Ian Halverson,All,298,43,82.8,97.0,101.3,23.3%,1.9°,14.1°,30.2,0.0%,0,0.222,.230,0.285,.313,51.2%,16.3%,30.2%,37.2%,67.8%,79.3%,16.4%,27.0%,122.0
South Dakota State,Mason Lang,All,44,6,87.6,99.2,100.0,33.3%,19.5°,17.7°,0.0,0.0%,0,0.167,.107,0.285,.179,50.0%,50.0%,0.0%,50.0%,68.2%,73.3%,31.8%,40.9%,115.0
Carson-Newman,Aiden Gibson,All,182,28,88.0,95.7,100.0,14.3%,15.7°,6.3°,25.0,0.0%,0,0.233,.214,0.284,.296,35.7%,28.6%,25.0%,41.8%,69.2%,87.0%,21.2%,21.1%,127.0
Creighton,Nick Venteicher,All,678,121,84.6,96.3,100.0,11.6%,16.6°,9.4°,36.4,0.8%,1,0.23,.229,0.284,.282,36.4%,27.3%,30.6%,39.5%,60.1%,92.9%,17.2%,12.3%,102.0
Ball State,Maxwell Kalk,All,168,24,90.3,101.4,103.8,41.7%,10.8°,10.3°,41.7,0.0%,0,0.229,.260,0.284,.354,50.0%,12.5%,33.3%,39.9%,55.9%,86.8%,29.0%,22.4%,68.0
Florida A&M,Joshua Bell,All,38,6,83.0,101.9,105.0,16.7%,3.1°,15.7°,33.3,0.0%,0,0.25,.262,0.284,.279,50.0%,16.7%,33.3%,39.5%,66.7%,87.5%,26.9%,33.3%,149.0
College of Charleston,Landon Penfield,All,766,96,82.6,99.3,103.0,25.0%,11.0°,21.1°,31.2,2.1%,2,0.189,.195,0.284,.321,44.8%,26.0%,21.9%,48.2%,75.1%,76.1%,27.9%,32.0%,103.0
Michigan State,Adam Broski,All,447,79,87.6,102.0,105.7,34.2%,15.9°,13.8°,29.1,5.1%,4,0.186,.243,0.284,.342,39.2%,36.7%,19.0%,45.9%,69.5%,86.2%,28.8%,23.4%,111.0
Kansas State,Shea McGahan,All,170,26,83.5,100.6,105.4,19.2%,6.1°,-0.1°,23.1,3.8%,1,0.152,.213,0.284,.320,46.2%,30.8%,19.2%,40.6%,61.3%,85.7%,22.2%,17.4%,88.0
Evansville,Cooper Rhodes,All,196,48,80.9,95.9,100.6,8.3%,8.8°,22.4°,45.8,2.1%,1,0.245,.277,0.284,.331,43.8%,16.7%,37.5%,51.0%,67.3%,93.9%,34.7%,12.0%,101.0
Duke,Jeff Lougee,All,78,12,79.2,94.7,94.8,8.3%,7.2°,-10.4°,8.3,0.0%,0,0.176,.141,0.284,.214,50.0%,33.3%,8.3%,53.8%,75.6%,83.9%,29.7%,28.6%,34.0
Murray State,Kingsley Guthrie,All,72,8,93.0,104.3,105.1,50.0%,13.9°,11.3°,12.5,12.5%,1,0.188,.188,0.284,.268,50.0%,12.5%,12.5%,52.8%,75.9%,86.4%,37.2%,26.3%,103.0
Arkansas State,Raul Torres,All,316,62,86.5,98.3,98.8,27.4%,7.5°,3.8°,38.7,0.0%,0,0.24,.300,0.284,.346,43.5%,21.0%,32.3%,46.8%,66.9%,86.8%,31.7%,15.5%,94.0
Mars Hill,Carter Potts,All,30,6,66.9,84.4,89.1,0.0%,20.3°,-,66.7,0.0%,0,0.286,.316,0.284,.269,50.0%,16.7%,33.3%,50.0%,64.3%,55.6%,37.5%,33.3%,151.0
Arizona,Maddox Mihalakis,All,723,138,90.1,104.1,110.3,45.7%,16.3°,12.2°,29.0,4.3%,6,0.227,.267,0.284,.346,38.4%,31.9%,23.9%,44.1%,68.4%,85.6%,23.2%,24.5%,107.0
Pacific,Peyton Richards,All,143,24,84.7,104.9,109.8,29.2%,9.8°,15.9°,29.2,4.2%,1,0.194,.177,0.284,.280,37.5%,37.5%,25.0%,50.3%,69.1%,87.2%,33.3%,27.8%,68.0
Villanova,Jack Roventini,All,499,52,84.0,94.9,102.0,13.5%,9.5°,3.3°,28.8,0.0%,0,0.223,.150,0.284,.246,48.1%,26.9%,19.2%,39.3%,59.8%,78.2%,19.4%,28.6%,80.0
Point,Arwin Burgos,All,30,7,85.5,99.3,100.8,28.6%,0.9°,-,28.6,0.0%,0,0.25,-,0.284,-,57.1%,0.0%,14.3%,60.0%,78.6%,100.0%,43.8%,16.7%,
Mount St. Mary's,Joey Agar,All,196,23,76.5,93.8,99.1,4.3%,26.4°,12.0°,21.7,0.0%,0,0.194,.128,0.284,.228,30.4%,47.8%,8.7%,35.7%,61.5%,66.1%,13.3%,31.4%,143.0
Rice,Landis Davila,All,520,94,86.3,103.1,106.6,29.8%,7.6°,8.3°,34.0,1.1%,1,0.248,.250,0.284,.323,46.8%,26.6%,22.3%,49.4%,71.7%,90.6%,28.6%,19.8%,106.0
Azusa Pacific,Jacob Hayes,All,29,6,78.7,107.9,107.9,33.3%,-10.9°,9.6°,16.7,0.0%,0,0.25,.227,0.284,.236,50.0%,0.0%,33.3%,51.7%,69.2%,88.9%,37.5%,20.0%,-20.0
Rice,Hiram Bocachica,All,665,117,85.8,96.9,100.7,18.8%,14.1°,3.1°,38.5,0.0%,0,0.2,.262,0.284,.328,40.2%,23.9%,30.8%,33.8%,54.6%,93.6%,15.1%,11.6%,107.0
Vanderbilt,Will Hampton,All,155,22,84.3,98.0,101.0,22.7%,-3.6°,7.7°,27.3,4.5%,1,0.226,.228,0.283,.284,63.6%,13.6%,18.2%,40.6%,67.5%,83.3%,12.0%,19.0%,130.0
Cal State Northridge,Jehee Lee,All,259,32,88.0,104.0,108.8,34.4%,26.4°,15.0°,37.5,12.5%,4,0.222,.183,0.283,.296,21.9%,46.9%,28.1%,45.6%,68.7%,85.3%,31.2%,33.1%,67.0
Nebraska,Devin Nunez,All,150,24,90.5,105.2,108.7,54.2%,-2.0°,6.5°,33.3,4.2%,1,0.27,.293,0.283,.338,62.5%,4.2%,33.3%,48.0%,73.9%,68.6%,25.9%,40.3%,99.0
Arizona,Roman Meyers,All,289,34,84.0,101.6,110.0,29.4%,19.2°,21.5°,23.5,0.0%,0,0.19,.157,0.283,.259,38.2%,35.3%,14.7%,43.3%,66.2%,71.7%,22.0%,35.2%,99.0
La Salle,Ryan Perez,All,232,40,85.2,96.4,102.3,12.5%,14.8°,13.0°,27.5,0.0%,0,0.167,.204,0.283,.299,45.0%,35.0%,15.0%,33.6%,54.6%,91.5%,15.3%,11.5%,103.0
William & Mary,Kevin Francella,All,343,75,84.4,100.2,106.4,29.3%,13.0°,8.0°,29.3,4.0%,3,0.226,.243,0.283,.284,45.3%,33.3%,16.0%,53.6%,72.3%,84.3%,37.5%,25.0%,59.0
Niagara,Carter Aarts,All,82,14,86.2,101.1,101.1,50.0%,17.7°,14.3°,42.9,7.1%,1,0.238,.264,0.283,.320,35.7%,28.6%,35.7%,47.6%,73.7%,82.1%,25.0%,33.3%,88.0
North Dakota State,Tyman Long,All,301,31,93.9,107.3,110.8,45.2%,19.2°,26.1°,35.5,12.9%,4,0.164,.191,0.283,.326,25.8%,41.9%,22.6%,45.2%,64.3%,64.4%,28.6%,41.9%,86.0
Wagner,Evan McRae,All,141,27,84.4,96.7,101.1,18.5%,3.9°,10.7°,25.9,0.0%,0,0.257,.228,0.283,.249,51.9%,29.6%,18.5%,43.3%,65.2%,83.7%,24.0%,19.7%,69.0
Fresno State,Cameron Schneider,All,363,80,87.0,103.8,105.3,32.5%,12.1°,9.6°,32.5,1.2%,1,0.234,.265,0.283,.340,40.0%,22.5%,27.5%,40.2%,61.0%,93.0%,23.1%,18.5%,91.0
Hawaii,Christian Hoffman,All,56,7,79.2,99.3,104.4,28.6%,6.2°,-0.9°,14.3,0.0%,0,0.231,.167,0.283,.202,42.9%,14.3%,14.3%,48.2%,68.0%,58.8%,32.3%,55.6%,29.0
Southeastern Louisiana,Ben Robichaux,All,344,43,87.2,103.0,105.3,34.9%,6.1°,8.0°,27.9,2.3%,1,0.194,.206,0.283,.290,55.8%,14.0%,20.9%,45.9%,70.2%,75.5%,26.9%,34.8%,116.0
McNeese,Simon Larranaga,All,96,14,89.1,110.5,113.7,35.7%,7.1°,16.6°,14.3,7.1%,1,0.227,.178,0.283,.249,57.1%,28.6%,7.1%,45.8%,72.7%,59.4%,23.1%,45.5%,80.0
Cedarville,Chris Montes de Oca,All,62,12,83.2,91.8,97.3,33.3%,7.0°,2.1°,8.3,0.0%,0,0.154,.208,0.283,.313,58.3%,8.3%,8.3%,35.5%,65.4%,100.0%,13.9%,9.1%,147.0
Northern Kentucky,Pierce Bauerle,All,420,63,89.8,102.7,107.4,41.3%,10.3°,12.5°,30.2,3.2%,2,0.205,.229,0.283,.323,41.3%,22.2%,23.8%,38.6%,61.7%,78.2%,18.9%,26.5%,102.0
Oklahoma State,Terrance Bowen,All,309,41,89.4,106.1,109.8,41.5%,12.0°,13.6°,39.0,4.9%,2,0.212,.236,0.282,.344,36.6%,22.0%,31.7%,34.6%,52.8%,72.0%,19.2%,32.7%,72.0
Lamar,Reese Beheler,All,304,37,83.3,98.6,100.9,24.3%,9.3°,10.2°,32.4,0.0%,0,0.155,.233,0.282,.359,48.6%,21.6%,27.0%,42.4%,70.9%,76.7%,22.0%,29.5%,132.0
Mercyhurst,Jayden Walker,All,77,15,86.7,95.1,104.4,13.3%,3.9°,4.5°,20.0,0.0%,0,0.222,.248,0.282,.301,53.3%,20.0%,20.0%,45.5%,72.2%,80.8%,22.0%,25.7%,107.0
Army,David Dubrule,All,375,86,78.6,94.1,95.9,3.5%,11.5°,-12.8°,34.9,0.0%,0,0.265,.273,0.282,.303,48.8%,23.3%,26.7%,50.9%,73.3%,94.6%,31.2%,14.1%,73.0
Holy Cross,Nick Spaner,All,99,17,88.1,106.0,106.5,41.2%,4.4°,0.6°,11.8,0.0%,0,0.261,.219,0.282,.278,58.8%,17.6%,17.6%,43.4%,62.7%,81.2%,22.9%,30.2%,96.0
Bryant,Dylan Prince,All,127,21,83.2,102.2,103.5,28.6%,18.2°,4.2°,23.8,0.0%,0,0.233,.151,0.282,.220,42.9%,33.3%,9.5%,47.2%,69.0%,82.5%,29.0%,30.0%,70.0
Saint Peter's,Allen Ramos,All,84,18,77.3,88.5,95.0,0.0%,7.7°,-,33.3,0.0%,0,0.217,.199,0.282,.262,50.0%,22.2%,27.8%,41.7%,69.0%,93.1%,14.3%,17.1%,113.0
Holy Cross,John LaFleur,All,498,68,82.7,101.3,103.8,26.5%,17.5°,16.6°,35.3,2.9%,2,0.2,.218,0.282,.297,36.8%,27.9%,29.4%,38.8%,64.3%,82.8%,21.7%,27.5%,95.0
NC State,Vincent DeCarlo,All,141,27,88.5,103.6,105.8,44.4%,6.0°,9.1°,29.6,3.7%,1,0.242,.260,0.282,.331,48.1%,22.2%,22.2%,37.6%,56.9%,78.4%,21.1%,30.2%,77.0
Stanford,Philip Cheong,All,98,12,82.3,100.7,109.2,25.0%,15.4°,21.9°,33.3,0.0%,0,0.227,.181,0.282,.248,33.3%,41.7%,25.0%,48.0%,71.7%,73.7%,20.0%,34.0%,78.0
Maryland,Colin Gibbs,All,131,14,78.0,98.6,99.7,28.6%,2.0°,12.2°,21.4,7.1%,1,0.231,.187,0.282,.290,50.0%,28.6%,14.3%,39.7%,54.4%,83.9%,28.4%,26.9%,61.0
Houston,Antonelli Savattere,All,592,122,86.6,98.5,102.6,22.1%,8.5°,2.0°,29.5,0.0%,0,0.243,.303,0.282,.350,51.6%,18.0%,27.0%,40.4%,61.8%,93.5%,22.2%,14.2%,102.0
Southern Miss,Tucker Stockman,All,699,136,87.2,102.7,107.6,34.6%,9.5°,11.8°,26.5,5.1%,7,0.238,.263,0.282,.338,47.1%,30.1%,18.4%,48.8%,72.8%,82.4%,28.5%,25.2%,84.0
Butler,Will White,All,263,39,84.0,99.9,106.0,28.2%,9.1°,18.6°,33.3,2.6%,1,0.18,.199,0.282,.301,46.2%,20.5%,23.1%,40.7%,57.9%,75.8%,27.5%,32.7%,82.0
UCLA,Phoenix Call,All,499,65,83.3,99.6,103.0,20.0%,12.6°,21.7°,32.3,1.5%,1,0.204,.213,0.282,.318,44.6%,27.7%,21.5%,35.9%,55.9%,79.8%,19.9%,26.3%,85.0
Queens (NC),Kendall McDowell,All,109,15,90.3,96.2,103.1,26.7%,14.5°,10.4°,46.7,0.0%,0,0.238,.244,0.282,.323,26.7%,33.3%,40.0%,40.4%,61.2%,76.7%,23.3%,36.4%,71.0
Hawaii,Garrett Greco,All,70,9,80.8,84.8,85.1,0.0%,4.4°,-,22.2,0.0%,0,0.286,.213,0.281,.240,77.8%,11.1%,11.1%,40.0%,67.7%,71.4%,17.9%,28.6%,134.0
North Carolina,Lee Sowers,All,89,9,84.8,89.6,91.0,11.1%,-9.5°,-9.6°,22.2,0.0%,0,0.133,.194,0.281,.331,66.7%,0.0%,22.2%,40.4%,67.6%,92.0%,21.2%,19.4%,92.0
Ole Miss,Luke Romine,All,81,7,90.3,106.4,106.6,42.9%,14.3°,28.3°,28.6,0.0%,0,0.133,.170,0.281,.349,28.6%,42.9%,28.6%,35.8%,55.9%,63.2%,21.3%,48.3%,82.0
Vanderbilt,Collin Brightwell,All,57,5,81.5,86.2,90.3,20.0%,16.8°,-6.3°,40.0,0.0%,0,0.2,.271,0.281,.344,40.0%,40.0%,20.0%,42.1%,66.7%,75.0%,24.2%,33.3%,90.0
Northeastern,Will Fosberg,All,295,42,85.6,100.9,105.0,33.3%,4.8°,13.1°,28.6,7.1%,3,0.161,.215,0.281,.346,50.0%,28.6%,14.3%,39.3%,62.6%,87.8%,20.7%,22.4%,103.0
Old Dominion,Cole McKenna,All,83,8,88.6,94.2,97.2,25.0%,15.1°,5.7°,25.0,0.0%,0,0.133,.173,0.281,.321,37.5%,25.0%,25.0%,37.3%,63.2%,70.8%,15.6%,32.3%,137.0
Arkansas-Pine Bluff,Ian Smith,All,197,30,79.4,99.8,102.3,20.0%,7.0°,4.9°,16.7,0.0%,0,0.256,.264,0.281,.289,56.7%,16.7%,23.3%,40.1%,61.9%,88.5%,23.9%,22.8%,81.0
Stetson,Sean Griggs,All,183,24,80.6,95.3,100.9,16.7%,16.4°,8.2°,20.8,0.0%,0,0.2,.202,0.281,.306,45.8%,37.5%,12.5%,33.3%,57.6%,85.7%,12.2%,18.0%,107.0
Binghamton,Andrew Heppner,All,153,33,85.5,102.5,105.9,21.2%,13.8°,17.3°,27.3,6.1%,2,0.2,.202,0.281,.249,39.4%,33.3%,15.2%,54.9%,75.0%,88.9%,37.0%,25.0%,77.0
Youngstown State,Jay Michael Wrona,All,64,5,81.7,94.7,97.2,20.0%,10.1°,13.8°,80.0,0.0%,0,0.1,.203,0.281,.363,40.0%,0.0%,60.0%,39.1%,62.5%,65.0%,15.6%,44.0%,115.0
Siena,Steven Ramirez,All,62,6,89.6,98.8,99.1,50.0%,5.0°,-0.6°,33.3,0.0%,0,0.1,.264,0.281,.426,50.0%,0.0%,33.3%,40.3%,69.2%,83.3%,19.4%,24.0%,114.0
Butler,William Burgess,All,155,28,84.2,100.4,103.0,32.1%,10.9°,-0.7°,17.9,0.0%,0,0.189,.182,0.281,.257,50.0%,17.9%,17.9%,40.6%,57.0%,75.6%,23.7%,34.9%,68.0
Morehead State,Jack Taylor,All,56,6,81.0,104.1,106.2,33.3%,1.6°,10.8°,50.0,0.0%,0,0.2,.245,0.281,.338,50.0%,0.0%,33.3%,41.1%,72.0%,55.6%,16.1%,43.5%,119.0
Pepperdine,Nash Horton,All,299,57,83.7,100.8,106.6,24.6%,19.7°,16.0°,33.3,1.8%,1,0.234,.219,0.281,.282,33.3%,36.8%,24.6%,51.5%,64.5%,86.2%,42.3%,31.8%,59.0
Georgia State,Sam Silas,All,453,76,85.8,98.7,102.6,19.7%,0.6°,-0.2°,25.0,0.0%,0,0.24,.248,0.281,.306,60.5%,17.1%,21.1%,36.6%,56.3%,88.3%,21.5%,17.5%,82.0
Creighton,Joe Washburn,All,220,35,84.1,96.3,102.3,17.1%,4.9°,0.8°,31.4,0.0%,0,0.25,.226,0.281,.251,54.3%,22.9%,22.9%,43.2%,63.6%,92.6%,23.9%,22.1%,84.0
Stony Brook,Luke Ciminiello,All,42,7,74.2,65.4,66.1,14.3%,-17.7°,-15.8°,14.3,0.0%,0,0.3,.129,0.281,.124,85.7%,14.3%,0.0%,42.9%,56.0%,78.6%,23.5%,27.8%,36.0
USC Upstate,Micah Coleman,All,147,22,83.6,101.6,102.2,27.3%,-1.0°,17.6°,22.7,4.5%,1,0.207,.216,0.281,.325,68.2%,18.2%,13.6%,40.8%,56.7%,86.8%,27.5%,26.7%,63.0
Long Beach State,Ty Borgogno,All,197,29,79.8,91.9,94.4,0.0%,4.3°,-,34.5,0.0%,0,0.238,.203,0.28,.287,48.3%,20.7%,27.6%,46.7%,67.0%,93.2%,30.3%,21.7%,82.0
Houston Christian,Anthony Avalos,All,502,95,83.4,99.1,106.0,18.9%,17.3°,11.2°,35.8,2.1%,2,0.226,.247,0.28,.319,32.6%,30.5%,28.4%,49.4%,73.2%,86.9%,25.8%,21.8%,119.0
Abilene Christian,Sam Hardcastle,All,184,28,89.3,101.7,105.0,53.6%,10.8°,16.9°,25.0,3.6%,1,0.239,.256,0.28,.300,53.6%,32.1%,14.3%,41.3%,58.1%,70.0%,26.5%,43.4%,55.0
Florida Atlantic,Jayden Harriel,All,95,15,89.2,102.0,103.9,40.0%,21.3°,23.8°,46.7,0.0%,0,0.182,.249,0.28,.361,20.0%,46.7%,33.3%,42.1%,60.0%,81.5%,26.0%,35.0%,67.0
George Mason,Evan Blanchard,All,432,72,85.2,99.2,102.3,26.4%,7.4°,12.4°,31.9,0.0%,0,0.23,.297,0.28,.353,44.4%,20.8%,34.7%,43.5%,68.6%,91.7%,23.1%,12.8%,89.0
UC Riverside,Evan Chavez,All,109,19,82.8,96.2,103.2,10.5%,15.2°,17.0°,36.8,5.3%,1,0.185,.201,0.28,.287,42.1%,26.3%,31.6%,47.7%,72.3%,88.2%,29.0%,28.8%,137.0
Youngstown State,James Carlson,All,349,43,85.6,104.5,110.4,32.6%,18.8°,21.3°,20.9,4.7%,2,0.221,.172,0.28,.281,39.5%,30.2%,20.9%,43.0%,61.3%,66.3%,27.5%,39.3%,81.0
Elon,Gavin Bogdanchik,All,347,66,87.2,102.7,103.7,37.9%,14.9°,6.0°,25.8,0.0%,0,0.244,.264,0.28,.316,45.5%,25.8%,22.7%,46.4%,68.5%,88.8%,30.9%,22.4%,72.0
Lehigh,Ryan Davis,All,167,12,91.9,104.2,105.1,58.3%,10.0°,23.4°,58.3,25.0%,3,0.161,.151,0.28,.297,25.0%,25.0%,41.7%,41.3%,59.7%,62.5%,29.0%,43.5%,100.0
Albany,Tre Mariano,All,178,25,88.5,106.1,109.8,44.0%,3.5°,23.4°,44.0,8.0%,2,0.209,.214,0.28,.296,36.0%,28.0%,32.0%,49.4%,68.4%,69.2%,35.3%,42.0%,48.0
Saint Mary's (CA),Cody Kashimoto,All,621,129,83.3,97.6,101.3,18.6%,4.3°,7.2°,31.0,0.0%,0,0.267,.275,0.28,.298,54.3%,17.8%,26.4%,41.9%,65.8%,94.3%,20.7%,14.6%,99.0
Oral Roberts,Keaton Campbell,All,379,56,89.2,102.3,111.4,37.5%,17.7°,8.0°,28.6,1.8%,1,0.198,.232,0.28,.316,37.5%,28.6%,23.2%,45.4%,69.0%,85.0%,29.0%,29.7%,77.0
Ohio,Taylor Harris,All,402,78,89.0,104.9,107.8,30.8%,11.6°,14.7°,28.2,5.1%,4,0.23,.243,0.28,.324,43.6%,29.5%,20.5%,48.0%,74.4%,86.1%,29.8%,28.5%,74.0
Prairie View,John Lawson,All,69,11,75.5,94.3,97.3,9.1%,21.2°,19.4°,36.4,0.0%,0,0.2,.242,0.28,.291,36.4%,27.3%,27.3%,53.6%,75.0%,83.3%,42.2%,37.8%,52.0
Troy,Houston Markham,All,348,66,84.8,103.4,110.2,25.8%,6.3°,5.9°,25.8,0.0%,0,0.265,.219,0.28,.238,42.4%,25.8%,24.2%,51.1%,68.9%,83.5%,34.8%,19.7%,81.0
San Jose State,Dylan Jackson,All,188,21,85.2,104.5,110.4,38.1%,17.8°,15.7°,38.1,9.5%,2,0.189,.210,0.279,.344,28.6%,38.1%,28.6%,44.7%,66.7%,66.7%,31.0%,38.1%,74.0
Alabama A&M,AJ Anderson,All,90,19,80.1,89.9,95.8,5.3%,6.3°,12.1°,26.3,0.0%,0,0.25,.241,0.279,.271,52.6%,21.1%,21.1%,50.0%,77.3%,79.4%,23.9%,24.4%,72.0
Gardner-Webb,Daniel Smith,All,91,20,86.4,100.9,101.4,30.0%,10.8°,1.1°,5.0,5.0%,1,0.208,.185,0.279,.247,55.0%,25.0%,0.0%,42.9%,69.6%,87.5%,15.6%,15.4%,111.0
Murray State,Parker Airhart,All,279,49,85.3,96.4,99.5,20.4%,14.1°,12.3°,34.7,4.1%,2,0.197,.246,0.279,.320,42.9%,28.6%,22.4%,48.0%,65.0%,86.2%,34.6%,24.6%,83.0
North Carolina A&T,Savoi Edwards,All,205,26,89.1,106.0,109.3,53.8%,0.6°,9.3°,30.8,3.8%,1,0.186,.231,0.279,.300,57.7%,15.4%,26.9%,47.8%,71.1%,79.7%,29.6%,36.7%,62.0
Milwaukee,Cade Palkowski,All,243,29,83.0,100.6,102.9,27.6%,2.2°,13.1°,24.1,0.0%,0,0.222,.165,0.279,.217,51.7%,27.6%,17.2%,47.7%,71.1%,72.8%,27.1%,34.5%,103.0
UNC Wilmington,Cole Nelson,All,307,31,89.5,111.8,115.6,41.9%,12.7°,17.2°,25.8,12.9%,4,0.172,.173,0.279,.277,38.7%,35.5%,25.8%,50.2%,69.1%,68.8%,34.5%,42.2%,63.0
Lamar,Brayden Evans,All,713,130,86.4,102.3,106.2,34.6%,22.0°,19.1°,38.5,3.8%,5,0.217,.257,0.279,.340,23.1%,37.7%,30.8%,49.2%,76.1%,79.9%,23.0%,25.1%,111.0
Houston Christian,Zach Munton,All,180,22,82.6,99.9,100.8,31.8%,17.3°,8.2°,18.2,0.0%,0,0.212,.183,0.279,.298,50.0%,27.3%,13.6%,48.3%,73.2%,85.0%,27.6%,31.0%,114.0
Western Illinois,Isaiah Monge,All,400,76,82.6,98.6,100.6,18.4%,13.1°,18.3°,39.5,2.6%,2,0.245,.223,0.279,.273,39.5%,23.7%,27.6%,52.0%,73.4%,83.3%,33.0%,28.8%,94.0
Alcorn State,Rayfield Adams,All,176,20,76.6,91.5,96.0,10.0%,7.4°,3.0°,40.0,0.0%,0,0.167,.190,0.279,.302,45.0%,20.0%,35.0%,35.8%,53.1%,88.4%,21.1%,23.8%,89.0
UMass Lowell,Brayden Cali,All,99,27,76.6,92.0,92.8,3.7%,7.0°,-1.5°,44.4,0.0%,0,0.267,.290,0.279,.307,48.1%,22.2%,25.9%,54.5%,74.0%,94.6%,34.7%,11.1%,87.0
Prairie View,Hunter Ham,All,73,13,83.7,100.6,101.8,30.8%,-2.1°,10.7°,46.2,7.7%,1,0.211,.251,0.279,.323,46.2%,7.7%,38.5%,50.7%,80.6%,84.0%,28.6%,24.3%,107.0
Akron,Gio Melchione,All,169,31,79.1,97.1,100.6,16.1%,6.6°,4.8°,45.2,0.0%,0,0.256,.267,0.278,.296,54.8%,12.9%,32.3%,38.5%,58.6%,85.4%,24.2%,20.0%,82.0
Central Michigan,Miguel Correa,All,407,76,86.7,102.3,107.0,34.2%,12.7°,20.2°,31.6,5.3%,4,0.25,.260,0.278,.347,35.5%,31.6%,23.7%,45.7%,67.8%,86.9%,28.2%,25.8%,96.0
Western Illinois,Gage Hoover,All,350,73,82.4,99.9,102.3,24.7%,8.5°,6.6°,38.4,0.0%,0,0.247,.284,0.278,.331,43.8%,21.9%,32.9%,50.9%,75.6%,84.7%,29.0%,28.1%,104.0
James Madison,Keegan Haesler,All,155,24,86.2,99.4,100.1,20.8%,10.5°,22.1°,45.8,0.0%,0,0.194,.247,0.278,.371,41.7%,8.3%,41.7%,40.6%,67.1%,90.2%,15.2%,19.0%,126.0
James Madison,Jack Guerrero,All,616,126,84.6,97.4,104.5,21.4%,7.5°,4.3°,31.7,0.0%,0,0.242,.249,0.278,.283,50.0%,20.6%,24.6%,47.1%,70.8%,83.3%,28.4%,22.1%,82.0
Jackson State,Issac McClenty,All,203,24,80.5,92.9,97.9,8.3%,9.2°,8.7°,25.0,0.0%,0,0.239,.109,0.278,.189,45.8%,33.3%,16.7%,43.3%,64.0%,76.6%,23.3%,33.0%,71.0
Sacred Heart,CJ Nolan,All,77,11,95.4,101.4,101.7,54.5%,32.6°,26.0°,54.5,0.0%,0,0.25,.197,0.278,.292,0.0%,45.5%,45.5%,41.6%,60.0%,71.4%,26.2%,43.8%,93.0
Millersville,Donis Rodriguez,All,65,13,84.3,97.8,98.1,30.8%,7.7°,11.9°,30.8,0.0%,0,0.2,.320,0.277,.399,53.8%,15.4%,30.8%,36.9%,64.5%,90.0%,11.8%,12.5%,123.0
Cal State Northridge,Cameron Calvillo,All,308,39,86.9,100.4,104.4,30.8%,12.5°,18.0°,38.5,5.1%,2,0.153,.210,0.277,.322,43.6%,28.2%,25.6%,37.7%,61.4%,85.9%,21.0%,21.6%,112.0
Yale,Bryce Miller,All,446,59,86.7,101.1,104.3,39.0%,4.2°,10.6°,32.2,1.7%,1,0.196,.199,0.277,.295,50.8%,22.0%,22.0%,41.3%,59.7%,75.6%,25.4%,33.2%,75.0
New Mexico,Karsen Waslefsky,All,319,64,85.7,99.8,104.3,29.7%,11.1°,7.0°,43.8,0.0%,0,0.253,.304,0.277,.353,39.1%,25.0%,32.8%,39.2%,63.5%,89.7%,20.9%,15.2%,101.0
Minnesota,Jameson Martin,All,193,35,90.0,101.0,105.0,45.7%,7.9°,12.8°,40.0,5.7%,2,0.244,.295,0.277,.349,42.9%,25.7%,28.6%,42.5%,66.7%,82.8%,22.6%,20.7%,103.0
Fairfield,Jake Haarde,All,200,37,82.4,104.2,107.0,21.6%,11.3°,14.4°,37.8,5.4%,2,0.235,.247,0.277,.306,37.8%,24.3%,32.4%,50.5%,73.3%,81.8%,31.8%,30.7%,89.0
UAB,Patrick McGlon,All,44,11,85.8,96.8,104.6,9.1%,18.8°,15.7°,54.5,0.0%,0,0.25,.334,0.277,.351,18.2%,18.2%,54.5%,47.7%,73.9%,76.5%,19.0%,33.3%,123.0
UTSA,Nathan Johnson,All,92,16,91.2,104.8,106.7,37.5%,9.7°,27.7°,25.0,12.5%,2,0.19,.244,0.277,.394,43.8%,43.8%,12.5%,53.3%,70.0%,71.4%,33.3%,32.7%,84.0
Texas A&M-Corpus Christi,Karson Krowka,All,189,38,84.0,96.8,99.9,10.5%,8.5°,3.9°,31.6,0.0%,0,0.239,.243,0.277,.289,52.6%,26.3%,21.1%,47.6%,70.9%,93.4%,28.2%,11.1%,86.0
NJIT,Cj Wisniewski,All,60,8,81.2,97.4,98.7,37.5%,31.8°,15.1°,50.0,12.5%,1,0.2,.233,0.277,.328,25.0%,37.5%,25.0%,46.7%,56.0%,71.4%,40.0%,46.4%,34.0
UNC Greensboro,Jake Barbour,All,707,109,82.0,97.3,103.4,17.4%,17.7°,19.4°,37.6,0.9%,1,0.199,.200,0.277,.289,37.6%,33.9%,26.6%,41.0%,62.0%,91.1%,21.0%,19.3%,96.0
UMass Lowell,Ryan Strand,All,147,30,81.4,97.8,100.4,10.0%,-6.0°,13.1°,16.7,0.0%,0,0.243,.197,0.277,.248,66.7%,13.3%,10.0%,51.0%,71.1%,83.3%,29.6%,26.7%,98.0
Montreat,Tommy Ramos,All,53,7,88.5,99.6,99.9,28.6%,25.0°,-,42.9,0.0%,0,0.231,-,0.277,-,14.3%,42.9%,14.3%,54.7%,71.4%,53.3%,43.8%,51.7%,
Baylor,Ty Johnson,All,650,111,85.9,100.0,103.1,29.7%,2.7°,9.0°,31.5,0.9%,1,0.218,.243,0.277,.323,59.5%,19.8%,18.9%,40.9%,63.1%,85.6%,22.2%,24.1%,102.0
Florida,Sam Miller,All,177,28,82.6,105.1,106.1,35.7%,13.1°,9.8°,21.4,3.6%,1,0.217,.205,0.277,.259,46.4%,25.0%,25.0%,53.1%,77.5%,74.2%,33.0%,38.3%,93.0
Samford,Jackson Harris,All,626,111,83.8,102.3,104.8,30.6%,4.7°,4.9°,24.3,1.8%,2,0.221,.225,0.277,.298,55.9%,16.2%,23.4%,39.6%,62.3%,87.3%,23.0%,22.6%,93.0
Baylor,Brayden Buchanan,All,321,46,81.9,99.2,101.9,23.9%,8.8°,14.1°,39.1,4.3%,2,0.2,.221,0.277,.313,43.5%,23.9%,26.1%,39.3%,57.9%,81.5%,24.9%,24.6%,74.0
Eastern Michigan,Drew Jones,All,425,55,84.6,101.7,105.5,30.9%,8.5°,10.6°,21.8,1.8%,1,0.167,.179,0.277,.280,47.3%,21.8%,20.0%,38.4%,54.9%,85.1%,25.7%,26.4%,86.0
Northwestern,Carter Danz,All,53,8,90.9,99.0,102.3,25.0%,6.2°,-6.1°,25.0,0.0%,0,0.25,.203,0.277,.216,37.5%,25.0%,25.0%,58.5%,85.7%,66.7%,28.0%,41.9%,138.0
BYU,Parker Goff,All,415,53,86.6,102.5,106.3,24.5%,18.4°,19.8°,26.4,9.4%,5,0.2,.192,0.276,.292,35.8%,32.1%,20.8%,43.1%,62.4%,72.4%,27.5%,29.1%,89.0
Connecticut,Steve Thomas,All,77,10,84.5,94.5,96.3,10.0%,0.7°,16.0°,30.0,0.0%,0,0.235,.212,0.276,.271,60.0%,10.0%,30.0%,31.2%,52.9%,77.8%,14.0%,29.2%,70.0
Alcorn State,Chase Moore,All,154,18,75.5,91.1,94.5,5.6%,0.5°,-33.4°,44.4,0.0%,0,0.192,.135,0.276,.236,44.4%,16.7%,38.9%,37.7%,62.5%,77.8%,15.9%,25.9%,133.0
Alabama A&M,Zak Rice,All,85,10,85.2,98.4,100.1,40.0%,18.5°,15.6°,50.0,0.0%,0,0.235,.265,0.276,.334,20.0%,40.0%,40.0%,29.4%,55.3%,81.0%,8.5%,24.0%,136.0
Pepperdine,James Dell'Amico,All,536,117,88.3,103.0,109.5,37.6%,7.2°,10.5°,37.6,1.7%,2,0.262,.286,0.276,.332,46.2%,20.5%,30.8%,53.4%,72.9%,84.3%,39.9%,25.5%,51.0
Dallas Baptist,Urim Ibrahimi,All,73,9,99.2,108.9,109.9,66.7%,15.1°,5.4°,33.3,22.2%,2,0.176,.223,0.276,.319,44.4%,22.2%,22.2%,37.0%,50.0%,83.3%,24.3%,18.5%,31.0
Rutgers,Julius Rosado,All,233,27,90.1,107.3,108.2,37.0%,23.5°,20.2°,29.6,7.4%,2,0.171,.194,0.276,.334,25.9%,48.1%,18.5%,36.9%,66.3%,71.0%,13.2%,32.6%,127.0
Northern Kentucky,Mark Nowak,All,346,61,88.2,100.4,106.5,36.1%,12.3°,16.0°,39.3,1.6%,1,0.22,.244,0.276,.336,32.8%,31.1%,27.9%,44.8%,70.2%,86.8%,25.1%,23.9%,85.0
Florida State,Cal Fisher,All,850,145,87.3,102.8,107.4,34.5%,17.2°,17.0°,32.4,4.1%,6,0.228,.238,0.276,.317,35.9%,22.1%,26.2%,52.4%,73.8%,82.1%,35.2%,25.6%,80.0
Long Island,Tyler Benick,All,83,10,85.7,98.7,101.8,20.0%,20.0°,15.7°,70.0,0.0%,0,0.25,.182,0.276,.264,20.0%,20.0%,60.0%,51.8%,77.4%,79.2%,36.5%,37.2%,60.0
Tennessee Tech,Luke Bragga,All,377,64,77.3,90.7,92.1,0.0%,6.3°,-,20.3,0.0%,0,0.197,.233,0.276,.297,54.7%,23.4%,18.8%,35.0%,56.8%,88.5%,17.3%,12.1%,119.0
Western Kentucky,Ian Nguyen,All,222,39,87.8,99.6,102.4,28.2%,15.1°,18.1°,56.4,0.0%,0,0.241,.237,0.276,.301,20.5%,23.1%,51.3%,41.9%,57.4%,81.8%,25.2%,24.7%,83.0
UC Santa Barbara,Ryan Severns,All,194,22,86.9,103.3,105.9,50.0%,15.9°,9.3°,45.5,4.5%,1,0.231,.210,0.276,.274,50.0%,18.2%,31.8%,39.2%,58.9%,81.1%,22.1%,27.6%,67.0
Seton Hall,Joe Marini,All,177,26,84.6,103.4,105.7,30.8%,10.0°,13.9°,30.8,0.0%,0,0.194,.240,0.276,.327,50.0%,30.8%,19.2%,39.5%,69.2%,91.1%,22.3%,20.0%,115.0
Eastern Kentucky,Jackson Reid,All,316,38,82.2,99.6,100.8,15.8%,17.0°,18.5°,52.6,0.0%,0,0.224,.197,0.275,.267,28.9%,26.3%,39.5%,46.2%,63.0%,84.7%,33.7%,26.7%,75.0
Arkansas-Pine Bluff,Nick Hockemeyer,All,128,25,74.7,96.3,102.7,8.0%,5.0°,19.7°,36.0,0.0%,0,0.2,.206,0.275,.267,40.0%,28.0%,28.0%,40.6%,67.9%,94.4%,21.3%,15.4%,115.0
Southeastern Louisiana,Mozell Little,All,111,15,86.7,99.4,99.5,46.7%,21.5°,21.6°,13.3,0.0%,0,0.182,.182,0.275,.329,40.0%,33.3%,13.3%,41.4%,77.3%,70.6%,17.9%,39.1%,132.0
Biola,Adiel Torres,All,87,15,85.4,99.1,101.3,20.0%,7.9°,22.5°,33.3,0.0%,0,0.19,.206,0.275,.293,46.7%,26.7%,26.7%,48.3%,80.0%,95.0%,35.5%,23.8%,66.0
Omaha,Drew Borner,All,271,50,85.7,99.5,102.7,24.0%,18.4°,14.5°,28.0,2.0%,1,0.206,.214,0.275,.305,38.0%,36.0%,20.0%,42.8%,67.4%,85.4%,19.4%,20.7%,115.0
Northern Kentucky,Marcus Harrison,All,393,51,85.7,100.6,102.3,33.3%,6.9°,6.7°,21.6,0.0%,0,0.225,.216,0.275,.282,60.8%,15.7%,19.6%,36.6%,61.1%,86.4%,16.0%,19.4%,108.0
Eastern Illinois,Dylan Drumke,All,142,15,88.7,100.5,104.0,46.7%,12.6°,16.6°,46.7,13.3%,2,0.214,.221,0.275,.299,40.0%,20.0%,40.0%,48.6%,71.4%,82.2%,30.4%,31.9%,81.0
Miami,Jackson Hugus,All,36,6,88.1,94.7,95.4,16.7%,28.6°,8.9°,50.0,0.0%,0,0.2,.194,0.275,.242,16.7%,33.3%,33.3%,38.9%,57.9%,81.8%,17.6%,21.4%,52.0
Akron,Kyle McConachie,All,301,48,83.4,95.6,99.6,8.3%,4.4°,19.1°,25.0,0.0%,0,0.242,.248,0.275,.298,56.2%,20.8%,22.9%,41.2%,68.4%,88.2%,18.8%,21.0%,112.0
Wofford,Alex Myers,All,60,6,80.3,88.8,91.8,0.0%,22.5°,-,16.7,0.0%,0,0.286,.186,0.275,.297,33.3%,50.0%,16.7%,33.3%,60.9%,100.0%,16.2%,5.0%,95.0
UCLA,Kasen Khansarinia,All,147,21,83.0,94.4,95.6,4.8%,7.8°,12.5°,38.1,0.0%,0,0.269,.254,0.275,.296,42.9%,9.5%,38.1%,32.0%,50.7%,92.1%,12.5%,10.6%,93.0
Cal State Fullerton,Hunter Meyer,All,537,96,86.6,101.8,106.6,36.5%,4.0°,2.4°,21.9,0.0%,0,0.254,.243,0.275,.282,56.2%,20.8%,21.9%,45.3%,65.1%,78.7%,27.7%,28.4%,69.0
Loyola Marymount,JD Dunn,All,230,31,81.2,97.0,98.8,19.4%,18.0°,20.3°,29.0,0.0%,0,0.2,.172,0.275,.238,38.7%,29.0%,22.6%,47.4%,72.9%,80.8%,25.2%,31.2%,89.0
Washington State,Kyler Northrop,All,379,76,84.7,96.9,99.8,21.1%,10.2°,9.1°,32.9,0.0%,0,0.237,.230,0.275,.263,44.7%,18.4%,28.9%,45.1%,64.8%,90.5%,27.5%,14.0%,55.0
Little Rock,Luis Castillo,All,90,11,93.5,108.6,112.4,63.6%,22.1°,17.7°,18.2,9.1%,1,0.19,.219,0.275,.341,27.3%,54.5%,18.2%,51.1%,74.3%,61.5%,36.4%,45.7%,47.0
Tennessee Tech,Cade Fuller,All,354,33,89.9,104.5,105.4,51.5%,14.3°,23.3°,33.3,15.2%,5,0.154,.195,0.275,.327,39.4%,30.3%,21.2%,41.2%,62.5%,66.3%,25.2%,41.8%,87.0
Portland,Landon Kauffman,All,49,8,84.4,92.4,94.4,25.0%,-7.8°,-5.2°,37.5,0.0%,0,0.25,.201,0.274,.245,62.5%,12.5%,25.0%,53.1%,69.2%,72.2%,34.8%,30.8%,60.0
Florida International,Aris Rivera,All,174,22,82.9,103.5,106.6,27.3%,11.1°,16.1°,27.3,0.0%,0,0.189,.214,0.274,.301,54.5%,22.7%,18.2%,39.7%,56.7%,84.2%,29.0%,36.2%,54.0
Grambling,James Woody,All,49,7,76.2,93.1,94.4,0.0%,-12.1°,-,28.6,0.0%,0,0.25,.195,0.274,.232,57.1%,14.3%,28.6%,51.0%,63.6%,92.9%,40.7%,36.0%,10.0
Central Michigan,Drew Loikits,All,459,87,86.3,100.4,103.9,32.2%,8.3°,6.7°,33.3,2.3%,2,0.248,.248,0.274,.298,47.1%,16.1%,28.7%,57.7%,78.5%,90.8%,42.4%,26.4%,35.0
Kentucky,Owen Jenkins,All,509,105,88.7,105.3,111.5,43.8%,4.6°,11.2°,30.5,5.7%,6,0.245,.289,0.274,.349,49.5%,16.2%,27.6%,57.2%,77.3%,83.9%,41.2%,28.9%,58.0
Richmond,Noah Harvey,All,221,25,80.6,98.2,100.9,20.0%,5.4°,9.9°,24.0,0.0%,0,0.2,.208,0.274,.290,56.0%,16.0%,16.0%,34.8%,50.5%,81.2%,23.0%,32.5%,89.0
UC Riverside,Isaiah Hernandez,All,177,29,84.4,96.8,100.8,20.7%,9.2°,12.8°,27.6,0.0%,0,0.25,.205,0.274,.232,44.8%,20.7%,24.1%,49.2%,68.0%,88.2%,35.3%,28.7%,86.0
Portland,Brady Bean,All,373,53,87.2,102.0,103.0,34.0%,7.5°,13.9°,30.2,3.8%,2,0.202,.211,0.274,.297,45.3%,32.1%,18.9%,45.6%,66.0%,78.4%,32.3%,37.6%,70.0
VMI,Gabe Jenkins,All,376,58,81.9,97.3,101.4,19.0%,3.6°,8.7°,34.5,0.0%,0,0.233,.236,0.274,.289,51.7%,24.1%,24.1%,37.5%,54.5%,85.3%,20.6%,22.7%,64.0
UMBC,Brooks Henderson,All,378,67,83.6,97.2,98.7,17.9%,16.9°,11.7°,35.8,0.0%,0,0.202,.200,0.274,.307,34.3%,25.4%,26.9%,41.0%,62.8%,85.2%,22.8%,17.4%,107.0
George Mason,Laken Tignor,All,253,43,88.8,102.4,103.8,39.5%,11.5°,17.5°,37.2,7.0%,3,0.214,.282,0.274,.375,39.5%,27.9%,27.9%,48.2%,69.8%,79.5%,26.8%,22.1%,91.0
Clemson,Ty Dalley,All,441,91,92.3,105.5,113.1,52.7%,16.9°,16.0°,33.0,6.6%,6,0.234,.309,0.274,.407,36.3%,39.6%,23.1%,52.4%,83.7%,85.4%,27.3%,26.8%,74.0
Elon,Charles Evans,All,208,29,84.1,99.5,104.4,20.7%,-1.2°,15.7°,31.0,3.4%,1,0.214,.241,0.274,.325,55.2%,20.7%,24.1%,40.4%,65.1%,81.5%,24.0%,26.2%,84.0
Prairie View,Tyvon Moore,All,107,15,87.1,99.3,99.5,20.0%,19.0°,17.3°,13.3,0.0%,0,0.182,.079,0.274,.144,33.3%,20.0%,13.3%,47.7%,75.0%,81.8%,28.6%,27.5%,63.0
Jessup,Hunter Hirayama,All,100,17,83.1,97.6,98.4,17.6%,8.0°,7.0°,11.8,0.0%,0,0.217,.181,0.274,.217,52.9%,5.9%,11.8%,40.0%,51.3%,90.0%,32.8%,12.5%,86.0
CSU San Bernardino,Keedan Nadeau,All,58,8,86.6,90.5,93.3,25.0%,10.5°,-4.5°,12.5,0.0%,0,0.25,.311,0.274,.335,75.0%,12.5%,12.5%,32.8%,63.2%,83.3%,17.9%,15.8%,120.0
Loyola Marymount,Cooper Whitton,All,533,60,87.2,106.9,108.5,41.7%,0.9°,8.3°,25.0,1.7%,1,0.2,.182,0.274,.263,53.3%,20.0%,20.0%,38.1%,50.2%,72.3%,28.4%,38.9%,41.0
Grambling,Ryan Davis,All,57,6,95.7,103.3,104.5,66.7%,20.1°,29.3°,50.0,16.7%,1,0.25,.245,0.274,.361,33.3%,33.3%,33.3%,43.9%,63.3%,73.7%,22.2%,36.0%,102.0
Monmouth,Rob Kelly,All,156,21,84.4,102.1,102.3,38.1%,-19.3°,-9.3°,9.5,0.0%,0,0.125,.162,0.274,.268,81.0%,4.8%,9.5%,32.7%,54.8%,87.5%,13.3%,23.5%,107.0
Sam Houston State,Hunter Alvord,All,512,67,86.5,103.2,106.7,35.8%,13.4°,9.4°,35.8,4.5%,3,0.18,.205,0.274,.310,43.3%,19.4%,25.4%,40.6%,64.4%,82.5%,22.4%,29.8%,119.0
Eastern Kentucky,Ricco Longo,All,477,109,81.7,95.3,97.4,11.0%,11.6°,13.7°,39.4,0.0%,0,0.248,.254,0.274,.295,38.5%,22.9%,29.4%,44.0%,60.6%,93.4%,29.1%,13.3%,75.0
Wagner,Jayden Alvarez,All,145,24,83.4,95.3,103.7,20.8%,1.3°,3.8°,37.5,0.0%,0,0.226,.287,0.274,.321,58.3%,8.3%,29.2%,39.3%,60.0%,84.6%,22.5%,19.3%,107.0
UNC Wilmington,Brady Thompson,All,305,46,84.9,102.0,105.6,37.0%,7.5°,12.0°,30.4,4.3%,2,0.194,.236,0.273,.326,43.5%,28.3%,26.1%,49.8%,78.5%,82.1%,27.1%,27.6%,105.0
Harvard,Tyler Shulman,All,464,85,82.4,94.3,97.6,4.7%,11.6°,16.3°,32.9,0.0%,0,0.222,.267,0.273,.324,44.7%,27.1%,28.2%,38.8%,63.2%,91.5%,19.6%,14.4%,106.0
Michigan,Brenden Stressler,All,544,86,90.3,102.4,106.4,41.9%,14.5°,16.0°,33.7,1.2%,1,0.217,.271,0.273,.362,39.5%,33.7%,25.6%,47.1%,72.7%,85.8%,26.5%,26.2%,116.0
Eastern Michigan,Nicholas Weaver,All,536,94,83.9,98.6,102.3,21.3%,19.8°,12.7°,31.9,0.0%,0,0.227,.202,0.273,.271,35.1%,31.9%,24.5%,40.5%,56.9%,90.4%,27.3%,16.1%,87.0
Radford,Luke Sullivan,All,209,29,79.6,100.1,101.9,31.0%,-2.3°,0.9°,27.6,0.0%,0,0.229,.199,0.273,.251,65.5%,10.3%,24.1%,36.4%,50.5%,84.8%,25.4%,32.9%,56.0
Long Beach State,Conner Stewart,All,352,68,84.3,98.1,101.4,25.0%,17.4°,13.4°,36.8,2.9%,2,0.226,.240,0.273,.290,36.8%,35.3%,26.5%,48.3%,67.2%,91.5%,29.8%,16.5%,75.0
Houston,Carter Sintek,All,60,5,82.9,86.6,86.7,0.0%,29.1°,-,20.0,0.0%,0,0.0,.067,0.273,.343,20.0%,40.0%,20.0%,30.0%,45.5%,100.0%,21.1%,11.1%,85.0
CSU Bakersfield,Brendan Thompson,All,372,38,89.4,104.3,105.1,39.5%,17.8°,17.1°,28.9,5.3%,2,0.155,.185,0.273,.298,42.1%,28.9%,21.1%,40.9%,62.3%,74.7%,24.9%,35.5%,94.0
Omaha,Eli Hoerner,All,242,36,88.4,102.4,106.1,36.1%,14.6°,15.0°,38.9,2.8%,1,0.2,.253,0.273,.329,47.2%,25.0%,16.7%,36.0%,52.0%,82.7%,24.6%,24.1%,82.0
Houston,Justin Cherrington,All,75,9,87.6,102.7,105.5,22.2%,28.8°,18.3°,22.2,11.1%,1,0.2,.183,0.273,.278,22.2%,55.6%,11.1%,40.0%,62.5%,70.0%,23.3%,40.0%,98.0
Lipscomb,Alejandro Ludeiro,All,276,53,81.1,99.4,102.9,24.5%,3.7°,9.5°,24.5,1.9%,1,0.226,.240,0.273,.314,52.8%,17.0%,20.8%,45.3%,66.3%,92.5%,33.1%,16.8%,127.0
Merrimack,Jack Andrews,All,148,33,83.8,100.2,108.1,27.3%,2.2°,6.1°,30.3,3.0%,1,0.179,.260,0.273,.338,57.6%,30.3%,12.1%,51.4%,79.7%,87.3%,26.6%,19.7%,98.0
Penn,Jack Warner,All,344,57,84.2,100.6,104.6,26.3%,3.0°,3.2°,24.6,1.8%,1,0.194,.241,0.273,.308,63.2%,17.5%,15.8%,38.7%,63.2%,89.0%,21.0%,21.1%,116.0
Towson,Cole Stefano,All,85,9,87.4,96.2,100.4,11.1%,17.8°,4.4°,0.0,0.0%,0,0.071,.123,0.272,.315,44.4%,44.4%,0.0%,30.6%,66.7%,83.3%,4.1%,19.2%,163.0
Georgetown,Braxton Templin,All,146,17,85.9,96.3,98.5,29.4%,20.8°,18.9°,52.9,5.9%,1,0.241,.194,0.272,.233,23.5%,41.2%,35.3%,45.9%,67.1%,81.6%,24.7%,26.9%,96.0
UC Irvine,Theodore Kim,All,60,12,81.2,96.2,100.9,16.7%,13.1°,10.9°,25.0,0.0%,0,0.25,.203,0.272,.247,50.0%,33.3%,16.7%,55.0%,75.0%,88.9%,41.7%,27.3%,91.0
Southern Miss,Gray Eubanks,All,232,32,83.8,99.0,99.7,31.2%,1.7°,9.5°,37.5,0.0%,0,0.226,.239,0.272,.289,53.1%,18.8%,28.1%,51.7%,73.2%,65.9%,31.7%,35.8%,96.0
Baylor,Caleb Bergman,All,57,11,82.0,93.7,97.4,9.1%,22.1°,25.5°,36.4,0.0%,0,0.2,.233,0.272,.287,18.2%,72.7%,9.1%,42.1%,63.3%,84.2%,18.5%,20.8%,95.0
St. John's,Chaz Wright,All,84,9,81.7,96.6,97.5,33.3%,4.5°,6.4°,22.2,0.0%,0,0.071,.219,0.272,.376,66.7%,22.2%,11.1%,29.8%,48.5%,93.8%,17.6%,32.0%,106.0
Washington,Alexander Pearson,All,119,18,84.4,93.8,110.9,16.7%,3.0°,-4.2°,11.1,0.0%,0,0.217,.194,0.272,.291,55.6%,16.7%,11.1%,42.0%,47.8%,81.8%,38.4%,38.0%,27.0
Hofstra,Danny Corona,All,560,82,89.5,103.3,106.5,42.7%,18.7°,14.7°,32.9,9.8%,8,0.192,.234,0.272,.318,32.9%,35.4%,24.4%,52.5%,77.4%,81.5%,30.2%,28.6%,89.0
Gonzaga,Luca DiPaolo,All,173,32,91.1,104.2,109.3,37.5%,15.2°,12.3°,31.2,3.1%,1,0.19,.237,0.272,.315,43.8%,31.2%,21.9%,53.8%,77.5%,87.3%,37.3%,26.9%,64.0
Campbell,Andrew Keller,All,116,23,87.8,100.0,101.5,39.1%,13.6°,9.2°,26.1,0.0%,0,0.226,.184,0.272,.236,47.8%,34.8%,13.0%,50.9%,70.2%,80.0%,32.2%,30.5%,88.0
Northwestern State,Brooks Leonard,All,358,70,82.6,92.9,97.1,8.6%,5.6°,-1.3°,32.9,0.0%,0,0.256,.247,0.272,.268,51.4%,22.9%,24.3%,46.6%,71.4%,90.4%,23.0%,12.6%,105.0
Cal State Fullerton,Cam Burdick,All,390,52,80.6,101.6,104.5,23.1%,6.6°,21.0°,34.6,1.9%,1,0.202,.190,0.272,.248,42.3%,28.8%,23.1%,44.6%,60.7%,79.8%,33.0%,28.7%,66.0
Wichita State,Ethan Gonzalez,All,629,79,90.8,103.8,108.2,44.3%,20.0°,19.2°,35.4,8.9%,7,0.202,.221,0.272,.333,29.1%,36.7%,24.1%,45.2%,70.1%,83.0%,23.3%,29.2%,94.0
Louisiana,Griffin Hebert,All,236,30,89.6,103.9,106.8,43.3%,6.1°,3.5°,33.3,6.7%,2,0.184,.233,0.272,.322,53.3%,20.0%,26.7%,50.0%,72.4%,79.8%,28.3%,28.0%,89.0
UMES,Jonathan Gonzalez Perez,All,74,16,74.9,100.2,104.5,25.0%,5.0°,12.3°,37.5,0.0%,0,0.19,.224,0.272,.283,50.0%,25.0%,25.0%,50.0%,61.1%,68.2%,39.5%,37.8%,58.0
Butler,Connor Sackett,All,217,39,82.7,98.4,100.7,20.5%,5.3°,16.0°,43.6,2.6%,1,0.216,.248,0.271,.305,38.5%,30.8%,30.8%,37.3%,60.4%,85.2%,17.2%,23.5%,102.0
UCF,James Hankerson,All,163,23,93.5,109.8,112.2,56.5%,9.4°,3.2°,30.4,13.0%,3,0.216,.247,0.271,.316,43.5%,0.0%,30.4%,47.9%,57.7%,84.4%,38.8%,37.2%,3.0
Albany,Levi McAllister,All,266,45,87.6,102.9,104.2,33.3%,5.1°,9.8°,20.0,0.0%,0,0.221,.181,0.271,.223,53.3%,24.4%,15.6%,53.8%,71.7%,79.1%,37.4%,32.9%,74.0
UC Santa Barbara,Nico Libed,All,306,48,86.4,97.3,101.0,27.1%,12.6°,12.6°,39.6,2.1%,1,0.183,.285,0.271,.383,37.5%,33.3%,25.0%,31.4%,51.8%,88.9%,14.4%,15.6%,101.0
Penn State,Justin Turcovski,All,176,20,88.3,101.6,106.8,30.0%,19.8°,23.9°,40.0,5.0%,1,0.125,.182,0.271,.347,35.0%,50.0%,15.0%,34.7%,59.0%,71.4%,12.9%,34.4%,127.0
George Mason,Andrew Canody,All,498,86,84.5,103.2,107.1,30.2%,7.2°,6.2°,31.4,3.5%,3,0.224,.239,0.271,.311,48.8%,27.9%,18.6%,46.6%,66.8%,89.4%,29.8%,20.3%,88.0
Truett-McConnell,Dylan Sargent,All,46,6,88.3,99.3,100.4,33.3%,15.9°,3.8°,0.0,0.0%,0,0.143,.247,0.271,.353,33.3%,33.3%,16.7%,45.7%,73.7%,71.4%,25.9%,33.3%,109.0
East Tennessee State,Andrew Hill,All,272,31,92.1,104.8,107.5,54.8%,20.6°,13.0°,35.5,3.2%,1,0.154,.236,0.271,.336,29.0%,19.4%,35.5%,36.4%,61.5%,75.0%,17.4%,35.4%,111.0
Louisiana Tech,Brecken Menuet,All,181,24,84.3,100.1,103.8,29.2%,12.1°,3.8°,20.8,0.0%,0,0.231,.175,0.271,.266,58.3%,16.7%,16.7%,40.9%,58.5%,81.2%,26.3%,31.1%,61.0
Gardner-Webb,Anthony Umbach,All,38,5,80.3,90.0,91.2,0.0%,-19.4°,-,20.0,0.0%,0,0.143,.189,0.271,.316,80.0%,0.0%,20.0%,42.1%,63.2%,83.3%,21.1%,18.8%,113.0
Seton Hall,Ryan Strnad,All,219,35,85.5,99.5,105.3,22.9%,15.5°,18.8°,34.3,2.9%,1,0.234,.207,0.271,.276,40.0%,31.4%,20.0%,45.2%,62.6%,90.3%,30.8%,26.3%,64.0
Ball State,Preston Murphy,All,113,12,82.7,96.0,99.9,16.7%,21.6°,16.8°,33.3,0.0%,0,0.105,.157,0.271,.305,50.0%,16.7%,16.7%,31.9%,50.0%,84.2%,22.7%,30.6%,86.0
UL Monroe,Dean Hannah,All,92,11,88.5,95.7,96.6,54.5%,12.4°,-7.3°,9.1,0.0%,0,0.143,.209,0.271,.333,63.6%,9.1%,0.0%,31.5%,57.9%,95.5%,13.0%,17.2%,123.0
Dayton,Aiden Heberlie,All,248,25,84.3,101.0,102.3,24.0%,3.6°,12.4°,28.0,0.0%,0,0.209,.180,0.271,.263,48.0%,24.0%,24.0%,34.3%,52.5%,83.0%,21.8%,24.7%,106.0
San Jose State,Emmitt Phinney,All,42,5,90.3,96.7,97.0,40.0%,24.3°,38.7°,60.0,0.0%,0,0.143,.219,0.271,.375,40.0%,40.0%,0.0%,50.0%,86.7%,69.2%,29.6%,42.9%,102.0
St. John's,Ayden Frey,All,761,124,85.0,98.6,103.3,21.8%,17.0°,14.9°,37.1,0.8%,1,0.218,.231,0.271,.301,38.7%,25.0%,29.0%,46.0%,71.1%,82.3%,23.8%,29.4%,110.0
Valparaiso,Eli Riley,All,589,104,82.7,97.0,102.6,20.2%,20.9°,21.7°,35.6,0.0%,0,0.214,.213,0.271,.285,30.8%,40.4%,23.1%,41.9%,63.2%,84.6%,21.6%,21.1%,90.0
Jackson State,Robert Tate,All,422,70,79.8,101.7,103.4,32.9%,-4.5°,7.3°,24.3,0.0%,0,0.255,.235,0.27,.310,62.9%,17.1%,17.1%,46.7%,64.6%,74.2%,31.7%,24.9%,58.0
Texas Tech,Jace Souza,All,178,20,87.5,102.1,105.5,30.0%,16.0°,3.1°,40.0,0.0%,0,0.171,.179,0.27,.296,45.0%,30.0%,20.0%,37.6%,61.2%,75.6%,23.4%,35.8%,103.0
Southern,Xavier Bradley,All,107,9,85.3,99.8,99.9,33.3%,-9.5°,12.5°,22.2,0.0%,0,0.158,.127,0.27,.247,66.7%,0.0%,22.2%,34.6%,58.7%,81.5%,16.4%,27.0%,135.0
Missouri,Eric Maisonet,All,415,69,85.4,100.9,104.2,26.1%,1.7°,13.3°,31.9,1.4%,1,0.198,.248,0.27,.330,50.7%,21.7%,21.7%,43.6%,67.4%,90.8%,25.7%,21.0%,107.0
Indiana,Ayden Crouse,All,393,61,82.9,98.6,102.1,18.0%,4.9°,5.6°,27.9,0.0%,0,0.235,.240,0.27,.287,50.8%,16.4%,24.6%,38.4%,58.7%,85.2%,18.3%,21.2%,101.0
Bradley,Jaxon Schumacher,All,453,62,84.3,103.1,108.3,33.9%,17.2°,20.4°,38.7,4.8%,3,0.196,.184,0.27,.264,29.0%,35.5%,33.9%,41.9%,63.7%,73.2%,20.9%,34.2%,92.0
Florida Atlantic,Brando Leroux,All,706,142,85.3,101.6,105.7,29.6%,14.0°,11.6°,30.3,0.0%,0,0.233,.265,0.27,.321,43.0%,33.1%,22.5%,47.7%,72.7%,88.6%,27.6%,18.1%,102.0
Rice,Aric Anderson,All,244,42,88.4,104.0,106.1,40.5%,18.5°,14.3°,23.8,0.0%,0,0.17,.235,0.27,.336,40.5%,28.6%,26.2%,46.7%,71.3%,82.9%,24.8%,28.1%,112.0
Ohio State,Miles Vandenheuvel,All,768,108,84.4,99.2,103.4,33.3%,15.4°,10.8°,25.9,1.9%,2,0.195,.225,0.27,.298,44.4%,22.2%,24.1%,43.2%,67.9%,90.0%,22.0%,17.8%,102.0
McNeese,Marcus Heusohn,All,272,45,81.5,98.4,102.2,15.6%,11.9°,6.3°,22.2,0.0%,0,0.196,.207,0.27,.274,53.3%,31.1%,15.6%,39.0%,64.0%,96.2%,17.7%,14.2%,114.0
Iona,Anthony Zollo,All,158,40,77.4,91.5,94.9,0.0%,8.4°,-,37.5,0.0%,0,0.267,.263,0.27,.262,57.5%,15.0%,27.5%,53.2%,62.2%,87.0%,45.2%,16.7%,48.0
Niagara,Shawn Cameron,All,328,41,84.8,97.4,103.0,19.5%,7.3°,8.3°,34.1,0.0%,0,0.19,.230,0.27,.318,48.8%,17.1%,26.8%,39.9%,69.5%,85.7%,14.7%,19.1%,110.0
Stonehill,Eisig Chin,All,142,20,85.2,94.1,98.5,5.0%,15.9°,19.1°,40.0,0.0%,0,0.207,.213,0.269,.286,45.0%,20.0%,35.0%,35.9%,55.1%,78.9%,17.8%,27.5%,102.0
Florida A&M,Matthew Perez,All,155,22,79.1,95.4,102.0,9.1%,3.8°,9.8°,40.9,0.0%,0,0.212,.223,0.269,.283,45.5%,18.2%,36.4%,44.5%,63.2%,83.7%,29.9%,24.6%,99.0
USC,Brock Slaton,All,62,8,91.6,100.0,100.9,37.5%,28.4°,8.3°,12.5,0.0%,0,0.125,.121,0.269,.226,37.5%,25.0%,0.0%,46.8%,53.8%,71.4%,41.7%,44.8%,15.0
Eastern Kentucky,Owen Barger,All,52,9,78.5,101.3,102.9,33.3%,-3.4°,5.5°,11.1,0.0%,0,0.214,.201,0.269,.267,66.7%,11.1%,22.2%,38.5%,59.3%,68.8%,16.0%,30.0%,91.0
Queens (NC),Bradley Brown Jr,All,605,92,85.7,104.1,105.9,37.0%,13.8°,11.9°,38.0,4.3%,4,0.208,.245,0.269,.319,35.9%,26.1%,31.5%,47.4%,71.9%,77.1%,25.6%,30.0%,109.0
Marist,Luke Monico,All,110,19,86.7,97.4,101.0,26.3%,18.9°,12.7°,31.6,0.0%,0,0.231,.235,0.269,.298,36.8%,21.1%,26.3%,47.3%,70.0%,85.7%,20.0%,25.0%,101.0
Radford,Carter Richardson,All,72,8,74.3,72.4,73.2,0.0%,-18.7°,-,0.0,0.0%,0,0.214,.092,0.269,.170,100.0%,0.0%,0.0%,30.6%,35.7%,100.0%,27.3%,36.4%,67.0
Ohio,Max Palinski,All,366,63,84.6,99.9,101.8,30.2%,7.5°,4.7°,36.5,0.0%,0,0.198,.240,0.269,.325,46.0%,23.8%,28.6%,41.3%,61.7%,84.7%,21.5%,19.9%,106.0
Loyola Marymount,Jake Lyall,All,398,64,88.8,103.6,105.7,32.8%,9.9°,9.3°,29.7,4.7%,3,0.174,.226,0.269,.313,48.4%,18.8%,20.3%,40.5%,59.9%,83.5%,24.1%,28.0%,80.0
Delta State,Bo Rock,All,47,9,81.1,99.8,100.3,22.2%,-5.9°,18.3°,22.2,0.0%,0,0.167,.197,0.269,.285,66.7%,0.0%,22.2%,40.4%,70.0%,92.9%,18.5%,15.8%,152.0
Long Beach State,Murchael Turner,All,214,37,86.9,104.9,106.5,37.8%,18.9°,8.3°,29.7,2.7%,1,0.245,.248,0.269,.294,35.1%,27.0%,27.0%,53.3%,73.9%,92.3%,38.9%,29.8%,60.0
SIUE,Isaiah Ketter,All,93,11,84.8,101.3,101.5,36.4%,18.6°,10.6°,18.2,0.0%,0,0.176,.191,0.269,.262,45.5%,36.4%,18.2%,33.3%,61.5%,87.5%,13.0%,19.4%,116.0
Newberry,Luke Compton,All,73,14,79.7,95.3,96.0,14.3%,9.2°,11.1°,21.4,0.0%,0,0.2,.213,0.269,.267,42.9%,42.9%,14.3%,38.4%,52.6%,95.0%,22.9%,10.7%,83.0
High Point,Justin Ruiz,All,365,58,83.1,100.9,103.6,24.1%,6.4°,7.7°,36.2,0.0%,0,0.227,.266,0.269,.321,48.3%,19.0%,29.3%,41.6%,62.0%,92.2%,24.6%,13.8%,105.0
Saint Louis,Austin Neuweg,All,645,110,84.2,101.3,107.4,28.2%,18.3°,13.7°,25.5,0.9%,1,0.187,.225,0.269,.303,36.4%,32.7%,22.7%,44.7%,70.0%,85.9%,24.9%,27.4%,95.0
Seattle,Jared Stevenson,All,597,62,86.0,101.8,106.4,33.9%,7.5°,12.6°,30.6,0.0%,0,0.195,.178,0.269,.266,45.2%,22.6%,27.4%,35.8%,60.6%,71.1%,17.9%,40.7%,118.0
Harvard,Liam Wilson,All,437,62,85.8,101.8,105.0,38.7%,13.9°,13.9°,38.7,1.6%,1,0.23,.233,0.269,.288,33.9%,30.6%,32.3%,46.2%,65.9%,77.3%,27.4%,30.7%,66.0
Wagner,Jackson Blakley,All,70,8,80.3,103.8,105.9,25.0%,0.9°,30.6°,0.0,0.0%,0,0.214,.100,0.269,.179,50.0%,12.5%,12.5%,41.4%,76.0%,84.2%,22.2%,31.0%,122.0
Seattle,Brandon Stinnett,All,521,102,84.8,97.0,100.6,23.5%,2.8°,9.4°,29.4,1.0%,1,0.231,.240,0.268,.278,52.9%,15.7%,26.5%,50.1%,75.7%,88.5%,29.9%,24.1%,83.0
Ave Maria,Michael Ciscar,All,91,19,78.5,95.1,102.8,15.8%,7.9°,10.3°,31.6,5.3%,1,0.222,.209,0.268,.234,42.1%,26.3%,26.3%,54.9%,64.1%,88.0%,48.1%,26.0%,30.0
LSU,William Patrick,All,196,25,88.5,101.5,105.9,36.0%,0.4°,3.7°,20.0,0.0%,0,0.231,.206,0.268,.268,60.0%,20.0%,16.0%,40.8%,54.3%,86.4%,31.3%,32.5%,58.0
UMES,Kedrick Alicea,All,27,5,81.8,93.4,93.6,0.0%,0.8°,-,20.0,0.0%,0,0.286,.219,0.268,.225,80.0%,0.0%,20.0%,44.4%,53.3%,100.0%,33.3%,16.7%,63.0
USC Upstate,Clayton Campidilli,All,209,31,90.9,106.6,110.6,45.2%,7.2°,12.8°,32.3,3.2%,1,0.208,.245,0.268,.306,45.2%,25.8%,25.8%,46.4%,57.1%,73.1%,38.1%,45.4%,25.0
Nebraska,Miken Miller,All,117,28,89.3,102.3,105.2,35.7%,3.4°,9.7°,46.4,0.0%,0,0.265,.285,0.268,.338,46.4%,25.0%,28.6%,52.1%,70.5%,93.0%,32.1%,18.0%,68.0
Westmont,Zach Mora,All,78,17,86.0,97.0,99.7,29.4%,7.6°,14.2°,29.4,0.0%,0,0.19,.273,0.268,.289,47.1%,17.6%,23.5%,48.7%,63.9%,95.7%,35.7%,28.9%,56.0
Pepperdine,Dylan Osborne,All,30,5,84.3,96.6,99.5,40.0%,10.1°,6.7°,40.0,20.0%,1,0.286,.281,0.268,.345,40.0%,40.0%,20.0%,43.3%,78.6%,90.9%,12.5%,7.7%,137.0
UAB,Baylor Roberts,All,767,119,81.7,100.3,105.2,25.2%,11.9°,8.0°,26.1,0.8%,1,0.217,.188,0.268,.258,47.1%,21.0%,21.0%,45.0%,64.0%,84.5%,27.8%,19.7%,74.0
Canisius,Mason Cisco,All,159,27,81.5,97.9,99.2,18.5%,6.4°,7.0°,18.5,0.0%,0,0.206,.231,0.268,.298,59.3%,14.8%,14.8%,40.3%,68.2%,91.1%,20.4%,12.5%,117.0
Arizona,Tyler Bickers,All,132,18,84.7,98.5,101.0,22.2%,13.6°,25.7°,38.9,0.0%,0,0.174,.275,0.268,.405,38.9%,38.9%,22.2%,38.6%,59.7%,86.5%,20.0%,17.6%,120.0
Grace (IN),Matt Friesema,All,27,5,85.3,95.8,97.4,20.0%,18.9°,13.3°,60.0,0.0%,0,0.333,.279,0.268,.299,20.0%,20.0%,60.0%,44.4%,61.5%,87.5%,28.6%,25.0%,75.0
SIUE,Kyle Hepburn,All,47,6,86.8,99.4,100.1,50.0%,16.2°,11.6°,33.3,0.0%,0,0.182,.146,0.268,.189,50.0%,16.7%,16.7%,48.9%,60.9%,64.3%,37.5%,52.2%,79.0
Belmont,Isaac VanderWoude,All,224,17,84.1,95.1,101.4,11.8%,23.4°,15.0°,47.1,0.0%,0,0.088,.162,0.267,.337,23.5%,41.2%,29.4%,33.9%,63.2%,73.3%,12.4%,34.2%,115.0
UC Irvine,Zach Doyle,All,333,31,84.2,100.7,104.3,29.0%,8.9°,19.2°,22.6,0.0%,0,0.172,.142,0.267,.235,51.6%,25.8%,19.4%,32.4%,52.3%,70.0%,15.6%,38.0%,106.0
William & Mary,Chase Ecker,All,638,91,84.3,98.4,102.1,29.7%,8.9°,5.5°,34.1,0.0%,0,0.245,.233,0.267,.285,45.1%,22.0%,29.7%,40.6%,52.2%,84.8%,29.2%,23.9%,71.0
Florida International,Trey Freeman,All,227,23,82.1,97.6,101.0,17.4%,10.6°,12.7°,34.8,4.3%,1,0.171,.195,0.267,.291,47.8%,21.7%,30.4%,39.2%,60.0%,73.3%,22.8%,30.3%,87.0
Princeton,Isaac Lamson,All,471,77,80.8,97.5,103.5,11.7%,-1.2°,7.4°,24.7,1.3%,1,0.182,.220,0.267,.321,63.6%,15.6%,19.5%,41.0%,67.2%,85.9%,21.5%,22.8%,98.0
California Baptist,Matthew Bline,All,186,24,90.9,102.6,104.1,33.3%,9.3°,0.2°,37.5,0.0%,0,0.194,.215,0.267,.286,37.5%,29.2%,29.2%,36.6%,62.8%,89.8%,17.6%,13.2%,83.0
Columbia,Lucas Jackson,All,181,33,86.3,103.3,108.6,45.5%,4.4°,7.3°,18.2,0.0%,0,0.244,.237,0.267,.287,54.5%,15.2%,18.2%,53.6%,76.6%,76.4%,28.7%,33.0%,56.0
St. Bonaventure,Joseph Bruno,All,287,36,82.9,101.6,102.4,25.0%,21.0°,21.9°,25.0,5.6%,2,0.122,.175,0.267,.326,33.3%,33.3%,16.7%,41.1%,72.7%,81.8%,18.1%,27.1%,110.0
Belmont,Gardner Lawrence,All,46,7,71.6,91.7,94.3,0.0%,-4.4°,-,28.6,0.0%,0,0.25,.146,0.267,.149,57.1%,28.6%,14.3%,43.5%,72.2%,84.6%,25.0%,40.0%,113.0
Merrimack,Christian Scanlon,All,200,27,83.7,102.8,104.2,40.7%,10.6°,19.2°,18.5,0.0%,0,0.175,.194,0.267,.304,44.4%,29.6%,18.5%,43.0%,67.9%,78.9%,25.0%,31.4%,97.0
La Salle,Austin Rhue,All,117,11,91.0,103.4,103.6,45.5%,-5.4°,18.4°,36.4,18.2%,2,0.16,.201,0.267,.351,54.5%,9.1%,36.4%,32.5%,49.1%,81.5%,17.7%,28.9%,68.0
Utah,Derek Smith,All,436,41,86.4,105.3,108.6,41.5%,21.3°,22.6°,22.0,7.3%,3,0.162,.161,0.267,.270,36.6%,43.9%,14.6%,42.4%,66.9%,75.6%,25.6%,38.9%,84.0
Charleston Southern,John Emendorfer,All,161,30,79.3,96.3,97.3,16.7%,16.8°,10.7°,26.7,0.0%,0,0.206,.166,0.267,.239,36.7%,33.3%,20.0%,46.0%,64.0%,87.5%,30.2%,21.6%,88.0
Johnson (TN),Luke Wilson,All,118,25,85.4,96.8,98.1,24.0%,2.9°,-1.7°,36.0,0.0%,0,0.214,.310,0.267,.386,60.0%,16.0%,24.0%,39.0%,63.6%,97.1%,17.5%,6.5%,119.0
Albany,Kyle Stephens,All,176,23,86.3,100.2,100.9,17.4%,20.4°,21.6°,39.1,4.3%,1,0.162,.193,0.267,.274,34.8%,43.5%,21.7%,46.0%,72.2%,69.2%,27.9%,39.5%,136.0
Ferrum,Gage Miller,All,54,7,82.8,90.2,91.1,0.0%,18.7°,-,28.6,0.0%,0,0.111,.108,0.266,.278,42.9%,28.6%,14.3%,55.6%,82.6%,52.6%,35.5%,43.3%,125.0
San Jose State,Trevor Wilson,All,51,5,87.1,97.0,98.5,20.0%,18.7°,13.2°,40.0,0.0%,0,0.111,.132,0.266,.297,20.0%,60.0%,20.0%,25.5%,33.3%,83.3%,21.2%,30.8%,148.0
Auburn,Ryne Farber,All,67,10,88.1,98.5,100.6,30.0%,17.5°,15.8°,40.0,0.0%,0,0.154,.233,0.266,.342,30.0%,40.0%,30.0%,49.3%,67.7%,95.2%,33.3%,15.2%,131.0
Arizona,Mathis Meurant,All,464,77,89.8,103.8,106.4,39.0%,19.3°,14.7°,27.3,5.2%,4,0.212,.196,0.266,.274,33.8%,39.0%,19.5%,54.1%,76.5%,70.5%,32.1%,37.8%,84.0
UNC Wilmington,WIlliam Tyrrell,All,524,94,84.6,99.6,106.0,23.4%,12.0°,15.5°,22.3,1.1%,1,0.193,.228,0.266,.323,47.9%,27.7%,20.2%,42.9%,63.7%,84.1%,25.8%,24.9%,91.0
Old Dominion,Jack Slater,All,171,26,80.7,97.5,102.0,15.4%,2.8°,5.1°,34.6,0.0%,0,0.225,.204,0.266,.302,57.7%,23.1%,15.4%,43.9%,66.7%,80.4%,21.8%,24.0%,79.0
Auburn,Cade Belyeu,All,350,52,87.6,103.3,112.3,32.7%,9.5°,8.4°,26.9,9.6%,5,0.231,.220,0.266,.311,57.7%,17.3%,19.2%,52.0%,70.3%,83.5%,37.4%,29.1%,70.0
UAB,Alex Cheeseman,All,134,12,87.7,98.7,99.5,41.7%,16.9°,17.3°,25.0,0.0%,0,0.19,.180,0.266,.253,41.7%,41.7%,16.7%,35.1%,54.5%,80.6%,16.2%,23.4%,114.0
Florida,Jacob Kendall,All,333,60,90.2,104.5,107.1,43.3%,22.9°,9.5°,23.3,8.3%,5,0.184,.225,0.266,.317,38.3%,30.0%,15.0%,41.4%,64.4%,82.5%,20.2%,21.7%,90.0
Illinois-Chicago,James Hackett,All,210,18,93.2,106.6,109.3,55.6%,10.5°,12.3°,44.4,16.7%,3,0.179,.233,0.266,.335,38.9%,22.2%,38.9%,41.9%,63.5%,83.3%,27.2%,33.0%,105.0
Iowa,Matthew Delgado,All,257,39,90.9,103.4,105.6,41.0%,7.3°,5.6°,17.9,0.0%,0,0.218,.216,0.266,.274,51.3%,30.8%,15.4%,40.1%,64.0%,83.6%,21.0%,27.2%,106.0
Southern Indiana,Evan Zapp,All,47,5,92.6,99.1,101.0,60.0%,15.6°,-3.6°,40.0,0.0%,0,0.111,.201,0.266,.359,40.0%,20.0%,40.0%,44.7%,65.0%,76.9%,29.6%,38.1%,123.0
Bucknell,Ryan Facinelli,All,389,40,87.3,103.2,105.3,32.5%,13.8°,16.5°,40.0,10.0%,4,0.159,.170,0.266,.270,45.0%,35.0%,17.5%,38.6%,57.6%,63.2%,24.6%,54.0%,92.0
Long Island,Matt McGurk,All,152,19,87.8,104.7,106.7,31.6%,28.3°,17.4°,26.3,5.3%,1,0.138,.146,0.266,.317,10.5%,31.6%,21.1%,33.6%,58.7%,86.5%,15.7%,27.5%,103.0
College of Charleston,Payton Frehner,All,218,44,85.4,102.1,102.9,31.8%,-4.8°,5.5°,20.5,0.0%,0,0.2,.221,0.266,.297,59.1%,20.5%,15.9%,43.1%,66.3%,85.1%,23.1%,24.5%,94.0
Belmont,Noah Burnham,All,181,37,78.2,95.3,99.7,8.1%,14.2°,16.5°,32.4,0.0%,0,0.195,.238,0.266,.308,35.1%,27.0%,29.7%,39.2%,63.3%,90.0%,20.6%,12.7%,108.0
Utah Valley,Will Applegate,All,98,13,86.3,97.7,98.8,15.4%,39.6°,21.8°,23.1,0.0%,0,0.143,.107,0.266,.189,7.7%,53.8%,15.4%,42.9%,63.8%,86.7%,23.5%,21.4%,110.0
UTRGV,Damien Whitfield,All,201,23,82.5,100.5,103.9,26.1%,5.8°,10.7°,34.8,0.0%,0,0.179,.213,0.265,.324,47.8%,17.4%,26.1%,37.3%,63.9%,79.2%,18.6%,29.3%,101.0
Samford,Charlie Bozeman,All,103,15,83.0,101.5,102.0,20.0%,6.1°,21.6°,33.3,6.7%,1,0.136,.181,0.265,.307,46.7%,20.0%,33.3%,40.8%,65.9%,66.7%,24.2%,35.7%,87.0
Delaware,Harry Carr,All,595,85,85.0,100.4,104.9,28.2%,12.5°,17.6°,37.6,2.4%,2,0.164,.224,0.265,.324,37.6%,24.7%,31.8%,45.9%,68.5%,78.7%,28.4%,26.0%,86.0
St. Thomas (MN),Terek Verhage,All,177,26,86.5,96.8,99.1,26.9%,1.3°,0.7°,23.1,0.0%,0,0.231,.210,0.265,.252,61.5%,15.4%,11.5%,38.4%,62.2%,86.3%,17.9%,23.5%,114.0
Virginia Tech,Treyson Hughes,All,467,73,86.3,101.6,106.5,26.0%,11.5°,12.0°,37.0,1.4%,1,0.168,.220,0.265,.327,43.8%,17.8%,32.9%,39.6%,61.6%,82.7%,20.7%,27.0%,99.0
Arkansas State,Jake Henry Williams,All,246,32,88.5,105.3,113.4,34.4%,10.0°,14.1°,28.1,3.1%,1,0.145,.189,0.265,.286,43.8%,18.8%,31.2%,46.3%,72.2%,70.0%,29.5%,38.6%,75.0
Milligan,Cade Kalehuawehe,All,114,21,82.1,92.9,99.7,9.5%,13.2°,1.1°,38.1,0.0%,0,0.2,.266,0.265,.342,52.4%,28.6%,14.3%,43.0%,66.7%,91.7%,21.7%,16.3%,133.0
Coastal Carolina,Colby Thorndyke,All,651,111,86.0,103.7,105.8,33.3%,11.3°,17.9°,23.4,3.6%,4,0.228,.213,0.265,.294,44.1%,30.6%,18.9%,51.6%,74.0%,82.6%,33.9%,30.4%,79.0
Long Beach State,Kaiden Smaka,All,428,72,80.0,97.8,102.9,18.1%,11.9°,14.9°,34.7,0.0%,0,0.202,.162,0.265,.248,44.4%,27.8%,22.2%,38.1%,54.1%,92.0%,22.8%,20.9%,61.0
Mississippi Valley,Gabe Huelsing,All,205,30,87.0,100.2,106.1,33.3%,16.1°,2.9°,20.0,0.0%,0,0.22,.181,0.265,.220,46.7%,30.0%,13.3%,41.5%,63.2%,72.9%,28.7%,37.6%,57.0
New Mexico,Caleb Herd,All,115,18,86.8,97.2,100.2,22.2%,21.7°,18.9°,27.8,0.0%,0,0.174,.209,0.265,.256,33.3%,44.4%,16.7%,39.1%,72.0%,86.1%,13.8%,20.0%,136.0
Boston College,Cesar Gonzalez,All,207,46,87.6,100.2,104.2,32.6%,14.6°,8.5°,43.5,0.0%,0,0.241,.268,0.265,.312,39.1%,23.9%,32.6%,48.8%,70.8%,90.7%,25.7%,14.9%,59.0
Nebraska,Preston Freeman,All,106,19,86.7,96.3,97.8,15.8%,17.9°,25.4°,52.6,0.0%,0,0.185,.174,0.264,.258,21.1%,42.1%,26.3%,50.0%,60.0%,81.5%,42.6%,32.1%,28.0
Louisiana Tech,Zeb Ruddell,All,405,48,89.7,103.9,106.5,47.9%,23.5°,18.0°,39.6,14.6%,7,0.167,.213,0.264,.323,25.0%,37.5%,25.0%,42.2%,66.0%,73.4%,20.4%,29.2%,99.0
Elon,Kevin Denty,All,463,90,88.5,101.9,109.1,33.3%,11.1°,8.9°,27.8,1.1%,1,0.196,.285,0.264,.346,45.6%,24.4%,23.3%,43.8%,63.0%,90.1%,28.2%,21.2%,100.0
Hofstra,Michael Craig,All,288,59,83.3,100.8,101.7,23.7%,-0.1°,2.9°,23.7,1.7%,1,0.227,.253,0.264,.299,62.7%,16.9%,16.9%,43.8%,67.7%,84.5%,25.6%,22.2%,103.0
James Madison,Ben Barrow,All,161,27,89.6,101.2,104.9,29.6%,14.2°,7.4°,22.2,0.0%,0,0.214,.187,0.264,.275,48.1%,25.9%,18.5%,53.4%,75.7%,85.7%,34.5%,30.2%,75.0
George Washington,Connor Jones,All,492,87,81.1,96.4,101.2,16.1%,5.3°,0.4°,31.0,0.0%,0,0.189,.290,0.264,.344,50.6%,20.7%,25.3%,38.6%,61.5%,88.2%,19.9%,17.4%,82.0
The Citadel,Miles Barbrey,All,295,52,82.6,99.7,101.6,25.0%,1.2°,4.6°,30.8,0.0%,0,0.227,.268,0.264,.313,57.7%,15.4%,23.1%,45.4%,70.0%,87.9%,26.1%,26.1%,73.0
Dartmouth,Jack Espiritu-Niswonger,All,99,13,86.1,95.9,96.8,15.4%,12.0°,12.8°,23.1,0.0%,0,0.176,.175,0.264,.284,46.2%,23.1%,23.1%,41.4%,67.6%,80.0%,25.8%,39.0%,86.0
UT Martin,Bo Strickland,All,121,21,84.5,98.4,102.7,23.8%,19.2°,3.4°,23.8,0.0%,0,0.172,.208,0.264,.270,33.3%,33.3%,23.8%,48.8%,72.0%,75.0%,32.4%,37.3%,114.0
Navy,Noah Stead,All,274,43,86.1,103.0,103.7,39.5%,2.1°,9.7°,20.9,4.7%,2,0.2,.258,0.264,.334,62.8%,20.9%,16.3%,36.5%,56.8%,82.5%,22.7%,22.0%,94.0
Le Moyne,Chaz Anthony,All,47,10,78.8,98.9,100.5,20.0%,-12.2°,6.7°,10.0,0.0%,0,0.214,.178,0.264,.212,70.0%,10.0%,10.0%,42.6%,75.0%,91.7%,25.8%,15.0%,55.0
Villanova,Tim Schuler,All,50,7,99.9,108.8,109.1,71.4%,20.1°,10.2°,57.1,14.3%,1,0.154,.270,0.264,.403,28.6%,28.6%,28.6%,42.0%,61.1%,72.7%,31.2%,42.9%,102.0
Jacksonville,Archer Ogbourne,All,108,17,83.7,95.8,101.5,11.8%,4.2°,10.7°,41.2,0.0%,0,0.2,.231,0.264,.295,47.1%,11.8%,41.2%,48.1%,64.9%,81.1%,29.4%,30.8%,85.0
Cedarville,Eli Henderson,All,61,12,75.6,92.0,95.1,8.3%,-4.8°,18.5°,50.0,0.0%,0,0.214,.309,0.264,.341,50.0%,0.0%,50.0%,37.7%,55.2%,87.5%,21.9%,17.4%,157.0
North Florida,Jackson Toberman,All,590,110,89.2,106.4,109.1,42.7%,11.8°,11.3°,33.6,5.5%,6,0.2,.274,0.264,.356,39.1%,25.5%,30.9%,53.1%,71.8%,82.7%,36.9%,30.4%,58.0
Arizona,TJ Adams,All,175,22,87.3,102.7,103.8,36.4%,15.7°,18.8°,22.7,0.0%,0,0.189,.195,0.264,.284,40.9%,27.3%,22.7%,46.3%,67.9%,73.6%,28.9%,37.0%,94.0
Centre,Evan Weyler,All,47,14,84.6,98.0,99.7,14.3%,1.0°,6.7°,28.6,0.0%,0,0.214,.262,0.264,.320,57.1%,7.1%,28.6%,40.4%,59.3%,81.2%,15.0%,15.8%,136.0
Presbyterian,Nicholas Smith,All,174,25,89.0,105.7,109.2,52.0%,21.3°,21.6°,36.0,16.0%,4,0.167,.180,0.264,.270,28.0%,48.0%,16.0%,58.6%,73.8%,57.6%,45.7%,52.0%,59.0
Washington,Tyler Cowan,All,757,142,84.4,99.3,103.9,27.5%,8.5°,6.7°,22.5,0.7%,1,0.188,.250,0.264,.321,52.8%,23.9%,19.0%,41.2%,62.6%,89.7%,20.4%,14.4%,129.0
Hawaii,Jake Redding,All,243,47,83.2,100.3,101.6,27.7%,3.6°,17.7°,44.7,8.5%,4,0.203,.294,0.264,.383,48.9%,25.5%,23.4%,45.3%,66.4%,89.6%,26.0%,20.9%,68.0
Gardner-Webb,Diego Guevara,All,55,12,87.1,101.1,102.9,33.3%,4.2°,17.2°,50.0,0.0%,0,0.214,.287,0.264,.363,33.3%,16.7%,50.0%,60.0%,83.3%,90.0%,41.9%,21.2%,46.0
Michigan,Dane Morrow,All,294,40,88.1,103.5,107.3,47.5%,7.9°,15.5°,42.5,2.5%,1,0.19,.244,0.263,.351,37.5%,27.5%,32.5%,44.6%,65.4%,81.2%,28.0%,35.1%,91.0
California,Gannon Snyder,All,435,95,86.7,101.8,105.0,28.4%,12.2°,7.2°,31.6,1.1%,1,0.204,.264,0.263,.334,44.2%,24.2%,24.2%,43.9%,63.1%,88.5%,26.6%,17.3%,91.0
Charlotte,Johnny Sutryk,All,288,45,90.2,107.1,110.9,42.2%,21.5°,15.0°,35.6,11.1%,5,0.184,.211,0.263,.313,26.7%,35.6%,20.0%,52.4%,76.3%,71.7%,30.2%,36.4%,50.0
Santa Clara,Hunter Kenji Fujimoto,All,96,17,84.5,100.5,102.7,35.3%,13.6°,7.6°,35.3,5.9%,1,0.217,.273,0.263,.329,35.3%,35.3%,29.4%,47.9%,76.9%,76.7%,28.1%,28.3%,161.0
Washington,Ian Draper,All,123,18,83.2,99.9,100.4,27.8%,0.2°,14.1°,44.4,0.0%,0,0.2,.234,0.263,.286,44.4%,5.6%,50.0%,50.4%,76.9%,78.0%,20.7%,32.3%,96.0
North Florida,Santiago Ordonez,All,482,73,84.0,98.7,105.6,19.2%,16.7°,19.0°,38.4,4.1%,3,0.144,.205,0.263,.349,31.5%,41.1%,24.7%,38.2%,59.0%,89.1%,21.1%,20.1%,111.0
Dartmouth,AJ Demastrie,All,281,52,85.3,101.2,104.8,28.8%,8.2°,7.5°,23.1,3.8%,2,0.194,.225,0.263,.293,46.2%,30.8%,21.2%,43.4%,55.9%,87.3%,33.1%,23.8%,82.0
Quinnipiac,Cole Constable,All,277,50,81.8,96.1,99.9,18.0%,12.5°,15.7°,26.0,0.0%,0,0.2,.192,0.263,.279,46.0%,34.0%,14.0%,39.0%,55.9%,96.8%,27.7%,17.6%,107.0
Florida International,Enrique Alvarez,All,315,51,79.5,106.2,110.3,35.3%,6.1°,12.1°,19.6,5.9%,3,0.188,.230,0.263,.315,54.9%,23.5%,15.7%,47.9%,73.6%,83.2%,30.1%,27.2%,98.0
Michigan,Carson Luna,All,211,34,86.4,98.5,104.5,20.6%,2.8°,9.2°,32.4,0.0%,0,0.229,.211,0.262,.256,55.9%,20.6%,23.5%,47.9%,67.0%,83.1%,34.1%,25.7%,63.0
Charleston,Carson Bradley,All,61,5,82.8,90.4,91.3,0.0%,0.3°,-,40.0,0.0%,0,0.1,.124,0.262,.273,40.0%,20.0%,20.0%,39.3%,68.2%,46.7%,23.1%,66.7%,105.0
UT Arlington,Zach Mazoch,All,447,74,85.2,101.7,103.9,37.8%,1.2°,12.6°,32.4,6.8%,5,0.192,.251,0.262,.343,54.1%,18.9%,25.7%,43.6%,66.3%,89.5%,27.3%,25.1%,119.0
USC,Logan Honma,All,44,6,76.7,93.5,98.3,33.3%,-22.4°,1.8°,16.7,0.0%,0,0.222,.209,0.262,.266,66.7%,0.0%,33.3%,40.9%,57.7%,80.0%,16.7%,16.7%,78.0
New Orleans,Joshua Hoffmann,All,213,25,82.4,95.6,101.6,12.0%,30.2°,2.6°,20.0,0.0%,0,0.184,.105,0.262,.235,28.0%,56.0%,8.0%,39.4%,59.8%,72.4%,22.4%,36.9%,81.0
South Carolina,Beau Hollins,All,363,58,86.8,102.3,107.1,34.5%,10.4°,10.9°,39.7,1.7%,1,0.203,.259,0.262,.333,39.7%,22.4%,32.8%,49.0%,74.1%,82.6%,31.9%,28.7%,68.0
Niagara,Nicholas Cote,All,388,75,83.1,98.4,102.7,20.0%,8.6°,0.2°,29.3,0.0%,0,0.225,.239,0.262,.281,45.3%,34.7%,20.0%,42.0%,66.5%,91.2%,22.9%,16.0%,101.0
Northern Kentucky,Peter Krumins,All,58,5,85.4,99.3,99.6,40.0%,17.8°,7.0°,20.0,0.0%,0,0.1,.225,0.262,.360,60.0%,20.0%,20.0%,41.4%,55.6%,80.0%,29.0%,33.3%,82.0
Pittsburgh,Julian Irizarry,All,284,56,85.1,101.3,108.0,19.6%,7.1°,15.0°,39.3,1.8%,1,0.206,.248,0.262,.325,42.9%,26.8%,30.4%,40.8%,61.6%,87.1%,21.2%,23.3%,98.0
Nicholls,Hudson Mattox,All,149,21,87.4,100.6,100.9,38.1%,12.2°,15.6°,23.8,0.0%,0,0.182,.197,0.262,.325,33.3%,28.6%,23.8%,44.3%,67.1%,66.0%,24.1%,42.4%,105.0
La Salle,Kosei Suzuki,All,292,52,85.2,102.3,103.4,23.1%,15.6°,17.1°,36.5,5.8%,3,0.185,.245,0.262,.334,38.5%,40.4%,19.2%,43.5%,66.2%,89.5%,25.3%,17.3%,99.0
Eastern Illinois,Jake Ferguson,All,33,5,79.1,88.9,92.2,0.0%,21.2°,-,80.0,0.0%,0,0.25,.183,0.262,.326,20.0%,20.0%,40.0%,39.4%,50.0%,87.5%,29.4%,7.7%,26.0
Nicholls,Will Mabry,All,197,35,84.0,100.1,102.0,20.0%,-0.5°,0.2°,28.6,0.0%,0,0.227,.280,0.262,.322,68.6%,5.7%,22.9%,41.1%,64.7%,90.9%,23.2%,21.0%,91.0
UMass Lowell,Scott Donahue,All,144,24,86.4,100.6,103.6,25.0%,4.3°,4.6°,45.8,0.0%,0,0.212,.301,0.262,.351,45.8%,8.3%,41.7%,40.3%,61.8%,73.8%,21.1%,29.3%,108.0
Mercyhurst,Logan Koslin,All,74,16,82.7,96.3,97.1,18.8%,-4.5°,4.3°,12.5,0.0%,0,0.222,.183,0.262,.246,68.8%,25.0%,6.2%,36.5%,53.1%,82.4%,23.8%,11.1%,126.0
Sacred Heart,Will Cook,All,205,24,90.6,101.8,104.0,45.8%,23.5°,26.3°,25.0,8.3%,2,0.158,.193,0.261,.314,29.2%,54.2%,16.7%,48.3%,75.5%,80.3%,25.2%,30.3%,89.0
Louisville,George Baker,All,284,36,91.8,104.2,107.4,44.4%,4.5°,13.5°,22.2,0.0%,0,0.21,.206,0.261,.283,52.8%,19.4%,22.2%,54.2%,79.5%,69.5%,32.2%,34.4%,86.0
Hofstra,George Holt,All,73,18,81.2,93.4,94.2,0.0%,25.7°,-,33.3,0.0%,0,0.238,.288,0.261,.275,33.3%,27.8%,27.8%,53.4%,78.1%,88.0%,34.1%,20.5%,114.0
Old Dominion,Nick Felton,All,425,68,81.3,98.9,101.1,16.2%,8.7°,18.4°,33.8,2.9%,2,0.242,.213,0.261,.268,48.5%,25.0%,22.1%,41.6%,63.7%,83.8%,21.3%,26.0%,87.0
Evansville,Kaleb Wilkey,All,103,11,82.9,93.7,94.7,0.0%,27.5°,-,54.5,0.0%,0,0.2,.127,0.261,.220,9.1%,36.4%,45.5%,45.6%,70.8%,58.8%,23.6%,42.6%,104.0
Elon,Nate Sterling,All,363,61,83.1,94.0,96.2,6.6%,9.4°,5.6°,34.4,0.0%,0,0.225,.195,0.261,.267,41.0%,27.9%,26.2%,37.5%,51.9%,90.5%,25.9%,19.1%,77.0
Murray State,Daylan Pena,All,320,64,87.6,102.8,107.9,32.8%,6.8°,5.9°,26.6,1.6%,1,0.197,.275,0.261,.348,54.7%,14.1%,23.4%,40.3%,62.0%,88.2%,21.2%,18.6%,126.0
Eastern Michigan,Kevin Krill,All,153,26,82.1,97.4,101.1,11.5%,17.8°,11.1°,42.3,0.0%,0,0.2,.225,0.261,.301,30.8%,30.8%,30.8%,46.4%,66.7%,79.5%,31.0%,29.6%,89.0
UCF,Noah Rabin,All,128,10,89.1,106.0,107.4,50.0%,7.5°,6.7°,20.0,10.0%,1,0.143,.192,0.261,.329,50.0%,20.0%,10.0%,26.6%,46.8%,75.9%,7.6%,29.4%,82.0
Merrimack,Chris Goode,All,208,19,83.2,98.8,99.9,21.1%,17.3°,22.8°,42.1,5.3%,1,0.162,.135,0.261,.268,36.8%,21.1%,31.6%,38.5%,58.5%,79.0%,17.6%,25.0%,125.0
Reinhardt,Miguel Salazar,All,157,23,80.4,94.5,96.6,13.0%,14.4°,13.8°,43.5,0.0%,0,0.25,.202,0.261,.247,30.4%,30.4%,30.4%,48.4%,74.3%,84.6%,27.6%,23.7%,89.0
Canisius,JC Spinosa,All,284,42,83.9,99.1,101.7,21.4%,6.0°,7.2°,23.8,0.0%,0,0.206,.186,0.261,.247,52.4%,23.8%,16.7%,47.2%,73.5%,79.0%,23.0%,27.6%,85.0
Mount St. Mary's,Nate Wiles,All,99,16,81.8,100.1,100.9,31.2%,0.0°,0.3°,25.0,0.0%,0,0.2,.306,0.261,.362,62.5%,6.2%,25.0%,36.4%,66.7%,100.0%,19.0%,16.7%,117.0
Appalachian State,Brooks Wright,All,76,10,81.9,96.8,98.3,30.0%,22.2°,34.4°,20.0,0.0%,0,0.133,.121,0.26,.243,20.0%,50.0%,20.0%,43.4%,62.5%,65.0%,29.5%,39.4%,81.0
Navy,William Howard,All,455,74,84.4,102.6,105.6,29.7%,7.5°,8.3°,31.1,1.4%,1,0.202,.279,0.26,.339,48.6%,29.7%,20.3%,46.8%,67.5%,90.8%,31.4%,14.6%,82.0
Bowling Green,Andrew Dilodovico,All,296,52,84.7,98.0,103.9,25.0%,10.5°,10.8°,32.7,0.0%,0,0.208,.216,0.26,.275,40.4%,26.9%,28.8%,48.6%,72.8%,87.9%,28.1%,21.5%,75.0
UC Davis,Ryan Lee,All,633,115,82.0,98.3,101.0,17.4%,13.4°,22.8°,33.0,0.9%,1,0.2,.215,0.26,.288,37.4%,33.9%,23.5%,51.5%,78.3%,80.6%,30.6%,27.3%,104.0
UNC Asheville,Chase Klingemann,All,48,6,70.5,94.3,95.4,16.7%,-3.1°,0.9°,33.3,0.0%,0,0.182,.144,0.26,.304,50.0%,16.7%,16.7%,29.2%,46.7%,85.7%,21.2%,28.6%,115.0
Oakland,Nick Mardis,All,201,17,83.8,104.3,107.4,35.3%,2.5°,18.7°,35.3,5.9%,1,0.146,.161,0.26,.261,41.2%,35.3%,17.6%,37.8%,61.4%,68.5%,19.5%,40.8%,99.0
La Salle,Michael Olender,All,41,6,80.6,95.3,95.6,16.7%,21.7°,22.1°,50.0,0.0%,0,0.143,.218,0.26,.329,33.3%,33.3%,33.3%,43.9%,64.3%,77.8%,33.3%,22.2%,103.0
Lenoir-Rhyne,Trey Jensen,All,27,6,91.9,98.8,98.8,50.0%,22.2°,19.2°,16.7,0.0%,0,0.143,.181,0.26,.303,33.3%,33.3%,16.7%,44.4%,76.9%,90.0%,14.3%,8.3%,201.0
Alabama,Will Plattner,All,354,55,87.3,103.0,106.6,40.0%,7.8°,7.6°,29.1,5.5%,3,0.179,.231,0.26,.309,52.7%,20.0%,20.0%,41.8%,70.8%,82.6%,19.5%,28.4%,83.0
San Jose State,Dennis Gamester,All,29,6,76.2,94.5,98.7,16.7%,30.9°,11.9°,33.3,0.0%,0,0.143,.256,0.26,.324,16.7%,33.3%,33.3%,27.6%,70.0%,85.7%,5.3%,12.5%,136.0
Western Carolina,Brody Raleigh,All,265,34,87.7,105.3,107.5,35.3%,13.1°,19.5°,32.4,8.8%,3,0.172,.173,0.26,.268,35.3%,32.4%,17.6%,45.7%,65.5%,65.3%,31.6%,39.7%,93.0
USC,Will Stickney,All,150,24,85.2,100.1,103.4,33.3%,14.7°,10.7°,41.7,8.3%,2,0.172,.294,0.26,.393,37.5%,37.5%,20.8%,38.7%,61.2%,90.2%,20.5%,17.2%,70.0
Mississippi Valley,Chris Soeder,All,181,24,86.3,96.4,100.3,20.8%,17.0°,19.4°,58.3,0.0%,0,0.25,.224,0.26,.250,33.3%,20.8%,37.5%,46.4%,69.1%,82.1%,28.0%,31.0%,97.0
Point,Damian Hernandez,All,28,7,82.8,96.1,99.3,14.3%,21.0°,-,71.4,0.0%,0,0.143,-,0.26,-,28.6%,0.0%,57.1%,39.3%,53.3%,100.0%,23.1%,0.0%,
Long Beach State,Reid Montgomery,All,264,46,87.1,104.0,109.4,37.0%,12.6°,13.1°,37.0,4.3%,2,0.221,.244,0.26,.311,41.3%,23.9%,26.1%,56.1%,84.6%,74.5%,28.4%,31.1%,98.0
Cal State Fullerton,Niko Lombardi,All,304,48,81.7,98.6,99.7,18.8%,6.7°,11.8°,31.2,0.0%,0,0.217,.224,0.26,.268,47.9%,18.8%,31.2%,46.4%,66.9%,84.2%,28.4%,26.2%,88.0
Southern Indiana,Dane DeWees,All,114,21,80.3,97.4,97.9,14.3%,7.7°,11.1°,19.0,0.0%,0,0.241,.165,0.26,.251,57.1%,33.3%,4.8%,50.9%,70.1%,89.4%,23.4%,22.4%,97.0
Campbell,Nik Sanders,All,87,11,89.0,106.7,111.5,45.5%,24.3°,28.4°,18.2,18.2%,2,0.125,.227,0.259,.381,27.3%,45.5%,18.2%,42.5%,62.9%,81.8%,28.8%,32.4%,107.0
Illinois,Cole Warehime,All,256,49,87.1,101.9,106.3,34.7%,7.8°,6.9°,24.5,4.1%,2,0.203,.233,0.259,.275,53.1%,28.6%,16.3%,48.8%,67.4%,80.5%,29.9%,29.6%,86.0
Quinnipiac,Peyton Vancas,All,325,51,82.1,97.7,100.4,21.6%,2.5°,4.2°,23.5,2.0%,1,0.206,.215,0.259,.280,60.8%,19.6%,15.7%,35.4%,56.0%,89.3%,17.7%,12.2%,107.0
LSU,Daniel Harden,All,116,12,85.6,100.3,101.5,33.3%,12.9°,8.1°,8.3,0.0%,0,0.105,.154,0.259,.284,50.0%,25.0%,8.3%,41.4%,62.5%,80.0%,26.5%,29.2%,101.0
Long Island,Mason Breton,All,111,8,94.2,105.0,105.1,50.0%,16.3°,12.2°,25.0,12.5%,1,0.105,.128,0.259,.275,37.5%,12.5%,25.0%,41.4%,67.8%,55.0%,11.5%,43.5%,84.0
St. John's,Jack Tate,All,105,24,82.2,101.7,103.2,33.3%,-1.9°,11.0°,41.7,0.0%,0,0.267,.247,0.259,.306,50.0%,20.8%,25.0%,59.0%,76.5%,76.9%,42.6%,35.5%,26.0
St. John's,Rob Mansour,All,677,156,79.0,92.7,96.6,2.6%,-1.9°,-10.2°,29.5,0.0%,0,0.234,.257,0.259,.289,57.7%,14.7%,25.0%,43.7%,67.2%,91.5%,23.4%,13.2%,115.0
Austin Peay,Trevor Conley,All,658,133,83.2,97.1,100.3,18.8%,8.1°,12.2°,31.6,0.0%,0,0.252,.263,0.259,.304,45.1%,24.8%,27.1%,52.3%,74.9%,90.7%,33.0%,15.4%,78.0
Kent State,Hunter Klotz,All,402,59,83.5,101.0,103.5,32.2%,1.7°,15.3°,32.2,0.0%,0,0.181,.238,0.259,.315,50.8%,16.9%,28.8%,42.3%,70.3%,70.4%,16.7%,34.7%,122.0
Iona,Tyler Acevedo,All,58,14,85.2,99.4,100.9,21.4%,11.8°,19.8°,14.3,0.0%,0,0.25,.240,0.259,.270,50.0%,35.7%,14.3%,51.7%,71.4%,95.0%,33.3%,20.0%,68.0
Nebraska,Nico Newhan,All,45,9,80.1,99.0,101.9,33.3%,12.2°,28.2°,22.2,0.0%,0,0.154,.128,0.258,.172,33.3%,44.4%,11.1%,64.4%,75.0%,86.7%,56.0%,27.6%,4.0
Utah Valley,Cooper Brass,All,327,63,85.2,100.3,103.3,27.0%,8.0°,11.2°,25.4,0.0%,0,0.2,.199,0.258,.269,46.0%,30.2%,14.3%,46.5%,69.5%,87.9%,26.0%,22.4%,97.0
Oakland,Boston Halloran,All,384,76,83.2,97.2,100.0,18.4%,1.6°,3.0°,31.6,0.0%,0,0.213,.267,0.258,.312,56.6%,11.8%,30.3%,46.6%,71.0%,93.3%,27.4%,17.9%,88.0
Lehigh,Silvio Giardina,All,387,59,81.3,96.5,100.1,18.6%,7.2°,8.2°,40.7,0.0%,0,0.228,.233,0.258,.277,39.0%,22.0%,39.0%,41.1%,60.3%,79.6%,24.5%,28.3%,80.0
Hillsdale College,Logan Dichler,All,73,11,80.4,95.9,98.2,9.1%,14.2°,2.3°,36.4,0.0%,0,0.222,.245,0.258,.263,45.5%,9.1%,36.4%,47.9%,60.0%,72.2%,39.5%,37.1%,20.0
Florida A&M,Justen Crews,All,136,25,83.4,94.2,104.0,24.0%,12.0°,-3.3°,28.0,0.0%,0,0.219,.264,0.258,.318,48.0%,20.0%,28.0%,36.0%,57.1%,90.6%,21.2%,16.3%,106.0
Yale,Colin Sloan,All,506,92,81.3,102.7,107.3,22.8%,3.4°,15.0°,29.3,1.1%,1,0.231,.244,0.258,.291,46.7%,23.9%,22.8%,53.0%,71.9%,89.1%,38.8%,22.4%,51.0
Lamar,Easton Culp,All,174,23,86.7,103.4,103.8,39.1%,3.4°,5.1°,47.8,0.0%,0,0.219,.287,0.258,.346,60.9%,8.7%,30.4%,35.6%,52.5%,90.5%,21.3%,12.9%,73.0
Texas,Maddox Monsour,All,253,26,86.2,103.5,105.1,26.9%,25.4°,5.0°,23.1,3.8%,1,0.185,.149,0.257,.234,30.8%,34.6%,19.2%,44.3%,60.0%,74.7%,28.9%,41.1%,50.0
Penn State,Preston Yaucher,All,494,107,86.5,102.3,105.3,31.8%,6.6°,9.2°,28.0,3.7%,4,0.229,.250,0.257,.287,48.6%,24.3%,21.5%,49.2%,71.5%,87.7%,28.2%,26.7%,82.0
Xavier,Peter Johnson,All,238,25,86.2,105.2,107.4,36.0%,22.3°,12.3°,36.0,16.0%,4,0.171,.222,0.257,.378,36.0%,28.0%,24.0%,44.1%,66.7%,79.0%,29.7%,30.5%,79.0
Cincinnati,Jackson Reardon,All,360,47,83.5,105.8,107.8,29.8%,-0.3°,8.0°,23.4,6.4%,3,0.188,.208,0.257,.291,57.4%,21.3%,14.9%,38.6%,54.9%,86.3%,23.5%,23.7%,79.0
Lehigh,Robbie Carvelli,All,408,85,79.8,97.6,101.1,17.6%,-6.5°,6.7°,25.9,0.0%,0,0.248,.266,0.257,.289,65.9%,12.9%,21.2%,45.6%,63.8%,92.9%,28.2%,18.3%,78.0
George Washington,Luke Maltacea,All,112,16,82.1,93.0,96.7,12.5%,0.3°,-6.0°,12.5,0.0%,0,0.227,.163,0.257,.226,81.2%,18.8%,0.0%,49.1%,61.7%,93.1%,40.0%,23.6%,56.0
Connecticut,Peyton Jemison,All,276,46,83.2,99.9,101.7,23.9%,5.1°,16.7°,28.3,0.0%,0,0.227,.239,0.257,.315,50.0%,19.6%,26.1%,53.6%,76.6%,82.7%,33.8%,31.1%,60.0
CSU Bakersfield,Garrett Teunissen,All,283,41,84.2,99.5,102.5,22.0%,11.1°,15.3°,34.1,2.4%,1,0.207,.202,0.257,.283,46.3%,29.3%,19.5%,38.5%,59.7%,88.4%,16.5%,22.0%,121.0
Alabama A&M,Keondre Fields,All,73,14,81.8,101.4,101.8,14.3%,-3.8°,18.7°,50.0,7.1%,1,0.158,.242,0.257,.333,50.0%,28.6%,21.4%,43.8%,66.7%,81.8%,25.0%,28.1%,87.0
UC San Diego,Ryson Ujimori,All,225,41,83.1,101.3,102.7,26.8%,-3.6°,10.2°,24.4,0.0%,0,0.2,.237,0.257,.319,63.4%,9.8%,19.5%,38.2%,57.5%,83.6%,21.0%,19.8%,115.0
Stony Brook,Aidyn Coffey,All,258,39,80.6,95.5,101.4,7.7%,16.3°,20.0°,20.5,0.0%,0,0.176,.169,0.257,.258,38.5%,38.5%,15.4%,39.5%,65.9%,77.1%,14.4%,28.4%,99.0
Saint Louis,Krew Bond,All,472,84,88.7,101.2,103.4,31.0%,12.6°,15.9°,28.6,3.6%,3,0.212,.222,0.257,.297,40.5%,29.8%,20.2%,45.3%,65.0%,80.8%,25.0%,24.3%,105.0
North Georgia,JD Coleman,All,84,13,82.7,94.6,95.0,0.0%,-2.1°,-,30.8,0.0%,0,0.2,.208,0.257,.257,53.8%,15.4%,30.8%,44.0%,67.6%,82.6%,28.0%,24.3%,108.0
Long Beach State,Aaron Perez,All,381,66,87.5,103.0,105.3,39.4%,13.0°,12.6°,30.3,6.1%,4,0.214,.231,0.257,.299,45.5%,30.3%,19.7%,48.6%,71.4%,78.1%,34.2%,37.8%,88.0
Jacksonville State,Trey Majette,All,279,48,85.4,96.4,101.4,16.7%,9.9°,7.0°,31.2,0.0%,0,0.206,.195,0.256,.260,47.9%,20.8%,27.1%,38.0%,60.0%,92.3%,18.8%,13.2%,83.0
Liberty,Ryan Drumm,All,493,80,89.3,104.5,107.1,40.0%,10.3°,6.2°,26.2,1.2%,1,0.185,.265,0.256,.336,51.2%,26.2%,20.0%,43.2%,64.4%,84.3%,27.7%,27.2%,79.0
Texas State,Zachary Gingrich,All,81,8,82.7,103.1,104.9,37.5%,22.9°,22.6°,12.5,0.0%,0,0.133,.131,0.256,.283,37.5%,37.5%,12.5%,34.6%,54.2%,69.2%,26.3%,46.4%,127.0
Northwestern State,Sam Ardoin,All,294,47,81.8,99.9,102.7,25.5%,4.7°,15.0°,27.7,2.1%,1,0.222,.215,0.256,.267,53.2%,21.3%,21.3%,46.6%,70.1%,82.4%,20.7%,21.9%,127.0
Tennessee,Chris Newstrom,All,250,39,88.8,103.6,108.6,30.8%,18.6°,15.8°,23.1,7.7%,3,0.16,.209,0.256,.316,30.8%,35.9%,15.4%,41.6%,70.1%,85.3%,23.5%,23.1%,123.0
Vanderbilt,Carter Johnstone,All,164,28,84.0,94.8,98.7,14.3%,9.0°,3.4°,32.1,0.0%,0,0.162,.236,0.256,.322,46.4%,25.0%,28.6%,46.3%,74.3%,83.6%,23.3%,26.3%,81.0
UCF,Braden Calise,All,187,28,84.2,93.9,96.5,17.9%,5.2°,-5.7°,21.4,0.0%,0,0.162,.196,0.256,.282,60.7%,21.4%,14.3%,32.1%,54.1%,87.0%,13.7%,13.3%,103.0
Murray State,Anthony Perritano,All,197,40,86.7,101.1,104.0,37.5%,5.8°,11.9°,25.0,0.0%,0,0.167,.250,0.256,.336,57.5%,22.5%,20.0%,47.2%,66.7%,85.3%,26.3%,17.2%,93.0
Wake Forest,Ryan Preisano,All,96,12,85.0,103.0,104.7,33.3%,4.7°,13.4°,41.7,8.3%,1,0.15,.206,0.256,.302,41.7%,25.0%,33.3%,46.9%,70.5%,51.6%,26.9%,48.9%,107.0
New Orleans,Kareh Valentin,All,547,121,82.7,100.4,104.2,24.0%,4.3°,3.9°,27.3,0.8%,1,0.235,.245,0.256,.288,53.7%,24.0%,19.8%,49.5%,63.6%,88.5%,38.0%,20.7%,43.0
Lindsey Wilson,Andres Duran,All,107,21,82.4,102.3,102.8,28.6%,-4.7°,9.2°,28.6,0.0%,0,0.192,.228,0.256,.279,47.6%,23.8%,19.0%,59.8%,86.7%,76.9%,40.3%,25.0%,104.0
Boston College,Ben Williams,All,275,34,91.9,105.3,109.0,52.9%,-3.6°,3.2°,32.4,2.9%,1,0.21,.216,0.255,.278,58.8%,11.8%,29.4%,37.8%,60.4%,72.6%,14.7%,37.5%,117.0
Lipscomb,Simon Scharff,All,136,13,83.8,96.8,98.9,38.5%,4.1°,-3.1°,15.4,7.7%,1,0.167,.160,0.255,.261,61.5%,23.1%,7.7%,33.1%,50.0%,83.3%,23.9%,35.6%,65.0
UL Monroe,Zachary White,All,487,86,86.9,100.1,105.1,32.6%,18.2°,18.9°,32.6,3.5%,3,0.205,.212,0.255,.277,36.0%,30.2%,22.1%,48.9%,67.5%,87.9%,34.9%,25.2%,76.0
St. Thomas (MN),Lucas McNellis,All,229,42,84.2,96.3,96.9,19.0%,11.7°,15.7°,31.0,0.0%,0,0.211,.194,0.255,.227,42.9%,31.0%,23.8%,46.3%,61.8%,85.7%,33.9%,31.1%,65.0
North Alabama,Alex Wade,All,71,6,85.7,100.5,102.5,33.3%,40.3°,23.8°,50.0,16.7%,1,0.118,.097,0.255,.211,0.0%,66.7%,33.3%,50.7%,71.0%,54.5%,35.0%,47.2%,81.0
Eastern Michigan,Phillip Thigpen,All,118,19,86.3,97.7,100.9,31.6%,1.8°,0.1°,26.3,0.0%,0,0.16,.224,0.255,.317,57.9%,15.8%,26.3%,33.1%,51.9%,92.6%,18.2%,25.6%,124.0
Sam Houston State,Sean Bazmore,All,290,43,85.9,99.1,103.3,32.6%,9.0°,6.6°,37.2,0.0%,0,0.194,.212,0.255,.285,44.2%,34.9%,20.9%,35.5%,57.0%,87.7%,18.5%,25.2%,82.0
Illinois-Chicago,Gavin Acosta,All,276,48,79.9,93.7,99.1,10.4%,14.5°,-1.9°,25.0,0.0%,0,0.219,.211,0.255,.248,43.8%,29.2%,22.9%,41.3%,64.0%,86.5%,18.2%,21.1%,118.0
South Carolina,Aaron Jamison,All,171,19,85.3,105.5,107.7,31.6%,21.0°,29.2°,42.1,10.5%,2,0.158,.187,0.254,.278,31.6%,26.3%,31.6%,45.6%,56.2%,70.7%,37.8%,47.4%,54.0
Southern,Kennedy Drexler,All,61,7,80.2,91.7,91.7,28.6%,-27.3°,-5.0°,14.3,0.0%,0,0.25,.134,0.254,.169,85.7%,0.0%,14.3%,45.9%,67.9%,89.5%,27.3%,28.6%,56.0
Fairfield,JP Kuczik,All,155,35,84.4,99.1,104.1,25.7%,13.5°,5.6°,22.9,0.0%,0,0.2,.230,0.254,.305,42.9%,28.6%,17.1%,43.2%,60.0%,95.2%,29.4%,13.4%,88.0
Queens (NC),Mikey Brunetti,All,58,7,68.6,87.4,87.9,0.0%,24.7°,-,14.3,0.0%,0,0.231,.096,0.254,.140,42.9%,42.9%,14.3%,43.1%,50.0%,75.0%,38.2%,32.0%,60.0
Anderson (SC),Zach Stover,All,207,35,79.6,97.8,101.3,14.3%,-1.9°,5.0°,28.6,0.0%,0,0.186,.210,0.254,.284,60.0%,11.4%,25.7%,40.1%,62.5%,83.6%,23.5%,24.1%,98.0
Dartmouth,Camden Rush,All,129,22,80.2,93.8,99.1,4.5%,3.9°,8.9°,54.5,0.0%,0,0.214,.314,0.254,.346,40.9%,4.5%,50.0%,41.9%,63.6%,90.5%,19.0%,16.7%,108.0
Bellarmine,Luca Hoerger,All,185,38,84.9,103.1,105.1,36.8%,6.9°,7.4°,36.8,5.3%,2,0.224,.309,0.254,.347,47.4%,13.2%,26.3%,60.5%,80.5%,91.4%,42.9%,21.4%,82.0
Tennessee Wesleyan,Cody McGill,All,130,19,82.4,93.1,94.9,5.3%,15.5°,-4.5°,10.5,0.0%,0,0.16,.198,0.254,.271,52.6%,36.8%,10.5%,45.4%,76.9%,90.0%,24.4%,18.6%,128.0
McNeese,Connor Schneider,All,139,16,82.8,95.9,96.2,25.0%,14.0°,9.8°,25.0,0.0%,0,0.172,.151,0.254,.246,37.5%,37.5%,12.5%,40.3%,58.3%,88.6%,26.6%,26.8%,77.0
Air Force,Van Klein,All,212,24,87.4,101.9,104.2,33.3%,6.4°,21.3°,20.8,0.0%,0,0.174,.161,0.254,.227,50.0%,33.3%,16.7%,39.6%,60.6%,73.7%,22.9%,38.1%,93.0
Northern Colorado,Brien Kenny,All,71,8,81.0,94.5,100.1,12.5%,0.9°,14.0°,37.5,0.0%,0,0.214,.145,0.254,.214,37.5%,25.0%,37.5%,38.0%,54.8%,76.5%,25.0%,25.9%,101.0
West Georgia,Blane Schmitt,All,200,50,82.5,98.5,100.6,22.0%,-3.3°,0.6°,22.0,0.0%,0,0.241,.267,0.253,.297,70.0%,8.0%,18.0%,48.5%,62.6%,90.3%,34.7%,21.6%,56.0
Albany,John Vitucci,All,239,36,82.6,91.8,94.4,2.8%,3.9°,-5.2°,27.8,0.0%,0,0.184,.197,0.253,.288,55.6%,25.0%,16.7%,31.8%,47.3%,90.6%,18.1%,19.7%,93.0
Johnson (TN),Edwin Olmeda,All,54,7,86.7,98.3,99.3,42.9%,3.6°,8.1°,57.1,0.0%,0,0.231,.245,0.253,.266,28.6%,42.9%,28.6%,44.4%,75.0%,73.3%,26.5%,33.3%,174.0
Seattle,Tyler Jackson,All,213,35,89.7,104.9,107.2,42.9%,-1.3°,5.0°,25.7,2.9%,1,0.216,.246,0.253,.289,57.1%,11.4%,22.9%,40.8%,59.8%,80.3%,23.4%,29.9%,90.0
NJIT,Ty Sallie,All,233,35,88.2,100.5,104.2,31.4%,12.9°,13.9°,25.7,8.6%,3,0.212,.219,0.253,.303,48.6%,34.3%,14.3%,45.9%,73.0%,74.2%,16.2%,28.0%,134.0
Long Beach State,Luke Taylor,All,98,14,80.1,98.3,99.7,35.7%,11.6°,5.4°,35.7,0.0%,0,0.208,.172,0.253,.223,50.0%,7.1%,28.6%,50.0%,77.5%,71.0%,31.0%,51.0%,86.0
Brown,Alex Mihailovich,All,75,10,85.6,101.7,102.1,30.0%,5.4°,8.4°,40.0,0.0%,0,0.176,.220,0.253,.306,50.0%,10.0%,40.0%,45.3%,67.9%,57.9%,31.9%,50.0%,108.0
George Mason,Logan Vaughan,All,397,74,82.8,95.8,101.6,8.1%,17.1°,16.7°,31.1,0.0%,0,0.191,.243,0.253,.291,45.9%,29.7%,18.9%,42.3%,58.9%,88.9%,30.1%,19.0%,63.0
Auburn,Logan Gregorio,All,217,45,90.5,106.5,109.7,44.4%,10.6°,8.3°,28.9,8.9%,4,0.218,.270,0.253,.334,46.7%,20.0%,24.4%,41.9%,59.2%,93.4%,26.3%,22.0%,85.0
Old Dominion,Cash Jay,All,312,38,86.9,104.1,109.7,36.8%,13.1°,15.2°,28.9,13.2%,5,0.175,.201,0.253,.301,39.5%,34.2%,15.8%,38.5%,58.6%,76.9%,23.5%,29.2%,81.0
Stephen F. Austin,Evan Aslaksen,All,77,14,90.4,105.2,107.2,50.0%,7.7°,9.9°,35.7,0.0%,0,0.222,.167,0.252,.174,35.7%,0.0%,35.7%,44.2%,75.7%,92.9%,15.0%,23.5%,69.0
Seton Hall,Joseph Wilga,All,48,6,89.6,101.6,102.4,33.3%,23.6°,28.6°,33.3,0.0%,0,0.182,.140,0.252,.200,16.7%,50.0%,33.3%,41.7%,72.7%,87.5%,15.4%,25.0%,104.0
Queens (NC),Charlie Marcantel,All,281,58,84.5,97.5,99.9,20.7%,9.1°,10.3°,34.5,0.0%,0,0.222,.229,0.252,.271,48.3%,29.3%,20.7%,55.9%,76.2%,84.8%,38.4%,22.9%,92.0
Western Carolina,Jackson Godfrey,All,78,12,85.9,99.5,100.0,25.0%,15.8°,20.3°,16.7,8.3%,1,0.111,.171,0.252,.257,41.7%,41.7%,8.3%,50.0%,69.7%,73.9%,35.6%,33.3%,106.0
Central Arkansas,Sam Reynolds,All,121,18,81.7,100.8,106.0,16.7%,11.5°,7.4°,33.3,5.6%,1,0.148,.179,0.252,.285,38.9%,33.3%,16.7%,48.8%,68.1%,62.5%,36.5%,39.0%,72.0
Hawaii,Gabe Wright,All,172,26,85.8,98.9,102.0,34.6%,12.3°,15.3°,23.1,0.0%,0,0.195,.225,0.252,.305,46.2%,30.8%,19.2%,54.7%,75.6%,83.9%,35.6%,30.9%,76.0
Washington,Landon Young,All,290,51,85.3,102.6,106.0,21.6%,13.0°,-0.9°,27.5,5.9%,3,0.219,.204,0.252,.240,45.1%,31.4%,17.6%,55.2%,76.3%,77.7%,36.8%,31.2%,66.0
Jackson State,Payton Chace Boines,All,239,48,77.2,98.0,103.1,16.7%,3.6°,7.5°,20.8,2.1%,1,0.193,.202,0.252,.264,50.0%,29.2%,14.6%,45.6%,64.4%,90.8%,31.9%,22.0%,65.0
James Madison,Will Haacke,All,166,24,86.7,100.7,103.8,41.7%,2.7°,8.0°,29.2,0.0%,0,0.184,.218,0.252,.299,50.0%,25.0%,20.8%,38.0%,55.9%,81.6%,25.5%,28.6%,63.0
New Haven,Nicholas Ungania,All,90,16,85.4,93.9,95.3,6.2%,10.4°,4.6°,37.5,0.0%,0,0.143,.237,0.252,.345,50.0%,12.5%,31.2%,45.6%,78.6%,69.7%,16.7%,31.7%,154.0
Carson-Newman,Jacob Rogers,All,54,6,94.8,101.3,104.0,33.3%,10.5°,1.8°,33.3,0.0%,0,0.182,.167,0.252,.225,50.0%,33.3%,16.7%,42.6%,63.6%,78.6%,28.1%,39.1%,53.0
UT Dallas,Chris Benavidez,All,27,6,91.3,99.0,102.3,33.3%,46.1°,35.4°,33.3,16.7%,1,0.143,.136,0.252,.220,0.0%,50.0%,33.3%,37.0%,66.7%,75.0%,13.3%,40.0%,97.0
Stonehill,Nicholas Lundquist,All,109,22,83.5,99.0,101.7,13.6%,7.1°,11.8°,27.3,0.0%,0,0.233,.254,0.252,.291,50.0%,13.6%,27.3%,45.0%,63.8%,90.0%,30.6%,26.5%,69.0
Brown,Brady Dever,All,156,13,85.9,100.3,102.0,23.1%,11.5°,14.8°,38.5,0.0%,0,0.13,.149,0.252,.292,38.5%,7.7%,38.5%,40.4%,72.3%,63.8%,17.6%,44.4%,131.0
North Carolina,Michael Maginnis,All,122,18,86.9,100.5,109.2,44.4%,12.0°,7.8°,27.8,0.0%,0,0.233,.229,0.252,.263,44.4%,11.1%,33.3%,47.5%,64.3%,80.6%,33.3%,27.6%,47.0
La Salle,Justin Szestowicki,All,361,62,85.5,101.9,106.5,33.9%,14.9°,11.2°,30.6,3.2%,2,0.186,.221,0.251,.290,38.7%,37.1%,19.4%,51.0%,74.6%,84.8%,28.3%,26.1%,93.0
Portland,Leo Cote,All,181,30,85.5,104.6,108.4,40.0%,10.9°,20.5°,20.0,13.3%,4,0.178,.178,0.251,.273,46.7%,36.7%,13.3%,43.1%,61.3%,76.1%,30.2%,39.7%,56.0
Utah Tech,Bryan Martinez,All,75,10,87.5,103.7,105.5,30.0%,14.5°,20.8°,10.0,10.0%,1,0.133,.163,0.251,.296,50.0%,30.0%,10.0%,41.3%,61.5%,81.2%,30.6%,35.5%,74.0
Northeastern,Henry DiGiorgio,All,376,65,79.8,95.2,98.9,10.8%,5.8°,5.9°,29.2,0.0%,0,0.185,.226,0.251,.299,56.9%,16.9%,26.2%,36.4%,58.4%,91.8%,19.0%,18.2%,94.0
Illinois,Brayden Mazzacano,All,128,17,86.6,98.2,100.1,35.3%,10.1°,14.2°,29.4,0.0%,0,0.13,.208,0.251,.326,52.9%,29.4%,17.6%,37.5%,61.5%,90.6%,21.1%,22.9%,128.0
Army,Jack Quinlan,All,485,77,89.1,103.7,107.5,39.0%,8.9°,12.2°,42.9,7.8%,6,0.173,.284,0.251,.374,37.7%,26.0%,35.1%,48.9%,70.7%,78.3%,30.4%,32.5%,68.0
St. Thomas (MN),Nolan Welke,All,86,14,87.6,103.5,105.2,28.6%,3.7°,2.1°,14.3,7.1%,1,0.273,.228,0.251,.221,71.4%,14.3%,7.1%,45.3%,56.5%,76.9%,32.5%,30.8%,65.0
VMI,Benjamin Cardone,All,269,33,85.2,100.5,100.7,33.3%,19.3°,14.0°,39.4,3.0%,1,0.148,.190,0.251,.307,24.2%,39.4%,30.3%,36.1%,56.9%,81.4%,18.5%,23.7%,112.0
BYU,Ridge Erickson,All,434,61,88.2,103.1,107.1,34.4%,19.5°,19.4°,41.0,3.3%,2,0.183,.229,0.251,.310,24.6%,37.7%,34.4%,44.2%,69.2%,81.5%,23.8%,27.6%,106.0
Marshall,Cameron Harthan,All,186,48,82.9,96.2,102.1,16.7%,0.0°,-2.5°,22.9,0.0%,0,0.216,.247,0.251,.272,56.2%,20.8%,18.8%,51.6%,69.4%,91.5%,36.6%,9.4%,72.0
Iona,Aiden Ciprian,All,133,18,75.5,94.0,95.7,5.6%,1.3°,7.8°,27.8,0.0%,0,0.2,.179,0.251,.232,55.6%,22.2%,22.2%,39.8%,59.2%,93.1%,28.6%,28.3%,98.0
Southeast Missouri,Logan Yule,All,218,25,84.7,101.8,103.3,32.0%,1.3°,21.7°,48.0,0.0%,0,0.186,.198,0.251,.299,44.0%,20.0%,36.0%,37.2%,60.2%,80.4%,20.0%,29.6%,96.0
Winthrop,Noah Cox,All,223,49,83.0,98.0,100.2,12.2%,1.9°,0.1°,18.4,0.0%,0,0.218,.241,0.251,.276,61.2%,18.4%,18.4%,51.6%,77.7%,92.5%,29.2%,16.5%,99.0
Cal State Fullerton,Max Ortega,All,588,107,85.1,103.2,107.1,32.7%,9.5°,7.8°,27.1,3.7%,4,0.187,.244,0.251,.324,49.5%,27.1%,19.6%,43.5%,61.2%,83.0%,30.5%,28.5%,75.0
Valparaiso,Austin Amburgey,All,53,6,75.8,96.2,97.1,16.7%,19.9°,39.1°,33.3,0.0%,0,0.1,.111,0.251,.186,33.3%,33.3%,16.7%,56.6%,84.6%,81.8%,29.6%,30.0%,84.0
La Salle,Daniel Perez,All,364,47,85.0,100.5,105.4,25.5%,15.2°,14.9°,36.2,2.1%,1,0.164,.179,0.251,.283,44.7%,25.5%,23.4%,36.8%,55.6%,78.9%,21.8%,27.6%,86.0
Ball State,Kendric Sorgius,All,54,8,88.5,94.3,101.0,12.5%,30.7°,13.4°,50.0,0.0%,0,0.154,.162,0.251,.255,0.0%,62.5%,37.5%,48.1%,77.8%,66.7%,18.5%,38.5%,112.0
Ole Miss,Cannon Goldin,All,243,33,86.6,101.6,101.8,30.3%,2.1°,-3.9°,18.2,0.0%,0,0.196,.202,0.25,.267,57.6%,21.2%,15.2%,42.0%,57.5%,80.0%,28.5%,30.4%,97.0
Rice,Michael Zito,All,103,14,91.8,101.2,101.3,42.9%,17.1°,12.3°,21.4,0.0%,0,0.19,.193,0.25,.322,42.9%,42.9%,14.3%,35.9%,59.2%,89.7%,14.8%,21.6%,132.0
Elon,Henry Akopov,All,183,26,78.6,97.7,106.7,19.2%,-3.1°,16.0°,30.8,3.8%,1,0.238,.210,0.25,.263,65.4%,7.7%,26.9%,44.8%,59.0%,89.1%,34.3%,31.7%,44.0
Delaware,Connor Doherty,All,85,12,77.5,97.7,103.6,16.7%,5.7°,15.8°,58.3,0.0%,0,0.19,.243,0.25,.304,33.3%,33.3%,33.3%,37.6%,66.7%,70.0%,21.8%,34.4%,94.0
North Florida,Drew Buchanan,All,391,52,89.5,103.4,108.2,44.2%,16.2°,15.3°,25.0,3.8%,2,0.174,.201,0.25,.275,36.5%,34.6%,23.1%,46.5%,65.0%,74.4%,30.8%,36.3%,66.0
Rhode Island,Will Hindle,All,238,29,83.0,101.7,105.7,31.0%,18.6°,2.6°,20.7,0.0%,0,0.163,.216,0.25,.291,41.4%,41.4%,17.2%,37.0%,64.4%,90.8%,16.8%,18.2%,127.0
California,Kalen Applefield,All,203,27,85.3,98.0,101.2,29.6%,14.0°,12.9°,29.6,0.0%,0,0.2,.197,0.25,.275,33.3%,29.6%,29.6%,44.3%,67.1%,76.5%,30.7%,41.1%,80.0
Grand Canyon,Troy Sanders,All,225,44,87.8,99.1,102.7,25.0%,13.9°,6.4°,31.8,0.0%,0,0.213,.201,0.25,.260,36.4%,27.3%,27.3%,46.2%,63.1%,90.0%,29.8%,24.0%,53.0
Brown,Andrew Hanlon,All,238,41,77.7,91.3,94.9,0.0%,5.8°,-,41.5,0.0%,0,0.193,.218,0.25,.274,48.8%,14.6%,31.7%,50.8%,71.3%,85.4%,31.7%,28.1%,102.0
UC Riverside,Jarren Sanderson,All,235,45,84.5,103.4,108.2,26.7%,-2.6°,3.7°,13.3,6.7%,3,0.203,.193,0.25,.261,64.4%,26.7%,6.7%,56.6%,78.2%,75.9%,40.3%,33.1%,45.0
North Dakota State,Evan Gustafson,All,359,43,90.2,103.9,111.2,32.6%,24.3°,22.1°,41.9,11.6%,5,0.165,.188,0.25,.291,20.9%,44.2%,23.3%,45.7%,60.9%,69.7%,30.6%,42.7%,62.0
Coppin State,Emilio Feliciano,All,107,20,81.5,96.0,102.0,10.0%,12.5°,21.2°,30.0,0.0%,0,0.192,.212,0.25,.268,50.0%,30.0%,20.0%,40.2%,54.2%,88.5%,28.8%,27.9%,93.0
Illinois,Luke Landrus,All,129,16,82.2,95.8,100.4,18.8%,0.1°,0.8°,25.0,0.0%,0,0.192,.167,0.249,.212,56.2%,12.5%,25.0%,38.8%,55.6%,77.1%,22.7%,28.0%,101.0
Northern Colorado,Brett Barber,All,289,62,81.3,91.1,93.1,3.2%,6.8°,-9.8°,32.3,0.0%,0,0.216,.270,0.249,.295,54.8%,14.5%,29.0%,46.4%,61.1%,94.8%,35.0%,14.9%,45.0
Butler,Alex Christie,All,322,30,81.3,102.3,105.0,33.3%,29.9°,18.4°,20.0,3.3%,1,0.15,.134,0.249,.235,26.7%,36.7%,20.0%,38.8%,63.6%,64.3%,21.6%,43.2%,103.0
Washington State,Noah Thein,All,132,8,76.3,90.2,94.8,0.0%,-0.9°,-,25.0,0.0%,0,0.208,.137,0.249,.200,62.5%,12.5%,12.5%,30.3%,45.1%,73.9%,21.0%,30.0%,94.0
Quinnipiac,Christian Nilsen,All,80,10,80.7,102.5,103.5,40.0%,-10.2°,16.2°,20.0,0.0%,0,0.211,.176,0.249,.295,60.0%,10.0%,20.0%,52.5%,75.7%,71.4%,32.6%,42.9%,111.0
South Carolina,Erik Parker,All,170,24,84.7,100.2,100.4,25.0%,-4.6°,8.7°,29.2,4.2%,1,0.195,.203,0.249,.254,66.7%,12.5%,16.7%,41.2%,66.2%,73.6%,18.9%,30.0%,79.0
Troy,Gavin Schrader,All,134,27,85.8,103.3,107.9,29.6%,-4.4°,16.7°,22.2,3.7%,1,0.206,.230,0.249,.328,48.1%,11.1%,22.2%,49.3%,67.7%,86.4%,31.9%,21.2%,73.0
Lehigh,Edwin Betances,All,169,25,82.3,100.9,102.0,20.0%,4.5°,7.6°,28.0,12.0%,3,0.194,.212,0.249,.304,60.0%,24.0%,12.0%,42.6%,67.1%,75.5%,21.1%,31.9%,100.0
NJIT,Jack Stead,All,138,33,80.6,93.8,101.4,6.1%,24.7°,22.4°,36.4,3.0%,1,0.225,.229,0.248,.259,21.2%,48.5%,24.2%,56.5%,70.8%,80.4%,43.8%,25.6%,58.0
Richmond,Reid Downs,All,65,15,79.5,93.2,94.5,6.7%,7.2°,-0.6°,26.7,0.0%,0,0.176,.191,0.248,.269,53.3%,33.3%,13.3%,49.2%,74.2%,87.0%,26.5%,18.8%,84.0
New Orleans,Carson Hepworth,All,166,30,83.2,97.9,101.2,20.0%,11.0°,6.7°,33.3,0.0%,0,0.195,.214,0.248,.282,33.3%,33.3%,26.7%,44.0%,63.8%,83.8%,33.3%,28.8%,42.0
Cincinnati,Luke Sefcik,All,156,31,89.3,99.9,102.8,32.3%,14.3°,-4.2°,22.6,0.0%,0,0.22,.225,0.248,.247,38.7%,35.5%,19.4%,50.0%,69.2%,90.5%,23.1%,12.8%,76.0
Kentucky,Tyler Cerny,All,356,57,87.3,102.4,105.4,40.4%,14.5°,14.8°,36.8,5.3%,3,0.176,.232,0.248,.342,33.3%,36.8%,21.1%,43.3%,68.3%,81.6%,21.2%,25.3%,81.0
Brown,Jack Edmunds,All,426,72,85.3,105.1,109.7,34.7%,5.1°,8.3°,25.0,2.8%,2,0.173,.229,0.248,.308,48.6%,26.4%,22.2%,44.6%,65.8%,80.2%,26.0%,24.7%,97.0
Nicholls,Casey Artigues,All,437,100,81.0,95.4,100.0,9.0%,0.4°,9.8°,31.0,0.0%,0,0.215,.228,0.248,.271,56.0%,15.0%,26.0%,49.0%,74.0%,86.5%,27.8%,18.7%,106.0
Presbyterian,Caden Mason,All,282,46,82.6,99.1,103.4,26.1%,9.2°,9.0°,32.6,0.0%,0,0.197,.207,0.248,.274,45.7%,26.1%,21.7%,45.7%,68.3%,77.4%,28.3%,33.3%,107.0
UC Santa Barbara,Mitch Namie,All,60,11,89.3,92.6,92.7,27.3%,-12.4°,-13.3°,9.1,0.0%,0,0.2,.183,0.247,.282,63.6%,9.1%,9.1%,50.0%,78.6%,77.3%,25.0%,30.0%,120.0
George Mason,Jack McCarthy,All,147,36,85.4,99.3,101.9,22.2%,15.2°,6.0°,30.6,2.8%,1,0.19,.249,0.247,.295,38.9%,44.4%,16.7%,56.5%,76.6%,83.7%,41.0%,24.1%,56.0
Austin Peay,Dillon Adkins,All,56,7,77.6,98.3,99.3,14.3%,-20.1°,0.3°,28.6,0.0%,0,0.231,.164,0.247,.164,71.4%,0.0%,28.6%,50.0%,76.0%,63.2%,29.0%,42.9%,109.0
USF,Gabe Graulau,All,134,30,86.8,96.7,106.4,26.7%,7.4°,5.5°,30.0,0.0%,0,0.222,.272,0.247,.297,50.0%,23.3%,20.0%,50.0%,69.5%,87.8%,34.7%,25.4%,57.0
Alcorn State,Jaylyn Bennett,All,120,19,85.7,104.1,104.8,31.6%,3.9°,9.7°,21.1,0.0%,0,0.235,.218,0.247,.241,63.2%,15.8%,21.1%,55.8%,69.2%,83.3%,45.6%,35.8%,-28.0
Gardner-Webb,Allan Camarillo,All,112,28,82.9,91.1,92.1,0.0%,5.8°,-,39.3,0.0%,0,0.286,.259,0.247,.261,57.1%,10.7%,32.1%,65.2%,75.0%,79.5%,56.7%,27.4%,-32.0
UC San Diego,Bryan Bradshaw,All,235,28,86.4,98.0,101.4,21.4%,8.2°,9.4°,35.7,0.0%,0,0.15,.186,0.247,.303,46.4%,32.1%,21.4%,39.6%,58.8%,86.7%,24.8%,24.7%,82.0
Santa Clara,Kai Cunningham,All,74,11,81.5,97.8,98.3,27.3%,7.9°,10.7°,18.2,0.0%,0,0.154,.153,0.246,.249,54.5%,27.3%,9.1%,35.1%,66.7%,100.0%,20.0%,15.4%,116.0
Georgia State,Carter Bailey,All,562,63,89.5,102.3,105.9,36.5%,15.2°,12.1°,33.3,4.8%,3,0.172,.178,0.246,.282,44.4%,25.4%,23.8%,40.2%,61.5%,70.5%,20.5%,38.9%,90.0
Loyola Marymount,Nate Stiveson,All,200,22,78.3,101.4,104.4,22.7%,4.6°,26.7°,31.8,4.5%,1,0.167,.120,0.246,.202,54.5%,27.3%,18.2%,42.5%,59.0%,73.5%,30.8%,42.4%,39.0
Bucknell,Andrew Swenson,All,684,86,84.4,101.3,103.5,26.7%,9.6°,14.2°,30.2,2.3%,2,0.175,.193,0.246,.275,43.0%,29.1%,25.6%,44.4%,66.9%,74.5%,28.2%,38.5%,92.0
Western Kentucky,Dalton Fiveash,All,99,11,85.5,100.6,103.8,27.3%,4.7°,2.1°,18.2,0.0%,0,0.19,.152,0.246,.227,54.5%,18.2%,18.2%,48.5%,68.6%,71.4%,27.1%,39.6%,47.0
George Washington,Christian Dewey,All,246,43,83.2,96.2,99.7,16.3%,5.2°,1.8°,27.9,0.0%,0,0.186,.209,0.246,.267,48.8%,18.6%,30.2%,46.7%,70.5%,86.5%,29.1%,25.2%,92.0
Presbyterian,Holden Baker,All,94,14,87.5,97.9,102.2,28.6%,1.6°,-3.9°,35.7,0.0%,0,0.174,.227,0.246,.293,57.1%,14.3%,28.6%,41.5%,58.1%,56.0%,27.5%,43.6%,71.0
Army,Zachary Farrell,All,382,73,85.8,101.5,107.7,34.2%,13.2°,9.7°,39.7,5.5%,4,0.21,.257,0.246,.324,42.5%,27.4%,24.7%,44.8%,63.6%,88.2%,26.7%,15.2%,93.0
UTSA,Brandon Bishop,All,133,15,85.4,101.7,103.4,40.0%,7.1°,15.5°,40.0,6.7%,1,0.105,.251,0.246,.407,40.0%,26.7%,33.3%,31.6%,47.4%,81.5%,19.7%,26.2%,108.0
Evansville,Trenton Lombardo,All,102,14,81.6,96.6,96.9,21.4%,14.2°,11.3°,35.7,0.0%,0,0.174,.195,0.246,.264,42.9%,14.3%,35.7%,52.9%,64.6%,54.8%,42.6%,50.0%,61.0
San Francisco,Wyatt Davis,All,229,33,88.6,103.6,104.9,42.4%,25.0°,9.5°,36.4,6.1%,2,0.2,.240,0.245,.303,30.3%,36.4%,24.2%,43.2%,65.0%,86.6%,25.4%,29.3%,75.0
Murray State,Conner Cunningham,All,303,46,85.0,100.0,107.4,28.3%,8.8°,-3.0°,28.3,2.2%,1,0.182,.188,0.245,.244,50.0%,15.2%,26.1%,46.5%,56.3%,83.8%,37.9%,28.4%,77.0
San Diego,Vincent Venverloh,All,174,16,78.5,97.5,103.1,31.2%,19.3°,15.5°,18.8,6.2%,1,0.125,.120,0.245,.241,37.5%,37.5%,12.5%,33.9%,35.1%,85.2%,33.0%,32.2%,3.0
Rutgers,Tyler Wiltsey,All,265,37,83.1,100.8,103.3,21.6%,6.8°,9.3°,18.9,2.7%,1,0.21,.172,0.245,.206,48.6%,21.6%,18.9%,45.3%,64.6%,80.5%,27.5%,24.2%,69.0
Siena,Jake Sparks,All,106,9,94.8,102.2,102.8,66.7%,25.1°,19.9°,22.2,0.0%,0,0.15,.172,0.245,.256,33.3%,44.4%,22.2%,48.1%,72.1%,71.0%,31.7%,43.1%,80.0
William & Mary,Liam O'Neil,All,94,11,89.6,105.9,108.0,27.3%,5.9°,14.8°,9.1,0.0%,0,0.15,.155,0.245,.220,72.7%,27.3%,0.0%,40.4%,54.8%,73.9%,28.8%,47.4%,77.0
Southern Indiana,Skylar Graham,All,144,23,78.8,96.8,99.4,17.4%,23.2°,4.8°,30.4,0.0%,0,0.172,.244,0.245,.328,30.4%,34.8%,30.4%,43.8%,66.7%,81.8%,24.4%,20.6%,142.0
Northern Colorado,Ethan Fillinger,All,181,24,82.3,100.0,100.2,25.0%,19.0°,16.2°,25.0,0.0%,0,0.184,.153,0.245,.212,33.3%,29.2%,20.8%,51.4%,70.7%,79.2%,37.7%,29.0%,68.0
Presbyterian,Jonathan Williams,All,283,38,87.4,100.3,101.4,28.9%,22.0°,20.0°,50.0,5.3%,2,0.191,.168,0.245,.239,21.1%,39.5%,34.2%,57.2%,77.5%,67.0%,40.3%,38.3%,68.0
Tennessee Tech,Ty Denton,All,140,18,87.0,102.8,105.2,27.8%,17.2°,19.2°,44.4,5.6%,1,0.107,.218,0.244,.336,27.8%,27.8%,27.8%,40.0%,63.3%,94.7%,22.5%,17.9%,93.0
Louisiana,Kasen Bellard,All,58,12,92.7,106.1,108.1,25.0%,23.6°,10.7°,25.0,8.3%,1,0.176,.207,0.244,.264,25.0%,25.0%,33.3%,51.7%,64.3%,83.3%,40.0%,33.3%,11.0
Southern Illinois,Kaleb Hall,All,428,99,85.8,103.8,107.6,36.4%,14.4°,11.0°,31.3,3.0%,3,0.189,.289,0.244,.360,41.4%,29.3%,22.2%,47.2%,69.6%,90.3%,26.2%,13.9%,82.0
Oakland,Mason Palermo,All,79,12,79.3,93.0,95.4,8.3%,15.8°,20.1°,50.0,0.0%,0,0.2,.191,0.244,.205,16.7%,41.7%,41.7%,40.5%,65.0%,69.2%,15.4%,37.5%,101.0
Queens (NC),Dylan Schaefer,All,595,65,83.3,101.7,105.1,26.2%,20.6°,17.0°,40.0,3.1%,2,0.164,.153,0.244,.251,24.6%,29.2%,33.8%,54.1%,74.5%,68.4%,38.8%,40.4%,37.0
Southern Indiana,Zion Stephens,All,355,51,81.8,98.2,103.6,19.6%,4.9°,14.3°,43.1,3.9%,2,0.225,.209,0.244,.250,52.9%,17.6%,23.5%,48.7%,76.8%,76.7%,27.9%,34.7%,116.0
Alabama,Chase Kroberger,All,103,15,80.6,99.0,99.6,20.0%,4.1°,19.2°,20.0,6.7%,1,0.154,.155,0.244,.270,60.0%,20.0%,6.7%,39.8%,58.7%,66.7%,24.6%,41.5%,75.0
Butler,Gunnar Duncan,All,417,51,87.1,97.6,99.6,29.4%,16.6°,15.0°,39.2,0.0%,0,0.171,.187,0.244,.280,35.3%,29.4%,25.5%,39.6%,61.2%,78.6%,22.6%,27.3%,100.0
Old Dominion,Grayson Sparr,All,228,48,85.2,102.8,108.7,27.1%,-0.3°,7.0°,27.1,0.0%,0,0.222,.231,0.244,.270,58.3%,20.8%,20.8%,51.8%,73.0%,89.3%,30.1%,20.3%,58.0
Rutgers,Joey Erace,All,269,52,85.7,97.2,103.8,25.0%,-0.2°,11.5°,26.9,1.9%,1,0.188,.206,0.244,.288,59.6%,19.2%,17.3%,44.6%,60.3%,87.7%,31.8%,17.5%,88.0
Florida International,Vicente Feliciano,All,252,27,85.4,103.0,103.4,33.3%,4.8°,16.5°,37.0,7.4%,2,0.114,.204,0.244,.328,40.7%,14.8%,33.3%,38.1%,59.1%,61.5%,21.8%,38.5%,106.0
Lafayette,Charlie Chropuvka,All,294,48,79.6,96.9,99.7,14.6%,9.5°,17.7°,29.2,0.0%,0,0.176,.206,0.244,.274,47.9%,31.2%,14.6%,50.7%,75.2%,76.3%,37.8%,34.2%,87.0
Washington State,Dustin Robinson,All,404,40,86.4,106.4,112.6,37.5%,1.9°,11.9°,32.5,5.0%,2,0.165,.197,0.244,.284,60.0%,12.5%,27.5%,38.4%,56.6%,81.1%,26.5%,32.3%,75.0
Gonzaga,Rece Schuerman,All,80,15,82.9,109.1,109.3,33.3%,2.3°,7.5°,26.7,6.7%,1,0.19,.225,0.243,.241,46.7%,13.3%,26.7%,46.2%,68.6%,91.7%,28.9%,29.7%,94.0
Elon,Connor Roche,All,338,55,82.4,94.4,103.4,9.1%,9.9°,8.5°,25.5,0.0%,0,0.181,.210,0.243,.316,47.3%,14.5%,21.8%,49.1%,71.1%,87.9%,35.7%,19.9%,76.0
Dartmouth,Chris Miller,All,234,33,84.2,94.0,97.7,12.1%,19.2°,0.6°,30.3,0.0%,0,0.182,.214,0.243,.286,36.4%,36.4%,24.2%,36.3%,52.5%,88.7%,24.1%,21.2%,98.0
Houston,Irvin Weems,All,133,10,90.7,99.7,99.8,20.0%,10.8°,23.1°,30.0,10.0%,1,0.154,.156,0.243,.252,50.0%,20.0%,20.0%,39.8%,60.7%,64.9%,22.2%,47.2%,88.0
Texas State,Samson Pugh,All,126,15,83.6,99.0,100.2,33.3%,-4.9°,8.7°,20.0,6.7%,1,0.13,.173,0.243,.260,66.7%,6.7%,13.3%,37.3%,62.3%,87.9%,19.2%,21.3%,84.0
Rice,Mason Ashlock,All,371,60,88.9,103.3,110.4,40.0%,12.0°,9.0°,23.3,3.3%,2,0.183,.238,0.243,.302,43.3%,30.0%,20.0%,45.0%,65.5%,83.3%,26.9%,23.4%,76.0
George Mason,Vincent Cowdrey,All,258,45,85.2,97.7,100.5,24.4%,16.8°,18.4°,20.0,0.0%,0,0.169,.173,0.243,.237,37.8%,37.8%,20.0%,43.0%,60.7%,87.8%,23.6%,21.6%,83.0
Fresno State,Ryan De La Maza,All,139,27,84.8,97.1,98.0,25.9%,8.1°,8.4°,29.6,0.0%,0,0.212,.238,0.242,.277,44.4%,14.8%,29.6%,43.2%,67.3%,94.6%,27.4%,21.7%,117.0
Lincoln Memorial,Brooks Hagedorn,All,157,26,85.0,95.5,101.3,7.7%,7.9°,2.8°,26.9,0.0%,0,0.161,.229,0.242,.327,57.7%,30.8%,11.5%,36.3%,68.2%,91.1%,13.2%,14.0%,151.0
Central Arkansas,Jayden Sloan,All,270,40,85.9,100.7,107.3,27.5%,2.4°,2.2°,20.0,0.0%,0,0.18,.195,0.242,.263,50.0%,25.0%,22.5%,44.1%,68.6%,74.7%,24.2%,27.7%,99.0
Army,Jake Pineda,All,105,19,79.3,96.9,99.9,21.1%,14.2°,-1.2°,21.1,0.0%,0,0.15,.261,0.242,.353,42.1%,31.6%,15.8%,36.2%,61.1%,100.0%,23.2%,15.8%,115.0
Illinois,Cameron Chee-Aloy,All,215,34,85.3,97.1,99.9,23.5%,11.8°,14.0°,23.5,0.0%,0,0.154,.233,0.242,.340,47.1%,29.4%,17.6%,40.5%,68.2%,87.7%,13.0%,12.6%,132.0
Gonzaga,Landon White,All,208,44,88.9,103.6,107.8,45.5%,4.2°,11.3°,31.8,0.0%,0,0.2,.289,0.242,.335,47.7%,11.4%,29.5%,43.8%,67.0%,88.9%,24.6%,20.9%,85.0
Troy,Zaid Diaz,All,262,31,88.3,104.0,106.1,35.5%,17.7°,17.3°,35.5,3.2%,1,0.17,.245,0.242,.319,35.5%,25.8%,29.0%,45.0%,71.8%,77.2%,25.7%,33.1%,122.0
Stonehill,Will Christopher,All,103,20,91.8,97.9,98.0,40.0%,17.5°,9.8°,45.0,0.0%,0,0.154,.220,0.242,.271,30.0%,40.0%,25.0%,52.4%,70.0%,94.3%,35.8%,24.1%,87.0
Incarnate Word,Thomas Lyssy,All,198,32,84.7,97.1,100.3,25.0%,15.2°,12.8°,50.0,0.0%,0,0.239,.277,0.242,.310,28.1%,25.0%,40.6%,46.0%,70.1%,86.9%,27.0%,25.3%,101.0
Towson,Ethan Brand,All,272,37,87.1,98.7,101.3,24.3%,16.5°,8.1°,29.7,0.0%,0,0.167,.188,0.242,.276,35.1%,29.7%,21.6%,37.5%,64.5%,81.2%,14.9%,22.5%,115.0
UC Riverside,Tyler Gordon,All,213,27,74.4,94.9,96.1,7.4%,-0.1°,11.9°,25.9,0.0%,0,0.163,.202,0.242,.271,55.6%,22.2%,22.2%,45.1%,74.1%,87.3%,25.8%,20.8%,106.0
Michigan State,Cole Van Ameyde,All,148,26,77.3,90.4,94.7,3.8%,5.6°,-9.6°,30.8,0.0%,0,0.097,.192,0.242,.302,57.7%,15.4%,23.1%,33.1%,55.2%,84.4%,18.9%,18.4%,91.0
Georgia College,Carson Phillips,All,116,24,82.1,99.6,104.9,8.3%,10.6°,-,29.2,0.0%,0,0.233,.161,0.242,.180,41.7%,25.0%,25.0%,49.1%,84.8%,89.7%,25.7%,19.3%,98.0
West Virginia,Matthew Robaugh,All,134,26,94.6,109.1,110.1,61.5%,6.6°,12.8°,38.5,7.7%,2,0.2,.338,0.242,.427,50.0%,15.4%,30.8%,44.8%,71.4%,76.0%,15.6%,23.3%,129.0
Georgia Southern,Frank Wells,All,305,55,79.7,93.4,100.5,9.1%,14.0°,3.3°,34.5,0.0%,0,0.2,.194,0.241,.233,47.3%,29.1%,20.0%,40.7%,57.3%,92.7%,25.9%,17.7%,88.0
Bellarmine,Logan Murphy,All,125,17,88.1,100.5,102.3,35.3%,4.7°,21.5°,29.4,0.0%,0,0.154,.177,0.241,.294,35.3%,23.5%,29.4%,41.6%,60.4%,84.4%,27.8%,42.3%,95.0
Siena,Edwin Sanchez,All,60,9,84.3,91.4,97.5,22.2%,1.9°,-37.1°,22.2,0.0%,0,0.167,.234,0.241,.303,44.4%,33.3%,22.2%,36.7%,59.3%,50.0%,18.2%,50.0%,93.0
Presbyterian,Brody Linker,All,183,17,89.9,103.3,106.1,41.2%,7.1°,9.7°,41.2,0.0%,0,0.179,.180,0.241,.244,41.2%,11.8%,41.2%,47.5%,70.1%,53.7%,31.1%,52.9%,110.0
Albany,Brian Guerrero,All,115,23,81.9,89.4,96.1,17.4%,-4.4°,-5.1°,13.0,0.0%,0,0.226,.228,0.241,.237,82.6%,13.0%,0.0%,45.2%,59.3%,91.4%,30.4%,26.9%,106.0
Lamar,Ayden Sunday,All,83,6,82.9,95.5,95.6,33.3%,34.1°,18.0°,16.7,0.0%,0,0.071,.139,0.241,.288,16.7%,66.7%,16.7%,38.6%,67.5%,77.8%,11.6%,31.2%,117.0
Illinois State,Nolan Barry,All,185,50,87.2,98.3,103.6,28.0%,6.8°,3.0°,26.0,0.0%,0,0.224,.252,0.241,.291,52.0%,16.0%,24.0%,50.8%,80.2%,92.3%,27.9%,19.1%,83.0
Pacific (OR),Max Finkelstein,All,26,6,80.5,72.7,74.2,16.7%,-10.9°,-49.2°,16.7,0.0%,0,0.167,.190,0.241,.262,83.3%,16.7%,0.0%,50.0%,77.8%,100.0%,35.3%,0.0%,122.0
CSU Bakersfield,Carter Jorissen,All,195,37,83.8,99.9,102.5,13.5%,5.8°,3.9°,24.3,0.0%,0,0.213,.262,0.241,.301,54.1%,21.6%,21.6%,42.6%,67.0%,94.9%,22.4%,10.8%,88.0
Oakland,Jack Lux,All,394,55,86.0,100.3,104.9,27.3%,16.3°,8.3°,25.5,1.8%,1,0.141,.201,0.241,.306,41.8%,30.9%,18.2%,44.7%,67.5%,81.6%,27.6%,26.1%,103.0
Houston,Dylan Maxcey,All,324,66,86.2,98.7,102.4,31.8%,9.9°,8.3°,24.2,0.0%,0,0.216,.208,0.241,.233,50.0%,25.8%,19.7%,52.5%,67.6%,85.2%,35.7%,20.0%,36.0
UC Irvine,Noah Alvarez,All,349,54,84.6,96.1,100.1,14.8%,10.8°,9.1°,38.9,0.0%,0,0.167,.258,0.241,.335,46.3%,25.9%,27.8%,34.1%,59.5%,89.4%,13.1%,14.3%,98.0
Azusa Pacific,Blake Hagerty,All,25,6,79.8,94.7,97.7,33.3%,5.1°,-3.9°,16.7,0.0%,0,0.167,.251,0.241,.315,50.0%,16.7%,16.7%,36.0%,58.3%,100.0%,15.4%,0.0%,121.0
British Columbia,Calvin Warrillow,All,80,8,77.0,85.9,88.5,12.5%,2.4°,-2.6°,0.0,0.0%,0,0.167,.156,0.241,.239,87.5%,12.5%,0.0%,43.8%,65.0%,84.6%,22.5%,22.9%,101.0
Mississippi Valley,Johnny Escobalez Jr.,All,62,7,68.1,91.0,96.0,14.3%,-6.4°,0.9°,14.3,0.0%,0,0.167,.173,0.241,.245,71.4%,14.3%,0.0%,37.1%,68.4%,69.2%,23.3%,52.2%,76.0
Grand Canyon,Max Charles,All,99,16,86.0,105.4,111.9,31.2%,-1.3°,2.8°,37.5,0.0%,0,0.2,.220,0.24,.258,56.2%,6.2%,31.2%,56.6%,72.5%,81.1%,39.6%,32.1%,53.0
George Washington,Greg Marmo,All,205,30,81.5,97.8,100.5,16.7%,0.3°,4.8°,33.3,0.0%,0,0.15,.194,0.24,.288,56.7%,16.7%,26.7%,38.5%,61.5%,94.6%,20.2%,13.9%,117.0
Cal State Fullerton,Britton Beeson,All,229,21,85.2,101.7,105.3,38.1%,11.7°,13.6°,28.6,4.8%,1,0.125,.169,0.24,.288,42.9%,33.3%,19.0%,45.4%,65.6%,71.4%,30.8%,38.5%,94.0
Longwood,Max Lawson,All,438,65,84.6,98.8,100.3,29.2%,14.0°,17.4°,38.5,4.6%,3,0.191,.243,0.24,.320,41.5%,29.2%,26.2%,32.4%,50.5%,89.3%,13.9%,17.6%,91.0
Wofford,James Layman,All,220,22,90.4,99.5,100.3,22.7%,26.7°,17.1°,45.5,0.0%,0,0.118,.186,0.24,.334,13.6%,54.5%,31.8%,36.4%,65.3%,83.3%,11.8%,25.0%,126.0
Rice,Trey Duffield,All,87,8,84.3,98.3,105.7,25.0%,28.8°,35.0°,50.0,12.5%,1,0.158,.191,0.24,.289,25.0%,50.0%,25.0%,42.5%,53.5%,69.6%,31.8%,45.9%,61.0
Old Dominion,Evan Holman,All,138,24,80.8,97.1,101.8,25.0%,11.4°,17.4°,37.5,0.0%,0,0.182,.259,0.24,.301,37.5%,25.0%,29.2%,44.9%,63.0%,79.4%,33.3%,29.0%,59.0
Tarleton State,Mason Kirk,All,85,11,76.7,91.2,91.4,0.0%,5.3°,-,9.1,0.0%,0,0.176,.099,0.24,.152,54.5%,27.3%,0.0%,45.9%,68.3%,75.0%,25.0%,38.5%,116.0
Charleston Southern,Ean Czech,All,94,17,80.7,97.8,102.3,29.4%,9.9°,8.6°,41.2,0.0%,0,0.182,.230,0.24,.300,41.2%,17.6%,35.3%,43.6%,61.5%,91.7%,30.9%,31.7%,56.0
Elon,Lawson Wheeler,All,270,45,79.4,92.0,97.0,4.4%,7.3°,5.7°,24.4,0.0%,0,0.203,.229,0.239,.275,51.1%,22.2%,22.2%,41.5%,61.6%,87.0%,24.1%,17.9%,83.0
Kennesaw State,Jackson Bradfield,All,152,19,92.4,107.2,111.1,47.4%,12.0°,16.2°,47.4,10.5%,2,0.143,.225,0.239,.315,36.8%,26.3%,31.6%,51.3%,73.1%,71.4%,34.1%,42.3%,69.0
Lehigh,Max Dantoni,All,209,32,73.0,92.2,100.2,3.1%,-0.2°,13.4°,21.9,0.0%,0,0.217,.186,0.239,.229,62.5%,21.9%,15.6%,35.9%,51.6%,85.1%,23.7%,22.7%,61.0
Baylor,Bo Caraway,All,228,32,82.1,94.7,96.9,18.8%,-3.4°,-6.1°,28.1,0.0%,0,0.214,.175,0.239,.214,68.8%,12.5%,18.8%,46.9%,66.1%,86.8%,27.4%,29.0%,59.0
Indiana State,Caleb Niehaus,All,248,43,82.3,96.9,104.3,20.9%,12.1°,4.5°,37.2,0.0%,0,0.186,.226,0.239,.279,39.5%,23.3%,30.2%,54.8%,73.5%,84.3%,39.3%,25.7%,59.0
UNLV,Connor Tallakson,All,100,14,77.4,92.2,94.2,0.0%,4.2°,-,35.7,0.0%,0,0.2,.207,0.239,.259,57.1%,14.3%,28.6%,33.0%,53.7%,81.8%,18.6%,27.3%,80.0
Lindsey Wilson,Caden Davis,All,101,10,85.7,96.1,96.4,20.0%,13.2°,9.7°,40.0,0.0%,0,0.2,.242,0.239,.291,30.0%,30.0%,40.0%,46.5%,75.6%,70.6%,23.2%,38.3%,121.0
Creighton,Cooper Fuchino,All,89,13,85.3,101.9,104.8,30.8%,4.9°,14.7°,15.4,7.7%,1,0.211,.233,0.239,.277,76.9%,23.1%,0.0%,40.4%,54.3%,88.0%,25.6%,25.0%,63.0
Wichita State,Drew Bugner,All,113,21,84.5,102.2,104.6,33.3%,-3.2°,-9.0°,19.0,0.0%,0,0.2,.224,0.239,.270,66.7%,4.8%,23.8%,48.7%,68.6%,83.3%,39.7%,18.2%,53.0
Georgetown,Dante Pozzi,All,44,6,86.0,90.2,92.3,0.0%,12.2°,-,33.3,0.0%,0,0.2,.138,0.239,.198,33.3%,33.3%,33.3%,29.5%,53.3%,87.5%,17.2%,30.8%,158.0
Bowling Green,Alex Laird,All,114,10,88.0,95.4,101.5,20.0%,16.1°,7.1°,50.0,0.0%,0,0.136,.153,0.239,.255,30.0%,20.0%,50.0%,49.1%,74.0%,78.4%,29.7%,42.9%,86.0
Pikeville,Easton Mould,All,87,20,80.3,92.4,98.6,5.0%,-2.8°,5.8°,15.0,0.0%,0,0.211,.211,0.239,.269,65.0%,15.0%,10.0%,40.2%,60.0%,94.4%,29.8%,5.7%,119.0
Youngstown State,Chyran Humphries,All,282,21,81.6,109.5,111.1,33.3%,4.1°,5.0°,9.5,14.3%,3,0.125,.116,0.238,.239,57.1%,38.1%,4.8%,37.9%,56.9%,68.9%,21.7%,43.0%,106.0
Davidson,Cooper Collins,All,204,31,77.7,96.0,98.2,9.7%,23.5°,19.8°,35.5,0.0%,0,0.152,.181,0.238,.255,35.5%,29.0%,19.4%,40.7%,69.7%,85.5%,18.3%,25.3%,131.0
Cornell,Jayden Shin,All,316,64,81.8,98.7,103.3,20.3%,6.0°,12.4°,25.0,0.0%,0,0.193,.230,0.238,.273,53.1%,25.0%,18.8%,45.6%,67.9%,91.0%,29.7%,21.5%,84.0
North Carolina A&T,Luis Acevedo,All,111,20,81.1,94.3,94.8,0.0%,-0.1°,-,20.0,0.0%,0,0.179,.242,0.238,.266,55.0%,25.0%,20.0%,39.6%,67.3%,87.9%,17.7%,18.2%,113.0
Quinnipiac,Luke Zeisloft,All,112,18,82.1,102.1,103.6,16.7%,14.5°,1.5°,16.7,0.0%,0,0.167,.183,0.238,.255,38.9%,22.2%,22.2%,30.4%,37.5%,94.4%,25.0%,20.6%,87.0
North Dakota State,Thomas Simon,All,229,34,78.5,95.4,99.6,14.7%,6.2°,18.3°,29.4,0.0%,0,0.157,.173,0.238,.243,44.1%,35.3%,17.6%,41.0%,58.6%,83.1%,24.6%,28.7%,81.0
Boston College,Owen DeShazo,All,157,21,92.2,104.8,109.3,42.9%,11.1°,-2.4°,23.8,4.8%,1,0.167,.165,0.238,.235,47.6%,19.0%,14.3%,43.3%,66.2%,79.6%,22.9%,36.8%,73.0
Iona,Sean Stephenson,All,101,19,83.1,99.4,100.3,21.1%,8.1°,8.9°,36.8,0.0%,0,0.208,.233,0.238,.303,47.4%,26.3%,21.1%,47.5%,68.9%,87.1%,30.4%,18.8%,77.0
Bradley,Colin McCormick,All,116,11,89.3,100.3,102.7,45.5%,7.1°,8.1°,45.5,0.0%,0,0.217,.247,0.238,.288,45.5%,0.0%,54.5%,43.1%,65.4%,85.3%,25.0%,26.0%,88.0
Jackson State,Tyshon Patty,All,348,58,84.7,98.6,103.2,31.0%,10.7°,4.8°,32.8,0.0%,0,0.184,.204,0.237,.262,46.6%,25.9%,24.1%,36.2%,54.7%,88.9%,22.5%,20.6%,97.0
Radford,Tyler Sparrer,All,274,57,83.9,94.7,102.0,7.0%,12.4°,8.4°,29.8,0.0%,0,0.203,.244,0.237,.288,42.1%,28.1%,24.6%,49.3%,71.4%,92.6%,28.4%,17.8%,98.0
Northwestern,Charlie Caruso,All,146,16,83.2,98.8,99.2,25.0%,-2.0°,18.7°,18.8,0.0%,0,0.138,.127,0.237,.220,56.2%,25.0%,18.8%,38.4%,54.0%,73.5%,26.5%,41.1%,101.0
Portland,Troy Osborne,All,80,6,77.9,97.9,99.8,16.7%,21.0°,33.6°,16.7,0.0%,0,0.071,.082,0.237,.219,50.0%,50.0%,0.0%,45.0%,70.3%,73.1%,23.3%,33.3%,87.0
Bradley,Anthony Martinez,All,287,47,84.3,103.3,105.7,29.8%,17.7°,9.6°,21.3,2.1%,1,0.164,.217,0.237,.293,46.8%,21.3%,12.8%,41.1%,63.5%,82.5%,23.6%,22.0%,78.0
Queens (NC),Jacob Grimes,All,293,37,78.0,93.7,95.4,5.4%,2.3°,18.7°,24.3,0.0%,0,0.156,.149,0.237,.229,59.5%,21.6%,8.1%,39.6%,62.0%,70.0%,22.0%,39.7%,74.0
VMI,Thomas Conrad,All,204,24,80.8,96.5,97.5,25.0%,6.9°,7.7°,20.8,0.0%,0,0.163,.151,0.237,.210,50.0%,25.0%,20.8%,44.6%,76.1%,77.6%,20.7%,30.8%,138.0
Hofstra,Giovanni Bausone,All,67,9,78.9,90.6,92.3,22.2%,-25.5°,-1.3°,0.0,0.0%,0,0.214,.170,0.237,.204,88.9%,11.1%,0.0%,40.3%,57.7%,73.3%,29.3%,33.3%,77.0
Fairfield,Luke Spencer,All,112,13,84.2,98.7,100.1,38.5%,15.8°,14.4°,53.8,0.0%,0,0.174,.201,0.237,.287,38.5%,23.1%,38.5%,41.1%,61.5%,81.2%,23.3%,32.6%,100.0
Missouri Baptist,Carlos Hidalgo,All,62,11,78.9,97.1,102.9,9.1%,12.4°,3.7°,27.3,0.0%,0,0.214,.231,0.237,.261,54.5%,36.4%,9.1%,54.8%,77.3%,82.4%,42.5%,26.5%,50.0
Michigan,Drew Culbertson,All,707,86,85.8,101.7,105.7,29.1%,6.9°,12.4°,34.9,3.5%,3,0.184,.212,0.237,.284,46.5%,22.1%,26.7%,41.3%,61.9%,82.7%,24.4%,29.1%,99.0
William & Mary,Conner Chavez,All,295,40,83.8,98.5,103.4,20.0%,0.4°,6.4°,20.0,2.5%,1,0.161,.203,0.237,.294,62.5%,12.5%,20.0%,42.7%,66.1%,81.0%,25.0%,23.8%,94.0
Prairie View,Ethan Walker,All,72,15,74.6,88.1,89.0,0.0%,16.1°,-,13.3,0.0%,0,0.158,.140,0.237,.197,40.0%,13.3%,26.7%,45.8%,66.7%,94.4%,33.3%,15.2%,83.0
Queens (NC),Karter Wong,All,284,50,84.9,100.4,101.9,28.0%,15.1°,7.8°,38.0,0.0%,0,0.169,.238,0.237,.311,36.0%,22.0%,40.0%,45.8%,72.9%,84.0%,23.2%,24.6%,94.0
Middle Tennessee,Brett Vondohlen,All,252,35,89.2,107.1,109.5,37.1%,9.1°,10.2°,31.4,8.6%,3,0.161,.168,0.237,.240,48.6%,31.4%,17.1%,54.0%,77.5%,79.1%,35.5%,40.4%,75.0
Elon,Jose Mariano,All,407,72,85.9,102.7,108.9,31.9%,12.8°,4.9°,23.6,4.2%,3,0.181,.228,0.237,.305,47.2%,25.0%,18.1%,48.4%,70.8%,75.2%,32.2%,28.9%,83.0
Dartmouth,Alejandro Puig,All,301,57,80.7,98.5,103.8,14.0%,4.2°,10.1°,19.3,0.0%,0,0.179,.230,0.237,.291,54.4%,22.8%,17.5%,47.8%,66.4%,86.8%,32.3%,20.8%,58.0
UC Santa Barbara,Max Stagg,All,278,28,91.5,103.1,105.6,35.7%,17.7°,12.9°,32.1,3.6%,1,0.184,.187,0.237,.307,28.6%,35.7%,25.0%,37.1%,56.2%,81.0%,24.1%,24.3%,121.0
Stanford,Rashad Hayes,All,69,7,87.6,96.7,96.9,28.6%,4.6°,19.6°,42.9,0.0%,0,0.143,.134,0.236,.236,28.6%,42.9%,14.3%,36.2%,56.2%,61.1%,18.9%,44.0%,79.0
Coastal Carolina,Brayden Horton,All,164,19,85.2,104.3,105.0,36.8%,24.2°,25.6°,31.6,5.3%,1,0.107,.190,0.236,.340,26.3%,42.1%,15.8%,36.6%,61.7%,78.0%,12.0%,28.3%,118.0
Air Force,Blake Campbell,All,226,36,84.9,97.9,99.8,22.2%,4.5°,6.2°,27.8,0.0%,0,0.149,.229,0.236,.309,47.2%,13.9%,27.8%,40.7%,66.3%,85.2%,23.1%,20.7%,99.0
Saint Joseph's,Eric Cross,All,112,11,79.3,90.9,94.3,0.0%,-0.3°,-,18.2,0.0%,0,0.1,.166,0.236,.294,72.7%,9.1%,18.2%,33.9%,53.3%,87.5%,20.9%,36.8%,94.0
Southeast Missouri,Moises Rosario,All,205,38,81.2,95.5,102.1,10.5%,11.0°,6.9°,21.1,0.0%,0,0.163,.188,0.236,.255,44.7%,31.6%,18.4%,45.9%,72.7%,87.5%,25.6%,23.4%,113.0
Georgetown,Brett Blair,All,108,14,84.7,93.5,95.5,14.3%,19.1°,18.6°,21.4,0.0%,0,0.231,.161,0.236,.193,35.7%,42.9%,21.4%,45.4%,61.7%,79.3%,32.8%,40.8%,105.0
California,Brady Errecart,All,204,37,86.0,96.4,102.3,21.6%,4.5°,9.5°,24.3,0.0%,0,0.204,.210,0.236,.274,62.2%,13.5%,16.2%,50.5%,73.7%,74.0%,28.6%,25.2%,65.0
UNC Asheville,Coleman McGinnis,All,219,37,83.3,99.9,106.9,29.7%,8.2°,10.9°,24.3,0.0%,0,0.182,.232,0.236,.295,37.8%,29.7%,24.3%,42.5%,65.1%,88.4%,21.2%,17.2%,112.0
Navy,John Loudon,All,211,31,81.1,99.0,103.0,22.6%,-5.7°,-10.1°,22.6,0.0%,0,0.17,.204,0.236,.273,64.5%,16.1%,19.4%,43.6%,55.4%,84.3%,34.5%,28.3%,57.0
Bellarmine,Mason Acton,All,227,29,82.1,97.8,100.6,24.1%,0.5°,-1.6°,24.1,0.0%,0,0.159,.190,0.235,.228,58.6%,13.8%,24.1%,40.5%,60.4%,72.7%,27.2%,33.7%,103.0
McNeese,Easton Dowell,All,171,29,84.1,100.3,107.9,24.1%,1.1°,2.8°,20.7,0.0%,0,0.15,.234,0.235,.289,65.5%,13.8%,13.8%,48.0%,66.2%,86.0%,36.8%,28.0%,54.0
Southern,Kelcey (KJ) White Jr.,All,79,18,79.0,89.6,91.6,0.0%,12.6°,-,27.8,0.0%,0,0.227,.248,0.235,.259,44.4%,27.8%,16.7%,44.3%,58.1%,88.0%,27.8%,17.1%,23.0
Hawaii,Taylor Takata,All,198,39,83.1,97.6,103.1,12.8%,-6.0°,1.5°,20.5,0.0%,0,0.178,.224,0.235,.315,66.7%,15.4%,15.4%,39.9%,66.3%,84.7%,18.3%,21.5%,102.0
Canisius,Andrew Marcello,All,104,13,80.8,93.0,96.0,7.7%,21.0°,10.6°,30.8,0.0%,0,0.2,.108,0.235,.162,30.8%,30.8%,30.8%,36.5%,42.4%,68.0%,28.9%,34.2%,81.0
Mississippi Valley,"Isreal ""Izzy"" Ramos",All,155,29,80.1,101.3,102.6,20.7%,20.5°,12.5°,20.7,0.0%,0,0.179,.180,0.235,.243,34.5%,31.0%,13.8%,38.1%,64.1%,86.0%,11.7%,16.9%,96.0
East Carolina,Jack Vogele,All,150,33,92.7,103.3,110.7,51.5%,12.1°,9.3°,24.2,0.0%,0,0.189,.287,0.234,.345,42.4%,21.2%,24.2%,45.3%,77.4%,91.7%,22.7%,17.6%,99.0
Grambling,Dillon Braxton,All,98,11,83.9,93.3,95.8,9.1%,18.8°,14.4°,36.4,0.0%,0,0.25,.151,0.234,.156,54.5%,9.1%,18.2%,52.0%,60.0%,66.7%,46.6%,39.2%,32.0
UNC Pembroke,Ashton Donathan,All,30,7,83.7,94.4,94.8,0.0%,6.7°,-,42.9,0.0%,0,0.25,.317,0.234,.321,42.9%,14.3%,28.6%,46.7%,55.6%,80.0%,42.9%,28.6%,138.0
Kennesaw State,Evan Holstein,All,68,11,85.9,93.1,93.7,9.1%,11.1°,-7.3°,36.4,0.0%,0,0.25,.276,0.234,.282,45.5%,18.2%,36.4%,44.1%,62.9%,68.2%,24.2%,43.3%,61.0
Lehigh,Parker Ivy,All,32,6,83.2,99.8,105.0,33.3%,8.9°,0.8°,33.3,0.0%,0,0.25,.249,0.234,.247,33.3%,0.0%,33.3%,50.0%,66.7%,75.0%,28.6%,37.5%,45.0
Stonehill,Jackson Enders,All,25,7,81.4,92.7,92.8,0.0%,-4.0°,-,14.3,0.0%,0,0.25,.132,0.234,.274,57.1%,14.3%,14.3%,48.0%,61.5%,75.0%,33.3%,16.7%,91.0
UTRGV,Rene Galvan,All,252,23,79.1,97.2,105.5,17.4%,5.7°,16.8°,30.4,0.0%,0,0.111,.183,0.234,.298,52.2%,8.7%,30.4%,37.7%,62.7%,63.8%,18.3%,42.1%,132.0
Stetson,Paul Napolitano,All,195,38,83.9,100.1,102.6,15.8%,5.5°,9.2°,31.6,0.0%,0,0.2,.280,0.234,.332,52.6%,15.8%,28.9%,42.1%,62.8%,93.9%,28.2%,19.5%,62.0
Pacific Lutheran,Ethan Keintz,All,40,7,83.7,92.6,93.8,14.3%,8.4°,-3.9°,28.6,0.0%,0,0.286,.217,0.234,.243,42.9%,42.9%,14.3%,55.0%,100.0%,91.7%,35.7%,22.7%,41.0
USC,Maddox Riske,All,522,113,83.9,98.6,102.1,20.4%,12.9°,7.0°,25.7,0.0%,0,0.194,.219,0.234,.269,39.8%,29.2%,22.1%,43.7%,67.4%,91.0%,19.4%,14.0%,108.0
Milwaukee,Tristan Ellis,All,134,14,79.3,94.3,96.1,14.3%,-3.2°,4.1°,42.9,0.0%,0,0.172,.156,0.234,.212,57.1%,7.1%,35.7%,45.5%,57.4%,76.9%,33.3%,34.4%,96.0
UT Dallas,Trent McCown,All,31,7,92.0,99.6,103.0,14.3%,24.4°,7.4°,14.3,0.0%,0,0.286,.273,0.234,.286,14.3%,42.9%,28.6%,48.4%,76.9%,90.0%,27.8%,20.0%,124.0
USF,Carson Cabbage,All,58,13,87.6,99.6,102.1,46.2%,10.7°,1.7°,30.8,0.0%,0,0.083,.281,0.234,.384,38.5%,46.2%,15.4%,34.5%,51.6%,93.8%,14.8%,10.0%,76.0
Hofstra,Nate Lynn,All,35,6,89.7,88.4,89.2,16.7%,13.3°,-9.2°,16.7,0.0%,0,0.25,.265,0.234,.262,50.0%,33.3%,16.7%,51.4%,77.8%,71.4%,23.5%,27.8%,44.0
Fairfield,Nolan Colby,All,201,16,82.4,101.6,105.0,37.5%,17.9°,21.2°,31.2,12.5%,2,0.083,.143,0.233,.276,31.2%,50.0%,12.5%,39.8%,69.5%,68.4%,19.3%,42.5%,116.0
Michigan,Elie Kligman,All,203,33,84.2,97.7,103.8,21.2%,12.7°,15.1°,30.3,0.0%,0,0.182,.206,0.233,.282,51.5%,39.4%,9.1%,44.3%,69.1%,86.2%,22.9%,20.0%,90.0
USF,Santiago Carriles-Alvarado,All,62,12,89.5,102.2,103.3,58.3%,0.1°,8.3°,33.3,0.0%,0,0.188,.300,0.233,.365,50.0%,16.7%,25.0%,37.1%,51.9%,100.0%,25.7%,21.7%,27.0
UNC Greensboro,Ethan Brittain,All,574,101,81.6,95.4,99.1,10.9%,1.9°,-13.3°,32.7,0.0%,0,0.214,.225,0.233,.264,54.5%,17.8%,25.7%,45.5%,65.8%,87.2%,25.5%,24.9%,85.0
Arkansas,Alexander Peck,All,104,18,86.4,102.7,104.4,50.0%,7.7°,13.5°,33.3,5.6%,1,0.12,.228,0.233,.344,44.4%,33.3%,22.2%,51.0%,80.4%,70.3%,27.6%,30.2%,119.0
Indiana State,Nick Sutherlin,All,408,68,88.3,105.8,108.4,36.8%,14.0°,18.8°,26.5,2.9%,2,0.196,.214,0.233,.273,36.8%,39.7%,19.1%,42.4%,59.8%,77.6%,24.1%,28.3%,89.0
Lafayette,Ryan Ulisse,All,300,32,89.4,107.8,110.4,37.5%,15.4°,21.9°,43.8,21.9%,7,0.138,.192,0.233,.297,31.2%,40.6%,28.1%,39.0%,59.4%,81.6%,23.8%,36.8%,62.0
Alabama A&M,Brycen Hammonds,All,96,17,86.1,104.0,104.6,47.1%,20.8°,18.9°,47.1,5.9%,1,0.154,.188,0.233,.244,29.4%,41.2%,23.5%,54.2%,70.0%,78.6%,42.9%,30.8%,88.0
UMass,Will Briggs,All,152,30,83.3,99.4,105.7,13.3%,18.3°,12.0°,13.3,3.3%,1,0.176,.178,0.232,.225,43.3%,40.0%,6.7%,42.1%,59.7%,87.5%,28.2%,15.6%,99.0
Cincinnati,Joe DuSell,All,119,12,87.3,105.2,107.9,41.7%,12.5°,18.4°,66.7,16.7%,2,0.143,.264,0.232,.412,33.3%,33.3%,33.3%,37.0%,63.6%,62.9%,14.1%,36.4%,117.0
Seton Hall,Tommy Manzo,All,362,51,86.8,97.9,104.2,29.4%,16.2°,27.0°,27.5,0.0%,0,0.151,.183,0.232,.274,33.3%,43.1%,17.6%,39.0%,59.1%,84.5%,22.2%,23.4%,60.0
Indiana,Cal Gates,All,260,39,90.9,103.0,106.8,48.7%,-2.9°,8.3°,38.5,5.1%,2,0.175,.248,0.232,.325,53.8%,17.9%,25.6%,45.0%,68.0%,79.3%,22.7%,23.9%,109.0
Oregon,Owen Morgan,All,66,7,81.3,93.7,97.9,28.6%,18.8°,-3.4°,14.3,0.0%,0,0.077,.103,0.232,.253,57.1%,28.6%,0.0%,36.4%,50.0%,81.8%,29.5%,58.3%,49.0
Georgia State,Lucas Grantham,All,288,67,84.6,101.8,104.4,37.3%,2.3°,11.3°,29.9,3.0%,2,0.205,.293,0.232,.325,53.7%,16.4%,28.4%,55.9%,70.1%,84.0%,43.5%,22.4%,52.0
Campbell,Darnell Parker,All,231,24,87.9,101.4,109.1,25.0%,12.9°,15.6°,33.3,4.2%,1,0.156,.176,0.232,.265,37.5%,37.5%,16.7%,51.9%,83.0%,65.8%,32.9%,44.2%,78.0
William Carey,Nick Arender,All,198,27,84.2,94.9,96.8,7.4%,14.4°,3.0°,33.3,0.0%,0,0.15,.172,0.232,.281,40.7%,22.2%,33.3%,34.3%,59.5%,84.1%,19.4%,27.9%,160.0
UC Riverside,Robert Pitts,All,278,43,84.0,100.3,102.7,18.6%,17.7°,22.7°,27.9,2.3%,1,0.147,.157,0.231,.229,34.9%,30.2%,23.3%,52.2%,71.8%,85.1%,34.7%,24.1%,69.0
Alabama A&M,Charles Morris,All,61,6,78.5,89.3,91.7,16.7%,14.3°,-12.9°,0.0,0.0%,0,0.0,.076,0.231,.288,50.0%,33.3%,0.0%,39.3%,70.4%,73.7%,14.7%,33.3%,81.0
Rice,Landon West,All,214,26,84.0,97.4,101.5,15.4%,6.6°,17.0°,30.8,0.0%,0,0.146,.184,0.231,.274,50.0%,19.2%,26.9%,41.6%,60.6%,77.8%,23.6%,25.8%,85.0
UMBC,Joe Lomangino,All,169,22,83.7,97.7,99.3,18.2%,25.2°,11.6°,27.3,0.0%,0,0.125,.148,0.231,.255,31.8%,31.8%,18.2%,33.1%,53.3%,67.5%,17.0%,35.7%,99.0
Southern Miss,Caleb Stelly,All,309,46,81.2,99.9,106.8,15.2%,3.4°,13.7°,19.6,0.0%,0,0.175,.174,0.231,.276,56.5%,26.1%,15.2%,44.0%,65.4%,81.6%,27.8%,27.9%,77.0
West Georgia,Landon Weidner,All,251,45,88.9,105.7,107.9,44.4%,6.0°,6.0°,28.9,2.2%,1,0.203,.292,0.231,.336,55.6%,15.6%,24.4%,53.8%,84.1%,77.9%,29.0%,28.9%,98.0
Rice,Jacob Devenny,All,233,44,86.1,97.9,101.1,22.7%,10.3°,-2.5°,22.7,0.0%,0,0.23,.210,0.231,.254,52.3%,25.0%,18.2%,44.2%,58.3%,85.7%,29.2%,17.5%,55.0
Santa Clara,Matthew Tiendas,All,66,16,90.0,100.4,101.2,25.0%,18.7°,8.7°,43.8,6.2%,1,0.176,.274,0.231,.321,37.5%,25.0%,31.2%,50.0%,67.6%,91.3%,31.2%,12.1%,134.0
Biola,Josh McAninch,All,61,12,78.3,93.8,95.8,8.3%,22.2°,32.9°,8.3,0.0%,0,0.143,.157,0.231,.217,41.7%,50.0%,8.3%,50.8%,69.2%,100.0%,37.1%,6.5%,69.0
Evansville,Wyatt Pennington,All,383,46,88.8,101.1,107.1,43.5%,14.3°,14.1°,28.3,2.2%,1,0.183,.193,0.231,.242,43.5%,26.1%,21.7%,49.9%,73.3%,73.8%,30.8%,37.7%,87.0
Wright State,Brett Denby,All,156,24,90.4,100.9,105.0,33.3%,8.4°,16.6°,29.2,0.0%,0,0.152,.208,0.23,.302,45.8%,37.5%,16.7%,36.5%,63.2%,86.0%,15.9%,26.3%,130.0
Grand Canyon,Gunnar Penzkover,All,148,16,89.4,100.5,103.9,31.2%,23.0°,21.1°,62.5,6.2%,1,0.167,.185,0.23,.275,12.5%,25.0%,43.8%,46.6%,74.5%,73.2%,30.1%,42.0%,72.0
Southern Illinois,Mason Schwalbach,All,361,77,86.7,100.7,106.5,35.1%,13.9°,19.0°,39.0,6.5%,5,0.179,.286,0.23,.377,40.3%,27.3%,27.3%,47.6%,75.8%,86.4%,24.0%,22.7%,107.0
Winthrop,Diego Alfonso-Rivera,All,80,15,69.5,97.2,99.2,13.3%,-19.7°,-7.3°,6.7,0.0%,0,0.158,.184,0.23,.297,80.0%,0.0%,6.7%,42.5%,59.0%,78.3%,26.8%,26.5%,70.0
Fresno Pacific,TeJean Smith,All,79,15,81.1,87.6,87.7,13.3%,15.9°,-3.5°,26.7,0.0%,0,0.158,.216,0.23,.287,46.7%,26.7%,20.0%,45.6%,69.2%,88.9%,34.0%,19.4%,95.0
Stony Brook,Luke Szepek,All,186,29,81.4,96.0,102.9,13.8%,17.6°,0.5°,10.3,0.0%,0,0.179,.162,0.229,.224,41.4%,41.4%,6.9%,39.2%,64.9%,84.0%,21.1%,27.4%,96.0
Maine,Aidan Bardi,All,125,21,81.5,97.5,99.1,14.3%,6.2°,10.6°,28.6,0.0%,0,0.179,.216,0.229,.263,42.9%,19.0%,28.6%,45.6%,67.2%,82.1%,26.9%,28.1%,64.0
George Washington,Michael Bravette,All,341,70,79.0,95.7,98.9,10.0%,-6.3°,-5.4°,22.9,0.0%,0,0.227,.223,0.229,.262,62.9%,18.6%,15.7%,42.5%,63.5%,95.3%,22.4%,7.6%,99.0
Grand Canyon,Vince Bianchina,All,164,22,85.7,98.5,103.2,31.8%,6.1°,16.6°,31.8,9.1%,2,0.132,.167,0.229,.254,50.0%,36.4%,13.6%,42.1%,61.5%,85.0%,29.3%,33.3%,96.0
Xavier,Jason Jelic,All,139,19,87.8,103.6,103.9,31.6%,2.5°,-5.7°,31.6,0.0%,0,0.194,.161,0.229,.198,47.4%,21.1%,26.3%,58.3%,83.9%,66.0%,41.0%,38.3%,88.0
Pepperdine,Zach Woodson,All,213,27,90.3,105.7,107.3,44.4%,22.4°,18.5°,40.7,14.8%,4,0.15,.251,0.229,.365,18.5%,48.1%,33.3%,39.9%,65.5%,82.5%,22.2%,31.8%,122.0
Georgia Southern,Kade Kisz,All,71,5,90.8,101.5,103.9,40.0%,3.4°,0.2°,20.0,0.0%,0,0.143,.133,0.229,.236,80.0%,0.0%,20.0%,40.8%,63.6%,78.6%,30.6%,44.8%,101.0
Georgia Southern,Kaden Thompson,All,162,20,82.2,94.6,95.5,5.0%,-5.9°,1.3°,30.0,0.0%,0,0.171,.158,0.229,.277,65.0%,10.0%,25.0%,43.8%,57.8%,75.0%,29.1%,31.0%,49.0
Mercyhurst,Riley Ames,All,57,5,81.8,93.6,96.3,20.0%,1.0°,5.9°,0.0,0.0%,0,0.1,.167,0.228,.289,80.0%,0.0%,0.0%,43.9%,73.9%,82.4%,23.5%,32.0%,107.0
Oklahoma,Gerardo Prado,All,57,8,86.8,94.4,98.5,25.0%,23.2°,9.3°,50.0,0.0%,0,0.1,.221,0.228,.352,12.5%,37.5%,37.5%,35.1%,62.5%,73.3%,15.2%,25.0%,126.0
UNC Asheville,Eric Krumpe,All,142,21,84.9,95.5,99.9,23.8%,19.6°,5.6°,47.6,0.0%,0,0.172,.274,0.228,.320,28.6%,14.3%,47.6%,46.5%,71.0%,81.6%,23.3%,25.8%,67.0
Boston College,Jace Roossien,All,110,14,91.8,103.6,104.2,50.0%,15.5°,23.5°,7.1,7.1%,1,0.167,.182,0.228,.339,42.9%,50.0%,7.1%,49.1%,74.5%,81.6%,27.1%,25.9%,97.0
Queens (NC),Justin Hudson,All,336,40,85.3,106.6,111.8,32.5%,12.8°,13.7°,30.0,5.0%,2,0.188,.177,0.228,.236,45.0%,22.5%,22.5%,53.0%,65.6%,76.2%,42.3%,36.0%,31.0
Stonehill,John Bureau,All,92,12,85.3,103.1,106.0,25.0%,13.2°,21.4°,33.3,0.0%,0,0.19,.217,0.228,.277,33.3%,25.0%,33.3%,43.5%,72.5%,79.3%,21.2%,30.0%,133.0
Washington,Aidan Dougherty,All,223,35,83.4,99.6,102.9,25.7%,2.8°,13.7°,25.7,0.0%,0,0.167,.191,0.228,.276,57.1%,20.0%,20.0%,43.9%,68.0%,75.8%,25.4%,31.6%,88.0
East Carolina,Nick Parham,All,328,48,91.5,103.1,105.9,58.3%,8.7°,13.7°,35.4,10.4%,5,0.19,.254,0.228,.330,47.9%,22.9%,22.9%,50.6%,66.0%,83.2%,37.1%,33.7%,71.0
Sacred Heart,Nathan Bowes,All,87,12,84.4,91.7,92.1,16.7%,15.5°,-5.9°,25.0,0.0%,0,0.2,.160,0.228,.211,33.3%,25.0%,25.0%,50.6%,60.6%,60.0%,44.4%,50.0%,49.0
Bradley,River Lindsey,All,104,18,77.1,93.8,95.1,16.7%,9.0°,-7.9°,22.2,0.0%,0,0.231,.200,0.228,.226,61.1%,22.2%,11.1%,49.0%,58.1%,88.0%,42.6%,17.6%,62.0
Florida International,Tracen Cameron,All,235,32,88.1,100.0,103.0,25.0%,8.8°,7.3°,28.1,0.0%,0,0.163,.219,0.227,.312,53.1%,21.9%,25.0%,40.4%,63.8%,85.1%,21.5%,23.2%,87.0
UC Riverside,Jaxon Byrd,All,210,36,90.0,108.6,113.0,30.6%,16.2°,12.8°,33.3,11.1%,4,0.179,.199,0.227,.248,44.4%,25.0%,19.4%,56.2%,76.7%,84.8%,41.9%,38.1%,64.0
Nebraska,Cole Kitchens,All,216,38,86.7,100.0,102.7,28.9%,7.4°,18.7°,34.2,5.3%,2,0.17,.222,0.227,.309,47.4%,31.6%,18.4%,56.5%,72.9%,92.3%,40.4%,26.2%,59.0
The Citadel,Matthew Lively,All,461,53,86.7,99.0,105.8,30.2%,8.0°,10.2°,26.4,0.0%,0,0.188,.172,0.227,.253,47.2%,22.6%,20.8%,40.6%,63.9%,82.7%,21.3%,26.2%,84.0
Northwestern State,Zach White,All,304,42,86.9,97.6,101.5,16.7%,11.7°,17.3°,40.5,0.0%,0,0.18,.276,0.227,.340,42.9%,21.4%,33.3%,47.0%,73.9%,83.8%,25.9%,24.5%,120.0
Sam Houston State,Easton Dean,All,34,6,73.8,97.5,100.2,16.7%,-2.2°,17.1°,33.3,0.0%,0,0.2,.180,0.227,.182,50.0%,0.0%,33.3%,44.1%,68.4%,46.2%,13.3%,53.3%,66.0
Evansville,Tate Deal,All,76,8,87.9,100.9,103.2,37.5%,14.8°,0.3°,25.0,0.0%,0,0.176,.173,0.227,.241,37.5%,25.0%,25.0%,46.1%,58.1%,61.1%,37.8%,45.7%,30.0
FGCU,Brandyn Gonzalez,All,74,15,84.2,99.9,103.6,20.0%,15.6°,4.1°,20.0,0.0%,0,0.2,.161,0.227,.170,46.7%,33.3%,13.3%,50.0%,76.9%,83.3%,20.0%,29.7%,119.0
San Diego,Tanner Kern,All,239,23,80.8,102.1,103.1,30.4%,-2.6°,12.2°,21.7,0.0%,0,0.114,.144,0.227,.251,56.5%,26.1%,17.4%,38.1%,56.2%,74.1%,25.9%,40.7%,92.0
Little Rock,Jake McClure,All,92,17,81.0,97.0,99.5,17.6%,4.4°,4.9°,11.8,0.0%,0,0.158,.243,0.227,.323,58.8%,17.6%,17.6%,42.4%,65.9%,86.2%,20.8%,15.4%,128.0
San Francisco,Nick Walsh,All,35,7,89.3,100.3,101.7,42.9%,10.5°,16.6°,57.1,0.0%,0,0.2,.223,0.227,.256,28.6%,14.3%,57.1%,54.3%,70.6%,75.0%,38.9%,36.8%,86.0
Georgetown,Dylan Larkins,All,317,50,87.5,100.7,102.1,30.0%,5.7°,6.1°,32.0,0.0%,0,0.194,.209,0.226,.284,48.0%,20.0%,28.0%,41.3%,65.5%,83.5%,20.1%,25.2%,101.0
William & Mary,Jackson Woolwine,All,158,28,84.2,99.8,102.8,21.4%,10.9°,8.8°,46.4,0.0%,0,0.143,.231,0.226,.330,39.3%,25.0%,28.6%,41.1%,69.0%,85.7%,18.4%,18.5%,113.0
Western Michigan,Mason Pilarski,All,335,54,77.1,96.0,99.8,11.1%,10.7°,6.7°,31.5,0.0%,0,0.162,.217,0.226,.265,40.7%,37.0%,20.4%,39.7%,63.7%,91.0%,18.5%,15.0%,100.0
Princeton,Dylan Zdunek,All,197,42,81.8,97.2,102.1,19.0%,-3.6°,4.2°,35.7,0.0%,0,0.17,.229,0.226,.290,61.9%,9.5%,23.8%,56.3%,81.2%,87.0%,37.5%,24.3%,61.0
Alabama,Andrew Purdy,All,258,29,89.0,104.2,106.1,37.9%,19.0°,5.8°,34.5,3.4%,1,0.152,.228,0.226,.315,37.9%,27.6%,27.6%,37.6%,56.2%,77.9%,21.2%,28.9%,85.0
Southern Illinois,Bryce Habuda,All,145,30,86.6,96.6,98.2,23.3%,13.5°,8.9°,36.7,3.3%,1,0.211,.275,0.225,.322,43.3%,23.3%,23.3%,40.0%,67.6%,76.1%,15.6%,31.0%,130.0
Brown,Miles Newsome,All,66,7,73.7,82.1,85.9,0.0%,17.2°,-,42.9,0.0%,0,0.167,.179,0.225,.250,42.9%,28.6%,28.6%,33.3%,53.6%,73.3%,18.4%,27.3%,109.0
Kennesaw State,Avery Wilson,All,119,16,81.9,98.7,102.7,25.0%,13.6°,22.8°,25.0,6.2%,1,0.115,.175,0.225,.275,50.0%,25.0%,12.5%,46.2%,56.6%,90.0%,37.9%,30.9%,64.0
Coppin State,Angel Garcia,All,118,13,88.3,102.1,103.7,38.5%,-8.3°,4.8°,15.4,0.0%,0,0.1,.214,0.225,.318,69.2%,0.0%,15.4%,35.6%,55.1%,92.6%,21.7%,11.9%,78.0
Dallas Baptist,Hogan Nelson,All,56,9,88.6,101.9,103.8,33.3%,15.7°,5.4°,33.3,0.0%,0,0.154,.209,0.225,.297,44.4%,11.1%,33.3%,37.5%,60.9%,71.4%,21.2%,42.9%,129.0
Miami,Donavan Jeffrey,All,65,8,90.0,98.7,100.1,37.5%,18.6°,21.1°,25.0,0.0%,0,0.167,.207,0.225,.266,50.0%,25.0%,25.0%,35.4%,70.8%,82.4%,14.6%,34.8%,97.0
Pacific,Diego Davis,All,482,86,80.0,93.4,99.5,12.8%,-2.7°,-8.0°,27.9,0.0%,0,0.206,.219,0.225,.267,55.8%,16.3%,24.4%,43.6%,68.8%,89.0%,21.7%,16.2%,111.0
Austin Peay,TJ Costello,All,165,27,86.1,101.6,106.1,33.3%,-1.1°,9.7°,37.0,3.7%,1,0.211,.263,0.225,.324,59.3%,18.5%,22.2%,53.9%,77.5%,79.0%,31.8%,29.2%,103.0
Arkansas-Pine Bluff,Joe Adams,All,59,8,86.5,98.4,98.5,50.0%,13.1°,6.8°,50.0,0.0%,0,0.167,.249,0.225,.323,25.0%,25.0%,50.0%,35.6%,52.0%,76.9%,23.5%,23.8%,94.0
Bradley,Peyton Nelson,All,176,23,85.5,95.6,100.4,8.7%,10.7°,15.1°,30.4,0.0%,0,0.182,.155,0.225,.195,43.5%,30.4%,21.7%,50.0%,63.0%,80.4%,40.8%,39.8%,0.0
Portland,Gage Bruce,All,122,17,85.3,99.4,104.6,17.6%,2.8°,14.7°,17.6,5.9%,1,0.143,.167,0.224,.243,52.9%,29.4%,11.8%,41.8%,57.1%,84.4%,28.8%,29.4%,76.0
Rider,AJ Labrusciano,All,74,10,81.2,96.5,97.6,30.0%,12.1°,7.5°,20.0,0.0%,0,0.067,.169,0.224,.270,50.0%,40.0%,10.0%,32.4%,55.0%,81.8%,24.1%,45.8%,90.0
Western Carolina,Caden Haywood,All,120,21,90.0,103.2,105.3,42.9%,18.3°,17.3°,33.3,0.0%,0,0.192,.279,0.224,.373,38.1%,38.1%,19.0%,40.0%,60.3%,77.1%,21.0%,27.1%,88.0
USF,Jackson Geiger,All,151,29,89.2,101.1,101.9,31.0%,11.2°,21.9°,37.9,3.4%,1,0.188,.248,0.224,.323,44.8%,20.7%,27.6%,45.0%,56.2%,90.2%,34.6%,13.2%,67.0
Georgia State,Cooper Milford,All,179,16,89.8,97.7,99.5,31.2%,16.0°,26.7°,31.2,0.0%,0,0.121,.184,0.224,.289,37.5%,37.5%,25.0%,30.7%,48.8%,72.5%,15.5%,32.7%,74.0
Florida Atlantic,Danny Baez,All,93,18,83.5,95.2,95.5,16.7%,3.8°,13.3°,33.3,0.0%,0,0.2,.214,0.224,.252,55.6%,16.7%,22.2%,49.5%,70.6%,83.3%,23.8%,21.7%,99.0
Georgia Southern,Grant Jordan,All,439,89,84.9,100.4,107.4,22.5%,4.3°,7.1°,25.8,0.0%,0,0.211,.243,0.223,.266,51.7%,16.9%,23.6%,41.9%,63.5%,88.5%,20.5%,15.8%,93.0
Florida International,Preston Leon,All,77,9,85.2,96.1,97.1,33.3%,21.2°,10.0°,44.4,0.0%,0,0.2,.270,0.223,.302,33.3%,33.3%,33.3%,45.5%,62.2%,87.0%,30.0%,20.0%,122.0
Grambling,Shannon Martin,All,188,35,78.2,94.5,99.8,8.6%,2.3°,1.0°,34.3,0.0%,0,0.205,.242,0.223,.276,57.1%,14.3%,20.0%,38.3%,64.4%,93.1%,14.3%,12.5%,118.0
FGCU,Merrick Rapoza,All,187,25,89.0,101.7,105.4,28.0%,26.5°,28.7°,52.0,4.0%,1,0.143,.223,0.223,.363,12.0%,56.0%,32.0%,48.1%,78.7%,64.3%,20.4%,43.3%,138.0
Emory & Henry,Jaret Hoppes,All,48,14,84.0,92.8,93.0,0.0%,-1.1°,-,35.7,0.0%,0,0.214,.299,0.223,.327,57.1%,21.4%,21.4%,35.4%,52.0%,92.3%,17.4%,5.9%,79.0
Loyola Marymount,Luca Danos,All,151,19,85.5,90.1,93.3,21.1%,1.2°,-10.9°,10.5,0.0%,0,0.148,.143,0.223,.218,57.9%,21.1%,10.5%,35.1%,55.9%,86.8%,18.1%,24.5%,51.0
Fairleigh Dickinson,Garryn Plummer,All,74,13,81.7,95.6,96.5,15.4%,12.1°,9.9°,46.2,0.0%,0,0.231,.281,0.223,.322,46.2%,30.8%,23.1%,43.2%,74.1%,90.0%,25.5%,9.4%,127.0
Santa Clara,Mace Wheeler,All,150,25,83.3,100.0,104.6,32.0%,18.1°,9.3°,20.0,0.0%,0,0.171,.172,0.223,.255,44.0%,36.0%,12.0%,48.0%,61.8%,88.1%,36.6%,27.8%,81.0
Stetson,Julian Mercado,All,64,11,82.3,97.2,100.5,9.1%,8.3°,13.9°,18.2,0.0%,0,0.2,.251,0.223,.298,63.6%,18.2%,18.2%,39.1%,56.7%,82.4%,23.5%,24.0%,126.0
Arizona State,Finn Leach,All,60,13,88.2,97.1,99.7,23.1%,-1.2°,-0.1°,15.4,0.0%,0,0.2,.279,0.223,.307,69.2%,0.0%,15.4%,51.7%,79.2%,84.2%,33.3%,19.4%,96.0
Milwaukee,Christian Holmes,All,432,74,80.5,101.0,102.6,23.0%,9.5°,12.5°,37.8,2.7%,2,0.176,.220,0.222,.278,41.9%,23.0%,25.7%,50.7%,72.4%,79.9%,32.2%,31.5%,84.0
Grand Canyon,Jarret Nielsen,All,51,5,76.4,88.0,91.2,20.0%,23.1°,-4.6°,0.0,0.0%,0,0.125,.078,0.222,.206,40.0%,40.0%,0.0%,33.3%,50.0%,77.8%,24.2%,35.3%,112.0
Alabama State,Jose Alfonso,All,169,27,85.5,98.7,99.5,18.5%,6.3°,11.9°,33.3,0.0%,0,0.175,.200,0.222,.247,51.9%,22.2%,25.9%,37.9%,62.7%,93.6%,18.1%,21.9%,96.0
Notre Dame,Chase Van Ameyde,All,44,5,97.1,102.0,102.0,60.0%,-20.7°,-13.4°,0.0,0.0%,0,0.111,.170,0.222,.270,100.0%,0.0%,0.0%,31.8%,57.1%,83.3%,8.7%,21.4%,93.0
Richmond,PJ Hughes,All,51,6,61.4,85.3,90.3,0.0%,10.0°,-,33.3,0.0%,0,0.125,.234,0.222,.318,50.0%,16.7%,16.7%,29.4%,40.7%,81.8%,16.7%,26.7%,42.0
Alabama,Evan Taylor,All,28,5,83.9,95.1,95.4,40.0%,-0.1°,14.4°,0.0,0.0%,0,0.167,.187,0.222,.218,60.0%,40.0%,0.0%,46.4%,60.0%,66.7%,38.9%,46.2%,76.0
Wagner,Brendan McLoughlin,All,85,24,78.3,98.3,104.0,25.0%,11.1°,7.2°,33.3,0.0%,0,0.192,.262,0.222,.303,41.7%,33.3%,20.8%,56.5%,82.1%,87.5%,34.8%,20.8%,102.0
Stony Brook,Jack Scheri,All,135,19,84.9,104.6,105.5,47.4%,3.5°,13.1°,52.6,10.5%,2,0.167,.293,0.222,.397,36.8%,26.3%,36.8%,43.0%,65.6%,75.0%,24.3%,36.2%,97.0
Bradley,Andre Vidal,All,112,13,81.2,91.6,97.1,15.4%,11.6°,-29.8°,7.7,0.0%,0,0.174,.093,0.222,.201,46.2%,30.8%,7.7%,42.9%,64.3%,63.9%,21.4%,35.4%,104.0
Binghamton,Michael Stellrecht,All,582,83,84.3,97.1,102.4,19.3%,19.1°,18.7°,42.2,2.4%,2,0.173,.203,0.222,.261,30.1%,22.9%,34.9%,47.1%,69.2%,75.8%,28.8%,30.3%,110.0
Longwood,Brice Abbott,All,75,6,86.8,102.4,104.7,33.3%,29.1°,31.6°,16.7,0.0%,0,0.133,.090,0.222,.173,16.7%,33.3%,16.7%,33.3%,51.9%,64.3%,22.9%,52.0%,79.0
Charlotte,Juan Rivera,All,113,24,81.3,92.2,93.0,0.0%,4.6°,-,25.0,0.0%,0,0.154,.202,0.221,.295,54.2%,20.8%,16.7%,42.5%,67.3%,91.9%,19.0%,8.3%,127.0
Ohio State,Steven Cavaco,All,184,23,84.5,102.5,107.8,34.8%,3.9°,9.4°,30.4,0.0%,0,0.143,.224,0.221,.307,52.2%,21.7%,26.1%,40.8%,60.5%,69.6%,26.9%,36.0%,96.0
Queens (NC),Mitchell Basterrechea,All,417,70,86.6,105.4,111.5,35.7%,5.0°,12.5°,25.7,7.1%,5,0.167,.221,0.221,.279,52.9%,22.9%,18.6%,55.4%,76.1%,75.7%,39.1%,31.2%,62.0
Wright State,Nathan Manley,All,244,48,92.3,103.4,108.4,52.1%,11.7°,11.2°,39.6,6.2%,3,0.203,.304,0.221,.378,43.8%,25.0%,29.2%,39.8%,62.5%,94.3%,20.5%,13.4%,119.0
NJIT,Cole Campbell,All,197,36,79.9,97.8,105.2,11.1%,6.0°,19.1°,25.0,2.8%,1,0.152,.218,0.221,.277,44.4%,30.6%,22.2%,47.7%,69.1%,87.7%,28.2%,17.0%,91.0
CSU Bakersfield,Carlos Cordero,All,57,11,71.2,92.2,93.5,0.0%,-10.1°,-,36.4,0.0%,0,0.25,.299,0.221,.273,63.6%,9.1%,27.3%,56.1%,67.9%,94.7%,44.8%,15.6%,41.0
Pepperdine,Joe Cardinale,All,253,48,79.0,93.6,99.4,12.5%,1.8°,0.3°,25.0,0.0%,0,0.19,.209,0.221,.260,56.2%,16.7%,20.8%,45.1%,64.5%,91.3%,30.8%,20.2%,75.0
Mercyhurst,Michael Samarin,All,62,13,82.1,96.2,98.9,15.4%,-7.2°,5.6°,23.1,0.0%,0,0.235,.153,0.221,.180,53.8%,23.1%,23.1%,46.8%,62.1%,88.9%,33.3%,20.7%,110.0
Fresno State,Barclay Ovalle,All,136,25,80.1,93.9,97.7,8.0%,2.0°,-1.0°,4.0,0.0%,0,0.172,.202,0.22,.257,64.0%,28.0%,4.0%,38.2%,61.9%,92.3%,17.8%,17.3%,122.0
Cal State Fullerton,Damian Casas,All,69,9,82.1,103.0,104.2,22.2%,21.2°,6.1°,22.2,0.0%,0,0.176,.202,0.22,.230,44.4%,33.3%,22.2%,42.0%,62.5%,80.0%,24.3%,20.7%,88.0
Cornell,Ryan Dillon,All,161,15,75.4,96.5,97.0,20.0%,1.5°,13.1°,33.3,0.0%,0,0.171,.103,0.22,.175,53.3%,20.0%,20.0%,42.2%,53.3%,60.0%,32.6%,55.9%,65.0
Southern,Ryan Hunter,All,113,19,90.5,100.9,101.7,42.1%,3.4°,13.9°,10.5,5.3%,1,0.214,.203,0.22,.252,63.2%,21.1%,10.5%,46.0%,70.4%,81.6%,23.7%,30.8%,86.0
Rhode Island,Paul Calandrelli,All,182,32,85.0,95.2,100.2,15.6%,6.5°,7.2°,25.0,3.1%,1,0.209,.244,0.22,.291,53.1%,25.0%,18.8%,41.8%,60.2%,90.0%,26.3%,17.1%,78.0
UNC Asheville,Zeb Swangim,All,246,38,82.1,94.2,100.7,13.2%,6.1°,-1.6°,26.3,0.0%,0,0.211,.186,0.22,.196,52.6%,21.1%,18.4%,47.2%,57.8%,83.8%,35.6%,26.7%,47.0
Marist,Scott Esposito,All,57,14,79.9,94.7,94.8,0.0%,-5.0°,-,21.4,0.0%,0,0.176,.179,0.22,.220,71.4%,7.1%,21.4%,49.1%,66.7%,90.0%,29.6%,14.3%,129.0
Saint Joseph's,Jack Saker,All,262,30,78.0,98.8,100.2,23.3%,7.4°,13.1°,26.7,0.0%,0,0.167,.172,0.22,.265,50.0%,23.3%,23.3%,44.3%,57.5%,75.4%,35.3%,37.9%,69.0
Grand Canyon,Marcus Galvan,All,258,39,85.6,97.5,100.2,23.1%,4.9°,4.1°,30.8,0.0%,0,0.17,.231,0.219,.288,48.7%,17.9%,30.8%,38.8%,60.8%,86.3%,19.6%,27.0%,98.0
Texas,Presley Courville,All,81,12,79.1,101.1,102.2,33.3%,-14.4°,12.9°,33.3,0.0%,0,0.2,.209,0.219,.251,66.7%,0.0%,33.3%,48.1%,53.7%,81.8%,42.5%,33.3%,28.0
Florida A&M,Colton Ryals,All,44,9,84.5,98.7,99.9,33.3%,10.0°,17.9°,11.1,0.0%,0,0.182,.229,0.219,.299,55.6%,33.3%,11.1%,40.9%,43.5%,100.0%,38.1%,5.6%,30.0
Ohio State,Jacob Parr,All,133,21,80.9,98.3,99.3,19.0%,12.8°,6.2°,38.1,0.0%,0,0.182,.220,0.219,.254,42.9%,23.8%,28.6%,52.6%,64.8%,77.1%,44.3%,34.3%,28.0
UT Arlington,Cayden Burch,All,48,7,82.8,86.9,88.3,14.3%,-15.8°,-5.2°,14.3,0.0%,0,0.182,.218,0.219,.256,71.4%,14.3%,14.3%,47.9%,66.7%,92.9%,33.3%,26.1%,84.0
McNeese,Seth Fontenot,All,110,15,85.6,99.5,103.4,33.3%,14.0°,17.3°,33.3,0.0%,0,0.182,.231,0.219,.288,46.7%,13.3%,33.3%,45.5%,63.0%,86.2%,32.8%,26.0%,69.0
Villanova,Aidan Barry,All,158,31,83.2,99.2,99.8,32.3%,6.7°,4.6°,25.8,6.5%,2,0.175,.228,0.218,.280,45.2%,25.8%,22.6%,43.0%,61.7%,88.0%,23.4%,25.0%,74.0
Morehead State,Jaden Hart,All,66,10,87.7,101.8,102.0,30.0%,11.7°,7.1°,20.0,0.0%,0,0.176,.189,0.218,.188,50.0%,30.0%,20.0%,42.4%,57.1%,65.0%,25.8%,35.7%,88.0
Western Illinois,Krayton Morse,All,339,74,79.3,93.5,97.2,4.1%,16.7°,5.3°,35.1,0.0%,0,0.193,.231,0.218,.256,36.5%,32.4%,27.0%,46.9%,68.4%,90.6%,28.8%,13.2%,114.0
Sam Houston State,Addison Smith,All,93,15,88.5,98.3,107.3,40.0%,17.8°,5.8°,26.7,0.0%,0,0.208,.202,0.217,.232,40.0%,20.0%,20.0%,50.5%,73.2%,70.0%,32.7%,38.3%,80.0
Alabama State,Aden Malpass,All,204,22,77.5,93.3,94.6,0.0%,0.9°,-,22.7,0.0%,0,0.125,.167,0.217,.250,54.5%,18.2%,22.7%,35.8%,53.4%,80.9%,22.4%,34.2%,71.0
Florida,Kolt Myers,All,320,44,86.1,102.5,103.2,27.3%,5.5°,9.0°,31.8,0.0%,0,0.182,.179,0.217,.218,56.8%,15.9%,22.7%,45.0%,62.8%,79.1%,30.3%,29.2%,53.0
Saint Peter's,Luke Schwartz,All,169,24,84.0,96.6,97.4,12.5%,8.5°,26.0°,20.8,0.0%,0,0.167,.149,0.217,.208,58.3%,25.0%,12.5%,46.2%,71.8%,76.8%,24.2%,30.8%,89.0
Mississippi Valley,Ty Burns,All,88,7,87.4,95.8,99.6,14.3%,28.5°,13.0°,28.6,0.0%,0,0.125,.116,0.217,.224,28.6%,57.1%,14.3%,29.5%,42.9%,73.3%,20.8%,46.2%,117.0
Incarnate Word,Ryder Hernandez,All,74,13,83.4,96.1,98.2,15.4%,10.5°,23.9°,53.8,0.0%,0,0.188,.247,0.216,.313,46.2%,30.8%,23.1%,51.4%,75.0%,75.0%,33.3%,34.2%,67.0
Virginia,Thomas O'Connell,All,162,34,86.0,100.7,101.7,23.5%,7.4°,7.9°,29.4,0.0%,0,0.19,.214,0.216,.261,50.0%,20.6%,20.6%,44.4%,58.8%,85.1%,30.5%,20.8%,64.0
William & Mary,Justin Summers,All,166,24,82.1,100.7,105.4,25.0%,7.8°,5.2°,41.7,0.0%,0,0.171,.255,0.216,.318,50.0%,29.2%,16.7%,48.2%,77.5%,67.3%,26.3%,40.0%,97.0
South Alabama,Nathan Wood,All,180,33,85.8,97.9,100.9,24.2%,13.1°,3.7°,12.1,0.0%,0,0.171,.166,0.216,.210,54.5%,27.3%,9.1%,42.2%,63.4%,90.4%,24.5%,18.4%,113.0
Towson,Coy Allman,All,174,22,86.9,97.3,99.2,36.4%,23.6°,17.8°,36.4,0.0%,0,0.125,.193,0.216,.317,22.7%,40.9%,18.2%,37.9%,64.8%,84.8%,19.4%,24.2%,122.0
Incarnate Word,Enrico Carrion,All,122,18,76.9,95.9,96.8,11.1%,2.2°,22.9°,27.8,0.0%,0,0.154,.165,0.216,.232,50.0%,27.8%,16.7%,45.1%,63.0%,85.3%,30.9%,30.9%,96.0
McNeese,Larry Edwards,All,177,23,83.0,97.0,102.6,26.1%,0.4°,12.5°,34.8,0.0%,0,0.121,.252,0.216,.326,56.5%,4.3%,30.4%,35.0%,58.6%,75.6%,19.6%,35.5%,135.0
Iona,Chavis Conceicao,All,54,9,84.1,95.4,97.3,11.1%,11.5°,33.2°,33.3,0.0%,0,0.231,.264,0.216,.292,44.4%,22.2%,33.3%,46.3%,51.6%,75.0%,39.1%,32.0%,65.0
Oral Roberts,Nathan Nichols,All,116,20,87.7,100.2,101.3,25.0%,10.2°,13.7°,50.0,5.0%,1,0.13,.264,0.215,.380,50.0%,25.0%,25.0%,44.0%,70.2%,78.8%,26.1%,29.4%,121.0
St. John's,Sean Britt,All,238,27,81.0,94.3,97.0,11.1%,4.8°,8.4°,25.9,0.0%,0,0.122,.189,0.215,.268,55.6%,18.5%,22.2%,44.5%,69.0%,85.5%,26.8%,22.6%,82.0
Harvard,Cullen Stone,All,112,22,82.5,101.3,103.7,18.2%,1.6°,19.3°,27.3,4.5%,1,0.179,.207,0.215,.259,54.5%,13.6%,22.7%,42.0%,67.3%,88.6%,20.0%,21.3%,108.0
UCLA,Jarrod Hocking,All,149,24,84.9,98.2,107.8,20.8%,18.8°,7.5°,20.8,4.2%,1,0.171,.199,0.215,.253,41.7%,37.5%,16.7%,43.0%,67.1%,92.2%,17.8%,18.8%,100.0
Holy Cross,Colin Brown,All,263,43,83.0,98.2,100.3,23.3%,3.6°,9.3°,25.6,0.0%,0,0.189,.251,0.215,.298,58.1%,23.3%,16.3%,30.8%,52.3%,94.6%,16.0%,9.9%,122.0
UNLV,Nicky Garritano,All,62,12,78.3,95.4,96.6,16.7%,12.9°,15.7°,33.3,0.0%,0,0.133,.220,0.214,.261,41.7%,16.7%,33.3%,41.9%,66.7%,77.3%,13.8%,26.9%,42.0
Portland,Dakota Chun,All,263,40,83.8,101.4,102.6,25.0%,4.9°,8.4°,32.5,2.5%,1,0.161,.218,0.214,.282,47.5%,20.0%,27.5%,42.6%,61.8%,72.1%,28.8%,34.8%,105.0
Le Moyne,Nick Kriegelstein,All,77,11,88.8,97.1,97.8,45.5%,9.7°,15.0°,54.5,0.0%,0,0.167,.240,0.214,.298,36.4%,27.3%,36.4%,48.1%,69.4%,72.0%,29.3%,37.8%,77.0
Presbyterian,Andrew Albertus,All,200,39,74.5,87.3,88.8,2.6%,-18.7°,-47.7°,12.8,0.0%,0,0.176,.183,0.214,.260,82.1%,2.6%,10.3%,49.0%,70.4%,95.7%,28.4%,16.3%,98.0
Fordham,Matthew Dieguez,All,338,61,83.7,98.8,103.2,16.4%,4.1°,7.7°,21.3,0.0%,0,0.175,.181,0.214,.231,54.1%,23.0%,14.8%,40.8%,58.4%,87.8%,26.1%,25.4%,71.0
Radford,Zach Zelazny,All,49,10,83.7,91.7,96.7,20.0%,15.4°,16.6°,20.0,0.0%,0,0.2,.189,0.214,.204,40.0%,20.0%,20.0%,71.4%,90.0%,59.3%,42.1%,42.9%,99.0
British Columbia,Braeden Scott,All,92,14,90.4,92.5,93.2,14.3%,0.9°,-6.8°,21.4,0.0%,0,0.222,.218,0.214,.247,64.3%,7.1%,21.4%,41.3%,65.9%,82.8%,18.8%,21.1%,133.0
UTSA,Mason Jacob,All,79,13,78.2,97.1,99.1,15.4%,5.6°,28.4°,23.1,0.0%,0,0.211,.144,0.214,.193,46.2%,30.8%,23.1%,50.6%,68.3%,75.0%,31.6%,27.5%,109.0
Emory & Henry,Drew Park,All,107,20,74.5,92.0,100.4,5.0%,15.1°,5.7°,25.0,0.0%,0,0.16,.194,0.214,.257,45.0%,35.0%,10.0%,42.1%,70.5%,87.1%,22.2%,28.9%,100.0
Delaware State,Santino Harwood,All,89,17,77.7,91.3,92.7,0.0%,-1.2°,-,23.5,0.0%,0,0.182,.247,0.213,.268,58.8%,23.5%,17.6%,48.3%,68.9%,77.4%,27.3%,23.3%,111.0
Hawaii,Noah Rodriguez,All,130,25,79.2,94.7,98.5,4.0%,-1.4°,6.1°,32.0,0.0%,0,0.133,.278,0.213,.327,60.0%,20.0%,20.0%,43.8%,60.5%,89.1%,20.4%,12.3%,137.0
Florida International,Hector Candelas,All,339,49,84.0,101.3,104.0,28.6%,10.6°,15.2°,30.6,8.2%,4,0.164,.226,0.213,.309,46.9%,30.6%,18.4%,47.5%,73.1%,84.7%,30.7%,21.1%,84.0
Xavier,Mitchell Morton,All,84,11,81.9,102.1,102.3,27.3%,4.3°,11.1°,18.2,0.0%,0,0.182,.132,0.213,.184,45.5%,36.4%,18.2%,39.3%,51.2%,68.2%,26.8%,39.4%,7.0
Nicholls,Karson Irvin,All,189,19,88.7,99.8,99.9,31.6%,13.1°,20.8°,31.6,0.0%,0,0.163,.142,0.213,.224,31.6%,36.8%,26.3%,42.9%,68.1%,66.1%,19.4%,40.7%,95.0
Boston College,Esteban Garcia,All,176,36,83.0,99.9,101.1,22.2%,5.0°,12.3°,30.6,2.8%,1,0.175,.247,0.212,.317,55.6%,16.7%,25.0%,45.5%,71.8%,93.4%,20.9%,16.2%,108.0
High Point,Marcus Martin,All,60,10,86.8,96.5,100.6,40.0%,39.1°,25.1°,20.0,0.0%,0,0.188,.120,0.212,.154,20.0%,60.0%,10.0%,50.0%,80.0%,83.3%,20.0%,30.0%,117.0
Wright State,Cameron Gilkerson,All,300,33,86.8,108.8,110.4,36.4%,1.8°,11.8°,27.3,6.1%,2,0.164,.183,0.212,.229,54.5%,18.2%,21.2%,46.0%,69.5%,69.4%,25.2%,39.9%,87.0
Gardner-Webb,Zack Thompson,All,161,29,90.4,101.9,103.3,41.4%,23.2°,13.0°,51.7,3.4%,1,0.186,.278,0.212,.332,24.1%,20.7%,37.9%,56.5%,78.9%,83.3%,36.5%,30.8%,67.0
Lander,Cooper Backman,All,155,27,80.2,94.2,97.9,3.7%,7.3°,1.9°,33.3,0.0%,0,0.167,.181,0.212,.231,51.9%,29.6%,18.5%,45.8%,60.3%,86.8%,35.9%,23.9%,24.0
North Georgia,Jake Streeter,All,117,23,85.2,101.5,104.1,34.8%,9.3°,25.6°,21.7,4.3%,1,0.143,.210,0.212,.272,52.2%,26.1%,17.4%,55.6%,77.4%,82.9%,37.5%,24.6%,91.0
San Jose State,Alan Ramirez,All,128,24,82.9,102.0,103.7,25.0%,6.6°,9.5°,25.0,0.0%,0,0.182,.224,0.211,.246,50.0%,29.2%,20.8%,49.2%,66.1%,87.2%,34.8%,28.6%,66.0
Air Force,Cam Anstey,All,27,5,86.4,102.9,103.5,40.0%,-11.8°,21.3°,0.0,0.0%,0,0.143,.210,0.211,.305,80.0%,20.0%,0.0%,55.6%,85.7%,91.7%,23.1%,20.0%,97.0
Maine,Jack Quigley,All,68,5,85.6,98.9,99.1,40.0%,10.9°,39.1°,40.0,0.0%,0,0.071,.133,0.211,.274,20.0%,60.0%,20.0%,36.8%,58.6%,76.5%,20.5%,32.0%,98.0
Cedarville,Jackson Leaman,All,37,5,68.3,86.1,91.5,0.0%,10.3°,-,20.0,0.0%,0,0.143,.204,0.211,.272,60.0%,0.0%,20.0%,45.9%,60.0%,83.3%,29.4%,23.5%,142.0
Georgia Gwinnett,Wilbert Espinal,All,32,6,87.5,95.7,97.4,33.3%,28.9°,-4.0°,16.7,0.0%,0,0.143,.176,0.211,.272,33.3%,50.0%,16.7%,43.8%,85.7%,75.0%,11.1%,21.4%,224.0
UC Riverside,Miles Scott,All,185,28,80.5,98.2,100.5,28.6%,10.4°,2.4°,25.0,0.0%,0,0.2,.179,0.211,.211,53.6%,25.0%,14.3%,49.2%,69.0%,83.3%,31.6%,28.6%,105.0
Tampa,Jhoander Irigoyen,All,35,7,85.6,96.6,99.7,28.6%,-9.7°,0.9°,14.3,0.0%,0,0.143,.298,0.211,.347,85.7%,14.3%,0.0%,40.0%,63.6%,71.4%,29.2%,14.3%,111.0
Seattle,Hayden Carlson,All,310,35,83.2,99.4,103.2,22.9%,8.3°,9.4°,22.9,0.0%,0,0.159,.168,0.211,.227,51.4%,11.4%,25.7%,45.2%,66.4%,71.8%,30.2%,47.1%,61.0
Belmont,Nicholas Stinson,All,214,43,85.0,98.5,105.4,23.3%,5.6°,0.0°,20.9,0.0%,0,0.185,.233,0.21,.268,55.8%,16.3%,23.3%,49.1%,73.8%,77.2%,24.3%,31.4%,142.0
Princeton,Joe Montembeau,All,417,60,81.0,95.0,99.8,8.3%,14.8°,8.9°,30.0,0.0%,0,0.165,.199,0.21,.263,41.7%,31.7%,23.3%,38.4%,59.1%,84.6%,23.2%,24.4%,94.0
Northern Kentucky,Hunter Friedberg,All,176,21,80.6,96.1,98.5,14.3%,12.9°,3.3°,23.8,0.0%,0,0.097,.140,0.21,.237,52.4%,14.3%,23.8%,31.8%,50.0%,82.9%,16.0%,19.6%,90.0
SIUE,Jose Fichera,All,139,19,83.0,99.2,103.1,15.8%,10.7°,-8.0°,15.8,0.0%,0,0.043,.151,0.21,.296,36.8%,21.1%,26.3%,30.2%,40.0%,88.5%,21.6%,14.3%,81.0
Coppin State,Terrell Milliner,All,73,9,91.1,101.5,103.1,55.6%,8.4°,9.6°,33.3,0.0%,0,0.188,.268,0.209,.337,33.3%,33.3%,33.3%,49.3%,60.0%,90.5%,39.5%,22.2%,24.0
Bucknell,Luke Nascimento,All,109,17,86.4,97.1,101.0,17.6%,10.4°,8.8°,29.4,0.0%,0,0.208,.208,0.209,.232,47.1%,23.5%,23.5%,44.0%,58.8%,73.3%,31.0%,31.2%,82.0
UT Arlington,Zachary Evans,All,60,10,79.4,97.5,102.3,20.0%,12.2°,12.6°,20.0,10.0%,1,0.188,.147,0.209,.340,60.0%,30.0%,0.0%,48.3%,67.9%,78.9%,31.2%,24.1%,111.0
Baylor,Cash McDade,All,80,10,80.2,103.6,105.5,30.0%,1.2°,2.9°,10.0,0.0%,0,0.188,.180,0.209,.213,60.0%,30.0%,10.0%,36.2%,56.8%,76.2%,18.6%,24.1%,112.0
Eastern Michigan,Ben Schechterman,All,198,30,79.2,94.4,94.9,0.0%,6.7°,-,33.3,0.0%,0,0.152,.182,0.209,.255,53.3%,20.0%,26.7%,37.9%,62.8%,83.1%,15.4%,24.0%,96.0
Rider,Matthew Leahy,All,307,60,81.2,96.6,99.8,15.0%,13.9°,11.1°,31.7,0.0%,0,0.141,.210,0.209,.282,40.0%,33.3%,21.7%,46.9%,68.3%,89.3%,32.6%,17.4%,82.0
Prairie View,Brandon Stinson,All,39,6,82.1,94.6,96.0,33.3%,-5.0°,3.1°,16.7,0.0%,0,0.111,.168,0.208,.290,66.7%,0.0%,16.7%,59.0%,76.9%,90.0%,50.0%,34.8%,95.0
Evansville,Mason McCue,All,183,18,86.6,102.9,105.9,38.9%,14.0°,19.2°,44.4,5.6%,1,0.108,.179,0.208,.301,27.8%,33.3%,38.9%,44.3%,69.0%,72.4%,23.2%,34.6%,113.0
Wofford,JT Smith,All,79,10,81.5,97.1,97.4,30.0%,24.1°,12.6°,30.0,0.0%,0,0.125,.195,0.208,.255,20.0%,50.0%,20.0%,39.2%,63.2%,66.7%,17.1%,29.0%,80.0
Southeast Missouri,Michael Rocha,All,115,18,77.5,91.1,103.7,11.1%,16.5°,-5.7°,16.7,0.0%,0,0.091,.152,0.208,.271,55.6%,22.2%,11.1%,38.3%,58.3%,85.7%,16.4%,20.5%,96.0
West Georgia,Hank Smith,All,113,15,82.8,97.1,101.3,26.7%,11.5°,24.7°,40.0,0.0%,0,0.185,.202,0.208,.244,40.0%,20.0%,33.3%,51.3%,68.5%,59.5%,35.6%,48.3%,54.0
Wofford,Zach Porter,All,85,11,84.4,97.1,100.0,18.2%,17.5°,12.5°,18.2,9.1%,1,0.111,.141,0.208,.230,36.4%,36.4%,9.1%,38.8%,61.2%,66.7%,8.3%,36.4%,130.0
La Salle,Ryan Albin,All,42,5,75.1,100.0,100.0,20.0%,-17.6°,23.2°,20.0,0.0%,0,0.125,.129,0.208,.173,80.0%,20.0%,0.0%,38.1%,50.0%,100.0%,27.3%,18.8%,47.0
Georgia State,Kinnick Pusteoska,All,78,7,91.9,97.9,100.6,42.9%,30.8°,17.3°,28.6,0.0%,0,0.067,.114,0.207,.260,28.6%,42.9%,14.3%,34.6%,59.4%,68.4%,17.4%,40.7%,152.0
Alcorn State,Adrian Vallescorbo,All,71,13,81.1,99.2,104.2,23.1%,6.9°,14.2°,30.8,7.7%,1,0.2,.217,0.207,.234,61.5%,15.4%,23.1%,45.1%,75.0%,85.7%,25.6%,31.2%,107.0
Michigan State,Jasen Oliver,All,131,24,89.3,104.3,107.2,45.8%,7.5°,14.9°,37.5,8.3%,2,0.147,.224,0.207,.312,37.5%,16.7%,33.3%,40.5%,56.7%,94.1%,26.8%,28.3%,64.0
Indiana,Aiden Stewart,All,82,7,89.4,103.7,105.1,57.1%,-7.2°,8.5°,42.9,14.3%,1,0.071,.219,0.207,.364,57.1%,14.3%,28.6%,32.9%,48.7%,73.7%,18.6%,44.4%,94.0
San Francisco,Zachary Nagy,All,151,30,76.9,92.1,95.2,3.3%,18.8°,19.1°,16.7,0.0%,0,0.189,.176,0.207,.209,46.7%,40.0%,10.0%,39.7%,56.1%,100.0%,27.1%,13.3%,54.0
New College of Florida,Fernando Espinal,All,148,31,82.9,97.9,102.1,32.3%,10.3°,9.0°,22.6,0.0%,0,0.108,.234,0.207,.304,45.2%,32.3%,12.9%,56.1%,81.0%,86.3%,37.6%,24.1%,114.0
Southern,Edward Gregory,All,101,11,75.2,86.9,88.6,9.1%,-14.5°,-6.1°,27.3,0.0%,0,0.118,.141,0.206,.228,72.7%,18.2%,9.1%,42.6%,80.5%,69.7%,16.7%,30.2%,145.0
Bradley,Jack Holubowski,All,247,32,84.6,98.5,104.5,28.1%,20.2°,15.9°,37.5,0.0%,0,0.143,.183,0.206,.238,28.1%,37.5%,28.1%,40.9%,51.8%,82.5%,32.1%,31.7%,61.0
UMBC,Sergio Droz,All,44,7,87.1,105.3,105.6,28.6%,20.0°,16.1°,57.1,0.0%,0,0.182,.221,0.206,.256,28.6%,14.3%,42.9%,45.5%,57.1%,66.7%,34.8%,50.0%,47.0
Murray State,Jake Slade,All,183,24,86.8,102.5,104.5,33.3%,7.4°,18.0°,37.5,8.3%,2,0.146,.182,0.206,.250,45.8%,16.7%,25.0%,43.2%,63.1%,79.2%,26.3%,30.4%,88.0
Sacramento State,Nikhil Beasley,All,429,47,85.3,105.8,109.8,21.3%,6.1°,7.4°,21.3,4.3%,2,0.116,.158,0.206,.246,57.4%,23.4%,17.0%,41.3%,58.7%,72.2%,28.2%,39.0%,83.0
James Madison,Jack Anderson,All,418,73,84.8,101.1,103.7,28.8%,5.5°,6.4°,21.9,0.0%,0,0.2,.241,0.206,.261,56.2%,16.4%,21.9%,53.8%,72.0%,80.6%,37.2%,26.2%,61.0
Villanova,Trent Toole,All,95,8,84.8,94.3,97.1,12.5%,-12.0°,2.4°,0.0,0.0%,0,0.125,.141,0.206,.222,100.0%,0.0%,0.0%,35.8%,59.5%,84.0%,17.0%,20.6%,114.0
Akron,Mitchel Szymczak,All,219,34,85.0,95.8,97.1,11.8%,13.8°,7.4°,29.4,0.0%,0,0.184,.192,0.206,.230,41.2%,38.2%,20.6%,42.9%,69.9%,84.7%,19.0%,25.5%,114.0
Santa Clara,Camden Sos,All,369,52,86.2,102.3,106.4,36.5%,15.0°,15.7°,36.5,5.8%,3,0.141,.183,0.205,.252,36.5%,30.8%,28.8%,44.7%,65.1%,77.9%,31.4%,38.8%,50.0
Southern,Kenyon Hughes,All,72,14,82.2,90.0,90.0,14.3%,-14.1°,-50.5°,21.4,0.0%,0,0.158,.228,0.205,.273,64.3%,14.3%,21.4%,37.5%,65.6%,81.0%,15.0%,25.9%,114.0
William & Mary,Corey Adams,All,88,14,84.4,100.4,102.3,28.6%,6.1°,16.6°,28.6,0.0%,0,0.158,.200,0.205,.271,57.1%,21.4%,14.3%,42.0%,64.6%,74.2%,15.0%,24.3%,125.0
Winthrop,Gage Handzel,All,79,12,80.1,93.4,95.7,8.3%,-0.6°,7.2°,33.3,0.0%,0,0.158,.227,0.205,.274,50.0%,16.7%,33.3%,45.6%,65.8%,80.0%,26.8%,27.8%,144.0
Oral Roberts,Austin Nicholson,All,90,11,77.2,102.5,106.6,18.2%,-15.3°,-0.2°,9.1,0.0%,0,0.158,.170,0.205,.223,63.6%,18.2%,9.1%,37.8%,60.0%,79.2%,20.0%,26.5%,95.0
Stephen F. Austin,Ethan Adkisson,All,167,48,81.2,94.3,97.0,6.2%,14.5°,6.5°,37.5,0.0%,0,0.189,.298,0.205,.326,37.5%,10.4%,37.5%,58.1%,82.1%,90.6%,37.1%,12.4%,103.0
UC Irvine,Dylan Hillman,All,147,17,77.7,97.3,99.9,23.5%,3.8°,16.7°,23.5,0.0%,0,0.107,.136,0.205,.247,47.1%,41.2%,11.8%,37.4%,56.1%,73.0%,22.2%,41.8%,97.0
Dayton,Tommy Ahlers,All,208,39,81.8,94.8,98.8,20.5%,19.9°,-1.6°,17.9,0.0%,0,0.163,.172,0.205,.205,38.5%,43.6%,12.8%,40.9%,57.0%,93.9%,29.5%,14.1%,77.0
Bowling Green,Lance Vickers,All,153,26,83.7,96.6,98.0,15.4%,24.3°,12.3°,42.3,0.0%,0,0.189,.243,0.205,.279,23.1%,30.8%,34.6%,45.8%,63.7%,68.6%,26.0%,40.0%,85.0
Youngstown State,Kendal Spencer,All,253,45,85.9,97.8,104.6,24.4%,10.1°,7.3°,26.7,2.2%,1,0.141,.210,0.204,.269,44.4%,28.9%,22.2%,43.1%,64.9%,85.1%,25.2%,22.9%,87.0
Louisville,Zach Davis,All,270,41,79.6,92.4,96.3,7.3%,0.6°,-19.7°,29.3,0.0%,0,0.179,.217,0.204,.248,58.5%,14.6%,24.4%,39.3%,57.9%,84.9%,22.9%,27.4%,83.0
VMI,Easton Ogle,All,145,18,83.3,92.0,94.7,0.0%,22.1°,-,38.9,0.0%,0,0.161,.150,0.204,.208,27.8%,27.8%,33.3%,43.4%,64.1%,73.2%,27.2%,38.1%,78.0
West Georgia,Jacob Bowman,All,423,53,85.3,102.3,105.3,34.0%,7.3°,9.2°,34.0,0.0%,0,0.167,.205,0.204,.264,43.4%,28.3%,24.5%,44.9%,65.6%,82.0%,28.7%,34.7%,87.0
Queens (NC),Logan Norris,All,211,35,79.2,97.0,98.7,11.4%,-0.1°,7.9°,28.6,0.0%,0,0.18,.183,0.203,.200,54.3%,25.7%,20.0%,49.8%,65.3%,78.1%,36.3%,30.5%,32.0
Missouri,Keegan Knutson,All,316,74,85.1,100.8,106.8,28.4%,8.7°,2.6°,25.7,0.0%,0,0.161,.241,0.203,.296,44.6%,31.1%,18.9%,55.1%,69.5%,88.8%,38.9%,16.7%,42.0
Dartmouth,Taer Rodriguez,All,281,53,80.6,93.7,97.8,11.3%,1.4°,-1.3°,26.4,0.0%,0,0.159,.186,0.203,.226,58.5%,20.8%,15.1%,43.8%,62.4%,88.5%,28.8%,20.3%,83.0
South Dakota State,Luke Jones,All,181,26,80.1,98.3,101.7,23.1%,6.7°,5.4°,30.8,0.0%,0,0.15,.186,0.203,.226,57.7%,15.4%,26.9%,48.6%,69.9%,78.5%,26.1%,28.4%,99.0
UC San Diego,Shane Cannon,All,155,15,76.5,100.0,101.4,26.7%,7.0°,9.1°,20.0,0.0%,0,0.129,.157,0.203,.237,60.0%,20.0%,20.0%,38.1%,58.0%,77.5%,22.1%,39.0%,110.0
Oregon State,Josh Nati,All,40,8,91.4,105.2,111.2,37.5%,37.1°,27.4°,50.0,12.5%,1,0.1,.312,0.202,.383,12.5%,37.5%,37.5%,32.5%,57.1%,75.0%,5.3%,23.1%,133.0
Prairie View,DeShon Middleton,All,63,5,78.5,81.0,82.2,0.0%,11.4°,-,40.0,0.0%,0,0.182,.072,0.202,.149,40.0%,0.0%,40.0%,47.6%,66.7%,65.0%,30.3%,46.7%,5.0
The Citadel,Aryan Patel,All,680,84,82.6,97.5,101.1,16.7%,2.8°,9.6°,27.4,0.0%,0,0.159,.184,0.202,.252,56.0%,20.2%,20.2%,35.9%,53.5%,89.3%,19.2%,17.2%,60.0
UC Davis,Everet Johnson,All,194,27,87.6,102.8,104.0,44.4%,14.2°,13.9°,40.7,14.8%,4,0.163,.256,0.202,.347,40.7%,33.3%,22.2%,54.6%,74.7%,78.5%,38.3%,37.7%,64.0
Stonehill,Armanis Romero,All,81,15,80.7,97.1,97.3,13.3%,-5.9°,14.9°,33.3,0.0%,0,0.143,.183,0.202,.218,60.0%,20.0%,20.0%,58.0%,71.8%,89.3%,45.2%,27.7%,27.0
Stonehill,Kacin Robinson,All,105,13,84.1,102.2,102.6,38.5%,16.1°,12.2°,38.5,7.7%,1,0.136,.207,0.202,.304,46.2%,30.8%,15.4%,45.7%,58.3%,76.2%,39.1%,37.5%,90.0
Florida International,Boston Doeschot,All,111,14,83.9,102.0,104.7,42.9%,8.3°,18.5°,35.7,0.0%,0,0.13,.229,0.202,.309,35.7%,35.7%,28.6%,42.3%,65.3%,68.8%,24.2%,38.3%,125.0
Canisius,Blake Herman,All,179,26,83.7,99.9,100.6,19.2%,20.8°,22.6°,26.9,3.8%,1,0.154,.156,0.202,.237,26.9%,42.3%,15.4%,48.0%,70.4%,70.2%,29.6%,31.4%,86.0
Western Illinois,Tyler Large,All,108,14,78.2,99.6,102.2,14.3%,3.7°,5.5°,21.4,0.0%,0,0.174,.174,0.202,.212,57.1%,21.4%,21.4%,44.4%,64.7%,81.8%,26.3%,27.1%,73.0
New Orleans,Collin Husser,All,110,10,86.2,98.8,102.2,30.0%,16.5°,15.2°,30.0,10.0%,1,0.091,.100,0.202,.196,40.0%,50.0%,10.0%,40.0%,57.4%,77.4%,23.2%,31.8%,102.0
Georgia State,Austin Sellers,All,402,64,83.2,97.7,102.3,15.6%,12.0°,2.3°,26.6,0.0%,0,0.167,.202,0.201,.236,46.9%,23.4%,25.0%,43.5%,62.6%,79.8%,26.4%,27.4%,73.0
West Georgia,Brady McDevitt,All,160,21,80.2,96.9,99.3,14.3%,15.1°,18.3°,14.3,0.0%,0,0.135,.139,0.201,.241,42.9%,38.1%,14.3%,51.9%,80.0%,77.5%,39.1%,38.6%,88.0
Michigan,Joe Longo,All,67,9,76.8,92.8,96.7,11.1%,11.5°,30.5°,44.4,0.0%,0,0.143,.146,0.201,.208,33.3%,44.4%,22.2%,53.7%,81.5%,68.2%,35.0%,38.9%,62.0
Bowling Green,TJ Takats,All,298,52,84.0,102.1,108.0,28.8%,16.7°,15.6°,25.0,1.9%,1,0.169,.214,0.201,.266,34.6%,40.4%,21.2%,47.7%,66.9%,77.1%,26.2%,28.9%,87.0
Texas A&M-Corpus Christi,Austin Russell,All,134,18,81.2,92.6,98.7,11.1%,16.2°,3.7°,22.2,0.0%,0,0.143,.119,0.2,.184,44.4%,27.8%,16.7%,44.0%,75.0%,83.3%,21.8%,20.3%,101.0
Towson,Colin Cusick,All,70,9,75.7,85.2,86.5,0.0%,2.7°,-,22.2,0.0%,0,0.0,.203,0.2,.346,66.7%,33.3%,0.0%,44.3%,75.8%,76.0%,16.2%,29.0%,129.0
Georgia Southern,Sammy Leis,All,104,10,92.0,104.5,105.2,70.0%,-2.9°,12.4°,50.0,10.0%,1,0.087,.207,0.2,.319,50.0%,20.0%,30.0%,42.3%,59.1%,57.7%,30.0%,52.3%,100.0
New Orleans,Collin Loupe,All,119,18,73.8,88.8,93.8,0.0%,7.2°,-,33.3,0.0%,0,0.172,.172,0.2,.207,55.6%,11.1%,27.8%,40.3%,58.5%,77.4%,25.8%,25.0%,113.0
Lipscomb,Eric Harper,All,80,11,90.7,102.1,102.2,18.2%,15.9°,13.2°,27.3,0.0%,0,0.167,.176,0.2,.202,27.3%,18.2%,27.3%,55.0%,74.2%,47.8%,42.9%,52.3%,71.0
High Point,Wyatt Ewanowski,All,70,8,87.4,93.2,93.6,12.5%,-4.8°,-7.7°,37.5,0.0%,0,0.077,.245,0.199,.344,50.0%,0.0%,37.5%,35.7%,56.7%,76.5%,20.0%,32.0%,77.0
Evansville,Aaron Nehls,All,371,73,80.5,99.2,102.5,20.5%,8.7°,4.3°,21.9,0.0%,0,0.165,.211,0.199,.256,50.7%,23.3%,17.8%,49.1%,69.8%,85.8%,31.2%,23.6%,85.0
Fairfield,Zach Stephenson,All,151,26,79.4,96.0,103.5,19.2%,11.8°,-0.3°,34.6,3.8%,1,0.139,.174,0.198,.234,42.3%,15.4%,23.1%,45.0%,68.5%,90.0%,23.1%,20.6%,84.0
San Diego State,Nate Lopez,All,118,22,83.1,94.7,97.9,13.6%,15.5°,-11.1°,40.9,0.0%,0,0.143,.187,0.198,.230,31.8%,36.4%,27.3%,42.4%,64.7%,81.8%,25.4%,28.0%,95.0
George Washington,Brian Archer,All,84,9,82.1,92.0,102.3,11.1%,9.8°,6.6°,22.2,0.0%,0,0.143,.237,0.198,.291,66.7%,22.2%,11.1%,41.7%,66.7%,83.3%,12.8%,17.1%,104.0
Merrimack,Jack Depalma,All,59,9,86.8,96.1,98.4,33.3%,13.3°,6.2°,22.2,0.0%,0,0.188,.143,0.198,.201,44.4%,33.3%,11.1%,44.1%,59.3%,100.0%,31.2%,26.9%,50.0
Michigan,Jonathan Kim,All,79,13,85.5,98.5,99.5,30.8%,-0.5°,-3.6°,23.1,0.0%,0,0.176,.231,0.198,.261,69.2%,15.4%,15.4%,45.6%,70.3%,84.6%,23.8%,27.8%,124.0
Albany,Zach Mravlja,All,60,12,83.2,95.2,98.3,16.7%,-6.0°,-3.4°,25.0,0.0%,0,0.176,.173,0.198,.209,75.0%,8.3%,16.7%,50.0%,81.5%,59.1%,24.2%,43.3%,109.0
Westmont,Colin Callahan,All,63,16,79.1,92.1,93.7,12.5%,-2.9°,-40.0°,31.2,0.0%,0,0.176,.209,0.198,.240,68.8%,25.0%,6.2%,49.2%,68.0%,88.2%,36.8%,16.1%,128.0
Lafayette,Vince Libretto,All,76,6,84.1,99.4,103.1,33.3%,28.3°,19.6°,66.7,0.0%,0,0.133,.198,0.198,.271,16.7%,0.0%,66.7%,36.8%,57.9%,36.4%,15.8%,67.9%,75.0
Stetson,Salvador Alvarez,All,78,13,88.6,94.7,100.3,15.4%,12.4°,-1.9°,7.7,0.0%,0,0.176,.173,0.198,.210,53.8%,23.1%,7.7%,38.5%,61.0%,100.0%,13.5%,10.0%,96.0
Western Kentucky,Logan Luckett,All,79,14,95.3,104.8,104.9,57.1%,14.2°,4.0°,14.3,7.1%,1,0.167,.262,0.198,.332,57.1%,28.6%,7.1%,43.0%,61.4%,92.6%,20.0%,17.6%,104.0
Long Beach State,Damon Valdez,All,319,69,76.2,93.9,98.2,7.2%,-0.7°,-0.5°,30.4,0.0%,0,0.174,.239,0.198,.265,50.7%,13.0%,27.5%,50.8%,68.8%,88.0%,33.3%,22.2%,43.0
Bryant,Brandyn Durand,All,291,32,83.5,102.7,109.2,34.4%,27.9°,25.3°,21.9,3.1%,1,0.132,.104,0.197,.169,25.0%,46.9%,18.8%,56.0%,75.8%,68.1%,41.3%,43.6%,62.0
Ball State,Tommy Landsnes,All,59,16,79.1,100.5,101.3,25.0%,-8.7°,2.7°,25.0,0.0%,0,0.19,.220,0.197,.224,75.0%,0.0%,18.8%,57.6%,77.1%,77.8%,29.2%,29.4%,42.0
Saint Peter's,Maxwell Doninger,All,64,13,79.0,93.6,94.5,0.0%,-3.8°,-,7.7,0.0%,0,0.222,.187,0.197,.175,69.2%,7.7%,7.7%,64.1%,92.6%,88.0%,43.2%,17.1%,54.0
Queens (NC),Gage Doss,All,67,6,87.4,102.1,102.6,33.3%,20.9°,14.2°,33.3,0.0%,0,0.118,.095,0.197,.120,33.3%,33.3%,16.7%,47.8%,50.0%,64.3%,46.2%,62.5%,27.0
Quinnipiac,Matt Park,All,199,34,80.1,97.4,102.4,23.5%,8.0°,5.3°,11.8,0.0%,0,0.14,.152,0.197,.210,50.0%,20.6%,11.8%,46.7%,73.3%,73.0%,26.5%,37.6%,101.0
North Dakota State,Cal Jones,All,267,34,82.6,98.6,102.0,17.6%,-4.6°,10.8°,29.4,2.9%,1,0.146,.203,0.197,.273,58.8%,11.8%,23.5%,39.0%,56.7%,84.7%,22.9%,26.0%,85.0
Kansas State,Robby Bolin,All,198,27,89.1,101.5,102.8,44.4%,10.8°,12.6°,33.3,0.0%,0,0.171,.220,0.196,.268,51.9%,22.2%,22.2%,43.9%,64.2%,83.6%,25.2%,26.4%,85.0
Houston,Peyton Dickens,All,93,11,78.5,95.9,100.5,9.1%,-0.1°,12.9°,9.1,0.0%,0,0.118,.120,0.196,.212,54.5%,18.2%,9.1%,34.4%,45.7%,66.7%,23.4%,40.6%,60.0
Central Michigan,Cayden Smith,All,90,11,81.2,106.0,109.9,27.3%,-0.2°,9.4°,27.3,0.0%,0,0.111,.150,0.196,.286,54.5%,0.0%,27.3%,35.6%,59.5%,81.8%,18.9%,25.0%,97.0
Southern Miss,Lawson Odom,All,224,46,86.6,99.8,105.2,26.1%,10.4°,10.6°,32.6,2.2%,1,0.14,.254,0.196,.320,43.5%,34.8%,21.7%,46.0%,72.6%,92.2%,22.0%,14.6%,109.0
Western Carolina,Elijah Smith,All,89,13,86.8,103.7,105.4,38.5%,20.8°,5.5°,30.8,0.0%,0,0.174,.204,0.196,.235,23.1%,38.5%,38.5%,47.2%,70.0%,81.0%,35.6%,38.1%,125.0
Wake Forest,Jordan Serrano,All,91,9,94.2,108.4,110.8,55.6%,6.0°,3.6°,44.4,0.0%,0,0.111,.186,0.196,.273,44.4%,0.0%,33.3%,36.3%,52.4%,68.2%,22.4%,36.4%,72.0
Sacred Heart,Jacob Schmutz,All,72,20,80.7,96.7,99.6,10.0%,5.2°,18.0°,40.0,0.0%,0,0.182,.290,0.196,.329,45.0%,20.0%,35.0%,51.4%,70.5%,93.5%,21.4%,10.8%,106.0
North Alabama,Tait Nunnally,All,143,17,90.7,98.3,99.6,29.4%,30.4°,11.4°,35.3,0.0%,0,0.13,.179,0.195,.264,11.8%,58.8%,23.5%,42.7%,71.9%,87.8%,23.3%,19.7%,119.0
Longwood,Carson McCoy,All,107,14,74.0,90.7,91.4,0.0%,17.7°,-,28.6,0.0%,0,0.056,.165,0.195,.287,35.7%,50.0%,7.1%,29.9%,56.2%,85.2%,8.5%,18.8%,104.0
William Carey,Cam Senior,All,120,17,86.2,98.3,101.2,23.5%,4.9°,4.3°,35.3,0.0%,0,0.125,.213,0.195,.277,52.9%,23.5%,23.5%,37.5%,63.6%,77.1%,15.4%,31.1%,125.0
Radford,Carrington Aaron,All,246,39,82.5,95.6,97.1,12.8%,10.5°,7.4°,33.3,0.0%,0,0.12,.219,0.194,.291,51.3%,23.1%,25.6%,41.9%,61.2%,93.7%,28.0%,20.4%,101.0
Sam Houston State,Jace Martinez,All,399,47,87.4,100.3,103.6,44.7%,0.2°,11.0°,29.8,2.1%,1,0.143,.190,0.194,.268,55.3%,23.4%,19.1%,35.8%,56.2%,78.1%,14.8%,29.4%,85.0
Youngstown State,Nic Goodwin,All,264,41,88.9,102.5,105.5,39.0%,-9.5°,-0.4°,19.5,2.4%,1,0.164,.214,0.194,.247,65.9%,9.8%,22.0%,54.5%,69.7%,77.6%,41.5%,34.0%,27.0
Southern Miss,William Tonsmeire Jr.,All,124,17,79.7,104.8,105.1,29.4%,-8.2°,9.4°,23.5,0.0%,0,0.083,.241,0.194,.339,64.7%,17.6%,17.6%,41.1%,66.7%,91.2%,23.3%,27.5%,110.0
Texas Tech,Coleman Ryan,All,278,52,82.4,94.0,96.1,7.7%,4.5°,3.6°,28.8,0.0%,0,0.178,.198,0.193,.213,46.2%,26.9%,25.0%,48.9%,67.7%,89.9%,23.1%,14.7%,69.0
Lander,Caden Crews,All,120,24,79.7,92.3,94.2,8.3%,11.2°,-30.6°,25.0,0.0%,0,0.148,.233,0.193,.280,54.2%,25.0%,16.7%,30.0%,52.2%,100.0%,16.2%,13.9%,113.0
Nicholls,Clayton Pourciau,All,158,35,84.6,98.9,99.5,17.1%,21.7°,12.5°,8.6,0.0%,0,0.171,.161,0.192,.216,40.0%,37.1%,5.7%,48.1%,74.3%,85.5%,25.0%,21.1%,85.0
Sacramento State,Jacob Cortez,All,294,54,82.0,98.2,101.8,16.7%,18.7°,14.5°,33.3,0.0%,0,0.162,.185,0.192,.252,27.8%,29.6%,29.6%,49.0%,69.4%,88.4%,34.1%,25.7%,65.0
UC San Diego,Drake Bicknell,All,212,32,81.8,98.2,99.8,18.8%,12.1°,17.3°,34.4,0.0%,0,0.133,.191,0.192,.260,37.5%,34.4%,21.9%,38.2%,58.2%,89.5%,21.1%,24.7%,100.0
UNC Wilmington,Josh Martinez,All,131,22,84.2,98.0,99.5,31.8%,7.7°,14.6°,31.8,4.5%,1,0.156,.214,0.192,.269,50.0%,31.8%,18.2%,52.7%,64.6%,78.6%,40.9%,26.1%,51.0
UC Riverside,David Whittle,All,112,19,89.4,103.4,107.4,42.1%,5.8°,3.9°,10.5,0.0%,0,0.156,.202,0.192,.220,57.9%,26.3%,10.5%,55.4%,77.1%,81.1%,39.1%,37.1%,39.0
VMI,Max Perry,All,173,22,88.7,99.0,102.2,40.9%,7.5°,15.3°,50.0,4.5%,1,0.143,.230,0.192,.300,36.4%,13.6%,45.5%,35.3%,53.3%,95.0%,21.4%,24.6%,59.0
Seton Hall,Jake Lopez,All,255,35,84.1,95.2,98.4,20.0%,6.5°,8.3°,34.3,0.0%,0,0.12,.168,0.191,.263,42.9%,28.6%,22.9%,38.8%,63.6%,82.4%,20.9%,21.2%,105.0
Harvard,Aidan Colasante,All,160,16,88.8,107.1,108.3,37.5%,14.7°,23.9°,43.8,12.5%,2,0.083,.157,0.19,.260,43.8%,37.5%,12.5%,40.0%,60.0%,61.9%,24.4%,54.7%,87.0
San Francisco,Matteo Bellisimo,All,58,11,90.5,104.5,108.3,36.4%,14.5°,20.6°,36.4,0.0%,0,0.176,.262,0.189,.304,45.5%,18.2%,36.4%,60.3%,81.5%,72.7%,41.9%,37.1%,58.0
Alcorn State,Julian Jarrett,All,76,11,76.3,95.2,95.8,9.1%,-17.7°,16.1°,36.4,0.0%,0,0.111,.202,0.189,.255,54.5%,0.0%,36.4%,44.7%,70.3%,84.6%,20.5%,26.5%,95.0
Sacred Heart,Daniel Rice,All,52,8,81.6,93.3,96.6,12.5%,13.1°,8.4°,62.5,0.0%,0,0.167,.179,0.189,.186,37.5%,12.5%,37.5%,50.0%,66.7%,77.8%,32.0%,34.6%,117.0
Seton Hall,Aiden Dill,All,374,64,84.6,97.9,104.3,21.9%,16.2°,9.0°,31.2,3.1%,2,0.149,.195,0.188,.279,40.6%,32.8%,20.3%,40.9%,63.7%,84.5%,19.3%,20.9%,86.0
East Tennessee State,Matt Evans,All,160,24,83.1,92.8,99.2,4.2%,18.6°,4.8°,16.7,0.0%,0,0.121,.189,0.188,.250,41.7%,25.0%,16.7%,44.4%,65.2%,86.0%,29.8%,22.5%,95.0
College of Charleston,Will Burgess,All,163,34,78.1,97.1,102.3,14.7%,-0.7°,10.5°,23.5,0.0%,0,0.152,.192,0.188,.207,58.8%,20.6%,17.6%,50.3%,72.6%,75.5%,32.2%,34.1%,77.0
Maine,Chris Bear,All,271,41,85.2,98.0,100.2,24.4%,7.4°,1.4°,31.7,0.0%,0,0.167,.174,0.188,.242,53.7%,24.4%,14.6%,43.2%,63.4%,90.4%,24.3%,19.7%,102.0
Hawaii,Kody Watanabe,All,140,20,85.3,99.6,105.9,20.0%,0.8°,9.2°,20.0,0.0%,0,0.129,.185,0.188,.243,65.0%,15.0%,20.0%,40.7%,61.4%,91.4%,26.5%,22.8%,81.0
Central Arkansas,Kade Seldomridge,All,81,13,86.8,100.1,100.8,30.8%,13.7°,12.3°,38.5,0.0%,0,0.182,.209,0.188,.225,46.2%,15.4%,30.8%,50.6%,70.4%,78.9%,40.7%,31.7%,83.0
North Florida,Beau Rurey,All,118,14,83.2,95.2,95.2,21.4%,-8.1°,-0.4°,28.6,0.0%,0,0.13,.181,0.188,.225,57.1%,14.3%,21.4%,45.8%,65.6%,75.0%,24.6%,31.5%,61.0
University of Montevallo,Christian Kallaher,All,68,12,80.0,91.2,92.4,8.3%,-1.4°,-55.6°,25.0,0.0%,0,0.2,.190,0.187,.192,58.3%,25.0%,16.7%,54.4%,72.7%,87.5%,37.1%,24.3%,86.0
Radford,Mason Self,All,258,47,87.4,101.7,104.8,31.9%,11.6°,6.6°,25.5,8.5%,4,0.097,.183,0.187,.293,40.4%,38.3%,12.8%,44.2%,63.4%,88.2%,23.4%,21.9%,80.0
Texas State,Coy DeFury,All,72,6,92.0,92.1,95.0,50.0%,14.5°,-7.2°,16.7,0.0%,0,0.0,.137,0.187,.284,66.7%,16.7%,0.0%,37.5%,61.5%,75.0%,23.9%,40.7%,83.0
Alcorn State,Chance Jackson,All,60,6,89.6,101.1,102.3,50.0%,15.7°,8.4°,16.7,16.7%,1,0.2,.141,0.187,.192,50.0%,33.3%,0.0%,55.0%,74.2%,60.9%,34.5%,51.5%,65.0
North Carolina A&T,Kristian Amaro,All,87,10,86.7,96.0,100.8,10.0%,30.6°,16.5°,40.0,0.0%,0,0.062,.119,0.187,.248,20.0%,30.0%,30.0%,35.6%,71.0%,72.7%,16.1%,41.9%,127.0
McNeese,Kaden Schuck,All,47,5,90.4,96.4,96.6,40.0%,0.0°,9.1°,20.0,0.0%,0,0.154,.144,0.187,.257,60.0%,20.0%,20.0%,46.8%,60.9%,50.0%,33.3%,45.5%,87.0
Virginia Tech,CJ Oxendine,All,38,5,73.6,74.3,74.3,0.0%,-11.4°,-,0.0,0.0%,0,0.125,.114,0.187,.181,80.0%,20.0%,0.0%,44.7%,57.9%,90.9%,31.6%,29.4%,65.0
Portland,Brooks Avery,All,94,14,91.4,99.4,101.9,35.7%,11.5°,5.4°,28.6,0.0%,0,0.125,.191,0.187,.273,42.9%,21.4%,28.6%,41.5%,55.6%,88.0%,28.6%,23.1%,87.0
UCF,Mason Wilson,All,66,8,86.0,96.3,103.0,25.0%,9.0°,8.2°,12.5,12.5%,1,0.154,.162,0.187,.255,50.0%,25.0%,12.5%,45.5%,65.4%,70.6%,32.5%,36.7%,69.0
New Haven,Cam McGugan,All,101,18,78.5,92.7,95.9,5.6%,11.0°,13.2°,27.8,0.0%,0,0.2,.251,0.187,.249,44.4%,22.2%,27.8%,51.5%,68.9%,87.1%,37.5%,26.9%,68.0
Central Michigan,Rees Campanale,All,36,6,85.4,100.2,100.5,50.0%,-7.3°,13.3°,50.0,16.7%,1,0.125,.274,0.187,.416,50.0%,16.7%,16.7%,41.7%,57.1%,87.5%,31.8%,26.7%,106.0
Georgia College,Tanner Patterson,All,31,8,90.0,97.6,99.0,37.5%,20.0°,17.6°,50.0,12.5%,1,0.2,.443,0.187,.560,12.5%,37.5%,37.5%,58.1%,100.0%,75.0%,31.6%,27.8%,204.0
Little Rock,David Stanley,All,35,6,93.0,94.1,94.4,33.3%,-5.3°,-19.2°,33.3,0.0%,0,0.2,.281,0.187,.278,66.7%,0.0%,33.3%,51.4%,68.8%,81.8%,36.8%,33.3%,32.0
Dartmouth,Gus Begert,All,39,5,86.3,93.8,95.8,20.0%,16.8°,10.3°,40.0,0.0%,0,0.2,.261,0.187,.263,40.0%,20.0%,40.0%,43.6%,55.0%,63.6%,31.6%,52.9%,22.0
Penn State,Joey DeMucci,All,217,28,83.4,99.6,100.2,28.6%,7.5°,3.7°,21.4,7.1%,2,0.143,.149,0.187,.215,46.4%,25.0%,14.3%,49.3%,67.4%,81.7%,36.7%,31.8%,61.0
Wagner,Andrew Marquis,All,70,8,81.9,101.6,103.1,25.0%,8.8°,16.8°,37.5,0.0%,0,0.071,.149,0.187,.270,37.5%,25.0%,37.5%,41.4%,65.2%,93.3%,29.8%,31.0%,60.0
St. Bonaventure,Chris Florentino,All,53,7,79.1,97.8,100.0,14.3%,15.3°,7.4°,14.3,0.0%,0,0.154,.090,0.187,.138,28.6%,28.6%,28.6%,50.9%,68.2%,80.0%,38.7%,40.7%,-13.0
Siena,Cole Hambly,All,53,8,83.5,102.5,104.1,37.5%,-7.3°,-1.2°,12.5,0.0%,0,0.154,.253,0.187,.287,87.5%,0.0%,12.5%,45.3%,62.5%,80.0%,31.0%,25.0%,86.0
Butler,Chris Lewis,All,145,14,80.6,94.9,95.7,21.4%,17.1°,9.4°,21.4,0.0%,0,0.111,.157,0.187,.241,42.9%,50.0%,7.1%,42.1%,57.7%,73.2%,27.0%,31.1%,52.0
Louisiana,Trip Dobson III,All,85,13,85.4,105.8,108.6,38.5%,13.3°,11.4°,15.4,7.7%,1,0.111,.237,0.187,.356,38.5%,46.2%,15.4%,44.7%,68.6%,75.0%,28.0%,31.6%,49.0
Gardner-Webb,Bennett Shealor,All,73,12,80.2,95.4,98.5,16.7%,14.5°,5.3°,25.0,0.0%,0,0.125,.184,0.187,.251,41.7%,8.3%,25.0%,47.9%,65.5%,68.4%,36.4%,37.1%,55.0
Canisius,Jake Cagna,All,52,12,78.7,92.7,92.9,8.3%,19.0°,-,8.3,0.0%,0,0.2,.164,0.187,.168,58.3%,33.3%,0.0%,51.9%,63.0%,76.5%,40.0%,33.3%,37.0
UT Martin,Tommy Koch,All,97,18,75.5,87.7,104.8,5.6%,16.9°,10.2°,38.9,0.0%,0,0.167,.159,0.187,.196,27.8%,27.8%,27.8%,47.4%,64.4%,89.7%,32.7%,26.1%,59.0
Norfolk State,Emmett Jefferson,All,37,5,72.7,82.4,84.6,0.0%,21.8°,-,40.0,0.0%,0,0.143,.122,0.187,.185,20.0%,60.0%,20.0%,56.8%,77.8%,85.7%,36.8%,23.8%,95.0
San Jose State,Matteo Mendoza,All,151,24,84.5,92.7,97.7,16.7%,16.8°,-20.4°,16.7,0.0%,0,0.171,.164,0.187,.193,50.0%,29.2%,12.5%,47.7%,63.2%,86.0%,34.9%,26.4%,51.0
Alcorn State,Nico Garcia,All,63,14,79.8,92.9,97.0,7.1%,18.7°,38.4°,28.6,0.0%,0,0.2,.251,0.187,.266,28.6%,35.7%,28.6%,44.4%,61.5%,91.7%,16.7%,10.7%,93.0
California,Jackson Norum,All,55,5,89.5,97.3,99.2,20.0%,16.8°,29.2°,20.0,20.0%,1,0.091,.194,0.187,.317,40.0%,40.0%,20.0%,36.4%,52.2%,66.7%,25.0%,55.0%,19.0
USC Beaufort,Maddox Robinson,All,38,5,67.7,80.1,82.4,0.0%,22.6°,-,20.0,0.0%,0,0.143,.201,0.187,.305,60.0%,40.0%,0.0%,47.4%,50.0%,100.0%,45.8%,22.2%,145.0
Westcliff,Patrick Morgan,All,30,5,84.5,101.0,101.9,20.0%,-17.6°,1.8°,20.0,0.0%,0,0.125,.172,0.187,.238,80.0%,0.0%,20.0%,46.7%,83.3%,90.0%,22.2%,21.4%,129.0
Creighton,Brody Shinkle,All,29,6,87.2,91.5,94.4,16.7%,6.3°,-14.9°,33.3,0.0%,0,0.125,.264,0.187,.321,50.0%,16.7%,33.3%,51.7%,70.6%,75.0%,25.0%,40.0%,59.0
Fairfield,Ryan Paine,All,52,7,81.3,95.4,95.5,28.6%,16.0°,15.2°,85.7,0.0%,0,0.2,.214,0.187,.216,42.9%,14.3%,42.9%,51.9%,68.8%,63.6%,25.0%,48.1%,81.0
Northwestern,Noah Brocklebank,All,101,7,89.8,96.6,98.3,14.3%,34.6°,-,0.0,0.0%,0,0.059,.047,0.187,.186,28.6%,57.1%,0.0%,40.6%,65.3%,62.5%,17.3%,43.9%,129.0
Bethune-Cookman,Jorge Rodriguez,All,107,20,85.3,98.4,103.0,25.0%,22.2°,34.3°,30.0,10.0%,2,0.143,.200,0.186,.290,35.0%,40.0%,10.0%,54.2%,86.0%,64.9%,32.8%,41.4%,86.0
Auburn Montgomery,Kyle Hipp,All,47,12,80.5,95.0,96.6,8.3%,12.8°,23.7°,33.3,0.0%,0,0.133,.151,0.185,.189,33.3%,41.7%,16.7%,51.1%,85.0%,82.4%,25.9%,33.3%,86.0
UNC Wilmington,Casey Carpenter,All,141,15,90.7,100.8,106.3,46.7%,24.3°,26.2°,33.3,13.3%,2,0.074,.160,0.184,.288,33.3%,53.3%,0.0%,41.8%,62.9%,72.7%,21.1%,33.9%,83.0
Auburn,Todd Clay,All,188,34,87.2,105.1,107.2,35.3%,8.6°,10.6°,29.4,2.9%,1,0.133,.245,0.184,.320,50.0%,20.6%,20.6%,43.6%,61.5%,79.2%,30.9%,24.4%,69.0
UC Riverside,Manoah Chapman,All,188,30,90.5,101.8,104.1,36.7%,18.9°,13.6°,43.3,0.0%,0,0.146,.175,0.182,.205,20.0%,20.0%,40.0%,48.9%,67.3%,76.5%,27.6%,34.8%,88.0
Northern Colorado,Ethan Sanchez,All,135,20,79.5,95.5,95.7,25.0%,-6.0°,-0.6°,15.0,0.0%,0,0.138,.166,0.182,.202,75.0%,10.0%,10.0%,37.0%,54.5%,83.3%,20.3%,26.0%,81.0
Iona,Nickolas Mora,All,98,23,86.2,92.4,98.6,13.0%,4.2°,-2.2°,21.7,0.0%,0,0.133,.223,0.182,.272,56.5%,8.7%,21.7%,48.0%,72.3%,79.4%,25.5%,23.4%,114.0
Middle Tennessee,Clay Badylak,All,193,36,84.1,99.0,103.0,22.2%,16.8°,5.0°,22.2,0.0%,0,0.128,.215,0.181,.257,41.7%,27.8%,22.2%,45.6%,66.3%,91.2%,29.0%,17.0%,83.0
Bellarmine,Charlie Rife,All,150,12,88.4,100.6,102.7,25.0%,25.8°,-2.4°,25.0,0.0%,0,0.077,.063,0.181,.198,33.3%,50.0%,16.7%,31.3%,56.5%,77.1%,13.6%,31.9%,98.0
VCU,Brendan Horne,All,139,21,81.5,93.3,98.2,9.5%,21.8°,12.4°,33.3,0.0%,0,0.125,.218,0.181,.256,19.0%,47.6%,23.8%,49.6%,71.2%,92.9%,33.8%,23.2%,91.0
Virginia,Aiden Harris,All,122,17,91.1,98.0,104.4,35.3%,9.3°,-2.5°,29.4,5.9%,1,0.071,.201,0.18,.304,52.9%,35.3%,11.8%,38.5%,56.6%,70.0%,24.6%,38.3%,81.0
Coppin State,Noah Hogan,All,110,13,75.9,90.5,90.6,0.0%,2.2°,-,15.4,0.0%,0,0.136,.140,0.18,.193,69.2%,15.4%,0.0%,36.4%,53.8%,78.6%,20.7%,27.5%,63.0
Santa Clara,Koen Carston,All,95,17,86.1,93.5,99.1,11.8%,6.8°,4.9°,29.4,0.0%,0,0.136,.251,0.18,.307,47.1%,17.6%,29.4%,47.4%,64.3%,85.2%,34.0%,31.1%,67.0
Grand Canyon,Austin Owens,All,108,12,82.4,93.5,94.6,0.0%,10.6°,-,33.3,0.0%,0,0.056,.116,0.179,.247,41.7%,33.3%,16.7%,29.6%,45.3%,83.3%,14.5%,21.9%,90.0
UNC Greensboro,Landon Polk,All,98,15,82.6,94.7,96.7,13.3%,18.6°,7.7°,40.0,0.0%,0,0.105,.205,0.179,.297,20.0%,40.0%,40.0%,37.8%,61.4%,81.5%,18.5%,21.6%,133.0
Butler,Jack Zeller,All,144,20,84.9,99.6,101.3,30.0%,-2.0°,8.6°,15.0,0.0%,0,0.094,.207,0.178,.275,75.0%,10.0%,10.0%,44.4%,66.2%,65.1%,26.6%,40.6%,77.0
St. Bonaventure,Gavin Constantine,All,124,14,78.2,95.4,95.6,14.3%,6.3°,11.5°,42.9,0.0%,0,0.167,.177,0.178,.219,57.1%,21.4%,21.4%,59.7%,79.4%,70.0%,39.3%,39.2%,69.0
Rhode Island,Adonis Medina,All,138,22,82.8,99.6,107.7,13.6%,9.3°,5.8°,22.7,0.0%,0,0.129,.211,0.178,.244,40.9%,31.8%,22.7%,49.3%,73.6%,71.7%,22.7%,33.8%,91.0
North Carolina A&T,Ryan Allen,All,64,9,81.7,103.0,103.4,33.3%,-13.0°,1.1°,11.1,0.0%,0,0.125,.159,0.178,.247,77.8%,0.0%,11.1%,48.4%,73.9%,82.4%,34.1%,38.7%,53.0
Portland,Nolan Miller,All,202,34,83.7,98.6,100.4,20.6%,5.5°,21.3°,29.4,0.0%,0,0.143,.161,0.178,.223,50.0%,23.5%,20.6%,49.0%,70.1%,86.8%,29.5%,27.3%,83.0
Milligan,Reagan Smith,All,64,12,81.3,91.9,93.7,0.0%,15.9°,-,33.3,0.0%,0,0.167,.194,0.178,.206,33.3%,25.0%,33.3%,56.2%,74.4%,69.0%,28.0%,33.3%,109.0
Sacramento State,Michael Perazzo,All,381,59,77.6,93.2,97.3,1.7%,3.2°,25.9°,25.4,0.0%,0,0.163,.169,0.177,.216,59.3%,22.0%,16.9%,46.7%,63.3%,78.1%,31.8%,28.7%,65.0
Eastern Michigan,Kriss Sydlowski,All,199,24,89.6,99.7,101.0,33.3%,21.2°,9.8°,41.7,0.0%,0,0.114,.169,0.177,.243,33.3%,33.3%,25.0%,33.7%,48.9%,78.3%,20.0%,28.4%,63.0
Le Moyne,Tyler Campbell,All,77,9,75.8,93.8,100.6,11.1%,14.0°,14.7°,22.2,0.0%,0,0.067,.128,0.177,.233,66.7%,11.1%,11.1%,41.6%,59.1%,46.2%,34.5%,56.2%,113.0
Mississippi State,Gatlin Sanders,All,64,9,78.0,99.4,99.4,22.2%,-3.5°,31.5°,33.3,0.0%,0,0.0,.156,0.176,.314,55.6%,22.2%,22.2%,32.8%,54.2%,84.6%,20.0%,28.6%,127.0
Elon,Simon Hoffman,All,82,5,75.0,-,-,20.0%,-33.2°,-11.1°,0.0,0.0%,0,0.0,.053,0.176,.214,80.0%,0.0%,0.0%,23.2%,40.0%,60.0%,15.8%,47.4%,146.0
Stetson,Corey Robinson,All,441,60,84.5,98.9,103.5,21.7%,14.7°,10.8°,31.7,1.7%,1,0.122,.164,0.176,.258,35.0%,28.3%,20.0%,47.4%,69.1%,78.5%,31.2%,30.1%,73.0
High Point,Nicolas Lembo,All,71,7,81.6,96.9,98.5,14.3%,22.1°,24.8°,42.9,0.0%,0,0.0,.116,0.176,.296,42.9%,42.9%,14.3%,23.9%,40.6%,76.9%,10.3%,29.4%,82.0
UTRGV,Evan Janner,All,127,9,82.3,104.3,109.8,22.2%,30.5°,17.7°,44.4,11.1%,1,0.12,.104,0.175,.189,22.2%,33.3%,33.3%,44.9%,76.0%,47.4%,24.7%,61.4%,84.0
Air Force,Cooper Winchester,All,51,7,80.1,94.1,95.3,14.3%,22.5°,9.4°,28.6,0.0%,0,0.154,.107,0.175,.115,42.9%,28.6%,14.3%,60.8%,75.0%,55.6%,48.1%,48.4%,44.0
Pacific,Mike Santos,All,63,8,70.9,88.9,89.7,0.0%,5.3°,-,37.5,0.0%,0,0.154,.153,0.175,.194,50.0%,25.0%,25.0%,47.6%,65.5%,73.7%,32.4%,26.7%,85.0
Evansville,Benji Kautto,All,122,11,82.6,99.9,101.9,27.3%,-5.9°,20.3°,36.4,0.0%,0,0.115,.100,0.174,.199,54.5%,9.1%,27.3%,41.8%,56.7%,61.8%,27.4%,43.1%,94.0
Pittsburgh,Jake Kendro,All,52,6,86.0,98.3,100.8,33.3%,11.1°,9.9°,50.0,0.0%,0,0.091,.208,0.174,.274,33.3%,0.0%,50.0%,40.4%,56.5%,69.2%,27.6%,28.6%,82.0
Biola,Nick Madole,All,59,7,88.8,98.3,101.3,28.6%,32.4°,15.8°,42.9,14.3%,1,0.091,.263,0.174,.349,0.0%,57.1%,42.9%,37.3%,75.0%,83.3%,23.3%,36.4%,131.0
Coppin State,Bryce Thompson,All,45,7,84.0,96.3,100.0,14.3%,15.5°,18.3°,28.6,0.0%,0,0.091,.180,0.174,.236,42.9%,14.3%,28.6%,37.8%,44.4%,75.0%,33.3%,23.5%,74.0
William & Mary,Ryan Santangelo,All,148,21,85.8,103.0,104.8,38.1%,0.0°,7.3°,47.6,0.0%,0,0.162,.244,0.174,.263,57.1%,4.8%,38.1%,43.9%,68.7%,87.0%,23.5%,23.1%,84.0
Canisius,Rocco Panepinto,All,53,9,81.4,102.4,105.4,33.3%,1.1°,-2.0°,0.0,0.0%,0,0.083,.164,0.174,.244,77.8%,11.1%,0.0%,37.7%,56.0%,85.7%,21.4%,15.0%,84.0
Dartmouth,Stefan Di Corrado,All,237,30,84.7,101.0,104.6,26.7%,11.4°,15.9°,36.7,0.0%,0,0.08,.175,0.174,.271,43.3%,33.3%,23.3%,42.6%,56.6%,73.2%,32.6%,37.6%,68.0
Northern Illinois,Owen Ross,All,79,13,85.2,98.3,101.4,30.8%,16.2°,12.6°,38.5,7.7%,1,0.174,.189,0.173,.207,30.8%,30.8%,23.1%,51.9%,70.5%,64.5%,28.6%,34.1%,96.0
Abilene Christian,Reese Borho,All,277,31,84.4,102.2,106.6,22.6%,17.3°,26.9°,32.3,3.2%,1,0.136,.161,0.173,.207,41.9%,22.6%,25.8%,37.5%,61.2%,77.5%,20.5%,32.7%,89.0
VMI,JW Kohlmeyer,All,250,25,78.4,95.0,97.2,12.0%,6.6°,15.0°,32.0,0.0%,0,0.148,.142,0.173,.173,48.0%,24.0%,28.0%,41.6%,60.5%,76.4%,24.4%,34.6%,82.0
Southern,Beny Bikar,All,86,14,80.0,86.4,87.5,0.0%,-0.4°,-,7.1,0.0%,0,0.136,.175,0.172,.200,71.4%,14.3%,7.1%,36.0%,55.3%,85.7%,20.8%,29.0%,94.0
King,Adrian Vidal,All,105,20,80.6,95.9,98.3,15.0%,32.1°,22.6°,20.0,0.0%,0,0.136,.204,0.172,.273,20.0%,50.0%,25.0%,53.3%,87.2%,79.4%,33.3%,28.6%,136.0
Longwood,JT Brown,All,274,37,86.5,101.2,105.3,29.7%,14.0°,9.6°,43.2,2.7%,1,0.119,.187,0.172,.250,35.1%,27.0%,32.4%,39.1%,57.3%,81.7%,24.0%,32.7%,44.0
Nicholls,Aaron Biediger,All,57,7,82.4,99.6,100.2,57.1%,8.8°,14.8°,0.0,0.0%,0,0.077,.162,0.172,.201,71.4%,28.6%,0.0%,45.6%,71.9%,69.6%,12.0%,34.6%,110.0
Nicholls,Noah Detillier,All,98,13,92.5,99.2,101.8,38.5%,7.2°,9.8°,30.8,7.7%,1,0.143,.180,0.172,.247,53.8%,23.1%,15.4%,58.2%,79.6%,79.1%,31.8%,28.1%,110.0
TCU,Cole Eaton,All,43,8,80.4,91.0,97.4,12.5%,7.7°,5.9°,25.0,0.0%,0,0.182,.272,0.17,.263,50.0%,12.5%,37.5%,53.5%,66.7%,58.3%,44.0%,43.5%,-20.0
Wagner,Alex Kerr,All,48,8,81.7,93.4,93.6,0.0%,5.5°,-,25.0,0.0%,0,0.2,.294,0.17,.285,62.5%,25.0%,12.5%,41.7%,60.0%,100.0%,28.6%,5.0%,17.0
Florida International,Adonys Velez,All,50,6,84.0,101.8,103.2,33.3%,15.4°,11.5°,33.3,0.0%,0,0.182,.154,0.17,.167,50.0%,16.7%,33.3%,40.0%,46.2%,66.7%,33.3%,55.0%,22.0
Samford,Will Lawrence,All,40,7,90.4,106.0,107.0,28.6%,11.2°,10.7°,28.6,0.0%,0,0.182,.206,0.17,.232,57.1%,28.6%,14.3%,52.5%,69.2%,72.2%,21.4%,38.1%,36.0
UNC Greensboro,Parker Wight,All,35,8,83.2,101.3,104.5,25.0%,2.7°,30.9°,37.5,12.5%,1,0.182,.260,0.17,.310,50.0%,12.5%,37.5%,40.0%,44.4%,87.5%,35.3%,21.4%,18.0
Delaware State,Jaryn Sample,All,83,16,79.8,92.6,96.4,18.8%,1.4°,-3.1°,25.0,0.0%,0,0.15,.265,0.17,.285,68.8%,6.2%,25.0%,48.2%,71.0%,81.8%,34.6%,17.5%,91.0
VCU,Brody Leyboldt,All,39,6,80.3,83.1,84.0,0.0%,3.4°,-,33.3,0.0%,0,0.2,.273,0.17,.266,66.7%,0.0%,33.3%,51.3%,80.0%,93.8%,21.1%,10.0%,89.0
Mercyhurst,Parker Zeiser,All,39,5,86.6,93.6,93.7,0.0%,16.2°,-,40.0,0.0%,0,0.111,.142,0.169,.230,40.0%,40.0%,20.0%,33.3%,50.0%,75.0%,6.7%,23.1%,42.0
Indiana Southeast,Kannon Stull,All,44,5,54.5,47.7,50.6,0.0%,-36.6°,-,0.0,0.0%,0,0.125,.095,0.169,.420,80.0%,20.0%,0.0%,40.9%,87.5%,85.7%,14.3%,16.7%,111.0
Truett-McConnell,Caleb Williams,All,39,7,79.0,88.5,88.6,0.0%,7.1°,-,42.9,0.0%,0,0.111,.381,0.169,.421,28.6%,28.6%,42.9%,43.6%,54.5%,100.0%,29.4%,11.8%,82.0
Bryan,Cyrus Campos,All,48,7,84.3,95.4,97.1,14.3%,18.4°,39.5°,0.0,0.0%,0,0.111,.169,0.169,.246,57.1%,28.6%,0.0%,45.8%,73.7%,78.6%,27.6%,22.7%,97.0
UNC Greensboro,Anthony Ruocco,All,166,33,82.1,97.5,99.6,21.2%,-0.6°,-0.3°,18.2,0.0%,0,0.188,.202,0.169,.198,72.7%,12.1%,12.1%,42.8%,57.3%,93.6%,28.6%,19.7%,44.0
Northwestern State,Sebastian Huerta,All,153,24,86.9,99.9,100.5,37.5%,2.5°,10.8°,8.3,0.0%,0,0.103,.172,0.168,.233,62.5%,29.2%,8.3%,48.4%,71.8%,72.5%,28.0%,37.8%,80.0
Charlotte,Carson Bayne,All,78,11,86.1,101.7,108.5,36.4%,22.0°,18.3°,63.6,18.2%,2,0.062,.241,0.168,.371,18.2%,18.2%,54.5%,64.1%,93.5%,75.9%,44.7%,32.0%,67.0
Oklahoma Wesleyan,Braydon Caldwell,All,28,5,85.3,97.2,98.5,20.0%,3.0°,-,40.0,0.0%,0,0.167,-,0.167,-,60.0%,0.0%,40.0%,50.0%,63.6%,100.0%,41.2%,21.4%,
Austin Peay,Keaton Cottam,All,209,33,87.7,98.5,102.5,24.2%,11.3°,7.2°,30.3,0.0%,0,0.122,.181,0.167,.248,42.4%,24.2%,21.2%,52.2%,73.2%,90.1%,33.9%,22.9%,88.0
UT Arlington,Alex Bustamante,All,47,5,81.0,90.6,92.0,0.0%,10.2°,-,20.0,0.0%,0,0.0,.069,0.167,.232,40.0%,40.0%,20.0%,38.3%,65.0%,84.6%,18.5%,22.2%,106.0
Whitworth,Reed Gunnett,All,34,5,79.6,99.2,99.3,40.0%,-11.6°,13.1°,20.0,0.0%,0,0.125,.170,0.167,.189,60.0%,0.0%,40.0%,32.4%,40.0%,75.0%,29.2%,36.4%,104.0
Le Moyne,Ethan Farina,All,136,17,84.2,97.5,99.5,11.8%,9.3°,10.9°,35.3,0.0%,0,0.125,.117,0.166,.164,47.1%,41.2%,11.8%,45.6%,61.5%,71.9%,35.7%,45.2%,54.0
Boston College,Sean Martinez,All,103,18,77.7,95.0,99.0,5.6%,9.0°,25.9°,16.7,0.0%,0,0.174,.179,0.166,.196,50.0%,33.3%,5.6%,55.3%,71.4%,93.3%,44.3%,17.5%,21.0
Southern Indiana,Gavyn Boyle,All,152,30,85.6,100.1,106.7,33.3%,25.9°,9.3°,20.0,3.3%,1,0.14,.137,0.165,.167,26.7%,40.0%,16.7%,53.3%,71.0%,61.4%,41.1%,38.3%,58.0
North Florida,Jonathan Acosta,All,102,13,77.5,92.6,94.0,0.0%,9.6°,-,30.8,0.0%,0,0.083,.120,0.165,.172,38.5%,30.8%,30.8%,44.1%,60.4%,72.4%,29.6%,42.2%,59.0
Utah Tech,Gavin Glasgow,All,161,19,84.1,104.6,107.5,21.1%,0.7°,13.1°,31.6,10.5%,2,0.065,.179,0.165,.276,47.4%,15.8%,26.3%,35.4%,49.3%,68.6%,24.4%,40.4%,93.0
Lamar,Colby Christian,All,59,8,82.0,93.9,95.7,12.5%,39.0°,27.1°,37.5,0.0%,0,0.154,.128,0.164,.244,0.0%,87.5%,0.0%,49.2%,76.9%,55.0%,27.3%,48.3%,89.0
Northern Illinois,Connor Mendell,All,94,13,89.5,99.6,101.6,23.1%,5.6°,21.8°,53.8,7.7%,1,0.095,.224,0.164,.310,38.5%,15.4%,38.5%,45.7%,64.4%,82.8%,28.6%,30.2%,109.0
FGCU,Juan Santos,All,195,26,84.5,99.8,102.8,34.6%,15.9°,8.4°,15.4,0.0%,0,0.14,.173,0.164,.219,53.8%,30.8%,7.7%,47.2%,73.8%,82.3%,27.0%,30.4%,102.0
Valparaiso,Bryan Hatch,All,72,9,88.0,98.4,102.1,22.2%,25.7°,19.4°,44.4,11.1%,1,0.062,.158,0.163,.246,22.2%,44.4%,33.3%,50.0%,70.6%,100.0%,31.6%,25.0%,50.0
Middle Tennessee,Matt Wolfe,All,67,9,88.8,99.5,106.1,22.2%,15.9°,4.5°,33.3,11.1%,1,0.062,.124,0.163,.195,33.3%,33.3%,22.2%,49.3%,63.3%,73.7%,37.8%,42.4%,89.0
Indiana,Mateo Noto,All,59,10,84.9,98.6,100.3,40.0%,12.2°,14.9°,30.0,0.0%,0,0.077,.248,0.162,.330,40.0%,20.0%,40.0%,40.7%,64.0%,81.2%,23.5%,29.2%,87.0
Lenoir-Rhyne,Nick Morris,All,57,7,82.8,98.7,98.9,28.6%,27.2°,18.3°,57.1,0.0%,0,0.143,.209,0.162,.224,0.0%,28.6%,71.4%,47.4%,66.7%,75.0%,33.3%,48.1%,98.0
Samford,Easton Nelms,All,66,8,86.9,102.6,104.0,25.0%,1.2°,10.1°,25.0,0.0%,0,0.077,.148,0.162,.238,62.5%,0.0%,25.0%,48.5%,69.0%,75.0%,32.4%,37.5%,96.0
Lehigh,Robby Grasso,All,129,18,79.2,97.6,99.8,11.1%,0.9°,21.2°,16.7,0.0%,0,0.172,.139,0.162,.180,61.1%,27.8%,5.6%,51.9%,74.6%,68.2%,32.9%,41.8%,80.0
Morehead State,Austyn Peak,All,81,15,78.1,92.3,95.7,13.3%,-7.8°,12.1°,6.7,0.0%,0,0.15,.121,0.162,.205,60.0%,26.7%,0.0%,42.0%,64.7%,90.9%,25.5%,29.4%,116.0
Milligan,Landon Lutterman,All,82,13,80.2,96.2,98.6,7.7%,7.5°,22.0°,30.8,0.0%,0,0.143,.156,0.162,.208,46.2%,30.8%,23.1%,43.9%,72.7%,83.3%,24.5%,30.6%,101.0
Incarnate Word,Justin Rumfield,All,101,22,78.8,92.7,101.5,13.6%,13.5°,13.2°,18.2,0.0%,0,0.148,.169,0.161,.199,45.5%,36.4%,13.6%,41.6%,63.8%,76.7%,22.2%,28.6%,92.0
San Diego State,Drew Rutter,All,234,36,73.9,96.1,98.5,11.1%,0.7°,16.3°,22.2,0.0%,0,0.137,.160,0.161,.187,52.8%,19.4%,22.2%,51.3%,73.4%,88.4%,36.4%,20.8%,75.0
Mount St. Mary's,Paddy Hebda,All,98,10,81.7,97.5,99.7,10.0%,-0.6°,12.5°,30.0,0.0%,0,0.105,.143,0.161,.206,50.0%,20.0%,30.0%,39.8%,70.0%,75.0%,19.0%,30.8%,139.0
Iona,JC Frias,All,92,16,90.5,105.1,107.6,37.5%,13.9°,-0.4°,25.0,0.0%,0,0.105,.228,0.161,.307,43.8%,43.8%,6.2%,42.4%,70.3%,88.5%,23.6%,20.5%,87.0
Harvard,Ryan Mooney,All,276,30,82.1,93.3,99.6,6.7%,18.0°,10.4°,23.3,0.0%,0,0.117,.141,0.16,.198,43.3%,40.0%,13.3%,51.8%,74.8%,68.3%,29.8%,40.6%,94.0
UT Arlington,Holden Rook,All,74,13,85.1,94.0,95.2,15.4%,25.5°,5.3°,30.8,0.0%,0,0.158,.198,0.16,.211,30.8%,30.8%,23.1%,47.3%,75.0%,88.9%,21.1%,22.9%,130.0
Samford,Hayden Perry,All,67,13,83.0,99.6,100.1,23.1%,14.7°,11.4°,30.8,0.0%,0,0.15,.165,0.16,.179,38.5%,30.8%,23.1%,64.2%,79.4%,63.0%,48.5%,48.8%,55.0
UC Irvine,James Castagnola,All,257,28,83.4,101.1,103.1,32.1%,27.7°,21.9°,25.0,0.0%,0,0.132,.139,0.159,.243,17.9%,46.4%,21.4%,42.4%,65.9%,71.1%,19.8%,33.0%,119.0
Presbyterian,Layton Hyneman,All,98,13,72.6,91.1,92.0,0.0%,-17.8°,-,15.4,0.0%,0,0.095,.153,0.159,.217,76.9%,0.0%,15.4%,46.9%,59.1%,84.6%,37.0%,30.4%,9.0
Western Michigan,Nolan Zajac,All,222,37,79.5,99.2,102.2,10.8%,18.0°,14.0°,27.0,0.0%,0,0.151,.173,0.159,.182,32.4%,32.4%,27.0%,45.5%,59.2%,80.3%,29.4%,27.7%,72.0
Siena,Noah Brooks,All,62,13,83.4,102.5,104.4,46.2%,18.4°,13.4°,38.5,15.4%,2,0.111,.226,0.159,.360,46.2%,46.2%,0.0%,46.8%,72.4%,71.4%,24.2%,34.5%,83.0
Sam Houston State,Blake Brown,All,105,15,79.8,96.5,100.4,20.0%,0.0°,15.3°,13.3,0.0%,0,0.087,.188,0.159,.262,60.0%,26.7%,13.3%,41.0%,65.5%,83.3%,14.0%,23.3%,115.0
Louisiana Tech,McCann Libby,All,86,6,90.7,96.0,97.0,16.7%,29.8°,47.4°,50.0,0.0%,0,0.118,.080,0.159,.130,16.7%,50.0%,16.7%,38.4%,55.9%,57.9%,26.9%,51.5%,45.0
Marist,Luis Cedeno,All,129,24,78.9,85.7,90.6,0.0%,-2.3°,-,20.8,0.0%,0,0.107,.170,0.158,.224,58.3%,16.7%,20.8%,40.3%,67.9%,97.2%,21.1%,13.5%,117.0
Sacramento State,Ayden Hadley,All,159,23,81.3,97.0,98.0,26.1%,13.5°,4.5°,21.7,0.0%,0,0.143,.186,0.158,.209,39.1%,30.4%,26.1%,42.8%,69.4%,84.0%,20.7%,23.5%,113.0
Navy,Tyler Bouchard,All,111,12,80.3,98.1,99.3,16.7%,17.1°,30.3°,25.0,8.3%,1,0.05,.111,0.157,.250,33.3%,50.0%,8.3%,42.3%,60.4%,87.5%,25.9%,29.8%,83.0
Davidson,Will McCullough,All,152,14,81.8,99.5,104.8,21.4%,8.0°,1.9°,14.3,7.1%,1,0.118,.093,0.157,.173,50.0%,35.7%,7.1%,44.1%,60.0%,61.1%,33.7%,52.2%,76.0
Army,JT Craig,All,94,11,88.1,106.2,106.3,45.5%,10.6°,19.8°,36.4,18.2%,2,0.091,.194,0.157,.312,27.3%,18.2%,36.4%,45.7%,64.4%,58.6%,28.6%,48.8%,68.0
St. Bonaventure,Ashton Ross,All,42,8,78.9,93.5,94.3,12.5%,3.6°,-8.8°,25.0,0.0%,0,0.2,.210,0.156,.220,50.0%,25.0%,25.0%,47.6%,68.2%,93.3%,25.0%,15.0%,63.0
UNC Pembroke,Zane Brockman,All,28,5,82.8,88.3,88.6,0.0%,-10.0°,-,40.0,0.0%,0,0.167,.233,0.156,.240,40.0%,0.0%,40.0%,39.3%,71.4%,90.0%,7.1%,18.2%,100.0
Georgetown,Dominick Cafferillo,All,55,6,76.9,94.7,96.0,16.7%,2.1°,39.5°,16.7,0.0%,0,0.167,.084,0.156,.096,66.7%,33.3%,0.0%,32.7%,30.4%,85.7%,34.4%,27.8%,19.0
Ozarks (AR),Conner Reed,All,25,5,78.6,83.3,84.1,0.0%,13.0°,-,20.0,0.0%,0,0.167,.123,0.156,.129,40.0%,40.0%,20.0%,56.0%,88.9%,87.5%,37.5%,35.7%,65.0
SIUE,Gage Franck,All,119,22,83.2,97.4,98.7,22.7%,16.6°,18.1°,27.3,4.5%,1,0.129,.183,0.156,.210,36.4%,22.7%,13.6%,45.4%,63.6%,80.0%,29.7%,29.6%,107.0
Saint Louis,JT Crabbe,All,206,30,78.5,98.2,99.8,23.3%,17.4°,19.2°,23.3,0.0%,0,0.115,.118,0.156,.183,43.3%,33.3%,13.3%,53.9%,75.7%,71.6%,30.3%,31.5%,81.0
USC Beaufort,Jon Davis,All,34,5,80.9,95.3,97.1,20.0%,-1.9°,-,20.0,0.0%,0,0.167,.095,0.156,.098,60.0%,20.0%,20.0%,35.3%,83.3%,90.0%,9.1%,16.7%,135.0
Oregon,Elijah Cook,All,97,9,95.0,103.7,104.0,55.6%,-10.7°,1.2°,11.1,0.0%,0,0.167,.134,0.156,.140,88.9%,0.0%,11.1%,49.5%,65.2%,56.7%,35.3%,52.1%,44.0
Presbyterian,Aidan Taylor,All,74,12,81.7,95.1,99.3,16.7%,6.6°,12.9°,33.3,8.3%,1,0.167,.185,0.156,.208,50.0%,25.0%,16.7%,55.4%,80.6%,58.6%,31.6%,41.5%,108.0
Wichita State,Evan Escobar,All,113,13,84.4,94.5,96.8,7.7%,11.3°,9.2°,23.1,0.0%,0,0.148,.111,0.155,.169,46.2%,38.5%,15.4%,49.6%,66.0%,66.7%,36.5%,50.0%,48.0
Cornell,Aiden Barclay,All,277,42,84.5,104.0,107.4,31.0%,-1.6°,8.3°,26.2,2.4%,1,0.162,.183,0.155,.223,57.1%,19.0%,19.0%,49.8%,62.9%,86.7%,37.9%,31.2%,30.0
Bryant,Zac Zyons,All,143,21,86.4,98.4,101.0,28.6%,22.8°,22.0°,47.6,0.0%,0,0.065,.177,0.154,.284,28.6%,33.3%,33.3%,46.9%,78.0%,76.1%,25.0%,29.9%,120.0
Sacred Heart,Charlie Tallman,All,118,11,83.7,100.1,102.9,27.3%,1.8°,22.6°,27.3,0.0%,0,0.077,.142,0.154,.200,54.5%,27.3%,18.2%,54.2%,72.1%,63.6%,35.1%,39.1%,101.0
Saint Joseph's,Augie Maslo,All,67,10,77.5,85.3,86.3,10.0%,-11.5°,-47.4°,10.0,0.0%,0,0.125,.108,0.154,.144,80.0%,0.0%,10.0%,31.3%,43.8%,100.0%,20.0%,28.6%,63.0
Southern Wesleyan,Ryan Postnieks,All,52,15,74.9,87.5,90.1,0.0%,14.3°,-,26.7,0.0%,0,0.133,.174,0.154,.210,40.0%,40.0%,20.0%,50.0%,73.9%,100.0%,31.0%,3.8%,124.0
Auburn Montgomery,Tucker Burns,All,50,10,87.8,98.9,99.0,40.0%,-10.4°,-3.4°,10.0,0.0%,0,0.125,.212,0.154,.238,70.0%,10.0%,10.0%,52.0%,81.8%,72.2%,28.6%,38.5%,63.0
Arkansas,Carson Brumbaugh,All,188,36,84.4,101.0,103.0,25.0%,-5.5°,2.6°,25.0,2.8%,1,0.122,.217,0.154,.248,66.7%,11.1%,22.2%,45.2%,61.1%,70.9%,30.6%,34.1%,69.0
North Georgia,Landon Tate,All,43,7,78.1,96.4,96.9,28.6%,1.7°,9.3°,42.9,0.0%,0,0.1,.202,0.153,.257,71.4%,0.0%,28.6%,51.2%,54.5%,83.3%,47.6%,18.2%,53.0
Jacksonville State,Ryan Stevens,All,47,8,81.3,100.2,108.0,12.5%,4.0°,4.8°,25.0,0.0%,0,0.111,.224,0.153,.278,50.0%,25.0%,25.0%,40.4%,62.5%,100.0%,29.0%,21.1%,64.0
Air Force,JD Wolff,All,83,17,84.8,96.0,97.3,29.4%,5.7°,6.5°,29.4,0.0%,0,0.105,.249,0.153,.322,47.1%,17.6%,29.4%,41.0%,70.0%,82.1%,14.0%,23.5%,138.0
Mercyhurst,Ranciel Ventura,All,47,5,80.2,86.4,87.2,20.0%,22.7°,-2.0°,0.0,0.0%,0,0.1,.081,0.153,.142,40.0%,60.0%,0.0%,42.6%,47.1%,62.5%,40.0%,45.0%,47.0
Mercyhurst,Zach Kourous,All,37,9,72.5,88.3,90.9,0.0%,9.4°,-,11.1,0.0%,0,0.1,.239,0.153,.288,44.4%,44.4%,11.1%,43.2%,84.6%,90.9%,20.8%,12.5%,76.0
Seton Hall,Vincent Duffy,All,159,24,83.0,99.9,102.5,16.7%,0.1°,4.3°,20.8,0.0%,0,0.088,.184,0.153,.236,58.3%,20.8%,16.7%,35.8%,55.4%,85.4%,18.8%,21.1%,60.0
Prairie View,Jordan Williams,All,41,6,88.0,93.9,94.6,0.0%,2.0°,-,0.0,0.0%,0,0.143,.222,0.153,.275,83.3%,16.7%,0.0%,48.8%,70.0%,78.6%,28.6%,30.0%,103.0
Western Kentucky,Grayson Godbee,All,42,6,84.0,98.9,98.9,33.3%,-7.4°,5.6°,16.7,0.0%,0,0.1,.216,0.153,.262,66.7%,0.0%,33.3%,38.1%,57.9%,100.0%,21.7%,12.5%,36.0
Bucknell,Christopher Morabito,All,87,10,77.4,92.1,92.4,10.0%,-6.1°,-27.4°,20.0,0.0%,0,0.056,.096,0.152,.195,70.0%,20.0%,10.0%,43.7%,60.4%,69.0%,23.1%,36.8%,91.0
Dayton,Mark Rutherford,All,92,6,86.2,95.4,96.2,16.7%,27.2°,12.0°,33.3,0.0%,0,0.056,.141,0.152,.228,33.3%,33.3%,16.7%,35.9%,56.8%,57.1%,21.8%,54.5%,115.0
Fordham,Carson Chavez,All,41,6,85.8,91.6,93.1,16.7%,-23.3°,-44.0°,16.7,0.0%,0,0.0,.262,0.15,.348,66.7%,0.0%,16.7%,24.4%,41.2%,85.7%,12.5%,20.0%,115.0
Louisiana,Jose Torres,All,65,5,80.8,94.7,97.7,40.0%,-9.6°,2.2°,40.0,0.0%,0,0.0,.140,0.15,.257,80.0%,0.0%,20.0%,44.6%,50.0%,80.0%,40.0%,41.4%,23.0
Milwaukee,Peter Visconti,All,62,9,86.6,96.9,97.2,33.3%,28.8°,28.9°,33.3,0.0%,0,0.0,.131,0.15,.287,22.2%,55.6%,22.2%,33.9%,57.7%,86.7%,16.7%,14.3%,120.0
Akron,Derek Occhipinti,All,40,5,74.6,85.4,87.1,0.0%,3.3°,-,0.0,0.0%,0,0.0,.069,0.15,.204,60.0%,40.0%,0.0%,32.5%,54.5%,83.3%,24.1%,38.5%,62.0
New Haven,Michael Christian,All,83,8,84.5,88.4,89.3,0.0%,9.8°,-,25.0,0.0%,0,0.059,.149,0.149,.212,62.5%,0.0%,25.0%,47.0%,69.2%,74.1%,27.3%,30.8%,81.0
Binghamton,Ian Kaiser,All,93,10,84.6,95.2,95.2,20.0%,7.8°,19.7°,30.0,0.0%,0,0.059,.126,0.149,.203,50.0%,20.0%,30.0%,38.7%,48.8%,90.0%,30.8%,36.1%,54.0
USF,Rafael Betancourt,All,111,24,83.1,99.0,101.3,33.3%,-0.8°,16.5°,33.3,4.2%,1,0.071,.287,0.146,.370,50.0%,25.0%,20.8%,52.3%,79.2%,88.1%,27.6%,15.5%,108.0
Southern Indiana,Charlie Marisca,All,87,10,86.0,90.8,98.2,20.0%,25.2°,10.0°,20.0,0.0%,0,0.125,.153,0.146,.199,30.0%,30.0%,10.0%,55.2%,75.6%,77.4%,37.0%,27.1%,60.0
Pepperdine,AJ Bianchina,All,66,9,77.2,94.2,95.1,22.2%,1.4°,12.6°,33.3,0.0%,0,0.118,.175,0.146,.217,55.6%,22.2%,11.1%,57.6%,78.6%,68.2%,42.1%,42.1%,81.0
Cal State Fullerton,Brady Dobson,All,66,10,84.2,104.6,106.6,40.0%,10.0°,2.7°,10.0,0.0%,0,0.133,.169,0.146,.206,60.0%,30.0%,10.0%,37.9%,55.6%,80.0%,16.7%,24.0%,87.0
San Diego,Nico Button,All,147,19,84.0,99.3,102.0,26.3%,3.7°,0.3°,47.4,0.0%,0,0.103,.227,0.145,.269,52.6%,15.8%,26.3%,38.8%,57.4%,88.6%,25.6%,19.3%,75.0
Tulane,Bryson Ayala,All,91,16,87.7,101.9,102.0,43.8%,5.6°,1.9°,25.0,0.0%,0,0.083,.230,0.145,.278,56.2%,18.8%,25.0%,46.2%,53.3%,75.0%,39.1%,38.1%,3.0
Northeastern,Anthony Ruggiero,All,180,32,84.6,105.0,105.7,37.5%,-7.1°,9.6°,21.9,6.2%,2,0.093,.225,0.144,.297,68.8%,18.8%,12.5%,41.1%,62.2%,86.3%,23.5%,23.0%,92.0
Florida,Ashton Wilson,All,68,6,88.0,97.6,98.2,33.3%,12.5°,26.3°,66.7,16.7%,1,0.154,.206,0.144,.258,33.3%,33.3%,33.3%,48.5%,60.0%,85.7%,36.4%,36.4%,72.0
Butler,Ian Choi,All,51,6,80.8,97.7,98.5,16.7%,-14.6°,2.6°,0.0,0.0%,0,0.154,.150,0.144,.147,83.3%,0.0%,16.7%,47.1%,70.0%,64.3%,32.3%,45.8%,56.0
Tennessee Wesleyan,Thomas Teel,All,102,19,77.4,88.6,90.7,0.0%,10.1°,-,15.8,0.0%,0,0.115,.146,0.144,.184,52.6%,31.6%,10.5%,50.0%,75.6%,70.6%,29.8%,33.3%,109.0
Valdosta State,Charlie Banks,All,52,5,85.1,87.5,90.4,20.0%,-0.4°,-12.7°,20.0,0.0%,0,0.154,.138,0.144,.136,80.0%,0.0%,20.0%,50.0%,66.7%,75.0%,41.2%,53.8%,21.0
Indiana,T.J. Schuyler,All,257,47,81.9,97.1,100.0,12.8%,2.0°,11.7°,19.1,0.0%,0,0.077,.178,0.143,.233,63.8%,19.1%,12.8%,40.1%,62.1%,89.6%,19.5%,22.3%,75.0
Youngstown State,Brevin Smith,All,66,8,94.4,99.1,99.1,37.5%,-0.1°,7.5°,12.5,12.5%,1,0.067,.183,0.143,.271,75.0%,12.5%,0.0%,36.4%,39.4%,84.6%,33.3%,41.7%,80.0
Eastern Kentucky,Julius Scearce,All,147,20,84.3,99.8,103.5,15.0%,-5.3°,0.7°,10.0,0.0%,0,0.097,.163,0.143,.224,60.0%,10.0%,10.0%,42.2%,63.6%,69.0%,24.7%,33.9%,62.0
UC Riverside,Andrew Rivas,All,162,35,82.6,99.8,100.8,22.9%,8.9°,6.9°,20.0,0.0%,0,0.114,.210,0.143,.242,45.7%,22.9%,20.0%,43.2%,58.2%,87.0%,28.9%,25.7%,85.0
North Florida,Dario Romeo,All,66,10,90.2,100.7,101.0,40.0%,6.5°,9.6°,30.0,0.0%,0,0.125,.229,0.142,.239,50.0%,20.0%,30.0%,54.5%,69.7%,73.9%,39.4%,36.1%,68.0
Mississippi Valley,Noah Bufford,All,107,11,78.4,93.3,98.5,9.1%,20.1°,32.9°,27.3,0.0%,0,0.087,.107,0.142,.144,18.2%,54.5%,9.1%,39.3%,63.3%,74.2%,19.0%,35.7%,137.0
McNeese,Connor Walker,All,74,13,83.5,100.2,102.6,30.8%,25.9°,17.8°,46.2,15.4%,2,0.056,.207,0.142,.334,30.8%,46.2%,23.1%,52.7%,79.4%,81.5%,30.0%,30.8%,78.0
Niagara,Nate Milk,All,183,23,86.5,100.7,101.7,30.4%,24.4°,26.4°,30.4,8.7%,2,0.054,.174,0.142,.271,34.8%,39.1%,17.4%,44.3%,68.4%,76.9%,27.1%,34.6%,121.0
Louisiana Tech,Reid Snider,All,68,10,80.0,84.8,88.4,10.0%,25.6°,-8.9°,20.0,0.0%,0,0.125,.127,0.142,.130,30.0%,40.0%,20.0%,42.6%,54.3%,78.9%,30.3%,34.5%,68.0
North Carolina,Sawyer Black,All,42,7,85.2,102.1,103.4,28.6%,0.6°,23.9°,14.3,0.0%,0,0.091,.162,0.141,.239,42.9%,28.6%,14.3%,40.5%,52.6%,70.0%,30.4%,41.2%,46.0
Coppin State,Pranav Sundar,All,57,6,79.9,89.9,91.6,0.0%,-10.2°,-,33.3,0.0%,0,0.091,.172,0.141,.221,66.7%,0.0%,33.3%,35.1%,55.6%,80.0%,16.7%,30.0%,95.0
Sam Houston State,Ty Marthiljohni,All,123,20,85.8,100.9,102.0,40.0%,5.7°,9.0°,30.0,10.0%,2,0.138,.210,0.141,.279,50.0%,40.0%,10.0%,50.4%,68.3%,95.3%,31.7%,21.0%,75.0
Western Illinois,Dante Turgeon,All,84,11,88.6,100.8,100.9,27.3%,9.3°,12.7°,36.4,0.0%,0,0.158,.225,0.141,.245,45.5%,27.3%,27.3%,42.9%,50.0%,95.5%,35.0%,25.0%,65.0
Louisville,AJ Martin,All,47,9,86.3,93.7,98.9,22.2%,26.1°,-0.5°,11.1,0.0%,0,0.091,.224,0.141,.267,44.4%,22.2%,11.1%,57.4%,69.6%,75.0%,45.8%,29.6%,67.0
Brown,Brandon Chang,All,98,19,86.0,98.9,102.7,36.8%,23.1°,13.6°,21.1,5.3%,1,0.043,.207,0.141,.315,31.6%,47.4%,21.1%,42.9%,64.6%,83.9%,22.0%,21.4%,122.0
North Alabama,Ryker Billingsley,All,52,6,85.4,96.8,97.8,33.3%,4.4°,11.8°,33.3,0.0%,0,0.1,.216,0.141,.267,83.3%,16.7%,0.0%,42.3%,56.5%,92.3%,31.0%,31.8%,86.0
Albany,Justin Hurd,All,125,12,88.4,101.0,104.7,41.7%,26.5°,40.2°,8.3,8.3%,1,0.08,.099,0.14,.173,33.3%,33.3%,8.3%,48.8%,69.8%,59.1%,27.4%,49.2%,79.0
Coastal Carolina,Cole Chamberlain,All,132,11,93.7,102.4,105.5,54.5%,22.6°,28.8°,45.5,9.1%,1,0.083,.157,0.14,.257,27.3%,27.3%,36.4%,36.4%,47.0%,71.0%,25.8%,43.8%,57.0
Hawaii,Elijah Ickes,All,98,14,85.2,96.2,100.6,21.4%,9.2°,3.0°,42.9,0.0%,0,0.136,.177,0.14,.181,50.0%,35.7%,14.3%,40.8%,54.3%,88.0%,28.8%,25.0%,51.0
Washington State,Luke Thiele,All,104,11,86.1,98.6,100.4,27.3%,1.3°,1.8°,18.2,0.0%,0,0.136,.199,0.14,.197,54.5%,18.2%,18.2%,50.0%,68.6%,85.7%,32.1%,19.2%,51.0
Arizona,Dominic Rodriguez,All,96,19,88.2,102.5,109.6,52.6%,12.6°,9.3°,36.8,15.8%,3,0.074,.210,0.139,.296,36.8%,36.8%,21.1%,53.1%,69.6%,74.4%,30.0%,33.3%,62.0
UC Irvine,Kai Smith,All,39,7,63.7,95.2,100.8,14.3%,2.7°,15.7°,28.6,0.0%,0,0.083,.093,0.138,.100,57.1%,0.0%,14.3%,46.2%,55.0%,54.5%,36.8%,38.9%,52.0
VCU,Ethan Acevedo,All,112,22,84.0,96.4,98.5,13.6%,17.4°,10.5°,22.7,0.0%,0,0.083,.220,0.137,.277,50.0%,40.9%,4.5%,41.1%,70.8%,94.1%,18.8%,19.6%,104.0
Cornell,Troy Ashkinos,All,80,17,84.4,99.9,102.5,29.4%,2.8°,11.5°,11.8,0.0%,0,0.095,.237,0.137,.270,64.7%,23.5%,5.9%,48.8%,63.9%,95.7%,36.4%,25.6%,58.0
Ave Maria,Chris Myers,All,129,29,80.0,88.9,94.1,3.4%,2.2°,-29.7°,24.1,0.0%,0,0.139,.232,0.137,.231,65.5%,17.2%,17.2%,52.7%,74.6%,88.6%,34.3%,20.6%,54.0
Belmont,Dean Spoto,All,46,5,81.9,96.9,98.1,20.0%,9.8°,16.9°,40.0,0.0%,0,0.0,.122,0.136,.258,40.0%,20.0%,40.0%,34.8%,63.2%,75.0%,14.8%,37.5%,152.0
Nicholls,Kaul Perkins,All,44,5,84.7,89.7,91.3,20.0%,4.1°,-9.0°,40.0,0.0%,0,0.0,.164,0.136,.266,60.0%,20.0%,20.0%,50.0%,57.7%,80.0%,38.9%,22.7%,73.0
Mississippi College,Kelby Jordan,All,25,5,69.9,91.0,94.8,0.0%,8.8°,-,20.0,0.0%,0,0.143,.143,0.134,.142,40.0%,40.0%,20.0%,52.0%,83.3%,90.0%,23.1%,23.1%,128.0
The Citadel,Carson Hodges,All,165,26,80.8,96.9,100.2,19.2%,-2.7°,7.4°,26.9,0.0%,0,0.105,.125,0.134,.165,50.0%,23.1%,23.1%,47.3%,71.3%,87.1%,20.5%,19.2%,121.0
South Carolina,Gavin Braland,All,33,5,67.6,93.8,94.2,0.0%,20.2°,-,20.0,0.0%,0,0.167,.216,0.134,.244,40.0%,40.0%,20.0%,54.5%,81.8%,88.9%,40.9%,33.3%,142.0
Lindsey Wilson,Drake Young,All,40,13,82.1,95.6,95.6,15.4%,-4.3°,13.7°,38.5,0.0%,0,0.125,.268,0.134,.260,53.8%,7.7%,38.5%,67.5%,84.2%,87.5%,52.4%,22.2%,14.0
Old Dominion,Bennett Siegel,All,51,7,80.1,97.2,99.0,14.3%,9.0°,10.6°,28.6,0.0%,0,0.143,.144,0.134,.154,57.1%,14.3%,14.3%,35.3%,53.8%,85.7%,16.0%,33.3%,67.0
USC Beaufort,Andrew Walters,All,46,7,77.9,94.2,94.6,0.0%,-2.6°,-,42.9,0.0%,0,0.1,.349,0.133,.337,57.1%,0.0%,42.9%,41.3%,46.2%,83.3%,35.0%,15.8%,107.0
Canisius,Tyson Kaufman,All,178,23,80.4,95.3,95.8,17.4%,16.2°,21.0°,8.7,0.0%,0,0.086,.117,0.133,.178,47.8%,34.8%,8.7%,39.9%,63.9%,83.0%,18.9%,18.3%,102.0
Utah Valley,Joseph Barnhardt,All,114,14,85.1,103.8,107.0,35.7%,6.2°,17.0°,21.4,14.3%,2,0.074,.198,0.132,.284,64.3%,21.4%,7.1%,47.4%,68.4%,79.5%,26.3%,35.2%,57.0
Portland,JT Landwehr,All,89,23,80.3,89.6,94.2,4.3%,17.3°,-7.3°,21.7,0.0%,0,0.125,.170,0.132,.191,39.1%,34.8%,17.4%,44.9%,65.1%,92.9%,26.1%,10.0%,79.0
James Madison,Conner Worth,All,150,19,83.9,102.8,104.1,26.3%,-0.9°,7.2°,21.1,0.0%,0,0.088,.155,0.131,.199,57.9%,15.8%,21.1%,46.0%,68.1%,66.0%,27.2%,46.4%,75.0
UC Davis,Jack Castagnola,All,82,14,68.9,90.4,91.1,0.0%,25.1°,-,7.1,0.0%,0,0.105,.099,0.131,.134,35.7%,50.0%,7.1%,51.2%,78.6%,72.7%,37.0%,31.0%,42.0
Alcorn State,Gavin Caston,All,61,8,67.7,89.3,92.0,0.0%,29.7°,-,25.0,0.0%,0,0.067,.034,0.13,.085,25.0%,62.5%,0.0%,44.3%,73.9%,70.6%,26.3%,37.0%,89.0
New Mexico,Tristen Russell,All,47,9,87.9,94.8,98.6,22.2%,27.5°,11.4°,33.3,11.1%,1,0.083,.239,0.13,.316,22.2%,55.6%,22.2%,55.3%,71.4%,75.0%,31.6%,38.5%,70.0
Western Illinois,Kenneth Perez,All,52,8,86.6,92.6,95.2,25.0%,15.8°,-7.3°,0.0,0.0%,0,0.083,.144,0.13,.189,62.5%,37.5%,0.0%,50.0%,75.0%,73.3%,34.4%,46.2%,9.0
New Orleans,Kaden Irving,All,76,10,82.4,92.8,93.5,0.0%,12.2°,-,30.0,0.0%,0,0.059,.158,0.128,.227,40.0%,40.0%,20.0%,51.3%,75.0%,79.2%,34.1%,38.5%,126.0
Bowling Green,Cooper McKenzie,All,116,12,85.5,96.9,98.2,16.7%,-0.8°,2.2°,25.0,0.0%,0,0.045,.167,0.127,.244,66.7%,16.7%,16.7%,34.5%,65.0%,76.9%,18.4%,40.0%,104.0
Tennessee Tech,Aaron Moffitt,All,182,24,80.2,95.9,102.5,12.5%,11.5°,4.0°,33.3,0.0%,0,0.079,.204,0.126,.234,41.7%,25.0%,29.2%,37.4%,56.8%,82.0%,19.1%,23.5%,108.0
Rhode Island,Connor Grotyohann,All,79,14,89.5,96.5,98.6,28.6%,16.5°,16.4°,21.4,0.0%,0,0.1,.176,0.125,.229,50.0%,28.6%,21.4%,50.6%,78.8%,69.2%,30.4%,32.5%,100.0
James Madison,Jackson Tone,All,66,8,86.1,97.4,98.2,37.5%,8.6°,12.0°,37.5,0.0%,0,0.133,.170,0.125,.169,37.5%,25.0%,25.0%,54.5%,68.6%,83.3%,38.7%,38.9%,44.0
Alabama State,Quentin Jenkins,All,79,19,75.0,90.9,96.6,5.3%,29.2°,47.2°,21.1,0.0%,0,0.13,.135,0.122,.138,31.6%,47.4%,5.3%,57.0%,86.5%,71.9%,31.0%,28.9%,80.0
Lehigh,Jack Frankovic,All,129,26,83.9,99.2,103.3,15.4%,3.8°,5.3°,26.9,0.0%,0,0.114,.201,0.122,.223,53.8%,23.1%,19.2%,41.9%,60.0%,82.1%,23.4%,20.4%,106.0
Murray State,Tyler Butina,All,55,7,87.2,102.5,103.4,42.9%,28.7°,15.7°,28.6,0.0%,0,0.091,.177,0.121,.218,28.6%,42.9%,14.3%,40.0%,57.1%,81.2%,22.2%,27.3%,107.0
Memphis,Kyle Mabie,All,38,8,89.3,99.9,99.9,50.0%,20.0°,7.8°,25.0,12.5%,1,0.091,.222,0.121,.273,50.0%,37.5%,0.0%,52.6%,57.1%,75.0%,50.0%,50.0%,21.0
Arkansas-Pine Bluff,Weston Gingerich,All,60,10,81.7,97.3,103.9,10.0%,14.5°,2.9°,20.0,0.0%,0,0.077,.186,0.12,.232,40.0%,30.0%,20.0%,40.0%,66.7%,100.0%,22.2%,0.0%,124.0
UC Santa Barbara,Jack Haferkamp,All,55,7,86.8,97.3,97.9,28.6%,22.9°,30.5°,14.3,0.0%,0,0.077,.155,0.12,.200,42.9%,42.9%,14.3%,45.5%,58.3%,78.6%,35.5%,48.0%,69.0
Villanova,Jake Bollin,All,75,6,77.3,97.8,100.0,16.7%,23.6°,25.9°,33.3,16.7%,1,0.077,.112,0.12,.193,33.3%,50.0%,0.0%,44.0%,66.7%,75.0%,28.9%,33.3%,101.0
Northern Kentucky,Jake Altman,All,90,13,83.6,92.5,93.4,0.0%,6.9°,-,38.5,0.0%,0,0.105,.254,0.119,.263,53.8%,15.4%,30.8%,35.6%,56.8%,92.0%,15.2%,15.6%,101.0
Washington,Kevin Spear,All,36,6,82.2,93.1,93.4,16.7%,26.5°,-0.7°,33.3,0.0%,0,0.167,.231,0.117,.237,16.7%,33.3%,50.0%,30.6%,55.6%,90.0%,5.6%,9.1%,109.0
Princeton,Joseph Zorc,All,39,6,83.8,92.6,93.8,16.7%,-5.6°,-4.7°,0.0,0.0%,0,0.125,.145,0.117,.141,66.7%,33.3%,0.0%,61.5%,92.3%,66.7%,46.2%,33.3%,98.0
Delaware State,Andrew Shute,All,28,6,66.3,86.9,95.4,16.7%,5.5°,18.6°,50.0,0.0%,0,0.125,.256,0.117,.267,50.0%,0.0%,50.0%,64.3%,92.3%,75.0%,40.0%,27.8%,-6.0
UC Davis,Ethan Kang,All,28,6,70.8,86.7,90.0,0.0%,14.6°,-,50.0,0.0%,0,0.125,.174,0.117,.171,16.7%,66.7%,16.7%,46.4%,63.6%,85.7%,35.3%,15.4%,29.0
CSU Bakersfield,Matthew Dobson,All,199,23,84.4,100.0,104.9,34.8%,7.4°,9.8°,43.5,4.3%,1,0.095,.191,0.117,.233,47.8%,17.4%,34.8%,49.7%,72.3%,71.2%,26.5%,33.3%,88.0
George Mason,Cooper Smith,All,25,6,80.7,92.2,98.3,16.7%,18.3°,13.8°,16.7,0.0%,0,0.125,.234,0.117,.242,50.0%,33.3%,16.7%,52.0%,83.3%,100.0%,23.1%,7.7%,76.0
Lipscomb,Jacob Tobias,All,75,10,86.8,103.2,107.1,40.0%,15.8°,22.4°,40.0,0.0%,0,0.059,.194,0.116,.258,30.0%,20.0%,40.0%,41.3%,55.9%,78.9%,29.3%,38.7%,79.0
Coastal Carolina,Phillip Ard,All,64,5,82.1,99.5,105.2,20.0%,16.2°,18.4°,20.0,20.0%,1,0.0,.127,0.115,.241,60.0%,20.0%,20.0%,42.2%,59.3%,75.0%,29.7%,40.7%,95.0
Cal State Northridge,Evan Saito,All,114,20,78.7,92.0,94.3,5.0%,14.9°,-1.7°,25.0,0.0%,0,0.111,.137,0.115,.153,30.0%,40.0%,20.0%,51.8%,65.4%,94.1%,40.3%,15.3%,75.0
Siena,Matt Thorsen,All,92,10,89.0,102.4,102.7,40.0%,12.2°,12.0°,20.0,20.0%,2,0.05,.147,0.111,.264,50.0%,50.0%,0.0%,44.6%,71.4%,73.3%,22.0%,36.6%,85.0
Illinois Springfield,Johnny Wendling,All,35,10,92.0,97.2,99.5,40.0%,24.0°,12.1°,50.0,0.0%,0,0.083,.264,0.111,.313,30.0%,50.0%,20.0%,48.6%,60.0%,100.0%,33.3%,11.8%,72.0
East Carolina,Blade Carver,All,43,10,85.6,107.1,110.8,30.0%,19.9°,26.1°,40.0,20.0%,2,0.083,.261,0.111,.314,30.0%,30.0%,40.0%,53.5%,81.0%,88.2%,27.3%,26.1%,91.0
Alcorn State,Jamir Holloway,All,90,7,70.8,90.5,92.6,0.0%,1.4°,-,42.9,0.0%,0,0.056,.137,0.11,.167,57.1%,14.3%,28.6%,45.6%,65.7%,52.2%,32.7%,53.7%,75.0
Youngstown State,Caleb Hadley,All,90,19,84.4,98.6,104.6,26.3%,10.4°,20.9°,31.6,0.0%,0,0.074,.190,0.108,.245,42.1%,31.6%,26.3%,52.2%,58.5%,66.7%,46.9%,40.4%,0.0
UCF,Sebastian Hurtado,All,28,5,85.9,98.6,100.7,40.0%,6.2°,-1.6°,20.0,0.0%,0,0.0,.212,0.107,.290,60.0%,40.0%,0.0%,39.3%,63.6%,85.7%,23.5%,9.1%,71.0
Hawaii Hilo,Colby Rafail,All,28,6,84.4,92.4,93.1,0.0%,6.7°,-,50.0,0.0%,0,0.0,.415,0.107,.459,33.3%,16.7%,33.3%,32.1%,50.0%,100.0%,18.8%,0.0%,85.0
Grace (IN),Carter Stogsdill,All,28,5,66.4,86.3,86.8,0.0%,-3.9°,-,20.0,0.0%,0,0.0,.092,0.107,.189,60.0%,0.0%,20.0%,60.7%,90.0%,100.0%,44.4%,17.6%,95.0
Carson-Newman,Kevin Hammond,All,25,5,61.9,81.7,81.7,0.0%,-24.5°,-,20.0,0.0%,0,0.0,.192,0.107,.269,60.0%,0.0%,20.0%,48.0%,83.3%,100.0%,15.4%,8.3%,81.0
Campbell,Aaron Smigelski,All,29,5,70.1,98.9,102.3,20.0%,37.3°,18.4°,40.0,0.0%,0,0.0,.163,0.107,.274,20.0%,60.0%,20.0%,51.7%,82.4%,92.9%,8.3%,13.3%,171.0
UNC Asheville,Ben Hemphill,All,66,5,80.0,86.5,87.0,20.0%,2.6°,-12.2°,40.0,0.0%,0,0.0,.128,0.107,.216,60.0%,0.0%,40.0%,40.9%,69.0%,70.0%,18.9%,33.3%,89.0
Auburn,Caiden Combs,All,65,10,81.2,99.1,99.7,20.0%,-29.9°,-11.5°,0.0,0.0%,0,0.067,.156,0.105,.188,100.0%,0.0%,0.0%,47.7%,66.7%,75.0%,31.4%,29.0%,69.0
Jacksonville,Nick DeLisi,All,54,9,81.5,92.4,93.6,0.0%,8.2°,-,11.1,0.0%,0,0.067,.135,0.105,.178,55.6%,22.2%,11.1%,48.1%,70.8%,70.6%,30.0%,34.6%,70.0
Fairleigh Dickinson,Jeremy Cheeseman,All,44,5,81.0,96.2,96.3,60.0%,30.0°,26.6°,40.0,0.0%,0,0.111,.140,0.104,.167,20.0%,40.0%,40.0%,36.4%,52.9%,66.7%,25.9%,50.0%,110.0
Wright State,Parker Falkenstein,All,67,7,91.8,96.2,96.6,42.9%,18.4°,16.2°,14.3,0.0%,0,0.111,.133,0.104,.152,42.9%,42.9%,14.3%,59.7%,79.4%,66.7%,39.4%,47.5%,15.0
Cal State Northridge,Daniel Behrmann,All,36,6,85.8,92.3,92.4,0.0%,31.9°,-,50.0,0.0%,0,0.111,.180,0.104,.204,0.0%,66.7%,33.3%,41.7%,57.9%,72.7%,23.5%,40.0%,74.0
Arkansas-Pine Bluff,Dane Small,All,114,19,83.7,95.4,96.8,15.8%,16.0°,-4.6°,31.6,0.0%,0,0.083,.189,0.101,.223,42.1%,36.8%,21.1%,39.5%,62.5%,91.4%,17.2%,17.8%,102.0
Georgia State,Jackson Ginther,All,60,5,86.8,97.4,103.8,20.0%,45.3°,21.4°,40.0,20.0%,1,0.0,.089,0.1,.209,0.0%,60.0%,40.0%,43.3%,64.3%,66.7%,25.0%,46.2%,99.0
Texas A&M,Zane Becker,All,53,15,86.2,95.3,97.9,13.3%,-3.4°,-5.2°,6.7,0.0%,0,0.067,.225,0.099,.262,73.3%,26.7%,0.0%,39.6%,70.4%,94.7%,7.7%,4.8%,158.0
Princeton,Bryce Gayan,All,60,9,78.4,91.1,94.7,11.1%,13.7°,-2.7°,33.3,0.0%,0,0.067,.197,0.099,.215,55.6%,22.2%,22.2%,40.0%,63.3%,63.2%,16.7%,37.5%,65.0
Illinois Springfield,Noah Caceres,All,61,9,74.1,88.3,91.5,11.1%,18.7°,-15.1°,22.2,0.0%,0,0.071,.108,0.095,.116,44.4%,22.2%,11.1%,52.5%,81.2%,69.2%,20.7%,31.2%,66.0
Arizona,Gavin Triezenberg,All,40,8,85.1,98.4,101.7,25.0%,6.4°,1.6°,25.0,0.0%,0,0.1,.174,0.094,.184,62.5%,25.0%,12.5%,62.5%,90.5%,89.5%,31.6%,12.0%,69.0
Stonehill,Brayden Rader,All,33,5,77.3,94.3,96.0,20.0%,-6.0°,25.3°,40.0,0.0%,0,0.0,.180,0.094,.275,60.0%,20.0%,20.0%,48.5%,78.6%,54.5%,26.3%,37.5%,91.0
Maine,Will Barter,All,73,11,84.8,96.9,97.3,18.2%,26.1°,30.9°,45.5,0.0%,0,0.059,.224,0.094,.276,27.3%,27.3%,27.3%,54.8%,76.5%,84.6%,35.9%,30.0%,75.0
San Diego State,Marc Emmerman,All,33,6,81.4,83.1,84.3,0.0%,7.2°,-,16.7,0.0%,0,0.111,.191,0.094,.186,50.0%,33.3%,16.7%,54.5%,72.2%,84.6%,33.3%,22.2%,117.0
North Carolina A&T,Adrian Gonzalez,All,40,6,75.1,95.3,95.5,33.3%,13.9°,15.3°,33.3,0.0%,0,0.1,.163,0.094,.179,33.3%,33.3%,33.3%,47.5%,50.0%,100.0%,45.5%,21.1%,15.0
Penn,Davis Baker,All,91,16,87.2,93.9,94.3,31.2%,4.7°,-5.2°,6.2,0.0%,0,0.042,.154,0.094,.238,62.5%,18.8%,6.2%,49.5%,70.5%,80.6%,29.8%,33.3%,103.0
Arkansas-Pine Bluff,Trinidad De La Garza,All,32,5,75.1,91.3,99.6,40.0%,25.7°,2.0°,20.0,0.0%,0,0.0,.246,0.094,.319,40.0%,20.0%,20.0%,37.5%,40.0%,100.0%,35.3%,25.0%,96.0
Harvard,Zachary Khozozian,All,78,11,83.6,99.0,101.6,27.3%,23.7°,17.4°,36.4,0.0%,0,0.056,.219,0.089,.258,27.3%,27.3%,45.5%,56.4%,74.3%,65.4%,41.9%,38.6%,45.0
UNC Wilmington,Mac Gillespie,All,48,5,76.9,-,-,20.0%,-19.5°,-7.8°,0.0,0.0%,0,0.1,.110,0.085,.104,100.0%,0.0%,0.0%,47.9%,60.0%,91.7%,39.3%,26.1%,78.0
San Jacinto,TJ Stottlemyre,All,38,7,80.5,99.1,99.2,28.6%,2.6°,10.7°,42.9,0.0%,0,0.091,.243,0.085,.251,42.9%,14.3%,42.9%,44.7%,57.1%,87.5%,37.5%,35.3%,49.0
Texas Southern,Nathaniel Lopez,All,37,7,78.0,97.8,99.7,28.6%,-0.3°,9.0°,14.3,0.0%,0,0.091,.192,0.085,.198,71.4%,14.3%,14.3%,48.6%,61.1%,90.9%,36.8%,33.3%,60.0
Fairleigh Dickinson,Nick Quagliato,All,55,8,90.9,103.4,103.8,50.0%,4.1°,9.3°,37.5,0.0%,0,0.1,.314,0.085,.324,50.0%,12.5%,37.5%,40.0%,77.8%,71.4%,21.6%,31.8%,116.0
Fairfield,Aidan Baglino,All,49,6,91.4,98.2,99.2,50.0%,24.7°,22.2°,50.0,0.0%,0,0.091,.236,0.085,.253,16.7%,33.3%,50.0%,49.0%,76.2%,68.8%,28.6%,41.7%,86.0
Connecticut,Connor Lane,All,39,7,82.3,91.3,94.0,14.3%,7.1°,-1.3°,14.3,0.0%,0,0.091,.094,0.085,.096,57.1%,42.9%,0.0%,61.5%,77.8%,78.6%,47.6%,41.7%,2.0
Presbyterian,Mikah Conner,All,80,9,87.6,100.3,105.2,22.2%,32.0°,31.2°,11.1,0.0%,0,0.053,.071,0.084,.134,22.2%,55.6%,0.0%,63.7%,89.7%,65.7%,39.0%,45.1%,132.0
Washington State,Cole Watterson,All,85,8,76.5,93.1,97.0,12.5%,14.5°,4.9°,0.0,0.0%,0,0.053,.055,0.084,.091,50.0%,50.0%,0.0%,40.0%,59.6%,71.4%,15.8%,38.2%,100.0
Nicholls,Andrew Miller,All,102,12,85.8,96.6,102.3,25.0%,30.4°,15.8°,16.7,0.0%,0,0.04,.121,0.084,.164,33.3%,25.0%,16.7%,62.7%,86.7%,79.5%,43.9%,34.4%,79.0
Florida A&M,Adam Parzych,All,33,7,79.5,88.4,95.2,14.3%,46.3°,9.0°,28.6,0.0%,0,0.0,.128,0.083,.197,0.0%,57.1%,28.6%,45.5%,70.6%,91.7%,18.8%,6.7%,136.0
Alabama State,Joe Dolinshek,All,66,12,87.0,101.7,107.0,33.3%,24.8°,15.7°,8.3,0.0%,0,0.0,.234,0.083,.313,50.0%,33.3%,8.3%,37.9%,56.0%,92.9%,26.8%,28.0%,25.0
North Florida,Ty Velardo,All,48,6,69.2,81.8,82.6,0.0%,18.3°,-,0.0,0.0%,0,0.0,.047,0.083,.124,50.0%,33.3%,0.0%,47.9%,72.7%,87.5%,26.9%,13.0%,114.0
North Carolina A&T,Caleb Beals,All,35,5,81.9,90.9,90.9,0.0%,-9.0°,-,20.0,0.0%,0,0.0,.147,0.083,.217,80.0%,0.0%,20.0%,48.6%,68.4%,100.0%,25.0%,17.6%,127.0
Coppin State,Kenan Harvey,All,42,5,80.2,90.1,92.4,0.0%,7.2°,-,20.0,0.0%,0,0.0,.151,0.083,.218,60.0%,0.0%,20.0%,38.1%,62.5%,70.0%,23.1%,31.2%,83.0
Middle Tennessee,Grant Snider,All,32,6,85.7,93.5,96.1,16.7%,28.6°,20.4°,50.0,0.0%,0,0.0,.101,0.083,.187,16.7%,33.3%,33.3%,50.0%,81.8%,66.7%,33.3%,37.5%,33.0
Le Moyne,Landen Duprey,All,39,5,81.9,91.5,91.9,0.0%,11.3°,-,40.0,0.0%,0,0.0,.080,0.083,.165,40.0%,20.0%,40.0%,28.2%,40.0%,83.3%,20.8%,27.3%,83.0
Seton Hall,Dominic Trolio,All,31,7,80.4,-,-,14.3%,-37.8°,-31.5°,0.0,0.0%,0,0.0,.169,0.083,.229,100.0%,0.0%,0.0%,45.2%,83.3%,90.0%,21.1%,7.1%,127.0
Truett-McConnell,Jacob Karvelas,All,41,6,85.4,91.0,93.6,16.7%,-11.3°,-58.3°,16.7,0.0%,0,0.0,.165,0.083,.230,66.7%,16.7%,16.7%,31.7%,55.6%,90.0%,13.0%,23.1%,78.0
CSU San Bernardino,Patrick Fregoso,All,39,5,80.5,86.7,89.9,0.0%,37.8°,-,40.0,0.0%,0,0.0,.178,0.083,.243,0.0%,40.0%,40.0%,46.2%,75.0%,73.3%,15.8%,33.3%,128.0
North Carolina A&T,Jason Campo,All,86,11,74.3,95.9,96.9,9.1%,-2.4°,1.3°,0.0,0.0%,0,0.087,.115,0.081,.116,81.8%,9.1%,0.0%,65.1%,85.4%,71.4%,46.7%,50.0%,57.0
South Dakota State,Brady Brown,All,92,15,73.7,85.4,86.1,0.0%,-2.9°,-,6.7,0.0%,0,0.053,.109,0.08,.139,60.0%,33.3%,0.0%,48.9%,69.0%,75.9%,32.0%,31.1%,111.0
Santa Clara,Russ Filter,All,79,12,82.6,84.1,84.2,0.0%,16.2°,-,25.0,0.0%,0,0.05,.098,0.08,.130,41.7%,25.0%,25.0%,49.4%,61.0%,76.0%,36.8%,35.9%,69.0
Coppin State,Pedro Agosto,All,86,11,82.8,103.2,106.5,18.2%,15.0°,21.0°,18.2,0.0%,0,0.048,.125,0.079,.145,36.4%,36.4%,18.2%,41.9%,63.6%,61.9%,28.3%,36.1%,107.0
Wichita State,Dominic Archila,All,51,9,82.7,94.6,94.8,0.0%,23.8°,-,44.4,0.0%,0,0.083,.223,0.078,.225,44.4%,33.3%,22.2%,49.0%,75.0%,83.3%,25.9%,24.0%,136.0
Saint Peter's,Max Abrams,All,48,7,96.3,102.9,104.6,57.1%,23.2°,21.7°,71.4,28.6%,2,0.083,.233,0.078,.346,14.3%,42.9%,42.9%,47.9%,56.5%,76.9%,40.0%,47.8%,-29.0
South Carolina,Jack Reynolds,All,84,15,90.5,102.3,104.5,33.3%,4.4°,18.1°,26.7,0.0%,0,0.05,.245,0.077,.293,46.7%,13.3%,26.7%,45.2%,75.8%,76.0%,25.5%,23.7%,116.0
Southern,Omari Johnson,All,44,8,76.8,74.0,74.4,0.0%,2.7°,-,0.0,0.0%,0,0.0,.130,0.075,.189,62.5%,25.0%,0.0%,38.6%,62.5%,86.7%,10.0%,11.8%,121.0
Eastern Kentucky,Ryan Johnson,All,37,6,79.6,89.4,91.1,0.0%,12.0°,-,50.0,0.0%,0,0.0,.108,0.075,.185,33.3%,16.7%,50.0%,40.5%,63.2%,66.7%,16.7%,33.3%,81.0
Omaha,Jackson Vaughn,All,43,5,76.7,86.0,87.0,0.0%,-16.1°,-,20.0,0.0%,0,0.0,.095,0.075,.161,80.0%,20.0%,0.0%,44.2%,61.1%,72.7%,32.0%,36.8%,68.0
South Carolina,Caleb Hoover,All,38,5,81.7,91.2,93.1,20.0%,15.9°,-16.2°,0.0,0.0%,0,0.0,.125,0.075,.185,60.0%,40.0%,0.0%,47.4%,58.8%,80.0%,38.1%,27.8%,0.0
Columbia,Ben Seminara,All,36,9,81.3,97.5,102.0,22.2%,1.4°,6.3°,22.2,0.0%,0,0.0,.238,0.075,.305,44.4%,22.2%,22.2%,47.2%,71.4%,70.0%,31.8%,35.3%,100.0
Taylor,Rylee Singleton,All,55,7,84.7,92.9,94.1,0.0%,16.2°,-,57.1,0.0%,0,0.077,.216,0.072,.220,14.3%,28.6%,57.1%,36.4%,66.7%,85.7%,17.6%,35.0%,115.0
Brown,Cameron LaGrassa,All,38,8,77.6,92.9,96.2,12.5%,14.7°,5.6°,37.5,0.0%,0,0.077,.214,0.072,.221,50.0%,37.5%,12.5%,57.9%,72.7%,75.0%,37.5%,36.4%,23.0
Troy,Ty McGraw,All,53,7,84.8,90.8,91.0,14.3%,23.7°,-9.6°,14.3,0.0%,0,0.077,.132,0.072,.127,42.9%,14.3%,14.3%,41.5%,58.6%,82.4%,20.8%,18.2%,61.0
Alcorn State,Michael Bonelli,All,50,5,77.3,90.5,94.6,0.0%,-2.8°,-,20.0,0.0%,0,0.077,.064,0.072,.072,60.0%,20.0%,20.0%,52.0%,63.2%,66.7%,45.2%,46.2%,4.0
CSU Bakersfield,Lewis Barnum,All,86,7,88.1,98.6,99.7,28.6%,32.9°,25.5°,71.4,0.0%,0,0.0,.089,0.071,.198,0.0%,57.1%,42.9%,36.0%,62.9%,54.5%,17.6%,51.6%,96.0
Albany,Victor Mazzara,All,96,12,76.3,92.1,92.5,0.0%,15.9°,-,33.3,0.0%,0,0.0,.164,0.071,.215,41.7%,33.3%,25.0%,35.4%,54.9%,85.7%,13.3%,17.6%,77.0
Marist,Michael Mayhugh,All,39,7,77.7,98.8,100.3,14.3%,3.2°,18.5°,28.6,0.0%,0,0.0,.123,0.068,.200,57.1%,14.3%,14.3%,64.1%,80.0%,87.5%,47.4%,28.0%,116.0
Winthrop,Chet Bowling,All,98,17,79.9,97.6,98.0,29.4%,8.8°,11.9°,41.2,0.0%,0,0.048,.226,0.067,.252,41.2%,17.6%,41.2%,53.1%,75.0%,93.3%,37.9%,19.2%,62.0
Jacksonville,Manuel Souffrain,All,60,8,85.0,99.2,101.6,12.5%,2.1°,17.2°,25.0,0.0%,0,0.071,.116,0.067,.146,50.0%,37.5%,12.5%,50.0%,69.7%,56.5%,25.9%,46.7%,62.0
Western Michigan,Diego Pena,All,56,8,80.2,92.7,99.4,12.5%,27.2°,10.3°,37.5,0.0%,0,0.071,.155,0.067,.154,25.0%,50.0%,12.5%,53.6%,55.6%,50.0%,52.6%,46.7%,1.0
Stetson,Esteban Dessureault,All,112,17,79.4,100.4,103.7,11.8%,6.1°,15.0°,23.5,0.0%,0,0.04,.136,0.065,.170,41.2%,17.6%,23.5%,44.6%,64.8%,80.0%,25.9%,30.0%,83.0
Delaware,Luke Lambert,All,53,7,75.8,101.1,101.2,28.6%,-6.7°,17.5°,0.0,0.0%,0,0.0,.121,0.058,.211,57.1%,14.3%,14.3%,37.7%,54.5%,75.0%,25.8%,40.0%,85.0
Mississippi Valley,Jordan Jones,All,70,7,76.4,94.8,95.4,14.3%,15.5°,21.0°,14.3,0.0%,0,0.062,.039,0.055,.048,42.9%,14.3%,14.3%,58.6%,75.8%,76.0%,43.2%,36.6%,34.0
Tulane,Evan Burg,All,104,20,86.2,96.6,99.2,10.0%,6.0°,6.2°,20.0,0.0%,0,0.0,.202,0.054,.255,55.0%,25.0%,15.0%,41.3%,54.5%,87.5%,31.7%,25.6%,60.0
USC Beaufort,Noah Campbell,All,51,13,78.8,96.2,96.4,15.4%,7.5°,-,23.1,0.0%,0,0.0,.180,0.054,.301,46.2%,30.8%,23.1%,39.2%,62.5%,93.3%,18.5%,5.0%,161.0
Georgia College,Keagan Baxter,All,62,5,80.4,85.2,87.1,0.0%,11.0°,-,40.0,0.0%,0,0.0,.128,0.047,.184,60.0%,20.0%,20.0%,46.8%,59.3%,43.8%,37.1%,58.6%,17.0
UL Monroe,Logan Duffy,All,86,10,84.2,99.4,99.4,30.0%,-3.9°,13.2°,20.0,10.0%,1,0.0,.169,0.044,.237,70.0%,10.0%,10.0%,38.4%,63.9%,87.0%,20.0%,27.3%,97.0
Florida International,Kyle Koehler,All,89,13,83.8,100.6,102.3,23.1%,22.6°,36.0°,23.1,7.7%,1,0.0,.149,0.037,.236,30.8%,61.5%,7.7%,43.8%,67.4%,75.9%,21.7%,33.3%,109.0
Texas Southern,Jonathan Trejo,All,33,6,80.7,87.9,90.4,16.7%,21.1°,-6.7°,16.7,0.0%,0,0.0,.092,0.0,.094,50.0%,16.7%,0.0%,33.3%,43.8%,71.4%,23.5%,27.3%,46.0
Dayton,Amir Gray,All,56,6,69.1,79.2,86.2,16.7%,-1.0°,-,0.0,0.0%,0,0.0,.077,0.0,.073,83.3%,16.7%,0.0%,39.3%,45.0%,100.0%,36.1%,22.7%,33.0
Grand Canyon,Cael Boever,All,27,5,86.2,84.3,84.8,0.0%,10.3°,-,0.0,0.0%,0,0.0,.098,0.0,.099,60.0%,40.0%,0.0%,48.1%,69.2%,77.8%,28.6%,38.5%,115.0
Purdue,Charlie Vercruysse,All,26,8,61.8,68.1,68.1,0.0%,-32.6°,-,0.0,0.0%,0,0.0,.202,0.0,.186,75.0%,12.5%,0.0%,42.3%,70.0%,100.0%,25.0%,9.1%,103.0
Marian (IN),Hector Corona,All,54,7,79.7,94.4,96.3,14.3%,25.3°,43.3°,0.0,0.0%,0,0.0,.070,0.0,.084,28.6%,42.9%,0.0%,51.9%,84.0%,81.0%,24.1%,25.0%,147.0
Memphis,Michael Politte,All,55,6,87.1,91.3,91.8,0.0%,40.6°,-,0.0,0.0%,0,0.0,.081,0.0,.083,33.3%,33.3%,0.0%,50.9%,61.5%,68.8%,41.4%,57.1%,33.0
West Georgia,Carson Mynatt,All,70,8,84.8,97.0,100.1,12.5%,33.3°,29.6°,25.0,12.5%,1,0.0,.051,0.0,.086,12.5%,75.0%,0.0%,54.3%,73.5%,84.0%,36.1%,39.5%,76.0
Mary Hardin-Baylor,Chris Perez,All,37,8,81.4,85.4,87.1,0.0%,27.7°,-,25.0,0.0%,0,0.0,.219,0.0,.218,25.0%,37.5%,25.0%,45.9%,70.0%,85.7%,17.6%,17.6%,173.0
Pacific Lutheran,Braeden Lundberg,All,30,6,83.7,93.8,95.9,16.7%,27.8°,22.1°,50.0,0.0%,0,0.0,.095,0.0,.130,16.7%,66.7%,16.7%,43.3%,75.0%,66.7%,31.8%,30.8%,163.0
Georgetown,Jackson Thomas,All,50,5,88.3,100.4,103.5,40.0%,30.0°,9.7°,40.0,0.0%,0,0.0,.142,0.0,.158,0.0%,40.0%,40.0%,44.0%,51.9%,71.4%,34.8%,45.5%,-28.0
Lindenwood,Preston Wright,All,28,5,85.2,102.3,104.4,20.0%,-2.3°,15.8°,60.0,0.0%,0,0.0,.230,0.0,.266,40.0%,0.0%,60.0%,53.6%,73.3%,81.8%,30.8%,13.3%,97.0
Cal Poly,Vincent Van der Wel,All,50,10,82.8,94.4,96.7,10.0%,34.9°,29.3°,30.0,0.0%,0,0.0,.142,0.0,.178,20.0%,70.0%,10.0%,50.0%,63.2%,66.7%,41.9%,56.0%,19.0
Maine,Eric Wainwright,All,67,7,77.8,91.5,93.9,0.0%,25.1°,-,28.6,0.0%,0,0.0,.097,0.0,.091,42.9%,28.6%,14.3%,47.8%,66.7%,72.7%,29.4%,31.2%,75.0
Hawaii,Evan Rolbiecki,All,31,7,78.0,93.8,98.5,14.3%,12.8°,1.1°,0.0,0.0%,0,0.0,.163,0.0,.157,71.4%,14.3%,0.0%,48.4%,57.1%,75.0%,41.2%,33.3%,-61.0
Mississippi Valley,Luke Richard,All,40,5,82.9,93.4,94.9,0.0%,16.7°,-,20.0,0.0%,0,0.0,.159,0.0,.160,20.0%,40.0%,20.0%,47.5%,60.0%,75.0%,35.0%,47.4%,92.0
