Team,Player,Pitch Type,Pitches,BBE,EV,EV 90,Max EV,HH%,LA,HH LA,SwSpot%,Barrel%,Barrels,BA,xBA,wOBA,xwOBA,GB%,FB%,LD%,Swing%,Z-Swing%,Z-Contact%,Chase%,Whiff%,SD+
Wheaton (MA),Robbie Lamond,All,31,6,90.0,100.7,101.2,50.0%,11.1°,15.3°,50.0,16.7%,1,1.0,0.484,1.127,0.629,50.0%,33.3%,16.7%,45.2%,83.3%,90.0%,21.1%,14.3%,123
UT Dallas,Efren Munoz,All,40,11,83.6,91.8,93.1,0.0%,17.8°,-,36.4,0.0%,0,0.636,0.323,1.006,0.367,36.4%,45.5%,9.1%,35.0%,66.7%,100.0%,9.1%,0.0%,203
Ohio,Brady Alexander,All,27,7,89.1,97.6,101.1,28.6%,29.7°,18.5°,42.9,0.0%,0,0.75,0.31,0.966,0.447,0.0%,57.1%,42.9%,37.0%,70.0%,100.0%,17.6%,30.0%,165
Lindsey Wilson,Drake Young,All,40,6,83.0,96.4,96.8,50.0%,5.8°,9.4°,50.0,0.0%,0,0.667,0.356,0.925,0.479,50.0%,33.3%,16.7%,47.5%,89.5%,82.4%,9.5%,21.1%,114
UMass Lowell,Sean O'Leary,All,36,12,98.7,108.1,108.7,75.0%,14.9°,18.7°,75.0,25.0%,3,0.667,0.594,0.87,0.782,25.0%,25.0%,50.0%,47.2%,60.9%,100.0%,23.1%,11.8%,141
La Verne,Matthew Rice,All,36,5,94.2,98.2,98.7,40.0%,10.2°,10.3°,60.0,0.0%,0,0.833,0.568,0.824,0.601,20.0%,0.0%,80.0%,36.1%,54.5%,83.3%,28.0%,46.2%,110
Tampa,Jordan Williams,All,39,7,101.3,108.2,109.4,71.4%,21.2°,17.9°,85.7,14.3%,1,0.8,0.364,0.822,0.638,14.3%,28.6%,57.1%,43.6%,69.6%,87.5%,6.2%,17.6%,153
Cumberlands (KY),Charlie Muniz,All,243,59,96.0,109.2,112.6,59.3%,23.4°,21.8°,47.5,27.1%,16,0.5,0.474,0.758,0.727,18.6%,50.8%,27.1%,45.7%,77.2%,91.5%,26.5%,10.8%,137
Pikeville,Austin Gurney,All,35,6,81.6,94.7,95.7,16.7%,8.4°,17.1°,66.7,0.0%,0,0.667,0.538,0.746,0.592,33.3%,0.0%,66.7%,28.6%,60.0%,100.0%,16.0%,20.0%,123
Tennessee Wesleyan,Devon Dixon,All,30,5,90.0,95.2,95.6,20.0%,8.4°,8.0°,20.0,0.0%,0,0.571,0.192,0.746,0.341,40.0%,40.0%,20.0%,46.7%,72.7%,100.0%,31.6%,14.3%,134
Redlands,Nathan Miller,All,49,10,89.3,99.4,99.8,50.0%,22.0°,22.7°,70.0,10.0%,1,0.6,0.424,0.743,0.563,10.0%,40.0%,40.0%,32.7%,66.7%,83.3%,12.9%,18.8%,157
SUNY Cortland,Luke Schartner,All,44,7,86.7,97.3,97.9,42.9%,3.9°,23.0°,28.6,0.0%,0,0.556,0.288,0.729,0.421,42.9%,14.3%,42.9%,34.1%,80.0%,87.5%,20.6%,26.7%,152
Lander,Jackson Hoshour,All,40,6,83.0,102.3,102.3,66.7%,2.8°,6.2°,50.0,0.0%,0,0.714,0.552,0.72,0.545,50.0%,0.0%,50.0%,45.0%,71.4%,93.3%,15.8%,5.6%,153
Point Loma,Jake Entrekin,All,35,5,86.5,102.8,103.0,40.0%,1.5°,20.7°,40.0,20.0%,1,0.5,0.297,0.718,0.473,60.0%,20.0%,20.0%,42.9%,78.6%,81.8%,19.0%,13.3%,129
Lander,Grant Sherrod,All,52,9,92.9,109.5,111.3,55.6%,-3.5°,4.8°,22.2,22.2%,2,0.545,0.34,0.712,0.5,77.8%,11.1%,11.1%,46.2%,66.7%,88.9%,24.0%,20.8%,111
MIT,Louis Hernandez,All,31,7,95.0,102.0,104.4,42.9%,27.1°,22.7°,42.9,28.6%,2,0.571,0.366,0.706,0.566,14.3%,71.4%,14.3%,45.2%,80.0%,58.3%,12.5%,42.9%,124
North Park,Nathan Sommerfeld,All,38,7,84.8,99.3,102.4,28.6%,31.8°,30.9°,42.9,0.0%,0,0.444,0.236,0.704,0.334,14.3%,57.1%,14.3%,39.5%,75.0%,91.7%,13.6%,13.3%,158
Union,Carson Chavies,All,127,22,86.3,99.6,100.9,31.8%,14.9°,12.1°,50.0,0.0%,0,0.593,0.408,0.699,0.491,31.8%,18.2%,45.5%,31.5%,71.1%,96.3%,14.6%,10.0%,136
Missouri State,Brant Kragel,All,39,5,91.6,103.1,105.4,40.0%,15.7°,26.4°,60.0,0.0%,0,0.571,0.325,0.695,0.426,20.0%,40.0%,40.0%,46.2%,70.6%,83.3%,27.3%,22.2%,84
LaGrange,Adam Dorn,All,46,12,90.6,96.8,102.6,41.7%,22.4°,12.8°,41.7,8.3%,1,0.615,0.423,0.693,0.515,16.7%,41.7%,41.7%,39.1%,92.9%,100.0%,15.6%,5.6%,178
La Verne,Jason Givens,All,39,11,93.2,100.1,101.8,54.5%,-2.4°,1.3°,36.4,9.1%,1,0.667,0.431,0.687,0.485,63.6%,18.2%,18.2%,48.7%,55.6%,100.0%,42.9%,5.3%,110
Reinhardt,Robert Phelps,All,53,18,88.6,100.4,102.1,33.3%,11.5°,10.2°,33.3,5.6%,1,0.529,0.376,0.679,0.429,38.9%,22.2%,22.2%,49.1%,74.1%,100.0%,23.1%,11.5%,118
Illinois Springfield,Ethan Bowers,All,82,8,95.1,103.2,103.6,62.5%,11.4°,12.2°,50.0,12.5%,1,0.583,0.371,0.672,0.546,37.5%,12.5%,50.0%,42.7%,77.8%,95.2%,25.5%,17.1%,157
CLA_CLA,Andrew Mazzone,All,33,5,81.3,111.8,113.2,40.0%,24.9°,24.6°,40.0,40.0%,2,0.5,0.383,0.67,0.618,20.0%,20.0%,40.0%,39.4%,66.7%,87.5%,23.8%,15.4%,14
Illinois Wesleyan,Justin Gadomski,All,105,34,86.7,100.3,102.8,26.5%,17.1°,15.1°,52.9,2.9%,1,0.5,0.331,0.669,0.415,29.4%,32.4%,38.2%,54.3%,75.0%,100.0%,36.8%,8.8%,152
Tampa,Cole Russo,All,41,7,80.3,105.5,107.5,28.6%,-4.2°,20.8°,57.1,14.3%,1,0.444,0.328,0.667,0.475,28.6%,14.3%,57.1%,58.5%,85.7%,83.3%,44.4%,25.0%,100
High Point,Caleb Hammond,All,67,7,94.3,102.5,102.6,57.1%,24.3°,9.0°,57.1,14.3%,1,0.364,0.244,0.666,0.459,14.3%,28.6%,42.9%,37.3%,62.1%,66.7%,18.4%,40.0%,119
Emmanuel (GA),Landon Mokris,All,226,39,91.8,105.7,109.2,46.2%,18.9°,16.2°,53.8,10.3%,4,0.511,0.368,0.665,0.498,20.5%,28.2%,33.3%,41.6%,73.8%,93.2%,24.0%,10.6%,114
Pacific Lutheran,Brody Phinney,All,38,5,93.3,100.7,100.8,40.0%,13.1°,23.8°,40.0,20.0%,1,0.5,0.173,0.662,0.316,20.0%,40.0%,20.0%,42.1%,63.6%,85.7%,33.3%,31.2%,77
Georgetown (KY),Nolan Smith,All,33,5,97.6,100.7,102.2,80.0%,22.7°,14.9°,60.0,20.0%,1,0.5,0.456,0.661,0.601,20.0%,40.0%,40.0%,39.4%,50.0%,83.3%,33.3%,30.8%,128
East Texas Baptist,Hunter Rumachik,All,30,8,88.7,104.4,106.3,37.5%,10.2°,23.2°,62.5,25.0%,2,0.444,0.376,0.659,0.558,12.5%,50.0%,37.5%,53.3%,72.7%,87.5%,42.1%,12.5%,105
Kansas State,Max Martin,All,250,38,98.9,110.7,112.2,65.8%,15.2°,16.5°,36.8,21.1%,8,0.462,0.379,0.657,0.589,31.6%,31.6%,28.9%,41.2%,65.5%,74.3%,21.2%,33.0%,100
Southern,Dylan Jones,All,46,6,91.4,103.3,104.1,33.3%,23.4°,24.7°,33.3,33.3%,2,0.375,0.278,0.655,0.518,33.3%,50.0%,0.0%,39.1%,73.3%,81.8%,22.6%,22.2%,158
King,Josh Nuno,All,29,7,89.5,94.4,94.6,0.0%,15.4°,-,42.9,0.0%,0,0.625,0.336,0.651,0.576,28.6%,14.3%,42.9%,48.3%,84.6%,90.9%,18.8%,14.3%,148
Delta State,Brendan McCauley,All,44,12,80.3,96.5,102.6,8.3%,9.0°,25.4°,33.3,8.3%,1,0.583,0.339,0.648,0.52,50.0%,25.0%,16.7%,38.6%,62.5%,80.0%,25.0%,11.8%,121
Reinhardt,Barry Eiseman,All,68,14,91.5,96.9,102.3,50.0%,14.9°,8.3°,35.7,7.1%,1,0.571,0.423,0.642,0.524,35.7%,28.6%,35.7%,42.6%,78.1%,100.0%,11.1%,0.0%,145
Lenoir-Rhyne,Alex Rich,All,40,6,91.3,94.8,96.1,33.3%,9.1°,1.9°,16.7,0.0%,0,0.625,0.324,0.641,0.37,66.7%,16.7%,16.7%,47.5%,78.9%,80.0%,19.0%,26.3%,200
La Verne,Jake Ledford,All,36,9,83.3,91.8,94.5,0.0%,8.3°,-,55.6,0.0%,0,0.6,0.51,0.636,0.501,66.7%,0.0%,33.3%,44.4%,62.5%,100.0%,30.0%,6.2%,47
Biola,Adiel Torres,All,41,5,92.0,97.6,98.1,40.0%,10.3°,18.1°,80.0,0.0%,0,0.625,0.372,0.63,0.397,20.0%,0.0%,80.0%,61.0%,76.2%,75.0%,45.0%,28.0%,38
Ashland,Sam Witt,All,44,8,87.4,104.3,106.1,37.5%,-0.9°,10.5°,12.5,0.0%,0,0.5,0.318,0.629,0.426,87.5%,12.5%,0.0%,36.4%,61.1%,100.0%,19.2%,6.2%,146
UT Dallas,Thomas Soto,All,47,11,81.0,93.9,95.3,9.1%,7.1°,9.8°,36.4,0.0%,0,0.545,0.434,0.629,0.467,45.5%,18.2%,36.4%,42.6%,58.3%,92.9%,26.1%,10.0%,109
Tampa,Jhoander Irigoyen,All,37,8,84.2,101.9,102.9,50.0%,-14.8°,14.4°,37.5,12.5%,1,0.5,0.467,0.629,0.588,62.5%,12.5%,25.0%,37.8%,68.8%,100.0%,14.3%,0.0%,134
British Columbia,Stephen Waters,All,39,9,86.0,96.9,97.7,22.2%,6.4°,17.8°,55.6,0.0%,0,0.556,0.488,0.628,0.548,44.4%,0.0%,55.6%,38.5%,71.4%,90.0%,20.0%,6.7%,139
Lenoir-Rhyne,Mackenzie Wainwright,All,484,102,93.9,109.0,111.6,57.8%,12.3°,12.2°,45.1,13.7%,14,0.461,0.391,0.624,0.531,35.3%,27.5%,35.3%,40.7%,66.2%,91.5%,23.5%,16.2%,106
Webber International,Nathan Cannizzaro,All,38,5,89.3,95.6,96.9,20.0%,15.8°,12.8°,20.0,0.0%,0,0.6,0.301,0.623,0.468,40.0%,20.0%,20.0%,26.3%,62.5%,70.0%,0.0%,30.0%,166
Coppin State,Noah Hogan,All,71,15,81.1,91.7,98.1,6.7%,31.0°,15.6°,46.7,0.0%,0,0.571,0.283,0.619,0.376,13.3%,40.0%,26.7%,39.4%,71.0%,77.3%,15.0%,21.4%,148
Charleston,Casey Finck,All,41,7,84.4,99.4,100.0,42.9%,1.5°,4.7°,14.3,0.0%,0,0.5,0.261,0.619,0.383,71.4%,14.3%,14.3%,29.3%,50.0%,88.9%,13.0%,16.7%,162
MIT,Zev Moore,All,55,10,89.9,101.8,106.8,50.0%,5.3°,7.9°,40.0,0.0%,0,0.5,0.414,0.619,0.636,40.0%,10.0%,40.0%,40.0%,63.6%,78.6%,24.2%,18.2%,147
Lenoir-Rhyne,Cole Stanford,All,372,72,87.6,105.7,108.7,43.1%,10.6°,9.4°,30.6,9.7%,7,0.463,0.307,0.616,0.455,44.4%,29.2%,18.1%,36.6%,56.1%,92.8%,23.7%,14.0%,112
Shenandoah,Noah Cornwell,All,241,43,95.9,107.2,110.4,65.1%,12.4°,14.2°,37.2,14.0%,6,0.421,0.332,0.616,0.491,39.5%,27.9%,32.6%,44.4%,72.8%,81.3%,23.2%,30.8%,102
Hardin-Simmons,Quincy McGraw,All,70,14,79.3,95.3,95.4,14.3%,15.5°,21.6°,50.0,0.0%,0,0.375,0.298,0.616,0.43,21.4%,35.7%,42.9%,30.0%,52.0%,100.0%,17.8%,14.3%,138
Norfolk State,Jamal Ritter,All,87,14,87.7,101.6,104.0,42.9%,14.9°,17.4°,57.1,14.3%,2,0.444,0.34,0.615,0.467,28.6%,28.6%,42.9%,35.6%,68.4%,84.6%,10.2%,16.1%,122
FGCU,Jaret Nelson,All,343,39,91.1,106.7,108.6,66.7%,17.5°,22.1°,56.4,25.6%,10,0.414,0.331,0.614,0.542,25.6%,38.5%,33.3%,34.7%,59.6%,87.7%,18.4%,20.2%,130
Cumberlands (KY),Caden Petrey,All,232,35,90.3,108.1,109.0,48.6%,11.1°,18.3°,54.3,14.3%,5,0.442,0.419,0.611,0.578,34.3%,25.7%,37.1%,36.6%,71.0%,85.7%,22.1%,20.0%,121
Reinhardt,Dryden Howse,All,54,10,92.3,98.6,100.4,40.0%,11.0°,0.5°,30.0,0.0%,0,0.5,0.292,0.61,0.358,60.0%,20.0%,20.0%,35.2%,65.0%,92.3%,17.6%,26.3%,102
Cumberlands (KY),Zamaurion Hatcher,All,44,6,85.3,96.4,97.9,16.7%,15.9°,26.7°,66.7,0.0%,0,0.429,0.377,0.61,0.526,33.3%,16.7%,50.0%,31.8%,41.7%,100.0%,28.1%,0.0%,150
Erskine,Mason McManus,All,73,13,84.9,98.7,99.9,46.2%,16.6°,14.8°,30.8,7.7%,1,0.438,0.313,0.606,0.463,30.8%,46.2%,23.1%,35.6%,67.9%,89.5%,15.6%,23.1%,112
Villanova,Jake Bollin,All,35,8,93.4,105.8,109.5,50.0%,21.9°,14.7°,37.5,12.5%,1,0.4,0.275,0.606,0.448,25.0%,50.0%,25.0%,42.9%,64.3%,88.9%,28.6%,26.7%,79
West Texas A&M,Seth Ochoa,All,45,8,91.9,96.2,96.9,25.0%,18.7°,24.2°,50.0,0.0%,0,0.3,0.199,0.605,0.355,25.0%,50.0%,25.0%,35.6%,57.1%,91.7%,16.7%,12.5%,100
Norfolk State,Justin Journette,All,75,14,100.5,115.9,118.7,64.3%,18.9°,11.1°,35.7,14.3%,2,0.45,0.346,0.604,0.443,28.6%,35.7%,28.6%,53.3%,87.5%,82.1%,27.9%,42.5%,90
UT Dallas,Trent McCown,All,54,7,83.9,95.5,100.6,14.3%,14.2°,42.6°,42.9,0.0%,0,0.375,0.299,0.603,0.484,28.6%,28.6%,42.9%,33.3%,66.7%,78.6%,12.1%,16.7%,178
Ashland,Max Caron,All,192,27,86.9,107.9,108.9,33.3%,13.1°,19.5°,59.3,7.4%,2,0.515,0.359,0.601,0.5,33.3%,22.2%,44.4%,27.6%,57.7%,92.7%,9.9%,17.0%,149
Keiser,Edbarry Guzman-Ithier,All,71,11,90.0,102.3,102.9,63.6%,-0.5°,14.0°,72.7,0.0%,0,0.429,0.411,0.601,0.524,27.3%,0.0%,72.7%,38.0%,68.8%,81.8%,12.8%,22.2%,110
Lenoir-Rhyne,Sal Carricato,All,430,92,89.5,104.2,108.1,39.1%,16.2°,17.4°,41.3,6.5%,6,0.458,0.342,0.6,0.457,29.3%,31.5%,32.6%,43.3%,66.8%,87.8%,25.6%,22.0%,112
Northern Colorado,Ethan Mooser,All,73,10,87.8,102.6,102.8,40.0%,15.7°,17.4°,50.0,0.0%,0,0.462,0.332,0.597,0.484,30.0%,20.0%,40.0%,32.9%,60.7%,82.4%,15.6%,12.5%,111
California Lutheran,Josh Quinn,All,66,9,95.1,103.0,104.0,55.6%,32.8°,25.2°,55.6,33.3%,3,0.333,0.234,0.596,0.461,0.0%,44.4%,22.2%,40.9%,68.2%,73.3%,27.3%,33.3%,124
Ashland,Collin Overholt,All,160,32,90.4,102.1,105.5,46.9%,18.0°,19.7°,53.1,9.4%,3,0.472,0.384,0.594,0.519,25.0%,34.4%,40.6%,39.4%,61.8%,91.5%,19.0%,9.5%,120
Taylor,Luke Sutter,All,208,33,88.4,99.9,101.7,42.4%,11.5°,12.8°,54.5,3.0%,1,0.474,0.393,0.594,0.495,39.4%,18.2%,36.4%,37.5%,65.5%,94.5%,18.5%,11.5%,118
Chapman,Matt Cristol,All,146,26,91.1,102.8,104.2,42.3%,11.0°,10.0°,30.8,7.7%,2,0.452,0.338,0.593,0.491,53.8%,26.9%,15.4%,37.0%,72.9%,80.0%,19.4%,20.4%,136
Reinhardt,Nash Crowell,All,73,15,88.5,103.9,105.3,33.3%,24.2°,21.6°,26.7,6.7%,1,0.5,0.365,0.592,0.474,33.3%,26.7%,20.0%,45.2%,74.2%,95.7%,23.8%,9.1%,112
Walsh,Grant Blomeke,All,46,5,86.5,99.1,99.8,40.0%,8.2°,11.6°,60.0,0.0%,0,0.556,0.312,0.591,0.412,40.0%,0.0%,60.0%,34.8%,68.4%,61.5%,11.1%,43.8%,134
Westcliff,Jack Varney,All,44,6,82.4,96.9,99.1,16.7%,15.8°,34.2°,50.0,0.0%,0,0.375,0.229,0.591,0.42,16.7%,33.3%,50.0%,29.5%,40.0%,87.5%,20.8%,23.1%,104
Sacred Heart,Steak Newman,All,102,19,90.1,101.7,102.2,63.2%,14.9°,17.9°,68.4,21.1%,4,0.435,0.36,0.591,0.498,26.3%,31.6%,42.1%,39.2%,67.4%,80.6%,16.1%,27.5%,114
Nova Southeastern,Xavier Moronta,All,50,11,90.9,103.2,104.9,54.5%,26.4°,21.1°,54.5,27.3%,3,0.417,0.383,0.59,0.588,18.2%,36.4%,27.3%,48.0%,75.0%,100.0%,23.1%,4.2%,78
Southeastern Louisiana,Bailyn Sorensen,All,42,8,88.0,102.5,106.8,37.5%,6.3°,3.4°,12.5,0.0%,0,0.583,0.289,0.587,0.326,62.5%,25.0%,12.5%,47.6%,64.7%,72.7%,36.0%,40.0%,-1
SUNY Cortland,Nolan Smith,All,55,6,83.1,101.7,103.6,50.0%,20.3°,17.1°,100.0,16.7%,1,0.571,0.537,0.587,0.623,16.7%,33.3%,50.0%,34.5%,63.2%,91.7%,19.4%,10.5%,161
Bowling Green,DJ Newman,All,143,26,88.7,104.9,107.5,46.2%,4.2°,9.9°,34.6,7.7%,2,0.467,0.349,0.587,0.473,53.8%,23.1%,23.1%,42.7%,73.6%,82.1%,24.4%,13.1%,125
NJIT,Mason Wolf,All,239,46,91.3,102.2,107.0,52.2%,9.6°,8.4°,34.8,4.3%,2,0.481,0.323,0.585,0.443,45.7%,23.9%,26.1%,38.1%,64.2%,83.6%,20.8%,22.0%,127
New Mexico,Ethan Ott,All,559,104,91.8,108.9,111.9,51.0%,13.8°,19.3°,42.3,20.2%,21,0.419,0.349,0.584,0.526,33.7%,35.6%,27.9%,41.5%,74.0%,86.2%,17.9%,23.3%,137
Illinois Wesleyan,John Philip Ferraro,All,97,15,90.9,97.9,107.6,46.7%,16.6°,10.3°,66.7,0.0%,0,0.429,0.28,0.582,0.378,26.7%,20.0%,53.3%,43.3%,78.4%,86.2%,21.7%,21.4%,177
Illinois Springfield,Johnny Wendling,All,56,9,88.7,100.1,100.8,22.2%,24.3°,11.8°,66.7,0.0%,0,0.5,0.41,0.581,0.536,11.1%,22.2%,66.7%,30.4%,75.0%,86.7%,5.6%,17.6%,211
St. Thomas (TX),Alex Trinh,All,77,12,92.2,102.0,104.6,50.0%,11.4°,9.9°,75.0,0.0%,0,0.533,0.511,0.58,0.568,16.7%,0.0%,83.3%,45.5%,83.3%,96.0%,21.3%,8.6%,132
Arkansas-Pine Bluff,Blake Coleman,All,35,5,85.2,96.0,96.1,40.0%,19.6°,20.4°,100.0,0.0%,0,0.429,0.403,0.579,0.479,20.0%,20.0%,60.0%,48.6%,61.5%,62.5%,40.9%,35.3%,95
Charleston,Dakota Miller,All,36,10,91.5,105.3,106.0,40.0%,15.7°,5.2°,60.0,0.0%,0,0.417,0.32,0.579,0.357,20.0%,20.0%,50.0%,63.9%,82.4%,64.3%,47.4%,52.2%,74
Jackson State,Joseph Eichelberger,All,71,15,91.1,102.7,103.6,40.0%,-4.5°,6.9°,20.0,6.7%,1,0.55,0.246,0.578,0.393,53.3%,6.7%,13.3%,40.8%,59.4%,84.2%,25.6%,24.1%,73
Bowling Green,Brady Birchmeier,All,155,31,96.2,107.2,109.6,67.7%,15.5°,11.1°,51.6,16.1%,5,0.405,0.4,0.578,0.548,29.0%,29.0%,41.9%,39.4%,61.0%,94.4%,26.0%,23.0%,67
Saint Peter's,Tyler Smith,All,69,12,93.9,101.9,102.1,58.3%,17.9°,14.3°,41.7,8.3%,1,0.417,0.388,0.577,0.565,33.3%,25.0%,33.3%,40.6%,66.7%,86.4%,16.7%,21.4%,163
King,Nathan Borchardt,All,72,13,93.3,104.0,108.8,53.8%,11.5°,13.3°,61.5,7.7%,1,0.467,0.34,0.571,0.45,30.8%,7.7%,53.8%,40.3%,66.7%,75.0%,21.4%,24.1%,78
Walsh,Cam Hollobaugh,All,64,6,93.5,104.0,104.2,66.7%,18.3°,18.2°,100.0,33.3%,2,0.4,0.376,0.571,0.555,0.0%,33.3%,66.7%,34.4%,63.2%,100.0%,22.2%,27.3%,146
Hawaii Pacific,Noah Blythe,All,112,26,93.4,106.7,108.6,57.7%,17.0°,11.4°,50.0,7.7%,2,0.516,0.432,0.571,0.508,26.9%,19.2%,42.3%,52.7%,83.0%,89.7%,30.8%,16.9%,88
Concord,Nick DiSanti,All,53,14,80.6,91.8,93.3,7.1%,20.6°,-31.6°,42.9,0.0%,0,0.533,0.362,0.57,0.395,35.7%,35.7%,14.3%,45.3%,69.6%,100.0%,26.7%,0.0%,113
UT Tyler,Bryce Jewell,All,190,45,85.8,99.3,100.8,22.2%,9.5°,20.5°,33.3,4.4%,2,0.46,0.27,0.567,0.387,51.1%,22.2%,22.2%,50.5%,80.2%,87.7%,28.4%,16.7%,106
Francis Marion,Dariel Villaran Goundis,All,28,5,83.8,98.2,98.6,40.0%,16.9°,11.8°,20.0,0.0%,0,0.5,0.253,0.567,0.23,60.0%,20.0%,20.0%,28.6%,53.3%,100.0%,0.0%,0.0%,148
Saint Francis (IN),Kasen Oribello,All,113,17,89.0,95.9,96.1,23.5%,20.0°,28.9°,58.8,0.0%,0,0.375,0.234,0.565,0.383,5.9%,35.3%,41.2%,39.8%,61.1%,69.7%,20.3%,35.6%,115
Cumberlands (KY),Max Harper,All,214,27,89.3,106.0,110.9,44.4%,11.7°,12.6°,29.6,11.1%,3,0.4,0.299,0.565,0.499,51.9%,25.9%,18.5%,31.3%,63.2%,90.7%,16.4%,22.4%,122
Lindenwood,Sam Grunberg,All,108,23,93.5,105.6,106.9,52.2%,17.3°,14.0°,39.1,17.4%,4,0.429,0.317,0.565,0.454,26.1%,26.1%,34.8%,53.7%,79.5%,88.6%,35.9%,19.0%,56
Auburn Montgomery,Hayden Grier,All,41,9,71.6,89.7,93.2,0.0%,-9.1°,-,44.4,0.0%,0,0.5,0.301,0.564,0.347,44.4%,11.1%,33.3%,46.3%,70.0%,100.0%,38.7%,21.1%,122
Quincy,Jake Vitale,All,51,7,90.0,100.7,102.2,42.9%,16.1°,10.5°,28.6,14.3%,1,0.375,0.377,0.561,0.533,42.9%,42.9%,14.3%,41.2%,89.5%,76.5%,12.5%,33.3%,123
Charleston,Carter Rust,All,51,8,79.8,106.2,106.6,25.0%,4.9°,14.8°,25.0,12.5%,1,0.4,0.284,0.561,0.329,50.0%,12.5%,25.0%,41.2%,55.6%,90.0%,33.3%,28.6%,62
Bloomsburg,Brady Ebbert,All,25,6,79.6,97.4,98.2,33.3%,6.5°,13.0°,50.0,0.0%,0,0.5,0.423,0.559,0.477,33.3%,33.3%,33.3%,44.0%,70.0%,100.0%,26.7%,9.1%,87
Newberry,Anthony Plotkin,All,61,11,92.0,98.9,101.1,27.3%,-2.1°,10.3°,45.5,0.0%,0,0.5,0.454,0.559,0.496,45.5%,0.0%,45.5%,37.7%,44.4%,100.0%,32.4%,4.3%,37
Mississippi College,Bryce Capobianco,All,71,10,82.0,98.6,98.9,40.0%,-4.5°,9.8°,30.0,0.0%,0,0.5,0.27,0.558,0.356,50.0%,20.0%,30.0%,40.8%,67.7%,95.2%,20.0%,17.2%,87
Azusa Pacific,Eli Morgan,All,34,12,90.0,102.6,107.1,41.7%,14.9°,16.6°,50.0,8.3%,1,0.462,0.376,0.558,0.495,33.3%,33.3%,33.3%,55.9%,87.5%,85.7%,27.8%,10.5%,97
Oklahoma Wesleyan,Javier Marcial,All,91,11,89.4,101.7,103.4,54.5%,7.0°,11.8°,36.4,0.0%,0,0.438,0.261,0.558,0.381,36.4%,18.2%,45.5%,42.9%,70.3%,76.9%,24.1%,28.2%,111
High Point,Brayden Simpson,All,785,148,93.5,110.1,113.1,52.7%,14.9°,19.3°,41.2,20.3%,30,0.429,0.4,0.557,0.56,34.5%,29.7%,31.8%,43.9%,69.9%,87.4%,22.9%,18.6%,113
Delta State,Triston Hickman,All,52,8,83.1,95.7,96.1,25.0%,12.5°,40.5°,25.0,0.0%,0,0.4,0.096,0.557,0.238,37.5%,62.5%,0.0%,32.7%,56.5%,76.9%,13.8%,35.3%,85
Fairleigh Dickinson,Felix Gonzalez,All,33,5,79.0,96.9,99.0,20.0%,15.7°,37.2°,40.0,0.0%,0,0.429,0.155,0.556,0.204,40.0%,20.0%,20.0%,48.5%,72.2%,69.2%,20.0%,37.5%,96
Chapman,Nicholas Naccarato,All,76,11,84.3,97.1,99.0,27.3%,9.2°,11.3°,54.5,0.0%,0,0.5,0.398,0.555,0.459,36.4%,18.2%,45.5%,38.2%,73.3%,81.8%,15.2%,17.2%,147
Florida Memorial,Christian Carratala,All,87,9,80.4,94.2,97.9,11.1%,5.9°,18.1°,77.8,0.0%,0,0.417,0.389,0.554,0.499,22.2%,11.1%,66.7%,35.6%,73.3%,77.3%,15.8%,25.8%,185
Pacific (OR),Matt Gibbs,All,45,8,80.7,95.6,96.6,25.0%,-14.3°,11.4°,37.5,0.0%,0,0.375,0.394,0.554,0.511,62.5%,12.5%,25.0%,35.6%,66.7%,100.0%,20.0%,6.2%,186
Dallas,Caleb Hohman,All,50,7,85.8,101.2,101.7,42.9%,10.5°,14.3°,42.9,0.0%,0,0.4,0.245,0.554,0.43,28.6%,42.9%,28.6%,30.0%,55.0%,72.7%,13.3%,40.0%,102
King,Michael Starrs,All,88,15,88.2,99.9,101.5,40.0%,13.2°,26.0°,40.0,0.0%,0,0.389,0.237,0.551,0.344,33.3%,33.3%,33.3%,44.3%,68.2%,86.7%,20.5%,17.9%,111
Millersville,Amani Jones,All,221,46,87.1,96.5,99.1,17.4%,11.6°,7.9°,34.8,0.0%,0,0.447,0.347,0.55,0.457,37.0%,23.9%,32.6%,43.9%,61.5%,96.4%,31.5%,7.2%,90
Saint Francis (IN),Callan Stauffer,All,127,12,78.6,96.0,96.7,16.7%,-3.8°,10.1°,33.3,0.0%,0,0.4,0.248,0.55,0.455,58.3%,0.0%,33.3%,33.9%,68.1%,71.9%,13.8%,39.5%,148
Iona,James Kemp,All,94,19,93.4,103.0,106.7,42.1%,24.5°,18.7°,47.4,5.3%,1,0.45,0.365,0.549,0.493,21.1%,42.1%,26.3%,41.5%,72.1%,90.3%,15.7%,15.4%,122
Ashland,Gage Weaver,All,81,18,84.1,99.9,100.0,27.8%,4.8°,-3.4°,22.2,0.0%,0,0.556,0.311,0.547,0.373,61.1%,22.2%,16.7%,43.2%,65.5%,100.0%,30.8%,0.0%,87
Georgia State,Kaleb Freeman,All,1021,131,93.6,107.0,111.2,56.5%,14.6°,16.2°,43.5,14.5%,19,0.364,0.335,0.547,0.525,35.1%,35.1%,26.7%,30.4%,55.6%,86.3%,12.8%,21.6%,131
Mississippi State,Steven Spalitta,All,50,11,87.8,100.8,102.7,36.4%,11.4°,20.4°,45.5,0.0%,0,0.429,0.371,0.547,0.454,27.3%,18.2%,45.5%,52.0%,76.2%,81.2%,34.5%,11.5%,99
East Texas Baptist,Luke Bumpus,All,285,64,84.4,99.9,102.6,21.9%,10.2°,8.6°,32.8,0.0%,0,0.449,0.368,0.547,0.444,43.8%,23.4%,29.7%,39.3%,65.6%,95.1%,18.8%,10.7%,136
Middlebury,Kyle McCausland,All,139,27,88.1,104.7,107.1,40.7%,13.0°,14.0°,22.2,11.1%,3,0.371,0.279,0.547,0.487,40.7%,33.3%,11.1%,45.3%,71.7%,81.8%,32.3%,28.6%,104
UT Tyler,Drew Schmidt,All,264,56,88.1,100.3,102.4,26.8%,10.9°,7.8°,28.6,1.8%,1,0.5,0.321,0.545,0.4,48.2%,23.2%,23.2%,40.9%,75.2%,92.4%,18.2%,11.1%,149
Whitman,Tristan Buehring,All,53,9,84.0,96.4,96.6,22.2%,22.9°,11.2°,77.8,0.0%,0,0.538,0.337,0.545,0.367,11.1%,11.1%,66.7%,41.5%,60.0%,66.7%,30.3%,31.8%,36
Lynn,Cole Fowler,All,31,9,95.6,107.0,109.2,66.7%,3.8°,5.0°,33.3,11.1%,1,0.5,0.416,0.543,0.467,55.6%,11.1%,33.3%,61.3%,78.6%,90.9%,47.1%,26.3%,78
Gardner-Webb,Dale Francis,All,316,58,93.0,105.5,107.3,56.9%,16.3°,18.6°,50.0,19.0%,11,0.368,0.351,0.543,0.504,32.8%,36.2%,25.9%,51.9%,78.7%,74.8%,31.7%,32.3%,94
San Francisco State,Daniel Murillo,All,79,11,88.9,100.8,101.4,36.4%,1.6°,11.8°,27.3,0.0%,0,0.364,0.418,0.543,0.559,63.6%,9.1%,27.3%,40.5%,65.6%,95.2%,23.4%,6.2%,110
Stonehill,Grayson Sparr,All,150,24,92.0,107.7,108.8,58.3%,11.5°,16.7°,33.3,16.7%,4,0.344,0.318,0.541,0.49,33.3%,41.7%,25.0%,42.7%,77.4%,81.2%,18.2%,26.6%,129
Angelo State,Jacob Guerrero,All,58,15,87.9,92.1,94.6,26.7%,3.2°,-6.3°,26.7,0.0%,0,0.529,0.251,0.541,0.289,53.3%,26.7%,13.3%,48.3%,72.4%,85.7%,24.1%,25.0%,87
Georgia College,Braeden Smith,All,410,74,89.7,104.4,110.2,43.2%,10.8°,19.4°,40.5,6.8%,5,0.424,0.319,0.54,0.453,33.8%,31.1%,32.4%,33.7%,53.6%,91.8%,17.6%,13.0%,118
Southern Illinois,Mason Schwalbach,All,78,16,91.6,101.8,102.6,50.0%,9.4°,16.2°,56.2,6.2%,1,0.526,0.483,0.54,0.529,37.5%,18.8%,43.8%,42.3%,70.3%,84.6%,17.1%,15.2%,152
Le Moyne,Tyler Campbell,All,59,7,88.4,101.9,104.0,42.9%,16.0°,14.3°,42.9,14.3%,1,0.4,0.331,0.54,0.492,28.6%,42.9%,28.6%,50.8%,83.3%,70.0%,28.6%,33.3%,112
Lamar,Damian Ruiz,All,639,113,86.2,102.2,105.1,26.5%,9.5°,14.7°,32.7,3.5%,4,0.427,0.293,0.539,0.405,45.1%,23.9%,26.5%,38.8%,64.4%,89.2%,17.7%,16.5%,136
Pomona-Pitzer,Jack Gold,All,489,69,83.4,99.2,101.7,26.1%,15.4°,12.0°,42.0,2.9%,2,0.356,0.229,0.539,0.405,31.9%,29.0%,24.6%,38.0%,72.4%,82.4%,17.9%,22.0%,151
High Point,Konni Durschlag,All,819,136,93.9,108.7,113.0,51.5%,14.2°,13.1°,37.5,10.3%,14,0.428,0.373,0.539,0.49,36.8%,31.6%,28.7%,35.0%,56.3%,88.3%,19.3%,16.4%,108
Reinhardt,Cade Chamlee,All,58,10,89.0,96.7,96.8,40.0%,17.5°,11.9°,50.0,0.0%,0,0.385,0.265,0.539,0.455,20.0%,20.0%,40.0%,41.4%,55.6%,93.3%,29.0%,16.7%,53
Norfolk State,Jayden Israel,All,72,13,79.5,90.5,96.8,7.7%,12.8°,5.3°,38.5,0.0%,0,0.467,0.378,0.538,0.421,46.2%,30.8%,23.1%,40.3%,65.6%,95.2%,20.0%,6.9%,117
Lindsey Wilson,Chance Stayton,All,38,7,92.0,101.6,103.3,57.1%,14.6°,4.7°,28.6,0.0%,0,0.571,0.472,0.538,0.497,42.9%,14.3%,28.6%,57.9%,84.2%,93.8%,31.6%,13.6%,98
Illinois Springfield,Ty Hollandsworth,All,61,11,79.5,99.7,100.5,27.3%,28.7°,27.0°,63.6,9.1%,1,0.438,0.288,0.537,0.385,27.3%,36.4%,27.3%,44.3%,72.4%,76.2%,18.8%,37.0%,99
Willamette,Drew Baskin,All,83,15,89.8,97.9,102.3,20.0%,8.3°,19.2°,53.3,0.0%,0,0.45,0.374,0.537,0.423,40.0%,6.7%,53.3%,44.6%,71.9%,87.0%,27.5%,21.6%,107
Grand View,Erik Broekemeier,All,32,8,95.8,108.8,110.4,50.0%,19.4°,9.5°,37.5,12.5%,1,0.444,0.441,0.536,0.524,37.5%,37.5%,25.0%,62.5%,83.3%,90.0%,50.0%,20.0%,21
Austin Peay,John Bay,All,668,95,95.5,111.5,114.7,62.1%,11.3°,13.5°,40.0,23.2%,22,0.372,0.34,0.535,0.522,41.1%,27.4%,26.3%,41.8%,70.7%,79.8%,22.6%,32.6%,99
Pacific Lutheran,Braeden Lundberg,All,63,11,77.3,87.8,91.5,0.0%,13.1°,-,63.6,0.0%,0,0.462,0.333,0.535,0.409,45.5%,9.1%,45.5%,50.8%,90.5%,100.0%,31.0%,6.2%,131
California PA,Santino Marra,All,59,13,75.7,95.2,95.4,15.4%,8.4°,15.6°,38.5,0.0%,0,0.5,0.31,0.535,0.389,38.5%,15.4%,38.5%,50.8%,84.0%,100.0%,26.5%,0.0%,114
East Texas Baptist,Jacob Newland,All,110,16,84.7,95.6,99.6,31.2%,18.3°,15.2°,37.5,0.0%,0,0.412,0.273,0.534,0.413,43.8%,25.0%,25.0%,31.8%,54.7%,89.7%,10.5%,17.1%,150
Pomona-Pitzer,JC Ng,All,521,98,87.1,101.9,106.5,35.7%,10.6°,10.4°,38.8,4.1%,4,0.376,0.313,0.532,0.452,35.7%,23.5%,30.6%,31.7%,60.4%,94.1%,14.2%,7.9%,149
Jacksonville,Jaden Bastain,All,253,44,93.1,107.5,112.3,50.0%,4.2°,4.9°,25.0,15.9%,7,0.373,0.346,0.532,0.526,50.0%,18.2%,18.2%,36.0%,58.7%,86.9%,20.1%,18.7%,109
Tennessee Tech,Jackson Green,All,182,27,88.6,100.6,101.5,37.0%,22.1°,22.4°,55.6,3.7%,1,0.405,0.262,0.532,0.404,22.2%,44.4%,29.6%,41.2%,65.5%,78.2%,20.4%,25.3%,115
USC Upstate,Johnny Sweeney,All,774,114,89.9,109.1,114.5,45.6%,11.9°,11.8°,37.7,14.0%,16,0.374,0.326,0.532,0.459,41.2%,28.9%,27.2%,37.2%,57.9%,85.3%,22.8%,22.9%,98
Tennessee,Andrew Fischer,All,1138,167,93.9,106.9,109.7,60.5%,20.2°,23.3°,43.1,19.8%,33,0.347,0.369,0.531,0.56,24.6%,41.9%,31.7%,39.4%,69.9%,84.4%,18.1%,21.7%,122
Southern Illinois,Timothy Simay,All,193,37,91.8,104.4,109.0,51.4%,9.7°,10.0°,43.2,0.0%,0,0.462,0.426,0.531,0.498,40.5%,16.2%,40.5%,29.0%,50.0%,90.9%,11.4%,12.5%,104
UT Dallas,Kole Kinnison,All,49,10,80.1,93.2,94.9,0.0%,6.5°,-,30.0,0.0%,0,0.364,0.291,0.53,0.414,40.0%,20.0%,30.0%,46.9%,73.7%,78.6%,30.0%,17.4%,154
SUNY Cortland,Chris Bonacci,All,51,9,78.8,87.8,89.4,0.0%,7.6°,-,66.7,0.0%,0,0.455,0.415,0.53,0.417,33.3%,11.1%,55.6%,43.1%,81.0%,88.2%,16.7%,13.6%,148
Concordia Texas,Colby Christian,All,44,8,84.2,102.4,105.6,25.0%,13.6°,13.6°,25.0,0.0%,0,0.455,0.196,0.53,0.416,25.0%,12.5%,25.0%,56.8%,91.7%,45.5%,43.8%,44.0%,103
Wake Forest,Ethan Conrad,All,394,64,91.9,107.4,109.7,50.0%,13.0°,14.8°,39.1,15.6%,10,0.372,0.346,0.53,0.518,37.5%,26.6%,26.6%,41.6%,65.7%,91.2%,23.0%,18.9%,92
Tampa,Brayden Woodburn,All,46,10,93.5,103.7,104.5,50.0%,10.6°,11.2°,20.0,10.0%,1,0.417,0.332,0.529,0.406,60.0%,30.0%,10.0%,43.5%,80.0%,100.0%,15.4%,20.0%,132
Wagner,Bryce Phelps,All,125,17,83.2,98.9,100.0,29.4%,-4.7°,2.1°,23.5,0.0%,0,0.45,0.284,0.529,0.406,58.8%,5.9%,29.4%,36.0%,66.7%,86.7%,18.8%,20.0%,136
Centre,Evan Weyler,All,309,57,88.4,100.8,102.8,36.8%,10.3°,12.1°,36.8,3.5%,2,0.42,0.331,0.528,0.425,43.9%,21.1%,29.8%,39.5%,66.4%,86.7%,21.2%,18.9%,112
North Greenville,Alton Gyselman,All,100,15,89.4,101.1,101.8,46.7%,1.6°,8.1°,13.3,0.0%,0,0.4,0.225,0.528,0.339,53.3%,26.7%,20.0%,38.0%,60.5%,84.6%,21.1%,21.1%,119
Cumberlands (KY),Pedro Vasquez,All,206,39,92.3,109.9,111.8,51.3%,12.1°,14.9°,28.2,17.9%,7,0.404,0.332,0.527,0.449,43.6%,25.6%,20.5%,46.1%,75.3%,79.3%,28.7%,24.2%,101
Davidson,Gavin Thomas,All,66,10,87.6,106.2,108.2,40.0%,16.0°,28.0°,50.0,20.0%,2,0.357,0.228,0.526,0.397,30.0%,30.0%,40.0%,43.9%,81.8%,72.2%,25.0%,34.5%,133
Austin Peay,Ray Velazquez,All,526,86,89.0,106.5,111.1,44.2%,18.9°,13.8°,45.3,12.8%,11,0.385,0.337,0.526,0.485,32.6%,30.2%,29.1%,37.5%,61.8%,85.9%,21.6%,23.4%,87
Southern Illinois,Johnny Lemm,All,206,37,88.1,108.0,109.4,45.9%,12.2°,5.1°,24.3,8.1%,3,0.357,0.301,0.526,0.401,43.2%,24.3%,24.3%,38.3%,63.0%,86.2%,18.4%,19.0%,115
Concord,Kaden Swaim,All,69,12,85.0,100.0,100.1,33.3%,-6.0°,10.7°,50.0,0.0%,0,0.5,0.354,0.525,0.45,50.0%,0.0%,50.0%,39.1%,70.4%,94.7%,19.0%,14.8%,140
Richmond,Brady O'Brien,All,758,137,92.1,107.4,112.9,54.7%,10.8°,15.4°,46.7,11.7%,16,0.387,0.384,0.525,0.524,33.6%,29.2%,32.8%,39.7%,64.7%,90.7%,20.4%,17.6%,117
West Georgia,Carter Dierdorf,All,159,27,96.6,105.2,107.7,74.1%,20.2°,15.8°,44.4,3.7%,1,0.382,0.343,0.524,0.445,29.6%,40.7%,29.6%,35.2%,61.3%,89.5%,18.6%,23.2%,115
Notre Dame,Carson Tinney,All,783,106,96.1,112.1,115.6,56.6%,14.2°,16.5°,40.6,26.4%,28,0.34,0.348,0.524,0.543,34.9%,30.2%,26.4%,40.2%,63.6%,78.9%,22.8%,31.4%,83
Oklahoma Wesleyan,Ravaughn Morgan,All,72,17,89.0,98.0,100.1,29.4%,7.4°,6.5°,35.3,5.9%,1,0.412,0.353,0.523,0.435,41.2%,29.4%,23.5%,41.7%,66.7%,94.4%,26.7%,10.0%,127
Lebanon Valley,Tyler Satterfield,All,73,12,84.8,96.6,98.0,25.0%,8.2°,13.6°,58.3,0.0%,0,0.474,0.246,0.523,0.267,41.7%,16.7%,41.7%,41.1%,80.8%,66.7%,19.1%,50.0%,145
Quinnipiac,Christian Smith,All,270,56,90.1,102.2,108.4,48.2%,15.6°,17.0°,44.6,8.9%,5,0.4,0.37,0.522,0.505,32.1%,28.6%,33.9%,45.6%,71.9%,81.6%,24.2%,22.8%,98
William Carey,Preston Ratliff,All,241,34,91.8,106.1,111.0,55.9%,14.7°,17.6°,50.0,8.8%,3,0.4,0.317,0.521,0.441,29.4%,26.5%,44.1%,42.3%,73.9%,83.8%,22.8%,27.5%,127
Southern,Cardell Thibodeaux,All,138,20,85.0,100.1,101.9,30.0%,8.9°,19.8°,35.0,5.0%,1,0.37,0.256,0.521,0.372,40.0%,35.0%,25.0%,41.3%,59.4%,81.6%,25.7%,26.3%,99
Centre,Ben Prather,All,331,67,85.7,100.8,104.7,31.3%,5.1°,16.2°,34.3,1.5%,1,0.434,0.34,0.52,0.421,49.3%,20.9%,25.4%,38.7%,71.0%,87.5%,19.3%,16.4%,121
Embry-Riddle,Max Kops,All,67,9,81.7,101.6,103.4,22.2%,19.8°,15.7°,44.4,11.1%,1,0.385,0.303,0.52,0.363,33.3%,22.2%,33.3%,43.3%,72.0%,66.7%,26.2%,41.4%,110
Davidson,Cider Canon,All,642,116,91.3,107.4,113.8,52.6%,15.9°,12.4°,38.8,16.4%,19,0.387,0.326,0.52,0.465,33.6%,29.3%,31.9%,43.6%,71.6%,82.4%,24.4%,26.8%,114
Cincinnati,Kerrington Cross,All,1008,154,93.3,105.1,108.9,55.8%,17.0°,16.1°,46.8,12.3%,19,0.409,0.36,0.518,0.52,27.9%,33.1%,33.8%,39.1%,68.7%,86.1%,15.2%,21.1%,131
Connecticut,Ryan Daniels,All,771,139,89.0,106.3,112.3,45.3%,17.2°,20.1°,43.9,13.7%,19,0.353,0.331,0.518,0.489,28.8%,38.1%,30.2%,42.2%,73.7%,83.7%,18.1%,20.3%,133
Reinhardt,Louis Dion,All,38,6,88.8,99.4,100.1,33.3%,6.6°,8.2°,16.7,0.0%,0,0.5,0.304,0.518,0.389,66.7%,16.7%,16.7%,39.5%,71.4%,90.0%,20.8%,20.0%,137
New Mexico,Jordy Oriach,All,663,131,91.2,107.0,112.1,51.1%,13.0°,12.1°,40.5,6.9%,9,0.405,0.362,0.517,0.461,41.2%,22.9%,34.4%,43.6%,63.8%,91.0%,28.9%,16.3%,87
William & Mary,Ben Parker,All,784,154,90.3,106.7,112.2,44.8%,8.3°,14.0°,38.3,11.0%,17,0.414,0.349,0.517,0.472,42.2%,20.1%,30.5%,44.1%,71.0%,86.2%,23.8%,17.1%,127
Saint Francis (IN),Eli Riley,All,121,17,83.2,97.8,98.3,17.6%,10.7°,20.6°,29.4,0.0%,0,0.36,0.243,0.517,0.375,47.1%,17.6%,23.5%,49.6%,70.9%,76.9%,31.8%,33.3%,99
San Francisco State,Michael Cunningham,All,64,10,93.6,103.9,104.2,60.0%,18.1°,24.6°,60.0,20.0%,2,0.312,0.272,0.517,0.443,20.0%,40.0%,40.0%,46.9%,70.4%,89.5%,29.7%,30.0%,77
Auburn,Ike Irish,All,908,162,95.4,108.2,113.9,61.1%,8.3°,7.4°,31.5,10.5%,17,0.371,0.343,0.516,0.475,46.3%,23.5%,21.6%,40.2%,63.5%,83.1%,22.5%,19.2%,93
Duke,Noah Murray,All,195,23,88.3,102.9,105.9,43.5%,19.9°,19.4°,34.8,13.0%,3,0.361,0.239,0.516,0.428,30.4%,34.8%,21.7%,30.3%,46.1%,85.4%,17.0%,27.1%,93
West Alabama,Tanner Jones,All,42,9,67.8,94.9,95.9,11.1%,-6.6°,25.4°,44.4,0.0%,0,0.545,0.306,0.515,0.326,55.6%,11.1%,33.3%,45.2%,76.5%,84.6%,24.0%,15.8%,94
Georgia,Bryce Clavon,All,70,5,90.4,98.6,98.6,40.0%,18.4°,13.6°,20.0,0.0%,0,0.364,0.155,0.515,0.27,40.0%,20.0%,20.0%,38.6%,60.0%,72.2%,22.5%,29.6%,75
Whitman,Halen Otte,All,57,9,95.0,102.9,106.4,77.8%,14.0°,17.3°,33.3,0.0%,0,0.273,0.334,0.515,0.475,44.4%,33.3%,22.2%,29.8%,64.7%,90.9%,15.0%,23.5%,175
NJIT,Raymond Ortiz,All,316,57,91.2,104.5,108.3,47.4%,21.9°,21.2°,49.1,10.5%,6,0.397,0.323,0.514,0.438,24.6%,38.6%,33.3%,47.8%,77.7%,80.2%,26.9%,27.8%,113
USC Beaufort,Jake Tanner,All,32,7,65.9,79.0,82.6,0.0%,8.9°,-,14.3,0.0%,0,0.5,0.217,0.514,0.316,42.9%,28.6%,14.3%,53.1%,73.3%,90.9%,35.3%,29.4%,102
New Orleans,Adrian Dominguez,All,220,38,89.3,101.2,104.6,31.6%,13.9°,13.9°,50.0,0.0%,0,0.422,0.336,0.514,0.442,31.6%,18.4%,44.7%,35.0%,69.0%,93.3%,12.8%,11.7%,164
Mississippi College,JT Vance,All,67,13,93.9,104.7,105.7,53.8%,28.9°,24.5°,46.2,23.1%,3,0.333,0.289,0.512,0.449,15.4%,30.8%,30.8%,47.8%,63.3%,84.2%,35.1%,21.9%,122
West Texas A&M,Kory Schmidt,All,35,9,87.3,101.4,103.0,33.3%,13.6°,15.0°,66.7,11.1%,1,0.417,0.335,0.512,0.42,11.1%,44.4%,44.4%,48.6%,61.1%,100.0%,35.3%,17.6%,106
Dayton,Michael DiMartini,All,555,91,92.5,108.4,111.1,53.8%,6.9°,9.5°,41.8,7.7%,7,0.43,0.337,0.512,0.443,42.9%,20.9%,35.2%,49.5%,73.9%,77.1%,32.3%,32.4%,91
Columbus State,Cayden Evans,All,118,39,84.6,98.4,100.9,28.2%,4.2°,7.8°,41.0,0.0%,0,0.45,0.367,0.512,0.403,43.6%,20.5%,33.3%,49.2%,71.7%,92.1%,30.8%,8.6%,83
Georgia Tech,Drew Burress,All,1095,182,91.7,108.1,110.8,50.5%,18.6°,13.8°,33.5,11.5%,21,0.349,0.307,0.511,0.458,31.3%,34.6%,23.6%,37.2%,62.1%,87.5%,19.8%,19.4%,107
University of Montevallo,McGwire Turner,All,337,69,86.6,102.4,106.2,34.8%,5.8°,8.3°,24.6,5.8%,4,0.43,0.309,0.511,0.392,58.0%,23.2%,17.4%,43.9%,77.4%,89.3%,22.1%,18.2%,126
Union,Kylon Joyner,All,52,8,86.9,92.3,94.9,0.0%,9.5°,-,37.5,0.0%,0,0.444,0.282,0.511,0.422,37.5%,12.5%,37.5%,26.9%,60.0%,83.3%,6.2%,21.4%,176
Tusculum,Omar Carreras,All,324,58,88.3,102.7,106.6,34.5%,11.2°,16.1°,43.1,6.9%,4,0.373,0.331,0.511,0.476,34.5%,31.0%,29.3%,34.9%,65.5%,92.1%,17.8%,16.8%,166
George Mason,Jaime Quinn-Irons,All,781,133,90.9,111.5,116.4,47.4%,10.2°,12.8°,36.1,14.3%,19,0.388,0.322,0.51,0.44,43.6%,26.3%,25.6%,42.8%,69.6%,88.9%,24.9%,23.7%,98
Florida State,Alex Lodise,All,932,172,93.8,108.1,113.0,52.3%,12.5°,15.3°,39.5,15.7%,27,0.396,0.353,0.509,0.476,38.4%,28.5%,26.2%,53.1%,82.2%,81.8%,33.0%,26.9%,63
Indiana,Devin Taylor,All,934,169,94.1,108.0,111.9,58.0%,7.5°,13.7°,36.1,16.6%,28,0.364,0.373,0.509,0.544,45.0%,23.7%,25.4%,41.0%,67.4%,86.3%,18.2%,19.1%,117
Murray State,Dominic Decker,All,321,55,89.3,100.9,102.6,36.4%,9.1°,10.1°,49.1,1.8%,1,0.435,0.38,0.509,0.468,40.0%,14.5%,45.5%,37.4%,68.5%,91.2%,10.5%,10.8%,126
High Point,Christian Smith,All,801,103,93.5,105.7,108.6,54.4%,19.8°,21.4°,29.1,13.6%,14,0.36,0.253,0.509,0.424,36.9%,39.8%,15.5%,42.8%,68.1%,81.7%,25.2%,27.1%,106
Seton Hall,Aiden Robbins,All,614,109,91.3,107.5,109.8,45.9%,8.2°,12.8°,39.4,11.9%,13,0.414,0.377,0.509,0.512,45.9%,21.1%,31.2%,40.2%,73.0%,88.4%,19.6%,19.8%,128
Rider,Joe Tiroly,All,197,32,95.0,110.1,112.3,53.1%,14.9°,22.2°,50.0,25.0%,8,0.35,0.33,0.509,0.524,28.1%,37.5%,28.1%,39.6%,66.2%,88.2%,22.5%,24.4%,122
Carson-Newman,Seth Benner,All,155,19,87.3,96.2,99.3,15.8%,11.6°,20.4°,36.8,0.0%,0,0.37,0.274,0.508,0.395,42.1%,26.3%,31.6%,34.2%,71.9%,87.8%,12.2%,17.0%,161
Mississippi State,Noah Sullivan,All,839,137,90.4,106.0,111.2,45.3%,12.4°,11.8°,38.7,10.2%,14,0.37,0.313,0.508,0.437,38.7%,29.9%,24.8%,37.7%,56.6%,89.0%,21.6%,16.1%,90
Jacksonville,Blake Edmonds,All,54,7,88.1,98.7,102.0,42.9%,20.0°,19.4°,71.4,0.0%,0,0.364,0.308,0.508,0.486,14.3%,14.3%,71.4%,33.3%,59.1%,61.5%,15.6%,38.9%,134
Berry,Nick Brunswick,All,43,6,88.5,96.0,96.6,16.7%,-18.6°,12.4°,33.3,0.0%,0,0.444,0.269,0.507,0.349,66.7%,0.0%,33.3%,30.2%,66.7%,100.0%,10.7%,7.7%,126
William & Mary,Matthew Kosuda,All,108,19,89.5,100.1,101.5,42.1%,7.5°,16.9°,42.1,5.3%,1,0.4,0.281,0.507,0.378,42.1%,21.1%,36.8%,45.4%,73.3%,72.7%,25.4%,32.7%,128
Youngstown State,Kyle Fossum,All,511,71,93.6,108.6,111.0,52.1%,13.3°,12.6°,38.0,19.7%,14,0.36,0.323,0.507,0.462,42.3%,22.5%,25.4%,44.0%,67.1%,75.2%,27.9%,29.3%,87
Houston Christian,Jackson Walker,All,37,8,83.9,97.5,98.1,25.0%,6.8°,8.3°,62.5,0.0%,0,0.444,0.442,0.507,0.464,37.5%,0.0%,62.5%,43.2%,84.6%,90.9%,20.8%,12.5%,148
Anderson (SC),Mac Ketchin,All,183,25,81.8,99.1,101.2,28.0%,-8.1°,13.5°,20.0,0.0%,0,0.4,0.257,0.507,0.442,56.0%,16.0%,16.0%,35.5%,60.9%,88.1%,20.2%,15.4%,133
George Fox,Gabe DeBenedetto,All,110,20,81.7,97.5,98.2,15.0%,23.4°,19.8°,40.0,0.0%,0,0.348,0.265,0.507,0.366,25.0%,20.0%,35.0%,29.1%,58.1%,100.0%,10.4%,3.1%,147
Bryant,Drew Wyers,All,456,91,85.8,104.5,109.1,34.1%,12.7°,15.9°,27.5,8.8%,8,0.39,0.334,0.506,0.435,46.2%,26.4%,24.2%,41.7%,68.9%,88.5%,22.2%,14.7%,123
Oklahoma State,Nolan Schubart,All,852,109,94.5,111.0,116.6,56.0%,23.8°,26.8°,41.3,20.2%,22,0.329,0.321,0.506,0.522,22.0%,41.3%,28.4%,42.7%,70.3%,79.4%,22.6%,29.4%,109
Austin Peay,Cameron Nickens,All,612,129,91.8,107.5,114.9,51.9%,7.2°,10.5°,32.6,8.5%,11,0.394,0.36,0.506,0.491,45.7%,24.0%,27.1%,39.9%,70.6%,89.1%,19.0%,16.4%,118
West Florida,Ben Maskin,All,38,11,86.4,104.4,104.4,27.3%,-1.1°,19.4°,54.5,9.1%,1,0.429,0.415,0.505,0.498,45.5%,18.2%,36.4%,57.9%,70.6%,100.0%,47.6%,18.2%,168
Le Moyne,Adam Sullivan,All,48,9,91.9,98.2,102.2,33.3%,15.7°,14.0°,44.4,0.0%,0,0.417,0.308,0.505,0.373,33.3%,22.2%,33.3%,43.8%,60.0%,77.8%,16.7%,28.6%,8
UTRGV,Armani Raygoza,All,243,41,89.5,107.5,110.5,48.8%,7.0°,10.2°,41.5,9.8%,4,0.389,0.309,0.505,0.422,48.8%,22.0%,26.8%,44.0%,67.3%,80.6%,25.7%,21.5%,91
Grand Canyon,Michael Diaz,All,267,51,86.7,103.8,106.7,37.3%,8.9°,13.5°,33.3,9.8%,5,0.351,0.283,0.504,0.42,45.1%,33.3%,17.6%,43.8%,66.1%,88.2%,27.0%,17.1%,111
Southern Illinois,Kaleb Hall,All,119,23,87.9,105.0,107.5,34.8%,12.6°,5.8°,34.8,4.3%,1,0.393,0.31,0.504,0.372,34.8%,26.1%,39.1%,47.9%,73.5%,88.9%,30.0%,21.1%,92
Union,Hudson Cepparulo,All,101,23,84.3,98.8,100.1,30.4%,14.2°,5.0°,43.5,0.0%,0,0.407,0.231,0.504,0.336,34.8%,26.1%,26.1%,51.5%,70.2%,97.0%,35.2%,13.5%,68
University of Montevallo,Easton Kleyn,All,42,8,79.1,93.3,94.0,0.0%,2.9°,-,12.5,0.0%,0,0.5,0.274,0.504,0.275,62.5%,25.0%,12.5%,42.9%,57.9%,90.9%,30.4%,22.2%,101
Taylor,Luke Picchiotti,All,221,33,85.6,100.8,105.0,36.4%,10.7°,14.4°,42.4,9.1%,3,0.333,0.236,0.504,0.395,42.4%,30.3%,24.2%,39.4%,75.9%,76.2%,17.4%,32.2%,164
Davidson,Anthony Torreso,All,405,66,93.4,104.5,107.0,50.0%,18.3°,17.9°,34.8,9.1%,6,0.372,0.292,0.504,0.447,34.8%,34.8%,22.7%,44.7%,73.5%,79.4%,20.5%,27.1%,129
Dallas Baptist,Jake Bennett,All,393,57,94.6,112.2,115.8,57.9%,17.0°,17.4°,40.4,21.1%,12,0.289,0.33,0.503,0.532,36.8%,38.6%,19.3%,41.7%,69.0%,78.4%,21.3%,31.1%,119
Young Harris,Luke Hatcher,All,435,83,89.6,104.0,108.3,45.8%,15.7°,13.2°,45.8,7.2%,6,0.361,0.352,0.503,0.457,33.7%,27.7%,32.5%,42.5%,68.3%,92.8%,23.8%,12.4%,102
High Point,Jackson Melton,All,626,112,90.2,105.5,111.3,47.3%,18.5°,17.9°,42.0,6.2%,7,0.386,0.317,0.503,0.44,29.5%,38.4%,31.2%,39.8%,67.7%,84.6%,18.8%,26.9%,123
Oregon State,Gavin Turley,All,978,152,95.1,109.5,114.1,64.5%,15.7°,18.7°,44.7,21.7%,33,0.367,0.363,0.503,0.539,33.6%,36.2%,28.9%,43.3%,68.7%,80.8%,23.7%,29.6%,112
Rhode Island,Anthony DePino,All,866,136,92.4,111.7,114.7,54.4%,11.0°,16.9°,39.0,23.5%,32,0.325,0.372,0.503,0.547,41.9%,23.5%,30.1%,37.3%,62.6%,88.6%,17.8%,19.5%,127
Whitman,Nate Korahais,All,67,12,80.6,94.5,98.8,8.3%,18.0°,15.1°,50.0,0.0%,0,0.429,0.335,0.503,0.415,25.0%,33.3%,41.7%,41.8%,63.3%,84.2%,24.3%,17.9%,100
Flagler,George Gilson,All,64,14,88.8,96.3,99.4,35.7%,10.6°,3.8°,64.3,0.0%,0,0.5,0.442,0.503,0.466,50.0%,0.0%,50.0%,54.7%,81.2%,88.5%,28.1%,11.4%,118
Southeastern (FL),James Strom,All,434,71,87.3,102.1,103.5,29.6%,13.6°,13.1°,46.5,7.0%,5,0.407,0.328,0.503,0.447,32.4%,16.9%,39.4%,43.5%,69.3%,88.5%,26.0%,20.1%,94
Southeastern (FL),Connor Hicks,All,537,107,85.3,101.3,105.0,30.8%,15.8°,16.1°,38.3,4.7%,5,0.414,0.304,0.502,0.437,29.9%,29.9%,28.0%,44.5%,74.5%,91.1%,24.9%,14.6%,121
British Columbia,Aaron Marsh,All,98,20,85.7,102.0,104.9,30.0%,7.0°,18.3°,35.0,10.0%,2,0.304,0.301,0.502,0.445,40.0%,20.0%,20.0%,39.8%,69.0%,89.7%,17.9%,15.4%,169
Bloomsburg,Corey Daniels,All,33,5,87.7,93.3,94.6,20.0%,1.5°,-6.8°,40.0,0.0%,0,0.5,0.412,0.502,0.459,60.0%,0.0%,40.0%,30.3%,50.0%,83.3%,19.0%,20.0%,123
St. Thomas (MN),Max Moris,All,283,49,89.6,100.0,101.6,34.7%,5.5°,5.8°,26.5,0.0%,0,0.433,0.28,0.501,0.345,55.1%,16.3%,26.5%,36.7%,60.9%,80.8%,16.8%,18.3%,122
Gonzaga,Mikey Bell,All,657,110,95.8,106.8,110.5,62.7%,9.2°,7.6°,39.1,11.8%,13,0.399,0.33,0.501,0.441,42.7%,24.5%,28.2%,45.2%,68.6%,84.8%,27.0%,24.2%,83
UCLA,Roch Cholowsky,All,1013,208,92.5,106.8,112.1,53.8%,14.1°,12.8°,42.3,11.1%,23,0.362,0.367,0.501,0.504,34.6%,29.3%,30.8%,44.4%,70.5%,88.3%,23.7%,18.7%,106
St. Bonaventure,Harrison Kaufman,All,149,22,90.0,104.1,111.1,36.4%,20.6°,20.4°,45.5,13.6%,3,0.312,0.285,0.501,0.404,27.3%,31.8%,31.8%,49.7%,71.9%,87.0%,32.9%,23.0%,84
Cumberlands (KY),Christian Thompson,All,296,51,85.6,104.2,108.3,29.4%,1.5°,5.0°,27.5,2.0%,1,0.424,0.327,0.5,0.421,54.9%,17.6%,25.5%,35.1%,65.3%,91.1%,14.3%,9.6%,155
North Georgia,Phillip Ard,All,576,88,90.6,107.3,108.9,48.9%,18.8°,20.1°,34.1,12.5%,11,0.36,0.319,0.5,0.463,35.2%,40.9%,21.6%,42.0%,71.4%,86.5%,21.3%,23.6%,136
Redlands,Gabriel Ceja,All,46,7,87.2,94.3,97.4,28.6%,10.3°,5.7°,28.6,0.0%,0,0.455,0.219,0.5,0.308,57.1%,14.3%,28.6%,37.0%,50.0%,100.0%,31.2%,35.3%,61
MIT,Teddy Schoenfeld,All,61,8,88.9,99.4,99.9,37.5%,21.4°,6.5°,37.5,0.0%,0,0.333,0.185,0.5,0.317,25.0%,37.5%,25.0%,41.0%,61.9%,84.6%,30.0%,24.0%,95
Virginia,Eric Becker,All,779,147,92.7,106.4,109.4,54.4%,8.5°,14.6°,46.9,12.2%,18,0.402,0.377,0.5,0.492,39.5%,19.7%,37.4%,43.4%,68.9%,86.0%,23.5%,21.3%,106
Azusa Pacific,Dominic Martinez,All,42,9,81.8,99.5,99.8,22.2%,0.9°,8.9°,22.2,0.0%,0,0.455,0.295,0.5,0.361,66.7%,11.1%,22.2%,35.7%,47.1%,100.0%,28.0%,13.3%,68
Lebanon Valley,Logan Brewer,All,166,30,91.5,103.4,108.6,43.3%,14.2°,22.4°,50.0,10.0%,3,0.406,0.366,0.5,0.492,33.3%,30.0%,33.3%,45.8%,77.6%,84.6%,24.2%,21.1%,135
La Verne,Nathan Perry,All,51,9,85.7,94.2,94.5,0.0%,0.7°,-,33.3,0.0%,0,0.455,0.302,0.5,0.366,55.6%,0.0%,33.3%,51.0%,70.8%,88.2%,33.3%,19.2%,166
Emmanuel (GA),Brock Wollin,All,206,45,86.4,104.8,107.1,40.0%,12.8°,10.6°,31.1,11.1%,5,0.379,0.274,0.5,0.363,42.2%,26.7%,22.2%,56.8%,81.9%,88.1%,43.3%,26.5%,38
Pacific Lutheran,Rutger Youch,All,62,12,82.2,97.8,103.6,16.7%,8.6°,6.9°,25.0,0.0%,0,0.333,0.241,0.5,0.395,58.3%,25.0%,8.3%,40.3%,80.0%,93.8%,21.4%,8.0%,168
Austin Peay,Cole Johnson,All,555,129,91.1,106.7,110.4,51.9%,6.7°,8.1°,35.7,8.5%,11,0.417,0.389,0.499,0.479,51.9%,17.8%,26.4%,50.8%,78.8%,87.8%,29.5%,23.0%,102
Utah Valley,Jayden Smith,All,484,87,85.7,100.0,103.7,35.6%,9.3°,8.5°,36.8,0.0%,0,0.442,0.295,0.499,0.39,43.7%,14.9%,35.6%,44.4%,69.1%,85.3%,26.0%,23.7%,97
Shenandoah,Connor Houser,All,195,36,87.6,97.6,100.1,25.0%,18.2°,17.2°,38.9,0.0%,0,0.405,0.285,0.499,0.386,36.1%,27.8%,30.6%,51.3%,78.8%,92.5%,30.0%,15.0%,101
California PA,Ikon Jones,All,51,9,80.9,100.4,100.6,33.3%,11.8°,18.5°,22.2,0.0%,0,0.417,0.232,0.499,0.294,44.4%,22.2%,22.2%,45.1%,66.7%,85.7%,30.0%,21.7%,115
Ashland,Ben Peltz,All,135,21,92.3,103.8,106.6,38.1%,12.9°,8.7°,47.6,9.5%,2,0.444,0.381,0.498,0.475,33.3%,23.8%,38.1%,37.0%,71.7%,78.8%,19.1%,26.0%,124
Connecticut,Tyler Minick,All,812,154,90.6,107.8,110.7,49.4%,6.5°,16.1°,26.6,11.7%,18,0.356,0.303,0.498,0.452,44.2%,27.9%,20.1%,45.0%,73.9%,83.7%,24.8%,21.1%,103
East Texas Baptist,William Howard,All,186,38,80.1,94.7,96.9,5.3%,20.6°,0.9°,39.5,0.0%,0,0.429,0.262,0.498,0.382,34.2%,39.5%,23.7%,49.5%,80.5%,92.9%,22.2%,8.7%,135
CLA_CLA,Bryce Didrickson,All,134,23,89.0,101.5,101.7,39.1%,6.9°,11.3°,39.1,0.0%,0,0.385,0.364,0.497,0.465,47.8%,17.4%,34.8%,34.3%,57.1%,93.8%,17.9%,17.4%,125
Southern,Taj Bates,All,124,27,89.6,100.1,102.8,29.6%,18.7°,19.2°,48.1,0.0%,0,0.448,0.334,0.497,0.379,33.3%,33.3%,29.6%,51.6%,70.2%,97.0%,40.3%,17.2%,71
Pomona-Pitzer,Cooper Berry,All,526,84,85.0,99.5,102.9,26.2%,17.5°,19.0°,40.5,3.6%,3,0.35,0.243,0.497,0.39,22.6%,26.2%,29.8%,38.0%,71.2%,87.5%,19.1%,17.5%,126
High Point,Landen Johnson,All,759,139,90.8,108.7,112.9,51.1%,14.5°,14.7°,38.1,10.8%,15,0.373,0.338,0.496,0.451,36.7%,30.2%,28.8%,40.8%,63.8%,87.4%,24.8%,20.0%,103
Catawba College,Dylan Driver,All,110,26,84.1,101.4,102.6,38.5%,10.0°,18.7°,50.0,7.7%,2,0.367,0.399,0.496,0.496,46.2%,19.2%,34.6%,47.3%,73.0%,88.9%,34.2%,21.2%,65
Widener,Jack Balcer,All,26,7,86.8,100.0,100.7,42.9%,18.6°,16.1°,28.6,14.3%,1,0.375,0.282,0.496,0.35,42.9%,28.6%,14.3%,42.3%,61.5%,87.5%,23.1%,9.1%,132
Mississippi State,Ace Reese,All,806,144,91.6,105.6,107.6,54.9%,16.8°,19.5°,38.2,16.7%,24,0.359,0.306,0.495,0.448,34.7%,35.4%,23.6%,46.4%,69.1%,89.3%,28.9%,19.5%,94
NC State,Ryder Woodson,All,118,19,89.3,108.4,110.8,52.6%,3.6°,21.8°,31.6,15.8%,3,0.333,0.288,0.495,0.453,42.1%,36.8%,21.1%,39.8%,56.5%,88.5%,29.2%,29.8%,49
Rhode Island,Ryan King,All,100,18,92.2,106.8,109.1,66.7%,12.1°,14.2°,55.6,11.1%,2,0.348,0.359,0.495,0.475,33.3%,5.6%,55.6%,46.0%,71.1%,87.5%,25.5%,21.7%,123
Hawaii Pacific,Troy Harding,All,85,18,89.8,105.4,107.8,50.0%,8.4°,4.6°,22.2,11.1%,2,0.391,0.285,0.495,0.382,55.6%,11.1%,22.2%,49.4%,77.8%,78.6%,28.6%,23.8%,118
Pacific,Braeden Schnabel,All,226,25,95.8,109.5,109.9,48.0%,12.3°,14.5°,36.0,12.0%,3,0.349,0.225,0.494,0.398,32.0%,20.0%,24.0%,46.0%,70.5%,79.1%,28.2%,30.8%,91
Stonehill,Aidan Sengenberger,All,115,26,89.6,103.9,106.0,30.8%,12.1°,9.3°,61.5,3.8%,1,0.483,0.403,0.494,0.462,30.8%,11.5%,53.8%,43.5%,78.7%,91.9%,19.1%,16.0%,155
Cumberlands (KY),Edwin Martinez-Pagani,All,196,44,89.2,101.4,102.7,36.4%,5.4°,15.8°,43.2,0.0%,0,0.449,0.403,0.494,0.472,47.7%,11.4%,38.6%,45.9%,82.5%,84.6%,28.6%,18.9%,109
South Dakota State,Dayton Franke,All,45,9,81.5,99.3,99.6,22.2%,18.6°,28.9°,33.3,22.2%,2,0.333,0.178,0.494,0.336,33.3%,33.3%,11.1%,51.1%,68.2%,93.3%,34.8%,26.1%,92
Alabama State,Juan Cruz López,All,393,104,89.4,105.7,109.1,48.1%,11.9°,12.5°,35.6,6.7%,7,0.371,0.347,0.494,0.445,41.3%,27.9%,28.8%,51.7%,77.4%,92.5%,34.9%,17.7%,54
McNeese,Seth Fontenot,All,145,24,85.3,101.7,103.3,25.0%,21.5°,9.8°,54.2,4.2%,1,0.419,0.261,0.494,0.374,29.2%,29.2%,37.5%,39.3%,67.7%,88.1%,18.1%,19.3%,115
Embry-Riddle (AZ),Roberto Garza-Nunez,All,51,11,90.8,95.1,95.4,18.2%,14.6°,7.9°,45.5,0.0%,0,0.429,0.258,0.494,0.328,36.4%,18.2%,36.4%,49.0%,84.6%,90.9%,36.8%,24.0%,135
San Jose State,Jared Lewis,All,38,10,78.5,94.7,98.5,20.0%,-4.7°,3.7°,40.0,0.0%,0,0.417,0.217,0.493,0.306,60.0%,0.0%,40.0%,42.1%,57.1%,83.3%,23.5%,18.8%,86
Cumberlands (KY),Jose Valentin,All,65,15,88.1,99.2,100.1,26.7%,12.3°,1.1°,46.7,0.0%,0,0.375,0.386,0.492,0.466,33.3%,13.3%,46.7%,35.4%,76.2%,93.8%,15.9%,4.3%,145
Jacksonville,Carson Stevens,All,98,17,87.9,94.8,101.8,11.8%,17.2°,7.0°,29.4,0.0%,0,0.421,0.267,0.492,0.349,41.2%,23.5%,23.5%,37.8%,62.5%,80.0%,20.7%,21.6%,137
Middlebury,Ben Slaughter,All,96,13,82.3,102.1,105.6,23.1%,-0.4°,21.4°,23.1,0.0%,0,0.35,0.177,0.492,0.386,46.2%,23.1%,15.4%,51.0%,73.3%,77.3%,40.9%,30.6%,63
California PA,James Salvatori,All,55,15,84.9,100.2,100.5,33.3%,13.0°,10.3°,60.0,0.0%,0,0.444,0.35,0.492,0.453,26.7%,26.7%,40.0%,65.5%,90.5%,94.7%,50.0%,16.7%,14
New Mexico,Khalil Walker,All,584,119,90.0,99.3,105.2,39.5%,9.7°,7.5°,30.3,2.5%,3,0.429,0.309,0.492,0.373,49.6%,23.5%,23.5%,43.3%,68.1%,93.8%,23.5%,12.3%,111
Arkansas-Pine Bluff,Michael Saumell,All,164,29,80.6,94.6,96.2,10.3%,5.6°,8.7°,51.7,0.0%,0,0.441,0.356,0.492,0.411,41.4%,10.3%,44.8%,51.8%,76.7%,92.9%,31.9%,11.8%,94
Mississippi College,Korey Cooper,All,83,12,92.8,99.6,102.6,41.7%,22.5°,18.7°,50.0,0.0%,0,0.438,0.373,0.491,0.43,25.0%,33.3%,41.7%,44.6%,70.3%,88.5%,23.9%,21.6%,150
Northeastern,Harrison Feinberg,All,410,61,95.7,109.5,112.2,57.4%,5.7°,15.5°,45.9,21.3%,13,0.354,0.339,0.491,0.502,37.7%,26.2%,31.1%,37.8%,63.3%,75.0%,21.8%,33.5%,104
UNLV,Dean Toigo,All,682,131,88.2,106.9,111.2,44.3%,12.4°,15.5°,34.4,9.9%,13,0.386,0.314,0.491,0.439,39.7%,32.1%,24.4%,45.0%,66.5%,86.2%,29.6%,20.2%,88
UTRGV,Thomas Williams,All,271,37,90.3,100.5,104.9,32.4%,9.6°,14.4°,40.5,2.7%,1,0.37,0.287,0.491,0.38,43.2%,18.9%,32.4%,40.6%,61.3%,80.3%,23.1%,24.5%,90
Iona,JC Frias,All,89,14,80.0,101.7,105.5,28.6%,16.1°,22.2°,35.7,0.0%,0,0.312,0.3,0.491,0.466,28.6%,42.9%,28.6%,28.1%,56.8%,85.7%,7.7%,16.0%,137
UC San Diego,Colton Lomanto,All,320,48,90.2,105.7,108.7,41.7%,24.0°,21.7°,33.3,6.2%,3,0.328,0.254,0.49,0.398,20.8%,35.4%,31.2%,40.3%,68.2%,83.3%,20.7%,24.8%,113
Ole Miss,Ethan Surowiec,All,71,8,92.0,105.9,107.6,37.5%,23.0°,27.5°,75.0,25.0%,2,0.333,0.299,0.49,0.431,0.0%,37.5%,62.5%,46.5%,78.3%,72.2%,31.2%,36.4%,139
Fairleigh Dickinson,Tyler Worth,All,26,7,84.7,92.8,93.4,0.0%,10.1°,-,42.9,0.0%,0,0.429,0.329,0.49,0.393,42.9%,28.6%,28.6%,46.2%,80.0%,100.0%,25.0%,8.3%,152
Willamette,Tassos Foster,All,105,15,90.5,101.7,103.2,53.3%,3.1°,13.3°,46.7,0.0%,0,0.368,0.362,0.49,0.468,46.7%,6.7%,46.7%,34.3%,60.0%,92.6%,15.0%,22.2%,148
Caltech,Jack Fishel,All,29,6,81.3,91.5,94.2,0.0%,2.1°,-,33.3,0.0%,0,0.429,0.243,0.49,0.49,33.3%,16.7%,33.3%,48.3%,71.4%,100.0%,26.7%,14.3%,122
Shenandoah,Cole Ambrosius,All,62,12,86.2,94.4,100.3,25.0%,7.0°,-16.2°,25.0,0.0%,0,0.429,0.329,0.49,0.361,58.3%,8.3%,25.0%,50.0%,75.8%,84.0%,20.7%,16.1%,109
Northeastern,Jack Goodman,All,382,66,92.7,106.4,109.3,53.0%,13.9°,10.3°,31.8,6.1%,4,0.41,0.324,0.489,0.462,43.9%,21.2%,24.2%,41.4%,64.3%,80.2%,25.3%,27.2%,88
Georgia,Ryland Zaborowski,All,573,85,95.1,108.3,110.1,60.0%,16.2°,17.4°,42.4,16.5%,14,0.336,0.343,0.489,0.484,30.6%,27.1%,35.3%,41.5%,67.5%,82.9%,21.2%,25.2%,103
Dallas Baptist,Nathan Humphreys,All,992,174,91.9,106.6,110.7,50.0%,16.2°,13.9°,40.2,11.5%,20,0.359,0.306,0.489,0.434,32.8%,33.9%,29.3%,38.9%,60.8%,89.1%,22.8%,16.1%,98
Embry-Riddle,Timo Aracena,All,39,12,92.0,100.5,103.0,50.0%,14.8°,8.7°,25.0,0.0%,0,0.333,0.332,0.489,0.388,41.7%,41.7%,16.7%,48.7%,76.5%,92.3%,27.3%,10.5%,147
UT Martin,Jalen Fithian,All,152,31,88.3,100.3,101.8,35.5%,14.7°,6.5°,41.9,0.0%,0,0.438,0.349,0.489,0.427,32.3%,29.0%,32.3%,50.7%,89.2%,87.9%,21.8%,16.9%,138
Miami,Nolan Johnson,All,64,7,81.4,98.5,103.7,14.3%,0.6°,10.8°,42.9,0.0%,0,0.455,0.322,0.489,0.415,42.9%,14.3%,42.9%,42.2%,77.3%,82.4%,23.8%,25.9%,111
Tennessee,Stone Lawless,All,313,40,91.8,103.2,105.8,50.0%,19.9°,19.2°,40.0,10.0%,4,0.283,0.277,0.488,0.449,27.5%,40.0%,30.0%,33.9%,62.7%,76.2%,12.3%,29.2%,121
Florida Memorial,Prince Ferguson,All,43,9,80.1,97.0,98.7,22.2%,-12.6°,1.0°,11.1,0.0%,0,0.5,0.252,0.488,0.296,77.8%,11.1%,11.1%,39.5%,57.1%,91.7%,22.7%,17.6%,62
Fairleigh Dickinson,Nate Dudeck,All,75,12,87.0,101.5,101.7,25.0%,17.0°,18.0°,50.0,16.7%,2,0.375,0.274,0.488,0.424,25.0%,50.0%,25.0%,49.3%,80.0%,82.1%,22.5%,21.6%,145
Wright State,Boston Smith,All,720,94,94.8,108.6,116.2,57.4%,19.0°,23.2°,39.4,26.6%,25,0.298,0.294,0.488,0.476,27.7%,41.5%,25.5%,39.4%,69.4%,80.9%,17.9%,25.4%,114
Taylor,Kaleb Kolpien,All,242,55,87.8,99.9,101.9,32.7%,11.1°,10.1°,34.5,1.8%,1,0.41,0.3,0.488,0.389,45.5%,25.5%,27.3%,45.5%,76.8%,86.3%,25.2%,13.6%,131
Purdue,Logan Sutter,All,785,128,92.3,106.7,111.4,53.9%,10.5°,17.0°,41.4,15.6%,20,0.354,0.314,0.488,0.459,37.5%,28.1%,30.5%,41.3%,72.0%,83.1%,20.0%,28.7%,108
Bowling Green,Cooper McKenzie,All,56,16,89.6,98.4,100.2,37.5%,15.5°,24.2°,50.0,0.0%,0,0.353,0.307,0.487,0.427,43.8%,37.5%,18.8%,37.5%,63.3%,94.7%,7.7%,9.5%,129
New Mexico,Josh McAlister,All,515,83,91.7,106.9,113.0,48.2%,10.7°,12.3°,37.3,15.7%,13,0.367,0.322,0.487,0.443,45.8%,27.7%,24.1%,45.6%,68.4%,77.5%,26.7%,30.2%,95
East Tennessee State,Grant Gallagher,All,963,94,93.1,105.3,109.1,55.3%,21.9°,19.4°,31.9,20.2%,19,0.278,0.226,0.487,0.424,33.0%,40.4%,16.0%,28.1%,48.6%,82.4%,12.3%,29.5%,118
Miami,Daniel Cuvet,All,893,165,93.6,108.0,111.4,53.3%,13.2°,16.4°,37.6,9.1%,15,0.374,0.334,0.487,0.457,37.0%,31.5%,26.7%,55.3%,83.7%,81.2%,35.4%,26.7%,55
Harvard,Peter Levin,All,36,6,82.3,98.2,99.4,33.3%,-11.2°,15.9°,0.0,0.0%,0,0.375,0.258,0.487,0.292,83.3%,16.7%,0.0%,55.6%,72.7%,68.8%,28.6%,30.0%,95
Rhode Island,Nicolas Notarangelo,All,437,76,86.7,104.3,106.9,42.1%,3.2°,9.2°,38.2,5.3%,4,0.38,0.32,0.487,0.418,55.3%,14.5%,27.6%,42.3%,70.9%,88.4%,22.0%,17.3%,135
Northern Kentucky,Logen Devenport,All,324,50,87.7,105.9,108.4,36.0%,14.6°,20.2°,28.0,4.0%,2,0.394,0.236,0.486,0.317,36.0%,28.0%,22.0%,39.2%,56.2%,84.6%,22.2%,23.6%,77
Georgia College,Rand Bestermann,All,111,16,82.3,101.0,102.0,37.5%,21.9°,27.2°,50.0,6.2%,1,0.333,0.209,0.486,0.342,31.2%,37.5%,18.8%,42.3%,70.0%,77.1%,19.7%,31.9%,119
Lenoir-Rhyne,Joe Mozingo,All,280,60,83.0,100.6,105.1,26.7%,11.6°,11.2°,28.3,3.3%,2,0.353,0.3,0.486,0.383,45.0%,28.3%,23.3%,46.8%,70.1%,88.2%,34.4%,19.1%,77
Oral Roberts,Matt Brandt,All,56,6,93.3,100.7,103.5,33.3%,0.3°,2.7°,50.0,0.0%,0,0.4,0.293,0.486,0.401,50.0%,0.0%,50.0%,41.1%,80.0%,87.5%,19.4%,26.1%,96
Middlebury,Nathan Samii,All,163,26,92.3,103.2,104.2,57.7%,10.0°,9.1°,30.8,0.0%,0,0.375,0.306,0.486,0.393,38.5%,23.1%,30.8%,39.9%,66.7%,87.0%,20.2%,21.5%,152
Columbia,Anthony Temesvary,All,290,39,89.5,100.7,105.1,38.5%,11.0°,20.3°,41.0,5.1%,2,0.298,0.253,0.486,0.397,35.9%,35.9%,25.6%,41.0%,61.8%,85.3%,28.3%,32.8%,100
Shenandoah,Carl Keenan,All,117,23,82.8,98.4,99.5,21.7%,-7.9°,16.1°,30.4,4.3%,1,0.346,0.263,0.485,0.405,56.5%,21.7%,13.0%,43.6%,78.7%,78.4%,20.0%,21.6%,146
UCF,Dylan King,All,492,83,89.9,106.5,108.3,49.4%,8.4°,12.4°,37.3,12.0%,10,0.347,0.331,0.485,0.458,49.4%,21.7%,22.9%,44.5%,68.1%,87.7%,24.4%,20.1%,100
Portland,Zach Toglia,All,312,58,89.4,105.7,108.0,46.6%,15.4°,17.7°,46.6,10.3%,6,0.366,0.359,0.485,0.476,34.5%,29.3%,32.8%,45.2%,73.7%,83.2%,22.9%,27.0%,127
Oklahoma Wesleyan,Victor Sanchez,All,74,16,85.2,104.9,105.6,37.5%,5.3°,11.5°,31.2,6.2%,1,0.45,0.337,0.485,0.417,50.0%,25.0%,25.0%,51.4%,82.4%,85.7%,25.0%,23.7%,88
Kent State,Jake Casey,All,330,53,91.7,110.2,114.0,54.7%,20.8°,18.2°,34.0,22.6%,12,0.347,0.298,0.485,0.435,34.0%,34.0%,20.8%,46.4%,69.0%,92.5%,26.3%,24.8%,111
Delaware,Aaron Graeber,All,725,140,96.3,115.8,121.1,56.4%,10.2°,11.7°,31.4,13.6%,19,0.39,0.331,0.485,0.437,45.7%,25.0%,22.1%,52.8%,76.4%,79.4%,38.0%,31.3%,73
Lebanon Valley,Jace Fetterman,All,158,24,85.1,98.0,100.3,16.7%,25.3°,33.4°,37.5,4.2%,1,0.344,0.171,0.485,0.292,20.8%,33.3%,25.0%,38.0%,76.8%,81.4%,16.7%,20.0%,127
Newberry,Kade Faircloth,All,49,13,89.9,99.7,100.0,46.2%,18.1°,11.0°,38.5,0.0%,0,0.357,0.348,0.485,0.406,38.5%,23.1%,38.5%,40.8%,66.7%,93.8%,16.0%,5.0%,103
Winthrop,Liam McCallum,All,71,16,83.4,97.0,97.3,18.8%,6.1°,11.0°,43.8,0.0%,0,0.444,0.32,0.484,0.381,50.0%,18.8%,31.2%,39.4%,74.1%,95.0%,18.2%,14.3%,103
Delaware,Aiden Stewart,All,844,116,88.4,104.5,109.4,44.8%,9.3°,20.6°,44.0,11.2%,13,0.356,0.305,0.484,0.458,38.8%,29.3%,30.2%,38.4%,63.6%,87.3%,19.6%,21.0%,125
East Tennessee State,Cooper Torres,All,849,151,90.0,106.7,111.1,47.0%,9.6°,15.0°,38.4,11.9%,18,0.338,0.322,0.484,0.453,39.1%,27.8%,27.8%,42.4%,70.3%,82.9%,18.6%,20.6%,121
Lenoir-Rhyne,Eli Willen,All,253,47,87.6,102.1,103.5,29.8%,15.9°,18.8°,31.9,8.5%,4,0.367,0.248,0.484,0.344,31.9%,34.0%,17.0%,47.4%,74.7%,84.5%,31.0%,25.0%,130
Oregon State,Aiva Arquette,All,1001,181,93.5,108.9,112.9,55.2%,13.4°,16.9°,34.3,17.1%,31,0.373,0.346,0.484,0.5,38.1%,30.4%,23.8%,41.2%,61.5%,85.8%,24.1%,21.4%,88
Eastern Michigan,Kevin Krill,All,52,11,87.1,99.0,99.5,18.2%,12.5°,20.8°,54.5,9.1%,1,0.364,0.327,0.484,0.434,36.4%,18.2%,45.5%,40.4%,68.2%,100.0%,20.0%,0.0%,88
New Mexico,Will Asby,All,635,126,90.5,103.9,107.7,44.4%,15.2°,16.4°,34.1,7.9%,10,0.349,0.278,0.484,0.407,34.1%,34.1%,27.0%,46.0%,73.1%,88.4%,27.2%,18.5%,117
Western Oregon,John Oleson,All,57,9,89.3,97.8,105.0,11.1%,17.2°,20.1°,33.3,11.1%,1,0.364,0.303,0.484,0.43,33.3%,33.3%,33.3%,35.1%,45.0%,88.9%,29.7%,15.0%,136
UT Dallas,Austin Wallace,All,46,10,84.0,92.0,92.5,0.0%,11.8°,-,40.0,0.0%,0,0.4,0.319,0.484,0.394,40.0%,20.0%,40.0%,47.8%,70.6%,83.3%,34.5%,18.2%,124
San Jose State,Alex Fernandes,All,334,60,88.3,100.9,106.2,31.7%,14.4°,13.4°,45.0,0.0%,0,0.4,0.353,0.484,0.447,30.0%,30.0%,36.7%,39.2%,62.6%,90.2%,17.0%,14.5%,103
Centre,Jamison Craig,All,141,19,86.3,101.9,104.1,36.8%,6.7°,10.9°,42.1,5.3%,1,0.417,0.35,0.483,0.475,36.8%,26.3%,31.6%,36.2%,63.8%,93.3%,22.3%,21.6%,88
Maryland,Christopher Hacopian,All,792,153,93.5,108.4,111.9,54.9%,12.5°,12.1°,34.0,12.4%,19,0.368,0.378,0.483,0.529,39.9%,25.5%,26.8%,37.4%,63.5%,88.3%,18.0%,14.9%,129
Portland,Cole Katayama-Stall,All,355,49,89.1,101.5,103.9,40.8%,13.1°,19.2°,46.9,4.1%,2,0.343,0.297,0.483,0.419,32.7%,32.7%,34.7%,34.6%,64.0%,88.8%,15.7%,18.7%,128
Fordham,Chase Hanawalt,All,123,17,85.3,104.1,105.1,41.2%,-9.6°,6.8°,17.6,0.0%,0,0.35,0.295,0.483,0.411,76.5%,5.9%,17.6%,37.4%,64.3%,91.7%,14.9%,10.9%,115
Tennessee,Chris Newstrom,All,284,38,91.6,104.7,106.7,50.0%,13.1°,21.4°,44.7,13.2%,5,0.364,0.27,0.482,0.384,31.6%,28.9%,39.5%,48.2%,78.3%,81.1%,27.8%,27.0%,99
Hawaii,Matthew Miura,All,251,53,86.8,100.4,100.9,26.4%,2.5°,11.6°,28.3,1.9%,1,0.368,0.297,0.482,0.391,54.7%,24.5%,20.8%,38.6%,64.8%,95.2%,11.4%,6.2%,125
Millersville,Jimmy Kirk,All,235,43,91.7,107.6,110.5,51.2%,15.9°,19.8°,51.2,18.6%,8,0.358,0.375,0.481,0.534,34.9%,34.9%,30.2%,37.4%,61.5%,87.5%,22.2%,20.5%,92
Lenoir-Rhyne,Nathan Kidder,All,138,25,89.6,103.2,106.0,36.0%,23.9°,16.7°,60.0,0.0%,0,0.375,0.272,0.481,0.358,20.0%,44.0%,32.0%,50.7%,80.4%,77.8%,30.5%,27.1%,116
USC Upstate,Devlin Smalanskas,All,122,12,81.7,96.9,101.6,33.3%,19.8°,15.5°,50.0,0.0%,0,0.381,0.198,0.481,0.289,33.3%,41.7%,25.0%,45.9%,67.3%,75.7%,28.4%,33.9%,108
West Georgia,Cooper Prince,All,148,24,85.1,96.5,98.5,12.5%,8.7°,7.1°,41.7,0.0%,0,0.4,0.324,0.481,0.41,50.0%,16.7%,33.3%,35.1%,65.2%,84.4%,8.9%,17.3%,128
Richmond,RJ Rickabaugh,All,81,8,83.4,96.3,102.8,12.5%,16.5°,8.6°,75.0,0.0%,0,0.333,0.279,0.481,0.418,12.5%,12.5%,62.5%,38.3%,75.9%,81.8%,17.3%,25.8%,168
Northwestern State,Reese Lipoma,All,256,48,85.6,100.7,102.0,31.2%,-0.3°,12.0°,33.3,0.0%,0,0.441,0.341,0.481,0.403,58.3%,10.4%,29.2%,37.1%,60.2%,83.1%,17.4%,23.2%,121
Southern Illinois,Jaxson Holder,All,170,32,89.1,101.2,104.0,43.8%,21.7°,11.4°,34.4,3.1%,1,0.378,0.346,0.481,0.432,28.1%,40.6%,31.2%,37.1%,61.1%,95.5%,19.4%,12.7%,128
Arizona,Mason White,All,988,174,92.3,107.9,111.5,50.6%,21.2°,18.7°,37.9,16.1%,28,0.345,0.308,0.481,0.455,27.0%,37.9%,26.4%,48.6%,70.7%,82.4%,31.9%,24.0%,89
Western Kentucky,Kyle Hayes,All,785,135,92.6,107.9,112.1,54.8%,11.3°,10.5°,32.6,9.6%,13,0.363,0.326,0.481,0.449,44.4%,25.2%,23.0%,38.7%,59.9%,89.0%,23.1%,19.1%,112
Concordia Texas,Jake Townsend,All,59,8,74.3,92.9,94.7,12.5%,13.1°,-3.1°,37.5,0.0%,0,0.5,0.288,0.481,0.322,37.5%,25.0%,37.5%,35.6%,38.1%,87.5%,34.2%,4.8%,4
Cumberlands (KY),Alec Gonzalez,All,302,57,87.0,102.6,104.0,28.1%,17.0°,15.1°,35.1,5.3%,3,0.387,0.31,0.48,0.4,38.6%,29.8%,26.3%,42.7%,71.9%,96.3%,25.0%,15.5%,123
Lafayette,Kaleb Willis,All,157,17,84.7,98.9,99.7,29.4%,6.4°,7.7°,35.3,5.9%,1,0.37,0.273,0.48,0.385,52.9%,17.6%,23.5%,32.5%,56.7%,71.1%,14.4%,31.4%,115
Radford,Brady Powell,All,109,22,85.5,99.4,101.2,22.7%,5.8°,4.3°,27.3,0.0%,0,0.423,0.3,0.48,0.357,54.5%,9.1%,22.7%,44.0%,69.2%,86.1%,21.1%,22.9%,95
Rice,Paul Smith,All,193,37,89.5,105.9,107.5,35.1%,13.1°,19.8°,32.4,10.8%,4,0.386,0.288,0.48,0.427,45.9%,29.7%,21.6%,43.5%,71.6%,92.5%,26.1%,17.9%,108
Grand Canyon,Cael Boever,All,70,13,77.9,99.1,100.4,23.1%,3.9°,21.4°,23.1,0.0%,0,0.438,0.186,0.479,0.299,53.8%,30.8%,7.7%,37.1%,65.4%,94.1%,20.5%,15.4%,141
Gardner-Webb,Merik Carter,All,364,57,87.5,98.7,101.6,24.6%,16.5°,13.0°,43.9,1.8%,1,0.373,0.29,0.479,0.41,35.1%,28.1%,33.3%,31.0%,54.0%,89.7%,12.8%,12.4%,128
Miami (OH),Evan Appelwick,All,847,129,90.4,107.4,112.2,48.8%,13.8°,16.5°,40.3,14.0%,18,0.323,0.318,0.479,0.474,34.9%,28.7%,28.7%,36.8%,57.1%,84.7%,21.4%,22.8%,109
Young Harris,Kade Smallwood,All,410,76,85.1,100.2,104.7,27.6%,19.0°,12.1°,38.2,5.3%,4,0.364,0.275,0.479,0.372,27.6%,36.8%,26.3%,41.5%,73.0%,93.7%,22.9%,14.7%,110
FGCU,Javier Gorostola,All,163,32,89.0,102.8,103.9,25.0%,16.8°,8.3°,31.2,3.1%,1,0.41,0.304,0.479,0.363,40.6%,18.8%,31.2%,52.1%,68.8%,88.6%,41.4%,22.4%,51
UT Tyler,Kaston Mason,All,197,34,89.0,107.8,108.6,41.2%,11.5°,14.8°,32.4,17.6%,6,0.395,0.348,0.479,0.489,41.2%,32.4%,20.6%,47.2%,82.7%,91.0%,22.4%,15.1%,142
Dallas Baptist,Tom Poole,All,639,91,92.5,106.8,107.9,53.8%,11.4°,11.1°,34.1,6.6%,6,0.35,0.337,0.479,0.471,48.4%,23.1%,24.2%,33.3%,54.5%,80.9%,16.9%,22.1%,109
San Jose State,Neil Jansen,All,159,23,86.9,101.8,107.1,39.1%,12.3°,19.3°,30.4,0.0%,0,0.316,0.209,0.477,0.312,39.1%,34.8%,21.7%,44.0%,70.8%,66.7%,21.8%,42.9%,116
Illinois Wesleyan,Ben Ford,All,56,7,87.0,90.4,92.6,14.3%,8.5°,-14.8°,42.9,0.0%,0,0.375,0.381,0.477,0.5,28.6%,14.3%,42.9%,26.8%,81.2%,84.6%,5.0%,20.0%,187
Shenandoah,Liam Cook,All,66,11,74.7,98.1,99.8,18.2%,-5.0°,4.8°,27.3,0.0%,0,0.385,0.304,0.477,0.395,63.6%,0.0%,27.3%,30.3%,40.0%,80.0%,24.4%,25.0%,81
Oregon,Jacob Walsh,All,958,163,94.5,110.8,119.6,54.0%,11.0°,12.8°,34.4,17.8%,29,0.341,0.335,0.477,0.465,41.7%,24.5%,27.0%,46.1%,70.3%,82.8%,29.6%,24.0%,76
Air Force,Walker Zapp,All,461,89,90.0,102.9,106.1,47.2%,9.9°,13.3°,34.8,3.4%,3,0.366,0.303,0.477,0.402,41.6%,29.2%,28.1%,40.1%,68.4%,89.2%,20.3%,21.1%,117
Dallas,Andrew Gaspar,All,68,11,80.1,95.2,96.1,9.1%,18.1°,14.9°,45.5,0.0%,0,0.467,0.33,0.477,0.365,36.4%,18.2%,45.5%,41.2%,66.7%,80.0%,21.1%,21.4%,94
Coker,Jaylen Mack,All,76,21,87.0,96.2,96.5,28.6%,19.6°,20.0°,52.4,0.0%,0,0.333,0.232,0.477,0.329,23.8%,47.6%,28.6%,46.1%,82.4%,100.0%,16.7%,0.0%,154
Grand View,Brock Johnson,All,25,7,85.4,101.2,102.0,28.6%,16.9°,29.2°,28.6,14.3%,1,0.333,0.203,0.477,0.265,28.6%,42.9%,14.3%,64.0%,87.5%,71.4%,22.2%,31.2%,78
Centre,Baylor Woodall,All,260,38,76.7,97.6,99.7,18.4%,11.9°,17.8°,42.1,0.0%,0,0.379,0.212,0.476,0.334,36.8%,23.7%,31.6%,46.2%,83.7%,74.4%,23.5%,35.0%,117
Fordham,Caden Young,All,50,10,79.0,97.3,97.3,30.0%,14.0°,31.0°,30.0,0.0%,0,0.308,0.27,0.476,0.36,30.0%,30.0%,30.0%,54.0%,66.7%,81.2%,42.3%,22.2%,75
Louisville,Eddie King Jr.,All,862,153,93.0,107.4,111.2,59.5%,13.0°,16.4°,43.8,13.1%,20,0.359,0.334,0.476,0.477,35.3%,31.4%,30.1%,47.7%,75.3%,81.2%,27.9%,29.7%,91
George Washington,Ellis Schwartz,All,861,131,88.8,102.8,105.3,36.6%,9.5°,13.1°,38.9,6.1%,8,0.373,0.289,0.476,0.412,42.7%,22.9%,29.0%,42.2%,68.8%,85.9%,18.9%,17.1%,103
Texas,Rylan Galvan,All,915,106,93.6,107.6,111.3,64.2%,15.1°,16.2°,33.0,16.0%,17,0.308,0.297,0.476,0.47,39.6%,28.3%,21.7%,34.4%,59.8%,76.3%,15.7%,32.1%,121
King,Levi Medford,All,60,9,87.0,109.1,110.0,22.2%,10.2°,24.6°,44.4,22.2%,2,0.333,0.249,0.476,0.415,44.4%,44.4%,11.1%,50.0%,85.2%,69.6%,21.2%,30.0%,199
Taylor,Nate Simpson,All,156,20,83.7,95.8,97.1,25.0%,-2.9°,5.3°,30.0,0.0%,0,0.348,0.228,0.476,0.385,65.0%,10.0%,25.0%,32.7%,65.0%,79.5%,12.5%,21.6%,140
Catawba College,Sam Hunter,All,125,22,85.9,100.4,102.1,18.2%,19.4°,17.5°,40.9,0.0%,0,0.387,0.21,0.476,0.305,27.3%,31.8%,22.7%,51.2%,72.1%,83.9%,40.2%,18.8%,69
Maryland,Michael Iannazzo,All,143,16,89.9,99.2,102.6,43.8%,7.4°,8.0°,37.5,0.0%,0,0.348,0.296,0.476,0.461,43.8%,12.5%,37.5%,35.7%,61.4%,85.7%,18.6%,21.6%,105
Catawba College,Sean Shelly,All,104,21,82.9,100.3,101.5,28.6%,12.3°,25.1°,28.6,19.0%,4,0.36,0.25,0.475,0.371,42.9%,38.1%,9.5%,47.1%,82.5%,84.8%,25.0%,20.4%,123
VMI,Bradley Garner,All,748,120,87.5,103.7,106.5,38.3%,11.0°,12.1°,40.0,4.2%,5,0.366,0.317,0.475,0.428,36.7%,18.3%,35.0%,38.5%,61.4%,89.6%,20.5%,14.9%,103
University of Montevallo,Evan Radford,All,283,69,88.7,105.7,107.0,43.5%,15.2°,13.1°,40.6,11.6%,8,0.333,0.311,0.475,0.415,39.1%,31.9%,26.1%,46.6%,74.8%,88.8%,26.2%,22.7%,105
Texas A&M-Corpus Christi,Jackson Smith,All,114,11,83.0,102.3,106.1,27.3%,27.0°,20.8°,72.7,18.2%,2,0.294,0.258,0.475,0.413,0.0%,45.5%,54.5%,35.1%,58.3%,82.1%,18.2%,25.0%,102
High Point,Miggy Echazarreta,All,812,99,88.3,101.2,107.3,30.3%,15.0°,17.4°,39.4,5.1%,5,0.336,0.266,0.475,0.441,33.3%,32.3%,31.3%,27.1%,49.0%,91.7%,10.9%,15.0%,121
Creighton,Nolan Sailors,All,840,143,86.6,103.9,106.6,42.7%,7.0°,10.1°,31.5,2.1%,3,0.403,0.293,0.475,0.391,52.4%,19.6%,24.5%,43.1%,66.9%,89.2%,24.1%,18.0%,107
Oklahoma Wesleyan,Jorge Aldrete,All,65,9,81.7,92.4,94.6,0.0%,11.2°,-,55.6,0.0%,0,0.4,0.461,0.475,0.549,33.3%,22.2%,44.4%,32.3%,57.1%,87.5%,13.5%,14.3%,166
Pomona-Pitzer,Tanner DeGrazia,All,230,37,87.8,96.5,98.5,27.0%,7.2°,-1.9°,24.3,0.0%,0,0.378,0.244,0.475,0.413,40.5%,21.6%,21.6%,37.8%,66.7%,96.4%,21.2%,13.8%,96
Youngstown State,Tommy Rover,All,324,55,92.2,105.7,110.3,52.7%,5.8°,12.6°,38.2,7.3%,4,0.365,0.345,0.475,0.463,41.8%,21.8%,27.3%,43.5%,70.3%,88.0%,28.2%,19.9%,135
Michigan,Mitchell Voit,All,790,157,91.3,106.1,111.7,49.7%,14.7°,17.4°,40.1,12.1%,19,0.349,0.353,0.474,0.489,34.4%,29.9%,30.6%,45.9%,74.1%,87.4%,24.4%,21.8%,112
Lindenwood,Jake Radosevich,All,120,19,89.6,102.8,106.3,47.4%,14.6°,11.1°,26.3,5.3%,1,0.391,0.322,0.474,0.402,42.1%,26.3%,26.3%,38.3%,61.8%,82.4%,18.5%,21.7%,115
Georgia Tech,Kent Schmidt,All,688,130,87.7,103.0,105.5,36.2%,12.0°,11.5°,42.3,2.3%,3,0.405,0.336,0.474,0.412,39.2%,23.1%,35.4%,38.2%,56.6%,90.6%,23.8%,12.9%,81
Lenoir-Rhyne,Owen Blackledge,All,571,90,88.3,101.0,104.2,37.8%,16.7°,16.0°,44.4,6.7%,6,0.34,0.293,0.474,0.436,36.7%,32.2%,23.3%,39.2%,69.2%,89.7%,19.9%,11.6%,126
Missouri State,Jake McCutcheon,All,740,140,94.0,108.8,112.8,58.6%,10.7°,12.9°,28.6,10.7%,15,0.382,0.36,0.474,0.479,45.7%,27.1%,23.6%,45.4%,71.0%,86.8%,25.8%,22.9%,113
Florida State,Myles Bailey,All,929,120,96.5,113.3,117.6,60.8%,12.5°,13.5°,43.3,20.0%,24,0.328,0.316,0.474,0.456,39.2%,19.2%,31.7%,44.0%,71.5%,68.3%,23.5%,41.6%,99
Southeastern (FL),JP Pennella,All,553,90,84.1,99.4,102.3,25.6%,-3.1°,0.8°,27.8,0.0%,0,0.438,0.271,0.473,0.354,66.7%,8.9%,21.1%,37.6%,63.3%,93.8%,19.4%,13.5%,129
Ole Miss,Collin Reuter,All,174,23,95.0,109.1,111.6,69.6%,16.6°,16.3°,30.4,13.0%,3,0.343,0.314,0.473,0.447,34.8%,26.1%,30.4%,44.8%,72.7%,83.9%,22.7%,26.9%,116
Northwestern,Griffin Mills,All,98,12,95.6,102.8,103.4,75.0%,10.8°,8.5°,25.0,0.0%,0,0.333,0.264,0.473,0.366,58.3%,8.3%,25.0%,35.7%,65.1%,67.9%,12.7%,31.4%,154
British Columbia,Jonny McGill,All,84,15,93.2,108.1,109.4,46.7%,8.5°,9.9°,60.0,6.7%,1,0.368,0.388,0.473,0.468,26.7%,13.3%,53.3%,57.1%,85.7%,93.3%,36.7%,10.4%,116
West Virginia,Kyle West,All,900,129,94.1,111.8,115.3,55.8%,11.2°,14.4°,34.1,14.0%,18,0.335,0.292,0.473,0.451,38.0%,28.7%,27.1%,42.0%,66.2%,82.9%,25.1%,26.7%,90
Richmond,Jack Arcamone,All,785,114,93.7,109.4,111.0,53.5%,14.9°,16.2°,44.7,14.0%,16,0.348,0.321,0.473,0.492,31.6%,25.4%,34.2%,43.2%,74.3%,83.1%,21.9%,23.6%,135
Fresno Pacific,Gabriel Henderson,All,258,41,83.0,98.8,103.4,19.5%,9.2°,8.0°,41.5,0.0%,0,0.404,0.308,0.473,0.406,39.0%,17.1%,39.0%,35.7%,66.0%,83.9%,18.3%,20.7%,129
Texas Tech,Logan Hughes,All,600,133,94.0,106.7,110.8,63.2%,10.6°,15.4°,40.6,15.0%,20,0.327,0.375,0.472,0.519,36.8%,35.3%,27.1%,44.5%,68.1%,88.3%,24.4%,15.7%,108
Fairfield,Luke Nomura,All,355,61,89.5,100.2,108.0,45.9%,17.0°,19.3°,36.1,1.6%,1,0.385,0.33,0.472,0.452,31.1%,32.8%,31.1%,44.8%,65.1%,81.8%,29.6%,23.3%,109
UNC Asheville,Blaize Johnson,All,242,42,86.8,102.2,104.4,47.6%,8.6°,9.1°,40.5,2.4%,1,0.404,0.303,0.472,0.36,47.6%,16.7%,31.0%,47.9%,70.0%,89.6%,29.5%,22.4%,93
Georgia,Slate Alford,All,907,147,92.5,108.5,114.5,49.0%,11.5°,12.1°,35.4,11.6%,17,0.323,0.324,0.472,0.454,42.2%,28.6%,25.2%,47.5%,74.9%,83.0%,28.0%,24.6%,110
Redlands,Mark Kirkland,All,55,13,84.8,99.1,100.0,23.1%,6.3°,12.1°,38.5,0.0%,0,0.429,0.368,0.472,0.507,46.2%,7.7%,38.5%,47.3%,90.0%,88.9%,22.9%,11.5%,139
Westmont,Michael Soper,All,322,66,88.2,99.8,102.8,28.8%,22.6°,10.6°,37.9,0.0%,0,0.356,0.269,0.472,0.419,24.2%,34.8%,28.8%,37.6%,61.8%,95.2%,19.9%,5.8%,121
Auburn Montgomery,Tyrese Rooks,All,63,13,83.6,98.0,100.4,38.5%,10.9°,17.0°,46.2,0.0%,0,0.357,0.338,0.472,0.434,30.8%,23.1%,38.5%,39.7%,77.8%,85.7%,24.4%,16.0%,134
Saint Mary's (CA),Brady Petit,All,221,33,83.7,97.6,104.1,21.2%,11.6°,20.5°,57.6,0.0%,0,0.4,0.285,0.472,0.366,36.4%,27.3%,36.4%,39.4%,69.0%,77.6%,21.2%,28.7%,118
Eastern Illinois,Zak Goodwin,All,337,52,87.5,98.2,100.2,25.0%,10.0°,14.3°,46.2,3.8%,2,0.422,0.352,0.471,0.451,46.2%,13.5%,38.5%,31.8%,55.8%,91.5%,13.2%,11.2%,123
Tufts,Nick Banner,All,72,17,90.9,96.6,97.6,47.1%,11.0°,6.3°,41.2,0.0%,0,0.471,0.396,0.471,0.415,41.2%,17.6%,29.4%,40.3%,69.7%,100.0%,15.4%,3.4%,138
UC San Diego,Michael Crossland,All,448,72,90.6,104.2,107.5,44.4%,12.2°,11.4°,43.1,8.3%,6,0.365,0.317,0.471,0.409,37.5%,29.2%,30.6%,37.7%,58.0%,86.3%,24.6%,23.7%,99
Taylor,Ben Kennedy,All,217,27,87.7,99.8,101.9,29.6%,19.2°,27.3°,51.9,3.7%,1,0.349,0.206,0.471,0.313,25.9%,48.1%,22.2%,42.4%,70.8%,77.9%,19.8%,32.6%,111
Azusa Pacific,Elijah Cook,All,64,11,94.8,108.0,108.4,72.7%,2.9°,6.7°,36.4,9.1%,1,0.412,0.29,0.471,0.358,54.5%,18.2%,27.3%,64.1%,69.2%,83.3%,60.5%,43.9%,24
Kansas,Brady Ballinger,All,1001,149,90.2,106.4,111.9,50.3%,15.4°,20.3°,49.0,16.8%,25,0.33,0.342,0.471,0.518,32.9%,36.2%,28.9%,36.9%,60.4%,84.3%,20.4%,22.0%,123
CLA_CLA,Carter Bennett,All,136,23,81.8,91.8,96.8,4.3%,13.1°,5.8°,39.1,0.0%,0,0.393,0.228,0.47,0.334,34.8%,47.8%,13.0%,37.5%,66.1%,92.3%,15.6%,13.7%,157
Taylor,Mason David,All,289,47,78.4,96.2,99.2,19.1%,11.6°,12.5°,46.8,0.0%,0,0.362,0.297,0.47,0.381,38.3%,17.0%,42.6%,37.4%,63.2%,94.0%,22.4%,23.1%,125
Southeastern Louisiana,Conner O'Neal,All,224,22,90.5,107.6,107.8,45.5%,12.7°,17.5°,31.8,13.6%,3,0.257,0.216,0.47,0.427,40.9%,36.4%,13.6%,29.0%,53.6%,84.4%,14.3%,30.8%,128
Florida,Cade Kurland,All,184,26,91.2,107.6,112.9,57.7%,4.8°,11.1°,53.8,19.2%,5,0.314,0.384,0.47,0.546,50.0%,19.2%,30.8%,41.8%,68.5%,94.0%,24.3%,16.9%,122
Texas Tech,Robin Villeneuve,All,596,102,92.1,107.2,110.1,50.0%,14.4°,17.9°,37.3,10.8%,11,0.359,0.323,0.47,0.449,34.3%,29.4%,28.4%,45.6%,75.0%,86.5%,23.5%,26.5%,122
British Columbia,Trent Lenihan,All,109,19,88.7,100.7,102.5,36.8%,7.0°,19.3°,15.8,5.3%,1,0.292,0.2,0.47,0.416,52.6%,21.1%,10.5%,51.4%,89.8%,72.7%,20.0%,30.4%,174
Fairfield,Billy Sullivan,All,145,21,80.0,94.8,98.8,4.8%,27.6°,27.2°,42.9,4.8%,1,0.379,0.262,0.47,0.368,19.0%,33.3%,38.1%,35.2%,58.7%,81.1%,17.1%,25.5%,110
Lee,JJ Williams,All,421,87,89.4,105.0,108.1,40.2%,4.1°,8.8°,25.3,8.0%,7,0.388,0.292,0.47,0.385,48.3%,13.8%,24.1%,48.2%,77.3%,83.3%,29.8%,23.6%,94
Texas A&M,Caden Sorrell,All,358,63,94.0,107.5,110.8,57.1%,12.6°,20.1°,38.1,14.3%,9,0.306,0.312,0.469,0.476,34.9%,38.1%,22.2%,45.5%,69.1%,77.1%,28.2%,31.9%,87
Abilene Christian,Diego Cardenas,All,666,98,92.7,108.5,114.9,49.0%,20.8°,18.7°,49.0,22.4%,22,0.321,0.298,0.469,0.468,21.4%,28.6%,31.6%,44.9%,74.0%,74.2%,26.0%,36.5%,100
North Greenville,Brett Blomquist,All,158,31,85.0,100.6,103.6,35.5%,-2.9°,11.6°,35.5,3.2%,1,0.389,0.303,0.469,0.37,48.4%,12.9%,32.3%,44.3%,65.8%,82.7%,22.8%,15.7%,127
Oakland,Taylor Tomlin,All,429,79,82.6,94.1,97.3,6.3%,11.6°,7.7°,40.5,0.0%,0,0.417,0.271,0.468,0.337,36.7%,24.1%,35.4%,39.9%,64.4%,94.2%,20.7%,16.4%,120
Centre,Jonah Porter,All,233,39,86.1,101.5,103.2,35.9%,2.2°,12.0°,43.6,0.0%,0,0.408,0.3,0.468,0.375,43.6%,10.3%,33.3%,45.1%,79.8%,71.6%,25.5%,26.7%,116
Saint Mary's (CA),Eddie Madrigal,All,849,182,88.4,102.2,107.6,38.5%,17.1°,16.8°,43.4,8.2%,15,0.362,0.33,0.468,0.432,29.7%,35.2%,28.6%,46.6%,76.5%,89.9%,25.8%,19.7%,95
Kent State,Hayden Jatczak,All,336,57,94.2,106.0,109.4,56.1%,12.3°,11.9°,35.1,12.3%,7,0.313,0.37,0.468,0.528,36.8%,35.1%,22.8%,36.6%,60.9%,89.3%,19.7%,15.4%,97
Shenandoah,Jaime Padilla,All,233,47,89.0,102.8,105.9,38.3%,4.4°,8.3°,31.9,0.0%,0,0.385,0.345,0.468,0.432,44.7%,19.1%,31.9%,35.6%,62.9%,88.5%,16.2%,14.5%,129
Tennessee,Blake Grimmer,All,228,32,95.5,108.1,109.8,62.5%,11.0°,13.3°,37.5,9.4%,3,0.326,0.345,0.467,0.509,46.9%,34.4%,18.8%,36.8%,60.8%,83.1%,19.1%,22.6%,119
Georgia Tech,Kyle Lodise,All,1008,167,91.2,103.4,108.4,50.9%,19.3°,19.0°,38.3,8.4%,14,0.324,0.303,0.467,0.442,31.7%,34.7%,27.5%,37.4%,60.1%,86.9%,18.7%,21.8%,111
Arkansas,Carson Boles,All,264,36,91.3,102.3,106.5,41.7%,9.5°,16.5°,44.4,8.3%,3,0.333,0.309,0.467,0.457,41.7%,22.2%,30.6%,31.8%,61.9%,81.5%,11.9%,23.8%,108
Ole Miss,Luke Hill,All,973,174,89.0,104.9,107.9,47.1%,5.1°,13.8°,33.3,6.3%,11,0.38,0.334,0.467,0.455,48.3%,22.4%,27.0%,44.6%,78.5%,84.6%,19.6%,23.3%,133
Cornell,Ryan Porter,All,308,62,91.1,104.1,108.1,46.8%,23.9°,25.3°,33.9,9.7%,6,0.337,0.249,0.467,0.39,27.4%,35.5%,27.4%,51.6%,72.5%,82.0%,31.0%,25.2%,100
Bradley,Bobby Atkinson,All,588,94,90.5,103.3,107.1,40.4%,13.3°,16.1°,38.3,10.6%,10,0.35,0.289,0.467,0.422,36.2%,28.7%,28.7%,40.0%,64.8%,91.8%,22.4%,15.7%,113
Saint Peter's,Tommy Kendrick,All,116,22,77.0,93.6,97.8,9.1%,4.8°,4.7°,40.9,0.0%,0,0.44,0.302,0.467,0.364,45.5%,13.6%,36.4%,44.0%,71.4%,85.0%,18.3%,17.6%,132
Utah Valley,Mason Strong,All,523,116,89.0,102.0,105.6,33.6%,16.4°,15.1°,38.8,6.0%,7,0.378,0.303,0.467,0.42,34.5%,31.9%,25.0%,46.7%,73.2%,88.9%,29.0%,19.3%,108
Wake Forest,Marek Houston,All,1153,184,87.9,103.1,107.2,39.1%,10.6°,15.9°,35.3,4.9%,9,0.354,0.307,0.467,0.426,41.8%,24.5%,27.7%,36.3%,57.0%,92.1%,21.1%,15.6%,87
Florida Atlantic,Marshall Lipsey,All,323,51,85.3,102.6,105.5,35.3%,8.9°,13.9°,35.3,9.8%,5,0.342,0.25,0.467,0.351,43.1%,25.5%,25.5%,42.7%,74.6%,81.1%,17.7%,27.5%,132
Missouri State,Nick Rodriguez,All,730,154,91.9,106.2,109.8,52.6%,12.3°,14.4°,41.6,9.7%,15,0.35,0.357,0.467,0.476,37.7%,27.3%,31.2%,50.4%,76.5%,83.8%,29.7%,19.3%,102
Centre,Aaron Lopez,All,271,45,84.9,95.6,98.8,15.6%,12.1°,9.1°,33.3,0.0%,0,0.34,0.27,0.467,0.372,48.9%,28.9%,22.2%,30.3%,60.2%,96.9%,10.4%,6.1%,154
Southern Wesleyan,Cam Mitchem,All,402,59,89.9,104.9,110.3,44.1%,23.0°,18.4°,45.8,15.3%,9,0.326,0.259,0.467,0.39,22.0%,37.3%,32.2%,41.5%,69.7%,80.2%,25.7%,33.5%,98
Hawaii,Kamana Nahaku,All,233,39,89.1,104.9,106.4,48.7%,19.9°,12.9°,46.2,15.4%,6,0.312,0.321,0.467,0.462,17.9%,51.3%,28.2%,47.2%,71.1%,86.4%,24.4%,24.5%,103
Incarnate Word,Rob Liddington,All,122,23,94.0,108.4,113.1,65.2%,12.0°,11.5°,52.2,8.7%,2,0.367,0.383,0.467,0.467,34.8%,21.7%,43.5%,50.0%,65.5%,77.8%,37.3%,31.1%,50
Coker,Ick Cirino,All,90,21,87.0,98.7,101.4,28.6%,10.5°,4.8°,38.1,0.0%,0,0.417,0.375,0.467,0.413,52.4%,14.3%,33.3%,46.7%,81.1%,100.0%,22.6%,11.9%,126
Norfolk State,Jalan Jones,All,68,17,88.0,100.7,103.6,35.3%,7.1°,10.7°,41.2,5.9%,1,0.4,0.356,0.466,0.391,47.1%,17.6%,35.3%,58.8%,69.7%,87.0%,48.6%,25.0%,47
Mercyhurst,Joe Trivisonno,All,80,19,82.3,97.5,98.2,15.8%,15.5°,27.2°,42.1,5.3%,1,0.4,0.32,0.466,0.365,36.8%,36.8%,21.1%,58.8%,83.0%,87.2%,24.2%,12.8%,141
Davidson,Jameson Daly,All,693,90,87.2,106.1,111.7,37.8%,11.8°,13.8°,40.0,12.2%,11,0.344,0.264,0.466,0.393,38.9%,24.4%,27.8%,36.9%,51.6%,82.6%,24.9%,26.2%,78
Ave Maria,Dakota Jones,All,273,37,82.5,99.7,103.4,24.3%,4.7°,12.6°,32.4,2.7%,1,0.354,0.247,0.466,0.4,54.1%,16.2%,21.6%,30.8%,55.5%,83.6%,14.1%,20.2%,152
UMass,Matt Travisano,All,168,29,84.3,98.0,99.5,31.0%,14.7°,13.6°,37.9,0.0%,0,0.412,0.33,0.465,0.402,34.5%,20.7%,41.4%,37.5%,63.8%,79.5%,19.2%,22.2%,162
Piedmont,Ben Connelly,All,48,6,89.0,93.3,93.9,16.7%,7.9°,0.0°,50.0,0.0%,0,0.444,0.163,0.465,0.213,50.0%,33.3%,16.7%,43.8%,66.7%,75.0%,30.0%,28.6%,79
North Park,Alex DiVito,All,36,7,75.3,95.5,97.0,14.3%,5.5°,6.5°,28.6,0.0%,0,0.375,0.252,0.465,0.355,57.1%,14.3%,28.6%,38.9%,66.7%,100.0%,19.0%,0.0%,120
Tennessee,Levi Clark,All,670,82,92.0,106.4,111.8,48.8%,23.6°,24.2°,46.3,14.6%,12,0.312,0.27,0.465,0.446,20.7%,42.7%,26.8%,41.5%,68.8%,80.6%,20.4%,23.7%,120
Eastern Kentucky,Julius Scearce,All,212,33,88.5,104.0,105.1,39.4%,7.4°,17.7°,39.4,18.2%,6,0.298,0.279,0.465,0.404,39.4%,30.3%,24.2%,45.3%,63.1%,81.5%,28.4%,30.2%,78
Clemson,Cam Cannarella,All,1140,181,90.3,104.1,107.7,47.0%,6.9°,13.0°,39.8,5.0%,9,0.362,0.342,0.465,0.465,47.5%,19.9%,29.3%,38.1%,64.6%,85.2%,17.9%,20.0%,104
Michigan,Benny Casillas,All,872,165,89.4,102.2,104.8,43.6%,8.8°,13.1°,42.4,2.4%,4,0.4,0.351,0.465,0.435,44.2%,22.4%,32.1%,42.0%,61.6%,88.5%,26.8%,14.8%,99
Valparaiso,Ryan Maka,All,333,48,87.7,105.6,106.0,50.0%,6.8°,14.0°,29.2,4.2%,2,0.339,0.278,0.465,0.415,43.8%,31.2%,22.9%,36.3%,62.5%,83.3%,16.4%,20.7%,107
Taylor,Brayden Manning,All,225,49,84.8,105.6,107.3,32.7%,2.8°,11.3°,42.9,2.0%,1,0.418,0.349,0.465,0.436,44.9%,16.3%,36.7%,43.1%,68.1%,89.1%,25.2%,15.5%,108
LaGrange,Noah Preuer,All,54,12,83.2,102.0,102.3,33.3%,-2.8°,7.5°,41.7,0.0%,0,0.417,0.386,0.465,0.507,58.3%,0.0%,33.3%,42.6%,60.0%,88.9%,35.9%,21.7%,42
Alabama A&M,KJ Stanfield,All,63,16,80.7,102.2,102.9,37.5%,-18.2°,13.8°,37.5,0.0%,0,0.389,0.275,0.464,0.33,68.8%,0.0%,31.2%,36.5%,54.8%,100.0%,18.8%,0.0%,123
NC State,Brandon Novy,All,241,36,92.0,110.2,112.4,44.4%,5.4°,3.8°,25.0,8.3%,3,0.302,0.294,0.464,0.458,50.0%,22.2%,19.4%,29.9%,61.5%,85.7%,10.7%,18.1%,117
Hofstra,Nicholas Gallello,All,132,30,86.0,100.4,101.9,36.7%,3.0°,12.0°,36.7,6.7%,2,0.441,0.32,0.464,0.388,53.3%,16.7%,23.3%,57.6%,75.8%,84.0%,39.4%,18.4%,91
Penn State,Paxton Kling,All,936,147,90.7,107.3,111.8,46.9%,16.6°,18.7°,42.2,10.9%,16,0.345,0.346,0.464,0.51,27.2%,31.3%,34.7%,40.0%,68.1%,81.9%,18.3%,26.2%,130
Claflin,Kimon Quarles,All,27,7,79.7,78.5,78.7,14.3%,-17.0°,-1.6°,28.6,0.0%,0,0.5,0.281,0.464,0.271,85.7%,0.0%,14.3%,55.6%,60.0%,83.3%,52.9%,13.3%,-4
Chaminade,Jackson Dorn,All,72,13,85.2,98.7,103.5,30.8%,2.5°,17.5°,30.8,0.0%,0,0.333,0.359,0.464,0.463,53.8%,15.4%,30.8%,45.8%,76.0%,73.7%,29.8%,33.3%,99
Southern,Michael Latulas,All,33,5,91.3,100.6,101.4,60.0%,28.7°,24.9°,40.0,0.0%,0,0.286,0.25,0.463,0.36,20.0%,40.0%,40.0%,42.4%,61.1%,72.7%,20.0%,35.7%,81
Wake Forest,Kade Lewis,All,1012,171,89.8,104.7,108.0,48.5%,6.0°,12.5°,39.2,8.2%,14,0.37,0.345,0.463,0.456,48.0%,17.5%,32.2%,41.5%,65.3%,85.3%,22.6%,22.1%,98
Michigan,Gregory Pace Jr.,All,440,59,91.8,106.4,108.3,54.2%,6.4°,13.5°,35.6,10.2%,6,0.326,0.293,0.463,0.444,45.8%,25.4%,27.1%,40.5%,67.4%,77.0%,20.6%,32.0%,114
Southwestern (TX),James Vaquero,All,165,34,80.4,94.8,97.9,5.9%,11.1°,12.4°,35.3,0.0%,0,0.425,0.261,0.463,0.354,50.0%,23.5%,26.5%,42.4%,65.7%,87.0%,25.3%,11.4%,116
USC Upstate,Tyler Lang,All,169,36,89.6,100.4,102.3,50.0%,17.3°,15.5°,36.1,0.0%,0,0.405,0.325,0.463,0.379,33.3%,41.7%,25.0%,42.6%,65.8%,90.0%,23.7%,15.3%,125
Rhodes,Quinn Blackman,All,41,7,92.1,100.3,102.6,28.6%,16.5°,18.7°,42.9,0.0%,0,0.333,0.303,0.463,0.406,42.9%,28.6%,28.6%,36.6%,64.3%,88.9%,22.2%,20.0%,100
Pomona-Pitzer,Carson Evans,All,125,18,84.7,95.1,95.7,11.1%,5.7°,7.1°,44.4,0.0%,0,0.391,0.357,0.463,0.447,55.6%,5.6%,38.9%,30.4%,54.8%,79.4%,6.3%,26.3%,115
Claflin,Anthony Hardy II,All,36,5,87.3,96.4,101.5,20.0%,37.8°,23.7°,40.0,20.0%,1,0.286,0.185,0.463,0.316,20.0%,60.0%,0.0%,41.7%,72.2%,61.5%,11.1%,46.7%,120
Davidson,Eli Putnam,All,708,141,92.6,107.2,113.0,55.3%,9.5°,14.5°,32.6,10.6%,15,0.35,0.312,0.462,0.424,43.3%,27.7%,23.4%,48.3%,73.5%,79.8%,27.9%,31.3%,91
Stonehill,Aidan Cohall,All,193,43,87.9,102.6,106.2,41.9%,16.1°,18.1°,37.2,7.0%,3,0.319,0.286,0.462,0.392,39.5%,39.5%,16.3%,46.6%,75.0%,89.9%,20.8%,14.4%,137
Southeastern Louisiana,Dane Watts,All,201,29,88.6,97.9,101.8,27.6%,10.5°,13.1°,34.5,0.0%,0,0.366,0.252,0.462,0.379,34.5%,31.0%,24.1%,37.8%,57.5%,87.0%,24.8%,21.1%,96
Virginia,Henry Ford,All,719,161,89.3,105.0,111.4,46.6%,13.3°,13.3°,39.1,11.2%,18,0.38,0.343,0.462,0.453,37.3%,24.2%,30.4%,47.8%,73.8%,88.3%,30.3%,17.7%,73
Arizona,Brendan Summerhill,All,692,131,89.6,103.6,106.2,42.0%,10.5°,11.7°,39.7,5.3%,7,0.351,0.331,0.462,0.444,44.3%,21.4%,29.8%,41.5%,70.4%,90.9%,19.7%,11.5%,107
Keiser,Dylan Symonds,All,99,12,87.2,96.9,99.2,33.3%,1.0°,12.3°,66.7,0.0%,0,0.438,0.472,0.462,0.515,33.3%,0.0%,66.7%,31.3%,43.6%,82.4%,23.3%,29.0%,99
Eastern Michigan,Harrison Travis,All,381,66,90.7,108.2,112.8,42.4%,18.0°,15.5°,37.9,13.6%,9,0.353,0.304,0.462,0.426,34.8%,31.8%,27.3%,47.2%,63.9%,84.9%,34.4%,22.2%,73
Kansas State,Max Martin,All,804,136,94.1,108.7,112.5,56.6%,15.2°,12.3°,42.6,11.8%,16,0.339,0.324,0.462,0.446,34.6%,22.8%,35.3%,44.7%,68.3%,82.6%,28.4%,31.8%,79
Houston,Conner McGinnis,All,468,72,93.2,103.4,106.8,50.0%,12.8°,12.9°,40.3,6.9%,5,0.341,0.333,0.462,0.45,44.4%,23.6%,26.4%,36.5%,56.2%,87.7%,21.5%,19.9%,107
Troy,Blake Cavill,All,929,111,89.4,105.1,110.5,48.6%,9.2°,14.0°,31.5,6.3%,7,0.313,0.292,0.461,0.443,45.9%,24.3%,25.2%,30.9%,54.7%,83.3%,12.4%,20.2%,121
Appalachian State,Kameron Miller,All,694,84,91.7,109.7,112.9,52.4%,3.9°,12.2°,36.9,10.7%,9,0.325,0.309,0.461,0.444,47.6%,20.2%,29.8%,34.1%,59.2%,85.0%,14.6%,24.1%,112
Radford,James Ward,All,672,125,85.8,102.0,106.1,28.0%,15.6°,17.8°,32.0,4.8%,6,0.358,0.255,0.461,0.351,34.4%,38.4%,20.8%,47.6%,68.1%,85.2%,30.4%,17.8%,85
Minnesota,Landen Lozier,All,62,6,85.6,97.7,97.8,33.3%,-3.0°,15.5°,33.3,0.0%,0,0.333,0.26,0.461,0.45,66.7%,16.7%,16.7%,33.9%,51.6%,87.5%,16.1%,19.0%,131
Tennessee Tech,Mack Whitcomb,All,240,46,90.2,104.7,110.5,43.5%,11.6°,18.1°,32.6,10.9%,5,0.339,0.314,0.461,0.433,37.0%,30.4%,26.1%,42.9%,71.6%,85.7%,26.3%,27.2%,119
TCU,Sawyer Strosnider,All,856,163,91.1,108.6,112.3,49.1%,7.9°,9.1°,36.2,11.0%,18,0.357,0.323,0.461,0.423,44.8%,21.5%,28.2%,46.7%,68.5%,87.0%,30.1%,26.0%,82
Abilene Christian,Zandt Payne,All,506,94,87.0,98.5,102.6,29.8%,13.3°,9.2°,41.5,1.1%,1,0.389,0.289,0.461,0.402,36.2%,20.2%,33.0%,37.4%,56.8%,93.1%,21.3%,15.3%,106
Taylor,Sam Gladd,All,160,30,81.8,101.9,103.2,23.3%,12.6°,15.4°,23.3,3.3%,1,0.342,0.262,0.461,0.349,43.3%,43.3%,13.3%,49.4%,79.3%,87.0%,32.4%,32.9%,105
Georgia Tech,Alex Hernandez,All,989,178,92.8,106.7,110.5,53.4%,10.9°,14.4°,38.8,14.6%,26,0.349,0.351,0.461,0.483,42.1%,26.4%,27.5%,41.7%,65.6%,82.9%,21.2%,21.6%,111
Texas Southern,Jonathan Trejo,All,121,23,85.4,96.6,100.4,13.0%,-3.0°,-0.5°,13.0,0.0%,0,0.462,0.322,0.46,0.359,65.2%,13.0%,17.4%,40.5%,55.2%,90.6%,27.0%,8.2%,84
UNLV,Nicky Garritano,All,68,11,85.3,96.7,97.1,18.2%,11.2°,5.6°,9.1,0.0%,0,0.385,0.272,0.46,0.339,63.6%,18.2%,18.2%,38.2%,61.3%,94.7%,18.9%,19.2%,111
CLA_CLA,Blaise Heher,All,139,26,84.3,95.8,98.7,23.1%,8.7°,6.2°,38.5,0.0%,0,0.467,0.316,0.46,0.396,50.0%,23.1%,23.1%,43.2%,70.7%,87.8%,23.5%,25.0%,108
Ole Miss,Mitchell Sanford,All,969,163,89.2,104.0,109.1,44.2%,8.6°,17.1°,32.5,10.4%,17,0.325,0.273,0.46,0.411,42.9%,30.1%,22.7%,49.5%,78.4%,81.7%,28.2%,27.1%,98
Trevecca Nazarene,Joey Parliament,All,134,26,88.9,103.5,107.1,38.5%,21.3°,16.6°,38.5,7.7%,2,0.355,0.311,0.46,0.423,30.8%,30.8%,30.8%,42.5%,71.9%,90.2%,20.8%,21.1%,123
Samford,Michael Gupton,All,634,111,85.6,110.6,114.2,41.4%,13.9°,12.1°,34.2,12.6%,14,0.353,0.264,0.46,0.357,36.0%,31.5%,23.4%,56.0%,78.0%,82.3%,42.0%,30.4%,54
Northern Illinois,J.P. Gauthier,All,482,73,88.9,102.7,109.5,39.7%,14.9°,18.3°,37.0,6.8%,5,0.324,0.284,0.46,0.379,35.6%,37.0%,24.7%,47.7%,77.1%,72.6%,23.5%,33.5%,108
Bucknell,Tyler Dunn,All,535,81,84.9,97.7,101.6,19.8%,11.0°,19.4°,42.0,1.2%,1,0.326,0.282,0.46,0.42,34.6%,27.2%,34.6%,31.2%,50.2%,87.6%,15.6%,16.2%,127
Presbyterian,Rhogue Wallace,All,168,36,86.7,103.1,107.8,41.7%,2.4°,15.9°,25.0,8.3%,3,0.341,0.285,0.46,0.376,58.3%,22.2%,16.7%,54.2%,74.1%,81.7%,35.6%,26.4%,83
Western Kentucky,Ryan Wideman,All,910,187,90.4,108.0,112.2,50.3%,2.3°,9.0°,33.7,7.0%,13,0.386,0.328,0.46,0.413,52.9%,18.2%,25.7%,56.0%,77.8%,83.0%,39.6%,25.1%,61
Oral Roberts,Will Edmunson,All,222,34,90.8,101.9,102.6,47.1%,2.8°,8.7°,38.2,5.9%,2,0.333,0.319,0.459,0.429,50.0%,14.7%,29.4%,43.7%,65.9%,93.3%,28.2%,17.5%,79
Quincy,David Broughton,All,47,11,88.4,96.4,97.8,27.3%,17.4°,14.5°,54.5,0.0%,0,0.467,0.342,0.459,0.426,18.2%,18.2%,54.5%,57.4%,82.6%,89.5%,33.3%,29.6%,94
Iowa,Reese Moore,All,835,126,88.9,106.0,109.3,46.0%,15.9°,14.1°,40.5,11.1%,14,0.325,0.304,0.459,0.435,38.1%,31.0%,29.4%,43.6%,72.0%,81.1%,23.5%,29.4%,126
Cornell,Mason Barela,All,87,11,90.9,97.0,97.7,27.3%,18.6°,28.6°,9.1,0.0%,0,0.312,0.206,0.459,0.282,36.4%,36.4%,9.1%,42.5%,64.3%,74.1%,22.2%,27.0%,94
USC,Ethan Hedges,All,1105,179,87.2,103.6,109.4,43.0%,9.8°,12.9°,38.0,7.3%,13,0.345,0.299,0.459,0.418,43.6%,27.4%,25.1%,41.2%,64.4%,88.1%,24.7%,23.3%,95
Webber International,Josh Blackmore,All,56,11,77.8,98.5,101.4,18.2%,6.2°,13.9°,36.4,0.0%,0,0.462,0.282,0.459,0.287,36.4%,27.3%,27.3%,33.9%,55.2%,93.8%,11.1%,15.8%,89
Auburn,Cooper McMurray,All,1072,149,92.2,105.7,110.4,51.0%,13.4°,17.1°,45.0,14.8%,22,0.33,0.297,0.459,0.443,32.9%,29.5%,30.9%,42.4%,62.7%,84.9%,26.9%,26.4%,77
Murray State,Jonathan Hogart,All,331,58,90.8,105.3,108.1,44.8%,6.7°,14.5°,29.3,8.6%,5,0.355,0.303,0.459,0.412,51.7%,27.6%,20.7%,41.7%,71.7%,83.7%,18.3%,23.9%,122
Charleston Southern,Kaden Smith,All,660,108,87.3,102.8,105.9,30.6%,18.4°,16.0°,37.0,6.5%,7,0.336,0.272,0.459,0.394,31.5%,28.7%,25.0%,41.7%,68.1%,91.2%,25.4%,18.9%,114
Saint Peter's,Ashby Vining,All,96,28,89.6,104.5,107.0,50.0%,14.4°,15.9°,39.3,10.7%,3,0.444,0.377,0.459,0.458,42.9%,35.7%,21.4%,54.2%,83.7%,90.2%,23.4%,11.5%,101
Dallas Baptist,Grant Jay,All,999,142,93.4,107.9,112.5,57.0%,19.4°,20.6°,37.3,18.3%,26,0.317,0.293,0.459,0.453,32.4%,37.3%,24.6%,46.2%,74.6%,79.5%,25.8%,34.0%,100
Arkansas,Wehiwa Aloy,All,1175,180,92.4,109.6,113.9,55.0%,9.6°,14.0°,38.9,16.7%,30,0.333,0.333,0.459,0.466,43.3%,23.9%,27.2%,43.1%,63.5%,78.4%,29.1%,28.2%,74
Cal State Northridge,Roberto Gonzalez,All,690,115,86.1,100.4,104.3,29.6%,8.9°,14.9°,35.7,2.6%,3,0.361,0.279,0.459,0.372,41.7%,27.0%,27.8%,36.4%,58.3%,90.3%,21.1%,18.3%,94
Arizona State,Matt King,All,780,180,88.1,103.1,107.5,38.9%,10.4°,11.0°,36.7,2.8%,5,0.395,0.356,0.458,0.427,41.7%,24.4%,31.1%,48.6%,74.7%,92.0%,27.1%,18.2%,101
Missouri,Cameron Benson,All,106,11,92.0,108.4,109.4,63.6%,8.0°,7.2°,63.6,9.1%,1,0.333,0.312,0.458,0.383,27.3%,9.1%,54.5%,36.8%,56.5%,69.2%,21.7%,33.3%,69
Wake Forest,Austin Hawke,All,656,88,88.1,100.1,104.6,33.0%,17.9°,19.1°,37.5,2.3%,2,0.3,0.245,0.458,0.377,33.0%,34.1%,25.0%,35.1%,59.6%,82.5%,16.0%,23.9%,118
Missouri,Jackson Lovich,All,743,124,88.6,109.2,112.5,43.5%,1.8°,10.9°,32.3,13.7%,17,0.367,0.284,0.458,0.381,52.4%,22.6%,24.2%,51.7%,75.4%,78.5%,33.6%,32.0%,52
Tennessee Wesleyan,Daniel Stewart,All,31,6,74.6,105.5,107.2,33.3%,1.6°,17.3°,50.0,0.0%,0,0.286,0.375,0.458,0.49,50.0%,0.0%,50.0%,38.7%,64.3%,77.8%,17.6%,25.0%,137
Georgia,Robbie Burnett,All,826,110,88.7,102.8,108.6,40.0%,22.8°,28.4°,39.1,9.1%,10,0.288,0.266,0.458,0.422,25.5%,42.7%,26.4%,42.4%,67.8%,81.7%,21.7%,25.4%,113
UNC Pembroke,Will Hood,All,37,7,87.9,100.5,102.6,57.1%,19.2°,19.2°,28.6,0.0%,0,0.333,0.242,0.458,0.348,28.6%,42.9%,28.6%,27.0%,50.0%,100.0%,5.3%,10.0%,60
St. John's,Jared Beebe,All,686,157,90.3,103.8,106.7,42.7%,12.4°,11.8°,40.8,5.1%,8,0.393,0.336,0.458,0.42,41.4%,27.4%,28.0%,49.7%,74.5%,94.0%,28.8%,15.2%,77
Davidson,Michael O'Shaughnessy,All,770,136,92.6,105.9,110.5,52.9%,18.3°,18.7°,44.9,11.0%,15,0.361,0.343,0.458,0.473,31.6%,32.4%,33.1%,45.1%,72.6%,88.6%,23.4%,21.3%,120
College of Charleston,Brent Gibbs,All,381,69,80.5,97.6,102.9,15.9%,-3.3°,13.8°,21.7,1.4%,1,0.405,0.267,0.458,0.347,59.4%,17.4%,15.9%,43.0%,67.0%,89.0%,22.4%,17.7%,115
Morehead State,JJ Dutton,All,465,75,88.1,105.0,109.1,33.3%,3.7°,6.1°,37.3,2.7%,2,0.377,0.268,0.458,0.37,54.7%,12.0%,29.3%,41.7%,65.5%,88.2%,24.7%,23.2%,99
Kennesaw State,Donovan Cash,All,764,141,92.7,108.8,113.7,50.4%,9.4°,13.9°,37.6,19.9%,28,0.32,0.318,0.458,0.466,41.8%,28.4%,25.5%,43.8%,70.1%,82.6%,24.1%,25.1%,88
Michigan,Keegan O'Hearn,All,158,19,97.8,107.4,110.4,63.2%,26.0°,11.7°,52.6,10.5%,2,0.3,0.303,0.457,0.44,10.5%,31.6%,47.4%,36.7%,54.7%,65.5%,27.6%,44.8%,81
Texas,Casey Borba,All,744,103,90.7,106.3,110.5,47.6%,15.9°,17.9°,35.9,14.6%,15,0.293,0.289,0.457,0.447,37.9%,30.1%,22.3%,30.1%,46.0%,87.9%,16.6%,20.5%,84
Georgia College,Mitchell Cowan,All,116,22,79.2,89.4,98.6,4.5%,20.4°,12.2°,54.5,0.0%,0,0.44,0.384,0.457,0.436,13.6%,40.9%,40.9%,35.3%,59.6%,92.9%,18.8%,19.5%,82
Ohio,Ben Slanker,All,267,40,87.5,106.5,109.7,40.0%,16.6°,20.3°,32.5,15.0%,6,0.312,0.28,0.457,0.424,32.5%,45.0%,20.0%,46.1%,74.3%,81.0%,25.3%,27.6%,103
Richmond,Jordan Jaffe,All,715,161,91.1,104.6,109.3,50.3%,16.5°,14.9°,42.2,9.3%,15,0.376,0.37,0.457,0.477,29.2%,31.7%,35.4%,46.6%,76.2%,91.0%,26.4%,12.9%,104
Hawaii,Elijah Ickes,All,104,25,85.1,99.9,103.5,36.0%,10.4°,14.3°,24.0,0.0%,0,0.423,0.344,0.457,0.395,48.0%,24.0%,28.0%,51.0%,75.5%,91.9%,29.1%,18.9%,107
Virginia,Antonio Perrotta,All,32,10,80.5,94.8,95.1,10.0%,3.5°,41.1°,10.0,0.0%,0,0.3,0.21,0.457,0.281,50.0%,30.0%,10.0%,40.6%,56.2%,100.0%,25.0%,0.0%,52
North Florida,Eric Fouraker Jr,All,38,10,94.1,103.3,103.5,70.0%,11.5°,9.7°,30.0,20.0%,2,0.3,0.425,0.457,0.602,60.0%,40.0%,0.0%,44.7%,66.7%,87.5%,34.6%,17.6%,67
Saint Leo,Ryan Crivello,All,31,5,92.4,105.1,107.5,60.0%,-1.5°,11.5°,80.0,0.0%,0,0.444,0.384,0.457,0.369,20.0%,0.0%,80.0%,38.7%,62.5%,80.0%,13.3%,33.3%,142
Illinois State,Brayden Bakes,All,494,99,87.5,102.9,109.9,31.3%,11.5°,9.8°,33.3,3.0%,3,0.347,0.295,0.457,0.382,40.4%,24.2%,30.3%,43.9%,70.2%,84.4%,19.5%,24.0%,107
Army,Kevin Luke,All,41,5,83.1,91.8,93.4,0.0%,25.6°,-,80.0,0.0%,0,0.444,0.234,0.457,0.245,0.0%,40.0%,60.0%,48.8%,55.0%,63.6%,42.9%,35.0%,51
Carson-Newman,Luke Goforth,All,39,8,72.2,82.4,90.9,0.0%,14.9°,-,50.0,0.0%,0,0.333,0.235,0.457,0.287,37.5%,37.5%,25.0%,53.8%,59.1%,100.0%,47.1%,4.8%,76
UC Irvine,Chase Call,All,488,57,90.9,107.0,109.7,47.4%,17.1°,13.4°,38.6,10.5%,6,0.347,0.272,0.457,0.423,33.3%,33.3%,29.8%,36.7%,67.3%,85.6%,16.1%,23.5%,134
Rhode Island,Jack Hopko,All,828,139,89.7,101.4,105.8,46.0%,5.1°,9.2°,29.5,2.2%,3,0.343,0.293,0.457,0.404,48.9%,25.2%,22.3%,41.4%,64.0%,86.3%,25.5%,17.2%,101
California Baptist,Nick Dumesnil,All,794,141,90.5,107.2,111.8,48.2%,8.5°,11.3°,34.8,9.2%,13,0.357,0.302,0.457,0.417,46.1%,25.5%,24.1%,47.6%,75.7%,83.2%,26.8%,27.0%,110
Lafayette,Easton Brenner,All,701,102,85.0,97.9,101.3,22.5%,12.8°,14.1°,40.2,1.0%,1,0.38,0.273,0.456,0.393,39.2%,31.4%,28.4%,34.1%,55.1%,89.7%,15.0%,13.0%,129
Marshall,Cooper Hinson,All,66,10,86.0,100.0,101.0,30.0%,-2.6°,10.6°,50.0,0.0%,0,0.357,0.346,0.456,0.398,30.0%,0.0%,60.0%,36.4%,64.5%,85.0%,11.4%,20.8%,118
UCF,Andrew Williamson,All,810,139,90.5,105.8,108.9,46.0%,14.6°,11.4°,42.4,10.1%,14,0.348,0.337,0.456,0.454,38.8%,16.5%,32.4%,44.3%,73.0%,85.0%,23.9%,23.1%,120
West Alabama,Blake Vineyard,All,32,11,82.6,100.0,100.6,18.2%,2.6°,24.3°,27.3,9.1%,1,0.308,0.211,0.456,0.281,45.5%,18.2%,18.2%,75.0%,91.7%,90.9%,65.0%,20.8%,-51
Illinois-Chicago,Luke Nowak,All,651,133,88.9,102.6,108.3,36.8%,8.6°,8.7°,29.3,3.0%,4,0.394,0.346,0.456,0.435,46.6%,20.3%,28.6%,42.5%,68.0%,89.6%,24.6%,14.1%,101
Washington,AJ Guerrero,All,670,121,91.8,105.0,110.0,57.0%,11.5°,15.5°,38.8,7.4%,9,0.361,0.357,0.456,0.487,37.2%,32.2%,28.1%,45.2%,75.3%,85.6%,22.7%,22.1%,116
Western Kentucky,Ethan Lizama,All,907,170,93.8,106.9,111.4,55.9%,19.7°,13.8°,39.4,14.1%,24,0.346,0.335,0.456,0.461,28.8%,30.0%,29.4%,54.5%,77.9%,88.1%,36.0%,18.8%,63
San Francisco,Patrick Keighran,All,653,84,89.2,102.7,107.8,36.9%,20.9°,21.2°,38.1,6.0%,5,0.342,0.26,0.456,0.37,25.0%,35.7%,29.8%,39.2%,63.7%,88.4%,21.9%,23.8%,121
Tufts,Ben Leonard,All,264,42,85.3,100.5,102.8,28.6%,7.9°,15.6°,28.6,2.4%,1,0.294,0.239,0.456,0.398,47.6%,19.0%,23.8%,29.2%,55.4%,89.3%,12.9%,13.0%,148
Niagara,Curtis McKay,All,154,25,84.9,101.3,104.2,24.0%,12.8°,15.8°,36.0,4.0%,1,0.314,0.261,0.456,0.336,40.0%,24.0%,28.0%,44.8%,73.0%,75.9%,18.8%,23.2%,141
Winthrop,Josh Skrowronski,All,698,104,90.5,103.9,107.4,45.2%,17.2°,20.5°,40.4,7.7%,8,0.319,0.289,0.456,0.416,30.8%,33.7%,27.9%,41.3%,68.6%,85.9%,20.8%,21.5%,134
UT Tyler,Justin Williams,All,232,45,86.9,102.2,108.7,37.8%,-1.5°,1.6°,22.2,2.2%,1,0.392,0.263,0.455,0.35,60.0%,15.6%,17.8%,42.2%,65.7%,85.1%,23.8%,24.5%,98
East Carolina,Braxton Tramel,All,223,36,91.8,105.1,107.9,58.3%,18.1°,16.5°,27.8,5.6%,2,0.373,0.274,0.455,0.344,33.3%,25.0%,27.8%,52.5%,80.4%,75.6%,28.9%,34.2%,69
Southeastern (FL),Charlie Collins,All,506,100,83.8,98.8,101.1,23.0%,6.1°,15.0°,39.0,2.0%,2,0.374,0.27,0.455,0.363,47.0%,19.0%,30.0%,42.3%,76.9%,86.7%,20.6%,18.2%,127
Loyola Marymount,Beau Ankeney,All,879,144,89.9,108.6,115.0,45.8%,16.6°,15.2°,37.5,12.5%,18,0.339,0.303,0.455,0.444,29.9%,27.8%,31.9%,42.8%,67.9%,83.3%,26.0%,24.7%,100
Point Loma,Jake Schwartz,All,25,5,82.6,96.2,97.8,20.0%,-0.8°,3.3°,40.0,0.0%,0,0.429,0.26,0.455,0.269,60.0%,0.0%,40.0%,32.0%,40.0%,75.0%,26.7%,25.0%,50
Baylor,Ty Kemp,All,812,159,89.6,104.2,108.6,41.5%,10.3°,9.3°,40.9,4.4%,7,0.371,0.338,0.455,0.429,42.8%,23.9%,30.8%,39.5%,64.3%,90.6%,19.4%,15.6%,119
Pacific Lutheran,Carson Burke,All,55,6,90.1,100.7,100.8,50.0%,-2.6°,11.5°,66.7,0.0%,0,0.4,0.31,0.455,0.422,33.3%,0.0%,66.7%,38.2%,61.9%,76.9%,23.5%,38.1%,105
Marist,Noel Rivera,All,155,29,85.1,98.9,101.5,20.7%,15.8°,11.9°,44.8,0.0%,0,0.351,0.276,0.455,0.38,31.0%,34.5%,34.5%,45.8%,70.0%,79.6%,25.9%,22.5%,106
Delaware,Andrew Amato,All,871,117,87.1,104.0,107.9,34.2%,18.8°,17.8°,35.0,8.5%,10,0.313,0.256,0.454,0.384,34.2%,35.9%,26.5%,38.7%,61.0%,86.7%,21.3%,22.3%,98
Southeastern (FL),Peter Tassler,All,332,54,83.5,96.1,102.1,22.2%,14.2°,8.6°,40.7,0.0%,0,0.352,0.232,0.454,0.31,38.9%,31.5%,24.1%,41.6%,64.6%,85.7%,26.7%,31.9%,73
Rhode Island,Eric Genther,All,830,161,91.5,107.3,111.3,47.8%,6.1°,11.8°,34.2,8.1%,13,0.358,0.356,0.454,0.478,47.2%,23.6%,23.6%,38.8%,65.6%,94.7%,19.6%,13.4%,119
Oklahoma,Easton Carmichael,All,862,176,90.2,106.4,110.6,46.0%,12.6°,13.5°,36.4,9.7%,17,0.341,0.319,0.454,0.426,38.6%,24.4%,31.8%,44.8%,70.7%,86.9%,24.4%,20.2%,94
Georgia State,Jesse Donohoe,All,906,146,93.7,108.0,111.2,54.1%,15.4°,14.5°,34.9,15.1%,22,0.302,0.299,0.454,0.459,34.2%,37.0%,25.3%,36.9%,64.5%,84.8%,15.3%,19.2%,111
Alabama,Kade Snell,All,821,193,91.2,106.2,111.6,52.8%,8.9°,12.5°,36.3,9.8%,19,0.366,0.369,0.454,0.495,43.0%,21.2%,28.5%,43.4%,74.5%,93.0%,18.4%,10.1%,122
Illinois State,Daniel Pacella,All,624,121,93.7,107.9,111.7,55.4%,11.4°,17.4°,38.8,13.2%,16,0.315,0.357,0.454,0.499,39.7%,28.1%,29.8%,48.1%,70.7%,80.9%,31.3%,29.0%,74
Illinois State,Judah Morris,All,746,96,89.2,109.1,112.8,40.6%,19.6°,18.6°,39.6,13.5%,13,0.281,0.274,0.454,0.44,30.2%,35.4%,29.2%,39.0%,65.0%,87.5%,23.1%,21.3%,109
Illinois,Greg LaChance,All,329,42,89.8,104.3,107.6,52.4%,9.2°,13.0°,33.3,4.8%,2,0.31,0.251,0.454,0.395,42.9%,23.8%,26.2%,40.7%,67.4%,80.5%,23.5%,26.9%,146
Southern Illinois,Gabe Petrucelli,All,149,29,84.2,102.7,102.7,27.6%,13.1°,10.1°,37.9,6.9%,2,0.375,0.328,0.454,0.409,34.5%,37.9%,27.6%,38.9%,65.7%,88.6%,17.1%,8.6%,146
Fairfield,Matthew Bucciero,All,370,55,95.7,108.0,109.0,56.4%,8.7°,10.5°,47.3,14.5%,8,0.338,0.345,0.453,0.471,47.3%,12.7%,38.2%,43.0%,67.3%,83.5%,25.8%,23.9%,106
Arizona State,Beckett Zavorek,All,78,19,88.2,97.6,104.7,31.6%,-3.8°,-0.8°,36.8,0.0%,0,0.455,0.37,0.453,0.395,63.2%,10.5%,26.3%,42.3%,70.3%,88.5%,17.1%,18.2%,131
UMES,Julian Jimenez,All,137,17,88.1,97.8,103.5,11.8%,19.2°,22.4°,76.5,5.9%,1,0.348,0.229,0.453,0.392,17.6%,35.3%,41.2%,43.8%,65.6%,66.7%,24.7%,35.0%,77
UNLV,Cole Koniarsky,All,655,129,86.4,105.5,109.5,42.6%,2.0°,5.3°,28.7,2.3%,3,0.381,0.323,0.453,0.404,55.0%,14.7%,26.4%,40.5%,62.6%,88.2%,24.9%,16.2%,100
Anderson (SC),Braeden Harrison,All,447,108,86.7,101.4,107.8,34.3%,14.1°,9.9°,32.4,2.8%,3,0.356,0.316,0.453,0.381,36.1%,29.6%,25.0%,45.9%,69.3%,89.3%,30.6%,16.1%,87
Lee,Luke Collier,All,374,77,89.5,103.2,104.9,37.7%,9.5°,10.3°,35.1,0.0%,0,0.388,0.283,0.453,0.363,41.6%,13.0%,33.8%,48.7%,72.6%,82.0%,29.1%,26.9%,79
Willamette,Preston Lau,All,82,20,84.6,95.5,97.6,15.0%,16.7°,11.3°,55.0,0.0%,0,0.476,0.414,0.453,0.473,30.0%,20.0%,45.0%,51.2%,81.0%,88.2%,41.0%,28.6%,48
Arkansas,Logan Maxwell,All,794,128,88.6,103.1,105.7,45.3%,10.2°,16.2°,39.1,9.4%,12,0.362,0.307,0.452,0.426,38.3%,29.7%,26.6%,45.2%,69.3%,87.8%,23.3%,19.5%,100
West Alabama,Eli Burwash,All,60,8,81.3,100.2,101.2,25.0%,-14.8°,10.2°,37.5,0.0%,0,0.364,0.284,0.451,0.385,62.5%,0.0%,37.5%,51.7%,92.3%,87.5%,20.6%,22.6%,139
Louisiana,Blaine Lucas,All,59,11,83.1,98.0,99.6,18.2%,19.0°,25.1°,36.4,0.0%,0,0.357,0.218,0.451,0.32,18.2%,54.5%,27.3%,39.0%,60.9%,85.7%,25.0%,30.4%,-4
Southeastern (FL),David Castillo,All,125,25,83.0,101.4,105.5,32.0%,3.9°,8.3°,40.0,0.0%,0,0.387,0.29,0.451,0.356,48.0%,24.0%,24.0%,44.0%,66.0%,97.1%,27.8%,14.5%,109
USC Upstate,Scott Campbell,All,604,111,89.4,105.0,115.5,43.2%,13.0°,5.7°,19.8,4.5%,5,0.379,0.255,0.451,0.362,47.7%,25.2%,16.2%,43.9%,70.5%,88.5%,24.0%,18.5%,107
Auburn,Christopher Rembert,All,908,161,90.6,106.8,111.6,46.6%,8.8°,9.7°,34.2,8.1%,13,0.352,0.33,0.451,0.444,44.1%,20.5%,26.7%,41.5%,67.3%,85.7%,21.8%,20.2%,106
Fairfield,Dean Ferrara,All,321,73,90.6,104.3,107.4,49.3%,4.9°,10.1°,37.0,4.1%,3,0.427,0.396,0.451,0.47,45.2%,16.4%,35.6%,53.0%,80.4%,89.4%,28.0%,15.9%,128
Maryland,Paul Jones II,All,213,23,86.7,110.8,112.4,34.8%,4.9°,18.6°,43.5,21.7%,5,0.265,0.254,0.451,0.449,47.8%,21.7%,26.1%,38.5%,65.4%,84.9%,22.0%,30.5%,119
Tennessee,Gavin Kilen,All,832,163,90.2,105.2,110.3,48.5%,14.7°,12.1°,38.7,8.0%,13,0.342,0.337,0.451,0.459,36.8%,27.6%,28.2%,44.4%,69.4%,88.7%,25.6%,16.8%,90
Portland,Coleman Hollabaugh,All,68,12,87.0,100.9,101.6,33.3%,5.3°,14.6°,50.0,8.3%,1,0.357,0.406,0.451,0.491,33.3%,25.0%,33.3%,42.6%,65.4%,88.2%,28.6%,20.7%,104
DeSales,John Rorick,All,25,5,80.9,85.3,86.2,0.0%,31.0°,-,20.0,0.0%,0,0.4,0.231,0.451,0.223,20.0%,40.0%,20.0%,40.0%,63.6%,85.7%,21.4%,10.0%,97
Oklahoma State,Kollin Ritchie,All,559,91,92.3,108.2,111.3,49.5%,18.0°,19.2°,35.2,20.9%,19,0.287,0.34,0.45,0.522,33.0%,39.6%,24.2%,44.7%,69.9%,86.6%,23.4%,20.8%,113
UT Tyler,Connor Clark,All,244,33,84.1,98.2,99.8,21.2%,-3.2°,10.7°,33.3,0.0%,0,0.364,0.306,0.45,0.422,60.6%,15.2%,24.2%,38.5%,67.4%,90.0%,21.9%,20.2%,125
Arizona,Aaron Walton,All,985,182,89.6,105.4,111.8,45.1%,18.4°,16.5°,38.5,13.2%,24,0.336,0.331,0.45,0.47,34.6%,35.2%,25.3%,42.9%,69.6%,85.4%,23.6%,23.2%,100
UAB,Todd Clay,All,840,136,89.5,103.7,108.2,42.6%,11.9°,12.5°,41.9,5.9%,8,0.361,0.332,0.45,0.443,36.8%,23.5%,32.4%,36.0%,58.2%,89.3%,21.1%,12.9%,107
Southeastern (FL),Alfonso Villalobos,All,535,96,85.5,101.2,106.9,37.5%,16.1°,15.1°,38.5,4.2%,4,0.343,0.296,0.45,0.424,28.1%,28.1%,32.3%,40.0%,68.9%,92.3%,21.9%,12.1%,125
Columbia,Kyle Corso,All,96,15,86.4,100.3,103.6,20.0%,27.8°,23.1°,26.7,6.7%,1,0.316,0.177,0.45,0.332,26.7%,40.0%,20.0%,40.6%,65.9%,92.6%,21.8%,17.9%,116
Northern Colorado,Jake King,All,268,53,88.3,98.3,101.8,24.5%,9.5°,5.0°,41.5,0.0%,0,0.394,0.351,0.45,0.395,43.4%,15.1%,41.5%,44.8%,74.2%,84.8%,19.4%,24.2%,127
Richmond,Michael Elko,All,533,101,86.3,101.5,108.0,33.7%,5.4°,9.2°,32.7,5.0%,5,0.359,0.309,0.45,0.43,47.5%,23.8%,25.7%,40.5%,75.9%,87.5%,13.3%,15.3%,147
Northern Colorado,Kai Wagner,All,295,51,88.8,105.7,110.8,37.3%,8.0°,11.8°,39.2,9.8%,5,0.31,0.287,0.45,0.427,43.1%,21.6%,31.4%,34.6%,60.2%,89.2%,16.3%,17.6%,130
Hofstra,Dylan Palmer,All,534,145,78.6,96.6,103.6,12.4%,-0.6°,1.7°,28.3,0.0%,0,0.416,0.287,0.45,0.347,59.3%,12.4%,24.1%,50.9%,75.8%,93.3%,31.2%,8.1%,83
Emory & Henry,Jared Foley,All,213,36,81.4,94.6,96.2,11.1%,8.7°,4.0°,38.9,0.0%,0,0.364,0.267,0.45,0.379,47.2%,25.0%,27.8%,37.6%,68.1%,98.0%,22.0%,20.0%,142
Illinois,Collin Jennings,All,704,101,90.8,106.2,109.9,51.5%,17.0°,17.9°,34.7,15.8%,16,0.279,0.284,0.45,0.44,34.7%,37.6%,20.8%,40.9%,65.1%,77.8%,21.7%,27.1%,114
Stony Brook,Brett Davino,All,93,18,87.3,100.4,104.2,27.8%,13.3°,22.6°,38.9,0.0%,0,0.286,0.293,0.45,0.396,38.9%,33.3%,22.2%,47.3%,68.8%,93.9%,24.4%,13.6%,103
Dayton,Dyrenson Wouters,All,355,74,84.2,99.9,106.3,27.0%,7.4°,9.2°,39.2,1.4%,1,0.407,0.312,0.449,0.386,41.9%,23.0%,29.7%,46.8%,63.4%,95.7%,35.2%,9.0%,50
Albany,Ryan Ferremi,All,395,66,88.2,102.5,104.5,43.9%,2.2°,5.8°,34.8,1.5%,1,0.346,0.337,0.449,0.42,53.0%,16.7%,30.3%,34.7%,57.9%,84.8%,17.0%,19.0%,110
St. John's,Jayder Rafistanger,All,777,130,88.1,100.2,103.9,31.5%,11.7°,14.3°,48.5,3.8%,5,0.378,0.319,0.449,0.424,37.7%,25.4%,34.6%,40.4%,66.0%,92.5%,18.1%,14.0%,107
UC Irvine,Jacob McCombs,All,373,89,85.2,104.4,107.2,31.5%,8.9°,10.4°,41.6,4.5%,4,0.37,0.355,0.449,0.403,43.8%,27.0%,27.0%,53.1%,72.5%,93.4%,37.4%,13.6%,52
Florida,Colby Shelton,All,693,139,92.7,106.8,113.3,54.7%,10.9°,13.6°,38.8,8.6%,12,0.36,0.39,0.449,0.497,44.6%,25.9%,27.3%,51.1%,73.4%,88.1%,33.2%,20.9%,70
Bradley,Timmy O'Brien,All,552,77,92.5,107.3,111.0,59.7%,10.4°,19.8°,39.0,22.1%,17,0.3,0.303,0.449,0.46,36.4%,40.3%,22.1%,45.5%,67.8%,79.9%,28.1%,31.9%,90
Grand Canyon,Billy Scaldeferri,All,126,13,85.3,101.7,103.8,53.8%,14.3°,19.9°,38.5,7.7%,1,0.263,0.254,0.449,0.398,38.5%,23.1%,30.8%,48.4%,75.9%,70.7%,27.8%,29.5%,117
Arizona State,Kien Vu,All,785,124,90.5,108.1,110.4,46.0%,1.9°,7.3°,29.8,8.9%,11,0.344,0.295,0.449,0.395,58.1%,18.5%,23.4%,43.6%,67.9%,81.6%,23.8%,24.9%,105
Prairie View,Ahmar Donatto,All,63,10,85.0,98.6,104.1,30.0%,22.5°,10.2°,40.0,0.0%,0,0.438,0.266,0.449,0.299,30.0%,10.0%,40.0%,52.4%,72.4%,81.0%,35.3%,27.3%,94
St. Thomas (FL),Luis Suarez,All,151,35,85.0,98.3,100.4,25.7%,3.7°,5.4°,40.0,0.0%,0,0.436,0.298,0.449,0.347,51.4%,8.6%,37.1%,44.4%,66.2%,86.0%,27.9%,19.4%,132
University of Montevallo,Connor Crowson,All,327,72,85.0,101.5,105.2,33.3%,11.5°,20.1°,29.2,8.3%,6,0.361,0.289,0.449,0.39,48.6%,30.6%,19.4%,48.6%,80.0%,88.0%,26.6%,22.0%,102
LSU,Derek Curiel,All,1190,179,90.6,104.7,107.5,50.3%,8.4°,7.9°,33.0,4.5%,8,0.349,0.297,0.448,0.421,46.4%,18.4%,25.1%,34.2%,51.9%,93.6%,19.2%,15.0%,83
Memphis,Jack Pitts,All,218,32,88.9,105.3,110.8,37.5%,20.3°,19.2°,40.6,18.8%,6,0.286,0.236,0.448,0.374,31.2%,40.6%,21.9%,37.6%,52.7%,79.6%,26.4%,30.5%,88
Illinois,Vytas Valincius,All,676,133,90.5,106.4,109.6,45.1%,4.6°,7.3°,33.8,4.5%,6,0.362,0.388,0.448,0.491,51.1%,15.0%,31.6%,41.6%,69.4%,83.7%,19.2%,19.6%,113
Florida International,Kishon Frett,All,797,108,91.8,111.5,114.6,55.6%,14.5°,18.3°,38.9,22.2%,24,0.309,0.298,0.448,0.452,33.3%,32.4%,30.6%,43.0%,68.1%,73.4%,23.6%,34.1%,83
Merrimack,Harry Painter,All,38,5,99.3,104.4,104.5,80.0%,27.6°,26.7°,40.0,0.0%,0,0.375,0.226,0.448,0.311,20.0%,60.0%,20.0%,47.4%,73.7%,78.6%,21.1%,27.8%,132
Villanova,Jason Neff,All,790,130,88.9,104.2,108.2,44.6%,14.5°,18.8°,39.2,14.6%,19,0.312,0.311,0.448,0.453,36.2%,28.5%,28.5%,43.7%,71.5%,81.7%,22.2%,25.8%,100
Belmont,Landon Godsey,All,664,142,88.1,101.2,104.8,35.2%,23.4°,19.4°,35.2,4.9%,7,0.32,0.252,0.448,0.37,27.5%,38.0%,23.2%,48.6%,78.7%,86.5%,23.7%,21.4%,124
Charlotte,Dante DeFranco,All,55,10,80.7,103.0,105.9,30.0%,11.4°,31.3°,50.0,0.0%,0,0.385,0.282,0.448,0.393,30.0%,30.0%,40.0%,43.6%,70.0%,92.9%,28.6%,25.0%,119
San Diego,Jack Gurevitch,All,881,150,94.3,111.0,117.2,50.7%,7.6°,9.0°,31.3,12.0%,18,0.335,0.329,0.448,0.435,47.3%,26.0%,25.3%,46.9%,78.3%,87.2%,25.1%,21.8%,115
Stetson,Lorenzo Meola,All,768,141,90.2,104.9,108.6,49.6%,11.5°,13.2°,45.4,9.9%,14,0.353,0.35,0.448,0.486,35.5%,24.8%,32.6%,39.6%,62.1%,87.9%,23.6%,20.1%,109
Cornell,Max Jensen,All,282,46,91.6,107.6,111.4,47.8%,17.0°,13.1°,37.0,10.9%,5,0.286,0.289,0.448,0.42,32.6%,37.0%,26.1%,40.1%,69.1%,87.1%,17.6%,19.5%,164
Carson-Newman,Logan Floyd,All,381,91,86.5,98.7,104.3,25.3%,5.4°,11.7°,33.0,0.0%,0,0.398,0.344,0.448,0.395,49.5%,18.7%,29.7%,44.4%,73.9%,92.0%,24.6%,14.8%,112
Southern Illinois,Mike Mylott,All,158,30,85.6,103.6,109.0,36.7%,19.6°,22.9°,40.0,10.0%,3,0.314,0.268,0.448,0.396,23.3%,50.0%,23.3%,37.3%,52.8%,89.5%,24.4%,13.6%,71
Northwestern State,Braden Benton,All,179,29,90.5,104.7,108.7,51.7%,16.9°,12.5°,44.8,10.3%,3,0.297,0.33,0.448,0.468,31.0%,27.6%,34.5%,37.4%,65.3%,89.4%,18.7%,23.9%,124
Redlands,Rylan Morris,All,73,12,90.1,99.3,99.6,41.7%,5.6°,7.2°,25.0,0.0%,0,0.4,0.309,0.448,0.408,66.7%,8.3%,25.0%,42.5%,71.4%,86.7%,30.8%,25.8%,113
Tusculum,Jake Absher,All,68,15,85.0,103.2,103.6,20.0%,-3.5°,9.3°,40.0,0.0%,0,0.375,0.357,0.447,0.364,53.3%,0.0%,46.7%,52.9%,80.0%,91.7%,31.6%,16.7%,113
Dayton,Adin Zorn,All,476,107,92.8,108.3,111.0,48.6%,3.4°,6.2°,27.1,7.5%,8,0.378,0.354,0.447,0.415,53.3%,14.0%,25.2%,49.6%,70.6%,85.9%,32.8%,25.4%,83
Eastern Illinois,James Love,All,194,38,95.9,104.5,108.4,60.5%,11.8°,8.6°,31.6,2.6%,1,0.364,0.39,0.447,0.462,47.4%,21.1%,31.6%,40.2%,73.3%,92.7%,19.3%,10.3%,134
Tarleton State,Sergio Guerra,All,236,39,90.6,101.6,104.0,51.3%,18.0°,16.4°,46.2,2.6%,1,0.31,0.263,0.447,0.356,23.1%,33.3%,35.9%,52.5%,78.0%,85.9%,33.8%,29.0%,96
Maryland,Alex Calarco,All,921,135,89.4,107.2,111.8,45.2%,16.7°,18.8°,37.0,12.6%,17,0.301,0.269,0.447,0.442,31.1%,37.8%,24.4%,39.7%,65.1%,82.0%,20.2%,27.3%,118
Arizona State,Isaiah Jackson,All,875,160,90.0,106.6,110.5,43.8%,11.0°,11.4°,33.8,10.0%,16,0.311,0.287,0.447,0.392,44.4%,26.2%,23.8%,43.8%,68.1%,83.5%,24.9%,26.9%,97
Ole Miss,Austin Fawley,All,801,87,91.7,107.0,109.7,55.2%,19.9°,26.1°,34.5,26.4%,23,0.266,0.231,0.447,0.402,34.5%,40.2%,19.5%,42.8%,65.8%,70.7%,25.7%,42.6%,85
La Verne,Noah Garcia,All,59,11,85.7,102.5,104.9,27.3%,4.1°,16.1°,36.4,0.0%,0,0.333,0.301,0.447,0.408,45.5%,18.2%,36.4%,42.4%,57.1%,100.0%,37.8%,12.0%,37
VMI,Grayson Fitzwater,All,682,129,91.5,107.1,112.0,48.8%,19.3°,14.3°,31.8,10.1%,13,0.309,0.283,0.447,0.422,32.6%,32.6%,20.9%,43.1%,71.0%,89.8%,22.4%,18.0%,122
Grambling,Jaylyn Bennett,All,31,6,91.1,101.3,103.5,66.7%,20.2°,8.8°,50.0,0.0%,0,0.375,0.412,0.447,0.422,16.7%,33.3%,50.0%,41.9%,46.7%,85.7%,37.5%,46.2%,27
New Mexico State,Steve Solorzano,All,785,129,86.3,103.3,106.7,30.2%,9.2°,16.8°,35.7,8.5%,11,0.321,0.273,0.446,0.408,43.4%,27.1%,25.6%,39.2%,64.5%,89.9%,23.0%,18.8%,115
Towson,Brian Heckelman,All,542,106,87.7,100.1,106.1,30.2%,16.3°,12.4°,39.6,4.7%,5,0.364,0.342,0.446,0.423,34.0%,30.2%,28.3%,37.8%,59.8%,90.6%,16.7%,12.2%,120
Belmont,Ty Allen,All,783,124,90.0,103.5,107.6,47.6%,12.5°,12.3°,37.9,4.8%,6,0.347,0.296,0.446,0.396,39.5%,25.8%,29.8%,43.3%,64.7%,80.4%,26.3%,28.3%,93
LSU,Ethan Frey,All,822,126,95.3,109.2,114.4,57.1%,12.2°,6.9°,34.1,11.9%,15,0.323,0.297,0.446,0.405,39.7%,16.7%,27.0%,34.3%,50.4%,89.7%,20.1%,20.6%,90
West Virginia,Sam White,All,638,147,88.3,104.8,109.2,44.9%,10.3°,11.4°,30.6,8.8%,13,0.387,0.348,0.446,0.45,47.6%,24.5%,23.8%,50.2%,73.5%,89.4%,30.2%,18.1%,106
Western Kentucky,Kyle Hvidsten,All,612,75,88.7,102.8,109.2,49.3%,15.3°,18.2°,24.0,5.3%,4,0.287,0.246,0.446,0.414,38.7%,38.7%,17.3%,33.8%,58.3%,92.6%,16.5%,16.4%,130
Reinhardt,Jacob Mantooth,All,54,11,85.9,103.6,104.1,36.4%,13.7°,16.3°,45.5,0.0%,0,0.308,0.29,0.446,0.377,27.3%,27.3%,27.3%,44.4%,90.0%,88.9%,17.6%,25.0%,174
Cincinnati,Landyn Vidourek,All,923,105,95.8,111.4,115.4,58.1%,22.4°,18.6°,38.1,21.0%,22,0.305,0.289,0.445,0.464,27.6%,36.2%,26.7%,33.5%,55.4%,79.7%,15.3%,26.5%,112
UT Martin,Jonah Katsaboulas,All,137,24,87.8,101.2,102.6,33.3%,9.5°,2.9°,29.2,0.0%,0,0.419,0.287,0.445,0.32,50.0%,20.8%,20.8%,48.2%,77.0%,87.2%,25.0%,21.2%,111
Binghamton,Evin Sullivan,All,575,113,89.6,105.0,110.1,39.8%,14.7°,13.1°,38.1,4.4%,5,0.328,0.345,0.445,0.428,37.2%,23.0%,31.9%,44.0%,68.8%,89.0%,24.9%,15.8%,102
George Mason,Owen Hull,All,772,132,89.6,106.3,111.2,45.5%,1.8°,7.2°,39.4,6.8%,9,0.385,0.326,0.445,0.425,43.9%,15.9%,34.8%,43.1%,71.3%,88.6%,23.1%,19.5%,118
Auburn Montgomery,Riley Orr,All,48,7,89.6,103.2,103.4,42.9%,5.5°,19.8°,42.9,0.0%,0,0.333,0.392,0.445,0.489,42.9%,14.3%,42.9%,31.2%,57.1%,100.0%,20.6%,6.7%,148
Oregon,Dominic Hellman,All,720,133,94.9,111.8,119.8,54.9%,6.8°,8.9°,35.3,15.8%,21,0.345,0.341,0.445,0.454,45.9%,24.1%,27.8%,46.9%,68.7%,82.2%,29.7%,26.6%,62
Omaha,Henry Zipay,All,491,82,87.7,95.9,100.3,15.9%,10.5°,10.0°,47.6,0.0%,0,0.375,0.296,0.445,0.358,37.8%,17.1%,39.0%,47.3%,74.9%,88.4%,25.0%,22.4%,119
Southwestern (TX),Christian Melillo,All,218,38,83.8,95.3,102.4,10.5%,15.7°,21.4°,57.9,2.6%,1,0.372,0.363,0.445,0.445,28.9%,26.3%,44.7%,30.7%,44.7%,92.1%,21.8%,11.9%,100
Nevada,Billy Ham,All,689,128,91.9,107.7,112.8,55.5%,8.5°,10.9°,34.4,9.4%,12,0.36,0.351,0.445,0.458,46.1%,22.7%,26.6%,37.3%,56.5%,87.6%,22.4%,17.1%,106
Delaware,LT Cockrill,All,582,97,88.5,104.8,108.9,41.2%,15.7°,13.2°,47.4,7.2%,7,0.331,0.287,0.445,0.391,29.9%,29.9%,34.0%,40.7%,57.6%,91.2%,25.3%,18.6%,89
Grand Canyon,Zach Yorke,All,312,53,91.7,106.8,112.7,43.4%,17.0°,9.2°,37.7,9.4%,5,0.308,0.307,0.445,0.444,35.8%,20.8%,28.3%,35.6%,63.0%,86.2%,13.8%,18.9%,103
SIUE,Lane Crowden,All,148,27,89.5,104.1,106.8,44.4%,19.6°,9.3°,37.0,0.0%,0,0.359,0.268,0.445,0.347,33.3%,22.2%,33.3%,54.1%,84.1%,79.2%,31.8%,32.5%,70
Ball State,Ty Davis,All,167,27,89.5,102.6,107.6,37.0%,14.9°,22.8°,40.7,7.4%,2,0.324,0.273,0.445,0.421,29.6%,33.3%,33.3%,44.9%,65.1%,82.9%,32.7%,28.0%,67
VMI,Owen Prince,All,789,141,83.3,95.2,98.9,9.2%,1.1°,4.6°,32.6,0.7%,1,0.381,0.312,0.445,0.395,55.3%,10.6%,29.1%,36.0%,57.9%,92.9%,17.4%,9.9%,115
King,Joe Uribe,All,34,7,87.1,102.0,104.8,28.6%,-2.3°,9.6°,42.9,0.0%,0,0.444,0.38,0.445,0.436,57.1%,14.3%,28.6%,35.3%,50.0%,85.7%,25.0%,25.0%,127
Westmont,Grant Yzermans,All,177,38,85.0,98.8,103.3,26.3%,18.3°,13.1°,50.0,2.6%,1,0.4,0.317,0.445,0.37,23.7%,23.7%,44.7%,48.6%,74.6%,92.0%,32.7%,17.4%,117
Oregon,Mason Neville,All,1026,139,92.5,109.7,113.6,52.5%,15.8°,18.7°,39.6,20.1%,28,0.278,0.289,0.444,0.459,31.7%,37.4%,28.1%,36.4%,58.5%,84.0%,21.2%,27.1%,78
Rutgers,Ty Doucette,All,892,184,87.5,107.5,112.2,40.2%,11.9°,14.0°,32.6,8.7%,16,0.353,0.325,0.444,0.439,42.4%,25.5%,23.9%,49.9%,78.4%,92.4%,29.7%,19.8%,102
Indiana,Jake Hanley,All,929,159,90.1,106.5,112.9,45.9%,5.9°,10.7°,29.6,8.2%,13,0.335,0.31,0.444,0.422,49.1%,23.9%,20.8%,40.4%,65.8%,81.6%,20.8%,24.3%,103
Georgia,Brennan Hudson,All,151,14,94.6,107.4,109.0,57.1%,20.7°,26.1°,50.0,42.9%,6,0.241,0.228,0.444,0.421,14.3%,35.7%,35.7%,35.1%,58.7%,70.3%,18.2%,41.5%,81
Northern Illinois,Gavin Baldwin,All,631,93,91.9,106.3,111.6,54.8%,23.2°,21.5°,33.3,14.0%,13,0.308,0.277,0.444,0.425,25.8%,48.4%,18.3%,46.4%,70.4%,81.4%,29.6%,29.7%,97
Centre,Ayden Lohr,All,322,61,87.9,99.5,103.2,31.1%,21.2°,17.4°,29.5,4.9%,3,0.351,0.251,0.444,0.344,31.1%,44.3%,19.7%,45.0%,75.6%,87.5%,25.1%,22.8%,108
Ole Miss,Judd Utermark,All,899,141,95.2,110.7,116.0,60.3%,17.4°,18.5°,36.2,20.6%,29,0.307,0.314,0.444,0.467,33.3%,37.6%,25.5%,53.1%,82.5%,75.7%,33.0%,37.1%,63
LSU,Jared Jones,All,1149,182,94.7,111.8,116.4,56.0%,17.6°,15.6°,42.3,21.4%,39,0.324,0.324,0.444,0.472,29.7%,28.0%,29.1%,46.7%,71.0%,80.4%,29.3%,29.1%,70
Oakland,John Lauinger,All,643,108,77.7,95.0,99.2,7.4%,2.3°,7.0°,36.1,0.9%,1,0.372,0.298,0.444,0.36,53.7%,13.0%,29.6%,40.0%,60.4%,88.1%,24.4%,17.5%,110
Anderson (SC),Dominick Bello,All,386,63,80.8,95.7,100.7,11.1%,14.5°,11.0°,47.6,0.0%,0,0.358,0.244,0.444,0.332,34.9%,22.2%,39.7%,37.6%,60.7%,86.8%,22.9%,19.3%,130
New Orleans,Bryce Calloway,All,588,80,90.9,108.2,112.5,46.2%,10.5°,13.2°,30.0,8.8%,7,0.344,0.252,0.444,0.376,42.5%,18.8%,25.0%,40.8%,67.8%,75.4%,19.7%,31.7%,125
Louisiana,Conor Higgs,All,704,123,90.6,106.6,110.4,52.0%,14.4°,19.8°,34.1,13.8%,17,0.348,0.304,0.444,0.443,39.8%,33.3%,21.1%,46.2%,67.8%,82.0%,29.0%,24.0%,101
Southern Illinois,Matthew Schark,All,169,37,89.2,105.1,109.8,43.2%,25.4°,18.7°,29.7,16.2%,6,0.304,0.245,0.444,0.39,24.3%,48.6%,18.9%,47.3%,71.8%,78.6%,26.4%,27.5%,93
Illinois-Chicago,Thomas Curry,All,462,67,92.6,108.3,115.4,55.2%,16.3°,11.2°,52.2,17.9%,12,0.323,0.341,0.444,0.468,32.8%,29.9%,34.3%,45.7%,66.4%,79.9%,27.3%,26.5%,90
Cumberlands (KY),Trent Prokes,All,199,48,87.5,99.4,100.9,41.7%,16.8°,11.3°,35.4,4.2%,2,0.347,0.327,0.444,0.41,39.6%,35.4%,25.0%,36.2%,64.1%,96.0%,18.2%,6.9%,144
Missouri State,Caden Bogenpohl,All,865,108,94.6,111.2,114.1,54.6%,9.1°,7.5°,25.9,13.0%,14,0.282,0.277,0.444,0.421,45.4%,26.9%,24.1%,36.5%,63.2%,79.3%,16.9%,29.1%,116
Dayton,Mason Dobie,All,504,95,89.7,103.7,106.7,36.8%,7.6°,10.3°,32.6,3.2%,3,0.33,0.325,0.443,0.429,47.4%,20.0%,25.3%,34.9%,61.7%,92.7%,13.8%,12.5%,116
Embry-Riddle,Andrew Marinello,All,69,6,78.8,101.6,103.2,50.0%,9.8°,11.0°,33.3,16.7%,1,0.273,0.205,0.443,0.335,50.0%,33.3%,16.7%,34.8%,65.4%,70.6%,16.3%,33.3%,145
UMES,Bronson Taylor,All,64,16,81.4,91.3,95.4,6.2%,15.2°,19.1°,50.0,0.0%,0,0.389,0.317,0.443,0.348,31.2%,31.2%,37.5%,42.2%,66.7%,100.0%,27.5%,14.8%,139
San Diego State,CJ Moran,All,531,107,86.6,104.8,108.0,33.6%,2.8°,5.9°,29.0,0.9%,1,0.395,0.304,0.443,0.371,46.7%,19.6%,29.9%,42.4%,65.9%,91.5%,24.1%,14.2%,100
Georgia Southern,Josh Tate,All,906,183,90.2,103.8,107.5,42.6%,10.9°,9.3°,36.1,5.5%,10,0.359,0.312,0.443,0.407,42.1%,29.5%,26.2%,41.4%,65.9%,93.0%,19.2%,14.1%,110
Francis Marion,Caleb Oakley,All,67,13,85.6,100.5,103.1,30.8%,-8.0°,-5.5°,15.4,0.0%,0,0.357,0.273,0.443,0.385,76.9%,7.7%,15.4%,35.8%,63.0%,100.0%,17.5%,0.0%,131
Central Michigan,Mikey Murphy,All,515,78,89.8,104.7,108.5,47.4%,9.4°,15.4°,48.7,11.5%,9,0.304,0.285,0.443,0.416,37.2%,21.8%,39.7%,43.5%,68.8%,85.8%,25.3%,24.1%,103
Trevecca Nazarene,Brett Dingess,All,144,29,85.7,96.8,99.8,20.7%,13.5°,18.7°,37.9,0.0%,0,0.361,0.248,0.443,0.306,44.8%,24.1%,24.1%,47.2%,73.5%,90.0%,23.7%,20.6%,100
Erskine,Josean Sanchez,All,154,27,80.8,95.5,98.0,11.1%,14.4°,16.6°,29.6,0.0%,0,0.433,0.271,0.443,0.346,37.0%,25.9%,29.6%,40.9%,71.7%,86.8%,24.8%,14.3%,126
Tufts,Owen McKiernan,All,87,13,85.0,104.0,105.6,15.4%,22.6°,8.2°,23.1,0.0%,0,0.353,0.284,0.443,0.375,30.8%,23.1%,23.1%,34.5%,62.5%,80.0%,18.2%,26.7%,147
Dallas Baptist,Chayton Krauss,All,972,163,94.0,107.1,110.2,60.7%,16.9°,20.1°,41.1,15.3%,25,0.332,0.353,0.443,0.498,30.1%,35.6%,31.9%,50.1%,74.1%,80.5%,33.7%,28.3%,70
UMES,Ryan Davis,All,106,11,74.2,100.5,102.8,18.2%,10.9°,30.9°,27.3,9.1%,1,0.35,0.201,0.443,0.29,27.3%,45.5%,9.1%,50.9%,65.2%,73.3%,40.0%,37.0%,41
Charleston Southern,Lucas Pringle,All,487,77,83.3,99.3,100.8,26.0%,6.4°,11.1°,37.7,1.3%,1,0.347,0.233,0.443,0.358,46.8%,16.9%,28.6%,38.6%,56.1%,91.5%,27.5%,20.2%,68
West Alabama,Colson Thompson,All,52,7,94.4,102.9,105.1,57.1%,12.1°,1.6°,28.6,0.0%,0,0.273,0.247,0.443,0.334,57.1%,28.6%,14.3%,51.9%,89.5%,64.7%,30.3%,33.3%,57
Auburn Montgomery,Kyle Hipp,All,49,10,82.9,99.6,102.1,20.0%,6.4°,15.9°,50.0,0.0%,0,0.273,0.295,0.443,0.392,40.0%,30.0%,30.0%,42.9%,68.8%,81.8%,30.3%,14.3%,138
Dallas Baptist,Keaton Grady,All,687,153,89.5,103.6,106.5,39.9%,9.9°,7.4°,34.0,3.3%,5,0.368,0.331,0.442,0.422,46.4%,24.8%,26.8%,42.1%,65.9%,92.8%,22.0%,15.2%,120
Florida,Brody Donay,All,817,122,91.2,108.8,112.4,49.2%,17.5°,18.0°,32.8,19.7%,24,0.3,0.26,0.442,0.407,34.4%,33.6%,21.3%,52.8%,80.0%,73.0%,36.5%,37.4%,66
Erskine,Pierce Radke,All,43,9,84.7,91.1,93.2,11.1%,15.7°,-1.2°,22.2,0.0%,0,0.385,0.212,0.442,0.289,44.4%,22.2%,22.2%,46.5%,77.8%,92.9%,24.0%,20.0%,82
Georgia Southern,Sean Smith,All,668,110,91.0,106.2,108.9,52.7%,8.5°,12.9°,34.5,11.8%,13,0.34,0.322,0.442,0.449,46.4%,25.5%,27.3%,42.2%,69.6%,82.6%,23.3%,26.6%,127
Texas Tech,Damian Bravo,All,583,126,90.4,104.1,106.0,54.8%,15.5°,15.6°,43.7,6.3%,8,0.359,0.336,0.442,0.419,31.7%,24.6%,38.1%,52.1%,75.1%,88.6%,32.5%,20.4%,100
USF,Sebastian Greico,All,682,125,93.8,106.8,109.5,53.6%,20.8°,17.9°,36.8,12.0%,15,0.294,0.324,0.442,0.479,26.4%,35.2%,29.6%,45.2%,65.9%,84.2%,28.1%,22.7%,86
UC Santa Barbara,LeTrey McCollum,All,767,141,87.9,104.8,109.4,39.0%,1.8°,3.7°,27.0,5.0%,7,0.38,0.322,0.442,0.403,58.2%,17.7%,22.0%,39.2%,57.6%,93.0%,23.9%,12.6%,93
Kansas State,Seth Dardar,All,655,118,91.4,106.1,109.3,55.9%,17.1°,22.0°,46.6,16.9%,20,0.31,0.306,0.442,0.455,25.4%,42.4%,28.8%,48.1%,71.8%,79.4%,29.1%,28.9%,99
Alabama,Justin Lebron,All,1083,161,91.3,106.3,110.5,50.9%,17.8°,18.6°,39.1,15.5%,25,0.314,0.293,0.442,0.43,31.7%,34.2%,25.5%,45.2%,72.0%,79.1%,26.0%,29.4%,76
California,Jacob French,All,611,165,82.8,102.2,105.1,32.1%,4.5°,12.5°,37.6,4.2%,7,0.393,0.342,0.442,0.406,47.9%,17.6%,30.3%,57.6%,80.9%,90.9%,40.7%,19.0%,45
USC Aiken,Eliud Poventud,All,64,22,83.0,95.7,97.7,22.7%,14.3°,5.2°,50.0,0.0%,0,0.458,0.347,0.442,0.357,36.4%,18.2%,40.9%,59.4%,63.2%,100.0%,53.8%,10.5%,18
Sacred Heart,Alex Ungar,All,158,25,89.6,109.4,111.4,44.0%,9.3°,18.7°,40.0,12.0%,3,0.333,0.301,0.441,0.45,36.0%,28.0%,32.0%,43.7%,75.4%,80.8%,19.1%,26.1%,121
East Carolina,Braden Burress,All,793,140,85.0,98.7,103.1,24.3%,3.4°,5.9°,36.4,0.0%,0,0.401,0.308,0.441,0.404,47.9%,17.1%,32.9%,37.3%,59.0%,94.8%,19.2%,11.5%,100
Abilene Christian,Jack Nielsen,All,215,33,90.3,99.3,105.5,42.4%,9.0°,4.5°,33.3,3.0%,1,0.368,0.334,0.441,0.445,57.6%,12.1%,18.2%,30.7%,55.2%,81.2%,14.1%,25.8%,115
Texas A&M,Jace LaViolette,All,974,116,93.0,108.0,112.1,51.7%,19.7°,19.2°,39.7,20.7%,24,0.256,0.288,0.441,0.488,25.0%,46.6%,19.8%,35.4%,60.6%,83.1%,17.2%,26.7%,108
UTSA,James Taussig,All,821,144,90.2,108.4,113.3,40.3%,5.8°,6.3°,34.7,7.6%,11,0.343,0.294,0.441,0.383,43.8%,21.5%,26.4%,44.7%,71.1%,87.9%,26.4%,22.1%,94
Dayton,Ryan MacDougall,All,474,77,90.0,101.8,104.1,37.7%,15.7°,15.7°,39.0,9.1%,7,0.31,0.257,0.441,0.393,31.2%,37.7%,24.7%,43.0%,72.1%,82.0%,20.3%,23.5%,117
Eastern Michigan,Drew Jones,All,128,20,88.6,101.5,106.6,40.0%,-6.1°,10.6°,20.0,0.0%,0,0.357,0.259,0.441,0.349,60.0%,15.0%,20.0%,38.3%,60.3%,82.9%,20.0%,24.5%,96
West Georgia,Tyler Presnell,All,40,6,83.1,96.4,96.6,33.3%,19.3°,13.1°,16.7,0.0%,0,0.25,0.181,0.441,0.369,50.0%,16.7%,16.7%,32.5%,76.9%,80.0%,11.1%,23.1%,144
Indiana State,Carlos Pena,All,524,84,89.0,107.8,111.7,38.1%,8.9°,12.5°,38.1,10.7%,9,0.327,0.302,0.44,0.423,42.9%,22.6%,27.4%,43.1%,61.5%,77.7%,29.2%,32.3%,75
Ashland,Colton Hunt,All,28,5,88.9,97.7,97.7,40.0%,-4.9°,-1.0°,0.0,0.0%,0,0.429,0.199,0.44,0.261,80.0%,0.0%,0.0%,32.1%,66.7%,100.0%,22.7%,22.2%,150
Miami (OH),Ryan Novak,All,823,102,89.1,105.1,109.0,48.0%,13.7°,18.9°,36.3,5.9%,6,0.3,0.274,0.44,0.422,37.3%,26.5%,27.5%,35.1%,58.9%,80.1%,14.4%,24.9%,125
Centre,Graham Johnson,All,213,36,85.3,99.8,103.6,30.6%,20.6°,16.5°,63.9,2.8%,1,0.34,0.292,0.44,0.407,22.2%,25.0%,47.2%,45.1%,72.8%,86.6%,24.0%,20.8%,112
Canisius,Bennett Cox,All,152,29,82.4,100.3,101.4,17.2%,13.8°,13.4°,48.3,0.0%,0,0.378,0.26,0.44,0.319,27.6%,24.1%,44.8%,48.7%,66.2%,93.3%,34.5%,23.0%,58
North Carolina,Gavin Gallaher,All,1020,195,91.9,105.1,112.6,49.2%,16.0°,15.5°,41.0,11.8%,23,0.329,0.333,0.44,0.464,34.4%,34.4%,27.2%,44.6%,72.3%,84.5%,23.0%,22.6%,92
South Alabama,Brennan Holt,All,373,49,85.2,101.3,103.4,36.7%,9.9°,17.9°,40.8,6.1%,3,0.284,0.289,0.44,0.43,42.9%,24.5%,28.6%,36.5%,62.3%,82.3%,18.3%,26.5%,135
Eastern Illinois,Michael O'Conor,All,350,65,91.3,106.3,109.1,46.2%,15.5°,13.5°,46.2,12.3%,8,0.342,0.347,0.44,0.478,30.8%,32.3%,30.8%,46.6%,76.2%,85.2%,24.1%,25.2%,106
Nevada,Junhyuk Kwon,All,667,100,90.2,106.8,111.0,52.0%,9.3°,14.2°,40.0,11.0%,11,0.351,0.314,0.44,0.438,45.0%,27.0%,27.0%,42.4%,68.6%,78.6%,23.5%,27.2%,107
Pacific Lutheran,Aaron Barber,All,58,13,82.3,92.0,92.7,0.0%,19.7°,-,30.8,0.0%,0,0.429,0.326,0.44,0.372,23.1%,38.5%,23.1%,37.9%,64.0%,87.5%,18.2%,9.1%,133
New Mexico,Tye Wood,All,605,80,88.0,102.2,110.8,37.5%,17.7°,7.9°,37.5,6.2%,5,0.333,0.267,0.44,0.382,36.2%,31.2%,31.2%,36.4%,68.3%,82.9%,15.3%,21.4%,136
Kansas State,Keegan O'Connor,All,676,145,91.7,110.1,114.4,49.0%,4.5°,13.2°,35.9,15.9%,23,0.328,0.335,0.44,0.462,49.7%,22.1%,25.5%,56.2%,80.2%,88.4%,35.5%,21.1%,66
Redlands,Kaiya Saito,All,27,7,81.8,94.9,96.6,14.3%,-2.9°,7.2°,28.6,0.0%,0,0.429,0.373,0.44,0.412,42.9%,14.3%,42.9%,33.3%,66.7%,100.0%,16.7%,11.1%,148
Stony Brook,Nico Azpilcueta,All,291,54,89.7,109.2,110.1,48.1%,8.2°,6.4°,35.2,13.0%,7,0.315,0.28,0.44,0.451,44.4%,27.8%,18.5%,54.3%,78.0%,78.3%,38.2%,32.9%,68
Florida,Bobby Boser,All,967,150,92.9,106.3,110.5,62.0%,12.2°,16.0°,33.3,10.7%,16,0.339,0.317,0.44,0.435,44.7%,30.0%,22.7%,46.9%,69.7%,82.8%,29.0%,29.7%,85
Stony Brook,James Schaffer,All,48,8,77.4,93.3,95.3,12.5%,15.3°,3.7°,25.0,0.0%,0,0.333,0.288,0.44,0.421,62.5%,25.0%,12.5%,31.2%,50.0%,90.0%,17.9%,13.3%,95
Virginia,Jacob Ference,All,600,83,93.5,106.7,110.4,59.0%,13.9°,14.7°,43.4,16.9%,14,0.333,0.345,0.44,0.502,36.1%,30.1%,28.9%,45.5%,69.1%,77.4%,29.4%,28.2%,84
East Tennessee State,Cody Miller,All,844,170,90.7,104.2,107.3,47.1%,16.7°,17.4°,36.5,9.4%,16,0.328,0.327,0.44,0.446,37.6%,26.5%,25.3%,43.2%,67.1%,91.7%,26.9%,16.2%,96
Charleston Southern,Anthony Sangluedolce,All,187,27,88.6,102.1,104.5,29.6%,12.8°,8.9°,33.3,0.0%,0,0.312,0.245,0.44,0.404,44.4%,14.8%,22.2%,33.2%,51.6%,100.0%,23.6%,11.3%,101
St. Bonaventure,Ryan Davis,All,68,9,84.6,96.2,96.4,33.3%,25.7°,11.7°,44.4,0.0%,0,0.364,0.261,0.44,0.401,22.2%,33.3%,33.3%,39.7%,73.7%,100.0%,26.5%,14.8%,58
Claflin,Donovan Mungenast,All,31,6,89.2,99.7,100.2,50.0%,-6.3°,10.9°,50.0,0.0%,0,0.429,0.49,0.44,0.524,66.7%,0.0%,33.3%,32.3%,64.3%,100.0%,5.9%,10.0%,181
Wright State,Conlan Daniel,All,359,50,88.3,105.8,108.4,50.0%,0.5°,10.5°,24.0,8.0%,4,0.29,0.245,0.44,0.399,52.0%,24.0%,20.0%,40.9%,66.2%,80.8%,21.3%,28.6%,108
George Fox,Bryan Ho,All,27,6,74.6,86.1,87.0,0.0%,-2.7°,-,33.3,0.0%,0,0.429,0.326,0.44,0.368,50.0%,16.7%,33.3%,48.1%,90.0%,88.9%,23.5%,30.8%,99
Utah Tech,Kyle McDaniel,All,663,128,86.1,101.2,106.3,25.8%,2.8°,9.2°,28.9,2.3%,3,0.355,0.302,0.439,0.402,56.2%,18.0%,21.1%,33.3%,57.4%,98.7%,16.1%,4.5%,121
Trevecca Nazarene,Cole McCallum,All,124,28,85.8,104.1,105.6,28.6%,5.5°,13.7°,39.3,3.6%,1,0.351,0.28,0.439,0.339,50.0%,25.0%,25.0%,61.3%,82.3%,86.3%,40.3%,27.6%,79
UNC Wilmington,Brock Wills,All,573,103,88.7,102.9,107.2,46.6%,6.1°,17.4°,35.0,8.7%,9,0.356,0.286,0.439,0.405,49.5%,25.2%,22.3%,43.3%,61.9%,85.4%,27.3%,26.6%,106
USC Aiken,Hunter Thompson,All,96,24,84.7,102.8,104.0,37.5%,8.5°,18.3°,33.3,0.0%,0,0.37,0.297,0.439,0.351,50.0%,29.2%,16.7%,42.7%,48.8%,95.0%,38.2%,19.5%,19
Pomona-Pitzer,Kai Gonzaga,All,71,8,85.8,101.5,102.5,37.5%,15.6°,23.4°,25.0,12.5%,1,0.25,0.192,0.439,0.348,25.0%,50.0%,12.5%,36.6%,56.5%,92.3%,27.1%,7.7%,58
UTSA,Andrew Stucky,All,825,119,84.0,102.4,109.3,37.0%,13.1°,16.3°,34.5,4.2%,5,0.344,0.256,0.439,0.382,40.3%,29.4%,26.1%,39.9%,68.0%,87.3%,19.5%,21.0%,119
Kansas State,Tyler Smolinski,All,60,11,81.6,102.6,102.8,27.3%,-6.1°,18.7°,36.4,9.1%,1,0.308,0.348,0.439,0.474,54.5%,9.1%,36.4%,40.0%,63.0%,94.1%,21.2%,8.3%,89
Louisville,Jake Munroe,All,1095,192,90.6,104.5,107.6,44.8%,15.9°,13.6°,39.1,8.9%,17,0.338,0.33,0.438,0.438,37.0%,28.1%,30.2%,43.7%,72.5%,87.9%,19.2%,18.0%,99
UT Martin,Terence Grines,All,97,22,93.7,105.3,108.8,50.0%,-4.6°,1.5°,27.3,4.5%,1,0.36,0.312,0.438,0.359,68.2%,13.6%,18.2%,44.3%,65.0%,100.0%,29.8%,16.3%,102
Tulane,Jason Wachs,All,670,114,89.2,103.8,107.8,37.7%,2.4°,5.4°,33.3,0.0%,0,0.367,0.329,0.438,0.42,55.3%,9.6%,30.7%,38.4%,61.8%,89.4%,18.9%,16.0%,86
San Diego State,Nevan Noonan,All,691,143,89.0,101.5,105.1,37.8%,19.1°,14.2°,37.8,4.2%,6,0.351,0.304,0.438,0.393,32.2%,32.2%,28.7%,41.0%,60.9%,89.7%,25.3%,16.6%,96
Arizona State,Nu'u Contrades,All,747,139,90.2,106.6,109.0,47.5%,6.0°,14.3°,36.0,6.5%,9,0.325,0.315,0.438,0.432,46.0%,23.0%,27.3%,49.1%,79.2%,87.5%,30.8%,21.8%,86
East Tennessee State,Jamie Palmese,All,882,152,87.6,104.2,110.2,43.4%,5.7°,16.3°,29.6,9.9%,15,0.309,0.274,0.438,0.398,48.7%,25.7%,19.7%,43.4%,65.7%,85.3%,24.5%,23.2%,112
Mississippi State,Gehrig Frei,All,463,98,88.7,105.7,110.4,39.8%,3.2°,8.7°,34.7,4.1%,4,0.342,0.315,0.438,0.392,50.0%,19.4%,24.5%,51.8%,77.6%,89.5%,33.0%,18.3%,84
Mississippi State,Hunter Hines,All,830,128,91.8,107.1,110.3,49.2%,14.2°,19.5°,38.3,9.4%,12,0.299,0.287,0.438,0.426,36.7%,30.5%,25.8%,50.1%,73.5%,78.2%,33.7%,30.0%,75
Wagner,Mateo Matthews,All,86,12,93.1,105.3,107.0,58.3%,34.1°,11.2°,33.3,8.3%,1,0.294,0.244,0.438,0.334,25.0%,16.7%,33.3%,44.2%,74.2%,78.3%,27.3%,34.2%,87
Iowa,Blake Guerin,All,462,62,92.1,109.0,112.3,46.8%,19.5°,21.1°,45.2,21.0%,13,0.292,0.269,0.438,0.441,24.2%,33.9%,35.5%,44.2%,67.7%,76.5%,27.0%,31.9%,82
Seattle,Keni Ishikawa,All,589,111,86.7,101.9,106.4,33.3%,21.7°,14.3°,43.2,5.4%,6,0.325,0.299,0.438,0.405,27.9%,30.6%,31.5%,45.7%,66.9%,92.1%,30.5%,13.8%,99
Columbus State,Luke Miller,All,157,25,81.8,99.0,100.5,16.0%,8.9°,14.7°,40.0,4.0%,1,0.389,0.241,0.438,0.314,40.0%,20.0%,32.0%,41.4%,69.1%,76.3%,26.5%,27.7%,128
Utah Tech,Ryan Kroepel,All,616,116,88.2,103.8,106.8,41.4%,8.0°,11.1°,33.6,6.9%,8,0.396,0.307,0.437,0.398,46.6%,21.6%,27.6%,39.8%,60.8%,91.6%,24.9%,21.2%,99
San Diego,Isaiah Lane,All,838,125,87.3,101.5,103.9,34.4%,8.3°,11.4°,44.0,5.6%,7,0.333,0.295,0.437,0.395,40.8%,23.2%,33.6%,35.8%,56.2%,86.7%,20.3%,18.3%,96
Loyola Marymount,Nate Savoie,All,706,132,90.6,109.3,114.6,46.2%,13.7°,12.3°,36.4,15.2%,20,0.311,0.326,0.437,0.442,37.9%,30.3%,23.5%,48.2%,69.7%,88.3%,31.6%,21.5%,79
Lenoir-Rhyne,Andrew Stillinger,All,59,12,82.8,93.3,95.5,25.0%,7.3°,-2.2°,41.7,0.0%,0,0.4,0.316,0.437,0.367,58.3%,8.3%,33.3%,35.6%,52.2%,91.7%,25.0%,9.5%,74
Western Oregon,Collin Irwin,All,52,7,77.7,91.8,97.2,14.3%,8.6°,19.9°,28.6,0.0%,0,0.3,0.234,0.437,0.379,57.1%,14.3%,28.6%,36.5%,63.2%,91.7%,21.2%,21.1%,157
Duke,Sam Harris,All,502,86,93.6,109.5,114.2,60.5%,10.8°,14.3°,38.4,16.3%,14,0.317,0.321,0.437,0.467,40.7%,19.8%,29.1%,53.6%,83.9%,74.2%,26.7%,34.2%,107
Virginia Tech,Sam Tackett,All,912,124,90.3,109.6,113.6,46.8%,16.5°,15.7°,34.7,13.7%,17,0.312,0.271,0.437,0.409,39.5%,29.8%,25.0%,39.1%,61.2%,78.0%,22.4%,30.3%,91
Tennessee Tech,Preston Steele,All,207,43,85.9,101.9,104.4,32.6%,13.9°,10.0°,39.5,4.7%,2,0.346,0.262,0.437,0.335,46.5%,25.6%,23.3%,44.9%,70.5%,91.9%,26.1%,15.1%,110
Angelo State,Ethan Flodstrom,All,67,15,83.5,92.9,97.7,6.7%,-1.0°,12.1°,53.3,0.0%,0,0.4,0.478,0.437,0.506,46.7%,13.3%,40.0%,32.8%,50.0%,100.0%,12.9%,0.0%,137
Chapman,Brady Altman,All,124,25,86.4,99.0,100.9,24.0%,14.1°,17.6°,64.0,0.0%,0,0.344,0.291,0.437,0.387,28.0%,20.0%,48.0%,49.2%,83.7%,85.4%,26.7%,23.0%,154
Embry-Riddle (AZ),Konner Nelson,All,51,6,87.6,97.8,99.7,16.7%,5.5°,7.7°,16.7,0.0%,0,0.364,0.228,0.437,0.345,50.0%,0.0%,33.3%,51.0%,57.1%,75.0%,46.7%,34.6%,16
Oral Roberts,John Schark,All,189,27,83.9,101.0,101.4,29.6%,17.3°,17.4°,29.6,0.0%,0,0.306,0.215,0.436,0.32,33.3%,29.6%,29.6%,38.6%,66.2%,87.2%,22.0%,17.8%,116
Cal State Fullerton,Carter Johnstone,All,723,145,87.5,98.5,104.9,28.3%,13.1°,11.8°,39.3,0.7%,1,0.347,0.315,0.436,0.396,40.0%,25.5%,32.4%,38.9%,66.1%,93.4%,17.0%,10.0%,131
Columbia,Sam Miller,All,778,165,85.7,102.5,107.0,35.8%,10.7°,14.0°,35.8,6.1%,10,0.337,0.306,0.436,0.409,44.2%,26.1%,26.7%,48.5%,73.2%,87.7%,31.1%,21.5%,75
Villanova,Josue Valdez,All,338,30,91.4,105.3,106.6,46.7%,15.7°,16.4°,46.7,13.3%,4,0.305,0.228,0.436,0.339,30.0%,30.0%,33.3%,30.8%,52.9%,75.6%,12.0%,32.7%,115
Bellarmine,Eli Watson,All,272,63,84.6,101.7,105.6,31.7%,6.8°,11.3°,28.6,3.2%,2,0.366,0.303,0.436,0.375,47.6%,20.6%,25.4%,47.1%,67.5%,86.1%,31.6%,21.1%,76
Lamar,Brayden Evans,All,622,104,87.9,103.7,108.3,40.4%,21.3°,18.1°,38.5,3.8%,4,0.328,0.274,0.436,0.405,25.0%,41.3%,27.9%,48.2%,75.5%,80.6%,29.5%,27.3%,83
Central Connecticut,Aidan Redahan,All,55,11,88.4,103.1,104.8,45.5%,1.2°,12.3°,27.3,0.0%,0,0.455,0.34,0.436,0.421,45.5%,18.2%,36.4%,38.2%,68.0%,94.1%,13.3%,4.8%,126
Arkansas,Camden Kozeal,All,836,156,90.5,107.2,111.9,52.6%,10.9°,17.6°,39.1,12.2%,19,0.346,0.316,0.436,0.411,38.5%,27.6%,30.8%,52.4%,78.1%,80.4%,31.1%,26.5%,88
Rutgers,Trevor Cohen,All,882,204,83.5,106.1,110.2,40.7%,-1.8°,4.7°,23.0,1.5%,3,0.385,0.327,0.436,0.387,61.8%,12.7%,21.6%,43.5%,73.3%,90.6%,19.9%,11.7%,126
Southern Miss,Nick Monistere,All,940,183,91.7,107.4,111.7,53.6%,5.0°,11.2°,30.1,13.1%,24,0.322,0.309,0.436,0.427,48.6%,25.1%,21.3%,50.2%,75.6%,83.9%,27.6%,24.2%,104
William Carey,DeeJay Booth,All,228,25,88.6,103.8,107.7,40.0%,13.3°,16.1°,40.0,8.0%,2,0.306,0.288,0.436,0.432,40.0%,28.0%,32.0%,27.6%,56.0%,81.0%,13.7%,22.2%,138
Lafayette,Ethan Swidler,All,792,123,91.4,104.1,109.1,47.2%,18.0°,15.2°,38.2,8.9%,11,0.331,0.314,0.436,0.45,31.7%,32.5%,30.9%,37.0%,63.9%,86.0%,13.7%,16.4%,129
Alabama A&M,Trey Rutledge,All,133,17,81.9,96.7,101.9,17.6%,7.4°,3.8°,35.3,0.0%,0,0.3,0.312,0.436,0.421,47.1%,17.6%,29.4%,27.8%,52.7%,100.0%,10.3%,5.4%,118
Columbus State,Warrick Wilmot,All,103,29,89.6,100.8,103.3,37.9%,12.3°,5.6°,41.4,6.9%,2,0.375,0.361,0.436,0.433,41.4%,27.6%,31.0%,45.6%,64.1%,100.0%,34.4%,12.8%,93
Loyola-New Orleans,Jaxon Buratt,All,49,6,71.8,85.0,90.2,0.0%,-5.3°,-,16.7,0.0%,0,0.286,0.172,0.436,0.377,50.0%,33.3%,16.7%,30.6%,66.7%,91.7%,9.7%,13.3%,159
Emmanuel (GA),Jesus Cruz,All,205,29,77.0,92.0,94.8,0.0%,17.7°,-,31.0,0.0%,0,0.368,0.214,0.435,0.404,44.8%,17.2%,24.1%,38.0%,64.7%,87.3%,19.2%,15.4%,121
College of Charleston,Landon Penfield,All,896,130,87.8,100.6,102.4,36.9%,19.7°,22.7°,43.1,6.2%,8,0.288,0.254,0.435,0.392,25.4%,38.5%,29.2%,45.1%,70.6%,79.9%,25.1%,27.7%,102
San Francisco,Eddison Esquivel,All,523,96,88.9,105.6,108.7,39.6%,10.1°,15.8°,31.2,8.3%,8,0.313,0.263,0.435,0.351,44.8%,27.1%,21.9%,50.3%,81.7%,83.1%,26.8%,27.0%,125
Rhode Island,Adonis Medina,All,243,29,83.7,100.4,103.7,31.0%,11.0°,16.8°,44.8,6.9%,2,0.298,0.219,0.435,0.342,37.9%,31.0%,24.1%,40.3%,60.2%,69.5%,26.9%,34.7%,98
South Dakota State,Nolan Grawe,All,225,41,84.5,100.9,104.0,29.3%,-5.7°,6.5°,26.8,0.0%,0,0.408,0.317,0.435,0.381,63.4%,4.9%,29.3%,41.8%,63.0%,87.3%,24.8%,14.9%,105
St. Thomas (MN),Zan von Schlegell,All,188,35,88.8,103.9,107.3,42.9%,6.8°,12.4°,37.1,2.9%,1,0.35,0.29,0.435,0.409,51.4%,20.0%,22.9%,38.8%,61.4%,92.2%,21.0%,21.9%,105
Southern Indiana,Hunter Miller,All,186,31,84.4,95.6,103.2,19.4%,2.1°,4.6°,32.3,0.0%,0,0.389,0.271,0.435,0.382,54.8%,16.1%,29.0%,39.2%,67.0%,85.2%,12.6%,13.7%,122
Portland,Treyton Swygart,All,132,15,92.9,107.4,108.7,60.0%,-1.9°,4.8°,26.7,6.7%,1,0.333,0.319,0.435,0.421,66.7%,6.7%,26.7%,34.1%,58.3%,80.0%,13.9%,28.9%,83
UCF,Andrew Sundean,All,450,93,87.1,102.6,108.8,41.9%,11.1°,7.6°,34.4,4.3%,4,0.358,0.298,0.435,0.378,43.0%,20.4%,24.7%,53.1%,78.0%,87.3%,36.2%,16.3%,76
Santa Clara,Dylan Joyce,All,653,104,93.6,109.3,110.9,51.9%,11.2°,16.4°,43.3,18.3%,19,0.306,0.35,0.435,0.492,37.5%,30.8%,29.8%,52.8%,84.0%,79.2%,31.0%,33.0%,97
Erskine,Dylan Wanat,All,128,29,83.2,99.1,101.9,27.6%,22.3°,19.7°,34.5,3.4%,1,0.312,0.32,0.435,0.405,24.1%,41.4%,24.1%,48.4%,74.6%,93.2%,26.1%,14.5%,147
Shenandoah,Christian Carver,All,154,36,84.2,96.5,97.1,16.7%,3.1°,4.8°,41.7,0.0%,0,0.452,0.357,0.435,0.361,52.8%,11.1%,33.3%,50.6%,81.9%,93.2%,23.2%,11.5%,102
Alabama,Peyton Steele,All,51,9,77.7,102.2,106.0,33.3%,12.8°,25.1°,44.4,11.1%,1,0.333,0.289,0.435,0.392,44.4%,55.6%,0.0%,43.1%,61.9%,84.6%,30.0%,18.2%,62
Arkansas,Ryder Helfrick,All,874,124,89.8,107.5,110.3,50.8%,12.4°,20.4°,28.2,10.5%,13,0.301,0.254,0.435,0.393,41.9%,35.5%,18.5%,42.7%,70.8%,80.3%,20.3%,28.2%,111
UCLA,AJ Salgado,All,1028,169,90.7,107.5,115.2,53.8%,7.1°,11.9°,36.7,9.5%,16,0.309,0.325,0.435,0.446,46.2%,26.6%,26.0%,44.1%,68.1%,80.9%,23.4%,25.8%,106
Walsh,Brodey Acres,All,70,12,89.3,100.7,102.8,50.0%,-2.9°,12.6°,33.3,0.0%,0,0.375,0.269,0.435,0.352,58.3%,16.7%,25.0%,41.4%,64.5%,85.0%,23.1%,27.6%,106
Westmont,Trey Dunn,All,257,53,93.5,108.6,111.6,54.7%,15.9°,15.5°,41.5,11.3%,6,0.3,0.382,0.435,0.496,32.1%,18.9%,34.0%,49.4%,78.9%,95.8%,33.5%,20.5%,69
North Georgia,Andrews Opata,All,544,107,88.2,107.3,110.7,45.8%,5.9°,10.5°,27.1,6.5%,7,0.355,0.32,0.435,0.42,54.2%,24.3%,19.6%,47.1%,72.2%,87.6%,31.0%,19.9%,110
Southeastern Louisiana,Ryan Brome,All,171,28,90.6,105.2,105.7,50.0%,18.2°,15.5°,35.7,10.7%,3,0.306,0.329,0.434,0.439,28.6%,46.4%,17.9%,41.5%,68.5%,80.0%,21.4%,25.4%,109
Northeastern,Cam Maldonado,All,429,65,89.9,107.9,109.1,52.3%,6.6°,15.8°,36.9,12.3%,8,0.292,0.306,0.434,0.444,49.2%,24.6%,24.6%,39.9%,64.3%,84.6%,21.9%,24.6%,103
USC Upstate,Henry Zenor,All,778,161,86.1,100.0,105.5,26.7%,11.9°,12.3°,31.7,0.6%,1,0.365,0.313,0.434,0.404,45.3%,26.7%,26.1%,38.3%,61.6%,95.0%,18.5%,8.4%,110
South Dakota State,Owen Siegert,All,183,33,81.3,97.5,103.6,15.2%,4.0°,9.2°,30.3,0.0%,0,0.389,0.293,0.434,0.335,57.6%,21.2%,18.2%,45.4%,70.8%,92.6%,17.2%,9.6%,137
Morehead State,Alex Kean,All,484,70,88.2,103.4,109.5,40.0%,14.8°,22.0°,40.0,7.1%,5,0.321,0.24,0.434,0.366,31.4%,30.0%,32.9%,47.9%,76.6%,75.3%,27.6%,38.8%,86
Cumberlands (KY),Derick Andiarena,All,213,43,84.7,106.0,110.9,37.2%,5.0°,11.3°,32.6,4.7%,2,0.354,0.307,0.434,0.402,53.5%,18.6%,23.3%,44.6%,76.8%,90.6%,29.2%,13.7%,97
Trevecca Nazarene,Cade Moore,All,99,26,87.7,97.3,100.7,30.8%,7.8°,12.1°,23.1,0.0%,0,0.357,0.247,0.434,0.316,46.2%,23.1%,23.1%,51.5%,77.5%,93.5%,33.9%,11.8%,96
USC,Brayden Dowd,All,1054,180,87.6,101.4,104.1,31.7%,13.8°,16.3°,36.7,4.4%,8,0.329,0.278,0.433,0.393,37.8%,27.8%,25.6%,42.5%,69.4%,86.9%,21.6%,18.3%,125
Virginia,Jackson Sirois,All,79,15,85.5,102.4,105.0,26.7%,-5.6°,8.1°,33.3,0.0%,0,0.294,0.29,0.433,0.392,60.0%,6.7%,26.7%,35.4%,61.8%,90.5%,15.6%,17.9%,97
Coppin State,Pranav Sundar,All,79,17,78.5,94.8,102.7,5.9%,9.4°,8.8°,52.9,0.0%,0,0.409,0.318,0.433,0.317,35.3%,5.9%,52.9%,53.2%,72.1%,83.9%,30.6%,23.8%,66
Arizona State,Kyle Walker,All,778,180,90.3,104.6,109.7,42.2%,7.7°,8.7°,33.3,5.6%,10,0.359,0.333,0.433,0.437,45.0%,24.4%,25.6%,42.8%,68.5%,93.2%,22.5%,13.5%,105
Cal State Fullerton,Maddox Latta,All,766,127,87.9,102.0,105.0,33.1%,6.6°,12.3°,34.6,2.4%,3,0.357,0.308,0.433,0.411,51.2%,21.3%,26.0%,39.0%,61.2%,87.8%,21.8%,18.4%,116
Cal State Fullerton,Andrew Kirchner,All,782,135,91.0,105.1,110.0,47.4%,13.9°,18.9°,37.0,10.4%,14,0.344,0.281,0.433,0.385,35.6%,28.9%,28.9%,51.9%,75.4%,70.5%,32.9%,33.5%,69
Quincy,Matthew Mateo,All,48,9,82.6,95.0,97.1,22.2%,14.9°,10.8°,22.2,0.0%,0,0.333,0.159,0.433,0.238,44.4%,33.3%,11.1%,45.8%,72.2%,92.3%,30.0%,31.8%,99
Alcorn State,Chance Jackson,All,25,5,83.6,98.6,98.6,20.0%,-22.9°,12.8°,20.0,0.0%,0,0.4,0.326,0.432,0.394,80.0%,0.0%,20.0%,28.0%,87.5%,85.7%,0.0%,14.3%,184
Maine,Evan Menzel,All,167,30,85.5,97.1,101.3,16.7%,7.4°,21.6°,43.3,3.3%,1,0.325,0.285,0.432,0.365,50.0%,26.7%,23.3%,42.5%,54.4%,83.7%,31.8%,22.5%,81
Georgia Southern,Julian Stevens,All,121,27,88.0,107.0,110.5,44.4%,21.3°,25.7°,51.9,14.8%,4,0.314,0.312,0.432,0.44,25.9%,40.7%,29.6%,54.5%,73.8%,77.1%,32.1%,31.8%,58
Southern Indiana,Khi Holiday,All,426,68,86.0,100.5,103.9,33.8%,2.9°,0.7°,22.1,0.0%,0,0.409,0.26,0.432,0.345,54.4%,20.6%,20.6%,30.5%,52.4%,94.0%,12.8%,9.2%,120
Fresno Pacific,Trent Mallonee,All,196,54,87.9,99.5,102.4,31.5%,-2.4°,0.5°,22.2,0.0%,0,0.389,0.289,0.432,0.355,57.4%,18.5%,18.5%,39.8%,67.5%,94.6%,19.5%,9.0%,126
Gonzaga,Peyton Miller,All,25,5,80.6,88.6,89.7,0.0%,14.2°,-,40.0,0.0%,0,0.4,0.386,0.432,0.45,40.0%,20.0%,40.0%,32.0%,70.0%,100.0%,6.7%,0.0%,179
Samford,Parker McDonald,All,689,114,88.9,105.2,109.7,50.0%,9.8°,15.9°,41.2,9.6%,11,0.306,0.289,0.432,0.412,37.7%,29.8%,29.8%,43.8%,68.5%,75.4%,23.9%,29.8%,98
Whitman,Beck Maguire,All,69,11,82.9,97.1,103.2,27.3%,19.1°,8.2°,36.4,0.0%,0,0.357,0.279,0.432,0.318,27.3%,27.3%,36.4%,33.3%,65.4%,88.2%,14.0%,13.0%,165
Pomona-Pitzer,Lateef Wakil,All,437,65,82.0,93.1,97.6,6.2%,8.8°,12.5°,32.3,0.0%,0,0.356,0.257,0.432,0.378,40.0%,24.6%,26.2%,30.9%,50.6%,93.2%,17.9%,13.3%,116
Texas A&M,Bear Harrison,All,634,80,90.8,104.8,108.3,47.5%,23.6°,20.8°,47.5,12.5%,10,0.27,0.298,0.432,0.458,20.0%,38.8%,32.5%,36.0%,59.2%,80.8%,20.3%,29.4%,106
Florida Atlantic,Emilio Gonzalez,All,60,14,78.4,103.9,103.9,42.9%,-1.2°,19.2°,28.6,14.3%,2,0.235,0.229,0.432,0.371,50.0%,42.9%,7.1%,53.3%,76.0%,84.2%,37.1%,31.2%,110
San Diego State,Xavier Farnum,All,208,30,85.2,98.7,102.9,26.7%,13.0°,9.9°,40.0,0.0%,0,0.325,0.264,0.431,0.347,36.7%,16.7%,36.7%,36.1%,60.0%,90.7%,17.8%,18.7%,92
Rhodes,Ben Daniel,All,32,8,86.2,95.0,95.4,12.5%,1.1°,8.6°,25.0,0.0%,0,0.333,0.205,0.431,0.255,62.5%,12.5%,25.0%,53.1%,75.0%,100.0%,40.0%,17.6%,15
Liberty,Camden Troyer,All,908,175,88.7,106.9,112.2,40.0%,12.9°,11.9°,32.6,9.1%,16,0.325,0.345,0.431,0.455,44.6%,28.6%,21.7%,35.7%,57.0%,92.3%,19.8%,14.2%,107
Texas,Max Belyeu,All,510,67,86.5,108.9,112.6,43.3%,7.0°,9.8°,28.4,9.0%,6,0.296,0.277,0.431,0.402,43.3%,22.4%,28.4%,43.9%,67.0%,85.0%,27.9%,27.2%,93
Morehead State,Eli Kirkendoll,All,170,30,86.0,104.7,113.9,36.7%,13.4°,14.0°,23.3,10.0%,3,0.326,0.231,0.431,0.323,40.0%,33.3%,20.0%,45.9%,65.2%,69.8%,33.7%,38.5%,34
Alabama,Will Hodo,All,955,140,95.4,108.4,112.2,59.3%,15.0°,14.6°,37.1,18.6%,26,0.294,0.316,0.431,0.468,37.1%,34.3%,20.7%,34.8%,58.8%,82.0%,13.9%,23.8%,103
Campbell,Andrew Schuldt,All,919,116,88.2,104.0,107.6,43.1%,17.2°,21.3°,46.6,10.3%,12,0.274,0.267,0.431,0.432,32.8%,29.3%,31.9%,33.8%,57.4%,83.8%,15.8%,26.4%,116
Quinnipiac,Sebastian Mueller,All,279,48,87.3,104.8,108.3,33.3%,18.8°,17.8°,31.2,4.2%,2,0.339,0.276,0.431,0.366,29.2%,37.5%,25.0%,43.0%,55.4%,92.5%,33.5%,20.0%,72
Troy,Steven Meier,All,794,121,86.6,108.2,114.8,39.7%,8.7°,11.9°,29.8,9.1%,11,0.327,0.281,0.431,0.402,46.3%,23.1%,25.6%,37.0%,58.4%,84.9%,21.9%,22.4%,100
Missouri State,Zack Stewart,All,690,97,92.2,110.5,114.5,51.5%,10.5°,14.2°,35.1,15.5%,15,0.308,0.286,0.431,0.431,39.2%,34.0%,21.6%,47.2%,76.3%,76.9%,27.0%,37.1%,105
Florida State,Drew Faurot,All,807,163,92.4,107.6,114.3,46.6%,7.9°,10.3°,36.8,11.0%,18,0.32,0.345,0.431,0.45,43.6%,20.2%,29.4%,48.3%,72.9%,86.7%,30.4%,24.9%,78
UCF,Edian Espinal,All,664,122,90.8,102.9,108.5,44.3%,4.4°,7.0°,34.4,2.5%,3,0.371,0.325,0.431,0.42,48.4%,12.3%,31.1%,42.0%,66.6%,91.6%,23.3%,19.0%,104
West Georgia,Patrick McCullough,All,51,15,89.3,98.9,98.9,33.3%,1.6°,-1.4°,20.0,6.7%,1,0.438,0.368,0.431,0.395,60.0%,20.0%,13.3%,56.9%,76.5%,100.0%,47.1%,13.8%,-12
Lincoln Memorial,Austin Epperson,All,149,19,83.7,96.9,99.5,26.3%,-0.8°,8.3°,31.6,0.0%,0,0.286,0.225,0.431,0.349,63.2%,10.5%,26.3%,37.6%,66.1%,71.8%,18.9%,41.1%,126
UC Irvine,Blake Penso,All,398,66,92.9,107.5,110.0,56.1%,14.1°,14.1°,40.9,13.6%,9,0.333,0.316,0.43,0.411,34.8%,24.2%,33.3%,48.5%,70.7%,84.6%,29.4%,26.4%,99
Morehead State,Davis Germann,All,468,79,90.3,102.1,106.1,43.0%,19.9°,16.2°,35.4,3.8%,3,0.312,0.248,0.43,0.339,31.6%,36.7%,30.4%,44.4%,69.4%,80.0%,24.3%,30.8%,82
Virginia,Aidan Teel,All,765,142,88.1,103.3,107.4,39.4%,15.7°,15.7°,41.5,3.5%,5,0.325,0.328,0.43,0.43,34.5%,26.8%,33.8%,43.4%,68.5%,94.1%,25.2%,16.0%,90
Washington,Casen Taggart,All,732,98,87.8,106.9,110.7,38.8%,8.2°,8.5°,29.6,5.1%,5,0.315,0.273,0.43,0.393,46.9%,25.5%,24.5%,34.8%,61.4%,81.8%,16.9%,23.5%,107
Tusculum,Caleb Webster,All,507,83,85.6,99.2,101.5,31.3%,7.6°,3.9°,37.3,0.0%,0,0.356,0.29,0.43,0.365,49.4%,18.1%,28.9%,37.7%,62.0%,86.6%,21.2%,18.8%,114
Southern Indiana,Cameron Boyd,All,328,69,89.8,108.2,111.6,53.6%,8.4°,16.1°,31.9,10.1%,7,0.357,0.325,0.43,0.428,43.5%,27.5%,24.6%,46.3%,68.4%,92.3%,27.3%,17.8%,100
Illinois State,Noah Smith,All,268,47,86.4,104.4,105.1,25.5%,9.0°,8.8°,40.4,2.1%,1,0.39,0.308,0.43,0.373,44.7%,21.3%,34.0%,53.0%,69.0%,82.0%,38.1%,23.2%,65
Western Kentucky,Carlos Vasquez,All,891,194,89.3,103.0,108.9,43.3%,4.8°,10.2°,36.1,3.1%,6,0.373,0.321,0.43,0.394,49.0%,18.0%,31.4%,49.9%,74.2%,92.0%,31.3%,15.3%,98
Austin Peay,Gus Freeman,All,630,103,87.9,103.2,111.3,38.8%,17.8°,9.0°,29.1,3.9%,4,0.322,0.298,0.43,0.395,39.8%,32.0%,21.4%,41.4%,69.5%,92.1%,20.1%,15.3%,103
Connecticut,Caleb Shpur,All,874,168,87.5,102.1,107.3,32.7%,0.5°,5.6°,26.2,2.4%,4,0.382,0.253,0.43,0.329,56.0%,20.2%,20.2%,44.5%,68.4%,90.1%,24.4%,15.9%,104
Middle Tennessee,Matt Wolfe,All,250,30,86.2,100.3,104.8,46.7%,11.6°,7.2°,30.0,0.0%,0,0.364,0.244,0.43,0.362,50.0%,23.3%,23.3%,33.6%,58.7%,90.2%,15.8%,22.6%,124
Seton Hall,Kevin Milewski,All,623,94,92.9,109.4,112.0,52.1%,8.3°,15.0°,37.2,16.0%,15,0.297,0.306,0.43,0.446,41.5%,23.4%,28.7%,45.7%,72.3%,81.1%,27.2%,28.1%,80
St. John's,Shaun McMillan,All,628,104,91.7,108.7,113.8,51.9%,12.6°,14.7°,36.5,14.4%,15,0.348,0.298,0.429,0.404,39.4%,26.9%,27.9%,43.9%,71.9%,74.3%,24.2%,33.7%,94
Samford,Jeffrey Ince,All,815,130,87.4,101.8,104.6,36.2%,12.7°,17.8°,43.8,6.9%,9,0.31,0.27,0.429,0.402,40.0%,25.4%,28.5%,42.2%,68.8%,87.3%,23.9%,22.1%,117
Oklahoma State,Aidan Meola,All,151,25,91.7,107.2,111.2,48.0%,16.5°,22.4°,40.0,24.0%,6,0.323,0.343,0.429,0.499,40.0%,28.0%,28.0%,49.0%,63.0%,67.4%,35.9%,35.1%,73
Florida,Luke Heyman,All,733,130,91.4,105.5,108.8,52.3%,19.6°,19.3°,34.6,11.5%,15,0.303,0.314,0.429,0.438,34.6%,33.1%,23.8%,47.1%,74.1%,84.8%,26.2%,24.6%,93
Maryland,Hollis Porter,All,876,138,93.2,108.2,112.5,57.2%,16.4°,19.3°,47.8,18.1%,25,0.309,0.309,0.429,0.458,28.3%,34.8%,30.4%,51.0%,76.4%,73.2%,33.7%,36.5%,71
Florida International,Brylan West,All,714,143,90.6,104.1,107.4,48.3%,13.3°,13.0°,37.8,4.9%,7,0.339,0.315,0.429,0.426,37.1%,28.0%,31.5%,39.1%,63.8%,88.2%,21.9%,19.7%,89
FOR_MAS,Grant Sawa,All,60,7,87.2,102.9,104.5,42.9%,8.2°,27.4°,42.9,0.0%,0,0.308,0.183,0.429,0.209,57.1%,28.6%,14.3%,48.3%,69.2%,66.7%,32.4%,41.4%,66
Florida Memorial,Raymond Rivera,All,31,8,69.7,96.3,98.3,12.5%,-15.3°,29.6°,37.5,12.5%,1,0.333,0.17,0.429,0.217,50.0%,25.0%,12.5%,51.6%,80.0%,75.0%,38.1%,31.2%,59
Tennessee,Dean Curley,All,1098,182,92.6,107.5,112.4,53.3%,8.0°,9.2°,28.6,7.1%,13,0.315,0.317,0.428,0.437,46.7%,28.0%,23.6%,34.2%,55.7%,87.6%,15.7%,18.1%,97
Missouri State,Max Knight,All,702,93,90.2,106.5,110.2,45.2%,17.5°,20.6°,39.8,9.7%,9,0.288,0.267,0.428,0.414,33.3%,38.7%,24.7%,41.3%,64.8%,78.3%,25.4%,32.1%,102
Holy Cross,John Lafleur,All,315,58,87.3,101.7,106.6,41.4%,13.4°,12.7°,37.9,1.7%,1,0.324,0.293,0.428,0.423,36.2%,24.1%,34.5%,43.5%,68.0%,86.7%,28.0%,20.4%,90
Army,William Parker,All,474,95,87.6,105.7,108.7,37.9%,13.4°,8.1°,30.5,6.3%,6,0.322,0.295,0.428,0.389,44.2%,23.2%,24.2%,44.9%,69.9%,83.8%,28.8%,26.8%,86
Miami (OH),Dillon Baker,All,709,129,87.5,103.8,107.8,34.9%,17.1°,24.3°,38.0,12.4%,16,0.317,0.262,0.428,0.387,30.2%,32.6%,28.7%,46.3%,68.8%,85.9%,29.9%,21.6%,94
TCU,Karson Bowen,All,726,118,91.1,104.3,109.5,50.0%,8.2°,14.2°,44.9,6.8%,8,0.347,0.326,0.428,0.427,44.9%,18.6%,34.7%,37.7%,57.7%,87.8%,21.5%,18.6%,116
Shenandoah,Brody Pickette,All,235,48,86.2,99.7,103.7,31.2%,9.8°,13.3°,43.8,0.0%,0,0.392,0.393,0.428,0.451,43.8%,20.8%,35.4%,45.5%,81.5%,88.0%,22.4%,15.0%,117
Tennessee,Hunter Ensley,All,955,188,89.8,104.0,108.7,46.8%,7.6°,12.0°,34.0,3.2%,6,0.338,0.321,0.428,0.407,49.5%,19.1%,28.2%,45.1%,70.0%,88.2%,26.4%,19.0%,78
Navy,Jack Killelea,All,332,59,87.7,107.4,108.8,47.5%,6.2°,6.2°,25.4,5.1%,3,0.356,0.28,0.428,0.386,47.5%,22.0%,27.1%,44.0%,69.8%,83.5%,25.4%,27.4%,120
Wake Forest,Ryan Preisano,All,178,23,85.2,102.6,104.5,39.1%,15.4°,22.0°,26.1,8.7%,2,0.273,0.238,0.428,0.419,43.5%,30.4%,17.4%,37.6%,61.1%,77.3%,21.7%,31.3%,100
Elon,Ryan Sprock,All,980,187,91.5,105.2,108.6,48.1%,11.2°,15.5°,36.4,9.6%,18,0.322,0.339,0.428,0.464,39.6%,26.2%,28.3%,42.9%,72.7%,87.5%,20.6%,17.4%,124
Campbell,Joey Morton,All,770,126,90.1,106.6,112.3,43.7%,15.4°,14.4°,33.3,10.3%,13,0.299,0.279,0.428,0.405,36.5%,30.2%,27.0%,45.1%,69.2%,85.5%,28.1%,25.9%,109
Merrimack,George Athanasiadis,All,63,7,81.0,92.5,96.9,42.9%,-1.0°,-3.8°,57.1,0.0%,0,0.462,0.335,0.428,0.323,42.9%,0.0%,57.1%,42.9%,52.0%,69.2%,36.8%,40.7%,66
Kentucky,Ryan Schwartz,All,294,41,89.4,103.6,107.8,43.9%,9.7°,13.3°,46.3,7.3%,3,0.322,0.293,0.428,0.402,36.6%,24.4%,31.7%,42.2%,64.4%,82.9%,27.3%,29.8%,88
New Orleans,Collin Husser,All,383,53,93.3,107.9,109.8,50.9%,15.7°,14.1°,32.1,5.7%,3,0.326,0.243,0.428,0.342,32.1%,20.8%,30.2%,42.0%,59.2%,81.0%,28.5%,34.2%,72
USC Upstate,Kai Tullos,All,103,16,81.5,98.0,98.7,18.8%,14.0°,9.2°,43.8,0.0%,0,0.318,0.242,0.428,0.311,43.8%,12.5%,37.5%,36.9%,65.1%,85.7%,16.7%,21.1%,125
Mars Hill,Terick Bumgarner,All,316,70,85.3,98.0,101.6,21.4%,19.5°,20.4°,31.4,2.9%,2,0.31,0.239,0.428,0.312,28.6%,34.3%,22.9%,53.2%,81.4%,82.9%,33.7%,26.2%,78
Western Oregon,Randy Stultz,All,43,6,83.4,96.2,100.7,16.7%,24.2°,23.0°,66.7,0.0%,0,0.3,0.266,0.428,0.34,33.3%,0.0%,50.0%,48.8%,83.3%,86.7%,24.0%,23.8%,54
Chaminade,Alex Greb,All,48,10,80.6,95.5,103.3,10.0%,15.4°,6.4°,10.0,0.0%,0,0.462,0.226,0.428,0.272,30.0%,10.0%,20.0%,58.3%,85.7%,100.0%,37.0%,21.4%,120
Seattle,Royce Hale,All,52,5,89.3,105.8,106.5,40.0%,8.4°,25.7°,60.0,40.0%,2,0.182,0.21,0.427,0.401,40.0%,40.0%,20.0%,46.2%,71.4%,66.7%,29.0%,50.0%,80
Arkansas,Brent Iredale,All,1085,130,92.4,107.6,114.1,54.6%,13.8°,17.2°,43.1,15.4%,20,0.289,0.299,0.427,0.46,33.8%,36.9%,27.7%,36.5%,64.0%,84.6%,18.8%,27.0%,120
East Tennessee State,Lenny Montesano,All,412,69,85.7,103.4,106.3,37.7%,8.0°,17.8°,37.7,4.3%,3,0.32,0.247,0.427,0.317,43.5%,24.6%,29.0%,54.9%,76.2%,78.0%,37.4%,31.4%,89
Illinois-Chicago,Lucas Smith,All,693,125,86.8,101.6,104.7,34.4%,9.0°,11.6°,36.0,2.4%,3,0.336,0.334,0.427,0.435,42.4%,24.0%,29.6%,41.7%,67.1%,90.1%,23.8%,13.8%,95
Binghamton,Freddy Forgione,All,577,103,91.8,105.8,111.5,52.4%,7.5°,7.2°,26.2,5.8%,6,0.331,0.289,0.427,0.382,49.5%,20.4%,20.4%,39.7%,66.5%,90.1%,20.3%,16.6%,109
Elon,Alex Duffey,All,936,142,89.5,105.3,107.7,43.0%,3.5°,7.4°,29.6,3.5%,5,0.342,0.295,0.427,0.391,50.0%,18.3%,26.8%,38.2%,59.4%,81.1%,21.7%,24.6%,99
Eckerd,Dawson Jones,All,33,8,82.0,99.1,100.3,25.0%,12.2°,24.6°,37.5,12.5%,1,0.273,0.23,0.427,0.293,50.0%,25.0%,25.0%,57.6%,64.3%,88.9%,52.6%,26.3%,19
VMI,Cole Raile,All,784,105,91.0,106.5,110.4,44.8%,13.2°,11.7°,33.3,10.5%,11,0.291,0.264,0.427,0.389,41.9%,23.8%,26.7%,36.1%,62.7%,84.0%,15.9%,25.8%,114
West Alabama,Nick Wilson,All,57,7,84.0,93.4,95.4,14.3%,14.0°,35.2°,57.1,0.0%,0,0.364,0.258,0.427,0.314,42.9%,28.6%,28.6%,36.8%,76.5%,84.6%,20.0%,14.3%,97
UMBC,Derek Paris,All,310,50,82.3,96.8,101.0,16.0%,13.2°,18.9°,38.0,2.0%,1,0.333,0.271,0.427,0.357,40.0%,22.0%,30.0%,44.8%,66.2%,86.4%,28.8%,14.4%,106
UC Davis,Ryan Lee,All,288,49,84.2,99.0,102.9,28.6%,12.7°,13.8°,53.1,2.0%,1,0.385,0.323,0.427,0.38,32.7%,14.3%,49.0%,49.3%,76.1%,86.7%,33.0%,26.1%,84
VMI,Boston Torres,All,784,122,89.9,103.7,108.1,43.4%,6.6°,10.8°,39.3,6.6%,8,0.317,0.33,0.427,0.447,45.1%,21.3%,32.0%,34.4%,59.2%,90.1%,15.3%,13.7%,122
Stephen F. Austin,Benjamin Hoshizaki,All,66,16,79.0,89.7,91.2,6.2%,-4.7°,-0.8°,25.0,0.0%,0,0.389,0.262,0.427,0.256,68.8%,6.2%,25.0%,47.0%,71.4%,96.0%,19.4%,6.5%,131
Mississippi State,Joe Powell,All,450,67,93.0,103.7,104.8,55.2%,14.3°,14.2°,47.8,7.5%,5,0.296,0.278,0.427,0.414,31.3%,28.4%,32.8%,40.7%,60.6%,80.0%,25.0%,33.9%,86
FGCU,Jake McKee,All,410,75,84.6,102.1,104.7,36.0%,5.5°,8.5°,32.0,1.3%,1,0.341,0.295,0.427,0.374,53.3%,22.7%,24.0%,36.1%,58.7%,86.1%,15.4%,18.9%,104
Michigan State,Christian Williams,All,55,7,93.9,102.7,103.7,57.1%,21.8°,19.9°,42.9,0.0%,0,0.333,0.231,0.427,0.322,14.3%,14.3%,42.9%,27.3%,50.0%,62.5%,17.9%,46.7%,158
Wake Forest,Luke Costello,All,557,83,95.6,107.1,111.2,57.8%,12.7°,15.1°,43.4,19.3%,16,0.296,0.326,0.427,0.476,33.7%,34.9%,25.3%,36.4%,60.0%,79.4%,13.5%,24.1%,107
Kentucky,Cole Hage,All,922,161,90.3,107.0,116.1,52.8%,14.1°,16.6°,36.0,12.4%,20,0.318,0.328,0.427,0.466,39.1%,29.8%,24.2%,48.2%,78.5%,78.7%,25.4%,25.7%,121
Saint Mary's (CA),Aiden Taurek,All,818,175,89.9,104.3,111.5,40.6%,14.8°,13.5°,39.4,6.9%,12,0.33,0.33,0.427,0.424,35.4%,29.7%,31.4%,46.1%,79.6%,90.8%,23.5%,14.6%,117
San Jose State,Jeriah Lewis,All,357,52,86.6,102.8,106.3,42.3%,18.6°,18.5°,36.5,3.8%,2,0.275,0.243,0.427,0.376,34.6%,26.9%,30.8%,45.7%,68.0%,83.9%,33.2%,30.1%,69
Hawaii,Draven Nushida,All,72,12,80.5,99.6,100.5,25.0%,6.3°,10.7°,33.3,8.3%,1,0.375,0.284,0.427,0.357,58.3%,16.7%,25.0%,36.1%,66.7%,93.8%,20.8%,23.1%,119
Trevecca Nazarene,Luke Dymond,All,115,12,80.8,99.1,99.6,25.0%,11.5°,25.6°,25.0,0.0%,0,0.278,0.146,0.427,0.294,33.3%,50.0%,16.7%,36.5%,70.3%,76.9%,20.5%,23.8%,109
Cal Poly,Zach Daudet,All,785,141,89.5,103.2,106.5,46.1%,13.8°,12.3°,34.8,6.4%,9,0.337,0.304,0.427,0.412,40.4%,29.8%,25.5%,36.8%,63.0%,89.2%,17.0%,16.3%,118
Longwood,Mikey Urbaniak,All,670,81,87.7,101.7,104.5,37.0%,6.4°,11.5°,33.3,1.2%,1,0.31,0.278,0.427,0.388,50.6%,19.8%,25.9%,34.9%,62.9%,82.8%,14.1%,23.1%,132
Baylor,Travis Sanders,All,728,101,91.3,106.9,111.5,49.5%,10.2°,13.8°,38.6,11.9%,12,0.342,0.289,0.426,0.413,42.6%,28.7%,27.7%,42.0%,66.2%,76.2%,21.2%,32.7%,97
University of Montevallo,Luke Mitchell,All,99,23,87.3,97.4,104.5,21.7%,23.3°,21.8°,30.4,0.0%,0,0.308,0.259,0.426,0.332,21.7%,52.2%,21.7%,49.5%,74.0%,89.2%,24.5%,12.2%,126
Eastern Michigan,Logan Hugo,All,463,86,88.2,106.8,110.6,44.2%,10.5°,10.1°,37.2,8.1%,7,0.324,0.33,0.426,0.441,37.2%,30.2%,29.1%,37.1%,56.2%,84.1%,22.5%,26.2%,92
Centre,Chase Austin,All,267,42,83.0,98.2,100.8,21.4%,17.1°,20.1°,42.9,4.8%,2,0.327,0.263,0.426,0.365,42.9%,35.7%,16.7%,40.4%,70.2%,89.4%,24.3%,19.4%,128
Tufts,AJ Lysko,All,195,29,81.3,95.6,99.3,17.2%,19.5°,14.0°,34.5,0.0%,0,0.29,0.231,0.426,0.38,17.2%,27.6%,31.0%,39.0%,76.3%,84.5%,15.1%,19.7%,136
Illinois Wesleyan,Jack Flagg,All,108,24,81.2,103.3,103.9,25.0%,7.4°,15.3°,33.3,0.0%,0,0.385,0.257,0.426,0.298,54.2%,25.0%,20.8%,50.9%,78.0%,94.9%,27.6%,10.9%,114
North Carolina,Hunter Stokely,All,955,175,93.1,108.2,112.4,59.4%,9.4°,12.1°,36.0,12.0%,21,0.33,0.345,0.426,0.456,46.3%,26.3%,25.1%,49.6%,76.3%,81.9%,31.1%,31.4%,73
East Carolina,Dixon Williams,All,934,145,89.4,104.0,110.2,44.8%,17.1°,16.2°,35.9,9.7%,14,0.303,0.295,0.426,0.431,33.8%,34.5%,26.9%,42.3%,69.8%,83.8%,22.7%,25.3%,122
Emory & Henry,Jacob Bebber,All,187,39,86.8,97.8,100.8,35.9%,11.4°,12.2°,51.3,0.0%,0,0.37,0.311,0.426,0.373,33.3%,25.6%,38.5%,40.6%,64.6%,92.2%,23.1%,19.7%,121
UMass,Jack Beverly,All,226,28,84.4,98.6,103.0,35.7%,21.0°,19.8°,50.0,3.6%,1,0.256,0.258,0.426,0.398,21.4%,46.4%,32.1%,38.5%,60.9%,67.9%,24.5%,37.9%,110
California,Alex Birge,All,775,80,92.8,107.2,109.5,56.2%,24.0°,25.8°,41.2,16.2%,13,0.225,0.249,0.426,0.445,22.5%,40.0%,23.8%,37.5%,59.3%,78.0%,22.1%,30.6%,104
Duke,Wallace Clark,All,1106,174,89.3,101.7,106.2,41.4%,18.1°,17.3°,38.5,5.7%,10,0.31,0.295,0.426,0.434,33.3%,20.7%,28.7%,37.9%,64.5%,90.3%,17.5%,14.3%,133
Georgia Southwestern,Kaleb Henry,All,174,25,81.3,99.2,103.7,24.0%,13.7°,18.7°,48.0,4.0%,1,0.333,0.235,0.426,0.375,36.0%,32.0%,32.0%,39.7%,66.7%,82.7%,17.7%,24.6%,119
Ohio State,Trey Lipsey,All,890,136,85.4,101.7,109.1,39.7%,9.4°,15.4°,33.1,2.9%,4,0.302,0.271,0.426,0.395,45.6%,22.8%,25.0%,34.0%,57.7%,91.4%,14.5%,16.5%,124
Hawaii,Ben Zeigler-Namoa,All,222,47,91.1,107.7,110.6,53.2%,11.9°,15.9°,29.8,12.8%,6,0.306,0.293,0.426,0.432,38.3%,31.9%,23.4%,50.0%,70.6%,76.6%,30.1%,33.3%,64
Middle Tennessee,Kenny McKinley,All,176,25,86.4,108.4,110.2,48.0%,7.5°,17.1°,40.0,8.0%,2,0.27,0.253,0.426,0.381,40.0%,20.0%,32.0%,48.9%,72.2%,86.0%,29.9%,25.6%,93
Western Michigan,Lucas Rick,All,221,45,84.6,101.1,109.3,26.7%,16.3°,13.9°,35.6,4.4%,2,0.327,0.28,0.426,0.352,40.0%,31.1%,26.7%,44.3%,64.8%,86.4%,30.0%,22.4%,48
Fordham,Daniel Bucciero,All,750,141,92.8,105.9,110.8,52.5%,12.1°,14.7°,39.7,12.8%,18,0.339,0.364,0.425,0.481,38.3%,22.0%,34.0%,39.1%,61.9%,88.3%,21.0%,17.1%,111
UC Irvine,Alonso Reyes,All,327,41,88.9,100.1,101.5,39.0%,12.3°,15.0°,31.7,4.9%,2,0.3,0.267,0.425,0.381,48.8%,26.8%,19.5%,32.1%,53.7%,83.8%,14.0%,23.8%,110
Oklahoma,Drew Dickerson,All,382,39,95.9,109.5,111.0,59.0%,14.3°,11.5°,48.7,20.5%,8,0.293,0.235,0.425,0.391,38.5%,28.2%,28.2%,39.0%,62.3%,74.3%,21.8%,37.6%,87
Texas,Adrian Rodriguez,All,685,113,89.3,103.7,111.9,43.4%,13.9°,17.0°,39.8,9.7%,11,0.324,0.303,0.425,0.425,35.4%,25.7%,29.2%,42.2%,64.6%,88.9%,23.9%,21.1%,84
Mars Hill,Max Lalime,All,227,38,84.3,101.0,103.8,31.6%,16.7°,13.3°,31.6,5.3%,2,0.269,0.217,0.425,0.335,36.8%,26.3%,23.7%,40.5%,64.8%,82.5%,25.2%,29.3%,114
Young Harris,Jeovanni Hernandez,All,134,27,79.4,100.3,104.1,22.2%,14.3°,20.4°,29.6,0.0%,0,0.355,0.234,0.425,0.346,37.0%,25.9%,25.9%,39.6%,68.8%,97.0%,23.3%,15.1%,113
UL Monroe,Isaiah Walker,All,621,113,90.0,104.6,107.8,42.5%,4.1°,13.4°,38.1,8.8%,10,0.34,0.331,0.425,0.423,46.9%,15.0%,31.0%,44.3%,68.1%,89.6%,24.5%,18.9%,111
Belmont,Pete Daniel,All,584,122,87.5,101.6,105.5,33.6%,8.4°,9.0°,36.1,2.5%,3,0.36,0.296,0.425,0.36,49.2%,20.5%,27.9%,47.3%,71.5%,86.2%,28.7%,19.9%,73
Grand Canyon,Eddy Pelc,All,447,67,91.5,104.1,107.1,46.3%,14.1°,9.1°,32.8,7.5%,5,0.31,0.264,0.425,0.385,38.8%,25.4%,23.9%,36.2%,55.8%,92.7%,20.8%,14.2%,103
Embry-Riddle,Robert Post,All,40,7,73.5,100.9,103.3,14.3%,-6.7°,6.0°,14.3,0.0%,0,0.375,0.354,0.425,0.422,71.4%,14.3%,14.3%,37.5%,71.4%,60.0%,19.2%,26.7%,160
Cincinnati,Jackson Natili,All,830,123,93.4,107.6,111.7,50.4%,8.6°,13.2°,39.0,13.0%,16,0.329,0.314,0.425,0.439,44.7%,20.3%,29.3%,44.6%,74.8%,77.4%,22.7%,29.5%,115
Duke,AJ Gracia,All,1111,174,90.5,105.8,109.3,47.1%,18.3°,15.1°,40.2,10.3%,18,0.293,0.338,0.425,0.481,30.5%,23.6%,29.3%,37.5%,61.8%,88.1%,16.5%,14.4%,107
Wake Forest,Jack Winnay,All,1010,166,89.6,104.0,108.9,44.6%,18.5°,19.2°,34.9,6.0%,10,0.293,0.292,0.425,0.412,30.7%,29.5%,27.7%,38.5%,63.1%,88.4%,18.8%,19.3%,124
Portland,Riley McCarthy,All,194,24,91.5,108.8,110.6,41.7%,2.2°,10.1°,29.2,16.7%,4,0.3,0.269,0.425,0.372,58.3%,8.3%,33.3%,34.0%,47.4%,86.5%,25.0%,27.3%,85
Pittsburgh,Luke Cantwell,All,853,137,88.9,105.9,109.0,40.9%,7.3°,12.3°,35.0,5.8%,8,0.315,0.292,0.425,0.423,45.3%,24.8%,27.0%,36.0%,59.2%,91.5%,19.1%,19.2%,124
San Francisco,TJ Rogers,All,770,119,87.7,102.4,107.3,36.1%,15.5°,14.9°,38.7,7.6%,9,0.329,0.285,0.425,0.389,36.1%,26.9%,32.8%,45.5%,75.4%,85.6%,24.9%,21.7%,129
MIT,Malachi Soqui,All,59,9,88.3,103.6,106.3,33.3%,11.3°,11.0°,55.6,0.0%,0,0.308,0.312,0.425,0.368,22.2%,22.2%,55.6%,35.6%,61.5%,93.8%,15.2%,14.3%,84
Louisiana,Luke Yuhasz,All,409,82,91.0,108.5,110.8,53.7%,11.7°,9.8°,32.9,8.5%,7,0.318,0.292,0.425,0.398,39.0%,34.1%,25.6%,52.6%,79.0%,80.4%,31.6%,29.8%,51
Lipscomb,Ryan Austin,All,304,30,91.8,106.4,109.0,50.0%,9.7°,16.6°,50.0,13.3%,4,0.259,0.23,0.425,0.402,40.0%,30.0%,26.7%,33.6%,56.8%,64.2%,18.8%,44.1%,94
Ave Maria,Jesus Gonzalez,All,265,42,88.8,108.0,109.4,42.9%,10.8°,15.4°,40.5,9.5%,4,0.309,0.283,0.425,0.401,38.1%,23.8%,28.6%,44.2%,72.2%,77.1%,22.7%,32.5%,108
USC Upstate,Cayden Wotipka,All,212,33,84.8,100.9,103.3,33.3%,17.4°,17.9°,39.4,3.0%,1,0.326,0.241,0.425,0.335,36.4%,36.4%,24.2%,43.4%,65.9%,73.2%,28.3%,35.9%,82
Lewis & Clark,Bret Potter,All,113,12,91.7,104.9,108.6,50.0%,-0.4°,-1.2°,41.7,0.0%,0,0.333,0.313,0.425,0.44,58.3%,8.3%,25.0%,33.6%,69.2%,74.1%,14.9%,34.2%,131
California Baptist,Bubba Rocha,All,634,86,92.4,103.3,106.8,54.7%,1.7°,4.4°,29.1,3.5%,3,0.356,0.282,0.425,0.389,57.0%,16.3%,20.9%,41.0%,72.8%,81.1%,16.5%,21.9%,135
Butler,Connor Sackett,All,271,38,84.0,99.2,102.2,23.7%,6.3°,14.1°,23.7,0.0%,0,0.353,0.211,0.424,0.324,55.3%,23.7%,18.4%,41.7%,65.2%,82.7%,24.4%,25.7%,104
LSU,Daniel Dickinson,All,1149,173,88.2,102.7,110.2,36.4%,16.2°,12.0°,28.9,4.0%,7,0.317,0.249,0.424,0.36,36.4%,23.1%,21.4%,39.0%,57.8%,85.8%,23.9%,19.2%,103
North Greenville,Tristan Salinas,All,127,23,91.0,100.8,101.8,30.4%,16.6°,11.8°,34.8,8.7%,2,0.296,0.288,0.424,0.38,39.1%,26.1%,21.7%,37.8%,64.8%,88.6%,17.8%,12.5%,83
Army,Jack Quinlan,All,484,82,86.7,102.7,108.6,36.6%,9.6°,15.1°,37.8,8.5%,7,0.33,0.281,0.424,0.386,39.0%,23.2%,29.3%,45.0%,67.1%,81.4%,27.2%,27.1%,101
Indiana,Korbyn Dickerson,All,883,174,93.3,110.7,116.8,56.9%,9.2°,13.1°,29.9,14.9%,26,0.312,0.309,0.424,0.426,43.7%,24.7%,24.7%,47.9%,72.8%,83.1%,28.9%,24.6%,92
Georgia,Christian Adams,All,448,65,91.6,105.2,110.2,47.7%,11.8°,15.2°,24.6,9.2%,6,0.295,0.254,0.424,0.375,44.6%,24.6%,26.2%,40.2%,61.5%,80.5%,21.7%,25.0%,101
Samford,Matthew Strand,All,245,57,89.3,105.4,111.3,43.9%,1.8°,3.8°,33.3,5.3%,3,0.344,0.346,0.424,0.416,49.1%,14.0%,31.6%,47.3%,66.7%,93.6%,29.7%,12.1%,66
Western Carolina,Jack Spyke,All,747,121,90.7,102.1,107.8,45.5%,11.1°,13.0°,41.3,4.1%,5,0.333,0.309,0.424,0.414,38.0%,24.0%,33.1%,36.8%,63.2%,91.0%,17.6%,16.0%,111
South Carolina,Ethan Petry,All,641,115,95.1,111.4,113.4,56.5%,15.4°,16.7°,32.2,13.9%,16,0.31,0.35,0.424,0.499,33.9%,33.9%,27.0%,47.6%,73.5%,85.1%,29.4%,26.6%,63
Lincoln Memorial,Archer Wong-Shasteen,All,146,33,80.5,92.7,94.7,0.0%,7.1°,-,51.5,0.0%,0,0.417,0.342,0.424,0.376,39.4%,18.2%,36.4%,50.0%,77.0%,96.5%,22.2%,9.6%,122
Tennessee Wesleyan,Nick Collins,All,28,5,87.2,104.7,104.7,40.0%,-11.7°,9.9°,20.0,20.0%,1,0.286,0.261,0.424,0.321,80.0%,0.0%,20.0%,42.9%,75.0%,88.9%,18.8%,16.7%,118
Michigan State,Sam Busch,All,808,146,87.9,105.1,111.1,32.2%,25.6°,18.8°,33.6,10.3%,15,0.301,0.271,0.424,0.389,24.0%,40.4%,23.3%,43.2%,66.1%,88.4%,26.7%,18.1%,100
Old Dominion,Kainen Jorge,All,558,66,92.2,108.9,110.8,53.0%,15.0°,17.7°,51.5,13.6%,9,0.3,0.277,0.424,0.407,27.3%,24.2%,42.4%,40.3%,67.3%,72.3%,22.8%,36.0%,91
Minnesota,Drew Berkland,All,693,117,90.0,104.8,109.0,41.9%,15.7°,18.3°,41.0,8.5%,10,0.313,0.313,0.424,0.434,30.8%,32.5%,31.6%,42.3%,65.9%,78.7%,22.7%,25.3%,97
Troy,Brooks Bryan,All,861,125,92.0,108.5,114.8,48.0%,17.1°,17.0°,32.8,13.6%,17,0.289,0.274,0.424,0.418,33.6%,36.8%,25.6%,46.3%,67.2%,79.8%,30.7%,27.6%,77
UCF,DeAmez Ross,All,780,160,87.3,99.8,106.6,26.2%,4.7°,4.8°,36.2,0.0%,0,0.387,0.325,0.424,0.372,51.9%,13.8%,29.4%,43.2%,67.8%,91.4%,24.0%,11.6%,107
Charleston Southern,Lew Rice,All,448,70,82.3,101.3,104.2,25.7%,4.6°,13.0°,34.3,5.7%,4,0.283,0.272,0.424,0.42,52.9%,18.6%,24.3%,34.8%,59.0%,89.5%,18.9%,16.0%,83
Southern Indiana,Kannon Coakley,All,306,51,87.4,99.9,103.7,19.6%,12.5°,9.4°,35.3,0.0%,0,0.361,0.302,0.424,0.373,43.1%,13.7%,35.3%,39.9%,70.8%,84.7%,19.9%,23.8%,126
UCF,Antonio Jimenez,All,689,118,93.0,108.0,110.5,51.7%,17.8°,13.0°,39.8,10.2%,12,0.327,0.289,0.424,0.427,33.9%,25.4%,28.0%,42.1%,63.4%,90.7%,25.1%,20.3%,88
Biola,James Whitman,All,31,6,99.0,109.1,109.5,66.7%,11.2°,11.8°,33.3,33.3%,2,0.286,0.45,0.424,0.637,33.3%,33.3%,33.3%,54.8%,83.3%,90.0%,36.8%,17.6%,91
North Alabama,Nash Rippen,All,177,21,95.4,107.0,110.8,66.7%,14.1°,16.5°,28.6,19.0%,4,0.273,0.249,0.424,0.407,38.1%,33.3%,19.0%,44.6%,62.5%,64.0%,29.9%,53.2%,61
Tarleton State,Rayner Heinrich,All,339,59,90.7,101.1,107.6,44.1%,6.6°,3.9°,37.3,3.4%,2,0.32,0.288,0.424,0.367,49.2%,18.6%,28.8%,38.3%,54.9%,91.8%,27.7%,20.0%,112
SUNY Cortland,Marc Stockhausen,All,32,6,80.9,97.1,98.3,33.3%,19.7°,11.1°,16.7,0.0%,0,0.286,0.179,0.424,0.231,33.3%,66.7%,0.0%,50.0%,73.3%,90.9%,29.4%,18.8%,124
Wake Forest,Dalton Wentz,All,986,146,89.6,106.5,113.6,43.8%,13.3°,15.6°,40.4,11.6%,17,0.317,0.28,0.423,0.394,37.7%,28.1%,29.5%,41.9%,63.6%,81.5%,23.7%,27.8%,94
Omaha,Chipper Beck,All,199,33,85.8,102.4,104.1,33.3%,14.7°,18.7°,39.4,6.1%,2,0.333,0.3,0.423,0.427,27.3%,33.3%,33.3%,45.2%,65.6%,80.3%,27.4%,25.6%,90
Louisiana Tech,Zeb Ruddell,All,616,81,88.0,106.3,109.1,38.3%,11.8°,10.1°,33.3,8.6%,7,0.278,0.247,0.423,0.382,44.4%,27.2%,22.2%,39.4%,64.9%,79.3%,19.8%,27.2%,115
Mount St. Mary's,Ty Fredo,All,459,88,86.8,102.1,105.2,34.1%,16.6°,18.2°,40.9,1.1%,1,0.343,0.33,0.423,0.407,29.5%,28.4%,31.8%,42.5%,69.6%,84.5%,20.8%,20.0%,110
Penn State,Cole Wagner,All,492,81,87.6,105.1,108.6,40.7%,18.6°,18.2°,45.7,7.4%,6,0.317,0.291,0.423,0.413,27.2%,32.1%,33.3%,41.9%,69.6%,82.4%,22.2%,23.8%,117
Duke,Jake Hyde,All,1025,152,91.9,105.7,109.4,50.0%,16.1°,17.4°,36.2,8.6%,13,0.298,0.268,0.423,0.403,30.3%,27.0%,26.3%,41.6%,69.1%,84.1%,22.6%,26.5%,108
Arkansas,Charles Davalan,All,1062,215,88.7,104.6,110.5,45.1%,6.6°,11.5°,35.8,5.6%,12,0.329,0.336,0.423,0.44,45.1%,21.9%,28.4%,38.2%,60.3%,94.8%,20.1%,11.3%,101
CLA_CLA,Nate Seluga,All,129,18,84.9,97.9,98.7,16.7%,18.0°,16.8°,33.3,0.0%,0,0.269,0.251,0.423,0.425,33.3%,38.9%,22.2%,35.7%,69.8%,80.0%,18.6%,28.3%,140
UTSA,Andrew Detlefsen,All,905,159,93.6,108.7,113.3,53.5%,4.9°,8.8°,33.3,12.6%,20,0.312,0.331,0.423,0.455,52.8%,20.8%,22.6%,44.0%,70.4%,85.8%,24.0%,26.6%,101
California Baptist,Andrew Walters,All,666,96,86.3,98.7,101.3,25.0%,18.3°,23.1°,38.5,3.1%,3,0.308,0.224,0.423,0.329,27.1%,36.5%,30.2%,45.6%,74.9%,81.7%,22.9%,28.6%,116
Georgia Southwestern,David Hernandez,All,304,78,86.9,100.6,103.3,30.8%,10.6°,15.7°,48.7,2.6%,2,0.378,0.362,0.423,0.434,37.2%,23.1%,37.2%,53.3%,80.0%,86.5%,35.9%,19.1%,87
NC State,Josh Hogue,All,805,176,92.1,105.9,112.8,53.4%,15.2°,14.3°,38.6,8.5%,15,0.335,0.336,0.423,0.438,34.1%,30.7%,30.1%,50.3%,73.2%,82.6%,31.6%,26.9%,81
Charlotte,Cody Gunderson,All,739,99,89.7,103.5,108.8,46.5%,14.0°,16.4°,41.4,11.1%,11,0.319,0.289,0.423,0.418,38.4%,26.3%,31.3%,42.2%,69.1%,82.2%,23.7%,27.6%,112
Akron,Blake Bowen,All,559,72,89.2,100.4,102.5,33.3%,12.4°,19.7°,38.9,6.9%,5,0.31,0.265,0.423,0.397,37.5%,22.2%,30.6%,32.6%,56.3%,79.7%,12.8%,24.2%,113
Westmont,Jesse DiMaggio,All,226,57,86.0,103.6,113.3,31.6%,11.7°,9.2°,26.3,7.0%,4,0.328,0.284,0.423,0.351,42.1%,22.8%,19.3%,55.8%,75.6%,92.3%,43.6%,23.0%,24
Northern Illinois,Logan Gregorio,All,619,123,87.8,107.1,111.5,52.0%,10.5°,17.3°,35.0,13.8%,17,0.288,0.315,0.423,0.464,41.5%,30.9%,22.8%,41.8%,67.5%,87.8%,25.3%,19.7%,105
Southwestern (TX),Liam Stonestreet,All,64,8,84.9,96.7,96.9,50.0%,10.2°,5.2°,12.5,0.0%,0,0.364,0.226,0.422,0.338,62.5%,25.0%,12.5%,37.5%,66.7%,75.0%,20.0%,25.0%,120
Santa Clara,Luke DeVine,All,468,66,87.4,105.1,109.9,31.8%,11.2°,18.8°,39.4,10.6%,7,0.284,0.213,0.422,0.312,39.4%,28.8%,25.8%,45.3%,67.9%,85.5%,29.5%,28.8%,66
NC State,Chris McHugh,All,799,149,92.0,108.6,113.1,53.0%,7.2°,5.8°,30.9,8.1%,12,0.362,0.333,0.422,0.423,53.0%,20.8%,22.1%,41.6%,62.8%,86.1%,25.5%,23.5%,87
Southern Illinois,Jordan Bach,All,221,38,83.9,105.0,105.7,26.3%,14.6°,16.9°,28.9,10.5%,4,0.256,0.267,0.422,0.427,42.1%,36.8%,18.4%,35.7%,56.2%,90.0%,22.0%,19.0%,127
Xavier,Nolan Tucker,All,691,117,85.7,100.1,104.1,33.3%,9.1°,10.0°,41.0,1.7%,2,0.365,0.306,0.422,0.368,43.6%,19.7%,35.0%,50.1%,76.8%,89.4%,28.8%,21.4%,109
Auburn,Eric Guevara,All,453,80,89.6,105.4,108.4,46.2%,3.7°,4.2°,31.2,7.5%,6,0.349,0.277,0.422,0.356,52.5%,15.0%,26.2%,45.0%,65.0%,87.7%,29.2%,23.5%,73
Point Loma,Darren Cho,All,35,10,88.1,101.2,101.6,30.0%,0.1°,13.0°,30.0,0.0%,0,0.455,0.36,0.422,0.366,60.0%,10.0%,30.0%,57.1%,68.8%,100.0%,47.4%,15.0%,68
Northwestern,Ryan Kucherak,All,733,131,94.7,107.6,110.4,58.8%,18.8°,15.9°,34.4,17.6%,23,0.283,0.305,0.422,0.437,35.9%,29.0%,23.7%,42.4%,66.1%,85.0%,22.8%,26.0%,105
Dayton,Rylan Lujo,All,519,116,88.6,102.3,108.7,37.9%,11.0°,11.4°,36.2,0.9%,1,0.368,0.313,0.422,0.388,43.1%,27.6%,26.7%,47.4%,71.6%,91.3%,28.9%,14.2%,88
Miami,Derek Williams,All,530,100,92.7,104.0,108.2,51.0%,14.2°,15.0°,36.0,12.0%,12,0.315,0.295,0.422,0.426,39.0%,32.0%,23.0%,47.0%,74.0%,87.7%,26.1%,24.9%,106
East Tennessee State,Tristan Curless,All,680,109,90.1,103.7,110.0,47.7%,14.6°,17.7°,44.0,11.9%,13,0.301,0.317,0.422,0.453,34.9%,33.0%,25.7%,42.5%,66.1%,82.4%,23.7%,28.4%,114
South Alabama,Robert Miranda,All,75,14,88.6,98.7,100.4,28.6%,-1.6°,-16.1°,42.9,7.1%,1,0.353,0.236,0.422,0.331,57.1%,28.6%,14.3%,57.3%,85.2%,73.9%,41.7%,39.5%,31
SIUE,Mackenzie Mitchell,All,243,34,95.1,106.1,107.9,50.0%,13.7°,17.5°,38.2,17.6%,6,0.308,0.283,0.422,0.465,29.4%,26.5%,26.5%,42.0%,63.6%,78.0%,17.5%,25.5%,107
Wingate,Jake Courville,All,114,16,80.8,94.0,97.5,6.2%,9.7°,16.6°,56.2,0.0%,0,0.333,0.279,0.422,0.381,25.0%,6.2%,62.5%,35.1%,52.4%,86.4%,25.0%,17.5%,77
West Alabama,Joe Watkins,All,58,7,79.4,88.2,88.2,28.6%,-3.3°,-1.8°,0.0,0.0%,0,0.4,0.162,0.422,0.27,85.7%,14.3%,0.0%,39.7%,84.2%,81.2%,17.9%,21.7%,153
Northwestern State,Bryce Johnson,All,68,11,88.3,103.8,104.8,63.6%,19.5°,24.8°,36.4,9.1%,1,0.312,0.261,0.422,0.416,27.3%,45.5%,27.3%,54.4%,71.4%,72.0%,36.4%,40.5%,113
Tennessee Tech,Jorsixt Jimenez,All,218,41,90.1,105.7,112.4,48.8%,12.1°,15.3°,53.7,9.8%,4,0.347,0.363,0.422,0.474,36.6%,14.6%,46.3%,51.4%,81.2%,84.6%,27.9%,23.2%,106
Incarnate Word,Kegan Magee,All,66,18,76.8,95.2,98.6,5.6%,1.8°,21.1°,27.8,0.0%,0,0.4,0.277,0.422,0.367,50.0%,22.2%,22.2%,45.5%,67.6%,100.0%,21.9%,10.0%,52
Florida International,Enrique Alvarez,All,65,6,92.4,100.5,102.1,50.0%,22.6°,19.4°,33.3,33.3%,2,0.222,0.196,0.422,0.428,33.3%,66.7%,0.0%,40.0%,57.7%,80.0%,28.2%,34.6%,72
Charlotte,Dawson Bryce,All,850,154,92.7,106.1,108.8,56.5%,3.4°,9.3°,31.8,10.4%,16,0.337,0.314,0.421,0.407,52.6%,16.2%,25.3%,54.6%,74.5%,84.7%,39.3%,27.2%,53
Penn State,Jack Porter,All,646,121,90.1,103.2,107.2,45.5%,16.7°,16.8°,26.4,9.9%,12,0.316,0.275,0.421,0.379,39.7%,36.4%,19.0%,42.9%,70.4%,84.1%,19.9%,22.4%,108
TCU,Noah Franco,All,869,142,92.3,107.4,112.2,55.6%,4.8°,10.4°,30.3,7.7%,11,0.327,0.296,0.421,0.396,51.4%,25.4%,21.8%,47.5%,68.8%,79.1%,32.3%,30.5%,78
Millersville,Jeff Sabater,All,252,41,82.7,96.4,98.9,17.1%,3.4°,11.4°,39.0,0.0%,0,0.34,0.318,0.421,0.427,51.2%,12.2%,36.6%,38.9%,64.9%,97.2%,18.4%,5.1%,139
Binghamton,Devan Bade,All,664,107,90.2,99.8,103.5,43.0%,17.2°,17.2°,31.8,1.9%,2,0.307,0.242,0.421,0.35,35.5%,36.4%,20.6%,44.4%,70.9%,81.0%,25.7%,24.7%,105
George Washington,Sam Gates,All,814,117,89.1,104.3,107.1,47.0%,13.8°,12.3°,29.9,6.0%,7,0.331,0.276,0.421,0.381,40.2%,29.9%,25.6%,41.0%,66.3%,86.3%,18.2%,18.3%,104
Bellarmine,Christian Kiper,All,171,32,85.4,101.8,104.4,37.5%,11.4°,15.5°,40.6,3.1%,1,0.333,0.309,0.421,0.407,37.5%,18.8%,37.5%,39.2%,55.1%,89.5%,28.4%,29.9%,117
Columbia,Anton Lazits,All,931,140,90.5,106.3,110.9,45.0%,19.9°,17.6°,41.4,15.0%,21,0.284,0.292,0.421,0.444,27.9%,37.9%,27.9%,43.2%,63.3%,85.3%,28.9%,21.1%,85
Portland,Tyler Howard,All,256,48,89.8,101.6,104.6,43.8%,8.8°,5.6°,31.2,0.0%,0,0.389,0.314,0.421,0.384,52.1%,20.8%,27.1%,35.2%,62.9%,98.6%,12.1%,6.7%,144
Morehead State,Hayden Robbins,All,231,43,88.2,100.9,102.9,39.5%,11.4°,15.2°,48.8,2.3%,1,0.377,0.34,0.421,0.434,32.6%,20.9%,44.2%,43.7%,73.0%,78.1%,21.4%,21.8%,109
Miami (OH),Anthony Zarlingo,All,840,127,87.2,100.3,106.0,35.4%,12.0°,9.8°,36.2,0.0%,0,0.329,0.265,0.421,0.368,37.0%,26.0%,30.7%,34.9%,58.0%,89.3%,15.2%,14.0%,120
Wake Forest,Cameron Nelson,All,349,50,90.9,102.6,105.6,46.0%,16.6°,11.8°,42.0,6.0%,3,0.306,0.324,0.421,0.447,34.0%,24.0%,36.0%,28.9%,46.9%,86.7%,10.5%,16.8%,90
Baylor,Wesley Jordan,All,803,145,92.1,109.2,113.1,54.5%,11.7°,14.5°,32.4,13.1%,19,0.306,0.333,0.421,0.46,44.1%,26.2%,24.8%,48.1%,77.1%,87.5%,25.3%,23.3%,110
Duke,Ben Miller,All,1060,179,90.5,106.1,109.2,46.9%,13.5°,14.5°,30.7,14.0%,25,0.307,0.287,0.421,0.417,40.2%,21.8%,19.0%,49.2%,79.1%,79.7%,28.4%,29.9%,108
Monmouth,Casey Caufield,All,508,104,84.6,96.6,101.1,17.3%,8.6°,5.6°,41.3,0.0%,0,0.36,0.336,0.421,0.383,39.4%,26.0%,32.7%,35.2%,61.1%,93.7%,13.1%,6.1%,110
Saint Joseph's,Owen Petrich,All,290,62,89.7,105.9,108.7,48.4%,9.2°,8.4°,29.0,6.5%,4,0.333,0.327,0.421,0.43,48.4%,32.3%,16.1%,42.4%,66.9%,92.8%,24.1%,20.3%,101
Iona,Matt Wessels,All,98,22,92.3,101.3,103.0,45.5%,9.0°,10.4°,36.4,9.1%,2,0.407,0.289,0.421,0.379,36.4%,31.8%,27.3%,51.0%,77.3%,91.2%,29.6%,26.0%,91
Eastern Michigan,Devan Zirwas,All,493,83,89.5,104.5,106.7,34.9%,6.1°,9.4°,26.5,4.8%,4,0.321,0.268,0.421,0.368,51.8%,21.7%,21.7%,37.3%,58.0%,85.5%,19.9%,22.3%,97
Wright State,Cameron Gilkerson,All,660,109,87.1,109.6,115.4,38.5%,-4.6°,8.4°,26.6,11.0%,12,0.317,0.279,0.421,0.384,59.6%,17.4%,18.3%,44.4%,66.8%,87.3%,27.6%,22.5%,82
Wagner,Xavier Ulrich,All,103,18,89.0,98.6,102.4,44.4%,12.6°,16.7°,44.4,0.0%,0,0.263,0.319,0.421,0.462,33.3%,27.8%,38.9%,35.0%,63.8%,86.7%,10.7%,16.7%,142
Mount Olive,Kayden Crawford,All,287,61,80.1,95.6,100.4,11.5%,9.2°,4.3°,29.5,0.0%,0,0.36,0.237,0.421,0.328,44.3%,19.7%,26.2%,41.8%,72.6%,90.9%,23.8%,16.7%,114
St. Thomas (MN),Matthew Maulik,All,216,42,87.2,102.1,103.1,35.7%,8.7°,8.3°,23.8,2.4%,1,0.333,0.232,0.421,0.305,47.6%,26.2%,14.3%,48.1%,67.4%,85.5%,33.9%,17.3%,79
St. Thomas (FL),Lester Martinez,All,128,13,81.9,103.9,106.6,30.8%,-9.2°,17.7°,38.5,7.7%,1,0.273,0.221,0.421,0.368,61.5%,7.7%,30.8%,35.2%,51.9%,64.3%,23.0%,44.4%,86
Illinois Wesleyan,Cade Tomhave,All,137,28,82.7,100.7,101.8,21.4%,2.5°,9.5°,21.4,0.0%,0,0.379,0.331,0.42,0.404,50.0%,17.9%,21.4%,38.7%,70.7%,90.2%,15.2%,9.4%,147
Limestone,Ethan Bonocore,All,340,53,84.3,97.2,101.4,13.2%,6.5°,8.1°,39.6,0.0%,0,0.353,0.274,0.42,0.352,50.9%,15.1%,30.2%,37.9%,60.5%,88.5%,24.2%,18.6%,92
Navy,Ty DePerno,All,643,99,85.3,103.6,107.6,32.3%,13.3°,16.1°,40.4,7.1%,7,0.328,0.298,0.42,0.419,37.4%,30.3%,28.3%,39.7%,62.7%,90.3%,23.7%,22.7%,112
Illinois Springfield,Jackson Blemler,All,96,11,83.1,94.8,96.7,9.1%,11.7°,17.9°,27.3,0.0%,0,0.333,0.17,0.42,0.3,45.5%,18.2%,27.3%,28.1%,57.5%,82.6%,7.1%,18.5%,142
UNC Greensboro,Jacob Budzik,All,502,73,83.5,104.0,108.7,34.2%,21.3°,18.5°,42.5,4.1%,3,0.31,0.223,0.42,0.315,24.7%,39.7%,28.8%,43.2%,67.7%,78.2%,24.6%,29.5%,94
Morehead State,Hunter Thomas,All,479,99,86.5,102.5,109.1,36.4%,12.4°,14.3°,36.4,7.1%,7,0.287,0.26,0.42,0.346,39.4%,33.3%,25.3%,47.4%,71.0%,88.2%,28.3%,22.9%,97
Wake Forest,Matt Conte,All,335,53,92.1,104.3,109.9,47.2%,23.9°,19.4°,43.4,15.1%,8,0.286,0.29,0.42,0.432,28.3%,43.4%,24.5%,40.6%,65.5%,81.7%,22.3%,25.7%,88
New Mexico,Brodey Williams,All,348,60,84.2,102.0,104.8,33.3%,4.4°,16.3°,38.3,5.0%,3,0.329,0.243,0.42,0.346,48.3%,21.7%,26.7%,44.3%,75.8%,75.2%,20.6%,26.6%,123
Columbia,Cole Fellows,All,735,146,87.3,105.0,112.0,41.1%,3.8°,6.8°,34.9,3.4%,5,0.345,0.31,0.42,0.393,51.4%,15.1%,30.1%,48.3%,75.1%,82.8%,28.0%,24.8%,111
Minnesota,Weber Neels,All,569,99,91.7,104.2,107.7,51.5%,14.8°,12.7°,35.4,10.1%,10,0.279,0.324,0.42,0.445,37.4%,30.3%,30.3%,42.2%,66.5%,86.6%,24.9%,22.5%,96
TCU,Chase Brunson,All,901,175,91.3,105.4,110.2,46.9%,12.5°,10.5°,33.7,8.6%,15,0.316,0.312,0.42,0.418,40.0%,28.0%,24.6%,42.4%,63.9%,93.6%,25.8%,18.1%,100
Emmanuel (GA),Nicholas Madrigal,All,68,20,77.5,99.1,101.6,25.0%,11.4°,14.3°,30.0,5.0%,1,0.286,0.221,0.42,0.319,45.0%,25.0%,15.0%,54.4%,78.1%,84.0%,33.3%,18.9%,101
Utah,Core Jackson,All,623,121,93.6,110.4,114.6,52.1%,11.1°,9.3°,32.2,10.7%,13,0.325,0.33,0.419,0.424,44.6%,26.4%,25.6%,47.5%,72.2%,86.2%,28.6%,23.6%,90
UCLA,Roman Martin,All,1133,176,91.1,105.4,110.9,44.3%,13.0°,8.7°,34.1,7.4%,13,0.317,0.292,0.419,0.399,40.9%,26.1%,25.6%,32.1%,50.9%,88.0%,16.1%,19.2%,109
Arkansas,Zane Becker,All,128,17,87.1,103.8,104.0,52.9%,15.6°,23.0°,47.1,5.9%,1,0.292,0.3,0.419,0.424,29.4%,35.3%,35.3%,37.5%,60.8%,77.4%,22.1%,35.4%,96
Stephen F. Austin,Cemodrick Bland,All,140,20,84.8,98.7,102.3,25.0%,-1.5°,9.2°,25.0,0.0%,0,0.375,0.251,0.419,0.373,65.0%,10.0%,20.0%,40.0%,62.7%,85.7%,19.2%,26.8%,110
Mars Hill,Elec Yount,All,385,69,81.4,97.3,98.6,13.0%,7.8°,13.0°,43.5,0.0%,0,0.349,0.278,0.419,0.354,49.3%,14.5%,33.3%,39.7%,72.1%,84.7%,18.2%,22.2%,160
Texas Tech,TJ Pompey,All,175,22,95.6,106.6,111.1,59.1%,21.4°,18.0°,50.0,18.2%,4,0.303,0.298,0.419,0.443,22.7%,40.9%,31.8%,44.6%,72.2%,65.4%,25.2%,38.5%,102
Villanova,Michael Whooley,All,802,149,88.1,102.6,109.0,40.3%,14.7°,11.3°,42.3,4.7%,7,0.317,0.31,0.419,0.406,32.9%,28.9%,32.9%,41.3%,65.3%,87.9%,23.3%,22.1%,105
UTSA,Jordan Ballin,All,707,102,81.2,96.3,99.3,19.6%,-13.9°,-8.3°,20.6,0.0%,0,0.336,0.272,0.419,0.378,76.5%,2.9%,18.6%,29.7%,52.7%,92.7%,11.6%,11.4%,135
North Carolina A&T,Tyler Smith,All,371,59,86.9,108.3,111.0,39.0%,-0.8°,6.5°,23.7,5.1%,3,0.324,0.271,0.419,0.376,61.0%,18.6%,16.9%,38.3%,65.2%,83.3%,22.3%,26.1%,126
Duke,Ben Rounds,All,1016,143,91.5,108.6,112.5,53.8%,2.0°,8.0°,35.7,9.8%,14,0.305,0.302,0.419,0.424,51.0%,9.1%,30.1%,38.8%,65.2%,72.2%,18.1%,29.7%,125
California,Jarren Advincula,All,808,197,85.1,102.3,107.6,35.5%,10.2°,11.2°,32.0,3.6%,7,0.354,0.31,0.419,0.38,40.1%,28.9%,26.4%,49.0%,69.9%,91.9%,31.4%,12.1%,84
Anderson (SC),Brooks Mauro,All,477,77,83.3,100.9,106.5,22.1%,11.7°,11.8°,36.4,2.6%,2,0.326,0.245,0.419,0.335,41.6%,28.6%,27.3%,34.6%,53.7%,84.2%,22.1%,22.4%,101
Butler,AJ Solomon,All,484,64,80.7,96.6,99.6,20.3%,6.4°,8.1°,37.5,0.0%,0,0.329,0.246,0.419,0.372,53.1%,18.8%,28.1%,36.0%,60.7%,88.0%,15.5%,16.7%,113
Appalachian State,Jonathan Xuereb,All,196,45,90.0,105.2,108.2,48.9%,6.8°,12.6°,44.4,8.9%,4,0.357,0.335,0.419,0.409,35.6%,20.0%,35.6%,56.1%,75.0%,85.5%,39.4%,21.8%,74
UT Arlington,Tyce Armstrong,All,717,132,92.7,109.6,115.7,50.8%,12.2°,14.8°,40.9,18.2%,24,0.327,0.354,0.419,0.497,37.9%,27.3%,28.8%,43.7%,67.1%,81.2%,26.7%,22.4%,101
St. Mary's (TX),Easton Parrish,All,62,12,91.7,108.9,108.9,41.7%,2.3°,14.4°,16.7,16.7%,2,0.308,0.323,0.419,0.488,58.3%,16.7%,8.3%,48.4%,70.0%,81.0%,28.1%,36.7%,93
UC San Diego,Noah Lazuka,All,184,29,88.3,103.5,107.4,34.5%,0.4°,16.1°,27.6,3.4%,1,0.289,0.271,0.419,0.376,55.2%,20.7%,24.1%,39.7%,59.4%,87.8%,27.8%,23.3%,108
McNeese,Larry Edwards,All,58,9,81.4,100.6,102.7,55.6%,5.4°,20.5°,33.3,0.0%,0,0.273,0.283,0.419,0.353,55.6%,22.2%,22.2%,41.4%,67.9%,84.2%,16.7%,16.7%,125
Alabama State,Quentin Jenkins,All,131,14,86.8,96.0,97.8,21.4%,16.6°,25.3°,35.7,0.0%,0,0.3,0.196,0.418,0.358,21.4%,35.7%,28.6%,41.2%,70.2%,81.8%,25.0%,18.5%,137
Kansas,Dariel Osoria,All,803,131,92.2,106.1,110.4,53.4%,14.2°,16.6°,41.2,13.7%,18,0.321,0.334,0.418,0.471,34.4%,31.3%,31.3%,42.1%,63.8%,85.0%,24.0%,25.1%,108
Vanderbilt,Riley Nelson,All,939,162,90.3,103.6,109.6,44.4%,10.4°,16.0°,37.0,4.3%,7,0.332,0.334,0.418,0.454,41.4%,21.0%,30.2%,39.1%,61.7%,85.3%,20.8%,18.5%,110
Toledo,Caden Konczak,All,672,143,89.1,102.2,107.3,40.6%,15.3°,15.4°,42.0,5.6%,8,0.329,0.319,0.418,0.423,34.3%,27.3%,32.2%,44.0%,72.4%,88.9%,24.4%,16.2%,101
Presbyterian,Trey Fenderson,All,317,60,83.3,98.6,102.4,23.3%,12.9°,21.1°,41.7,1.7%,1,0.352,0.318,0.418,0.414,38.3%,25.0%,33.3%,46.4%,78.2%,88.5%,23.4%,16.3%,117
Saint Louis,Hank Gomric,All,425,86,91.5,105.3,109.7,45.3%,13.4°,11.8°,41.9,4.7%,4,0.333,0.343,0.418,0.445,37.2%,25.6%,30.2%,44.7%,71.7%,93.5%,26.2%,13.7%,93
Virginia Tech,Jackson Cherry,All,407,51,94.7,105.7,110.3,68.6%,9.2°,16.8°,35.3,15.7%,8,0.278,0.287,0.418,0.467,43.1%,25.5%,27.5%,43.7%,65.6%,83.9%,26.4%,26.4%,107
Ole Miss,Wilburn Furniss,All,847,125,91.2,106.3,112.8,46.4%,5.3°,13.6°,35.2,10.4%,13,0.304,0.312,0.418,0.44,50.4%,20.8%,27.2%,39.3%,65.4%,79.3%,21.2%,28.2%,90
Xavier,Connor Misch,All,905,140,88.7,105.4,109.0,45.0%,4.2°,9.6°,33.6,8.6%,12,0.322,0.309,0.418,0.442,50.7%,17.1%,26.4%,38.2%,65.9%,83.4%,18.7%,24.3%,112
Columbus State,Ian King,All,103,28,80.2,95.5,97.3,7.1%,-2.9°,10.4°,35.7,0.0%,0,0.4,0.378,0.418,0.394,50.0%,17.9%,28.6%,39.8%,55.6%,100.0%,27.6%,9.8%,110
Minnesota,Josh Fitzgerald,All,589,98,86.4,102.1,106.4,34.7%,17.7°,17.7°,33.7,6.1%,6,0.31,0.272,0.418,0.386,34.7%,40.8%,23.5%,39.7%,68.1%,84.4%,16.9%,16.7%,134
Quinnipiac,Sean McCulloch,All,326,47,78.6,94.2,95.9,8.5%,-2.0°,5.8°,23.4,0.0%,0,0.344,0.263,0.418,0.378,66.0%,14.9%,17.0%,38.7%,64.7%,85.6%,19.3%,15.9%,136
Wichita State,Jaden Gustafson,All,646,117,89.7,103.1,107.7,43.6%,9.9°,8.3°,35.0,4.3%,5,0.341,0.322,0.418,0.418,47.0%,23.9%,26.5%,41.8%,62.7%,91.6%,23.3%,13.0%,105
Wingate,Cameron Harris,All,53,14,81.8,99.0,99.7,14.3%,8.2°,11.7°,50.0,0.0%,0,0.375,0.361,0.418,0.398,35.7%,21.4%,42.9%,56.6%,79.2%,89.5%,37.9%,10.0%,61
Oregon,Maddox Molony,All,812,160,89.2,103.5,107.2,40.6%,17.7°,14.0°,31.9,5.6%,9,0.319,0.278,0.418,0.384,33.1%,38.1%,24.4%,48.2%,77.4%,90.3%,24.9%,19.2%,104
Limestone,Benny Partridge,All,542,88,83.2,97.3,102.7,20.5%,5.6°,4.2°,31.8,0.0%,0,0.324,0.276,0.418,0.377,51.1%,21.6%,23.9%,31.2%,55.0%,92.5%,15.1%,13.0%,129
Cal State Northridge,Andrew Gauna,All,395,83,86.5,104.1,110.1,38.6%,9.5°,12.4°,32.5,2.4%,2,0.34,0.307,0.418,0.365,45.8%,26.5%,25.3%,44.1%,66.3%,89.3%,27.4%,20.1%,76
Clemson,Dominic Listi,All,1210,152,86.9,102.6,110.0,38.8%,11.7°,11.6°,40.1,2.6%,4,0.301,0.286,0.418,0.411,42.8%,23.0%,30.3%,30.0%,50.3%,89.7%,14.6%,17.9%,110
UT Tyler,Brock Bearden,All,169,16,91.6,104.6,108.0,37.5%,15.1°,14.6°,25.0,6.2%,1,0.296,0.212,0.418,0.378,37.5%,31.2%,18.8%,30.2%,63.2%,72.1%,7.9%,31.4%,160
Loyola-New Orleans,Landon Manson,All,54,9,91.4,100.4,100.5,22.2%,-1.7°,12.6°,33.3,0.0%,0,0.385,0.315,0.418,0.324,66.7%,0.0%,33.3%,37.0%,57.7%,73.3%,17.9%,25.0%,92
Cornell,TJ Swidorski,All,125,23,83.4,99.5,101.2,26.1%,9.1°,15.8°,30.4,0.0%,0,0.323,0.277,0.417,0.367,43.5%,26.1%,30.4%,40.0%,64.1%,85.4%,14.8%,18.0%,136
Rhode Island,Reece Moroney,All,895,137,87.3,102.1,108.2,35.0%,6.2°,11.5°,44.5,0.0%,0,0.353,0.301,0.417,0.404,47.4%,13.9%,38.0%,37.3%,63.9%,89.8%,18.8%,16.8%,114
Binghamton,Matthew Bolton,All,698,108,88.3,102.5,105.5,40.7%,2.3°,6.8°,30.6,2.8%,3,0.331,0.281,0.417,0.384,57.4%,18.5%,19.4%,36.8%,61.7%,85.7%,18.6%,19.1%,112
Western Carolina,Trent Turner,All,777,167,90.9,105.3,110.3,45.5%,13.7°,13.8°,40.7,9.6%,16,0.335,0.362,0.417,0.471,34.7%,31.1%,31.1%,44.3%,72.8%,93.0%,25.2%,16.9%,108
Seton Hall,AJ Soldra,All,671,109,88.5,104.5,109.8,40.4%,10.0°,13.9°,39.4,9.2%,10,0.326,0.343,0.417,0.467,44.0%,23.9%,28.4%,47.5%,77.6%,84.2%,25.2%,21.0%,111
Mercer,Bradley Frye,All,860,177,91.1,104.5,110.7,51.4%,8.4°,11.6°,38.4,7.9%,14,0.338,0.332,0.417,0.426,48.0%,24.3%,24.9%,49.0%,70.1%,89.1%,30.1%,19.2%,94
West Virginia,Jace Rinehart,All,726,148,90.9,107.4,112.1,48.0%,11.3°,10.9°,24.3,8.1%,12,0.33,0.288,0.417,0.387,47.3%,30.4%,16.9%,50.0%,73.1%,86.3%,32.9%,22.9%,79
Hardin-Simmons,Jake Trapani,All,51,8,79.0,93.2,93.3,0.0%,20.9°,-,0.0,0.0%,0,0.25,0.138,0.417,0.17,37.5%,50.0%,0.0%,49.0%,57.9%,90.9%,43.8%,24.0%,15
Western Carolina,Wyatt Stanley,All,634,86,90.3,103.4,107.4,44.2%,14.9°,19.0°,44.2,7.0%,6,0.319,0.29,0.417,0.417,34.9%,27.9%,33.7%,37.1%,58.1%,82.1%,19.4%,24.3%,110
SIUE,Chase Bloomer,All,240,46,92.7,103.5,109.8,41.3%,16.5°,13.0°,43.5,8.7%,4,0.317,0.308,0.417,0.398,30.4%,23.9%,34.8%,50.4%,75.0%,84.0%,30.3%,26.4%,108
UC San Diego,Cooper Thacker,All,386,43,88.6,101.6,105.2,51.2%,17.2°,18.2°,44.2,7.0%,3,0.308,0.238,0.417,0.384,27.9%,30.2%,34.9%,37.3%,59.0%,86.3%,19.7%,18.8%,113
SIUE,Ethan Willoughby,All,242,42,86.1,98.4,101.5,33.3%,4.7°,10.1°,35.7,0.0%,0,0.354,0.29,0.417,0.38,42.9%,21.4%,31.0%,43.4%,75.7%,90.1%,17.8%,12.4%,116
Stanford,Brady Reynolds,All,700,105,87.7,102.8,108.7,40.0%,11.4°,17.4°,46.7,10.5%,11,0.311,0.301,0.417,0.412,39.0%,27.6%,31.4%,43.7%,70.3%,73.5%,21.7%,32.7%,118
Richmond,Aaron Whitley,All,711,162,88.7,103.1,107.6,34.6%,13.1°,11.7°,29.0,1.2%,2,0.341,0.291,0.417,0.375,39.5%,32.1%,22.8%,44.7%,73.6%,92.9%,20.3%,12.6%,124
Florida Atlantic,Jake Duer,All,184,42,84.2,99.2,103.9,35.7%,-2.6°,7.3°,33.3,2.4%,1,0.348,0.281,0.416,0.345,47.6%,21.4%,26.2%,47.8%,62.5%,92.7%,34.4%,12.5%,38
Carson-Newman,Trey Miller,All,344,59,75.3,94.2,98.8,6.8%,4.7°,12.1°,44.1,0.0%,0,0.37,0.285,0.416,0.361,50.8%,8.5%,32.2%,39.5%,63.5%,93.1%,23.7%,16.9%,112
Columbus State,Ethan Crawley,All,33,5,85.3,100.2,102.2,40.0%,11.4°,21.8°,60.0,0.0%,0,0.333,0.341,0.416,0.479,20.0%,40.0%,40.0%,36.4%,90.0%,88.9%,13.0%,16.7%,154
Wright State,Gus Gregory,All,479,94,84.6,101.1,104.3,27.7%,7.8°,15.7°,35.1,5.3%,5,0.339,0.295,0.416,0.367,44.7%,26.6%,23.4%,36.5%,55.6%,90.4%,22.3%,18.9%,98
Butler,Ryan Drumm,All,483,75,85.5,102.8,107.9,28.0%,13.8°,13.0°,38.7,1.3%,1,0.33,0.283,0.416,0.362,34.7%,26.7%,34.7%,45.1%,65.5%,83.7%,31.1%,26.6%,93
SUNY Cortland,Lucas Granger,All,44,8,87.1,100.2,100.2,37.5%,6.9°,4.4°,37.5,0.0%,0,0.333,0.357,0.416,0.459,50.0%,25.0%,25.0%,40.9%,64.7%,90.9%,25.9%,11.1%,109
St. Thomas (MN),Ben Vujovich,All,240,46,88.2,104.7,106.3,39.1%,3.8°,10.3°,32.6,4.3%,2,0.367,0.292,0.416,0.355,45.7%,15.2%,34.8%,49.6%,69.0%,88.8%,31.5%,18.5%,104
Richmond,Grant Kennedy,All,116,16,87.5,96.6,101.5,18.8%,16.6°,21.1°,56.2,0.0%,0,0.292,0.267,0.416,0.358,25.0%,37.5%,37.5%,38.8%,63.6%,75.0%,23.6%,37.8%,101
USC Upstate,Scott Newman,All,895,119,87.2,105.7,108.8,42.9%,11.6°,16.7°,29.4,9.2%,11,0.305,0.247,0.416,0.372,42.9%,35.3%,18.5%,40.6%,66.2%,75.7%,20.1%,30.6%,105
New Mexico State,Jonatan Clough De Los Santos,All,224,32,89.3,100.3,106.9,40.6%,13.6°,11.5°,28.1,3.1%,1,0.289,0.221,0.416,0.335,50.0%,31.2%,15.6%,42.4%,67.8%,78.7%,25.4%,36.8%,83
Butler,Tom Townsend,All,392,48,87.9,102.8,104.2,41.7%,21.2°,19.3°,41.7,14.6%,7,0.25,0.224,0.416,0.382,20.8%,37.5%,35.4%,38.5%,64.1%,78.0%,21.6%,31.1%,98
San Diego,Austin Smith,All,646,171,87.2,103.3,108.0,33.9%,15.0°,7.2°,37.4,1.2%,2,0.359,0.321,0.416,0.373,32.7%,29.8%,31.6%,46.3%,68.6%,92.9%,26.2%,11.4%,93
UC Santa Barbara,Isaac Kim,All,384,73,85.4,101.9,105.8,34.2%,12.7°,6.5°,34.2,1.4%,1,0.371,0.259,0.416,0.307,39.7%,30.1%,27.4%,47.1%,70.0%,87.6%,32.5%,20.4%,83
Utah Tech,Hunter Katschke,All,558,114,89.0,105.6,111.1,39.5%,14.9°,9.9°,36.0,10.5%,12,0.321,0.332,0.416,0.426,36.8%,27.2%,28.1%,51.1%,73.0%,89.0%,34.9%,21.8%,77
New Mexico,Luke Mansy,All,327,61,88.4,100.4,102.5,31.1%,19.1°,15.7°,44.3,0.0%,0,0.349,0.303,0.416,0.413,29.5%,32.8%,34.4%,38.8%,69.6%,89.6%,16.4%,13.4%,157
Bethune-Cookman,Irvin Escobar,All,37,6,85.1,95.3,95.4,16.7%,2.1°,6.5°,16.7,0.0%,0,0.333,0.298,0.416,0.415,66.7%,16.7%,16.7%,48.6%,86.7%,100.0%,22.7%,5.6%,139
USC Aiken,Dalton Graves,All,33,5,68.0,82.7,82.9,0.0%,-27.5°,-,20.0,0.0%,0,0.333,0.148,0.416,0.226,80.0%,20.0%,0.0%,24.2%,45.5%,100.0%,13.6%,12.5%,122
North Park,Reyn Matsuzaki,All,31,6,84.0,82.7,83.0,0.0%,23.6°,-,16.7,0.0%,0,0.333,0.148,0.416,0.3,33.3%,50.0%,16.7%,35.5%,80.0%,87.5%,14.3%,9.1%,132
Fordham,Andrew Kanellis,All,767,119,88.6,105.4,111.8,38.7%,16.2°,15.2°,39.5,6.7%,8,0.358,0.284,0.416,0.38,36.1%,28.6%,29.4%,40.3%,64.2%,87.4%,23.1%,24.9%,105
East Texas Baptist,Nicolas Chavez,All,53,8,83.3,93.1,93.8,0.0%,29.0°,-,50.0,0.0%,0,0.333,0.224,0.416,0.362,12.5%,62.5%,25.0%,28.3%,66.7%,80.0%,13.2%,26.7%,207
Kansas,Michael Brooks,All,869,140,88.0,101.8,104.4,37.1%,17.2°,17.2°,43.6,5.0%,7,0.272,0.28,0.415,0.427,33.6%,31.4%,29.3%,38.1%,64.5%,85.6%,20.8%,22.1%,122
Kansas State,AJ Evasco,All,667,144,89.2,104.9,108.7,46.5%,11.3°,13.4°,40.3,6.9%,10,0.317,0.341,0.415,0.437,39.6%,27.8%,30.6%,54.0%,80.6%,87.5%,37.2%,22.5%,77
Oregon State,Easton Talt,All,1093,132,88.4,102.8,108.3,37.9%,15.5°,13.5°,28.8,4.5%,6,0.277,0.235,0.415,0.377,39.4%,34.8%,22.0%,35.0%,55.9%,88.0%,17.9%,18.5%,101
Centre,Evan Rygalski,All,117,20,87.4,102.7,104.2,40.0%,14.4°,11.3°,25.0,0.0%,0,0.28,0.249,0.415,0.342,40.0%,30.0%,25.0%,49.6%,87.8%,94.4%,28.9%,25.9%,105
Omaha,Tyler Palmer,All,330,54,87.4,100.7,101.6,33.3%,3.3°,11.3°,31.5,1.9%,1,0.348,0.256,0.415,0.381,44.4%,25.9%,22.2%,37.6%,63.0%,87.1%,20.0%,21.8%,125
Tennessee,Dalton Bargo,All,923,135,89.4,105.4,109.4,45.9%,13.2°,18.3°,44.4,12.6%,17,0.285,0.294,0.415,0.414,35.6%,28.9%,32.6%,50.4%,77.7%,75.3%,27.9%,28.2%,103
Lamar,Zane Spinn,All,559,100,88.0,102.0,105.1,38.0%,8.6°,12.6°,40.0,5.0%,5,0.338,0.27,0.415,0.374,42.0%,25.0%,30.0%,39.4%,64.2%,85.2%,21.7%,25.0%,103
North Carolina,Jackson Van De Brake,All,1167,182,88.4,105.3,111.4,37.9%,21.9°,17.2°,41.2,4.4%,8,0.316,0.277,0.415,0.388,25.8%,38.5%,30.2%,38.3%,60.3%,87.3%,19.5%,19.0%,112
Mississippi State,Dylan Cupp,All,372,49,83.2,98.9,103.3,22.4%,7.4°,9.6°,30.6,2.0%,1,0.308,0.225,0.415,0.341,53.1%,22.4%,22.4%,33.3%,51.9%,86.9%,19.0%,21.8%,84
Memphis,Seth Cox,All,448,71,87.7,104.9,107.7,36.6%,19.6°,20.0°,46.5,5.6%,4,0.319,0.293,0.415,0.416,29.6%,31.0%,31.0%,42.9%,67.5%,81.5%,23.0%,24.5%,104
Missouri State,Curry Sutherland,All,440,60,91.4,105.7,111.6,45.0%,23.9°,21.2°,43.3,10.0%,6,0.261,0.256,0.415,0.396,20.0%,40.0%,31.7%,42.0%,63.6%,83.8%,26.6%,30.3%,86
Air Force,Tripp Garrish,All,572,70,91.8,106.0,108.6,54.3%,3.3°,7.7°,37.1,7.1%,5,0.294,0.298,0.414,0.41,52.9%,14.3%,31.4%,37.1%,60.7%,76.3%,21.3%,32.1%,111
Manhattan,Andreaus Lewis,All,216,29,91.6,104.5,107.5,55.2%,12.4°,9.8°,37.9,3.4%,1,0.304,0.293,0.414,0.371,48.3%,17.2%,31.0%,39.4%,56.5%,85.4%,28.2%,40.0%,55
Southern,Donny Sandifer,All,57,8,80.5,93.9,99.1,12.5%,5.5°,7.8°,37.5,0.0%,0,0.3,0.257,0.414,0.34,25.0%,25.0%,37.5%,38.6%,68.0%,94.1%,15.6%,18.2%,127
Emmanuel (GA),Tyler Bradford,All,97,13,82.4,93.2,98.5,7.7%,33.1°,24.6°,30.8,0.0%,0,0.294,0.225,0.414,0.35,7.7%,23.1%,23.1%,34.0%,55.0%,95.5%,19.3%,15.2%,147
Illinois,Nick Groves,All,637,78,82.3,96.7,100.7,20.5%,1.9°,3.1°,37.2,0.0%,0,0.311,0.301,0.414,0.403,53.8%,5.1%,38.5%,29.5%,49.1%,86.4%,13.6%,16.5%,114
Fairfield,Nick Sturino,All,316,45,89.3,98.9,105.9,40.0%,19.1°,18.3°,51.1,6.7%,3,0.295,0.259,0.414,0.403,24.4%,33.3%,35.6%,39.6%,68.8%,74.7%,16.9%,26.4%,128
LSU,Dalton Beck,All,56,7,90.5,105.7,107.3,42.9%,11.2°,8.3°,28.6,0.0%,0,0.3,0.256,0.414,0.371,42.9%,0.0%,28.6%,26.8%,66.7%,92.9%,2.9%,6.7%,128
Butler,Jack Moroknek,All,517,97,91.5,109.4,118.2,46.4%,7.9°,6.2°,24.7,9.3%,9,0.342,0.31,0.414,0.399,53.6%,23.7%,17.5%,46.2%,66.1%,86.6%,34.5%,19.2%,65
Southern Illinois,"Cecil ""Bryson"" Lofton",All,156,30,89.5,102.7,105.1,36.7%,12.7°,5.0°,40.0,0.0%,0,0.343,0.305,0.414,0.399,43.3%,20.0%,33.3%,36.5%,67.2%,95.3%,15.2%,14.0%,135
Seattle,Vicente Feliciano,All,493,100,86.7,100.4,106.1,31.0%,15.3°,16.3°,43.0,7.0%,7,0.336,0.31,0.414,0.396,32.0%,30.0%,32.0%,51.1%,81.9%,79.6%,29.4%,27.8%,112
Southern Miss,Ben Higdon,All,622,110,90.5,106.2,110.4,45.5%,5.8°,9.3°,35.5,7.3%,8,0.34,0.311,0.414,0.403,45.5%,25.5%,25.5%,49.5%,71.5%,77.4%,33.7%,27.9%,82
High Point,Jake McCarter,All,327,50,87.7,107.4,110.6,44.0%,19.3°,22.9°,28.0,28.0%,14,0.237,0.254,0.414,0.438,34.0%,50.0%,10.0%,53.5%,76.9%,74.8%,37.3%,38.3%,53
Nevada,Jayce Dobie,All,657,123,89.1,102.3,105.8,40.7%,12.9°,13.4°,39.0,4.1%,5,0.327,0.321,0.414,0.418,37.4%,26.8%,31.7%,40.2%,65.2%,91.1%,20.1%,15.5%,101
Redlands,Ian Umscheid,All,38,6,88.8,95.0,96.3,33.3%,3.6°,5.7°,16.7,0.0%,0,0.286,0.178,0.414,0.456,50.0%,16.7%,16.7%,28.9%,75.0%,100.0%,7.7%,0.0%,210
LSU,Jake Brown,All,718,133,90.2,103.0,106.9,36.8%,10.1°,11.5°,33.1,6.0%,8,0.327,0.312,0.414,0.414,45.1%,23.3%,23.3%,43.9%,65.2%,88.6%,25.1%,20.3%,88
UMass Lowell,Scott Donahue,All,253,58,87.3,101.3,105.5,29.3%,11.1°,10.0°,32.8,0.0%,0,0.358,0.325,0.414,0.368,44.8%,22.4%,25.9%,47.0%,71.0%,88.2%,29.5%,20.2%,103
Omaha,Paul Schuyler,All,89,15,84.1,99.7,103.8,13.3%,-0.8°,13.9°,20.0,0.0%,0,0.368,0.281,0.414,0.33,60.0%,13.3%,20.0%,27.0%,42.1%,93.8%,15.7%,12.5%,73
San Francisco,Matteo Bellisimo,All,130,18,91.2,106.9,108.0,55.6%,11.1°,15.9°,44.4,22.2%,4,0.294,0.223,0.413,0.33,33.3%,33.3%,22.2%,57.7%,85.5%,72.3%,37.3%,44.0%,74
Oral Roberts,Cooper Combs,All,171,38,85.8,104.3,106.9,31.6%,11.9°,11.3°,31.6,0.0%,0,0.326,0.273,0.413,0.332,39.5%,23.7%,26.3%,46.8%,77.8%,92.1%,18.9%,12.5%,123
New Mexico,Karsen Waslefsky,All,416,77,87.3,102.6,106.2,35.1%,11.5°,8.1°,31.2,2.6%,2,0.344,0.289,0.413,0.373,42.9%,29.9%,24.7%,39.7%,64.5%,83.8%,22.1%,24.2%,110
Southern Miss,Matthew Russo,All,1010,165,90.6,107.5,112.8,46.1%,10.5°,15.2°,35.2,10.3%,17,0.3,0.309,0.413,0.426,40.0%,28.5%,27.3%,45.2%,68.8%,89.8%,29.0%,22.5%,94
Appalachian State,Tyler Lichtenberger,All,593,126,88.9,103.0,107.3,41.3%,6.9°,10.7°,33.3,2.4%,3,0.368,0.307,0.413,0.372,48.4%,22.2%,27.0%,46.4%,70.3%,91.8%,27.8%,15.6%,89
Michigan State,Ryan McKay,All,888,158,88.8,102.3,104.6,41.8%,12.2°,12.3°,43.7,1.9%,3,0.311,0.344,0.413,0.429,35.4%,23.4%,37.3%,38.7%,61.4%,93.7%,19.0%,11.9%,112
Illinois,Jacob Schroeder,All,436,63,91.4,104.2,106.5,54.0%,14.2°,12.1°,31.7,7.9%,5,0.278,0.275,0.413,0.371,42.9%,25.4%,27.0%,45.0%,76.6%,82.1%,23.8%,32.7%,106
College of Charleston,Tyler Sorrentino,All,364,63,85.0,101.9,104.0,28.6%,-1.4°,8.4°,31.7,1.6%,1,0.342,0.241,0.413,0.344,50.8%,15.9%,23.8%,39.6%,66.5%,88.8%,18.2%,20.8%,119
Bellarmine,Joey Milto,All,360,40,82.3,97.1,103.1,20.0%,5.1°,17.0°,25.0,0.0%,0,0.271,0.207,0.413,0.343,52.5%,25.0%,17.5%,39.2%,66.4%,74.2%,20.6%,31.9%,122
Lamar,Matt Ryan,All,423,55,88.4,103.3,109.3,47.3%,8.6°,17.1°,40.0,3.6%,2,0.316,0.304,0.413,0.415,40.0%,20.0%,36.4%,36.6%,65.2%,78.4%,15.9%,28.4%,133
Newberry,Keillor Osbon,All,41,9,90.9,103.2,103.7,44.4%,14.2°,7.5°,11.1,11.1%,1,0.273,0.255,0.413,0.382,44.4%,22.2%,11.1%,41.5%,64.7%,81.8%,25.0%,23.5%,126
North Carolina,Luke Stevenson,All,1153,149,96.3,107.9,114.6,57.7%,18.2°,14.7°,32.9,16.1%,24,0.251,0.293,0.413,0.463,36.2%,32.9%,23.5%,36.4%,62.2%,78.9%,15.4%,27.4%,108
TCU,Jack Arthur,All,170,25,87.3,104.5,104.6,48.0%,20.8°,28.2°,44.0,16.0%,4,0.294,0.263,0.413,0.393,24.0%,56.0%,16.0%,43.5%,63.2%,89.1%,22.9%,17.6%,102
Fresno State,Bobby Blandford,All,821,138,89.1,104.3,109.0,45.7%,14.7°,14.1°,35.5,10.9%,15,0.29,0.276,0.413,0.396,37.0%,34.1%,23.9%,49.2%,73.6%,85.5%,31.3%,24.3%,94
Catawba College,Matthew Connolly,All,120,18,87.1,102.4,107.5,27.8%,13.7°,15.2°,44.4,5.6%,1,0.273,0.326,0.413,0.426,33.3%,16.7%,44.4%,34.2%,62.3%,72.7%,11.9%,31.7%,157
Southern Miss,Braden Luke,All,105,16,89.3,104.6,106.7,43.8%,13.3°,22.5°,50.0,18.8%,3,0.286,0.382,0.413,0.538,31.2%,31.2%,37.5%,49.5%,78.0%,75.0%,31.2%,28.8%,90
Gonzaga,Gage Mestas,All,424,73,85.0,98.2,101.9,23.3%,2.4°,-5.7°,38.4,0.0%,0,0.345,0.311,0.413,0.387,53.4%,13.7%,31.5%,43.2%,60.8%,89.7%,30.6%,15.8%,97
Oklahoma Wesleyan,Luis Antigua,All,60,10,80.1,98.6,102.3,10.0%,-4.0°,9.1°,30.0,0.0%,0,0.308,0.247,0.413,0.354,50.0%,30.0%,20.0%,35.0%,75.0%,77.8%,8.3%,28.6%,169
Saint Mary's (CA),Ian Armstrong,All,492,100,90.0,106.8,108.7,44.0%,7.0°,10.3°,31.0,6.0%,6,0.366,0.303,0.413,0.364,48.0%,23.0%,26.0%,45.9%,69.8%,90.5%,27.9%,17.7%,80
Merrimack,Jack Andrews,All,74,16,88.9,106.4,106.7,56.2%,-14.6°,-2.4°,0.0,0.0%,0,0.368,0.294,0.413,0.352,87.5%,12.5%,0.0%,43.2%,65.6%,85.7%,26.2%,21.9%,108
Delta State,Brett Burrell,All,59,10,86.7,102.6,102.8,30.0%,4.2°,13.8°,40.0,0.0%,0,0.273,0.299,0.413,0.42,40.0%,30.0%,30.0%,42.4%,77.8%,100.0%,26.8%,20.0%,136
Louisiana Tech,Brody Drost,All,340,44,89.4,105.1,110.9,38.6%,14.3°,19.8°,34.1,4.5%,2,0.319,0.224,0.412,0.326,36.4%,20.5%,34.1%,38.8%,62.7%,76.2%,17.3%,28.0%,90
Oregon,Ryan Cooney,All,751,145,90.8,102.2,104.2,37.2%,10.0°,10.0°,31.0,2.1%,3,0.341,0.288,0.412,0.39,47.6%,28.3%,20.7%,37.8%,61.7%,94.7%,18.2%,10.9%,109
Albany,Levi McAllister,All,287,41,86.4,103.2,108.5,34.1%,12.3°,13.8°,34.1,7.3%,3,0.263,0.244,0.412,0.354,36.6%,29.3%,24.4%,41.5%,63.6%,81.4%,27.7%,29.4%,84
Alabama A&M,Miles Jackson,All,84,21,81.7,101.2,102.4,28.6%,-7.8°,12.8°,23.8,0.0%,0,0.261,0.324,0.412,0.398,61.9%,14.3%,19.0%,48.8%,73.5%,84.0%,32.0%,19.5%,102
Mount St. Mary's,Bryce Rudisill,All,420,71,85.6,102.0,106.7,31.0%,10.7°,14.1°,38.0,7.0%,5,0.261,0.258,0.412,0.372,46.5%,21.1%,23.9%,44.0%,71.0%,86.4%,28.3%,24.3%,90
Oklahoma State,Brayden Smith,All,786,138,89.6,105.6,111.7,49.3%,11.6°,14.0°,42.0,6.5%,9,0.312,0.34,0.412,0.445,42.0%,23.9%,32.6%,45.7%,67.0%,85.4%,25.8%,18.7%,103
Nebraska,Devin Nunez,All,465,84,89.8,103.7,107.5,45.2%,6.7°,14.0°,45.2,8.3%,7,0.331,0.3,0.412,0.401,42.9%,23.8%,31.0%,49.5%,71.9%,81.1%,32.7%,33.9%,75
Jacksonville State,Drew Collins,All,920,139,90.9,106.9,109.0,49.6%,3.3°,8.8°,41.7,5.0%,7,0.321,0.306,0.412,0.402,49.6%,14.4%,30.2%,45.1%,70.8%,76.7%,23.7%,28.9%,95
North Georgia,Nicholas Stinson,All,417,88,84.2,101.5,105.6,30.7%,5.9°,4.1°,39.8,0.0%,0,0.381,0.3,0.412,0.333,45.5%,19.3%,31.8%,46.3%,66.5%,91.9%,32.8%,19.7%,79
Connecticut,Robert Rispoli,All,1062,144,88.1,101.1,106.3,36.1%,4.1°,9.1°,31.2,2.8%,4,0.345,0.3,0.412,0.398,50.7%,18.1%,28.5%,32.8%,55.7%,88.9%,13.5%,18.4%,119
Stanford,Trevor Haskins,All,798,183,88.6,105.7,111.6,39.9%,15.8°,13.4°,36.1,9.8%,18,0.332,0.338,0.412,0.435,35.0%,36.1%,25.1%,52.4%,77.9%,87.4%,34.7%,22.5%,67
Georgia College,Benjamin Hamacher,All,442,80,84.2,94.5,99.0,7.5%,6.9°,6.2°,45.0,0.0%,0,0.368,0.33,0.412,0.424,42.5%,13.8%,42.5%,35.1%,57.0%,93.6%,18.1%,11.0%,133
Elon,Troy McGirt,All,175,21,80.9,100.6,106.8,33.3%,25.6°,21.3°,33.3,9.5%,2,0.278,0.158,0.412,0.256,38.1%,33.3%,14.3%,50.9%,69.9%,72.5%,37.3%,39.3%,67
Chaminade,Casey Kudell,All,132,19,80.5,95.2,100.4,15.8%,7.9°,9.1°,36.8,0.0%,0,0.304,0.327,0.412,0.434,47.4%,10.5%,36.8%,30.3%,60.4%,93.1%,13.1%,10.0%,125
LaGrange,Jackson McElvy,All,51,11,88.8,100.5,101.5,18.2%,3.6°,7.0°,36.4,0.0%,0,0.385,0.358,0.412,0.393,54.5%,0.0%,45.5%,33.3%,57.7%,93.3%,8.0%,17.6%,130
Notre Dame,Brenson Watters,All,758,127,91.3,108.6,113.5,49.6%,4.0°,10.5°,26.8,7.9%,10,0.307,0.317,0.412,0.431,52.0%,21.3%,22.8%,38.5%,51.5%,84.6%,29.9%,18.5%,76
High Point,Frank Kelly,All,248,38,88.3,100.6,106.9,34.2%,12.7°,24.9°,42.1,5.3%,2,0.264,0.244,0.412,0.388,36.8%,31.6%,28.9%,44.4%,72.3%,79.5%,25.2%,22.7%,126
Southern Miss,Joseph Urban,All,658,118,90.6,105.4,108.8,42.4%,11.9°,9.9°,36.4,6.8%,8,0.327,0.279,0.412,0.381,42.4%,27.1%,28.0%,47.0%,70.6%,88.1%,26.1%,23.6%,99
Connecticut,Grant MacArthur,All,779,117,89.7,103.2,108.7,50.4%,20.9°,17.0°,45.3,6.0%,7,0.282,0.289,0.412,0.417,23.9%,35.0%,34.2%,36.3%,64.3%,90.0%,16.3%,16.3%,119
Central Connecticut,Colby Brouilette,All,37,8,84.3,98.2,100.8,37.5%,10.9°,11.0°,12.5,0.0%,0,0.444,0.294,0.412,0.318,37.5%,37.5%,25.0%,45.9%,62.5%,100.0%,33.3%,5.9%,76
Oklahoma State,Colin Brueggemann,All,752,107,92.4,112.2,116.6,54.2%,14.2°,12.1°,28.0,14.0%,15,0.304,0.26,0.412,0.367,43.9%,29.0%,21.5%,46.0%,64.4%,82.9%,31.9%,29.5%,52
Alabama,Richard Bonomolo Jr,All,1020,161,89.3,102.7,108.1,41.6%,15.5°,15.5°,36.6,5.0%,8,0.314,0.272,0.412,0.393,34.2%,31.7%,29.2%,37.8%,60.8%,87.9%,18.8%,20.2%,108
William Carey,Rigoberto Hernandez,All,216,43,82.1,104.1,111.7,25.6%,8.7°,14.4°,30.2,2.3%,1,0.333,0.295,0.412,0.37,46.5%,27.9%,25.6%,41.2%,71.8%,83.6%,21.4%,21.3%,117
Chapman,Joey Capobianco,All,199,36,91.9,103.3,108.1,47.2%,6.6°,5.1°,36.1,0.0%,0,0.347,0.284,0.412,0.329,44.4%,16.7%,33.3%,43.2%,62.0%,81.8%,32.8%,36.0%,48
Kansas State,Dee Kennedy,All,915,121,90.6,105.0,109.8,47.1%,10.7°,16.5°,45.5,10.7%,13,0.294,0.282,0.412,0.403,38.0%,27.3%,32.2%,42.4%,67.2%,73.1%,23.8%,34.8%,109
Arkansas,Kuhio Aloy,All,994,154,92.2,109.8,115.4,56.5%,6.6°,11.1°,35.7,9.7%,15,0.312,0.298,0.412,0.398,47.4%,18.8%,28.6%,44.3%,66.7%,75.9%,25.8%,31.1%,80
Winthrop,Ethan Wilson,All,823,131,88.0,103.8,108.0,45.0%,13.1°,11.1°,32.1,4.6%,6,0.301,0.25,0.412,0.352,42.0%,32.1%,22.9%,42.0%,70.6%,84.0%,22.2%,24.9%,124
Coker,Alex Lazar,All,48,11,80.4,91.6,91.6,0.0%,16.5°,-,63.6,0.0%,0,0.417,0.414,0.412,0.431,27.3%,18.2%,54.5%,35.4%,59.1%,100.0%,15.4%,11.8%,148
Berry,Aiden Cloud,All,29,8,85.4,88.7,90.0,12.5%,17.8°,-5.2°,12.5,0.0%,0,0.571,0.273,0.412,0.242,37.5%,50.0%,12.5%,75.9%,90.0%,88.9%,68.4%,13.6%,-43
Northeastern,Ryan Gerety,All,396,67,88.9,101.4,103.2,38.8%,11.3°,9.2°,34.3,4.5%,3,0.333,0.261,0.411,0.377,37.3%,25.4%,25.4%,36.9%,60.3%,89.8%,17.5%,21.2%,101
Missouri,Blake Simpson,All,33,8,81.2,101.0,101.9,25.0%,-15.6°,-8.0°,0.0,0.0%,0,0.25,0.137,0.411,0.283,75.0%,12.5%,0.0%,45.5%,55.6%,100.0%,41.7%,6.7%,115
Virginia,Chone James,All,269,49,91.7,105.7,108.4,49.0%,7.6°,9.7°,42.9,8.2%,4,0.354,0.341,0.411,0.433,40.8%,14.3%,38.8%,51.3%,76.8%,86.5%,29.2%,24.6%,105
Abilene Christian,Grant Watkins,All,694,101,94.4,108.7,111.7,58.4%,16.5°,17.1°,46.5,16.8%,17,0.267,0.31,0.411,0.47,26.7%,30.7%,33.7%,40.5%,62.4%,76.1%,25.5%,33.8%,97
Lander,Adam Love,All,35,9,90.7,105.5,107.0,44.4%,11.7°,7.9°,44.4,0.0%,0,0.4,0.326,0.411,0.379,33.3%,22.2%,33.3%,54.3%,89.5%,70.6%,12.5%,31.6%,201
UC Santa Barbara,Ian Fernandez,All,204,23,91.5,107.1,110.0,56.5%,9.0°,12.8°,34.8,13.0%,3,0.279,0.222,0.411,0.345,47.8%,21.7%,26.1%,47.1%,68.5%,68.9%,30.4%,40.6%,79
Evansville,Charlie Longmeier,All,708,111,86.9,101.8,106.4,34.2%,6.7°,12.5°,35.1,5.4%,6,0.297,0.323,0.411,0.43,45.9%,20.7%,29.7%,41.4%,73.7%,78.7%,18.6%,25.9%,138
Youngstown State,Caleb Hadley,All,172,20,87.2,103.1,106.4,45.0%,14.4°,19.3°,35.0,15.0%,3,0.265,0.218,0.411,0.385,30.0%,45.0%,20.0%,43.6%,59.4%,75.6%,33.0%,44.0%,36
Tennessee Wesleyan,Kolton Reynolds,All,38,5,98.0,103.8,103.8,60.0%,6.7°,13.8°,40.0,20.0%,1,0.25,0.307,0.411,0.443,40.0%,20.0%,20.0%,50.0%,68.8%,81.8%,36.4%,26.3%,95
Penn,Gavin Degnan,All,358,49,87.0,106.9,108.6,34.7%,4.5°,13.2°,22.4,8.2%,4,0.291,0.205,0.411,0.32,53.1%,20.4%,18.4%,43.6%,65.6%,73.3%,27.0%,34.0%,103
Yale,Max Imhoff,All,463,65,86.2,100.3,104.0,35.4%,11.8°,13.0°,41.5,0.0%,0,0.33,0.256,0.411,0.371,36.9%,15.4%,38.5%,41.5%,69.3%,84.7%,22.3%,24.5%,112
Lynn,Jesse Robinson,All,34,9,96.3,106.4,107.2,77.8%,7.1°,8.3°,44.4,0.0%,0,0.4,0.51,0.411,0.561,55.6%,11.1%,33.3%,64.7%,93.3%,78.6%,42.1%,27.3%,69
Southeastern (FL),Myles White,All,428,64,84.2,95.3,98.7,9.4%,6.2°,19.4°,42.2,0.0%,0,0.333,0.299,0.411,0.38,50.0%,17.2%,32.8%,39.3%,68.0%,88.2%,19.4%,17.3%,137
Notre Dame,Connor Hincks,All,634,109,89.1,103.5,106.5,41.3%,12.0°,16.5°,46.8,7.3%,8,0.333,0.306,0.411,0.402,33.0%,22.9%,41.3%,48.6%,71.0%,83.0%,29.7%,26.6%,83
Georgia Tech,Caleb Daniel,All,939,152,85.9,99.3,107.8,26.3%,15.1°,17.3°,36.8,2.0%,3,0.325,0.286,0.411,0.374,35.5%,30.3%,30.9%,41.9%,62.3%,90.5%,21.2%,14.5%,88
College of Charleston,Alex Christie,All,34,5,93.5,103.2,104.8,60.0%,20.5°,30.6°,0.0,0.0%,0,0.25,0.153,0.411,0.25,20.0%,40.0%,20.0%,44.1%,64.7%,54.5%,23.5%,53.3%,57
Gardner-Webb,Bennett Shealor,All,97,12,95.0,102.7,103.6,58.3%,11.1°,17.4°,33.3,16.7%,2,0.25,0.259,0.411,0.373,41.7%,25.0%,25.0%,40.2%,68.2%,83.3%,17.0%,30.8%,109
Kent State,Hunter Klotz,All,337,41,86.2,100.7,104.5,41.5%,8.1°,21.1°,43.9,2.4%,1,0.281,0.272,0.411,0.419,43.9%,22.0%,34.1%,35.9%,61.0%,79.1%,17.9%,26.4%,114
Charleston,Evan Ulrich,All,36,5,91.3,99.0,99.6,40.0%,33.2°,11.5°,40.0,0.0%,0,0.25,0.198,0.411,0.281,0.0%,40.0%,20.0%,55.6%,85.7%,75.0%,36.4%,30.0%,112
Grand View,Brock Rinehart,All,33,7,86.0,100.9,102.1,28.6%,21.3°,23.8°,14.3,0.0%,0,0.25,0.284,0.411,0.395,28.6%,42.9%,28.6%,39.4%,70.6%,100.0%,6.2%,7.7%,190
Missouri State,Taeg Gollert,All,633,119,92.1,107.8,112.0,57.1%,9.9°,12.2°,31.9,10.1%,12,0.313,0.318,0.411,0.435,45.4%,21.0%,26.1%,46.6%,72.8%,83.9%,27.7%,23.7%,96
VCU,Jacob Lee,All,777,112,91.1,106.5,110.2,49.1%,23.6°,22.0°,42.0,17.9%,20,0.282,0.264,0.411,0.4,24.1%,42.9%,27.7%,45.7%,70.2%,76.4%,27.9%,35.5%,82
Rider,Kyle Neri,All,224,38,90.7,102.0,105.1,36.8%,8.7°,16.4°,31.6,7.9%,3,0.333,0.347,0.411,0.48,44.7%,26.3%,21.1%,43.3%,67.4%,85.9%,25.6%,24.7%,123
Emmanuel (GA),Zachary Bergstrom,All,145,19,88.1,103.6,108.7,47.4%,12.7°,9.5°,26.3,5.3%,1,0.32,0.252,0.411,0.444,47.4%,5.3%,21.1%,34.5%,50.9%,86.2%,23.9%,24.0%,97
Mount Olive,Lane McLean,All,325,77,83.8,99.7,103.3,26.0%,10.2°,9.0°,31.2,1.3%,1,0.317,0.301,0.411,0.354,45.5%,19.5%,24.7%,40.3%,67.2%,96.4%,23.5%,6.1%,112
VMI,James Newsome,All,276,25,88.3,108.5,109.6,48.0%,10.4°,14.8°,40.0,16.0%,4,0.28,0.235,0.411,0.381,36.0%,28.0%,32.0%,32.2%,50.0%,77.4%,21.2%,37.1%,98
Oral Roberts,Martell Davis,All,163,27,87.2,103.2,107.0,37.0%,16.9°,9.8°,40.7,11.1%,3,0.289,0.291,0.411,0.394,37.0%,33.3%,25.9%,50.9%,75.3%,77.0%,26.8%,30.1%,107
Rhode Island,DJ Perron,All,815,138,89.2,103.0,110.2,39.9%,12.6°,16.6°,34.8,8.7%,12,0.288,0.293,0.411,0.422,39.1%,31.9%,23.2%,40.4%,66.6%,91.8%,19.1%,13.7%,128
Tennessee Wesleyan,Joshua Shelly,All,28,7,94.0,104.8,105.0,71.4%,1.0°,7.5°,42.9,0.0%,0,0.4,0.363,0.411,0.378,42.9%,0.0%,57.1%,60.7%,66.7%,90.0%,53.8%,17.6%,70
Tulane,Brock Slaton,All,167,22,89.6,104.4,106.4,54.5%,10.7°,8.7°,40.9,18.2%,4,0.278,0.234,0.41,0.346,40.9%,31.8%,22.7%,47.3%,74.7%,64.3%,25.0%,41.8%,109
Army,Thomas Schreck,All,496,93,86.7,102.0,106.9,33.3%,6.8°,3.1°,32.3,0.0%,0,0.351,0.252,0.41,0.319,48.4%,26.9%,23.7%,44.8%,63.5%,86.6%,30.9%,20.3%,87
Tufts,James Henshon,All,243,51,85.8,100.8,103.7,27.5%,6.6°,9.1°,39.2,0.0%,0,0.364,0.357,0.41,0.405,47.1%,13.7%,37.3%,40.7%,71.0%,90.8%,16.9%,12.1%,143
USC,Adrian Lopez,All,917,172,90.2,105.6,112.8,41.3%,11.5°,12.0°,38.4,7.6%,13,0.327,0.291,0.41,0.39,35.5%,25.6%,30.8%,49.7%,76.8%,88.3%,28.8%,21.5%,87
Coastal Carolina,Blagen Pado,All,482,63,87.6,104.3,106.3,46.0%,20.8°,19.9°,30.2,11.1%,7,0.297,0.234,0.41,0.356,31.7%,34.9%,25.4%,42.9%,65.5%,80.7%,26.1%,32.4%,87
NJIT,Austin Francis,All,311,63,84.4,97.8,100.9,20.6%,8.8°,11.3°,34.9,0.0%,0,0.343,0.283,0.41,0.347,47.6%,20.6%,28.6%,45.7%,70.4%,92.6%,26.7%,14.8%,103
Azusa Pacific,Jacob Freer,All,47,14,92.0,100.4,101.2,28.6%,21.3°,21.4°,42.9,0.0%,0,0.312,0.299,0.41,0.365,21.4%,35.7%,35.7%,53.2%,70.0%,90.5%,23.5%,16.0%,107
LSU,Steven Milam,All,1005,203,89.3,103.2,109.1,35.5%,14.7°,12.2°,37.9,4.4%,9,0.299,0.316,0.41,0.418,38.4%,25.1%,25.6%,41.0%,64.5%,90.8%,24.1%,14.6%,98
Harvard,George Cooper,All,434,105,85.7,103.4,112.2,30.5%,13.4°,11.0°,36.2,2.9%,3,0.362,0.286,0.41,0.366,37.1%,33.3%,24.8%,55.1%,80.0%,83.6%,35.7%,18.8%,97
Texas A&M,Kaeden Kent,All,883,144,88.9,102.2,107.4,37.5%,14.6°,12.4°,45.8,5.6%,8,0.281,0.311,0.41,0.43,36.8%,29.2%,31.9%,41.7%,63.0%,88.6%,23.8%,15.8%,92
Oregon State,Wilson Weber,All,873,143,92.4,109.7,116.5,51.7%,11.4°,13.4°,36.4,9.1%,13,0.33,0.312,0.41,0.41,40.6%,22.4%,30.8%,44.2%,64.4%,82.7%,28.3%,29.0%,74
Northwestern,Owen McElfatrick,All,802,134,89.4,105.4,108.5,40.3%,13.4°,15.4°,33.6,8.2%,11,0.302,0.288,0.41,0.391,41.0%,26.9%,24.6%,41.5%,61.2%,87.0%,26.1%,22.2%,97
Virginia Tech,David McCann,All,725,119,93.7,106.7,109.2,58.0%,17.5°,20.2°,41.2,17.6%,21,0.286,0.342,0.41,0.488,33.6%,37.8%,26.1%,44.6%,65.9%,81.7%,27.4%,26.3%,80
Oregon,Jeffery Heard,All,396,59,91.5,105.9,109.3,52.5%,9.5°,10.2°,42.4,6.8%,4,0.309,0.288,0.41,0.409,40.7%,16.9%,37.3%,38.9%,63.4%,90.8%,20.1%,15.6%,95
Oklahoma,Dayton Tockey,All,604,88,90.1,108.3,110.8,48.9%,9.0°,9.3°,30.7,11.4%,10,0.295,0.278,0.41,0.395,47.7%,22.7%,25.0%,44.4%,75.0%,77.3%,20.6%,28.0%,121
Utah Valley,CJ Colyer,All,389,60,97.1,110.5,112.8,55.0%,16.0°,12.9°,43.3,13.3%,8,0.31,0.3,0.41,0.404,28.3%,25.0%,36.7%,46.0%,69.0%,80.8%,27.4%,33.5%,105
Duke,Tyler Albright,All,1072,153,88.7,105.1,107.3,44.4%,9.5°,13.6°,40.5,11.1%,17,0.299,0.282,0.41,0.424,38.6%,21.6%,31.4%,39.2%,68.1%,82.0%,17.7%,25.2%,125
Cal State Northridge,Will Linberg,All,550,81,87.4,100.4,106.6,34.6%,9.2°,10.5°,38.3,2.5%,2,0.327,0.273,0.41,0.373,45.7%,27.2%,25.9%,36.0%,59.3%,89.1%,19.1%,17.7%,120
Alabama State,Kelvin Agosto,All,462,87,87.4,102.5,105.0,35.6%,4.7°,12.5°,32.2,8.0%,7,0.33,0.312,0.41,0.411,47.1%,28.7%,23.0%,38.3%,63.6%,85.7%,19.3%,18.6%,103
Bradley,Jackson Smith,All,433,69,87.0,100.8,102.3,26.1%,3.2°,13.3°,37.7,2.9%,2,0.344,0.26,0.41,0.336,53.6%,15.9%,29.0%,41.6%,60.1%,88.8%,21.9%,15.0%,86
Florida State,Max Williams,All,858,182,92.4,109.5,114.5,53.3%,7.8°,8.3°,34.6,12.1%,22,0.303,0.335,0.409,0.444,45.6%,18.1%,25.3%,53.8%,83.7%,83.8%,32.2%,25.8%,72
Gardner-Webb,Drew Ripepi,All,119,8,93.8,106.4,107.4,50.0%,20.1°,16.9°,37.5,25.0%,2,0.263,0.202,0.409,0.36,25.0%,25.0%,37.5%,41.2%,65.2%,63.3%,26.0%,44.9%,84
Georgia,Kolby Branch,All,837,103,92.2,106.2,109.7,55.3%,15.4°,14.9°,31.1,9.7%,10,0.296,0.241,0.409,0.354,36.9%,32.0%,23.3%,41.5%,63.5%,77.5%,23.3%,30.8%,103
Radford,Tyler Sparrer,All,351,81,82.8,94.8,103.1,11.1%,13.5°,2.5°,38.3,1.2%,1,0.372,0.335,0.409,0.376,37.0%,24.7%,34.6%,45.6%,71.8%,94.4%,26.2%,13.8%,108
Oklahoma State,Alex Conover,All,419,57,96.1,107.6,111.0,68.4%,9.2°,14.1°,31.6,15.8%,9,0.279,0.289,0.409,0.411,47.4%,24.6%,26.3%,43.9%,69.1%,82.9%,25.3%,26.1%,92
Auburn,Lucas Steele,All,755,109,91.5,105.7,112.6,49.5%,20.2°,17.5°,43.1,13.8%,15,0.282,0.318,0.409,0.478,28.4%,29.4%,30.3%,40.1%,68.3%,85.5%,17.8%,22.1%,113
William & Mary,Christian Rush,All,806,126,87.7,103.1,107.3,36.5%,22.4°,19.6°,37.3,7.1%,9,0.306,0.255,0.409,0.366,27.0%,36.5%,25.4%,41.7%,67.1%,81.6%,21.6%,26.2%,130
Cornell,Mark Quatrani,All,496,91,89.3,105.8,108.1,41.8%,14.6°,15.6°,41.8,7.7%,7,0.318,0.33,0.409,0.462,34.1%,23.1%,33.0%,46.6%,74.4%,85.5%,23.8%,22.1%,109
Miami (OH),Ty Batusich,All,791,146,87.5,102.3,105.6,31.5%,6.2°,8.5°,29.5,1.4%,2,0.323,0.283,0.409,0.387,49.3%,24.7%,21.9%,39.7%,63.9%,92.0%,22.2%,13.4%,108
Arkansas,Justin Thomas,All,796,112,92.3,106.4,112.5,48.2%,12.9°,15.4°,35.7,9.8%,11,0.291,0.284,0.409,0.421,37.5%,29.5%,25.9%,40.6%,65.9%,78.9%,18.1%,27.2%,108
Eastern Michigan,Ty Stecko,All,397,55,90.6,104.4,105.6,38.2%,16.5°,21.0°,40.0,12.7%,7,0.272,0.258,0.409,0.412,30.9%,34.5%,21.8%,42.1%,71.2%,85.7%,18.6%,26.3%,108
Arizona,Adonys Guzman,All,859,175,91.2,105.7,108.8,50.9%,14.2°,17.5°,36.0,8.0%,14,0.34,0.328,0.409,0.445,38.3%,29.7%,27.4%,45.2%,74.1%,86.3%,22.7%,20.9%,110
Bryant,Jacob Gaudreau,All,330,40,82.6,99.5,103.8,22.5%,11.7°,10.6°,35.0,0.0%,0,0.327,0.253,0.409,0.354,37.5%,27.5%,32.5%,38.8%,56.6%,79.7%,28.4%,22.7%,87
UC Santa Barbara,Nathan Vargas,All,724,129,90.2,106.6,109.4,45.7%,11.8°,13.7°,41.1,10.9%,14,0.325,0.31,0.409,0.425,37.2%,32.6%,27.1%,41.6%,68.3%,86.7%,21.7%,24.3%,112
Western Kentucky,Austin Haller,All,672,112,87.4,101.1,106.8,32.1%,-1.8°,0.7°,21.4,0.0%,0,0.323,0.283,0.409,0.373,64.3%,17.0%,14.3%,37.6%,62.2%,94.0%,18.5%,10.7%,96
Missouri State,Tyler Epstein,All,635,99,87.9,98.9,103.3,27.3%,11.8°,17.1°,38.4,2.0%,2,0.311,0.275,0.409,0.38,38.4%,27.3%,29.3%,42.4%,72.8%,85.3%,21.1%,23.0%,132
Fresno State,Griffen Sotomayor,All,626,138,89.2,104.4,109.5,42.8%,5.6°,8.9°,29.7,2.2%,3,0.327,0.31,0.409,0.392,47.8%,21.7%,24.6%,51.6%,80.4%,90.3%,28.1%,19.2%,105
Fresno State,Murf Gray,All,767,172,89.9,108.3,115.3,44.8%,13.9°,14.6°,30.2,8.7%,15,0.309,0.325,0.409,0.421,37.2%,32.0%,23.3%,48.5%,72.3%,90.3%,30.8%,17.2%,80
Cal Poly,Cameron Hoiland,All,588,117,88.4,103.9,107.3,41.0%,7.8°,8.9°,31.6,6.0%,7,0.338,0.282,0.409,0.364,46.2%,27.4%,22.2%,48.3%,72.8%,81.8%,29.3%,27.8%,93
LSU,John Pearson,All,112,13,95.8,107.4,108.4,46.2%,19.6°,18.5°,30.8,23.1%,3,0.25,0.257,0.408,0.443,30.8%,46.2%,7.7%,38.4%,56.0%,71.4%,24.2%,37.2%,131
Wake Forest,Matt Scannell,All,1031,149,89.5,107.0,114.4,42.3%,11.8°,9.9°,27.5,7.4%,11,0.289,0.28,0.408,0.399,46.3%,21.5%,20.8%,36.7%,56.5%,84.9%,19.3%,19.8%,106
Jacksonville State,Grayson Ashe,All,719,121,89.1,105.0,107.3,46.3%,10.5°,12.5°,39.7,10.7%,13,0.299,0.324,0.408,0.445,43.8%,28.1%,24.8%,36.7%,59.0%,89.2%,19.3%,17.0%,95
Air Force,Luke Elmore,All,452,85,84.6,98.6,105.0,24.7%,18.8°,16.7°,31.8,2.4%,2,0.34,0.254,0.408,0.341,32.9%,35.3%,24.7%,42.5%,66.5%,89.7%,27.2%,25.0%,92
Marist,Dylan Millman,All,64,7,89.7,98.3,99.5,42.9%,9.5°,19.3°,57.1,14.3%,1,0.273,0.371,0.408,0.502,42.9%,14.3%,42.9%,26.6%,44.0%,81.8%,15.4%,35.3%,105
Young Harris,Jeremy Begora,All,427,72,86.5,102.9,107.3,38.9%,17.7°,12.3°,36.1,4.2%,3,0.286,0.309,0.408,0.394,34.7%,25.0%,29.2%,45.0%,74.4%,86.6%,23.5%,19.8%,121
Memphis,Shane Cox,All,676,132,88.8,103.1,107.4,40.2%,20.1°,11.5°,37.9,3.8%,5,0.307,0.286,0.408,0.374,30.3%,33.3%,28.8%,42.0%,61.0%,84.6%,26.1%,23.6%,71
North Dakota State,Davis Hamilton,All,384,64,85.8,101.5,106.9,34.4%,8.8°,9.9°,37.5,3.1%,2,0.316,0.305,0.408,0.407,48.4%,20.3%,28.1%,33.6%,55.6%,91.0%,17.9%,14.0%,92
Emmanuel (GA),Ryan Muniz,All,185,40,83.9,99.8,103.1,32.5%,13.7°,11.6°,40.0,0.0%,0,0.333,0.313,0.408,0.357,35.0%,12.5%,45.0%,47.6%,78.5%,94.1%,30.8%,20.5%,106
USC,Andrew Lamb,All,467,82,87.8,103.1,106.9,34.1%,7.3°,16.7°,29.3,3.7%,3,0.303,0.258,0.408,0.347,48.8%,19.5%,22.0%,50.3%,75.5%,75.5%,31.5%,28.1%,105
Northwestern,Trent Liolios,All,666,114,87.3,103.6,105.8,39.5%,21.6°,24.9°,38.6,11.4%,13,0.253,0.26,0.408,0.404,26.3%,49.1%,20.2%,47.4%,73.7%,76.5%,30.0%,30.1%,85
Troy,Gavin Schrader,All,476,65,86.0,105.8,109.4,33.8%,11.2°,15.5°,36.9,7.7%,5,0.292,0.281,0.408,0.387,43.1%,21.5%,33.8%,44.5%,62.5%,86.4%,31.5%,20.3%,71
Stonehill,Taylor Gaspar,All,167,29,90.2,110.1,115.3,55.2%,6.0°,18.3°,37.9,17.2%,5,0.289,0.291,0.408,0.407,44.8%,27.6%,27.6%,49.7%,69.9%,74.5%,34.0%,45.8%,75
Arizona State,Landon Hairston,All,800,157,90.4,106.7,111.4,47.8%,2.0°,9.4°,34.4,5.7%,9,0.335,0.364,0.408,0.456,54.8%,15.3%,28.0%,41.8%,64.6%,87.1%,23.1%,16.8%,96
Nebraska,Max Buettenback,All,466,86,88.5,108.1,110.5,41.9%,11.9°,11.1°,39.5,10.5%,9,0.306,0.298,0.408,0.393,33.7%,22.1%,36.0%,44.2%,71.2%,86.5%,24.3%,22.8%,105
Appalachian State,Tyler Figueroa,All,656,118,86.1,101.2,105.6,29.7%,16.7°,16.7°,33.9,6.8%,8,0.289,0.273,0.408,0.402,38.1%,34.7%,21.2%,44.1%,72.3%,87.7%,22.7%,18.7%,123
Florida,Brendan Lawson,All,983,156,93.2,106.4,112.2,55.8%,11.3°,12.3°,34.6,10.9%,17,0.314,0.305,0.407,0.427,41.7%,25.6%,27.6%,44.0%,69.0%,84.1%,25.5%,25.4%,91
Georgetown,Owen Carapellotti,All,253,58,87.5,103.5,109.7,37.9%,14.4°,14.7°,37.9,10.3%,6,0.299,0.317,0.407,0.426,39.7%,29.3%,22.4%,49.0%,70.0%,88.3%,32.9%,21.0%,26
Ole Miss,Campbell Smithwick,All,441,56,88.9,104.8,107.4,42.9%,16.7°,19.3°,25.0,5.4%,3,0.296,0.238,0.407,0.349,39.3%,32.1%,21.4%,41.5%,67.9%,85.3%,21.5%,28.4%,118
Tennessee Tech,Riley Black,All,102,12,90.4,104.5,111.9,50.0%,23.7°,27.3°,41.7,16.7%,2,0.235,0.255,0.407,0.438,25.0%,41.7%,33.3%,31.4%,56.4%,81.8%,15.9%,28.1%,111
Limestone,Adams Faucett,All,285,53,80.3,96.6,101.5,18.9%,-1.1°,5.2°,22.6,0.0%,0,0.414,0.277,0.407,0.329,64.2%,15.1%,17.0%,38.9%,64.2%,91.1%,19.8%,14.4%,122
Lebanon Valley,Kody Phillips,All,127,22,86.3,96.7,97.7,18.2%,17.3°,13.8°,50.0,0.0%,0,0.276,0.224,0.407,0.345,22.7%,31.8%,40.9%,40.9%,78.4%,90.0%,15.8%,15.4%,149
Richmond,Phillip Bernstein,All,714,125,86.9,100.3,104.3,28.8%,5.6°,8.7°,29.6,0.8%,1,0.316,0.268,0.407,0.385,47.2%,27.2%,20.8%,36.3%,64.0%,93.5%,17.4%,9.3%,133
Loyola Marymount,Zion Williams,All,632,105,88.4,108.0,115.3,42.9%,5.3°,8.0°,34.3,8.6%,9,0.331,0.282,0.407,0.38,47.6%,27.6%,23.8%,42.6%,68.2%,80.9%,24.5%,29.0%,76
BYU,Tate Gambill,All,476,72,86.7,100.6,104.6,30.6%,12.5°,14.7°,38.9,2.8%,2,0.327,0.266,0.406,0.36,48.6%,27.8%,23.6%,38.0%,60.2%,85.9%,16.2%,19.9%,121
Wofford,Tyler Bak,All,548,96,88.9,100.9,105.1,37.5%,6.1°,7.3°,29.2,2.1%,2,0.347,0.291,0.406,0.393,57.3%,15.6%,25.0%,40.7%,66.5%,91.7%,18.4%,12.1%,137
Guilford,Aaron Williams,All,44,6,83.5,95.7,96.4,16.7%,-8.6°,6.7°,33.3,0.0%,0,0.286,0.236,0.406,0.38,66.7%,0.0%,33.3%,27.3%,53.3%,100.0%,13.8%,16.7%,187
Wofford,James Layman,All,634,82,85.0,98.0,101.2,28.0%,14.4°,16.6°,46.3,2.4%,2,0.357,0.256,0.406,0.344,40.2%,24.4%,31.7%,41.5%,68.6%,85.4%,18.6%,19.0%,120
UNC Wilmington,Tanner Thach,All,951,189,90.3,106.7,110.8,49.2%,14.0°,16.8°,37.6,9.5%,18,0.326,0.336,0.406,0.448,36.0%,30.7%,27.5%,50.4%,72.9%,89.2%,35.4%,20.3%,68
Ohio,Jackson Cauthron,All,204,33,82.5,99.6,105.2,24.2%,18.7°,23.7°,33.3,6.1%,2,0.302,0.194,0.406,0.307,39.4%,39.4%,18.2%,41.2%,68.7%,86.0%,22.3%,16.7%,144
Southern Indiana,Cole Kitchens,All,380,78,87.5,103.2,105.1,39.7%,7.9°,11.9°,43.6,1.3%,1,0.362,0.334,0.406,0.385,43.6%,21.8%,34.6%,53.4%,71.1%,85.2%,41.7%,23.2%,49
Wofford,Lucas Grantham,All,109,18,85.4,100.5,101.9,16.7%,6.2°,-17.9°,16.7,0.0%,0,0.318,0.231,0.406,0.321,50.0%,16.7%,16.7%,37.6%,59.5%,95.5%,26.4%,22.0%,37
Radford,Breckin Nace,All,632,105,89.9,101.8,105.0,35.2%,7.8°,8.7°,38.1,0.0%,0,0.336,0.322,0.406,0.39,51.4%,22.9%,24.8%,37.5%,59.8%,91.8%,21.5%,13.9%,101
Notre Dame,Davis Johnson,All,638,82,87.5,106.7,111.0,45.1%,11.1°,17.8°,35.4,12.2%,10,0.281,0.263,0.406,0.402,41.5%,30.5%,24.4%,39.0%,60.7%,74.7%,23.5%,34.1%,94
Indiana State,Carter Beck,All,545,99,90.5,105.2,111.2,45.5%,5.7°,10.5°,25.3,5.1%,5,0.298,0.279,0.406,0.387,49.5%,22.2%,22.2%,45.3%,67.2%,85.9%,29.1%,24.3%,105
Lebanon Valley,Spencer Butz,All,153,26,87.3,98.2,99.3,30.8%,15.8°,13.9°,38.5,0.0%,0,0.333,0.284,0.406,0.354,46.2%,30.8%,19.2%,36.6%,66.7%,95.0%,17.2%,14.3%,130
Connecticut,Sam Biller,All,768,141,90.1,106.0,108.7,44.7%,12.3°,12.9°,34.8,10.6%,15,0.294,0.303,0.406,0.428,39.7%,29.1%,27.0%,42.2%,66.9%,91.4%,23.7%,19.4%,118
Purdue,Lukas Cook,All,427,94,87.2,102.6,107.2,31.9%,7.0°,13.5°,46.8,1.1%,1,0.387,0.337,0.406,0.388,41.5%,19.1%,38.3%,57.1%,82.8%,87.5%,39.5%,27.5%,71
Maryland,Elijah Lambros,All,745,121,90.6,105.9,108.3,43.0%,14.7°,12.6°,38.0,6.6%,8,0.298,0.291,0.406,0.425,33.9%,28.9%,32.2%,36.8%,59.3%,86.9%,19.6%,20.4%,109
Florida Atlantic,John Schroeder,All,306,58,94.2,107.4,108.9,51.7%,17.6°,18.1°,41.4,12.1%,7,0.296,0.301,0.406,0.402,31.0%,27.6%,29.3%,56.5%,81.2%,75.9%,36.3%,34.7%,91
Louisville,Matt Klein,All,533,100,90.6,106.2,109.9,42.0%,2.7°,7.3°,29.0,6.0%,6,0.31,0.299,0.406,0.39,54.0%,23.0%,21.0%,41.5%,65.7%,87.6%,22.7%,21.3%,102
Westmont,Jack Bollengier,All,225,49,80.9,99.5,101.5,28.6%,6.0°,9.9°,42.9,2.0%,1,0.373,0.292,0.406,0.351,42.9%,12.2%,38.8%,56.0%,76.8%,90.5%,44.1%,21.4%,51
Coastal Carolina,Caden Bodine,All,998,217,90.9,104.6,109.1,45.6%,13.0°,11.4°,34.1,5.5%,12,0.321,0.329,0.406,0.444,42.9%,33.6%,21.7%,40.1%,64.7%,96.3%,22.5%,11.5%,118
Hofstra,Tyler Cox,All,432,61,84.1,104.6,106.4,37.7%,11.1°,8.7°,31.1,3.3%,2,0.273,0.25,0.406,0.386,39.3%,29.5%,27.9%,36.3%,62.4%,83.7%,14.5%,21.7%,98
Sam Houston State,Brady Christensen,All,322,37,91.2,106.7,110.6,43.2%,13.5°,15.9°,29.7,10.8%,4,0.283,0.199,0.406,0.335,45.9%,35.1%,13.5%,40.1%,62.4%,73.1%,20.8%,30.2%,87
Oakland,Jack Lux,All,308,37,84.5,101.3,103.3,37.8%,7.9°,17.4°,45.9,10.8%,4,0.271,0.249,0.406,0.39,40.5%,35.1%,24.3%,38.6%,61.4%,74.1%,21.6%,32.8%,119
UTRGV,Steven Lancia,All,175,33,89.5,101.9,104.3,42.4%,-2.9°,7.6°,33.3,6.1%,2,0.317,0.274,0.406,0.404,63.6%,9.1%,21.2%,34.9%,52.8%,89.5%,22.3%,24.6%,105
Ohio State,Lee Ellis,All,657,106,89.2,103.9,108.4,46.2%,11.8°,13.8°,37.7,8.5%,9,0.304,0.301,0.406,0.407,42.5%,25.5%,27.4%,46.1%,67.9%,85.9%,28.6%,24.1%,82
Dallas Baptist,Michael Dattalo,All,975,182,89.2,103.4,108.4,42.3%,8.9°,12.9°,45.1,7.7%,14,0.324,0.347,0.406,0.457,42.9%,22.5%,33.0%,38.4%,57.7%,91.6%,22.8%,13.4%,101
BYU,Bryker Hurdsman,All,720,121,89.5,105.5,109.6,43.0%,4.2°,8.2°,33.9,5.8%,7,0.339,0.283,0.406,0.355,53.7%,16.5%,29.8%,51.2%,74.9%,82.2%,33.7%,32.5%,72
Manhattan,Ryan Lordier,All,231,42,86.2,95.4,99.9,19.0%,8.6°,2.0°,35.7,0.0%,0,0.319,0.294,0.406,0.393,52.4%,19.0%,26.2%,43.7%,73.5%,86.1%,21.8%,14.9%,140
Utah Tech,Aaron Perez,All,579,104,88.6,105.2,109.3,45.2%,5.5°,9.1°,35.6,4.8%,5,0.356,0.322,0.406,0.391,47.1%,13.5%,33.7%,48.4%,75.1%,81.1%,27.6%,27.9%,98
Austin Peay,Andres Matias,All,489,94,87.1,105.1,107.4,34.0%,11.3°,14.9°,34.0,7.4%,7,0.339,0.31,0.406,0.383,37.2%,25.5%,28.7%,49.3%,74.8%,86.8%,31.4%,24.1%,80
Campbell,Joseph Simpson,All,557,77,86.9,101.6,104.5,33.8%,15.3°,19.1°,33.8,3.9%,3,0.311,0.239,0.406,0.342,35.1%,31.2%,24.7%,45.2%,71.2%,77.5%,25.2%,30.6%,92
Eastern Illinois,Ethan Rossi,All,390,59,91.2,106.8,110.8,47.5%,11.8°,9.8°,33.9,8.5%,5,0.333,0.253,0.406,0.35,44.1%,20.3%,27.1%,38.7%,60.0%,84.9%,24.7%,27.2%,87
Bryant,Cam Papetti,All,334,44,89.3,102.4,105.7,50.0%,25.1°,25.1°,34.1,13.6%,6,0.274,0.229,0.406,0.367,27.3%,43.2%,15.9%,40.1%,66.7%,75.0%,22.8%,32.8%,122
Auburn,Chase Fralick,All,891,154,90.5,103.4,108.7,42.9%,11.0°,6.8°,30.5,2.6%,4,0.34,0.302,0.405,0.376,46.1%,16.9%,27.3%,39.4%,59.0%,89.8%,22.2%,15.7%,79
New Mexico State,Brandon Forrester,All,859,154,84.7,99.5,103.6,26.6%,9.8°,5.3°,38.3,0.0%,0,0.34,0.298,0.405,0.372,44.2%,22.7%,31.2%,41.0%,68.0%,89.5%,19.8%,16.8%,130
Saint Louis,Brenden Stressler,All,494,85,87.0,103.5,107.4,35.3%,9.3°,15.2°,37.6,8.2%,7,0.282,0.306,0.405,0.434,41.2%,24.7%,27.1%,42.9%,74.1%,83.6%,20.8%,22.2%,137
Tulane,Theo Bryant,All,333,61,90.2,103.3,107.4,37.7%,16.8°,13.2°,31.1,8.2%,5,0.293,0.252,0.405,0.376,37.7%,31.1%,23.0%,45.6%,77.2%,83.7%,26.2%,25.0%,82
Saint Louis,Chase Beattie,All,263,42,90.2,105.6,107.1,35.7%,14.0°,11.7°,31.0,9.5%,4,0.35,0.295,0.405,0.363,47.6%,11.9%,28.6%,43.3%,59.3%,77.6%,31.3%,30.7%,70
Penn State,Matthew Maloney,All,329,71,87.7,106.1,107.3,35.2%,6.0°,8.8°,31.0,5.6%,4,0.333,0.324,0.405,0.389,59.2%,14.1%,23.9%,48.6%,71.9%,87.6%,32.5%,20.0%,84
Lee,Tucker Platt,All,299,62,90.1,102.9,104.8,30.6%,20.7°,6.3°,30.6,0.0%,0,0.329,0.233,0.405,0.321,29.0%,25.8%,27.4%,43.5%,70.9%,88.5%,27.5%,26.2%,82
UNC Asheville,Owen Michelson,All,181,34,81.4,97.2,99.7,20.6%,10.8°,13.2°,38.2,0.0%,0,0.333,0.255,0.405,0.319,38.2%,23.5%,32.4%,38.1%,61.9%,96.2%,17.5%,14.5%,121
Western Kentucky,Joe Siervo,All,669,86,87.6,102.9,108.0,34.9%,7.7°,11.8°,31.4,4.7%,4,0.27,0.254,0.405,0.392,46.5%,22.1%,24.4%,34.1%,58.2%,84.3%,16.1%,21.5%,120
Butler,William Burgess,All,173,34,88.9,102.8,104.3,41.2%,12.5°,14.9°,47.1,11.8%,4,0.326,0.327,0.405,0.421,35.3%,23.5%,32.4%,48.0%,69.8%,83.3%,26.4%,24.1%,99
University of Montevallo,Daniel Irizarry,All,117,14,86.1,94.0,98.8,14.3%,16.3°,14.8°,35.7,0.0%,0,0.304,0.23,0.405,0.318,28.6%,21.4%,35.7%,47.0%,69.4%,76.5%,30.9%,25.5%,117
Miami (OH),Dom Krupinski,All,835,108,87.4,105.2,111.2,41.7%,6.5°,13.9°,34.3,3.7%,4,0.302,0.277,0.405,0.398,44.4%,21.3%,29.6%,36.4%,56.5%,82.7%,20.6%,24.0%,90
Oregon State,Jacob Kreig,All,799,108,93.5,109.5,113.9,61.1%,13.1°,15.6°,31.5,16.7%,18,0.256,0.273,0.405,0.423,38.0%,31.5%,24.1%,37.9%,60.0%,79.6%,22.0%,32.7%,87
Lenoir-Rhyne,Cole Laskowski,All,479,91,83.9,98.2,100.7,20.9%,4.9°,11.9°,33.0,0.0%,0,0.32,0.282,0.405,0.364,50.5%,18.7%,26.4%,34.0%,61.5%,95.5%,17.7%,9.2%,148
New Mexico State,Sheehan O'Connor,All,411,65,88.4,104.2,107.9,40.0%,13.5°,16.4°,40.0,12.3%,8,0.287,0.24,0.405,0.355,36.9%,29.2%,26.2%,50.4%,69.5%,76.5%,33.9%,42.5%,33
Mississippi State,Reed Stallman,All,508,67,92.2,106.3,108.5,56.7%,14.5°,19.3°,44.8,14.9%,10,0.263,0.282,0.405,0.413,26.9%,34.3%,34.3%,39.0%,59.9%,79.7%,22.7%,28.8%,102
Sacramento State,Luis Pimentel-Guerrero,All,727,127,86.4,97.7,104.5,21.3%,7.0°,11.0°,29.1,0.8%,1,0.331,0.279,0.405,0.362,55.1%,18.1%,21.3%,40.0%,65.5%,87.0%,19.0%,14.8%,132
Alabama A&M,Kylan Duncan,All,68,10,84.2,97.6,99.1,20.0%,7.9°,7.9°,60.0,0.0%,0,0.412,0.285,0.405,0.292,40.0%,20.0%,40.0%,38.2%,53.3%,87.5%,26.3%,23.1%,69
Morehead State,Griffin Olson,All,520,61,89.6,103.8,108.7,39.3%,14.1°,13.4°,42.6,8.2%,5,0.245,0.233,0.405,0.365,36.1%,27.9%,32.8%,39.0%,63.5%,75.4%,22.3%,35.0%,95
Utah Valley,Dominic Longo,All,561,106,90.3,104.5,110.4,41.5%,15.7°,14.0°,38.7,4.7%,5,0.295,0.309,0.405,0.422,37.7%,26.4%,25.5%,41.4%,62.0%,87.3%,27.1%,18.5%,87
Oklahoma,Jaxon Willits,All,997,148,87.8,102.3,107.2,37.2%,14.7°,16.2°,37.2,5.4%,8,0.304,0.273,0.404,0.385,38.5%,32.4%,24.3%,38.7%,65.9%,87.6%,16.0%,19.2%,132
Indiana,Will Moore,All,664,87,88.8,100.1,102.6,37.9%,1.7°,2.8°,28.7,0.0%,0,0.333,0.273,0.404,0.386,60.9%,11.5%,23.0%,27.7%,51.5%,93.5%,8.4%,8.7%,124
Piedmont,Jack Gilsenan,All,49,8,84.0,94.6,95.1,12.5%,9.1°,15.4°,37.5,0.0%,0,0.364,0.273,0.404,0.396,37.5%,25.0%,37.5%,38.8%,75.0%,91.7%,21.2%,15.8%,113
Southeast Missouri,Cole Warehime,All,527,91,89.1,104.6,108.6,35.2%,14.2°,12.3°,40.7,4.4%,4,0.287,0.268,0.404,0.378,33.0%,29.7%,28.6%,43.1%,70.2%,84.8%,24.4%,23.8%,119
Murray State,Carson Garner,All,379,41,90.4,106.1,109.3,56.1%,12.2°,15.4°,36.6,9.8%,4,0.266,0.27,0.404,0.417,34.1%,31.7%,31.7%,39.1%,67.2%,78.3%,23.1%,39.2%,120
UTSA,Ty Hodge,All,753,153,89.9,107.1,112.3,44.4%,8.0°,7.5°,30.7,3.3%,5,0.32,0.33,0.404,0.412,47.7%,18.3%,27.5%,37.5%,63.5%,90.1%,16.7%,17.0%,122
Southeast Missouri,Ty Stauss,All,505,89,88.5,107.2,111.0,44.9%,10.4°,12.7°,36.0,6.7%,6,0.31,0.296,0.404,0.38,46.1%,22.5%,29.2%,46.3%,73.1%,85.5%,24.5%,24.8%,129
NC State,Alex Sosa,All,886,133,89.4,105.7,108.5,43.6%,11.8°,16.1°,40.6,10.5%,14,0.279,0.278,0.404,0.405,36.8%,27.8%,30.8%,40.0%,60.1%,85.7%,25.4%,24.9%,97
Texas A&M-Corpus Christi,Chance Reisdorph,All,107,20,88.3,102.4,104.5,40.0%,26.7°,14.9°,50.0,5.0%,1,0.28,0.358,0.404,0.451,15.0%,30.0%,45.0%,43.9%,78.7%,81.1%,16.7%,21.3%,149
Southern Miss,Carson Paetow,All,1008,145,91.4,107.9,110.7,50.3%,17.3°,17.4°,35.2,12.4%,18,0.272,0.266,0.404,0.393,35.2%,33.1%,28.3%,42.5%,64.3%,74.8%,25.2%,32.9%,80
St. Thomas (MN),Joe Vos,All,261,38,88.8,106.4,108.1,50.0%,8.7°,9.4°,31.6,2.6%,1,0.309,0.266,0.404,0.352,47.4%,13.2%,28.9%,42.9%,66.7%,77.9%,27.7%,28.6%,93
Limestone,Sion Barnette,All,416,59,81.7,98.8,103.8,20.3%,14.3°,19.2°,32.2,1.7%,1,0.305,0.188,0.404,0.331,37.3%,32.2%,20.3%,37.0%,62.2%,80.4%,19.3%,26.0%,117
New Mexico,Akili Carris,All,437,106,87.0,100.5,105.5,34.9%,8.2°,3.8°,33.0,1.9%,2,0.377,0.307,0.404,0.352,50.0%,22.6%,24.5%,46.5%,69.8%,90.3%,28.2%,16.3%,102
UT Tyler,Tanner Hornback,All,236,47,82.8,96.7,102.2,19.1%,12.4°,-1.0°,40.4,0.0%,0,0.385,0.332,0.404,0.412,34.0%,21.3%,38.3%,35.6%,52.7%,100.0%,24.5%,6.0%,99
Eckerd,Reid Lisle,All,48,8,84.1,97.1,99.8,12.5%,7.1°,1.5°,37.5,0.0%,0,0.364,0.37,0.404,0.395,50.0%,12.5%,37.5%,43.8%,71.4%,73.3%,22.2%,28.6%,136
Princeton,Jake Bold,All,766,106,87.4,104.2,110.3,33.0%,11.8°,11.4°,33.0,8.5%,9,0.258,0.236,0.404,0.385,37.7%,32.1%,19.8%,34.1%,58.7%,84.0%,18.4%,22.6%,113
Coker,Luke Peterson,All,49,7,78.0,84.3,84.3,0.0%,14.9°,-,28.6,0.0%,0,0.364,0.183,0.404,0.306,57.1%,14.3%,28.6%,46.9%,64.7%,81.8%,37.5%,21.7%,22
Florida State,James Hankerson,All,249,27,93.1,110.8,112.8,55.6%,-0.7°,8.6°,37.0,22.2%,6,0.261,0.273,0.403,0.432,48.1%,14.8%,33.3%,41.4%,66.7%,68.2%,24.7%,39.8%,78
Flagler,Eli Maddox,All,93,19,77.5,101.7,102.4,31.6%,-0.3°,14.1°,36.8,0.0%,0,0.348,0.357,0.403,0.396,47.4%,15.8%,36.8%,43.0%,67.6%,100.0%,26.8%,7.5%,99
Kentucky,Carson Hansen,All,390,60,94.3,107.9,108.9,61.7%,15.7°,17.1°,36.7,20.0%,12,0.301,0.304,0.403,0.426,38.3%,36.7%,21.7%,50.8%,77.6%,69.7%,30.0%,40.4%,74
Mercyhurst,Jayden Walker,All,100,22,82.0,98.4,103.8,27.3%,5.7°,7.0°,27.3,0.0%,0,0.348,0.339,0.403,0.365,59.1%,13.6%,18.2%,54.0%,88.2%,93.3%,36.4%,9.3%,102
Mercer,Ely Brown,All,993,160,88.4,102.3,107.6,37.5%,7.5°,4.0°,33.1,0.6%,1,0.335,0.287,0.403,0.396,50.0%,19.4%,26.2%,31.7%,55.9%,90.3%,13.6%,11.7%,121
Central Arkansas,Tanner Leonard,All,166,35,86.7,99.7,102.8,31.4%,6.5°,13.2°,37.1,2.9%,1,0.39,0.285,0.403,0.373,54.3%,17.1%,25.7%,47.0%,62.7%,94.2%,31.3%,21.8%,68
College of Charleston,Will Baumhofer,All,895,149,84.4,99.5,103.4,24.2%,3.7°,7.2°,37.6,1.3%,2,0.322,0.289,0.403,0.375,50.3%,16.8%,28.9%,40.1%,62.1%,88.4%,23.2%,19.2%,92
Iowa,Kellen Strohmeyer,All,294,36,91.8,105.0,110.9,41.7%,13.7°,14.7°,36.1,5.6%,2,0.255,0.264,0.403,0.408,38.9%,30.6%,30.6%,40.8%,70.2%,82.6%,17.2%,28.3%,97
Fresno State,Justin Stransky,All,683,157,86.3,100.9,106.7,33.8%,3.2°,10.4°,27.4,5.1%,8,0.305,0.286,0.403,0.374,53.5%,22.9%,16.6%,43.0%,65.9%,93.0%,24.6%,12.2%,102
High Point,James Murphy,All,671,97,88.7,105.7,112.8,41.2%,9.7°,11.4°,27.8,7.2%,7,0.268,0.256,0.403,0.353,48.5%,21.6%,23.7%,39.5%,69.0%,84.7%,19.1%,25.7%,123
Stanford,Jimmy Nati,All,798,149,90.7,107.2,112.3,47.7%,14.1°,12.3°,32.2,11.4%,17,0.301,0.307,0.403,0.411,36.9%,36.9%,23.5%,46.0%,69.3%,86.8%,27.8%,27.0%,93
Charleston Southern,AJ Martin,All,612,125,86.5,102.6,107.3,34.4%,7.5°,13.0°,36.8,6.4%,8,0.3,0.302,0.403,0.392,46.4%,17.6%,26.4%,45.6%,62.9%,89.3%,34.7%,20.4%,69
Kansas,Derek Cerda,All,977,149,88.7,103.4,106.4,42.3%,17.4°,16.8°,37.6,9.4%,14,0.281,0.28,0.403,0.413,34.9%,32.2%,25.5%,38.7%,64.3%,87.5%,16.0%,17.7%,110
Bellarmine,Landon Akers,All,320,74,84.9,99.8,105.4,31.1%,-2.1°,0.6°,29.7,2.7%,2,0.365,0.328,0.403,0.362,55.4%,13.5%,25.7%,41.6%,59.3%,96.5%,26.9%,9.0%,87
George Washington,Greg Marmo,All,404,47,82.3,99.5,101.9,23.4%,1.0°,9.3°,23.4,0.0%,0,0.242,0.195,0.402,0.361,57.4%,25.5%,14.9%,36.1%,67.5%,80.8%,16.8%,24.0%,131
Siena,Aidan Paradine,All,142,24,84.1,103.7,106.0,33.3%,-11.3°,6.8°,33.3,0.0%,0,0.345,0.286,0.402,0.37,66.7%,0.0%,29.2%,47.9%,73.0%,84.8%,27.8%,17.6%,130
Pittsburgh,Ryan Zuckerman,All,831,104,89.6,108.2,111.4,50.0%,7.3°,17.4°,28.8,12.5%,13,0.282,0.23,0.402,0.348,44.2%,29.8%,19.2%,42.2%,66.2%,73.2%,24.4%,39.9%,100
Texas Southern,Jaden Flores,All,166,29,84.8,98.3,101.4,31.0%,19.1°,17.1°,44.8,0.0%,0,0.333,0.289,0.402,0.347,34.5%,24.1%,31.0%,47.0%,70.5%,74.5%,26.1%,23.1%,53
Lehigh,Robbie Carvelli,All,190,31,82.7,95.9,99.0,12.9%,-2.7°,-0.9°,32.3,0.0%,0,0.333,0.288,0.402,0.38,61.3%,12.9%,22.6%,37.4%,55.1%,97.4%,27.3%,9.9%,92
UAB,Logan Braunschweig,All,801,133,86.5,102.1,105.2,37.6%,1.2°,4.2°,27.8,2.3%,3,0.301,0.277,0.402,0.367,54.1%,15.8%,22.6%,35.6%,54.5%,90.0%,19.6%,13.7%,89
Saint Joseph's,Tim Dickinson,All,277,40,85.0,101.0,101.3,17.5%,9.6°,15.1°,37.5,2.5%,1,0.278,0.256,0.402,0.371,45.0%,22.5%,25.0%,39.4%,68.3%,82.1%,16.2%,24.8%,134
UT Arlington,Xavier Melendez,All,581,118,89.3,105.8,110.7,40.7%,14.6°,12.7°,33.1,7.6%,9,0.331,0.288,0.402,0.388,39.8%,28.0%,22.0%,50.9%,78.7%,85.9%,30.9%,18.9%,87
UC Santa Barbara,Jonathan Mendez,All,751,142,90.3,104.7,109.6,45.8%,13.1°,9.4°,31.0,8.5%,12,0.279,0.292,0.402,0.392,45.1%,28.2%,21.1%,43.8%,67.2%,90.0%,25.6%,21.3%,84
Georgia Tech,Drew Rogers,All,348,31,93.1,108.7,112.1,51.6%,16.5°,15.1°,45.2,19.4%,6,0.254,0.247,0.402,0.405,32.3%,35.5%,29.0%,35.3%,58.5%,76.7%,18.4%,32.5%,97
Army,Chris Barr,All,595,126,86.6,95.9,100.2,12.7%,12.9°,10.6°,40.5,0.0%,0,0.324,0.274,0.402,0.356,37.3%,27.8%,31.0%,43.2%,69.8%,90.9%,23.6%,12.8%,112
Cal State Fullerton,Matthew Bardowell,All,689,112,91.2,107.6,110.7,47.3%,14.3°,10.5°,36.6,10.7%,12,0.314,0.288,0.402,0.392,36.6%,25.9%,29.5%,41.8%,67.3%,85.2%,24.3%,30.2%,86
Brown,Mika Petersen,All,555,112,85.9,102.0,105.7,32.1%,10.8°,7.4°,28.6,2.7%,3,0.37,0.27,0.402,0.337,46.4%,24.1%,21.4%,48.6%,67.4%,92.6%,36.2%,14.8%,65
Southern Miss,Tucker Stockman,All,710,121,89.2,104.4,110.5,42.1%,8.5°,10.7°,38.0,8.3%,10,0.351,0.299,0.402,0.379,43.8%,21.5%,29.8%,51.8%,77.7%,74.8%,29.8%,31.0%,86
Connecticut,Beau Root,All,537,78,88.3,102.7,108.2,39.7%,10.8°,6.4°,26.9,5.1%,4,0.324,0.255,0.402,0.352,44.9%,29.5%,17.9%,39.1%,59.2%,83.3%,24.8%,21.4%,86
Oklahoma,Sam Christiansen,All,846,102,87.7,104.3,107.0,40.2%,11.9°,16.1°,29.4,12.7%,13,0.263,0.225,0.402,0.361,47.1%,29.4%,19.6%,37.8%,68.6%,79.6%,16.1%,30.9%,135
Grand Canyon,Josh Wakefield,All,416,75,89.1,103.5,108.0,42.7%,2.0°,3.7°,26.7,2.7%,2,0.337,0.302,0.402,0.383,58.7%,12.0%,25.3%,43.5%,71.9%,87.5%,22.3%,18.2%,110
Washington State,Jack Weise,All,161,20,87.2,99.8,102.1,40.0%,16.8°,14.8°,40.0,5.0%,1,0.344,0.211,0.402,0.304,35.0%,30.0%,30.0%,39.8%,56.8%,73.8%,25.3%,23.4%,76
Davidson,Noah Jouras,All,690,100,82.9,98.3,105.8,26.0%,19.6°,22.1°,37.0,2.0%,2,0.297,0.24,0.402,0.358,30.0%,38.0%,28.0%,39.9%,66.0%,86.0%,21.8%,24.0%,103
LaGrange,Riley George,All,45,9,77.9,96.4,96.5,33.3%,3.5°,23.9°,55.6,0.0%,0,0.308,0.213,0.402,0.268,33.3%,44.4%,22.2%,46.7%,76.5%,76.9%,28.6%,33.3%,101
Concord,Matthew DiSanti,All,71,12,85.4,99.6,100.2,33.3%,4.0°,13.6°,16.7,0.0%,0,0.312,0.231,0.402,0.33,66.7%,25.0%,8.3%,46.5%,88.5%,82.6%,22.2%,30.3%,144
Vanderbilt,Braden Holcomb,All,679,92,92.2,106.7,110.3,52.2%,11.2°,14.6°,33.7,12.0%,11,0.278,0.284,0.401,0.419,41.3%,31.5%,22.8%,43.6%,68.8%,73.1%,24.5%,34.1%,100
Georgia Tech,Vahn Lackey,All,928,181,90.5,105.4,109.7,43.6%,8.8°,7.5°,31.5,3.3%,6,0.352,0.307,0.401,0.376,49.2%,19.3%,26.0%,37.7%,54.2%,90.2%,23.4%,14.6%,86
North Carolina,Sawyer Black,All,155,19,88.4,104.7,105.9,31.6%,5.4°,13.4°,31.6,5.3%,1,0.303,0.193,0.401,0.293,42.1%,21.1%,26.3%,40.0%,58.1%,72.2%,28.0%,35.5%,78
Villanova,Brayden Leonard,All,685,150,86.9,97.0,101.2,14.0%,9.5°,15.5°,42.7,0.0%,0,0.331,0.327,0.401,0.388,41.3%,18.0%,38.0%,40.1%,63.3%,86.5%,24.0%,19.6%,106
Carson-Newman,Aiden Gibson,All,418,67,83.0,97.6,100.1,17.9%,9.2°,14.6°,43.3,1.5%,1,0.313,0.27,0.401,0.35,40.3%,22.4%,32.8%,44.0%,76.0%,85.7%,21.0%,23.4%,132
New Mexico State,Mitch Namie,All,831,150,83.7,101.4,107.3,26.7%,2.8°,8.9°,30.7,2.0%,3,0.321,0.274,0.401,0.363,54.0%,16.7%,24.0%,47.1%,74.5%,86.2%,26.0%,24.6%,91
UNC Greensboro,Trey Truitt,All,406,53,82.3,106.8,109.9,35.8%,-5.7°,2.8°,30.2,1.9%,1,0.329,0.246,0.401,0.338,52.8%,15.1%,30.2%,34.5%,59.6%,90.6%,18.0%,20.7%,125
Iowa,Andy Nelson,All,538,63,89.5,104.2,107.1,49.2%,11.8°,5.0°,28.6,7.9%,5,0.265,0.219,0.401,0.332,47.6%,33.3%,15.9%,37.0%,58.8%,85.7%,19.7%,23.1%,89
Penn State,Jesse Jaconski,All,749,141,89.3,103.5,107.3,47.5%,10.6°,15.9°,34.8,7.8%,11,0.298,0.278,0.401,0.4,41.1%,28.4%,24.8%,49.8%,75.6%,80.5%,28.4%,26.3%,83
Florida State,Carter McCulley,All,115,15,91.1,104.0,105.9,60.0%,0.6°,-2.3°,26.7,0.0%,0,0.227,0.219,0.401,0.374,66.7%,20.0%,13.3%,34.8%,75.7%,85.7%,15.4%,32.5%,145
UC Santa Barbara,Jack Holman,All,662,112,91.2,105.9,109.6,44.6%,17.8°,14.6°,34.8,14.3%,16,0.259,0.298,0.401,0.471,33.0%,39.3%,20.5%,45.9%,77.1%,81.1%,23.8%,28.0%,113
Miami,Jake Kulikowski,All,154,21,94.1,106.1,107.5,57.1%,5.4°,11.7°,28.6,9.5%,2,0.276,0.339,0.401,0.457,47.6%,14.3%,33.3%,36.4%,70.0%,81.0%,14.9%,23.2%,144
Lamar,Heladio Moreno,All,486,92,84.4,100.9,105.2,25.0%,0.9°,4.9°,19.6,0.0%,0,0.374,0.241,0.401,0.321,65.2%,18.5%,16.3%,48.6%,73.3%,90.6%,28.6%,14.0%,88
Azusa Pacific,Michael Easter,All,71,14,89.3,97.2,105.4,28.6%,14.5°,4.7°,35.7,7.1%,1,0.294,0.229,0.401,0.338,35.7%,35.7%,14.3%,45.1%,74.2%,82.6%,22.5%,18.8%,96
South Carolina,Jase Woita,All,507,86,92.5,106.6,110.2,48.8%,4.1°,7.8°,26.7,7.0%,6,0.308,0.293,0.401,0.384,45.3%,19.8%,25.6%,44.0%,67.8%,84.8%,23.7%,23.8%,117
Penn,Gavin Collins,All,691,119,89.3,104.7,108.4,48.7%,6.2°,13.6°,35.3,10.1%,12,0.322,0.337,0.401,0.46,45.4%,26.1%,25.2%,41.5%,67.6%,87.6%,21.7%,18.8%,118
Nevada,Jake Harvey,All,726,114,86.8,103.0,105.2,35.1%,7.7°,11.7°,36.0,1.8%,2,0.331,0.313,0.401,0.416,43.0%,21.1%,31.6%,34.2%,52.9%,94.2%,18.8%,9.7%,111
Indiana State,Zach Henderson,All,109,15,80.5,95.4,99.8,13.3%,1.8°,11.2°,26.7,0.0%,0,0.3,0.205,0.401,0.326,66.7%,13.3%,20.0%,33.9%,55.6%,88.0%,18.8%,21.6%,111
Texas A&M-Corpus Christi,Jarrett Flaggert,All,91,18,88.5,99.3,102.6,38.9%,0.2°,8.4°,27.8,11.1%,2,0.25,0.263,0.4,0.375,61.1%,22.2%,11.1%,53.8%,86.5%,84.4%,31.5%,32.7%,123
Southeast Missouri,Carson Schrack,All,423,82,85.2,102.4,105.8,36.6%,7.3°,6.4°,28.0,1.2%,1,0.294,0.331,0.4,0.429,50.0%,19.5%,23.2%,36.2%,60.6%,96.0%,20.5%,8.5%,110
UTSA,Caden Miller,All,899,113,87.6,102.8,105.5,39.8%,15.0°,16.3°,34.5,5.3%,6,0.283,0.246,0.4,0.385,41.6%,31.0%,22.1%,34.1%,59.4%,85.7%,15.0%,22.1%,119
St. Thomas (MN),Adam Puder,All,184,34,83.7,97.2,101.2,26.5%,5.5°,0.1°,14.7,0.0%,0,0.317,0.272,0.4,0.339,64.7%,14.7%,14.7%,36.4%,54.1%,90.0%,24.5%,19.4%,68
Florida State,Cal Fisher,All,864,126,89.2,104.5,107.6,49.2%,10.7°,13.2°,29.4,7.1%,9,0.307,0.269,0.4,0.374,45.2%,19.0%,26.2%,49.9%,75.1%,76.0%,31.3%,31.1%,83
Cincinnati,Quinton Coats,All,454,64,92.3,111.0,113.9,51.6%,14.5°,14.4°,34.4,9.4%,6,0.3,0.263,0.4,0.387,39.1%,28.1%,26.6%,42.1%,63.2%,81.1%,25.3%,33.5%,94
Oregon,Drew Smith,All,577,85,87.0,104.1,109.6,38.8%,10.3°,14.6°,29.4,5.9%,5,0.312,0.269,0.4,0.405,47.1%,28.2%,22.4%,40.0%,65.4%,83.7%,18.8%,20.3%,105
UC San Diego,Trevian Martinez,All,227,32,89.3,102.7,105.7,37.5%,15.8°,15.3°,40.6,3.1%,1,0.214,0.272,0.4,0.412,28.1%,34.4%,28.1%,30.0%,56.3%,89.8%,13.6%,19.1%,132
Louisiana Tech,Sebastian Mexico,All,543,110,89.1,105.9,109.0,39.1%,15.0°,14.0°,35.5,8.2%,9,0.292,0.311,0.4,0.407,38.2%,23.6%,24.5%,43.5%,65.0%,91.6%,26.8%,20.8%,90
Yale,Jake Williams,All,528,94,84.1,100.7,106.5,30.9%,8.8°,10.6°,34.0,3.2%,3,0.312,0.28,0.4,0.384,45.7%,23.4%,25.5%,36.7%,57.4%,93.5%,19.2%,10.3%,112
UC San Diego,J.C. Allen,All,383,51,94.6,108.8,109.6,58.8%,11.7°,18.1°,47.1,25.5%,13,0.26,0.288,0.4,0.461,35.3%,37.3%,21.6%,41.8%,63.9%,76.8%,26.8%,30.6%,93
Boston College,Josiah Ragsdale,All,854,139,88.2,104.9,108.1,42.4%,6.8°,11.2°,39.6,7.2%,10,0.314,0.314,0.4,0.42,43.9%,15.8%,33.8%,42.0%,66.1%,87.3%,23.7%,19.2%,97
Louisville,Tague Davis,All,979,157,90.1,108.8,114.9,44.6%,12.5°,16.0°,31.8,14.6%,23,0.279,0.27,0.399,0.403,37.6%,28.7%,27.4%,48.6%,74.2%,76.5%,29.9%,32.8%,64
Southeast Missouri,Gunnar Doyle,All,297,60,89.8,102.9,105.6,43.3%,5.3°,10.2°,25.0,5.0%,3,0.294,0.324,0.399,0.421,53.3%,23.3%,21.7%,45.5%,73.8%,90.0%,25.7%,19.3%,126
Wofford,Ryan Wynn,All,797,140,88.8,104.9,109.4,40.0%,8.9°,9.8°,32.1,7.9%,11,0.335,0.302,0.399,0.395,49.3%,22.9%,22.9%,37.9%,64.8%,88.2%,16.6%,19.9%,123
Georgia Tech,Carson Kerce,All,885,152,89.0,100.0,105.0,40.8%,13.4°,9.8°,36.8,2.6%,4,0.324,0.277,0.399,0.379,41.4%,27.0%,25.7%,39.4%,58.9%,89.6%,21.6%,16.3%,101
Georgia Southwestern,Matthew Manuel,All,276,58,86.8,101.1,103.6,31.0%,8.9°,12.6°,37.9,0.0%,0,0.284,0.287,0.399,0.377,48.3%,20.7%,27.6%,40.9%,69.4%,96.0%,22.6%,15.9%,108
George Mason,Evan Blanchard,All,255,57,84.7,95.9,97.3,19.3%,7.7°,2.7°,31.6,0.0%,0,0.368,0.289,0.399,0.359,50.9%,17.5%,24.6%,45.9%,72.8%,95.2%,24.1%,12.8%,125
Manhattan,Trevor Hansen,All,239,41,90.6,107.2,111.9,51.2%,15.4°,16.9°,51.2,19.5%,8,0.311,0.272,0.399,0.388,29.3%,29.3%,34.1%,42.7%,55.6%,89.2%,30.3%,24.5%,38
USC Upstate,Preston Lucas,All,734,105,87.6,103.9,108.9,37.1%,12.8°,10.8°,38.1,1.0%,1,0.336,0.25,0.399,0.344,39.0%,23.8%,32.4%,40.9%,67.2%,85.2%,21.5%,20.7%,104
Stony Brook,Evan Goforth,All,150,35,86.6,104.7,110.3,42.9%,12.7°,16.1°,31.4,8.6%,3,0.324,0.347,0.399,0.462,37.1%,40.0%,20.0%,48.0%,71.2%,94.2%,26.0%,8.3%,97
Bryant,Brandyn Durand,All,587,105,88.4,107.2,111.8,46.7%,15.3°,15.9°,40.0,12.4%,13,0.31,0.274,0.399,0.373,32.4%,33.3%,28.6%,53.7%,78.1%,74.6%,37.1%,34.0%,71
Tulane,Gavin Schulz,All,850,146,89.7,104.2,108.5,45.2%,5.7°,11.2°,37.0,0.7%,1,0.303,0.306,0.399,0.412,47.3%,20.5%,29.5%,40.2%,66.6%,87.4%,18.9%,19.3%,115
Abilene Christian,Benjamin Greer,All,746,122,88.3,102.5,105.6,35.2%,18.7°,17.9°,35.2,5.7%,7,0.288,0.249,0.399,0.365,30.3%,32.0%,26.2%,38.6%,65.1%,86.6%,18.6%,23.3%,132
Penn,Jarrett Pokrovsky,All,634,128,89.6,104.6,106.6,44.5%,5.4°,6.5°,28.1,2.3%,3,0.333,0.301,0.399,0.358,53.1%,18.0%,23.4%,49.1%,73.1%,87.1%,29.3%,23.5%,107
East Tennessee State,Will Smoot,All,286,47,89.2,102.9,104.5,46.8%,5.1°,10.3°,42.6,4.3%,2,0.263,0.333,0.399,0.448,46.8%,17.0%,34.0%,34.3%,63.3%,88.4%,16.4%,20.4%,135
Winthrop,Jaylen Hernandez,All,916,157,88.1,103.7,108.6,42.0%,7.5°,9.9°,28.7,3.8%,6,0.308,0.286,0.399,0.391,46.5%,22.9%,25.5%,33.1%,53.7%,93.8%,19.6%,13.9%,120
Winthrop,Gabriel Natividad,All,829,158,85.2,101.4,106.6,26.6%,6.6°,8.7°,29.1,3.2%,5,0.337,0.281,0.399,0.362,53.2%,24.1%,19.0%,41.0%,67.9%,89.4%,20.3%,15.9%,104
Francis Marion,Charlie Bussey III,All,87,12,85.3,100.4,110.9,33.3%,8.4°,8.4°,58.3,8.3%,1,0.333,0.361,0.399,0.507,33.3%,33.3%,33.3%,31.0%,56.7%,100.0%,17.5%,14.8%,103
St. John's,Jon LeGrande,All,586,122,86.6,102.6,109.5,33.6%,14.0°,17.2°,39.3,3.3%,4,0.338,0.289,0.399,0.386,36.9%,27.9%,31.1%,49.8%,80.7%,86.3%,21.6%,21.2%,110
Cal State Fullerton,Isaiah Gomez,All,316,47,90.2,105.5,107.9,48.9%,9.3°,17.8°,38.3,10.6%,5,0.299,0.3,0.399,0.447,40.4%,29.8%,27.7%,40.2%,67.2%,73.2%,23.2%,33.9%,125
Arizona State,Brandon Compton,All,942,146,92.8,110.7,114.8,54.8%,11.1°,14.4°,30.8,12.3%,18,0.276,0.305,0.398,0.442,42.5%,29.5%,24.7%,39.7%,64.5%,84.2%,22.0%,26.2%,94
Iowa,Gable Mitchell,All,893,181,84.5,100.8,105.9,26.0%,12.1°,10.2°,34.8,2.8%,5,0.337,0.308,0.398,0.39,42.5%,25.4%,27.1%,43.7%,66.5%,89.5%,23.8%,10.3%,100
Nevada,Sean Yamaguchi,All,640,148,89.7,105.9,110.6,45.3%,7.9°,12.8°,33.1,8.8%,13,0.311,0.331,0.398,0.433,50.0%,18.9%,22.3%,50.6%,74.3%,87.4%,34.7%,24.4%,87
Bellarmine,Nickolas Gnardellis,All,95,15,91.5,104.9,106.2,53.3%,19.2°,18.9°,40.0,20.0%,3,0.2,0.312,0.398,0.493,40.0%,26.7%,20.0%,36.8%,53.8%,85.7%,25.0%,42.9%,75
Alabama State,Wilbert Espinal,All,357,69,89.6,105.7,110.8,43.5%,2.6°,2.2°,27.5,4.3%,3,0.278,0.294,0.398,0.396,49.3%,23.2%,23.2%,42.0%,63.4%,87.0%,27.4%,20.7%,82
Utah,Tyler Quinn,All,557,129,87.5,104.8,110.5,33.3%,1.6°,7.5°,29.5,6.2%,8,0.333,0.293,0.398,0.383,53.5%,17.1%,23.3%,47.2%,74.0%,92.9%,26.0%,17.1%,103
Saint Louis,Hayden Moore,All,434,59,88.9,103.1,105.7,39.0%,9.3°,13.4°,37.3,6.8%,4,0.277,0.261,0.398,0.394,45.8%,18.6%,32.2%,41.0%,69.0%,75.6%,20.4%,33.1%,127
Oregon,Anson Aroz,All,876,140,91.1,106.6,111.6,47.9%,13.6°,14.2°,29.3,9.3%,13,0.278,0.278,0.398,0.415,35.7%,33.6%,22.1%,46.9%,74.2%,82.4%,27.9%,22.9%,94
Ohio State,Tyler Pettorini,All,867,168,88.0,103.3,108.2,36.9%,8.1°,9.2°,30.4,5.4%,9,0.317,0.29,0.398,0.376,51.8%,24.4%,18.5%,41.5%,66.2%,90.4%,20.9%,13.1%,112
Mount Olive,Mike Kenney,All,320,61,83.4,98.4,105.0,14.8%,17.7°,14.3°,37.7,3.3%,2,0.313,0.281,0.398,0.381,29.5%,41.0%,21.3%,40.9%,69.2%,90.2%,20.9%,10.7%,115
Iowa,Jackson Beaman,All,397,59,91.5,107.5,111.9,42.4%,27.8°,16.8°,30.5,11.9%,7,0.241,0.226,0.398,0.371,25.4%,39.0%,20.3%,36.3%,58.0%,78.6%,20.2%,31.2%,98
Georgia Southwestern,Jarrett Jenkins,All,343,64,86.4,99.9,102.7,26.6%,13.7°,11.8°,46.9,1.6%,1,0.325,0.293,0.398,0.384,32.8%,35.9%,31.2%,36.4%,63.1%,85.4%,17.8%,20.0%,124
Pittsburgh,AJ Nessler,All,757,152,87.7,104.3,107.7,38.8%,3.1°,2.3°,30.3,2.0%,3,0.327,0.314,0.398,0.397,54.6%,17.1%,25.0%,40.2%,66.7%,91.5%,17.2%,14.5%,128
UT Martin,Blaze Bell,All,91,19,86.1,96.5,98.1,31.6%,4.5°,5.6°,42.1,0.0%,0,0.4,0.32,0.398,0.346,52.6%,15.8%,31.6%,51.6%,71.4%,80.0%,39.3%,31.9%,29
Virginia,Chris Arroyo,All,713,148,89.8,108.5,112.5,48.6%,11.7°,13.9°,27.7,9.5%,14,0.298,0.329,0.398,0.451,43.2%,29.7%,21.6%,43.6%,67.2%,87.3%,27.1%,21.2%,94
East Carolina,Austin Irby,All,911,145,87.5,101.2,106.3,34.5%,16.1°,13.6°,40.0,4.1%,6,0.306,0.292,0.398,0.388,36.6%,24.1%,29.0%,42.4%,67.9%,85.0%,23.0%,20.5%,108
Charleston Southern,Aidan McAskie,All,614,92,89.3,105.2,106.9,46.7%,6.3°,11.7°,42.4,9.8%,9,0.286,0.3,0.398,0.418,44.6%,16.3%,33.7%,40.6%,60.4%,81.1%,27.4%,29.3%,72
North Florida,Mitchell Collins,All,220,31,86.6,99.5,101.0,29.0%,5.9°,10.1°,41.9,0.0%,0,0.3,0.286,0.398,0.391,48.4%,12.9%,38.7%,37.7%,56.9%,79.0%,18.9%,26.5%,107
Menlo,Braydon Allie,All,28,8,82.7,92.6,96.9,25.0%,24.2°,-2.7°,37.5,0.0%,0,0.375,0.411,0.398,0.362,25.0%,12.5%,37.5%,46.4%,75.0%,100.0%,25.0%,0.0%,154
Iowa,Daniel Rogers,All,790,118,89.6,106.1,110.3,41.5%,12.2°,11.2°,35.6,5.1%,6,0.274,0.294,0.398,0.415,39.0%,29.7%,29.7%,35.3%,58.2%,87.5%,15.0%,18.6%,109
Wingate,Joe Scheffler,All,48,12,80.7,94.3,95.5,8.3%,18.2°,15.6°,41.7,0.0%,0,0.308,0.207,0.398,0.292,25.0%,50.0%,25.0%,37.5%,77.3%,88.2%,3.8%,16.7%,164
Southern Indiana,Evan Zapp,All,27,5,88.2,99.4,100.2,40.0%,10.3°,18.2°,40.0,0.0%,0,0.375,0.224,0.398,0.266,40.0%,20.0%,40.0%,40.7%,38.5%,100.0%,42.9%,18.2%,45
Tennessee Wesleyan,Jack Stevens,All,26,6,85.6,99.3,99.9,33.3%,3.1°,12.9°,66.7,0.0%,0,0.429,0.432,0.398,0.445,33.3%,0.0%,66.7%,53.8%,77.8%,85.7%,41.2%,14.3%,64
Willamette,Rocco Granucci,All,108,14,84.7,97.1,97.5,21.4%,2.4°,2.9°,42.9,0.0%,0,0.389,0.333,0.398,0.417,50.0%,0.0%,42.9%,39.8%,63.6%,85.7%,29.3%,20.9%,82
Charlotte,Carson Bayne,All,682,129,89.5,104.8,107.1,39.5%,10.4°,11.9°,33.3,6.2%,8,0.298,0.273,0.398,0.367,40.3%,23.3%,27.9%,50.4%,79.4%,81.8%,30.6%,27.3%,95
Bryan,Dante Morton,All,63,10,88.9,98.9,99.2,40.0%,26.0°,20.3°,80.0,10.0%,1,0.308,0.313,0.398,0.429,0.0%,50.0%,50.0%,39.7%,69.0%,85.0%,14.7%,24.0%,140
California Lutheran,Jona Dawson,All,63,14,86.3,91.0,92.6,0.0%,17.8°,-,42.9,0.0%,0,0.375,0.282,0.398,0.272,35.7%,21.4%,35.7%,41.3%,57.1%,100.0%,33.3%,15.4%,49
Louisiana Tech,Cade Patterson,All,451,52,84.3,104.5,106.6,32.7%,-6.6°,5.0°,25.0,5.8%,3,0.247,0.196,0.398,0.353,63.5%,19.2%,13.5%,33.0%,56.1%,83.6%,15.3%,23.5%,99
Lander,Evan Wickeri,All,43,15,86.0,96.8,102.6,20.0%,8.0°,0.7°,26.7,0.0%,0,0.4,0.401,0.398,0.408,46.7%,26.7%,26.7%,44.2%,62.5%,100.0%,21.1%,0.0%,134
Maine,Brody Rasmussen,All,428,85,90.1,105.9,107.4,45.9%,7.6°,16.2°,40.0,7.1%,6,0.318,0.305,0.398,0.392,37.6%,28.2%,30.6%,51.6%,73.7%,86.9%,34.7%,22.6%,71
Oregon State,Levi Jones,All,116,18,85.2,103.7,104.5,38.9%,11.8°,5.5°,27.8,0.0%,0,0.261,0.267,0.397,0.388,38.9%,16.7%,33.3%,44.0%,79.1%,79.4%,23.3%,29.4%,120
Indiana State,Keegan Garis,All,483,71,85.7,99.9,105.8,29.6%,14.1°,16.6°,39.4,2.8%,2,0.268,0.239,0.397,0.336,40.8%,35.2%,22.5%,38.5%,60.1%,90.2%,22.9%,23.1%,95
UC Irvine,Colin Yeaman,All,561,90,89.2,103.8,108.2,50.0%,17.2°,15.7°,40.0,7.8%,7,0.287,0.288,0.397,0.405,35.6%,33.3%,26.7%,39.0%,63.2%,89.0%,18.5%,16.0%,121
Binghamton,Zach Rogacki,All,539,104,87.5,102.5,109.3,33.7%,4.4°,4.1°,33.7,1.9%,2,0.312,0.287,0.397,0.373,51.0%,19.2%,26.0%,38.0%,58.1%,88.7%,19.6%,13.7%,90
Nicholls,Jaden Collura,All,591,108,86.9,97.9,99.4,23.1%,11.1°,13.1°,44.4,0.0%,0,0.311,0.341,0.397,0.416,39.8%,20.4%,36.1%,42.0%,65.7%,88.4%,26.2%,16.5%,109
NJIT,Jack Stead,All,179,38,82.8,96.8,101.1,21.1%,21.6°,14.3°,47.4,2.6%,1,0.356,0.338,0.397,0.387,26.3%,28.9%,36.8%,54.7%,79.2%,93.4%,36.3%,22.4%,55
UCLA,Mulivai Levu,All,1107,218,90.3,106.4,110.0,47.2%,6.6°,11.9°,35.8,8.3%,18,0.323,0.337,0.397,0.437,43.6%,26.1%,27.5%,48.5%,70.6%,86.2%,30.7%,18.4%,90
Maryland,Jacob Orr,All,691,155,88.6,101.2,104.8,40.6%,9.3°,5.4°,26.5,3.9%,6,0.301,0.287,0.397,0.356,51.6%,21.9%,22.6%,47.9%,70.7%,91.0%,30.4%,15.4%,104
East Carolina,Jack Herring,All,525,93,91.5,103.8,113.2,47.3%,1.4°,2.6°,32.3,3.2%,3,0.327,0.329,0.397,0.399,53.8%,18.3%,26.9%,41.1%,67.5%,90.7%,18.9%,14.4%,124
VMI,Ryan Peterson,All,597,104,87.9,101.8,105.1,37.5%,12.7°,12.2°,33.7,2.9%,3,0.308,0.275,0.397,0.368,42.3%,21.2%,26.9%,41.0%,65.7%,93.0%,24.6%,16.7%,92
Utah,Kaden Carpenter,All,694,108,90.2,105.1,110.3,39.8%,10.4°,12.5°,37.0,5.6%,6,0.31,0.281,0.397,0.382,40.7%,24.1%,29.6%,47.3%,70.0%,83.5%,29.7%,26.2%,84
Ole Miss,Isaac Humphrey,All,991,142,92.1,106.6,111.9,45.8%,20.9°,11.9°,30.3,9.9%,14,0.279,0.264,0.397,0.387,29.6%,37.3%,27.5%,42.4%,65.8%,84.7%,24.6%,25.0%,97
Pittsburgh,Caden Dulin,All,754,148,86.0,101.9,107.7,35.1%,9.7°,7.9°,28.4,0.7%,1,0.335,0.292,0.397,0.364,50.0%,23.0%,24.3%,43.1%,66.9%,91.9%,22.5%,12.9%,93
Utah Valley,Landon Frei,All,576,104,88.3,103.1,105.1,36.5%,19.1°,17.8°,35.6,13.5%,14,0.268,0.279,0.397,0.417,33.7%,27.9%,22.1%,37.7%,67.5%,84.0%,17.7%,19.4%,131
Southeastern Louisiana,TJ Salvaggio,All,210,38,92.7,104.3,105.0,57.9%,9.9°,14.1°,31.6,7.9%,3,0.28,0.306,0.397,0.411,36.8%,23.7%,26.3%,47.6%,62.7%,84.4%,33.3%,22.0%,57
Whitman,Brandon Ting,All,74,8,92.0,104.0,104.9,62.5%,9.5°,6.5°,37.5,12.5%,1,0.308,0.317,0.397,0.414,62.5%,25.0%,12.5%,40.5%,69.2%,74.1%,8.6%,30.0%,156
Saint Mary's (CA),Diego Castellanos,All,826,139,88.1,102.2,107.7,41.7%,9.1°,13.3°,35.3,2.9%,4,0.307,0.269,0.397,0.377,42.4%,25.9%,26.6%,36.3%,57.4%,90.6%,19.1%,13.0%,103
Maryland,Brayden Martin,All,1026,157,87.4,98.9,101.1,35.7%,-2.0°,4.4°,30.6,0.0%,0,0.311,0.3,0.397,0.415,59.9%,13.4%,23.6%,25.5%,49.3%,94.9%,8.1%,5.7%,116
Tusculum,Ben Scartz,All,261,68,80.7,99.7,104.9,19.1%,-1.2°,3.8°,23.5,2.9%,2,0.348,0.282,0.397,0.331,61.8%,23.5%,11.8%,46.0%,64.3%,100.0%,32.2%,3.3%,92
Eastern Illinois,Luke Melton,All,89,14,78.9,98.9,106.3,14.3%,16.1°,20.2°,42.9,7.1%,1,0.333,0.198,0.397,0.269,50.0%,35.7%,14.3%,37.1%,45.0%,83.3%,30.6%,12.1%,62
UT Dallas,Nico Fernandez,All,31,8,81.9,89.4,93.0,12.5%,12.1°,-8.8°,12.5,0.0%,0,0.333,0.254,0.397,0.389,50.0%,37.5%,12.5%,48.4%,91.7%,90.9%,21.1%,13.3%,73
Omaha,Tyler Bishop,All,525,92,89.5,105.6,109.2,42.4%,9.7°,17.4°,29.3,8.7%,8,0.325,0.295,0.397,0.397,43.5%,26.1%,22.8%,44.4%,63.5%,82.4%,28.2%,22.7%,71
Columbus State,Bryce Knox,All,89,25,85.3,100.6,101.9,32.0%,-1.4°,4.0°,24.0,0.0%,0,0.357,0.277,0.397,0.302,56.0%,12.0%,20.0%,51.7%,78.0%,90.6%,29.2%,23.9%,84
LaGrange,Curt Bonner,All,39,9,82.9,103.2,105.1,33.3%,11.3°,13.4°,44.4,11.1%,1,0.308,0.244,0.397,0.324,44.4%,22.2%,33.3%,53.8%,72.2%,69.2%,38.1%,42.9%,22
Jacksonville State,Cooper Blauser,All,911,144,88.3,103.3,109.5,43.1%,12.5°,14.5°,35.4,6.9%,10,0.301,0.275,0.396,0.39,40.3%,29.9%,25.7%,36.1%,59.2%,83.4%,19.1%,25.5%,114
Millersville,Matthew WIlliams,All,262,45,88.7,107.4,109.3,40.0%,15.3°,16.4°,46.7,15.6%,7,0.281,0.311,0.396,0.433,31.1%,35.6%,33.3%,40.5%,63.1%,82.9%,23.8%,23.6%,86
St. Bonaventure,David Marshall,All,255,49,89.2,104.2,110.5,40.8%,9.5°,10.7°,38.8,8.2%,4,0.305,0.328,0.396,0.409,49.0%,26.5%,24.5%,45.5%,78.5%,84.5%,21.6%,24.1%,130
USC Aiken,Josh Sharp,All,129,23,85.2,98.0,100.0,21.7%,8.0°,2.6°,13.0,4.3%,1,0.308,0.202,0.396,0.294,56.5%,34.8%,8.7%,31.8%,51.0%,96.0%,20.0%,7.3%,100
William & Mary,Lucas Carmichael,All,674,161,88.8,105.5,112.7,41.6%,2.6°,8.4°,26.7,7.5%,12,0.351,0.295,0.396,0.376,55.3%,17.4%,19.3%,49.6%,72.3%,93.3%,30.2%,14.7%,93
USC Upstate,Vance Sheahan,All,846,176,87.8,104.9,111.1,40.3%,1.0°,7.1°,29.5,6.2%,11,0.337,0.323,0.396,0.392,57.4%,15.3%,23.9%,46.8%,68.1%,91.0%,29.8%,15.9%,89
Lindenwood,Mitchell Cummins,All,88,13,85.6,97.9,102.8,30.8%,22.7°,8.7°,30.8,7.7%,1,0.238,0.177,0.396,0.261,30.8%,38.5%,15.4%,40.9%,62.9%,68.2%,26.4%,41.7%,117
New Orleans,Tristan Moore,All,469,98,91.2,104.7,108.7,41.8%,16.8°,19.6°,41.8,12.2%,12,0.287,0.291,0.396,0.417,28.6%,30.6%,31.6%,50.7%,84.6%,81.8%,30.6%,22.3%,122
Mississippi State,Nolan Stevens,All,362,60,92.9,107.2,114.6,56.7%,1.2°,0.6°,25.0,1.7%,1,0.304,0.294,0.396,0.366,55.0%,15.0%,25.0%,40.1%,53.1%,83.7%,29.5%,27.6%,48
Mississippi State,Aaron Downs,All,234,40,83.6,103.5,111.9,27.5%,17.3°,10.3°,40.0,7.5%,3,0.235,0.242,0.396,0.351,32.5%,42.5%,20.0%,44.4%,67.7%,91.0%,27.4%,26.0%,77
Virginia Tech,Ben Watson,All,833,180,92.2,104.8,109.0,53.3%,9.8°,9.1°,32.2,6.7%,12,0.311,0.376,0.396,0.479,46.1%,24.4%,24.4%,43.6%,66.1%,91.3%,24.3%,13.5%,97
Oregon State,Tyce Peterson,All,624,105,92.2,106.2,112.2,55.2%,18.9°,18.9°,37.1,14.3%,15,0.289,0.29,0.396,0.431,28.6%,42.9%,27.6%,43.6%,66.2%,76.9%,25.1%,29.8%,96
Mercer,Ty Dalley,All,853,170,92.0,106.0,110.1,53.5%,15.2°,14.7°,35.9,12.4%,21,0.269,0.293,0.396,0.419,35.3%,31.8%,24.7%,52.9%,80.5%,79.8%,34.2%,29.5%,78
West Virginia,Logan Sauve,All,854,148,91.6,105.1,110.7,44.6%,12.4°,11.7°,33.1,7.4%,11,0.286,0.301,0.396,0.426,43.9%,25.7%,25.0%,39.1%,62.9%,90.2%,20.7%,18.6%,117
NC State,Ryan Jaros,All,361,45,89.2,102.6,104.4,33.3%,6.2°,11.0°,33.3,6.7%,3,0.292,0.217,0.396,0.343,48.9%,20.0%,26.7%,35.5%,53.5%,80.9%,25.6%,32.8%,99
UT Arlington,Xander McAfee,All,552,110,85.0,104.3,110.7,35.5%,5.0°,8.9°,35.5,3.6%,4,0.319,0.276,0.396,0.339,47.3%,17.3%,28.2%,49.8%,71.9%,85.5%,35.0%,25.8%,69
Maine,Dean O'Neill,All,400,80,86.5,102.6,104.6,32.5%,12.3°,15.7°,32.5,3.8%,3,0.28,0.265,0.396,0.354,45.0%,32.5%,20.0%,49.5%,74.1%,84.6%,32.1%,22.7%,70
Akron,Andrew Horvath,All,691,140,85.9,101.2,104.6,26.4%,10.8°,12.3°,38.6,1.4%,2,0.349,0.29,0.396,0.368,40.7%,17.9%,34.3%,43.4%,69.2%,91.0%,23.1%,17.0%,118
Clemson,Jarren Purify,All,941,140,90.4,102.6,106.1,47.9%,10.9°,15.6°,40.0,4.3%,6,0.313,0.277,0.396,0.39,37.9%,27.9%,32.1%,39.2%,57.5%,84.4%,24.2%,25.2%,106
Virginia Tech,Anderson French,All,399,43,90.0,106.9,109.7,51.2%,11.1°,13.6°,32.6,11.6%,5,0.26,0.211,0.396,0.389,48.8%,34.9%,16.3%,34.6%,56.4%,75.0%,19.5%,36.2%,81
Sacramento State,JP Smith,All,807,152,91.7,106.4,112.9,48.0%,17.0°,18.1°,27.0,9.2%,14,0.298,0.262,0.396,0.386,32.2%,31.6%,20.4%,51.4%,78.5%,76.4%,31.7%,28.7%,87
George Mason,Nick Barenz,All,205,28,82.3,98.6,100.6,21.4%,2.0°,18.1°,39.3,0.0%,0,0.333,0.287,0.396,0.379,53.6%,10.7%,35.7%,34.6%,55.1%,95.3%,22.0%,14.1%,98
UT Arlington,Caylon Dygert,All,142,23,91.3,103.6,105.2,47.8%,9.9°,5.5°,39.1,0.0%,0,0.394,0.282,0.396,0.329,56.5%,8.7%,30.4%,47.2%,70.6%,81.2%,25.7%,23.9%,93
Northern Illinois,Will Couchman,All,523,77,88.2,101.3,108.8,39.0%,9.1°,14.0°,39.0,3.9%,3,0.298,0.322,0.396,0.414,41.6%,23.4%,35.1%,42.3%,70.5%,78.1%,21.8%,32.6%,119
Southwestern (TX),Logan Wilson,All,81,12,76.0,93.7,99.2,8.3%,-2.9°,10.0°,33.3,0.0%,0,0.333,0.229,0.396,0.328,41.7%,16.7%,33.3%,51.9%,72.4%,85.7%,40.4%,35.7%,41
Loyola Marymount,DJ Ghiorso,All,625,92,82.8,99.0,103.3,19.6%,11.6°,13.9°,34.8,1.1%,1,0.3,0.272,0.396,0.371,46.7%,23.9%,26.1%,38.1%,58.9%,86.1%,21.2%,19.7%,108
Eastern Kentucky,Aaron Groeneveld,All,244,30,85.8,99.2,101.8,36.7%,8.9°,2.4°,33.3,3.3%,1,0.327,0.234,0.396,0.314,50.0%,16.7%,26.7%,44.7%,69.6%,73.1%,23.5%,35.8%,103
Wofford,Niko Brini,All,462,105,86.3,101.6,103.9,30.5%,14.0°,6.9°,40.0,1.9%,2,0.303,0.298,0.395,0.364,39.0%,24.8%,28.6%,47.2%,69.7%,97.1%,29.9%,12.8%,98
Wofford,Harrison Campi,All,223,32,84.3,97.8,102.9,28.1%,12.7°,17.8°,53.1,0.0%,0,0.326,0.23,0.395,0.306,34.4%,31.2%,31.2%,35.9%,59.6%,82.3%,15.1%,17.5%,129
Mississippi College,Logan Shurden,All,74,12,85.1,98.7,99.9,25.0%,5.4°,16.5°,50.0,0.0%,0,0.286,0.255,0.395,0.368,41.7%,33.3%,25.0%,37.8%,69.7%,82.6%,12.2%,25.0%,131
Kansas State,Shintaro Inoue,All,851,134,90.0,106.9,110.0,47.0%,8.4°,13.5°,33.6,9.0%,12,0.284,0.299,0.395,0.432,49.3%,22.4%,20.1%,36.4%,56.7%,84.7%,21.8%,22.9%,104
Mount Olive,Jon Howard,All,340,55,87.5,101.6,105.7,36.4%,20.5°,17.6°,47.3,7.3%,4,0.293,0.277,0.395,0.385,27.3%,29.1%,38.2%,40.6%,70.0%,86.7%,20.0%,22.5%,110
Columbia,Tate Vogler,All,502,77,84.9,103.4,107.1,32.5%,6.0°,12.1°,41.6,3.9%,3,0.303,0.262,0.395,0.345,42.9%,19.5%,35.1%,47.4%,67.4%,84.4%,32.0%,30.3%,79
Utah Tech,Petey Soto Jr.,All,520,95,89.3,102.9,108.8,42.1%,12.3°,11.2°,36.8,6.3%,6,0.341,0.306,0.395,0.404,42.1%,26.3%,25.3%,45.6%,69.6%,87.4%,28.4%,24.9%,101
Clemson,Jacob Jarrell,All,950,130,91.6,106.9,112.2,51.5%,14.7°,16.0°,33.8,14.6%,19,0.265,0.285,0.395,0.429,37.7%,30.8%,26.2%,43.5%,67.4%,79.5%,24.5%,27.8%,91
LSU,Josh Pearson,All,656,105,89.1,102.8,106.3,41.0%,10.9°,11.7°,25.7,1.9%,2,0.295,0.259,0.395,0.356,42.9%,23.8%,19.0%,38.9%,61.8%,85.4%,20.9%,18.0%,113
Iona,Jayson Gonzalez,All,87,16,87.7,98.2,100.1,31.2%,4.5°,-2.1°,25.0,0.0%,0,0.368,0.291,0.395,0.353,68.8%,12.5%,12.5%,35.6%,57.1%,95.0%,21.2%,16.1%,84
Georgia Southern,Daniel Haab,All,647,136,88.8,102.5,107.2,43.4%,11.9°,11.2°,32.4,2.9%,4,0.3,0.285,0.395,0.395,41.2%,30.1%,24.3%,44.0%,68.1%,89.1%,23.9%,14.4%,111
Marshall,Eddie Leon,All,733,127,87.5,104.9,109.3,35.4%,21.0°,15.6°,35.4,8.7%,11,0.329,0.243,0.395,0.326,30.7%,29.9%,25.2%,52.5%,79.7%,84.7%,34.2%,27.3%,65
Florida State,Gage Harrelson,All,1114,161,90.9,105.4,110.6,49.1%,7.2°,11.0°,37.3,5.6%,9,0.327,0.297,0.395,0.392,46.0%,19.9%,29.8%,45.8%,74.9%,76.7%,25.0%,27.6%,102
Western Illinois,Kyree Alexander,All,184,35,82.4,96.5,97.7,14.3%,14.6°,16.2°,22.9,0.0%,0,0.326,0.248,0.395,0.306,54.3%,25.7%,17.1%,47.8%,73.4%,86.2%,28.6%,21.6%,117
Long Island,Jacob Pipercic,All,301,63,84.1,97.8,101.5,19.0%,18.5°,13.8°,28.6,0.0%,0,0.316,0.255,0.395,0.331,33.3%,27.0%,28.6%,44.2%,74.8%,89.8%,20.6%,19.5%,119
Fordham,Taylor Kirk,All,716,137,82.4,97.4,102.7,16.1%,5.4°,9.0°,34.3,0.0%,0,0.353,0.276,0.395,0.347,53.3%,13.1%,29.9%,38.0%,53.9%,89.4%,24.2%,16.5%,89
Miami,Max Galvin,All,842,183,86.4,102.4,106.2,31.7%,9.6°,7.0°,33.3,2.7%,5,0.314,0.276,0.394,0.345,41.5%,24.6%,27.3%,43.1%,65.9%,87.4%,26.0%,17.1%,79
UCF,Lex Boedicker,All,656,128,89.1,103.7,108.3,40.6%,14.9°,15.9°,39.8,5.5%,7,0.322,0.309,0.394,0.413,36.7%,21.9%,30.5%,48.3%,72.9%,86.3%,30.1%,21.5%,87
Northern Illinois,Charlie Parcell,All,617,113,83.4,97.8,101.0,22.1%,12.4°,13.9°,26.5,1.8%,2,0.307,0.244,0.394,0.343,46.9%,29.2%,18.6%,39.1%,61.7%,91.0%,21.6%,12.9%,108
New Mexico State,Boston Vest,All,446,75,88.0,98.4,101.5,29.3%,12.1°,6.6°,33.3,4.0%,3,0.297,0.294,0.394,0.375,46.7%,30.7%,21.3%,35.0%,60.4%,94.0%,15.7%,14.1%,131
Ohio State,Matthew Graveline,All,894,134,90.4,106.1,112.2,49.3%,20.2°,17.9°,50.0,12.7%,17,0.289,0.304,0.394,0.436,27.6%,32.1%,33.6%,40.9%,62.7%,82.7%,22.9%,26.8%,102
Louisville,Lucas Moore,All,1127,233,88.3,101.0,103.9,38.2%,4.7°,9.0°,33.0,1.7%,4,0.338,0.315,0.394,0.4,53.2%,18.5%,26.2%,41.9%,67.0%,92.2%,19.2%,12.1%,113
LSU,Ashton Larson,All,225,26,89.0,98.7,101.7,38.5%,14.6°,18.5°,46.2,3.8%,1,0.256,0.211,0.394,0.348,34.6%,19.2%,30.8%,36.4%,59.6%,96.2%,21.3%,20.7%,78
Mercer,Brant Baughcum,All,817,184,88.1,101.0,105.9,28.8%,15.1°,13.3°,35.3,2.2%,4,0.328,0.307,0.394,0.381,37.5%,24.5%,28.8%,45.0%,72.4%,89.9%,25.4%,16.0%,110
Southeastern (FL),Tyler Hinrikus,All,403,42,81.2,104.6,108.9,23.8%,9.4°,15.2°,23.8,7.1%,3,0.219,0.192,0.394,0.344,40.5%,33.3%,16.7%,37.0%,62.1%,81.7%,24.7%,31.5%,101
Wichita State,Josh Livingston,All,850,124,86.7,103.4,108.5,33.1%,20.3°,23.3°,36.3,4.8%,6,0.28,0.26,0.394,0.369,28.2%,36.3%,27.4%,42.6%,68.4%,83.5%,20.8%,25.1%,122
Kennesaw State,Nate Anderson,All,827,141,83.5,102.1,105.9,23.4%,16.7°,11.0°,32.6,7.1%,10,0.298,0.251,0.394,0.364,36.2%,36.2%,22.7%,46.2%,72.4%,88.2%,26.9%,23.0%,89
Mount St. Mary's,Mateo Zeppieri,All,388,57,84.6,101.7,110.5,33.3%,19.0°,14.6°,28.1,5.3%,3,0.228,0.205,0.394,0.347,33.3%,42.1%,17.5%,40.5%,72.0%,83.2%,19.0%,24.2%,101
Purdue,Brandon Anderson,All,825,138,86.5,103.7,108.1,37.0%,6.7°,13.1°,29.7,8.0%,11,0.298,0.312,0.394,0.422,52.2%,23.9%,21.7%,39.6%,65.9%,91.2%,22.3%,15.9%,103
California Baptist,Jake Brown,All,747,121,88.8,105.6,111.3,37.2%,19.1°,14.2°,29.8,7.4%,9,0.261,0.241,0.394,0.367,32.2%,38.0%,18.2%,40.3%,64.4%,85.2%,21.6%,22.9%,97
CSU Bakersfield,Nick Mascaro,All,744,84,87.3,106.1,111.0,42.9%,8.7°,17.2°,39.3,9.5%,8,0.296,0.238,0.394,0.373,40.5%,22.6%,33.3%,39.8%,63.5%,66.5%,22.4%,37.8%,99
FOR_MAS,Sage Adam,All,72,8,73.2,93.9,96.1,25.0%,-11.5°,-20.4°,0.0,0.0%,0,0.333,0.167,0.394,0.273,87.5%,12.5%,0.0%,40.3%,68.6%,83.3%,13.5%,20.7%,141
Baylor,Pearson Riebock,All,817,120,88.5,102.0,105.8,38.3%,13.5°,17.3°,50.0,4.2%,5,0.321,0.288,0.394,0.397,32.5%,29.2%,36.7%,42.5%,66.1%,82.0%,20.4%,26.5%,114
East Tennessee State,Blake Jacklin,All,731,132,87.3,102.1,106.9,38.6%,13.2°,12.8°,43.9,4.5%,6,0.325,0.311,0.394,0.403,36.4%,22.7%,35.6%,39.1%,63.1%,92.1%,20.4%,15.7%,119
Stony Brook,Chanz Doughty,All,285,36,90.2,106.4,109.5,52.8%,6.1°,12.0°,33.3,11.1%,4,0.281,0.248,0.394,0.373,41.7%,27.8%,25.0%,41.8%,67.3%,76.4%,26.4%,38.7%,104
Embry-Riddle (AZ),Owen Cain,All,61,10,94.1,100.3,102.6,70.0%,4.9°,3.6°,30.0,0.0%,0,0.333,0.423,0.394,0.485,70.0%,0.0%,30.0%,39.3%,60.0%,93.3%,25.0%,16.7%,102
San Jose State,Zach Chamizo,All,246,55,90.1,101.7,104.3,41.8%,9.8°,11.9°,32.7,5.5%,3,0.338,0.306,0.394,0.357,43.6%,23.6%,30.9%,52.4%,76.6%,81.7%,33.8%,27.1%,75
University of Montevallo,Jacob Pearl,All,318,51,83.7,100.6,102.9,19.6%,6.5°,15.6°,39.2,3.9%,2,0.295,0.256,0.393,0.348,47.1%,23.5%,27.5%,38.1%,58.5%,97.2%,25.1%,9.1%,114
Florida International,Andrew Ildefonso,All,537,100,90.1,104.1,106.8,43.0%,12.6°,10.9°,36.0,7.0%,7,0.299,0.309,0.393,0.402,40.0%,30.0%,26.0%,43.8%,62.7%,85.3%,30.9%,22.6%,76
Stanford,Tatum Marsh,All,758,145,87.4,102.9,107.8,33.8%,9.3°,11.2°,38.6,4.8%,7,0.364,0.334,0.393,0.406,41.4%,21.4%,32.4%,43.4%,69.2%,91.5%,22.6%,15.5%,93
Webber International,Steven Nitch,All,139,23,82.1,98.1,103.2,21.7%,-0.8°,4.8°,30.4,0.0%,0,0.286,0.313,0.393,0.394,56.5%,26.1%,17.4%,38.8%,57.1%,86.1%,23.7%,24.1%,120
Bryant,Gavin Noriega,All,607,142,89.4,104.4,106.9,41.5%,9.2°,7.4°,33.8,4.9%,7,0.308,0.324,0.393,0.405,47.9%,23.2%,22.5%,50.7%,79.5%,86.3%,32.1%,19.2%,115
Washington State,Willis Cresswell,All,309,59,90.1,104.3,107.2,44.1%,9.1°,10.3°,30.5,8.5%,5,0.338,0.292,0.393,0.369,40.7%,20.3%,27.1%,46.0%,63.8%,89.5%,29.4%,20.4%,60
Lipscomb,Damion Kenealy,All,527,116,86.6,103.6,108.9,31.0%,1.7°,5.4°,23.3,6.9%,8,0.311,0.274,0.393,0.359,54.3%,21.6%,17.2%,46.3%,71.0%,84.4%,29.0%,20.5%,79
Loyola Marymount,Robbie Ayers,All,632,102,86.3,102.7,105.3,31.4%,10.8°,9.8°,34.3,2.0%,2,0.299,0.251,0.393,0.338,43.1%,27.5%,26.5%,43.7%,66.8%,86.7%,27.6%,19.6%,98
UNC Wilmington,Cole Nelson,All,537,57,92.1,111.6,115.1,49.1%,12.6°,16.5°,43.9,22.8%,13,0.241,0.252,0.393,0.381,35.1%,33.3%,28.1%,45.1%,63.2%,74.1%,32.5%,41.7%,71
New Mexico State,Gianni Horvat,All,306,66,87.8,100.0,102.6,31.8%,11.6°,13.3°,43.9,4.5%,3,0.338,0.32,0.393,0.408,40.9%,27.3%,31.8%,45.1%,70.0%,90.1%,26.7%,26.1%,113
Davidson,Landon Reeves,All,123,11,91.8,106.2,110.8,45.5%,16.7°,11.1°,36.4,27.3%,3,0.269,0.136,0.393,0.268,36.4%,63.6%,0.0%,43.1%,61.1%,75.8%,29.0%,39.6%,62
Columbia,Jack Kail,All,738,173,85.5,98.9,103.2,22.0%,12.6°,16.8°,38.2,0.0%,0,0.314,0.289,0.393,0.353,39.3%,29.5%,28.3%,48.9%,72.3%,90.0%,31.2%,12.7%,97
Stephen F. Austin,Dante Turgeon,All,111,13,89.9,105.6,107.1,30.8%,3.3°,13.0°,15.4,7.7%,1,0.227,0.202,0.393,0.309,53.8%,15.4%,15.4%,41.4%,54.3%,76.0%,32.3%,37.0%,49
Southern Wesleyan,Caide Linker,All,147,23,78.1,98.3,102.8,17.4%,3.2°,9.0°,34.8,0.0%,0,0.344,0.302,0.393,0.38,52.2%,13.0%,34.8%,40.1%,64.8%,80.0%,25.8%,30.5%,121
Kennesaw State,Jackson Chirello,All,603,74,89.2,107.1,109.5,35.1%,18.2°,17.9°,47.3,10.8%,8,0.272,0.256,0.393,0.375,25.7%,28.4%,41.9%,40.3%,65.7%,79.0%,23.6%,32.5%,70
Virginia,Aiden Harris,All,50,7,96.8,104.5,104.8,57.1%,-4.4°,-3.9°,14.3,0.0%,0,0.333,0.27,0.392,0.322,57.1%,14.3%,28.6%,38.0%,71.4%,73.3%,13.8%,31.6%,131
New Mexico State,Thomas Meluskey,All,268,37,86.5,99.8,101.8,21.6%,27.8°,20.0°,43.2,8.1%,3,0.273,0.215,0.392,0.314,16.2%,37.8%,37.8%,34.7%,59.3%,80.0%,15.3%,31.2%,110
North Carolina,Alex Madera,All,975,185,86.8,100.7,103.6,30.8%,3.5°,7.3°,29.2,0.0%,0,0.332,0.291,0.392,0.383,54.6%,13.5%,27.6%,37.0%,62.4%,91.6%,16.2%,13.6%,117
Evansville,Mason McCue,All,172,16,86.4,101.4,103.8,18.8%,18.7°,6.5°,50.0,0.0%,0,0.286,0.258,0.392,0.372,25.0%,37.5%,37.5%,37.2%,63.0%,71.7%,18.2%,40.6%,132
Navy,Andrew Manning,All,652,109,85.8,106.4,109.1,33.9%,4.5°,14.4°,30.3,9.2%,10,0.297,0.282,0.392,0.385,47.7%,22.9%,23.9%,40.6%,68.3%,83.1%,23.2%,30.9%,100
St. Thomas (FL),Jose Vega Velez,All,112,20,85.6,100.0,102.8,25.0%,4.0°,7.7°,30.0,0.0%,0,0.321,0.202,0.392,0.262,60.0%,15.0%,20.0%,50.0%,74.5%,80.0%,32.3%,32.1%,99
New Orleans,Marco Mueses,All,74,14,89.5,101.7,103.8,35.7%,5.6°,7.5°,50.0,0.0%,0,0.333,0.254,0.392,0.324,35.7%,21.4%,35.7%,35.1%,66.7%,100.0%,13.6%,19.2%,117
Bradley,Mason Breidenbach,All,588,104,91.2,106.8,111.8,44.2%,6.4°,5.5°,30.8,1.9%,2,0.305,0.343,0.392,0.441,47.1%,23.1%,24.0%,36.6%,64.2%,91.0%,14.6%,13.0%,132
Illinois-Chicago,Jackson Bessette,All,640,88,88.3,103.3,108.0,39.8%,18.1°,14.6°,38.6,8.0%,7,0.252,0.237,0.392,0.37,31.8%,44.3%,17.0%,37.5%,59.8%,83.0%,21.7%,24.2%,105
Jacksonville State,Carson Hornung,All,981,131,91.0,108.3,112.4,48.1%,3.1°,7.8°,32.1,8.4%,11,0.28,0.295,0.392,0.42,52.7%,16.8%,26.7%,35.4%,58.8%,83.7%,16.5%,21.0%,106
Fresno Pacific,Jacob Solorio,All,155,32,89.6,100.7,102.6,40.6%,8.4°,8.9°,37.5,3.1%,1,0.333,0.282,0.392,0.367,43.8%,15.6%,34.4%,52.3%,83.9%,78.7%,34.3%,24.7%,75
Lehigh,Aidan Quinn,All,541,99,86.6,103.4,105.1,33.3%,7.3°,13.8°,30.3,4.0%,4,0.298,0.291,0.392,0.412,40.4%,29.3%,21.2%,38.4%,59.4%,91.4%,22.5%,15.4%,115
Illinois,Kyle Schupmann,All,673,109,90.4,105.5,110.3,42.2%,19.5°,19.0°,37.6,11.9%,13,0.276,0.28,0.392,0.403,33.0%,35.8%,24.8%,42.6%,69.0%,85.9%,18.9%,19.2%,114
Rider,Griffin Puvel,All,45,5,83.9,98.3,99.2,40.0%,24.7°,8.9°,40.0,0.0%,0,0.333,0.208,0.392,0.26,40.0%,40.0%,20.0%,53.3%,82.4%,64.3%,35.7%,45.8%,127
South Carolina,Henry Kaczmar,All,710,129,90.8,104.5,107.9,46.5%,13.3°,14.2°,36.4,5.4%,7,0.313,0.313,0.392,0.405,38.0%,25.6%,33.3%,45.9%,69.6%,76.5%,24.6%,27.3%,95
St. Thomas (FL),Franklin Pinales Jr.,All,43,8,83.6,93.8,97.1,12.5%,12.3°,21.2°,37.5,0.0%,0,0.333,0.174,0.392,0.25,50.0%,25.0%,25.0%,30.2%,47.6%,100.0%,13.6%,15.4%,117
George Mason,Owen Clyne,All,734,152,85.6,101.5,104.2,32.9%,9.1°,11.0°,42.1,2.6%,4,0.333,0.32,0.392,0.402,40.1%,24.3%,31.6%,41.1%,68.5%,94.4%,20.7%,12.6%,117
Mars Hill,Peyton Starkey,All,262,53,80.7,96.0,101.7,11.3%,10.5°,1.8°,22.6,0.0%,0,0.321,0.225,0.392,0.284,47.2%,24.5%,18.9%,38.5%,63.9%,91.9%,23.6%,10.9%,143
San Jose State,Zachary Tallerman,All,177,33,87.7,106.0,107.6,36.4%,4.2°,11.7°,36.4,9.1%,3,0.317,0.293,0.392,0.372,45.5%,21.2%,33.3%,45.2%,68.8%,90.6%,27.0%,22.5%,84
Washington,Braedon Terry,All,502,85,84.9,98.8,103.5,24.7%,14.9°,12.8°,42.4,1.2%,1,0.304,0.273,0.392,0.358,34.1%,30.6%,31.8%,43.8%,72.0%,87.9%,22.2%,18.6%,124
Winthrop,Chancellor Jennings,All,87,12,82.9,104.7,105.2,25.0%,1.0°,5.9°,33.3,0.0%,0,0.353,0.186,0.392,0.298,50.0%,8.3%,33.3%,41.4%,64.5%,90.0%,28.6%,27.8%,52
Ave Maria,Caleb Metzen,All,48,7,77.9,96.1,97.6,14.3%,3.3°,18.7°,42.9,0.0%,0,0.333,0.202,0.392,0.276,57.1%,0.0%,42.9%,47.9%,73.7%,71.4%,31.0%,30.4%,78
TCU,Jack Bell,All,707,88,88.5,105.8,109.4,43.2%,13.3°,12.9°,30.7,4.5%,4,0.268,0.235,0.391,0.351,43.2%,26.1%,22.7%,35.9%,58.3%,81.8%,17.4%,24.8%,113
Florida A&M,Ethan Miller,All,81,14,82.9,96.1,97.8,14.3%,14.3°,11.1°,28.6,0.0%,0,0.267,0.301,0.391,0.382,28.6%,28.6%,28.6%,40.7%,55.6%,90.0%,28.9%,12.1%,101
Arkansas,Reese Robinett,All,347,42,91.3,107.3,109.4,52.4%,10.1°,12.6°,38.1,7.1%,3,0.262,0.27,0.391,0.391,47.6%,16.7%,31.0%,43.5%,72.8%,82.6%,19.0%,30.5%,116
Lindenwood,Charlie Isom-McCall,All,122,19,85.6,98.9,99.2,21.1%,4.5°,12.3°,21.1,0.0%,0,0.292,0.238,0.391,0.32,57.9%,31.6%,10.5%,41.0%,69.2%,83.3%,20.0%,24.0%,117
Abilene Christian,Reese Borho,All,425,70,86.6,102.9,105.6,41.4%,19.0°,19.0°,44.3,5.7%,4,0.286,0.289,0.391,0.378,28.6%,24.3%,35.7%,44.9%,70.5%,86.8%,23.7%,22.5%,113
Little Rock,Aiden McGinnis,All,72,15,89.0,94.7,105.0,26.7%,18.7°,-0.7°,46.7,6.7%,1,0.316,0.326,0.391,0.404,26.7%,26.7%,33.3%,51.4%,71.0%,90.9%,36.6%,27.0%,86
Fordham,Matthew Dieguez,All,622,127,87.1,101.7,104.9,35.4%,10.1°,14.1°,33.9,1.6%,2,0.346,0.273,0.391,0.35,46.5%,20.5%,26.0%,45.3%,69.9%,84.7%,26.3%,23.4%,95
Connecticut,Aidan Dougherty,All,570,114,88.4,101.6,105.6,37.7%,3.9°,7.3°,27.2,1.8%,2,0.346,0.308,0.391,0.374,53.5%,21.9%,21.9%,42.3%,64.3%,88.9%,23.0%,19.1%,87
Claflin,Devin Tallington,All,36,6,80.8,81.6,81.7,0.0%,-5.8°,-,33.3,0.0%,0,0.375,0.388,0.391,0.418,50.0%,16.7%,33.3%,33.3%,46.7%,71.4%,23.8%,33.3%,56
Wofford,Tyler Hare,All,591,81,92.1,102.9,107.3,48.1%,18.2°,19.5°,46.9,11.1%,9,0.261,0.286,0.391,0.432,24.7%,33.3%,37.0%,38.6%,68.5%,83.0%,15.6%,25.0%,116
Air Force,Zachary Peters,All,551,90,89.8,104.8,109.2,44.4%,8.9°,10.3°,32.2,7.8%,7,0.315,0.261,0.391,0.352,47.8%,22.2%,22.2%,42.3%,64.6%,78.1%,25.1%,27.5%,97
UC San Diego,Emiliano Gonzalez,All,341,65,89.5,103.8,104.9,43.1%,4.2°,7.0°,30.8,3.1%,2,0.321,0.311,0.391,0.391,47.7%,18.5%,27.7%,41.1%,63.9%,92.9%,22.0%,15.7%,111
Lewis & Clark,Justin Cavagnaro,All,123,17,85.1,97.8,99.9,29.4%,12.9°,7.8°,35.3,0.0%,0,0.278,0.334,0.391,0.441,29.4%,29.4%,29.4%,32.5%,61.4%,85.2%,16.5%,17.5%,126
Hofstra,Luke Masiuk,All,636,112,86.8,100.6,106.3,29.5%,22.4°,18.1°,35.7,4.5%,5,0.282,0.237,0.391,0.329,26.8%,34.8%,26.8%,48.1%,72.8%,76.6%,26.9%,29.1%,92
Marshall,Elijah Vogelsong-Lewis,All,769,106,88.5,103.9,108.2,38.7%,13.2°,10.2°,33.0,4.7%,5,0.264,0.25,0.391,0.372,39.6%,28.3%,24.5%,31.7%,53.0%,86.7%,17.1%,23.0%,110
Cornell,John Quinlan,All,518,75,86.9,99.8,103.7,26.7%,13.4°,7.6°,32.0,2.7%,2,0.26,0.234,0.391,0.382,41.3%,24.0%,20.0%,38.2%,63.5%,84.3%,20.8%,21.7%,112
Louisville,Zion Rose,All,1077,216,87.0,103.4,108.5,40.7%,6.3°,12.1°,36.1,8.3%,18,0.298,0.315,0.391,0.416,47.2%,21.8%,25.9%,43.4%,64.0%,90.0%,26.5%,16.3%,80
Columbia,Hunter Snyder,All,539,92,86.6,101.0,104.9,25.0%,4.9°,10.2°,41.3,1.1%,1,0.321,0.288,0.391,0.374,50.0%,14.1%,33.7%,39.0%,60.9%,91.7%,21.6%,19.5%,106
Northern Colorado,Trey Oblas,All,31,6,88.7,94.0,94.3,33.3%,21.8°,-10.5°,0.0,0.0%,0,0.375,0.157,0.391,0.234,50.0%,50.0%,0.0%,29.0%,46.2%,100.0%,16.7%,22.2%,164
Southern Miss,Jake Cook,All,948,187,86.4,101.2,109.0,24.6%,6.1°,7.4°,27.3,1.6%,3,0.352,0.265,0.391,0.352,47.1%,24.1%,22.5%,41.9%,64.2%,91.1%,22.9%,12.1%,88
Arkansas State,Cason Campbell,All,618,102,86.7,103.6,106.5,34.3%,3.8°,5.9°,26.5,2.0%,2,0.302,0.287,0.391,0.374,56.9%,18.6%,20.6%,39.6%,61.4%,85.9%,22.0%,20.8%,100
New Mexico,Caleb Herd,All,264,35,90.8,101.2,107.0,45.7%,8.1°,14.7°,37.1,5.7%,2,0.25,0.309,0.391,0.445,48.6%,20.0%,28.6%,37.5%,65.3%,74.7%,14.0%,24.2%,154
Point,Jaden Mazzaferro,All,69,11,84.0,91.1,91.8,0.0%,15.3°,-,54.5,0.0%,0,0.375,0.277,0.391,0.335,27.3%,18.2%,54.5%,50.7%,80.0%,83.3%,28.2%,22.9%,99
Lincoln Memorial,Alex Kowalski,All,130,31,80.7,98.8,104.7,22.6%,11.1°,14.8°,25.8,0.0%,0,0.333,0.213,0.391,0.258,38.7%,25.8%,25.8%,56.9%,77.3%,91.2%,46.5%,24.3%,76
Akron,Max Bowman,All,853,128,89.8,99.9,103.8,40.6%,16.5°,15.6°,43.0,1.6%,2,0.299,0.28,0.391,0.388,31.2%,29.7%,33.6%,39.2%,67.6%,88.1%,16.9%,21.0%,135
Emmanuel (GA),Hayden Beall,All,214,35,87.1,101.8,103.4,51.4%,15.9°,14.3°,34.3,5.7%,2,0.295,0.303,0.391,0.407,37.1%,22.9%,25.7%,44.4%,79.2%,78.7%,24.8%,25.3%,112
Rider,Nick Shuhet,All,161,27,96.1,105.0,105.6,66.7%,13.4°,16.4°,44.4,22.2%,6,0.31,0.322,0.391,0.451,37.0%,29.6%,29.6%,48.4%,75.7%,77.4%,27.5%,32.1%,77
Point,Daniel Gonzalez,All,55,12,80.6,98.0,99.2,25.0%,4.7°,9.9°,25.0,0.0%,0,0.375,0.283,0.391,0.329,50.0%,16.7%,25.0%,58.2%,95.0%,89.5%,37.1%,25.0%,77
Middlebury,Aiden Han,All,76,9,83.4,93.9,94.3,0.0%,2.2°,-,33.3,0.0%,0,0.308,0.302,0.391,0.404,66.7%,0.0%,33.3%,34.2%,68.0%,76.5%,17.6%,23.1%,165
UCLA,Dean West,All,1256,198,84.8,99.8,103.7,27.3%,9.5°,9.3°,34.8,2.0%,4,0.304,0.277,0.39,0.377,43.4%,26.3%,26.3%,35.1%,55.8%,94.5%,14.7%,8.4%,113
Texas,Ethan Mendoza,All,985,147,88.3,104.7,109.9,45.6%,3.6°,6.3°,29.9,1.4%,2,0.316,0.281,0.39,0.386,49.7%,21.1%,24.5%,35.7%,54.8%,84.7%,18.7%,21.0%,88
St. Thomas (FL),Erick Ballenilla,All,387,76,88.1,100.9,104.3,43.4%,8.1°,11.9°,40.8,1.3%,1,0.315,0.302,0.39,0.403,46.1%,23.7%,28.9%,43.9%,69.6%,89.7%,24.2%,20.6%,131
Army,Addison Ainsworth,All,604,111,85.2,99.9,104.9,27.0%,8.4°,9.8°,28.8,2.7%,3,0.307,0.282,0.39,0.372,52.3%,24.3%,18.9%,40.6%,66.8%,91.7%,19.2%,13.9%,124
Liberty,Nick Barone,All,770,149,90.7,105.2,108.2,53.7%,11.1°,18.2°,33.6,14.1%,21,0.296,0.304,0.39,0.423,41.6%,32.2%,20.8%,50.6%,76.0%,83.9%,28.5%,23.6%,107
George Mason,Andrew Canody,All,268,60,83.6,101.9,106.8,38.3%,8.9°,6.4°,25.0,3.3%,2,0.35,0.244,0.39,0.302,50.0%,28.3%,18.3%,53.4%,79.2%,89.3%,36.4%,25.9%,64
Nevada,Jacob Doyle,All,599,89,92.2,107.5,109.9,48.3%,20.6°,22.2°,42.7,14.6%,13,0.272,0.249,0.39,0.381,27.0%,38.2%,28.1%,47.1%,77.3%,74.9%,25.9%,34.4%,90
Webber International,Camren Carroll,All,145,19,83.3,94.6,95.0,0.0%,7.3°,-,31.6,0.0%,0,0.304,0.264,0.39,0.354,52.6%,21.1%,26.3%,35.2%,53.4%,93.5%,23.0%,19.6%,118
Portland,Brady Bean,All,323,64,86.5,105.7,107.9,37.5%,2.8°,14.2°,26.6,4.7%,3,0.307,0.296,0.39,0.398,53.1%,25.0%,17.2%,39.0%,61.6%,90.1%,15.7%,17.5%,111
Saint Peter's,Tyler Cotten,All,76,15,91.1,102.4,104.4,33.3%,9.7°,17.7°,33.3,6.7%,1,0.333,0.332,0.39,0.389,40.0%,26.7%,26.7%,46.1%,86.2%,80.0%,21.3%,22.9%,161
Erskine,Jude Littrell,All,129,30,83.3,95.4,98.3,6.7%,3.5°,13.8°,46.7,0.0%,0,0.364,0.328,0.39,0.373,46.7%,20.0%,30.0%,44.2%,69.6%,92.3%,24.7%,10.5%,139
South Carolina,Nathan Hall,All,759,165,87.6,107.5,113.3,37.0%,7.2°,3.0°,29.7,5.5%,9,0.318,0.306,0.39,0.383,53.9%,17.6%,24.2%,45.6%,67.1%,87.5%,29.7%,19.7%,61
Southeastern Louisiana,Cole Stromboe,All,78,8,88.4,101.1,105.0,50.0%,13.5°,17.7°,12.5,12.5%,1,0.308,0.194,0.39,0.331,50.0%,50.0%,0.0%,33.3%,56.0%,85.7%,22.6%,26.9%,99
Lamar,Tab Tracy,All,503,94,82.6,95.9,100.8,17.0%,-5.3°,-8.4°,23.4,0.0%,0,0.377,0.25,0.39,0.292,62.8%,12.8%,20.2%,47.1%,70.4%,93.6%,28.6%,11.8%,93
TCU,Nolan Traeger,All,695,115,86.7,101.1,103.5,31.3%,12.4°,6.5°,39.1,2.6%,3,0.312,0.278,0.39,0.364,40.0%,25.2%,30.4%,37.8%,56.1%,91.8%,21.5%,16.7%,95
Xavier,Clay Burdette,All,780,125,93.5,113.7,117.3,55.2%,13.3°,17.8°,28.8,12.0%,15,0.285,0.267,0.39,0.414,40.8%,29.6%,21.6%,50.1%,73.9%,74.3%,33.0%,34.0%,87
Holy Cross,Jimmy King,All,447,100,86.0,100.5,103.1,30.0%,5.0°,9.7°,39.0,0.0%,0,0.328,0.316,0.39,0.386,51.0%,13.0%,32.0%,42.5%,64.9%,95.2%,25.8%,13.7%,95
Stonehill,Jack Thorbahn,All,221,31,91.3,106.2,110.3,45.2%,12.8°,26.7°,45.2,22.6%,7,0.25,0.274,0.39,0.446,35.5%,32.3%,29.0%,49.3%,80.2%,79.2%,25.6%,34.9%,101
UTSA,Norris Mcclure,All,740,147,89.0,104.8,109.5,46.3%,2.5°,4.7°,25.9,6.8%,10,0.337,0.307,0.39,0.39,55.8%,21.1%,21.1%,48.1%,74.1%,85.3%,28.2%,24.2%,104
TCU,Cole Cramer,All,1076,161,92.0,103.7,106.4,53.4%,1.4°,10.3°,31.1,5.0%,8,0.314,0.311,0.39,0.418,55.9%,16.8%,26.7%,34.6%,56.7%,85.8%,15.7%,21.5%,108
Mississippi State,Bryce Chance,All,695,131,88.0,101.6,106.7,37.4%,9.9°,9.5°,37.4,2.3%,3,0.345,0.284,0.39,0.377,44.3%,26.0%,25.2%,43.5%,62.7%,86.7%,27.9%,22.8%,71
North Dakota State,Colten Becker,All,391,48,88.1,106.1,110.6,37.5%,14.8°,16.7°,45.8,6.2%,3,0.276,0.244,0.39,0.381,27.1%,22.9%,39.6%,43.5%,69.9%,82.8%,24.0%,32.4%,100
Fairfield,TJ Schmalzle,All,319,46,82.4,103.9,107.2,30.4%,4.8°,-0.6°,41.3,4.3%,2,0.29,0.259,0.39,0.379,56.5%,15.2%,23.9%,39.2%,64.9%,83.9%,20.5%,28.8%,123
Indiana,Joey Brenczewski,All,413,62,89.5,104.9,106.9,38.7%,8.1°,9.4°,32.3,3.2%,2,0.308,0.3,0.39,0.395,46.8%,21.0%,29.0%,39.0%,58.8%,83.7%,24.2%,24.2%,100
Western Carolina,Hayden Friese,All,797,162,89.6,103.6,111.6,42.0%,9.4°,11.3°,30.9,3.1%,5,0.311,0.315,0.39,0.4,48.1%,21.6%,24.1%,39.1%,67.3%,92.4%,16.9%,13.8%,114
Austin Peay,Brody Szako,All,422,55,88.9,107.1,110.5,41.8%,18.4°,16.3°,29.1,10.9%,6,0.262,0.23,0.39,0.349,36.4%,38.2%,20.0%,47.4%,77.3%,72.8%,26.0%,31.0%,124
Southeast Missouri,Bryce Cannon,All,574,104,90.1,105.6,108.9,43.3%,14.1°,15.1°,36.5,7.7%,8,0.287,0.286,0.39,0.391,31.7%,30.8%,32.7%,45.8%,69.8%,86.1%,26.3%,18.6%,122
Kentucky,Tyler Bell,All,1040,165,90.5,104.9,110.6,44.8%,11.7°,17.2°,38.2,9.1%,15,0.298,0.299,0.39,0.413,41.2%,29.7%,26.1%,41.6%,60.1%,86.6%,25.5%,21.0%,86
UNC Wilmington,Kevin Jones II,All,383,61,90.1,102.3,109.1,42.6%,6.8°,14.8°,41.0,4.9%,3,0.312,0.321,0.389,0.413,50.8%,13.1%,32.8%,36.0%,55.0%,84.9%,21.0%,23.2%,103
Utah Valley,Luke Iverson,All,645,84,90.9,104.6,109.1,47.6%,13.0°,18.0°,35.7,7.1%,6,0.262,0.259,0.389,0.387,36.9%,23.8%,27.4%,41.6%,65.4%,74.7%,25.5%,32.5%,101
Houston,Cade Climie,All,683,88,91.8,106.5,109.0,54.5%,13.5°,16.6°,37.5,10.2%,9,0.25,0.285,0.389,0.438,36.4%,27.3%,31.8%,37.6%,63.2%,81.6%,16.4%,25.7%,117
UT Martin,Arderrius Townsend,All,95,16,88.3,109.3,109.9,56.2%,18.2°,23.9°,43.8,25.0%,4,0.273,0.352,0.389,0.543,25.0%,37.5%,37.5%,53.7%,77.6%,76.3%,28.3%,33.3%,111
UNLV,Cooper Sheff,All,685,109,87.8,103.8,108.2,35.8%,10.1°,11.0°,28.4,4.6%,5,0.303,0.256,0.389,0.345,44.0%,28.4%,24.8%,37.7%,58.7%,84.7%,21.3%,26.4%,112
Mars Hill,Chapel Matson,All,414,53,88.5,102.4,103.4,39.6%,14.0°,23.2°,43.4,9.4%,5,0.241,0.211,0.389,0.379,28.3%,32.1%,28.3%,37.2%,70.1%,80.0%,17.1%,25.3%,143
Gonzaga,Payton Knowles,All,254,35,84.2,99.8,101.9,20.0%,3.0°,8.9°,31.4,0.0%,0,0.261,0.21,0.389,0.363,51.4%,17.1%,22.9%,36.2%,62.3%,87.9%,17.6%,17.4%,106
Northern Colorado,Brett Barber,All,114,23,81.6,93.8,94.0,0.0%,14.2°,-,34.8,0.0%,0,0.321,0.307,0.389,0.351,30.4%,30.4%,26.1%,43.9%,71.7%,97.0%,25.0%,16.0%,93
Longwood,James Nelson,All,652,119,85.8,103.8,108.2,38.7%,8.0°,13.3°,36.1,4.2%,5,0.303,0.259,0.389,0.355,44.5%,22.7%,27.7%,48.0%,75.5%,85.6%,27.7%,20.8%,108
Redlands,Luke De Vries,All,63,14,69.8,90.8,92.6,0.0%,-1.0°,-,28.6,0.0%,0,0.333,0.285,0.389,0.345,57.1%,7.1%,28.6%,50.8%,81.0%,94.1%,35.7%,15.6%,98
UTSA,Nathan Hodge,All,394,83,85.1,97.0,100.3,18.1%,11.3°,13.0°,32.5,0.0%,0,0.333,0.275,0.389,0.332,44.6%,22.9%,25.3%,39.3%,60.6%,97.2%,22.4%,14.8%,75
Georgia College,Matthew Mebane,All,397,62,86.3,105.6,107.6,40.3%,10.0°,15.3°,30.6,8.1%,5,0.321,0.278,0.389,0.384,43.5%,22.6%,29.0%,48.6%,72.8%,83.9%,31.9%,24.9%,82
Northwestern State,Rocco Gump,All,251,39,87.2,100.3,104.4,28.2%,4.3°,13.9°,30.8,0.0%,0,0.265,0.263,0.389,0.341,48.7%,28.2%,17.9%,37.5%,68.8%,78.8%,18.1%,27.7%,119
College of Charleston,Avery Neaves,All,1004,124,86.7,103.0,108.9,33.1%,18.3°,17.8°,31.5,4.8%,6,0.268,0.209,0.389,0.342,33.1%,29.0%,23.4%,36.7%,65.1%,77.3%,15.6%,29.6%,135
Omaha,Jackson Trout,All,572,95,86.7,100.8,106.4,31.6%,10.7°,2.9°,35.8,1.1%,1,0.339,0.269,0.389,0.335,38.9%,23.2%,28.4%,33.4%,46.0%,85.1%,23.8%,17.3%,71
Fairleigh Dickinson,Jimmy Mantuano,All,80,11,77.8,100.6,101.2,27.3%,15.3°,5.9°,36.4,0.0%,0,0.333,0.219,0.389,0.303,27.3%,9.1%,45.5%,48.8%,78.1%,72.0%,29.2%,33.3%,106
Milwaukee,Camden Kuhnke,All,99,14,89.9,102.7,103.2,28.6%,8.1°,18.4°,35.7,14.3%,2,0.273,0.247,0.388,0.326,35.7%,28.6%,28.6%,48.5%,63.6%,67.9%,36.4%,25.0%,88
Missouri,Brady Picarelli,All,216,31,86.4,103.4,107.4,38.7%,5.5°,14.8°,35.5,6.5%,2,0.289,0.277,0.388,0.404,48.4%,25.8%,22.6%,44.0%,65.7%,72.3%,25.6%,30.5%,90
Cornell,Kyle Musser,All,317,61,88.9,102.2,108.3,31.1%,12.9°,17.1°,45.9,8.2%,5,0.299,0.28,0.388,0.369,32.8%,34.4%,26.2%,39.7%,57.9%,86.4%,25.4%,23.0%,94
Arkansas State,Wil French,All,893,163,87.7,101.0,103.9,35.0%,12.4°,14.9°,36.2,2.5%,4,0.286,0.293,0.388,0.412,39.3%,27.0%,27.6%,42.1%,69.9%,89.8%,20.4%,13.3%,134
Emmanuel (GA),Parker Westbrook,All,48,5,83.0,93.5,96.4,20.0%,30.2°,14.8°,40.0,0.0%,0,0.3,0.186,0.388,0.278,20.0%,20.0%,40.0%,37.5%,55.0%,72.7%,25.0%,33.3%,78
Mount St. Mary's,Alexander Mendes,All,313,45,84.3,100.1,103.4,28.9%,4.0°,8.2°,40.0,0.0%,0,0.356,0.274,0.388,0.355,51.1%,11.1%,35.6%,34.5%,54.7%,85.3%,18.8%,20.4%,108
Lewis & Clark,William Michelman,All,50,8,88.1,95.5,97.7,12.5%,21.8°,17.2°,62.5,0.0%,0,0.3,0.325,0.388,0.407,12.5%,25.0%,50.0%,26.0%,55.6%,100.0%,9.4%,15.4%,137
Illinois Wesleyan,Tristan Figus,All,134,22,82.9,95.3,97.8,13.6%,2.6°,6.6°,22.7,0.0%,0,0.346,0.29,0.388,0.361,54.5%,22.7%,22.7%,40.3%,68.5%,94.6%,21.2%,13.0%,137
UTSA,Mason Lytle,All,872,224,89.2,104.0,110.1,37.9%,11.9°,8.8°,36.6,1.3%,3,0.335,0.324,0.388,0.383,42.0%,24.6%,30.4%,50.0%,74.7%,94.4%,32.9%,12.2%,79
Army,Justin Lehman,All,426,82,88.3,104.2,108.0,40.2%,4.9°,8.7°,42.7,3.7%,3,0.333,0.309,0.388,0.38,47.6%,14.6%,37.8%,49.8%,76.6%,87.6%,34.0%,22.6%,75
West Georgia,Noah Darden,All,51,11,84.6,100.9,102.3,45.5%,3.9°,8.7°,27.3,9.1%,1,0.357,0.303,0.388,0.335,54.5%,36.4%,9.1%,47.1%,61.5%,100.0%,32.0%,8.3%,63
Tulane,Connor Rasmussen,All,814,155,84.9,99.4,102.7,29.7%,10.8°,16.1°,39.4,1.3%,2,0.322,0.295,0.388,0.382,40.0%,24.5%,33.5%,40.7%,71.4%,92.0%,19.5%,14.2%,133
Iowa,Ben Wilmes,All,810,141,88.9,103.3,108.1,44.0%,9.2°,10.1°,31.2,1.4%,2,0.3,0.269,0.388,0.367,41.1%,27.7%,27.0%,38.1%,57.9%,82.9%,21.1%,19.4%,98
Nebraska,Cael Frost,All,433,56,91.0,107.9,110.4,46.4%,8.4°,15.8°,33.9,8.9%,5,0.258,0.246,0.388,0.36,41.1%,26.8%,26.8%,49.0%,77.2%,75.0%,25.4%,36.8%,106
San Jose State,Rocco Caballero,All,303,53,83.4,101.4,103.5,18.9%,9.8°,9.5°,35.8,0.0%,0,0.29,0.241,0.388,0.299,43.4%,22.6%,28.3%,44.2%,65.6%,93.0%,27.9%,19.4%,67
Arizona State,Jacob Tobias,All,928,189,88.9,104.3,107.6,43.4%,9.4°,15.4°,37.0,5.3%,10,0.309,0.323,0.388,0.417,41.8%,27.5%,29.6%,43.6%,68.6%,91.4%,24.3%,19.0%,99
Ave Maria,Jimmy Coffey,All,245,40,80.0,89.5,93.4,2.5%,4.0°,-40.6°,22.5,0.0%,0,0.32,0.289,0.388,0.366,65.0%,15.0%,20.0%,37.1%,64.4%,86.2%,18.1%,15.4%,157
Butler,Keegan Connors,All,44,6,68.9,92.1,96.0,16.7%,20.0°,26.8°,33.3,0.0%,0,0.3,0.164,0.388,0.284,33.3%,66.7%,0.0%,29.5%,28.6%,100.0%,30.0%,30.8%,100
Old Dominion,Zachary Leite,All,426,63,93.5,108.3,112.0,55.6%,10.3°,11.6°,36.5,3.2%,2,0.281,0.299,0.388,0.399,44.4%,17.5%,34.9%,43.2%,68.9%,82.5%,23.9%,29.3%,73
Willamette,Nathan Hamburger,All,84,13,83.9,101.3,101.6,46.2%,8.5°,6.9°,38.5,0.0%,0,0.25,0.254,0.388,0.375,46.2%,30.8%,23.1%,42.9%,76.5%,92.3%,20.0%,22.2%,137
Oklahoma,Trey Gambill,All,906,131,89.7,103.4,105.3,46.6%,12.9°,14.2°,38.9,3.1%,4,0.278,0.295,0.388,0.425,36.6%,28.2%,29.8%,34.9%,64.0%,90.6%,12.2%,16.1%,127
Cal Poly,Jack Collins,All,1059,150,89.0,102.8,108.3,38.7%,22.9°,21.9°,31.3,6.7%,10,0.282,0.22,0.388,0.336,26.7%,38.0%,26.7%,41.7%,67.8%,81.3%,23.1%,24.2%,107
Radford,JK Perez,All,626,109,85.8,97.3,102.1,22.0%,11.7°,11.8°,36.7,0.0%,0,0.319,0.252,0.388,0.32,44.0%,22.0%,27.5%,41.2%,58.9%,81.1%,26.3%,24.0%,79
California Baptist,Connor Ross,All,403,63,90.2,105.4,107.9,41.3%,14.8°,20.9°,39.7,12.7%,8,0.256,0.279,0.388,0.422,34.9%,33.3%,28.6%,40.7%,66.7%,88.9%,23.2%,20.1%,112
Georgia College,Caleb Miele,All,164,28,85.2,95.4,96.4,10.7%,3.5°,6.5°,21.4,0.0%,0,0.364,0.231,0.388,0.35,53.6%,10.7%,21.4%,47.6%,84.4%,77.8%,24.0%,24.4%,130
Rider,Charley Magoulick,All,203,34,89.8,100.7,102.3,35.3%,9.7°,16.3°,44.1,2.9%,1,0.318,0.293,0.388,0.359,35.3%,20.6%,32.4%,49.8%,75.3%,74.1%,34.1%,28.7%,85
Texas,Will Gasparino,All,830,130,85.9,107.6,113.2,39.2%,10.5°,16.2°,32.3,10.8%,14,0.256,0.256,0.387,0.379,45.4%,26.2%,19.2%,44.2%,62.9%,81.6%,30.9%,27.5%,70
North Alabama,Petey Craska,All,282,39,91.6,109.5,112.9,38.5%,18.2°,6.7°,30.8,7.7%,3,0.286,0.244,0.387,0.381,28.2%,15.4%,28.2%,43.6%,74.7%,83.8%,26.8%,25.2%,95
Ashland,Sean Krueckeberg,All,172,26,86.8,101.5,102.1,34.6%,14.9°,15.9°,42.3,3.8%,1,0.256,0.248,0.387,0.357,42.3%,38.5%,15.4%,40.1%,64.6%,81.0%,25.2%,33.3%,86
Central Connecticut,Gianno Merlonghi,All,63,12,88.2,97.6,97.8,33.3%,4.0°,3.5°,41.7,0.0%,0,0.385,0.37,0.387,0.394,50.0%,8.3%,33.3%,49.2%,74.1%,95.0%,30.6%,9.7%,117
Belmont,Blake Barton,All,718,137,88.0,102.6,108.2,36.5%,14.6°,8.6°,39.4,2.9%,4,0.299,0.297,0.387,0.381,38.7%,23.4%,28.5%,43.7%,69.2%,86.8%,21.1%,21.0%,112
Charleston Southern,Jack Mausser,All,87,12,77.5,95.5,99.3,8.3%,14.1°,1.8°,25.0,0.0%,0,0.267,0.273,0.387,0.401,41.7%,25.0%,16.7%,34.5%,59.4%,68.4%,20.0%,30.0%,126
Brown,Christian Butera,All,553,76,90.9,106.0,107.5,52.6%,12.4°,11.9°,39.5,7.9%,6,0.296,0.283,0.387,0.382,40.8%,26.3%,27.6%,44.3%,70.3%,83.4%,25.5%,33.5%,90
Holy Cross,Chris Baillargeon,All,536,88,91.5,104.3,109.0,44.3%,8.3°,5.4°,28.4,0.0%,0,0.342,0.278,0.387,0.357,46.6%,21.6%,23.9%,35.8%,57.5%,83.0%,14.4%,18.2%,101
Marshall,Maika Niu,All,734,141,92.7,107.5,113.4,52.5%,10.4°,12.4°,34.8,12.8%,18,0.269,0.3,0.387,0.42,42.6%,27.0%,24.1%,50.3%,77.7%,84.3%,28.1%,24.9%,84
UC San Diego,Anthony Potestio,All,389,68,90.6,104.6,108.7,44.1%,12.3°,11.8°,30.9,11.8%,8,0.293,0.346,0.387,0.457,44.1%,27.9%,26.5%,35.2%,54.2%,93.8%,19.0%,13.1%,98
Illinois Springfield,Mark Kattula,All,49,13,83.7,101.0,101.1,30.8%,8.9°,14.1°,38.5,0.0%,0,0.385,0.344,0.387,0.37,46.2%,15.4%,38.5%,46.9%,78.9%,100.0%,26.7%,8.7%,100
West Florida,Brett Rowell,All,40,5,72.6,97.1,100.1,20.0%,-28.5°,15.2°,20.0,0.0%,0,0.167,0.214,0.387,0.425,80.0%,0.0%,20.0%,40.0%,68.4%,92.3%,14.3%,18.8%,78
NC State,Justin DeCriscio,All,817,166,87.7,103.4,107.6,36.1%,12.3°,8.9°,34.9,3.0%,5,0.294,0.298,0.387,0.389,40.4%,28.3%,26.5%,35.1%,55.3%,93.1%,18.8%,12.2%,105
Wake Forest,Jimmy Keenan,All,616,67,88.5,107.9,110.1,44.8%,17.3°,20.5°,25.4,11.9%,8,0.236,0.209,0.387,0.366,34.3%,29.9%,22.4%,39.0%,64.0%,75.2%,20.9%,36.2%,93
USF,Matt Rose,All,395,77,87.3,103.2,106.3,36.4%,1.2°,7.3°,41.6,0.0%,0,0.34,0.328,0.387,0.388,49.4%,13.0%,36.4%,45.8%,72.0%,87.3%,27.3%,20.4%,92
Michigan,Cole Caruso,All,736,149,90.1,103.3,106.8,44.3%,11.2°,14.5°,38.3,11.4%,17,0.281,0.339,0.387,0.449,42.3%,27.5%,23.5%,47.4%,74.8%,85.3%,24.3%,22.6%,109
Davidson,Jack Cotrone,All,700,94,87.9,105.2,108.0,41.5%,10.9°,16.8°,30.9,12.8%,12,0.276,0.247,0.387,0.369,41.5%,29.8%,22.3%,45.4%,73.9%,76.3%,25.2%,32.7%,118
Harvard,Gio Colasante,All,518,79,90.2,110.2,114.2,50.6%,6.8°,8.4°,31.6,11.4%,9,0.28,0.257,0.387,0.366,46.8%,24.1%,24.1%,42.5%,62.5%,82.0%,25.2%,30.5%,65
William Carey,Eli Collins,All,167,25,90.4,105.5,107.1,40.0%,12.4°,11.0°,36.0,4.0%,1,0.306,0.264,0.387,0.338,44.0%,28.0%,28.0%,35.3%,54.9%,87.2%,20.8%,28.8%,98
George Fox,Brian Jr Tokushima,All,38,6,82.8,91.0,92.8,0.0%,18.2°,-,33.3,0.0%,0,0.333,0.169,0.387,0.272,50.0%,33.3%,0.0%,44.7%,64.3%,88.9%,33.3%,41.2%,44
San Francisco,Charles Antoine Pelletier,All,99,12,87.3,98.7,99.3,25.0%,16.4°,20.8°,50.0,8.3%,1,0.222,0.219,0.387,0.363,25.0%,33.3%,33.3%,39.4%,65.7%,78.3%,25.0%,30.8%,77
Cincinnati,Dawson Hokuf,All,346,59,89.8,103.3,108.6,40.7%,14.6°,13.2°,32.2,5.1%,3,0.319,0.275,0.387,0.369,40.7%,27.1%,28.8%,40.2%,64.5%,89.0%,20.4%,14.4%,98
Illinois-Chicago,Blake Cowans,All,79,21,78.4,91.5,102.0,9.5%,19.4°,5.9°,14.3,0.0%,0,0.364,0.249,0.387,0.287,47.6%,33.3%,14.3%,50.6%,73.7%,96.4%,29.3%,12.5%,57
Cal Poly,Nate Castellon,All,839,185,84.4,97.1,100.9,18.4%,10.6°,7.4°,33.0,0.0%,0,0.368,0.282,0.387,0.318,43.8%,26.5%,27.0%,44.3%,64.6%,93.2%,28.6%,12.9%,87
Georgia State,Michael Maginnis,All,784,165,89.4,106.4,111.7,41.8%,15.6°,13.6°,32.1,6.7%,11,0.297,0.305,0.387,0.407,37.0%,31.5%,24.8%,44.5%,72.5%,86.5%,24.5%,18.9%,94
Charleston Southern,Kain Collins,All,636,88,77.8,92.7,97.7,4.5%,-2.5°,9.6°,33.0,0.0%,0,0.331,0.237,0.386,0.359,62.5%,9.1%,22.7%,39.2%,60.0%,88.5%,21.7%,16.1%,98
Austin Peay,Austen Jaslove,All,89,21,83.2,91.5,95.6,14.3%,20.1°,-1.2°,38.1,0.0%,0,0.348,0.28,0.386,0.33,33.3%,38.1%,28.6%,56.2%,79.3%,87.0%,45.0%,32.0%,35
UNC Wilmington,Brady Thompson,All,411,54,86.4,103.1,105.3,33.3%,14.2°,10.8°,33.3,0.0%,0,0.296,0.255,0.386,0.377,37.0%,25.9%,33.3%,38.0%,63.7%,87.2%,19.6%,21.8%,119
UT Arlington,Cade Dodson,All,715,137,85.8,98.7,102.0,24.8%,10.6°,14.1°,45.3,0.0%,0,0.335,0.314,0.386,0.383,38.7%,21.9%,38.0%,46.3%,71.5%,91.0%,26.8%,18.4%,92
Toledo,Luke Leto,All,681,100,83.1,104.9,107.5,28.0%,10.8°,18.2°,34.0,2.0%,2,0.282,0.231,0.386,0.336,43.0%,28.0%,24.0%,41.6%,66.9%,80.7%,23.1%,26.1%,104
Catawba College,James Dunlap,All,87,26,78.3,94.8,98.3,7.7%,9.0°,21.2°,42.3,3.8%,1,0.385,0.339,0.386,0.371,38.5%,15.4%,38.5%,52.9%,66.7%,92.9%,40.0%,6.5%,87
Wright State,Nathan Manley,All,272,34,90.3,104.9,108.9,50.0%,4.0°,14.8°,38.2,11.8%,4,0.245,0.263,0.386,0.397,44.1%,23.5%,29.4%,34.2%,53.9%,86.8%,13.0%,20.4%,113
Texas A&M,Wyatt Henseler,All,809,146,89.3,105.8,109.2,46.6%,13.4°,16.0°,37.7,8.2%,12,0.299,0.306,0.386,0.409,41.1%,28.8%,24.7%,44.3%,62.8%,89.8%,30.5%,23.7%,65
Westmont,Zach Mora,All,57,6,72.2,91.0,91.1,0.0%,8.5°,-,33.3,0.0%,0,0.273,0.128,0.386,0.188,33.3%,16.7%,33.3%,47.4%,57.1%,75.0%,41.7%,29.6%,47
Sam Houston State,Hunter Autrey,All,329,60,88.6,104.1,108.4,51.7%,9.2°,11.7°,45.0,3.3%,2,0.297,0.326,0.386,0.419,40.0%,26.7%,33.3%,41.3%,62.3%,88.4%,26.2%,25.7%,94
Quinnipiac,Alex Irizarry,All,284,57,86.9,102.6,107.2,31.6%,16.0°,11.3°,26.3,3.5%,2,0.294,0.258,0.386,0.343,40.4%,42.1%,15.8%,42.6%,65.1%,85.7%,23.9%,17.4%,101
Tulane,Michael Lombardi,All,606,102,88.2,99.7,103.4,32.4%,8.7°,6.5°,36.3,1.0%,1,0.28,0.284,0.386,0.388,44.1%,24.5%,29.4%,38.8%,62.4%,93.2%,21.3%,10.2%,92
Georgia Southern,JP Herrholz,All,765,120,90.8,103.9,107.1,47.5%,14.3°,15.1°,37.5,9.2%,11,0.253,0.289,0.386,0.441,35.8%,31.7%,28.3%,37.3%,61.3%,84.5%,18.4%,20.4%,116
Yale,Tommy Martin,All,482,62,79.6,97.5,101.3,17.7%,10.2°,12.4°,40.3,0.0%,0,0.276,0.202,0.386,0.318,40.3%,17.7%,35.5%,35.1%,53.2%,89.7%,22.1%,16.6%,99
Sacramento State,Matt Masciangelo,All,307,67,82.9,93.4,100.2,6.0%,12.4°,7.4°,49.3,0.0%,0,0.351,0.346,0.386,0.386,38.8%,14.9%,38.8%,39.1%,62.5%,92.6%,16.1%,11.7%,125
Ohio State,Ryan Miller,All,494,65,90.4,107.5,111.1,50.8%,14.1°,17.7°,41.5,13.8%,9,0.265,0.275,0.386,0.394,35.4%,29.2%,24.6%,45.3%,67.1%,75.2%,26.7%,33.5%,100
UC San Diego,Alex Leopard,All,393,64,89.7,105.6,108.6,42.2%,18.1°,22.4°,45.3,10.9%,7,0.261,0.26,0.386,0.389,23.4%,40.6%,29.7%,38.2%,57.3%,84.7%,23.4%,24.7%,94
St. Thomas (MN),Tanner Recchio,All,292,53,80.7,94.4,98.6,7.5%,5.9°,5.3°,20.8,0.0%,0,0.328,0.231,0.386,0.339,50.9%,28.3%,13.2%,37.0%,64.5%,89.7%,17.5%,16.7%,147
Navy,Mason Ceccarelli,All,481,62,84.5,98.1,101.7,22.6%,11.3°,16.1°,41.9,0.0%,0,0.253,0.242,0.386,0.38,41.9%,27.4%,27.4%,33.1%,57.4%,87.6%,16.2%,18.2%,136
Azusa Pacific,Allan Camarillo,All,41,15,88.5,99.0,99.5,33.3%,0.0°,6.0°,40.0,0.0%,0,0.333,0.447,0.386,0.464,46.7%,6.7%,46.7%,63.4%,87.0%,90.0%,33.3%,11.5%,27
Manhattan,Guriyandel Salva,All,245,35,79.5,95.2,97.6,11.4%,7.4°,8.0°,51.4,0.0%,0,0.31,0.312,0.386,0.393,37.1%,17.1%,40.0%,35.1%,52.3%,89.7%,20.9%,15.1%,79
Erskine,Elliot Sanders,All,122,17,83.1,94.7,95.7,11.8%,14.1°,13.6°,58.8,0.0%,0,0.348,0.327,0.386,0.381,29.4%,17.6%,52.9%,35.2%,64.6%,93.5%,16.2%,20.9%,107
Purdue,Aaron Manias,All,500,78,88.6,105.5,108.4,43.6%,9.0°,14.5°,29.5,9.0%,7,0.262,0.284,0.385,0.399,50.0%,23.1%,21.8%,40.0%,64.7%,78.4%,21.4%,29.5%,107
Keiser,Simon Grinberg,All,111,17,90.9,102.0,103.2,52.9%,26.8°,25.5°,35.3,11.8%,2,0.25,0.246,0.385,0.404,17.6%,47.1%,23.5%,38.7%,63.6%,85.7%,14.3%,25.6%,122
Columbia,Patrick Wade,All,73,11,90.7,103.3,103.6,36.4%,19.0°,29.6°,36.4,0.0%,0,0.294,0.244,0.385,0.32,36.4%,36.4%,27.3%,43.8%,65.6%,81.0%,26.8%,37.5%,108
Columbia,Ben Fishel,All,461,70,87.3,98.2,104.1,28.6%,11.9°,16.6°,38.6,1.4%,1,0.315,0.314,0.385,0.408,37.1%,27.1%,35.7%,38.6%,61.4%,90.4%,17.8%,17.4%,109
California Baptist,Christian Ramirez,All,733,147,83.4,94.0,97.7,7.5%,9.6°,4.3°,44.2,0.0%,0,0.357,0.35,0.385,0.391,44.2%,17.7%,36.1%,42.8%,66.5%,94.9%,24.3%,8.9%,104
Miami (OH),David Novak,All,737,134,87.7,105.2,111.2,38.8%,9.9°,11.4°,33.6,10.4%,14,0.302,0.287,0.385,0.386,42.5%,24.6%,24.6%,47.9%,72.6%,85.1%,29.6%,20.7%,97
Missouri State,Dylan Robertson,All,284,62,90.7,104.0,107.0,48.4%,7.5°,13.5°,30.6,4.8%,3,0.324,0.325,0.385,0.423,48.4%,29.0%,19.4%,49.3%,76.7%,83.3%,25.2%,20.0%,124
Troy,Shane Lewis,All,432,43,94.9,107.5,113.1,58.1%,15.6°,22.3°,39.5,14.0%,6,0.217,0.225,0.385,0.378,30.2%,30.2%,32.6%,40.5%,58.1%,66.1%,25.6%,41.1%,102
UC Riverside,Griffin Harrison,All,115,16,91.1,102.2,103.3,50.0%,12.2°,11.1°,50.0,6.2%,1,0.32,0.3,0.385,0.367,37.5%,25.0%,31.2%,47.0%,77.1%,75.7%,25.4%,37.0%,125
Hawaii Pacific,Skyler Agnew,All,107,21,81.5,100.9,102.9,23.8%,10.9°,10.8°,33.3,0.0%,0,0.32,0.263,0.385,0.329,47.6%,23.8%,23.8%,53.3%,77.1%,91.9%,33.9%,14.0%,111
Kansas,Jackson Hauge,All,865,151,91.8,110.2,114.2,51.0%,9.6°,10.7°,36.4,14.6%,22,0.276,0.32,0.385,0.447,44.4%,25.8%,25.2%,46.6%,70.3%,84.6%,28.9%,27.0%,94
Wofford,Adam Haber,All,512,82,81.2,97.6,101.9,13.4%,-0.9°,8.4°,34.1,0.0%,0,0.354,0.273,0.385,0.353,56.1%,17.1%,24.4%,38.5%,61.5%,94.4%,19.1%,9.6%,125
UNC Greensboro,Parker Wright,All,832,119,89.2,104.5,108.3,41.2%,11.9°,13.0°,41.2,10.1%,12,0.251,0.244,0.385,0.374,38.7%,28.6%,25.2%,39.4%,61.1%,86.8%,26.5%,21.0%,88
California,Cade Campbell,All,771,143,86.7,103.2,108.0,32.9%,13.0°,10.2°,41.3,7.0%,10,0.321,0.278,0.385,0.343,42.0%,26.6%,30.1%,53.4%,76.0%,84.4%,38.1%,28.4%,53
Cal Poly,Alejandro Garza,All,921,229,86.1,102.1,106.6,32.8%,4.4°,5.8°,25.8,3.5%,8,0.346,0.313,0.385,0.369,52.8%,22.7%,21.4%,45.8%,67.0%,93.9%,30.2%,14.0%,90
College of Charleston,Payton Frehner,All,504,95,88.4,104.3,105.2,43.2%,0.6°,5.8°,28.4,5.3%,5,0.317,0.277,0.385,0.36,50.5%,14.7%,24.2%,41.1%,63.9%,92.1%,20.7%,16.4%,94
Ohio,JR Nelson,All,128,20,83.9,98.6,101.8,20.0%,7.4°,19.2°,40.0,5.0%,1,0.261,0.24,0.384,0.359,40.0%,25.0%,35.0%,39.8%,63.9%,79.5%,17.9%,27.5%,110
UMBC,Danny Orr,All,233,38,90.0,102.1,103.7,42.1%,7.0°,8.9°,28.9,10.5%,4,0.316,0.275,0.384,0.365,52.6%,26.3%,18.4%,48.5%,66.7%,78.8%,35.1%,26.5%,79
George Mason,Andrew Raymond,All,579,102,86.3,103.7,106.2,38.2%,-3.8°,8.5°,22.5,2.9%,3,0.295,0.286,0.384,0.384,61.8%,20.6%,15.7%,38.7%,68.4%,89.7%,19.4%,15.6%,119
Samford,Jake Souders,All,740,137,89.7,109.5,113.7,40.1%,5.9°,7.9°,35.0,8.0%,11,0.301,0.305,0.384,0.406,43.8%,24.1%,29.2%,47.8%,78.2%,77.2%,26.8%,26.8%,107
Wagner,Lukas Torres,All,138,25,82.7,97.6,99.0,16.0%,3.8°,9.9°,36.0,0.0%,0,0.345,0.318,0.384,0.373,56.0%,16.0%,24.0%,33.3%,54.9%,92.3%,10.4%,6.5%,124
Coastal Carolina,Brice Estep,All,79,9,77.5,95.2,98.7,11.1%,29.6°,31.3°,33.3,0.0%,0,0.231,0.169,0.384,0.279,22.2%,44.4%,22.2%,41.8%,64.1%,80.0%,20.0%,27.3%,115
Coastal Carolina,Sebastian Alexander,All,914,133,89.7,105.6,109.7,49.6%,3.7°,7.9°,33.1,4.5%,6,0.307,0.267,0.384,0.374,57.1%,21.8%,19.5%,40.9%,60.6%,86.1%,24.5%,22.2%,81
East Texas Baptist,Luke Finn,All,59,9,76.4,95.5,96.1,22.2%,12.7°,10.6°,22.2,0.0%,0,0.3,0.415,0.384,0.483,33.3%,44.4%,22.2%,33.9%,57.1%,91.7%,21.1%,15.0%,122
New Mexico State,Austin Corbett,All,219,36,85.6,101.8,106.2,25.0%,20.7°,4.8°,33.3,0.0%,0,0.383,0.238,0.384,0.303,38.9%,36.1%,22.2%,39.7%,56.4%,87.7%,25.4%,24.1%,103
Grand Canyon,Emilio Barreras,All,224,47,89.4,102.2,105.3,42.6%,-1.2°,0.1°,25.5,0.0%,0,0.34,0.38,0.383,0.413,59.6%,12.8%,27.7%,36.6%,52.0%,94.3%,23.8%,9.8%,85
Indiana,Cooper Malamazian,All,670,107,90.5,102.9,108.5,41.1%,7.6°,7.4°,35.5,5.6%,6,0.312,0.264,0.383,0.345,47.7%,23.4%,27.1%,44.2%,64.0%,88.4%,29.7%,27.0%,87
Minnesota,Charlie Sutherland,All,420,77,88.6,106.8,109.8,45.5%,14.8°,15.0°,29.9,10.4%,8,0.287,0.298,0.383,0.408,42.9%,36.4%,19.5%,51.0%,74.0%,88.8%,33.5%,17.3%,70
Alabama State,Luke Parmentier,All,263,37,88.2,104.7,107.7,43.2%,16.9°,3.8°,35.1,0.0%,0,0.308,0.237,0.383,0.326,40.5%,29.7%,29.7%,37.6%,61.6%,86.9%,23.2%,20.2%,112
Bradley,Cole Luckey,All,269,46,85.9,106.9,112.1,41.3%,12.1°,8.9°,30.4,15.2%,7,0.273,0.232,0.383,0.345,39.1%,34.8%,17.4%,52.8%,61.7%,75.9%,43.0%,33.1%,31
Miami,Jake Ogden,All,979,187,88.6,102.0,106.4,37.4%,14.8°,12.8°,36.9,4.3%,8,0.322,0.289,0.383,0.372,36.9%,29.9%,27.3%,49.9%,69.6%,86.2%,34.0%,17.0%,60
Stony Brook,Matthew Jackson,All,209,36,84.8,105.0,108.6,38.9%,-5.8°,3.3°,30.6,2.8%,1,0.333,0.264,0.383,0.32,55.6%,8.3%,30.6%,47.8%,66.7%,87.5%,35.2%,29.0%,90
UNC Asheville,Jake Minarik,All,195,38,86.7,103.4,104.7,34.2%,5.6°,14.2°,39.5,10.5%,4,0.271,0.28,0.383,0.366,39.5%,26.3%,26.3%,47.7%,69.0%,82.6%,25.3%,23.7%,98
Northern Kentucky,Gabe Miranda,All,349,47,87.2,104.4,107.5,40.4%,4.2°,5.9°,36.2,2.1%,1,0.279,0.279,0.383,0.384,48.9%,12.8%,27.7%,33.8%,53.3%,80.8%,21.2%,31.4%,100
Kennesaw State,Christopher Cole,All,823,111,83.6,98.6,103.6,20.7%,2.4°,3.0°,31.5,0.0%,0,0.306,0.232,0.383,0.337,57.7%,12.6%,27.9%,36.2%,57.0%,88.2%,20.3%,22.8%,115
Vanderbilt,JD Rogers,All,54,7,79.7,101.1,105.9,14.3%,-13.4°,25.9°,28.6,14.3%,1,0.125,0.23,0.383,0.452,71.4%,28.6%,0.0%,31.5%,54.5%,66.7%,15.6%,23.5%,98
Samford,Jackson Harris,All,605,141,87.8,102.9,107.7,39.7%,1.8°,5.3°,27.7,2.1%,3,0.333,0.279,0.383,0.337,57.4%,19.1%,21.3%,45.5%,67.9%,88.9%,27.9%,17.8%,105
Florida International,Javier Crespo,All,536,104,87.7,102.6,107.2,33.7%,3.6°,7.3°,24.0,3.8%,4,0.325,0.313,0.383,0.405,55.8%,20.2%,22.1%,40.5%,58.4%,86.3%,26.2%,17.1%,94
Cincinnati,Cal Sefcik,All,781,154,87.9,108.0,116.4,39.0%,14.6°,8.5°,33.1,5.2%,8,0.301,0.31,0.383,0.386,35.1%,29.9%,29.2%,40.2%,61.9%,87.8%,21.9%,18.5%,84
Middle Tennessee,Hayden Miller,All,202,33,87.0,110.0,113.3,42.4%,7.1°,13.7°,27.3,9.1%,3,0.304,0.227,0.383,0.3,48.5%,18.2%,21.2%,62.4%,86.9%,75.3%,44.9%,38.9%,52
NC State,Tyler Head,All,956,143,83.3,100.7,105.1,23.1%,14.6°,13.5°,30.8,3.5%,5,0.276,0.252,0.383,0.382,37.8%,32.2%,25.9%,35.0%,55.7%,90.6%,19.0%,14.9%,102
Central Arkansas,Jagger Schattle,All,187,30,91.9,105.0,106.7,40.0%,7.9°,8.7°,43.3,10.0%,3,0.302,0.286,0.383,0.402,33.3%,13.3%,36.7%,36.9%,62.8%,75.5%,18.3%,33.3%,122
Charlotte,Connor Maryniak,All,893,139,89.8,105.2,107.8,44.6%,10.2°,15.7°,41.7,10.8%,15,0.277,0.299,0.383,0.422,40.3%,28.8%,28.1%,44.9%,66.6%,83.5%,29.3%,25.2%,105
Lee,Gavin Baxter,All,119,31,83.0,96.0,99.1,19.4%,17.6°,14.6°,41.9,0.0%,0,0.387,0.331,0.383,0.351,41.9%,22.6%,29.0%,51.3%,70.2%,97.5%,33.9%,11.5%,90
The Citadel,Anthony Hausner,All,472,69,87.9,106.5,107.5,34.8%,-1.1°,5.1°,27.5,2.9%,2,0.3,0.263,0.383,0.369,60.9%,14.5%,21.7%,39.2%,62.1%,87.8%,18.5%,17.8%,98
Saint Louis,Kamaehu Sanchez,All,344,36,87.3,101.5,102.9,38.9%,16.3°,18.7°,50.0,11.1%,4,0.217,0.225,0.383,0.385,27.8%,47.2%,25.0%,36.9%,61.6%,81.7%,17.6%,25.2%,138
Azusa Pacific,Jacob Hayes,All,55,11,89.3,107.8,108.0,45.5%,8.7°,13.4°,45.5,18.2%,2,0.333,0.34,0.383,0.44,45.5%,36.4%,18.2%,58.2%,81.8%,83.3%,42.4%,31.2%,53
BYU,Luke Anderson,All,935,164,88.8,102.7,107.5,49.4%,13.5°,16.3°,41.5,2.4%,4,0.303,0.325,0.382,0.424,36.6%,32.3%,30.5%,44.8%,71.5%,84.9%,23.2%,21.0%,112
Millersville,Donis Rodriguez,All,201,34,81.8,94.0,98.2,5.9%,19.3°,5.5°,41.2,0.0%,0,0.333,0.22,0.382,0.314,38.2%,41.2%,20.6%,37.3%,60.8%,87.5%,22.1%,17.3%,120
Utah Valley,Brody Block,All,452,63,89.3,99.9,102.1,31.7%,15.4°,12.0°,41.3,0.0%,0,0.31,0.26,0.382,0.373,33.3%,25.4%,34.9%,41.2%,70.9%,85.1%,19.8%,19.9%,132
Abilene Christian,Louis Bussard,All,162,41,89.0,102.2,102.7,34.1%,-9.2°,-1.0°,12.2,0.0%,0,0.349,0.297,0.382,0.347,70.7%,2.4%,14.6%,42.6%,68.5%,92.0%,21.3%,10.1%,105
Illinois State,Lucas Stulga,All,507,96,86.0,103.1,110.3,32.3%,16.6°,13.3°,30.2,2.1%,2,0.323,0.259,0.382,0.312,35.4%,30.2%,28.1%,59.4%,85.7%,79.3%,37.3%,31.6%,76
Eastern Illinois,Jake Ottensmeier,All,129,25,87.8,96.3,97.6,28.0%,-2.4°,-3.6°,24.0,0.0%,0,0.412,0.26,0.382,0.324,68.0%,8.0%,24.0%,50.4%,68.8%,84.1%,32.3%,21.5%,102
Iowa,Miles Risley,All,862,144,83.3,99.0,102.7,20.8%,13.1°,5.8°,30.6,0.7%,1,0.305,0.242,0.382,0.337,45.1%,25.7%,22.9%,41.1%,68.6%,91.2%,21.0%,18.4%,110
Oklahoma State,Ian Daugherty,All,458,84,87.0,102.6,108.6,46.4%,23.0°,16.9°,42.9,6.0%,5,0.259,0.264,0.382,0.369,28.6%,40.5%,27.4%,44.5%,61.3%,80.9%,28.8%,28.4%,78
Houston,Xavier Perez,All,790,129,92.5,105.9,109.9,53.5%,15.4°,18.4°,38.8,8.5%,11,0.301,0.296,0.382,0.403,34.9%,27.9%,28.7%,52.4%,76.5%,79.4%,34.6%,28.7%,79
Dallas Baptist,Landon Underhill,All,332,57,90.3,104.6,107.7,45.6%,9.5°,15.4°,22.8,5.3%,3,0.243,0.256,0.382,0.385,47.4%,35.1%,14.0%,42.2%,67.9%,84.9%,19.3%,22.9%,120
New Orleans,Dalton Hurst,All,131,18,83.5,95.1,95.6,11.1%,8.0°,20.7°,44.4,0.0%,0,0.25,0.221,0.382,0.389,38.9%,16.7%,27.8%,35.9%,74.5%,77.1%,14.3%,31.9%,150
Chapman,Brennan Beckley,All,203,36,79.5,90.9,94.8,2.8%,16.7°,-2.6°,27.8,0.0%,0,0.341,0.213,0.382,0.278,38.9%,27.8%,22.2%,44.8%,72.5%,91.4%,26.8%,16.5%,124
Trevecca Nazarene,Brady Maciak,All,136,29,84.8,101.8,103.9,31.0%,7.0°,8.6°,27.6,3.4%,1,0.303,0.293,0.382,0.342,55.2%,20.7%,24.1%,45.6%,66.1%,94.9%,29.9%,17.7%,68
East Tennessee State,Gabe Juarez,All,148,27,86.6,101.9,105.3,29.6%,6.1°,-1.1°,44.4,3.7%,1,0.303,0.298,0.382,0.381,44.4%,14.8%,37.0%,39.2%,63.6%,88.1%,19.5%,17.2%,82
Westmont,Tyler McEvoy,All,85,14,87.1,101.8,102.5,35.7%,24.0°,25.7°,50.0,7.1%,1,0.263,0.241,0.382,0.37,14.3%,50.0%,28.6%,43.5%,65.5%,73.7%,32.1%,29.7%,89
Northern Colorado,Carter Monda,All,267,36,84.3,100.3,102.4,27.8%,11.4°,9.4°,27.8,0.0%,0,0.333,0.231,0.382,0.307,52.8%,19.4%,22.2%,36.0%,68.0%,85.3%,16.8%,20.8%,115
UL Monroe,Jacob Billings,All,106,16,83.5,96.8,106.2,12.5%,17.2°,31.8°,25.0,6.2%,1,0.261,0.163,0.382,0.311,37.5%,18.8%,25.0%,39.6%,69.0%,79.3%,20.3%,28.6%,119
Auburn Montgomery,Zach Dew,All,54,16,85.1,101.7,105.5,31.2%,22.7°,12.7°,18.8,6.2%,1,0.294,0.206,0.382,0.28,37.5%,37.5%,12.5%,46.3%,73.7%,92.9%,31.4%,12.0%,50
Fresno Pacific,Roman Rosales,All,170,42,88.5,102.6,105.0,31.0%,8.4°,15.9°,33.3,2.4%,1,0.311,0.323,0.382,0.406,38.1%,33.3%,23.8%,51.8%,74.6%,87.2%,38.3%,19.3%,92
Seattle,Josh Cunnigan,All,138,13,71.0,93.1,97.8,7.7%,9.0°,22.9°,23.1,0.0%,0,0.2,0.128,0.382,0.308,46.2%,30.8%,23.1%,36.2%,60.7%,64.9%,16.9%,40.0%,124
Tusculum,Ryan Ortega,All,439,86,79.8,95.1,97.9,7.0%,10.9°,14.6°,33.7,0.0%,0,0.301,0.278,0.382,0.368,46.5%,23.3%,27.9%,40.5%,74.4%,93.0%,18.7%,11.2%,136
Towson,Max D'Alessandro,All,545,86,91.5,106.9,111.9,52.3%,5.7°,9.7°,41.9,10.5%,9,0.292,0.287,0.382,0.378,39.5%,18.6%,33.7%,50.3%,74.6%,80.9%,32.3%,31.0%,62
BYU,Crew McChesney,All,846,132,87.7,102.7,107.0,42.4%,7.0°,13.9°,29.5,4.5%,6,0.285,0.269,0.381,0.376,47.7%,22.7%,25.0%,43.4%,75.4%,75.9%,19.9%,30.8%,129
Indiana,Hogan Denny,All,595,102,91.1,105.4,110.7,49.0%,13.5°,13.0°,34.3,7.8%,8,0.28,0.316,0.381,0.42,39.2%,22.5%,30.4%,39.5%,63.0%,87.1%,22.9%,23.4%,87
Wichita State,Logan Kreske,All,83,13,87.3,99.9,102.5,53.8%,7.4°,6.5°,30.8,0.0%,0,0.278,0.29,0.381,0.387,46.2%,7.7%,38.5%,41.0%,65.9%,77.8%,16.7%,32.4%,112
Rice,Blaine Brown,All,706,140,90.1,106.2,110.3,49.3%,6.1°,9.9°,32.9,4.3%,6,0.291,0.313,0.381,0.4,49.3%,20.7%,26.4%,48.4%,74.0%,86.9%,30.9%,22.2%,71
Samford,"Revy ""Trey"" Higgins",All,524,60,86.7,107.9,110.0,38.3%,14.5°,19.0°,26.7,13.3%,8,0.223,0.225,0.381,0.376,36.7%,33.3%,18.3%,43.9%,73.4%,73.2%,27.4%,35.7%,105
South Carolina,Beau Hollins,All,614,107,86.8,101.8,108.2,34.6%,6.9°,10.5°,37.4,5.6%,6,0.301,0.28,0.381,0.352,48.6%,17.8%,29.9%,53.1%,75.7%,79.4%,36.2%,31.0%,76
Pomona-Pitzer,Xavier Hattenburg,All,370,57,76.6,93.9,96.0,7.0%,4.7°,4.9°,22.8,0.0%,0,0.271,0.238,0.381,0.355,57.9%,22.8%,14.0%,32.4%,58.5%,92.8%,16.2%,14.2%,105
Saint Mary's (CA),Brett Williams,All,137,32,84.7,96.9,99.4,28.1%,6.4°,2.3°,34.4,0.0%,0,0.378,0.352,0.381,0.372,50.0%,18.8%,31.2%,49.6%,64.3%,97.2%,39.5%,25.0%,38
Ole Miss,Ryan Moerman,All,873,142,89.7,105.5,110.4,46.5%,19.0°,17.1°,36.6,12.0%,17,0.27,0.26,0.381,0.386,32.4%,37.3%,25.4%,47.3%,78.8%,80.7%,24.4%,30.3%,108
Union,Colby Davis,All,138,19,76.2,90.6,97.4,10.5%,19.2°,2.0°,36.8,0.0%,0,0.308,0.261,0.381,0.361,31.6%,21.1%,36.8%,41.3%,63.8%,86.7%,29.7%,24.6%,92
Florida State,Hunter Carns,All,623,85,89.3,104.0,108.4,42.4%,18.6°,19.5°,36.5,11.8%,10,0.278,0.237,0.381,0.36,29.4%,32.9%,24.7%,45.3%,72.8%,78.9%,25.4%,27.3%,95
Mount St. Mary's,Evan Smith,All,228,32,88.3,99.4,106.7,34.4%,24.4°,15.5°,37.5,0.0%,0,0.289,0.218,0.381,0.31,21.9%,34.4%,37.5%,42.5%,69.8%,82.1%,22.7%,22.7%,107
North Georgia,Jace Bowen,All,426,78,82.8,96.8,99.8,11.5%,-3.2°,6.4°,34.6,0.0%,0,0.337,0.304,0.381,0.356,59.0%,10.3%,29.5%,35.4%,53.6%,96.2%,20.3%,11.3%,100
Auburn,Eric Snow,All,821,176,90.7,104.4,109.8,48.3%,8.3°,9.0°,37.5,5.7%,10,0.298,0.344,0.381,0.448,42.0%,21.6%,31.2%,42.3%,67.0%,94.4%,21.7%,13.8%,95
USF,Marcus Brodil,All,697,100,90.3,107.1,109.7,43.0%,5.4°,6.9°,34.0,7.0%,7,0.315,0.304,0.381,0.391,53.0%,11.0%,29.0%,39.3%,64.0%,83.3%,18.7%,25.2%,120
East Texas Baptist,Connor Massimini,All,64,7,86.9,94.1,95.3,14.3%,6.6°,5.0°,28.6,0.0%,0,0.1,0.158,0.381,0.488,42.9%,0.0%,28.6%,31.2%,72.2%,92.3%,15.2%,20.0%,132
UNLV,Jason Hefft,All,640,139,86.7,103.7,106.9,41.7%,10.6°,6.8°,30.2,3.6%,5,0.331,0.298,0.381,0.371,46.8%,28.1%,20.1%,36.2%,59.5%,94.6%,18.3%,11.6%,108
BYU,Ryder Robinson,All,1004,151,89.3,102.6,105.5,39.1%,14.5°,17.2°,39.1,4.6%,7,0.277,0.26,0.381,0.362,39.1%,30.5%,26.5%,44.4%,66.4%,82.9%,26.7%,27.6%,94
UCLA,Payton Brennan,All,784,146,88.5,107.7,111.6,38.4%,1.6°,11.8°,28.1,6.8%,10,0.309,0.278,0.381,0.368,58.9%,17.8%,19.2%,46.0%,64.7%,77.9%,29.9%,26.9%,69
Westmont,Daniel Patterson,All,312,65,88.3,104.8,110.3,38.5%,22.8°,14.4°,35.4,10.8%,7,0.278,0.299,0.381,0.419,29.2%,30.8%,23.1%,41.0%,69.4%,94.8%,25.4%,12.5%,112
UMass,Ryan Kolben,All,155,23,88.0,102.3,104.0,43.5%,39.2°,21.1°,34.8,8.7%,2,0.294,0.202,0.381,0.337,4.3%,65.2%,26.1%,45.8%,70.3%,91.1%,28.6%,19.7%,108
Kent State,Luke Matthews,All,262,57,82.9,97.7,99.7,21.1%,12.0°,9.3°,42.1,0.0%,0,0.348,0.293,0.381,0.348,43.9%,17.5%,35.1%,45.4%,68.1%,97.5%,26.6%,10.9%,102
Fresno Pacific,Shane Pursell,All,76,9,83.7,80.0,81.6,22.2%,11.7°,-15.0°,0.0,0.0%,0,0.231,0.144,0.381,0.327,55.6%,11.1%,0.0%,32.9%,47.6%,70.0%,27.3%,28.0%,125
Fresno Pacific,Brett Carrel,All,152,21,83.6,99.8,100.5,33.3%,7.0°,9.3°,38.1,4.8%,1,0.357,0.29,0.381,0.375,57.1%,19.0%,23.8%,42.1%,71.4%,82.0%,17.1%,28.1%,131
Texas,Kimble Schuessler,All,833,162,88.5,105.3,112.0,37.7%,7.3°,9.0°,38.9,6.8%,11,0.305,0.307,0.38,0.39,42.6%,21.6%,30.9%,40.7%,56.3%,93.2%,26.9%,18.9%,70
Rider,Erich Hartmann,All,202,34,82.9,100.9,102.6,20.6%,3.8°,5.9°,32.4,2.9%,1,0.348,0.261,0.38,0.307,61.8%,17.6%,20.6%,52.0%,72.2%,82.5%,39.0%,23.8%,38
Evansville,Harrison Taubert,All,664,83,85.8,103.2,107.3,38.6%,16.0°,11.7°,36.1,3.6%,3,0.273,0.224,0.38,0.303,36.1%,20.5%,28.9%,41.4%,68.3%,81.4%,21.3%,34.9%,105
Navy,Tyler Bouchard,All,270,29,76.7,100.3,101.5,27.6%,8.7°,16.7°,44.8,3.4%,1,0.283,0.248,0.38,0.362,41.4%,31.0%,24.1%,35.2%,52.1%,82.3%,21.9%,28.4%,85
Ohio,Cam Bryant,All,149,23,88.5,99.0,102.9,39.1%,12.2°,9.4°,39.1,0.0%,0,0.303,0.248,0.38,0.336,43.5%,26.1%,26.1%,42.3%,61.3%,86.8%,28.7%,22.2%,89
Indiana,Andrew Wiggins,All,668,85,93.4,109.5,114.3,49.4%,1.4°,3.5°,25.9,9.4%,8,0.246,0.302,0.38,0.417,58.8%,15.3%,22.4%,30.1%,53.1%,86.3%,12.6%,23.9%,117
Oregon State,Canon Reeder,All,760,119,89.9,104.4,109.5,43.7%,9.9°,9.8°,31.1,7.6%,9,0.287,0.281,0.38,0.377,51.3%,25.2%,21.8%,39.2%,60.6%,87.1%,21.4%,23.8%,98
Stetson,Isaiah Barkett,All,651,141,84.4,98.8,103.2,19.9%,7.6°,5.4°,27.7,0.0%,0,0.34,0.317,0.38,0.365,54.6%,18.4%,22.7%,40.4%,55.4%,94.3%,26.3%,6.5%,97
Nebraska,Cayden Brumbaugh,All,1000,192,87.0,101.1,105.9,34.4%,9.1°,10.7°,32.8,2.6%,5,0.318,0.279,0.38,0.359,44.8%,24.5%,26.0%,42.2%,63.1%,89.6%,25.5%,14.7%,98
Le Moyne,Dominick Russ,All,78,8,88.3,94.6,95.2,25.0%,10.3°,-14.1°,50.0,0.0%,0,0.333,0.276,0.38,0.349,37.5%,25.0%,37.5%,26.9%,48.6%,82.4%,9.3%,28.6%,84
Illinois,Cameron Chee-Aloy,All,709,113,87.5,99.5,105.0,38.1%,11.4°,14.6°,37.2,1.8%,2,0.284,0.258,0.38,0.376,37.2%,25.7%,30.1%,42.7%,70.4%,92.0%,19.8%,13.2%,121
CSU Bakersfield,Tyrese Johnson,All,277,20,84.9,100.4,101.7,40.0%,10.1°,17.0°,30.0,0.0%,0,0.256,0.163,0.38,0.325,50.0%,20.0%,25.0%,34.3%,62.0%,72.0%,12.8%,31.6%,124
South Alabama,Kyle Morrison,All,358,62,87.5,103.6,108.0,41.9%,3.5°,14.8°,37.1,6.5%,4,0.278,0.291,0.38,0.4,53.2%,19.4%,24.2%,43.0%,71.1%,77.1%,18.8%,29.9%,118
George Mason,Lucas Alberti,All,795,133,87.0,104.5,107.9,31.6%,5.5°,15.9°,27.8,3.8%,5,0.321,0.268,0.38,0.389,48.9%,24.8%,22.6%,35.1%,58.6%,86.3%,18.9%,21.9%,125
Cal Poly,Casey Murray,All,937,180,91.4,105.6,110.1,47.8%,9.8°,10.7°,33.3,6.7%,12,0.314,0.31,0.38,0.414,45.0%,26.1%,25.6%,44.9%,64.0%,81.4%,28.3%,23.3%,85
Southern,Jacoby Radcliffe,All,75,8,81.4,95.2,96.2,12.5%,-12.9°,32.9°,12.5,0.0%,0,0.214,0.155,0.38,0.301,75.0%,25.0%,0.0%,33.3%,58.1%,77.8%,15.9%,32.0%,140
Alabama State,Fabian Santana,All,190,46,85.0,94.6,100.1,10.9%,3.9°,9.3°,34.8,0.0%,0,0.36,0.318,0.38,0.34,54.3%,8.7%,32.6%,48.9%,74.4%,85.2%,29.6%,11.8%,90
Oklahoma Wesleyan,Chase Pinheiro,All,80,12,77.0,99.8,102.6,8.3%,-12.5°,11.9°,8.3,0.0%,0,0.389,0.196,0.38,0.222,83.3%,0.0%,8.3%,45.0%,64.9%,87.5%,27.9%,25.0%,89
Bryant,Zac Zyons,All,669,104,84.8,99.3,102.2,25.0%,22.2°,19.8°,38.5,2.9%,3,0.286,0.25,0.379,0.344,28.8%,33.7%,28.8%,45.1%,71.9%,80.0%,26.1%,24.8%,123
Virginia Tech,Mycah Jordan,All,86,12,82.5,98.1,99.7,33.3%,-10.4°,1.6°,25.0,0.0%,0,0.25,0.212,0.379,0.301,66.7%,16.7%,16.7%,43.0%,72.7%,79.2%,24.5%,37.8%,58
Evansville,Cal McGinnis,All,590,133,84.7,99.3,105.7,20.3%,15.1°,16.4°,38.3,3.0%,4,0.327,0.3,0.379,0.384,36.8%,29.3%,27.8%,52.4%,83.3%,86.8%,30.4%,19.1%,109
Mars Hill,Zach Cimino,All,76,21,80.9,90.3,95.5,9.5%,10.3°,2.6°,33.3,0.0%,0,0.318,0.283,0.379,0.283,42.9%,23.8%,23.8%,63.2%,88.2%,83.3%,42.9%,22.9%,76
Maryland,Eddie Hacopian,All,1002,179,88.2,102.4,108.9,41.3%,9.2°,10.3°,32.4,2.8%,5,0.28,0.316,0.379,0.409,49.7%,21.2%,25.7%,39.3%,61.3%,92.3%,21.7%,13.7%,99
Southern Indiana,Parker Martin,All,367,76,87.0,100.0,103.6,35.5%,7.4°,4.2°,35.5,0.0%,0,0.368,0.351,0.379,0.389,48.7%,15.8%,32.9%,48.5%,79.9%,93.5%,25.8%,14.6%,128
Tulane,Nate Johnson,All,385,38,84.8,102.0,107.0,31.6%,23.0°,13.4°,42.1,5.3%,2,0.203,0.222,0.379,0.38,31.6%,23.7%,36.8%,32.2%,57.9%,83.3%,16.7%,24.2%,106
BYU,Cooper Vest,All,892,148,89.1,105.1,111.6,41.9%,15.5°,12.4°,31.1,3.4%,5,0.263,0.242,0.379,0.318,39.2%,29.1%,24.3%,41.7%,63.5%,80.6%,24.9%,27.7%,96
Point,Rafael Jackson,All,80,11,86.0,100.5,103.6,18.2%,8.3°,8.5°,27.3,0.0%,0,0.312,0.239,0.379,0.344,54.5%,18.2%,27.3%,43.8%,72.0%,77.8%,30.9%,31.4%,122
Evansville,Ty Rumsey,All,706,127,88.2,104.4,108.2,37.8%,11.0°,7.6°,29.9,2.4%,3,0.335,0.265,0.379,0.344,40.9%,21.3%,28.3%,45.3%,66.5%,86.8%,27.9%,21.2%,92
Taylor,Chase Long,All,87,6,72.3,97.4,99.3,16.7%,10.9°,12.1°,33.3,0.0%,0,0.111,0.199,0.379,0.439,33.3%,16.7%,50.0%,27.6%,54.2%,84.6%,17.5%,29.2%,145
Saint Louis,Riley Iffrig,All,471,98,87.1,104.0,108.7,42.9%,9.3°,10.3°,23.5,3.1%,3,0.295,0.301,0.379,0.388,45.9%,32.7%,20.4%,44.2%,71.9%,90.9%,23.9%,18.8%,134
Air Force,Christian Taylor,All,380,58,87.1,100.2,101.4,36.2%,19.3°,20.2°,46.6,1.7%,1,0.313,0.245,0.379,0.335,29.3%,22.4%,39.7%,45.5%,66.9%,78.6%,31.0%,31.2%,75
Eastern Michigan,Cooper Vance,All,385,80,88.7,102.1,104.5,40.0%,14.1°,9.6°,37.5,3.8%,3,0.301,0.301,0.379,0.382,41.2%,27.5%,25.0%,42.1%,60.7%,90.7%,26.1%,15.4%,99
North Carolina,Kane Kepley,All,1189,207,87.5,101.7,107.0,38.6%,9.0°,8.0°,29.5,2.4%,5,0.288,0.306,0.379,0.391,46.9%,22.2%,26.6%,38.5%,63.4%,93.3%,15.9%,9.6%,125
Nevada,Michael Ball,All,705,154,84.3,101.7,105.0,31.8%,12.9°,15.4°,32.5,4.5%,7,0.299,0.266,0.379,0.342,40.9%,33.8%,20.8%,49.4%,75.3%,86.6%,29.2%,20.1%,95
University of Montevallo,Khalil Bell,All,66,16,79.6,94.2,94.4,0.0%,5.6°,-,37.5,0.0%,0,0.412,0.343,0.379,0.361,37.5%,25.0%,37.5%,48.5%,85.2%,87.0%,23.1%,12.5%,119
Cal Poly,Casey Murray,All,935,180,91.4,105.6,110.1,47.8%,9.8°,10.7°,33.3,6.7%,12,0.314,0.307,0.379,0.389,45.0%,26.1%,25.6%,45.0%,64.9%,83.1%,30.0%,23.3%,82
California,Kalen Applefield,All,110,13,83.5,99.4,100.6,23.1%,21.1°,27.1°,46.2,7.7%,1,0.25,0.203,0.379,0.305,15.4%,46.2%,30.8%,42.7%,61.4%,88.9%,30.3%,27.7%,65
Eastern Illinois,Brett Stanley,All,483,82,84.6,98.4,104.5,23.2%,11.0°,7.2°,36.6,0.0%,0,0.304,0.255,0.379,0.335,41.5%,30.5%,26.8%,40.2%,61.9%,88.5%,23.4%,19.1%,109
Butler,Ian Choi,All,121,15,85.0,98.9,100.4,33.3%,6.6°,13.1°,40.0,6.7%,1,0.269,0.175,0.379,0.293,46.7%,20.0%,26.7%,42.1%,67.4%,61.3%,26.7%,45.1%,100
Coppin State,Anthony Divittorio,All,145,22,79.6,94.0,95.0,4.5%,10.4°,11.8°,36.4,0.0%,0,0.321,0.264,0.379,0.286,50.0%,22.7%,22.7%,44.1%,61.5%,87.5%,23.9%,17.2%,104
Lee,Malachi Cloud,All,314,39,90.4,106.2,108.2,48.7%,6.2°,10.8°,30.8,7.7%,3,0.27,0.266,0.379,0.371,48.7%,15.4%,28.2%,45.2%,71.3%,75.0%,27.0%,36.6%,85
Iowa,Jaixen Frost,All,423,66,86.6,102.4,106.4,33.3%,20.4°,21.4°,30.3,6.1%,4,0.298,0.221,0.379,0.344,37.9%,36.4%,24.2%,40.2%,61.1%,79.5%,20.0%,28.2%,95
Wright State,Hunter Warren,All,683,132,85.8,98.9,101.7,22.0%,8.3°,4.4°,37.9,0.8%,1,0.342,0.293,0.379,0.362,46.2%,18.9%,31.1%,40.1%,67.4%,84.9%,20.6%,20.8%,123
Ball State,Alex Richter,All,360,59,90.5,108.8,110.9,50.8%,15.7°,19.6°,37.3,15.3%,9,0.236,0.34,0.378,0.487,35.6%,28.8%,28.8%,41.7%,60.9%,78.9%,27.0%,27.3%,106
Georgia College,Evan Cowan,All,329,76,78.6,91.3,97.3,3.9%,-2.0°,11.7°,32.9,0.0%,0,0.333,0.314,0.378,0.355,61.8%,7.9%,25.0%,45.3%,65.3%,85.1%,29.7%,14.8%,60
Rhode Island,Scott Penney,All,736,113,86.6,99.3,105.9,32.7%,9.2°,8.2°,34.5,1.8%,2,0.278,0.294,0.378,0.386,46.9%,21.2%,28.3%,37.1%,61.5%,84.9%,20.2%,18.7%,104
Columbia,Owen Estabrook,All,493,68,89.0,103.8,106.7,38.2%,11.5°,15.0°,25.0,8.8%,6,0.228,0.227,0.378,0.351,47.1%,32.4%,14.7%,35.1%,57.4%,86.7%,18.7%,24.3%,93
Western Carolina,Jaylen Jones,All,142,33,88.0,101.4,102.5,30.3%,-1.7°,2.9°,30.3,0.0%,0,0.357,0.287,0.378,0.332,63.6%,12.1%,21.2%,51.4%,79.7%,93.6%,31.3%,15.1%,79
Alabama,Garrett Staton,All,413,60,89.2,105.4,107.4,48.3%,16.5°,20.6°,50.0,16.7%,10,0.276,0.251,0.378,0.373,26.7%,38.3%,30.0%,54.0%,74.5%,71.1%,34.0%,39.0%,56
Evansville,Jake Mcghee,All,429,76,82.5,98.1,100.5,17.1%,8.3°,9.9°,32.9,0.0%,0,0.311,0.277,0.378,0.359,44.7%,19.7%,28.9%,40.3%,64.9%,89.5%,20.6%,13.9%,123
The Citadel,Phillips Daniels,All,716,119,84.5,98.8,103.0,28.6%,10.4°,8.0°,43.7,0.8%,1,0.305,0.317,0.378,0.381,43.7%,19.3%,33.6%,37.0%,59.9%,91.0%,17.2%,12.8%,120
Georgia Southwestern,Cory Lee,All,412,74,81.2,97.1,102.5,14.9%,12.6°,11.8°,28.4,1.4%,1,0.314,0.265,0.378,0.347,43.2%,27.0%,24.3%,31.8%,50.0%,96.6%,18.2%,8.4%,80
East Tennessee State,Axel Melendez,All,631,114,84.9,103.1,108.8,32.5%,14.3°,10.1°,34.2,2.6%,3,0.309,0.265,0.378,0.341,40.4%,22.8%,29.8%,44.1%,66.2%,87.0%,26.6%,16.5%,104
DeSales,Colin Houck,All,29,7,76.2,93.5,96.4,14.3%,15.4°,29.0°,28.6,0.0%,0,0.333,0.253,0.378,0.304,28.6%,57.1%,14.3%,44.8%,53.3%,75.0%,35.7%,15.4%,79
Wingate,Sean Sullivan,All,25,5,103.3,102.3,102.5,80.0%,5.2°,5.2°,20.0,0.0%,0,0.286,0.336,0.378,0.341,60.0%,0.0%,20.0%,36.0%,50.0%,100.0%,23.1%,11.1%,168
Eastern Illinois,Tyler Castro,All,315,45,80.2,96.2,103.3,15.6%,5.1°,9.1°,28.9,0.0%,0,0.25,0.289,0.378,0.413,53.3%,22.2%,22.2%,31.1%,54.5%,95.5%,16.1%,9.2%,125
Georgia State,Colin Hynek,All,757,114,91.6,106.4,110.6,47.4%,24.6°,24.0°,36.8,19.3%,22,0.212,0.252,0.378,0.426,20.2%,55.3%,18.4%,38.8%,67.7%,84.2%,19.9%,25.5%,112
Tusculum,Max Schmarder,All,454,81,83.7,103.8,109.2,34.6%,3.5°,12.6°,39.5,2.5%,2,0.321,0.308,0.378,0.384,44.4%,17.3%,37.0%,49.1%,71.9%,75.0%,34.4%,27.8%,102
Coppin State,Bryce Thompson,All,109,19,81.6,91.6,91.8,0.0%,13.6°,-,26.3,0.0%,0,0.36,0.186,0.378,0.267,42.1%,26.3%,15.8%,40.4%,63.0%,86.2%,23.8%,25.0%,117
UMBC,Anthony Mascuilli,All,302,45,85.3,96.2,99.6,24.4%,14.7°,12.9°,46.7,0.0%,0,0.309,0.315,0.378,0.423,31.1%,26.7%,37.8%,31.5%,51.4%,90.1%,14.6%,18.9%,119
Siena,Jake Sparks,All,122,22,85.5,98.2,99.5,31.8%,25.2°,18.3°,40.9,4.5%,1,0.333,0.223,0.378,0.253,27.3%,27.3%,22.7%,56.6%,78.7%,75.7%,42.7%,36.2%,63
Carson-Newman,Cole Nathan,All,361,68,84.8,100.0,104.2,17.6%,5.0°,10.2°,36.8,0.0%,0,0.301,0.251,0.378,0.314,47.1%,13.2%,36.8%,41.6%,67.1%,90.8%,24.2%,21.3%,95
Oregon State,Trent Caraway,All,928,161,88.2,107.8,113.8,41.0%,8.2°,8.2°,33.5,8.1%,13,0.273,0.274,0.377,0.366,49.1%,21.7%,26.1%,48.0%,69.8%,81.3%,29.1%,28.1%,78
Clemson,Collin Priest,All,992,128,92.5,108.9,115.9,52.3%,8.3°,15.4°,32.8,16.4%,21,0.237,0.295,0.377,0.446,43.8%,28.1%,22.7%,35.1%,56.0%,82.2%,20.3%,30.7%,98
Keiser,Andrew Almendarez,All,111,16,76.5,93.8,95.4,6.2%,4.6°,9.2°,25.0,0.0%,0,0.333,0.282,0.377,0.35,56.2%,12.5%,25.0%,33.3%,48.1%,92.0%,20.3%,21.6%,91
Auburn,Cade Belyeu,All,588,84,84.8,105.6,111.6,38.1%,12.7°,15.9°,28.6,6.0%,5,0.293,0.262,0.377,0.382,40.5%,29.8%,21.4%,44.2%,68.2%,83.3%,25.8%,26.9%,83
Utah,Austen Roellig,All,590,139,89.0,103.1,108.8,39.6%,1.2°,6.5°,33.8,1.4%,2,0.344,0.334,0.377,0.388,52.5%,15.1%,28.8%,50.0%,74.2%,93.5%,29.5%,11.9%,92
Fresno State,Eddie Saldivar,All,736,156,85.3,100.1,105.5,26.9%,12.8°,9.9°,36.5,0.6%,1,0.317,0.295,0.377,0.349,43.6%,25.6%,28.8%,48.0%,69.2%,95.2%,30.6%,9.6%,93
Bellarmine,Mason Acton,All,129,9,92.2,101.6,101.7,77.8%,10.1°,22.5°,44.4,11.1%,1,0.167,0.216,0.377,0.457,33.3%,33.3%,33.3%,27.1%,42.6%,78.3%,16.0%,40.0%,103
UNC Greensboro,Jeremy Wolf,All,740,145,85.5,100.3,105.1,26.9%,15.9°,13.2°,35.2,0.7%,1,0.309,0.275,0.377,0.355,33.8%,29.0%,30.3%,46.2%,69.8%,90.5%,27.1%,17.8%,109
Mount St. Mary's,Sam Grube,All,512,82,84.3,98.4,102.4,23.2%,8.7°,7.9°,30.5,0.0%,0,0.265,0.272,0.377,0.358,50.0%,20.7%,24.4%,36.5%,63.7%,89.2%,18.5%,16.0%,107
Western Illinois,Brock Lummus,All,115,16,95.8,105.1,109.1,62.5%,12.5°,11.8°,50.0,0.0%,0,0.304,0.314,0.377,0.408,31.2%,18.8%,43.8%,40.0%,66.0%,77.4%,22.1%,30.4%,110
Sacramento State,Tyler White,All,881,153,86.2,100.0,103.5,31.4%,5.6°,9.5°,28.8,0.7%,1,0.295,0.271,0.377,0.361,54.2%,20.3%,21.6%,40.1%,67.8%,89.9%,17.7%,19.0%,131
Duke,Andrew Yu,All,339,61,88.9,104.8,114.0,52.5%,1.4°,6.4°,31.1,14.8%,9,0.257,0.341,0.377,0.474,52.5%,18.0%,18.0%,43.4%,67.4%,86.5%,28.0%,24.5%,81
High Point,Three Hillier,All,632,131,86.6,101.7,104.9,38.2%,13.4°,14.8°,32.8,3.8%,5,0.269,0.287,0.377,0.384,42.0%,30.5%,24.4%,43.4%,73.2%,89.9%,20.8%,15.0%,120
Duke,Macon Winslow,All,887,139,90.3,104.1,110.3,48.2%,11.2°,10.3°,33.1,8.6%,12,0.278,0.249,0.377,0.367,40.3%,21.6%,23.0%,45.2%,70.5%,85.3%,26.6%,27.2%,105
UC Irvine,Will Bermudez,All,493,69,90.9,103.5,108.0,44.9%,7.7°,8.5°,23.2,0.0%,0,0.322,0.291,0.377,0.367,55.1%,18.8%,24.6%,37.5%,59.8%,84.9%,15.7%,19.5%,129
North Carolina,Tyson Bass,All,1043,153,88.6,109.0,115.4,37.9%,11.6°,11.8°,28.1,5.2%,8,0.277,0.242,0.377,0.343,45.1%,26.1%,22.2%,44.0%,67.1%,81.8%,25.9%,29.6%,89
UC San Diego,Patrick Hackworth,All,232,43,82.1,98.0,101.0,11.6%,7.6°,9.9°,34.9,0.0%,0,0.36,0.267,0.377,0.325,48.8%,16.3%,27.9%,41.8%,64.7%,93.9%,23.8%,17.5%,109
Coastal Carolina,Colby Thorndyke,All,803,139,87.8,102.5,108.5,36.7%,8.0°,12.3°,29.5,2.2%,3,0.304,0.246,0.377,0.337,47.5%,23.7%,25.9%,49.6%,73.8%,82.4%,32.5%,26.4%,61
Central Michigan,Aaron Piasecki,All,657,134,85.2,100.8,105.1,24.6%,14.2°,10.6°,39.6,1.5%,2,0.314,0.274,0.377,0.338,38.8%,25.4%,29.1%,40.5%,64.0%,91.4%,21.6%,12.4%,111
California Baptist,Ben Castelli,All,738,114,90.4,106.1,109.1,47.4%,9.9°,11.7°,38.6,6.1%,7,0.292,0.256,0.377,0.364,43.9%,18.4%,29.8%,43.9%,68.1%,82.4%,25.7%,25.9%,82
Harvard,Liam Wilson,All,337,45,89.5,102.8,107.9,40.0%,22.5°,19.8°,31.1,6.7%,3,0.265,0.221,0.377,0.321,31.1%,37.8%,24.4%,43.6%,68.3%,73.6%,21.0%,34.0%,117
Longwood,Jaedan Carter,All,700,81,85.5,101.9,108.4,34.6%,6.6°,9.6°,27.2,4.9%,4,0.277,0.198,0.377,0.336,49.4%,29.6%,18.5%,28.9%,50.0%,89.0%,12.1%,16.8%,121
Wright State,JP Peltier,All,735,106,89.5,106.8,114.5,40.6%,18.4°,20.1°,32.1,11.3%,12,0.244,0.231,0.377,0.359,34.9%,38.7%,19.8%,44.8%,66.2%,78.3%,26.9%,28.3%,95
Arkansas-Pine Bluff,Jesus Riera,All,152,27,83.5,99.9,100.6,29.6%,13.9°,17.4°,55.6,11.1%,3,0.289,0.274,0.377,0.328,33.3%,18.5%,37.0%,52.6%,69.4%,90.7%,41.1%,23.8%,52
Georgia State,Carter Bailey,All,736,95,87.2,102.8,107.5,40.0%,23.9°,18.5°,28.4,4.2%,4,0.275,0.207,0.376,0.34,30.5%,43.2%,22.1%,34.6%,60.0%,81.7%,16.2%,25.1%,120
Ohio,Blake Reed,All,168,29,80.1,100.2,102.0,13.8%,17.6°,19.9°,34.5,0.0%,0,0.314,0.259,0.376,0.319,31.0%,34.5%,31.0%,44.6%,69.3%,84.6%,24.7%,21.3%,106
Limestone,Winston Parke,All,447,73,82.6,96.9,99.1,19.2%,16.4°,5.0°,37.0,0.0%,0,0.33,0.209,0.376,0.274,41.1%,26.0%,26.0%,42.1%,65.5%,85.5%,23.1%,23.4%,115
UC Davis,Braydon Wooldridge,All,320,77,84.3,98.4,102.0,27.3%,8.2°,6.4°,33.8,1.3%,1,0.346,0.311,0.376,0.368,46.8%,19.5%,26.0%,45.0%,67.2%,95.6%,29.0%,9.0%,83
Tennessee Tech,Owen Lee,All,199,31,86.2,101.1,106.2,25.8%,15.2°,16.4°,38.7,3.2%,1,0.262,0.259,0.376,0.364,38.7%,12.9%,32.3%,42.7%,60.9%,84.9%,28.6%,24.7%,82
Florida International,Cole Cleveland,All,542,77,85.5,102.6,109.3,29.9%,10.8°,12.2°,31.2,2.6%,2,0.298,0.23,0.376,0.295,42.9%,26.0%,27.3%,41.5%,63.4%,78.9%,25.2%,34.2%,94
Long Island,Mason Breton,All,168,26,82.9,99.6,104.3,34.6%,18.5°,20.4°,42.3,7.7%,2,0.297,0.335,0.376,0.417,42.3%,30.8%,23.1%,41.7%,64.9%,75.0%,23.4%,32.9%,126
College of Charleston,Dariyan Pendergrass,All,823,156,81.3,96.1,99.6,13.5%,13.1°,9.7°,35.3,0.0%,0,0.306,0.245,0.376,0.351,39.1%,21.2%,28.8%,40.5%,69.9%,89.1%,18.2%,13.2%,120
Tennessee,Reese Chapman,All,878,137,93.0,107.4,110.7,52.6%,16.0°,15.8°,38.7,7.3%,10,0.274,0.268,0.376,0.371,34.3%,32.1%,29.9%,49.8%,74.0%,83.7%,28.1%,28.6%,99
Penn State,Bryce Molinaro,All,886,136,92.2,107.6,110.3,52.9%,9.5°,15.9°,36.8,14.0%,19,0.259,0.284,0.376,0.432,41.2%,27.9%,23.5%,40.9%,65.4%,81.2%,20.7%,28.2%,103
UNLV,Chase Gallegos,All,538,82,85.7,98.2,103.6,35.4%,9.8°,8.3°,28.0,0.0%,0,0.32,0.285,0.376,0.371,50.0%,24.4%,24.4%,36.8%,58.8%,88.8%,18.6%,17.7%,121
Texas A&M Kingsville,Sergio Galvan,All,25,5,75.8,91.8,92.8,0.0%,10.2°,-,0.0,0.0%,0,0.333,0.23,0.376,0.243,60.0%,40.0%,0.0%,52.0%,76.9%,80.0%,25.0%,23.1%,142
Coastal Carolina,Dean Mihos,All,792,147,85.4,102.9,108.3,30.6%,11.0°,10.6°,29.9,1.4%,2,0.33,0.27,0.376,0.355,46.3%,23.8%,24.5%,44.8%,64.1%,90.2%,29.5%,22.0%,67
Westmont,Shane Hofstadler,All,203,26,91.3,105.9,106.9,53.8%,31.5°,21.6°,38.5,11.5%,3,0.262,0.219,0.376,0.353,11.5%,34.6%,26.9%,41.9%,80.0%,75.0%,19.5%,32.9%,120
Stonehill,Will Christopher,All,65,12,87.7,99.5,100.9,25.0%,20.7°,-0.1°,25.0,0.0%,0,0.222,0.177,0.376,0.324,33.3%,33.3%,25.0%,47.7%,74.3%,80.8%,16.7%,25.8%,143
Cal Poly,Ryan Fenn,All,710,207,87.4,102.2,108.7,41.1%,10.4°,4.3°,28.5,1.4%,3,0.361,0.301,0.376,0.332,46.9%,22.7%,26.6%,56.2%,80.3%,95.9%,38.2%,14.5%,72
Young Harris,Andrew Bray,All,513,73,84.1,97.1,98.7,17.8%,7.5°,17.3°,38.4,0.0%,0,0.293,0.292,0.376,0.393,45.2%,19.2%,31.5%,33.1%,63.3%,88.1%,14.0%,15.9%,133
Stonehill,Samuel Parks,All,278,36,80.7,92.5,93.6,2.8%,14.2°,-15.4°,30.6,0.0%,0,0.298,0.227,0.376,0.348,36.1%,30.6%,30.6%,31.7%,50.8%,91.8%,17.1%,11.4%,108
UNC Wilmington,Trevor Lucas,All,1036,166,89.5,104.0,108.2,45.2%,14.4°,18.3°,33.7,7.8%,13,0.252,0.281,0.376,0.436,37.3%,28.3%,26.5%,40.5%,67.4%,85.9%,19.8%,22.1%,122
St. John's,Will Cowan,All,623,122,86.4,102.0,107.5,32.8%,19.3°,12.5°,35.2,5.7%,7,0.301,0.311,0.376,0.414,33.6%,32.8%,27.9%,41.6%,72.2%,90.9%,19.8%,13.9%,124
Tufts,Cooper Smith,All,190,51,83.0,99.8,101.6,19.6%,2.6°,15.6°,29.4,2.0%,1,0.333,0.295,0.376,0.339,52.9%,17.6%,25.5%,46.8%,76.2%,95.3%,23.6%,10.1%,132
West Virginia,Chase Swain,All,575,92,87.1,107.7,112.0,39.1%,-0.5°,5.9°,25.0,5.4%,5,0.322,0.26,0.376,0.34,63.0%,10.9%,21.7%,43.5%,65.8%,80.2%,23.9%,25.2%,112
Fairfield,Sean Meth,All,309,54,91.9,107.0,108.3,44.4%,16.8°,15.9°,48.1,18.5%,10,0.262,0.344,0.376,0.483,33.3%,25.9%,35.2%,37.9%,57.9%,87.7%,21.3%,23.9%,111
Albany,Kyle Stephens,All,50,6,86.3,100.0,102.8,33.3%,0.4°,0.7°,33.3,0.0%,0,0.333,0.205,0.376,0.207,50.0%,16.7%,33.3%,40.0%,61.5%,62.5%,16.7%,50.0%,105
Liberty,Callum Early,All,477,77,87.7,103.3,106.1,39.0%,7.1°,11.2°,28.6,2.6%,2,0.287,0.256,0.375,0.364,50.6%,26.0%,23.4%,43.2%,71.4%,86.4%,23.5%,28.6%,115
Fordham,Anthony Grabau,All,371,79,86.5,101.8,105.1,31.6%,11.3°,12.5°,31.6,1.3%,1,0.264,0.301,0.375,0.378,45.6%,21.5%,27.8%,39.1%,66.0%,87.4%,22.0%,20.7%,121
Miami,Tanner Smith,All,446,57,88.6,102.6,106.9,33.3%,18.2°,11.6°,31.6,3.5%,2,0.27,0.23,0.375,0.347,33.3%,31.6%,28.1%,42.8%,66.3%,76.9%,24.4%,31.9%,93
Elon,Kenneth Mallory Jr.,All,913,144,85.1,102.2,104.2,31.2%,-4.6°,7.0°,24.3,2.1%,3,0.287,0.276,0.375,0.378,64.6%,16.7%,18.1%,36.6%,59.9%,87.1%,18.4%,18.9%,118
Mercer,Parker Lester,All,914,143,90.4,104.1,109.6,39.2%,16.2°,20.4°,37.1,7.7%,11,0.245,0.279,0.375,0.421,34.3%,32.9%,25.9%,41.2%,70.6%,85.4%,18.6%,25.2%,111
Western Michigan,Dylan Nevar,All,370,58,86.4,103.9,107.5,32.8%,13.7°,10.7°,29.3,6.9%,4,0.284,0.222,0.375,0.298,43.1%,31.0%,19.0%,41.9%,57.1%,84.8%,30.1%,29.7%,68
Purdue,Breck Nowik,All,243,41,86.2,100.3,101.8,39.0%,14.6°,17.2°,46.3,7.3%,3,0.25,0.283,0.375,0.399,34.1%,31.7%,29.3%,44.9%,72.5%,86.5%,24.8%,22.9%,114
Louisville,Alex Alicea,All,922,162,81.8,96.3,102.2,15.4%,3.7°,4.6°,30.9,0.0%,0,0.307,0.27,0.375,0.356,53.1%,16.0%,27.2%,40.1%,64.0%,90.8%,19.7%,14.1%,113
Wichita State,Cole Dillon,All,364,61,83.6,97.8,100.5,18.0%,8.2°,6.6°,36.1,0.0%,0,0.297,0.314,0.375,0.397,49.2%,19.7%,31.1%,39.0%,65.4%,91.0%,19.9%,15.5%,119
Campbell,Dalen Thompson,All,753,130,91.3,109.2,115.0,51.5%,6.6°,12.4°,29.2,9.2%,12,0.32,0.283,0.375,0.367,46.2%,24.6%,26.2%,48.1%,73.7%,87.1%,29.7%,25.4%,76
Holy Cross,Connor Peek,All,215,48,84.4,102.7,104.4,31.2%,-4.3°,13.2°,35.4,6.2%,3,0.345,0.348,0.375,0.427,56.2%,16.7%,27.1%,43.7%,71.3%,90.3%,19.3%,12.8%,123
Memphis,Chase Nixon,All,773,153,88.1,103.9,107.1,39.9%,14.7°,8.8°,30.1,2.0%,3,0.261,0.294,0.375,0.392,39.2%,26.1%,26.1%,38.3%,63.9%,87.9%,18.7%,15.5%,107
Gardner-Webb,Garrett Macias,All,300,47,88.3,102.6,107.0,36.2%,4.5°,2.6°,29.8,0.0%,0,0.317,0.283,0.375,0.347,55.3%,17.0%,25.5%,41.3%,55.8%,93.1%,30.4%,12.9%,71
Missouri State,Carter Bergman,All,584,90,92.3,105.1,107.9,47.8%,20.7°,18.0°,38.9,13.3%,12,0.254,0.274,0.375,0.412,24.4%,42.2%,24.4%,46.1%,68.1%,78.9%,28.7%,29.4%,87
Elon,Jackson Alford,All,990,169,84.9,102.8,108.1,27.8%,9.1°,9.9°,29.0,4.7%,8,0.292,0.228,0.375,0.329,46.2%,30.8%,19.5%,40.8%,64.9%,88.0%,19.7%,21.3%,108
College of Charleston,Dylan Johnson,All,834,156,84.2,100.8,105.6,21.8%,13.9°,16.3°,34.0,0.6%,1,0.279,0.249,0.375,0.35,40.4%,25.6%,26.3%,42.3%,66.3%,86.4%,23.7%,17.3%,119
Youngstown State,Brayden Kuriger,All,309,54,87.6,106.8,109.2,42.6%,7.9°,7.4°,33.3,7.4%,4,0.26,0.249,0.375,0.348,44.4%,18.5%,24.1%,46.6%,70.5%,78.6%,25.2%,32.6%,85
Western Illinois,Liam Bushey,All,251,42,88.5,105.2,107.1,38.1%,4.9°,9.7°,33.3,2.4%,1,0.3,0.334,0.375,0.416,50.0%,9.5%,31.0%,41.0%,64.1%,86.4%,27.7%,17.5%,112
Westmont,Bryce McFeely,All,322,56,91.8,106.7,109.6,42.9%,10.0°,9.2°,32.1,8.9%,5,0.269,0.318,0.375,0.448,44.6%,30.4%,19.6%,39.1%,70.3%,90.4%,21.1%,17.5%,134
Florida State,Chase Williams,All,464,79,87.1,101.8,103.4,40.5%,1.9°,3.8°,31.6,1.3%,1,0.333,0.261,0.374,0.318,55.7%,12.7%,25.3%,51.3%,72.9%,78.6%,32.1%,30.3%,78
USC,Jack Basseer,All,624,115,89.3,105.9,111.4,43.5%,6.8°,8.9°,37.4,5.2%,6,0.289,0.311,0.374,0.383,44.3%,21.7%,30.4%,52.6%,73.3%,84.5%,38.2%,30.5%,66
Cal State Northridge,Kyle Panganiban,All,741,141,86.7,103.2,108.1,31.9%,12.3°,9.6°,35.5,2.8%,4,0.319,0.28,0.374,0.331,43.3%,26.2%,27.0%,51.0%,70.5%,87.9%,37.4%,23.0%,56
Ashland,Billy Howard,All,167,36,80.8,96.8,100.7,25.0%,5.8°,4.8°,41.7,0.0%,0,0.394,0.382,0.374,0.427,44.4%,16.7%,38.9%,37.7%,53.2%,97.6%,24.4%,6.3%,84
Limestone,Zach Greenberg,All,432,77,81.1,96.7,102.3,13.0%,4.4°,6.9°,32.5,0.0%,0,0.333,0.299,0.374,0.348,55.8%,13.0%,28.6%,40.7%,68.5%,86.9%,21.3%,14.8%,125
Chowan,Ryan Bellamy,All,86,18,83.3,101.8,104.1,44.4%,-4.4°,3.3°,27.8,0.0%,0,0.273,0.303,0.374,0.357,66.7%,5.6%,22.2%,45.3%,71.0%,90.9%,30.9%,15.4%,103
West Virginia,Armani Guzman,All,397,66,92.1,104.3,106.9,45.5%,12.6°,5.2°,33.3,6.1%,4,0.333,0.279,0.374,0.381,40.9%,22.7%,27.3%,45.8%,67.7%,87.3%,26.5%,25.3%,106
FGCU,Jon Embury,All,427,58,91.8,107.6,110.2,46.6%,21.1°,16.8°,36.2,17.2%,10,0.263,0.261,0.374,0.378,29.3%,34.5%,25.9%,50.4%,70.2%,80.8%,36.1%,26.5%,54
Winthrop,Chazz Grossington,All,362,72,82.2,98.3,104.2,22.2%,7.9°,5.7°,23.6,0.0%,0,0.344,0.247,0.374,0.303,54.2%,25.0%,16.7%,46.4%,65.4%,84.0%,31.0%,30.4%,92
Jacksonville State,Brady Thomas,All,649,86,90.6,104.9,108.1,44.2%,10.3°,16.6°,39.5,12.8%,11,0.269,0.26,0.374,0.413,39.5%,30.2%,24.4%,37.9%,61.9%,81.6%,18.6%,26.0%,97
Louisiana Tech,Garrison Berkley,All,645,117,85.8,101.0,104.4,24.8%,16.8°,14.7°,38.5,0.9%,1,0.317,0.253,0.374,0.335,34.2%,34.2%,27.4%,42.5%,65.1%,88.8%,22.7%,16.8%,107
UNC Wilmington,Bryan Arendt,All,770,138,89.7,106.5,111.0,44.9%,18.0°,14.0°,39.9,5.8%,8,0.28,0.294,0.374,0.399,32.6%,29.7%,31.2%,48.1%,69.8%,82.7%,31.7%,25.7%,78
Murray State,Will Vierling,All,325,65,91.1,103.4,107.9,49.2%,10.2°,11.7°,41.5,3.1%,2,0.319,0.366,0.374,0.455,41.5%,20.0%,35.4%,44.6%,71.1%,87.7%,22.2%,15.2%,102
Eastern Kentucky,Hayden Duffield,All,35,5,91.9,102.3,103.6,60.0%,17.6°,18.2°,60.0,0.0%,0,0.222,0.213,0.374,0.268,20.0%,0.0%,60.0%,57.1%,68.8%,72.7%,47.4%,50.0%,57
Arizona Christian,Jared Anderson,All,29,6,77.2,93.8,98.3,16.7%,2.8°,24.3°,33.3,0.0%,0,0.286,0.323,0.374,0.403,66.7%,0.0%,33.3%,37.9%,64.3%,88.9%,13.3%,9.1%,130
Georgia Southwestern,Paul Hegeman,All,373,56,87.9,103.8,106.7,35.7%,18.1°,10.1°,39.3,0.0%,0,0.296,0.304,0.374,0.388,32.1%,26.8%,33.9%,41.6%,71.0%,84.5%,22.8%,21.9%,111
FGCU,Evan Dempsey,All,572,123,85.5,102.0,106.3,24.4%,9.7°,11.7°,32.5,1.6%,2,0.306,0.288,0.374,0.361,46.3%,25.2%,26.0%,45.8%,65.4%,93.5%,32.2%,12.6%,81
Tulane,Hugh Pinkney,All,499,82,90.0,102.4,107.2,43.9%,14.1°,12.9°,29.3,1.2%,1,0.294,0.271,0.374,0.375,41.5%,24.4%,25.6%,40.7%,68.5%,87.2%,19.4%,25.6%,104
Texas A&M,Ben Royo,All,518,62,91.3,104.7,107.0,46.8%,18.2°,27.1°,29.0,12.9%,8,0.239,0.207,0.374,0.353,37.1%,37.1%,16.1%,41.3%,60.5%,76.3%,26.8%,35.0%,47
UMass,Mitch Schroeder,All,61,10,85.3,102.8,104.4,50.0%,16.1°,21.5°,30.0,10.0%,1,0.286,0.213,0.374,0.346,40.0%,40.0%,20.0%,37.7%,43.5%,70.0%,34.2%,34.8%,38
McNeese,Connor Schneider,All,106,27,86.8,101.1,103.6,29.6%,1.7°,10.0°,37.0,0.0%,0,0.333,0.302,0.374,0.424,44.4%,14.8%,33.3%,50.0%,66.7%,90.5%,25.6%,11.3%,125
Bryan,Chris Hall,All,33,5,75.7,88.4,90.6,0.0%,17.9°,-,0.0,0.0%,0,0.286,0.142,0.374,0.214,60.0%,40.0%,0.0%,42.4%,84.6%,54.5%,15.0%,50.0%,121
CLA_CLA,Max Pemberton,All,64,11,85.3,96.6,96.9,18.2%,7.2°,29.8°,18.2,0.0%,0,0.308,0.24,0.374,0.344,45.5%,18.2%,18.2%,50.0%,71.4%,73.3%,39.5%,25.0%,63
St. Thomas (FL),Luis Morela,All,313,50,86.4,98.4,100.9,22.0%,8.2°,10.4°,38.0,0.0%,0,0.365,0.271,0.374,0.358,48.0%,18.0%,30.0%,41.9%,64.1%,84.5%,25.8%,19.8%,99
Bryant,Eliot Medlock,All,211,31,86.0,104.9,106.6,38.7%,5.4°,15.1°,29.0,3.2%,1,0.233,0.202,0.374,0.307,51.6%,19.4%,19.4%,43.1%,62.5%,86.7%,27.0%,23.1%,99
BYU,Parker Goff,All,697,80,86.4,99.5,104.8,22.5%,21.8°,14.6°,37.5,3.8%,3,0.273,0.207,0.373,0.31,32.5%,36.2%,25.0%,36.4%,56.1%,73.3%,19.7%,32.7%,92
Kent State,Brody Williams,All,311,54,87.8,102.9,104.2,40.7%,3.9°,4.5°,27.8,3.7%,2,0.27,0.287,0.373,0.406,51.9%,18.5%,27.8%,43.7%,76.2%,87.5%,21.6%,21.3%,116
Kennesaw State,Wesley Alig,All,603,124,86.4,102.0,105.4,33.1%,7.7°,6.1°,28.2,3.2%,4,0.315,0.277,0.373,0.347,48.4%,21.0%,23.4%,50.2%,81.1%,86.7%,27.0%,25.1%,117
Indiana,Tyler DeMartino,All,41,5,94.2,106.6,110.8,20.0%,16.7°,27.3°,40.0,20.0%,1,0.2,0.131,0.373,0.279,20.0%,20.0%,20.0%,46.3%,82.4%,64.3%,20.8%,36.8%,78
Samford,Cade Carr,All,738,135,87.8,102.4,108.0,34.1%,14.1°,15.5°,43.0,5.9%,8,0.307,0.284,0.373,0.373,35.6%,31.1%,31.9%,47.2%,72.8%,85.7%,28.0%,25.3%,101
Baylor,Enzo Apodaca,All,967,185,90.1,106.1,110.4,43.2%,9.0°,8.3°,28.1,4.3%,8,0.292,0.314,0.373,0.397,46.5%,24.9%,24.3%,42.3%,64.8%,90.6%,20.7%,13.7%,114
Wichita State,Jordan Rogers,All,818,118,85.7,105.9,110.6,33.1%,19.1°,16.2°,36.4,4.2%,5,0.261,0.25,0.373,0.357,30.5%,31.4%,30.5%,42.8%,70.6%,84.4%,22.6%,23.4%,128
Illinois State,Shai Robinson,All,664,101,90.4,106.2,111.2,42.6%,10.1°,4.0°,28.7,7.9%,8,0.256,0.263,0.373,0.379,44.6%,25.7%,23.8%,36.9%,58.8%,86.0%,19.8%,26.1%,99
Trevecca Nazarene,Francisco Carreras,All,42,9,83.6,97.7,104.7,11.1%,19.3°,20.0°,44.4,11.1%,1,0.333,0.288,0.373,0.362,22.2%,33.3%,33.3%,42.9%,75.0%,91.7%,23.1%,16.7%,66
McNeese,Marcus Heusohn,All,57,8,86.9,97.7,98.9,25.0%,5.6°,27.9°,62.5,12.5%,1,0.333,0.263,0.373,0.358,37.5%,25.0%,37.5%,38.6%,65.0%,100.0%,24.3%,18.2%,87
Michigan State,Parker Picot,All,678,114,91.7,107.1,111.6,50.9%,17.7°,13.9°,39.5,12.3%,14,0.273,0.284,0.373,0.397,31.6%,31.6%,29.8%,45.1%,67.1%,81.2%,29.1%,29.1%,79
Oklahoma,Jason Walk,All,901,148,87.2,100.9,105.8,35.1%,9.1°,15.2°,36.5,2.0%,3,0.275,0.258,0.372,0.359,45.9%,23.0%,28.4%,37.7%,62.3%,87.9%,18.3%,18.8%,116
Stephen F. Austin,Dalton Mullins,All,106,22,88.2,98.6,99.0,40.9%,2.6°,1.5°,18.2,0.0%,0,0.357,0.302,0.372,0.319,63.6%,18.2%,18.2%,44.3%,75.0%,93.3%,25.8%,17.0%,110
Appalachian State,Graham Smiley,All,216,34,83.9,104.1,105.9,20.6%,20.8°,29.5°,17.6,8.8%,3,0.24,0.157,0.372,0.279,47.1%,32.4%,5.9%,45.4%,70.5%,70.1%,25.6%,37.8%,94
Louisiana,Caleb Stelly,All,777,126,86.1,105.9,109.8,37.3%,2.6°,12.5°,33.3,6.3%,8,0.298,0.3,0.372,0.381,54.8%,15.9%,24.6%,43.6%,69.5%,85.2%,25.4%,25.4%,83
Delaware,Evan Bouldin,All,672,157,88.5,101.7,107.9,37.6%,15.9°,13.5°,38.2,3.8%,6,0.277,0.306,0.372,0.397,36.9%,29.9%,26.1%,47.8%,73.8%,90.6%,24.5%,14.6%,113
Ball State,Maxwell Kalk,All,77,13,87.6,100.2,102.5,30.8%,11.5°,9.1°,53.8,0.0%,0,0.25,0.303,0.372,0.375,38.5%,23.1%,38.5%,44.2%,64.5%,80.0%,30.4%,20.6%,148
Nevada,Nate Snakenborg,All,160,22,91.1,106.0,107.2,45.5%,9.6°,7.9°,40.9,4.5%,1,0.286,0.237,0.372,0.32,45.5%,27.3%,22.7%,43.1%,63.6%,66.7%,28.7%,43.5%,114
Northwestern State,Hudson Brignac,All,205,36,83.9,97.2,99.7,22.2%,-5.8°,3.3°,25.0,0.0%,0,0.341,0.256,0.372,0.322,58.3%,5.6%,22.2%,37.6%,58.8%,91.2%,18.5%,15.6%,106
California Lutheran,Noah Matsumoto,All,78,14,84.2,93.2,93.4,0.0%,4.3°,-,28.6,0.0%,0,0.25,0.283,0.372,0.335,64.3%,28.6%,7.1%,42.3%,73.3%,95.5%,22.9%,15.2%,114
Nevada,Taylor Holder,All,656,104,92.9,107.1,109.5,53.8%,16.8°,20.2°,38.5,16.3%,17,0.28,0.29,0.372,0.412,34.6%,35.6%,26.0%,46.0%,69.9%,71.6%,24.4%,33.1%,116
Kansas,Mike Koszewski,All,129,19,82.9,100.4,102.0,26.3%,9.3°,10.7°,36.8,0.0%,0,0.261,0.267,0.372,0.371,36.8%,26.3%,36.8%,31.8%,48.1%,88.0%,20.8%,17.1%,143
Ohio State,Mason Eckelman,All,821,138,84.6,105.2,107.8,34.8%,10.1°,14.8°,36.2,5.8%,8,0.281,0.297,0.372,0.399,41.3%,26.1%,27.5%,41.5%,60.9%,88.3%,25.9%,19.1%,85
Hawaii Pacific,Bronson Rivera,All,116,22,89.6,105.3,106.9,40.9%,20.6°,18.8°,40.9,13.6%,3,0.267,0.287,0.372,0.373,27.3%,36.4%,27.3%,56.0%,85.7%,83.3%,34.3%,29.2%,99
Western Carolina,Brayden Corn,All,820,137,89.7,105.1,107.8,46.0%,5.9°,9.7°,38.7,6.6%,9,0.308,0.295,0.372,0.392,48.2%,25.5%,25.5%,42.4%,66.7%,87.4%,22.6%,21.8%,95
Kansas,Tommy Barth,All,794,128,89.9,105.6,110.2,39.1%,15.0°,8.8°,32.8,5.5%,7,0.267,0.258,0.372,0.373,41.4%,29.7%,25.8%,41.7%,66.3%,83.9%,21.7%,25.4%,111
Michigan State,Caleb Berry,All,578,126,89.8,103.5,106.9,40.5%,8.2°,13.4°,34.9,7.1%,9,0.301,0.307,0.372,0.395,42.1%,26.2%,27.0%,49.0%,71.8%,84.8%,29.5%,18.4%,78
Winthrop,Alan Benhardt,All,713,150,85.1,100.0,102.2,29.3%,10.8°,5.1°,33.3,0.7%,1,0.309,0.276,0.372,0.345,44.7%,24.7%,27.3%,45.3%,69.5%,96.7%,27.2%,12.4%,96
Arizona,Andrew Cain,All,600,101,89.9,103.5,107.8,46.5%,20.1°,18.5°,37.6,6.9%,7,0.252,0.275,0.372,0.393,34.7%,38.6%,23.8%,40.0%,64.3%,90.7%,22.4%,18.8%,109
Lenoir-Rhyne,Tyler Bradley,All,173,32,86.9,103.1,104.7,37.5%,11.0°,14.5°,37.5,0.0%,0,0.278,0.336,0.372,0.439,43.8%,25.0%,28.1%,41.0%,75.4%,89.8%,20.4%,21.1%,147
FGCU,Nathan Gagnon,All,217,33,84.0,99.5,104.1,27.3%,3.1°,-4.8°,12.1,0.0%,0,0.32,0.205,0.372,0.256,66.7%,21.2%,9.1%,43.8%,71.3%,75.8%,25.4%,26.3%,96
Oregon State,AJ Singer,All,926,169,87.2,99.5,105.1,26.0%,9.0°,9.8°,37.9,1.2%,2,0.332,0.287,0.372,0.359,43.8%,24.9%,29.0%,37.9%,58.1%,93.1%,21.0%,12.0%,95
Western Kentucky,Drew Barragan,All,268,58,92.7,105.8,110.5,48.3%,-0.1°,0.4°,31.0,1.7%,1,0.343,0.31,0.372,0.362,56.9%,8.6%,25.9%,50.4%,68.3%,92.7%,35.8%,16.3%,51
USC Upstate,Wylie Waters,All,609,105,87.9,104.3,109.6,41.0%,15.7°,16.5°,32.4,5.7%,6,0.266,0.247,0.372,0.354,37.1%,39.0%,21.9%,50.2%,77.0%,75.0%,29.7%,30.7%,104
LSU,Tanner Reaves,All,318,47,88.4,100.7,103.3,36.2%,9.3°,14.6°,46.8,10.6%,5,0.262,0.31,0.371,0.425,36.2%,27.7%,31.9%,38.7%,61.2%,89.2%,18.1%,20.3%,88
Texas State,Coy DeFury,All,449,75,88.3,103.6,108.0,38.7%,17.7°,11.0°,32.0,6.7%,5,0.274,0.258,0.371,0.362,38.7%,22.7%,24.0%,43.9%,67.7%,82.4%,24.6%,22.3%,96
Grand Canyon,Cannon Peery,All,284,48,87.3,103.1,108.8,39.6%,9.5°,8.3°,41.7,4.2%,2,0.297,0.28,0.371,0.346,41.7%,25.0%,31.2%,37.3%,60.8%,82.9%,18.9%,27.4%,78
LaGrange,David Smigelski,All,57,8,82.5,98.9,99.6,12.5%,-2.1°,22.3°,12.5,0.0%,0,0.2,0.146,0.371,0.35,62.5%,12.5%,12.5%,33.3%,52.4%,100.0%,22.2%,21.1%,126
Montreat,Justin Austin,All,42,9,84.9,95.7,97.4,11.1%,10.0°,20.9°,44.4,0.0%,0,0.444,0.331,0.371,0.348,55.6%,0.0%,33.3%,50.0%,83.3%,86.7%,25.0%,14.3%,166
Southern Wesleyan,Gavin Mitchell,All,30,8,71.1,91.1,91.3,0.0%,-1.6°,-,37.5,0.0%,0,0.444,0.301,0.371,0.388,50.0%,0.0%,37.5%,66.7%,90.9%,100.0%,52.6%,25.0%,-40
UMass Lowell,River Hart,All,211,28,86.4,102.8,106.4,35.7%,16.9°,17.8°,35.7,7.1%,2,0.227,0.243,0.371,0.352,35.7%,35.7%,21.4%,48.3%,71.6%,84.1%,31.7%,29.4%,91
Fordham,Madden Ocko,All,641,106,86.9,101.3,105.0,35.8%,13.5°,13.4°,39.6,0.9%,1,0.274,0.298,0.371,0.393,38.7%,23.6%,34.0%,40.1%,67.8%,88.0%,21.4%,22.6%,110
Grand View,Hank Himrich,All,25,7,92.7,100.5,101.8,57.1%,16.4°,21.1°,14.3,0.0%,0,0.25,0.31,0.371,0.402,42.9%,42.9%,14.3%,60.0%,64.3%,88.9%,54.5%,13.3%,96
Princeton,Jake Koonin,All,664,108,87.3,104.2,108.6,42.6%,22.3°,21.6°,29.6,6.5%,7,0.241,0.253,0.371,0.379,29.6%,40.7%,22.2%,46.8%,72.1%,83.0%,26.8%,26.7%,110
Lindenwood,Bryson Arnette,All,95,18,89.2,103.6,104.9,27.8%,3.7°,7.3°,16.7,0.0%,0,0.25,0.229,0.371,0.276,66.7%,22.2%,11.1%,55.8%,84.2%,71.9%,36.8%,30.2%,97
Alabama,Jason Torres,All,1035,124,90.3,106.1,113.9,43.5%,17.6°,18.7°,33.1,9.7%,12,0.254,0.237,0.371,0.367,33.1%,33.1%,25.8%,41.9%,67.7%,73.1%,23.0%,38.0%,106
Indiana,Tyler Cerny,All,800,149,87.2,102.1,108.2,34.9%,15.7°,15.1°,33.6,3.4%,5,0.272,0.251,0.371,0.348,34.2%,29.5%,25.5%,50.6%,76.0%,85.9%,31.3%,22.0%,89
Columbia,Jackson Brewer,All,409,55,91.0,103.8,107.6,47.3%,11.2°,8.5°,30.9,5.5%,3,0.243,0.286,0.371,0.413,45.5%,29.1%,23.6%,31.3%,54.9%,89.5%,14.0%,20.3%,124
Embry-Riddle,Collin Mastromauro,All,38,5,80.6,87.9,90.2,0.0%,27.3°,-,40.0,0.0%,0,0.25,0.268,0.371,0.267,20.0%,60.0%,20.0%,52.6%,71.4%,90.0%,41.7%,25.0%,96
Carson-Newman,Frankie Delgado,All,127,20,74.4,92.5,96.9,5.0%,12.0°,11.5°,40.0,0.0%,0,0.24,0.255,0.371,0.371,40.0%,30.0%,30.0%,35.4%,59.5%,76.0%,23.5%,24.4%,116
Mars Hill,Davis Anders,All,44,7,88.0,100.4,102.4,42.9%,7.7°,8.1°,42.9,0.0%,0,0.444,0.278,0.371,0.28,42.9%,14.3%,42.9%,47.7%,81.0%,64.7%,17.4%,33.3%,124
FOR_MAS,Brooks Sailors,All,106,17,80.5,100.7,107.8,17.6%,7.2°,15.3°,41.2,5.9%,1,0.3,0.378,0.371,0.476,35.3%,35.3%,23.5%,28.3%,44.2%,100.0%,17.5%,6.7%,99
Dartmouth,Elliot Krewson,All,256,66,83.2,98.4,105.1,34.8%,2.2°,4.3°,30.3,0.0%,0,0.284,0.286,0.371,0.354,54.5%,19.7%,21.2%,45.3%,69.4%,93.3%,27.7%,7.8%,113
Grand View,Carson Wadel,All,30,8,81.6,95.2,96.3,12.5%,22.0°,5.6°,25.0,0.0%,0,0.286,0.389,0.371,0.35,25.0%,50.0%,12.5%,56.7%,93.8%,93.3%,14.3%,11.8%,198
Angelo State,Justin Harris,All,71,13,73.4,93.1,93.5,0.0%,5.7°,-,23.1,0.0%,0,0.429,0.238,0.371,0.243,61.5%,7.7%,15.4%,47.9%,66.7%,91.7%,28.6%,11.8%,105
Virginia Tech,Garrett Michel,All,440,66,93.0,111.2,112.9,50.0%,-4.3°,9.0°,25.8,7.6%,5,0.258,0.286,0.371,0.421,62.1%,12.1%,19.7%,39.1%,69.5%,85.1%,19.2%,28.5%,120
Southeastern Louisiana,Jude Hall,All,117,9,87.4,104.3,104.7,55.6%,21.3°,29.1°,33.3,22.2%,2,0.25,0.168,0.371,0.337,22.2%,33.3%,33.3%,43.6%,66.7%,64.7%,25.8%,45.1%,86
Concord,MJ Hunter,All,80,11,73.0,98.0,98.8,18.2%,-10.8°,2.6°,27.3,0.0%,0,0.267,0.226,0.371,0.332,81.8%,0.0%,18.2%,38.8%,63.9%,87.0%,18.2%,9.7%,106
Azusa Pacific,Deigo Frey,All,50,12,87.6,102.1,102.4,58.3%,10.4°,2.5°,50.0,0.0%,0,0.286,0.32,0.371,0.407,50.0%,16.7%,33.3%,46.0%,81.2%,84.6%,29.4%,17.4%,130
Cal State Northridge,Andrew Becker,All,664,137,81.6,99.1,102.3,19.0%,9.6°,11.5°,43.1,1.5%,2,0.323,0.319,0.371,0.375,41.6%,23.4%,34.3%,51.5%,72.5%,88.0%,36.6%,20.5%,67
St. Thomas (TX),Gabe Garner,All,72,10,75.0,89.3,90.6,0.0%,12.4°,-,40.0,0.0%,0,0.364,0.29,0.371,0.376,40.0%,30.0%,30.0%,37.5%,69.0%,70.0%,16.3%,22.2%,124
Rice,Michael Zito,All,651,119,88.8,100.1,103.3,39.5%,10.0°,6.8°,31.9,2.5%,3,0.311,0.275,0.37,0.343,48.7%,27.7%,21.8%,42.1%,67.5%,85.9%,21.1%,21.5%,110
Trevecca Nazarene,Jacob Lester,All,71,14,85.8,99.6,102.0,14.3%,4.6°,9.5°,50.0,0.0%,0,0.333,0.295,0.37,0.358,35.7%,28.6%,35.7%,31.0%,54.2%,100.0%,19.1%,13.6%,115
Central Michigan,Cole Prout,All,616,119,87.7,104.1,107.9,37.8%,12.0°,18.4°,46.2,10.9%,13,0.267,0.322,0.37,0.432,34.5%,30.3%,31.1%,47.7%,72.8%,82.8%,27.9%,23.5%,109
Illinois Springfield,Drew Ezard,All,92,9,89.3,104.9,109.9,33.3%,30.1°,30.4°,33.3,22.2%,2,0.235,0.184,0.37,0.314,22.2%,44.4%,22.2%,45.7%,84.8%,64.3%,23.7%,35.7%,166
Rider,Richie Sica,All,110,13,87.3,95.9,99.3,30.8%,7.5°,-7.5°,38.5,0.0%,0,0.353,0.311,0.37,0.38,38.5%,23.1%,38.5%,37.3%,65.3%,81.2%,14.8%,29.3%,117
Bellarmine,McKay Whitaker,All,47,6,85.4,95.3,98.4,33.3%,-5.1°,7.3°,33.3,0.0%,0,0.2,0.15,0.37,0.274,50.0%,16.7%,16.7%,38.3%,64.7%,100.0%,23.3%,22.2%,100
Francis Marion,Owen Taylor,All,74,14,78.6,90.6,99.1,7.1%,11.5°,13.4°,35.7,0.0%,0,0.353,0.289,0.37,0.334,57.1%,7.1%,28.6%,43.2%,65.6%,90.5%,26.2%,9.4%,95
Texas A&M Kingsville,Landon Salinas,All,35,8,89.5,96.0,96.9,12.5%,1.8°,3.8°,25.0,0.0%,0,0.364,0.284,0.37,0.39,62.5%,0.0%,25.0%,60.0%,57.1%,83.3%,64.3%,33.3%,94
Cornell,Kevin Hager,All,490,86,88.7,100.6,103.1,30.2%,18.1°,12.7°,40.7,2.3%,2,0.29,0.287,0.37,0.398,29.1%,29.1%,33.7%,41.4%,68.0%,84.7%,17.8%,20.7%,112
Western Carolina,Mason Holton,All,847,144,87.6,102.6,106.9,34.0%,12.5°,12.0°,36.8,0.7%,1,0.292,0.275,0.37,0.367,38.9%,25.7%,29.9%,41.1%,66.2%,82.0%,23.2%,25.0%,109
Cal Poly,Dante Vachini,All,874,149,87.3,102.5,109.5,40.3%,3.3°,9.7°,32.2,2.7%,4,0.312,0.259,0.37,0.348,51.7%,18.8%,26.8%,37.0%,54.2%,88.5%,23.5%,20.4%,80
Limestone,Tyler Hughesman,All,321,54,80.7,91.5,99.2,3.7%,11.4°,14.6°,42.6,0.0%,0,0.344,0.284,0.37,0.355,44.4%,18.5%,31.5%,37.4%,58.5%,86.8%,23.0%,15.8%,96
Stonehill,Michael Rickert,All,43,7,94.2,98.5,100.1,57.1%,12.7°,16.1°,57.1,14.3%,1,0.2,0.284,0.37,0.434,28.6%,42.9%,28.6%,39.5%,75.0%,66.7%,18.5%,29.4%,187
Northern Colorado,Tony Castonguay,All,235,38,87.6,101.0,102.7,34.2%,18.9°,19.2°,44.7,2.6%,1,0.277,0.212,0.37,0.34,31.6%,31.6%,26.3%,45.5%,75.5%,79.7%,24.1%,31.8%,100
Duke,Jake Berger,All,1069,166,90.8,104.5,108.7,47.0%,16.9°,11.1°,37.3,7.2%,12,0.24,0.307,0.37,0.438,34.9%,22.9%,25.9%,37.5%,61.7%,89.7%,17.3%,16.2%,129
Stanford,Brett Blair,All,30,5,91.1,98.3,99.8,20.0%,32.0°,9.8°,20.0,0.0%,0,0.333,0.196,0.37,0.271,20.0%,20.0%,20.0%,40.0%,80.0%,50.0%,20.0%,41.7%,105
Rhode Island,Rob Butler,All,467,58,86.6,104.6,107.8,39.7%,13.7°,19.2°,27.6,8.6%,5,0.281,0.232,0.37,0.337,43.1%,25.9%,17.2%,47.3%,72.4%,77.6%,28.0%,30.8%,102
Bellarmine,Charlie Rife,All,227,34,87.0,100.2,101.1,41.2%,21.8°,17.7°,29.4,2.9%,1,0.227,0.223,0.37,0.355,26.5%,32.4%,26.5%,42.7%,69.2%,82.4%,19.2%,25.8%,110
LSU,Chris Stanfield,All,957,136,88.9,101.6,107.6,34.6%,12.1°,9.0°,28.7,0.0%,0,0.293,0.246,0.37,0.336,42.6%,17.6%,25.0%,34.4%,54.4%,83.7%,18.1%,21.3%,97
San Diego State,Finley Bates,All,743,130,86.5,99.6,102.5,26.2%,2.0°,7.7°,35.4,0.0%,0,0.3,0.297,0.37,0.375,49.2%,14.6%,31.5%,37.4%,63.5%,92.2%,15.2%,12.6%,121
Vanderbilt,Jacob Humphrey,All,631,94,88.1,102.8,107.4,46.8%,12.1°,22.2°,39.4,9.6%,9,0.288,0.25,0.37,0.411,34.0%,36.2%,28.7%,41.4%,67.7%,75.9%,19.2%,26.8%,118
Central Arkansas,Bryce Cermenelli,All,82,13,74.7,102.1,103.1,15.4%,-7.0°,9.2°,23.1,0.0%,0,0.353,0.32,0.37,0.371,53.8%,7.7%,30.8%,53.7%,74.3%,100.0%,38.3%,11.4%,59
USC,Augie Lopez,All,428,64,88.6,102.5,110.4,40.6%,20.4°,19.4°,45.3,4.7%,3,0.29,0.233,0.37,0.335,25.0%,28.1%,35.9%,47.9%,71.9%,76.8%,28.4%,35.6%,69
Georgia State,Wills Maginnis,All,805,149,88.5,104.5,108.1,41.6%,5.7°,7.7°,32.9,4.0%,6,0.289,0.296,0.37,0.388,50.3%,23.5%,24.8%,36.1%,54.7%,93.6%,20.3%,16.5%,80
Ave Maria,Michael Kelly,All,307,44,86.3,97.8,101.0,22.7%,3.2°,4.7°,25.0,0.0%,0,0.241,0.236,0.37,0.355,56.8%,13.6%,20.5%,43.0%,77.0%,82.5%,19.3%,25.8%,146
Point,Zavion Anderson,All,61,8,85.1,97.5,99.4,12.5%,-10.1°,12.4°,12.5,0.0%,0,0.182,0.163,0.37,0.341,62.5%,12.5%,12.5%,34.4%,73.9%,76.5%,10.5%,28.6%,183
New Mexico State,Bryce Campbell,All,540,97,85.6,105.0,109.9,34.0%,8.0°,10.8°,35.1,6.2%,6,0.277,0.286,0.37,0.392,47.4%,22.7%,26.8%,41.7%,66.4%,86.8%,23.5%,21.8%,87
Anderson (SC),Kyle Caccamise,All,368,96,80.6,95.7,99.7,8.3%,9.5°,11.9°,32.3,0.0%,0,0.32,0.272,0.37,0.335,45.8%,22.9%,27.1%,43.5%,70.7%,95.5%,23.2%,13.8%,130
Eckerd,Luis Garrido,All,51,5,83.2,94.8,96.8,20.0%,-17.2°,8.5°,40.0,0.0%,0,0.364,0.189,0.37,0.382,40.0%,0.0%,40.0%,33.3%,57.1%,91.7%,16.7%,29.4%,108
Marshall,Aj Havrilla,All,843,136,89.0,102.7,105.9,41.2%,18.6°,14.1°,47.8,2.9%,4,0.288,0.316,0.37,0.426,31.6%,26.5%,33.1%,32.9%,55.2%,91.8%,14.8%,13.7%,116
Youngstown State,Cole Smith,All,485,71,87.2,102.5,105.2,38.0%,16.6°,13.6°,36.6,2.8%,2,0.261,0.281,0.37,0.377,32.4%,31.0%,31.0%,40.2%,69.8%,90.9%,21.3%,21.5%,123
Fresno Pacific,Aaron Martinez,All,172,33,87.4,98.7,101.7,30.3%,-0.7°,9.7°,39.4,0.0%,0,0.368,0.315,0.37,0.368,48.5%,6.1%,39.4%,38.4%,68.7%,89.1%,19.0%,21.2%,138
Texas State,Rocco Garza-Gongora,All,37,5,81.4,94.7,97.1,20.0%,8.7°,13.2°,20.0,0.0%,0,0.286,0.176,0.369,0.3,40.0%,0.0%,20.0%,35.1%,64.7%,81.8%,10.0%,23.1%,80
Nebraska,Case Sanderson,All,877,151,89.1,104.7,109.0,37.1%,10.0°,13.5°,44.4,6.0%,9,0.306,0.351,0.369,0.442,40.4%,21.2%,33.1%,40.5%,65.7%,89.5%,20.2%,17.7%,94
Siena,Sean Camacho,All,38,5,82.8,93.8,95.3,20.0%,19.1°,0.5°,40.0,0.0%,0,0.333,0.273,0.369,0.349,40.0%,40.0%,20.0%,39.5%,85.7%,75.0%,12.5%,26.7%,120
Shenandoah,Scott Wilson,All,69,6,81.2,94.7,94.8,0.0%,3.7°,-,50.0,0.0%,0,0.167,0.105,0.369,0.293,50.0%,50.0%,0.0%,34.8%,53.6%,80.0%,22.0%,25.0%,113
King,Turner Stout,All,48,5,81.0,101.3,101.3,20.0%,-16.3°,8.6°,20.0,0.0%,0,0.25,0.167,0.369,0.403,60.0%,0.0%,20.0%,29.2%,42.1%,87.5%,20.7%,14.3%,71
King,Jose Ruiz,All,66,13,80.5,87.4,87.4,7.7%,10.5°,-10.6°,46.2,0.0%,0,0.286,0.277,0.369,0.375,46.2%,23.1%,30.8%,36.4%,81.0%,94.1%,15.6%,4.2%,147
Hofstra,CJ Griggs,All,378,59,85.4,102.7,105.5,33.9%,5.8°,6.0°,33.9,1.7%,1,0.284,0.255,0.369,0.351,49.2%,18.6%,32.2%,36.8%,57.1%,84.3%,22.5%,18.0%,82
Ohio,Trae Cassidy,All,209,38,81.4,102.3,103.9,26.3%,-1.5°,11.7°,34.2,2.6%,1,0.277,0.305,0.369,0.399,52.6%,13.2%,28.9%,38.3%,74.1%,90.0%,15.6%,12.5%,126
Tusculum,Landon Dockery,All,198,32,86.3,97.9,100.0,28.1%,17.0°,5.4°,37.5,0.0%,0,0.298,0.21,0.369,0.239,40.6%,21.9%,34.4%,52.0%,80.0%,73.4%,33.1%,31.1%,102
Hofstra,Trent Jenks,All,224,44,87.5,100.9,105.5,27.3%,-4.0°,11.7°,31.8,2.3%,1,0.293,0.258,0.369,0.317,56.8%,13.6%,20.5%,45.5%,64.8%,89.8%,32.3%,24.5%,66
Air Force,Chase Spencer,All,552,76,85.4,100.6,102.9,30.3%,18.8°,16.5°,42.1,6.6%,5,0.255,0.255,0.369,0.364,38.2%,34.2%,26.3%,37.9%,64.3%,86.6%,16.9%,21.1%,118
Campbell,Lukas Schramm,All,442,51,85.2,103.5,106.6,35.3%,18.8°,17.9°,35.3,5.9%,3,0.235,0.197,0.369,0.318,33.3%,35.3%,23.5%,38.9%,64.8%,84.5%,21.3%,28.5%,96
Concordia Texas,Kalen Clark,All,59,7,80.5,97.9,102.8,14.3%,26.6°,3.8°,14.3,0.0%,0,0.25,0.224,0.369,0.378,42.9%,28.6%,14.3%,20.3%,41.2%,85.7%,11.9%,16.7%,68
Longwood,Myles Webb,All,637,125,84.6,98.4,102.4,28.0%,13.6°,8.3°,35.2,0.8%,1,0.291,0.256,0.369,0.32,44.0%,30.4%,22.4%,47.4%,71.5%,86.4%,27.5%,20.5%,99
Bryant,Charlie Saul,All,531,74,87.6,102.1,106.7,41.9%,22.5°,20.9°,33.8,6.8%,5,0.289,0.212,0.369,0.304,27.0%,35.1%,28.4%,49.2%,71.4%,78.8%,32.9%,30.3%,78
Valparaiso,Case Sullivan,All,706,108,86.3,99.8,101.8,33.3%,14.6°,17.2°,40.7,3.7%,4,0.27,0.241,0.369,0.326,36.1%,28.7%,32.4%,44.3%,65.9%,79.7%,27.0%,32.9%,101
Texas A&M,Matt Bergevin,All,75,7,88.0,100.4,102.1,42.9%,-3.1°,1.8°,14.3,14.3%,1,0.2,0.223,0.369,0.445,71.4%,28.6%,0.0%,29.3%,56.7%,64.7%,11.1%,31.8%,138
Michigan State,Nicklas Williams,All,709,129,87.8,102.5,106.1,34.9%,12.0°,11.8°,35.7,3.9%,5,0.268,0.279,0.369,0.384,41.9%,27.9%,25.6%,35.0%,59.5%,93.8%,17.4%,11.3%,131
SUNY Cortland,Dylan Tierney,All,53,5,84.5,82.9,82.9,0.0%,18.1°,-,0.0,0.0%,0,0.25,0.074,0.369,0.339,40.0%,40.0%,0.0%,35.8%,64.7%,90.9%,22.2%,26.3%,138
Utah Valley,DJ Massey,All,315,70,82.0,95.8,98.6,10.0%,10.0°,7.8°,32.9,0.0%,0,0.353,0.248,0.369,0.309,44.3%,12.9%,25.7%,51.1%,72.8%,86.9%,32.1%,21.7%,89
Toledo,Kaleb Herbert,All,485,80,84.7,98.0,104.0,21.2%,12.6°,14.0°,32.5,1.2%,1,0.313,0.262,0.369,0.354,41.2%,30.0%,20.0%,41.0%,70.4%,92.4%,19.4%,14.6%,113
William Carey,Brady Logan,All,32,6,77.3,94.8,101.0,16.7%,17.8°,5.9°,16.7,0.0%,0,0.286,0.173,0.369,0.302,50.0%,50.0%,0.0%,40.6%,75.0%,83.3%,29.2%,30.8%,129
Oakland,Matt McGann,All,411,75,88.3,104.7,108.9,44.0%,10.5°,11.1°,37.3,2.7%,2,0.316,0.297,0.369,0.349,41.3%,22.7%,30.7%,45.3%,70.2%,87.2%,26.2%,22.0%,113
Southern Indiana,Patrick McLellan,All,330,62,91.0,101.1,106.7,38.7%,8.4°,8.0°,37.1,3.2%,2,0.329,0.347,0.369,0.426,45.2%,19.4%,29.0%,35.8%,61.9%,91.6%,17.9%,16.9%,136
Loyola-New Orleans,Drew Lee,All,27,5,77.6,94.1,94.9,20.0%,-19.4°,-8.5°,20.0,0.0%,0,0.286,0.31,0.369,0.396,80.0%,0.0%,20.0%,29.6%,60.0%,100.0%,11.8%,12.5%,126
Charlotte,Logan Poteet,All,732,109,89.4,106.0,109.8,41.3%,15.9°,12.9°,25.7,6.4%,7,0.281,0.238,0.368,0.346,40.4%,33.9%,20.2%,45.8%,72.1%,79.3%,26.7%,28.4%,122
Creighton,Connor Capece,All,597,109,86.7,101.8,104.1,36.7%,9.0°,7.9°,33.0,3.7%,4,0.319,0.264,0.368,0.336,46.8%,27.5%,22.0%,44.7%,69.3%,87.9%,21.9%,18.4%,100
California,Dominic Smaldino,All,907,152,92.6,108.4,111.0,50.0%,11.6°,10.8°,34.2,13.8%,21,0.268,0.311,0.368,0.431,43.4%,18.4%,26.3%,42.7%,67.9%,81.5%,24.2%,26.9%,100
Ball State,Dylan Grego,All,371,69,86.4,101.9,104.2,29.0%,19.1°,17.1°,40.6,2.9%,2,0.322,0.266,0.368,0.317,23.2%,34.8%,31.9%,50.9%,71.0%,90.0%,34.2%,16.9%,81
South Alabama,Duncan Mathews,All,262,40,86.9,100.9,102.5,30.0%,4.4°,12.8°,32.5,0.0%,0,0.3,0.293,0.368,0.382,47.5%,25.0%,25.0%,35.5%,57.9%,94.5%,14.7%,11.8%,108
Dartmouth,Ethan Brown,All,275,52,86.3,105.1,108.8,34.6%,11.1°,1.7°,28.8,0.0%,0,0.303,0.269,0.368,0.321,42.3%,25.0%,28.8%,43.3%,63.8%,90.1%,25.7%,17.6%,83
UNLV,Elijah Rodriguez,All,438,90,86.4,104.2,107.6,42.2%,1.2°,9.8°,24.4,3.3%,3,0.322,0.265,0.368,0.345,54.4%,21.1%,18.9%,42.9%,67.4%,91.4%,24.2%,18.6%,108
Central Michigan,Cayden Smith,All,592,100,88.6,103.1,107.0,40.0%,6.8°,10.9°,36.0,4.0%,4,0.275,0.272,0.368,0.357,45.0%,22.0%,27.0%,39.7%,57.4%,89.4%,25.5%,21.7%,105
Omaha,Mason Gaines,All,361,57,88.1,102.4,105.8,35.1%,18.3°,13.4°,28.1,3.5%,2,0.289,0.228,0.368,0.339,35.1%,38.6%,21.1%,45.2%,68.1%,79.3%,26.3%,28.2%,99
Stanford,Ethan Hott,All,460,91,87.5,100.8,105.2,33.0%,11.5°,14.3°,41.8,3.3%,3,0.324,0.305,0.368,0.377,38.5%,24.2%,33.0%,43.9%,66.8%,84.4%,26.0%,20.3%,82
Kennesaw State,Aaron Posey,All,632,67,90.4,105.9,109.5,50.7%,-2.0°,9.3°,28.4,13.4%,9,0.272,0.211,0.368,0.346,53.7%,17.9%,25.4%,35.6%,54.9%,69.1%,18.7%,36.9%,74
Bellarmine,Garrett Rusch,All,114,26,87.6,100.6,101.6,38.5%,17.8°,15.2°,42.3,3.8%,1,0.29,0.311,0.368,0.381,26.9%,34.6%,30.8%,47.4%,59.3%,78.1%,36.7%,24.1%,88
UTRGV,Isaac Lopez,All,247,49,88.5,100.3,104.0,36.7%,15.1°,16.3°,49.0,6.1%,3,0.328,0.343,0.368,0.421,30.6%,22.4%,40.8%,44.5%,74.1%,87.5%,21.6%,19.1%,127
Northeastern,Jack Doyle,All,300,47,86.7,101.3,104.6,34.0%,13.8°,17.3°,34.0,2.1%,1,0.259,0.264,0.368,0.379,40.4%,27.7%,27.7%,38.0%,65.5%,89.2%,21.4%,21.1%,118
Long Beach State,Nathan Cadena,All,492,71,88.1,101.8,109.9,39.4%,23.1°,18.1°,38.0,8.5%,6,0.265,0.258,0.368,0.381,23.9%,45.1%,23.9%,44.1%,72.1%,80.0%,24.7%,25.8%,82
Southern Miss,Davis Gillespie,All,629,98,90.0,106.4,112.8,40.8%,13.7°,14.6°,31.6,10.2%,10,0.252,0.266,0.368,0.394,40.8%,29.6%,24.5%,40.4%,62.6%,81.7%,23.7%,27.2%,93
Central Michigan,Aydin Wright,All,478,111,84.3,99.0,102.4,18.9%,5.4°,5.8°,33.3,0.9%,1,0.331,0.308,0.368,0.355,50.5%,17.1%,27.0%,42.5%,70.4%,94.3%,17.5%,7.4%,144
George Fox,Garrett Strube,All,246,46,83.6,98.9,101.3,19.6%,10.3°,16.6°,45.7,0.0%,0,0.327,0.292,0.368,0.393,37.0%,21.7%,34.8%,33.7%,56.7%,96.1%,20.5%,9.6%,105
Emory & Henry,Steven Smith,All,163,47,83.0,95.1,100.7,8.5%,12.2°,21.3°,40.4,2.1%,1,0.333,0.276,0.368,0.309,38.3%,34.0%,23.4%,51.5%,67.6%,82.6%,40.0%,17.9%,60
San Diego,Rex Watson,All,714,119,87.1,105.8,109.8,37.0%,6.0°,15.4°,35.3,5.9%,7,0.29,0.281,0.368,0.357,42.9%,25.2%,29.4%,48.5%,70.1%,86.3%,32.7%,25.4%,83
Georgia,Ryan Black Jr.,All,393,63,88.9,101.3,103.3,34.9%,13.1°,16.6°,41.3,4.8%,3,0.272,0.297,0.367,0.389,38.1%,22.2%,34.9%,36.9%,54.9%,90.6%,19.5%,19.3%,84
Memphis,Justin Fogel,All,446,96,83.0,101.1,104.4,25.0%,5.9°,9.7°,34.4,2.1%,2,0.312,0.287,0.367,0.351,47.9%,25.0%,26.0%,45.7%,67.1%,92.4%,25.7%,12.3%,94
Milwaukee,Tate Schmidt,All,243,41,77.3,98.3,103.6,12.2%,-8.9°,3.5°,24.4,0.0%,0,0.268,0.218,0.367,0.31,63.4%,12.2%,22.0%,39.1%,65.7%,76.9%,20.8%,37.9%,103
Virginia Tech,Jared Davis,All,812,158,90.0,104.9,111.0,43.0%,4.0°,9.2°,29.7,6.3%,10,0.277,0.301,0.367,0.388,53.8%,18.4%,24.7%,44.5%,60.9%,87.4%,30.0%,25.8%,85
Dallas Baptist,Ben Tyron,All,471,81,89.9,105.6,110.4,43.2%,10.7°,16.3°,37.0,6.2%,5,0.267,0.302,0.367,0.407,44.4%,22.2%,29.6%,40.6%,66.0%,86.4%,21.8%,20.4%,93
West Virginia,Grant Hussey,All,737,123,91.9,108.0,111.4,45.5%,11.7°,15.4°,39.0,12.2%,15,0.278,0.297,0.367,0.429,39.8%,24.4%,28.5%,48.6%,71.1%,80.4%,31.8%,30.7%,82
West Georgia,Brady McDevitt,All,125,23,81.6,100.6,101.9,21.7%,9.1°,11.3°,43.5,0.0%,0,0.259,0.287,0.367,0.349,39.1%,21.7%,39.1%,45.6%,70.5%,90.3%,32.1%,29.8%,68
Miami,Tanner Smith,All,760,102,90.0,103.7,107.0,40.2%,19.9°,14.6°,31.4,4.9%,5,0.265,0.231,0.367,0.344,30.4%,33.3%,27.5%,44.2%,70.2%,80.7%,24.8%,28.6%,91
Kent State,Ripken Reese,All,212,24,92.7,105.7,106.3,54.2%,12.2°,8.5°,33.3,8.3%,2,0.238,0.203,0.367,0.331,50.0%,25.0%,20.8%,42.0%,66.7%,70.7%,24.8%,42.7%,78
Long Island,Max Samson,All,202,29,81.7,96.1,102.6,24.1%,9.0°,10.8°,41.4,3.4%,1,0.295,0.24,0.367,0.365,55.2%,20.7%,20.7%,43.6%,70.4%,87.0%,18.3%,15.9%,133
Georgia Tech,Nathan Waugh,All,218,26,89.1,105.6,109.3,53.8%,5.1°,12.8°,34.6,3.8%,1,0.237,0.239,0.367,0.372,57.7%,7.7%,30.8%,34.9%,57.5%,84.0%,19.8%,30.3%,96
Charleston Southern,Chandler Tuupo,All,717,117,86.3,101.2,104.3,29.9%,9.7°,11.7°,43.6,1.7%,2,0.298,0.293,0.367,0.381,41.0%,14.5%,31.6%,42.0%,60.7%,88.7%,31.2%,23.9%,77
UMBC,Jesiah Carpenter,All,350,61,89.6,99.9,103.1,39.3%,10.4°,9.3°,31.1,0.0%,0,0.333,0.286,0.367,0.356,49.2%,18.0%,27.9%,42.0%,62.1%,76.8%,26.4%,25.9%,76
Washington State,Ryan Skjonsby,All,382,63,90.2,100.4,105.1,41.3%,13.1°,11.6°,42.9,7.9%,5,0.267,0.321,0.367,0.423,38.1%,27.0%,31.7%,39.3%,62.7%,91.9%,22.8%,20.7%,108
Liberty,Tanner Marsh,All,971,173,85.6,101.8,104.5,28.9%,9.1°,11.1°,32.9,3.5%,6,0.303,0.283,0.367,0.383,48.0%,25.4%,23.1%,44.8%,69.0%,81.0%,23.2%,23.4%,106
Quinnipiac,Cole Constable,All,150,27,82.7,100.2,103.0,14.8%,0.4°,4.5°,14.8,0.0%,0,0.324,0.206,0.367,0.277,51.9%,29.6%,18.5%,38.7%,67.3%,94.6%,22.1%,15.5%,114
South Dakota State,Bryce Ronken,All,202,29,85.9,103.2,104.1,41.4%,12.6°,14.6°,37.9,6.9%,2,0.256,0.248,0.367,0.374,34.5%,48.3%,17.2%,36.6%,65.3%,82.3%,11.2%,21.6%,117
Milwaukee,Caden Headlee,All,384,59,83.5,104.0,106.0,25.4%,10.2°,11.1°,33.9,3.4%,2,0.282,0.269,0.367,0.39,45.8%,20.3%,28.8%,37.0%,61.4%,84.8%,17.4%,23.9%,123
Wright State,Braylen Blomquist,All,399,74,82.6,100.5,104.8,27.0%,6.1°,-0.1°,27.0,1.4%,1,0.271,0.247,0.367,0.291,50.0%,20.3%,25.7%,45.4%,64.0%,86.4%,32.8%,23.2%,63
Georgetown,Kavi Caster,All,268,44,88.4,107.0,111.7,47.7%,17.6°,10.8°,34.1,9.1%,4,0.3,0.266,0.366,0.364,43.2%,34.1%,18.2%,54.5%,77.7%,75.9%,37.8%,32.9%,61
Villanova,Austin Lemon,All,652,120,82.2,96.2,99.5,13.3%,2.5°,9.3°,38.3,0.0%,0,0.338,0.303,0.366,0.368,55.0%,15.0%,29.2%,42.2%,65.5%,90.2%,22.8%,12.7%,112
Illinois,Grant Ross,All,418,58,85.8,101.6,103.6,31.0%,11.2°,4.0°,31.0,0.0%,0,0.27,0.266,0.366,0.372,46.6%,24.1%,25.9%,31.8%,52.3%,90.2%,13.9%,18.0%,115
Illinois,Will Johannes,All,220,23,90.9,110.5,113.0,52.2%,14.5°,11.9°,30.4,17.4%,4,0.256,0.243,0.366,0.362,39.1%,39.1%,17.4%,39.5%,59.4%,71.9%,24.2%,41.4%,86
Southern Miss,Ozzie Pratt,All,801,174,86.7,100.6,105.1,33.9%,11.5°,11.1°,38.5,1.7%,3,0.301,0.292,0.366,0.372,42.0%,28.2%,27.0%,47.8%,76.0%,94.9%,24.4%,13.1%,134
Northern Colorado,Brandon Sanchez,All,265,37,86.4,99.6,102.1,21.6%,-4.1°,3.5°,27.0,0.0%,0,0.296,0.291,0.366,0.374,62.2%,5.4%,24.3%,40.4%,63.5%,85.0%,19.4%,21.5%,120
Missouri,Kaden Peer,All,658,108,88.6,106.9,111.6,40.7%,4.9°,12.6°,35.2,7.4%,8,0.309,0.275,0.366,0.363,49.1%,19.4%,26.9%,49.1%,70.4%,81.7%,29.1%,29.7%,76
Bryant,Matthew D'Amato,All,612,95,80.8,98.9,104.9,21.1%,13.1°,12.4°,32.6,2.1%,2,0.289,0.222,0.366,0.307,37.9%,38.9%,20.0%,47.2%,74.7%,82.2%,30.3%,25.3%,99
North Georgia,Edwin Bowman lV,All,246,45,82.8,99.2,105.0,24.4%,10.8°,9.2°,40.0,2.2%,1,0.327,0.282,0.366,0.334,35.6%,31.1%,33.3%,43.5%,62.2%,84.3%,34.1%,20.6%,74
Virginia,Henry Godbout,All,756,158,90.4,103.3,108.3,41.8%,11.1°,8.7°,37.3,1.3%,2,0.291,0.335,0.366,0.415,39.9%,24.1%,31.6%,41.4%,64.6%,90.3%,22.9%,12.8%,82
Mercer,Titan Kamaka,All,788,135,88.5,104.9,108.1,40.7%,8.4°,8.6°,26.7,3.7%,5,0.286,0.259,0.366,0.333,51.1%,22.2%,19.3%,44.9%,67.2%,84.5%,27.5%,20.3%,75
St. John's,Luke Orbon,All,658,94,82.1,100.6,108.5,25.5%,9.6°,14.3°,36.2,1.1%,1,0.3,0.218,0.366,0.311,43.6%,21.3%,29.8%,40.0%,59.9%,80.4%,23.4%,22.4%,86
Western Kentucky,Camden Ross,All,707,106,88.8,104.8,108.1,38.7%,5.5°,5.0°,33.0,7.5%,8,0.299,0.281,0.366,0.391,50.9%,17.0%,25.5%,40.3%,67.5%,85.6%,19.3%,20.7%,120
Coastal Carolina,Ty Dooley,All,890,114,86.3,102.1,104.9,36.8%,6.1°,15.1°,40.4,7.0%,8,0.291,0.242,0.366,0.367,40.4%,27.2%,26.3%,36.4%,53.1%,87.2%,21.1%,21.6%,82
Purdue,Keenan Spence,All,548,79,90.3,108.2,113.6,43.0%,17.9°,11.4°,36.7,5.1%,4,0.298,0.253,0.366,0.328,35.4%,27.8%,29.1%,48.2%,74.7%,64.4%,27.4%,43.9%,81
Gonzaga,Max Coupe,All,415,78,87.5,103.7,107.5,35.9%,3.1°,7.4°,30.8,9.0%,7,0.272,0.261,0.366,0.373,51.3%,19.2%,24.4%,48.4%,74.3%,87.5%,28.0%,24.9%,89
Penn,Ryan Taylor,All,647,86,88.5,102.3,105.5,36.0%,6.6°,6.9°,25.6,3.5%,3,0.267,0.211,0.366,0.316,52.3%,29.1%,16.3%,43.0%,66.4%,78.6%,24.0%,27.7%,109
Kansas State,Bear Madliak,All,740,108,89.4,103.6,112.0,39.8%,6.5°,16.9°,36.1,7.4%,8,0.253,0.257,0.366,0.368,44.4%,22.2%,28.7%,40.1%,63.7%,81.2%,24.8%,29.0%,99
CLA_CLA,Dillon Martin,All,138,23,82.2,94.1,98.9,8.7%,8.6°,1.9°,39.1,0.0%,0,0.25,0.225,0.366,0.378,30.4%,17.4%,39.1%,37.7%,65.3%,100.0%,22.5%,9.6%,108
Illinois-Chicago,Vidol Colon,All,350,54,86.9,102.3,109.1,33.3%,11.1°,8.7°,37.0,3.7%,2,0.309,0.26,0.366,0.312,44.4%,18.5%,31.5%,44.3%,62.6%,86.3%,28.3%,18.7%,75
Cal Poly,Jake Downing,All,291,43,87.8,103.0,105.5,39.5%,5.3°,12.1°,32.6,7.0%,3,0.309,0.226,0.366,0.312,48.8%,25.6%,25.6%,40.5%,63.4%,79.5%,23.8%,33.1%,75
Tarleton State,Ike Shirey,All,318,55,87.3,98.3,101.0,29.1%,9.4°,8.9°,38.2,0.0%,0,0.319,0.267,0.366,0.331,47.3%,20.0%,27.3%,43.4%,61.2%,93.3%,28.1%,17.4%,80
Houston,Kenneth Jimenez,All,613,79,83.3,99.9,103.2,26.6%,1.9°,2.8°,29.1,0.0%,0,0.238,0.276,0.365,0.402,55.7%,11.4%,27.8%,28.9%,45.5%,92.3%,14.4%,13.6%,117
William & Mary,Jamie Laskofski,All,685,154,86.8,100.3,104.2,27.9%,10.2°,10.7°,38.3,2.6%,4,0.329,0.32,0.365,0.384,42.9%,22.7%,31.2%,47.2%,72.9%,91.2%,25.9%,15.8%,103
Albany,Anthony Scarabino,All,111,20,78.7,96.8,97.0,20.0%,-2.0°,3.1°,20.0,0.0%,0,0.292,0.183,0.365,0.251,60.0%,15.0%,15.0%,39.6%,66.7%,90.0%,21.2%,18.2%,137
USC Aiken,Jack Hobson,All,105,18,90.0,106.5,107.0,50.0%,0.4°,13.4°,33.3,5.6%,1,0.333,0.263,0.365,0.306,55.6%,16.7%,27.8%,52.4%,84.1%,73.0%,29.5%,38.2%,140
Vanderbilt,Jonathan Vastine,All,790,117,90.2,103.7,106.9,46.2%,14.4°,21.0°,41.9,10.3%,12,0.275,0.256,0.365,0.377,34.2%,34.2%,29.9%,45.6%,66.0%,73.0%,28.5%,36.9%,86
Austin Peay,Trevor Conley,All,320,68,85.8,100.2,103.0,27.9%,11.5°,11.0°,32.4,1.5%,1,0.312,0.249,0.365,0.311,41.2%,29.4%,26.5%,49.7%,76.6%,88.9%,28.5%,17.6%,84
Morehead State,Chance Edmonds,All,112,17,79.3,97.4,97.6,35.3%,6.8°,11.2°,29.4,0.0%,0,0.269,0.2,0.365,0.288,41.2%,23.5%,35.3%,39.3%,60.9%,82.1%,24.2%,34.1%,95
Florida State,Nathan Cmeyla,All,213,36,91.4,105.7,108.4,44.4%,12.8°,5.7°,33.3,2.8%,1,0.298,0.287,0.365,0.357,44.4%,16.7%,22.2%,49.3%,74.1%,76.2%,32.8%,35.2%,78
Loyola Marymount,Cameron Hassert,All,812,128,86.3,102.1,105.2,37.5%,3.8°,14.5°,28.1,2.3%,3,0.312,0.26,0.365,0.337,51.6%,23.4%,22.7%,37.3%,61.6%,83.1%,16.5%,22.1%,116
Creighton,Kyle Hess,All,695,85,87.9,101.7,105.9,43.5%,9.8°,16.1°,35.3,3.5%,3,0.257,0.269,0.365,0.398,41.2%,25.9%,27.1%,30.4%,54.4%,88.6%,11.3%,14.7%,126
Emmanuel (GA),Dobbs Bowden,All,157,37,81.3,94.5,101.9,10.8%,10.6°,1.4°,27.0,0.0%,0,0.318,0.271,0.365,0.32,48.6%,16.2%,24.3%,49.0%,81.8%,88.9%,31.4%,13.0%,133
Baylor,Hunter Simmons,All,893,139,89.2,104.1,107.7,48.2%,11.8°,14.1°,37.4,4.3%,6,0.316,0.282,0.365,0.359,41.7%,25.9%,28.8%,44.6%,68.4%,86.1%,25.3%,27.6%,96
St. Thomas (FL),Eddie Novoa,All,209,41,77.6,96.1,97.4,7.3%,-7.8°,13.7°,31.7,0.0%,0,0.34,0.239,0.365,0.284,65.9%,4.9%,26.8%,42.1%,55.4%,85.7%,29.6%,18.2%,83
Saint Mary's (CA),Ryan Pierce,All,849,166,88.9,105.5,112.0,41.6%,12.4°,17.3°,31.3,6.0%,10,0.293,0.289,0.365,0.37,41.6%,30.1%,22.9%,55.1%,77.8%,81.1%,42.4%,25.2%,27
Xavier,Carter Hendrickson,All,900,163,86.0,105.1,112.1,33.7%,9.4°,8.0°,22.7,4.3%,7,0.266,0.265,0.365,0.377,48.5%,27.0%,14.7%,41.2%,70.9%,87.1%,18.3%,17.8%,113
Liberty,Jaxon Sorenson,All,953,133,90.5,106.0,109.7,48.9%,14.8°,18.6°,36.8,15.0%,20,0.241,0.263,0.365,0.403,36.1%,37.6%,22.6%,41.1%,66.1%,77.2%,21.0%,35.5%,103
College of Charleston,Ethan Plyler,All,799,160,85.3,101.4,107.7,30.0%,11.0°,14.0°,36.2,3.1%,5,0.286,0.268,0.365,0.351,39.4%,25.6%,25.0%,46.2%,71.6%,88.5%,24.7%,18.7%,106
Western Illinois,Krayton Morse,All,198,44,82.2,97.4,99.5,22.7%,8.1°,12.9°,43.2,0.0%,0,0.327,0.344,0.365,0.38,40.9%,15.9%,36.4%,46.0%,62.6%,89.5%,31.8%,15.4%,82
Cal State Fullerton,Eli Lopez,All,762,123,86.9,102.1,105.0,35.0%,3.1°,10.0°,35.0,2.4%,3,0.292,0.277,0.365,0.368,48.8%,21.1%,26.8%,39.8%,65.1%,87.7%,18.2%,16.5%,114
Lebanon Valley,Owen Berry,All,191,26,79.2,93.3,95.3,3.8%,11.2°,6.2°,26.9,0.0%,0,0.233,0.275,0.365,0.403,42.3%,26.9%,19.2%,25.7%,46.9%,100.0%,15.0%,12.2%,132
Bradley,Beau Durbin,All,511,87,88.5,105.0,107.4,42.5%,-1.9°,11.0°,27.6,5.7%,5,0.27,0.276,0.365,0.372,60.9%,13.8%,20.7%,43.8%,68.7%,81.4%,21.3%,23.7%,88
Westmont,Colin Callahan,All,179,45,82.9,98.6,102.0,17.8%,4.6°,11.4°,33.3,0.0%,0,0.314,0.254,0.365,0.292,57.8%,13.3%,26.7%,52.0%,75.3%,100.0%,35.8%,14.0%,85
Connecticut,Connor Lane,All,461,82,88.5,103.4,110.7,37.8%,14.5°,19.1°,39.0,9.8%,8,0.282,0.255,0.365,0.347,35.4%,29.3%,29.3%,49.2%,64.0%,78.2%,35.6%,28.2%,61
Washington State,Jonah Shull,All,109,19,90.1,101.0,102.4,42.1%,17.9°,9.8°,42.1,10.5%,2,0.333,0.262,0.365,0.321,36.8%,26.3%,26.3%,43.1%,63.5%,81.8%,24.6%,23.4%,101
Texas A&M,Blake Binderup,All,423,64,91.2,105.5,109.4,53.1%,19.6°,19.6°,37.5,14.1%,9,0.239,0.283,0.364,0.422,28.1%,37.5%,26.6%,41.1%,64.6%,77.4%,21.6%,33.3%,80
Seton Hall,Jimmy Brennan,All,524,99,86.3,103.1,106.6,32.3%,17.0°,16.5°,33.3,11.1%,11,0.25,0.274,0.364,0.404,39.4%,37.4%,20.2%,42.2%,70.6%,86.5%,21.5%,19.5%,137
New Mexico State,Joey Craig,All,633,70,90.5,109.1,112.9,42.9%,15.1°,17.5°,28.6,12.9%,9,0.236,0.21,0.364,0.337,38.6%,31.4%,22.9%,39.2%,60.5%,75.3%,24.2%,39.5%,88
Lafayette,Alex Barrist,All,626,115,79.5,93.1,96.1,3.5%,3.2°,18.4°,29.6,0.0%,0,0.322,0.239,0.364,0.286,54.8%,16.5%,26.1%,43.1%,68.8%,91.6%,24.9%,17.8%,105
Towson,Nicholas Francuzenko,All,450,76,77.7,98.6,103.8,19.7%,9.9°,11.7°,27.6,1.3%,1,0.286,0.253,0.364,0.349,46.1%,19.7%,25.0%,37.3%,61.1%,90.9%,18.7%,14.3%,117
UAB,Landon Beaver,All,247,34,86.4,103.0,107.9,35.3%,26.1°,22.8°,29.4,8.8%,3,0.216,0.181,0.364,0.327,29.4%,44.1%,11.8%,36.8%,61.0%,86.9%,20.4%,28.6%,131
Binghamton,Logan Haskell,All,534,83,86.1,99.0,102.2,32.5%,17.1°,7.6°,32.5,0.0%,0,0.232,0.242,0.364,0.343,37.3%,21.7%,26.5%,31.1%,50.8%,95.1%,14.7%,12.0%,120
Kentucky,Patrick Herrera,All,785,124,85.2,101.4,106.5,27.4%,10.9°,14.6°,39.5,3.2%,4,0.295,0.292,0.364,0.386,41.1%,25.8%,29.0%,43.3%,67.6%,88.0%,21.7%,20.0%,117
East Tennessee State,Henry Ferguson,All,234,41,88.1,102.2,105.4,36.6%,8.7°,10.6°,43.9,2.4%,1,0.321,0.262,0.364,0.329,43.9%,17.1%,34.1%,44.0%,67.9%,79.2%,24.2%,21.4%,114
Jackson State,Wilbert Perez,All,51,14,94.8,112.5,113.5,50.0%,8.3°,13.1°,35.7,28.6%,4,0.263,0.314,0.364,0.48,35.7%,28.6%,21.4%,62.7%,85.2%,87.0%,37.5%,18.8%,66
San Diego,Jayden Lobliner,All,674,123,89.8,105.4,109.7,41.5%,11.3°,10.3°,31.7,4.9%,6,0.298,0.282,0.364,0.35,40.7%,28.5%,28.5%,47.5%,66.3%,83.9%,33.2%,25.6%,57
Lehigh,Raff Rogers,All,516,76,84.9,100.8,103.8,31.6%,6.1°,12.3°,30.3,2.6%,2,0.235,0.269,0.364,0.389,52.6%,21.1%,22.4%,34.3%,55.6%,76.1%,21.2%,24.9%,122
Houston,Tre Broussard,All,701,160,88.8,104.2,109.0,43.1%,4.2°,3.7°,31.2,2.5%,4,0.29,0.313,0.364,0.376,50.0%,20.0%,23.8%,46.6%,74.3%,88.9%,25.4%,14.4%,91
Reinhardt,Adrian Vargas,All,78,18,83.6,96.4,99.2,22.2%,16.9°,11.0°,38.9,0.0%,0,0.368,0.245,0.364,0.272,22.2%,27.8%,22.2%,53.8%,84.6%,81.8%,38.5%,14.3%,82
Milwaukee,Tyler Bickers,All,479,70,86.1,99.3,100.6,21.4%,14.1°,18.7°,51.4,2.9%,2,0.283,0.27,0.364,0.379,30.0%,20.0%,44.3%,39.0%,65.2%,90.1%,20.1%,14.4%,131
Mount St. Mary's,Nolan Book,All,372,75,87.1,100.7,102.5,30.7%,7.4°,8.4°,34.7,1.3%,1,0.286,0.293,0.364,0.353,44.0%,20.0%,30.7%,41.1%,70.3%,89.2%,19.6%,16.3%,117
Virginia,Jack Nunnallee,All,609,121,84.0,99.9,105.5,30.6%,6.3°,4.5°,30.6,1.7%,2,0.311,0.309,0.364,0.375,49.6%,26.4%,21.5%,37.9%,61.7%,95.4%,21.6%,8.2%,101
Michigan,Noah Miller,All,302,69,88.7,101.4,109.2,36.2%,11.4°,14.6°,29.0,1.4%,1,0.282,0.285,0.363,0.388,42.0%,30.4%,20.3%,47.7%,76.6%,91.4%,23.6%,11.1%,112
Louisiana,Clayton Pourciau,All,65,10,82.6,98.6,98.8,40.0%,-1.5°,8.1°,40.0,0.0%,0,0.312,0.276,0.363,0.311,60.0%,10.0%,30.0%,40.0%,56.2%,88.9%,24.2%,15.4%,41
Ohio,Caleb Karll,All,60,14,81.4,96.5,100.7,21.4%,17.7°,15.0°,57.1,0.0%,0,0.312,0.31,0.363,0.347,50.0%,7.1%,35.7%,56.7%,79.4%,88.9%,26.9%,8.8%,102
Evansville,Kevin McCormick,All,164,30,82.1,96.9,99.2,16.7%,-9.2°,-3.7°,30.0,0.0%,0,0.27,0.298,0.363,0.355,63.3%,13.3%,23.3%,43.9%,65.1%,85.7%,20.5%,22.2%,104
Harvard,Tyler Shulman,All,339,72,83.5,95.2,99.8,9.7%,12.2°,17.0°,34.7,0.0%,0,0.317,0.281,0.363,0.349,40.3%,25.0%,26.4%,36.3%,60.3%,95.1%,20.2%,13.0%,110
West Virginia,Gavin Kelly,All,728,126,88.8,103.8,106.5,42.1%,10.1°,13.8°,42.1,4.0%,5,0.309,0.331,0.363,0.42,39.7%,22.2%,34.1%,44.1%,68.1%,91.4%,24.9%,15.3%,92
Monmouth,Chris Walsh,All,467,76,88.3,101.7,107.5,38.2%,15.5°,9.2°,27.6,0.0%,0,0.276,0.236,0.363,0.324,40.8%,32.9%,23.7%,40.3%,64.5%,87.7%,19.8%,19.1%,113
Old Dominion,TJ Aiken,All,324,46,85.6,100.6,102.5,34.8%,5.8°,22.4°,39.1,6.5%,3,0.254,0.253,0.363,0.371,54.3%,21.7%,21.7%,40.4%,66.0%,73.7%,20.0%,34.4%,96
Rutgers,Peyton Bonds,All,777,162,89.9,105.6,119.3,40.7%,8.1°,5.1°,30.2,3.1%,5,0.302,0.28,0.363,0.347,48.8%,23.5%,25.3%,48.4%,68.4%,86.3%,34.4%,18.6%,62
Chaminade,Alex Greb,All,83,16,84.6,100.2,103.3,25.0%,9.4°,4.6°,25.0,0.0%,0,0.391,0.266,0.363,0.266,37.5%,6.2%,31.2%,49.4%,76.7%,95.7%,34.0%,24.4%,111
BYU,Brock Watkins,All,737,112,89.3,104.1,109.3,44.6%,10.3°,17.1°,37.5,11.6%,13,0.278,0.243,0.363,0.354,40.2%,27.7%,28.6%,51.7%,80.4%,69.5%,31.3%,37.0%,96
Florida Atlantic,Carter Brady,All,91,15,92.1,103.0,103.4,40.0%,1.9°,9.0°,20.0,6.7%,1,0.318,0.282,0.363,0.375,66.7%,13.3%,13.3%,58.2%,74.3%,76.9%,48.2%,35.8%,36
Maryland,Aden Hill,All,847,132,87.9,103.4,110.7,34.1%,7.8°,10.7°,32.6,6.1%,8,0.246,0.24,0.363,0.348,50.0%,27.3%,18.9%,39.0%,63.7%,84.0%,21.3%,27.9%,107
Northern Illinois,Kayden Jennings,All,101,8,94.5,104.1,105.6,50.0%,9.3°,4.9°,50.0,12.5%,1,0.278,0.202,0.363,0.329,37.5%,0.0%,50.0%,44.6%,70.0%,82.9%,19.6%,26.7%,116
Creighton,Dakota Duffalo,All,508,75,86.5,102.5,107.3,38.7%,17.5°,13.6°,44.0,6.7%,5,0.299,0.302,0.363,0.39,29.3%,34.7%,34.7%,37.6%,59.7%,92.1%,18.9%,16.8%,101
Old Dominion,Tyler Zedalis,All,245,39,87.0,105.9,111.8,28.2%,24.7°,23.8°,35.9,12.8%,5,0.263,0.252,0.363,0.367,20.5%,48.7%,20.5%,51.0%,77.6%,80.3%,33.3%,34.4%,75
Tennessee,Cannon Peebles,All,728,126,88.4,104.4,107.3,37.3%,15.1°,12.8°,31.0,3.2%,4,0.256,0.244,0.363,0.332,40.5%,27.0%,23.8%,45.6%,69.8%,82.5%,27.6%,26.8%,89
Liberty,Riley Decandido,All,227,36,87.7,103.0,105.7,22.2%,18.5°,11.2°,41.7,2.8%,1,0.279,0.316,0.363,0.402,30.6%,36.1%,33.3%,37.4%,64.2%,91.8%,18.2%,16.5%,125
Florida International,Austin Dearing,All,643,108,88.4,104.9,109.9,38.9%,8.0°,10.5°,29.6,2.8%,3,0.254,0.28,0.363,0.379,50.0%,19.4%,25.9%,46.0%,73.1%,84.1%,24.7%,28.4%,94
Rhode Island,Brody McKenzie,All,481,61,80.6,95.9,101.2,19.7%,12.8°,10.3°,36.1,1.6%,1,0.314,0.24,0.363,0.315,39.3%,31.1%,26.2%,37.8%,59.1%,93.0%,23.6%,17.0%,94
Monmouth,Jay Bant,All,445,110,90.1,104.3,107.7,37.3%,10.2°,10.5°,40.0,5.5%,6,0.307,0.308,0.363,0.378,38.2%,22.7%,30.0%,51.9%,77.0%,88.6%,28.1%,20.8%,114
Seattle,Sam Kane,All,533,97,90.1,105.4,108.3,47.4%,17.0°,17.3°,37.1,12.4%,12,0.256,0.282,0.363,0.4,30.9%,36.1%,24.7%,46.2%,71.1%,84.8%,30.7%,24.4%,74
Tulane,James Agabedis III,All,364,67,85.8,100.5,103.5,23.9%,7.0°,11.8°,37.3,3.0%,2,0.287,0.245,0.363,0.354,49.3%,20.9%,23.9%,47.8%,73.1%,82.9%,27.9%,21.3%,106
Marist,Kyle Pollack,All,154,22,86.1,101.0,106.8,18.2%,6.0°,12.2°,22.7,4.5%,1,0.286,0.201,0.363,0.261,50.0%,9.1%,22.7%,46.8%,73.8%,75.0%,27.0%,40.3%,93
Long Island,Ryan Rivera,All,330,96,87.3,99.6,104.3,32.3%,7.6°,7.7°,30.2,0.0%,0,0.337,0.332,0.363,0.375,51.0%,18.8%,25.0%,50.9%,79.7%,95.8%,27.5%,10.7%,120
Middlebury,Pablo Spielman-Rodriguez,All,66,10,84.3,94.2,94.4,10.0%,-1.4°,-0.4°,10.0,0.0%,0,0.357,0.221,0.363,0.263,80.0%,10.0%,10.0%,43.9%,73.1%,89.5%,25.0%,17.2%,76
Monmouth,Kenny Noe,All,124,15,86.2,99.0,102.0,26.7%,12.7°,20.4°,20.0,0.0%,0,0.292,0.211,0.363,0.318,46.7%,26.7%,20.0%,30.6%,50.9%,79.3%,13.4%,31.6%,101
UC Riverside,Robert Pitts,All,275,66,85.3,100.2,104.5,28.8%,12.2°,14.5°,37.9,6.1%,4,0.303,0.284,0.362,0.353,36.4%,28.8%,28.8%,51.6%,80.6%,90.4%,26.0%,16.2%,119
Iowa,Ben Swails,All,503,68,86.1,103.0,106.1,35.3%,13.7°,13.7°,44.1,5.9%,4,0.288,0.26,0.362,0.361,33.8%,19.1%,41.2%,42.7%,67.0%,81.7%,25.1%,27.4%,81
Oregon,Coen Niclai,All,136,18,90.0,106.0,107.7,33.3%,8.6°,12.6°,44.4,11.1%,2,0.267,0.245,0.362,0.318,44.4%,11.1%,38.9%,39.0%,60.3%,77.1%,23.1%,37.7%,111
Vanderbilt,Rustan Rigdon,All,851,100,87.3,102.7,105.8,39.0%,5.2°,6.3°,26.0,2.0%,2,0.254,0.224,0.362,0.366,54.0%,21.0%,21.0%,34.2%,58.4%,78.1%,15.7%,27.1%,118
Purdue,Eli Anderson,All,282,61,84.4,94.0,97.9,14.8%,8.9°,3.0°,47.5,0.0%,0,0.388,0.319,0.362,0.344,44.3%,16.4%,37.7%,55.7%,74.8%,89.1%,38.1%,15.9%,57
Cornell,Caden Wildman,All,456,76,86.4,101.1,103.5,36.8%,7.8°,7.9°,43.4,2.6%,2,0.303,0.3,0.362,0.375,48.7%,9.2%,38.2%,42.3%,69.1%,82.7%,18.0%,24.4%,113
Marshall,Jackson Halter,All,757,142,91.0,103.8,109.4,48.6%,5.4°,5.9°,27.5,4.2%,6,0.285,0.31,0.362,0.391,53.5%,20.4%,24.6%,41.9%,69.4%,88.1%,20.9%,17.0%,115
Georgia College,Keegan Baxter,All,131,22,87.4,103.5,107.2,36.4%,17.4°,9.8°,36.4,4.5%,1,0.294,0.261,0.362,0.332,31.8%,22.7%,36.4%,42.7%,64.7%,84.8%,28.7%,41.1%,92
Penn,Ernie Echevarria,All,350,61,81.3,98.6,103.8,16.4%,7.8°,14.5°,21.3,0.0%,0,0.257,0.242,0.362,0.347,49.2%,24.6%,18.0%,35.4%,53.4%,87.2%,22.5%,12.9%,92
Southern Indiana,Anthony Umbach,All,232,47,80.5,93.1,98.1,10.6%,-3.1°,0.0°,27.7,0.0%,0,0.345,0.271,0.362,0.31,66.0%,14.9%,19.1%,37.1%,62.5%,94.3%,13.3%,5.8%,124
Fresno State,Cayden Munster,All,655,93,90.0,104.8,108.9,41.9%,19.1°,21.8°,35.5,6.5%,6,0.239,0.249,0.362,0.386,31.2%,37.6%,24.7%,44.3%,69.0%,78.4%,25.7%,27.2%,113
Longwood,Carter Newman,All,556,74,84.4,100.9,103.5,31.1%,11.0°,14.0°,32.4,2.7%,2,0.297,0.22,0.362,0.301,39.2%,23.0%,28.4%,40.8%,63.0%,75.7%,18.2%,30.8%,117
Kansas State,Cayden Phillips,All,148,20,89.4,103.5,105.5,35.0%,14.1°,8.9°,40.0,10.0%,2,0.25,0.264,0.362,0.347,40.0%,45.0%,15.0%,46.6%,69.4%,79.4%,35.4%,39.1%,56
UAB,Camden Hayslip,All,623,104,92.5,108.6,110.8,52.9%,10.1°,16.7°,37.5,17.3%,18,0.242,0.266,0.362,0.407,35.6%,23.1%,24.0%,52.2%,73.9%,75.4%,36.2%,32.6%,60
Holy Cross,CJ Egrie,All,532,88,84.1,101.6,106.4,27.3%,12.5°,13.1°,39.8,1.1%,1,0.264,0.266,0.362,0.379,37.5%,26.1%,31.8%,36.7%,62.6%,88.7%,21.3%,18.5%,115
Western Kentucky,Thomas Marsala,All,457,88,92.6,108.3,114.3,47.7%,5.3°,6.4°,30.7,8.0%,7,0.292,0.289,0.362,0.395,44.3%,26.1%,23.9%,49.7%,68.8%,89.3%,32.2%,20.7%,81
Utah,Santino Panaro,All,429,94,85.5,99.8,103.0,21.3%,5.8°,8.0°,34.0,1.1%,1,0.315,0.267,0.362,0.343,51.1%,20.2%,24.5%,45.0%,69.4%,91.9%,24.5%,15.5%,107
Youngstown State,Eli Brown,All,346,48,87.9,106.5,107.3,33.3%,15.2°,21.4°,33.3,14.6%,7,0.239,0.189,0.362,0.296,35.4%,25.0%,25.0%,37.6%,61.7%,77.9%,18.2%,35.4%,98
Penn,Davis Baker,All,697,127,88.0,103.4,110.1,37.8%,8.8°,9.8°,35.4,1.6%,2,0.273,0.273,0.362,0.35,42.5%,30.7%,25.2%,45.8%,71.3%,80.6%,27.7%,25.7%,106
UAB,Nick Hollifield,All,761,138,87.2,103.1,107.4,36.2%,10.0°,9.4°,37.7,2.2%,3,0.257,0.302,0.362,0.405,39.1%,23.2%,29.0%,37.7%,59.1%,93.4%,18.8%,11.1%,125
Northwestern State,Sebastian Huerta,All,50,6,93.4,102.0,102.4,66.7%,7.4°,23.2°,66.7,33.3%,2,0.25,0.223,0.362,0.382,33.3%,33.3%,33.3%,48.0%,68.2%,80.0%,32.1%,33.3%,77
Louisiana Tech,Michael Ballard,All,787,139,87.1,101.2,105.4,30.9%,17.2°,12.9°,33.8,5.0%,7,0.267,0.256,0.362,0.354,36.7%,32.4%,24.5%,37.1%,56.9%,89.3%,21.5%,12.7%,87
LSU,Cade Arrambide,All,288,35,94.2,106.0,109.4,60.0%,10.8°,16.1°,34.3,17.1%,6,0.237,0.251,0.361,0.375,42.9%,25.7%,22.9%,41.3%,61.6%,76.6%,25.8%,32.8%,78
Oklahoma State,Brock Thompson,All,611,83,89.0,107.4,111.5,47.0%,6.3°,14.7°,33.7,9.6%,8,0.248,0.25,0.361,0.367,44.6%,25.3%,25.3%,37.2%,52.8%,83.0%,25.0%,29.5%,80
Auburn,Bub Terrell,All,783,146,91.9,104.8,115.8,42.5%,10.3°,10.6°,32.9,4.8%,7,0.29,0.295,0.361,0.381,44.5%,21.9%,26.7%,47.5%,67.8%,81.2%,30.8%,22.0%,64
UT Arlington,Justin Rumfield,All,210,32,82.4,100.6,108.9,15.6%,6.1°,8.6°,31.2,0.0%,0,0.262,0.227,0.361,0.328,46.9%,18.8%,28.1%,34.3%,63.0%,82.6%,19.0%,27.8%,120
Jackson State,Pierre Cabral,All,57,12,79.2,94.7,98.7,8.3%,3.9°,17.6°,41.7,0.0%,0,0.231,0.257,0.361,0.362,58.3%,25.0%,16.7%,43.9%,72.7%,93.8%,25.7%,24.0%,101
Presbyterian,Jake Randolph,All,266,67,84.0,99.4,104.4,20.9%,4.3°,13.0°,35.8,1.5%,1,0.338,0.282,0.361,0.335,49.3%,20.9%,29.9%,56.8%,84.7%,90.0%,34.5%,15.9%,92
UC Davis,Jaxon Murphy,All,135,24,86.1,98.8,101.9,37.5%,3.3°,7.7°,37.5,0.0%,0,0.276,0.312,0.361,0.413,50.0%,12.5%,29.2%,39.3%,60.7%,85.3%,24.1%,26.4%,116
North Dakota State,Alex Urlaub,All,310,38,87.1,98.9,100.9,23.7%,12.9°,14.4°,39.5,0.0%,0,0.3,0.246,0.361,0.313,36.8%,18.4%,39.5%,42.3%,60.0%,65.4%,29.4%,43.5%,88
Newberry,Wilson Wages,All,70,12,88.7,99.8,102.6,41.7%,8.4°,6.1°,25.0,0.0%,0,0.312,0.277,0.361,0.339,58.3%,16.7%,25.0%,42.9%,56.7%,76.5%,32.5%,26.7%,72
Tusculum,Sawyer Pace,All,283,62,80.4,93.5,94.6,3.2%,6.9°,-0.9°,40.3,0.0%,0,0.313,0.323,0.361,0.365,45.2%,19.4%,30.6%,39.2%,60.0%,92.0%,22.8%,11.7%,117
San Francisco,Kenny Decelle,All,808,145,81.3,98.2,103.6,21.4%,17.3°,16.4°,41.4,1.4%,2,0.262,0.262,0.361,0.354,35.2%,35.2%,27.6%,44.9%,71.2%,92.1%,25.9%,16.0%,115
New Orleans,Bryan Loriga,All,498,90,87.4,103.4,111.8,31.1%,10.6°,15.1°,25.6,0.0%,0,0.276,0.239,0.361,0.312,40.0%,26.7%,25.6%,39.4%,61.5%,88.1%,23.9%,25.5%,98
Appalachian State,Juan Correa,All,533,87,93.3,108.8,111.2,55.2%,15.9°,16.0°,27.6,11.5%,10,0.262,0.281,0.361,0.386,36.8%,36.8%,23.0%,53.5%,77.4%,78.5%,34.8%,35.8%,71
Western Carolina,Trey Spees,All,699,111,85.0,98.1,103.4,24.3%,15.8°,9.9°,36.0,0.9%,1,0.29,0.242,0.361,0.33,44.1%,23.4%,26.1%,43.9%,71.0%,82.5%,21.8%,23.8%,107
Memphis,James Smith,All,400,79,88.2,106.1,113.5,43.0%,5.9°,11.4°,26.6,2.5%,2,0.284,0.252,0.361,0.317,51.9%,26.6%,15.2%,56.5%,80.6%,83.5%,39.6%,27.9%,51
Ole Miss,Brayden Randle,All,218,49,88.4,99.1,99.3,34.7%,5.8°,11.3°,36.7,0.0%,0,0.281,0.269,0.361,0.359,46.9%,14.3%,38.8%,49.1%,77.8%,88.6%,28.9%,20.6%,85
New Orleans,Jake D'Altrui,All,147,29,87.8,100.4,105.7,27.6%,10.9°,8.0°,27.6,6.9%,2,0.278,0.253,0.361,0.315,41.4%,24.1%,17.2%,45.6%,75.4%,84.6%,19.2%,16.4%,117
Florida,Justin Nadeau,All,716,96,87.9,100.3,103.8,35.4%,3.3°,7.6°,40.6,1.0%,1,0.28,0.26,0.361,0.347,50.0%,17.7%,30.2%,46.9%,72.7%,81.0%,25.4%,28.6%,83
Georgia Southwestern,Noah Roberts,All,87,14,90.1,103.0,106.2,50.0%,7.7°,17.0°,42.9,14.3%,2,0.294,0.357,0.361,0.513,50.0%,28.6%,21.4%,35.6%,68.8%,72.7%,16.4%,35.5%,161
NJIT,Ty Sallie,All,280,49,88.5,102.9,104.5,49.0%,11.3°,12.8°,34.7,10.2%,5,0.284,0.273,0.361,0.379,42.9%,28.6%,26.5%,43.6%,70.4%,87.7%,24.8%,31.1%,109
Oakland,Carter Hain,All,626,95,87.7,104.5,107.3,41.1%,5.8°,9.1°,30.5,4.2%,4,0.267,0.232,0.361,0.314,48.4%,23.2%,23.2%,41.5%,62.8%,81.6%,24.6%,26.5%,74
Lamar,Zak Skinner,All,571,112,90.2,102.1,104.7,46.4%,5.4°,10.9°,25.9,0.9%,1,0.276,0.316,0.361,0.41,54.5%,22.3%,22.3%,45.4%,72.3%,85.1%,22.8%,15.8%,111
St. Thomas (MN),Lucas McNellis,All,36,8,88.1,100.0,101.2,37.5%,0.5°,18.2°,50.0,0.0%,0,0.273,0.272,0.361,0.303,50.0%,12.5%,37.5%,58.3%,87.5%,78.6%,35.0%,23.8%,147
Santa Clara,Ben Cleary,All,643,130,89.4,101.7,105.1,36.2%,5.8°,9.1°,32.3,2.3%,3,0.288,0.333,0.361,0.422,50.0%,19.2%,27.7%,37.6%,62.5%,94.5%,16.9%,8.7%,122
Boston College,Pat Roche,All,838,153,89.1,103.4,106.2,49.7%,4.6°,11.6°,41.2,3.3%,5,0.306,0.341,0.361,0.429,43.8%,18.3%,35.9%,37.1%,60.5%,91.0%,18.9%,14.5%,117
Sacramento State,Jakob Porturnak,All,690,137,88.6,107.2,111.7,44.5%,10.1°,13.8°,29.9,11.7%,16,0.282,0.276,0.361,0.386,43.8%,27.0%,19.7%,51.3%,73.6%,83.5%,34.5%,30.8%,82
Akron,Jack Poist,All,772,141,84.2,98.6,104.3,25.5%,8.3°,10.3°,37.6,2.1%,3,0.279,0.276,0.361,0.354,43.3%,26.2%,27.7%,45.6%,73.5%,92.8%,23.6%,11.9%,111
Emmanuel (GA),Cameron Hancock,All,89,6,87.9,101.7,103.7,50.0%,13.9°,17.0°,16.7,0.0%,0,0.214,0.212,0.361,0.366,50.0%,33.3%,16.7%,32.6%,56.8%,57.1%,15.4%,51.7%,74
Merrimack,Chris Goode,All,170,17,91.0,104.4,105.1,35.3%,14.2°,23.1°,35.3,11.8%,2,0.207,0.187,0.361,0.373,41.2%,29.4%,23.5%,32.4%,53.2%,65.9%,15.1%,36.4%,136
Georgia State,Andon Lewis,All,292,43,91.1,104.2,108.3,48.8%,15.4°,13.3°,37.2,7.0%,3,0.254,0.275,0.361,0.372,39.5%,30.2%,27.9%,42.5%,66.9%,73.0%,22.0%,29.0%,91
Rutgers,Brennan Hyde,All,683,134,89.0,103.8,108.9,39.6%,17.7°,10.3°,29.9,4.5%,6,0.282,0.276,0.361,0.365,35.8%,32.1%,23.1%,38.4%,61.9%,93.6%,19.7%,13.7%,119
Louisville,Bayram Hot,All,373,63,89.5,107.2,109.2,46.0%,-1.8°,7.5°,30.2,4.8%,3,0.33,0.267,0.361,0.313,58.7%,9.5%,30.2%,48.8%,67.1%,84.8%,34.0%,23.6%,58
Middle Tennessee,Brett Vondohlen,All,290,50,91.6,107.7,110.4,50.0%,17.4°,5.9°,22.0,2.0%,1,0.299,0.225,0.361,0.289,38.0%,30.0%,20.0%,53.8%,79.6%,81.1%,37.3%,37.2%,54
Toledo,Charlie Scholvin,All,485,110,85.3,101.1,105.8,27.3%,14.6°,11.0°,31.8,2.7%,3,0.286,0.277,0.361,0.344,40.0%,27.3%,27.3%,45.6%,67.5%,97.7%,30.6%,12.7%,73
Auburn Montgomery,Cole Strachan,All,68,12,87.5,100.8,101.8,41.7%,16.0°,22.8°,50.0,8.3%,1,0.231,0.367,0.361,0.558,25.0%,41.7%,25.0%,32.4%,81.8%,83.3%,8.7%,18.2%,188
Saint Peter's,Garrett Greco,All,141,24,77.8,90.6,91.8,0.0%,9.8°,-,41.7,0.0%,0,0.231,0.275,0.36,0.386,50.0%,12.5%,33.3%,36.2%,59.6%,94.1%,20.2%,11.8%,119
Holy Cross,Alexander Sandell,All,197,30,86.2,101.2,127.1,36.7%,12.3°,7.7°,33.3,3.3%,1,0.25,0.23,0.36,0.354,33.3%,26.7%,26.7%,38.1%,59.5%,85.1%,23.7%,16.0%,133
USC,Abbrie Covarrubias,All,906,165,85.7,103.6,107.0,38.8%,2.2°,5.5°,29.7,2.4%,4,0.301,0.261,0.36,0.329,55.8%,17.6%,22.4%,46.8%,70.5%,88.4%,27.8%,22.2%,85
Louisville,Nate Earley,All,181,30,90.3,106.0,110.4,46.7%,18.7°,12.5°,30.0,6.7%,2,0.231,0.273,0.36,0.377,40.0%,26.7%,23.3%,49.2%,75.3%,77.0%,28.0%,29.2%,90
Southeastern (FL),Brock McMullen,All,98,7,76.7,90.7,93.0,0.0%,5.3°,-,28.6,0.0%,0,0.214,0.151,0.36,0.325,42.9%,28.6%,28.6%,32.7%,55.9%,89.5%,20.3%,21.9%,151
UNC Wilmington,Kevin Jones II,All,873,161,88.7,101.9,109.1,40.4%,7.7°,11.7°,34.2,3.7%,6,0.298,0.292,0.36,0.378,49.7%,18.6%,28.0%,41.5%,61.4%,87.4%,25.4%,22.4%,93
Ball State,Garrett Arnold,All,258,50,82.3,97.3,100.3,18.0%,18.3°,15.2°,44.0,0.0%,0,0.321,0.307,0.36,0.372,32.0%,24.0%,36.0%,42.6%,60.0%,95.8%,27.5%,10.0%,97
Valparaiso,Liam Patton,All,686,130,86.4,101.5,108.2,36.2%,12.9°,8.2°,34.6,2.3%,3,0.285,0.291,0.36,0.379,42.3%,27.7%,24.6%,41.5%,72.4%,88.1%,17.4%,22.1%,130
UT Martin,Brody Capps,All,152,24,85.2,101.9,103.3,37.5%,4.3°,16.9°,29.2,0.0%,0,0.258,0.316,0.36,0.417,45.8%,20.8%,25.0%,34.9%,56.2%,86.1%,19.3%,22.6%,128
Albany,Logan Morris,All,285,41,85.7,101.5,105.4,29.3%,8.6°,4.6°,36.6,0.0%,0,0.296,0.304,0.36,0.381,46.3%,19.5%,31.7%,36.1%,59.0%,88.9%,19.0%,23.3%,112
Western Carolina,Noah Quarless,All,327,55,84.1,101.6,105.2,25.5%,22.8°,17.9°,40.0,7.3%,4,0.26,0.262,0.36,0.347,30.9%,25.5%,29.1%,42.5%,68.6%,84.0%,23.7%,23.0%,116
Dayton,Ty Mainolfi,All,426,81,86.2,101.1,104.7,35.8%,9.5°,8.1°,21.0,0.0%,0,0.296,0.271,0.36,0.348,50.6%,25.9%,21.0%,36.6%,57.5%,94.1%,16.9%,11.5%,93
Tulane,Matthias Haas,All,738,132,90.8,105.5,110.4,49.2%,4.9°,11.1°,40.2,5.3%,7,0.302,0.297,0.36,0.373,46.2%,18.9%,32.6%,48.0%,70.5%,88.4%,29.8%,24.0%,74
Loyola Marymount,Kolton Freeman,All,492,90,88.8,103.4,106.0,35.6%,14.5°,5.3°,32.2,0.0%,0,0.294,0.284,0.36,0.348,42.2%,22.2%,27.8%,42.7%,64.8%,84.0%,19.8%,22.4%,98
Middle Tennessee,Eston Snider,All,306,58,84.3,102.8,107.6,31.0%,7.0°,9.3°,36.2,3.4%,2,0.288,0.274,0.36,0.345,53.4%,19.0%,25.9%,43.8%,57.2%,88.0%,31.7%,20.9%,70
Boston College,Nick Wang,All,274,46,92.1,106.1,113.5,56.5%,13.6°,14.4°,28.3,4.3%,2,0.305,0.283,0.36,0.389,39.1%,23.9%,23.9%,44.5%,60.0%,81.3%,31.5%,25.4%,65
Columbia,Griffin Palfrey,All,809,166,88.8,103.2,110.6,37.3%,7.5°,7.9°,32.5,1.2%,2,0.267,0.275,0.36,0.363,43.4%,28.3%,24.7%,46.1%,71.7%,87.9%,25.9%,15.5%,113
William & Mary,Anthony Greco,All,651,105,86.9,101.7,105.9,37.1%,15.2°,13.5°,41.0,5.7%,6,0.259,0.257,0.36,0.371,38.1%,24.8%,27.6%,41.2%,66.3%,88.1%,20.8%,27.2%,105
NJIT,Cole Campbell,All,318,65,86.3,102.4,105.4,38.5%,9.8°,1.7°,26.2,1.5%,1,0.286,0.238,0.36,0.311,46.2%,27.7%,20.0%,45.6%,77.0%,87.7%,18.2%,16.6%,133
Mount St. Mary's,Jake Maske,All,107,10,80.0,95.6,96.9,10.0%,20.1°,12.7°,60.0,0.0%,0,0.214,0.243,0.36,0.409,30.0%,10.0%,40.0%,35.5%,66.0%,90.3%,11.7%,10.5%,170
UC Davis,Nick Leehey,All,269,41,89.4,105.0,105.8,48.8%,-0.8°,10.2°,31.7,14.6%,6,0.267,0.302,0.36,0.407,56.1%,12.2%,24.4%,46.1%,68.7%,88.6%,29.2%,28.2%,90
Shenandoah,Haden Madagan,All,191,44,87.8,99.6,104.9,20.5%,17.5°,10.1°,25.0,0.0%,0,0.314,0.255,0.36,0.324,43.2%,29.5%,22.7%,48.2%,74.7%,89.3%,31.0%,21.7%,79
Morehead State,Austyn Peak,All,67,11,80.8,101.3,101.6,27.3%,-2.0°,11.7°,27.3,9.1%,1,0.312,0.281,0.36,0.379,63.6%,9.1%,18.2%,37.3%,56.7%,82.4%,21.6%,24.0%,81
USF,Lance Trippel,All,628,109,86.0,101.5,107.9,30.3%,11.7°,9.4°,30.3,4.6%,5,0.27,0.257,0.36,0.345,40.4%,25.7%,24.8%,37.7%,59.6%,87.6%,19.5%,22.4%,119
Ave Maria,Tanner Kelly,All,312,58,79.4,98.8,103.5,15.5%,11.6°,16.0°,32.8,3.4%,2,0.284,0.2,0.36,0.276,39.7%,27.6%,19.0%,41.7%,66.9%,88.5%,23.6%,20.0%,118
USF,Ryan Pruitt,All,686,134,85.3,99.5,105.6,29.1%,9.0°,12.7°,29.1,0.7%,1,0.293,0.236,0.36,0.324,41.8%,29.9%,23.1%,40.7%,62.7%,89.7%,22.4%,21.1%,97
Houston,Brandon Bishop,All,234,34,85.1,95.1,99.9,17.6%,5.5°,-4.0°,32.4,2.9%,1,0.302,0.23,0.36,0.328,47.1%,29.4%,20.6%,37.2%,55.8%,79.1%,17.5%,19.5%,100
Lipscomb,Kai Holm,All,551,101,86.6,99.3,101.7,26.7%,14.7°,8.3°,37.6,0.0%,0,0.305,0.258,0.36,0.324,35.6%,29.7%,28.7%,42.6%,60.5%,91.5%,27.5%,17.9%,76
The Citadel,TJ Anderson,All,653,124,84.9,105.1,107.1,29.0%,-0.3°,4.6°,25.8,1.6%,2,0.285,0.279,0.36,0.357,58.1%,16.9%,21.0%,36.0%,55.8%,95.9%,18.3%,12.3%,89
Delta State,Dylan Dendy,All,38,14,82.8,99.9,101.5,28.6%,2.1°,10.0°,28.6,0.0%,0,0.357,0.37,0.36,0.372,57.1%,21.4%,21.4%,57.9%,64.7%,81.8%,52.4%,22.7%,55
Eastern Illinois,Joey Hagen,All,143,15,84.5,96.8,102.8,26.7%,7.3°,11.9°,53.3,6.7%,1,0.296,0.235,0.359,0.31,46.7%,26.7%,26.7%,36.4%,46.7%,78.6%,28.9%,38.5%,77
Northern Illinois,Javin Gauthier,All,63,9,90.1,101.8,106.6,55.6%,27.8°,20.3°,44.4,11.1%,1,0.214,0.232,0.359,0.372,22.2%,44.4%,11.1%,46.0%,77.3%,58.8%,29.3%,55.2%,90
Mississippi State,Gatlin Sanders,All,587,86,83.9,97.9,100.6,22.1%,5.2°,5.1°,38.4,2.3%,2,0.345,0.28,0.359,0.333,48.8%,18.6%,31.4%,45.0%,63.1%,86.6%,30.6%,22.0%,81
Penn,Nicholas Spaventa,All,648,119,88.3,107.4,111.3,37.8%,10.1°,9.8°,33.6,6.7%,8,0.283,0.301,0.359,0.386,45.4%,20.2%,24.4%,43.4%,67.2%,83.1%,24.0%,22.4%,117
Clemson,Tryston McCladdie,All,395,62,90.3,104.6,108.8,50.0%,-0.7°,9.9°,29.0,11.3%,7,0.261,0.255,0.359,0.371,54.8%,21.0%,19.4%,48.4%,66.8%,78.9%,32.2%,30.9%,73
North Georgia,Jake Prince,All,296,56,83.7,98.9,101.0,19.6%,4.4°,0.2°,19.6,0.0%,0,0.273,0.22,0.359,0.314,50.0%,26.8%,19.6%,34.8%,48.1%,93.5%,24.6%,16.5%,72
Wichita State,Camden Johnson,All,774,152,85.4,98.5,103.4,31.6%,8.3°,8.2°,34.2,0.7%,1,0.326,0.285,0.359,0.35,50.0%,18.4%,28.9%,44.1%,63.1%,91.4%,28.2%,17.0%,67
Bryant,Aleksei Goldhill,All,176,26,88.2,97.5,98.0,30.8%,9.3°,18.1°,53.8,0.0%,0,0.29,0.3,0.359,0.372,34.6%,23.1%,34.6%,42.6%,67.5%,96.2%,23.2%,4.0%,126
Georgia Southern,Sean White,All,832,138,89.2,103.3,106.2,42.0%,11.4°,15.7°,30.4,5.1%,7,0.298,0.278,0.359,0.378,42.8%,32.6%,20.3%,42.5%,68.4%,87.1%,23.7%,20.9%,106
Middlebury,William Ashley,All,150,30,86.8,97.9,99.9,23.3%,13.5°,8.5°,33.3,0.0%,0,0.306,0.273,0.359,0.287,33.3%,26.7%,30.0%,49.3%,76.8%,90.7%,33.0%,18.9%,87
Kansas,Brady Counsell,All,899,151,85.8,105.1,109.2,29.8%,14.4°,13.8°,31.1,6.0%,9,0.24,0.255,0.359,0.386,37.7%,34.4%,20.5%,42.8%,64.8%,89.2%,26.3%,17.4%,100
Kentucky,James McCoy,All,416,52,94.0,107.8,112.0,53.8%,12.6°,16.2°,36.5,11.5%,6,0.286,0.304,0.359,0.429,38.5%,23.1%,34.6%,44.5%,71.3%,79.1%,20.8%,28.1%,104
Embry-Riddle,Matthew Coker,All,75,10,86.8,97.6,99.2,30.0%,-1.3°,8.2°,20.0,0.0%,0,0.273,0.295,0.359,0.394,60.0%,10.0%,20.0%,33.3%,52.2%,100.0%,25.0%,24.0%,122
Cincinnati,Tommy O'Connor,All,789,91,94.1,110.1,112.4,61.5%,20.9°,17.5°,31.9,14.3%,13,0.228,0.237,0.359,0.377,30.8%,37.4%,23.1%,38.4%,61.1%,75.8%,21.3%,35.6%,79
VCU,Casey Kleinman,All,515,108,80.6,94.3,98.8,5.6%,6.0°,-1.0°,25.0,0.0%,0,0.3,0.27,0.359,0.346,56.5%,15.7%,21.3%,35.5%,54.1%,94.4%,20.4%,7.1%,107
Illinois-Chicago,James Harris,All,607,94,87.3,101.6,106.3,34.0%,4.9°,8.5°,31.9,2.1%,2,0.317,0.262,0.359,0.333,51.1%,19.1%,24.5%,35.3%,56.5%,88.8%,16.5%,18.7%,101
Lipscomb,David Coppedge,All,626,120,87.0,103.6,110.2,36.7%,17.7°,13.5°,31.7,6.7%,8,0.259,0.256,0.359,0.357,36.7%,38.3%,20.0%,39.5%,62.6%,88.1%,23.7%,23.5%,70
University of Montevallo,Logan Harbin,All,276,65,84.2,101.8,104.5,33.8%,-3.1°,8.5°,26.2,1.5%,1,0.342,0.292,0.359,0.338,60.0%,15.4%,21.5%,46.4%,68.1%,91.4%,29.9%,16.4%,92
Carson-Newman,Spencer Williams,All,396,72,76.3,95.3,96.9,8.3%,-2.8°,14.4°,23.6,0.0%,0,0.333,0.234,0.359,0.281,61.1%,16.7%,18.1%,41.7%,63.6%,85.5%,24.7%,23.0%,101
Radford,Brady Whitacre,All,180,34,79.7,97.0,97.7,14.7%,0.5°,0.6°,20.6,0.0%,0,0.282,0.266,0.359,0.363,64.7%,14.7%,14.7%,41.1%,74.7%,86.4%,14.9%,14.9%,133
Tusculum,Luis Reyes,All,143,21,76.5,92.9,93.7,4.8%,-11.5°,-11.7°,28.6,0.0%,0,0.24,0.259,0.359,0.387,71.4%,4.8%,23.8%,32.9%,57.1%,90.6%,17.2%,17.0%,129
Tennessee,Jay Abernathy,All,481,73,88.8,102.2,104.8,34.2%,4.8°,5.3°,23.3,0.0%,0,0.293,0.294,0.359,0.389,58.9%,15.1%,21.9%,37.4%,57.3%,91.3%,20.7%,15.0%,92
Young Harris,Jackson Morgan,All,54,13,88.8,98.4,99.5,46.2%,0.7°,4.8°,15.4,0.0%,0,0.312,0.279,0.359,0.294,69.2%,15.4%,7.7%,48.1%,55.6%,80.0%,40.7%,26.9%,35
Saint Joseph's,Alex Kelsey,All,347,42,80.7,99.7,101.6,21.4%,-1.0°,0.9°,23.8,0.0%,0,0.288,0.191,0.359,0.295,54.8%,16.7%,21.4%,32.9%,47.9%,85.3%,22.4%,28.9%,101
Coastal Carolina,Freddy Rodriguez,All,144,12,95.0,101.1,101.2,75.0%,23.9°,17.2°,25.0,8.3%,1,0.182,0.193,0.359,0.38,33.3%,50.0%,8.3%,34.7%,54.0%,73.5%,19.8%,32.0%,119
Lipscomb,Brady Miller,All,502,91,87.1,100.1,103.2,31.9%,10.5°,10.0°,26.4,2.2%,2,0.291,0.257,0.359,0.339,47.3%,25.3%,20.9%,46.8%,67.5%,80.0%,28.3%,26.8%,94
Eastern Michigan,John Hale,All,327,60,83.1,98.6,101.8,23.3%,11.6°,12.0°,40.0,1.7%,1,0.293,0.272,0.359,0.349,48.3%,23.3%,26.7%,38.8%,62.3%,88.1%,15.8%,18.1%,114
Fresno State,Owen Faust,All,442,82,86.2,99.6,102.5,31.7%,8.0°,6.5°,35.4,0.0%,0,0.306,0.29,0.359,0.362,46.3%,24.4%,25.6%,33.0%,57.3%,91.2%,13.2%,15.8%,129
Little Rock,Cade Martin,All,249,36,88.8,101.6,103.0,33.3%,5.1°,9.4°,41.7,2.8%,1,0.226,0.276,0.359,0.387,47.2%,25.0%,27.8%,41.0%,60.2%,75.4%,26.2%,36.3%,72
Marist,Chris Diaz,All,186,24,84.9,104.3,107.7,41.7%,11.1°,8.7°,25.0,4.2%,1,0.282,0.215,0.359,0.316,50.0%,29.2%,20.8%,39.8%,60.0%,84.4%,26.1%,27.0%,66
Louisville,Tagger Tyson,All,327,70,84.9,101.9,105.9,32.9%,13.6°,11.9°,35.7,0.0%,0,0.296,0.27,0.358,0.321,41.4%,28.6%,28.6%,54.4%,78.6%,91.2%,35.2%,15.7%,64
Long Island,Noah Sorensen,All,393,70,82.1,93.7,98.0,7.1%,5.3°,7.8°,31.4,0.0%,0,0.265,0.242,0.358,0.332,50.0%,21.4%,20.0%,38.9%,64.6%,91.3%,17.7%,15.7%,115
Angelo State,Blake Wilhoite,All,52,8,85.6,91.9,94.1,12.5%,6.1°,-7.0°,12.5,0.0%,0,0.273,0.233,0.358,0.305,62.5%,25.0%,12.5%,25.0%,36.0%,100.0%,14.8%,23.1%,121
Purdue,Houston Russell,All,460,71,85.4,102.3,106.4,29.6%,5.5°,6.7°,29.6,4.2%,3,0.256,0.264,0.358,0.367,54.9%,22.5%,18.3%,37.4%,64.2%,83.1%,14.5%,18.0%,133
TCU,Colton Griffin,All,477,71,85.0,101.0,105.4,25.4%,6.3°,10.3°,31.0,1.4%,1,0.261,0.229,0.358,0.314,53.5%,21.1%,23.9%,39.8%,59.6%,88.1%,22.2%,20.5%,91
Michigan State,Will Shannon,All,336,48,91.7,108.5,112.3,45.8%,-4.2°,11.3°,27.1,8.3%,4,0.266,0.267,0.358,0.401,54.2%,18.8%,20.8%,39.9%,66.2%,71.1%,22.0%,32.1%,118
Wichita State,Jordan Black,All,99,13,83.4,98.3,102.5,30.8%,25.9°,25.0°,46.2,0.0%,0,0.222,0.234,0.358,0.351,23.1%,23.1%,38.5%,44.4%,74.4%,78.1%,21.4%,29.5%,126
North Florida,Nick Monile,All,258,41,85.9,99.4,103.1,31.7%,-6.4°,5.7°,26.8,0.0%,0,0.267,0.32,0.358,0.405,68.3%,7.3%,22.0%,33.7%,53.9%,91.3%,13.8%,9.2%,135
Reinhardt,Luca Boscarino,All,33,11,77.7,91.7,94.2,0.0%,-13.1°,-,18.2,0.0%,0,0.3,0.125,0.358,0.137,63.6%,27.3%,9.1%,48.5%,76.5%,92.3%,18.8%,12.5%,176
Mount Olive,Jakhari Howard,All,297,37,82.2,97.2,100.7,16.2%,11.4°,11.6°,43.2,0.0%,0,0.293,0.223,0.358,0.317,37.8%,16.2%,35.1%,38.0%,61.4%,76.9%,20.6%,28.3%,140
Texas Tech,Tracer Lopez,All,608,127,87.2,101.2,105.2,33.9%,12.8°,11.5°,37.0,2.4%,3,0.301,0.297,0.358,0.369,40.2%,27.6%,28.3%,50.5%,77.2%,85.0%,25.5%,17.9%,109
Holy Cross,Gianni Royer,All,517,96,88.8,102.0,104.5,37.5%,11.5°,16.7°,42.7,4.2%,4,0.293,0.317,0.358,0.406,42.7%,26.0%,27.1%,43.5%,66.4%,83.3%,23.1%,24.9%,120
Duke,Kyle Johnson,All,261,29,94.0,107.2,109.5,65.5%,14.7°,15.1°,37.9,27.6%,8,0.228,0.23,0.358,0.383,37.9%,27.6%,17.2%,39.5%,61.8%,72.4%,19.6%,43.7%,112
Ball State,Brayden Huebner,All,53,6,92.4,98.0,100.1,33.3%,33.2°,14.6°,50.0,0.0%,0,0.3,0.232,0.358,0.329,0.0%,16.7%,50.0%,43.4%,76.2%,68.8%,21.9%,47.8%,121
UC San Diego,Thomas Maher,All,237,25,83.2,93.2,95.9,4.0%,10.1°,18.3°,56.0,0.0%,0,0.263,0.242,0.358,0.35,32.0%,8.0%,56.0%,37.1%,52.7%,93.1%,23.6%,20.5%,99
William Carey,Jayden Mark,All,181,36,83.5,97.1,101.6,13.9%,16.4°,15.3°,38.9,2.8%,1,0.351,0.313,0.358,0.37,33.3%,36.1%,30.6%,38.1%,68.4%,90.4%,16.2%,14.5%,141
Cal State Fullerton,Paul Contreras,All,436,79,93.5,108.7,111.3,54.4%,7.8°,9.8°,31.6,10.1%,8,0.271,0.299,0.358,0.382,44.3%,22.8%,26.6%,39.9%,55.6%,86.7%,27.9%,29.9%,72
Illinois,Drake Westcott,All,425,60,84.5,103.6,105.5,31.7%,13.7°,24.1°,36.7,5.0%,3,0.224,0.228,0.358,0.365,35.0%,20.0%,33.3%,40.2%,70.8%,70.6%,18.2%,34.5%,123
Georgia Southern,Cade Parker,All,864,101,91.6,105.7,112.4,49.5%,20.9°,22.5°,37.6,13.9%,14,0.245,0.212,0.358,0.369,29.7%,40.6%,22.8%,46.6%,68.8%,72.3%,30.7%,40.0%,80
Nebraska,Joshua Overbeek,All,681,118,90.1,104.8,108.5,43.2%,13.5°,13.0°,43.2,9.3%,11,0.294,0.28,0.358,0.371,37.3%,30.5%,29.7%,48.0%,70.9%,82.3%,27.0%,28.1%,113
Georgia,Devin Obee,All,652,78,86.7,105.5,107.6,44.9%,11.9°,19.3°,30.8,11.5%,9,0.211,0.221,0.358,0.378,43.6%,37.2%,15.4%,40.2%,68.0%,70.1%,19.9%,41.2%,101
Georgia Tech,Nathanael Coupet,All,64,6,92.5,106.6,107.4,50.0%,9.5°,16.0°,66.7,16.7%,1,0.25,0.247,0.358,0.375,33.3%,16.7%,50.0%,40.6%,53.6%,60.0%,30.6%,53.8%,47
Tulane,Tracy Mitchem,All,82,7,83.5,84.4,88.1,14.3%,-2.2°,-3.6°,14.3,0.0%,0,0.273,0.238,0.358,0.354,85.7%,14.3%,0.0%,36.6%,61.8%,81.0%,18.8%,20.0%,103
Long Island,Jack Power,All,458,67,86.3,102.4,104.9,31.3%,12.8°,17.9°,32.8,6.0%,4,0.244,0.255,0.358,0.37,35.8%,35.8%,22.4%,31.4%,51.7%,92.4%,18.6%,18.8%,109
Lehigh,Andrew Kohl,All,268,43,83.2,103.7,107.6,32.6%,12.0°,9.9°,30.2,9.3%,4,0.246,0.228,0.358,0.341,51.2%,34.9%,14.0%,44.0%,65.8%,80.5%,27.2%,26.3%,90
Cornell,Jakobi Davis,All,504,62,85.0,106.1,110.5,25.8%,16.3°,18.2°,33.9,8.1%,5,0.242,0.195,0.358,0.345,32.3%,37.1%,21.0%,34.1%,54.5%,68.2%,20.5%,33.7%,105
San Diego,AJ Anzai,All,490,65,88.6,102.5,104.4,38.5%,3.1°,12.6°,29.2,3.1%,2,0.247,0.274,0.358,0.381,58.5%,21.5%,20.0%,27.6%,36.0%,95.8%,21.7%,16.3%,71
Angelo State,Tayton Tredaway,All,58,13,88.5,96.5,98.0,23.1%,11.1°,-1.6°,23.1,0.0%,0,0.357,0.307,0.358,0.346,46.2%,23.1%,15.4%,43.1%,64.0%,87.5%,27.3%,16.0%,93
Florida,Blake Brookins,All,44,5,89.8,109.4,110.4,60.0%,9.9°,11.6°,60.0,0.0%,0,0.3,0.281,0.358,0.282,40.0%,0.0%,60.0%,45.5%,69.2%,100.0%,35.5%,35.0%,-3
Murray State,Luke Mistone,All,235,74,87.9,100.6,103.4,36.5%,4.8°,1.3°,29.7,0.0%,0,0.324,0.357,0.358,0.38,52.7%,14.9%,24.3%,48.5%,63.0%,98.8%,31.5%,6.1%,63
Niagara,Nate Milk,All,161,22,80.8,96.7,99.1,22.7%,18.0°,9.7°,40.9,0.0%,0,0.306,0.236,0.358,0.29,36.4%,22.7%,31.8%,49.7%,74.3%,82.7%,30.8%,28.7%,97
High Point,Justin Ruiz,All,258,36,86.7,104.7,108.0,38.9%,9.8°,19.6°,27.8,8.3%,3,0.268,0.241,0.358,0.347,44.4%,38.9%,16.7%,46.1%,65.7%,85.9%,32.0%,28.6%,74
Stetson,Landon Moran,All,693,121,87.7,102.6,105.8,37.2%,11.5°,13.7°,43.8,5.8%,7,0.29,0.338,0.358,0.426,40.5%,23.1%,31.4%,41.3%,66.0%,86.9%,19.5%,16.1%,112
Kennesaw State,Cooper Williams,All,575,108,90.6,102.9,107.9,38.0%,17.3°,18.3°,37.0,1.9%,2,0.286,0.258,0.358,0.345,29.6%,38.0%,28.7%,47.7%,71.8%,81.8%,29.7%,30.3%,99
North Alabama,Ryker Billingsley,All,181,26,85.1,93.9,99.4,15.4%,20.6°,9.9°,23.1,0.0%,0,0.25,0.224,0.358,0.326,38.5%,26.9%,15.4%,43.6%,65.9%,88.9%,25.3%,24.1%,115
Campbell,Charlie Meglio,All,784,147,88.5,106.8,110.0,40.8%,15.8°,16.3°,34.7,7.5%,11,0.255,0.262,0.358,0.361,37.4%,34.0%,21.1%,41.6%,62.9%,83.7%,25.1%,22.7%,78
Dallas,Dylan Roscopf,All,72,8,77.5,88.2,88.3,0.0%,12.9°,-,62.5,0.0%,0,0.273,0.268,0.358,0.385,37.5%,25.0%,37.5%,40.3%,65.5%,73.7%,23.3%,24.1%,103
Wingate,Jalen Evans,All,34,9,82.3,96.9,98.0,22.2%,23.9°,11.3°,22.2,0.0%,0,0.357,0.197,0.358,0.375,22.2%,33.3%,22.2%,41.2%,52.6%,100.0%,26.7%,0.0%,41
Bowling Green,Garrett Wright,All,205,52,87.9,104.5,105.9,38.5%,5.6°,8.9°,34.6,3.8%,2,0.298,0.352,0.358,0.401,46.2%,21.2%,26.9%,54.6%,76.8%,94.7%,34.0%,15.2%,100
Marshall,Ethan Murdoch,All,704,117,92.6,107.5,111.6,49.6%,9.7°,5.5°,28.2,4.3%,5,0.253,0.27,0.358,0.377,41.9%,23.1%,23.9%,44.5%,69.4%,81.5%,25.5%,25.9%,86
The Citadel,Maddox Floyd,All,57,7,80.3,95.1,97.6,14.3%,-0.7°,12.6°,42.9,0.0%,0,0.273,0.274,0.358,0.345,57.1%,14.3%,28.6%,38.6%,66.7%,68.8%,18.2%,40.9%,140
San Francisco State,Derek Laferriere,All,70,7,98.9,100.9,101.1,71.4%,6.0°,7.0°,28.6,0.0%,0,0.25,0.264,0.358,0.42,57.1%,0.0%,28.6%,34.3%,70.0%,92.9%,20.0%,33.3%,137
Longwood,Matthew Stevenson,All,169,19,82.3,99.4,101.7,26.3%,11.0°,18.1°,42.1,0.0%,0,0.273,0.223,0.357,0.287,36.8%,21.1%,31.6%,43.8%,56.3%,77.5%,34.7%,31.1%,33
Georgia Tech,Connor Shouse,All,160,25,84.5,108.5,110.1,28.0%,-0.5°,14.0°,24.0,8.0%,2,0.219,0.238,0.357,0.36,44.0%,20.0%,24.0%,43.1%,70.8%,89.1%,24.2%,15.9%,95
UAB,Andrew Hunt,All,162,26,84.6,104.1,106.0,38.5%,7.6°,10.7°,26.9,3.8%,1,0.226,0.236,0.357,0.383,50.0%,34.6%,11.5%,29.6%,50.0%,94.1%,14.9%,12.5%,105
Illinois,Jack Zebig,All,727,129,84.9,99.9,107.0,32.6%,7.1°,11.0°,31.0,0.0%,0,0.268,0.274,0.357,0.349,45.7%,22.5%,28.7%,34.9%,55.7%,87.2%,19.6%,22.8%,98
Rice,Landon West,All,648,111,88.5,101.3,103.8,37.8%,16.0°,14.7°,34.2,3.6%,4,0.254,0.246,0.357,0.36,37.8%,34.2%,24.3%,44.4%,72.7%,86.6%,24.7%,24.7%,110
Ohio,Pauly Mancino,All,157,24,89.1,101.7,103.8,37.5%,20.8°,13.4°,37.5,0.0%,0,0.241,0.281,0.357,0.396,29.2%,25.0%,33.3%,40.8%,62.3%,86.8%,27.1%,26.6%,79
Valparaiso,Kevin Denty,All,686,109,81.5,100.3,103.1,24.8%,15.2°,7.7°,31.2,2.8%,3,0.267,0.242,0.357,0.323,37.6%,29.4%,25.7%,41.8%,62.3%,88.6%,25.0%,20.2%,101
Texas State,Zachary Gingrich,All,544,52,93.7,105.4,106.9,50.0%,19.9°,16.6°,48.1,15.4%,8,0.214,0.226,0.357,0.357,26.9%,26.9%,32.7%,38.6%,58.9%,73.7%,19.4%,37.6%,96
Yale,Kaiden Dossa,All,528,86,83.2,100.1,106.5,30.2%,11.4°,17.9°,45.3,1.2%,1,0.287,0.245,0.357,0.337,38.4%,24.4%,30.2%,40.9%,61.0%,88.7%,25.3%,25.0%,79
Lafayette,Jack Mislan,All,621,99,87.7,107.0,109.5,39.4%,15.9°,16.2°,40.4,14.1%,14,0.279,0.274,0.357,0.384,35.4%,33.3%,27.3%,49.1%,78.5%,82.4%,27.8%,31.5%,112
Arizona,Thomas Splaine,All,856,139,89.5,101.9,107.5,43.2%,15.6°,16.5°,46.0,4.3%,6,0.296,0.295,0.357,0.372,30.2%,27.3%,39.6%,43.7%,65.4%,84.7%,27.2%,25.9%,91
Brown,Gunner Boree,All,543,53,86.5,104.3,107.9,45.3%,16.2°,22.0°,35.8,7.5%,4,0.229,0.177,0.357,0.307,34.0%,37.7%,26.4%,37.6%,62.1%,72.6%,18.8%,36.8%,118
FGCU,Mac Moise,All,622,85,90.0,103.7,108.1,44.7%,15.4°,16.6°,36.5,8.2%,7,0.232,0.288,0.357,0.431,36.5%,32.9%,24.7%,37.0%,61.2%,85.0%,18.1%,23.5%,128
Virginia Tech,Treyson Hughes,All,197,32,88.6,103.9,108.7,25.0%,26.7°,13.8°,31.2,3.1%,1,0.263,0.223,0.357,0.323,21.9%,31.2%,31.2%,43.7%,63.4%,79.7%,26.0%,26.7%,100
Portland,Jonas Salk,All,337,48,89.1,103.8,107.1,39.6%,15.0°,18.1°,29.2,10.4%,5,0.235,0.231,0.357,0.359,39.6%,35.4%,18.8%,46.6%,81.1%,78.5%,24.4%,33.1%,104
Missouri,Pierre Seals,All,636,82,92.7,107.1,111.5,54.9%,3.1°,8.5°,34.1,8.5%,7,0.288,0.244,0.357,0.345,50.0%,19.5%,26.8%,42.5%,61.4%,78.4%,28.3%,35.2%,73
Emmanuel (GA),Andrew Ferguson,All,67,6,65.3,93.9,99.7,16.7%,7.9°,3.7°,33.3,0.0%,0,0.1,0.165,0.357,0.397,50.0%,16.7%,33.3%,22.4%,45.5%,60.0%,11.1%,33.3%,147
Marist,Zach Donahue,All,187,41,85.3,99.0,104.1,19.5%,13.3°,9.8°,41.5,2.4%,1,0.283,0.28,0.357,0.337,36.6%,24.4%,36.6%,51.9%,70.0%,91.1%,38.3%,21.6%,69
Oregon State,Bryce Hubbard,All,145,12,84.4,98.2,99.1,33.3%,10.0°,15.1°,33.3,0.0%,0,0.2,0.201,0.357,0.372,58.3%,8.3%,25.0%,35.2%,53.8%,78.6%,24.7%,29.4%,100
Miami,Dorian Gonzalez,All,889,175,90.2,104.2,109.6,39.4%,10.5°,14.3°,29.1,4.6%,8,0.267,0.304,0.357,0.402,45.1%,32.0%,20.0%,46.2%,69.9%,93.9%,28.8%,14.8%,84
Pomona-Pitzer,Greg Pierantoni,All,512,88,83.5,97.4,100.2,14.8%,9.4°,11.8°,35.2,0.0%,0,0.282,0.216,0.357,0.316,43.2%,23.9%,22.7%,37.9%,63.6%,88.9%,21.7%,15.5%,124
Marshall,Nolan Wilson,All,523,117,89.4,105.8,110.6,41.0%,5.1°,11.1°,36.8,4.3%,5,0.292,0.308,0.357,0.401,49.6%,22.2%,23.1%,51.4%,73.3%,87.6%,34.0%,22.3%,53
Notre Dame,Parker Brzustewicz,All,837,140,88.1,102.8,106.4,38.6%,2.8°,4.4°,30.7,0.7%,1,0.292,0.293,0.357,0.372,57.1%,15.7%,25.0%,36.0%,57.3%,91.2%,18.3%,15.0%,106
Tennessee Tech,Carter Vrabel,All,150,26,85.3,99.9,102.4,38.5%,13.3°,15.2°,46.2,0.0%,0,0.281,0.267,0.357,0.358,34.6%,30.8%,34.6%,41.3%,72.7%,75.0%,16.7%,29.0%,120
Auburn Montgomery,Giuseppe Seidita,All,109,16,84.6,99.8,101.4,12.5%,11.4°,16.3°,37.5,6.2%,1,0.273,0.329,0.357,0.399,43.8%,37.5%,18.8%,39.4%,55.6%,90.0%,31.5%,25.6%,69
Southern Miss,Drey Barrett,All,735,118,90.5,104.7,111.0,50.0%,9.1°,14.1°,37.3,5.9%,7,0.252,0.282,0.357,0.394,41.5%,28.8%,26.3%,43.4%,67.6%,83.2%,22.2%,23.5%,94
Charleston Southern,Nathan Martinez,All,580,100,86.3,102.2,105.6,28.0%,12.5°,9.4°,32.0,3.0%,3,0.286,0.27,0.357,0.371,36.0%,30.0%,27.0%,43.4%,62.8%,87.7%,29.1%,22.6%,86
UC Riverside,Andrew Rivas,All,309,50,89.1,102.4,107.4,36.0%,8.8°,8.5°,34.0,4.0%,2,0.299,0.294,0.357,0.346,50.0%,20.0%,28.0%,44.0%,65.2%,84.9%,28.2%,25.0%,84
Arizona,Maddox Mihalakis,All,871,166,91.6,104.9,112.2,49.4%,16.8°,17.0°,39.2,10.8%,18,0.286,0.324,0.357,0.444,30.7%,34.3%,31.3%,46.4%,73.5%,91.2%,26.1%,21.5%,98
CSU Bakersfield,Noah Alvarez,All,739,106,82.3,98.9,100.9,26.4%,8.1°,11.5°,35.8,0.9%,1,0.279,0.256,0.357,0.342,48.1%,23.6%,28.3%,36.8%,63.3%,87.4%,15.8%,16.5%,123
Air Force,Benjamin Niednagel,All,520,66,85.4,100.3,101.6,31.8%,4.3°,11.2°,28.8,1.5%,1,0.255,0.218,0.357,0.363,50.0%,16.7%,24.2%,39.8%,72.6%,74.8%,17.9%,29.5%,142
Winthrop,Koby Kropf,All,720,122,88.1,103.7,111.7,40.2%,12.7°,15.6°,36.9,4.1%,5,0.28,0.24,0.357,0.321,34.4%,27.9%,30.3%,47.6%,74.9%,83.5%,30.0%,24.2%,92
St. Mary's (TX),Dillon Lopez,All,43,10,86.4,98.7,100.5,40.0%,0.5°,1.9°,30.0,0.0%,0,0.385,0.325,0.357,0.324,60.0%,0.0%,30.0%,44.2%,52.4%,100.0%,36.4%,26.3%,55
Charlotte,Blake Martin,All,245,30,85.1,104.5,110.0,40.0%,4.7°,13.8°,23.3,6.7%,2,0.227,0.212,0.357,0.367,53.3%,26.7%,13.3%,37.6%,61.2%,78.3%,21.8%,26.1%,118
Lewis & Clark,Joaquin Sandoval,All,90,12,91.8,100.7,102.6,41.7%,14.8°,20.9°,41.7,0.0%,0,0.286,0.167,0.357,0.269,16.7%,16.7%,41.7%,41.1%,69.7%,73.9%,24.6%,37.8%,176
Columbus State,Michael Cruz,All,273,57,85.7,98.3,104.9,14.0%,2.6°,5.9°,31.6,1.8%,1,0.277,0.314,0.357,0.379,56.1%,15.8%,22.8%,41.4%,64.3%,91.9%,24.7%,13.3%,100
Oregon State,Carson McEntire,All,164,19,89.7,102.2,103.4,42.1%,3.4°,15.8°,26.3,0.0%,0,0.219,0.142,0.356,0.254,52.6%,31.6%,10.5%,39.0%,51.2%,83.7%,26.2%,26.6%,71
Georgia Tech,Tyler Neises,All,432,69,91.7,105.8,108.1,40.6%,5.5°,3.2°,26.1,1.4%,1,0.264,0.292,0.356,0.381,47.8%,21.7%,26.1%,39.1%,61.0%,84.0%,21.1%,21.9%,74
Cal State Northridge,Cameron Calvillo,All,389,86,84.0,99.0,101.3,22.1%,13.1°,10.2°,36.0,1.2%,1,0.313,0.316,0.356,0.352,40.7%,23.3%,33.7%,47.0%,71.5%,92.4%,29.0%,14.2%,96
NC State,Brayden Fraasman,All,767,167,91.4,107.8,110.8,47.3%,10.0°,8.7°,29.3,5.4%,9,0.274,0.305,0.356,0.374,46.1%,21.0%,22.2%,52.2%,75.5%,84.7%,34.6%,26.8%,72
San Diego State,Jonathan Smith,All,594,105,84.2,100.8,107.4,30.5%,12.9°,15.9°,32.4,2.9%,3,0.307,0.242,0.356,0.309,40.0%,30.5%,25.7%,43.4%,68.4%,77.1%,21.9%,28.7%,91
Richmond,DJ Pacheco,All,655,115,84.8,103.7,110.7,33.9%,12.2°,15.3°,33.9,7.8%,9,0.301,0.281,0.356,0.357,43.5%,27.8%,23.5%,44.3%,67.9%,84.3%,22.0%,20.7%,99
Newberry,Parker Mergo,All,41,8,80.6,93.4,95.9,12.5%,3.3°,7.0°,37.5,0.0%,0,0.3,0.292,0.356,0.326,62.5%,37.5%,0.0%,29.3%,35.0%,100.0%,23.8%,16.7%,14
Iowa,Caleb Wulf,All,493,103,84.4,100.0,101.9,30.1%,2.8°,3.9°,31.1,0.0%,0,0.35,0.314,0.356,0.359,56.3%,11.7%,30.1%,44.4%,65.0%,92.5%,27.0%,11.9%,108
Western Michigan,Nolan Zajac,All,45,8,93.1,99.1,99.1,62.5%,15.2°,11.6°,37.5,12.5%,1,0.3,0.335,0.356,0.433,37.5%,37.5%,25.0%,46.7%,77.3%,82.4%,17.4%,23.8%,122
Anderson (SC),Zach Stover,All,443,88,84.5,97.7,102.8,18.2%,16.1°,13.1°,40.9,0.0%,0,0.28,0.247,0.356,0.343,31.8%,30.7%,30.7%,45.6%,73.0%,86.9%,27.2%,25.2%,111
Wofford,Tanner Hardin,All,524,92,79.8,94.2,100.4,12.0%,-2.1°,-5.5°,28.3,0.0%,0,0.355,0.277,0.356,0.331,60.9%,10.9%,26.1%,42.0%,62.3%,91.1%,23.2%,14.5%,98
Mercyhurst,Chris Juchno,All,110,12,79.3,102.1,102.6,33.3%,16.2°,20.8°,50.0,8.3%,1,0.211,0.182,0.356,0.335,25.0%,25.0%,41.7%,48.2%,75.6%,73.5%,29.2%,28.3%,103
Embry-Riddle (AZ),Connor Rosinski,All,50,8,80.5,89.5,89.8,12.5%,-13.6°,-,37.5,0.0%,0,0.3,0.312,0.356,0.348,50.0%,0.0%,37.5%,52.0%,80.0%,100.0%,33.3%,15.4%,161
Connecticut,Carter Groen,All,45,7,86.7,104.5,107.5,28.6%,2.2°,-4.8°,42.9,14.3%,1,0.333,0.231,0.356,0.348,42.9%,0.0%,42.9%,53.3%,85.0%,82.4%,28.0%,33.3%,133
Le Moyne,Benji Ries,All,58,9,80.5,93.5,95.8,11.1%,2.3°,21.1°,33.3,0.0%,0,0.273,0.271,0.356,0.346,55.6%,11.1%,33.3%,31.0%,52.4%,100.0%,18.9%,5.6%,86
Campbell,Jackson Thompson,All,693,94,85.7,101.9,106.7,28.7%,8.7°,12.7°,33.0,2.1%,2,0.269,0.289,0.356,0.405,48.9%,16.0%,31.9%,31.9%,54.6%,88.2%,15.1%,19.0%,126
Virginia Tech,David Lewis,All,634,79,94.1,107.8,111.0,63.3%,11.6°,17.0°,43.0,15.2%,12,0.23,0.301,0.356,0.451,40.5%,27.8%,29.1%,40.9%,63.7%,83.5%,24.3%,29.0%,99
Loyola-New Orleans,Garrett Felix,All,51,10,81.4,100.0,103.4,30.0%,8.7°,19.2°,40.0,10.0%,1,0.273,0.302,0.356,0.423,40.0%,30.0%,30.0%,43.1%,90.0%,94.4%,12.9%,4.5%,183
Dallas Baptist,Joey Nerat,All,582,83,90.8,109.1,113.7,47.0%,-1.9°,5.9°,27.7,7.2%,6,0.272,0.264,0.356,0.365,56.6%,12.0%,27.7%,42.1%,65.0%,81.9%,25.3%,30.2%,92
Saint Louis,JT Crabbe,All,56,5,88.5,99.7,101.6,60.0%,9.6°,20.3°,20.0,20.0%,1,0.25,0.141,0.356,0.244,40.0%,60.0%,0.0%,44.6%,65.2%,66.7%,30.3%,48.0%,123
UMass Lowell,Alex Luccini,All,233,43,85.5,106.1,109.0,37.2%,1.7°,15.2°,39.5,11.6%,5,0.271,0.262,0.356,0.365,44.2%,23.3%,25.6%,52.4%,75.2%,82.9%,32.3%,27.0%,82
Southern Indiana,Clayton Slack,All,370,72,82.3,99.0,102.6,18.1%,5.4°,10.6°,31.9,0.0%,0,0.307,0.262,0.356,0.326,52.8%,19.4%,23.6%,44.1%,65.8%,89.6%,27.3%,19.0%,95
Georgia,Tre Phelps,All,656,113,89.0,106.0,110.4,42.5%,14.2°,15.0°,30.1,9.7%,11,0.272,0.283,0.356,0.384,44.2%,31.0%,21.2%,46.0%,62.2%,82.7%,34.1%,26.8%,49
George Fox,Kaden Oshiro,All,37,6,76.4,86.9,87.5,0.0%,6.1°,-,50.0,0.0%,0,0.333,0.31,0.356,0.343,66.7%,0.0%,33.3%,48.6%,75.0%,93.3%,17.6%,22.2%,169
George Washington,Robbie Lavey,All,681,133,89.3,103.4,107.3,37.6%,8.1°,10.2°,33.1,2.3%,3,0.288,0.298,0.356,0.374,44.4%,23.3%,27.8%,45.7%,72.6%,80.9%,24.1%,26.7%,106
Omaha,Cardel Dick,All,303,45,86.5,102.2,103.0,31.1%,16.1°,21.5°,24.4,4.4%,2,0.277,0.216,0.356,0.346,33.3%,37.8%,15.6%,43.9%,68.8%,76.8%,23.0%,26.3%,97
Indiana State,Jorge Cartagena,All,148,25,94.5,104.0,105.1,56.0%,8.3°,10.8°,32.0,4.0%,1,0.273,0.286,0.356,0.377,52.0%,20.0%,28.0%,46.6%,71.4%,84.0%,24.4%,24.6%,119
Concordia Texas,Landon Hyle,All,52,8,87.0,98.2,100.3,37.5%,13.8°,8.0°,50.0,0.0%,0,0.3,0.34,0.356,0.399,37.5%,25.0%,37.5%,46.2%,63.6%,100.0%,41.5%,16.7%,5
UC Irvine,James Castagnola,All,307,45,88.9,103.3,108.1,53.3%,7.1°,15.0°,33.3,6.7%,3,0.267,0.24,0.355,0.345,42.2%,33.3%,20.0%,42.7%,65.5%,83.5%,21.4%,22.9%,124
Western Illinois,Matt Olive,All,200,25,85.3,105.3,107.5,44.0%,2.1°,17.8°,36.0,12.0%,3,0.222,0.253,0.355,0.401,52.0%,24.0%,24.0%,43.0%,69.7%,80.4%,29.9%,34.9%,58
Winthrop,Cole Yearsley,All,488,82,84.9,97.5,103.5,20.7%,20.5°,16.3°,34.1,1.2%,1,0.242,0.215,0.355,0.348,30.5%,40.2%,22.0%,32.6%,55.8%,91.7%,14.3%,11.3%,116
USF,Matthew Buffington,All,71,5,68.4,87.8,94.1,0.0%,7.0°,-,20.0,0.0%,0,0.125,0.101,0.355,0.311,40.0%,40.0%,20.0%,31.0%,53.6%,80.0%,16.3%,27.3%,123
Marshall,Tyler Kamerer,All,639,148,87.2,99.2,104.8,32.4%,1.4°,5.7°,33.1,0.0%,0,0.301,0.293,0.355,0.354,51.4%,16.9%,27.7%,44.4%,68.6%,92.0%,24.4%,13.0%,107
South Carolina,KJ Scobey,All,726,128,90.1,104.5,110.6,45.3%,6.6°,13.9°,40.6,12.5%,16,0.267,0.288,0.355,0.405,42.2%,25.0%,30.5%,52.5%,75.3%,82.3%,35.6%,31.2%,49
UNC Greensboro,Brantley Truitt,All,610,93,86.6,103.2,108.0,39.8%,5.6°,7.7°,24.7,3.2%,3,0.289,0.242,0.355,0.326,54.8%,21.5%,20.4%,40.7%,61.3%,91.2%,27.3%,17.3%,80
Lenoir-Rhyne,Alex Khan,All,203,29,86.6,99.1,101.0,37.9%,4.0°,10.7°,27.6,0.0%,0,0.293,0.253,0.355,0.357,55.2%,10.3%,24.1%,35.5%,58.9%,83.7%,22.3%,20.8%,118
Southeastern Louisiana,Peyton Woods,All,145,20,85.4,103.3,103.8,25.0%,7.0°,5.7°,30.0,0.0%,0,0.344,0.235,0.355,0.253,45.0%,25.0%,25.0%,49.7%,64.9%,91.9%,39.8%,23.6%,38
Alabama State,Kameron Douglas,All,480,78,89.1,108.6,112.6,42.3%,14.3°,10.1°,28.2,7.7%,6,0.271,0.266,0.355,0.354,47.4%,28.2%,20.5%,39.4%,60.5%,83.1%,24.9%,29.6%,72
Arkansas,Nolan Souza,All,433,55,88.0,107.1,114.4,43.6%,10.1°,16.7°,43.6,5.5%,3,0.244,0.257,0.355,0.385,38.2%,27.3%,32.7%,41.6%,67.1%,73.2%,25.6%,35.0%,92
Pepperdine,Nick Upstill,All,386,83,81.6,98.9,100.9,21.7%,4.2°,13.6°,33.7,2.4%,2,0.309,0.28,0.355,0.334,51.8%,21.7%,22.9%,53.6%,82.4%,90.0%,31.0%,15.5%,100
Southwestern (TX),Tres Organ,All,185,32,77.7,89.9,95.6,3.1%,12.7°,3.6°,28.1,0.0%,0,0.263,0.244,0.355,0.318,50.0%,28.1%,21.9%,38.4%,57.1%,92.5%,27.0%,15.5%,34
UT Tyler,Ethan Menard,All,156,29,86.2,101.7,107.6,31.0%,14.5°,16.4°,44.8,3.4%,1,0.286,0.275,0.355,0.361,37.9%,17.2%,27.6%,49.4%,69.0%,85.0%,37.8%,28.6%,69
Wagner,Nick Mazzotta,All,121,28,86.7,100.7,106.8,39.3%,8.4°,10.1°,35.7,0.0%,0,0.31,0.352,0.355,0.415,42.9%,21.4%,35.7%,40.5%,67.3%,83.8%,18.2%,18.4%,117
Illinois Springfield,Mack Clark,All,73,16,87.1,103.4,106.5,43.8%,-2.5°,10.0°,43.8,6.2%,1,0.316,0.364,0.355,0.411,62.5%,6.2%,31.2%,49.3%,76.0%,94.7%,35.4%,19.4%,80
Youngstown State,Nathan Beckley,All,377,61,87.5,100.4,107.3,34.4%,9.8°,11.9°,45.9,4.9%,3,0.28,0.248,0.355,0.344,45.9%,36.1%,16.4%,40.1%,60.4%,84.9%,26.0%,27.2%,67
Young Harris,Carlos Martans,All,370,58,80.8,96.4,98.7,13.8%,3.5°,13.4°,43.1,0.0%,0,0.263,0.273,0.355,0.365,51.7%,12.1%,32.8%,42.4%,73.0%,84.5%,19.4%,19.7%,148
Eastern Illinois,Samuel Wiese,All,71,20,85.1,100.6,103.6,35.0%,9.5°,6.3°,35.0,0.0%,0,0.381,0.339,0.355,0.365,50.0%,15.0%,35.0%,54.9%,64.9%,91.7%,44.1%,17.9%,71
Oklahoma,Mason Hamlin,All,146,24,81.3,98.2,99.1,25.0%,-11.2°,0.6°,16.7,0.0%,0,0.241,0.226,0.355,0.347,79.2%,8.3%,12.5%,31.5%,47.7%,96.8%,18.5%,17.4%,106
Limestone,Corey Hodierne,All,390,92,71.6,87.8,91.3,0.0%,2.6°,-,31.5,0.0%,0,0.36,0.241,0.355,0.315,54.3%,13.0%,28.3%,50.8%,69.3%,91.9%,35.1%,8.6%,83
Mars Hill,Walker Fox,All,388,71,81.9,100.7,104.1,29.6%,13.3°,16.1°,43.7,4.2%,3,0.239,0.268,0.355,0.379,31.0%,29.6%,32.4%,42.0%,72.1%,83.7%,25.8%,25.2%,108
Ohio State,Will Carpenter,All,522,71,87.3,99.5,105.7,32.4%,17.8°,16.6°,40.8,2.8%,2,0.252,0.235,0.354,0.338,32.4%,28.2%,31.0%,37.4%,57.3%,84.1%,20.3%,23.6%,107
Pittsburgh,Sebastian Pisacreta,All,648,92,90.3,105.0,108.6,53.3%,15.5°,19.0°,40.2,8.7%,8,0.231,0.265,0.354,0.398,30.4%,39.1%,23.9%,39.5%,64.8%,78.3%,21.4%,28.1%,122
Tulane,Tanner Chun,All,658,102,87.7,102.6,108.7,39.2%,11.0°,10.5°,28.4,4.9%,5,0.225,0.226,0.354,0.334,44.1%,27.5%,19.6%,41.6%,65.8%,90.5%,24.6%,21.9%,99
Winthrop,Nathanial Chronis,All,719,123,85.4,98.2,101.6,30.1%,8.7°,14.6°,34.1,0.0%,0,0.29,0.275,0.354,0.363,44.7%,24.4%,26.0%,39.9%,64.8%,89.1%,21.0%,18.1%,106
Webber International,Ryan Recio,All,189,30,89.6,101.6,103.6,40.0%,13.1°,12.0°,26.7,6.7%,2,0.222,0.254,0.354,0.35,46.7%,13.3%,26.7%,37.6%,67.1%,80.4%,17.7%,19.7%,109
Abilene Christian,Nick Arias,All,646,104,87.9,102.6,110.9,35.6%,-0.4°,-0.4°,26.9,1.0%,1,0.254,0.281,0.354,0.383,54.8%,7.7%,27.9%,34.2%,58.1%,87.9%,17.0%,18.1%,111
Purdue,CJ Richmond,All,488,62,92.0,108.3,113.6,51.6%,15.3°,10.6°,30.6,16.1%,10,0.216,0.267,0.354,0.391,40.3%,30.6%,24.2%,42.8%,74.2%,72.5%,23.5%,40.2%,125
Berry,Riley Uhls,All,40,8,90.7,101.0,104.1,37.5%,9.5°,12.8°,12.5,0.0%,0,0.3,0.292,0.354,0.374,50.0%,25.0%,25.0%,35.0%,69.2%,88.9%,18.5%,21.4%,116
Northwestern State,Clay Jung,All,158,26,86.2,101.8,103.7,15.4%,4.7°,10.2°,15.4,0.0%,0,0.286,0.185,0.354,0.28,53.8%,15.4%,15.4%,36.7%,55.7%,84.6%,21.6%,22.4%,104
Southeast Missouri,Shea McGahan,All,381,51,87.4,100.7,104.7,25.5%,10.6°,10.0°,37.3,0.0%,0,0.23,0.234,0.354,0.374,39.2%,15.7%,29.4%,30.4%,55.1%,84.0%,15.0%,19.0%,123
Coastal Carolina,Blake Barthol,All,1160,164,87.4,105.0,110.0,38.4%,11.2°,20.1°,40.2,9.1%,15,0.265,0.278,0.354,0.402,38.4%,31.7%,28.0%,44.1%,68.6%,81.6%,24.0%,23.8%,112
Cal State Fullerton,Max Ortega,All,578,89,88.8,105.1,107.4,38.2%,4.8°,6.9°,23.6,9.0%,8,0.267,0.255,0.354,0.359,56.2%,21.3%,15.7%,40.5%,60.5%,85.7%,23.4%,21.4%,75
CLA_CLA,Alex Henderson,All,153,15,86.7,102.2,104.2,40.0%,-2.3°,0.3°,40.0,0.0%,0,0.2,0.217,0.354,0.373,46.7%,20.0%,33.3%,35.9%,53.7%,75.9%,26.3%,30.9%,66
UNC Greensboro,JJ Parsons,All,255,37,84.9,100.7,101.7,32.4%,14.6°,18.2°,35.1,5.4%,2,0.25,0.244,0.354,0.338,37.8%,27.0%,32.4%,42.0%,60.7%,80.9%,27.3%,29.9%,61
Berry,Alex Knapp,All,48,6,94.5,103.5,105.7,50.0%,5.8°,14.5°,33.3,0.0%,0,0.3,0.297,0.354,0.397,50.0%,16.7%,33.3%,43.8%,80.0%,81.2%,17.9%,28.6%,113
Texas State,Chase Mora,All,879,167,88.3,103.4,108.0,41.3%,5.4°,5.6°,32.9,3.0%,5,0.27,0.271,0.354,0.345,47.3%,18.0%,25.7%,48.6%,69.5%,83.5%,31.7%,23.2%,87
Wake Forest,Chris Katz,All,167,23,92.2,107.5,110.8,47.8%,29.4°,23.6°,26.1,13.0%,3,0.235,0.236,0.354,0.393,17.4%,43.5%,17.4%,39.5%,72.2%,82.7%,14.7%,22.7%,139
Notre Dame,DM Jefferson,All,548,68,87.5,103.8,106.1,33.8%,1.3°,5.9°,26.5,1.5%,1,0.258,0.216,0.354,0.348,55.9%,19.1%,20.6%,32.8%,54.3%,76.5%,15.7%,28.3%,114
Kansas,Ian Francis,All,636,93,87.1,104.5,112.5,40.9%,8.3°,11.2°,32.3,4.3%,4,0.258,0.27,0.354,0.36,48.4%,29.0%,20.4%,41.5%,64.8%,83.3%,22.3%,27.7%,95
UT Tyler,Kyle Atkinson,All,170,19,89.9,101.4,103.5,31.6%,17.7°,19.0°,52.6,0.0%,0,0.28,0.218,0.354,0.38,26.3%,26.3%,42.1%,42.4%,66.7%,87.5%,24.5%,26.4%,127
Lipscomb,Collin Goda,All,278,45,85.3,98.9,104.3,31.1%,15.8°,10.6°,35.6,0.0%,0,0.254,0.246,0.354,0.354,31.1%,35.6%,28.9%,36.3%,53.8%,88.6%,20.9%,21.8%,73
Arkansas State,Patrick Engskov,All,773,145,83.5,103.6,107.5,35.2%,12.2°,11.4°,31.0,3.4%,5,0.283,0.247,0.354,0.321,45.5%,27.6%,21.4%,45.7%,67.9%,88.1%,27.6%,20.7%,85
Georgia Southwestern,Evan Wainman,All,74,16,84.0,102.5,107.1,25.0%,15.5°,8.6°,43.8,0.0%,0,0.316,0.228,0.354,0.307,25.0%,43.8%,25.0%,45.9%,75.0%,87.5%,23.8%,20.6%,109
Little Rock,Angel Cano,All,206,44,88.6,104.9,106.6,38.6%,8.5°,9.8°,31.8,11.4%,5,0.276,0.295,0.354,0.357,45.5%,18.2%,29.5%,56.8%,78.6%,88.9%,35.0%,21.4%,61
Western Carolina,Elijah Smith,All,611,124,89.5,105.5,111.5,37.9%,3.7°,2.9°,27.4,3.2%,4,0.299,0.274,0.354,0.329,52.4%,21.0%,19.4%,54.0%,80.1%,79.0%,33.7%,29.7%,82
Marist,Jason Claiborn,All,218,32,82.3,98.4,101.8,25.0%,-5.2°,0.0°,25.0,0.0%,0,0.283,0.236,0.354,0.324,68.8%,3.1%,25.0%,41.7%,72.1%,77.4%,22.0%,27.5%,137
East Tennessee State,Joey Little,All,335,70,85.4,100.0,103.0,22.9%,11.6°,11.0°,38.6,2.9%,2,0.318,0.313,0.354,0.361,40.0%,24.3%,31.4%,49.3%,65.6%,92.5%,33.7%,19.4%,77
California Lutheran,Lucas Danielewicz,All,43,17,83.8,96.8,97.9,29.4%,14.0°,-0.4°,35.3,0.0%,0,0.333,0.373,0.354,0.375,29.4%,23.5%,35.3%,46.5%,76.2%,100.0%,18.2%,5.0%,123
UMass,Reece McCarthy,All,87,14,87.3,94.1,94.6,7.1%,6.7°,-5.8°,28.6,0.0%,0,0.3,0.234,0.354,0.315,50.0%,7.1%,28.6%,42.5%,62.8%,85.2%,22.7%,18.9%,111
California,Carl Schmidt,All,647,96,92.2,103.9,111.7,49.0%,9.1°,7.8°,36.5,6.2%,6,0.275,0.283,0.353,0.359,44.8%,20.8%,31.2%,42.8%,66.7%,82.3%,22.6%,29.2%,102
Vanderbilt,Brodie Johnston,All,897,147,88.0,107.6,113.8,38.8%,18.3°,16.6°,32.7,8.2%,12,0.256,0.245,0.353,0.318,36.7%,32.7%,22.4%,54.2%,74.7%,77.4%,39.2%,33.7%,51
UT Arlington,Geoff Marlow,All,123,20,82.8,106.2,109.2,30.0%,11.0°,10.3°,10.0,0.0%,0,0.269,0.24,0.353,0.351,55.0%,30.0%,10.0%,31.7%,58.0%,82.8%,13.7%,25.6%,111
Northeastern,Will Fosberg,All,222,29,87.3,102.3,103.7,31.0%,11.6°,14.9°,37.9,6.9%,2,0.256,0.266,0.353,0.391,44.8%,27.6%,27.6%,37.4%,66.3%,83.6%,20.1%,27.7%,128
USC Aiken,Donovan Glisson,All,123,21,83.9,101.1,103.7,23.8%,9.3°,11.1°,33.3,0.0%,0,0.292,0.319,0.353,0.388,42.9%,19.0%,28.6%,35.0%,63.8%,93.3%,17.1%,14.0%,100
Charleston Southern,Blake Edgmon,All,585,95,83.5,102.9,106.3,24.2%,12.7°,11.9°,40.0,1.1%,1,0.296,0.271,0.353,0.348,42.1%,18.9%,30.5%,36.1%,55.0%,92.6%,24.7%,19.0%,95
UCF,Erick Almonte,All,43,7,90.8,92.6,95.2,42.9%,4.9°,-1.9°,0.0,0.0%,0,0.143,0.342,0.353,0.426,71.4%,14.3%,0.0%,25.6%,50.0%,75.0%,11.1%,18.2%,106
Oral Roberts,Ethan Fender,All,144,26,91.3,101.2,103.9,53.8%,13.5°,21.6°,50.0,11.5%,3,0.27,0.29,0.353,0.402,26.9%,38.5%,19.2%,54.9%,71.6%,77.1%,40.3%,30.4%,89
Santa Clara,Tate Medicoff,All,354,47,90.5,108.8,110.8,40.4%,19.1°,8.4°,31.9,8.5%,4,0.27,0.233,0.353,0.338,36.2%,25.5%,25.5%,42.1%,64.1%,77.0%,24.7%,32.9%,75
Arizona,Garen Caulfield,All,952,174,93.0,106.3,112.2,52.3%,10.6°,10.7°,28.7,6.3%,11,0.263,0.301,0.353,0.398,47.7%,23.6%,23.0%,42.8%,67.8%,87.6%,22.2%,21.1%,107
Louisiana Tech,Trey Hawsey,All,487,83,90.7,106.8,109.1,47.0%,17.2°,18.6°,42.2,6.0%,5,0.257,0.309,0.353,0.416,30.1%,28.9%,34.9%,44.6%,68.2%,86.3%,26.0%,23.0%,92
Florida Atlantic,Brando Leroux,All,266,55,80.0,99.0,101.7,20.0%,12.0°,10.6°,36.4,1.8%,1,0.338,0.25,0.353,0.288,41.8%,20.0%,30.9%,50.0%,69.4%,86.7%,36.7%,24.1%,55
UTRGV,Rene Galvan,All,203,29,85.7,103.8,103.9,44.8%,2.6°,11.8°,41.4,6.9%,2,0.268,0.268,0.353,0.376,48.3%,20.7%,31.0%,37.4%,60.7%,85.2%,19.3%,28.9%,120
Cal State Northridge,Matthew Pena,All,518,77,94.5,105.4,109.0,54.5%,28.7°,26.9°,28.6,11.7%,9,0.243,0.234,0.353,0.375,18.2%,51.9%,20.8%,45.2%,74.7%,73.0%,21.1%,35.5%,105
Quinnipiac,James Marino,All,122,18,80.9,107.8,108.6,33.3%,7.0°,2.9°,11.1,0.0%,0,0.292,0.208,0.353,0.268,55.6%,27.8%,11.1%,39.3%,61.2%,90.0%,24.7%,18.8%,76
Lehigh,Owen Walewander,All,486,85,86.2,103.7,107.4,32.9%,8.0°,8.7°,32.9,1.2%,1,0.287,0.283,0.353,0.351,47.1%,25.9%,23.5%,42.6%,68.0%,92.7%,27.5%,16.9%,105
Saint Louis,Austin Neuweg,All,354,64,85.6,101.7,105.1,31.2%,14.2°,12.1°,39.1,6.2%,4,0.279,0.269,0.353,0.359,43.8%,28.1%,26.6%,46.6%,74.5%,80.6%,27.3%,26.7%,89
Albany,Luke Filippi,All,374,52,82.9,100.7,104.8,32.7%,5.7°,12.9°,40.4,1.9%,1,0.284,0.238,0.353,0.306,53.8%,11.5%,28.8%,45.7%,74.3%,79.4%,27.8%,34.5%,103
Millersville,Bren Taylor,All,221,46,82.8,93.3,95.2,2.2%,6.2°,16.5°,39.1,0.0%,0,0.267,0.308,0.353,0.384,52.2%,13.0%,34.8%,33.5%,59.3%,92.6%,15.4%,8.1%,134
NC State,Luke Nixon,All,914,163,86.7,101.6,105.7,37.4%,16.2°,12.5°,33.7,1.2%,2,0.282,0.257,0.353,0.348,36.8%,27.6%,27.0%,42.9%,64.4%,86.6%,23.8%,18.4%,106
Tusculum,Ty Smith,All,353,78,84.1,103.0,108.6,28.2%,4.0°,10.7°,37.2,5.1%,4,0.299,0.266,0.353,0.324,48.7%,26.9%,23.1%,53.8%,74.3%,89.1%,39.0%,24.2%,79
USF,Carlos Jacome,All,506,89,85.4,100.9,103.4,31.5%,10.5°,9.5°,33.7,2.2%,2,0.282,0.265,0.353,0.335,49.4%,18.0%,24.7%,39.7%,60.9%,89.8%,22.8%,15.9%,96
Lehigh,EJ Betances,All,220,36,81.6,98.1,100.4,22.2%,8.3°,16.4°,38.9,0.0%,0,0.275,0.259,0.353,0.328,38.9%,27.8%,30.6%,46.4%,72.7%,76.4%,24.8%,33.3%,93
Lafayette,Michael Zarrillo,All,648,126,85.5,103.0,107.9,32.5%,15.2°,14.6°,36.5,1.6%,2,0.29,0.26,0.352,0.328,37.3%,28.6%,30.2%,49.5%,78.2%,87.3%,28.9%,25.2%,105
VMI,Kazuya Jordan,All,585,96,81.2,98.6,103.9,19.8%,15.2°,11.2°,29.2,2.1%,2,0.304,0.214,0.352,0.304,41.7%,30.2%,20.8%,41.5%,61.6%,86.0%,23.2%,18.5%,99
Fairleigh Dickinson,Anthony Chiappetta,All,81,11,82.2,93.0,93.2,0.0%,3.6°,-,63.6,0.0%,0,0.25,0.23,0.352,0.353,36.4%,18.2%,45.5%,44.4%,77.4%,75.0%,24.0%,41.7%,142
Anderson (SC),Ben Bullard,All,325,75,84.3,98.7,103.0,20.0%,11.3°,17.0°,40.0,0.0%,0,0.319,0.263,0.352,0.334,40.0%,20.0%,32.0%,52.3%,75.4%,83.7%,35.3%,23.5%,83
Villanova,John Freitag,All,544,84,83.8,101.2,106.2,35.7%,4.8°,6.4°,27.4,1.2%,1,0.26,0.272,0.352,0.371,59.5%,17.9%,19.0%,35.1%,55.3%,89.3%,19.5%,18.8%,104
Illinois State,Graham Mastros,All,499,95,87.2,102.4,108.0,37.9%,12.6°,17.1°,35.8,3.2%,3,0.294,0.258,0.352,0.359,37.9%,29.5%,27.4%,44.9%,72.1%,83.5%,23.6%,24.6%,106
Albany,Louis Kaleb,All,32,8,78.2,84.9,85.3,0.0%,-4.6°,-,0.0,0.0%,0,0.333,0.196,0.352,0.243,75.0%,12.5%,0.0%,46.9%,66.7%,100.0%,35.0%,26.7%,46
St. Bonaventure,Brian Carrothers Jr,All,77,11,86.2,100.2,102.1,36.4%,7.2°,10.5°,18.2,0.0%,0,0.25,0.209,0.352,0.317,63.6%,27.3%,9.1%,37.7%,64.1%,68.0%,10.5%,37.9%,89
Dallas,Ryan Metcalf,All,47,6,78.0,97.2,97.7,33.3%,-7.3°,2.2°,33.3,0.0%,0,0.333,0.307,0.352,0.342,66.7%,0.0%,33.3%,36.2%,60.9%,71.4%,12.5%,35.3%,114
King,Patrick Corley,All,51,6,76.4,99.2,100.8,16.7%,-14.8°,5.4°,16.7,0.0%,0,0.375,0.267,0.352,0.373,66.7%,0.0%,16.7%,31.4%,61.9%,92.3%,10.0%,12.5%,176
Arizona State,Josiah Cromwick,All,523,85,87.6,106.6,109.7,42.4%,23.5°,20.1°,34.1,12.9%,11,0.234,0.229,0.352,0.322,28.2%,44.7%,24.7%,53.9%,72.8%,73.4%,40.5%,33.7%,57
UC Davis,Mark Wolbert,All,300,53,87.4,99.2,101.3,32.1%,10.8°,16.7°,30.2,0.0%,0,0.303,0.269,0.352,0.366,43.4%,30.2%,24.5%,49.0%,75.3%,90.0%,24.0%,17.7%,99
East Carolina,Ryley Johnson,All,239,44,79.8,99.4,104.2,27.3%,9.3°,22.7°,40.9,2.3%,1,0.283,0.258,0.352,0.344,34.1%,31.8%,29.5%,47.3%,67.6%,80.0%,29.7%,23.0%,84
Towson,Brett Ahalt,All,552,85,82.5,99.9,107.6,28.2%,6.6°,15.6°,42.4,2.4%,2,0.279,0.259,0.352,0.349,36.5%,15.3%,41.2%,47.6%,73.4%,75.7%,27.7%,34.2%,102
Angelo State,Chase Pendley,All,39,9,83.7,94.1,97.2,22.2%,14.4°,-1.5°,33.3,0.0%,0,0.375,0.35,0.352,0.406,44.4%,33.3%,22.2%,38.5%,62.5%,90.0%,21.7%,6.7%,173
Belmont,Michael Lareau,All,550,89,85.8,104.8,108.7,41.6%,0.3°,8.1°,24.7,2.2%,2,0.294,0.263,0.352,0.331,60.7%,16.9%,22.5%,44.9%,66.7%,85.1%,30.2%,28.7%,88
Hawaii,Shunske Sakaino,All,231,37,85.7,100.9,103.5,27.0%,9.4°,11.0°,27.0,5.4%,2,0.24,0.208,0.352,0.307,48.6%,35.1%,16.2%,39.8%,64.1%,84.8%,20.3%,28.3%,96
Gardner-Webb,Nick Capozzi,All,338,50,89.7,103.6,107.3,42.0%,11.4°,9.1°,34.0,4.0%,2,0.264,0.26,0.352,0.357,44.0%,24.0%,26.0%,42.0%,66.0%,80.0%,24.2%,31.7%,92
Mercer,Eli Stephens,All,242,35,87.5,104.3,107.7,37.1%,9.0°,17.5°,34.3,2.9%,1,0.269,0.25,0.352,0.332,40.0%,34.3%,25.7%,44.6%,65.5%,75.6%,24.4%,32.4%,79
St. Thomas (MN),Joe Roder,All,248,44,88.1,99.9,103.4,34.1%,10.6°,22.2°,25.0,6.8%,3,0.255,0.245,0.352,0.391,43.2%,25.0%,20.5%,32.7%,59.0%,83.9%,13.3%,19.8%,140
Wright State,Patrick Fultz,All,768,106,90.5,106.4,112.4,49.1%,6.0°,11.3°,31.1,7.5%,8,0.245,0.271,0.352,0.407,47.2%,22.6%,24.5%,46.5%,77.7%,75.9%,25.3%,33.1%,96
Texas A&M-Corpus Christi,Trey Cruz,All,161,34,92.3,108.5,109.5,50.0%,4.7°,10.6°,26.5,5.9%,2,0.262,0.313,0.352,0.383,58.8%,26.5%,14.7%,50.3%,76.7%,83.9%,28.4%,27.2%,121
Akron,Evan Bottone,All,782,153,84.9,99.4,104.5,24.8%,12.7°,10.3°,40.5,0.7%,1,0.315,0.3,0.351,0.359,41.2%,24.2%,32.0%,40.5%,58.7%,91.6%,24.5%,15.1%,85
VMI,Seth Buchanan,All,234,27,83.2,93.8,102.5,11.1%,11.7°,-4.4°,37.0,0.0%,0,0.238,0.185,0.351,0.29,37.0%,40.7%,18.5%,36.8%,61.0%,85.2%,18.7%,18.6%,95
Ashland,Kaiden Mastri,All,73,15,89.5,96.3,103.6,26.7%,16.3°,-0.1°,26.7,0.0%,0,0.267,0.296,0.351,0.381,46.7%,26.7%,20.0%,34.2%,62.1%,94.4%,15.9%,12.0%,143
Northeastern,Carter Bentley,All,45,5,78.4,91.9,94.1,0.0%,8.4°,-,40.0,0.0%,0,0.167,0.217,0.351,0.347,40.0%,40.0%,20.0%,31.1%,38.9%,71.4%,25.9%,28.6%,133
Rhodes,Myles Kruger,All,45,6,82.0,99.0,99.3,33.3%,20.3°,16.8°,16.7,0.0%,0,0.125,0.185,0.351,0.337,50.0%,33.3%,0.0%,42.2%,75.0%,73.3%,16.0%,26.3%,165
Lehigh,Jake Whitlinger,All,596,123,83.4,99.1,102.5,24.4%,7.3°,14.3°,33.3,1.6%,2,0.296,0.303,0.351,0.366,48.0%,22.0%,25.2%,40.4%,62.3%,91.4%,25.3%,14.5%,116
Baylor,Gavin Brzozowski,All,261,41,91.6,104.5,104.7,41.5%,8.8°,12.1°,26.8,4.9%,2,0.232,0.256,0.351,0.388,46.3%,22.0%,24.4%,37.5%,62.3%,81.7%,18.4%,22.4%,117
Yale,Garrett Larsen,All,470,96,82.6,95.8,99.6,12.5%,6.0°,9.2°,24.0,0.0%,0,0.303,0.236,0.351,0.28,51.0%,24.0%,20.8%,46.6%,66.8%,90.3%,29.2%,14.6%,62
Purdue,Brandon Rogers,All,354,45,87.2,103.0,106.3,31.1%,16.4°,17.1°,46.7,2.2%,1,0.286,0.21,0.351,0.322,28.9%,26.7%,35.6%,48.6%,72.5%,75.9%,31.2%,35.5%,93
Baylor,Ty Johnson,All,786,123,87.6,102.3,106.2,32.5%,4.2°,6.0°,20.3,1.6%,2,0.265,0.244,0.351,0.363,56.1%,21.1%,17.1%,38.3%,60.6%,84.7%,20.0%,22.6%,111
Saint Peter's,Logan Baker,All,97,21,82.1,94.7,96.8,9.5%,13.2°,12.3°,52.4,0.0%,0,0.36,0.373,0.351,0.388,38.1%,14.3%,47.6%,44.3%,61.4%,92.6%,30.2%,18.6%,78
Lipscomb,Jake Berg,All,584,114,86.6,102.2,108.1,24.6%,16.7°,11.9°,32.5,1.8%,2,0.287,0.29,0.351,0.373,36.0%,24.6%,28.9%,42.5%,68.1%,89.5%,23.1%,20.2%,111
USC,Bryce Martin-Grudzielanek,All,1023,177,90.5,105.8,115.8,49.7%,12.2°,10.4°,32.2,6.2%,11,0.291,0.283,0.351,0.377,42.9%,24.9%,23.2%,43.2%,61.1%,81.9%,28.9%,25.6%,79
St. Thomas (FL),Angel Piloto,All,413,70,89.7,106.2,111.6,41.4%,8.5°,13.9°,30.0,10.0%,7,0.272,0.275,0.351,0.378,44.3%,32.9%,21.4%,51.6%,68.1%,74.2%,38.5%,26.8%,57
UC Riverside,Jacob Badawi,All,142,33,82.8,99.0,101.7,27.3%,7.8°,11.4°,24.2,0.0%,0,0.297,0.249,0.351,0.287,42.4%,18.2%,27.3%,51.4%,81.8%,79.6%,25.0%,21.9%,105
King,Truman Roper,All,55,15,85.1,100.9,104.5,20.0%,14.7°,22.6°,26.7,6.7%,1,0.25,0.292,0.351,0.355,40.0%,26.7%,20.0%,41.8%,65.2%,93.3%,25.0%,21.7%,70
Virginia Tech,Henry Cooke,All,651,114,90.2,106.3,113.5,49.1%,12.7°,11.5°,33.3,7.9%,9,0.259,0.297,0.351,0.404,43.0%,23.7%,25.4%,43.8%,63.4%,76.2%,27.9%,30.2%,91
Memphis,Cade Greer,All,479,63,83.7,98.0,100.0,14.3%,0.8°,16.8°,33.3,1.6%,1,0.267,0.219,0.351,0.303,52.4%,15.9%,27.0%,36.3%,55.8%,82.8%,16.7%,21.8%,84
California,Ryan Tayman,All,476,86,89.1,107.9,110.4,46.5%,15.9°,19.1°,38.4,10.5%,9,0.275,0.272,0.351,0.373,36.0%,31.4%,27.9%,51.7%,70.5%,75.8%,35.9%,35.8%,61
Toledo,Troy Sudbrook,All,726,147,88.2,103.6,108.4,39.5%,12.3°,10.3°,28.6,4.1%,6,0.287,0.297,0.351,0.367,43.5%,25.9%,25.9%,47.7%,68.4%,89.6%,32.2%,20.8%,69
Washington,Samuel DeCarlo,All,692,98,90.6,103.3,108.0,48.0%,9.5°,11.2°,32.7,5.1%,5,0.254,0.259,0.351,0.366,42.9%,28.6%,26.5%,38.2%,59.7%,80.7%,22.2%,26.5%,109
California Lutheran,Alec Garcia,All,65,15,88.0,100.5,102.6,33.3%,5.8°,-2.2°,40.0,0.0%,0,0.308,0.357,0.351,0.431,46.7%,20.0%,33.3%,43.1%,78.3%,100.0%,23.8%,10.7%,130
Alabama,Coleman Mizell,All,765,107,89.9,106.0,109.3,44.9%,10.9°,15.0°,36.4,13.1%,14,0.233,0.304,0.351,0.436,44.9%,30.8%,23.4%,36.5%,66.7%,79.2%,15.0%,26.2%,123
California PA,Nathan Meeks,All,54,14,79.8,94.9,96.5,14.3%,-0.3°,6.2°,28.6,0.0%,0,0.375,0.271,0.351,0.26,42.9%,28.6%,28.6%,50.0%,79.3%,91.3%,16.0%,14.8%,100
George Washington,Charlie Rogan,All,753,130,89.6,101.9,105.6,42.3%,12.3°,9.6°,35.4,1.5%,2,0.271,0.296,0.35,0.368,41.5%,21.5%,32.3%,48.9%,71.2%,80.9%,32.7%,27.2%,59
Alabama State,Isaiah Landry,All,352,76,82.3,96.6,99.8,15.8%,14.9°,-1.1°,22.4,0.0%,0,0.318,0.255,0.35,0.299,46.1%,27.6%,21.1%,45.2%,63.2%,91.3%,29.6%,11.9%,59
University of Montevallo,Landon Leake,All,157,29,86.2,101.2,103.1,20.7%,6.6°,12.5°,31.0,3.4%,1,0.243,0.253,0.35,0.361,51.7%,27.6%,17.2%,39.5%,68.1%,79.6%,15.3%,29.0%,129
Loyola Marymount,Devan Ornelas,All,738,114,82.9,103.2,109.0,28.9%,14.4°,16.9°,40.4,8.8%,10,0.282,0.232,0.35,0.321,39.5%,27.2%,26.3%,47.8%,69.7%,79.6%,32.0%,30.3%,81
VCU,Nick Flores,All,668,144,86.1,99.3,103.5,27.1%,10.7°,13.3°,32.6,1.4%,2,0.286,0.28,0.35,0.347,47.9%,25.0%,25.0%,43.7%,65.5%,94.7%,27.0%,12.0%,99
Creighton,Tate Gillen,All,897,153,87.6,101.7,104.6,37.9%,7.8°,13.0°,43.1,3.3%,5,0.265,0.291,0.35,0.406,41.2%,21.6%,32.7%,35.8%,55.3%,93.7%,19.8%,13.7%,105
Fresno Pacific,Austin Cappas,All,79,8,93.6,106.4,106.8,50.0%,8.0°,17.6°,37.5,25.0%,2,0.143,0.28,0.35,0.495,50.0%,25.0%,25.0%,45.6%,72.4%,81.0%,30.0%,30.6%,114
North Georgia,Kyle Robitzsch,All,404,80,84.4,97.4,98.4,15.0%,7.6°,5.3°,35.0,0.0%,0,0.273,0.258,0.35,0.337,43.8%,22.5%,26.2%,36.9%,57.6%,96.1%,20.7%,7.4%,108
Stanford,Luke Lavin,All,274,40,85.6,101.2,104.0,40.0%,14.9°,22.1°,35.0,7.5%,3,0.241,0.251,0.35,0.381,35.0%,42.5%,20.0%,42.3%,65.0%,79.5%,24.7%,24.1%,102
Kansas State,Kyan Lodice,All,346,36,84.6,101.2,104.1,27.8%,7.0°,12.1°,27.8,0.0%,0,0.25,0.21,0.35,0.311,55.6%,27.8%,16.7%,36.4%,55.2%,88.8%,22.9%,19.8%,96
Francis Marion,Noah Stout,All,61,11,92.7,102.8,106.2,36.4%,19.9°,20.5°,72.7,18.2%,2,0.286,0.375,0.35,0.458,27.3%,18.2%,36.4%,47.5%,84.2%,93.8%,31.0%,17.2%,102
Penn State,Ryan Weingartner,All,910,153,88.6,104.3,106.2,45.1%,18.4°,23.2°,37.3,11.1%,17,0.236,0.254,0.35,0.406,30.7%,46.4%,19.6%,39.6%,70.8%,85.3%,15.7%,20.8%,138
William Carey,Josh Alexander,All,195,44,89.7,107.7,109.9,50.0%,7.8°,5.2°,25.0,9.1%,4,0.278,0.288,0.35,0.345,50.0%,29.5%,18.2%,53.3%,81.6%,84.5%,30.6%,26.9%,102
Southeastern Louisiana,Ben Robichaux,All,191,19,94.0,101.4,101.8,57.9%,12.9°,21.6°,21.1,10.5%,2,0.194,0.165,0.35,0.309,42.1%,42.1%,5.3%,41.4%,69.0%,67.2%,19.6%,39.2%,141
Nicholls,Karson Irvin,All,592,92,86.3,96.7,99.4,18.5%,1.3°,8.9°,32.6,0.0%,0,0.311,0.242,0.35,0.297,57.6%,7.6%,31.5%,42.6%,66.4%,80.6%,21.2%,28.6%,129
Southern Wesleyan,Griffin Pickhardt,All,227,37,84.3,95.9,98.9,13.5%,16.1°,20.2°,45.9,0.0%,0,0.306,0.206,0.35,0.296,27.0%,32.4%,37.8%,41.0%,71.8%,85.2%,22.5%,26.9%,117
Western Carolina,Cole Jones,All,529,84,87.1,105.3,111.0,36.9%,6.9°,19.4°,35.7,9.5%,8,0.231,0.295,0.35,0.421,46.4%,25.0%,26.2%,40.3%,67.6%,85.7%,17.9%,23.0%,121
Texas State,Travis Bragg,All,213,25,88.8,103.7,107.1,48.0%,9.1°,7.9°,36.0,8.0%,2,0.237,0.283,0.35,0.4,52.0%,12.0%,32.0%,38.0%,62.0%,84.2%,19.8%,24.7%,108
Merrimack,Jayden Hamilton,All,156,34,78.3,93.1,101.7,14.7%,9.2°,-0.1°,23.5,0.0%,0,0.282,0.259,0.35,0.304,47.1%,26.5%,23.5%,46.2%,74.3%,92.3%,23.3%,13.9%,115
George Fox,Danner Hamburg,All,104,19,78.3,91.0,93.9,0.0%,17.9°,-,47.4,0.0%,0,0.333,0.303,0.35,0.335,31.6%,31.6%,36.8%,36.5%,58.1%,96.0%,21.3%,13.2%,123
Valparaiso,Mathew Pigeon,All,45,8,89.3,99.9,100.0,62.5%,-0.3°,11.1°,37.5,0.0%,0,0.286,0.248,0.35,0.28,50.0%,12.5%,37.5%,42.2%,61.5%,81.2%,15.8%,31.6%,73
Jacksonville State,Ace Williamson,All,880,122,89.7,103.6,106.2,45.1%,13.0°,17.6°,36.9,8.2%,10,0.261,0.254,0.35,0.371,36.1%,30.3%,25.4%,48.3%,69.0%,82.8%,33.2%,27.3%,75
Austin Peay,Kyler Proctor,All,677,117,87.7,102.1,104.4,33.3%,10.1°,4.8°,33.3,1.7%,2,0.305,0.267,0.349,0.324,43.6%,23.9%,26.5%,48.6%,73.0%,83.2%,32.4%,29.5%,70
FGCU,Cayden Hessemyer,All,295,60,85.4,99.3,102.1,21.7%,8.4°,13.9°,40.0,1.7%,1,0.314,0.295,0.349,0.378,46.7%,23.3%,28.3%,40.3%,63.8%,90.1%,22.6%,21.0%,100
Lebanon Valley,Joseph Santora,All,36,5,80.0,89.4,90.1,0.0%,37.3°,-,20.0,0.0%,0,0.167,0.1,0.349,0.267,20.0%,60.0%,20.0%,25.0%,55.6%,100.0%,14.8%,11.1%,128
Stony Brook,Erik Paulsen Jr.,All,301,72,87.6,103.9,107.1,38.9%,14.8°,12.4°,30.6,1.4%,1,0.289,0.318,0.349,0.409,36.1%,27.8%,23.6%,49.2%,75.6%,91.7%,29.9%,13.5%,93
Georgia Tech,William Baker,All,423,70,90.7,102.9,108.8,41.4%,13.8°,17.9°,41.4,4.3%,3,0.256,0.26,0.349,0.367,37.1%,28.6%,30.0%,43.0%,64.9%,81.7%,24.5%,26.4%,104
Harvard,Sawyer Feller,All,372,60,87.3,104.9,107.8,38.3%,14.1°,7.7°,30.0,3.3%,2,0.273,0.255,0.349,0.347,43.3%,30.0%,21.7%,47.8%,77.8%,83.8%,23.4%,20.8%,127
Indiana,Jake Stadler,All,454,80,85.9,100.6,104.1,30.0%,16.9°,12.0°,27.5,1.2%,1,0.261,0.233,0.349,0.343,37.5%,37.5%,17.5%,36.6%,63.5%,98.4%,16.8%,10.8%,119
Columbus State,Cody Ferguson,All,112,26,86.0,93.9,96.4,3.8%,19.3°,12.5°,34.6,0.0%,0,0.267,0.245,0.349,0.302,38.5%,26.9%,23.1%,45.5%,79.5%,90.3%,27.4%,11.8%,120
VCU,Sean Swenson,All,729,117,88.8,106.4,111.9,36.8%,3.2°,12.2°,30.8,7.7%,9,0.255,0.251,0.349,0.378,47.0%,23.1%,23.9%,43.2%,69.1%,82.9%,24.7%,26.7%,95
Northern Kentucky,Brennan Rowe,All,328,37,92.4,104.3,109.2,56.8%,13.5°,11.3°,43.2,5.4%,2,0.242,0.229,0.349,0.313,37.8%,21.6%,37.8%,36.6%,59.3%,82.6%,18.6%,27.5%,101
MIT,Reed Tubbs,All,65,10,84.0,95.5,99.9,20.0%,-4.0°,6.6°,20.0,0.0%,0,0.308,0.294,0.349,0.335,70.0%,10.0%,20.0%,47.7%,69.0%,80.0%,30.6%,25.8%,63
Oklahoma,Dasan Harris,All,350,57,88.2,100.0,101.8,38.6%,3.4°,6.6°,29.8,3.5%,2,0.284,0.26,0.349,0.342,57.9%,19.3%,22.8%,48.0%,66.9%,89.2%,31.0%,24.4%,88
Dallas,Luke Gill,All,69,10,82.5,98.9,99.5,40.0%,0.1°,12.1°,40.0,0.0%,0,0.286,0.131,0.349,0.197,50.0%,30.0%,20.0%,59.4%,92.6%,76.0%,38.1%,26.8%,112
Charlotte,Chandler Riley,All,843,141,86.6,99.9,104.2,31.9%,13.5°,17.6°,39.7,5.7%,8,0.268,0.28,0.349,0.382,40.4%,28.4%,28.4%,42.1%,67.2%,87.3%,20.8%,18.3%,90
Southern Wesleyan,Tristan Tillman,All,215,35,77.0,93.3,98.6,5.7%,10.0°,16.9°,25.7,0.0%,0,0.279,0.199,0.349,0.281,48.6%,31.4%,17.1%,34.4%,60.8%,85.4%,19.1%,18.9%,134
Lenoir-Rhyne,Michael Logan,All,398,77,90.4,103.4,107.9,40.3%,7.4°,7.2°,26.0,1.3%,1,0.286,0.282,0.349,0.345,54.5%,15.6%,22.1%,42.5%,64.5%,86.9%,26.7%,18.9%,113
Saint Mary's (CA),Cody Kashimoto,All,941,145,82.6,98.9,104.0,13.8%,6.5°,10.0°,26.2,0.7%,1,0.292,0.252,0.349,0.338,49.7%,19.3%,24.1%,34.2%,56.5%,93.3%,17.9%,13.0%,119
Utah,Jack Kleveno,All,162,32,85.8,98.5,99.8,18.8%,13.8°,14.6°,50.0,0.0%,0,0.306,0.324,0.349,0.395,34.4%,21.9%,40.6%,40.1%,58.3%,90.5%,25.6%,16.9%,84
Jacksonville State,Sam Silas,All,446,71,83.4,99.5,100.6,28.2%,0.8°,0.9°,29.6,0.0%,0,0.302,0.255,0.349,0.322,56.3%,14.1%,25.4%,38.6%,57.4%,88.4%,23.9%,21.5%,103
Sacred Heart,Gavin Donahue,All,195,36,80.7,100.2,114.8,25.0%,3.3°,7.8°,30.6,2.8%,1,0.311,0.267,0.349,0.334,50.0%,16.7%,25.0%,40.5%,66.3%,89.1%,21.4%,19.0%,107
Georgia Southwestern,Brant Deerman,All,381,70,84.6,98.5,101.0,31.4%,6.2°,6.8°,35.7,0.0%,0,0.286,0.261,0.349,0.335,50.0%,20.0%,28.6%,44.4%,75.0%,82.9%,24.9%,21.3%,98
South Alabama,John Smith,All,392,55,91.3,107.7,108.7,49.1%,5.8°,9.9°,27.3,7.3%,4,0.241,0.256,0.349,0.359,54.5%,21.8%,20.0%,37.8%,53.9%,91.0%,26.0%,19.6%,73
Texas A&M,Gavin Grahovac,All,83,16,92.5,109.2,111.1,43.8%,22.1°,6.4°,12.5,12.5%,2,0.227,0.225,0.348,0.304,50.0%,18.8%,12.5%,48.2%,74.4%,84.4%,20.0%,22.5%,115
Louisiana Tech,Colton Coates,All,695,144,87.2,101.1,106.7,31.2%,15.5°,15.2°,38.9,2.1%,3,0.25,0.299,0.348,0.406,35.4%,33.3%,27.8%,43.6%,69.5%,91.5%,21.4%,13.5%,116
BYU,Keoni Painter,All,448,49,85.5,98.8,101.2,22.4%,8.0°,8.8°,32.7,2.0%,1,0.282,0.228,0.348,0.316,53.1%,22.4%,22.4%,31.0%,51.4%,88.9%,13.0%,21.6%,104
NC State,Jet Gilliam,All,126,21,81.6,103.7,106.2,23.8%,6.2°,22.1°,38.1,4.8%,1,0.231,0.239,0.348,0.364,42.9%,28.6%,28.6%,38.9%,58.6%,82.4%,22.1%,28.6%,84
Seattle,Jake Wagoner,All,392,90,82.4,102.2,107.1,28.9%,-3.6°,5.9°,30.0,2.2%,2,0.264,0.295,0.348,0.36,60.0%,12.2%,25.6%,45.7%,74.2%,89.6%,27.0%,19.0%,95
Coastal Carolina,Domenico Tozzi,All,670,93,88.5,106.8,110.1,47.3%,12.0°,19.5°,37.6,9.7%,9,0.259,0.256,0.348,0.375,37.6%,35.5%,25.8%,43.6%,67.8%,76.5%,24.5%,32.5%,112
Xavier,Aedan Anderson,All,868,134,89.6,105.4,110.9,38.8%,16.1°,10.4°,26.9,5.2%,7,0.258,0.235,0.348,0.348,39.6%,29.1%,20.1%,39.2%,60.4%,85.2%,20.8%,23.5%,93
South Carolina,Cayden Gaskin,All,119,17,88.9,105.5,105.9,29.4%,-3.1°,17.3°,29.4,0.0%,0,0.286,0.218,0.348,0.324,58.8%,17.6%,17.6%,39.5%,54.5%,66.7%,26.6%,42.6%,102
Alabama,Will Plattner,All,377,63,88.4,105.0,109.0,41.3%,5.8°,11.7°,31.7,3.2%,2,0.267,0.249,0.348,0.343,54.0%,15.9%,23.8%,42.2%,69.2%,81.2%,20.2%,29.6%,102
Catawba College,Cole Hales,All,110,19,85.6,100.2,101.2,36.8%,5.6°,14.1°,36.8,5.3%,1,0.296,0.287,0.348,0.358,52.6%,15.8%,31.6%,45.5%,66.7%,84.4%,29.0%,18.0%,114
Penn State,Derek Cease,All,261,41,80.4,93.1,99.7,2.4%,2.0°,20.8°,39.0,0.0%,0,0.308,0.265,0.348,0.321,48.8%,12.2%,36.6%,35.2%,55.5%,86.8%,12.9%,15.2%,111
Evansville,Matt Flaherty,All,514,92,88.5,103.7,111.6,45.7%,20.1°,19.3°,37.0,7.6%,7,0.287,0.262,0.348,0.349,28.3%,30.4%,29.3%,52.9%,75.8%,85.5%,35.9%,28.7%,77
Southern Illinois,Cade Nelis,All,25,8,95.9,104.1,106.3,62.5%,24.1°,8.7°,25.0,12.5%,1,0.375,0.315,0.348,0.354,25.0%,50.0%,25.0%,56.0%,83.3%,90.0%,30.8%,7.1%,114
Jacksonville,Joshua Steidl,All,220,38,90.2,102.8,105.5,42.1%,11.1°,14.6°,34.2,7.9%,3,0.277,0.3,0.348,0.405,44.7%,13.2%,34.2%,36.4%,58.3%,87.5%,19.4%,20.0%,107
Bucknell,Billy Kender,All,617,99,86.2,100.8,106.5,34.3%,5.8°,9.4°,32.3,2.0%,2,0.264,0.246,0.348,0.35,48.5%,22.2%,26.3%,29.8%,52.6%,90.0%,12.5%,11.4%,112
Monmouth,Chris Andrews,All,550,93,81.2,103.1,106.6,26.9%,2.7°,11.7°,35.5,2.2%,2,0.277,0.275,0.348,0.369,50.5%,20.4%,24.7%,36.5%,59.2%,93.3%,20.5%,14.9%,100
Creighton,Ben North,All,860,147,86.9,104.5,108.1,34.0%,11.2°,12.5°,28.6,7.5%,11,0.284,0.248,0.348,0.335,47.6%,28.6%,19.0%,43.0%,69.8%,82.8%,21.4%,24.9%,101
Jacksonville State,Colton Hegwood,All,784,121,85.5,100.4,104.7,35.5%,2.8°,7.5°,31.4,5.0%,6,0.302,0.24,0.348,0.315,52.1%,19.8%,21.5%,46.4%,67.9%,82.7%,28.4%,25.0%,83
Fairfield,Tyler Kipp,All,285,57,85.2,100.6,105.8,26.3%,8.9°,6.2°,28.1,1.8%,1,0.299,0.255,0.348,0.325,47.4%,29.8%,21.1%,47.4%,73.5%,83.5%,24.8%,20.7%,114
Chapman,Josh Phillips,All,369,72,89.5,105.0,108.7,44.4%,13.6°,18.0°,36.1,9.7%,7,0.24,0.282,0.348,0.415,37.5%,31.9%,18.1%,47.4%,70.4%,89.7%,31.3%,20.6%,93
Cincinnati,Kory Klingenbeck,All,254,25,94.7,106.8,107.2,64.0%,12.6°,18.8°,36.0,20.0%,5,0.259,0.213,0.348,0.351,40.0%,36.0%,20.0%,46.5%,69.9%,70.9%,27.7%,40.7%,105
Youngstown State,Brady Shannon,All,354,40,93.0,109.0,112.4,57.5%,11.7°,11.0°,37.5,15.0%,6,0.247,0.244,0.348,0.337,42.5%,30.0%,27.5%,43.5%,71.5%,69.4%,22.7%,41.6%,106
Anderson (SC),Gray Wells,All,392,86,82.6,101.8,104.5,27.9%,5.9°,10.9°,31.4,1.2%,1,0.283,0.29,0.348,0.367,44.2%,23.3%,27.9%,43.1%,69.2%,97.3%,25.3%,9.5%,125
Arizona State,Ky McGary,All,35,5,79.3,97.2,98.2,20.0%,12.5°,6.8°,40.0,0.0%,0,0.167,0.245,0.348,0.417,40.0%,20.0%,40.0%,37.1%,81.8%,77.8%,16.7%,38.5%,179
Angelo State,Lane Hutchinson,All,54,11,87.8,97.1,98.3,36.4%,-4.8°,-10.6°,27.3,0.0%,0,0.286,0.275,0.348,0.359,81.8%,0.0%,18.2%,37.0%,60.0%,100.0%,23.5%,20.0%,71
UC Santa Barbara,Rowan Kelly,All,398,79,90.5,102.0,107.0,38.0%,3.4°,3.4°,25.3,0.0%,0,0.344,0.279,0.348,0.333,55.7%,21.5%,19.0%,40.7%,63.8%,91.2%,22.2%,14.8%,109
Florida Atlantic,Patrick Ward,All,142,29,87.2,100.8,105.0,34.5%,13.4°,15.0°,27.6,6.9%,2,0.25,0.219,0.348,0.317,37.9%,41.4%,13.8%,47.2%,68.9%,78.6%,30.9%,25.4%,90
Washington,Jackson Hotchkiss,All,553,79,91.4,105.4,110.1,44.3%,17.7°,13.3°,32.9,8.9%,7,0.224,0.267,0.348,0.399,38.0%,34.2%,22.8%,33.5%,55.9%,78.9%,16.5%,29.2%,94
Ave Maria,Jordan Crawford,All,270,41,83.5,98.8,103.2,26.8%,9.2°,5.8°,36.6,2.4%,1,0.255,0.289,0.348,0.373,43.9%,19.5%,31.7%,40.7%,67.6%,87.0%,24.4%,21.8%,117
Stony Brook,Michael Villani,All,41,5,84.5,101.9,102.4,40.0%,-14.0°,12.6°,20.0,0.0%,0,0.167,0.252,0.348,0.42,80.0%,0.0%,20.0%,46.3%,76.2%,81.2%,15.0%,21.1%,184
Chaminade,Andrew Karns,All,31,5,79.9,82.4,82.4,20.0%,-1.4°,-2.5°,0.0,0.0%,0,0.375,0.141,0.348,0.136,80.0%,0.0%,0.0%,45.2%,61.5%,75.0%,33.3%,28.6%,39
Juniata,Caden Collins,All,38,7,78.6,93.9,97.7,14.3%,11.0°,13.0°,71.4,0.0%,0,0.375,0.456,0.348,0.448,28.6%,0.0%,71.4%,52.6%,87.5%,78.6%,27.3%,25.0%,152
Illinois State,Daniel Contreras,All,495,110,85.0,97.8,101.4,30.9%,9.8°,4.0°,40.0,0.0%,0,0.319,0.326,0.347,0.386,44.5%,20.0%,32.7%,48.1%,72.3%,91.8%,28.7%,14.3%,102
Stetson,Juan De La Cruz,All,610,98,86.7,100.0,103.8,24.5%,13.0°,12.1°,33.7,2.0%,2,0.295,0.245,0.347,0.344,41.8%,25.5%,25.5%,40.0%,62.4%,91.0%,22.7%,17.2%,101
Missouri,Tyler Macon,All,444,54,87.8,102.4,106.1,31.5%,3.9°,9.3°,25.9,3.7%,2,0.279,0.234,0.347,0.35,64.8%,16.7%,14.8%,41.4%,59.4%,81.2%,27.1%,26.6%,84
Belmont,Jake Maddox,All,480,60,81.9,96.8,100.5,13.3%,10.6°,11.2°,36.7,0.0%,0,0.264,0.195,0.347,0.265,43.3%,20.0%,35.0%,45.6%,76.5%,73.7%,22.8%,35.2%,114
Young Harris,Jack Enrico,All,429,66,85.8,97.4,104.4,18.2%,16.6°,16.5°,39.4,3.0%,2,0.256,0.272,0.347,0.366,34.8%,31.8%,28.8%,40.3%,66.5%,86.6%,21.6%,16.2%,113
Utah Tech,Finnegan Stewart,All,508,106,88.8,103.8,108.2,40.6%,12.9°,5.7°,30.2,1.9%,2,0.266,0.296,0.347,0.369,42.5%,22.6%,27.4%,44.1%,71.9%,87.0%,22.2%,15.6%,90
Mount Olive,Garrett Moffett,All,184,43,87.9,106.4,109.0,41.9%,7.3°,7.6°,25.6,4.7%,2,0.26,0.288,0.347,0.336,51.2%,20.9%,20.9%,53.8%,71.4%,74.5%,41.1%,25.3%,68
Long Beach State,Kyle Ashworth,All,522,78,88.6,103.7,105.4,38.5%,7.9°,7.8°,30.8,1.3%,1,0.272,0.263,0.347,0.36,50.0%,17.9%,29.5%,33.5%,52.7%,92.8%,14.0%,13.7%,93
USC Upstate,Jake Armsey,All,648,106,83.4,100.3,102.4,25.5%,5.7°,10.3°,33.0,2.8%,3,0.272,0.246,0.347,0.316,55.7%,20.8%,21.7%,38.6%,62.2%,86.3%,18.9%,20.0%,114
Stetson,Jordan Taylor,All,640,138,89.2,104.8,108.9,40.6%,4.7°,9.4°,30.4,7.2%,10,0.295,0.282,0.347,0.337,53.6%,17.4%,20.3%,56.1%,76.1%,78.5%,39.2%,29.2%,48
College of Charleston,Alex Lacoste,All,351,69,86.1,105.0,109.2,31.9%,20.5°,16.1°,33.3,7.2%,5,0.283,0.248,0.347,0.32,34.8%,27.5%,27.5%,50.7%,74.5%,85.1%,32.3%,28.1%,59
CSU Bakersfield,Brock Perreira,All,651,105,81.8,97.7,102.0,17.1%,8.5°,12.5°,32.4,1.9%,2,0.281,0.254,0.347,0.336,42.9%,25.7%,27.6%,37.0%,55.6%,89.5%,23.4%,13.7%,83
Gonzaga,Ty Yukumoto,All,697,128,83.2,94.8,102.4,10.9%,10.3°,-6.9°,38.3,0.0%,0,0.303,0.322,0.347,0.37,45.3%,21.1%,31.2%,40.7%,61.1%,95.2%,24.8%,8.5%,101
Chapman,Brad Lang,All,255,34,88.7,102.4,107.5,41.2%,14.3°,12.8°,41.2,8.8%,3,0.263,0.21,0.347,0.309,35.3%,17.6%,35.3%,43.5%,69.4%,76.0%,24.5%,36.9%,90
Arkansas-Pine Bluff,Eli Gries-Smith,All,191,31,88.5,101.8,102.7,38.7%,14.2°,14.0°,54.8,3.2%,1,0.289,0.299,0.347,0.408,35.5%,16.1%,45.2%,48.7%,68.8%,76.4%,34.2%,25.8%,59
USC Upstate,Gage Griggs,All,373,71,83.7,98.4,103.6,23.9%,10.1°,9.5°,33.8,0.0%,0,0.304,0.253,0.347,0.308,43.7%,19.7%,31.0%,47.7%,72.2%,86.9%,24.9%,18.0%,107
Bucknell,Michael Trommer,All,518,79,89.0,104.9,106.8,45.6%,5.4°,14.9°,41.8,8.9%,7,0.259,0.29,0.347,0.39,40.5%,21.5%,36.7%,46.3%,78.7%,72.4%,20.5%,35.4%,132
Xavier,Isaac Wachsmann,All,856,143,89.1,107.4,112.0,40.6%,18.1°,16.9°,23.1,7.7%,11,0.226,0.237,0.347,0.365,37.1%,30.1%,20.3%,49.6%,74.3%,79.9%,29.9%,30.1%,78
Seattle,Jared Stevenson,All,573,71,87.3,103.2,106.4,45.1%,14.1°,23.6°,45.1,8.5%,6,0.245,0.251,0.347,0.4,33.8%,25.4%,33.8%,37.3%,62.4%,73.2%,16.1%,33.2%,135
Sacramento State,Myles Walton,All,241,38,81.7,98.0,101.8,23.7%,8.7°,9.5°,34.2,0.0%,0,0.24,0.21,0.347,0.309,44.7%,26.3%,21.1%,34.9%,60.7%,80.0%,14.2%,25.0%,125
Maryland,Liam Willson,All,328,35,93.0,109.9,111.8,51.4%,14.7°,9.1°,34.3,8.6%,3,0.254,0.255,0.347,0.334,37.1%,14.3%,37.1%,44.5%,77.6%,73.1%,21.6%,37.0%,100
New Orleans,Matt Gonzalez,All,287,63,87.1,103.1,105.0,38.1%,8.4°,10.5°,38.1,1.6%,1,0.267,0.3,0.347,0.372,39.7%,15.9%,31.7%,50.5%,74.0%,84.0%,31.9%,22.1%,89
Limestone,Cole Kirschner,All,198,34,88.4,103.8,105.6,47.1%,8.1°,10.5°,32.4,5.9%,2,0.239,0.261,0.347,0.367,44.1%,32.4%,20.6%,38.9%,62.0%,83.7%,23.5%,29.9%,99
Akron,Derek Occhipinti,All,240,31,83.0,98.4,100.0,16.1%,4.9°,7.7°,25.8,0.0%,0,0.25,0.247,0.347,0.353,54.8%,25.8%,16.1%,32.1%,52.5%,92.3%,17.7%,22.1%,110
San Diego State,Daniel Arambula,All,707,136,82.8,97.4,103.2,19.9%,13.9°,6.4°,30.9,0.0%,0,0.286,0.252,0.346,0.312,43.4%,27.9%,22.1%,41.2%,62.9%,87.7%,24.2%,21.3%,95
Carson-Newman,Tanner Kilgore,All,322,71,82.6,98.5,101.9,25.4%,11.9°,9.0°,25.4,0.0%,0,0.31,0.257,0.346,0.287,45.1%,22.5%,23.9%,43.8%,69.0%,91.8%,23.9%,16.3%,100
BYU,Ryker Schow,All,148,18,90.7,100.4,106.8,33.3%,11.0°,20.8°,50.0,0.0%,0,0.226,0.226,0.346,0.345,38.9%,22.2%,38.9%,27.0%,53.0%,68.6%,6.1%,35.0%,134
Little Rock,Sammy Harris,All,226,46,84.0,99.3,100.4,17.4%,9.0°,10.5°,50.0,2.2%,1,0.288,0.281,0.346,0.325,41.3%,15.2%,39.1%,52.7%,76.5%,86.2%,38.3%,21.8%,71
Stanford,Rintaro Sasaki,All,821,147,91.2,107.3,111.6,46.3%,16.3°,14.5°,28.6,12.9%,19,0.266,0.293,0.346,0.418,36.7%,32.0%,23.1%,44.1%,68.3%,80.5%,25.2%,26.5%,73
Texas,Jonah Williams,All,211,40,90.8,106.9,109.1,50.0%,-0.6°,2.8°,32.5,2.5%,1,0.333,0.275,0.346,0.359,47.5%,10.0%,35.0%,42.7%,59.4%,95.2%,25.7%,20.0%,61
Tufts,Max Pavlik,All,139,30,79.6,97.2,99.9,16.7%,11.0°,19.0°,36.7,3.3%,1,0.265,0.226,0.346,0.287,36.7%,23.3%,26.7%,44.6%,67.2%,85.4%,26.9%,21.0%,118
Washington,Aidan Duda,All,246,38,83.0,99.2,100.9,39.5%,9.7°,12.2°,34.2,0.0%,0,0.273,0.274,0.346,0.373,47.4%,21.1%,23.7%,29.7%,52.2%,84.7%,10.5%,17.8%,119
Lipscomb,Parks Bouck,All,579,105,86.1,103.1,106.0,30.5%,12.0°,7.0°,33.3,1.9%,2,0.304,0.294,0.346,0.346,43.8%,24.8%,26.7%,41.8%,65.8%,88.6%,21.4%,17.8%,110
Piedmont,Trace Cate,All,69,8,81.3,99.2,101.9,37.5%,-9.5°,4.3°,37.5,0.0%,0,0.308,0.254,0.346,0.288,62.5%,0.0%,37.5%,49.3%,73.3%,81.8%,30.8%,26.5%,96
Samford,Angelo Prieto,All,272,43,83.8,102.6,105.3,34.9%,1.7°,15.5°,20.9,7.0%,3,0.286,0.208,0.346,0.292,62.8%,20.9%,14.0%,49.3%,75.2%,81.6%,33.9%,38.8%,72
Gonzaga,Hudson Shupe,All,706,148,84.2,96.1,100.2,18.2%,7.4°,-3.9°,35.8,0.0%,0,0.317,0.288,0.346,0.325,50.7%,19.6%,27.7%,45.3%,62.6%,93.0%,29.1%,15.3%,82
NC State,Matt Ossenfort,All,305,38,94.4,107.1,109.5,52.6%,18.5°,13.2°,31.6,7.9%,3,0.24,0.307,0.346,0.43,34.2%,23.7%,31.6%,44.6%,69.9%,86.3%,24.3%,19.9%,89
Charlotte,Spencer Nolan,All,383,67,88.0,99.3,101.0,25.4%,8.0°,13.3°,29.9,0.0%,0,0.318,0.252,0.346,0.336,50.7%,19.4%,23.9%,46.0%,77.2%,80.0%,26.1%,27.3%,110
Sacramento State,Ryan Christiansen,All,835,106,86.4,105.4,108.9,39.6%,17.0°,16.3°,35.8,5.7%,6,0.237,0.208,0.346,0.327,31.1%,27.4%,30.2%,47.4%,70.8%,76.3%,32.7%,35.1%,75
Georgia College,Gabriel Weurth,All,406,74,83.9,96.4,100.2,12.2%,15.1°,14.2°,44.6,0.0%,0,0.286,0.277,0.346,0.37,39.2%,25.7%,33.8%,45.3%,73.9%,89.9%,26.5%,16.8%,113
Western Kentucky,Dylan O'Connell,All,120,19,88.7,104.5,107.0,47.4%,24.1°,3.8°,26.3,5.3%,1,0.25,0.275,0.346,0.381,31.6%,36.8%,21.1%,37.5%,57.6%,88.2%,18.0%,17.8%,81
Pacific,Andrew Sloan,All,348,49,85.9,100.5,104.5,40.8%,14.0°,13.7°,32.7,8.2%,4,0.25,0.231,0.346,0.345,38.8%,36.7%,22.4%,46.0%,76.5%,82.9%,22.1%,23.8%,134
Missouri State,William Zareh,All,138,12,84.9,102.5,107.0,33.3%,22.5°,29.4°,33.3,25.0%,3,0.154,0.149,0.346,0.315,25.0%,50.0%,16.7%,52.2%,78.8%,67.3%,27.8%,37.5%,106
UTSA,Diego Diaz,All,299,33,85.8,98.2,102.0,27.3%,6.0°,7.1°,33.3,0.0%,0,0.232,0.218,0.346,0.343,54.5%,24.2%,21.2%,39.5%,68.6%,80.9%,14.8%,22.9%,144
Georgia College,Carson Phillips,All,333,78,82.4,96.9,105.0,10.3%,13.4°,8.3°,33.3,0.0%,0,0.326,0.247,0.346,0.31,42.3%,23.1%,30.8%,47.4%,71.1%,89.6%,28.3%,14.6%,101
Loyola-New Orleans,Cole Romero,All,61,8,88.7,95.5,99.6,25.0%,21.4°,-1.3°,62.5,0.0%,0,0.308,0.192,0.346,0.243,12.5%,25.0%,50.0%,42.6%,73.7%,78.6%,28.6%,38.5%,96
Monmouth,Jake Howlett,All,60,5,82.0,95.4,98.8,20.0%,31.5°,54.1°,20.0,0.0%,0,0.182,0.088,0.346,0.263,20.0%,60.0%,20.0%,38.3%,53.6%,53.3%,25.0%,47.8%,74
UCLA,Blake Balsz,All,674,90,88.0,99.9,101.2,37.8%,6.2°,10.3°,24.4,2.2%,2,0.256,0.253,0.345,0.366,60.0%,18.9%,17.8%,35.3%,57.8%,87.9%,15.6%,16.0%,103
Minnesota,Parker Knoll,All,256,51,92.6,104.5,106.0,47.1%,11.2°,12.8°,41.2,7.8%,4,0.313,0.329,0.345,0.407,39.2%,29.4%,31.4%,46.9%,78.7%,90.6%,23.6%,25.0%,123
Wingate,Will Farrell,All,76,9,84.9,98.3,99.1,33.3%,3.8°,14.5°,22.2,0.0%,0,0.182,0.249,0.345,0.384,44.4%,22.2%,22.2%,42.1%,77.8%,66.7%,22.4%,28.1%,139
Lamar,Reese Beheler,All,522,86,88.5,101.3,104.0,44.2%,10.6°,20.7°,32.6,3.5%,3,0.255,0.259,0.345,0.374,44.2%,32.6%,19.8%,41.0%,67.1%,84.7%,19.8%,22.4%,124
Cincinnati,Charlie Niehaus,All,708,99,83.2,97.9,101.1,11.1%,13.0°,18.7°,36.4,1.0%,1,0.275,0.2,0.345,0.305,40.4%,30.3%,25.3%,37.6%,56.2%,84.0%,21.1%,21.4%,94
Delaware,Tanner Donati,All,387,62,84.7,100.1,103.2,24.2%,22.3°,18.6°,40.3,1.6%,1,0.259,0.202,0.345,0.289,27.4%,33.9%,32.3%,43.9%,70.9%,82.1%,25.3%,22.4%,107
Northeastern,Carmelo Musacchia,All,352,73,86.8,104.3,107.9,30.1%,10.2°,12.6°,35.6,2.7%,2,0.314,0.252,0.345,0.302,41.1%,28.8%,24.7%,55.4%,77.6%,83.3%,34.6%,23.1%,65
Charlotte,Juan Rivera,All,473,84,82.2,95.4,98.3,9.5%,0.4°,16.5°,34.5,0.0%,0,0.27,0.256,0.345,0.329,56.0%,14.3%,29.8%,37.2%,64.1%,91.1%,18.9%,15.3%,121
Radford,Eli Hudgins,All,437,99,82.8,99.5,103.1,21.2%,4.8°,16.4°,35.4,2.0%,2,0.292,0.268,0.345,0.322,48.5%,21.2%,27.3%,49.9%,76.3%,88.7%,28.0%,17.0%,114
South Alabama,Rhett Johnson,All,303,49,86.0,100.9,103.0,30.6%,0.2°,9.9°,26.5,2.0%,1,0.329,0.243,0.345,0.315,65.3%,12.2%,20.4%,52.8%,75.4%,87.1%,34.9%,25.6%,93
Murray State,Conner Cunningham,All,311,39,85.9,100.5,103.4,41.0%,7.2°,17.8°,33.3,5.1%,2,0.233,0.203,0.345,0.29,41.0%,28.2%,25.6%,39.5%,58.9%,80.7%,23.5%,29.3%,111
Stony Brook,Chris Carson,All,259,49,88.0,101.4,109.3,32.7%,16.1°,4.7°,34.7,0.0%,0,0.23,0.258,0.345,0.361,40.8%,24.5%,28.6%,47.1%,68.4%,88.5%,30.3%,16.4%,91
Sacramento State,Michael Perazzo,All,553,84,78.2,93.7,97.6,6.0%,12.6°,18.1°,40.5,0.0%,0,0.315,0.218,0.345,0.281,33.3%,26.2%,33.3%,50.6%,70.8%,77.4%,34.0%,30.7%,72
Tusculum,Anthony Cobb,All,57,10,80.2,90.3,90.6,0.0%,-4.4°,-,30.0,0.0%,0,0.308,0.315,0.345,0.362,70.0%,10.0%,20.0%,40.4%,62.5%,86.7%,24.2%,17.4%,166
SIUE,Ryan Niedzwiedz,All,259,41,93.9,106.8,107.9,58.5%,14.8°,10.6°,43.9,9.8%,4,0.278,0.316,0.345,0.436,34.1%,14.6%,34.1%,41.3%,59.1%,89.2%,28.2%,18.7%,92
Troy,Michael Bello,All,263,31,89.3,103.6,106.8,38.7%,12.0°,5.8°,41.9,6.5%,2,0.25,0.262,0.345,0.385,41.9%,22.6%,35.5%,36.1%,53.7%,86.2%,21.1%,25.3%,102
Georgia State,Cooper Milford,All,424,46,86.4,101.7,108.4,32.6%,11.2°,22.4°,39.1,4.3%,2,0.25,0.199,0.345,0.345,39.1%,28.3%,28.3%,35.1%,52.9%,78.0%,20.9%,25.5%,91
California,Max Handron,All,651,101,86.9,101.8,107.3,40.6%,14.9°,18.0°,39.6,5.9%,6,0.236,0.267,0.345,0.379,34.7%,31.7%,26.7%,44.4%,68.6%,84.4%,26.1%,27.7%,93
Florida,Blake Cyr,All,851,141,91.1,106.3,110.2,43.3%,13.4°,16.5°,31.9,7.8%,11,0.249,0.27,0.345,0.384,40.4%,28.4%,23.4%,45.4%,74.9%,84.5%,26.9%,26.7%,96
Illinois-Chicago,Terrick Thompson-Allen,All,544,94,87.6,103.0,110.5,38.3%,9.3°,4.9°,24.5,5.3%,5,0.254,0.236,0.345,0.345,48.9%,33.0%,11.7%,46.0%,72.3%,81.4%,25.5%,24.8%,90
Kentucky,Ethan Hindle,All,341,35,85.4,103.4,105.9,34.3%,26.5°,29.5°,34.3,2.9%,1,0.214,0.173,0.345,0.314,20.0%,45.7%,25.7%,32.8%,56.4%,64.8%,13.0%,40.2%,116
Washington State,Luke Thiele,All,346,50,85.6,101.7,107.8,32.0%,7.7°,-0.6°,28.0,0.0%,0,0.32,0.233,0.345,0.284,46.0%,18.0%,28.0%,42.8%,67.9%,75.5%,22.1%,27.7%,107
San Diego State,Jake Jackson,All,614,109,89.0,105.6,111.9,36.7%,14.7°,11.1°,32.1,6.4%,7,0.272,0.264,0.345,0.343,40.4%,30.3%,23.9%,49.3%,77.3%,83.2%,29.5%,29.4%,89
Florida A&M,Broedy Poppell,All,128,21,88.5,100.9,108.5,42.9%,13.7°,17.6°,38.1,9.5%,2,0.231,0.315,0.345,0.429,28.6%,28.6%,28.6%,41.4%,71.7%,92.1%,20.0%,13.2%,140
Connecticut,Bryan Padilla,All,759,127,89.2,101.0,106.4,36.2%,16.5°,16.8°,34.6,3.1%,4,0.255,0.274,0.345,0.377,32.3%,36.2%,28.3%,39.0%,66.6%,87.1%,19.6%,19.3%,114
Texas State,Alan Shibley,All,670,100,90.5,101.5,104.4,45.0%,16.1°,13.7°,30.0,5.0%,5,0.235,0.255,0.345,0.376,39.0%,32.0%,20.0%,36.7%,59.7%,92.6%,18.8%,17.9%,105
Georgia College,Hank Noonan,All,268,54,85.7,100.1,104.7,25.9%,20.5°,5.1°,27.8,0.0%,0,0.258,0.239,0.345,0.317,37.0%,25.9%,27.8%,38.4%,62.6%,87.5%,20.3%,22.3%,108
UNC Wilmington,Martin Zelenka,All,259,36,92.9,106.5,111.4,52.8%,21.2°,20.0°,44.4,11.1%,4,0.273,0.299,0.345,0.433,25.0%,25.0%,38.9%,49.4%,68.7%,75.9%,34.0%,38.3%,68
St. Thomas (FL),Kelvin Ayala,All,404,71,84.4,96.8,100.3,11.3%,9.6°,20.4°,31.0,1.4%,1,0.236,0.233,0.345,0.331,49.3%,25.4%,21.1%,40.6%,67.3%,97.1%,24.3%,14.6%,122
TCU,Isaac Cadena,All,950,147,90.4,104.7,107.8,46.3%,12.2°,8.4°,32.7,4.1%,6,0.246,0.28,0.345,0.373,42.2%,23.1%,27.2%,37.3%,61.5%,85.9%,17.6%,26.0%,120
Miami (OH),Christopher Roa Calcano,All,141,20,85.0,99.1,100.5,20.0%,15.2°,16.1°,40.0,0.0%,0,0.25,0.218,0.345,0.32,40.0%,25.0%,30.0%,41.1%,59.3%,85.7%,28.0%,31.0%,126
UMES,Ansel Carson,All,130,20,86.0,100.1,100.5,30.0%,17.9°,10.9°,40.0,5.0%,1,0.25,0.241,0.344,0.381,30.0%,30.0%,35.0%,37.7%,62.3%,78.8%,20.8%,28.6%,134
Shenandoah,Kyle Garrett,All,232,40,86.1,96.7,100.7,20.0%,3.0°,7.8°,25.0,2.5%,1,0.306,0.249,0.344,0.303,62.5%,17.5%,20.0%,42.2%,68.9%,94.4%,20.9%,8.2%,130
Saint Joseph's,Sam Meyer,All,139,15,82.8,101.3,105.4,20.0%,19.7°,18.3°,53.3,6.7%,1,0.2,0.22,0.344,0.357,26.7%,40.0%,26.7%,41.0%,71.9%,65.9%,19.5%,43.9%,136
North Carolina A&T,Savoi Edwards,All,274,46,84.1,102.6,108.8,28.3%,6.8°,14.3°,43.5,8.7%,4,0.266,0.258,0.344,0.344,41.3%,23.9%,32.6%,50.0%,74.6%,72.5%,30.3%,33.6%,86
George Washington,Tim Nicholson,All,119,34,81.8,92.8,97.5,8.8%,10.2°,12.3°,23.5,0.0%,0,0.278,0.277,0.344,0.297,55.9%,23.5%,14.7%,48.7%,72.1%,90.9%,24.1%,8.6%,108
New Mexico,Andrew Neil,All,179,26,86.6,101.1,102.2,34.6%,5.7°,11.5°,23.1,3.8%,1,0.263,0.208,0.344,0.266,69.2%,15.4%,11.5%,47.5%,80.8%,84.7%,24.5%,21.2%,132
San Francisco,Jordan Lewis,All,751,103,82.1,97.6,102.5,15.5%,9.8°,5.0°,31.1,1.0%,1,0.267,0.204,0.344,0.309,43.7%,23.3%,23.3%,42.7%,68.6%,76.9%,26.5%,31.8%,101
Fresno State,Jett Ruby,All,130,35,81.9,94.7,101.6,11.4%,8.0°,6.7°,31.4,0.0%,0,0.316,0.273,0.344,0.337,45.7%,25.7%,25.7%,46.2%,73.6%,86.8%,12.1%,18.3%,107
Nebraska,Dylan Carey,All,885,156,87.7,101.8,104.6,37.2%,20.3°,16.9°,35.9,3.8%,6,0.282,0.253,0.344,0.349,28.8%,32.7%,29.5%,52.8%,77.8%,86.0%,32.5%,23.8%,93
UCF,Chase Krewson,All,488,90,88.9,104.4,108.9,44.4%,2.6°,3.5°,27.8,1.1%,1,0.289,0.29,0.344,0.38,56.7%,17.8%,21.1%,43.9%,68.2%,91.9%,27.2%,23.8%,107
Arkansas-Pine Bluff,Gavin Terry,All,79,14,83.0,94.9,97.1,14.3%,-3.1°,2.6°,35.7,0.0%,0,0.35,0.308,0.344,0.324,64.3%,0.0%,35.7%,36.7%,62.5%,70.0%,19.1%,27.6%,131
Lenoir-Rhyne,Hogan Stallings,All,83,14,86.6,101.0,104.0,28.6%,21.2°,40.1°,28.6,14.3%,2,0.176,0.189,0.344,0.342,28.6%,57.1%,14.3%,41.0%,71.4%,92.0%,18.8%,23.5%,162
Pittsburgh,David Pedanou,All,543,70,90.0,107.3,109.0,54.3%,-2.9°,5.2°,41.4,5.7%,4,0.274,0.251,0.344,0.347,50.0%,8.6%,37.1%,44.9%,67.1%,76.0%,26.2%,34.8%,75
UTRGV,Hank Warren,All,193,37,84.7,98.8,103.3,27.0%,9.9°,10.1°,37.8,2.7%,1,0.292,0.261,0.344,0.324,37.8%,29.7%,27.0%,42.5%,69.0%,88.3%,20.8%,23.2%,102
Illinois,Coltin Quagliano,All,542,105,86.0,101.2,104.4,36.2%,10.5°,12.4°,27.6,1.9%,2,0.27,0.269,0.344,0.352,47.6%,26.7%,21.0%,47.0%,68.3%,83.5%,30.1%,22.0%,105
George Mason,Jake Butler,All,738,138,86.8,99.2,102.4,22.5%,17.4°,17.2°,39.1,2.2%,3,0.281,0.299,0.344,0.384,28.3%,31.2%,34.1%,44.9%,69.9%,88.2%,26.1%,17.8%,116
Elon,Tank Yaghoubi,All,845,149,81.0,95.8,99.6,10.1%,5.6°,8.2°,34.9,0.0%,0,0.328,0.276,0.344,0.338,53.0%,14.8%,28.2%,41.2%,64.2%,93.0%,20.3%,10.9%,106
Houston,Coby DeJesus,All,407,60,83.4,95.6,99.0,13.3%,2.8°,-0.3°,33.3,0.0%,0,0.278,0.243,0.344,0.301,51.7%,18.3%,28.3%,44.5%,66.1%,90.4%,28.3%,20.4%,89
Toledo,Tre Mariano,All,563,71,87.8,105.6,109.9,38.0%,15.0°,17.2°,38.0,9.9%,7,0.239,0.228,0.344,0.357,35.2%,29.6%,28.2%,42.6%,63.7%,74.1%,26.0%,37.5%,76
Northern Kentucky,Jake Paulick,All,336,48,86.9,106.4,112.6,41.7%,8.0°,1.0°,20.8,6.2%,3,0.233,0.259,0.344,0.36,50.0%,31.2%,14.6%,32.1%,50.3%,90.7%,17.6%,16.7%,107
Utah Valley,Jimmy De Anda,All,428,63,87.6,101.2,103.1,33.3%,16.7°,12.6°,41.3,1.6%,1,0.244,0.265,0.344,0.378,36.5%,31.7%,28.6%,36.7%,61.3%,86.0%,17.8%,19.1%,109
Bowling Green,Alex Laird,All,58,11,86.6,96.9,97.6,36.4%,14.1°,13.4°,27.3,0.0%,0,0.286,0.215,0.344,0.25,45.5%,45.5%,9.1%,50.0%,74.2%,87.0%,22.2%,13.8%,85
Navy,Brock Murtha,All,627,107,88.6,105.0,110.4,47.7%,11.5°,15.3°,31.8,8.4%,9,0.269,0.287,0.343,0.401,44.9%,30.8%,22.4%,42.9%,66.4%,84.8%,24.3%,22.3%,98
Loyola Marymount,Colby Wallace,All,542,62,85.5,104.6,107.1,30.6%,20.3°,18.1°,41.9,8.1%,5,0.221,0.206,0.343,0.332,29.0%,32.3%,27.4%,37.8%,60.9%,74.8%,20.2%,34.6%,101
Central Arkansas,Keon Moseni,All,200,28,82.3,99.1,100.1,25.0%,7.3°,9.9°,39.3,0.0%,0,0.31,0.252,0.343,0.319,42.9%,28.6%,28.6%,37.5%,58.7%,83.3%,19.4%,29.3%,99
Baylor,Cortlan Castle,All,433,82,83.5,97.7,101.8,20.7%,8.3°,7.7°,39.0,0.0%,0,0.271,0.285,0.343,0.359,46.3%,19.5%,30.5%,38.8%,57.4%,90.3%,23.3%,14.9%,73
Wofford,Ben Timblin,All,125,26,86.8,105.1,107.7,38.5%,10.5°,13.4°,30.8,0.0%,0,0.303,0.277,0.343,0.317,50.0%,26.9%,19.2%,52.8%,72.5%,82.0%,28.6%,25.8%,95
Davidson,Adam Katz,All,135,18,81.2,95.4,98.1,16.7%,18.6°,43.7°,38.9,0.0%,0,0.259,0.174,0.343,0.265,27.8%,33.3%,38.9%,40.7%,61.8%,67.6%,26.2%,36.4%,95
Saint Peter's,Alex Rakas,All,64,11,82.7,93.1,93.3,0.0%,19.3°,-,27.3,0.0%,0,0.294,0.159,0.343,0.224,45.5%,27.3%,18.2%,46.9%,57.1%,83.3%,41.9%,23.3%,44
FGCU,Robert Moya,All,385,67,94.8,112.6,116.6,56.7%,11.6°,3.4°,19.4,10.4%,7,0.261,0.252,0.343,0.341,50.7%,17.9%,17.9%,42.9%,73.1%,83.3%,22.3%,26.7%,93
Xavier,Hayden Christiansen,All,139,27,84.5,99.4,102.5,29.6%,17.5°,7.0°,25.9,3.7%,1,0.235,0.211,0.343,0.297,37.0%,37.0%,14.8%,46.8%,68.3%,79.1%,28.9%,24.6%,69
Georgia Tech,John Giesler,All,362,58,87.2,103.4,104.5,39.7%,12.5°,6.5°,29.3,5.2%,3,0.275,0.24,0.343,0.324,46.6%,22.4%,22.4%,45.0%,64.0%,75.2%,29.3%,30.1%,94
Penn State,Nate Voss,All,536,92,87.5,102.7,106.8,38.0%,25.2°,18.4°,34.8,9.8%,9,0.25,0.229,0.343,0.341,21.7%,42.4%,26.1%,50.4%,72.7%,80.4%,30.4%,29.6%,95
Georgetown,Luke Bauer,All,125,17,91.4,101.2,104.4,47.1%,22.5°,15.3°,41.2,5.9%,1,0.269,0.237,0.343,0.343,29.4%,35.3%,35.3%,37.6%,60.4%,71.9%,20.8%,34.0%,106
Florida International,Ryan Hunter,All,52,6,86.5,96.8,96.9,33.3%,6.6°,27.9°,50.0,0.0%,0,0.222,0.128,0.343,0.281,50.0%,50.0%,0.0%,32.7%,50.0%,66.7%,17.9%,41.2%,93
Bryant,Pat D'Amico,All,620,108,86.0,102.8,108.7,37.0%,10.1°,17.2°,47.2,5.6%,6,0.239,0.309,0.343,0.41,37.0%,16.7%,38.9%,44.8%,70.3%,81.6%,24.0%,25.2%,101
UT Arlington,Jake Martinez,All,543,118,85.3,102.4,107.0,32.2%,9.4°,4.8°,30.5,2.5%,3,0.317,0.273,0.343,0.331,47.5%,22.0%,22.9%,43.1%,64.4%,84.3%,25.3%,20.9%,106
Tulane,KaiKea Harrison,All,673,119,86.8,98.2,101.3,30.3%,5.9°,7.4°,34.5,0.0%,0,0.293,0.27,0.343,0.353,50.4%,18.5%,27.7%,43.2%,66.2%,89.0%,24.5%,15.5%,94
Alabama,Bryce Fowler,All,1039,192,87.3,100.8,105.0,37.0%,13.3°,15.3°,38.0,3.6%,7,0.266,0.32,0.343,0.414,40.1%,24.5%,30.2%,43.6%,69.1%,90.3%,24.5%,17.4%,95
Vanderbilt,Mike Mancini,All,666,89,90.6,102.4,103.3,49.4%,10.0°,13.9°,34.8,6.7%,6,0.255,0.264,0.343,0.395,47.2%,21.3%,22.5%,39.8%,62.2%,78.3%,21.0%,27.9%,112
Gardner-Webb,Matthew Ilgenfritz,All,216,45,91.3,106.0,110.2,53.3%,17.6°,16.2°,37.8,4.4%,2,0.241,0.279,0.343,0.366,33.3%,37.8%,24.4%,53.2%,76.6%,81.7%,30.3%,27.0%,80
Texas State,Austin Munguia,All,348,52,89.1,103.1,106.1,32.7%,4.4°,1.6°,28.8,1.9%,1,0.284,0.253,0.343,0.329,59.6%,9.6%,23.1%,40.5%,61.9%,79.8%,22.3%,27.0%,100
Xavier,Jake Lambdin,All,988,158,84.8,101.2,105.3,26.6%,14.0°,15.5°,38.6,3.2%,5,0.253,0.25,0.343,0.367,35.4%,29.7%,27.8%,42.8%,61.9%,81.5%,28.2%,24.1%,85
Fairleigh Dickinson,JR Bozek,All,81,11,74.7,88.0,88.5,0.0%,12.0°,-,27.3,0.0%,0,0.312,0.198,0.342,0.238,45.5%,18.2%,18.2%,42.0%,59.0%,78.3%,26.2%,26.5%,89
Grand Canyon,Kade Huff,All,96,12,88.9,99.2,99.8,41.7%,9.0°,8.7°,33.3,8.3%,1,0.2,0.175,0.342,0.302,33.3%,25.0%,33.3%,42.7%,78.1%,68.0%,25.0%,36.6%,124
West Virginia,Alex Marot,All,114,15,93.1,104.1,105.3,53.3%,15.9°,17.1°,46.7,6.7%,1,0.273,0.245,0.342,0.385,33.3%,46.7%,20.0%,41.2%,66.7%,78.1%,22.7%,38.3%,113
George Washington,Ty Acker,All,640,123,88.1,104.2,107.5,34.1%,2.0°,3.7°,30.9,2.4%,3,0.297,0.252,0.342,0.318,52.0%,18.7%,25.2%,48.1%,71.4%,87.3%,30.5%,23.4%,67
Kansas State,Sam Flores,All,382,74,89.8,104.6,109.5,51.4%,7.7°,10.5°,29.7,4.1%,3,0.289,0.32,0.342,0.403,47.3%,23.0%,27.0%,43.5%,67.6%,90.4%,24.1%,20.5%,86
Mount Olive,Wade Kelly,All,245,45,83.4,97.1,98.1,24.4%,21.1°,12.3°,26.7,0.0%,0,0.283,0.217,0.342,0.293,42.2%,22.2%,20.0%,49.4%,79.2%,92.5%,28.5%,14.9%,100
Florida International,Brendan Roney,All,415,64,87.1,100.1,104.3,26.6%,14.0°,11.2°,48.4,3.1%,2,0.263,0.317,0.342,0.402,34.4%,32.8%,31.2%,36.1%,58.4%,89.2%,17.3%,18.7%,112
Texas State,Ian Collier,All,489,66,88.6,104.8,108.1,39.4%,9.3°,11.8°,33.3,3.0%,2,0.25,0.207,0.342,0.299,40.9%,19.7%,27.3%,44.2%,63.3%,79.7%,27.8%,32.9%,93
Lenoir-Rhyne,Nathan Keeter,All,275,42,83.8,97.0,98.8,19.0%,9.3°,12.7°,38.1,2.4%,1,0.263,0.226,0.342,0.332,40.5%,23.8%,26.2%,38.9%,65.1%,84.1%,22.5%,20.6%,115
Bellarmine,Casey Sorg,All,355,61,84.3,104.2,105.7,23.0%,7.4°,8.4°,24.6,3.3%,2,0.253,0.23,0.342,0.327,44.3%,23.0%,21.3%,46.5%,75.5%,91.7%,26.9%,24.8%,101
Florida International,Marc Hersh,All,129,19,89.0,102.5,103.2,47.4%,7.1°,14.9°,52.6,5.3%,1,0.259,0.261,0.342,0.354,47.4%,21.1%,31.6%,42.6%,66.7%,84.2%,23.6%,20.0%,122
UTRGV,Jacob Sanchez,All,238,40,85.1,101.7,104.2,32.5%,6.3°,11.9°,42.5,5.0%,2,0.265,0.291,0.342,0.376,50.0%,12.5%,35.0%,41.6%,73.1%,83.5%,15.4%,23.2%,136
Concordia Texas,Zach Seigrist,All,62,6,66.5,101.7,102.7,33.3%,2.0°,22.8°,33.3,16.7%,1,0.2,0.213,0.342,0.402,66.7%,16.7%,16.7%,32.3%,41.2%,57.1%,28.9%,40.0%,96
UCLA,Toussaint Bythewood,All,79,13,83.1,100.0,103.1,30.8%,5.0°,7.6°,38.5,0.0%,0,0.312,0.298,0.342,0.348,46.2%,23.1%,30.8%,43.0%,67.7%,90.5%,27.1%,20.6%,89
Mississippi State,Sawyer Reeves,All,515,94,86.1,104.4,106.5,36.2%,10.1°,8.0°,29.8,2.1%,2,0.282,0.259,0.342,0.33,45.7%,23.4%,28.7%,40.8%,57.5%,89.9%,26.2%,14.8%,77
San Diego,Connor Meidroth,All,447,76,82.6,98.1,102.6,22.4%,11.0°,13.8°,31.6,1.3%,1,0.275,0.272,0.342,0.353,40.8%,30.3%,26.3%,36.7%,59.3%,87.5%,20.2%,16.5%,104
Utah,Matt Flaharty,All,577,102,86.8,101.7,106.1,29.4%,11.7°,17.7°,35.3,2.0%,2,0.277,0.236,0.342,0.293,41.2%,21.6%,28.4%,51.5%,77.7%,80.4%,30.5%,26.6%,79
Brown,Alex Benevento,All,203,27,82.0,106.0,109.6,25.9%,10.6°,14.4°,22.2,3.7%,1,0.25,0.173,0.342,0.321,51.9%,14.8%,14.8%,37.4%,67.0%,81.4%,14.8%,26.3%,109
Quinnipiac,Johnny Knox,All,279,48,87.8,101.1,107.4,37.5%,12.5°,10.6°,33.3,0.0%,0,0.286,0.263,0.342,0.364,41.7%,27.1%,31.2%,38.4%,58.7%,83.1%,22.8%,19.6%,88
Xavier,Jason Jelic,All,849,98,91.3,105.6,109.5,44.9%,11.9°,8.9°,35.7,10.2%,10,0.22,0.232,0.342,0.365,32.7%,32.7%,27.6%,43.7%,69.1%,73.2%,24.8%,34.0%,103
Hofstra,Trenton Snyder,All,92,14,84.1,100.4,102.8,28.6%,23.9°,20.5°,35.7,7.1%,1,0.19,0.179,0.342,0.292,28.6%,35.7%,28.6%,47.8%,65.0%,73.1%,34.6%,45.5%,67
Pacific,Jake Tandy,All,441,91,89.5,102.0,106.7,39.6%,9.2°,14.9°,47.3,4.4%,4,0.303,0.341,0.342,0.42,37.4%,20.9%,39.6%,47.8%,73.7%,86.7%,27.5%,19.9%,104
Texas Southern,Jaden Jones,All,176,32,86.0,99.2,99.8,40.6%,3.4°,5.1°,25.0,0.0%,0,0.317,0.288,0.342,0.34,65.6%,9.4%,21.9%,51.7%,77.9%,85.0%,31.3%,27.5%,87
Vanderbilt,Colin Barczi,All,731,137,87.6,106.5,109.7,36.5%,7.7°,13.3°,32.8,4.4%,6,0.264,0.281,0.342,0.351,43.8%,25.5%,28.5%,49.5%,70.2%,79.0%,31.6%,29.8%,83
George Washington,Jude Clough,All,513,83,88.7,99.3,102.4,33.7%,11.6°,12.5°,26.5,2.4%,2,0.262,0.243,0.342,0.336,44.6%,31.3%,21.7%,32.7%,54.8%,89.3%,13.5%,15.5%,121
Houston,Aaron Lugo,All,723,126,80.0,98.7,102.2,16.7%,11.1°,12.9°,29.4,0.8%,1,0.261,0.247,0.342,0.328,45.2%,30.2%,21.4%,44.0%,65.2%,88.9%,25.9%,21.7%,85
Hawaii,Kedren Kinzie,All,53,6,89.1,103.2,103.4,33.3%,4.7°,19.5°,33.3,0.0%,0,0.182,0.161,0.342,0.256,50.0%,16.7%,33.3%,50.9%,65.5%,73.7%,33.3%,25.9%,92
Stony Brook,Nick Zampieron,All,80,20,82.6,94.8,95.6,10.0%,8.6°,12.2°,40.0,0.0%,0,0.348,0.31,0.342,0.317,45.0%,10.0%,35.0%,52.5%,67.6%,88.0%,39.5%,21.4%,67
Delta State,Wes Warnock,All,42,11,78.5,95.7,96.1,27.3%,-7.2°,2.4°,27.3,0.0%,0,0.333,0.407,0.342,0.431,72.7%,9.1%,18.2%,42.9%,50.0%,100.0%,39.3%,11.1%,76
Young Harris,Jonathan Smith,All,256,59,84.3,98.7,103.0,27.1%,10.7°,10.3°,37.3,1.7%,1,0.29,0.304,0.341,0.371,39.0%,20.3%,27.1%,46.5%,68.6%,91.4%,31.8%,14.3%,94
East Carolina,Colby Wallace,All,839,166,88.8,103.1,111.3,34.3%,11.9°,11.2°,34.3,7.8%,13,0.267,0.28,0.341,0.369,42.8%,27.7%,22.3%,49.0%,72.0%,84.0%,32.0%,22.9%,73
Lebanon Valley,Carter Enders,All,131,27,77.8,86.3,89.0,0.0%,16.0°,-,33.3,0.0%,0,0.312,0.25,0.341,0.353,37.0%,29.6%,18.5%,44.3%,70.7%,92.7%,23.3%,10.3%,111
Alabama State,Kyler McIntosh,All,385,103,82.0,98.2,103.7,24.3%,12.8°,13.1°,29.1,1.0%,1,0.306,0.297,0.341,0.345,43.7%,26.2%,19.4%,52.5%,77.5%,87.2%,36.3%,17.8%,47
Clemson,Tristan Bissetta,All,383,46,95.4,108.9,116.3,63.0%,3.1°,6.0°,28.3,10.9%,5,0.229,0.247,0.341,0.392,52.2%,30.4%,15.2%,44.1%,72.7%,72.3%,24.9%,33.1%,115
Francis Marion,Rayth Petersen,All,69,20,88.6,99.2,101.3,35.0%,10.1°,6.7°,30.0,0.0%,0,0.286,0.279,0.341,0.289,45.0%,5.0%,25.0%,47.8%,77.8%,92.9%,15.2%,6.1%,148
Hawaii,Jared Quandt,All,242,41,83.5,101.4,106.4,26.8%,6.7°,7.4°,34.1,0.0%,0,0.28,0.282,0.341,0.357,46.3%,24.4%,29.3%,39.7%,63.8%,88.3%,24.3%,19.8%,105
Boston College,Jack Toomey,All,923,140,86.8,103.7,108.6,33.6%,9.0°,10.1°,25.0,3.6%,5,0.271,0.237,0.341,0.333,50.0%,25.0%,20.0%,41.6%,66.0%,87.0%,25.0%,20.6%,103
Creighton,Matt Scherrman,All,642,104,86.5,103.5,106.6,34.6%,10.3°,11.4°,26.9,2.9%,3,0.277,0.256,0.341,0.332,45.2%,26.0%,24.0%,39.7%,59.1%,81.9%,24.7%,26.7%,71
Ball State,Nick Husovsky,All,339,59,88.1,103.1,104.9,40.7%,12.1°,10.5°,28.8,1.7%,1,0.24,0.264,0.341,0.385,44.1%,23.7%,20.3%,49.9%,78.6%,90.1%,25.9%,19.5%,114
Milwaukee,Charlie Marion,All,428,56,88.5,105.5,108.9,42.9%,11.4°,18.0°,32.1,8.9%,5,0.198,0.252,0.341,0.388,44.6%,26.8%,21.4%,41.8%,63.2%,77.8%,27.6%,27.9%,114
St. Thomas (MN),Max Nyrop,All,113,21,88.5,100.6,100.8,38.1%,15.3°,11.2°,38.1,4.8%,1,0.217,0.29,0.341,0.411,38.1%,33.3%,28.6%,40.7%,62.7%,90.6%,22.6%,15.2%,77
Indiana State,Jeremy Martinez,All,453,63,83.2,98.7,101.6,19.0%,16.1°,11.6°,34.9,1.6%,1,0.247,0.246,0.341,0.351,36.5%,33.3%,25.4%,41.3%,63.6%,88.4%,20.8%,18.2%,106
Carson-Newman,Braxton Smith,All,176,40,80.6,95.0,95.4,10.0%,4.2°,3.7°,25.0,0.0%,0,0.244,0.298,0.341,0.354,55.0%,17.5%,25.0%,39.8%,61.4%,94.4%,18.2%,5.7%,113
Charlotte,Noah Furcht,All,867,129,89.3,103.4,107.8,44.2%,10.3°,8.6°,32.6,3.9%,5,0.254,0.231,0.34,0.323,38.8%,26.4%,27.9%,46.6%,71.1%,78.3%,30.0%,36.4%,83
Albany,Justin Hurd,All,118,19,88.1,101.8,105.8,31.6%,11.8°,7.1°,42.1,5.3%,1,0.28,0.256,0.34,0.343,42.1%,31.6%,26.3%,33.9%,45.6%,84.6%,23.0%,30.0%,72
Niagara,Elijha Hammill,All,188,26,83.3,99.6,104.7,19.2%,12.8°,10.8°,30.8,0.0%,0,0.212,0.231,0.34,0.346,38.5%,19.2%,34.6%,39.4%,65.5%,70.2%,16.8%,28.4%,117
Harvard,Jack Rickheim,All,526,100,83.0,99.7,103.4,28.0%,13.0°,10.4°,33.0,3.0%,3,0.298,0.244,0.34,0.309,43.0%,26.0%,25.0%,47.1%,64.5%,87.0%,31.3%,20.6%,74
Oakland,Brandon Nigh,All,642,104,87.1,104.5,111.7,33.7%,15.5°,9.3°,31.7,3.8%,4,0.26,0.239,0.34,0.316,39.4%,26.9%,24.0%,41.1%,65.1%,85.8%,21.1%,19.3%,110
Creighton,Teddy Deters,All,799,128,87.6,104.5,110.0,38.3%,10.0°,8.6°,31.2,6.2%,8,0.241,0.26,0.34,0.372,50.8%,21.9%,21.1%,38.4%,61.0%,83.8%,20.4%,22.5%,114
Morehead State,Caden Sheridan,All,491,88,84.7,100.4,102.8,25.0%,9.4°,10.9°,29.5,2.3%,2,0.261,0.232,0.34,0.318,42.0%,30.7%,20.5%,42.2%,66.8%,86.6%,19.5%,18.8%,119
Western Kentucky,Dalton Fiveash,All,155,23,85.0,99.1,103.6,39.1%,9.6°,17.5°,17.4,0.0%,0,0.267,0.237,0.34,0.336,47.8%,30.4%,17.4%,38.7%,60.9%,84.6%,23.1%,25.0%,95
UC Santa Barbara,Jeramiah Crain,All,85,14,92.8,104.3,104.4,50.0%,-0.7°,9.6°,35.7,14.3%,2,0.273,0.308,0.34,0.358,64.3%,7.1%,28.6%,58.8%,76.2%,75.0%,41.9%,30.0%,65
Virginia Tech,Cameron Pittman,All,433,74,86.9,102.3,104.5,27.0%,5.2°,13.0°,33.8,5.4%,4,0.261,0.31,0.34,0.416,52.7%,21.6%,24.3%,37.6%,55.8%,86.1%,21.1%,20.2%,83
Clemson,Josh Paino,All,1071,143,91.8,106.6,109.3,52.4%,9.7°,13.4°,30.1,8.4%,12,0.251,0.242,0.34,0.357,42.0%,28.7%,23.8%,47.0%,69.8%,82.2%,28.8%,28.2%,81
Georgia,Nolan McCarthy,All,712,131,87.7,102.5,106.2,39.7%,9.5°,16.0°,34.4,8.4%,11,0.257,0.281,0.34,0.373,42.0%,32.1%,23.7%,52.2%,74.1%,78.1%,34.4%,26.9%,70
Appalachian State,Braxton Church,All,644,99,88.5,103.9,107.6,37.4%,12.7°,10.5°,29.3,6.1%,6,0.252,0.269,0.34,0.377,42.4%,24.2%,25.3%,41.5%,72.2%,89.8%,18.9%,17.6%,125
Indiana State,Jackson Taylor,All,388,72,84.6,96.1,99.1,12.5%,8.1°,-3.1°,36.1,0.0%,0,0.273,0.272,0.34,0.34,47.2%,15.3%,31.9%,40.5%,65.7%,93.0%,19.7%,14.6%,126
Minnesota,Easton Richter,All,593,88,85.8,104.4,107.8,42.0%,21.4°,24.7°,44.3,14.8%,13,0.254,0.245,0.34,0.378,20.5%,48.9%,23.9%,45.4%,70.3%,78.3%,24.7%,32.3%,101
Notre Dame,Estevan Moreno,All,841,113,90.9,108.4,113.8,52.2%,17.8°,18.2°,31.9,12.4%,14,0.231,0.235,0.34,0.347,31.0%,38.9%,24.8%,46.7%,72.3%,80.1%,26.8%,32.3%,95
Pittsburgh,Jackson Cooke,All,203,27,92.7,104.8,111.1,51.9%,17.5°,21.2°,44.4,11.1%,3,0.19,0.231,0.34,0.365,25.9%,44.4%,22.2%,37.9%,65.1%,81.5%,19.2%,24.7%,87
Virginia,Harrison Didawick,All,578,95,88.7,105.4,109.4,43.2%,11.7°,13.4°,36.8,5.3%,5,0.25,0.283,0.34,0.396,37.9%,24.2%,29.5%,45.5%,71.5%,79.8%,25.8%,28.1%,88
Tennessee Tech,Jackson Rooker,All,114,13,82.9,99.0,104.2,15.4%,13.9°,17.9°,15.4,0.0%,0,0.227,0.156,0.34,0.272,46.2%,38.5%,15.4%,35.1%,63.3%,83.9%,13.8%,25.0%,115
St. John's,Jace Jeremiah,All,331,53,86.2,100.5,103.4,30.2%,-0.8°,9.2°,34.0,1.9%,1,0.261,0.264,0.34,0.354,52.8%,17.0%,22.6%,42.9%,62.1%,94.3%,28.8%,19.0%,85
Alabama State,Devin Chandler,All,205,29,86.3,100.2,102.3,34.5%,15.0°,5.2°,24.1,0.0%,0,0.205,0.189,0.34,0.31,41.4%,24.1%,20.7%,36.6%,62.5%,86.0%,20.0%,25.3%,96
Oregon,Burke Mabeus,All,463,67,91.0,106.7,108.7,49.3%,6.8°,8.2°,22.4,7.5%,5,0.26,0.254,0.34,0.355,49.3%,26.9%,17.9%,39.7%,61.1%,87.3%,24.4%,28.3%,101
Young Harris,Kyle Chattham,All,204,39,83.8,96.8,100.3,25.6%,-5.2°,-2.9°,28.2,0.0%,0,0.306,0.259,0.34,0.279,61.5%,15.4%,20.5%,42.6%,72.2%,91.4%,15.9%,12.6%,111
North Carolina,Samuel Angelo,All,458,75,93.2,108.0,111.6,56.0%,15.0°,21.2°,32.0,17.3%,13,0.225,0.299,0.34,0.439,40.0%,32.0%,21.3%,44.3%,71.9%,80.1%,23.7%,25.1%,113
McNeese,Bryce Fontenot,All,111,15,86.0,93.9,97.5,6.7%,15.7°,9.4°,40.0,0.0%,0,0.316,0.229,0.34,0.323,40.0%,26.7%,26.7%,46.8%,63.6%,80.0%,30.4%,25.0%,114
UC Santa Barbara,Xavier Esquer,All,728,142,89.5,104.5,109.5,43.0%,13.9°,14.8°,37.3,5.6%,8,0.269,0.293,0.339,0.386,33.1%,27.5%,31.0%,47.4%,74.1%,87.0%,23.6%,20.0%,100
New Mexico,Cooper Brass,All,272,51,83.6,100.0,102.6,27.5%,8.7°,13.4°,29.4,0.0%,0,0.276,0.245,0.339,0.34,47.1%,29.4%,19.6%,38.2%,68.5%,85.1%,18.3%,18.3%,150
UNLV,Paul Myro,All,519,56,82.7,100.0,104.9,23.2%,10.5°,13.8°,25.0,0.0%,0,0.186,0.177,0.339,0.334,50.0%,30.4%,16.1%,31.2%,55.3%,86.8%,13.7%,24.1%,107
Bowling Green,Samuel Seidel,All,177,34,90.9,100.7,103.8,38.2%,17.9°,8.2°,44.1,0.0%,0,0.25,0.296,0.339,0.381,29.4%,41.2%,29.4%,41.2%,67.1%,95.7%,24.3%,12.3%,122
Boston College,Beck Milner,All,243,33,88.5,105.8,108.2,42.4%,1.5°,17.2°,30.3,6.1%,2,0.245,0.272,0.339,0.402,48.5%,24.2%,24.2%,40.7%,63.8%,71.7%,26.2%,39.4%,95
Coastal Carolina,Walker Mitchell,All,1034,146,87.7,102.4,104.8,36.3%,9.6°,14.2°,37.7,4.1%,6,0.277,0.276,0.339,0.378,41.8%,22.6%,32.2%,39.0%,59.2%,84.9%,23.5%,18.9%,101
Florida,Kyle Jones,All,73,16,83.0,103.3,103.8,37.5%,9.1°,17.2°,50.0,0.0%,0,0.312,0.341,0.339,0.399,31.2%,25.0%,31.2%,50.7%,79.3%,95.7%,31.8%,8.1%,82
Lindsey Wilson,Diego Andino,All,43,8,86.0,95.5,95.7,25.0%,16.2°,15.0°,62.5,0.0%,0,0.222,0.242,0.339,0.306,25.0%,12.5%,50.0%,37.2%,70.6%,91.7%,15.4%,18.8%,179
West Virginia,Spencer Barnett,All,477,81,89.1,101.5,108.9,35.8%,16.9°,18.1°,37.0,6.2%,5,0.279,0.277,0.339,0.365,34.6%,30.9%,29.6%,44.2%,73.8%,88.9%,23.8%,19.9%,90
Gonzaga,Jacob Wrubleski,All,262,36,89.8,101.6,109.2,41.7%,8.7°,12.2°,33.3,5.6%,2,0.268,0.213,0.339,0.288,47.2%,22.2%,25.0%,41.6%,61.7%,74.6%,25.9%,34.9%,89
Towson,Benjamin Nugent,All,142,28,78.5,100.8,102.9,28.6%,0.3°,11.6°,32.1,0.0%,0,0.314,0.272,0.339,0.311,53.6%,7.1%,28.6%,48.6%,78.8%,90.4%,22.4%,20.3%,129
St. John's,Anthony Brienza,All,396,69,84.3,95.2,96.8,14.5%,10.6°,3.8°,40.6,0.0%,0,0.31,0.296,0.339,0.338,43.5%,15.9%,39.1%,39.4%,59.2%,89.6%,23.0%,17.9%,75
CSU Bakersfield,Elgin Bennett,All,370,58,85.4,104.5,110.9,29.3%,11.6°,12.0°,27.6,3.4%,2,0.247,0.251,0.339,0.322,50.0%,27.6%,20.7%,38.1%,54.1%,88.8%,27.5%,23.4%,67
Nicholls,Chase Jans,All,384,84,87.8,102.0,106.0,36.9%,0.1°,8.7°,32.1,2.4%,2,0.297,0.284,0.339,0.355,59.5%,13.1%,23.8%,52.3%,79.7%,78.0%,29.0%,27.9%,90
Northwestern State,Daniel Burroway,All,154,23,85.4,101.6,102.5,39.1%,21.1°,29.6°,30.4,13.0%,3,0.194,0.147,0.339,0.259,30.4%,39.1%,13.0%,48.7%,67.9%,73.6%,28.9%,26.7%,90
Clemson,Jack Crighton,All,565,112,88.5,102.4,104.7,43.8%,8.8°,8.2°,33.9,0.9%,1,0.289,0.312,0.339,0.374,50.0%,19.6%,27.7%,46.2%,65.4%,91.9%,29.5%,20.3%,84
Fordham,Thomas McAndrews,All,448,81,86.0,101.8,104.3,28.4%,17.8°,14.3°,34.6,2.5%,2,0.274,0.24,0.339,0.346,32.1%,29.6%,25.9%,46.0%,68.3%,83.3%,27.6%,25.2%,113
North Florida,Connor Moore,All,245,48,87.4,101.5,107.2,39.6%,14.6°,11.2°,37.5,2.1%,1,0.298,0.292,0.339,0.359,33.3%,29.2%,33.3%,50.2%,72.3%,85.2%,31.6%,24.4%,81
Kentucky,Luke Lawrence,All,942,179,87.2,100.2,104.0,35.2%,7.3°,9.2°,37.4,2.2%,4,0.298,0.299,0.339,0.366,46.9%,22.3%,29.1%,47.8%,71.2%,88.7%,27.5%,17.1%,82
Kentucky,Hudson Brown,All,571,78,92.5,104.7,107.5,50.0%,12.0°,11.4°,39.7,6.4%,5,0.248,0.276,0.339,0.371,39.7%,24.4%,33.3%,37.8%,61.9%,87.6%,19.4%,20.4%,113
Toledo,Cole Cahill,All,637,140,86.9,101.7,104.9,38.6%,9.5°,8.1°,35.7,2.9%,4,0.29,0.331,0.339,0.395,45.7%,25.7%,27.1%,50.4%,73.9%,92.5%,32.9%,14.6%,79
California Baptist,Ryan Kim,All,705,125,92.3,104.9,111.8,46.4%,8.9°,2.9°,24.8,0.0%,0,0.266,0.278,0.339,0.342,44.8%,22.4%,22.4%,41.6%,68.2%,81.3%,24.6%,28.7%,86
Pomona-Pitzer,Jimmy Legg,All,438,59,82.6,96.5,98.6,11.9%,12.1°,9.4°,49.2,0.0%,0,0.25,0.262,0.339,0.355,33.9%,18.6%,40.7%,30.6%,52.4%,88.4%,17.5%,19.4%,110
Louisville,Garret Pike,All,774,168,86.7,101.7,104.7,32.7%,16.3°,14.8°,38.1,3.0%,5,0.299,0.278,0.339,0.34,33.9%,26.8%,29.2%,54.8%,75.9%,91.0%,37.2%,17.7%,47
LSU,Luis Hernandez,All,671,123,90.4,104.5,106.2,49.6%,16.0°,14.3°,32.5,5.7%,7,0.26,0.294,0.339,0.379,39.0%,17.9%,26.8%,44.6%,61.8%,89.2%,30.5%,20.4%,81
Stanford,Temo Becerra,All,774,155,86.5,101.7,108.9,30.3%,10.5°,10.5°,38.1,1.3%,2,0.324,0.308,0.339,0.357,41.3%,25.8%,30.3%,46.4%,66.1%,89.3%,29.8%,17.5%,85
Arkansas State,Ashton Quiller,All,689,133,82.5,99.3,104.5,24.8%,11.2°,11.2°,37.6,0.8%,1,0.3,0.254,0.339,0.309,42.1%,27.1%,26.3%,59.2%,77.2%,85.0%,45.1%,23.5%,57
Cal State Northridge,Jarren Sanderson,All,451,74,87.2,107.7,112.8,39.2%,12.5°,12.2°,32.4,6.8%,5,0.25,0.255,0.339,0.335,39.2%,28.4%,25.7%,43.0%,64.3%,75.0%,26.2%,32.5%,75
Albany,Thomas McElwee,All,112,18,82.0,95.6,96.2,11.1%,3.2°,26.1°,38.9,0.0%,0,0.292,0.245,0.339,0.311,55.6%,16.7%,27.8%,38.4%,53.1%,96.2%,27.0%,23.3%,103
UTSA,Broc Parmer,All,180,23,94.6,102.5,104.9,60.9%,11.4°,8.6°,43.5,8.7%,2,0.275,0.29,0.339,0.364,39.1%,17.4%,34.8%,49.4%,73.3%,69.1%,32.4%,42.7%,71
FOR_MAS,Jackson Micheels,All,124,17,92.9,106.7,110.7,64.7%,13.0°,16.2°,47.1,5.9%,1,0.25,0.289,0.339,0.36,29.4%,23.5%,47.1%,50.8%,72.4%,64.3%,31.8%,49.2%,58
Winthrop,Dusty Vela,All,354,79,83.2,98.3,102.1,22.8%,8.9°,10.7°,31.6,0.0%,0,0.307,0.22,0.339,0.301,41.8%,21.5%,29.1%,55.6%,77.6%,92.1%,40.1%,24.4%,58
Akron,Will Heisler,All,147,18,86.2,100.0,100.4,27.8%,3.4°,23.5°,33.3,0.0%,0,0.276,0.242,0.339,0.297,50.0%,16.7%,33.3%,36.7%,60.3%,76.3%,19.0%,37.0%,120
Middlebury,Carter Chi,All,133,21,85.2,93.2,95.1,14.3%,3.1°,3.9°,9.5,0.0%,0,0.222,0.22,0.339,0.312,61.9%,23.8%,14.3%,44.4%,76.0%,89.5%,25.3%,23.7%,130
Rutgers,Matthew Chatelle,All,542,88,89.2,106.1,110.0,37.5%,9.2°,2.9°,25.0,3.4%,3,0.263,0.256,0.338,0.338,48.9%,30.7%,20.5%,39.3%,58.6%,85.6%,22.9%,17.8%,92
Washington State,Max Hartman,All,333,63,87.1,103.6,109.1,42.9%,4.7°,6.6°,33.3,3.2%,2,0.318,0.286,0.338,0.332,54.0%,20.6%,23.8%,53.8%,74.2%,78.3%,36.0%,27.9%,77
Jackson State,Jordan McCladdie,All,88,14,78.8,89.2,99.4,28.6%,0.6°,-1.1°,21.4,0.0%,0,0.222,0.192,0.338,0.294,78.6%,7.1%,14.3%,43.2%,74.4%,86.2%,18.4%,13.2%,113
Kansas,Sawyer Smith,All,806,120,86.4,102.7,108.2,35.8%,9.6°,15.4°,30.8,5.8%,7,0.259,0.244,0.338,0.331,47.5%,25.8%,25.0%,45.0%,67.8%,75.6%,27.5%,30.3%,83
Troy,Sean Darnell,All,872,154,89.8,105.3,109.0,43.5%,7.8°,12.9°,38.3,5.2%,8,0.262,0.312,0.338,0.413,45.5%,22.7%,29.9%,41.6%,62.5%,90.4%,25.2%,18.5%,95
Utah Valley,Nate Bach,All,582,82,89.3,104.9,111.1,46.3%,24.0°,24.4°,35.4,12.2%,10,0.241,0.229,0.338,0.377,26.8%,39.0%,18.3%,43.1%,68.1%,74.3%,23.4%,30.7%,107
Emmanuel (GA),Dee Oliver,All,86,12,74.0,80.9,89.6,0.0%,23.2°,-,16.7,0.0%,0,0.3,0.172,0.338,0.201,33.3%,33.3%,16.7%,50.0%,75.8%,88.0%,34.0%,25.6%,90
Florida State,Jace Estes,All,54,7,81.2,93.4,95.1,14.3%,-6.5°,1.0°,14.3,0.0%,0,0.222,0.227,0.338,0.351,85.7%,0.0%,14.3%,44.4%,72.7%,93.8%,25.0%,12.5%,109
Mount St. Mary's,Evan Meier,All,347,65,86.5,97.0,100.5,13.8%,5.1°,6.1°,40.0,0.0%,0,0.31,0.287,0.338,0.305,50.8%,16.9%,30.8%,46.7%,71.6%,84.1%,21.1%,22.2%,93
UC Davis,Tyler Howard,All,298,38,88.5,108.7,109.9,47.4%,-2.2°,7.2°,18.4,2.6%,1,0.279,0.213,0.338,0.296,55.3%,15.8%,15.8%,42.6%,60.3%,77.6%,29.7%,26.0%,69
Hofstra,Nick Biddle Jr,All,360,64,76.8,93.6,96.9,6.2%,-2.1°,-1.5°,29.7,0.0%,0,0.289,0.239,0.338,0.31,65.6%,12.5%,18.8%,41.7%,67.9%,85.5%,20.2%,20.7%,110
Taylor,Brady Gerig,All,48,7,80.3,85.8,88.5,0.0%,17.4°,-,14.3,0.0%,0,0.222,0.177,0.338,0.467,42.9%,28.6%,14.3%,31.2%,66.7%,92.9%,3.7%,13.3%,156
St. Thomas (FL),Bryan Pazos,All,214,46,87.1,101.0,104.2,34.8%,6.4°,13.0°,34.8,4.3%,2,0.278,0.248,0.338,0.34,41.3%,32.6%,19.6%,46.7%,73.4%,89.9%,25.8%,17.0%,139
East Tennessee State,JD Yakubinis,All,763,144,84.5,101.8,106.9,28.5%,12.9°,11.5°,29.2,4.2%,6,0.282,0.247,0.338,0.312,43.8%,26.4%,21.5%,43.9%,63.9%,87.2%,28.6%,17.6%,84
North Georgia,Riley Frost,All,527,89,84.0,99.1,102.0,22.5%,11.2°,14.8°,39.3,1.1%,1,0.245,0.272,0.338,0.371,38.2%,21.3%,32.6%,36.6%,57.8%,91.5%,20.9%,14.0%,109
Evansville,Aaron Nehls,All,203,37,86.2,99.9,104.5,27.0%,10.4°,5.2°,37.8,0.0%,0,0.261,0.236,0.338,0.318,40.5%,18.9%,27.0%,44.8%,71.1%,84.1%,20.8%,25.3%,121
Navy,Victor Izquierdo,All,555,122,86.9,105.2,114.3,37.7%,11.3°,11.3°,34.4,4.1%,5,0.29,0.299,0.338,0.378,38.5%,28.7%,27.0%,45.4%,67.8%,84.2%,29.2%,22.2%,108
Tarleton State,Jaime Perez,All,277,54,86.3,97.4,102.7,18.5%,10.5°,-0.8°,27.8,1.9%,1,0.271,0.267,0.338,0.374,44.4%,16.7%,25.9%,34.7%,60.2%,91.5%,15.7%,9.4%,100
William Carey,Ty Little,All,145,19,68.7,90.9,93.2,0.0%,-13.4°,-,15.8,0.0%,0,0.308,0.187,0.338,0.259,68.4%,15.8%,15.8%,40.7%,63.8%,86.5%,25.3%,23.7%,111
Campbell,Darnell Parker,All,789,132,82.2,104.2,110.4,37.1%,16.6°,13.8°,30.3,5.3%,7,0.271,0.251,0.338,0.33,38.6%,37.1%,20.5%,55.6%,81.7%,79.1%,36.5%,30.5%,61
Northwestern State,Brooks Leonard,All,46,7,88.6,94.6,95.7,28.6%,14.8°,14.3°,71.4,0.0%,0,0.25,0.316,0.338,0.458,28.6%,28.6%,42.9%,30.4%,59.1%,100.0%,4.2%,7.1%,156
Stanford,Brandon Larson,All,333,59,91.0,104.5,110.2,44.1%,10.5°,12.2°,40.7,10.2%,6,0.272,0.304,0.338,0.393,42.4%,20.3%,30.5%,49.2%,66.9%,71.6%,32.4%,34.1%,49
Southeastern (FL),Nick Streuer,All,276,55,82.9,98.0,100.3,18.2%,3.5°,9.9°,32.7,0.0%,0,0.29,0.217,0.338,0.276,58.2%,18.2%,21.8%,51.4%,76.4%,90.4%,31.4%,14.8%,104
Wofford,Hunter Herndon,All,329,63,85.7,100.7,105.3,20.6%,-4.3°,4.9°,27.0,3.2%,2,0.296,0.262,0.338,0.335,63.5%,15.9%,15.9%,36.5%,57.4%,90.6%,19.3%,13.3%,95
Long Beach State,Armando Briseno,All,324,53,86.8,103.5,106.2,43.4%,5.5°,11.5°,41.5,5.7%,3,0.25,0.266,0.338,0.354,47.2%,30.2%,22.6%,50.0%,77.5%,78.5%,29.6%,30.2%,95
Santa Clara,Niko Olson,All,147,24,77.6,93.3,93.5,4.2%,-5.7°,-1.8°,29.2,0.0%,0,0.222,0.269,0.338,0.364,66.7%,8.3%,20.8%,40.8%,62.3%,95.3%,21.8%,8.3%,132
East Texas Baptist,Nathan Harmon,All,53,7,81.8,94.3,94.6,0.0%,0.8°,-,14.3,0.0%,0,0.222,0.324,0.338,0.421,71.4%,14.3%,14.3%,41.5%,86.7%,76.9%,23.7%,27.3%,121
Southern Wesleyan,Gage Shaver,All,301,52,78.8,98.2,100.1,19.2%,3.4°,22.1°,26.9,0.0%,0,0.288,0.207,0.338,0.283,48.1%,26.9%,23.1%,53.8%,84.0%,85.0%,34.1%,21.0%,79
George Fox,Austin Stalwick,All,107,17,79.6,96.8,106.1,11.8%,13.0°,6.2°,23.5,0.0%,0,0.3,0.243,0.338,0.315,52.9%,29.4%,11.8%,39.3%,69.0%,89.7%,20.0%,21.4%,119
Saint Francis (IN),Jayden Lepper,All,144,22,80.5,96.3,98.7,9.1%,12.3°,7.0°,45.5,0.0%,0,0.286,0.227,0.338,0.271,27.3%,27.3%,27.3%,38.2%,56.1%,83.8%,23.1%,18.2%,100
Union,Caleb Davis,All,113,27,80.4,90.3,93.8,0.0%,7.8°,-,33.3,0.0%,0,0.333,0.307,0.338,0.317,51.9%,22.2%,25.9%,43.4%,63.8%,93.3%,28.8%,12.2%,96
Wichita State,Zeb Henry,All,119,17,74.3,94.1,94.7,0.0%,-3.6°,-,29.4,0.0%,0,0.273,0.245,0.337,0.314,47.1%,23.5%,29.4%,41.2%,62.3%,84.8%,24.2%,18.4%,104
Minnesota,Jameson Martin,All,525,63,86.5,101.3,104.8,34.9%,11.1°,15.7°,30.2,3.2%,2,0.219,0.206,0.337,0.324,47.6%,33.3%,15.9%,34.9%,54.3%,80.0%,19.7%,31.1%,94
Central Arkansas,Zeb Allen,All,235,35,85.7,98.0,100.4,20.0%,18.9°,12.3°,40.0,0.0%,0,0.255,0.242,0.337,0.3,28.6%,25.7%,37.1%,41.7%,60.2%,86.4%,28.5%,17.3%,98
Delaware,Brett Walmsley,All,386,49,89.1,106.0,107.5,40.8%,8.6°,0.7°,22.4,2.0%,1,0.225,0.222,0.337,0.331,53.1%,30.6%,16.3%,36.3%,57.1%,72.3%,18.7%,29.3%,88
San Francisco,Brendan Burke,All,251,33,86.1,103.0,105.5,42.4%,-1.5°,17.8°,33.3,6.1%,2,0.278,0.209,0.337,0.294,51.5%,21.2%,24.2%,45.8%,69.4%,61.0%,27.1%,41.7%,105
Central Arkansas,Nathan Negre,All,160,34,87.4,103.6,105.3,35.3%,13.4°,10.3°,38.2,2.9%,1,0.31,0.302,0.337,0.364,38.2%,17.6%,35.3%,47.5%,61.8%,88.1%,37.0%,22.4%,47
South Carolina,Dalton Mashore,All,336,45,85.0,107.0,109.4,37.8%,2.8°,12.9°,35.6,11.1%,5,0.254,0.246,0.337,0.357,55.6%,17.8%,22.2%,36.9%,63.2%,76.7%,19.0%,33.9%,119
Pittsburgh,Lorenzo Carrier,All,472,49,97.2,111.1,112.3,57.1%,6.0°,7.3°,30.6,12.2%,6,0.227,0.219,0.337,0.335,51.0%,16.3%,26.5%,37.7%,61.9%,67.7%,17.5%,39.3%,103
Purdue,Ty Gill,All,477,90,86.5,98.8,103.5,26.7%,15.1°,6.8°,31.1,1.1%,1,0.295,0.271,0.337,0.363,42.2%,26.7%,23.3%,40.3%,68.8%,90.5%,19.8%,16.1%,127
Campbellsville,Zane Skansi,All,49,10,92.9,100.7,101.3,60.0%,12.6°,12.6°,80.0,0.0%,0,0.364,0.587,0.337,0.622,20.0%,10.0%,70.0%,51.0%,75.0%,88.9%,28.0%,16.0%,89
Point Loma,Matthew Bernath,All,50,9,81.9,98.0,98.9,44.4%,13.9°,17.3°,66.7,0.0%,0,0.364,0.353,0.337,0.383,33.3%,11.1%,55.6%,50.0%,77.3%,94.1%,28.6%,8.0%,118
Pomona-Pitzer,Peter Savas,All,163,24,80.3,94.5,96.9,4.2%,5.0°,20.1°,45.8,0.0%,0,0.229,0.151,0.337,0.232,50.0%,20.8%,25.0%,36.8%,65.0%,87.2%,20.4%,20.0%,126
Kennesaw State,Cameron Suto,All,726,120,90.9,106.4,110.8,43.3%,8.5°,14.6°,29.2,10.0%,12,0.246,0.249,0.337,0.342,44.2%,27.5%,22.5%,46.6%,66.9%,82.4%,31.8%,30.5%,69
UNLV,Brendan O'Sullivan,All,543,112,85.8,103.3,105.6,38.4%,13.8°,11.8°,34.8,5.4%,6,0.26,0.276,0.337,0.365,37.5%,32.1%,25.9%,42.4%,63.7%,86.1%,25.8%,17.0%,87
Texas,Jalin Flores,All,882,152,89.3,105.0,110.8,43.4%,18.4°,16.9°,35.5,9.9%,15,0.232,0.263,0.337,0.369,32.9%,34.9%,26.3%,46.6%,61.7%,87.3%,34.2%,22.4%,47
Bradley,Ashton Horchem,All,322,57,86.0,99.0,99.7,24.6%,8.1°,6.7°,31.6,0.0%,0,0.301,0.253,0.337,0.337,47.4%,15.8%,29.8%,35.1%,51.7%,94.7%,21.5%,14.2%,103
High Point,Oliver Cush,All,39,5,92.1,101.8,101.9,40.0%,26.4°,30.6°,20.0,0.0%,0,0.2,0.09,0.337,0.132,20.0%,60.0%,20.0%,38.5%,54.5%,66.7%,17.6%,40.0%,10
UT Tyler,Blake Labuda,All,167,37,84.7,96.0,100.0,10.8%,11.6°,5.9°,29.7,0.0%,0,0.333,0.238,0.337,0.267,51.4%,24.3%,18.9%,51.5%,72.0%,83.3%,34.8%,27.9%,83
Nicholls,Carter Jenkins,All,390,79,84.6,99.4,102.3,26.6%,4.3°,7.0°,27.8,0.0%,0,0.297,0.301,0.337,0.352,57.0%,11.4%,25.3%,51.5%,74.1%,84.6%,34.8%,21.4%,78
UNLV,Dwight Allen,All,317,33,90.9,103.7,104.8,51.5%,11.3°,14.9°,36.4,9.1%,3,0.24,0.179,0.337,0.298,42.4%,30.3%,24.2%,40.4%,60.0%,79.0%,25.8%,34.4%,75
Santa Clara,Payton Lambert,All,95,14,83.5,96.5,96.6,14.3%,11.8°,13.0°,28.6,0.0%,0,0.235,0.284,0.336,0.379,50.0%,28.6%,21.4%,38.9%,62.8%,92.6%,19.2%,10.8%,119
Northeastern,Gregory Bozzo,All,189,43,84.3,104.6,107.5,39.5%,3.5°,6.1°,37.2,4.7%,2,0.283,0.33,0.336,0.401,48.8%,18.6%,25.6%,49.2%,67.9%,88.7%,36.0%,22.6%,83
Fresno State,Lee Trevino,All,429,87,83.9,97.4,103.8,19.5%,-0.7°,5.5°,29.9,0.0%,0,0.307,0.288,0.336,0.336,56.3%,13.8%,28.7%,44.5%,68.3%,92.9%,26.3%,17.3%,119
North Carolina A&T,JT Taylor,All,292,48,86.2,103.6,106.2,39.6%,8.5°,16.4°,35.4,12.5%,6,0.213,0.22,0.336,0.322,45.8%,31.2%,18.8%,54.8%,75.2%,75.5%,35.8%,33.1%,70
Georgia State,Nick Garagozzo,All,252,34,86.7,98.4,100.7,23.5%,26.6°,9.7°,26.5,0.0%,0,0.24,0.192,0.336,0.313,29.4%,44.1%,23.5%,32.5%,60.0%,84.1%,12.9%,23.2%,130
Texas Southern,Evan Joubert,All,178,22,88.4,103.0,103.6,40.9%,11.0°,17.1°,18.2,4.5%,1,0.306,0.196,0.336,0.247,45.5%,22.7%,18.2%,50.6%,68.9%,85.5%,31.8%,20.0%,70
Tennessee Tech,Nicho Jordan,All,272,33,87.0,105.4,108.0,39.4%,3.4°,20.8°,27.3,18.2%,6,0.222,0.208,0.336,0.345,51.5%,30.3%,15.2%,39.0%,60.7%,75.4%,24.8%,36.8%,103
Jacksonville,Aidan Masters,All,203,27,87.3,96.5,101.8,22.2%,17.5°,20.6°,40.7,0.0%,0,0.231,0.212,0.336,0.315,37.0%,29.6%,29.6%,35.5%,55.6%,78.0%,19.5%,27.8%,90
MIT,John Spivey,All,68,11,83.6,99.3,100.5,36.4%,5.1°,1.2°,27.3,0.0%,0,0.333,0.281,0.336,0.311,63.6%,9.1%,27.3%,44.1%,72.0%,88.9%,27.9%,30.0%,117
Mercer,Cade Norton,All,193,28,85.8,101.1,103.3,39.3%,1.0°,11.9°,35.7,3.6%,1,0.27,0.256,0.336,0.334,53.6%,17.9%,28.6%,33.7%,60.8%,88.9%,16.8%,16.9%,120
Cincinnati,Donavan Ford,All,601,81,87.9,102.8,106.4,40.7%,13.5°,17.6°,29.6,4.9%,4,0.261,0.236,0.336,0.331,43.2%,32.1%,19.8%,44.4%,65.4%,88.4%,28.1%,23.6%,97
Bucknell,Michael Chiaravallo,All,216,19,84.4,103.6,104.7,42.1%,-3.2°,4.9°,36.8,5.3%,1,0.231,0.186,0.336,0.295,57.9%,10.5%,31.6%,39.8%,59.6%,66.1%,21.4%,39.5%,104
Maine,Aidan Bardi,All,185,29,81.8,97.0,99.6,17.2%,9.9°,12.3°,27.6,3.4%,1,0.275,0.22,0.336,0.275,41.4%,27.6%,24.1%,40.0%,69.6%,89.1%,17.9%,17.6%,123
Queens (NC),Jay Polite III,All,146,13,78.1,96.0,100.4,7.7%,-7.7°,28.7°,15.4,7.7%,1,0.222,0.146,0.336,0.249,69.2%,23.1%,7.7%,41.1%,68.8%,70.5%,19.5%,38.3%,119
Le Moyne,Ethan Farina,All,59,9,86.6,97.4,99.5,22.2%,9.4°,13.5°,44.4,0.0%,0,0.333,0.278,0.336,0.312,33.3%,11.1%,44.4%,52.5%,79.2%,78.9%,34.3%,38.7%,107
Albany,Luke Myers,All,350,57,78.9,92.6,97.6,7.0%,6.2°,3.9°,24.6,0.0%,0,0.266,0.237,0.336,0.308,52.6%,28.1%,19.3%,34.9%,54.0%,93.2%,18.2%,10.7%,112
Western Illinois,Kenneth Perez,All,206,38,86.7,101.3,103.5,28.9%,15.2°,19.2°,39.5,2.6%,1,0.28,0.252,0.336,0.29,36.8%,18.4%,34.2%,54.9%,81.5%,83.3%,37.6%,22.1%,89
Elon,Will Vergantino,All,800,145,86.4,101.7,109.4,29.7%,11.9°,10.4°,35.9,2.8%,4,0.268,0.274,0.336,0.363,42.8%,24.8%,29.0%,44.0%,68.0%,90.2%,24.5%,15.6%,100
St. John's,Jackson Tucker,All,764,147,82.7,98.3,103.2,19.0%,14.6°,7.3°,27.2,0.0%,0,0.283,0.253,0.336,0.35,42.9%,31.3%,20.4%,39.4%,64.9%,94.5%,19.1%,8.6%,108
Akron,Caden Matlon,All,627,106,89.0,101.0,104.2,34.0%,15.8°,15.3°,41.5,3.8%,4,0.256,0.272,0.336,0.385,34.9%,28.3%,32.1%,42.1%,65.8%,84.5%,22.4%,18.6%,125
Notre Dame,Jared Zimbardo,All,714,101,86.5,101.6,107.2,39.6%,12.5°,13.6°,45.5,8.9%,9,0.282,0.277,0.336,0.365,41.6%,27.7%,26.7%,43.6%,63.1%,80.2%,26.9%,29.6%,95
Coker,Adam Wilkerson,All,44,13,81.5,90.3,92.4,0.0%,2.7°,-,23.1,0.0%,0,0.357,0.243,0.336,0.243,53.8%,30.8%,15.4%,45.5%,60.9%,100.0%,28.6%,5.0%,63
Lehigh,Dom Patrizi,All,613,86,83.9,100.8,106.1,25.6%,6.7°,11.5°,30.2,4.7%,4,0.235,0.256,0.336,0.372,52.3%,20.9%,23.3%,36.9%,65.0%,89.9%,18.4%,19.0%,130
Western Oregon,Owen Bischoff,All,49,8,90.0,98.9,101.1,37.5%,6.0°,9.3°,25.0,0.0%,0,0.25,0.191,0.336,0.245,37.5%,37.5%,25.0%,44.9%,76.9%,80.0%,33.3%,36.4%,110
Vanderbilt,Mac Rose,All,623,88,88.8,104.5,108.2,37.5%,10.5°,11.7°,28.4,2.3%,2,0.248,0.248,0.336,0.356,45.5%,25.0%,22.7%,41.6%,61.6%,77.8%,26.9%,26.6%,85
UT Arlington,Larry Haskins,All,349,55,87.3,100.4,102.5,34.5%,8.9°,10.4°,30.9,3.6%,2,0.25,0.228,0.336,0.319,49.1%,25.5%,21.8%,42.1%,68.6%,81.3%,20.7%,32.7%,128
East Texas Baptist,Dylan Burnaman,All,55,14,81.7,93.1,95.2,7.1%,9.4°,3.0°,14.3,0.0%,0,0.333,0.312,0.336,0.34,57.1%,21.4%,7.1%,54.5%,86.7%,100.0%,42.5%,13.3%,14
George Fox,Matthew Castillo,All,36,7,79.4,89.3,91.2,0.0%,26.1°,-,42.9,0.0%,0,0.2,0.057,0.336,0.133,14.3%,71.4%,0.0%,41.7%,64.7%,72.7%,21.1%,26.7%,61
Mars Hill,Jackson Jones,All,357,72,82.0,98.1,102.4,15.3%,2.6°,0.4°,23.6,0.0%,0,0.3,0.238,0.336,0.273,54.2%,16.7%,20.8%,44.3%,60.8%,96.9%,31.2%,16.5%,79
Florida A&M,Jay Campbell,All,99,15,89.9,100.2,101.5,53.3%,10.4°,4.9°,60.0,6.7%,1,0.28,0.29,0.336,0.339,40.0%,20.0%,40.0%,47.5%,63.6%,77.1%,27.3%,27.7%,131
Georgia,Daniel Jackson,All,443,50,91.8,106.5,111.0,52.0%,12.9°,20.9°,22.0,16.0%,8,0.173,0.238,0.336,0.386,50.0%,34.0%,14.0%,35.2%,57.4%,80.2%,16.6%,30.1%,111
UC Irvine,Frankie Carney,All,430,60,82.6,101.6,104.1,35.0%,-7.4°,5.4°,28.3,0.0%,0,0.295,0.259,0.335,0.321,66.7%,6.7%,25.0%,39.1%,61.5%,86.5%,18.7%,20.2%,87
UCLA,Cashel Dugger,All,896,136,84.0,98.3,105.2,21.3%,11.5°,14.1°,36.8,0.7%,1,0.28,0.28,0.335,0.354,41.9%,23.5%,30.1%,35.6%,55.6%,89.6%,17.0%,13.5%,103
Arkansas,Gabe Fraser,All,204,36,79.5,102.3,106.3,19.4%,4.6°,23.3°,27.8,2.8%,1,0.273,0.217,0.335,0.316,52.8%,27.8%,13.9%,54.4%,73.1%,86.8%,35.0%,21.6%,60
Radford,Kyle Crisp,All,117,16,84.9,93.5,93.7,6.2%,-3.8°,-11.5°,18.8,0.0%,0,0.238,0.279,0.335,0.377,68.8%,12.5%,12.5%,41.9%,62.2%,96.4%,29.2%,24.5%,104
Akron,Ian Pennington,All,558,93,87.1,101.3,104.5,37.6%,17.9°,13.1°,34.4,4.3%,4,0.258,0.246,0.335,0.354,31.2%,38.7%,25.8%,43.9%,74.1%,83.9%,19.2%,21.2%,124
St. Thomas (MN),Brigs Richartz,All,193,55,85.2,103.3,104.8,40.0%,4.5°,11.2°,30.9,0.0%,0,0.263,0.313,0.335,0.377,47.3%,14.5%,29.1%,45.6%,72.6%,96.7%,24.8%,8.0%,118
Texas A&M,Terrence Kiel II,All,702,127,87.1,102.0,106.7,30.7%,7.8°,5.0°,27.6,0.8%,1,0.278,0.235,0.335,0.3,49.6%,21.3%,23.6%,40.0%,64.2%,88.1%,21.8%,22.4%,99
Butler,Gunnar Duncan,All,122,16,84.6,97.2,103.3,18.8%,6.0°,4.7°,31.2,0.0%,0,0.25,0.303,0.335,0.399,50.0%,18.8%,31.2%,36.1%,63.3%,87.1%,17.8%,15.9%,115
Hawaii,Jordan Donahue,All,210,42,82.5,95.7,98.5,7.1%,5.7°,12.9°,33.3,0.0%,0,0.3,0.188,0.335,0.271,47.6%,21.4%,23.8%,47.6%,69.0%,93.1%,33.3%,24.0%,74
Stetson,Evan Griffis,All,501,79,89.3,106.7,108.6,46.8%,13.8°,8.8°,35.4,6.3%,5,0.226,0.287,0.335,0.397,38.0%,25.3%,27.8%,34.5%,52.4%,83.5%,21.8%,24.9%,93
Winthrop,Chet Bowling,All,102,24,83.1,96.7,103.7,8.3%,18.9°,21.2°,29.2,4.2%,1,0.296,0.267,0.335,0.323,41.7%,33.3%,20.8%,49.0%,68.3%,82.1%,36.1%,16.0%,70
Pacific,JT Waldon,All,431,71,85.0,100.5,106.1,35.2%,0.6°,3.2°,28.2,2.8%,2,0.299,0.223,0.335,0.282,59.2%,21.1%,16.9%,43.9%,65.3%,88.5%,29.5%,28.0%,76
Towson,Taye Robinson,All,373,76,84.1,98.3,103.2,21.1%,11.5°,13.6°,35.5,1.3%,1,0.277,0.276,0.335,0.331,42.1%,22.4%,28.9%,52.0%,81.9%,84.6%,28.0%,23.2%,99
Tennessee,Manny Marin,All,543,105,86.1,100.4,105.2,33.3%,18.1°,13.8°,33.3,1.9%,2,0.294,0.254,0.335,0.313,35.2%,27.6%,27.6%,52.7%,72.2%,87.7%,37.6%,23.4%,49
George Mason,Jonny Wall,All,537,127,85.3,98.8,104.7,21.3%,13.3°,8.0°,33.1,0.0%,0,0.317,0.28,0.335,0.331,40.9%,26.0%,27.6%,41.7%,64.5%,93.4%,24.1%,13.8%,112
Georgia State,Cole Griffith,All,381,60,88.5,102.4,105.7,45.0%,18.9°,19.7°,36.7,3.3%,2,0.253,0.265,0.335,0.374,33.3%,35.0%,30.0%,48.8%,75.8%,77.3%,29.9%,30.6%,97
Indiana State,Andrew Ortiz,All,134,23,85.0,99.0,101.2,39.1%,-0.1°,5.4°,30.4,0.0%,0,0.324,0.266,0.335,0.294,60.9%,0.0%,34.8%,56.7%,82.1%,74.5%,31.3%,36.8%,119
Michigan,Jeter Ybarra,All,716,152,90.2,105.1,107.6,46.7%,10.8°,13.1°,44.1,8.6%,13,0.26,0.356,0.335,0.47,40.1%,25.0%,32.9%,43.3%,68.2%,91.3%,25.1%,16.8%,100
Texas,Tommy Farmer,All,769,101,84.6,105.2,110.3,39.6%,11.8°,8.9°,28.7,0.0%,0,0.255,0.227,0.335,0.322,42.6%,22.8%,25.7%,39.7%,61.9%,79.6%,21.2%,32.1%,94
Southwestern (TX),Jordan Coronado,All,199,30,88.2,101.9,108.2,43.3%,-0.2°,8.7°,30.0,3.3%,1,0.282,0.274,0.335,0.356,53.3%,20.0%,20.0%,43.2%,65.1%,87.8%,33.1%,30.2%,38
Evansville,Drew Howard,All,393,75,86.8,97.1,102.0,28.0%,10.3°,7.4°,22.7,0.0%,0,0.284,0.263,0.335,0.327,49.3%,24.0%,22.7%,45.5%,68.8%,89.8%,24.6%,19.6%,79
Wingate,Gavin Groppuso,All,107,18,82.0,95.9,98.6,16.7%,19.6°,6.3°,44.4,0.0%,0,0.25,0.277,0.335,0.346,33.3%,27.8%,33.3%,36.4%,58.0%,93.1%,17.5%,7.7%,118
Gardner-Webb,Ryan Kennell,All,388,62,87.6,97.6,102.3,30.6%,3.9°,5.8°,25.8,0.0%,0,0.291,0.241,0.335,0.304,58.1%,21.0%,21.0%,35.6%,58.5%,95.0%,17.5%,13.0%,101
Bellarmine,Jacob Rowold,All,143,16,87.1,98.1,100.9,25.0%,16.6°,18.1°,43.8,0.0%,0,0.182,0.235,0.335,0.398,31.2%,37.5%,31.2%,39.2%,71.9%,78.0%,17.4%,28.6%,138
Saint Mary's (CA),Micah Nicholson,All,127,28,83.7,97.2,100.8,17.9%,6.1°,6.5°,39.3,0.0%,0,0.345,0.277,0.335,0.312,57.1%,32.1%,10.7%,44.1%,61.5%,93.8%,32.0%,10.7%,63
Bowling Green,TJ Takats,All,149,32,92.2,103.0,104.6,53.1%,11.5°,12.1°,50.0,3.1%,1,0.278,0.417,0.335,0.49,40.6%,18.8%,40.6%,42.3%,73.1%,91.8%,17.1%,15.9%,139
UC Riverside,Tyler Gordon,All,124,26,77.6,97.2,101.4,15.4%,8.0°,7.5°,30.8,0.0%,0,0.281,0.244,0.335,0.263,57.7%,19.2%,15.4%,45.2%,70.6%,94.4%,27.4%,8.9%,108
Gardner-Webb,Gavin Johnson,All,125,16,72.8,83.8,93.8,6.2%,23.7°,-10.0°,31.2,0.0%,0,0.24,0.182,0.335,0.321,37.5%,37.5%,25.0%,39.2%,56.4%,77.4%,25.7%,24.5%,90
Army,Michael Delph,All,208,28,89.1,99.4,99.6,50.0%,2.8°,0.0°,25.0,0.0%,0,0.243,0.265,0.335,0.36,57.1%,17.9%,21.4%,39.4%,67.5%,90.4%,22.9%,24.4%,129
Lewis & Clark,Brennen Davis,All,108,15,81.5,90.4,102.5,20.0%,11.7°,1.3°,20.0,6.7%,1,0.238,0.189,0.334,0.327,46.7%,13.3%,20.0%,37.0%,65.8%,88.0%,21.4%,27.5%,102
Florida,Landon Stripling,All,555,95,86.3,101.2,103.3,34.7%,8.6°,12.7°,32.6,2.1%,2,0.257,0.289,0.334,0.386,46.3%,23.2%,27.4%,40.4%,68.2%,90.7%,19.7%,16.5%,121
Arizona State,Jax Ryan,All,393,62,91.2,103.1,109.5,51.6%,11.8°,13.2°,33.9,6.5%,4,0.282,0.26,0.334,0.351,38.7%,29.0%,30.6%,42.7%,68.3%,77.7%,24.5%,28.6%,109
Wake Forest,Antonio Morales,All,384,65,87.5,102.8,105.8,33.8%,1.4°,10.2°,27.7,3.1%,2,0.235,0.256,0.334,0.339,50.8%,20.0%,23.1%,37.2%,55.4%,86.9%,18.8%,21.0%,90
Florida,Hayden Yost,All,806,138,89.0,104.0,111.4,40.6%,7.5°,4.3°,29.0,0.7%,1,0.256,0.286,0.334,0.358,47.8%,21.7%,27.5%,41.9%,62.6%,88.4%,24.2%,21.0%,95
William & Mary,Kevin Francella,All,80,14,85.5,97.7,98.2,21.4%,-1.1°,7.4°,42.9,0.0%,0,0.333,0.279,0.334,0.272,50.0%,7.1%,42.9%,55.0%,75.0%,77.8%,38.6%,31.8%,43
Towson,AJ Kolb,All,232,58,82.2,90.7,97.5,1.7%,3.7°,5.7°,22.4,0.0%,0,0.343,0.272,0.334,0.302,62.1%,12.1%,20.7%,49.6%,71.8%,91.0%,24.1%,13.0%,97
Navy,Evan Brown,All,595,132,86.8,105.6,110.3,35.6%,9.8°,10.0°,26.5,4.5%,6,0.287,0.29,0.334,0.365,51.5%,20.5%,23.5%,46.9%,72.4%,85.2%,26.9%,22.6%,100
Campbell,Jett Music,All,456,68,91.6,104.0,107.9,44.1%,13.7°,12.6°,33.8,4.4%,3,0.27,0.255,0.334,0.341,38.2%,29.4%,27.9%,45.8%,70.0%,84.8%,25.7%,26.8%,99
Omaha,Drew Borner,All,309,50,86.2,98.9,102.7,24.0%,7.6°,10.5°,34.0,2.0%,1,0.266,0.257,0.334,0.34,42.0%,28.0%,24.0%,41.7%,67.7%,95.2%,24.3%,13.2%,108
UL Monroe,Bryce Blaser,All,548,106,83.8,97.5,102.2,17.9%,16.4°,12.5°,45.3,0.9%,1,0.286,0.285,0.334,0.34,34.0%,29.2%,30.2%,44.7%,70.6%,84.6%,27.2%,25.3%,100
TCU,Anthony Silva,All,823,163,89.3,102.5,104.5,41.7%,14.0°,16.7°,44.2,7.4%,12,0.282,0.324,0.334,0.423,34.4%,28.2%,31.3%,43.0%,68.6%,88.0%,21.5%,19.2%,102
Butler,David Ayers,All,418,47,87.8,103.5,106.7,42.6%,19.1°,20.1°,34.0,4.3%,2,0.232,0.222,0.334,0.318,31.9%,36.2%,27.7%,45.7%,69.9%,71.9%,26.8%,40.8%,61
Western Michigan,Avery Thielman,All,344,52,86.5,104.9,109.6,28.8%,2.2°,14.5°,28.8,7.7%,4,0.214,0.265,0.334,0.392,48.1%,21.2%,25.0%,41.3%,61.6%,91.8%,27.7%,20.4%,81
Ohio State,Reggie Bussey,All,718,97,82.6,96.4,101.8,14.4%,5.1°,11.9°,26.8,0.0%,0,0.258,0.211,0.334,0.302,49.5%,22.7%,23.7%,36.4%,59.0%,84.0%,16.1%,22.2%,112
Indiana State,Nomar Garcia,All,289,36,83.1,102.1,105.7,19.4%,7.4°,13.6°,36.1,0.0%,0,0.302,0.208,0.334,0.259,41.7%,19.4%,30.6%,46.7%,62.7%,81.0%,32.9%,28.1%,57
Hawaii,Hunter Faildo,All,84,13,92.1,103.4,107.1,38.5%,16.5°,13.5°,30.8,0.0%,0,0.333,0.223,0.334,0.251,38.5%,15.4%,30.8%,52.4%,76.5%,76.9%,36.0%,45.5%,68
Little Rock,Ryan Geck,All,321,63,90.3,101.2,103.3,41.3%,8.8°,4.2°,30.2,3.2%,2,0.275,0.265,0.334,0.338,50.8%,25.4%,17.5%,47.7%,67.9%,82.1%,28.5%,26.8%,55
Long Beach State,Matthew Toomey,All,359,52,87.6,100.9,105.3,42.3%,4.9°,10.0°,38.5,0.0%,0,0.278,0.246,0.334,0.305,53.8%,15.4%,28.8%,49.6%,68.3%,80.9%,34.3%,27.0%,63
Mercer,Zach Thomas,All,217,33,86.4,104.7,106.2,36.4%,6.3°,2.5°,36.4,3.0%,1,0.25,0.26,0.334,0.365,48.5%,15.2%,24.2%,35.0%,54.4%,83.7%,21.3%,22.4%,94
Nebraska,Will Jesske,All,410,98,88.6,101.6,106.7,36.7%,9.7°,1.7°,31.6,3.1%,3,0.274,0.308,0.333,0.367,49.0%,26.5%,20.4%,45.6%,61.6%,94.5%,33.5%,15.5%,72
Illinois-Chicago,Colin Husko,All,464,79,83.6,97.1,100.1,15.2%,4.5°,9.1°,35.4,1.3%,1,0.24,0.272,0.333,0.367,55.7%,15.2%,26.6%,41.8%,64.9%,90.0%,26.5%,16.0%,104
Memphis,Michael Politte,All,294,42,86.3,105.9,108.5,31.0%,-1.1°,6.2°,28.6,2.4%,1,0.269,0.214,0.333,0.281,57.1%,9.5%,28.6%,51.7%,73.6%,72.6%,34.5%,40.1%,77
Southeast Missouri,Caleb Champion,All,123,16,79.1,100.8,104.7,25.0%,16.5°,15.3°,31.2,0.0%,0,0.286,0.195,0.333,0.256,43.8%,31.2%,18.8%,43.9%,69.5%,80.5%,20.3%,24.1%,103
Northwestern,Tyler Ganus,All,616,103,84.0,100.2,109.4,21.4%,8.5°,4.0°,26.2,1.0%,1,0.269,0.225,0.333,0.31,49.5%,25.2%,19.4%,42.7%,68.3%,86.3%,21.6%,18.3%,101
Northern Kentucky,Josh Williams,All,291,45,86.7,103.0,108.3,35.6%,13.4°,11.9°,42.2,8.9%,4,0.254,0.208,0.333,0.283,31.1%,22.2%,31.1%,43.6%,56.7%,87.5%,33.5%,23.6%,62
Georgetown,Connor Price,All,216,38,85.8,102.7,109.5,28.9%,17.7°,20.1°,31.6,7.9%,3,0.28,0.207,0.333,0.321,26.3%,47.4%,18.4%,51.9%,78.7%,82.4%,31.1%,26.8%,92
Georgia State,Jae Williams,All,690,110,83.0,101.7,110.3,28.2%,14.3°,9.2°,24.5,1.8%,2,0.239,0.238,0.333,0.35,40.9%,29.1%,22.7%,36.5%,62.8%,84.5%,17.7%,21.8%,122
Stonehill,Sean McGee,All,212,26,90.1,100.4,102.6,30.8%,24.0°,15.0°,50.0,3.8%,1,0.26,0.205,0.333,0.283,15.4%,26.9%,46.2%,47.2%,63.4%,83.1%,34.5%,36.0%,64
Arizona State,Brody Briggs,All,390,74,86.0,101.7,104.4,35.1%,9.9°,6.7°,21.6,4.1%,3,0.28,0.223,0.333,0.284,48.6%,32.4%,16.2%,50.0%,72.9%,84.1%,26.2%,24.1%,88
Florida,Ashton Wilson,All,544,76,85.2,102.9,105.7,32.9%,8.3°,14.3°,31.6,3.9%,3,0.224,0.234,0.333,0.362,53.9%,23.7%,17.1%,39.0%,63.9%,87.5%,19.6%,22.2%,99
Marist,Nathan Lincoln,All,208,36,81.7,97.6,99.4,13.9%,3.1°,13.8°,30.6,0.0%,0,0.239,0.241,0.333,0.342,58.3%,19.4%,22.2%,44.7%,71.3%,86.6%,22.8%,18.3%,121
Nicholls,Andrew Miller,All,95,22,85.4,98.8,99.7,36.4%,-1.1°,11.3°,36.4,0.0%,0,0.3,0.278,0.333,0.311,50.0%,9.1%,36.4%,57.9%,74.0%,89.2%,40.0%,23.6%,25
Western Michigan,Grady Mee,All,318,56,85.1,102.4,106.1,41.1%,15.3°,9.1°,37.5,3.6%,2,0.292,0.275,0.333,0.363,46.4%,25.0%,28.6%,44.7%,73.2%,85.3%,19.5%,20.4%,127
Seton Hall,Andrew Bianco,All,190,31,84.0,105.1,107.0,29.0%,7.6°,6.4°,32.3,6.5%,2,0.25,0.224,0.333,0.324,54.8%,25.8%,16.1%,46.8%,76.3%,84.5%,27.2%,27.0%,99
Fordham,Carson Chavez,All,152,18,84.1,99.7,100.6,22.2%,12.8°,13.9°,33.3,0.0%,0,0.269,0.239,0.332,0.339,38.9%,27.8%,33.3%,44.7%,72.6%,86.7%,25.6%,19.1%,106
Old Dominion,Tahraun Hammond,All,390,57,85.7,97.0,100.3,22.8%,1.9°,6.5°,40.4,0.0%,0,0.274,0.314,0.332,0.378,50.9%,12.3%,36.8%,33.8%,55.0%,90.3%,17.6%,11.4%,120
Auburn Montgomery,Landon Baeder,All,35,8,86.1,97.8,98.3,50.0%,15.0°,12.8°,50.0,12.5%,1,0.25,0.408,0.332,0.511,50.0%,50.0%,0.0%,57.1%,85.7%,91.7%,38.1%,5.0%,53
Le Moyne,Michael Whelehan,All,32,7,65.8,84.8,85.7,0.0%,6.7°,-,28.6,0.0%,0,0.25,0.108,0.332,0.177,71.4%,14.3%,14.3%,50.0%,80.0%,66.7%,23.5%,31.2%,160
Florida State,Noah Sheffield,All,42,6,92.0,101.2,104.1,33.3%,10.4°,-0.7°,16.7,0.0%,0,0.25,0.336,0.332,0.411,66.7%,16.7%,16.7%,45.2%,68.2%,80.0%,20.0%,36.8%,115
Keiser,Matthew Nichols,All,105,14,79.2,94.8,95.7,7.1%,-16.0°,3.2°,21.4,0.0%,0,0.263,0.207,0.332,0.293,78.6%,0.0%,21.4%,33.3%,57.4%,92.6%,13.8%,14.3%,116
Oklahoma,Scott Mudler,All,353,61,90.1,105.4,110.2,37.7%,12.0°,17.7°,32.8,6.6%,4,0.247,0.282,0.332,0.373,42.6%,23.0%,29.5%,41.4%,61.0%,85.0%,24.3%,24.0%,77
Florida,Ty Evans,All,481,77,91.0,106.9,111.9,46.8%,10.5°,10.9°,26.0,7.8%,6,0.252,0.245,0.332,0.324,48.1%,26.0%,18.2%,51.8%,77.5%,77.3%,29.7%,35.7%,79
Elon,Charlie Granatell,All,890,172,84.3,101.0,106.1,25.0%,11.7°,12.3°,34.3,1.7%,3,0.265,0.271,0.332,0.343,43.6%,23.8%,26.7%,36.6%,52.6%,95.3%,23.1%,11.7%,81
King,Conner Hyatt,All,42,5,84.6,75.5,75.5,0.0%,-16.2°,-,20.0,0.0%,0,0.25,0.202,0.332,0.302,80.0%,0.0%,20.0%,35.7%,66.7%,90.0%,18.5%,20.0%,167
UAB,Wesley Helms,All,643,136,85.3,99.0,101.9,25.0%,6.2°,3.8°,32.4,0.0%,0,0.289,0.312,0.332,0.362,48.5%,16.2%,29.4%,36.5%,52.6%,97.4%,23.1%,8.1%,82
Southwestern (TX),Wyatt Kuhlow,All,88,16,82.4,94.7,95.9,6.2%,10.9°,7.6°,18.8,0.0%,0,0.318,0.19,0.332,0.248,43.8%,31.2%,18.8%,40.9%,65.0%,84.6%,20.8%,19.4%,113
George Washington,Conlon Walker,All,586,100,86.0,103.8,107.6,35.0%,6.3°,3.4°,24.0,1.0%,1,0.25,0.258,0.332,0.342,58.0%,23.0%,15.0%,43.7%,67.7%,91.8%,25.7%,15.6%,99
Florida Atlantic,Jake Millan,All,293,46,89.1,107.9,109.7,37.0%,19.7°,18.7°,34.8,13.0%,6,0.224,0.25,0.332,0.349,26.1%,32.6%,23.9%,45.4%,66.7%,79.3%,30.0%,32.3%,80
Oregon,Carter Garate,All,780,127,85.2,102.5,108.6,33.1%,8.1°,8.8°,25.2,3.1%,4,0.265,0.242,0.332,0.314,45.7%,23.6%,25.2%,43.6%,60.5%,86.7%,30.0%,19.7%,76
New Orleans,Chace Boines,All,43,7,79.6,89.3,89.3,14.3%,-1.7°,-0.2°,0.0,0.0%,0,0.286,0.116,0.332,0.332,57.1%,14.3%,0.0%,34.9%,64.7%,81.8%,15.4%,20.0%,112
Lindenwood,Evan Funkhouser,All,98,13,80.4,94.6,101.8,7.7%,17.9°,23.0°,30.8,0.0%,0,0.174,0.15,0.332,0.279,30.8%,46.2%,23.1%,35.7%,60.5%,76.9%,16.4%,25.7%,124
Centre,JT Weisberg,All,208,36,83.9,95.4,96.6,25.0%,3.4°,-5.3°,33.3,0.0%,0,0.289,0.216,0.332,0.289,50.0%,25.0%,22.2%,38.9%,68.2%,85.0%,17.5%,16.0%,124
Memphis,Cy Turner,All,475,49,84.2,102.1,107.8,36.7%,20.5°,19.8°,34.7,8.2%,4,0.203,0.202,0.332,0.349,28.6%,34.7%,24.5%,36.2%,57.1%,87.6%,21.3%,25.0%,112
Santa Clara,Mateo Garcia,All,660,100,85.8,99.7,105.4,26.0%,16.6°,15.5°,30.0,1.0%,1,0.234,0.212,0.332,0.325,33.0%,36.0%,23.0%,37.9%,64.3%,86.7%,18.4%,17.6%,134
St. Bonaventure,Conner Vercollone,All,229,36,82.3,99.7,102.4,25.0%,21.7°,30.2°,33.3,8.3%,3,0.191,0.175,0.332,0.285,27.8%,47.2%,13.9%,41.9%,70.3%,76.1%,19.5%,27.1%,118
Centenary (LA),Clay Menard,All,67,10,77.7,88.1,88.9,0.0%,-2.1°,-,50.0,0.0%,0,0.273,0.335,0.332,0.398,50.0%,10.0%,40.0%,29.9%,46.7%,100.0%,16.2%,0.0%,102
Liberty,Bryce Lane,All,90,13,86.4,101.8,106.0,30.8%,9.7°,14.3°,15.4,0.0%,0,0.25,0.204,0.332,0.298,53.8%,30.8%,15.4%,38.9%,68.8%,72.7%,22.4%,37.1%,134
Concord,Korbin Bostic,All,51,9,86.7,105.2,106.8,44.4%,20.5°,21.3°,44.4,0.0%,0,0.25,0.233,0.332,0.283,33.3%,33.3%,33.3%,41.2%,72.7%,75.0%,17.2%,23.8%,132
Creighton,Nate McHugh,All,476,85,84.6,101.9,105.3,38.8%,3.2°,12.8°,34.1,3.5%,3,0.268,0.309,0.332,0.405,51.8%,12.9%,29.4%,39.7%,64.3%,91.5%,18.4%,12.7%,108
Hawaii Pacific,Carter Jones,All,30,5,85.4,99.9,102.8,20.0%,2.5°,11.6°,20.0,0.0%,0,0.25,0.199,0.332,0.26,60.0%,0.0%,20.0%,50.0%,66.7%,70.0%,33.3%,40.0%,16
Georgia College,Charlie Banks,All,51,8,93.2,100.5,102.8,37.5%,28.6°,35.3°,25.0,12.5%,1,0.25,0.177,0.332,0.315,25.0%,37.5%,25.0%,54.9%,73.9%,82.4%,39.3%,28.6%,60
Northern Colorado,Dalton Miller,All,82,13,84.2,96.4,99.6,7.7%,6.0°,16.5°,15.4,0.0%,0,0.267,0.203,0.332,0.278,61.5%,23.1%,7.7%,40.2%,57.1%,95.0%,27.7%,21.2%,64
Arkansas State,Zac Butler,All,97,14,86.2,95.4,100.4,7.1%,13.1°,26.3°,42.9,7.1%,1,0.263,0.267,0.332,0.377,42.9%,28.6%,28.6%,34.0%,65.7%,87.0%,16.1%,18.2%,86
California Baptist,Carter Eberhard,All,125,17,93.6,100.3,104.6,52.9%,5.4°,2.5°,35.3,0.0%,0,0.25,0.319,0.332,0.395,52.9%,5.9%,35.3%,41.6%,64.0%,71.9%,26.7%,32.7%,94
William Carey,Bridley Thomas,All,65,9,79.5,99.0,99.8,22.2%,6.1°,26.7°,33.3,0.0%,0,0.25,0.223,0.332,0.348,55.6%,22.2%,22.2%,23.1%,40.7%,81.8%,10.5%,13.3%,122
CLA_CLA,Keegan Cabrera,All,82,15,83.8,98.4,99.3,20.0%,10.0°,11.9°,33.3,0.0%,0,0.333,0.292,0.332,0.317,40.0%,13.3%,40.0%,57.3%,89.2%,93.9%,31.1%,23.4%,72
Georgetown (KY),Elijah Verge,All,33,5,83.1,95.5,96.1,20.0%,-12.9°,13.9°,40.0,0.0%,0,0.25,0.237,0.332,0.292,60.0%,0.0%,40.0%,45.5%,64.7%,90.9%,25.0%,20.0%,77
Northwestern State,Sam Stephenson,All,243,32,84.7,99.9,102.7,28.1%,9.7°,12.4°,34.4,6.2%,2,0.224,0.214,0.331,0.298,43.8%,28.1%,21.9%,40.7%,58.6%,82.8%,28.5%,32.3%,97
Texas Tech,Garet Boehm,All,244,59,86.3,102.8,105.5,33.9%,-1.8°,4.0°,23.7,3.4%,2,0.268,0.283,0.331,0.327,64.4%,20.3%,15.3%,52.5%,74.3%,89.7%,36.0%,23.4%,41
Abilene Christian,Braden Regala,All,575,101,81.4,95.5,98.9,7.9%,-0.9°,6.7°,29.7,0.0%,0,0.299,0.225,0.331,0.294,52.5%,13.9%,27.7%,40.5%,62.5%,91.5%,21.9%,18.0%,108
Cal State Northridge,Xavier Rios,All,336,35,82.5,99.4,103.7,17.1%,15.5°,24.4°,40.0,5.7%,2,0.222,0.201,0.331,0.306,37.1%,37.1%,22.9%,47.9%,75.9%,73.8%,27.7%,39.8%,75
Stetson,Danny Perez,All,242,39,86.7,99.7,103.2,28.2%,10.6°,9.9°,38.5,2.6%,1,0.271,0.302,0.331,0.39,41.0%,17.9%,33.3%,39.7%,64.8%,92.6%,20.4%,13.5%,114
East Carolina,Alex Bouche,All,694,97,92.6,105.7,108.3,51.5%,8.3°,11.1°,33.0,10.3%,10,0.261,0.249,0.331,0.335,45.4%,22.7%,25.8%,37.9%,56.3%,79.8%,22.5%,34.2%,76
Florida State,BJ Gibson,All,148,14,83.2,101.1,106.4,35.7%,11.0°,14.3°,28.6,0.0%,0,0.208,0.152,0.331,0.306,35.7%,21.4%,28.6%,37.8%,62.5%,77.5%,19.0%,42.9%,103
Emory & Henry,Rhett Barker,All,55,8,86.8,100.0,101.4,37.5%,39.2°,23.3°,50.0,0.0%,0,0.25,0.145,0.331,0.181,0.0%,62.5%,37.5%,61.8%,86.4%,73.7%,45.5%,44.1%,14
Butler,Harry Carr,All,369,51,87.6,101.7,104.1,39.2%,5.7°,14.5°,33.3,3.9%,2,0.284,0.243,0.331,0.332,52.9%,23.5%,21.6%,47.7%,73.7%,75.7%,28.6%,31.8%,101
Longwood,Jayson Nash,All,444,49,83.9,99.5,100.2,26.5%,4.2°,9.6°,38.8,0.0%,0,0.25,0.216,0.331,0.296,53.1%,14.3%,30.6%,31.3%,49.5%,76.8%,17.5%,30.2%,92
Chapman,Nathaniel Jensen,All,61,11,83.5,99.2,100.1,27.3%,16.2°,26.7°,63.6,9.1%,1,0.235,0.251,0.331,0.33,18.2%,45.5%,36.4%,41.0%,66.7%,78.6%,27.5%,36.0%,83
Arkansas,Kendall Diggs,All,217,31,88.2,103.4,108.1,29.0%,18.3°,22.2°,48.4,3.2%,1,0.213,0.241,0.331,0.349,29.0%,38.7%,29.0%,36.4%,53.4%,80.0%,21.1%,24.1%,73
UMBC,Leewood Molessa,All,260,52,84.6,105.1,106.6,28.8%,12.4°,14.7°,28.8,7.7%,4,0.242,0.219,0.331,0.314,38.5%,44.2%,13.5%,45.0%,66.7%,77.1%,30.3%,33.3%,78
UL Monroe,Colby Lunsford,All,288,47,90.1,106.1,110.3,42.6%,11.6°,17.0°,31.9,10.6%,5,0.27,0.267,0.331,0.388,38.3%,29.8%,23.4%,42.0%,61.3%,80.9%,29.9%,23.1%,85
UT Arlington,Max Mims,All,323,41,89.4,105.7,109.6,31.7%,15.6°,12.6°,34.1,7.3%,3,0.224,0.212,0.331,0.342,36.6%,24.4%,24.4%,39.3%,60.5%,80.6%,27.0%,33.1%,92
Nebraska,Tyler Stone,All,626,113,90.8,107.9,111.8,43.4%,9.1°,12.7°,29.2,7.1%,8,0.229,0.276,0.331,0.379,43.4%,25.7%,19.5%,43.1%,66.4%,84.3%,25.7%,27.0%,103
Nebraska,Gabe Swansen,All,626,114,89.7,104.5,109.5,46.5%,16.9°,17.7°,36.8,10.5%,12,0.24,0.268,0.331,0.381,31.6%,33.3%,26.3%,45.0%,72.4%,79.7%,21.0%,22.3%,95
Limestone,Peter Adams,All,432,98,78.4,89.2,95.0,1.0%,3.2°,8.7°,29.6,0.0%,0,0.339,0.261,0.331,0.292,57.1%,20.4%,18.4%,45.4%,77.2%,89.9%,22.6%,13.8%,135
NC State,Drew Lanphere,All,429,70,87.4,103.8,108.0,38.6%,9.8°,12.1°,27.1,4.3%,3,0.22,0.27,0.331,0.402,50.0%,28.6%,20.0%,32.9%,59.4%,91.6%,13.7%,13.5%,120
Canisius,Trent Rumley,All,147,27,90.0,103.5,104.6,40.7%,-0.3°,3.7°,29.6,3.7%,1,0.286,0.309,0.331,0.324,63.0%,7.4%,29.6%,44.2%,64.1%,95.1%,28.9%,16.9%,71
Delaware,Jackson Tyer,All,653,106,84.5,102.3,110.2,22.6%,12.5°,12.0°,26.4,0.9%,1,0.243,0.215,0.331,0.306,45.3%,30.2%,21.7%,40.4%,65.2%,88.6%,23.0%,22.7%,100
Webber International,Jalen Martinez,All,141,34,83.2,102.8,104.3,23.5%,1.9°,13.5°,32.4,5.9%,2,0.282,0.308,0.331,0.37,58.8%,20.6%,20.6%,48.9%,64.3%,80.0%,33.8%,26.1%,80
Marist,Brady Steinert,All,150,23,82.8,94.8,96.5,8.7%,18.7°,32.3°,26.1,0.0%,0,0.194,0.205,0.331,0.305,39.1%,34.8%,21.7%,36.0%,60.6%,82.5%,16.7%,27.8%,131
Brown,Brandon Chang,All,404,68,85.7,102.1,106.3,33.8%,21.9°,12.6°,29.4,2.9%,2,0.239,0.221,0.331,0.297,32.4%,39.7%,19.1%,44.8%,67.7%,87.3%,25.2%,23.8%,102
FGCU,Tyler Herb,All,397,81,84.2,98.1,102.1,21.0%,8.5°,10.9°,45.7,2.5%,2,0.289,0.262,0.331,0.314,43.2%,21.0%,32.1%,47.1%,64.4%,89.7%,32.7%,18.7%,68
Rice,Hiram III Bocachica,All,675,108,82.8,95.8,99.5,13.0%,7.2°,9.8°,35.2,0.0%,0,0.252,0.229,0.331,0.321,52.8%,21.3%,25.0%,39.4%,64.9%,88.2%,20.4%,15.8%,110
UMBC,Luke Buscaglia,All,120,18,81.5,94.8,98.9,16.7%,13.2°,0.4°,38.9,0.0%,0,0.259,0.238,0.33,0.323,44.4%,27.8%,27.8%,47.5%,61.5%,84.4%,36.8%,28.1%,97
Boston College,Adam Magpoc,All,803,110,90.1,103.5,107.0,44.5%,10.8°,11.6°,41.8,5.5%,6,0.241,0.28,0.33,0.385,46.4%,21.8%,30.0%,43.3%,64.7%,76.6%,25.7%,27.0%,89
Texas State,Ryne Farber,All,963,164,88.0,99.1,103.4,30.5%,8.5°,11.6°,38.4,0.0%,0,0.273,0.286,0.33,0.357,44.5%,20.7%,31.7%,36.2%,56.5%,94.4%,18.8%,10.3%,96
Alcorn State,Kalum Banks Jr,All,36,7,81.1,102.0,103.7,28.6%,13.4°,20.8°,42.9,14.3%,1,0.222,0.258,0.33,0.361,28.6%,42.9%,28.6%,47.2%,85.7%,66.7%,22.7%,35.3%,119
Hofstra,Sean Lane,All,426,65,90.5,105.9,109.4,35.4%,18.4°,21.5°,44.6,15.4%,10,0.223,0.238,0.33,0.369,24.6%,35.4%,24.6%,43.9%,70.9%,77.5%,23.8%,29.4%,113
UNC Wilmington,Mac Gillespie,All,805,115,86.7,102.6,106.9,35.7%,3.3°,13.2°,33.0,3.5%,4,0.253,0.243,0.33,0.337,58.3%,17.4%,20.0%,46.7%,67.5%,83.0%,29.4%,25.3%,87
Northwestern,Preston Knott,All,779,140,88.8,101.1,106.2,37.9%,13.1°,11.0°,31.4,2.1%,3,0.232,0.258,0.33,0.354,40.7%,24.3%,25.0%,43.3%,68.3%,87.2%,22.2%,18.1%,123
Oral Roberts,Makani Tanaka,All,185,29,91.7,105.9,108.1,55.2%,10.6°,12.5°,31.0,10.3%,3,0.244,0.286,0.33,0.394,48.3%,27.6%,20.7%,45.9%,69.4%,79.7%,26.0%,24.7%,88
Charleston Southern,Mason Reising,All,160,19,93.8,102.7,106.1,47.4%,22.4°,21.8°,36.8,10.5%,2,0.25,0.265,0.33,0.377,21.1%,21.1%,36.8%,43.1%,56.5%,68.6%,34.7%,36.2%,79
Illinois State,Kyle Gibson,All,754,131,84.6,97.9,101.0,22.1%,5.1°,6.3°,29.0,0.0%,0,0.281,0.316,0.33,0.385,55.7%,15.3%,26.0%,42.8%,72.4%,88.0%,19.5%,15.2%,142
Sam Houston State,Jace Martinez,All,332,39,88.5,101.7,104.9,35.9%,7.9°,8.0°,48.7,2.6%,1,0.288,0.284,0.33,0.348,48.7%,5.1%,46.2%,36.1%,56.0%,77.4%,16.3%,26.7%,96
Indiana State,Thomas Emerich,All,387,77,86.1,97.1,102.4,14.3%,10.7°,8.9°,28.6,0.0%,0,0.283,0.258,0.33,0.298,50.6%,22.1%,22.1%,40.8%,58.5%,94.4%,25.0%,13.9%,88
Boston College,Vince Cimini,All,848,145,85.1,102.2,106.1,27.6%,11.4°,13.5°,35.2,0.7%,1,0.269,0.255,0.33,0.325,42.8%,24.1%,29.0%,43.4%,68.1%,86.0%,22.4%,18.2%,100
New Orleans,Matt Gonzalez,All,266,59,86.5,102.7,105.0,37.3%,7.9°,10.5°,35.6,1.7%,1,0.254,0.276,0.33,0.337,42.4%,16.9%,28.8%,51.1%,75.7%,83.3%,33.5%,23.5%,94
Saint Joseph's,Carson Applegate,All,292,39,84.9,100.7,103.9,35.9%,15.4°,20.8°,38.5,5.1%,2,0.2,0.193,0.33,0.32,38.5%,25.6%,25.6%,36.6%,62.8%,73.7%,18.1%,32.7%,104
North Florida,Drew Leinenbach,All,176,31,85.7,98.5,103.4,19.4%,13.2°,21.6°,32.3,0.0%,0,0.25,0.231,0.33,0.314,35.5%,25.8%,29.0%,44.3%,65.4%,86.8%,26.3%,23.1%,106
Illinois-Chicago,Brady Patterson,All,29,7,84.2,102.8,107.7,14.3%,4.7°,24.0°,42.9,14.3%,1,0.222,0.316,0.33,0.41,42.9%,28.6%,28.6%,51.7%,71.4%,90.0%,33.3%,26.7%,69
California Baptist,Julian Alvarez,All,559,97,85.2,97.0,100.4,19.6%,5.7°,-3.6°,28.9,0.0%,0,0.267,0.271,0.33,0.344,54.6%,16.5%,25.8%,42.0%,63.2%,83.3%,27.5%,19.1%,93
Old Dominion,Luke Waters,All,465,76,89.2,102.1,104.8,44.7%,10.4°,10.6°,40.8,7.9%,6,0.267,0.315,0.33,0.401,43.4%,25.0%,30.3%,49.7%,73.5%,86.1%,32.3%,28.1%,80
Dallas Baptist,Dylan Schlaegel,All,202,22,82.7,104.2,105.5,22.7%,-3.2°,14.1°,22.7,4.5%,1,0.25,0.156,0.33,0.241,59.1%,18.2%,13.6%,41.6%,59.6%,76.8%,25.9%,29.8%,100
Bucknell,John Calabrese,All,308,55,77.8,95.5,98.5,9.1%,8.3°,16.7°,27.3,0.0%,0,0.29,0.207,0.33,0.293,47.3%,25.5%,23.6%,40.3%,58.9%,89.5%,23.5%,15.3%,111
Jacksonville State,Caleb Johnson,All,896,135,87.0,104.2,108.3,34.8%,9.0°,14.0°,34.8,4.4%,6,0.27,0.246,0.33,0.327,44.4%,20.7%,28.1%,44.0%,66.0%,83.5%,26.7%,27.4%,96
Belmont,Charlie Davis,All,716,166,82.0,99.5,102.2,21.1%,5.7°,10.5°,31.3,1.8%,3,0.288,0.255,0.33,0.32,53.0%,22.3%,21.7%,55.0%,82.6%,91.5%,31.7%,16.8%,107
Fresno Pacific,Chris Clement,All,137,23,86.1,100.4,101.5,30.4%,4.4°,9.5°,26.1,0.0%,0,0.258,0.285,0.33,0.344,47.8%,17.4%,26.1%,40.1%,67.8%,80.0%,19.2%,23.6%,128
Stetson,Foster Apple,All,688,119,88.2,102.0,108.1,36.1%,9.4°,6.3°,37.8,0.8%,1,0.277,0.282,0.33,0.359,42.0%,15.1%,31.1%,39.4%,60.1%,89.3%,23.7%,22.9%,98
Kent State,Alejandro Covas,All,197,38,86.3,100.1,102.6,28.9%,15.6°,10.4°,42.1,5.3%,2,0.255,0.255,0.33,0.353,31.6%,31.6%,23.7%,49.7%,72.2%,84.6%,30.8%,19.4%,72
Biola,Noah Ruiz,All,36,7,88.0,96.0,96.7,14.3%,21.2°,32.6°,57.1,0.0%,0,0.222,0.235,0.33,0.276,14.3%,28.6%,28.6%,61.1%,85.7%,75.0%,45.5%,22.7%,37
North Georgia,Brady Skipper,All,346,59,85.2,98.5,101.8,22.0%,20.5°,15.1°,42.4,0.0%,0,0.267,0.232,0.33,0.31,32.2%,32.2%,33.9%,46.2%,73.1%,85.5%,23.1%,19.4%,127
Tampa,Nico Saladino,All,59,7,80.7,96.9,97.2,28.6%,41.6°,21.4°,28.6,0.0%,0,0.143,0.186,0.329,0.404,14.3%,57.1%,28.6%,39.0%,86.7%,92.3%,22.7%,13.0%,182
UCLA,Aidan Espinoza,All,84,15,77.3,96.5,99.3,13.3%,-2.2°,13.7°,40.0,0.0%,0,0.263,0.316,0.329,0.42,40.0%,13.3%,40.0%,39.3%,57.6%,89.5%,27.5%,24.2%,86
Alabama A&M,Charles Morris,All,79,16,82.6,97.3,100.7,31.2%,17.8°,10.0°,37.5,0.0%,0,0.263,0.279,0.329,0.362,37.5%,31.2%,25.0%,43.0%,62.9%,95.5%,27.3%,20.6%,93
Abilene Christian,Sam Hardcastle,All,538,100,87.9,102.9,105.0,39.0%,11.4°,12.1°,39.0,8.0%,8,0.258,0.297,0.329,0.393,43.0%,18.0%,26.0%,39.0%,60.3%,87.5%,22.1%,21.4%,109
Wagner,Connor Roche,All,109,21,86.1,102.1,103.3,33.3%,1.2°,7.7°,28.6,4.8%,1,0.321,0.258,0.329,0.312,61.9%,23.8%,14.3%,48.6%,68.2%,83.3%,35.4%,28.3%,48
Sacred Heart,Charlie Tallman,All,110,14,84.0,100.3,100.9,35.7%,15.9°,15.2°,35.7,7.1%,1,0.273,0.201,0.329,0.27,35.7%,35.7%,28.6%,52.7%,77.6%,71.1%,32.8%,25.9%,93
Lipscomb,Jacob Tobias,All,480,67,87.3,102.9,106.9,38.8%,20.6°,14.3°,35.8,3.0%,2,0.206,0.218,0.329,0.324,35.8%,38.8%,19.4%,40.0%,59.7%,77.8%,26.4%,31.2%,89
Wake Forest,Javar Williams,All,754,109,85.9,102.6,106.7,33.9%,5.7°,1.9°,32.1,0.9%,1,0.269,0.232,0.329,0.322,48.6%,16.5%,26.6%,40.8%,62.5%,82.9%,23.4%,25.6%,115
Jacksonville State,Cade Miles,All,87,12,90.1,102.3,104.2,33.3%,0.0°,-4.7°,25.0,0.0%,0,0.267,0.353,0.329,0.419,66.7%,8.3%,25.0%,33.3%,48.7%,94.7%,20.8%,20.7%,59
Stonehill,Will Newton,All,71,7,63.5,77.4,84.1,0.0%,-0.1°,-,14.3,0.0%,0,0.167,0.153,0.329,0.311,57.1%,28.6%,14.3%,39.4%,62.5%,75.0%,20.5%,42.9%,127
Michigan,Colby Turner,All,594,103,89.2,104.7,109.5,47.6%,11.9°,16.1°,33.0,7.8%,8,0.233,0.281,0.329,0.392,40.8%,28.2%,23.3%,51.3%,74.2%,79.7%,34.5%,25.9%,99
Siena,Noah Brooks,All,74,16,84.0,98.2,101.3,43.8%,1.8°,11.9°,37.5,6.2%,1,0.19,0.294,0.329,0.38,56.2%,12.5%,25.0%,56.8%,92.6%,76.0%,36.2%,45.2%,79
George Washington,Charlie Walsh,All,701,111,86.5,101.7,105.5,28.8%,2.5°,9.2°,30.6,0.0%,0,0.27,0.242,0.329,0.331,53.2%,15.3%,24.3%,39.9%,64.6%,81.4%,17.7%,23.2%,95
Towson,Jordan Peyton,All,623,135,86.1,98.3,102.1,20.7%,7.7°,-0.5°,26.7,0.0%,0,0.264,0.277,0.329,0.35,46.7%,20.7%,21.5%,41.7%,68.1%,94.0%,18.0%,12.7%,132
Michigan,Will Rogers,All,151,34,85.5,104.2,106.6,29.4%,8.6°,7.5°,32.4,5.9%,2,0.244,0.265,0.329,0.335,47.1%,32.4%,17.6%,50.3%,70.8%,89.1%,34.9%,26.3%,89
Washington State,Logan Johnstone,All,440,76,88.2,102.0,105.8,43.4%,8.8°,9.2°,34.2,3.9%,3,0.236,0.276,0.329,0.378,43.4%,27.6%,25.0%,37.0%,61.5%,92.4%,18.1%,12.3%,106
San Jose State,Jeffrey Osorio-Agard,All,217,36,87.1,104.0,108.9,38.9%,18.4°,16.9°,30.6,8.3%,3,0.216,0.212,0.329,0.315,36.1%,50.0%,11.1%,51.2%,74.1%,90.5%,36.4%,29.7%,60
Saint Louis,Max McGwire,All,386,53,91.5,108.7,111.3,45.3%,4.2°,11.4°,32.1,11.3%,6,0.235,0.243,0.329,0.364,43.4%,22.6%,26.4%,44.8%,68.6%,76.6%,28.7%,39.9%,92
Washington,Colin Blanchard,All,212,29,89.3,99.4,99.9,24.1%,13.7°,17.4°,31.0,3.4%,1,0.179,0.2,0.329,0.345,41.4%,31.0%,20.7%,31.1%,57.0%,88.7%,10.9%,18.2%,125
Pittsburgh,Julian Irizarry,All,236,33,87.4,97.4,100.0,24.2%,8.2°,17.8°,45.5,3.0%,1,0.283,0.288,0.329,0.369,45.5%,21.2%,33.3%,36.0%,54.4%,89.3%,21.8%,23.5%,93
New Mexico,Gene Trujillo,All,144,18,92.9,111.6,112.8,55.6%,9.4°,13.7°,27.8,5.6%,1,0.185,0.262,0.329,0.391,50.0%,33.3%,16.7%,38.9%,73.1%,73.7%,19.6%,44.6%,126
Illinois-Chicago,Will Flanigan,All,183,27,86.9,99.1,102.3,25.9%,21.2°,2.0°,18.5,0.0%,0,0.222,0.21,0.329,0.359,40.7%,25.9%,18.5%,30.6%,50.0%,84.8%,19.7%,17.9%,121
Seattle,Jackson Lind,All,194,30,81.0,94.2,96.2,3.3%,15.4°,4.5°,26.7,0.0%,0,0.262,0.21,0.329,0.271,43.3%,26.7%,23.3%,41.8%,62.1%,79.6%,25.2%,24.7%,109
Bucknell,Brady Karp,All,355,61,85.8,97.0,101.9,18.0%,22.6°,17.0°,34.4,3.3%,2,0.222,0.27,0.329,0.354,24.6%,47.5%,24.6%,38.6%,61.1%,88.2%,15.4%,11.7%,112
Creighton,William MacLean,All,746,115,89.0,106.5,115.6,39.1%,15.3°,12.0°,29.6,7.8%,9,0.234,0.252,0.329,0.354,38.3%,27.0%,23.5%,42.5%,65.5%,85.1%,26.4%,23.3%,87
Manhattan,Aidan Taclas,All,252,52,91.2,102.9,105.1,42.3%,10.8°,7.3°,34.6,3.8%,2,0.246,0.309,0.329,0.378,38.5%,23.1%,28.8%,43.3%,65.1%,95.7%,27.4%,21.1%,89
Florida Atlantic,Ayden Garcia,All,223,30,86.7,103.1,108.1,43.3%,0.4°,-3.4°,20.0,3.3%,1,0.22,0.246,0.329,0.337,63.3%,20.0%,13.3%,35.4%,56.0%,87.5%,18.7%,20.3%,98
UTSA,Tye Odom,All,86,19,88.4,102.1,103.4,42.1%,5.3°,13.2°,52.6,0.0%,0,0.32,0.365,0.329,0.41,31.6%,21.1%,47.4%,52.3%,63.0%,79.3%,40.0%,33.3%,78
Concord,Dawson Gragg,All,75,12,76.2,97.7,100.0,25.0%,15.1°,15.3°,25.0,0.0%,0,0.267,0.235,0.329,0.306,41.7%,25.0%,8.3%,54.7%,83.9%,80.8%,34.1%,17.1%,129
UTSA,Lorenzo Moressi,All,273,66,88.1,103.4,104.8,39.4%,-4.4°,3.8°,25.8,0.0%,0,0.299,0.286,0.329,0.318,66.7%,7.6%,25.8%,54.6%,79.0%,85.7%,34.2%,22.1%,85
Tennessee Tech,Ryan Lee,All,186,27,88.1,104.9,106.2,40.7%,22.8°,23.7°,40.7,7.4%,2,0.257,0.279,0.329,0.385,25.9%,33.3%,29.6%,39.2%,65.2%,77.8%,23.9%,41.1%,105
Clemson,Luke Gaffney,All,776,143,89.4,107.2,112.5,39.9%,3.9°,8.0°,30.8,7.0%,10,0.27,0.281,0.328,0.369,49.0%,23.1%,25.2%,45.1%,66.0%,89.9%,27.1%,22.0%,72
Prairie View,Mac Bowie,All,54,11,88.1,99.1,102.5,36.4%,16.1°,16.8°,54.5,0.0%,0,0.267,0.256,0.328,0.364,27.3%,27.3%,36.4%,63.0%,85.7%,77.8%,48.5%,38.2%,-3
Louisiana Tech,Thaxton Berch,All,141,14,82.0,102.1,104.6,21.4%,6.4°,8.3°,28.6,0.0%,0,0.269,0.194,0.328,0.265,42.9%,28.6%,28.6%,38.3%,56.4%,74.2%,26.7%,31.5%,43
Pacific,Adrian Vidal,All,68,8,87.3,98.7,98.8,25.0%,11.9°,10.0°,37.5,0.0%,0,0.267,0.133,0.328,0.212,37.5%,37.5%,25.0%,48.5%,60.0%,66.7%,39.5%,48.5%,52
Texas A&M-Corpus Christi,Austin Russell,All,190,43,84.9,95.7,100.0,14.0%,4.4°,-5.4°,32.6,0.0%,0,0.333,0.289,0.328,0.312,53.5%,20.9%,25.6%,48.4%,71.4%,89.2%,27.3%,15.2%,88
Oakland,Trent Rice,All,509,72,80.6,97.9,100.2,16.7%,11.9°,10.2°,29.2,1.4%,1,0.252,0.193,0.328,0.248,41.7%,30.6%,23.6%,35.2%,53.4%,74.8%,21.0%,24.6%,106
UC Riverside,Manoah Chapman,All,300,48,84.4,100.3,102.1,39.6%,12.4°,9.4°,41.7,0.0%,0,0.266,0.257,0.328,0.343,45.8%,29.2%,22.9%,43.0%,68.6%,86.5%,20.6%,20.2%,121
Northwestern,Jackson Freeman,All,722,146,90.2,104.7,109.1,39.0%,15.9°,9.0°,26.7,3.4%,5,0.25,0.274,0.328,0.35,41.1%,28.8%,21.9%,43.6%,66.3%,88.9%,26.3%,19.7%,84
UC San Diego,Gabe Camacho,All,351,48,90.4,105.1,108.2,39.6%,14.5°,8.4°,29.2,0.0%,0,0.242,0.237,0.328,0.315,41.7%,35.4%,22.9%,39.0%,56.3%,85.4%,24.9%,20.4%,95
Missouri,Brock Daniels,All,432,71,87.8,101.0,107.1,26.8%,14.5°,19.6°,32.4,4.2%,3,0.278,0.233,0.328,0.315,40.8%,33.8%,21.1%,50.7%,74.4%,82.1%,31.2%,23.7%,75
Seattle,Tervell Johnson,All,96,21,86.6,98.4,104.0,28.6%,28.4°,17.1°,47.6,4.8%,1,0.259,0.201,0.328,0.26,14.3%,52.4%,23.8%,54.2%,76.7%,75.8%,35.8%,28.8%,144
Arkansas State,Drake Anderson,All,291,52,87.9,96.6,101.2,21.2%,22.4°,16.0°,30.8,0.0%,0,0.209,0.212,0.328,0.311,30.8%,38.5%,25.0%,39.9%,65.9%,92.8%,20.0%,19.0%,111
Western Michigan,Chris Akers,All,170,26,87.3,103.8,104.4,34.6%,-3.0°,5.6°,23.1,3.8%,1,0.256,0.286,0.328,0.34,57.7%,15.4%,23.1%,50.0%,66.7%,83.3%,40.2%,31.8%,54
UAB,Tyler Harrington,All,173,35,87.4,105.7,106.0,40.0%,10.1°,7.5°,25.7,0.0%,0,0.289,0.268,0.328,0.314,45.7%,14.3%,28.6%,53.8%,69.8%,88.3%,37.9%,23.7%,40
Bradley,Cole Smith,All,617,105,86.1,99.9,102.8,33.3%,6.6°,8.0°,30.5,1.0%,1,0.248,0.269,0.328,0.355,48.6%,27.6%,21.0%,41.2%,61.0%,89.9%,25.0%,15.7%,129
Brown,Jack Edmunds,All,190,36,85.1,100.0,103.2,22.2%,19.3°,15.8°,27.8,5.6%,2,0.261,0.234,0.328,0.304,30.6%,47.2%,16.7%,47.4%,67.5%,83.9%,31.8%,31.1%,69
Rice,Trey Duffield,All,286,33,94.1,110.5,113.1,48.5%,21.3°,15.8°,51.5,18.2%,6,0.258,0.223,0.328,0.327,21.2%,30.3%,39.4%,45.8%,67.4%,75.3%,27.3%,38.9%,68
VCU,Adrian Jimenez,All,437,106,86.0,100.0,104.3,22.6%,7.3°,7.8°,31.1,0.0%,0,0.292,0.282,0.328,0.335,47.2%,24.5%,26.4%,43.5%,61.5%,92.7%,28.3%,17.9%,82
Baylor,Jack Little,All,716,94,90.8,107.6,110.6,47.9%,11.0°,7.9°,30.9,10.6%,10,0.221,0.238,0.328,0.348,43.6%,29.8%,21.3%,40.4%,60.7%,82.4%,24.1%,33.2%,87
Louisiana,Lee Amedee,All,656,123,88.1,103.7,107.0,39.0%,9.3°,9.5°,29.3,3.3%,4,0.257,0.268,0.328,0.335,48.8%,24.4%,24.4%,38.9%,60.6%,94.0%,23.0%,17.3%,76
Texas Tech,Dylan Maxcey,All,338,68,88.0,99.6,103.4,35.3%,13.9°,10.5°,42.6,0.0%,0,0.286,0.275,0.328,0.342,38.2%,30.9%,26.5%,43.8%,64.5%,80.0%,26.2%,25.0%,108
North Georgia,Bryson Stripling,All,708,91,87.1,101.9,104.4,35.2%,13.9°,15.0°,44.0,4.4%,4,0.222,0.245,0.328,0.379,34.1%,28.6%,30.8%,35.0%,60.7%,81.8%,15.2%,22.6%,121
Mount St. Mary's,Nick Fleming,All,260,33,83.7,98.8,102.1,33.3%,23.1°,22.7°,42.4,0.0%,0,0.226,0.202,0.328,0.285,30.3%,30.3%,36.4%,38.8%,62.9%,71.4%,26.3%,48.5%,119
Wichita State,Mauricio Millan,All,658,121,82.4,98.4,102.2,24.0%,5.2°,10.5°,30.6,0.0%,0,0.284,0.259,0.328,0.335,55.4%,22.3%,19.0%,42.2%,64.4%,91.8%,23.4%,14.4%,105
USC,John Elliott,All,371,54,81.6,97.8,101.6,22.2%,4.9°,3.2°,29.6,0.0%,0,0.271,0.223,0.328,0.297,55.6%,14.8%,24.1%,46.1%,74.5%,83.8%,27.0%,26.9%,102
Middlebury,Brayden Mathews,All,73,11,84.6,90.9,91.9,9.1%,9.3°,-2.7°,63.6,0.0%,0,0.263,0.164,0.328,0.207,36.4%,27.3%,36.4%,49.3%,80.0%,85.0%,33.3%,25.0%,113
Virginia,Luke Hanson,All,699,107,87.7,103.4,106.1,37.4%,10.8°,15.3°,38.3,1.9%,2,0.252,0.281,0.328,0.378,41.1%,24.3%,31.8%,40.3%,63.4%,85.2%,22.1%,21.6%,104
Southeastern Louisiana,Logan Walters,All,69,7,87.1,106.2,108.6,42.9%,24.2°,0.6°,28.6,0.0%,0,0.286,0.204,0.328,0.224,42.9%,42.9%,14.3%,47.8%,73.5%,72.0%,22.9%,27.3%,111
Northwestern State,Balin Valentine,All,212,34,85.7,101.7,104.0,35.3%,16.2°,12.1°,44.1,5.9%,2,0.26,0.242,0.328,0.321,32.4%,32.4%,26.5%,50.0%,76.8%,84.9%,28.2%,23.6%,108
Coppin State,Gavin Grutzmacher,All,153,26,83.6,98.7,104.4,15.4%,15.9°,10.4°,38.5,0.0%,0,0.265,0.211,0.328,0.267,34.6%,26.9%,30.8%,45.1%,72.0%,88.9%,19.2%,20.3%,114
Chaminade,Ace Perry,All,73,11,78.2,77.7,79.7,0.0%,-13.7°,-,9.1,0.0%,0,0.267,0.166,0.328,0.228,81.8%,18.2%,0.0%,35.6%,53.3%,87.5%,23.3%,26.9%,66
Indiana,Caleb Koskie,All,212,33,92.7,106.0,106.6,51.5%,4.4°,14.3°,39.4,6.1%,2,0.2,0.289,0.327,0.415,45.5%,24.2%,30.3%,36.3%,57.3%,80.0%,19.0%,22.1%,106
Presbyterian,Amman Dewberry,All,251,56,91.5,105.5,109.3,53.6%,8.8°,12.9°,41.1,8.9%,5,0.239,0.347,0.327,0.428,44.6%,30.4%,25.0%,54.6%,77.9%,80.2%,38.1%,31.4%,49
UT Arlington,Parker Airhart,All,437,65,84.6,100.7,106.8,32.3%,16.9°,24.4°,44.6,3.1%,2,0.25,0.228,0.327,0.328,32.3%,32.3%,30.8%,46.0%,68.9%,74.8%,31.9%,37.3%,82
West Virginia,Skylar King,All,821,154,88.6,102.3,107.3,42.2%,5.1°,7.2°,27.9,3.9%,6,0.261,0.312,0.327,0.394,49.4%,24.0%,21.4%,43.8%,64.5%,93.4%,29.9%,15.6%,65
Southeast Missouri,Andrew Ramirez,All,377,69,82.2,96.0,103.0,18.8%,1.9°,2.7°,15.9,1.4%,1,0.268,0.238,0.327,0.312,66.7%,21.7%,8.7%,47.2%,66.0%,90.7%,33.0%,14.6%,98
SIUE,Daniel Gierer,All,156,34,89.0,98.1,102.6,20.6%,17.5°,-1.0°,35.3,0.0%,0,0.318,0.215,0.327,0.262,38.2%,35.3%,17.6%,49.4%,70.7%,84.9%,29.6%,16.9%,71
Pepperdine,Esteban Sepulveda,All,214,39,79.9,101.0,104.3,23.1%,19.2°,13.4°,35.9,5.1%,2,0.264,0.262,0.327,0.328,28.2%,28.2%,33.3%,46.7%,71.6%,69.9%,24.1%,38.0%,106
Quinnipiac,Kyle Garbowski,All,278,57,84.4,99.5,101.5,26.3%,-0.7°,6.8°,31.6,0.0%,0,0.296,0.243,0.327,0.366,52.6%,15.8%,28.1%,45.0%,63.2%,87.3%,30.1%,16.8%,70
Sam Houston State,Blake Brown,All,356,35,85.1,98.4,99.7,22.9%,2.3°,10.9°,37.1,0.0%,0,0.21,0.201,0.327,0.33,48.6%,14.3%,34.3%,36.8%,63.7%,78.0%,15.6%,26.7%,120
North Greenville,Josh Foulks,All,123,20,88.3,99.3,100.8,30.0%,-5.8°,-0.1°,30.0,5.0%,1,0.28,0.229,0.327,0.316,55.0%,20.0%,15.0%,44.7%,70.5%,90.3%,30.4%,25.5%,113
George Mason,Toby Hueber,All,448,81,87.1,101.0,103.8,34.6%,11.8°,11.9°,35.8,2.5%,2,0.269,0.284,0.327,0.373,39.5%,25.9%,28.4%,42.9%,68.5%,82.7%,21.6%,21.9%,104
Northwestern,Jack Lausch,All,568,86,90.9,105.6,110.3,50.0%,17.0°,14.5°,43.0,16.3%,14,0.271,0.273,0.327,0.383,29.1%,36.0%,29.1%,49.8%,74.9%,71.1%,28.8%,36.7%,97
Cal State Fullerton,Jakob Schardt,All,242,49,88.1,98.9,102.8,30.6%,14.1°,13.5°,46.9,2.0%,1,0.311,0.281,0.327,0.337,30.6%,24.5%,38.8%,52.5%,72.0%,82.4%,33.9%,22.0%,53
Eastern Kentucky,Diego Alana,All,254,51,82.8,92.6,95.9,3.9%,17.5°,-2.9°,43.1,0.0%,0,0.276,0.274,0.327,0.337,33.3%,25.5%,33.3%,42.1%,63.6%,85.3%,23.5%,19.6%,111
Iowa,Kooper Schulte,All,437,76,88.9,106.3,110.5,43.4%,10.7°,5.5°,35.5,6.6%,5,0.278,0.291,0.327,0.347,44.7%,21.1%,28.9%,44.2%,66.5%,88.5%,25.8%,26.4%,77
West Texas A&M,Jovan Camacho,All,52,9,77.6,85.0,86.4,0.0%,11.7°,-,33.3,0.0%,0,0.3,0.291,0.327,0.349,55.6%,11.1%,22.2%,46.2%,69.2%,83.3%,23.1%,16.7%,125
San Francisco,Kody Watanabe,All,652,95,86.7,101.6,106.3,30.5%,9.1°,4.4°,33.7,2.1%,2,0.236,0.241,0.327,0.341,42.1%,25.3%,28.4%,35.9%,60.4%,89.5%,18.8%,22.2%,112
Bryant,Justin Hackett,All,54,10,88.3,102.7,105.6,20.0%,23.7°,12.0°,50.0,0.0%,0,0.286,0.268,0.327,0.324,10.0%,40.0%,40.0%,46.3%,70.8%,82.4%,26.7%,28.0%,76
Georgia College,JD Coleman,All,178,38,80.5,99.6,100.8,23.7%,4.5°,9.5°,26.3,2.6%,1,0.326,0.246,0.327,0.29,55.3%,21.1%,21.1%,48.3%,82.7%,83.9%,23.3%,23.3%,112
Presbyterian,Matthew Rollison,All,247,56,84.2,101.9,107.4,32.1%,-3.6°,6.3°,32.1,1.8%,1,0.284,0.325,0.327,0.369,58.9%,10.7%,28.6%,58.3%,85.5%,88.0%,33.8%,20.8%,88
Brown,DJ Dillehay,All,486,111,86.2,103.5,108.6,33.3%,12.7°,15.7°,30.6,5.4%,6,0.257,0.293,0.327,0.369,44.1%,29.7%,22.5%,53.7%,76.9%,83.2%,39.3%,25.3%,70
Valparaiso,Connor Giusti,All,660,105,87.9,102.6,105.2,41.0%,18.2°,16.6°,29.5,3.8%,4,0.223,0.235,0.327,0.344,33.3%,27.6%,21.9%,44.2%,72.8%,81.3%,22.3%,25.0%,116
Saint Francis (IN),Ayden Lichtensteiger,All,124,16,78.4,94.3,94.5,6.2%,16.1°,-6.8°,43.8,0.0%,0,0.269,0.155,0.327,0.241,31.2%,25.0%,25.0%,47.6%,69.4%,83.7%,25.8%,25.4%,102
Cal State Fullerton,Niko Lombardi,All,103,14,78.8,98.5,99.1,21.4%,20.2°,12.2°,42.9,0.0%,0,0.3,0.251,0.327,0.326,21.4%,28.6%,42.9%,52.4%,74.5%,74.3%,33.9%,25.9%,65
Michigan State,Randy Seymour,All,674,135,88.1,104.1,108.3,39.3%,20.0°,15.1°,30.4,2.2%,3,0.275,0.262,0.326,0.329,32.6%,33.3%,26.7%,52.7%,71.5%,86.6%,35.3%,22.0%,56
Northwestern,Jack Counsell,All,358,60,87.0,100.9,105.4,30.0%,15.7°,0.9°,38.3,0.0%,0,0.234,0.219,0.326,0.306,36.7%,31.7%,31.7%,46.4%,67.5%,91.3%,30.4%,19.9%,84
Boston College,Esteban Garcia,All,379,66,87.1,102.0,105.6,31.8%,4.7°,10.9°,39.4,3.0%,2,0.277,0.26,0.326,0.339,48.5%,19.7%,28.8%,42.2%,67.6%,85.7%,20.2%,23.1%,107
Oklahoma,Dawson Willis,All,818,119,87.1,103.5,106.6,33.6%,13.6°,12.1°,29.4,5.0%,6,0.243,0.211,0.326,0.306,43.7%,29.4%,21.8%,47.9%,69.1%,82.6%,30.0%,24.0%,77
Texas Southern,Daylon Carleton,All,133,22,87.9,102.3,103.2,45.5%,4.6°,12.5°,40.9,9.1%,2,0.308,0.296,0.326,0.383,50.0%,13.6%,31.8%,47.4%,62.5%,88.6%,36.4%,19.0%,56
Toledo,Luke Walton,All,747,128,87.1,100.6,104.0,32.8%,22.5°,18.7°,44.5,2.3%,3,0.218,0.23,0.326,0.348,27.3%,37.5%,30.5%,43.8%,73.8%,85.7%,18.7%,20.2%,124
UNC Greensboro,Jacob Dilley,All,590,111,84.0,102.7,105.0,34.2%,11.5°,10.9°,28.8,2.7%,3,0.244,0.249,0.326,0.325,44.1%,34.2%,18.0%,41.7%,65.0%,91.5%,24.1%,13.8%,109
Mount St. Mary's,Kyle Cincinnati,All,165,17,87.0,98.6,101.1,29.4%,18.3°,18.7°,41.2,0.0%,0,0.269,0.2,0.326,0.325,35.3%,29.4%,35.3%,29.7%,51.3%,71.8%,11.2%,28.6%,106
Towson,Josh Janove,All,270,39,87.4,98.6,101.5,25.6%,15.8°,12.7°,35.9,0.0%,0,0.259,0.218,0.326,0.283,28.2%,33.3%,28.2%,45.9%,71.8%,81.0%,26.1%,28.2%,115
Millersville,Troy Chamberlin,All,47,8,89.8,98.6,100.8,25.0%,7.2°,10.4°,62.5,0.0%,0,0.3,0.391,0.326,0.434,37.5%,0.0%,62.5%,46.8%,70.0%,85.7%,29.6%,18.2%,101
Charleston Southern,Gavin Bogdanchik,All,200,52,87.0,102.6,108.3,25.0%,10.6°,11.2°,28.8,1.9%,1,0.259,0.255,0.326,0.291,44.2%,21.2%,21.2%,50.5%,68.5%,92.1%,35.2%,15.8%,88
Columbia,Skye Selinsky,All,620,94,84.3,101.3,109.1,27.7%,14.2°,17.4°,30.9,6.4%,6,0.221,0.212,0.326,0.334,35.1%,35.1%,21.3%,42.9%,62.1%,83.9%,27.1%,23.7%,89
Alabama,Brady Neal,All,594,83,89.8,105.5,108.6,37.3%,11.4°,14.8°,31.3,7.2%,6,0.224,0.243,0.326,0.362,44.6%,26.5%,24.1%,42.8%,68.4%,79.6%,21.1%,31.9%,92
UCF,Matt Prevesk,All,287,68,81.7,97.0,106.9,23.5%,3.9°,1.2°,36.8,0.0%,0,0.319,0.275,0.326,0.286,50.0%,16.2%,27.9%,62.0%,85.2%,85.3%,43.4%,27.0%,61
UNC Wilmington,Alec DeMartino,All,942,142,87.6,105.7,113.7,40.1%,17.3°,16.2°,37.3,10.6%,15,0.241,0.248,0.326,0.37,33.1%,33.8%,25.4%,43.0%,68.1%,81.3%,23.0%,24.7%,110
Michigan,Robert Hamchuk,All,293,52,88.5,104.0,110.2,42.3%,15.1°,20.9°,32.7,3.8%,2,0.278,0.254,0.326,0.312,38.5%,30.8%,25.0%,55.3%,76.8%,86.5%,39.3%,26.5%,61
Boston College,Gunnar Johnson,All,302,47,90.3,105.7,108.4,46.8%,10.1°,15.6°,29.8,10.6%,5,0.224,0.254,0.326,0.372,44.7%,23.4%,27.7%,40.1%,60.8%,78.9%,25.4%,34.7%,86
The Citadel,Travis Elliott,All,706,144,82.4,96.3,102.6,16.0%,6.5°,3.7°,34.7,0.0%,0,0.287,0.278,0.326,0.329,44.4%,21.5%,27.8%,39.2%,57.1%,96.0%,21.6%,10.5%,100
Saint Louis,Ethan Sitzman,All,451,82,84.5,99.4,105.6,26.8%,8.0°,8.8°,37.8,1.2%,1,0.276,0.309,0.326,0.359,46.3%,22.0%,30.5%,38.8%,62.8%,91.2%,16.3%,14.3%,126
Youngstown State,Jack Johnson,All,167,18,75.2,95.7,98.1,11.1%,5.7°,8.2°,50.0,0.0%,0,0.233,0.244,0.326,0.349,44.4%,16.7%,38.9%,33.5%,52.2%,71.4%,21.0%,35.7%,55
Portland,Doyle Kane,All,183,42,79.5,99.2,102.2,16.7%,3.1°,9.9°,33.3,0.0%,0,0.271,0.28,0.326,0.321,52.4%,16.7%,26.2%,48.1%,70.9%,96.4%,30.8%,12.5%,75
Berry,Joey Garcia,All,49,9,75.3,89.2,94.1,11.1%,5.9°,-7.2°,0.0,0.0%,0,0.273,0.159,0.326,0.207,66.7%,33.3%,0.0%,46.9%,70.0%,100.0%,31.0%,4.3%,71
USC Upstate,Alex Ritzer,All,551,91,82.2,98.4,104.3,22.0%,1.7°,-6.8°,22.0,0.0%,0,0.239,0.238,0.326,0.322,57.1%,17.6%,19.8%,37.7%,58.0%,89.1%,22.4%,23.1%,99
Saint Mary's (CA),Jared Mettam,All,665,124,86.8,103.3,106.7,38.7%,8.1°,8.9°,28.2,4.0%,5,0.272,0.292,0.326,0.366,48.4%,21.8%,25.8%,46.9%,72.1%,88.7%,29.8%,22.8%,82
Binghamton,Zack Kent,All,473,83,83.3,101.0,105.1,25.3%,11.2°,7.1°,28.9,0.0%,0,0.255,0.236,0.326,0.295,41.0%,18.1%,27.7%,44.2%,67.4%,84.8%,24.8%,21.5%,95
Central Michigan,Brady Krzciok,All,366,62,85.9,104.2,108.8,35.5%,9.4°,18.5°,41.9,8.1%,5,0.256,0.273,0.326,0.368,38.7%,27.4%,30.6%,42.3%,68.4%,83.0%,23.2%,26.5%,114
Wingate,Breon Ishmael,All,85,16,88.6,105.5,108.6,43.8%,6.7°,17.3°,37.5,6.2%,1,0.273,0.328,0.326,0.39,37.5%,25.0%,37.5%,48.2%,65.6%,81.0%,37.7%,22.0%,41
Minnesota,Jack Spanier,All,354,53,83.9,99.3,101.3,22.6%,2.0°,12.8°,28.3,3.8%,2,0.236,0.242,0.326,0.333,56.6%,18.9%,20.8%,37.6%,57.9%,88.9%,18.6%,15.0%,102
Southern Wesleyan,Jarrett Whitley,All,204,21,86.9,106.6,109.1,42.9%,12.1°,18.0°,28.6,19.0%,4,0.184,0.218,0.326,0.371,47.6%,28.6%,14.3%,42.6%,68.2%,75.6%,30.4%,43.7%,52
Wagner,Joseph Mennella,All,136,12,94.5,110.2,110.6,66.7%,10.1°,17.6°,33.3,25.0%,3,0.217,0.27,0.326,0.43,50.0%,16.7%,33.3%,31.6%,59.6%,77.4%,14.3%,25.6%,136
Northwestern,Jacob Hand,All,266,41,89.2,98.1,100.7,41.5%,16.9°,8.4°,43.9,0.0%,0,0.231,0.289,0.326,0.385,36.6%,26.8%,31.7%,39.5%,61.8%,81.6%,20.3%,21.9%,112
Northwestern,Zachary Carlson,All,124,18,90.6,103.9,105.9,44.4%,11.2°,12.8°,38.9,5.6%,1,0.276,0.262,0.326,0.338,44.4%,22.2%,22.2%,46.0%,65.5%,83.3%,30.4%,28.1%,78
Houston,Jake Tatom,All,344,58,86.2,101.0,105.3,19.0%,-0.4°,4.7°,24.1,1.7%,1,0.239,0.251,0.325,0.353,63.8%,22.4%,12.1%,39.2%,63.9%,85.9%,21.5%,21.5%,96
Radford,Mason Self,All,385,49,85.3,101.3,107.5,26.5%,24.9°,12.5°,28.6,10.2%,5,0.203,0.201,0.325,0.3,28.6%,40.8%,16.3%,41.6%,64.7%,82.8%,26.3%,32.5%,79
USC,Dean Carpentier,All,527,86,88.6,101.0,106.7,36.0%,15.8°,13.4°,34.9,4.7%,4,0.241,0.275,0.325,0.377,34.9%,31.4%,27.9%,41.9%,66.4%,84.8%,21.8%,22.6%,102
Illinois-Chicago,AJ Taylor,All,502,120,87.8,101.6,103.6,32.5%,11.7°,8.5°,30.0,1.7%,2,0.242,0.261,0.325,0.33,46.7%,29.2%,23.3%,43.8%,66.1%,96.1%,25.0%,9.5%,89
Utah,Cameron Gurney,All,382,78,86.7,104.9,108.4,33.3%,0.8°,14.3°,32.1,7.7%,6,0.28,0.286,0.325,0.373,50.0%,25.6%,23.1%,48.7%,74.2%,87.6%,29.7%,21.0%,98
Siena,Joe D'Elia,All,76,13,79.1,95.5,99.0,7.7%,-0.9°,2.0°,38.5,0.0%,0,0.294,0.202,0.325,0.236,69.2%,7.7%,15.4%,53.9%,82.9%,62.1%,29.3%,31.7%,130
Long Beach State,Dylan Lina,All,190,25,86.2,103.3,107.2,40.0%,14.7°,7.0°,36.0,8.0%,2,0.235,0.29,0.325,0.384,36.0%,28.0%,24.0%,40.5%,69.1%,85.7%,19.3%,26.0%,106
Washington,Malakhi Knight,All,514,84,87.6,103.2,104.3,38.1%,17.1°,13.5°,32.1,3.6%,3,0.252,0.255,0.325,0.353,35.7%,34.5%,22.6%,41.4%,63.6%,86.4%,23.3%,23.5%,97
William & Mary,Witt Scafidi,All,123,22,84.0,106.9,107.8,27.3%,1.4°,5.5°,18.2,4.5%,1,0.276,0.208,0.325,0.263,63.6%,22.7%,13.6%,43.1%,70.2%,67.5%,19.7%,35.8%,130
Texas Tech,Peyton Schulze,All,352,55,90.8,105.4,110.2,45.5%,11.5°,14.9°,34.5,5.5%,3,0.25,0.277,0.325,0.336,40.0%,27.3%,29.1%,47.4%,72.5%,88.0%,29.1%,27.5%,85
Omaha,Blake Stenger,All,207,30,88.2,100.7,102.4,33.3%,8.1°,13.4°,43.3,0.0%,0,0.289,0.269,0.325,0.355,33.3%,13.3%,40.0%,37.2%,56.7%,85.5%,20.0%,27.3%,105
Mars Hill,Carter Potts,All,374,64,79.6,93.8,95.0,1.6%,6.7°,3.9°,23.4,0.0%,0,0.259,0.236,0.325,0.295,57.8%,15.6%,20.3%,40.1%,71.2%,86.5%,17.9%,17.3%,112
Seattle,Sebastian Lopez,All,191,22,76.9,95.8,99.4,18.2%,0.8°,-0.2°,31.8,0.0%,0,0.25,0.177,0.325,0.248,40.9%,18.2%,27.3%,39.8%,55.6%,88.9%,28.2%,31.6%,85
William & Mary,Charlie Iriotakis,All,658,124,87.7,106.2,108.9,37.1%,1.6°,2.2°,24.2,2.4%,3,0.26,0.262,0.325,0.328,57.3%,16.9%,20.2%,43.0%,69.6%,88.4%,22.6%,18.4%,107
VCU,Will Henson,All,534,80,88.3,103.0,107.7,40.0%,12.7°,18.6°,32.5,7.5%,6,0.234,0.259,0.325,0.365,41.2%,35.0%,20.0%,44.2%,64.1%,77.7%,30.6%,31.4%,65
UC Riverside,Landon Nunes,All,260,35,87.4,102.5,106.0,28.6%,12.0°,21.4°,28.6,5.7%,2,0.212,0.202,0.325,0.317,40.0%,37.1%,17.1%,43.1%,74.1%,82.5%,21.1%,24.1%,126
William Carey,Tyler Ducksworth,All,213,35,84.3,101.9,105.7,37.1%,8.9°,12.3°,31.4,2.9%,1,0.255,0.215,0.325,0.304,45.7%,25.7%,25.7%,34.7%,67.4%,76.7%,11.3%,27.0%,154
Wofford,Andrew Mannelly,All,337,55,86.4,101.9,106.0,38.2%,18.9°,14.4°,41.8,5.5%,3,0.217,0.243,0.325,0.356,27.3%,36.4%,32.7%,37.7%,63.6%,85.4%,13.7%,18.1%,131
Saint Mary's (CA),Brian Duroff,All,620,130,87.2,104.4,108.6,36.2%,14.5°,13.2°,36.9,5.4%,7,0.228,0.261,0.325,0.343,35.4%,29.2%,30.8%,52.9%,76.0%,86.4%,36.0%,20.4%,61
Central Arkansas,Casey Shipley,All,88,14,91.3,107.1,109.4,50.0%,4.5°,15.5°,35.7,7.1%,1,0.278,0.315,0.325,0.42,50.0%,21.4%,28.6%,50.0%,75.6%,90.3%,27.7%,15.9%,94
South Dakota State,Colin Gibson,All,48,6,90.2,101.0,102.8,33.3%,28.3°,20.5°,50.0,16.7%,1,0.273,0.157,0.325,0.197,16.7%,33.3%,33.3%,43.8%,60.7%,64.7%,20.0%,38.1%,32
Claremont-Mudd-Scripps,Rider Gordon,All,116,20,82.4,100.2,100.5,25.0%,-5.9°,-3.7°,50.0,0.0%,0,0.304,0.302,0.325,0.368,55.0%,10.0%,35.0%,37.1%,62.0%,71.0%,18.2%,32.6%,99
Central Michigan,Nathan Ball,All,364,80,86.2,105.7,109.2,40.0%,8.8°,6.1°,28.7,5.0%,4,0.26,0.274,0.325,0.35,50.0%,21.2%,22.5%,45.6%,68.2%,88.8%,25.8%,20.5%,86
Washington State,Ricco Longo,All,281,43,81.1,95.9,97.8,11.6%,10.7°,9.0°,37.2,0.0%,0,0.259,0.241,0.325,0.293,41.9%,20.9%,34.9%,39.5%,58.2%,91.5%,25.2%,15.3%,82
Air Force,Alex Adams,All,598,96,87.5,100.3,103.7,30.2%,13.2°,5.4°,33.3,0.0%,0,0.287,0.252,0.325,0.313,46.9%,22.9%,25.0%,41.8%,62.6%,88.1%,26.5%,19.6%,79
Elon,Justin Szestowicki,All,375,77,86.1,99.7,102.9,31.2%,10.1°,9.9°,28.6,1.3%,1,0.229,0.242,0.324,0.321,42.9%,28.6%,20.8%,50.1%,71.8%,84.6%,29.9%,22.9%,78
Oklahoma State,Garrett Shull,All,447,53,93.3,108.3,114.2,54.7%,15.0°,13.8°,43.4,11.3%,6,0.263,0.257,0.324,0.347,32.1%,28.3%,35.8%,44.3%,66.5%,75.6%,25.8%,37.4%,84
Queens (NC),Ryan Brown,All,130,27,85.2,98.4,99.5,22.2%,9.6°,10.2°,48.1,0.0%,0,0.27,0.244,0.324,0.291,40.7%,25.9%,25.9%,51.5%,66.0%,80.0%,41.6%,29.9%,43
North Georgia,Jorge Arispuro,All,479,69,85.1,102.4,107.2,30.4%,19.6°,19.8°,37.7,7.2%,5,0.231,0.217,0.324,0.323,30.4%,36.2%,29.0%,42.0%,64.1%,80.3%,25.3%,25.9%,101
Virginia Tech,Clay Grady,All,744,138,85.4,98.1,101.4,21.7%,2.9°,4.4°,42.0,0.0%,0,0.266,0.278,0.324,0.34,51.4%,13.0%,32.6%,38.3%,53.0%,92.7%,26.1%,14.7%,77
Merrimack,Frankie Ferrentino,All,159,28,83.4,101.5,103.3,21.4%,16.2°,17.7°,21.4,7.1%,2,0.222,0.178,0.324,0.261,42.9%,42.9%,10.7%,48.4%,68.8%,86.4%,34.7%,23.4%,41
VCU,Nicholas April-Gath,All,243,46,85.8,97.2,98.1,17.4%,6.8°,18.6°,43.5,0.0%,0,0.291,0.275,0.324,0.344,39.1%,26.1%,32.6%,38.7%,58.9%,92.1%,22.8%,16.0%,95
Redlands,Mason Chetcuti,All,25,6,83.0,93.4,95.0,16.7%,25.5°,9.4°,50.0,0.0%,0,0.286,0.297,0.324,0.349,16.7%,33.3%,50.0%,32.0%,60.0%,100.0%,13.3%,12.5%,163
DeSales,JT Anderosky,All,27,6,84.7,91.1,93.5,0.0%,16.3°,-,50.0,0.0%,0,0.286,0.269,0.324,0.339,50.0%,33.3%,16.7%,48.1%,71.4%,100.0%,23.1%,0.0%,89
Florida International,Nelson Rivera,All,130,26,85.5,101.7,105.3,26.9%,25.7°,11.1°,30.8,7.7%,2,0.241,0.27,0.324,0.349,26.9%,38.5%,30.8%,43.8%,69.6%,82.1%,24.3%,19.3%,60
South Carolina,Talmadge LeCroy,All,248,36,92.3,101.7,106.2,58.3%,19.0°,16.7°,38.9,8.3%,3,0.196,0.284,0.324,0.458,30.6%,33.3%,27.8%,44.8%,73.9%,88.2%,27.6%,19.8%,96
Davidson,Scott Edwards,All,174,21,84.4,94.2,96.6,14.3%,17.1°,21.0°,33.3,0.0%,0,0.194,0.202,0.324,0.33,38.1%,28.6%,23.8%,32.8%,55.3%,81.0%,15.3%,22.8%,109
Missouri,Mateo Serna,All,763,102,88.8,104.2,107.8,46.1%,21.1°,21.0°,40.2,15.7%,16,0.225,0.261,0.324,0.384,28.4%,40.2%,26.5%,44.3%,63.4%,75.3%,29.0%,36.4%,80
Utah,Drake Digiorno,All,353,60,85.9,100.5,101.7,30.0%,17.1°,17.5°,38.3,3.3%,2,0.238,0.206,0.324,0.304,36.7%,28.3%,30.0%,45.9%,67.9%,86.0%,25.9%,25.3%,52
FGCU,Aidan Corn,All,310,48,89.5,103.2,105.3,47.9%,10.7°,13.5°,37.5,6.2%,3,0.275,0.266,0.324,0.349,43.8%,20.8%,31.2%,41.6%,66.4%,79.3%,23.5%,32.6%,110
Southern Wesleyan,Marty Grisso,All,380,76,80.4,97.3,100.1,17.1%,11.2°,20.0°,30.3,2.6%,2,0.266,0.23,0.324,0.285,47.4%,30.3%,19.7%,52.1%,75.5%,79.8%,36.7%,25.8%,58
Kansas,Chase Diggins,All,426,74,88.3,99.6,102.8,32.4%,14.0°,15.8°,33.8,2.7%,2,0.236,0.259,0.324,0.372,41.9%,33.8%,24.3%,37.6%,67.6%,90.1%,15.8%,15.0%,126
Florida A&M,Justen Crews,All,65,14,84.0,93.2,100.6,7.1%,25.9°,27.2°,21.4,7.1%,1,0.263,0.163,0.324,0.274,28.6%,50.0%,7.1%,52.3%,75.0%,85.7%,35.1%,23.5%,95
Southeastern (FL),Jacob Gumieny,All,132,30,78.1,89.2,96.8,3.3%,3.1°,17.4°,23.3,0.0%,0,0.333,0.253,0.324,0.266,60.0%,13.3%,20.0%,57.6%,72.1%,91.8%,42.2%,14.5%,21
CSU Bakersfield,Elijah Pelayo,All,636,105,77.9,97.5,100.7,13.3%,3.7°,11.9°,39.0,0.0%,0,0.292,0.251,0.324,0.298,51.4%,19.0%,29.5%,44.8%,70.6%,85.0%,27.6%,22.1%,98
Lehigh,Ryan Cochran,All,308,59,85.4,102.4,105.0,25.4%,10.5°,7.5°,40.7,0.0%,0,0.271,0.282,0.324,0.347,44.1%,23.7%,30.5%,42.2%,65.7%,91.5%,21.8%,12.3%,114
Erskine,Jorge Pascual,All,137,21,90.3,103.4,105.1,52.4%,19.6°,15.4°,28.6,0.0%,0,0.281,0.206,0.324,0.3,33.3%,23.8%,23.8%,43.1%,71.9%,73.2%,22.5%,39.0%,117
Saint Leo,Roberto Odor,All,28,5,80.6,87.0,88.7,20.0%,10.0°,-6.9°,20.0,0.0%,0,0.286,0.182,0.324,0.212,60.0%,40.0%,0.0%,50.0%,64.3%,100.0%,35.7%,14.3%,37
Utah,Jake Long,All,503,97,87.6,101.4,106.0,33.0%,8.7°,13.3°,34.0,4.1%,4,0.271,0.306,0.324,0.385,47.4%,19.6%,26.8%,41.7%,63.5%,89.2%,23.0%,17.1%,112
Biola,Jonny Tewinkle,All,35,6,82.9,89.7,91.0,0.0%,-3.6°,-,0.0,0.0%,0,0.333,0.154,0.324,0.236,66.7%,33.3%,0.0%,45.7%,64.3%,100.0%,33.3%,25.0%,115
Middle Tennessee,Tyler Minnick,All,282,57,86.9,103.1,111.3,29.8%,22.5°,14.5°,29.8,8.8%,5,0.242,0.235,0.324,0.343,35.1%,42.1%,14.0%,47.5%,72.0%,93.5%,32.6%,17.9%,68
Georgia,Henry Hunter,All,656,85,92.1,105.8,109.1,52.9%,18.5°,20.1°,43.5,14.1%,12,0.201,0.266,0.323,0.397,30.6%,35.3%,30.6%,47.6%,71.8%,70.6%,26.1%,39.4%,100
Texas,Cole Chamberlain,All,177,17,95.3,105.1,109.2,58.8%,2.4°,-1.0°,29.4,0.0%,0,0.143,0.247,0.323,0.386,64.7%,5.9%,23.5%,31.6%,55.8%,72.1%,13.0%,35.7%,114
South Dakota State,Keagen Jirschele,All,111,13,83.9,104.5,105.9,46.2%,-3.2°,2.4°,7.7,0.0%,0,0.227,0.202,0.323,0.314,69.2%,7.7%,15.4%,39.6%,63.6%,60.7%,23.9%,43.2%,88
Lehigh,Justin Butler,All,402,55,85.7,102.5,105.6,38.2%,9.4°,26.4°,30.9,7.3%,4,0.229,0.249,0.323,0.379,40.0%,30.9%,23.6%,43.3%,63.2%,78.6%,29.7%,31.6%,121
Central Michigan,Rees Campanale,All,321,55,88.2,104.4,105.0,36.4%,14.7°,16.8°,36.4,9.1%,5,0.259,0.234,0.323,0.317,36.4%,29.1%,29.1%,45.8%,62.1%,77.8%,32.4%,32.7%,94
Carson-Newman,Ryan Jenkins,All,474,81,83.6,95.2,98.2,12.3%,3.4°,2.5°,30.9,0.0%,0,0.22,0.237,0.323,0.32,44.4%,19.8%,28.4%,31.9%,55.3%,96.5%,13.8%,7.3%,127
Florida International,Hector Candelas,All,347,46,82.9,101.3,103.9,23.9%,15.2°,16.7°,37.0,2.2%,1,0.254,0.254,0.323,0.346,43.5%,26.1%,21.7%,44.1%,66.7%,87.8%,27.5%,17.0%,95
Southern Indiana,BJ Banyon,All,196,45,80.4,96.8,101.1,13.3%,-9.3°,-3.6°,13.3,0.0%,0,0.294,0.23,0.323,0.287,73.3%,11.1%,8.9%,45.9%,69.9%,93.1%,28.3%,12.2%,98
North Carolina A&T,AJ Jones,All,215,33,82.6,99.3,101.9,42.4%,5.7°,14.0°,33.3,3.0%,1,0.239,0.253,0.323,0.328,48.5%,27.3%,24.2%,51.6%,78.3%,90.8%,34.8%,22.5%,88
Texas Tech,Antonelli Savattere,All,481,87,87.9,97.7,99.8,32.2%,9.5°,5.3°,31.0,0.0%,0,0.295,0.292,0.323,0.34,47.1%,24.1%,26.4%,46.8%,66.1%,89.4%,27.2%,16.4%,113
UNLV,Gunnar Myro,All,417,88,85.6,101.6,106.0,38.6%,3.1°,5.2°,28.4,4.5%,4,0.27,0.302,0.323,0.365,55.7%,18.2%,22.7%,43.9%,65.8%,87.6%,26.6%,21.3%,111
Central Michigan,Cole Kwiatkowski,All,205,54,77.6,97.0,99.1,11.1%,8.3°,13.0°,16.7,0.0%,0,0.309,0.201,0.323,0.263,53.7%,18.5%,14.8%,62.9%,85.2%,89.1%,38.1%,17.1%,91
Mount Olive,Ryder Hancock,All,105,30,82.3,93.0,97.6,3.3%,8.4°,2.2°,16.7,0.0%,0,0.324,0.269,0.323,0.268,66.7%,13.3%,16.7%,51.4%,75.0%,95.2%,24.5%,11.1%,137
Maryland,EJ Hankerson,All,52,8,91.7,93.4,93.6,25.0%,3.6°,-18.3°,0.0,0.0%,0,0.286,0.102,0.323,0.152,62.5%,37.5%,0.0%,40.4%,56.0%,71.4%,25.9%,47.6%,58
Alabama A&M,Angel Rivera,All,94,14,81.0,92.9,94.6,0.0%,38.9°,-,14.3,0.0%,0,0.286,0.143,0.323,0.179,21.4%,42.9%,14.3%,37.2%,51.3%,75.0%,27.3%,25.7%,57
Troy,Jimmy Janicki,All,666,123,89.5,106.9,112.2,42.3%,5.8°,7.7°,31.7,3.3%,4,0.273,0.307,0.323,0.374,52.8%,17.1%,24.4%,37.7%,61.2%,92.6%,20.0%,13.9%,98
James Madison,Creed Erdos,All,54,8,88.8,92.5,93.3,12.5%,4.4°,-1.6°,37.5,0.0%,0,0.286,0.276,0.323,0.312,62.5%,12.5%,25.0%,50.0%,70.4%,78.9%,29.6%,33.3%,69
Northern Illinois,Nolan Sandee,All,234,20,76.7,98.3,98.6,20.0%,13.9°,20.5°,15.0,0.0%,0,0.179,0.099,0.323,0.23,40.0%,30.0%,15.0%,41.5%,70.5%,83.6%,21.6%,26.8%,125
Georgia Southern,Jack Myers,All,140,27,83.9,96.2,101.6,22.2%,0.5°,2.6°,44.4,0.0%,0,0.257,0.274,0.322,0.34,44.4%,11.1%,44.4%,43.6%,59.1%,84.6%,29.7%,26.2%,43
USC Upstate,Owen Ross,All,187,32,80.8,104.8,112.4,34.4%,6.6°,14.0°,28.1,6.2%,2,0.256,0.231,0.322,0.315,50.0%,28.1%,15.6%,49.7%,78.2%,67.6%,25.0%,36.6%,106
Houston,Malachi Lott,All,389,70,87.3,103.3,106.9,40.0%,5.0°,12.9°,32.9,4.3%,3,0.218,0.26,0.322,0.354,45.7%,21.4%,24.3%,52.2%,81.2%,83.8%,31.9%,26.1%,92
Alabama,Brennen Norton,All,548,108,88.9,104.1,106.0,45.4%,13.1°,10.4°,36.1,10.2%,11,0.232,0.288,0.322,0.389,38.0%,31.5%,25.0%,45.4%,64.4%,86.8%,29.9%,22.9%,73
Illinois Wesleyan,Luca Morelli,All,33,5,86.1,94.3,96.3,20.0%,32.2°,24.1°,40.0,0.0%,0,0.286,0.225,0.322,0.261,0.0%,60.0%,40.0%,45.5%,71.4%,90.0%,26.3%,13.3%,113
Oklahoma State,Beau Sylvester,All,180,37,88.8,104.3,108.9,45.9%,17.5°,13.7°,37.8,2.7%,1,0.245,0.289,0.322,0.367,35.1%,24.3%,32.4%,52.8%,75.9%,81.8%,31.2%,31.6%,59
Miami (OH),Ignacio Gonzalez Rivera,All,34,5,94.2,102.4,103.1,40.0%,8.2°,13.0°,60.0,0.0%,0,0.286,0.324,0.322,0.341,40.0%,0.0%,60.0%,44.1%,40.0%,100.0%,47.4%,13.3%,12
Sacred Heart,Peter Link,All,148,18,86.3,101.3,103.9,38.9%,11.5°,8.7°,38.9,5.6%,1,0.25,0.202,0.322,0.314,38.9%,33.3%,22.2%,43.2%,68.0%,84.3%,17.8%,25.0%,96
Albany,Cooper Loyal,All,306,56,84.1,97.1,100.6,23.2%,6.0°,1.4°,30.4,0.0%,0,0.254,0.237,0.322,0.343,46.4%,25.0%,21.4%,42.5%,69.3%,84.2%,20.7%,22.3%,115
Texas A&M,Gavin Kash,All,505,84,91.9,107.5,110.1,48.8%,16.4°,18.6°,35.7,10.7%,9,0.241,0.292,0.322,0.402,32.1%,28.6%,29.8%,42.0%,67.3%,82.6%,24.7%,25.5%,95
South Carolina,Blake Jackson,All,415,38,84.8,100.7,104.9,36.8%,0.6°,1.6°,21.1,0.0%,0,0.175,0.201,0.322,0.327,68.4%,15.8%,13.2%,27.7%,51.4%,80.9%,10.7%,26.1%,113
Louisville,Michael Lippe,All,255,28,93.1,107.7,108.3,50.0%,0.8°,7.8°,42.9,3.6%,1,0.22,0.282,0.322,0.385,50.0%,0.0%,42.9%,40.8%,68.8%,74.7%,19.9%,36.5%,101
UTSA,Cade Sadler,All,212,30,89.5,103.4,104.8,43.3%,7.3°,14.6°,36.7,0.0%,0,0.267,0.245,0.322,0.363,46.7%,13.3%,33.3%,49.1%,76.1%,75.7%,28.3%,31.7%,93
Old Dominion,Kyle Edwards,All,473,88,87.5,100.3,103.3,29.5%,11.7°,19.9°,36.4,3.4%,3,0.248,0.253,0.322,0.353,37.5%,30.7%,27.3%,45.0%,69.8%,80.6%,23.1%,25.4%,99
Florida International,Albert Serrano,All,308,40,88.2,106.7,108.8,37.5%,15.0°,22.8°,37.5,15.0%,6,0.241,0.265,0.322,0.379,35.0%,40.0%,25.0%,38.0%,60.0%,73.9%,24.9%,32.5%,101
Loyola-New Orleans,Marcus Steen,All,29,6,82.7,103.5,104.3,33.3%,10.2°,15.5°,50.0,0.0%,0,0.333,0.28,0.322,0.336,33.3%,33.3%,33.3%,41.4%,83.3%,90.0%,11.8%,8.3%,156
Elon,Vince Fattore,All,691,115,87.4,104.1,109.1,40.9%,13.0°,13.5°,35.7,8.7%,10,0.247,0.264,0.322,0.381,36.5%,28.7%,26.1%,40.7%,61.2%,79.7%,25.9%,29.2%,97
The Citadel,Lane Tobin,All,503,83,83.5,101.9,105.0,38.6%,3.1°,1.2°,30.1,1.2%,1,0.292,0.266,0.322,0.333,56.6%,15.7%,20.5%,38.0%,56.6%,88.7%,21.6%,17.8%,99
Oral Roberts,Wailele Kane-Yates,All,140,26,90.5,104.0,104.8,38.5%,1.1°,8.6°,34.6,3.8%,1,0.289,0.289,0.322,0.331,57.7%,11.5%,26.9%,51.4%,68.1%,87.2%,35.2%,29.2%,69
Holy Cross,Colin Brown,All,114,28,83.2,95.8,100.0,17.9%,7.1°,0.7°,25.0,0.0%,0,0.276,0.24,0.322,0.278,64.3%,25.0%,7.1%,48.2%,63.8%,96.7%,37.3%,5.5%,77
Stanford,Charlie Bates,All,367,71,89.0,101.5,103.6,39.4%,9.9°,19.1°,40.8,14.1%,10,0.27,0.31,0.322,0.412,42.3%,31.0%,22.5%,46.6%,68.1%,88.3%,29.4%,19.3%,66
Chapman,Matthew Campopiano,All,363,72,83.6,100.1,103.5,23.6%,5.8°,8.4°,31.9,1.4%,1,0.26,0.272,0.322,0.361,47.2%,25.0%,22.2%,29.5%,49.7%,96.2%,13.4%,9.3%,118
Delaware State,Jabril Bullock,All,30,6,90.2,93.7,94.7,0.0%,27.3°,-,33.3,0.0%,0,0.286,0.292,0.322,0.326,0.0%,50.0%,50.0%,53.3%,80.0%,87.5%,40.0%,25.0%,58
Cal Poly,Braxton Thomas,All,265,48,86.7,103.5,109.5,43.8%,3.5°,7.6°,39.6,4.2%,2,0.258,0.316,0.322,0.371,52.1%,14.6%,33.3%,54.7%,81.7%,89.4%,37.3%,27.6%,45
Western Michigan,Mike Maloney,All,296,52,79.8,96.8,99.7,17.3%,5.9°,3.7°,32.7,0.0%,0,0.299,0.28,0.322,0.326,50.0%,19.2%,28.8%,39.5%,62.6%,87.4%,19.1%,20.5%,122
South Carolina,Jordan Carrion,All,546,114,87.5,98.4,101.4,28.1%,4.5°,8.4°,35.1,0.0%,0,0.302,0.281,0.321,0.327,55.3%,12.3%,28.1%,50.7%,76.3%,87.8%,28.0%,17.7%,93
University of Montevallo,Zen Hiatt,All,82,10,85.2,101.1,101.7,40.0%,2.2°,15.5°,20.0,0.0%,0,0.294,0.23,0.321,0.317,60.0%,10.0%,20.0%,46.3%,74.2%,69.6%,29.4%,42.1%,115
Austin Peay,Mason Pangborn,All,40,6,78.5,90.6,93.8,0.0%,18.5°,-,16.7,0.0%,0,0.125,0.103,0.321,0.277,33.3%,66.7%,0.0%,47.5%,87.5%,71.4%,20.8%,36.8%,169
Morehead State,Aubrey Kearns,All,356,65,81.7,97.4,100.1,15.4%,13.1°,5.4°,29.2,0.0%,0,0.233,0.207,0.321,0.276,40.0%,30.8%,23.1%,46.6%,71.9%,90.8%,24.3%,21.1%,94
Fresno Pacific,Micah Barkenhagen,All,77,14,88.6,102.0,111.1,35.7%,14.7°,5.7°,42.9,0.0%,0,0.312,0.324,0.321,0.371,42.9%,21.4%,28.6%,48.1%,72.2%,80.8%,26.8%,24.3%,76
Wichita State,Kam Durnin,All,775,119,88.4,104.4,107.9,36.1%,13.8°,13.2°,31.1,4.2%,5,0.247,0.241,0.321,0.347,37.8%,30.3%,24.4%,43.2%,69.1%,86.9%,22.7%,21.8%,95
Princeton,Caden Shapiro,All,715,105,83.3,99.1,103.2,21.9%,13.7°,11.9°,23.8,1.9%,2,0.221,0.215,0.321,0.321,44.8%,31.4%,16.2%,36.1%,57.4%,83.8%,19.6%,22.9%,99
Ohio State,Maddix Simpson,All,478,83,85.9,98.0,102.2,19.3%,10.3°,18.2°,39.8,3.6%,3,0.245,0.262,0.321,0.351,43.4%,20.5%,28.9%,38.1%,60.7%,91.7%,18.9%,18.1%,104
Liberty,Landon Scilley,All,850,137,87.5,105.0,109.9,39.4%,9.4°,12.9°,32.1,5.8%,8,0.259,0.254,0.321,0.327,43.1%,25.5%,28.5%,46.4%,73.2%,80.5%,22.4%,28.7%,104
High Point,Jace Kohler,All,231,39,84.3,99.9,101.1,25.6%,0.8°,8.5°,33.3,0.0%,0,0.294,0.226,0.321,0.314,51.3%,10.3%,33.3%,35.5%,61.1%,89.4%,13.0%,19.5%,100
UNC Wilmington,Bromley Thornton,All,305,47,83.9,101.9,106.0,31.9%,3.8°,6.6°,29.8,2.1%,1,0.268,0.246,0.321,0.3,55.3%,17.0%,23.4%,46.2%,60.0%,83.3%,36.0%,27.7%,52
Stephen F. Austin,Joshua Ibe,All,224,30,91.5,107.2,109.4,46.7%,10.2°,16.6°,60.0,16.7%,5,0.261,0.285,0.321,0.401,33.3%,30.0%,36.7%,44.2%,61.2%,73.3%,31.0%,34.3%,68
North Alabama,Bryant Loving,All,146,23,86.0,101.9,103.6,26.1%,21.7°,18.9°,47.8,0.0%,0,0.212,0.189,0.321,0.257,34.8%,13.0%,39.1%,53.4%,76.6%,77.6%,35.4%,33.3%,54
Mercer,Drew Johnson,All,865,132,86.4,100.9,107.5,25.0%,13.0°,9.2°,37.1,2.3%,3,0.24,0.246,0.321,0.335,38.6%,29.5%,26.5%,38.5%,58.0%,88.1%,23.5%,22.5%,110
Sam Houston State,Grant Nottlemann,All,285,31,84.9,96.2,97.8,19.4%,0.1°,4.6°,38.7,0.0%,0,0.244,0.281,0.321,0.366,58.1%,6.5%,35.5%,29.8%,52.7%,91.2%,10.9%,17.6%,99
Dallas Baptist,Adam Berghult,All,386,81,87.9,102.4,105.4,38.3%,16.5°,11.5°,27.2,3.7%,3,0.212,0.251,0.321,0.322,39.5%,37.0%,18.5%,46.4%,68.0%,83.7%,27.3%,25.7%,86
Winthrop,Colin Crowley,All,724,112,83.2,102.0,104.1,20.5%,7.7°,14.6°,28.6,0.0%,0,0.246,0.237,0.321,0.332,51.8%,17.0%,26.8%,38.1%,62.3%,88.6%,20.0%,18.8%,123
UMass,Braden Sullivan,All,263,40,84.2,99.0,103.6,15.0%,25.7°,15.0°,27.5,0.0%,0,0.216,0.202,0.321,0.318,25.0%,45.0%,20.0%,35.7%,62.5%,91.4%,15.9%,14.9%,131
California PA,Ryan Callahan,All,48,15,81.2,105.0,105.3,26.7%,9.7°,19.5°,40.0,13.3%,2,0.267,0.363,0.321,0.44,40.0%,20.0%,33.3%,66.7%,90.5%,89.5%,48.1%,9.4%,85
Little Rock,Jayce Blalock,All,192,27,88.8,104.4,106.1,44.4%,8.7°,29.5°,33.3,14.8%,4,0.211,0.251,0.321,0.393,37.0%,40.7%,14.8%,43.2%,66.2%,77.4%,26.8%,27.7%,91
Clemson,Andrew Ciufo,All,875,124,84.3,102.7,112.4,31.5%,12.8°,18.2°,33.1,5.6%,7,0.255,0.217,0.321,0.324,41.9%,30.6%,22.6%,44.2%,64.3%,81.5%,28.3%,28.7%,81
Kentucky,Dylan Koontz,All,359,47,85.6,102.4,112.6,38.3%,16.6°,18.1°,31.9,6.4%,3,0.209,0.222,0.321,0.337,36.2%,29.8%,25.5%,43.7%,67.5%,78.4%,26.4%,29.3%,100
Northern Illinois,Kaden Kosobucki,All,274,33,84.1,101.0,102.3,36.4%,6.8°,21.5°,39.4,3.0%,1,0.208,0.226,0.321,0.356,39.4%,30.3%,27.3%,33.2%,58.5%,82.3%,17.3%,20.9%,130
Samford,Gatlin Pitts,All,299,42,88.2,103.9,107.3,38.1%,4.1°,6.4°,33.3,4.8%,2,0.239,0.212,0.321,0.272,47.6%,21.4%,28.6%,42.8%,63.8%,73.9%,24.8%,35.2%,84
Northern Colorado,Jake Bullard,All,201,31,87.0,99.6,102.0,25.8%,8.7°,9.3°,38.7,0.0%,0,0.256,0.299,0.321,0.361,48.4%,16.1%,32.3%,40.3%,60.2%,84.9%,24.8%,28.4%,106
Limestone,Wyatt Stone,All,45,5,79.1,94.1,95.9,20.0%,1.4°,21.5°,40.0,0.0%,0,0.125,0.139,0.321,0.307,60.0%,0.0%,20.0%,42.2%,71.4%,60.0%,29.0%,42.1%,119
Southern Indiana,Charlie Marisca,All,165,23,83.9,97.2,102.2,21.7%,8.8°,8.9°,30.4,0.0%,0,0.265,0.243,0.321,0.314,60.9%,21.7%,17.4%,41.2%,67.7%,81.0%,25.2%,33.8%,106
Harvard,Matthew Giberti,All,489,88,76.8,92.2,96.1,2.3%,10.8°,15.8°,33.0,0.0%,0,0.311,0.208,0.321,0.271,51.1%,22.7%,22.7%,44.4%,64.5%,88.4%,26.8%,18.0%,92
Campbell,Andrew Keller,All,262,45,84.1,103.0,105.6,33.3%,8.0°,12.8°,24.4,6.7%,3,0.233,0.254,0.321,0.338,48.9%,22.2%,17.8%,54.2%,81.0%,84.0%,32.9%,29.6%,94
Fresno State,Jacob Pappas,All,175,30,81.3,98.7,104.1,13.3%,-9.0°,16.6°,16.7,0.0%,0,0.262,0.211,0.321,0.265,76.7%,6.7%,16.7%,45.7%,68.7%,84.8%,31.5%,36.2%,85
Carson-Newman,Ryan Bolton,All,180,49,82.3,95.7,96.2,12.2%,-3.7°,-3.0°,22.4,0.0%,0,0.308,0.271,0.321,0.287,59.2%,8.2%,22.4%,46.1%,67.1%,98.1%,29.7%,7.2%,73
CSU Bakersfield,Matthew Dobson,All,142,28,86.2,101.4,103.9,35.7%,2.7°,17.8°,28.6,0.0%,0,0.25,0.241,0.321,0.347,50.0%,25.0%,17.9%,51.4%,78.3%,87.2%,31.7%,21.9%,79
Union,Grant Ross,All,106,20,90.9,100.0,103.6,40.0%,5.5°,6.7°,50.0,0.0%,0,0.281,0.296,0.321,0.328,45.0%,5.0%,45.0%,50.9%,67.4%,74.2%,38.3%,38.9%,65
Lipscomb,Aaron Stelogeannis,All,559,88,88.5,100.0,103.6,35.2%,5.3°,4.5°,35.2,1.1%,1,0.27,0.244,0.321,0.302,54.5%,20.5%,22.7%,44.9%,62.5%,86.9%,30.0%,24.3%,66
British Columbia,Russell Young,All,78,7,90.7,100.5,104.2,28.6%,13.7°,11.4°,42.9,14.3%,1,0.2,0.188,0.32,0.297,28.6%,28.6%,42.9%,34.6%,50.0%,86.7%,25.0%,33.3%,82
North Greenville,Payton Howard,All,52,6,76.3,96.5,98.0,16.7%,5.2°,16.0°,33.3,0.0%,0,0.333,0.25,0.32,0.275,50.0%,0.0%,33.3%,48.1%,87.5%,92.9%,30.6%,24.0%,88
Valparaiso,Patrick Ilitch,All,388,64,85.5,103.4,106.8,26.6%,8.0°,24.5°,35.9,10.9%,7,0.226,0.22,0.32,0.302,46.9%,18.8%,26.6%,55.9%,76.3%,72.4%,36.4%,35.9%,80
St. Bonaventure,Christopher Hoalcraft,All,211,46,88.0,100.2,101.8,37.0%,11.8°,9.6°,32.6,0.0%,0,0.273,0.25,0.32,0.308,50.0%,17.4%,21.7%,49.8%,69.5%,84.9%,30.2%,21.9%,64
Western Kentucky,Reid Howard,All,702,142,86.6,99.4,104.5,26.1%,15.5°,8.2°,40.1,0.0%,0,0.266,0.281,0.32,0.339,38.0%,22.5%,31.0%,49.0%,72.6%,89.9%,29.9%,15.4%,79
USF,Rafael Betancourt,All,522,119,87.6,99.1,105.6,32.8%,14.8°,11.7°,37.0,2.5%,3,0.294,0.301,0.32,0.345,33.6%,31.1%,30.3%,52.7%,76.1%,95.0%,33.1%,14.5%,71
Arizona,Easton Breyfogle,All,649,105,91.3,109.0,113.1,57.1%,2.1°,9.1°,25.7,8.6%,9,0.238,0.282,0.32,0.373,55.2%,20.0%,22.9%,46.1%,72.6%,84.9%,26.7%,25.8%,92
Mars Hill,Blake Russell,All,61,9,88.2,98.5,99.3,44.4%,-2.6°,3.4°,22.2,0.0%,0,0.333,0.194,0.32,0.197,77.8%,0.0%,22.2%,55.7%,82.6%,84.2%,39.5%,23.5%,75
Old Dominion,Maverick Stallings,All,324,47,91.1,108.1,111.1,48.9%,6.1°,13.8°,29.8,12.8%,6,0.243,0.221,0.32,0.309,46.8%,21.3%,21.3%,49.4%,73.7%,75.2%,31.6%,39.4%,85
Austin Peay,DJ Merriweather,All,74,12,91.5,107.0,108.4,41.7%,-4.0°,10.7°,25.0,0.0%,0,0.2,0.317,0.32,0.4,58.3%,16.7%,25.0%,40.5%,71.0%,86.4%,18.6%,16.7%,118
Texas Southern,Damien Garcia,All,91,15,87.1,103.9,104.4,33.3%,8.9°,14.6°,33.3,6.7%,1,0.238,0.283,0.32,0.352,53.3%,20.0%,26.7%,48.4%,52.5%,81.0%,45.1%,36.4%,28
Radford,Tyler Kehoe,All,592,97,81.1,95.4,99.7,12.4%,14.9°,11.5°,33.0,0.0%,0,0.263,0.222,0.32,0.271,36.1%,36.1%,22.7%,58.3%,85.7%,79.8%,40.7%,31.6%,73
Concordia Texas,Logan Smith,All,50,7,77.8,91.5,92.6,0.0%,6.2°,-,42.9,0.0%,0,0.3,0.216,0.32,0.261,57.1%,0.0%,28.6%,52.0%,72.7%,100.0%,46.2%,7.7%,79
Miami,Bobby Marsh,All,570,106,88.3,101.7,106.9,40.6%,18.1°,18.8°,39.6,8.5%,9,0.245,0.255,0.32,0.332,33.0%,38.7%,23.6%,52.5%,71.8%,85.2%,37.8%,24.1%,50
Notre Dame,Brady Gumpf,All,528,84,89.4,105.7,109.9,38.1%,13.4°,13.9°,33.3,4.8%,4,0.254,0.252,0.32,0.339,38.1%,28.6%,29.8%,49.2%,68.9%,77.7%,34.3%,31.9%,61
Milwaukee,Gabe Roessler,All,420,74,87.4,99.7,103.2,29.7%,12.6°,9.0°,32.4,2.7%,2,0.22,0.248,0.32,0.342,41.9%,27.0%,24.3%,35.5%,57.7%,91.4%,18.5%,14.1%,116
Dallas Baptist,Luke Heefner,All,426,74,85.7,103.1,105.7,31.1%,8.6°,7.3°,31.1,5.4%,4,0.232,0.247,0.32,0.342,48.6%,27.0%,21.6%,43.7%,66.5%,86.6%,27.1%,24.2%,92
Richmond,Connor Larson,All,558,93,84.0,103.1,109.1,31.2%,7.7°,10.6°,28.0,1.1%,1,0.258,0.23,0.32,0.306,49.5%,22.6%,20.4%,43.5%,69.8%,82.6%,26.2%,25.1%,92
Grand Canyon,Luke Moeller,All,44,9,86.6,91.1,93.6,22.2%,7.9°,-1.9°,22.2,0.0%,0,0.3,0.3,0.32,0.342,55.6%,33.3%,11.1%,47.7%,60.0%,100.0%,37.5%,23.8%,37
Harvard,William Lybrook,All,419,54,89.0,107.4,110.4,40.7%,4.4°,12.1°,37.0,3.7%,2,0.284,0.242,0.32,0.309,42.6%,16.7%,37.0%,42.0%,60.7%,75.6%,25.6%,38.1%,88
UC San Diego,Jayden Lee,All,37,9,86.5,95.6,98.4,33.3%,10.9°,-6.8°,11.1,0.0%,0,0.3,0.339,0.32,0.367,66.7%,22.2%,11.1%,32.4%,68.8%,100.0%,4.8%,8.3%,132
Marshall,Joel Gardner,All,75,5,73.2,-,-,20.0%,-21.9°,-5.6°,0.0,0.0%,0,0.182,0.093,0.32,0.262,100.0%,0.0%,0.0%,34.7%,62.5%,65.0%,14.0%,34.6%,121
Louisiana Tech,Matt Houston,All,156,23,88.5,102.8,104.5,39.1%,16.0°,16.7°,56.5,8.7%,2,0.25,0.293,0.32,0.39,21.7%,30.4%,47.8%,41.0%,54.8%,80.0%,28.9%,28.1%,73
Creighton,Jack Torosian,All,164,22,82.8,102.1,103.1,31.8%,-5.1°,13.7°,27.3,0.0%,0,0.258,0.261,0.32,0.311,68.2%,13.6%,18.2%,37.8%,55.8%,93.0%,21.8%,14.5%,94
West Texas A&M,Ryan Camacho,All,49,7,84.7,87.6,90.6,0.0%,8.4°,-,42.9,0.0%,0,0.3,0.322,0.32,0.352,42.9%,14.3%,42.9%,24.5%,47.1%,100.0%,12.5%,16.7%,138
Seattle,Tyler Peterson,All,407,76,84.5,96.6,98.1,13.2%,9.2°,8.7°,38.2,0.0%,0,0.258,0.251,0.32,0.331,40.8%,17.1%,35.5%,42.5%,70.8%,88.2%,17.2%,16.8%,138
Long Beach State,Efren Ortega,All,116,18,80.8,99.0,99.1,22.2%,2.1°,10.2°,38.9,0.0%,0,0.19,0.325,0.32,0.433,61.1%,11.1%,27.8%,30.2%,63.4%,88.5%,12.0%,11.4%,152
Cincinnati,Derrick Pitts,All,281,50,86.9,101.8,104.2,40.0%,13.8°,16.7°,40.0,8.0%,4,0.268,0.231,0.32,0.326,36.0%,42.0%,20.0%,53.4%,71.3%,80.5%,39.6%,31.3%,52
Kansas State,Donte Lewis,All,326,45,84.7,104.0,107.0,26.7%,4.0°,-3.6°,28.9,0.0%,0,0.238,0.229,0.32,0.317,53.3%,20.0%,22.2%,35.6%,60.3%,80.5%,17.9%,28.4%,95
USF,Jackson Mayo,All,635,107,87.3,104.7,109.1,35.5%,20.4°,17.7°,26.2,4.7%,5,0.221,0.206,0.319,0.3,35.5%,32.7%,21.5%,46.1%,68.3%,84.2%,27.9%,25.6%,80
Oklahoma State,Avery Ortiz,All,211,31,86.7,104.9,105.6,32.3%,15.9°,16.6°,35.5,12.9%,4,0.227,0.251,0.319,0.346,38.7%,38.7%,16.1%,41.7%,63.0%,86.2%,25.2%,28.4%,87
North Carolina,Perry Hargett,All,315,52,86.2,100.6,102.0,32.7%,14.8°,13.6°,32.7,1.9%,1,0.224,0.224,0.319,0.315,40.4%,30.8%,23.1%,43.8%,69.7%,81.1%,19.6%,26.1%,117
Grand Canyon,Marcus Galvan,All,241,41,87.5,98.8,101.0,26.8%,-0.1°,7.6°,39.0,0.0%,0,0.28,0.273,0.319,0.325,53.7%,9.8%,31.7%,35.3%,58.1%,91.2%,13.7%,15.3%,116
Oklahoma,Kyle Branch,All,834,166,86.2,99.0,100.9,28.9%,4.3°,3.5°,31.3,0.0%,0,0.277,0.278,0.319,0.325,53.6%,19.3%,25.9%,40.5%,63.1%,94.4%,20.4%,11.5%,105
Wright State,Luke Arnold,All,585,96,88.3,103.9,107.8,35.4%,13.3°,16.6°,32.3,4.2%,4,0.231,0.23,0.319,0.331,41.7%,32.3%,21.9%,46.0%,72.4%,83.6%,29.1%,30.5%,83
Charlotte,Johnny Sutryk,All,224,32,89.3,103.1,106.4,40.6%,18.7°,18.3°,12.5,6.2%,2,0.159,0.178,0.319,0.307,34.4%,50.0%,6.2%,41.1%,70.2%,78.8%,20.0%,32.6%,122
Coastal Carolina,Wells Sykes,All,676,137,87.7,101.4,104.7,33.6%,5.3°,8.2°,38.0,2.2%,3,0.29,0.268,0.319,0.321,48.2%,21.2%,29.9%,49.7%,64.8%,86.1%,36.9%,26.2%,54
Northern Kentucky,Tyler Shaneyfelt,All,401,51,83.6,97.5,101.8,21.6%,14.2°,10.3°,39.2,0.0%,0,0.247,0.29,0.319,0.389,33.3%,27.5%,31.4%,35.2%,55.6%,87.5%,17.3%,17.7%,107
Valparaiso,Aidan Thaxton,All,397,97,85.1,98.9,103.5,27.8%,11.9°,7.5°,33.0,1.0%,1,0.269,0.306,0.319,0.352,42.3%,21.6%,27.8%,50.4%,69.1%,90.1%,35.6%,15.5%,86
Prairie View,Brayden Johnson,All,80,11,81.8,91.6,91.9,9.1%,4.5°,-4.8°,36.4,0.0%,0,0.211,0.166,0.319,0.246,54.5%,9.1%,18.2%,53.8%,79.4%,74.1%,34.8%,41.9%,43
Grand Canyon,Carson Ohland,All,206,37,84.9,96.4,98.4,21.6%,19.3°,16.2°,45.9,0.0%,0,0.244,0.233,0.319,0.307,27.0%,40.5%,29.7%,41.3%,60.2%,87.5%,25.7%,23.5%,72
Troy,Harrison Bowman,All,223,35,89.7,102.7,106.0,48.6%,9.8°,8.3°,22.9,5.7%,2,0.25,0.249,0.319,0.34,51.4%,22.9%,20.0%,39.5%,57.8%,94.2%,27.1%,22.7%,60
Army,John McKillop,All,363,65,89.0,102.2,109.4,41.5%,11.3°,10.1°,47.7,3.1%,2,0.259,0.306,0.319,0.38,40.0%,21.5%,36.9%,42.7%,66.7%,89.6%,26.9%,21.3%,88
Butler,Jack Bello,All,368,75,87.8,105.4,109.9,42.7%,13.9°,20.6°,33.3,10.7%,8,0.278,0.289,0.319,0.374,34.7%,30.7%,26.7%,57.6%,86.0%,87.4%,36.5%,30.2%,66
Murray State,Dustin Mercer,All,346,58,86.5,101.0,101.8,31.0%,6.5°,3.8°,31.0,0.0%,0,0.273,0.237,0.319,0.288,51.7%,29.3%,17.2%,44.8%,66.7%,90.8%,28.6%,18.1%,91
Cal Poly,Dylan Kordic,All,819,127,89.9,106.3,110.0,38.6%,13.0°,17.6°,30.7,4.7%,6,0.243,0.253,0.319,0.342,41.7%,26.8%,24.4%,44.6%,68.0%,82.6%,27.3%,24.9%,103
Appalachian State,Joseph Zamora,All,635,134,83.6,97.6,101.1,20.1%,9.1°,11.1°,31.3,0.7%,1,0.276,0.277,0.319,0.351,44.8%,23.9%,26.9%,47.4%,76.1%,86.8%,23.4%,15.6%,130
UMass Lowell,Rowan Masse,All,188,42,74.7,92.9,98.2,7.1%,4.9°,8.3°,45.2,2.4%,1,0.265,0.268,0.319,0.304,50.0%,14.3%,28.6%,43.6%,60.5%,85.7%,30.8%,20.7%,57
SIUE,Trace Harrington,All,77,11,91.0,102.6,103.7,27.3%,13.8°,11.8°,27.3,0.0%,0,0.211,0.147,0.319,0.259,27.3%,27.3%,9.1%,37.7%,56.8%,66.7%,20.0%,27.6%,81
Louisiana Tech,Elijah (Eli) Berch,All,596,102,88.8,102.5,106.3,39.2%,7.3°,10.7°,32.4,2.9%,3,0.242,0.28,0.319,0.371,47.1%,20.6%,26.5%,40.8%,65.5%,85.5%,21.1%,24.3%,112
Louisville,Kamau Neighbors,All,598,127,83.8,97.6,102.0,11.0%,13.3°,7.1°,32.3,0.0%,0,0.285,0.277,0.319,0.325,44.1%,24.4%,28.3%,42.6%,63.4%,93.5%,26.1%,7.5%,90
George Fox,Brennan Bates,All,144,19,86.4,96.0,101.5,26.3%,14.9°,14.9°,42.1,0.0%,0,0.2,0.197,0.319,0.306,36.8%,36.8%,26.3%,43.1%,66.7%,70.6%,30.1%,41.9%,75
San Diego,Nico Libed,All,543,80,83.1,96.7,99.2,13.8%,1.0°,10.5°,33.8,0.0%,0,0.248,0.235,0.318,0.327,52.5%,12.5%,28.7%,31.5%,52.1%,90.3%,15.4%,16.4%,106
Nebraska,Robby Bolin,All,487,91,83.5,101.6,102.5,28.6%,1.2°,1.5°,27.5,0.0%,0,0.281,0.271,0.318,0.344,60.4%,14.3%,24.2%,44.8%,64.9%,88.7%,26.6%,17.9%,82
Rice,Colin Robson,All,461,74,81.9,98.0,100.8,21.6%,7.6°,7.4°,29.7,0.0%,0,0.266,0.202,0.318,0.298,56.8%,23.0%,17.6%,44.0%,64.3%,83.0%,27.1%,27.6%,81
Dartmouth,Zackarie Casebonne,All,221,43,87.0,100.8,102.4,34.9%,7.3°,17.8°,30.2,0.0%,0,0.315,0.273,0.318,0.327,37.2%,20.9%,34.9%,41.2%,65.3%,84.8%,20.8%,25.3%,119
Ohio,Drew Cox,All,49,11,88.1,102.6,104.7,36.4%,18.4°,16.0°,27.3,0.0%,0,0.308,0.316,0.318,0.361,36.4%,36.4%,27.3%,44.9%,80.0%,87.5%,20.7%,13.6%,135
Eastern Kentucky,Gregory Caban,All,168,28,86.7,95.4,99.2,21.4%,15.0°,1.4°,46.4,0.0%,0,0.229,0.254,0.318,0.349,35.7%,14.3%,42.9%,32.1%,49.3%,94.4%,18.9%,14.8%,86
Columbia,Jimmy Chadwell,All,45,8,84.8,95.3,95.5,25.0%,14.1°,5.0°,25.0,0.0%,0,0.3,0.217,0.318,0.218,50.0%,25.0%,25.0%,44.4%,65.2%,100.0%,22.7%,0.0%,108
UMES,Christian Azcona,All,33,10,76.3,94.6,97.4,10.0%,19.2°,5.6°,40.0,0.0%,0,0.3,0.258,0.318,0.274,50.0%,50.0%,0.0%,51.5%,82.4%,85.7%,18.8%,29.4%,106
Bucknell,Christopher Morabito,All,523,77,84.5,100.5,103.1,29.9%,9.1°,18.2°,33.8,3.9%,3,0.198,0.23,0.318,0.357,42.9%,26.0%,27.3%,38.0%,62.1%,83.8%,20.7%,26.6%,104
Lebanon Valley,Dylan Mennillo,All,124,17,69.9,81.1,85.8,0.0%,6.9°,-,23.5,0.0%,0,0.273,0.251,0.318,0.305,58.8%,17.6%,17.6%,33.9%,58.5%,90.3%,15.5%,14.3%,136
Tennessee Tech,Landon Smelser,All,187,38,85.2,98.1,101.2,21.1%,-1.4°,0.2°,23.7,0.0%,0,0.277,0.266,0.318,0.331,60.5%,15.8%,21.1%,42.2%,63.6%,89.8%,27.3%,17.7%,84
Florida International,Alex Ulloa,All,705,136,85.4,103.3,105.8,31.6%,3.3°,12.0°,33.1,4.4%,6,0.247,0.26,0.318,0.331,51.5%,22.1%,25.0%,52.6%,76.1%,77.8%,31.8%,28.8%,68
South Alabama,Lucas Ismaili,All,350,55,87.0,101.0,104.1,30.9%,14.3°,8.0°,29.1,0.0%,0,0.25,0.214,0.318,0.315,41.8%,29.1%,20.0%,36.6%,63.3%,93.2%,19.0%,19.5%,111
Arkansas State,Jake Henry Williams,All,512,87,88.7,107.1,109.7,39.1%,12.0°,12.4°,32.2,11.5%,10,0.231,0.251,0.318,0.333,40.2%,31.0%,20.7%,52.0%,76.0%,76.1%,30.4%,33.1%,93
FGCU,Harrison Povey,All,619,111,91.5,107.0,110.2,47.7%,27.2°,22.9°,32.4,18.9%,21,0.222,0.274,0.318,0.406,24.3%,41.4%,19.8%,51.4%,72.4%,82.0%,37.5%,25.8%,72
Mercyhurst,Landon Diberadin,All,75,21,83.7,94.3,97.8,4.8%,14.8°,0.7°,47.6,0.0%,0,0.304,0.336,0.318,0.366,38.1%,23.8%,33.3%,53.3%,81.8%,91.7%,12.9%,7.5%,146
South Carolina,Kennedy Jones,All,559,92,92.4,106.2,110.7,47.8%,10.1°,7.9°,40.2,6.5%,6,0.258,0.305,0.318,0.393,42.4%,26.1%,27.2%,44.7%,68.9%,78.6%,26.0%,27.2%,85
St. Thomas (FL),Lucas Lopez,All,381,72,80.9,94.8,97.3,5.6%,-0.2°,14.5°,38.9,0.0%,0,0.273,0.267,0.318,0.324,51.4%,15.3%,29.2%,38.1%,61.0%,93.3%,19.1%,13.8%,122
Yale,Alec Atkinson,All,400,85,88.2,101.4,106.8,28.2%,9.2°,4.8°,43.5,1.2%,1,0.287,0.302,0.318,0.339,40.0%,16.5%,34.1%,48.2%,73.6%,88.1%,27.1%,17.6%,92
Grambling,Nyan Hayes,All,77,11,85.0,92.1,95.8,27.3%,3.7°,-0.1°,27.3,0.0%,0,0.214,0.21,0.318,0.328,54.5%,27.3%,18.2%,39.0%,63.3%,94.7%,23.4%,20.0%,127
Mercer,Michael Graziano,All,408,43,86.5,107.2,111.5,32.6%,17.7°,12.8°,25.6,2.3%,1,0.194,0.194,0.318,0.334,39.5%,32.6%,16.3%,33.1%,53.4%,68.8%,17.9%,39.3%,101
Mars Hill,Evan Grant,All,92,13,80.5,91.2,94.9,0.0%,11.6°,-,46.2,0.0%,0,0.304,0.197,0.318,0.293,53.8%,15.4%,23.1%,35.9%,53.2%,76.0%,17.8%,30.3%,36
Harvard,Jordan Kang,All,382,53,87.1,100.9,102.6,43.4%,16.2°,18.7°,34.0,7.5%,4,0.229,0.205,0.318,0.29,32.1%,37.7%,24.5%,40.8%,62.0%,90.8%,25.9%,28.2%,87
Shenandoah,Anthony Arrichiello,All,62,13,80.1,92.5,93.0,0.0%,15.5°,-,23.1,0.0%,0,0.214,0.279,0.318,0.347,46.2%,46.2%,7.7%,29.0%,54.2%,84.6%,13.2%,11.1%,151
Northern Illinois,Andrew Smart,All,431,68,83.4,98.7,105.7,22.1%,14.2°,8.2°,25.0,1.5%,1,0.229,0.227,0.318,0.337,44.1%,32.4%,19.1%,38.1%,64.7%,91.1%,20.2%,21.3%,121
Catawba College,Ty Hubbard,All,93,15,85.5,98.7,99.1,26.7%,5.4°,15.3°,26.7,0.0%,0,0.19,0.209,0.318,0.32,53.3%,26.7%,20.0%,35.5%,66.7%,83.3%,15.8%,24.2%,147
Troy,Dillon Kuehl,All,380,35,87.3,104.3,105.5,37.1%,9.0°,13.2°,28.6,5.7%,2,0.224,0.223,0.318,0.332,45.7%,25.7%,28.6%,34.5%,56.9%,80.8%,15.5%,21.4%,113
Texas A&M Kingsville,Maurice Martinez,All,53,9,80.2,96.3,97.3,22.2%,-3.6°,3.7°,22.2,0.0%,0,0.308,0.25,0.318,0.27,66.7%,22.2%,11.1%,47.2%,75.0%,76.2%,16.0%,32.0%,98
Carson-Newman,Julian Hines,All,81,10,72.3,90.3,92.6,0.0%,-1.6°,-,20.0,0.0%,0,0.214,0.182,0.318,0.356,60.0%,20.0%,10.0%,34.6%,60.0%,88.9%,19.6%,21.4%,92
St. Bonaventure,Jayce Tharnish,All,196,49,84.3,100.7,104.2,32.7%,6.6°,9.2°,26.5,0.0%,0,0.246,0.23,0.317,0.288,51.0%,22.4%,24.5%,50.5%,81.0%,92.2%,29.9%,19.2%,97
Ole Miss,Hayden Federico,All,745,129,87.8,100.6,104.6,31.8%,10.9°,14.6°,34.9,1.6%,2,0.238,0.268,0.317,0.372,41.9%,31.0%,24.8%,40.9%,66.5%,90.7%,19.5%,17.0%,126
Oregon State,Dawson Santana,All,71,11,82.1,96.7,97.1,18.2%,12.2°,23.3°,45.5,0.0%,0,0.25,0.285,0.317,0.424,45.5%,27.3%,27.3%,33.8%,53.8%,76.2%,9.4%,20.8%,136
Purdue,Avery Moore,All,191,31,88.1,101.9,105.0,32.3%,22.0°,11.1°,38.7,3.2%,1,0.262,0.253,0.317,0.338,25.8%,35.5%,32.3%,52.4%,78.8%,83.6%,31.1%,28.0%,118
Milwaukee,Bradyn Horn,All,145,14,83.4,98.3,101.3,28.6%,8.9°,9.7°,35.7,0.0%,0,0.214,0.171,0.317,0.277,50.0%,21.4%,28.6%,29.7%,47.5%,89.3%,17.4%,18.6%,95
Illinois Wesleyan,Gage Wolfe,All,108,25,80.7,93.5,94.9,0.0%,13.8°,-,40.0,0.0%,0,0.321,0.276,0.317,0.344,36.0%,28.0%,28.0%,47.2%,78.6%,93.9%,27.3%,15.7%,98
Indiana,Jasen Oliver,All,344,60,88.0,104.1,106.5,40.0%,11.4°,8.1°,31.7,8.3%,5,0.194,0.287,0.317,0.405,45.0%,23.3%,26.7%,37.5%,62.7%,85.1%,18.0%,21.7%,114
California,Peter Moutzouridis,All,804,176,87.6,102.5,109.8,35.2%,5.8°,5.5°,30.1,2.8%,5,0.271,0.276,0.317,0.332,51.7%,22.7%,22.2%,46.0%,71.9%,91.6%,24.4%,14.9%,105
Samford,Gus Gandy,All,577,119,81.5,97.9,100.7,16.8%,7.8°,10.8°,36.1,0.0%,0,0.26,0.271,0.317,0.32,47.9%,17.6%,30.3%,42.8%,60.3%,85.1%,27.7%,20.6%,80
USC Aiken,Brody Yeomans,All,99,9,85.5,95.7,97.0,22.2%,8.6°,7.4°,55.6,0.0%,0,0.235,0.151,0.317,0.279,44.4%,11.1%,44.4%,47.5%,71.4%,76.0%,34.4%,36.2%,69
Sacramento State,Cameron Sewell,All,680,99,89.6,101.5,107.3,35.4%,15.4°,10.1°,37.4,1.0%,1,0.25,0.233,0.317,0.299,37.4%,22.2%,32.3%,42.1%,64.9%,85.4%,25.6%,26.6%,106
Hofstra,Tyler Castrataro,All,513,85,83.6,102.8,108.3,28.2%,10.6°,15.1°,38.8,3.5%,3,0.262,0.228,0.317,0.291,41.2%,27.1%,24.7%,55.8%,79.0%,72.3%,37.7%,36.0%,65
James Madison,Kyle Langley,All,763,134,86.5,100.0,104.3,26.9%,10.8°,8.0°,34.3,0.7%,1,0.246,0.279,0.317,0.364,42.5%,17.9%,29.9%,42.3%,68.2%,88.0%,22.6%,17.6%,112
Dartmouth,Camden Rush,All,146,26,83.6,95.2,97.9,11.5%,3.6°,12.0°,30.8,0.0%,0,0.297,0.239,0.317,0.262,57.7%,15.4%,26.9%,42.5%,66.7%,87.5%,18.9%,16.1%,123
Kansas State,David Bishop,All,412,73,86.9,104.5,108.8,34.2%,11.8°,9.9°,27.4,5.5%,4,0.24,0.262,0.317,0.334,46.6%,28.8%,19.2%,44.7%,64.3%,86.4%,30.7%,25.5%,75
Texas A&M-Corpus Christi,Christian Smith-Johnson,All,127,19,83.4,95.5,98.9,21.1%,7.3°,6.7°,10.5,0.0%,0,0.31,0.212,0.317,0.308,52.6%,15.8%,15.8%,57.5%,85.2%,82.6%,37.0%,26.0%,31
The Citadel,Thomas Rollauer,All,651,105,84.0,99.1,105.0,26.7%,1.5°,6.6°,28.6,0.0%,0,0.295,0.264,0.317,0.312,58.1%,11.4%,26.7%,40.4%,61.5%,92.7%,20.8%,12.9%,92
Campbell,Jarrett Martin,All,99,14,83.4,97.7,100.5,21.4%,28.2°,7.4°,7.1,0.0%,0,0.238,0.127,0.317,0.197,35.7%,57.1%,0.0%,47.5%,71.1%,75.0%,27.8%,29.8%,99
Texas State,Austin Eaton,All,342,46,89.3,104.7,106.8,43.5%,27.6°,11.6°,32.6,8.7%,4,0.209,0.234,0.317,0.344,28.3%,30.4%,21.7%,40.6%,55.8%,80.2%,26.8%,30.2%,68
Appalachian State,John Kramer,All,207,37,86.8,105.0,107.4,35.1%,19.0°,21.0°,35.1,13.5%,5,0.222,0.327,0.317,0.46,35.1%,35.1%,18.9%,45.4%,75.0%,73.3%,26.8%,31.9%,119
Michigan State,Noah Bright,All,482,78,86.8,101.6,103.2,35.9%,6.1°,2.4°,28.2,1.3%,1,0.262,0.273,0.317,0.336,57.7%,19.2%,19.2%,43.4%,66.8%,79.0%,24.6%,25.8%,105
Hofstra,Michael Brown,All,620,107,82.2,95.7,100.5,15.0%,4.8°,2.6°,28.0,0.0%,0,0.274,0.248,0.317,0.307,57.9%,18.7%,19.6%,38.1%,62.7%,87.8%,16.8%,17.4%,121
UL Monroe,Jake Haggard,All,443,85,88.9,108.0,112.0,42.4%,10.6°,10.5°,30.6,9.4%,8,0.25,0.272,0.317,0.355,48.2%,21.2%,22.4%,49.4%,72.1%,82.6%,33.5%,26.5%,80
Lebanon Valley,Kenny Palmieri,All,126,21,82.0,95.5,98.0,9.5%,17.2°,12.8°,28.6,0.0%,0,0.269,0.23,0.317,0.298,38.1%,38.1%,23.8%,34.9%,59.0%,95.7%,24.1%,15.9%,116
Lewis & Clark,Michael Aikawa,All,85,18,90.9,102.1,102.3,38.9%,11.5°,9.4°,44.4,0.0%,0,0.261,0.236,0.317,0.312,38.9%,22.2%,38.9%,41.2%,65.8%,84.0%,21.3%,28.6%,117
Quincy,Benjamin Dahlof,All,32,11,80.3,95.2,95.7,18.2%,9.6°,21.2°,45.5,0.0%,0,0.333,0.389,0.316,0.373,45.5%,27.3%,27.3%,59.4%,86.7%,100.0%,35.3%,5.3%,42
Santa Clara,Max Ross,All,540,81,88.7,105.1,110.5,40.7%,3.5°,7.6°,33.3,4.9%,4,0.233,0.255,0.316,0.334,51.9%,22.2%,21.0%,40.7%,67.7%,83.7%,21.3%,26.4%,100
Stanford,Charlie Saum,All,644,97,90.1,106.9,114.0,46.4%,13.2°,16.8°,33.0,9.3%,9,0.232,0.265,0.316,0.373,36.1%,33.0%,25.8%,49.4%,75.7%,83.4%,31.2%,30.5%,81
Michigan,Jonathan Kim,All,419,65,83.3,101.9,105.6,38.5%,4.8°,10.4°,35.4,1.5%,1,0.271,0.232,0.316,0.309,53.8%,26.2%,20.0%,50.1%,72.4%,81.0%,30.5%,28.1%,72
James Madison,Coleman Calabrese,All,760,148,85.4,101.2,108.3,31.1%,13.1°,11.3°,35.8,2.0%,3,0.262,0.259,0.316,0.316,40.5%,22.3%,26.4%,51.2%,72.8%,86.9%,32.2%,22.6%,69
North Dakota State,Jake Schaffner,All,372,78,81.7,98.7,101.6,17.9%,7.2°,3.2°,37.2,0.0%,0,0.283,0.269,0.316,0.33,47.4%,16.7%,26.9%,41.7%,60.1%,90.4%,25.6%,16.1%,89
UCF,Braden Calise,All,631,123,80.2,95.5,99.8,10.6%,0.8°,3.0°,32.5,0.8%,1,0.29,0.282,0.316,0.331,58.5%,13.0%,24.4%,39.6%,62.4%,92.9%,22.5%,10.8%,93
Houston,Carsten Sabathia,All,295,48,90.1,106.2,108.3,39.6%,1.0°,3.0°,27.1,0.0%,0,0.25,0.276,0.316,0.346,54.2%,14.6%,27.1%,41.4%,67.8%,84.1%,23.0%,21.3%,95
College of Charleston,Ben Venables,All,438,81,78.9,95.0,97.7,8.6%,14.0°,8.3°,33.3,0.0%,0,0.309,0.273,0.316,0.294,39.5%,29.6%,27.2%,46.1%,67.8%,87.4%,28.0%,15.8%,80
Tarleton State,Lane Brewster,All,255,33,88.6,105.6,107.6,48.5%,7.3°,8.6°,30.3,0.0%,0,0.264,0.226,0.316,0.28,42.4%,21.2%,27.3%,47.1%,71.2%,88.1%,26.3%,24.2%,113
Western Illinois,Tyler Large,All,248,37,86.8,101.1,101.9,35.1%,2.6°,13.3°,35.1,5.4%,2,0.226,0.216,0.316,0.299,51.4%,18.9%,24.3%,43.5%,64.4%,79.1%,28.5%,33.3%,80
CSU Bakersfield,Evan Cloyd,All,659,106,86.6,105.8,107.3,36.8%,8.8°,14.2°,34.9,11.3%,12,0.23,0.286,0.316,0.392,44.3%,28.3%,24.5%,38.4%,62.3%,86.1%,19.7%,22.5%,117
Southern Miss,Seth Smith,All,224,38,89.2,103.8,107.5,36.8%,-2.9°,6.5°,28.9,5.3%,2,0.283,0.309,0.316,0.364,57.9%,10.5%,23.7%,42.9%,69.9%,86.1%,19.8%,19.8%,110
UL Monroe,Henry Garcia,All,641,104,82.5,99.7,105.4,21.2%,6.7°,9.2°,25.0,1.0%,1,0.224,0.211,0.316,0.299,48.1%,21.2%,20.2%,46.2%,70.9%,81.1%,28.4%,21.3%,102
Gonzaga,Tommy Eisenstat,All,670,118,86.3,100.1,105.5,29.7%,13.9°,5.5°,30.5,1.7%,2,0.228,0.252,0.316,0.331,46.6%,27.1%,19.5%,43.4%,68.9%,90.4%,24.5%,19.2%,102
Rutgers,Yomar Carreras,All,660,136,79.2,100.1,104.2,22.1%,3.0°,9.3°,30.9,1.5%,2,0.256,0.255,0.316,0.314,52.9%,23.5%,22.1%,46.5%,71.2%,85.1%,25.7%,24.4%,105
Eastern Michigan,Brendan Kleiman,All,327,61,83.9,99.3,102.6,24.6%,4.3°,-3.0°,16.4,1.6%,1,0.27,0.224,0.316,0.268,65.6%,18.0%,13.1%,33.6%,47.8%,94.8%,19.9%,11.8%,99
Texas A&M-Corpus Christi,Drake Kerr,All,62,8,89.5,98.1,98.4,37.5%,7.6°,7.3°,50.0,0.0%,0,0.333,0.254,0.316,0.281,37.5%,0.0%,50.0%,46.8%,65.4%,100.0%,33.3%,20.7%,21
CSU Bakersfield,Louis Zulaica,All,266,46,83.3,96.0,97.6,17.4%,11.4°,4.1°,21.7,0.0%,0,0.274,0.206,0.316,0.273,54.3%,21.7%,19.6%,36.5%,58.1%,85.3%,19.5%,19.6%,86
Lander,Taichi Nakao,All,70,11,83.0,94.9,99.1,18.2%,24.8°,2.5°,54.5,0.0%,0,0.214,0.262,0.316,0.33,9.1%,45.5%,45.5%,41.4%,53.6%,80.0%,33.3%,13.8%,81
Maine,Payton Whitehead,All,358,55,88.5,100.7,103.1,45.5%,15.2°,18.4°,34.5,3.6%,2,0.231,0.247,0.316,0.339,36.4%,27.3%,29.1%,45.3%,76.1%,76.2%,25.9%,29.6%,107
Cincinnati,Christian Mitchelle,All,680,135,85.7,99.0,104.4,28.1%,12.5°,4.1°,22.2,0.7%,1,0.263,0.237,0.315,0.313,47.4%,25.9%,17.0%,44.3%,65.5%,83.9%,23.9%,21.6%,84
USF,Bradke Lohry,All,755,109,85.3,100.7,106.1,25.7%,19.7°,10.5°,35.8,2.8%,3,0.219,0.232,0.315,0.346,35.8%,30.3%,24.8%,38.8%,60.5%,86.8%,21.2%,20.5%,104
James Madison,Ryan Dooley,All,795,157,86.4,99.6,104.0,28.0%,14.1°,14.5°,33.8,1.9%,3,0.247,0.26,0.315,0.347,39.5%,31.8%,21.7%,45.9%,73.5%,92.1%,24.8%,14.8%,125
Evansville,Kaleb Wilkey,All,75,10,85.0,99.0,100.4,30.0%,26.5°,22.2°,20.0,10.0%,1,0.286,0.173,0.315,0.255,40.0%,50.0%,0.0%,42.7%,64.7%,86.4%,24.4%,18.8%,85
UTRGV,Evan Janner,All,59,9,85.1,106.2,109.6,22.2%,3.4°,11.9°,22.2,11.1%,1,0.2,0.166,0.315,0.28,55.6%,22.2%,11.1%,40.7%,59.3%,75.0%,25.0%,37.5%,87
Troy,Michael Bello,All,423,62,86.2,103.0,106.8,33.9%,8.2°,8.0°,32.3,3.2%,2,0.256,0.252,0.315,0.331,48.4%,24.2%,27.4%,36.6%,51.1%,89.7%,24.9%,22.6%,79
West Virginia,Ellis Garcia,All,68,12,87.0,102.3,103.0,33.3%,29.4°,26.0°,41.7,8.3%,1,0.2,0.285,0.315,0.432,16.7%,58.3%,16.7%,44.1%,73.5%,92.0%,14.7%,20.0%,134
Marian (IN),Nathan Pinarski,All,62,11,81.5,91.9,93.0,0.0%,40.9°,-,18.2,0.0%,0,0.214,0.178,0.315,0.247,18.2%,63.6%,9.1%,30.6%,53.1%,88.2%,6.7%,10.5%,72
Ohio,Trenton Neuer,All,189,31,84.9,96.2,104.4,19.4%,17.9°,8.8°,32.3,3.2%,1,0.216,0.194,0.315,0.29,35.5%,38.7%,16.1%,40.2%,62.3%,85.4%,25.0%,21.1%,82
Cumberlands (KY),Clay Shelton,All,120,14,90.0,98.7,99.8,28.6%,10.1°,8.8°,21.4,7.1%,1,0.158,0.214,0.315,0.365,57.1%,35.7%,7.1%,35.0%,73.3%,87.9%,12.0%,21.4%,154
Tusculum,Connor Jurek,All,305,56,80.8,95.4,96.8,12.5%,-4.3°,0.7°,28.6,0.0%,0,0.292,0.276,0.315,0.33,64.3%,7.1%,25.0%,45.6%,73.6%,91.3%,26.1%,18.7%,134
Baylor,JJ Kennett,All,349,59,87.0,103.8,104.9,32.2%,2.4°,4.6°,20.3,1.7%,1,0.236,0.242,0.315,0.322,54.2%,27.1%,15.3%,42.1%,68.6%,89.9%,20.0%,18.4%,130
Rice,Aric Anderson,All,206,43,86.8,102.2,102.6,34.9%,9.2°,18.1°,34.9,4.7%,2,0.281,0.249,0.315,0.292,46.5%,18.6%,25.6%,53.9%,67.7%,83.1%,41.8%,28.8%,51
Michigan State,JT Sokolove,All,747,128,84.9,99.6,102.3,27.3%,6.3°,6.2°,31.2,0.0%,0,0.255,0.243,0.315,0.318,43.0%,23.4%,27.3%,36.4%,63.1%,90.5%,15.0%,18.8%,130
Northern Illinois,Benjamin Loyd,All,501,103,84.7,99.0,102.6,18.4%,6.7°,5.6°,32.0,0.0%,0,0.271,0.273,0.315,0.323,51.5%,19.4%,26.2%,43.5%,69.4%,89.6%,22.9%,15.6%,120
Monmouth,Brendan Buecker,All,238,51,78.6,98.8,103.3,21.6%,-5.1°,11.5°,21.6,0.0%,0,0.281,0.253,0.315,0.314,64.7%,17.6%,17.6%,43.3%,59.8%,91.4%,27.3%,10.7%,105
East Carolina,John Collins,All,393,70,90.2,105.4,108.5,44.3%,12.2°,12.6°,38.6,8.6%,6,0.25,0.279,0.315,0.351,40.0%,28.6%,24.3%,47.6%,70.6%,84.8%,28.7%,31.0%,82
Binghamton,Sam Miller,All,302,37,85.0,103.0,106.4,32.4%,4.6°,12.2°,21.6,0.0%,0,0.242,0.161,0.315,0.291,56.8%,18.9%,13.5%,42.1%,67.2%,74.4%,22.0%,37.0%,114
Tufts,Jesse McCullough,All,210,38,83.8,94.7,98.0,7.9%,6.5°,9.9°,39.5,0.0%,0,0.273,0.345,0.315,0.406,47.4%,13.2%,36.8%,40.5%,82.5%,89.4%,14.6%,16.5%,134
St. Thomas (TX),Dylan Lambert,All,53,8,88.0,96.5,100.5,37.5%,3.0°,-8.9°,25.0,0.0%,0,0.2,0.252,0.315,0.365,50.0%,0.0%,25.0%,32.1%,50.0%,66.7%,17.2%,35.3%,81
Florida International,Samuel Fischer,All,167,27,80.4,106.8,108.1,33.3%,1.3°,6.5°,25.9,0.0%,0,0.242,0.263,0.315,0.34,55.6%,18.5%,18.5%,40.1%,65.6%,95.2%,24.3%,11.9%,84
New Orleans,Alexander Saunier,All,440,77,85.6,101.9,104.2,36.4%,6.3°,8.7°,31.2,1.3%,1,0.267,0.271,0.315,0.331,42.9%,18.2%,27.3%,43.9%,73.6%,87.0%,23.7%,20.7%,141
Coastal Carolina,Kaleb Huffman,All,154,24,90.6,104.8,107.0,41.7%,20.4°,23.9°,25.0,8.3%,2,0.188,0.223,0.315,0.377,33.3%,41.7%,16.7%,37.7%,77.1%,67.6%,19.8%,36.2%,103
Binghamton,Todd Abraham,All,278,38,84.0,97.1,99.5,15.8%,12.6°,12.4°,28.9,0.0%,0,0.25,0.2,0.315,0.299,36.8%,28.9%,23.7%,38.1%,62.6%,87.0%,18.7%,20.8%,99
Louisiana Tech,Reid Snider,All,101,14,91.8,101.6,103.1,28.6%,26.0°,22.1°,42.9,0.0%,0,0.167,0.173,0.315,0.319,28.6%,42.9%,21.4%,36.6%,56.1%,78.3%,23.3%,27.0%,95
Westmont,Isaac Veal,All,128,11,87.1,99.3,100.8,18.2%,22.5°,8.1°,54.5,0.0%,0,0.208,0.213,0.315,0.351,18.2%,18.2%,54.5%,32.0%,53.3%,79.2%,20.5%,43.9%,111
Little Rock,Jackson Rains,All,75,12,86.4,102.6,106.3,16.7%,10.9°,14.7°,16.7,0.0%,0,0.235,0.216,0.315,0.345,50.0%,16.7%,25.0%,36.0%,59.4%,78.9%,18.6%,25.9%,77
Southeast Missouri,Brooks Kettering,All,649,97,86.4,100.4,103.4,34.0%,14.2°,10.2°,30.9,0.0%,0,0.233,0.255,0.314,0.358,41.2%,32.0%,24.7%,39.4%,59.9%,88.4%,23.2%,18.8%,106
UMBC,Nico Ong,All,212,29,85.9,98.3,102.1,24.1%,1.3°,5.1°,24.1,0.0%,0,0.195,0.226,0.314,0.343,62.1%,10.3%,20.7%,29.2%,49.1%,88.7%,8.7%,16.1%,131
Utah Valley,Joe McBride,All,118,19,85.4,101.0,101.7,26.3%,17.3°,14.9°,26.3,0.0%,0,0.208,0.19,0.314,0.312,26.3%,26.3%,26.3%,36.4%,65.4%,82.4%,13.6%,23.3%,147
Minnesota,Brayden Hellum,All,220,27,84.6,99.7,102.5,37.0%,0.7°,7.3°,29.6,7.4%,2,0.227,0.18,0.314,0.325,48.1%,25.9%,18.5%,30.9%,50.5%,80.0%,11.7%,23.5%,80
Alabama State,Alex Espaillat,All,295,57,86.6,100.0,102.9,28.1%,8.9°,2.0°,31.6,0.0%,0,0.247,0.212,0.314,0.272,47.4%,24.6%,24.6%,46.8%,71.7%,81.8%,24.8%,23.9%,115
Lincoln Memorial,Sam Mast,All,141,26,86.9,103.5,106.5,23.1%,19.7°,21.5°,34.6,11.5%,3,0.257,0.264,0.314,0.355,30.8%,38.5%,23.1%,52.5%,77.2%,68.2%,35.7%,39.2%,96
Towson,Michael Mallas,All,76,5,76.7,97.3,98.2,40.0%,27.9°,31.2°,60.0,0.0%,0,0.231,0.167,0.314,0.238,20.0%,40.0%,40.0%,46.1%,48.5%,87.5%,44.2%,31.4%,-4
Penn,Nick O'Brien,All,378,55,84.1,100.8,106.1,29.1%,-2.3°,4.9°,21.8,3.6%,2,0.2,0.231,0.314,0.337,61.8%,18.2%,18.2%,38.4%,61.1%,89.6%,22.2%,18.6%,99
Louisiana,Jose Luis Torres,All,575,107,82.8,98.3,104.6,19.6%,4.4°,3.8°,26.2,0.9%,1,0.287,0.259,0.314,0.315,57.9%,18.7%,18.7%,49.4%,69.2%,83.6%,34.5%,19.0%,61
Davidson,JD Woodall,All,443,42,80.3,96.4,99.5,19.0%,13.3°,9.3°,38.1,0.0%,0,0.247,0.187,0.314,0.282,50.0%,19.0%,26.2%,33.2%,53.2%,88.9%,18.7%,23.1%,98
Presbyterian,Jackson Hugus,All,184,29,83.9,101.7,107.9,27.6%,7.7°,11.5°,37.9,6.9%,2,0.25,0.268,0.314,0.341,41.4%,17.2%,37.9%,37.0%,60.2%,92.0%,17.8%,17.6%,114
Presbyterian,Eli Lazio,All,183,31,79.7,92.7,99.6,9.7%,18.8°,4.6°,25.8,0.0%,0,0.262,0.234,0.314,0.287,45.2%,22.6%,22.6%,45.4%,72.7%,96.4%,25.5%,21.7%,103
Purdue,Camden Gasser,All,437,37,86.9,98.5,99.4,16.2%,0.8°,11.5°,27.0,0.0%,0,0.209,0.181,0.314,0.306,67.6%,13.5%,18.9%,25.2%,43.7%,81.4%,10.0%,20.9%,102
New Orleans,Collin Loupe,All,390,54,79.1,97.2,101.0,11.1%,10.6°,23.0°,35.2,0.0%,0,0.261,0.192,0.314,0.255,37.0%,22.2%,31.5%,39.5%,56.6%,79.8%,26.8%,37.0%,90
Georgia Tech,Parker Brosius,All,627,86,86.8,101.9,104.4,34.9%,18.4°,19.5°,39.5,7.0%,6,0.244,0.235,0.314,0.359,30.2%,37.2%,27.9%,38.6%,65.2%,84.4%,17.7%,21.5%,123
Milwaukee,Justin Hausser,All,355,77,87.1,100.5,105.5,40.3%,1.4°,8.4°,36.4,2.6%,2,0.258,0.312,0.314,0.365,51.9%,19.5%,27.3%,44.8%,69.9%,89.9%,25.1%,17.0%,100
UMass Lowell,Carlos Martinez,All,243,55,84.7,104.5,107.8,23.6%,8.0°,7.4°,27.3,5.5%,3,0.265,0.253,0.314,0.299,47.3%,21.8%,21.8%,49.8%,70.3%,84.6%,32.6%,22.3%,97
Niagara,Jason Green,All,153,20,85.5,101.3,104.7,30.0%,1.7°,28.6°,30.0,0.0%,0,0.176,0.205,0.314,0.313,45.0%,30.0%,25.0%,43.1%,68.3%,76.7%,25.6%,37.9%,70
Ave Maria,Kyle Magdic,All,141,24,84.0,100.7,105.4,20.8%,5.6°,14.2°,33.3,0.0%,0,0.265,0.244,0.314,0.276,50.0%,20.8%,29.2%,46.1%,71.7%,69.8%,27.2%,38.5%,101
Dartmouth,Taer Rodriguez,All,286,47,84.7,97.8,100.5,14.9%,3.9°,9.5°,36.2,0.0%,0,0.286,0.262,0.314,0.336,42.6%,14.9%,36.2%,39.9%,58.1%,88.6%,23.3%,20.2%,65
Taylor,Fletcher Roemmich,All,172,29,85.8,95.8,99.9,17.2%,20.1°,20.4°,44.8,0.0%,0,0.282,0.261,0.314,0.341,27.6%,41.4%,27.6%,43.0%,73.3%,81.0%,12.8%,20.3%,125
Georgia Southwestern,Daniel Hernandez,All,309,49,86.6,99.4,102.4,22.4%,18.9°,21.1°,34.7,2.0%,1,0.258,0.242,0.314,0.338,32.7%,36.7%,24.5%,46.3%,75.8%,82.0%,24.3%,25.9%,90
Lamar,Easton Culp,All,170,24,84.0,105.4,106.5,33.3%,-7.1°,5.1°,25.0,8.3%,2,0.212,0.24,0.314,0.354,66.7%,4.2%,25.0%,35.3%,51.2%,85.7%,20.5%,23.3%,94
Pepperdine,Andrew Savage,All,329,54,87.3,102.3,105.2,33.3%,17.0°,14.3°,35.2,5.6%,3,0.236,0.244,0.314,0.32,38.9%,35.2%,24.1%,52.6%,70.7%,88.5%,37.9%,26.0%,82
UTSA,Garrett Gruell,All,210,46,87.3,100.2,107.5,30.4%,12.5°,7.5°,32.6,0.0%,0,0.246,0.267,0.314,0.33,41.3%,28.3%,28.3%,44.8%,69.5%,76.7%,20.0%,25.5%,82
Florida State,Brody DeLamielleure,All,360,66,90.1,104.8,107.5,45.5%,4.3°,10.6°,33.3,9.1%,6,0.238,0.231,0.313,0.319,51.5%,19.7%,22.7%,47.8%,61.8%,87.9%,34.8%,29.1%,50
Wichita State,Gannon Snyder,All,444,74,89.4,103.5,109.5,36.5%,9.7°,7.1°,27.0,2.7%,2,0.245,0.249,0.313,0.308,48.6%,27.0%,23.0%,37.2%,58.3%,88.1%,17.1%,18.2%,102
Tarleton State,Hunter Smith,All,111,11,92.8,104.4,105.9,36.4%,13.0°,34.2°,45.5,9.1%,1,0.158,0.189,0.313,0.32,36.4%,36.4%,18.2%,37.8%,64.0%,59.4%,16.4%,45.2%,137
Ole Miss,Connor Chisolm,All,53,7,83.3,97.7,99.7,28.6%,29.6°,38.1°,14.3,0.0%,0,0.143,0.222,0.313,0.43,14.3%,71.4%,14.3%,32.1%,66.7%,85.7%,9.4%,11.8%,184
Mount Olive,Tariq Talley,All,183,28,82.4,98.3,102.9,21.4%,-6.8°,9.6°,28.6,0.0%,0,0.225,0.247,0.313,0.333,67.9%,3.6%,25.0%,37.7%,66.7%,77.8%,14.7%,31.9%,118
Eastern Michigan,Connor Walsh,All,188,34,85.8,99.3,100.1,26.5%,3.7°,4.2°,23.5,0.0%,0,0.233,0.253,0.313,0.335,55.9%,20.6%,20.6%,36.2%,53.9%,87.5%,20.2%,20.6%,94
Utah Tech,Andrew Pyle,All,286,47,82.6,100.0,102.0,27.7%,12.0°,19.9°,48.9,4.3%,2,0.231,0.244,0.313,0.371,42.6%,31.9%,25.5%,43.4%,67.4%,85.4%,22.7%,16.9%,100
Santa Clara,Thomas Ferroggiaro,All,556,94,83.2,100.0,108.3,17.0%,12.4°,10.4°,33.0,0.0%,0,0.278,0.263,0.313,0.325,42.6%,22.3%,27.7%,40.3%,56.0%,90.4%,28.3%,18.3%,93
UT Tyler,Bo Willis,All,88,19,89.3,101.9,105.2,42.1%,22.0°,7.7°,47.4,5.3%,1,0.292,0.305,0.313,0.357,21.1%,42.1%,26.3%,52.3%,80.5%,90.9%,27.7%,17.4%,113
Connecticut,Matthew Garbowski,All,394,60,83.2,96.0,98.4,13.3%,9.9°,3.9°,38.3,0.0%,0,0.25,0.291,0.313,0.358,43.3%,23.3%,28.3%,43.1%,69.4%,91.0%,25.2%,20.0%,117
Lee,Cooper Doughman,All,168,24,84.6,97.2,104.9,12.5%,17.1°,9.7°,29.2,0.0%,0,0.211,0.166,0.313,0.258,37.5%,20.8%,20.8%,38.7%,59.1%,74.4%,25.5%,38.5%,85
Southeast Missouri,Michael Mugan,All,554,100,85.4,100.5,105.5,32.0%,7.9°,6.9°,24.0,3.0%,3,0.23,0.225,0.313,0.308,47.0%,24.0%,16.0%,44.6%,68.5%,80.8%,29.6%,22.7%,78
Rice,Graiden West,All,195,28,80.6,97.4,100.7,14.3%,5.8°,8.4°,25.0,0.0%,0,0.267,0.178,0.313,0.247,50.0%,28.6%,14.3%,43.6%,67.1%,77.2%,25.5%,30.6%,76
Jacksonville,Sammy Mummau,All,220,30,85.7,98.7,100.4,20.0%,11.6°,15.3°,30.0,0.0%,0,0.209,0.182,0.313,0.301,50.0%,30.0%,16.7%,33.6%,50.0%,94.0%,20.0%,17.6%,103
North Alabama,Matthew Delgado,All,248,49,90.1,103.3,106.0,36.7%,2.2°,-0.2°,22.4,0.0%,0,0.254,0.274,0.313,0.356,51.0%,10.2%,22.4%,47.2%,70.7%,87.8%,26.5%,16.2%,112
UMES,Ryan Howe,All,89,17,81.9,103.8,108.0,29.4%,21.2°,15.9°,52.9,5.9%,1,0.25,0.342,0.313,0.423,23.5%,35.3%,35.3%,56.2%,90.9%,70.0%,35.7%,28.0%,65
FOR_MAS,Camden Karczewski,All,129,23,87.5,98.6,98.9,26.1%,1.5°,8.1°,21.7,0.0%,0,0.333,0.283,0.313,0.297,65.2%,13.0%,17.4%,48.1%,66.7%,77.5%,31.9%,29.0%,68
Richmond,Cole Palmeri,All,236,51,90.9,106.6,108.3,47.1%,13.8°,10.8°,29.4,11.8%,6,0.25,0.29,0.313,0.366,39.2%,29.4%,23.5%,47.0%,76.5%,87.2%,24.6%,22.5%,120
James Madison,Ike Schmidly,All,452,65,85.2,101.0,105.0,24.6%,17.6°,6.3°,38.5,1.5%,1,0.229,0.193,0.313,0.268,35.4%,33.8%,29.2%,51.3%,75.9%,85.2%,34.0%,32.8%,90
Southern Wesleyan,Niko Laing,All,145,26,75.3,92.2,96.9,7.7%,23.8°,20.7°,46.2,0.0%,0,0.265,0.262,0.313,0.33,23.1%,30.8%,46.2%,42.1%,68.4%,87.2%,25.0%,16.4%,134
Coker,Hunter Poole,All,72,22,81.6,90.7,90.9,0.0%,-1.3°,-,31.8,0.0%,0,0.333,0.338,0.313,0.318,54.5%,13.6%,31.8%,48.6%,63.2%,100.0%,32.4%,0.0%,61
Quinnipiac,Chris Willis,All,273,48,89.6,107.4,111.3,47.9%,7.5°,4.1°,33.3,8.3%,4,0.224,0.308,0.313,0.389,47.9%,20.8%,27.1%,40.3%,65.4%,87.1%,24.1%,20.9%,105
Northern Colorado,James Wright,All,108,21,86.8,102.3,105.4,38.1%,2.8°,13.2°,23.8,0.0%,0,0.28,0.226,0.313,0.321,47.6%,19.0%,19.0%,50.0%,70.6%,83.3%,31.6%,22.2%,93
Jacksonville,Conner Spelman,All,102,16,89.0,99.3,100.0,56.2%,3.8°,6.8°,43.8,6.2%,1,0.25,0.287,0.313,0.367,50.0%,18.8%,31.2%,42.2%,71.1%,84.4%,19.3%,27.9%,142
BYU,Easton Bryant,All,95,9,81.4,95.9,97.8,22.2%,13.9°,2.2°,33.3,0.0%,0,0.25,0.149,0.313,0.18,44.4%,11.1%,33.3%,49.5%,67.4%,61.3%,32.7%,53.2%,59
George Washington,Josh Wenz,All,115,19,80.8,96.2,97.3,15.8%,10.1°,15.7°,42.1,0.0%,0,0.28,0.207,0.313,0.253,47.4%,10.5%,31.6%,47.8%,72.4%,76.2%,22.8%,25.5%,93
East Carolina,Kenan Bowman,All,305,38,83.2,101.5,105.9,23.7%,1.2°,7.5°,31.6,0.0%,0,0.27,0.205,0.312,0.272,55.3%,15.8%,23.7%,39.3%,51.1%,87.5%,29.3%,28.3%,67
Arizona,Mathis Meurant,All,351,57,90.2,105.2,106.5,50.9%,12.4°,15.6°,38.6,14.0%,8,0.253,0.285,0.312,0.363,38.6%,29.8%,31.6%,46.7%,68.6%,72.0%,29.2%,36.6%,96
Radford,Hunter Keen,All,647,143,83.9,95.3,102.7,16.1%,11.2°,0.3°,32.9,0.0%,0,0.288,0.299,0.312,0.326,41.3%,23.1%,28.0%,44.8%,63.3%,91.9%,27.5%,13.4%,76
Sacred Heart,Joe Cilea,All,142,14,85.2,95.1,95.5,14.3%,24.1°,8.2°,42.9,0.0%,0,0.136,0.182,0.312,0.32,21.4%,42.9%,28.6%,41.5%,66.1%,73.0%,25.6%,30.5%,149
Washington,Joey Pagano,All,242,45,88.4,99.2,101.3,33.3%,18.6°,16.7°,42.2,2.2%,1,0.231,0.28,0.312,0.392,33.3%,35.6%,28.9%,41.7%,72.2%,90.0%,21.4%,16.8%,126
William Carey,Cameron Trosclair,All,106,15,87.3,105.2,108.5,53.3%,15.8°,23.7°,33.3,13.3%,2,0.174,0.239,0.312,0.369,26.7%,40.0%,33.3%,43.4%,75.6%,82.4%,19.7%,23.9%,141
Pacific,Drake Bicknell,All,270,67,83.7,99.7,102.1,19.4%,15.1°,2.9°,28.4,0.0%,0,0.219,0.232,0.312,0.297,38.8%,28.4%,26.9%,48.5%,80.2%,91.4%,24.7%,16.0%,103
San Francisco,Matt Fung,All,356,64,84.2,96.9,99.4,29.7%,11.4°,4.5°,23.4,0.0%,0,0.293,0.261,0.312,0.299,48.4%,18.8%,23.4%,44.9%,67.7%,91.0%,25.5%,14.4%,91
Cal State Northridge,Trent Abel,All,420,95,84.1,98.0,101.3,21.1%,13.9°,9.9°,43.2,0.0%,0,0.301,0.292,0.312,0.33,36.8%,26.3%,35.8%,53.1%,76.7%,95.9%,33.0%,18.4%,74
Arizona,TJ Adams,All,266,34,87.4,100.0,102.9,26.5%,21.5°,21.4°,47.1,5.9%,2,0.196,0.2,0.312,0.33,26.5%,38.2%,32.4%,42.9%,71.6%,84.9%,25.0%,30.7%,94
Xavier,Donavan Canterberry,All,194,38,77.5,97.9,101.5,21.1%,6.0°,10.4°,36.8,0.0%,0,0.261,0.204,0.312,0.282,47.4%,23.7%,26.3%,50.0%,77.2%,83.6%,31.3%,26.8%,100
Erskine,Noah Hill,All,50,6,85.3,97.2,97.7,33.3%,3.9°,16.2°,50.0,0.0%,0,0.222,0.202,0.312,0.337,50.0%,0.0%,50.0%,38.0%,75.0%,83.3%,20.6%,31.6%,113
Penn,Nate Polo,All,54,6,83.6,85.1,85.1,16.7%,11.3°,-13.1°,0.0,0.0%,0,0.2,0.104,0.312,0.247,50.0%,50.0%,0.0%,31.5%,51.9%,71.4%,11.1%,35.3%,43
UTSA,Ty Tilson,All,56,11,74.0,77.1,78.8,18.2%,2.7°,-16.0°,18.2,0.0%,0,0.25,0.209,0.312,0.298,72.7%,18.2%,9.1%,41.1%,76.2%,100.0%,20.0%,8.7%,74
Willamette,Carter Stoltz,All,57,7,78.0,88.7,89.5,14.3%,-6.8°,-12.3°,28.6,0.0%,0,0.2,0.199,0.312,0.318,71.4%,14.3%,14.3%,47.4%,73.1%,73.7%,25.8%,33.3%,94
Florida Atlantic,John Martinez,All,295,64,82.9,101.1,106.9,29.7%,11.5°,8.9°,37.5,1.6%,1,0.284,0.249,0.312,0.302,43.8%,25.0%,26.6%,56.3%,74.6%,85.7%,43.4%,28.3%,39
College of Charleston,Rafael Soto,All,167,31,81.1,99.6,99.9,9.7%,-2.5°,16.3°,41.9,3.2%,1,0.225,0.229,0.312,0.311,45.2%,19.4%,29.0%,42.5%,69.7%,84.9%,19.8%,25.4%,120
Arkansas-Pine Bluff,Carlos Rodriguez-Velez,All,156,33,80.5,98.8,102.6,21.2%,2.5°,-10.4°,30.3,0.0%,0,0.295,0.247,0.312,0.279,51.5%,9.1%,24.2%,49.4%,67.9%,79.2%,30.8%,27.3%,90
Stanford,JJ Moran,All,121,18,84.7,103.3,106.0,38.9%,7.4°,16.9°,33.3,0.0%,0,0.259,0.243,0.312,0.297,38.9%,33.3%,27.8%,45.5%,65.4%,76.5%,30.4%,34.5%,87
George Washington,Tyler Jones,All,258,42,85.6,99.5,100.3,33.3%,-1.5°,-5.5°,35.7,4.8%,2,0.263,0.283,0.311,0.337,50.0%,23.8%,26.2%,49.2%,75.7%,85.2%,30.5%,26.8%,74
Juniata,Charlie Bakken,All,36,6,79.2,83.7,83.8,0.0%,4.1°,-,16.7,0.0%,0,0.143,0.128,0.311,0.264,66.7%,16.7%,16.7%,36.1%,66.7%,100.0%,14.3%,7.7%,85
Hawaii Pacific,Noah Hata,All,141,20,86.7,95.6,97.9,15.0%,8.0°,4.4°,50.0,0.0%,0,0.25,0.308,0.311,0.376,40.0%,15.0%,45.0%,48.2%,74.2%,87.0%,27.8%,19.1%,129
Wright State,Dane Thomas,All,116,12,87.3,99.4,102.6,25.0%,19.0°,8.7°,25.0,0.0%,0,0.15,0.168,0.311,0.387,33.3%,33.3%,16.7%,31.0%,61.4%,88.9%,12.5%,19.4%,115
Northern Illinois,Cj Cepicky,All,378,63,85.2,103.7,108.7,36.5%,14.0°,13.6°,36.5,7.9%,5,0.186,0.229,0.311,0.34,36.5%,30.2%,28.6%,36.8%,59.2%,87.0%,18.7%,18.7%,102
Piedmont,Tyler Nelson,All,39,5,80.3,89.8,93.7,0.0%,16.1°,-,20.0,0.0%,0,0.143,0.126,0.311,0.273,40.0%,40.0%,20.0%,41.0%,61.1%,72.7%,23.8%,43.8%,110
Oregon,Parker Stinson,All,101,7,87.9,104.4,106.6,28.6%,9.7°,20.3°,14.3,0.0%,0,0.2,0.15,0.311,0.278,42.9%,28.6%,14.3%,43.6%,63.8%,83.3%,25.9%,38.6%,93
Lafayette,Teddy Cashman,All,284,37,85.8,104.1,110.2,27.0%,17.7°,15.8°,40.5,2.7%,1,0.261,0.2,0.311,0.257,27.0%,29.7%,37.8%,51.4%,73.4%,70.3%,34.4%,42.5%,74
Manhattan,Hunter Sute,All,233,34,87.0,101.0,102.2,35.3%,7.2°,9.2°,26.5,0.0%,0,0.25,0.209,0.311,0.286,50.0%,20.6%,23.5%,38.6%,57.7%,71.7%,23.3%,37.8%,86
Georgia Southern,JD Kaiser,All,257,35,84.7,105.5,110.0,28.6%,19.0°,17.2°,25.7,5.7%,2,0.224,0.185,0.311,0.282,34.3%,28.6%,20.0%,43.6%,62.0%,77.4%,31.8%,25.9%,80
UL Monroe,Michelle Artzberger,All,592,120,88.1,103.7,106.5,40.0%,9.1°,11.4°,34.2,5.8%,7,0.255,0.331,0.311,0.405,46.7%,16.7%,26.7%,45.1%,67.1%,92.2%,29.2%,12.7%,99
Lehigh,Ryan Davis,All,264,38,82.5,102.2,106.2,36.8%,-3.3°,4.5°,28.9,2.6%,1,0.286,0.226,0.311,0.268,60.5%,15.8%,23.7%,43.9%,62.5%,75.7%,30.3%,35.3%,81
UC Davis,Evan Gentil,All,144,27,87.8,99.8,103.7,29.6%,18.5°,16.4°,33.3,3.7%,1,0.229,0.261,0.311,0.328,40.7%,25.9%,22.2%,39.6%,58.3%,88.1%,20.8%,26.3%,72
Missouri,Keegan Knutson,All,604,109,81.5,98.5,103.8,23.9%,4.2°,5.9°,28.4,0.9%,1,0.265,0.24,0.31,0.287,56.0%,19.3%,19.3%,48.8%,68.7%,91.7%,33.6%,15.9%,64
Houston Christian,Rhett Hendricks,All,172,37,87.0,100.9,104.1,37.8%,11.9°,8.8°,27.0,5.4%,2,0.229,0.26,0.31,0.325,48.6%,24.3%,21.6%,50.6%,76.5%,75.4%,25.3%,27.6%,129
Central Michigan,Bryson Webb,All,251,33,83.6,92.7,99.7,6.1%,20.9°,-2.3°,45.5,0.0%,0,0.261,0.214,0.31,0.277,30.3%,27.3%,36.4%,45.0%,67.9%,81.1%,27.5%,22.1%,85
BYU,Matt Hansen,All,174,17,94.8,103.3,104.7,64.7%,6.3°,7.4°,11.8,11.8%,2,0.194,0.201,0.31,0.322,58.8%,29.4%,11.8%,43.7%,69.9%,74.5%,24.8%,34.2%,74
UCLA,Cameron Kim,All,205,37,89.8,103.3,104.2,40.5%,7.3°,4.0°,27.0,0.0%,0,0.286,0.299,0.31,0.334,54.1%,16.2%,27.0%,40.5%,57.3%,84.3%,27.6%,22.9%,64
Niagara,Carter Aarts,All,58,5,89.0,109.0,109.1,40.0%,2.4°,10.2°,40.0,0.0%,0,0.2,0.246,0.31,0.337,40.0%,20.0%,40.0%,36.2%,61.5%,68.8%,15.6%,38.1%,65
Sacramento State,Jameson Mullinax,All,172,20,84.9,95.0,99.6,15.0%,16.3°,6.9°,30.0,0.0%,0,0.237,0.136,0.31,0.158,40.0%,25.0%,20.0%,40.7%,60.6%,74.4%,26.7%,38.6%,100
Central Michigan,Zachary Knowlton,All,491,99,84.2,98.2,101.0,30.3%,7.4°,7.0°,33.3,0.0%,0,0.291,0.265,0.31,0.325,45.5%,15.2%,30.3%,46.4%,67.4%,91.2%,29.7%,19.3%,94
Southeast Missouri,Liam Forsyth,All,188,32,87.0,100.8,102.2,34.4%,16.0°,14.4°,31.2,3.1%,1,0.227,0.257,0.31,0.329,28.1%,31.2%,31.2%,47.9%,68.5%,88.5%,29.3%,25.6%,61
USC,Kade Higgins,All,563,80,86.3,102.1,112.0,31.2%,10.3°,9.9°,30.0,5.0%,4,0.267,0.215,0.31,0.273,47.5%,22.5%,22.5%,44.9%,67.1%,81.9%,26.6%,28.9%,88
UNC Greensboro,Luke Jenkins,All,561,99,83.7,101.8,103.8,32.3%,3.5°,11.0°,29.3,0.0%,0,0.26,0.264,0.31,0.336,52.5%,15.2%,29.3%,40.5%,63.3%,86.0%,25.1%,24.2%,89
South Dakota State,Jess Bellows,All,149,25,82.9,98.5,99.3,28.0%,0.3°,3.8°,28.0,0.0%,0,0.294,0.236,0.31,0.275,64.0%,12.0%,20.0%,42.3%,61.2%,90.2%,26.8%,27.0%,103
Army,Paul Andrzejewski,All,235,29,79.9,97.5,99.6,13.8%,7.1°,15.5°,44.8,0.0%,0,0.234,0.231,0.31,0.301,44.8%,17.2%,34.5%,38.7%,62.2%,91.1%,24.1%,19.8%,99
SIUE,Gage Franck,All,101,18,86.7,103.5,105.4,33.3%,14.4°,11.3°,38.9,0.0%,0,0.2,0.233,0.31,0.355,38.9%,27.8%,27.8%,45.5%,74.5%,94.7%,16.0%,13.0%,112
Maine,Drew Reynolds,All,421,54,88.4,101.4,104.5,37.0%,14.5°,23.6°,25.9,5.6%,3,0.209,0.212,0.31,0.339,37.0%,35.2%,20.4%,48.2%,72.5%,74.2%,29.7%,33.5%,88
Penn,Connor Chavez,All,587,90,83.4,98.3,102.9,25.6%,3.6°,9.1°,28.9,0.0%,0,0.238,0.221,0.31,0.301,52.2%,20.0%,22.2%,40.2%,60.2%,89.1%,22.7%,21.6%,79
UNC Wilmington,Aiden Evans,All,495,78,83.5,102.1,105.1,30.8%,-2.8°,3.0°,25.6,2.6%,2,0.271,0.255,0.31,0.329,64.1%,11.5%,23.1%,45.7%,62.6%,89.6%,30.9%,22.6%,51
Arkansas State,Cross Jumper,All,756,162,85.2,101.9,108.4,32.7%,7.0°,6.4°,28.4,1.2%,2,0.283,0.292,0.31,0.345,51.9%,21.6%,22.8%,46.7%,70.4%,91.8%,26.8%,15.9%,88
Tufts,Connor Brala,All,118,16,78.5,104.9,106.6,18.8%,-12.0°,18.1°,25.0,6.2%,1,0.238,0.163,0.31,0.325,62.5%,12.5%,18.8%,43.2%,72.1%,83.9%,26.7%,27.5%,104
Northern Illinois,Cooper Cohn,All,543,75,88.8,103.4,108.3,44.0%,17.9°,15.6°,38.7,4.0%,3,0.217,0.27,0.31,0.377,33.3%,37.3%,28.0%,41.6%,65.0%,82.2%,23.9%,27.0%,116
UC Irvine,Landon Gaz,All,67,6,102.8,106.4,106.9,83.3%,15.6°,6.6°,50.0,16.7%,1,0.231,0.275,0.31,0.381,33.3%,16.7%,50.0%,37.3%,58.1%,66.7%,19.4%,36.0%,103
Texas A&M-Corpus Christi,Tristan Crane,All,59,12,88.0,100.6,103.1,50.0%,5.3°,-4.2°,8.3,0.0%,0,0.25,0.233,0.31,0.286,58.3%,25.0%,16.7%,62.7%,80.0%,75.0%,44.8%,29.7%,81
Penn,Qwynn Ahearn,All,317,52,85.2,101.9,107.0,38.5%,13.1°,12.5°,32.7,3.8%,2,0.26,0.238,0.31,0.305,40.4%,25.0%,30.8%,47.3%,65.6%,75.8%,30.7%,31.3%,76
Saint Francis (IN),Sam Pesa,All,104,14,86.3,95.7,97.6,28.6%,4.8°,4.6°,35.7,0.0%,0,0.19,0.197,0.31,0.298,64.3%,21.4%,7.1%,28.8%,51.4%,84.2%,16.4%,23.3%,124
James Madison,Maddux Fleck,All,683,98,81.1,93.2,98.3,5.1%,4.8°,4.4°,29.6,0.0%,0,0.234,0.222,0.31,0.328,50.0%,20.4%,21.4%,33.4%,56.1%,89.9%,15.4%,11.4%,109
Hardin-Simmons,Brock Calvillo,All,68,16,75.4,93.0,100.4,6.2%,-4.5°,13.7°,25.0,0.0%,0,0.263,0.285,0.31,0.358,56.2%,12.5%,25.0%,48.5%,66.7%,93.8%,38.6%,21.2%,106
USC,Kevin Takeuchi,All,461,86,86.6,103.0,106.1,27.9%,13.1°,15.0°,29.1,2.3%,2,0.25,0.231,0.309,0.309,38.4%,30.2%,20.9%,42.7%,67.7%,89.0%,23.5%,22.8%,108
Santa Clara,Kai Cunningham,All,132,29,81.9,97.6,98.6,17.2%,7.2°,13.9°,44.8,0.0%,0,0.265,0.294,0.309,0.334,37.9%,17.2%,44.8%,48.5%,67.1%,91.5%,27.4%,18.8%,126
Jackson State,Robert Tate,All,30,6,78.8,97.8,101.4,16.7%,-3.6°,6.9°,0.0,0.0%,0,0.333,0.159,0.309,0.158,50.0%,33.3%,16.7%,43.3%,69.2%,77.8%,23.5%,38.5%,51
Texas State,Cole Tabor,All,312,30,94.7,100.3,103.7,53.3%,21.7°,12.3°,33.3,0.0%,0,0.212,0.197,0.309,0.305,30.0%,16.7%,30.0%,34.3%,55.9%,78.8%,13.8%,29.0%,92
SIUE,Josh Heyder,All,50,14,94.8,105.4,108.2,71.4%,14.0°,12.5°,42.9,14.3%,2,0.333,0.365,0.309,0.453,35.7%,14.3%,42.9%,58.0%,74.2%,87.0%,31.6%,27.6%,75
Louisiana Tech,Will Safford,All,552,87,84.9,98.4,101.7,23.0%,21.7°,19.9°,28.7,1.1%,1,0.198,0.194,0.309,0.329,33.3%,34.5%,24.1%,38.8%,63.1%,85.7%,17.8%,20.1%,116
Tusculum,Caleb Mulcahy,All,220,42,83.1,100.6,107.4,21.4%,10.5°,8.5°,38.1,0.0%,0,0.255,0.281,0.309,0.345,38.1%,19.0%,33.3%,42.3%,70.2%,83.1%,25.0%,23.7%,112
Abilene Christian,Maddox Miesse,All,524,65,86.2,100.7,103.8,30.8%,13.7°,13.1°,30.8,3.1%,2,0.193,0.233,0.309,0.366,41.5%,26.2%,21.5%,29.0%,51.3%,90.0%,11.0%,17.1%,117
Mount St. Mary's,Mikey Rodriguez,All,80,15,81.0,91.0,96.4,13.3%,21.2°,2.1°,26.7,0.0%,0,0.25,0.208,0.309,0.275,46.7%,26.7%,20.0%,40.0%,70.3%,88.5%,14.0%,15.6%,126
San Jose State,Raoul Fabian,All,54,8,84.0,97.6,98.2,37.5%,-9.6°,2.5°,25.0,0.0%,0,0.333,0.234,0.309,0.225,62.5%,12.5%,25.0%,63.0%,95.2%,65.0%,42.4%,58.8%,33
Emory & Henry,Jaret Hoppes,All,171,32,77.8,90.2,92.7,0.0%,-0.8°,-,37.5,0.0%,0,0.243,0.297,0.309,0.363,50.0%,12.5%,31.2%,31.6%,62.7%,91.9%,15.2%,7.4%,156
Northern Colorado,Nick Barber,All,56,9,80.9,91.7,95.2,11.1%,4.6°,13.7°,44.4,0.0%,0,0.333,0.31,0.309,0.281,55.6%,11.1%,33.3%,46.4%,58.8%,85.0%,27.3%,19.2%,88
Claflin,Albert Rutledge,All,29,7,84.5,89.8,90.6,0.0%,-2.1°,-,28.6,0.0%,0,0.375,0.253,0.309,0.251,57.1%,0.0%,28.6%,65.5%,75.0%,100.0%,58.8%,15.8%,-13
USC,Maximo Martinez,All,360,56,90.2,104.7,109.1,41.1%,19.0°,15.8°,39.3,8.9%,5,0.25,0.252,0.309,0.348,30.4%,26.8%,32.1%,45.0%,69.2%,86.4%,25.9%,27.2%,99
Presbyterian,Ryan Ouzts,All,320,51,90.3,107.5,110.9,39.2%,6.3°,11.8°,27.5,11.8%,6,0.205,0.27,0.309,0.361,56.9%,25.5%,13.7%,47.2%,71.1%,77.4%,26.3%,31.8%,88
Trevecca Nazarene,Noah Boughton,All,114,25,92.3,101.2,103.1,44.0%,15.5°,15.7°,56.0,0.0%,0,0.258,0.314,0.309,0.391,24.0%,20.0%,52.0%,41.2%,65.5%,84.2%,16.1%,25.5%,129
Ole Miss,Luke Cheng,All,495,63,81.3,99.1,103.8,22.2%,5.2°,18.3°,41.3,1.6%,1,0.24,0.217,0.309,0.284,50.8%,19.0%,28.6%,42.8%,60.5%,78.5%,28.3%,31.1%,68
Little Rock,Zach Henry,All,226,41,86.4,103.9,105.0,39.0%,-5.6°,-2.1°,14.6,2.4%,1,0.226,0.218,0.309,0.295,68.3%,14.6%,12.2%,45.1%,69.8%,82.4%,23.3%,28.4%,107
Fresno State,Cameron Schneider,All,571,102,88.7,102.2,106.9,41.2%,-1.0°,5.3°,26.5,2.0%,2,0.273,0.285,0.309,0.337,58.8%,13.7%,26.5%,42.4%,62.4%,88.9%,27.3%,23.1%,68
Stetson,Paul Napolitano,All,40,6,82.6,95.6,100.8,16.7%,12.1°,24.7°,33.3,16.7%,1,0.333,0.24,0.309,0.298,50.0%,33.3%,16.7%,47.5%,57.9%,72.7%,38.1%,36.8%,0
Slippery Rock,Clay Wiesen,All,32,8,81.2,95.8,100.3,25.0%,15.5°,-1.4°,37.5,0.0%,0,0.333,0.302,0.309,0.303,37.5%,25.0%,37.5%,43.8%,73.3%,100.0%,17.6%,14.3%,91
Whitman,AJ Romero,All,35,8,80.1,97.5,99.6,25.0%,2.9°,8.7°,25.0,0.0%,0,0.375,0.383,0.309,0.38,50.0%,25.0%,25.0%,51.4%,76.2%,81.2%,14.3%,22.2%,150
Cornell,William Jaun,All,161,34,87.1,103.5,105.8,35.3%,2.1°,9.2°,32.4,2.9%,1,0.268,0.295,0.309,0.352,52.9%,20.6%,26.5%,48.4%,74.0%,93.0%,25.0%,14.1%,144
Concordia Texas,Carson Riley,All,26,5,64.7,82.8,83.1,0.0%,6.2°,-,40.0,0.0%,0,0.333,0.116,0.309,0.105,40.0%,60.0%,0.0%,57.7%,72.7%,100.0%,46.7%,26.7%,50
Lehigh,Jack Frankovic,All,141,31,81.4,97.7,102.9,25.8%,6.6°,13.4°,38.7,3.2%,1,0.216,0.261,0.309,0.324,54.8%,22.6%,22.6%,46.8%,74.2%,91.8%,22.7%,12.1%,108
Middlebury,Owen Fox,All,105,19,87.5,99.0,100.5,31.6%,6.6°,2.8°,21.1,0.0%,0,0.28,0.25,0.309,0.276,57.9%,10.5%,21.1%,50.5%,67.4%,82.8%,38.7%,32.1%,62
Davidson,Chris Schuchart,All,552,98,85.1,104.1,107.6,38.8%,10.8°,11.8°,42.9,4.1%,4,0.248,0.29,0.309,0.362,40.8%,26.5%,30.6%,46.6%,73.3%,85.3%,27.2%,28.0%,92
South Dakota State,Mason Lang,All,29,5,79.8,88.0,89.6,0.0%,30.2°,-,60.0,0.0%,0,0.333,0.293,0.309,0.282,0.0%,20.0%,60.0%,55.2%,64.3%,88.9%,46.7%,31.2%,109
Erskine,Matt Layton,All,32,6,81.4,89.4,91.0,0.0%,15.4°,-,33.3,0.0%,0,0.375,0.214,0.309,0.214,50.0%,33.3%,16.7%,50.0%,78.6%,72.7%,27.8%,25.0%,98
Monmouth,Trey Porter,All,95,19,81.6,100.9,100.9,26.3%,1.3°,10.2°,36.8,0.0%,0,0.231,0.26,0.309,0.319,52.6%,10.5%,26.3%,44.2%,57.1%,85.7%,30.4%,19.0%,81
Albany,Jared Toby,All,289,55,82.8,99.7,104.6,29.1%,-1.4°,5.5°,25.5,0.0%,0,0.258,0.24,0.309,0.31,61.8%,14.5%,20.0%,43.9%,68.2%,76.7%,23.6%,24.4%,114
Lander,Cooper Backman,All,47,9,80.0,92.4,94.6,11.1%,-9.1°,-1.8°,33.3,0.0%,0,0.333,0.312,0.309,0.299,77.8%,0.0%,22.2%,48.9%,75.0%,77.8%,21.7%,26.1%,120
Webber International,Skyler Schulz,All,133,22,85.9,97.1,104.2,22.7%,11.5°,3.9°,31.8,0.0%,0,0.207,0.27,0.308,0.356,45.5%,18.2%,31.8%,40.6%,65.3%,81.2%,26.2%,24.1%,120
Radford,Noah Toole,All,507,77,82.2,99.9,103.3,23.4%,9.8°,11.5°,26.0,2.6%,2,0.248,0.217,0.308,0.272,46.8%,28.6%,22.1%,48.1%,72.4%,84.2%,28.3%,23.4%,93
Richmond,Joseph Wilga,All,238,43,84.1,105.3,117.2,30.2%,6.2°,10.2°,48.8,7.0%,3,0.232,0.276,0.308,0.367,41.9%,27.9%,25.6%,50.4%,72.3%,83.8%,36.1%,30.8%,68
UT Martin,Cameron Greene,All,121,13,89.0,95.2,96.7,23.1%,19.9°,5.2°,7.7,0.0%,0,0.227,0.112,0.308,0.301,46.2%,23.1%,7.7%,31.4%,66.0%,74.2%,9.5%,31.6%,136
Siena,Edwin Sanchez,All,67,14,88.7,104.5,104.8,28.6%,16.7°,-0.9°,21.4,0.0%,0,0.263,0.262,0.308,0.291,42.9%,21.4%,21.4%,47.8%,58.8%,85.0%,36.4%,34.4%,40
Penn,Connor McCabe,All,139,16,84.5,101.0,101.4,37.5%,6.6°,17.1°,50.0,6.2%,1,0.19,0.227,0.308,0.385,31.2%,18.8%,43.8%,31.7%,52.4%,87.9%,14.5%,20.5%,117
Penn State,Joey Demucci,All,139,21,91.2,102.9,105.2,33.3%,14.3°,8.3°,33.3,0.0%,0,0.2,0.264,0.308,0.376,28.6%,23.8%,38.1%,38.1%,55.2%,81.2%,25.9%,24.5%,93
Monmouth,Harry Padden,All,551,116,83.0,100.2,105.1,25.9%,17.7°,15.0°,31.0,0.9%,1,0.252,0.275,0.308,0.362,35.3%,27.6%,24.1%,47.0%,71.6%,89.1%,25.5%,14.3%,118
Long Island,Chandler Ketchup,All,246,47,83.0,95.6,98.9,17.0%,9.8°,-1.0°,31.9,0.0%,0,0.254,0.235,0.308,0.296,42.6%,23.4%,29.8%,40.7%,65.3%,92.4%,16.8%,18.0%,128
Chaminade,Safea Villaruz-Mauai,All,110,18,90.4,104.5,110.7,55.6%,6.5°,11.4°,38.9,11.1%,2,0.276,0.266,0.308,0.32,44.4%,27.8%,22.2%,56.4%,83.7%,77.8%,38.8%,33.9%,93
Miami,Todd Hudson,All,240,34,91.2,107.1,109.7,44.1%,6.6°,7.6°,26.5,2.9%,1,0.25,0.279,0.308,0.348,52.9%,17.6%,26.5%,41.2%,63.8%,80.0%,26.7%,32.3%,81
Old Dominion,Evan Holman,All,297,50,81.5,98.3,101.4,18.0%,10.4°,9.6°,18.0,0.0%,0,0.25,0.215,0.308,0.281,44.0%,34.0%,16.0%,46.1%,67.1%,89.4%,27.4%,21.9%,72
Memphis,Jonah Sutton,All,580,83,87.8,102.4,106.4,32.5%,11.2°,12.1°,36.1,6.0%,5,0.209,0.239,0.308,0.339,42.2%,28.9%,22.9%,39.1%,63.4%,79.2%,21.7%,32.2%,109
Lafayette,Ryan Ulisse,All,248,31,82.8,100.5,104.6,38.7%,-6.2°,-5.6°,29.0,9.7%,3,0.246,0.181,0.308,0.256,61.3%,16.1%,16.1%,45.6%,60.0%,75.0%,35.8%,41.6%,65
UC Irvine,Zach Fjelstad,All,325,46,87.4,102.4,105.7,37.0%,17.3°,22.0°,30.4,6.5%,3,0.19,0.245,0.308,0.38,34.8%,41.3%,21.7%,37.8%,56.6%,79.5%,25.5%,32.5%,93
West Virginia,Brodie Kresser,All,785,152,87.5,101.1,106.4,31.6%,11.6°,8.0°,28.3,2.0%,3,0.261,0.24,0.308,0.315,48.0%,22.4%,24.3%,46.0%,67.2%,90.9%,29.5%,18.3%,100
Illinois-Chicago,Pambos Nicoloudes,All,159,25,83.1,100.6,102.7,28.0%,16.7°,17.5°,40.0,0.0%,0,0.167,0.247,0.308,0.382,36.0%,28.0%,28.0%,32.7%,60.9%,89.3%,21.2%,21.2%,103
Alabama A&M,Dre Amaral,All,123,21,77.1,92.1,95.6,9.5%,-3.3°,6.2°,38.1,0.0%,0,0.24,0.258,0.308,0.319,57.1%,19.0%,23.8%,38.2%,63.5%,93.9%,19.7%,10.6%,89
Bryant,Gavin Greger,All,577,121,83.4,99.9,103.0,21.5%,18.1°,12.7°,37.2,1.7%,2,0.266,0.263,0.307,0.318,34.7%,29.8%,29.8%,53.7%,76.3%,87.1%,39.4%,25.5%,60
Illinois-Chicago,Christian Holmes,All,130,19,79.6,96.0,104.4,15.8%,7.8°,5.6°,42.1,0.0%,0,0.25,0.207,0.307,0.305,36.8%,26.3%,26.3%,51.5%,71.9%,82.6%,31.8%,25.4%,59
Gonzaga,Rece Schuerman,All,256,38,87.0,106.0,112.9,39.5%,-7.6°,8.0°,28.9,7.9%,3,0.207,0.234,0.307,0.335,60.5%,13.2%,21.1%,41.0%,56.7%,73.5%,27.2%,39.0%,72
Michigan,Tyler Inge,All,278,39,89.3,100.1,103.6,38.5%,2.7°,5.9°,33.3,0.0%,0,0.226,0.237,0.307,0.333,53.8%,10.3%,30.8%,39.6%,62.8%,84.0%,19.5%,21.8%,101
USF,Stewart Puckett,All,286,58,85.7,100.6,105.6,32.8%,12.7°,20.4°,36.2,3.4%,2,0.275,0.284,0.307,0.374,41.4%,32.8%,22.4%,50.7%,78.0%,76.8%,28.9%,30.3%,102
North Carolina A&T,Bruce Wyche,All,326,57,88.9,107.0,108.7,57.9%,7.1°,15.8°,35.1,8.8%,5,0.253,0.303,0.307,0.41,50.9%,24.6%,24.6%,44.8%,62.4%,82.8%,29.9%,32.9%,49
VMI,Ayden Schnarrs,All,570,82,83.1,97.0,99.3,13.4%,0.3°,8.1°,30.5,0.0%,0,0.252,0.251,0.307,0.331,57.3%,12.2%,25.6%,29.1%,46.3%,94.6%,16.5%,9.6%,90
Jacksonville State,Rob Gordon,All,103,15,74.9,91.2,95.9,13.3%,7.1°,10.1°,26.7,0.0%,0,0.227,0.172,0.307,0.3,53.3%,26.7%,20.0%,39.8%,72.1%,87.1%,16.7%,19.5%,101
Missouri,Christopher Patterson,All,459,67,86.7,103.9,107.8,29.9%,8.3°,13.4°,26.9,3.0%,2,0.236,0.203,0.307,0.275,50.7%,25.4%,20.9%,41.2%,59.8%,76.7%,27.5%,35.4%,72
Western Michigan,Connor Ostrander,All,321,42,79.9,96.7,98.7,23.8%,5.5°,9.9°,23.8,2.4%,1,0.19,0.202,0.307,0.319,59.5%,23.8%,16.7%,37.7%,59.0%,79.3%,21.4%,27.3%,109
Pacific,Jarryd Wood,All,154,24,79.2,101.8,102.5,20.8%,10.3°,17.4°,29.2,0.0%,0,0.219,0.214,0.307,0.317,41.7%,25.0%,25.0%,42.2%,80.3%,75.5%,17.2%,24.6%,128
Michigan,Matt Spear,All,571,80,84.5,101.7,106.4,30.0%,-0.3°,12.5°,35.0,5.0%,4,0.212,0.271,0.307,0.357,52.5%,16.2%,26.2%,38.5%,64.5%,79.6%,18.1%,24.5%,114
Clemson,Tyler-Paul Wentworth,All,229,28,88.8,107.8,109.5,39.3%,5.1°,2.7°,10.7,3.6%,1,0.227,0.184,0.307,0.277,67.9%,21.4%,10.7%,42.4%,63.8%,80.0%,27.4%,33.0%,102
Taylor,Rylee Singleton,All,92,13,82.8,96.6,96.9,23.1%,14.5°,9.5°,46.2,0.0%,0,0.188,0.275,0.307,0.394,23.1%,30.8%,46.2%,41.3%,81.1%,76.7%,14.5%,28.9%,161
William & Mary,Derek Holmes,All,674,145,87.3,102.9,108.0,33.1%,-0.8°,7.5°,26.9,2.1%,3,0.278,0.31,0.307,0.358,57.9%,9.7%,25.5%,43.2%,66.4%,89.6%,22.5%,15.8%,103
Lipscomb,Alejandro Ludeiro,All,162,37,85.1,99.7,105.6,27.0%,8.9°,1.1°,29.7,2.7%,1,0.25,0.228,0.307,0.289,43.2%,24.3%,18.9%,51.9%,74.7%,91.1%,32.2%,20.2%,78
Northeastern,Matt Brinker,All,219,45,85.9,104.4,106.7,40.0%,12.1°,10.0°,44.4,6.7%,3,0.241,0.284,0.306,0.355,40.0%,13.3%,37.8%,49.8%,68.6%,85.7%,33.3%,22.9%,95
St. Thomas (FL),Daytan Biegel,All,188,43,79.8,100.2,103.7,14.0%,5.6°,8.3°,27.9,2.3%,1,0.241,0.193,0.306,0.279,53.5%,27.9%,16.3%,52.7%,79.5%,89.7%,35.7%,23.2%,78
UT Arlington,Tate Bethel,All,621,114,87.7,102.7,108.7,33.3%,13.8°,13.5°,30.7,5.3%,6,0.229,0.243,0.306,0.354,42.1%,26.3%,21.1%,43.3%,70.3%,88.0%,25.3%,21.9%,103
Seton Hall,Magnus Krieger,All,373,50,88.8,102.9,105.6,38.0%,10.7°,13.2°,24.0,2.0%,1,0.206,0.236,0.306,0.341,44.0%,26.0%,20.0%,35.4%,58.7%,81.0%,20.9%,31.8%,102
McNeese,Cole Plowman,All,138,21,88.0,100.6,105.3,23.8%,30.9°,6.1°,9.5,4.8%,1,0.2,0.185,0.306,0.283,38.1%,28.6%,4.8%,55.8%,86.2%,86.0%,33.8%,31.2%,62
UL Monroe,Major Brignon,All,258,48,85.5,97.3,108.1,16.7%,3.3°,6.7°,35.4,0.0%,0,0.286,0.304,0.306,0.34,52.1%,12.5%,35.4%,50.8%,69.6%,84.6%,36.3%,28.2%,85
Missouri,Cayden Nicoletto,All,561,110,88.7,103.2,107.3,43.6%,13.8°,16.1°,37.3,8.2%,9,0.241,0.277,0.306,0.375,37.3%,34.5%,22.7%,50.6%,75.9%,78.1%,29.9%,25.4%,87
Vanderbilt,RJ Austin,All,928,160,88.0,105.1,108.9,40.6%,6.9°,6.8°,22.5,3.8%,6,0.24,0.26,0.306,0.333,52.5%,21.9%,18.8%,41.6%,61.3%,88.8%,27.0%,18.7%,95
Pomona-Pitzer,William Kinney,All,240,42,79.6,91.7,96.7,2.4%,13.0°,9.7°,31.0,0.0%,0,0.229,0.198,0.306,0.296,38.1%,40.5%,16.7%,31.2%,54.4%,95.9%,17.3%,10.7%,137
Long Beach State,Alex Champagne,All,490,84,83.7,95.8,102.4,16.7%,4.7°,11.1°,38.1,0.0%,0,0.26,0.263,0.306,0.329,48.8%,17.9%,31.0%,34.1%,54.9%,94.6%,14.9%,12.0%,110
San Diego State,Evan Sipe,All,431,63,80.4,95.2,98.2,12.7%,6.7°,8.4°,31.7,0.0%,0,0.26,0.241,0.306,0.312,44.4%,14.3%,33.3%,38.7%,53.8%,92.0%,27.3%,16.8%,85
Kentucky,Shaun Montoya,All,546,100,82.8,96.9,101.8,17.0%,15.4°,12.9°,41.0,0.0%,0,0.264,0.259,0.306,0.31,41.0%,23.0%,29.0%,45.4%,59.6%,95.5%,32.5%,13.3%,58
Ohio State,Nick Giamarusti,All,513,72,89.2,102.9,108.7,38.9%,15.1°,12.4°,40.3,5.6%,4,0.2,0.258,0.306,0.353,38.9%,25.0%,30.6%,39.6%,61.1%,84.5%,24.5%,26.6%,109
Southern Indiana,Micajah Wall,All,344,45,85.4,101.1,103.7,35.6%,-1.6°,4.5°,17.8,2.2%,1,0.224,0.203,0.306,0.301,55.6%,22.2%,15.6%,39.8%,61.5%,86.7%,25.8%,24.8%,81
San Jose State,Jake Mccoy,All,199,42,83.9,106.0,108.1,23.8%,1.6°,13.6°,21.4,7.1%,3,0.237,0.251,0.306,0.307,54.8%,21.4%,14.3%,61.3%,83.5%,81.8%,46.7%,34.4%,19
Fresno State,Sky Collins,All,644,111,86.5,104.8,107.9,37.8%,0.8°,10.6°,27.9,3.6%,4,0.259,0.218,0.306,0.294,51.4%,22.5%,18.9%,53.1%,75.6%,82.7%,36.3%,28.7%,71
Eastern Illinois,Pierce Bauerle,All,193,35,84.9,100.7,105.1,25.7%,11.6°,12.7°,25.7,2.9%,1,0.256,0.247,0.306,0.328,40.0%,28.6%,25.7%,38.3%,64.5%,75.5%,21.4%,33.8%,118
Troy,Cody Markham,All,463,73,85.7,102.4,107.0,28.8%,6.3°,3.4°,27.4,0.0%,0,0.229,0.263,0.306,0.334,49.3%,24.7%,23.3%,41.0%,56.3%,89.3%,31.1%,20.0%,62
James Madison,Reece Moody,All,629,124,79.7,95.6,99.8,12.1%,4.6°,2.7°,29.0,0.0%,0,0.262,0.24,0.306,0.307,56.5%,21.0%,18.5%,43.9%,69.3%,91.0%,22.5%,17.4%,114
South Carolina,Will Tippett,All,213,24,87.8,107.5,110.9,29.2%,18.5°,16.9°,29.2,12.5%,3,0.184,0.192,0.306,0.323,37.5%,33.3%,20.8%,40.4%,67.9%,76.4%,23.5%,39.5%,114
Ball State,Blake Bevis,All,327,62,92.0,105.7,110.7,53.2%,10.7°,12.0°,35.5,9.7%,6,0.256,0.313,0.305,0.403,43.5%,24.2%,25.8%,55.4%,80.9%,86.2%,33.1%,21.5%,104
Georgetown,Jeremy Sheffield,All,330,31,89.0,104.1,108.1,54.8%,2.3°,9.3°,32.3,9.7%,3,0.186,0.208,0.305,0.33,54.8%,16.1%,25.8%,33.0%,60.1%,72.3%,13.5%,39.4%,117
Milwaukee,Q Phillips IV,All,318,37,87.2,99.3,108.7,21.6%,20.9°,12.2°,43.2,2.7%,1,0.188,0.2,0.305,0.299,27.0%,27.0%,40.5%,35.8%,63.8%,75.0%,14.4%,33.3%,106
The Citadel,Noah Cadiz,All,96,20,80.3,94.6,97.0,5.0%,11.8°,2.6°,40.0,0.0%,0,0.24,0.321,0.305,0.349,40.0%,15.0%,40.0%,45.8%,67.4%,86.2%,28.3%,18.2%,102
Auburn,Deric Fabian,All,841,129,87.5,103.1,109.2,38.0%,10.7°,7.7°,26.4,3.9%,5,0.229,0.231,0.305,0.336,45.7%,21.7%,19.4%,42.2%,64.7%,78.4%,25.0%,27.6%,71
Tulane,Andrew McKenna,All,285,50,89.9,100.8,102.9,44.0%,8.0°,7.4°,36.0,4.0%,2,0.227,0.28,0.305,0.351,50.0%,22.0%,28.0%,51.6%,76.9%,84.0%,30.3%,27.9%,84
Mount Olive,Rowan Watt,All,70,10,89.3,95.2,95.6,10.0%,14.7°,5.6°,20.0,0.0%,0,0.267,0.17,0.305,0.254,50.0%,40.0%,10.0%,41.4%,70.4%,94.7%,23.3%,24.1%,83
Georgia Southern,Nico Senese,All,879,166,85.0,99.8,104.8,24.1%,14.5°,10.6°,34.9,0.0%,0,0.242,0.249,0.305,0.324,38.0%,33.1%,25.9%,45.4%,65.3%,92.7%,28.7%,13.8%,89
Boston College,Kyle Wolff,All,773,143,88.4,104.9,110.0,40.6%,12.5°,14.7°,37.1,7.7%,11,0.239,0.302,0.305,0.39,39.2%,23.8%,29.4%,48.1%,75.3%,89.1%,30.5%,20.7%,82
Texas,Jayden Duplantier,All,218,20,83.4,95.1,97.2,10.0%,28.1°,22.1°,20.0,0.0%,0,0.162,0.096,0.305,0.297,25.0%,65.0%,10.0%,34.9%,55.1%,85.2%,18.3%,22.4%,97
UNLV,Isaac Rodriguez,All,109,17,86.2,101.1,102.5,47.1%,2.2°,10.1°,29.4,0.0%,0,0.231,0.237,0.305,0.294,64.7%,11.8%,23.5%,44.0%,65.3%,78.1%,26.7%,35.4%,85
North Florida,Tyler Gerteisen,All,84,15,83.4,101.8,102.0,26.7%,0.2°,9.2°,33.3,6.7%,1,0.211,0.285,0.305,0.36,60.0%,26.7%,13.3%,40.5%,68.8%,86.4%,23.1%,29.4%,135
Jacksonville State,Matthew Cash,All,606,91,84.7,101.1,103.9,28.6%,2.9°,13.0°,30.8,2.2%,2,0.218,0.244,0.305,0.332,53.8%,22.0%,22.0%,38.8%,58.7%,84.2%,21.5%,20.4%,91
Omaha,Sam Beck,All,310,51,85.3,100.1,104.8,23.5%,10.8°,11.6°,37.3,0.0%,0,0.258,0.244,0.305,0.315,35.3%,21.6%,35.3%,48.4%,71.1%,90.6%,30.9%,15.3%,91
UMass Lowell,Jake Fitzgibbons,All,94,18,83.4,95.9,100.0,22.2%,12.4°,8.8°,27.8,0.0%,0,0.292,0.195,0.305,0.223,55.6%,16.7%,22.2%,38.3%,61.7%,93.1%,14.9%,16.7%,85
California Lutheran,Zach Gardner,All,67,14,88.6,98.1,99.6,21.4%,-5.5°,14.6°,28.6,0.0%,0,0.267,0.356,0.305,0.416,57.1%,7.1%,21.4%,41.8%,72.0%,88.9%,23.8%,25.0%,84
Indiana State,Eli Gipson,All,389,48,87.4,102.6,105.9,37.5%,7.6°,15.8°,39.6,6.2%,3,0.247,0.248,0.305,0.323,47.9%,29.2%,22.9%,40.1%,57.9%,84.0%,24.3%,26.9%,98
Bryan,Cade Cook,All,63,9,80.9,97.3,98.7,22.2%,11.9°,18.9°,55.6,0.0%,0,0.273,0.249,0.304,0.345,33.3%,11.1%,44.4%,55.6%,80.6%,80.0%,31.2%,28.6%,116
Central Arkansas,Gavin Alveti,All,66,8,85.8,103.0,107.3,37.5%,2.3°,11.2°,37.5,0.0%,0,0.25,0.215,0.304,0.313,37.5%,37.5%,25.0%,30.3%,48.5%,87.5%,12.1%,30.0%,78
Piedmont,Cody Funk,All,58,6,86.9,93.5,93.6,0.0%,21.7°,-,50.0,0.0%,0,0.25,0.205,0.304,0.28,33.3%,16.7%,33.3%,36.2%,64.0%,68.8%,15.2%,38.1%,116
Kansas State,Nick English,All,381,46,93.4,103.6,108.0,45.7%,12.3°,8.2°,32.6,4.3%,2,0.179,0.225,0.304,0.351,43.5%,28.3%,23.9%,30.7%,52.0%,91.0%,13.3%,23.9%,106
Southern Wesleyan,Zachary Kim,All,75,15,81.3,93.0,93.8,0.0%,17.4°,-,60.0,0.0%,0,0.304,0.156,0.304,0.176,33.3%,33.3%,33.3%,57.3%,60.0%,95.2%,55.0%,16.3%,-14
Memphis,Carter McKay,All,289,32,88.9,106.5,113.8,37.5%,17.3°,13.1°,31.2,6.2%,2,0.21,0.153,0.304,0.245,37.5%,43.8%,18.8%,38.1%,55.7%,70.3%,26.4%,48.2%,68
Abilene Christian,Zion Stephens,All,49,8,84.0,99.0,100.6,37.5%,11.7°,6.4°,50.0,0.0%,0,0.25,0.239,0.304,0.397,37.5%,12.5%,37.5%,46.9%,77.3%,82.4%,22.2%,26.1%,108
Stetson,Nelphie Lopez,All,422,71,86.9,100.7,104.9,33.8%,4.9°,13.6°,35.2,5.6%,4,0.26,0.265,0.304,0.318,53.5%,19.7%,22.5%,46.9%,66.3%,81.5%,31.5%,31.8%,53
Little Rock,Cooper Chaplain,All,322,56,85.7,100.0,103.8,30.4%,13.6°,5.5°,17.9,0.0%,0,0.274,0.201,0.304,0.256,41.1%,26.8%,16.1%,46.3%,76.7%,85.4%,29.1%,28.2%,103
Maine,Chris Bear,All,473,69,86.8,99.0,102.5,33.3%,9.9°,8.7°,42.0,0.0%,0,0.227,0.25,0.304,0.325,43.5%,18.8%,36.2%,38.1%,61.7%,81.9%,19.9%,28.3%,111
William & Mary,Henry Jackson,All,126,20,83.3,100.3,101.3,30.0%,19.4°,5.2°,25.0,0.0%,0,0.267,0.163,0.304,0.221,50.0%,30.0%,15.0%,52.4%,71.2%,76.6%,31.7%,28.8%,70
Oklahoma State,Jayson Jones,All,653,106,89.0,111.2,116.1,37.7%,12.6°,9.2°,29.2,8.5%,9,0.219,0.254,0.304,0.346,42.5%,27.4%,21.7%,46.9%,74.7%,78.1%,25.8%,27.1%,92
Michigan,Max Debiec,All,56,12,81.7,100.4,101.3,25.0%,-7.0°,14.1°,8.3,8.3%,1,0.25,0.224,0.304,0.401,58.3%,16.7%,8.3%,41.1%,58.3%,85.7%,28.1%,13.0%,102
Lipscomb,Keaton Mahan,All,427,65,89.2,101.9,110.2,43.1%,14.2°,13.7°,30.8,3.1%,2,0.19,0.27,0.304,0.393,38.5%,30.8%,23.1%,36.5%,56.7%,82.7%,19.7%,20.5%,104
Troy,Peyton Watts,All,420,69,83.5,99.2,102.7,26.1%,17.8°,11.1°,34.8,0.0%,0,0.239,0.256,0.304,0.331,40.6%,29.0%,26.1%,42.1%,64.4%,85.1%,24.1%,22.0%,99
UAB,Braxton Brooks,All,165,17,87.5,99.2,100.5,41.2%,13.2°,15.5°,17.6,5.9%,1,0.167,0.169,0.304,0.3,41.2%,29.4%,11.8%,44.8%,72.2%,75.4%,19.8%,28.4%,120
Fordham,Cian Sahler,All,517,117,80.2,98.3,101.5,15.4%,12.2°,11.1°,31.6,0.9%,1,0.262,0.246,0.304,0.299,42.7%,29.1%,24.8%,44.7%,67.3%,89.6%,30.5%,13.4%,87
Belmont,Michael Sprockett,All,538,98,86.0,100.0,104.1,32.7%,22.2°,21.8°,35.7,3.1%,3,0.239,0.221,0.304,0.276,27.6%,34.7%,25.5%,56.3%,81.0%,72.7%,33.6%,33.0%,75
NJIT,Andrew Eppinger,All,176,41,85.5,104.2,110.9,26.8%,7.4°,2.4°,22.0,0.0%,0,0.271,0.276,0.304,0.319,51.2%,24.4%,19.5%,47.7%,70.7%,86.8%,30.7%,25.0%,82
Oakland,Lucas Day,All,171,25,89.1,107.5,108.0,32.0%,8.8°,15.9°,20.0,8.0%,2,0.143,0.24,0.304,0.366,48.0%,28.0%,12.0%,47.4%,76.3%,86.7%,32.1%,30.9%,79
Eastern Michigan,Bruce Jellison,All,400,76,88.4,100.0,102.6,35.5%,11.2°,8.9°,30.3,0.0%,0,0.262,0.282,0.304,0.356,48.7%,23.7%,22.4%,41.5%,69.7%,92.7%,18.9%,13.9%,113
McNeese,Simon Larranaga,All,414,44,89.8,103.6,106.1,38.6%,13.9°,16.4°,34.1,6.8%,3,0.198,0.2,0.304,0.297,34.1%,29.5%,25.0%,42.5%,65.9%,62.5%,24.1%,44.3%,79
UC Santa Barbara,Reiss Calvin,All,267,32,86.8,103.6,105.2,31.2%,15.2°,13.6°,21.9,6.2%,2,0.208,0.216,0.304,0.346,40.6%,37.5%,18.8%,38.2%,66.3%,75.4%,23.4%,30.4%,102
McNeese,Matthew Stancliff,All,61,8,74.7,94.2,97.2,12.5%,-16.3°,9.0°,37.5,0.0%,0,0.25,0.178,0.304,0.255,75.0%,12.5%,12.5%,32.8%,58.3%,85.7%,16.2%,20.0%,127
Western Oregon,Zane Garvey,All,67,9,87.0,98.0,98.1,33.3%,5.6°,8.7°,44.4,0.0%,0,0.25,0.3,0.304,0.369,44.4%,22.2%,33.3%,37.3%,73.9%,88.2%,18.2%,24.0%,143
North Carolina A&T,Enrique Wood,All,294,52,82.9,101.5,105.5,23.1%,7.3°,10.6°,30.8,1.9%,1,0.236,0.217,0.303,0.292,51.9%,25.0%,19.2%,48.6%,73.3%,84.7%,32.6%,32.9%,73
Florida A&M,William Brown,All,101,19,86.5,101.5,102.7,31.6%,19.3°,16.8°,47.4,10.5%,2,0.222,0.231,0.303,0.295,31.6%,36.8%,26.3%,51.5%,63.6%,92.9%,42.1%,23.1%,58
Yale,Jack Dauer,All,446,98,84.5,97.3,102.0,25.5%,11.4°,6.1°,27.6,1.0%,1,0.265,0.253,0.303,0.3,48.0%,22.4%,22.4%,51.6%,65.5%,85.9%,39.6%,23.0%,47
Marshall,Jackson Golden,All,128,13,85.2,98.9,103.4,38.5%,6.4°,7.7°,38.5,0.0%,0,0.25,0.23,0.303,0.3,46.2%,30.8%,23.1%,40.6%,64.4%,71.1%,20.3%,30.8%,110
Bradley,Nicholas Hosie,All,456,95,82.8,98.7,102.6,17.9%,14.8°,15.3°,32.6,1.1%,1,0.232,0.239,0.303,0.316,38.9%,29.5%,24.2%,46.3%,69.3%,86.2%,22.7%,19.0%,101
Louisiana,Owen Galt,All,409,88,86.7,99.4,105.1,31.8%,7.2°,5.2°,35.2,1.1%,1,0.29,0.294,0.303,0.334,43.2%,23.9%,30.7%,50.9%,74.7%,83.5%,30.9%,23.6%,79
Longwood,Maclain Tufts,All,603,83,83.5,97.4,99.7,20.5%,6.1°,4.9°,34.9,0.0%,0,0.232,0.211,0.303,0.306,50.6%,19.3%,28.9%,36.8%,58.8%,88.1%,18.7%,18.9%,112
Houston Christian,Jackson Walker,All,243,48,83.3,99.0,103.1,20.8%,1.6°,9.8°,27.1,0.0%,0,0.258,0.262,0.303,0.311,56.2%,10.4%,29.2%,51.9%,81.3%,78.2%,28.7%,27.0%,122
Kentucky,Devin Burkes,All,706,126,89.5,106.7,110.3,42.9%,14.7°,14.5°,34.1,12.7%,16,0.21,0.27,0.303,0.389,36.5%,29.4%,24.6%,45.3%,72.7%,84.7%,23.3%,27.5%,87
Northern Kentucky,Marcus Harrison,All,259,31,89.1,102.0,107.2,45.2%,5.3°,9.5°,35.5,0.0%,0,0.196,0.241,0.303,0.37,48.4%,16.1%,32.3%,31.3%,54.5%,78.3%,14.1%,23.5%,118
Maine,Myles Sargent,All,306,57,85.2,99.3,104.6,26.3%,9.9°,12.4°,35.1,7.0%,4,0.253,0.267,0.303,0.355,36.8%,22.8%,31.6%,54.6%,75.2%,88.7%,39.5%,19.2%,67
Saint Francis (IN),Xavier Nolan,All,126,18,80.2,96.8,98.1,16.7%,7.5°,16.2°,33.3,0.0%,0,0.207,0.145,0.303,0.23,38.9%,16.7%,27.8%,27.0%,32.8%,81.0%,21.0%,23.5%,64
Wofford,David Wiley,All,764,121,85.3,102.1,106.4,28.1%,13.9°,12.9°,30.6,2.5%,3,0.234,0.243,0.303,0.333,38.8%,24.8%,26.4%,43.6%,70.1%,89.1%,23.6%,21.3%,108
Ball State,Gavin Balius,All,289,50,80.9,95.1,95.9,10.0%,-7.9°,1.4°,20.0,0.0%,0,0.286,0.268,0.303,0.333,74.0%,2.0%,20.0%,40.1%,63.9%,90.6%,19.9%,16.4%,102
Angelo State,Weston Valasek,All,68,12,86.2,99.2,99.5,16.7%,12.5°,13.1°,25.0,0.0%,0,0.286,0.285,0.303,0.321,41.7%,16.7%,33.3%,52.9%,65.5%,89.5%,43.6%,25.0%,38
Delaware,Brett Lesher,All,740,109,89.3,108.5,114.2,39.4%,7.2°,16.7°,32.1,11.9%,13,0.233,0.241,0.303,0.344,41.3%,26.6%,28.4%,44.7%,64.3%,76.2%,30.3%,30.8%,72
Liberty,Easton Swofford,All,430,86,88.1,101.7,105.6,36.0%,11.4°,13.3°,43.0,5.8%,5,0.248,0.318,0.303,0.409,38.4%,24.4%,34.9%,45.1%,71.4%,88.0%,20.0%,18.6%,126
Emory & Henry,Matt Hill,All,133,15,84.3,98.8,100.1,26.7%,23.5°,23.9°,46.7,0.0%,0,0.16,0.201,0.303,0.331,26.7%,33.3%,40.0%,38.3%,59.6%,67.7%,24.7%,39.2%,110
Stephen F. Austin,Mark Henning,All,174,36,86.6,98.2,102.1,22.2%,10.6°,13.1°,36.1,0.0%,0,0.231,0.28,0.303,0.347,41.7%,13.9%,36.1%,50.6%,77.4%,87.7%,25.6%,20.5%,114
Pacific Lutheran,Ethan Keintz,All,58,12,84.7,104.4,106.1,33.3%,23.4°,4.5°,25.0,8.3%,1,0.267,0.281,0.303,0.357,33.3%,50.0%,16.7%,51.7%,87.0%,95.0%,28.6%,26.7%,70
Saint Louis,Ian Halverson,All,218,29,89.8,101.0,102.3,44.8%,8.9°,21.8°,34.5,3.4%,1,0.167,0.239,0.303,0.36,44.8%,24.1%,24.1%,36.7%,59.6%,84.7%,17.6%,22.5%,97
Lindenwood,Tyler Thompson,All,99,18,83.6,93.0,93.0,5.6%,-2.8°,-2.0°,44.4,0.0%,0,0.238,0.321,0.303,0.43,50.0%,5.6%,44.4%,44.4%,69.0%,96.6%,26.3%,11.4%,111
Harvard,Max Lane,All,241,31,85.6,104.4,105.9,32.3%,9.8°,16.5°,19.4,9.7%,3,0.178,0.202,0.303,0.353,48.4%,41.9%,6.5%,40.2%,65.2%,86.7%,17.5%,20.6%,100
Cal State Northridge,Elijah Fairchild,All,322,38,82.1,96.7,99.8,13.2%,8.6°,7.8°,28.9,0.0%,0,0.226,0.21,0.303,0.304,55.3%,18.4%,23.7%,41.0%,64.1%,92.9%,25.1%,24.2%,92
Fresno Pacific,Gavin Enns,All,61,10,84.3,97.0,97.2,20.0%,4.4°,9.9°,30.0,0.0%,0,0.154,0.231,0.303,0.332,50.0%,30.0%,20.0%,34.4%,53.3%,81.2%,16.1%,33.3%,130
North Carolina A&T,Nick DiCarlo,All,235,56,79.0,93.0,97.3,5.4%,10.4°,13.7°,44.6,0.0%,0,0.27,0.272,0.303,0.322,42.9%,26.8%,30.4%,51.9%,78.5%,97.3%,34.5%,12.3%,94
San Diego,Aden Howard,All,698,109,81.2,101.2,105.0,24.8%,7.5°,9.9°,25.7,1.8%,2,0.256,0.185,0.302,0.232,48.6%,26.6%,22.0%,49.0%,65.6%,83.5%,35.4%,28.4%,51
UCF,Aris Rivera,All,95,20,90.2,107.9,113.1,30.0%,14.4°,9.4°,35.0,5.0%,1,0.321,0.304,0.302,0.336,45.0%,30.0%,25.0%,51.6%,66.0%,81.8%,35.6%,30.6%,61
Houston,Anthony Avalos,All,165,26,85.2,97.2,99.1,19.2%,21.5°,13.8°,34.6,0.0%,0,0.263,0.205,0.302,0.287,34.6%,26.9%,26.9%,46.1%,74.3%,78.2%,23.1%,27.6%,92
Florida A&M,Jordan Brown,All,62,5,81.9,85.4,87.7,20.0%,-0.5°,-9.4°,40.0,0.0%,0,0.222,0.235,0.302,0.32,40.0%,20.0%,40.0%,38.7%,65.4%,82.4%,19.4%,20.8%,96
Florida Memorial,Jason Ramos,All,53,5,79.3,95.0,96.7,20.0%,-1.5°,14.0°,20.0,0.0%,0,0.222,0.183,0.302,0.285,60.0%,20.0%,20.0%,22.6%,23.5%,100.0%,22.2%,16.7%,60
UNC Asheville,Rylen Stockton,All,308,51,86.6,100.8,104.3,33.3%,12.8°,9.1°,29.4,3.9%,2,0.292,0.254,0.302,0.298,45.1%,25.5%,25.5%,50.6%,70.9%,78.1%,31.9%,26.3%,84
Youngstown State,Jay Michael Wrona,All,274,49,84.1,99.0,101.7,26.5%,-1.7°,13.1°,42.9,0.0%,0,0.232,0.348,0.302,0.431,57.1%,6.1%,34.7%,38.0%,58.7%,91.5%,21.6%,15.4%,90
Binghamton,Steven Kraus,All,121,24,86.1,101.4,106.2,29.2%,4.1°,10.0°,20.8,4.2%,1,0.212,0.195,0.302,0.251,58.3%,20.8%,16.7%,56.2%,75.0%,81.0%,40.0%,27.9%,74
UAB,Jaden Anderson,All,202,28,93.6,106.4,106.5,60.7%,13.4°,8.6°,32.1,0.0%,0,0.2,0.276,0.302,0.369,39.3%,10.7%,35.7%,34.7%,49.5%,81.6%,20.4%,30.0%,95
Rice,Treyton Rank,All,672,106,86.4,101.8,105.7,34.9%,4.4°,12.5°,27.4,2.8%,3,0.261,0.23,0.302,0.282,54.7%,21.7%,22.6%,51.2%,75.2%,81.1%,34.7%,32.3%,80
CSU Bakersfield,Tyler Leroy,All,513,68,89.0,103.0,106.8,38.2%,5.6°,14.3°,38.2,5.9%,4,0.25,0.254,0.302,0.349,44.1%,20.6%,30.9%,39.6%,60.9%,78.9%,21.8%,30.0%,92
Lehigh,Sam Holtz,All,197,23,84.3,96.3,99.2,17.4%,26.4°,20.3°,43.5,4.3%,1,0.152,0.16,0.302,0.302,17.4%,52.2%,26.1%,42.6%,73.0%,88.9%,24.4%,20.2%,130
Belmont,Gardner Lawrence,All,367,64,81.1,98.7,99.4,20.3%,6.3°,8.7°,25.0,0.0%,0,0.222,0.23,0.302,0.304,54.7%,15.6%,21.9%,43.9%,70.5%,88.3%,26.2%,21.7%,113
UAB,Tyler Waugh,All,547,69,83.3,99.1,103.4,15.9%,6.6°,8.5°,27.5,0.0%,0,0.178,0.228,0.302,0.34,50.7%,23.2%,20.3%,31.8%,51.8%,93.2%,14.4%,14.4%,108
Rice,Tobias Motley,All,349,61,84.4,104.7,106.9,29.5%,-0.1°,11.7°,31.1,3.3%,2,0.253,0.241,0.302,0.296,54.1%,18.0%,23.0%,46.4%,65.4%,86.0%,31.6%,31.5%,77
Concord,D.J. Christian,All,54,10,87.9,91.8,94.0,0.0%,21.8°,-,40.0,0.0%,0,0.25,0.246,0.302,0.297,20.0%,20.0%,40.0%,46.3%,94.4%,88.2%,22.2%,16.0%,146
Tarleton State,Slade McCloud,All,307,64,84.9,98.5,108.7,23.4%,14.8°,16.0°,40.6,0.0%,0,0.269,0.24,0.302,0.307,34.4%,25.0%,32.8%,53.4%,79.3%,87.0%,37.7%,29.3%,59
Hawaii Pacific,Kan Taguchi,All,66,11,85.3,100.9,102.2,27.3%,-2.0°,5.6°,27.3,0.0%,0,0.2,0.176,0.301,0.302,63.6%,18.2%,18.2%,31.8%,61.5%,81.2%,12.5%,23.8%,155
Western Oregon,Andre Jackson,All,54,8,81.1,95.9,96.6,12.5%,4.9°,6.1°,25.0,0.0%,0,0.25,0.168,0.301,0.215,50.0%,25.0%,25.0%,50.0%,68.0%,100.0%,34.5%,25.9%,89
Toledo,Brayden White,All,560,105,86.5,101.5,107.1,35.2%,17.7°,17.6°,33.3,4.8%,5,0.258,0.263,0.301,0.347,33.3%,37.1%,24.8%,45.7%,68.3%,89.3%,28.0%,19.1%,101
UNC Greensboro,Tyler Steele,All,248,44,81.5,101.1,104.8,15.9%,4.8°,16.3°,31.8,4.5%,2,0.222,0.202,0.301,0.249,54.5%,22.7%,20.5%,48.0%,70.5%,82.4%,31.5%,30.3%,68
Cornell,Owen Carlson,All,422,82,83.1,98.5,102.3,24.4%,5.6°,9.5°,31.7,2.4%,2,0.255,0.264,0.301,0.336,51.2%,14.6%,25.6%,40.8%,67.6%,86.6%,19.2%,18.6%,128
Dartmouth,Chris Miller,All,219,33,82.6,98.5,104.3,21.2%,17.8°,13.6°,30.3,0.0%,0,0.244,0.21,0.301,0.304,30.3%,33.3%,21.2%,41.6%,62.8%,81.4%,25.6%,27.5%,71
Marian (IN),Hector Corona,All,52,10,79.9,95.3,97.5,10.0%,21.5°,14.3°,50.0,0.0%,0,0.267,0.169,0.301,0.193,20.0%,30.0%,40.0%,50.0%,76.2%,75.0%,32.3%,34.6%,116
Lafayette,Matthew Colella,All,625,142,83.3,95.8,100.6,14.1%,11.1°,0.2°,31.7,0.0%,0,0.271,0.255,0.301,0.329,44.4%,31.0%,21.1%,41.9%,65.4%,94.1%,22.1%,10.3%,100
Georgia Southern,Jonathan Jaime,All,358,79,81.8,97.6,102.5,17.7%,7.8°,5.8°,35.4,1.3%,1,0.256,0.261,0.301,0.315,45.6%,25.3%,25.3%,45.8%,68.9%,88.7%,25.7%,19.5%,104
Troy,Jakob Wax,All,399,62,84.2,101.7,106.0,32.3%,9.9°,16.0°,30.6,3.2%,2,0.256,0.234,0.301,0.293,48.4%,16.1%,29.0%,42.9%,60.3%,84.2%,25.5%,22.2%,98
Texas State,Samson Pugh,All,696,124,88.7,102.3,106.4,39.5%,14.2°,9.4°,39.5,4.8%,6,0.265,0.269,0.301,0.336,34.7%,27.4%,30.6%,47.4%,69.2%,87.3%,27.7%,23.3%,90
San Francisco State,Justin Johnson,All,45,11,90.5,104.9,107.0,45.5%,16.4°,12.7°,45.5,0.0%,0,0.267,0.249,0.301,0.288,36.4%,27.3%,36.4%,68.9%,92.0%,73.9%,40.0%,41.9%,82
Texas,Easton Winfield,All,209,22,92.4,106.1,107.0,59.1%,-1.2°,10.8°,36.4,9.1%,2,0.205,0.226,0.301,0.341,54.5%,13.6%,27.3%,39.2%,53.3%,67.3%,28.2%,45.1%,78
Utah Tech,Levi Randall,All,470,66,81.4,96.0,99.9,15.2%,7.2°,6.3°,28.8,0.0%,0,0.26,0.198,0.301,0.283,51.5%,16.7%,22.7%,37.2%,53.9%,91.9%,24.2%,16.0%,103
East Carolina,Michael Kalinich,All,303,37,85.7,99.1,106.0,35.1%,3.3°,10.3°,29.7,2.7%,1,0.196,0.233,0.301,0.341,56.8%,13.5%,24.3%,39.3%,61.5%,84.3%,21.4%,25.2%,104
Morehead State,Andrew Cisneros,All,412,111,81.7,95.8,101.2,12.6%,6.0°,7.4°,27.0,0.0%,0,0.281,0.307,0.301,0.344,51.4%,18.0%,25.2%,54.4%,78.2%,94.7%,33.3%,11.2%,94
Boston College,Cesar Gonzalez,All,125,16,83.8,95.0,101.3,25.0%,18.6°,1.7°,43.8,0.0%,0,0.2,0.257,0.301,0.374,25.0%,50.0%,25.0%,32.0%,50.9%,85.7%,17.1%,17.5%,94
Ave Maria,Davis Blair,All,101,18,85.3,97.9,100.7,22.2%,3.5°,3.3°,33.3,0.0%,0,0.259,0.21,0.301,0.247,44.4%,16.7%,27.8%,53.5%,75.5%,81.1%,32.7%,33.3%,87
Delta State,Dylan Coleman,All,48,7,88.4,99.7,103.0,14.3%,14.4°,1.7°,0.0,0.0%,0,0.25,0.113,0.301,0.167,57.1%,42.9%,0.0%,41.7%,61.9%,76.9%,25.9%,40.0%,96
Purdue,Will Briggs,All,35,5,81.9,92.3,95.2,20.0%,19.7°,33.5°,20.0,0.0%,0,0.2,0.117,0.3,0.295,40.0%,40.0%,20.0%,37.1%,60.0%,83.3%,6.7%,23.1%,147
Kansas,Ty Wisdom,All,103,19,91.6,102.8,102.8,57.9%,9.6°,13.2°,21.1,10.5%,2,0.24,0.283,0.3,0.39,47.4%,36.8%,15.8%,39.8%,62.0%,64.5%,18.9%,39.0%,106
West Alabama,Bryce Newman,All,48,12,81.0,94.2,95.3,16.7%,17.7°,15.6°,25.0,0.0%,0,0.25,0.359,0.3,0.37,41.7%,41.7%,16.7%,50.0%,72.2%,84.6%,36.7%,12.5%,93
Lee,Isaiah French,All,338,73,88.4,102.0,104.9,39.7%,1.6°,10.6°,28.8,0.0%,0,0.266,0.301,0.3,0.36,53.4%,19.2%,24.7%,46.2%,69.0%,90.8%,29.6%,16.7%,106
Florida State,Jaxson West,All,663,125,87.1,102.3,108.9,40.0%,9.3°,7.0°,28.8,2.4%,3,0.216,0.292,0.3,0.385,49.6%,16.0%,23.2%,38.5%,63.4%,95.7%,18.5%,8.6%,120
Lincoln Memorial,Kevin Fernandez,All,104,14,84.1,102.6,104.7,28.6%,15.9°,27.9°,35.7,14.3%,2,0.167,0.194,0.3,0.29,42.9%,35.7%,21.4%,45.2%,69.0%,86.2%,29.0%,34.0%,117
UVa Wise,Joshua Morgan,All,74,15,86.9,101.1,103.5,26.7%,16.6°,12.6°,66.7,0.0%,0,0.238,0.275,0.3,0.335,20.0%,26.7%,53.3%,55.4%,73.3%,81.8%,43.2%,22.0%,66
Western Carolina,Cameron Murray,All,98,21,81.6,95.4,97.6,14.3%,14.0°,16.4°,33.3,0.0%,0,0.217,0.22,0.3,0.328,42.9%,42.9%,14.3%,45.9%,69.8%,86.7%,27.3%,33.3%,76
Queens (NC),Caleb Stewart,All,151,28,88.4,101.5,104.1,28.6%,10.3°,3.6°,35.7,7.1%,2,0.25,0.266,0.3,0.309,50.0%,25.0%,25.0%,51.0%,72.5%,88.0%,32.9%,22.1%,67
South Carolina,Evan Stone,All,362,56,89.4,103.9,110.1,41.1%,23.5°,17.6°,35.7,10.7%,6,0.198,0.226,0.3,0.332,30.4%,37.5%,25.0%,49.7%,71.9%,80.0%,30.8%,28.9%,87
Houston,Tyler Cox,All,656,118,84.9,99.2,102.4,22.9%,0.3°,0.9°,27.1,0.8%,1,0.271,0.267,0.3,0.322,59.3%,16.1%,22.9%,39.8%,56.4%,93.3%,26.7%,13.4%,76
Lindenwood,Kameron Edwards,All,151,20,76.7,98.7,99.4,10.0%,-4.2°,18.1°,40.0,5.0%,1,0.226,0.205,0.3,0.267,50.0%,15.0%,30.0%,43.7%,63.0%,73.9%,25.6%,34.8%,117
Boston College,Colin Larson,All,244,28,84.2,104.8,108.1,28.6%,9.4°,14.4°,32.1,3.6%,1,0.178,0.193,0.3,0.326,42.9%,28.6%,25.0%,35.7%,60.7%,73.8%,16.1%,31.0%,140
Texas State,Rashawn Galloway,All,165,35,91.2,103.0,104.3,37.1%,3.2°,2.1°,28.6,0.0%,0,0.25,0.259,0.3,0.325,57.1%,14.3%,25.7%,38.2%,54.4%,83.7%,23.3%,25.4%,70
Bucknell,Ryan Facinelli,All,555,69,86.8,105.3,107.0,40.6%,7.8°,13.3°,36.2,10.1%,7,0.207,0.234,0.3,0.343,47.8%,17.4%,30.4%,38.6%,61.1%,76.0%,21.5%,36.9%,108
Iona,Damian Rodriguez,All,111,22,79.4,93.2,96.7,13.6%,-1.3°,-1.5°,27.3,0.0%,0,0.222,0.208,0.3,0.285,50.0%,27.3%,22.7%,44.1%,80.5%,87.9%,22.9%,22.4%,128
Chapman,Ryan Nopper,All,201,31,76.7,93.2,95.3,3.2%,13.2°,21.1°,41.9,0.0%,0,0.222,0.224,0.3,0.285,45.2%,29.0%,22.6%,39.8%,66.7%,85.2%,21.7%,26.2%,110
Rutgers,Jt Thompson,All,706,143,80.3,95.9,99.3,11.2%,5.6°,8.2°,28.0,0.7%,1,0.259,0.278,0.3,0.328,53.1%,21.0%,22.4%,43.6%,63.9%,92.3%,26.4%,12.3%,83
Wingate,Landon Meyer,All,26,6,81.6,93.6,96.5,16.7%,21.3°,0.3°,16.7,0.0%,0,0.167,0.211,0.3,0.344,50.0%,16.7%,16.7%,34.6%,80.0%,100.0%,6.2%,0.0%,195
McNeese,Davis Meche,All,37,5,79.9,94.6,96.1,20.0%,-2.7°,10.7°,20.0,0.0%,0,0.25,0.171,0.299,0.212,60.0%,20.0%,20.0%,59.5%,76.5%,84.6%,45.0%,18.2%,106
Siena,Nick Bergamotto,All,96,13,89.8,95.1,95.7,38.5%,7.2°,-10.9°,15.4,0.0%,0,0.227,0.163,0.299,0.195,61.5%,7.7%,15.4%,40.6%,51.3%,80.0%,33.3%,38.5%,19
Stonehill,Ryan LeClair,All,179,30,85.3,96.4,100.0,23.3%,17.4°,22.6°,40.0,0.0%,0,0.22,0.186,0.299,0.245,36.7%,40.0%,20.0%,42.5%,68.0%,84.3%,24.0%,19.7%,121
Mercer,David Falloon,All,77,7,89.2,106.1,106.9,71.4%,0.4°,4.2°,42.9,14.3%,1,0.2,0.168,0.299,0.3,57.1%,0.0%,42.9%,46.8%,82.1%,73.9%,26.5%,33.3%,72
Manhattan,Colin Basehore,All,154,22,80.9,98.4,100.0,36.4%,-4.9°,6.6°,36.4,0.0%,0,0.207,0.267,0.299,0.349,63.6%,13.6%,18.2%,45.5%,74.1%,72.1%,28.1%,30.0%,93
McNeese,Braley Hollins,All,70,8,81.1,93.9,98.1,12.5%,15.1°,3.9°,25.0,0.0%,0,0.2,0.214,0.299,0.308,50.0%,25.0%,25.0%,42.9%,63.6%,61.9%,24.3%,46.7%,140
Charlotte,Thad Ector,All,440,65,87.1,104.4,110.1,35.4%,8.8°,12.4°,32.3,4.6%,3,0.196,0.207,0.299,0.331,47.7%,29.2%,13.8%,40.2%,62.9%,76.6%,25.9%,32.2%,103
Bradley,CJ Trask,All,144,25,90.1,102.6,106.6,32.0%,11.7°,12.3°,40.0,8.0%,2,0.162,0.197,0.299,0.291,36.0%,28.0%,28.0%,40.3%,58.5%,81.6%,25.3%,36.2%,72
Akron,Austin Lafferty,All,245,42,88.1,100.1,104.9,21.4%,17.1°,18.4°,35.7,4.8%,2,0.259,0.25,0.299,0.31,33.3%,23.8%,28.6%,37.6%,62.7%,83.8%,14.2%,26.1%,130
Utah Valley,Kevin Parker,All,30,8,85.8,99.9,103.6,37.5%,31.5°,3.8°,12.5,0.0%,0,0.222,0.222,0.299,0.271,25.0%,25.0%,25.0%,53.3%,85.7%,75.0%,25.0%,31.2%,116
Texas A&M,Hayden Schott,All,529,81,89.2,105.1,108.8,40.7%,4.2°,11.6°,23.5,6.2%,5,0.233,0.246,0.299,0.338,51.9%,22.2%,19.8%,43.9%,67.6%,78.2%,23.5%,31.9%,93
St. John's,Adam Agresti,All,569,78,88.2,107.9,113.5,41.0%,29.3°,25.3°,32.1,16.7%,13,0.179,0.234,0.299,0.391,19.2%,47.4%,23.1%,47.3%,78.3%,77.0%,24.0%,29.7%,92
San Diego State,Zane Kelly,All,599,98,81.7,99.2,107.9,18.4%,19.2°,13.8°,29.6,0.0%,0,0.245,0.198,0.299,0.258,32.7%,35.7%,25.5%,47.7%,69.7%,83.5%,30.8%,25.2%,75
Lincoln Memorial,Kasten Harvey,All,152,37,90.1,102.7,103.5,43.2%,12.0°,8.4°,32.4,2.7%,1,0.227,0.299,0.299,0.363,43.2%,24.3%,32.4%,52.0%,76.9%,84.0%,33.3%,21.5%,104
Miami (OH),Jake Vrlak,All,82,6,80.0,102.1,104.1,16.7%,2.2°,3.2°,16.7,0.0%,0,0.214,0.179,0.299,0.259,66.7%,16.7%,16.7%,36.6%,58.1%,72.2%,23.5%,46.7%,60
Southeast Missouri,Caleb Corbin,All,258,57,82.9,99.5,102.7,28.1%,8.1°,7.8°,33.3,0.0%,0,0.27,0.263,0.299,0.332,43.9%,28.1%,24.6%,46.5%,66.9%,91.8%,26.7%,13.3%,92
UAB,Ty Mauldin,All,109,17,76.7,95.6,102.3,5.9%,16.7°,10.7°,17.6,0.0%,0,0.19,0.125,0.299,0.254,41.2%,41.2%,11.8%,44.0%,68.2%,93.3%,27.7%,22.9%,109
UNC Greensboro,Luke Holland,All,610,75,82.5,106.3,112.0,25.3%,13.5°,21.6°,38.7,9.3%,7,0.214,0.186,0.299,0.281,37.3%,25.3%,30.7%,43.4%,68.2%,70.1%,26.8%,37.0%,105
Tennessee Tech,Eddie Garza,All,192,33,84.8,100.3,102.6,21.2%,10.8°,12.5°,33.3,0.0%,0,0.25,0.234,0.299,0.307,45.5%,24.2%,27.3%,50.5%,76.7%,83.3%,29.2%,26.8%,105
VCU,Trent Adelman,All,608,103,87.2,106.2,112.7,42.7%,9.2°,5.7°,30.1,3.9%,4,0.242,0.274,0.299,0.34,44.7%,27.2%,24.3%,46.4%,68.2%,84.7%,30.3%,24.5%,63
Nevada,Jackson Waller,All,669,166,84.9,101.3,106.0,34.9%,6.7°,6.9°,27.1,1.8%,3,0.243,0.26,0.299,0.315,50.0%,23.5%,19.9%,51.6%,68.6%,92.4%,38.7%,16.5%,60
Rider,Matthew Leahy,All,202,29,77.1,91.8,97.4,3.4%,13.9°,18.1°,24.1,0.0%,0,0.222,0.153,0.299,0.234,37.9%,41.4%,13.8%,49.5%,71.7%,87.9%,30.9%,22.0%,89
Illinois State,Josh Outlaw,All,395,80,88.6,101.1,106.1,37.5%,-3.0°,1.1°,27.5,1.2%,1,0.257,0.276,0.299,0.315,60.0%,10.0%,27.5%,50.6%,76.6%,88.8%,30.0%,21.5%,96
CSU Bakersfield,Ryan Ruch,All,115,12,78.7,94.2,95.2,16.7%,22.5°,25.6°,25.0,0.0%,0,0.19,0.116,0.299,0.279,25.0%,50.0%,25.0%,36.5%,64.6%,71.0%,16.4%,33.3%,136
Nicholls,Fisher Ingersoll,All,478,52,92.4,104.6,109.0,57.7%,12.3°,18.1°,46.2,15.4%,8,0.218,0.24,0.298,0.356,36.5%,34.6%,26.9%,52.7%,79.6%,75.0%,33.2%,38.9%,91
Bellarmine,Luke Scales,All,368,65,83.9,99.0,103.4,20.0%,6.3°,3.3°,27.7,0.0%,0,0.231,0.254,0.298,0.327,50.8%,18.5%,23.1%,38.6%,61.9%,97.0%,20.7%,10.6%,116
Rhode Island,Ryan Henschel,All,177,27,85.2,99.0,106.0,22.2%,16.0°,7.4°,25.9,0.0%,0,0.211,0.253,0.298,0.317,51.9%,18.5%,22.2%,40.7%,63.7%,82.4%,21.6%,26.4%,94
The Citadel,Aryan Patel,All,443,69,84.8,100.3,101.2,29.0%,6.3°,8.7°,34.8,1.4%,1,0.253,0.253,0.298,0.332,47.8%,15.9%,30.4%,37.7%,59.3%,92.2%,17.2%,13.2%,92
UNC Asheville,Canon Pierce,All,117,23,76.1,95.1,95.3,8.7%,-0.4°,16.9°,8.7,0.0%,0,0.233,0.184,0.298,0.229,65.2%,21.7%,4.3%,43.6%,67.3%,78.4%,22.6%,25.5%,96
Kent State,Micah Rienstra-Kiracofe,All,272,50,82.5,100.3,105.0,32.0%,12.1°,7.3°,28.0,0.0%,0,0.206,0.252,0.298,0.336,40.0%,26.0%,24.0%,37.9%,54.2%,87.7%,25.0%,23.3%,76
Chowan,Caden Rector,All,95,10,80.5,94.9,97.7,20.0%,5.7°,-3.3°,30.0,0.0%,0,0.143,0.176,0.298,0.336,50.0%,30.0%,20.0%,28.4%,58.1%,88.9%,14.1%,22.2%,111
Azusa Pacific,Antonio Lujan,All,56,14,90.2,104.7,105.4,35.7%,12.5°,11.7°,42.9,7.1%,1,0.2,0.285,0.298,0.394,35.7%,21.4%,35.7%,58.9%,83.3%,90.0%,40.6%,15.2%,55
St. Bonaventure,Alex Hebenstreit,All,131,13,91.1,106.8,109.5,46.2%,-5.7°,10.0°,38.5,0.0%,0,0.16,0.167,0.298,0.358,38.5%,7.7%,30.8%,30.5%,48.1%,61.5%,18.2%,42.5%,87
Stony Brook,Scott Gell,All,65,15,87.2,98.1,98.3,26.7%,10.3°,18.4°,26.7,6.7%,1,0.188,0.243,0.298,0.331,46.7%,33.3%,13.3%,44.6%,67.9%,78.9%,27.0%,24.1%,73
UNC Asheville,Brock Mercado,All,207,36,77.9,94.1,97.6,8.3%,9.4°,15.1°,38.9,0.0%,0,0.238,0.242,0.298,0.314,44.4%,13.9%,36.1%,45.9%,61.5%,87.5%,33.6%,22.1%,90
Rutgers,RJ Johnson,All,693,96,81.1,102.9,108.3,31.2%,9.1°,15.1°,28.1,3.1%,3,0.216,0.227,0.298,0.345,42.7%,28.1%,24.0%,40.8%,64.7%,82.7%,24.1%,27.6%,97
Long Island,Joe Durso,All,399,53,88.0,101.5,105.6,37.7%,24.7°,19.4°,43.4,3.8%,2,0.203,0.215,0.298,0.342,22.6%,41.5%,22.6%,43.9%,73.0%,81.9%,24.6%,27.4%,104
Hofstra,Dom Camera,All,257,47,81.2,96.4,103.4,19.1%,3.2°,2.6°,25.5,0.0%,0,0.226,0.204,0.298,0.271,51.1%,25.5%,19.1%,49.4%,72.8%,77.3%,33.8%,33.9%,85
Valparaiso,Spencer Warfield,All,635,91,83.3,100.3,107.3,18.7%,22.0°,23.0°,33.0,6.6%,6,0.182,0.205,0.298,0.297,28.6%,41.8%,23.1%,42.2%,66.9%,76.5%,21.1%,29.5%,104
James Madison,Jack Anderson,All,316,58,82.0,97.3,100.1,13.8%,17.7°,20.2°,31.0,1.7%,1,0.269,0.209,0.298,0.26,31.0%,31.0%,27.6%,53.8%,74.8%,81.8%,35.5%,27.6%,62
Santa Clara,Koen Carston,All,167,28,86.5,97.2,100.8,25.0%,3.2°,4.7°,25.0,0.0%,0,0.27,0.259,0.298,0.305,64.3%,14.3%,17.9%,42.5%,64.8%,93.5%,26.0%,21.1%,95
Air Force,Kayden Bradshaw,All,55,10,85.2,98.1,98.4,20.0%,3.8°,6.8°,10.0,0.0%,0,0.294,0.164,0.298,0.298,70.0%,10.0%,0.0%,49.1%,74.1%,90.0%,25.0%,22.2%,74
Queens (NC),Nick Alderfer,All,320,49,85.2,96.9,100.9,30.6%,11.4°,11.3°,26.5,2.0%,1,0.217,0.199,0.298,0.278,38.8%,34.7%,20.4%,48.4%,79.6%,73.5%,23.6%,32.3%,103
Utah,Derek Smith,All,464,58,88.6,106.9,112.9,34.5%,19.4°,20.0°,34.5,12.1%,7,0.208,0.199,0.298,0.307,36.2%,32.8%,22.4%,44.0%,64.8%,69.7%,25.3%,41.2%,87
St. Thomas (TX),Jarod Smith,All,58,14,76.1,88.6,89.5,0.0%,3.1°,-,14.3,0.0%,0,0.286,0.273,0.298,0.299,64.3%,14.3%,14.3%,50.0%,76.7%,95.7%,21.4%,10.3%,110
NJIT,Andrew Hart,All,83,16,84.7,92.8,94.6,0.0%,13.3°,-,43.8,0.0%,0,0.3,0.295,0.298,0.302,31.2%,31.2%,31.2%,44.6%,75.0%,92.6%,21.3%,16.2%,116
Pepperdine,Finley Buckner,All,29,9,91.3,99.6,100.9,33.3%,28.5°,23.3°,44.4,22.2%,2,0.2,0.318,0.297,0.436,22.2%,55.6%,22.2%,51.7%,70.6%,100.0%,25.0%,6.7%,127
Eastern Kentucky,Nazir Mendez,All,158,17,89.4,109.4,110.4,52.9%,7.8°,14.0°,23.5,17.6%,3,0.161,0.192,0.297,0.342,52.9%,29.4%,11.8%,33.5%,53.5%,71.1%,17.2%,32.1%,64
St. John's,Sean Britt,All,291,43,85.4,98.3,100.6,20.9%,2.4°,12.3°,34.9,2.3%,1,0.233,0.285,0.297,0.368,58.1%,9.3%,30.2%,44.7%,69.0%,86.2%,26.1%,21.5%,97
Anderson (SC),Carson Molinaroli,All,417,72,78.0,93.6,99.5,2.8%,3.7°,9.0°,27.8,0.0%,0,0.277,0.229,0.297,0.274,51.4%,19.4%,23.6%,40.0%,59.5%,95.0%,26.9%,10.2%,94
Norfolk State,Brendan Burke,All,59,6,82.5,99.3,100.8,16.7%,-14.2°,6.5°,0.0,0.0%,0,0.167,0.11,0.297,0.321,66.7%,0.0%,0.0%,47.5%,77.8%,42.9%,34.1%,50.0%,58
Villanova,Connor Hale,All,539,71,83.1,99.1,102.7,19.7%,20.3°,22.4°,33.8,1.4%,1,0.194,0.215,0.297,0.328,33.8%,38.0%,23.9%,41.6%,68.2%,78.8%,19.9%,25.9%,115
Hawaii Pacific,Daniel Johnson,All,113,19,80.8,95.6,99.1,10.5%,15.8°,14.5°,26.3,0.0%,0,0.182,0.162,0.297,0.298,47.4%,36.8%,10.5%,40.7%,67.3%,81.8%,20.3%,17.4%,113
Mississippi State,Ross Highfill,All,450,54,83.2,104.0,108.0,40.7%,7.6°,8.6°,33.3,3.7%,2,0.228,0.214,0.297,0.316,37.0%,16.7%,37.0%,45.3%,67.0%,77.1%,26.6%,33.3%,85
USC Upstate,Brady Small,All,54,5,72.5,94.5,99.2,40.0%,-12.9°,-1.3°,0.0,0.0%,0,0.111,0.152,0.297,0.326,80.0%,20.0%,0.0%,40.7%,88.2%,60.0%,18.9%,45.5%,169
East Texas Baptist,Carson Livesay,All,52,7,82.8,96.2,97.6,28.6%,7.2°,4.0°,28.6,0.0%,0,0.111,0.175,0.297,0.35,42.9%,14.3%,14.3%,36.5%,81.2%,76.9%,16.7%,31.6%,134
North Florida,Santiago Ordonez,All,183,34,87.5,100.3,101.5,38.2%,12.9°,13.2°,41.2,0.0%,0,0.261,0.264,0.297,0.314,41.2%,20.6%,35.3%,50.8%,71.4%,78.2%,35.8%,29.0%,82
University of Montevallo,Payton Stephenson,All,220,37,87.2,97.9,102.9,29.7%,7.3°,9.8°,35.1,0.0%,0,0.22,0.23,0.297,0.3,43.2%,24.3%,29.7%,46.4%,72.0%,86.1%,25.0%,22.5%,132
Miami (OH),Blake Buzzeo,All,635,103,85.2,98.5,102.3,22.3%,17.5°,12.8°,39.8,1.0%,1,0.252,0.242,0.297,0.329,33.0%,26.2%,29.1%,47.6%,73.1%,86.8%,27.5%,24.2%,86
Texas Tech,Kendyl Johnson,All,139,20,81.8,98.4,100.5,20.0%,1.3°,28.3°,30.0,0.0%,0,0.185,0.236,0.297,0.339,55.0%,25.0%,20.0%,30.9%,52.9%,88.9%,9.9%,14.0%,120
Liberty,Tucker Moore,All,600,75,88.8,101.1,107.7,36.0%,21.0°,17.2°,34.7,6.7%,5,0.202,0.185,0.297,0.283,30.7%,42.7%,21.3%,37.8%,56.9%,80.4%,23.2%,34.4%,95
San Jose State,Drew Giannini,All,230,34,83.4,98.8,101.5,17.6%,13.0°,16.2°,26.5,5.9%,2,0.226,0.203,0.297,0.305,44.1%,26.5%,20.6%,50.0%,71.6%,76.5%,34.8%,36.5%,65
Seton Hall,Justin Ford,All,175,21,85.0,101.0,105.0,19.0%,16.6°,30.3°,23.8,14.3%,3,0.171,0.179,0.297,0.305,52.4%,33.3%,4.8%,40.0%,63.2%,76.4%,17.0%,34.3%,107
San Francisco,Nicholas Walsh,All,119,18,86.5,96.8,98.4,27.8%,16.2°,10.5°,38.9,0.0%,0,0.28,0.277,0.297,0.304,38.9%,22.2%,38.9%,50.4%,81.1%,76.7%,25.8%,31.7%,113
San Francisco,Tyler Harries,All,468,62,82.2,96.7,100.5,11.3%,10.7°,19.2°,38.7,0.0%,0,0.222,0.206,0.297,0.299,50.0%,14.5%,29.0%,34.2%,54.0%,84.3%,17.6%,21.9%,107
Texas Tech,Kyeler Thompson,All,602,107,86.4,99.0,104.1,33.6%,-1.3°,1.5°,22.4,0.0%,0,0.236,0.265,0.297,0.324,65.4%,12.1%,20.6%,41.9%,66.8%,90.6%,19.3%,15.1%,110
San Francisco,Logan Schweizer,All,68,16,84.1,96.2,96.6,12.5%,6.7°,14.3°,31.2,0.0%,0,0.25,0.321,0.296,0.4,62.5%,18.8%,18.8%,41.2%,69.7%,87.0%,14.3%,14.3%,120
Saint Joseph's,Blake Primrose,All,180,29,88.6,105.6,107.0,44.8%,26.1°,30.7°,41.4,3.4%,1,0.222,0.294,0.296,0.418,17.2%,44.8%,27.6%,40.0%,65.8%,92.3%,19.8%,18.1%,138
UMass,Anthony Tirado,All,251,40,83.5,100.0,102.0,27.5%,6.8°,6.6°,27.5,0.0%,0,0.241,0.256,0.296,0.327,50.0%,10.0%,27.5%,45.4%,65.7%,87.3%,30.1%,21.1%,102
Texas Tech,Coleman Ryan,All,336,59,78.9,94.6,96.1,11.9%,-5.3°,-3.2°,25.4,0.0%,0,0.262,0.204,0.296,0.244,62.7%,20.3%,16.9%,42.3%,59.2%,86.7%,28.3%,18.3%,64
St. Bonaventure,Gavin Constantine,All,72,9,76.8,91.1,100.5,11.1%,22.7°,15.9°,44.4,0.0%,0,0.286,0.193,0.296,0.232,33.3%,11.1%,33.3%,50.0%,80.6%,64.0%,26.8%,44.4%,129
Southern Wesleyan,Jack Dennison,All,289,50,79.5,93.2,98.1,4.0%,16.6°,31.9°,28.0,2.0%,1,0.2,0.203,0.296,0.293,38.0%,42.0%,18.0%,45.0%,77.4%,86.6%,26.2%,25.4%,106
Miami,Renzo Gonzalez,All,544,81,87.2,104.8,108.8,34.6%,4.4°,1.6°,28.4,3.7%,3,0.239,0.266,0.296,0.336,56.8%,21.0%,21.0%,41.9%,65.9%,82.1%,24.4%,27.2%,99
North Carolina,Rom Kellis,All,281,47,84.9,107.7,110.2,34.0%,9.8°,11.1°,27.7,2.1%,1,0.229,0.192,0.296,0.284,44.7%,27.7%,23.4%,49.1%,74.4%,78.2%,31.1%,31.2%,64
George Fox,Mason Eastman,All,194,42,83.6,94.2,97.3,7.1%,8.6°,8.5°,35.7,0.0%,0,0.292,0.248,0.296,0.293,45.2%,31.0%,21.4%,42.3%,69.2%,90.5%,18.4%,18.3%,145
Evansville,Evan Waggoner,All,347,58,84.4,97.2,100.4,17.2%,7.4°,8.6°,31.0,0.0%,0,0.214,0.27,0.296,0.347,50.0%,19.0%,25.9%,34.6%,58.3%,90.5%,13.6%,15.8%,136
Anderson (SC),Brayden Owens,All,241,43,76.6,95.4,96.9,7.0%,-4.5°,13.2°,27.9,0.0%,0,0.232,0.232,0.296,0.295,65.1%,7.0%,20.9%,37.3%,57.7%,83.3%,21.9%,24.4%,109
North Florida,James Oman,All,55,11,90.3,105.4,110.7,27.3%,17.2°,10.1°,18.2,9.1%,1,0.154,0.225,0.296,0.337,36.4%,36.4%,9.1%,36.4%,48.0%,91.7%,26.7%,25.0%,86
Old Dominion,Efrain Morales,All,316,59,84.6,98.0,100.4,20.3%,10.2°,11.3°,37.3,1.7%,1,0.25,0.261,0.296,0.319,42.4%,25.4%,30.5%,43.0%,66.9%,88.8%,25.7%,21.3%,85
Webber International,Bryan Morales,All,120,26,85.7,97.4,98.4,26.9%,-0.8°,3.8°,26.9,0.0%,0,0.25,0.267,0.296,0.308,61.5%,11.5%,23.1%,49.2%,68.6%,85.7%,34.8%,16.9%,110
Merrimack,Christian Scanlon,All,188,23,87.4,102.2,103.6,39.1%,3.9°,17.9°,21.7,0.0%,0,0.231,0.158,0.296,0.22,52.2%,21.7%,17.4%,42.6%,70.2%,74.6%,20.2%,35.0%,145
Portland,Nolan Miller,All,69,10,86.2,98.0,101.7,10.0%,7.3°,3.3°,10.0,0.0%,0,0.25,0.206,0.296,0.281,70.0%,20.0%,10.0%,39.1%,57.1%,68.8%,26.8%,51.9%,83
San Diego,AJ Beltre,All,555,104,88.2,103.6,105.8,34.6%,5.4°,7.8°,34.6,1.0%,1,0.256,0.304,0.296,0.367,45.2%,24.0%,24.0%,42.9%,58.3%,89.1%,31.6%,17.6%,63
South Alabama,Greg Pettay,All,151,23,78.5,100.8,102.5,26.1%,-3.5°,7.4°,39.1,0.0%,0,0.206,0.233,0.296,0.313,56.5%,8.7%,34.8%,49.0%,79.7%,72.5%,26.4%,33.8%,127
Illinois Springfield,Ivan Dahlberg,All,68,6,91.7,101.2,101.2,50.0%,38.4°,17.7°,33.3,0.0%,0,0.154,0.12,0.296,0.238,16.7%,50.0%,16.7%,39.7%,66.7%,85.7%,27.7%,29.6%,123
UTRGV,Easton Moomau,All,249,45,87.0,98.3,98.9,31.1%,-1.2°,5.5°,28.9,0.0%,0,0.218,0.247,0.296,0.326,60.0%,15.6%,17.8%,39.0%,67.0%,91.0%,20.1%,14.4%,120
George Fox,Noah Takayama,All,110,18,84.8,96.5,98.2,16.7%,13.8°,2.9°,50.0,0.0%,0,0.269,0.233,0.296,0.242,38.9%,11.1%,44.4%,53.6%,75.6%,82.4%,38.5%,22.0%,96
Gonzaga,Samuel Stem,All,314,64,90.1,106.0,110.9,43.8%,11.3°,13.4°,25.0,6.2%,4,0.212,0.276,0.295,0.349,46.9%,26.6%,20.3%,55.7%,75.9%,84.2%,40.9%,27.4%,53
Louisiana,Connor Cuff,All,294,55,88.4,104.2,106.5,47.3%,1.3°,12.9°,27.3,3.6%,2,0.211,0.273,0.295,0.349,54.5%,20.0%,21.8%,44.2%,66.9%,82.7%,28.3%,23.1%,81
Georgetown,Blake Schaaf,All,302,44,89.2,106.2,107.6,38.6%,2.8°,8.7°,36.4,9.1%,4,0.237,0.283,0.295,0.368,52.3%,22.7%,25.0%,35.8%,56.9%,87.8%,16.5%,16.7%,92
Villanova,Aiden Barry,All,377,64,84.6,101.6,104.1,29.7%,11.1°,9.5°,23.4,3.1%,2,0.209,0.223,0.295,0.304,51.6%,21.9%,18.8%,36.9%,60.7%,83.3%,17.7%,23.7%,111
Longwood,Casey Gibbs,All,452,55,86.3,99.3,104.4,23.6%,9.8°,10.1°,29.1,0.0%,0,0.244,0.236,0.295,0.318,50.9%,21.8%,23.6%,39.4%,61.5%,83.1%,23.1%,23.0%,118
Merrimack,Brooks Craigue,All,140,23,78.8,94.5,95.2,17.4%,-2.7°,-5.3°,21.7,0.0%,0,0.2,0.183,0.295,0.253,69.6%,17.4%,13.0%,31.4%,47.5%,85.7%,19.8%,25.0%,98
Albany,Mike Maggio,All,303,59,80.4,97.5,100.1,15.3%,-11.8°,-1.6°,18.6,0.0%,0,0.237,0.203,0.295,0.275,69.5%,15.3%,15.3%,34.3%,49.6%,95.5%,22.4%,14.4%,80
Houston Christian,Matthew Leiterman,All,252,48,82.6,99.5,103.3,22.9%,-5.3°,2.4°,20.8,0.0%,0,0.254,0.253,0.295,0.294,64.6%,14.6%,14.6%,44.8%,62.4%,87.2%,27.6%,13.3%,74
Elon,Jake Hajdu,All,437,56,81.2,98.9,101.7,17.9%,10.1°,12.3°,28.6,0.0%,0,0.245,0.187,0.295,0.252,46.4%,21.4%,25.0%,40.0%,63.8%,80.8%,20.7%,28.0%,104
Cal State Fullerton,Marcos Rosales,All,659,115,88.5,98.6,105.8,35.7%,14.4°,12.5°,40.0,2.6%,3,0.211,0.242,0.295,0.329,33.0%,30.4%,29.6%,41.4%,62.4%,83.5%,25.7%,23.1%,87
Utah Tech,Kace Naone,All,308,52,87.7,103.1,106.4,30.8%,9.6°,13.8°,38.5,3.8%,2,0.258,0.292,0.295,0.365,44.2%,17.3%,32.7%,40.3%,64.0%,88.5%,17.7%,19.4%,116
Youngstown State,Garrett Cutting,All,406,65,85.9,100.5,108.3,27.7%,15.7°,15.3°,32.3,7.7%,5,0.22,0.215,0.295,0.303,36.9%,27.7%,23.1%,50.0%,73.0%,71.9%,30.8%,34.0%,79
Young Harris,Mark Castle,All,261,68,83.0,95.3,99.8,11.8%,13.7°,1.8°,35.3,0.0%,0,0.263,0.293,0.295,0.327,38.2%,20.6%,29.4%,50.6%,74.8%,96.5%,31.5%,5.3%,118
Houston,Riley Jackson,All,469,45,89.5,104.5,109.2,40.0%,14.0°,24.4°,33.3,11.1%,5,0.165,0.162,0.295,0.299,42.2%,31.1%,20.0%,44.3%,72.2%,74.5%,21.4%,32.2%,102
Kentucky,Kyuss Gargett,All,369,67,85.2,100.8,106.0,31.3%,10.3°,16.5°,34.3,1.5%,1,0.261,0.245,0.295,0.336,44.8%,26.9%,23.9%,49.3%,72.7%,84.0%,28.9%,22.5%,78
Florida Atlantic,Dylan LaPointe,All,158,32,86.1,104.4,108.1,37.5%,9.3°,12.8°,28.1,0.0%,0,0.244,0.269,0.295,0.324,46.9%,25.0%,25.0%,44.9%,64.7%,84.1%,30.0%,29.6%,77
Lewis & Clark,Will Heron,All,98,18,83.8,96.7,99.8,16.7%,17.6°,7.6°,22.2,0.0%,0,0.217,0.174,0.295,0.308,38.9%,22.2%,16.7%,44.9%,74.4%,86.2%,25.4%,25.0%,97
New Mexico State,Kade Benavidez,All,211,30,83.1,94.1,98.4,6.7%,16.3°,14.7°,33.3,0.0%,0,0.231,0.258,0.295,0.323,36.7%,33.3%,23.3%,31.8%,50.0%,84.8%,17.6%,25.4%,113
Georgetown,Jackson Thomas,All,103,14,82.4,97.5,102.6,21.4%,14.0°,16.5°,35.7,0.0%,0,0.227,0.2,0.295,0.252,35.7%,42.9%,14.3%,47.6%,66.0%,67.7%,32.1%,44.9%,74
Union,Canyon Pace,All,111,22,83.2,98.9,99.3,22.7%,6.6°,11.7°,36.4,0.0%,0,0.296,0.281,0.295,0.299,45.5%,18.2%,31.8%,57.7%,75.0%,83.3%,47.9%,28.1%,54
Washington State,Gavin Roy,All,370,71,83.6,98.6,100.4,26.8%,-0.6°,8.0°,29.6,1.4%,1,0.266,0.234,0.295,0.324,57.7%,16.9%,21.1%,45.1%,68.7%,87.2%,22.3%,16.8%,101
Michigan,AJ Rausch,All,286,46,86.2,103.4,105.3,32.6%,7.8°,10.9°,34.8,0.0%,0,0.234,0.256,0.294,0.329,43.5%,19.6%,32.6%,43.7%,64.8%,82.7%,27.3%,28.8%,89
Oakland,Aidan Schuck,All,190,38,81.1,98.4,100.9,18.4%,1.6°,2.5°,26.3,0.0%,0,0.283,0.3,0.294,0.311,68.4%,15.8%,15.8%,51.1%,67.1%,90.9%,38.9%,19.6%,61
Murray State,Brady Grabowski,All,67,12,73.8,95.9,97.4,8.3%,7.3°,15.7°,16.7,0.0%,0,0.235,0.213,0.294,0.274,58.3%,25.0%,16.7%,41.8%,56.7%,76.5%,29.7%,28.6%,37
Sam Houston State,Parker Blackman,All,326,45,83.6,101.1,102.6,35.6%,-1.3°,-0.9°,26.7,0.0%,0,0.25,0.221,0.294,0.286,57.8%,11.1%,28.9%,46.9%,68.2%,82.2%,27.2%,26.1%,87
Pittsburgh,Jayden Melendez,All,769,110,85.1,105.0,108.5,32.7%,16.3°,17.9°,26.4,6.4%,7,0.197,0.231,0.294,0.342,37.3%,28.2%,21.8%,41.2%,65.7%,81.4%,21.4%,27.1%,109
Yale,Robert Ciulla,All,103,9,71.5,101.5,102.9,22.2%,4.7°,16.9°,22.2,11.1%,1,0.25,0.179,0.294,0.289,77.8%,11.1%,0.0%,34.0%,44.4%,75.0%,25.9%,40.0%,74
Arkansas-Pine Bluff,Brant Voth,All,116,26,78.8,93.7,96.4,7.7%,8.7°,-23.9°,38.5,0.0%,0,0.265,0.224,0.294,0.272,42.3%,19.2%,30.8%,59.5%,82.4%,83.3%,41.5%,21.7%,87
Miami,Michael Torres,All,582,92,85.4,98.1,102.0,26.1%,-4.8°,-4.3°,20.7,0.0%,0,0.228,0.225,0.294,0.302,62.0%,12.0%,18.5%,38.3%,62.4%,88.0%,18.0%,22.0%,87
Purdue,Albert Choi,All,590,98,83.3,99.6,104.4,27.6%,11.0°,8.4°,32.7,0.0%,0,0.228,0.249,0.294,0.331,51.0%,19.4%,22.4%,43.4%,63.0%,96.1%,29.7%,18.0%,70
UNC Asheville,Corbin Lanowitz,All,351,67,82.4,100.9,102.2,16.4%,-2.1°,5.6°,23.9,0.0%,0,0.25,0.271,0.294,0.322,61.2%,10.4%,19.4%,42.5%,62.3%,94.2%,24.5%,12.1%,101
Evansville,Drew McConnell,All,654,86,85.0,99.2,102.9,24.4%,10.7°,15.8°,33.7,1.2%,1,0.208,0.225,0.294,0.31,47.7%,25.6%,23.3%,42.8%,65.7%,75.6%,22.7%,31.8%,99
Dallas Baptist,Cody Grebeck,All,464,59,84.1,95.4,100.1,13.6%,21.4°,8.9°,42.4,0.0%,0,0.238,0.207,0.294,0.311,25.4%,37.3%,30.5%,34.5%,50.7%,88.9%,20.7%,20.0%,94
UL Monroe,Angelo Aleman,All,263,32,85.1,100.2,103.5,40.6%,13.2°,17.9°,40.6,6.2%,2,0.185,0.196,0.294,0.327,40.6%,25.0%,25.0%,38.0%,59.8%,72.1%,24.2%,39.0%,84
Virginia Tech,Nick Locurto,All,88,17,87.8,98.3,101.9,35.3%,1.6°,4.5°,41.2,0.0%,0,0.273,0.266,0.294,0.275,47.1%,5.9%,41.2%,46.6%,67.4%,82.8%,26.7%,31.7%,101
Nevada,Antonio Avila,All,36,13,94.2,100.8,102.2,53.8%,16.7°,7.5°,46.2,0.0%,0,0.286,0.363,0.294,0.424,30.8%,30.8%,38.5%,50.0%,77.3%,100.0%,7.1%,0.0%,137
Longwood,Alvin Keels,All,676,102,84.4,103.1,110.4,30.4%,20.7°,13.9°,38.2,8.8%,9,0.213,0.225,0.294,0.311,37.3%,33.3%,24.5%,46.9%,71.3%,79.4%,24.1%,28.1%,117
Georgetown,Tristan Head,All,98,25,85.4,106.0,107.4,40.0%,-0.6°,10.6°,24.0,4.0%,1,0.207,0.291,0.293,0.377,56.0%,20.0%,20.0%,50.0%,72.3%,82.4%,29.4%,24.5%,84
Iowa,Colin Coonradt,All,73,5,90.5,94.4,94.8,40.0%,-1.2°,-8.4°,0.0,0.0%,0,0.214,0.105,0.293,0.214,80.0%,0.0%,0.0%,31.5%,58.1%,55.6%,11.9%,39.1%,99
Washington,Trevor Kole,All,572,89,88.6,105.6,107.2,40.4%,0.7°,3.9°,28.1,2.2%,2,0.242,0.246,0.293,0.307,59.6%,15.7%,22.5%,46.5%,65.6%,84.1%,31.7%,29.7%,72
Coker,Kyler Odom,All,44,9,78.1,89.4,89.6,0.0%,-2.9°,-,22.2,0.0%,0,0.3,0.247,0.293,0.282,77.8%,11.1%,11.1%,50.0%,78.6%,81.8%,36.7%,18.2%,72
Gonzaga,Josh Hankins,All,662,132,87.1,98.8,103.6,29.5%,8.2°,2.6°,29.5,0.0%,0,0.24,0.276,0.293,0.335,49.2%,22.0%,22.7%,39.0%,61.3%,92.5%,19.9%,14.0%,90
UMass,Carter Hanson,All,211,38,88.2,103.8,107.0,34.2%,12.1°,15.0°,28.9,5.3%,2,0.196,0.277,0.293,0.371,44.7%,26.3%,21.1%,38.9%,54.4%,91.8%,27.3%,20.7%,94
New Orleans,Diego Villescas,All,362,54,85.6,99.8,103.8,27.8%,6.9°,10.6°,29.6,0.0%,0,0.224,0.237,0.293,0.323,42.6%,13.0%,27.8%,33.1%,53.2%,85.7%,17.6%,19.2%,97
Rutgers,Pablo Santos,All,722,175,86.0,100.1,105.6,28.6%,6.6°,10.1°,33.1,0.6%,1,0.241,0.292,0.293,0.351,50.3%,21.1%,26.9%,49.3%,72.5%,86.0%,29.4%,18.5%,80
Harvard,Callan Fang,All,68,8,94.1,102.0,104.9,50.0%,22.6°,15.5°,50.0,12.5%,1,0.188,0.249,0.293,0.316,12.5%,37.5%,50.0%,51.5%,64.7%,59.1%,38.2%,42.9%,64
San Francisco,Trevor Harmon,All,394,76,87.5,101.7,106.4,31.6%,19.9°,6.4°,26.3,1.3%,1,0.229,0.261,0.293,0.304,30.3%,34.2%,27.6%,43.1%,61.5%,87.5%,29.3%,22.4%,69
William & Mary,Owen Wilson,All,544,85,83.2,99.3,101.7,29.4%,13.1°,7.0°,30.6,1.2%,1,0.256,0.25,0.293,0.308,48.2%,24.7%,22.4%,44.5%,62.8%,85.3%,30.2%,28.1%,103
Maine,Damon Gaither,All,152,29,87.6,104.0,108.5,34.5%,6.7°,14.8°,20.7,6.9%,2,0.19,0.226,0.293,0.29,51.7%,24.1%,20.7%,54.6%,79.4%,74.1%,34.5%,41.0%,58
Seton Hall,Dylan Pacheco,All,231,44,84.9,98.1,104.4,27.3%,23.5°,18.3°,43.2,0.0%,0,0.213,0.26,0.292,0.355,22.7%,43.2%,31.8%,39.0%,71.6%,86.8%,16.2%,17.8%,136
South Dakota State,Adam Benes,All,104,20,81.8,99.5,100.2,20.0%,21.8°,16.6°,20.0,0.0%,0,0.259,0.206,0.292,0.251,35.0%,30.0%,25.0%,56.7%,64.0%,84.4%,50.0%,32.2%,21
Omaha,Kael Babin,All,187,16,78.0,93.7,97.2,6.2%,14.0°,8.4°,18.8,0.0%,0,0.2,0.108,0.292,0.229,50.0%,25.0%,12.5%,35.3%,54.3%,84.1%,20.8%,25.8%,78
Brown,Mark Henshon,All,463,75,84.2,101.8,107.1,33.3%,4.0°,11.8°,30.7,1.3%,1,0.207,0.268,0.292,0.36,52.0%,18.7%,26.7%,32.8%,44.9%,86.6%,22.3%,17.1%,76
Merrimack,Logan Castellano,All,107,23,84.9,107.2,110.8,39.1%,10.8°,18.1°,30.4,8.7%,2,0.2,0.242,0.292,0.331,39.1%,26.1%,21.7%,52.3%,77.5%,74.2%,37.3%,41.1%,43
North Greenville,Bryce Roddey,All,161,28,84.5,97.6,99.2,14.3%,12.2°,19.7°,35.7,3.6%,1,0.243,0.235,0.292,0.296,39.3%,28.6%,21.4%,39.1%,81.0%,87.2%,15.5%,25.4%,113
Oral Roberts,Matthew Mainord,All,199,17,80.9,98.7,103.7,11.8%,19.0°,18.8°,47.1,5.9%,1,0.167,0.11,0.292,0.289,29.4%,47.1%,23.5%,41.7%,63.6%,67.9%,24.3%,41.0%,121
Marshall,Cameron Harthan,All,571,137,84.7,100.6,103.9,27.7%,6.9°,2.8°,31.4,0.0%,0,0.256,0.275,0.292,0.329,47.4%,22.6%,26.3%,50.6%,78.4%,92.4%,31.0%,14.9%,95
UT Arlington,Jackson Hill,All,246,45,88.3,98.7,101.8,33.3%,20.6°,11.9°,33.3,0.0%,0,0.222,0.244,0.292,0.346,24.4%,40.0%,28.9%,47.2%,73.5%,86.7%,24.8%,24.1%,110
North Alabama,Alex Wilson,All,214,35,81.9,97.0,98.4,20.0%,20.5°,14.3°,31.4,0.0%,0,0.26,0.197,0.292,0.255,37.1%,17.1%,28.6%,46.3%,65.1%,81.7%,26.7%,23.2%,77
Penn State,Joe Jaconski,All,883,132,88.6,101.6,106.1,43.2%,8.4°,13.4°,26.5,1.5%,2,0.202,0.218,0.292,0.341,40.2%,34.8%,17.4%,41.6%,64.5%,80.5%,23.5%,26.7%,111
FOR_MAS,Justin Osterhouse,All,135,26,84.1,102.9,108.1,30.8%,-3.2°,10.8°,23.1,3.8%,1,0.273,0.245,0.292,0.34,61.5%,23.1%,11.5%,47.4%,73.6%,87.2%,30.5%,23.4%,96
Florida Atlantic,Nick Romano,All,237,42,85.3,97.2,100.3,26.2%,15.8°,20.9°,38.1,0.0%,0,0.231,0.234,0.292,0.317,38.1%,28.6%,28.6%,48.1%,66.4%,86.3%,32.3%,22.8%,86
California Baptist,Matthew Chavez,All,420,74,86.7,102.0,103.4,33.8%,-1.2°,5.3°,23.0,1.4%,1,0.272,0.245,0.292,0.291,59.5%,21.6%,14.9%,51.9%,73.2%,81.0%,30.8%,19.7%,103
San Francisco,JT Amaral,All,336,46,88.8,104.0,106.5,39.1%,17.1°,12.4°,32.6,6.5%,3,0.2,0.224,0.292,0.3,34.8%,28.3%,23.9%,46.4%,69.1%,76.7%,28.3%,30.8%,108
UNC Wilmington,Mason Hughes,All,130,25,88.1,101.9,105.1,32.0%,13.2°,20.0°,40.0,4.0%,1,0.179,0.302,0.292,0.465,40.0%,36.0%,20.0%,41.5%,78.0%,97.4%,18.8%,16.7%,151
UCLA,Phoenix Call,All,805,150,87.2,101.7,106.2,30.7%,14.4°,8.9°,36.0,1.3%,2,0.263,0.28,0.292,0.334,39.3%,25.3%,30.7%,45.3%,64.3%,92.5%,28.8%,17.3%,75
Fordham,Jack Brennan,All,291,38,81.9,98.8,103.2,15.8%,9.5°,14.5°,26.3,0.0%,0,0.207,0.175,0.292,0.309,44.7%,21.1%,21.1%,32.3%,54.3%,81.0%,17.7%,20.2%,95
Gardner-Webb,Tanner Thomas,All,296,54,86.7,99.0,102.8,38.9%,12.7°,13.0°,35.2,3.7%,2,0.23,0.263,0.291,0.336,40.7%,25.9%,25.9%,49.0%,70.5%,81.6%,29.9%,27.6%,96
Lafayette,Liam Ebbs,All,340,68,82.2,100.5,101.3,26.5%,8.0°,12.8°,39.7,4.4%,3,0.214,0.275,0.291,0.351,44.1%,17.6%,32.4%,46.2%,75.4%,85.1%,27.2%,23.6%,97
Mississippi State,Michael O'Brien,All,101,12,87.3,98.9,102.5,41.7%,0.3°,-13.3°,33.3,0.0%,0,0.176,0.189,0.291,0.318,50.0%,33.3%,16.7%,33.7%,58.3%,90.5%,20.0%,23.5%,119
Eastern Illinois,Chris Worcester,All,447,86,83.8,100.9,107.3,23.3%,12.2°,4.5°,19.8,0.0%,0,0.24,0.227,0.291,0.285,46.5%,33.7%,14.0%,41.4%,64.1%,88.2%,23.3%,19.5%,106
Merrimack,Sam Sherman,All,90,13,79.5,88.2,90.3,0.0%,11.5°,-,23.1,0.0%,0,0.188,0.155,0.291,0.269,46.2%,38.5%,15.4%,42.2%,65.8%,68.0%,25.0%,26.3%,125
New Mexico State,Camden Kaufman,All,338,78,80.9,99.3,105.1,17.9%,12.9°,12.6°,37.2,3.8%,3,0.253,0.23,0.291,0.305,35.9%,32.1%,24.4%,53.6%,74.0%,82.4%,38.0%,24.9%,66
Missouri,Peyton Basler,All,469,52,82.6,97.1,103.0,15.4%,12.2°,10.6°,46.2,0.0%,0,0.23,0.217,0.291,0.281,36.5%,15.4%,40.4%,36.2%,54.7%,77.9%,19.5%,26.5%,93
Eastern Kentucky,Mauricio Bejarano,All,238,29,81.7,92.5,93.9,0.0%,5.1°,-,41.4,0.0%,0,0.222,0.24,0.291,0.322,44.8%,17.2%,34.5%,44.1%,67.6%,71.2%,24.6%,35.2%,123
Oakland,Aidan Orr,All,373,53,88.9,102.9,106.5,47.2%,4.9°,9.2°,30.2,3.8%,2,0.216,0.258,0.291,0.345,50.9%,17.0%,28.3%,38.6%,62.0%,81.6%,21.4%,27.8%,106
Northern Colorado,Craig Kenny,All,215,38,90.1,96.1,97.5,31.6%,-1.2°,-10.8°,10.5,0.0%,0,0.186,0.266,0.291,0.352,68.4%,15.8%,7.9%,31.6%,52.2%,97.9%,16.8%,10.3%,90
UL Monroe,Tony Lindwedel,All,353,53,86.6,101.3,102.8,37.7%,9.5°,13.6°,39.6,5.7%,3,0.241,0.242,0.291,0.32,41.5%,18.9%,28.3%,48.7%,67.3%,81.7%,31.3%,30.2%,61
Oakland,Sam Griffith,All,545,104,81.9,96.9,103.0,13.5%,6.9°,7.5°,30.8,0.0%,0,0.264,0.234,0.291,0.272,51.0%,22.1%,20.2%,43.3%,68.1%,88.8%,24.5%,19.1%,104
Stetson,Jayden Hylton,All,323,43,90.7,106.5,112.0,48.8%,-3.0°,2.2°,32.6,4.7%,2,0.212,0.245,0.291,0.324,60.5%,14.0%,23.3%,40.2%,64.2%,75.6%,23.3%,33.1%,87
Washington State,Griffin Myers,All,149,30,85.9,99.7,103.0,30.0%,8.0°,11.5°,30.0,0.0%,0,0.289,0.275,0.291,0.3,46.7%,23.3%,23.3%,45.6%,61.4%,86.0%,31.6%,17.6%,54
UT Tyler,Mason Hammonds,All,317,49,83.6,100.3,103.4,26.5%,7.2°,9.8°,34.7,0.0%,0,0.258,0.261,0.291,0.306,44.9%,16.3%,32.7%,43.2%,62.3%,90.7%,28.5%,19.0%,76
Dartmouth,AJ Demastrie,All,238,39,84.1,102.3,106.5,30.8%,11.6°,3.3°,25.6,0.0%,0,0.236,0.219,0.291,0.29,53.8%,28.2%,12.8%,43.3%,68.1%,81.8%,20.8%,31.1%,107
Houston Christian,Kenneth Dutka,All,302,50,85.7,99.3,102.8,28.0%,12.4°,9.1°,38.0,0.0%,0,0.243,0.218,0.291,0.277,36.0%,30.0%,34.0%,50.7%,76.4%,85.6%,32.0%,24.2%,80
Webber International,Richard Rodriguez,All,120,16,81.8,97.7,99.6,25.0%,11.5°,6.0°,25.0,0.0%,0,0.13,0.201,0.291,0.334,50.0%,18.8%,31.2%,33.3%,58.0%,82.8%,15.7%,22.5%,102
Eastern Illinois,Jake Ferguson,All,324,37,80.0,95.8,98.9,10.8%,5.5°,18.3°,40.5,0.0%,0,0.203,0.18,0.291,0.282,54.1%,16.2%,29.7%,32.7%,55.9%,87.3%,17.8%,23.6%,102
Wagner,Matt Sutera,All,74,8,86.0,101.7,102.4,25.0%,6.1°,16.9°,25.0,12.5%,1,0.214,0.213,0.291,0.317,62.5%,25.0%,12.5%,39.2%,64.0%,75.0%,26.5%,27.6%,90
Arkansas State,Jeremiah Cabuyaban,All,153,24,91.2,105.7,106.7,37.5%,23.2°,15.6°,16.7,12.5%,3,0.25,0.24,0.29,0.342,29.2%,41.7%,20.8%,52.3%,80.4%,87.8%,38.2%,30.0%,52
Union,Dyllon Barrett,All,154,21,79.4,91.5,92.0,0.0%,6.3°,-,19.0,0.0%,0,0.25,0.247,0.29,0.313,61.9%,14.3%,19.0%,35.1%,46.4%,96.2%,28.6%,13.0%,96
Iowa,Mitch Wood,All,113,17,89.6,102.0,103.0,47.1%,19.6°,16.0°,35.3,5.9%,1,0.24,0.237,0.29,0.326,29.4%,41.2%,29.4%,44.2%,63.3%,81.6%,22.6%,28.0%,77
Davidson,Will Brooks,All,251,25,80.7,100.7,104.0,24.0%,4.8°,0.5°,28.0,4.0%,1,0.186,0.157,0.29,0.266,48.0%,24.0%,20.0%,33.9%,51.9%,85.7%,20.3%,30.6%,71
Nicholls,Tyler Johnson,All,211,36,88.7,98.1,101.9,25.0%,13.6°,13.0°,27.8,0.0%,0,0.224,0.21,0.29,0.329,38.9%,30.6%,22.2%,42.2%,72.6%,89.9%,17.2%,22.5%,116
Indiana State,Mason Roell,All,164,33,85.9,103.5,104.8,30.3%,-1.4°,8.6°,21.2,3.0%,1,0.256,0.241,0.29,0.304,51.5%,18.2%,24.2%,44.5%,62.8%,89.8%,27.9%,21.9%,96
Penn State,Cohl Mercado,All,523,91,80.0,92.4,95.1,3.3%,0.1°,-1.7°,34.1,0.0%,0,0.227,0.298,0.29,0.35,59.3%,12.1%,27.5%,40.0%,59.5%,91.3%,21.8%,12.0%,111
North Carolina,Carter French,All,444,80,86.0,98.2,101.7,22.5%,3.0°,10.4°,27.5,1.2%,1,0.283,0.257,0.29,0.312,51.2%,20.0%,25.0%,42.3%,69.5%,85.1%,17.3%,18.1%,105
North Greenville,Thomas Powell,All,125,27,88.6,102.7,104.7,40.7%,7.1°,12.7°,40.7,0.0%,0,0.281,0.292,0.29,0.337,44.4%,18.5%,33.3%,48.8%,68.8%,87.9%,36.4%,19.7%,78
UMass Lowell,Conor Kelly,All,107,20,80.9,92.7,98.0,15.0%,19.9°,-3.7°,55.0,0.0%,0,0.296,0.314,0.29,0.346,30.0%,30.0%,40.0%,46.7%,61.4%,85.7%,30.0%,24.0%,86
UMass Lowell,Zachary Scott,All,170,34,81.9,95.6,101.8,17.6%,0.8°,1.6°,41.2,0.0%,0,0.302,0.246,0.29,0.26,50.0%,14.7%,29.4%,44.7%,62.2%,92.2%,28.4%,14.5%,122
Georgia Southern,Luke Odden,All,754,122,83.9,97.2,102.8,17.2%,9.4°,11.0°,38.5,0.0%,0,0.228,0.251,0.29,0.324,48.4%,20.5%,27.9%,35.0%,52.8%,89.3%,19.2%,16.3%,104
East Carolina,Walker Barron,All,754,142,82.4,101.1,105.0,24.6%,-0.8°,-1.4°,26.1,0.7%,1,0.27,0.259,0.29,0.302,57.7%,10.6%,22.5%,43.5%,61.7%,91.4%,28.7%,19.8%,70
Illinois-Chicago,Jack Snyder,All,178,15,93.2,107.9,111.1,66.7%,19.3°,23.0°,33.3,20.0%,3,0.188,0.216,0.29,0.35,33.3%,33.3%,26.7%,39.9%,60.3%,63.8%,24.0%,40.8%,86
Monmouth,Nick Lovarco,All,475,83,89.2,104.6,109.6,41.0%,13.5°,12.1°,33.7,7.2%,6,0.207,0.242,0.29,0.368,37.3%,26.5%,24.1%,41.1%,67.5%,83.5%,22.3%,22.6%,115
Hardin-Simmons,Benji Fielder,All,47,8,79.5,85.3,85.3,0.0%,6.9°,-,25.0,0.0%,0,0.182,0.172,0.29,0.314,62.5%,25.0%,12.5%,40.4%,73.9%,88.2%,8.3%,15.8%,200
Sam Houston State,Ryan Franden,All,194,40,85.0,98.1,102.3,25.0%,20.3°,8.7°,32.5,0.0%,0,0.271,0.212,0.289,0.302,22.5%,40.0%,32.5%,46.9%,65.7%,92.3%,27.4%,14.3%,49
Louisiana,Brooks Wright,All,407,63,83.8,103.0,106.1,33.3%,-1.7°,7.5°,20.6,0.0%,0,0.265,0.213,0.289,0.269,65.1%,15.9%,14.3%,44.5%,62.9%,80.6%,27.1%,27.6%,52
Southern Miss,Lawson Odom,All,133,17,86.1,92.4,93.7,17.6%,13.0°,-3.7°,0.0,0.0%,0,0.208,0.151,0.289,0.229,58.8%,41.2%,0.0%,42.1%,65.1%,87.8%,21.4%,16.1%,83
Ave Maria,Brian Williams,All,107,15,76.4,95.3,98.0,13.3%,20.0°,15.4°,46.7,0.0%,0,0.292,0.22,0.289,0.246,20.0%,33.3%,40.0%,43.0%,64.6%,71.0%,25.4%,34.8%,110
Georgetown,Brian Depman,All,40,7,84.0,92.5,93.5,0.0%,4.6°,-,57.1,0.0%,0,0.273,0.273,0.289,0.275,42.9%,0.0%,57.1%,42.5%,63.2%,83.3%,23.8%,17.6%,31
Seattle,Reese Harmon,All,537,94,82.9,97.0,100.5,19.1%,16.6°,12.5°,34.0,0.0%,0,0.252,0.246,0.289,0.307,36.2%,28.7%,26.6%,42.8%,67.8%,85.1%,24.5%,19.6%,126
The Citadel,Tyler Christmas,All,85,9,82.5,92.1,93.6,0.0%,4.7°,-,66.7,0.0%,0,0.263,0.28,0.289,0.306,22.2%,11.1%,66.7%,38.8%,53.8%,85.7%,26.1%,33.3%,107
Western Kentucky,Caleb Niehaus,All,179,33,85.5,101.3,102.9,27.3%,6.4°,-1.2°,21.2,0.0%,0,0.262,0.235,0.289,0.295,54.5%,18.2%,18.2%,45.3%,66.7%,90.4%,28.7%,25.9%,82
James Madison,Eli Steadman,All,471,60,85.4,99.5,105.0,30.0%,9.8°,8.6°,31.7,0.0%,0,0.213,0.232,0.289,0.351,46.7%,18.3%,28.3%,36.1%,57.6%,84.7%,19.5%,21.8%,103
Limestone,Jermie Greene Jr.,All,158,38,87.2,97.8,100.3,26.3%,12.1°,7.1°,23.7,0.0%,0,0.222,0.313,0.289,0.387,50.0%,26.3%,15.8%,39.2%,72.7%,95.0%,21.4%,4.8%,168
Brown,Logan Meusy,All,299,52,80.8,100.5,103.2,28.8%,16.4°,11.5°,26.9,0.0%,0,0.217,0.226,0.289,0.28,42.3%,30.8%,23.1%,48.5%,71.8%,84.3%,32.0%,19.3%,70
Gonzaga,Luca DiPaolo,All,310,51,87.7,104.6,109.4,35.3%,11.6°,13.2°,39.2,7.8%,4,0.235,0.23,0.289,0.281,33.3%,25.5%,33.3%,55.5%,77.3%,83.8%,40.1%,32.0%,72
Maryland,Colin Gibbs,All,142,16,85.1,92.4,92.6,0.0%,5.2°,-,37.5,0.0%,0,0.241,0.166,0.289,0.235,56.2%,18.8%,25.0%,42.3%,63.5%,87.9%,30.0%,30.0%,46
West Virginia,Benjamin Lumsden,All,199,29,88.8,104.9,106.7,48.3%,12.5°,20.6°,31.0,13.8%,4,0.186,0.283,0.289,0.393,44.8%,24.1%,24.1%,40.7%,55.6%,73.3%,30.5%,34.6%,68
Texas Southern,Bryce Hughes,All,140,26,81.3,100.7,103.9,30.8%,-3.4°,7.2°,26.9,3.8%,1,0.263,0.21,0.289,0.263,69.2%,19.2%,11.5%,55.0%,69.4%,86.0%,43.6%,20.8%,6
Holy Cross,Sean Scanlon,All,573,65,86.2,102.3,108.0,32.3%,21.0°,18.6°,41.5,4.6%,3,0.178,0.183,0.289,0.308,27.7%,33.8%,29.2%,36.0%,57.0%,81.2%,20.5%,29.6%,110
Bowling Green,Zack Horky,All,88,11,84.2,101.2,102.9,18.2%,7.7°,8.6°,18.2,0.0%,0,0.263,0.157,0.289,0.185,63.6%,18.2%,9.1%,48.9%,72.5%,72.4%,29.2%,30.2%,71
East Carolina,Alex Peltier,All,538,81,83.9,99.7,102.6,19.8%,1.7°,10.2°,38.3,2.5%,2,0.23,0.229,0.289,0.294,53.1%,19.8%,25.9%,47.8%,68.5%,85.1%,31.7%,24.1%,71
Brown,Cameron LaGrassa,All,99,10,85.5,99.8,102.2,40.0%,-0.1°,20.9°,50.0,10.0%,1,0.211,0.221,0.289,0.354,30.0%,20.0%,40.0%,37.4%,63.4%,73.1%,19.0%,37.8%,122
Pepperdine,Joe Cardinale,All,448,82,83.1,98.7,107.3,19.5%,6.3°,8.7°,34.1,1.2%,1,0.27,0.286,0.289,0.342,47.6%,14.6%,32.9%,44.0%,62.1%,87.3%,29.0%,20.3%,75
Little Rock,Alex Seguine,All,357,63,82.8,96.4,99.8,15.9%,7.1°,11.7°,28.6,0.0%,0,0.231,0.274,0.289,0.332,54.0%,17.5%,23.8%,41.5%,62.2%,96.3%,22.2%,12.2%,112
Little Rock,Reed Willbanks,All,250,31,84.1,96.0,99.9,9.7%,10.8°,12.1°,35.5,0.0%,0,0.236,0.182,0.289,0.293,45.2%,22.6%,22.6%,49.6%,78.0%,76.5%,27.7%,28.2%,101
California,Seth Gwynn,All,569,114,87.0,100.7,104.5,37.7%,19.6°,14.8°,28.1,2.6%,3,0.218,0.244,0.289,0.32,32.5%,36.8%,21.9%,41.3%,66.2%,88.1%,23.1%,21.3%,103
UVa Wise,Jake Smith,All,102,8,91.1,97.0,101.0,37.5%,14.9°,-3.3°,50.0,0.0%,0,0.211,0.183,0.289,0.287,25.0%,25.0%,50.0%,39.2%,57.1%,66.7%,26.7%,55.0%,109
Davidson,Forrest Lietz,All,154,20,88.9,99.2,102.3,35.0%,17.5°,14.3°,50.0,0.0%,0,0.161,0.206,0.289,0.338,35.0%,40.0%,25.0%,46.8%,75.4%,80.4%,28.0%,33.3%,93
California Baptist,Trevor Spainhoward,All,251,36,83.6,95.7,98.9,11.1%,21.6°,0.2°,27.8,0.0%,0,0.208,0.208,0.289,0.28,30.6%,25.0%,22.2%,46.6%,69.9%,84.8%,27.5%,19.7%,100
Middlebury,Gus Parker,All,83,14,86.3,95.0,98.9,14.3%,9.5°,-2.3°,42.9,0.0%,0,0.278,0.29,0.289,0.328,35.7%,21.4%,28.6%,53.0%,80.6%,92.0%,36.5%,18.2%,91
Nebraska,Riley Silva,All,504,102,81.1,96.8,101.0,17.6%,5.4°,0.6°,31.4,0.0%,0,0.281,0.262,0.288,0.314,52.0%,20.6%,24.5%,45.0%,65.9%,94.0%,28.1%,13.2%,80
TCU,Cole Eaton,All,39,6,90.6,95.5,95.7,16.7%,-6.3°,-,33.3,0.0%,0,0.25,0.222,0.288,0.306,50.0%,16.7%,16.7%,43.6%,76.5%,76.9%,18.2%,29.4%,187
Jacksonville,Chandler Brent Howard,All,164,28,86.3,100.0,104.1,39.3%,11.8°,11.1°,35.7,0.0%,0,0.2,0.275,0.288,0.379,50.0%,21.4%,25.0%,39.0%,57.7%,90.2%,24.7%,18.8%,73
Air Force,TJ Oster,All,523,86,85.3,97.2,100.8,22.1%,14.0°,4.5°,41.9,1.2%,1,0.222,0.22,0.288,0.286,38.4%,26.7%,31.4%,47.6%,73.2%,85.6%,30.6%,24.5%,106
Newberry,Bryson Nuckols,All,31,7,83.2,94.3,95.0,14.3%,15.2°,-18.3°,28.6,0.0%,0,0.25,0.229,0.288,0.296,28.6%,42.9%,28.6%,35.5%,42.9%,100.0%,33.3%,27.3%,102
Iowa,Tyler Guerin,All,29,6,97.1,100.5,100.8,66.7%,4.0°,9.2°,33.3,16.7%,1,0.25,0.351,0.288,0.464,66.7%,16.7%,16.7%,44.8%,61.1%,81.8%,18.2%,15.4%,46
Eastern Kentucky,Ehinger Adrianza,All,183,33,79.0,95.4,102.1,9.1%,-2.9°,11.6°,18.2,0.0%,0,0.227,0.172,0.288,0.231,54.5%,15.2%,18.2%,48.6%,70.1%,77.0%,29.2%,30.3%,96
Lamar,Bryce Grizzaffi,All,318,58,78.3,94.6,96.4,6.9%,8.6°,-1.2°,27.6,0.0%,0,0.232,0.257,0.288,0.333,46.6%,19.0%,25.9%,37.4%,55.9%,90.0%,22.3%,15.1%,85
Wake Forest,Cuyler Baxter,All,38,5,77.5,91.4,91.4,0.0%,-20.0°,-,0.0,0.0%,0,0.25,0.084,0.288,0.162,80.0%,20.0%,0.0%,39.5%,66.7%,90.0%,21.7%,13.3%,114
Chowan,Geomar Santana,All,93,16,80.3,91.9,93.5,0.0%,20.2°,-,31.2,0.0%,0,0.227,0.165,0.288,0.222,31.2%,37.5%,31.2%,40.9%,64.1%,100.0%,24.1%,21.1%,93
St. Thomas (TX),Eduardo Tamez,All,62,9,80.9,90.3,94.1,0.0%,40.1°,-,33.3,0.0%,0,0.267,0.12,0.288,0.236,22.2%,44.4%,11.1%,50.0%,75.8%,84.0%,20.7%,16.1%,90
Pomona-Pitzer,Ben Morgan,All,29,6,72.9,81.7,82.9,0.0%,-2.4°,-,16.7,0.0%,0,0.286,0.23,0.288,0.278,66.7%,16.7%,16.7%,51.7%,77.8%,100.0%,40.0%,33.3%,67
William & Mary,Jerry Barnes,All,471,85,86.7,102.2,108.6,31.8%,13.1°,8.6°,27.1,2.4%,2,0.232,0.213,0.288,0.289,41.2%,30.6%,20.0%,45.2%,67.1%,78.9%,26.2%,28.6%,95
Holy Cross,Brendan Jones,All,413,61,82.2,97.2,100.3,16.4%,7.0°,15.8°,31.1,0.0%,0,0.213,0.257,0.288,0.34,49.2%,14.8%,31.1%,31.2%,50.8%,91.6%,15.0%,14.7%,109
Little Rock,Andrew Pickering,All,58,9,85.6,95.2,95.9,22.2%,5.2°,-7.1°,44.4,0.0%,0,0.214,0.218,0.288,0.261,44.4%,11.1%,44.4%,50.0%,80.0%,70.0%,27.3%,44.8%,59
Southwestern (TX),Tanner Teffs,All,228,37,81.3,97.3,101.6,18.9%,13.8°,14.8°,48.6,0.0%,0,0.217,0.258,0.288,0.326,37.8%,27.0%,35.1%,39.0%,54.1%,80.4%,30.1%,24.7%,92
Arkansas-Pine Bluff,Ben VanMaanen,All,118,28,81.0,96.6,98.9,21.4%,4.9°,5.7°,32.1,0.0%,0,0.265,0.286,0.288,0.333,35.7%,21.4%,28.6%,44.1%,65.6%,85.7%,18.5%,23.1%,94
North Park,Rylan Kawakami,All,33,5,87.1,94.1,95.5,20.0%,-0.1°,2.3°,20.0,0.0%,0,0.25,0.228,0.288,0.287,60.0%,0.0%,20.0%,39.4%,60.0%,83.3%,30.4%,46.2%,123
DeSales,Eric Wert,All,36,7,80.2,98.4,99.3,14.3%,-13.0°,13.0°,28.6,0.0%,0,0.25,0.356,0.288,0.395,85.7%,0.0%,14.3%,36.1%,69.2%,88.9%,17.4%,38.5%,161
William Carey,Hays Carley,All,35,6,80.1,96.6,96.7,33.3%,12.5°,13.6°,16.7,0.0%,0,0.25,0.238,0.288,0.322,50.0%,50.0%,0.0%,34.3%,53.3%,75.0%,20.0%,33.3%,88
Lewis & Clark,Brandon Gonzaga,All,117,22,85.0,94.3,95.5,4.5%,9.5°,17.8°,36.4,0.0%,0,0.208,0.252,0.288,0.316,40.9%,22.7%,27.3%,34.2%,57.1%,96.4%,17.6%,10.0%,116
Ole Miss,Owen Paino,All,231,36,90.1,102.8,104.2,41.7%,13.9°,12.9°,30.6,2.8%,1,0.231,0.238,0.287,0.308,44.4%,30.6%,22.2%,47.6%,76.9%,90.0%,28.6%,30.0%,78
Virginia Tech,Hudson Lutterman,All,499,91,83.9,100.9,105.7,24.2%,18.1°,15.0°,29.7,1.1%,1,0.202,0.211,0.287,0.274,36.3%,33.0%,22.0%,46.5%,68.1%,90.6%,31.5%,20.3%,79
Central Michigan,Spencer Verburg,All,157,18,90.4,105.7,109.0,38.9%,14.2°,4.0°,33.3,0.0%,0,0.194,0.166,0.287,0.283,38.9%,27.8%,22.2%,41.4%,73.8%,80.0%,20.8%,26.2%,127
Kennesaw State,Evan Holstein,All,171,21,85.7,101.9,102.6,19.0%,6.1°,23.0°,23.8,0.0%,0,0.207,0.212,0.287,0.291,42.9%,28.6%,23.8%,39.8%,70.1%,81.5%,14.9%,20.6%,112
Brown,Miles Newsome,All,294,46,84.0,97.8,103.4,23.9%,6.3°,5.8°,30.4,0.0%,0,0.19,0.222,0.287,0.314,50.0%,28.3%,19.6%,38.1%,64.1%,91.5%,18.1%,12.5%,140
Lee,Josiah Miller,All,292,45,86.1,100.9,102.4,26.7%,11.2°,16.1°,37.8,0.0%,0,0.21,0.234,0.287,0.355,42.2%,20.0%,26.7%,42.1%,64.8%,75.3%,25.1%,35.8%,126
North Alabama,RJ Sherwood,All,157,17,91.4,102.0,107.3,58.8%,17.5°,13.9°,58.8,5.9%,1,0.194,0.235,0.287,0.351,23.5%,23.5%,41.2%,41.4%,66.7%,78.6%,24.5%,35.4%,62
Radford,Corbin Grantham,All,311,33,80.1,96.6,98.4,18.2%,16.8°,19.4°,36.4,0.0%,0,0.242,0.151,0.287,0.237,33.3%,33.3%,27.3%,43.7%,71.0%,74.2%,23.9%,32.4%,110
Santa Clara,Malcolm Williams,All,474,87,84.9,100.0,102.8,31.0%,-1.9°,-0.3°,26.4,1.1%,1,0.225,0.254,0.287,0.32,59.8%,17.2%,21.8%,47.9%,78.1%,85.1%,22.8%,26.9%,125
Saint Mary's (CA),Tanner Griffith,All,789,144,87.0,100.8,105.6,32.6%,18.2°,11.5°,38.2,0.7%,1,0.238,0.288,0.287,0.357,31.2%,30.6%,31.2%,35.5%,59.9%,92.8%,16.1%,9.6%,121
Sam Houston State,Ty Marthiljohni,All,233,34,85.2,101.4,104.7,20.6%,1.9°,8.0°,29.4,0.0%,0,0.232,0.191,0.287,0.244,50.0%,17.6%,26.5%,44.6%,57.4%,77.3%,32.2%,33.7%,44
Washington,Cooper Whitton,All,230,25,91.0,105.4,106.8,44.0%,16.1°,8.2°,40.0,8.0%,2,0.184,0.162,0.287,0.263,36.0%,28.0%,24.0%,41.3%,62.5%,66.0%,30.0%,46.3%,75
Liberty,Seth Christmas,All,232,42,80.8,102.0,104.6,31.0%,9.9°,12.6°,19.0,4.8%,2,0.232,0.234,0.287,0.303,50.0%,38.1%,11.9%,47.8%,71.3%,83.1%,27.4%,29.7%,112
Keiser,Gavin Baird,All,103,20,82.5,99.1,99.6,15.0%,-0.8°,8.9°,20.0,0.0%,0,0.304,0.266,0.287,0.274,55.0%,20.0%,25.0%,34.0%,56.8%,96.0%,16.9%,14.3%,112
Nevada,Jack Metcho,All,201,27,84.3,97.5,100.5,11.1%,9.1°,20.5°,18.5,0.0%,0,0.158,0.157,0.287,0.294,44.4%,37.0%,14.8%,30.3%,56.0%,89.4%,12.0%,19.7%,98
Texas A&M,Jamal George,All,286,36,88.3,101.9,103.9,41.7%,18.0°,15.2°,44.4,2.8%,1,0.25,0.23,0.287,0.311,33.3%,22.2%,33.3%,43.7%,67.8%,79.3%,26.1%,33.6%,86
Southeastern Louisiana,Parker Coley,All,147,26,86.8,100.4,104.0,34.6%,18.9°,14.4°,11.5,3.8%,1,0.2,0.18,0.287,0.253,34.6%,46.2%,11.5%,48.3%,72.1%,75.0%,31.4%,31.0%,62
Louisiana,Griffin Hebert,All,195,23,83.2,100.1,103.5,26.1%,8.1°,8.0°,34.8,0.0%,0,0.225,0.183,0.287,0.299,52.2%,21.7%,21.7%,41.5%,58.4%,76.9%,27.4%,33.3%,107
UMES,Jonathan Gonzalez-Perez,All,86,17,81.6,98.9,99.1,23.5%,9.3°,5.4°,41.2,0.0%,0,0.292,0.26,0.287,0.285,47.1%,17.6%,29.4%,61.6%,72.7%,84.4%,50.0%,30.2%,28
Texas Southern,Jason Lazo,All,59,8,76.8,88.3,89.5,0.0%,4.6°,-,12.5,0.0%,0,0.182,0.144,0.286,0.232,50.0%,12.5%,12.5%,39.0%,65.0%,92.3%,25.6%,17.4%,112
Alabama State,Mikel Pryor,All,154,31,79.7,101.5,106.2,29.0%,22.0°,19.7°,35.5,3.2%,1,0.25,0.277,0.286,0.326,35.5%,29.0%,25.8%,51.9%,69.2%,82.2%,39.3%,26.2%,43
Lafayette,Luke Caucci,All,131,14,76.4,98.5,100.6,21.4%,20.3°,23.6°,28.6,0.0%,0,0.19,0.198,0.286,0.278,28.6%,28.6%,35.7%,46.6%,72.5%,73.0%,30.0%,34.4%,71
Illinois Wesleyan,Jimmy Gurgone,All,106,30,79.6,95.6,97.7,13.3%,10.5°,11.0°,46.7,0.0%,0,0.258,0.304,0.286,0.344,36.7%,30.0%,33.3%,43.4%,70.5%,96.8%,24.2%,10.9%,131
Eastern Kentucky,Dylan Rogers,All,116,17,83.1,97.1,102.3,17.6%,12.0°,18.5°,23.5,5.9%,1,0.174,0.13,0.286,0.236,47.1%,41.2%,11.8%,36.2%,58.0%,75.9%,19.7%,28.6%,112
Northwestern,Bennett Markinson,All,578,151,87.2,101.9,111.7,35.1%,7.9°,9.0°,27.2,2.0%,3,0.247,0.302,0.286,0.348,48.3%,21.9%,25.8%,48.4%,73.3%,90.2%,29.4%,16.1%,80
The Citadel,Garrett Dill,All,603,99,82.6,102.2,106.0,28.3%,8.0°,9.2°,28.3,2.0%,2,0.241,0.24,0.286,0.293,46.5%,22.2%,23.2%,47.1%,72.3%,80.8%,26.1%,27.8%,94
Boston College,Sam McNulty,All,710,132,86.9,100.9,104.9,31.8%,9.5°,12.6°,37.1,3.0%,4,0.246,0.258,0.286,0.347,41.7%,28.0%,25.0%,43.9%,68.0%,86.3%,24.0%,18.9%,95
Illinois Wesleyan,Tyler Woltman,All,92,17,78.4,89.1,96.8,11.8%,22.1°,-1.4°,41.2,0.0%,0,0.211,0.22,0.286,0.266,47.1%,29.4%,11.8%,40.2%,72.5%,89.7%,15.4%,10.8%,134
Tarleton State,Trace Morrison,All,341,50,89.5,99.8,106.8,34.0%,17.5°,15.3°,36.0,2.0%,1,0.222,0.24,0.286,0.322,34.0%,28.0%,30.0%,46.0%,70.1%,89.3%,27.8%,22.9%,101
Washington,Julian Sanders,All,129,34,88.9,97.9,104.0,29.4%,6.4°,-0.8°,41.2,0.0%,0,0.231,0.261,0.286,0.315,41.2%,23.5%,32.4%,45.0%,64.8%,97.1%,30.7%,10.3%,89
Erskine,Jayson Yaccarino,All,93,9,88.0,100.8,101.7,44.4%,22.8°,26.8°,11.1,0.0%,0,0.2,0.158,0.286,0.312,55.6%,33.3%,0.0%,34.4%,67.6%,68.0%,12.5%,37.5%,153
Flagler,Tripp Davis,All,69,18,80.1,100.7,102.9,27.8%,10.8°,10.2°,33.3,0.0%,0,0.316,0.321,0.286,0.352,38.9%,27.8%,33.3%,46.4%,73.3%,81.8%,25.6%,18.8%,91
Nicholls,Aaron Biediger,All,504,81,88.4,100.1,103.2,29.6%,21.0°,16.6°,40.7,4.9%,4,0.227,0.26,0.286,0.343,25.9%,35.8%,30.9%,44.8%,68.5%,87.8%,27.1%,24.8%,97
New Mexico State,Dane Woodcook,All,340,57,86.3,103.2,110.0,36.8%,8.4°,8.3°,36.8,1.8%,1,0.269,0.263,0.286,0.33,42.1%,26.3%,28.1%,48.2%,69.8%,87.5%,31.4%,22.6%,82
UAB,John Paul Head,All,154,25,89.2,104.0,106.6,40.0%,10.5°,9.8°,36.0,4.0%,1,0.235,0.287,0.286,0.362,40.0%,24.0%,36.0%,37.0%,53.8%,81.4%,18.9%,17.5%,69
UMBC,Nolan Kutney,All,52,7,75.4,97.3,101.6,14.3%,2.7°,22.9°,28.6,0.0%,0,0.167,0.177,0.285,0.256,57.1%,14.3%,28.6%,50.0%,66.7%,58.3%,41.2%,38.5%,90
Tusculum,Jude Morton,All,218,41,85.2,99.6,101.4,19.5%,-0.5°,1.1°,34.1,0.0%,0,0.283,0.275,0.285,0.314,56.1%,12.2%,29.3%,39.0%,59.2%,91.4%,22.5%,11.8%,128
Hofstra,Michael Craig,All,430,96,80.5,96.4,97.9,11.5%,4.2°,7.9°,27.1,0.0%,0,0.269,0.257,0.285,0.306,50.0%,17.7%,22.9%,50.0%,77.1%,92.6%,28.2%,14.9%,102
Fordham,Tim Ford,All,44,5,75.1,82.7,86.8,20.0%,26.3°,-7.9°,0.0,0.0%,0,0.125,0.05,0.285,0.235,40.0%,40.0%,0.0%,29.5%,50.0%,33.3%,21.9%,61.5%,118
Lafayette,Bode Grieve,All,613,103,85.3,101.1,111.0,36.9%,12.9°,12.6°,31.1,3.9%,4,0.241,0.225,0.285,0.285,42.7%,34.0%,20.4%,42.6%,61.3%,82.7%,25.5%,24.1%,84
Maryland,Parker Corbin,All,264,43,85.9,98.8,103.2,16.3%,15.5°,12.7°,39.5,0.0%,0,0.259,0.249,0.285,0.332,34.9%,27.9%,32.6%,38.3%,57.0%,89.0%,20.6%,21.8%,112
Long Beach State,Conner Stewart,All,260,50,83.7,98.8,105.2,26.0%,9.0°,1.2°,34.0,0.0%,0,0.233,0.27,0.285,0.34,44.0%,20.0%,26.0%,47.3%,70.8%,87.5%,29.3%,18.7%,70
Sacramento State,Elie Kligman,All,447,81,85.7,98.6,103.2,25.9%,22.4°,9.2°,30.9,2.5%,2,0.219,0.228,0.285,0.325,29.6%,37.0%,23.5%,40.5%,63.3%,88.1%,22.2%,16.6%,110
North Florida,Cade Bush,All,162,20,93.8,103.8,105.1,50.0%,6.5°,1.1°,30.0,0.0%,0,0.194,0.243,0.285,0.321,40.0%,15.0%,30.0%,38.9%,65.5%,84.2%,24.0%,25.4%,105
Pittsburgh,Jake Kendro,All,423,58,87.1,99.2,100.7,25.9%,22.2°,18.7°,43.1,1.7%,1,0.23,0.217,0.285,0.301,27.6%,31.0%,32.8%,39.7%,63.3%,77.4%,19.4%,27.4%,97
Houston Christian,Jeremy Rader,All,162,32,81.2,99.2,100.6,28.1%,2.7°,5.3°,31.2,0.0%,0,0.244,0.242,0.285,0.284,53.1%,12.5%,31.2%,44.4%,64.1%,88.0%,26.2%,20.8%,103
Xavier,Luke Hammond,All,382,66,84.7,101.8,106.2,31.8%,-3.5°,3.5°,24.2,0.0%,0,0.228,0.257,0.285,0.317,63.6%,10.6%,22.7%,46.1%,68.9%,80.2%,29.4%,27.3%,97
Army,Zachary Farrell,All,293,47,86.1,99.6,108.7,40.4%,21.9°,9.8°,27.7,0.0%,0,0.213,0.239,0.285,0.336,31.9%,34.0%,25.5%,38.2%,59.3%,83.6%,22.9%,22.3%,110
Northern Colorado,Anthony Stellato,All,86,18,84.3,99.1,99.9,22.2%,-10.1°,14.6°,33.3,5.6%,1,0.238,0.275,0.285,0.354,61.1%,11.1%,22.2%,44.2%,76.2%,87.5%,13.6%,18.4%,137
Hardin-Simmons,Layden White,All,57,6,76.5,89.2,89.3,0.0%,10.4°,-,50.0,0.0%,0,0.143,0.118,0.285,0.285,50.0%,16.7%,33.3%,42.1%,69.6%,75.0%,23.5%,29.2%,121
New Mexico State,Tariq Freeny,All,449,67,81.2,98.7,105.2,19.4%,10.2°,6.9°,25.4,1.5%,1,0.207,0.187,0.285,0.274,49.3%,32.8%,16.4%,37.9%,62.2%,89.7%,20.3%,20.6%,96
Pepperdine,Julian Nunez,All,480,93,83.6,97.9,102.0,20.4%,18.7°,8.6°,31.2,0.0%,0,0.221,0.255,0.285,0.307,34.4%,41.9%,21.5%,42.1%,67.7%,94.1%,19.3%,13.9%,124
Marian (IN),Elijah Kelly,All,70,8,82.8,99.1,99.7,25.0%,35.3°,11.8°,25.0,0.0%,0,0.286,0.192,0.285,0.24,25.0%,37.5%,25.0%,51.4%,68.6%,79.2%,34.3%,36.1%,78
Middle Tennessee,Cooper Clapp,All,197,30,81.1,96.2,103.0,13.3%,1.8°,5.2°,23.3,0.0%,0,0.267,0.186,0.284,0.231,53.3%,20.0%,20.0%,50.8%,66.0%,84.4%,36.0%,26.0%,65
Texas Tech,Davis Rivers,All,431,54,90.0,110.3,112.8,44.4%,5.3°,15.0°,37.0,16.7%,9,0.181,0.229,0.284,0.342,48.1%,22.2%,27.8%,43.4%,59.7%,80.0%,29.1%,36.9%,65
SIUE,Kyle Ratliff,All,182,23,89.5,110.0,111.2,43.5%,6.1°,19.2°,34.8,17.4%,4,0.154,0.248,0.284,0.444,52.2%,26.1%,21.7%,42.9%,67.5%,69.2%,24.8%,35.9%,104
Oklahoma,Brayden Horton,All,114,17,93.8,102.7,104.9,47.1%,17.1°,7.6°,17.6,0.0%,0,0.208,0.254,0.284,0.32,41.2%,35.3%,17.6%,33.3%,56.9%,82.8%,14.3%,21.1%,106
Rutgers,Jack Sweeney,All,413,57,88.1,103.7,105.1,40.4%,13.0°,18.2°,36.8,8.8%,5,0.217,0.253,0.284,0.36,38.6%,26.3%,29.8%,45.8%,69.4%,75.0%,28.7%,37.0%,81
Radford,Zachary Pacziewski,All,135,24,83.5,97.3,99.1,25.0%,10.5°,3.0°,29.2,0.0%,0,0.265,0.22,0.284,0.256,41.7%,20.8%,29.2%,52.6%,77.4%,81.2%,31.5%,25.4%,65
UC Davis,Korey Williams,All,177,27,90.4,98.8,99.6,55.6%,-2.0°,0.3°,25.9,0.0%,0,0.229,0.253,0.284,0.343,63.0%,14.8%,18.5%,33.9%,59.2%,91.1%,14.9%,16.7%,104
South Alabama,Josh Stevenson,All,182,23,84.1,97.5,99.9,26.1%,15.1°,13.8°,30.4,0.0%,0,0.194,0.185,0.284,0.291,39.1%,30.4%,21.7%,35.7%,56.0%,78.7%,18.4%,29.2%,104
UNC Greensboro,Jack Pokorak,All,173,22,81.3,103.3,108.6,27.3%,9.9°,8.5°,36.4,0.0%,0,0.231,0.172,0.284,0.222,36.4%,18.2%,31.8%,37.6%,56.3%,90.0%,24.5%,18.5%,63
Pepperdine,Zach Woodson,All,190,24,86.0,97.5,106.2,12.5%,20.7°,28.2°,41.7,4.2%,1,0.2,0.226,0.284,0.318,25.0%,33.3%,41.7%,39.5%,57.1%,81.2%,25.5%,30.7%,87
Long Island,Cord Dobrinski,All,140,18,82.8,106.4,109.2,38.9%,19.8°,19.9°,38.9,5.6%,1,0.241,0.268,0.284,0.354,27.8%,44.4%,27.8%,40.0%,71.4%,77.5%,19.0%,32.1%,131
Navy,Henry Mitchell,All,546,87,83.5,102.5,105.4,19.5%,10.0°,11.3°,31.0,2.3%,2,0.198,0.205,0.284,0.299,43.7%,25.3%,23.0%,40.8%,66.0%,84.1%,25.2%,26.0%,112
Mercer,Zack Thompson,All,513,102,87.1,100.3,103.0,33.3%,15.1°,15.5°,37.3,3.9%,4,0.23,0.259,0.284,0.324,40.2%,23.5%,30.4%,51.5%,78.5%,84.3%,31.3%,25.8%,97
Texas A&M-Corpus Christi,Logan Vaughan,All,110,17,86.6,100.8,102.0,23.5%,19.9°,9.0°,35.3,5.9%,1,0.2,0.216,0.284,0.304,35.3%,35.3%,23.5%,45.5%,66.0%,72.7%,28.3%,40.0%,76
Lee,Brock Sisson,All,200,41,85.8,100.6,103.8,29.3%,7.3°,12.0°,36.6,0.0%,0,0.26,0.323,0.284,0.376,48.8%,9.8%,36.6%,43.5%,62.9%,91.1%,27.9%,14.9%,85
Butler,Danny Barbero,All,368,67,90.9,106.8,109.0,47.8%,12.3°,14.6°,22.4,9.0%,6,0.19,0.295,0.284,0.417,44.8%,26.9%,16.4%,38.9%,63.3%,83.8%,18.8%,25.2%,117
Coppin State,Daniel Moore,All,127,23,88.0,99.4,101.7,21.7%,9.6°,-4.3°,30.4,0.0%,0,0.273,0.169,0.284,0.232,39.1%,17.4%,26.1%,43.3%,65.0%,82.1%,23.9%,27.3%,88
Stephen F. Austin,Julian Swift,All,149,47,82.0,96.5,98.7,21.3%,5.8°,5.4°,38.3,0.0%,0,0.312,0.327,0.284,0.355,53.2%,12.8%,34.0%,65.1%,81.4%,94.7%,50.6%,14.4%,103
Hardin-Simmons,Baylan Vaughan,All,70,20,79.0,97.7,98.7,25.0%,6.5°,10.2°,30.0,0.0%,0,0.286,0.354,0.284,0.38,60.0%,20.0%,20.0%,58.6%,77.5%,93.5%,33.3%,12.2%,127
Western Michigan,Tanner Mally,All,364,62,85.2,97.9,100.3,22.6%,3.7°,10.3°,38.7,0.0%,0,0.256,0.287,0.283,0.346,56.5%,11.3%,29.0%,37.9%,58.3%,94.5%,22.6%,8.7%,84
Houston Christian,Luke Bard,All,234,31,87.3,100.6,103.1,25.8%,14.9°,6.8°,25.8,3.2%,1,0.186,0.226,0.283,0.344,35.5%,48.4%,12.9%,34.6%,57.8%,84.7%,16.7%,22.2%,121
Michigan State,Isaac Sturgess,All,46,5,83.0,94.7,95.6,20.0%,19.5°,24.5°,40.0,0.0%,0,0.0,0.083,0.283,0.351,40.0%,60.0%,0.0%,28.3%,72.7%,62.5%,14.3%,38.5%,152
Mount St. Mary's,Logan Yi,All,66,9,82.3,97.8,98.1,44.4%,3.2°,5.6°,33.3,0.0%,0,0.231,0.275,0.283,0.396,55.6%,11.1%,33.3%,34.8%,55.6%,86.7%,20.5%,21.7%,81
James Madison,Wyatt Peifer,All,813,135,87.1,101.1,106.5,35.6%,11.9°,16.1°,34.1,3.7%,5,0.226,0.234,0.283,0.31,43.7%,26.7%,24.4%,48.3%,71.9%,89.7%,31.6%,18.8%,102
Abilene Christian,Holden Rook,All,152,26,81.2,97.8,99.8,11.5%,12.6°,6.7°,34.6,0.0%,0,0.263,0.242,0.283,0.301,30.8%,15.4%,30.8%,48.0%,76.4%,87.3%,22.5%,23.3%,127
UL Monroe,Kade Dupont,All,329,78,82.4,98.6,102.7,19.2%,3.2°,7.8°,32.1,0.0%,0,0.267,0.266,0.283,0.305,48.7%,11.5%,29.5%,52.6%,72.4%,89.0%,33.1%,16.8%,55
Texas A&M-Corpus Christi,Cade Sanchez,All,218,41,82.2,96.9,102.7,19.5%,16.7°,10.5°,24.4,2.4%,1,0.222,0.197,0.283,0.254,48.8%,17.1%,19.5%,45.0%,58.9%,92.5%,35.2%,21.4%,78
Cal Poly,Xander McLaurin,All,89,11,85.6,94.9,99.9,18.2%,14.6°,7.8°,27.3,0.0%,0,0.188,0.204,0.283,0.297,36.4%,27.3%,27.3%,37.1%,58.5%,70.8%,18.8%,30.3%,107
Longwood,Nathan Lancianese,All,158,21,74.1,93.0,97.4,4.8%,13.3°,0.1°,38.1,0.0%,0,0.167,0.163,0.283,0.251,52.4%,23.8%,23.8%,29.7%,48.1%,83.8%,12.3%,17.0%,120
South Alabama,Michael Young,All,185,27,85.0,101.8,104.0,33.3%,-0.1°,2.6°,29.6,0.0%,0,0.211,0.235,0.283,0.307,51.9%,14.8%,29.6%,43.8%,72.0%,85.2%,24.5%,22.2%,89
Louisiana,Kasen Bellard,All,87,11,86.5,101.5,101.8,36.4%,0.9°,6.4°,9.1,0.0%,0,0.25,0.198,0.282,0.323,54.5%,27.3%,18.2%,48.3%,62.5%,80.0%,40.0%,28.6%,19
Eastern Kentucky,Kameron Taylor,All,67,5,79.4,88.0,88.0,0.0%,-17.7°,-,0.0,0.0%,0,0.143,0.087,0.282,0.166,100.0%,0.0%,0.0%,40.3%,52.9%,50.0%,27.3%,55.6%,114
UL Monroe,Jackson Landry,All,183,20,87.6,105.6,106.2,60.0%,6.1°,16.7°,35.0,5.0%,1,0.188,0.248,0.282,0.364,50.0%,25.0%,20.0%,44.8%,68.5%,72.0%,29.1%,34.1%,76
Rhode Island,Ryan Thompson,All,266,59,88.1,105.0,106.0,40.7%,3.1°,3.6°,23.7,0.0%,0,0.229,0.296,0.282,0.348,55.9%,16.9%,23.7%,44.0%,67.7%,85.7%,23.2%,23.9%,110
North Greenville,Landon Peavy,All,35,7,86.6,96.2,97.6,14.3%,21.4°,10.0°,14.3,0.0%,0,0.25,0.233,0.282,0.23,42.9%,0.0%,14.3%,51.4%,64.7%,100.0%,38.9%,22.2%,8
Omaha,Trenton Burkhalter,All,204,27,91.5,101.9,105.2,44.4%,29.1°,22.0°,37.0,7.4%,2,0.158,0.17,0.282,0.291,18.5%,44.4%,14.8%,37.3%,60.0%,79.6%,19.3%,30.3%,126
Tampa,Edgardo Villegas,All,51,9,85.3,101.9,111.3,22.2%,20.9°,14.8°,66.7,11.1%,1,0.182,0.345,0.282,0.405,11.1%,22.2%,66.7%,35.3%,47.1%,100.0%,29.4%,11.1%,121
Pacific,Brian McClellin,All,368,57,88.8,101.8,107.4,29.8%,11.1°,15.8°,43.9,3.5%,2,0.23,0.264,0.282,0.31,42.1%,21.1%,36.8%,47.0%,73.8%,77.1%,26.4%,31.2%,86
Ball State,Houston King,All,175,27,85.6,96.2,96.8,22.2%,6.9°,11.2°,33.3,0.0%,0,0.2,0.281,0.282,0.375,48.1%,14.8%,37.0%,40.0%,64.4%,89.4%,22.5%,8.6%,114
North Alabama,Zak Majer,All,68,12,86.8,100.2,109.6,25.0%,14.6°,15.5°,33.3,8.3%,1,0.25,0.215,0.282,0.255,41.7%,33.3%,16.7%,44.1%,76.0%,94.7%,25.6%,20.0%,129
Long Beach State,Jacob Evans,All,311,32,89.0,101.2,102.1,40.6%,0.2°,11.8°,28.1,6.2%,2,0.156,0.176,0.282,0.279,53.1%,28.1%,18.8%,43.1%,60.4%,82.7%,29.9%,33.6%,78
Bethune-Cookman,Jeter Polledo,All,32,6,88.6,102.4,104.7,33.3%,17.2°,6.7°,16.7,0.0%,0,0.25,0.393,0.282,0.387,50.0%,0.0%,33.3%,43.8%,70.0%,100.0%,31.8%,28.6%,105
VCU,Spencer Sullivan,All,277,45,81.6,100.1,105.0,31.1%,9.9°,14.1°,31.1,4.4%,2,0.207,0.255,0.282,0.361,44.4%,28.9%,22.2%,43.3%,65.5%,81.9%,28.7%,27.5%,102
Wagner,Diego Tavarez,All,110,13,82.6,101.1,104.0,30.8%,3.4°,2.1°,30.8,0.0%,0,0.19,0.254,0.282,0.33,46.2%,15.4%,30.8%,30.9%,57.1%,91.7%,14.7%,11.8%,167
Centre,Matthew Maggard,All,37,6,84.8,100.5,103.3,33.3%,5.6°,2.2°,33.3,0.0%,0,0.25,0.211,0.282,0.217,50.0%,0.0%,33.3%,43.2%,78.6%,81.8%,21.7%,25.0%,137
Chaminade,Aydan Lobetos,All,127,22,78.1,91.8,98.8,4.5%,21.9°,16.5°,36.4,0.0%,0,0.231,0.174,0.282,0.24,27.3%,45.5%,18.2%,40.2%,62.3%,84.2%,19.7%,23.5%,85
Loyola Marymount,Noah Malone,All,286,39,85.0,101.4,107.7,38.5%,10.7°,9.1°,28.2,2.6%,1,0.21,0.195,0.282,0.256,51.3%,25.6%,15.4%,39.2%,58.9%,82.9%,22.9%,31.2%,63
San Diego State,Drew Rutter,All,427,78,79.9,97.4,101.3,17.9%,10.5°,8.6°,30.8,0.0%,0,0.238,0.23,0.282,0.276,50.0%,28.2%,15.4%,42.2%,59.0%,83.7%,31.4%,25.6%,64
Santa Clara,Connor Smith,All,114,16,82.0,97.5,98.6,18.8%,19.9°,6.2°,31.2,0.0%,0,0.167,0.189,0.282,0.294,31.2%,43.8%,12.5%,38.6%,60.3%,80.0%,16.1%,25.0%,79
Toledo,Josh Cote,All,214,31,83.6,103.8,107.4,32.3%,11.9°,16.8°,38.7,9.7%,3,0.163,0.234,0.282,0.348,45.2%,22.6%,29.0%,38.3%,67.1%,89.1%,20.5%,23.2%,134
Ball State,Clay Jacobs,All,273,40,83.2,101.6,103.5,25.0%,14.5°,24.1°,37.5,7.5%,3,0.179,0.219,0.281,0.321,42.5%,22.5%,27.5%,39.2%,59.3%,80.8%,22.7%,30.8%,104
Flagler,Caden Kresak,All,90,14,83.8,93.5,96.4,7.1%,9.8°,15.3°,28.6,0.0%,0,0.176,0.22,0.281,0.333,50.0%,21.4%,21.4%,37.8%,66.7%,91.7%,18.5%,11.8%,90
Charleston Southern,Brandon Phillips,All,135,18,81.8,99.4,101.7,22.2%,3.2°,13.6°,33.3,5.6%,1,0.192,0.272,0.281,0.366,61.1%,5.6%,27.8%,40.0%,63.5%,85.0%,19.4%,24.1%,119
North Carolina A&T,Andrew Tinsley,All,193,38,79.4,100.6,103.7,18.4%,6.2°,10.7°,26.3,2.6%,1,0.216,0.253,0.281,0.315,42.1%,23.7%,26.3%,50.3%,73.2%,86.7%,33.3%,25.8%,66
Oakland,Boston Halloran,All,261,51,85.3,97.1,98.8,23.5%,-2.7°,4.5°,29.4,0.0%,0,0.265,0.295,0.281,0.302,58.8%,9.8%,25.5%,45.6%,68.9%,90.2%,26.1%,22.7%,72
Southeastern Louisiana,Lakin Polk,All,77,9,93.4,104.6,107.8,44.4%,10.6°,23.1°,44.4,11.1%,1,0.188,0.203,0.281,0.358,44.4%,33.3%,11.1%,50.6%,68.6%,58.3%,35.7%,38.5%,55
Lee,Levi Cloud,All,242,47,83.7,100.2,104.4,21.3%,17.9°,17.0°,36.2,4.3%,2,0.222,0.226,0.281,0.299,29.8%,23.4%,29.8%,49.6%,73.1%,81.6%,31.9%,28.3%,86
Arkansas State,Kaden Amundson,All,560,105,82.7,96.1,99.7,10.5%,8.4°,11.8°,30.5,0.0%,0,0.23,0.24,0.281,0.294,52.4%,20.0%,23.8%,45.4%,70.0%,88.4%,25.9%,17.7%,99
Saint Mary's (CA),Hayden Driggs,All,112,9,95.0,101.8,102.2,55.6%,28.0°,16.3°,44.4,11.1%,1,0.095,0.146,0.281,0.305,22.2%,55.6%,0.0%,36.6%,52.4%,77.3%,27.1%,39.0%,50
Dayton,Martin Howell,All,260,45,90.4,105.5,108.0,53.3%,14.6°,17.9°,40.0,20.0%,9,0.203,0.302,0.281,0.452,35.6%,33.3%,26.7%,49.2%,75.5%,73.5%,30.0%,32.8%,105
Florida Atlantic,Danny Baez,All,132,22,83.4,100.7,101.4,36.4%,-7.9°,4.5°,36.4,0.0%,0,0.226,0.289,0.281,0.354,63.6%,4.5%,31.8%,46.2%,66.7%,90.5%,27.5%,21.3%,121
Florida International,Kareh Valentin,All,416,84,81.5,96.9,101.9,15.5%,8.4°,6.6°,29.8,0.0%,0,0.219,0.214,0.281,0.277,51.2%,23.8%,21.4%,41.3%,59.7%,91.3%,30.5%,16.9%,61
Towson,Brady Nathison,All,433,78,88.4,100.9,104.0,25.6%,8.5°,12.0°,41.0,3.8%,3,0.213,0.286,0.281,0.359,38.5%,19.2%,33.3%,40.4%,58.5%,93.4%,23.9%,16.6%,99
James Madison,Nicholas Poole,All,181,31,84.8,100.4,100.9,29.0%,0.4°,4.3°,16.1,0.0%,0,0.22,0.214,0.281,0.264,64.5%,16.1%,12.9%,46.4%,62.3%,89.6%,34.6%,25.0%,44
Stetson,Salvador Alvarez,All,296,52,87.2,96.6,100.6,34.6%,-4.9°,-26.1°,21.2,0.0%,0,0.194,0.238,0.281,0.308,59.6%,23.1%,13.5%,40.5%,64.0%,86.2%,23.4%,20.0%,82
USC,Richard Tejada III,All,300,63,86.6,102.1,107.5,36.5%,-1.2°,-3.5°,36.5,3.2%,2,0.282,0.307,0.281,0.356,50.8%,17.5%,27.0%,56.7%,74.1%,87.7%,40.8%,19.4%,57
Marist,AJ Brotz,All,203,50,85.7,98.7,100.0,26.0%,10.4°,2.6°,22.0,0.0%,0,0.286,0.271,0.281,0.297,56.0%,22.0%,16.0%,46.3%,72.5%,95.5%,25.0%,14.9%,121
Belmont,Kaden Galason,All,306,43,83.8,101.7,104.0,27.9%,19.3°,13.3°,32.6,2.3%,1,0.211,0.182,0.281,0.276,32.6%,27.9%,23.3%,45.8%,71.7%,79.8%,22.4%,31.4%,59
Lamar,Logan Hamm,All,119,17,80.7,93.5,97.1,5.9%,28.4°,29.8°,17.6,0.0%,0,0.174,0.157,0.28,0.296,23.5%,64.7%,11.8%,43.7%,71.7%,81.8%,26.0%,26.9%,82
Wichita State,Lane Haworth,All,395,50,90.0,105.2,109.4,34.0%,10.2°,7.0°,36.0,4.0%,2,0.167,0.227,0.28,0.333,46.0%,26.0%,26.0%,39.7%,60.2%,86.8%,23.3%,25.5%,107
Milwaukee,Thomas Otto,All,195,20,80.9,98.8,100.7,20.0%,24.3°,6.9°,10.0,0.0%,0,0.118,0.126,0.28,0.279,35.0%,30.0%,10.0%,35.9%,60.7%,64.8%,15.1%,40.0%,110
LaGrange,Jorge Fragoso Jr.,All,33,12,83.3,92.5,92.7,8.3%,13.3°,-2.7°,16.7,0.0%,0,0.273,0.256,0.28,0.275,50.0%,33.3%,16.7%,57.6%,80.0%,83.3%,38.9%,15.8%,39
Georgia Southern,JC Peacher,All,213,37,80.6,96.9,99.1,13.5%,8.2°,16.9°,32.4,0.0%,0,0.2,0.246,0.28,0.327,48.6%,18.9%,29.7%,34.3%,60.0%,83.3%,15.4%,21.9%,108
TCU,Brody Green,All,152,26,87.0,103.3,103.7,34.6%,14.5°,13.3°,34.6,3.8%,1,0.211,0.212,0.28,0.294,34.6%,19.2%,30.8%,52.0%,72.9%,70.6%,34.1%,36.7%,79
Arkansas State,Daedrick Cail,All,493,119,84.4,100.1,105.7,26.9%,9.2°,7.1°,32.8,0.8%,1,0.252,0.275,0.28,0.312,47.9%,23.5%,25.2%,47.7%,72.3%,90.3%,28.9%,19.6%,82
Arkansas-Pine Bluff,Jaylon Nauden,All,109,18,86.7,97.9,103.0,22.2%,19.9°,14.3°,44.4,0.0%,0,0.231,0.247,0.28,0.295,22.2%,22.2%,44.4%,45.0%,68.6%,82.9%,24.1%,28.6%,95
Iona,Nickolas Mora,All,41,11,87.0,98.9,98.9,27.3%,6.1°,11.3°,45.5,0.0%,0,0.231,0.326,0.28,0.464,36.4%,9.1%,45.5%,51.2%,66.7%,78.6%,35.0%,23.8%,93
Rhodes,Corbin Kinder,All,51,8,85.6,100.2,101.6,25.0%,10.6°,25.8°,25.0,0.0%,0,0.125,0.228,0.28,0.367,37.5%,50.0%,12.5%,35.3%,73.7%,85.7%,12.5%,16.7%,171
Santa Clara,Jonny Luetzow,All,476,93,80.9,96.9,102.5,19.4%,9.0°,2.9°,20.4,0.0%,0,0.236,0.218,0.28,0.271,49.5%,31.2%,15.1%,42.6%,63.3%,93.4%,25.7%,12.8%,106
Canisius,JC Spinosa,All,124,21,87.4,100.8,102.0,19.0%,11.0°,19.6°,47.6,4.8%,1,0.188,0.226,0.28,0.297,33.3%,33.3%,33.3%,51.6%,82.5%,80.9%,25.4%,28.1%,69
Southern,Beny Bikar,All,86,20,80.3,90.7,91.2,0.0%,-7.1°,-,15.0,0.0%,0,0.261,0.232,0.279,0.25,65.0%,15.0%,15.0%,41.9%,60.5%,92.3%,23.3%,13.9%,98
Virginia,Trey Wells,All,231,35,89.1,102.3,105.9,34.3%,11.2°,13.4°,28.6,5.7%,2,0.235,0.227,0.279,0.299,48.6%,31.4%,20.0%,50.6%,71.3%,83.6%,36.5%,29.1%,20
Pepperdine,Justin Rubin,All,477,100,84.2,99.5,105.0,29.0%,7.3°,8.0°,30.0,1.0%,1,0.223,0.255,0.279,0.327,48.0%,29.0%,20.0%,43.4%,67.3%,89.3%,24.9%,15.9%,108
Virginia,Walker Buchanan,All,71,20,78.3,100.4,103.8,20.0%,14.9°,14.6°,25.0,5.0%,1,0.227,0.272,0.279,0.32,40.0%,35.0%,20.0%,52.1%,60.7%,88.2%,46.5%,21.6%,35
Sam Houston State,Easton Dean,All,146,15,93.2,104.6,106.0,53.3%,11.4°,13.5°,33.3,20.0%,3,0.133,0.202,0.279,0.34,46.7%,13.3%,33.3%,45.2%,65.2%,60.5%,28.7%,48.5%,85
Missouri,Gehrig Goldbeck,All,485,49,85.6,100.0,102.8,22.4%,5.4°,3.6°,30.6,0.0%,0,0.216,0.192,0.279,0.27,59.2%,14.3%,24.5%,35.3%,57.3%,85.5%,13.5%,19.9%,102
Claremont-Mudd-Scripps,Slader Spoor,All,60,9,90.9,97.8,97.9,33.3%,24.2°,5.4°,44.4,0.0%,0,0.154,0.251,0.279,0.351,22.2%,22.2%,44.4%,45.0%,84.0%,81.0%,17.1%,25.9%,56
Texas A&M,Jacob Galloway,All,207,35,87.8,101.0,103.5,37.1%,14.3°,13.0°,25.7,2.9%,1,0.227,0.234,0.279,0.323,40.0%,34.3%,20.0%,37.7%,60.8%,93.2%,17.3%,11.5%,111
Grambling,Aries Gardner,All,77,8,87.6,102.1,106.1,25.0%,-3.2°,14.8°,50.0,0.0%,0,0.154,0.196,0.279,0.319,37.5%,12.5%,50.0%,41.6%,60.0%,76.2%,26.2%,31.2%,83
Oregon,Chase Meggers,All,323,70,89.0,104.2,109.6,42.9%,7.9°,3.9°,32.9,1.4%,1,0.25,0.281,0.279,0.337,44.3%,20.0%,30.0%,57.3%,71.6%,91.5%,45.1%,23.8%,32
Grambling,Trey Bridges,All,79,12,87.9,101.5,101.8,25.0%,-3.2°,11.7°,33.3,0.0%,0,0.222,0.3,0.279,0.357,50.0%,16.7%,33.3%,40.5%,61.8%,76.2%,24.4%,40.6%,77
Tufts,Ozzie Fleischer,All,187,43,78.6,94.6,99.1,7.0%,7.0°,12.5°,32.6,0.0%,0,0.26,0.259,0.279,0.302,44.2%,18.6%,30.2%,47.6%,67.1%,96.2%,33.3%,12.4%,75
North Dakota State,Evan Gustafson,All,111,10,85.2,100.2,104.6,20.0%,24.5°,13.1°,20.0,0.0%,0,0.158,0.128,0.279,0.23,20.0%,60.0%,20.0%,33.3%,51.0%,64.0%,19.4%,45.9%,61
Illinois Wesleyan,Matt Hudik,All,110,19,81.4,91.4,93.9,0.0%,2.7°,-,31.6,0.0%,0,0.269,0.253,0.279,0.313,63.2%,15.8%,21.1%,41.8%,58.3%,97.1%,22.0%,4.3%,104
Clemson,Jay Dillard,All,95,11,92.8,100.6,103.3,63.6%,13.9°,7.2°,18.2,0.0%,0,0.118,0.19,0.278,0.326,45.5%,36.4%,18.2%,32.6%,56.8%,81.0%,17.2%,32.3%,116
North Carolina,Lee Sowers,All,59,10,90.5,101.1,101.9,40.0%,-6.3°,6.7°,40.0,0.0%,0,0.267,0.314,0.278,0.348,50.0%,0.0%,50.0%,42.4%,57.6%,68.4%,23.1%,36.0%,77
Texas Tech,Jace Souza,All,89,21,83.7,99.4,103.1,19.0%,-9.7°,-12.4°,28.6,0.0%,0,0.217,0.271,0.278,0.327,66.7%,9.5%,23.8%,42.7%,65.8%,80.0%,25.5%,21.1%,106
Texas A&M-Corpus Christi,Karson Krowka,All,125,34,81.0,96.3,98.5,14.7%,1.7°,6.5°,29.4,0.0%,0,0.237,0.279,0.278,0.321,55.9%,23.5%,20.6%,47.2%,76.8%,86.0%,23.2%,18.6%,133
Hofstra,Michael Sweeney,All,184,29,83.9,98.5,102.3,24.1%,19.2°,6.2°,37.9,3.4%,1,0.244,0.234,0.278,0.307,41.4%,27.6%,24.1%,43.5%,72.0%,81.4%,20.6%,28.7%,134
Emmanuel (GA),Drew Knight,All,57,9,85.1,94.0,100.0,11.1%,40.4°,26.2°,33.3,11.1%,1,0.214,0.127,0.278,0.25,11.1%,66.7%,11.1%,47.4%,65.4%,94.1%,32.3%,22.2%,72
Mississippi State,Lukas Buckner,All,149,26,83.7,94.9,100.2,11.5%,2.4°,-10.0°,34.6,0.0%,0,0.257,0.31,0.278,0.364,50.0%,11.5%,34.6%,47.7%,63.0%,93.5%,32.9%,14.1%,53
Webber International,Gabriel Cruz,All,32,6,63.1,84.1,84.4,0.0%,-19.3°,-,50.0,0.0%,0,0.333,0.265,0.278,0.258,50.0%,0.0%,50.0%,50.0%,66.7%,66.7%,28.6%,31.2%,31
UNC Pembroke,Ramses Cordova,All,33,7,82.7,93.3,93.3,0.0%,-17.9°,-,28.6,0.0%,0,0.3,0.257,0.278,0.382,71.4%,14.3%,14.3%,51.5%,68.4%,69.2%,28.6%,35.3%,116
Campbell,Jonah Oster,All,480,94,90.8,104.7,106.9,46.8%,17.1°,15.2°,28.7,9.6%,9,0.224,0.255,0.278,0.342,31.9%,35.1%,20.2%,51.9%,72.8%,87.8%,36.7%,24.1%,70
Saint Peter's,Tyler Declusin,All,59,13,82.1,90.3,91.1,0.0%,7.9°,-,46.2,0.0%,0,0.267,0.355,0.278,0.374,46.2%,7.7%,30.8%,37.3%,48.0%,91.7%,29.4%,13.6%,92
Jacksonville,Jonah Shields,All,254,43,85.1,95.7,95.9,11.6%,10.9°,5.7°,34.9,0.0%,0,0.264,0.248,0.278,0.296,41.9%,25.6%,23.3%,37.4%,56.9%,90.3%,22.8%,25.3%,115
Wofford,Lucas Manning,All,242,36,83.7,102.5,104.2,22.2%,4.7°,10.1°,47.2,0.0%,0,0.259,0.239,0.278,0.291,41.7%,16.7%,38.9%,45.5%,64.7%,81.8%,26.8%,25.5%,86
Valparaiso,Kade Reinertson,All,544,94,81.6,97.6,100.8,14.9%,12.5°,10.7°,22.3,0.0%,0,0.186,0.211,0.278,0.295,50.0%,27.7%,18.1%,40.6%,62.0%,88.6%,21.8%,19.9%,93
Coppin State,Indy Anderson,All,123,26,81.4,101.5,103.0,23.1%,1.6°,6.9°,23.1,0.0%,0,0.25,0.255,0.278,0.322,61.5%,7.7%,19.2%,45.5%,62.1%,88.9%,30.8%,25.0%,101
Albany,Victor Mazzara,All,319,40,77.5,95.9,97.4,12.5%,-2.5°,6.5°,17.5,0.0%,0,0.2,0.199,0.278,0.293,60.0%,15.0%,15.0%,31.3%,51.9%,88.2%,17.0%,20.0%,110
Pacific,Rylan Evans,All,241,51,82.6,98.6,104.1,19.6%,13.6°,9.9°,31.4,0.0%,0,0.246,0.216,0.278,0.243,41.2%,25.5%,27.5%,52.7%,85.4%,87.8%,31.0%,18.1%,96
Walsh,Patrick Ciccantelli,All,63,11,76.7,94.5,95.6,18.2%,-24.7°,-41.7°,9.1,0.0%,0,0.267,0.168,0.278,0.199,81.8%,0.0%,9.1%,55.6%,87.0%,90.0%,37.5%,28.6%,131
Siena,Vincent Venditti,All,49,14,83.3,91.6,97.4,14.3%,24.5°,5.6°,21.4,0.0%,0,0.267,0.268,0.278,0.301,42.9%,21.4%,14.3%,49.0%,89.5%,94.1%,23.3%,16.7%,152
Belmont,Wyatt Fooks,All,97,17,74.0,95.8,101.1,17.6%,16.3°,18.9°,47.1,0.0%,0,0.174,0.195,0.277,0.282,35.3%,29.4%,29.4%,42.3%,62.8%,85.2%,25.9%,19.5%,66
UC Irvine,Zach Crandall,All,111,13,88.7,100.0,100.1,46.2%,5.5°,16.2°,23.1,0.0%,0,0.235,0.211,0.277,0.331,53.8%,23.1%,23.1%,42.3%,73.9%,79.4%,20.0%,27.7%,125
Villanova,Joseph Montgomery II,All,499,104,85.6,101.4,106.4,28.8%,5.6°,6.5°,31.7,0.0%,0,0.252,0.291,0.277,0.336,51.9%,19.2%,26.0%,44.1%,70.9%,88.1%,24.1%,17.7%,109
UC Irvine,Anthony Martinez,All,459,105,89.7,104.4,107.7,40.0%,16.8°,8.3°,24.8,5.7%,6,0.243,0.278,0.277,0.343,41.0%,38.1%,17.1%,45.8%,72.2%,90.9%,25.7%,15.7%,91
Delaware,Rory Finn,All,535,65,89.0,104.1,111.9,49.2%,3.0°,7.0°,27.7,4.6%,3,0.2,0.238,0.277,0.335,58.5%,18.5%,21.5%,39.1%,57.6%,78.4%,26.4%,38.8%,98
East Tennessee State,Eli Evans,All,96,15,86.4,100.6,102.6,33.3%,6.1°,22.0°,20.0,0.0%,0,0.158,0.177,0.277,0.287,46.7%,40.0%,6.7%,33.3%,61.8%,100.0%,17.7%,9.4%,135
Monmouth,Wyatt Hunt,All,413,89,84.4,98.5,102.3,24.7%,2.0°,-0.6°,30.3,0.0%,0,0.231,0.28,0.277,0.323,55.1%,10.1%,25.8%,44.3%,65.5%,89.1%,25.0%,18.0%,106
Auburn,Bristol Carter,All,537,109,83.7,100.5,107.2,24.8%,11.5°,9.3°,33.9,1.8%,2,0.238,0.254,0.277,0.329,41.3%,19.3%,28.4%,49.3%,70.3%,87.9%,29.9%,20.0%,82
San Diego,Vincent Venverloh,All,58,5,82.1,85.0,86.9,0.0%,5.9°,-,20.0,0.0%,0,0.222,0.133,0.277,0.218,40.0%,40.0%,0.0%,39.7%,54.5%,83.3%,30.6%,43.5%,95
Austin Peay,Keaton Cottam,All,223,33,83.9,97.7,98.5,24.2%,8.0°,5.7°,36.4,0.0%,0,0.244,0.228,0.277,0.31,48.5%,24.2%,27.3%,41.7%,64.8%,84.2%,26.7%,16.1%,106
Coastal Carolina,Chad Born,All,186,37,82.9,99.4,102.8,24.3%,10.6°,-1.4°,18.9,0.0%,0,0.277,0.232,0.277,0.241,54.1%,21.6%,18.9%,48.9%,76.9%,83.3%,28.7%,28.6%,76
Northwestern,Vince Bianchina,All,84,16,81.0,99.9,101.5,37.5%,12.8°,12.4°,43.8,0.0%,0,0.2,0.212,0.277,0.298,37.5%,25.0%,25.0%,45.2%,69.4%,88.0%,27.1%,21.1%,83
Georgetown,Keith Savoy,All,98,10,89.9,109.3,111.1,30.0%,12.1°,9.8°,20.0,10.0%,1,0.158,0.172,0.277,0.275,50.0%,20.0%,20.0%,35.7%,52.4%,86.4%,23.2%,34.3%,102
Seattle,Colin Curry,All,38,6,81.5,83.9,85.2,16.7%,3.7°,-5.6°,0.0,0.0%,0,0.2,0.162,0.277,0.257,66.7%,33.3%,0.0%,34.2%,64.7%,100.0%,9.5%,15.4%,167
Northwestern,Joshua Ramos,All,77,8,86.0,97.8,98.7,37.5%,16.0°,8.0°,37.5,0.0%,0,0.2,0.195,0.277,0.297,37.5%,25.0%,25.0%,33.8%,50.0%,100.0%,19.5%,26.9%,82
Wright State,Carson Clark,All,89,11,92.9,102.9,106.4,54.5%,3.1°,2.4°,36.4,0.0%,0,0.2,0.291,0.277,0.372,63.6%,9.1%,27.3%,29.2%,43.6%,82.4%,18.0%,19.2%,53
British Columbia,Aidan Rose,All,54,9,81.0,97.2,98.6,22.2%,3.2°,4.3°,44.4,0.0%,0,0.222,0.37,0.277,0.427,55.6%,0.0%,44.4%,31.5%,41.7%,80.0%,23.3%,23.5%,70
Yale,Hayden Sobecki,All,363,65,80.8,99.9,104.3,24.6%,15.6°,10.7°,29.2,1.5%,1,0.232,0.252,0.277,0.335,36.9%,30.8%,24.6%,46.0%,68.4%,92.6%,28.8%,14.4%,87
Ave Maria,Kyle Van Liere,All,227,36,82.3,99.3,102.4,22.2%,17.4°,17.2°,36.1,0.0%,0,0.176,0.175,0.277,0.297,33.3%,30.6%,25.0%,39.2%,61.5%,84.7%,22.9%,25.8%,110
Bowling Green,Cade Parker,All,191,25,83.6,96.3,98.9,20.0%,6.4°,3.4°,24.0,0.0%,0,0.176,0.243,0.277,0.342,72.0%,8.0%,16.0%,36.6%,67.4%,87.9%,11.4%,18.6%,146
Merrimack,Timmy Bonin,All,53,7,78.0,90.9,93.6,0.0%,10.0°,-,28.6,0.0%,0,0.2,0.214,0.277,0.301,42.9%,28.6%,28.6%,41.5%,76.2%,75.0%,18.8%,22.7%,141
Rider,Anthony Paskell,All,178,33,83.0,95.8,100.9,15.2%,20.4°,26.2°,42.4,3.0%,1,0.195,0.229,0.277,0.308,33.3%,33.3%,27.3%,46.6%,71.6%,93.1%,25.8%,13.3%,90
Southern Wesleyan,Josh Long,All,232,54,72.4,91.4,93.5,1.9%,0.7°,-2.7°,18.5,0.0%,0,0.276,0.208,0.277,0.234,63.0%,18.5%,13.0%,48.3%,72.6%,97.6%,25.2%,9.8%,118
UNC Pembroke,Blake Hinson,All,40,9,80.5,94.2,94.6,0.0%,15.5°,-,44.4,0.0%,0,0.222,0.332,0.277,0.444,22.2%,44.4%,33.3%,32.5%,68.8%,100.0%,8.3%,0.0%,169
Omaha,Eli Hoerner,All,277,43,85.3,100.8,103.9,20.9%,23.5°,13.3°,27.9,2.3%,1,0.246,0.269,0.277,0.316,32.6%,30.2%,23.3%,41.2%,58.3%,84.3%,28.0%,26.3%,80
William Carey,Brayden Coffey,All,42,8,75.4,95.7,99.5,12.5%,9.8°,8.5°,25.0,0.0%,0,0.25,0.162,0.277,0.246,37.5%,50.0%,12.5%,35.7%,55.6%,80.0%,20.8%,20.0%,78
Old Dominion,Ryan Thomas,All,106,12,81.4,95.0,96.3,16.7%,9.7°,-12.7°,33.3,0.0%,0,0.2,0.187,0.277,0.279,58.3%,25.0%,16.7%,33.0%,53.7%,86.4%,20.0%,28.6%,130
Manhattan,Jake Hatch,All,48,6,77.0,93.2,95.5,16.7%,-19.2°,13.8°,16.7,0.0%,0,0.2,0.205,0.277,0.292,66.7%,16.7%,16.7%,35.4%,55.0%,63.6%,21.4%,47.1%,21
The Citadel,Cole Canty,All,76,10,84.3,95.6,96.9,20.0%,-3.9°,2.0°,30.0,0.0%,0,0.2,0.248,0.277,0.338,70.0%,10.0%,20.0%,39.5%,66.7%,86.4%,18.6%,23.3%,96
California PA,Kyle Rizzo,All,56,6,86.8,93.9,95.2,16.7%,15.5°,4.9°,66.7,0.0%,0,0.2,0.308,0.277,0.385,33.3%,33.3%,33.3%,42.9%,66.7%,77.8%,20.7%,25.0%,131
Seattle,Brandon Stinnett,All,140,26,85.8,97.3,97.8,11.5%,4.2°,7.3°,26.9,0.0%,0,0.212,0.225,0.276,0.3,61.5%,11.5%,23.1%,41.4%,65.6%,92.9%,21.1%,19.0%,116
Louisiana,Sam Ardoin,All,253,28,83.6,96.6,103.5,17.9%,18.9°,22.2°,46.4,3.6%,1,0.213,0.218,0.276,0.316,28.6%,35.7%,35.7%,34.4%,52.0%,75.5%,22.5%,27.6%,84
Purdue,Sergio DeCello,All,296,42,86.0,102.7,105.5,28.6%,14.9°,16.2°,35.7,2.4%,1,0.186,0.21,0.276,0.301,35.7%,35.7%,19.0%,44.3%,60.7%,67.6%,33.5%,41.2%,40
North Greenville,Landon Shaw,All,111,25,82.2,99.4,101.9,28.0%,9.3°,5.0°,12.0,0.0%,0,0.192,0.243,0.276,0.327,52.0%,16.0%,16.0%,36.9%,67.4%,93.1%,17.6%,9.8%,119
Stetson,Landon Russell,All,716,107,88.7,100.8,108.7,36.4%,14.1°,8.3°,31.8,7.5%,8,0.21,0.239,0.276,0.329,42.1%,27.1%,22.4%,44.6%,65.8%,82.4%,28.3%,24.5%,85
Georgia Southern,Bryson Trammell,All,184,25,84.2,97.5,106.8,36.0%,8.9°,13.4°,24.0,0.0%,0,0.182,0.225,0.276,0.329,52.0%,20.0%,20.0%,37.5%,62.0%,85.7%,19.0%,21.7%,95
Lincoln Memorial,Chris Hall,All,146,24,79.5,92.8,98.0,8.3%,-2.1°,-2.6°,12.5,0.0%,0,0.182,0.181,0.276,0.295,66.7%,16.7%,12.5%,46.6%,65.1%,75.6%,32.5%,27.9%,93
Cal State Northridge,Colton Boardman,All,391,68,82.7,98.0,103.1,16.2%,13.9°,15.3°,38.2,0.0%,0,0.239,0.215,0.276,0.281,33.8%,29.4%,29.4%,47.1%,70.4%,86.5%,27.4%,25.5%,96
Lehigh,Jasper Adelman,All,62,9,69.6,91.4,92.2,22.2%,-16.8°,-12.1°,0.0,0.0%,0,0.1,0.151,0.276,0.318,77.8%,22.2%,0.0%,32.3%,80.0%,68.8%,9.5%,30.0%,144
Lipscomb,Corey Boyette,All,129,19,86.7,102.6,103.8,47.4%,-5.8°,11.5°,31.6,0.0%,0,0.154,0.272,0.276,0.369,57.9%,15.8%,26.3%,41.1%,64.8%,97.1%,24.0%,17.0%,109
TCU,Sam Myers,All,359,57,83.1,97.0,100.8,12.3%,6.4°,11.4°,22.8,0.0%,0,0.216,0.181,0.275,0.284,50.9%,17.5%,19.3%,42.9%,67.1%,92.1%,21.2%,15.6%,95
Texas State,Ethan Farris,All,242,47,87.3,102.7,109.0,38.3%,14.3°,9.3°,29.8,0.0%,0,0.246,0.266,0.275,0.283,46.8%,19.1%,25.5%,56.2%,71.4%,78.7%,44.5%,28.7%,20
Texas A&M,Sawyer Farr,All,339,34,85.6,102.8,105.8,26.5%,11.4°,14.7°,17.6,0.0%,0,0.19,0.187,0.275,0.307,44.1%,23.5%,23.5%,32.4%,57.4%,69.4%,13.1%,34.5%,113
New Mexico,Luke Banister,All,82,16,97.1,107.0,107.5,75.0%,16.9°,9.9°,18.8,6.2%,1,0.208,0.288,0.275,0.358,56.2%,25.0%,6.2%,50.0%,88.2%,83.3%,22.9%,31.7%,118
Villanova,Collin Quintano,All,342,54,91.6,105.3,108.4,48.1%,12.9°,10.3°,29.6,11.1%,6,0.21,0.244,0.275,0.326,46.3%,29.6%,18.5%,47.4%,72.5%,75.7%,27.0%,33.3%,65
Holy Cross,Nick Spaner,All,192,35,82.7,101.7,102.4,22.9%,6.5°,7.8°,34.3,0.0%,0,0.229,0.228,0.275,0.298,40.0%,22.9%,31.4%,41.7%,63.5%,88.9%,24.3%,21.2%,86
Long Beach State,Trotter Enright,All,264,33,89.7,99.8,101.7,33.3%,-3.9°,7.6°,30.3,0.0%,0,0.212,0.232,0.275,0.314,69.7%,6.1%,21.2%,45.5%,67.4%,78.2%,24.4%,27.5%,108
Georgia Southwestern,George Davis,All,309,54,84.5,102.8,105.7,24.1%,16.1°,13.4°,27.8,7.4%,4,0.203,0.231,0.275,0.324,37.0%,35.2%,14.8%,41.1%,64.4%,85.1%,23.0%,19.7%,110
Long Island,Tyler Benick,All,285,40,85.2,100.5,101.3,27.5%,15.5°,18.6°,42.5,2.5%,1,0.238,0.216,0.275,0.261,32.5%,30.0%,30.0%,53.7%,83.1%,72.4%,32.9%,39.2%,85
Ohio,Nick Dolan,All,200,33,85.1,100.2,107.8,24.2%,18.6°,18.4°,27.3,0.0%,0,0.2,0.196,0.275,0.285,30.3%,30.3%,24.2%,42.5%,65.2%,83.3%,23.1%,27.1%,91
Akron,Charlie Schebler,All,579,101,82.4,100.0,103.2,19.8%,8.5°,14.5°,32.7,1.0%,1,0.225,0.264,0.275,0.321,48.5%,24.8%,24.8%,43.2%,70.2%,83.2%,20.8%,19.2%,120
Oregon,Jack Brooks,All,153,21,88.0,106.8,108.1,33.3%,-3.4°,4.0°,23.8,0.0%,0,0.167,0.236,0.275,0.333,61.9%,14.3%,23.8%,34.0%,54.2%,92.3%,16.0%,26.9%,118
Western Illinois,Paul Osting,All,198,27,86.7,96.5,98.1,11.1%,25.6°,13.5°,37.0,0.0%,0,0.22,0.171,0.275,0.3,25.9%,40.7%,22.2%,42.4%,72.3%,75.0%,20.9%,25.0%,131
Houston Christian,Tevis Payne,All,217,32,84.5,97.6,99.8,34.4%,6.2°,-0.7°,28.1,0.0%,0,0.205,0.222,0.275,0.326,53.1%,18.8%,21.9%,36.9%,52.8%,85.7%,21.6%,17.5%,78
Union,Jake Keyl,All,83,14,83.8,92.8,94.4,14.3%,7.8°,-15.8°,21.4,0.0%,0,0.176,0.25,0.275,0.319,42.9%,35.7%,21.4%,45.8%,77.4%,87.5%,26.9%,26.3%,97
Indiana,T.J. Schuyler,All,338,62,85.4,102.6,104.3,33.9%,-0.6°,2.7°,21.0,1.6%,1,0.215,0.237,0.274,0.309,51.6%,25.8%,21.0%,45.6%,69.7%,87.0%,25.1%,18.8%,100
Georgetown,Dylan Larkins,All,176,25,80.1,99.3,100.7,16.0%,1.0°,14.9°,32.0,0.0%,0,0.176,0.165,0.274,0.275,52.0%,20.0%,20.0%,39.8%,63.6%,93.9%,21.2%,17.1%,91
Nicholls,Logan Mallard,All,112,14,89.1,99.9,101.0,28.6%,12.0°,28.2°,28.6,0.0%,0,0.158,0.223,0.274,0.359,50.0%,35.7%,14.3%,38.4%,62.2%,75.0%,22.4%,30.2%,105
Redlands,Tyler Preece,All,59,15,89.2,98.7,98.7,26.7%,7.2°,6.4°,13.3,0.0%,0,0.308,0.309,0.274,0.31,53.3%,20.0%,20.0%,44.1%,81.0%,100.0%,23.7%,3.8%,122
Memphis,Cade Tucker,All,244,26,87.3,104.3,105.8,38.5%,13.4°,14.3°,42.3,15.4%,4,0.151,0.188,0.274,0.296,30.8%,42.3%,23.1%,44.7%,65.4%,64.7%,29.3%,46.8%,82
Appalachian State,Dillon Moquin,All,526,82,82.3,99.8,104.8,25.6%,15.1°,22.2°,36.6,2.4%,2,0.225,0.238,0.274,0.317,40.2%,28.0%,25.6%,48.5%,71.0%,84.0%,27.3%,22.7%,107
Cal State Northridge,Tyler Mejia,All,210,32,80.9,98.2,100.5,15.6%,13.8°,23.2°,43.8,0.0%,0,0.204,0.192,0.274,0.249,31.2%,31.2%,28.1%,47.1%,62.2%,86.3%,37.5%,30.3%,47
Coastal Carolina,Jake Books,All,204,26,86.6,101.4,106.8,46.2%,22.3°,25.3°,46.2,23.1%,6,0.179,0.271,0.274,0.419,26.9%,30.8%,26.9%,35.3%,51.9%,77.8%,18.0%,29.2%,95
Texas Southern,Elijah Rodriguez,All,57,12,79.4,93.1,94.9,0.0%,-1.6°,-,16.7,0.0%,0,0.286,0.275,0.274,0.252,58.3%,16.7%,16.7%,45.6%,67.6%,95.7%,13.0%,11.5%,109
UMBC,Nick Pratt,All,137,26,89.9,104.3,106.2,50.0%,5.2°,4.7°,34.6,3.8%,1,0.2,0.285,0.274,0.373,42.3%,23.1%,30.8%,35.8%,64.4%,86.8%,14.1%,24.5%,150
Connecticut,Gabriel Tirado,All,85,12,88.6,109.2,109.5,50.0%,-0.2°,13.7°,16.7,8.3%,1,0.158,0.229,0.274,0.332,66.7%,25.0%,8.3%,47.1%,73.7%,75.0%,25.5%,37.5%,79
Lamar,Hector Rodriguez,All,288,52,80.6,97.0,100.8,17.3%,-1.6°,2.4°,23.1,0.0%,0,0.186,0.253,0.274,0.336,61.5%,15.4%,19.2%,39.6%,58.9%,90.8%,23.9%,16.7%,102
Pepperdine,Joseph Damelio,All,193,30,83.8,99.8,104.8,20.0%,18.8°,18.8°,20.0,0.0%,0,0.116,0.154,0.274,0.276,33.3%,36.7%,23.3%,39.4%,61.5%,85.7%,19.6%,25.0%,111
St. Thomas (TX),Ryan Ratajczak,All,54,12,76.0,94.3,95.9,8.3%,8.5°,20.2°,41.7,0.0%,0,0.267,0.195,0.274,0.205,41.7%,41.7%,16.7%,46.3%,72.7%,87.5%,28.1%,12.0%,44
Houston,Cole Carbone,All,75,7,75.4,89.1,93.4,0.0%,14.5°,-,14.3,0.0%,0,0.133,0.15,0.273,0.267,42.9%,28.6%,14.3%,38.7%,60.0%,46.7%,28.0%,44.8%,92
Stony Brook,Luke Szepek,All,198,41,86.3,101.9,106.7,26.8%,13.8°,16.6°,34.1,2.4%,1,0.218,0.214,0.273,0.266,39.0%,36.6%,22.0%,50.5%,73.6%,94.0%,30.8%,24.0%,61
UL Monroe,Barham White,All,164,32,87.6,99.6,102.7,34.4%,13.1°,17.7°,43.8,0.0%,0,0.222,0.271,0.273,0.332,37.5%,28.1%,28.1%,52.4%,68.8%,71.7%,37.9%,34.9%,59
UMBC,Sergio Droz,All,133,16,79.4,94.8,96.2,12.5%,-1.4°,20.2°,12.5,0.0%,0,0.19,0.184,0.273,0.29,62.5%,31.2%,6.2%,35.3%,60.6%,82.5%,10.4%,23.4%,141
High Point,Jack Clark,All,117,23,81.3,96.8,99.8,21.7%,-6.7°,-5.1°,17.4,0.0%,0,0.233,0.208,0.273,0.32,69.6%,21.7%,8.7%,43.6%,59.3%,91.4%,27.6%,15.7%,90
UC Riverside,Tyson Reis,All,110,24,82.0,97.8,102.3,29.2%,19.9°,9.5°,29.2,0.0%,0,0.226,0.224,0.273,0.26,33.3%,37.5%,20.8%,52.7%,70.6%,80.6%,37.3%,25.9%,91
Davidson,Cooper Collins,All,307,39,77.2,96.6,100.3,10.3%,17.0°,17.4°,33.3,2.6%,1,0.217,0.151,0.273,0.2,48.7%,33.3%,17.9%,46.9%,76.2%,79.2%,26.5%,27.1%,81
Western Kentucky,Caleb Marmo,All,166,19,89.6,102.4,102.5,21.1%,10.1°,-6.7°,21.1,5.3%,1,0.219,0.164,0.273,0.241,47.4%,21.1%,15.8%,44.0%,68.8%,83.0%,22.5%,27.4%,119
Indiana State,Weston Fulk,All,123,7,94.9,106.2,106.6,42.9%,8.7°,8.3°,42.9,14.3%,1,0.143,0.16,0.273,0.284,57.1%,14.3%,14.3%,39.0%,62.1%,44.4%,18.5%,58.3%,91
Gonzaga,Jace Phelan,All,126,12,94.8,107.1,109.9,58.3%,7.1°,7.5°,25.0,8.3%,1,0.182,0.216,0.273,0.306,50.0%,25.0%,25.0%,38.9%,50.0%,77.8%,30.6%,34.7%,37
Memphis,Will Vasseur,All,428,101,83.6,100.6,104.6,18.8%,4.7°,-0.4°,26.7,2.0%,2,0.248,0.259,0.273,0.299,48.5%,26.7%,20.8%,47.9%,64.0%,91.1%,32.3%,19.5%,73
Northern Kentucky,Nolan Sparks,All,216,32,80.5,100.9,105.8,28.1%,-7.1°,-3.7°,25.0,0.0%,0,0.213,0.243,0.273,0.297,62.5%,15.6%,21.9%,40.7%,60.9%,82.1%,25.8%,27.3%,83
George Washington,Cristino Tufano,All,805,150,84.5,97.6,101.4,21.3%,8.3°,11.9°,32.7,0.0%,0,0.225,0.265,0.273,0.334,50.0%,24.0%,22.7%,38.6%,65.5%,93.1%,15.3%,10.0%,125
Cornell,Luke Johnson,All,205,46,81.6,99.6,103.2,23.9%,10.6°,11.8°,21.7,2.2%,1,0.2,0.181,0.273,0.28,45.7%,28.3%,10.9%,48.8%,61.6%,95.1%,36.8%,21.0%,39
Toledo,Cam Gravelle,All,204,43,86.4,98.6,101.7,30.2%,7.0°,8.3°,27.9,0.0%,0,0.216,0.276,0.273,0.321,53.5%,18.6%,25.6%,38.7%,65.3%,85.5%,15.6%,16.5%,115
Jackson State,Tyshon Patty,All,49,5,95.0,94.3,95.4,40.0%,5.7°,-1.2°,20.0,0.0%,0,0.222,0.141,0.272,0.195,20.0%,0.0%,40.0%,32.7%,40.0%,62.5%,27.6%,31.2%,53
McNeese,Easton Dowell,All,40,8,91.6,100.1,101.2,62.5%,6.9°,10.1°,37.5,0.0%,0,0.2,0.257,0.272,0.334,50.0%,25.0%,25.0%,47.5%,62.5%,90.0%,37.5%,31.6%,-15
Middlebury,Anthony Pellagrini,All,120,22,81.0,98.0,101.4,18.2%,-4.2°,18.8°,27.3,4.5%,1,0.167,0.254,0.272,0.335,54.5%,18.2%,9.1%,38.3%,64.6%,87.1%,20.8%,17.4%,140
Pepperdine,Max Bernal,All,319,75,83.9,102.8,106.6,29.3%,5.1°,4.9°,33.3,1.3%,1,0.226,0.337,0.272,0.382,50.7%,18.7%,26.7%,55.2%,79.6%,89.7%,34.3%,16.5%,67
Siena,Jeremy Sangalang,All,142,19,90.2,96.3,97.4,31.6%,14.7°,12.3°,47.4,0.0%,0,0.192,0.273,0.272,0.392,31.6%,21.1%,42.1%,34.5%,59.0%,86.1%,16.0%,18.4%,137
Michigan State,Jake Dresselhouse,All,282,42,85.7,102.4,103.5,35.7%,-7.4°,7.5°,31.0,2.4%,1,0.21,0.256,0.272,0.353,66.7%,2.4%,28.6%,42.6%,68.5%,75.3%,22.2%,30.8%,120
Stony Brook,Johnny Pilla,All,317,44,84.3,103.0,105.8,34.1%,8.5°,7.9°,25.0,0.0%,0,0.221,0.22,0.272,0.279,54.5%,18.2%,20.5%,39.1%,64.1%,86.8%,18.9%,25.0%,118
USF,Carter Murphy,All,234,44,90.6,105.6,110.4,43.2%,11.7°,10.0°,36.4,6.8%,3,0.25,0.306,0.272,0.364,45.5%,15.9%,27.3%,46.6%,69.1%,84.6%,31.4%,31.2%,72
McNeese,Bryce Jones,All,34,9,84.7,99.5,105.1,11.1%,6.8°,17.5°,44.4,0.0%,0,0.2,0.212,0.272,0.28,44.4%,22.2%,33.3%,35.3%,57.1%,100.0%,20.0%,16.7%,164
Bowling Green,Gunner Antillon,All,188,39,82.9,98.4,101.0,25.6%,8.3°,18.9°,28.2,0.0%,0,0.2,0.283,0.272,0.364,48.7%,30.8%,20.5%,45.7%,72.4%,88.7%,16.7%,16.3%,128
Dayton,Bobby Stang,All,367,64,90.4,104.7,111.5,43.8%,15.5°,15.8°,34.4,12.5%,8,0.193,0.247,0.272,0.361,35.9%,43.8%,12.5%,47.4%,70.6%,80.0%,28.9%,29.9%,94
Appalachian State,Tommy Walker,All,48,6,81.8,91.9,92.3,0.0%,38.9°,-,16.7,0.0%,0,0.2,0.135,0.272,0.189,16.7%,50.0%,16.7%,41.7%,68.2%,60.0%,19.2%,40.0%,115
Samford,Hayden Perry,All,185,22,81.6,97.0,100.6,18.2%,8.3°,5.3°,31.8,0.0%,0,0.205,0.158,0.272,0.236,50.0%,22.7%,22.7%,48.1%,66.2%,66.7%,35.2%,46.1%,61
Mercer,Kai Decker,All,115,23,89.4,101.4,106.6,43.5%,3.7°,0.3°,26.1,0.0%,0,0.222,0.284,0.272,0.346,52.2%,21.7%,21.7%,60.9%,87.0%,85.0%,43.5%,22.9%,72
UMBC,Danny Wyatt,All,292,55,84.2,98.7,103.4,27.3%,15.0°,12.6°,40.0,1.8%,1,0.197,0.25,0.272,0.324,36.4%,27.3%,29.1%,45.2%,65.6%,90.0%,30.6%,19.7%,99
Nicholls,Matt Melancon,All,191,23,79.1,94.6,95.8,13.0%,23.5°,12.8°,39.1,0.0%,0,0.184,0.181,0.272,0.257,30.4%,30.4%,34.8%,43.5%,68.6%,66.7%,28.9%,39.8%,81
UC Irvine,Theo Kim,All,60,7,94.2,100.1,100.2,57.1%,5.2°,-0.5°,57.1,0.0%,0,0.273,0.313,0.271,0.306,28.6%,14.3%,57.1%,38.3%,53.8%,85.7%,26.5%,17.4%,87
Nebraska,Colin Cymbalista,All,59,7,85.8,89.6,90.9,0.0%,16.2°,-,14.3,0.0%,0,0.167,0.174,0.271,0.285,57.1%,14.3%,14.3%,40.7%,73.7%,64.3%,25.0%,37.5%,133
Emory & Henry,Caeden Howell,All,176,35,83.2,98.9,100.4,22.9%,9.6°,9.7°,28.6,0.0%,0,0.244,0.261,0.271,0.308,45.7%,20.0%,25.7%,46.6%,75.6%,85.5%,21.3%,18.3%,135
Minnesota,Jake Elbeery,All,215,36,83.6,101.8,104.7,27.8%,14.2°,14.0°,27.8,0.0%,0,0.196,0.22,0.271,0.279,38.9%,33.3%,27.8%,47.4%,64.3%,77.8%,33.3%,30.4%,94
Catawba College,Nathan Chrismon,All,141,15,73.5,91.5,99.3,6.7%,22.2°,19.7°,13.3,0.0%,0,0.136,0.107,0.271,0.277,46.7%,33.3%,6.7%,35.5%,67.3%,94.6%,15.1%,16.0%,114
UTRGV,Cameron Carter,All,127,17,87.0,99.6,102.5,41.2%,-11.2°,-0.9°,17.6,0.0%,0,0.25,0.198,0.271,0.248,76.5%,17.6%,5.9%,42.5%,70.0%,91.4%,24.7%,22.2%,139
Radford,Carter Richardson,All,102,10,81.9,99.1,103.4,20.0%,5.4°,8.7°,20.0,0.0%,0,0.158,0.125,0.271,0.229,50.0%,30.0%,20.0%,37.3%,60.0%,85.2%,19.3%,31.6%,106
Central Arkansas,Sam Reynolds,All,171,19,84.7,101.1,105.6,31.6%,16.4°,18.3°,26.3,0.0%,0,0.188,0.208,0.271,0.303,36.8%,26.3%,26.3%,42.7%,68.3%,65.1%,27.8%,45.2%,91
BYU,Ezra McNaughton,All,192,20,91.8,102.0,107.5,45.0%,13.0°,1.3°,15.0,5.0%,1,0.114,0.168,0.271,0.302,60.0%,25.0%,10.0%,44.3%,70.3%,75.0%,28.0%,35.3%,95
Pacific,Kordell Brown,All,374,59,82.0,97.3,99.5,11.9%,13.9°,10.8°,23.7,0.0%,0,0.187,0.193,0.271,0.269,39.0%,35.6%,20.3%,36.6%,58.8%,84.4%,21.3%,21.2%,135
West Florida,Dominic Presto,All,44,7,86.7,100.0,100.9,57.1%,-2.6°,12.6°,57.1,0.0%,0,0.273,0.257,0.271,0.38,42.9%,0.0%,57.1%,54.5%,68.4%,100.0%,44.0%,29.2%,66
University of Montevallo,Mitchell Walker,All,89,12,77.5,88.7,93.5,0.0%,16.1°,-,50.0,0.0%,0,0.238,0.185,0.271,0.248,25.0%,41.7%,33.3%,42.7%,57.6%,84.2%,33.9%,31.6%,98
Concordia Texas,Aaron Gomez,All,48,11,68.6,76.9,78.8,0.0%,-4.2°,-,9.1,0.0%,0,0.25,0.208,0.271,0.243,90.9%,9.1%,0.0%,37.5%,68.8%,100.0%,21.9%,0.0%,79
Chapman,Blake Beckley,All,139,24,80.0,91.4,97.8,8.3%,-6.2°,6.7°,41.7,0.0%,0,0.257,0.26,0.271,0.282,58.3%,8.3%,33.3%,51.1%,71.4%,91.1%,34.2%,19.7%,113
Willamette,Luke Piazza,All,96,16,79.0,98.8,98.9,18.8%,12.2°,11.0°,31.2,0.0%,0,0.19,0.203,0.271,0.328,43.8%,25.0%,25.0%,41.7%,62.2%,91.3%,28.8%,20.0%,101
Eckerd,Coltin Pizzio,All,36,9,85.7,91.1,91.2,0.0%,12.1°,-,44.4,0.0%,0,0.25,0.281,0.271,0.398,44.4%,44.4%,11.1%,52.8%,80.0%,100.0%,18.8%,10.5%,118
Mount St. Mary's,Joey Agar,All,130,13,79.4,95.5,96.5,15.4%,3.4°,24.9°,38.5,0.0%,0,0.136,0.165,0.271,0.318,46.2%,38.5%,15.4%,37.7%,71.8%,75.0%,23.1%,24.5%,117
Stony Brook,Matt Miceli,All,243,48,82.6,94.8,99.5,4.2%,7.0°,15.0°,22.9,2.1%,1,0.211,0.222,0.271,0.299,56.2%,27.1%,12.5%,33.3%,57.3%,96.6%,15.7%,7.4%,120
Villanova,Trent Toole,All,309,42,80.0,95.1,99.3,11.9%,2.8°,2.1°,35.7,0.0%,0,0.237,0.239,0.271,0.301,61.9%,14.3%,23.8%,37.5%,57.9%,88.9%,20.7%,22.4%,86
St. Mary's (TX),Garrett Brooks,All,51,9,82.5,97.6,100.0,22.2%,-2.4°,14.9°,22.2,0.0%,0,0.167,0.218,0.271,0.349,77.8%,11.1%,11.1%,37.3%,54.2%,100.0%,22.2%,0.0%,102
Union,Alec Hardy,All,75,18,85.8,98.0,98.1,22.2%,2.2°,-8.6°,22.2,0.0%,0,0.19,0.161,0.271,0.205,44.4%,27.8%,16.7%,44.0%,69.0%,100.0%,28.3%,12.1%,104
Pacific (OR),Ben Lewis,All,47,11,78.9,97.3,97.6,18.2%,3.0°,12.5°,45.5,0.0%,0,0.25,0.41,0.271,0.427,45.5%,18.2%,36.4%,40.4%,63.0%,100.0%,10.0%,5.3%,142
Murray State,Jackson McCoy,All,72,14,82.9,106.3,106.3,35.7%,13.6°,22.4°,21.4,7.1%,1,0.19,0.216,0.271,0.314,35.7%,50.0%,14.3%,51.4%,77.1%,74.1%,27.0%,35.1%,154
Piedmont,Cole Ellis,All,55,9,81.4,93.7,95.0,0.0%,-21.6°,-,22.2,0.0%,0,0.182,0.254,0.271,0.342,77.8%,11.1%,11.1%,34.5%,68.2%,100.0%,12.1%,15.8%,156
UC Davis,Houston Hirschkorn,All,136,22,85.4,103.1,104.5,31.8%,5.2°,8.6°,45.5,0.0%,0,0.226,0.249,0.271,0.327,45.5%,9.1%,40.9%,49.3%,78.4%,82.5%,31.8%,34.3%,90
UMES,Elijah Negron,All,82,8,82.0,96.5,97.1,12.5%,-17.6°,1.7°,12.5,0.0%,0,0.083,0.231,0.271,0.376,87.5%,0.0%,12.5%,41.5%,64.9%,83.3%,22.2%,26.5%,121
Liberty,Michael Gibson,All,236,35,86.0,103.6,112.1,28.6%,15.7°,11.5°,22.9,0.0%,0,0.245,0.233,0.27,0.279,48.6%,34.3%,14.3%,45.8%,66.3%,72.3%,31.2%,31.5%,73
Towson,Cole Stefano,All,216,28,82.4,94.5,98.1,7.1%,8.0°,1.3°,35.7,0.0%,0,0.19,0.205,0.27,0.3,39.3%,17.9%,32.1%,40.7%,67.0%,85.1%,18.1%,26.1%,102
Columbus State,Cole Eison,All,135,35,79.9,96.9,99.6,22.9%,10.8°,1.6°,28.6,0.0%,0,0.231,0.269,0.27,0.297,48.6%,25.7%,17.1%,51.9%,82.8%,85.4%,28.6%,24.3%,127
Minnesota,Sam Hunt,All,135,15,89.2,105.4,105.6,33.3%,15.0°,15.2°,20.0,13.3%,2,0.185,0.212,0.27,0.358,46.7%,40.0%,6.7%,40.7%,65.0%,79.5%,21.3%,30.9%,96
UC Santa Barbara,Corey Nunez,All,495,82,88.4,98.8,103.7,31.7%,14.0°,11.8°,35.4,0.0%,0,0.231,0.236,0.27,0.309,34.1%,35.4%,29.3%,39.8%,64.4%,89.5%,19.8%,19.3%,87
Limestone,Davis Turner,All,271,42,81.6,98.5,101.3,23.8%,13.4°,6.9°,28.6,0.0%,0,0.204,0.234,0.27,0.315,42.9%,23.8%,23.8%,38.4%,62.5%,82.9%,21.4%,22.1%,110
Columbus State,Jackson Chizek,All,109,23,76.7,92.3,97.2,4.3%,15.5°,18.7°,26.1,0.0%,0,0.241,0.174,0.27,0.249,39.1%,30.4%,26.1%,48.6%,69.2%,88.9%,29.8%,20.8%,111
Rice,Jacob Devenny,All,256,59,82.1,97.6,100.3,28.8%,0.0°,4.1°,18.6,0.0%,0,0.25,0.239,0.27,0.244,57.6%,20.3%,16.9%,56.2%,78.8%,86.5%,38.5%,19.4%,63
Miami,Gaby Gutierrez,All,135,19,87.6,97.5,106.2,26.3%,17.5°,15.0°,52.6,5.3%,1,0.156,0.18,0.27,0.274,21.1%,36.8%,31.6%,42.2%,64.9%,67.6%,25.6%,40.4%,89
Saint Louis,Ian Blazier,All,342,61,85.2,100.5,104.3,31.1%,8.4°,10.3°,29.5,4.9%,3,0.215,0.244,0.27,0.322,52.5%,26.2%,19.7%,47.7%,69.6%,91.8%,28.8%,20.2%,103
California PA,Colin Patterson,All,35,7,89.7,106.0,106.5,42.9%,10.0°,17.5°,42.9,0.0%,0,0.182,0.205,0.27,0.297,28.6%,28.6%,28.6%,54.3%,70.6%,83.3%,38.9%,36.8%,100
Miami,Evan Taveras,All,336,46,86.1,104.9,107.4,39.1%,7.7°,10.8°,34.8,6.5%,3,0.147,0.223,0.27,0.329,47.8%,17.4%,26.1%,40.5%,64.8%,74.8%,18.6%,30.1%,70
Rice,Austin Eppley,All,108,12,78.6,95.7,98.7,16.7%,19.5°,-9.3°,16.7,0.0%,0,0.105,0.139,0.269,0.275,33.3%,33.3%,16.7%,38.9%,67.5%,88.9%,22.1%,28.6%,116
Rice,Cole Green,All,312,54,86.8,100.2,106.7,27.8%,17.0°,15.2°,29.6,1.9%,1,0.198,0.193,0.269,0.27,37.0%,29.6%,24.1%,56.1%,73.0%,79.3%,44.6%,29.1%,15
North Alabama,Jonathan Lane,All,293,46,82.1,97.0,100.0,23.9%,-1.9°,-1.4°,28.3,0.0%,0,0.219,0.187,0.269,0.251,65.2%,6.5%,21.7%,46.8%,70.5%,85.7%,28.0%,24.8%,85
Winthrop,Harrison Wilson,All,124,26,82.8,96.9,104.9,11.5%,20.2°,13.3°,42.3,0.0%,0,0.25,0.191,0.269,0.239,34.6%,42.3%,23.1%,48.4%,77.1%,89.2%,30.3%,18.3%,100
Saint Joseph's,Joe Gale,All,238,48,79.3,96.4,99.4,14.6%,16.4°,15.7°,45.8,0.0%,0,0.236,0.254,0.269,0.297,31.2%,31.2%,35.4%,44.5%,57.0%,82.5%,35.5%,17.9%,60
Hawaii Pacific,Tyler Arnold,All,134,24,91.9,101.6,104.5,41.7%,15.0°,10.5°,29.2,0.0%,0,0.172,0.221,0.269,0.295,45.8%,16.7%,25.0%,37.3%,58.2%,84.4%,22.8%,30.0%,90
Jacksonville,Blake Delamielleure,All,228,41,86.1,102.8,106.2,39.0%,7.8°,10.8°,34.1,7.3%,3,0.196,0.332,0.269,0.391,51.2%,12.2%,26.8%,40.4%,71.0%,83.3%,19.3%,26.1%,123
Indiana State,Alex Nevils,All,62,11,84.5,101.3,103.0,45.5%,9.0°,14.0°,36.4,0.0%,0,0.235,0.23,0.269,0.34,45.5%,9.1%,36.4%,53.2%,69.0%,85.0%,39.4%,24.2%,102
Villanova,Jake McElroy,All,368,57,84.7,99.2,100.6,24.6%,10.3°,10.3°,38.6,3.5%,2,0.198,0.225,0.269,0.318,42.1%,22.8%,29.8%,35.6%,55.6%,79.8%,18.6%,23.7%,100
Stony Brook,Cameron Santerre,All,82,12,80.8,102.4,103.0,25.0%,8.6°,11.3°,41.7,8.3%,1,0.176,0.254,0.269,0.354,41.7%,33.3%,25.0%,37.8%,59.0%,91.3%,18.6%,16.1%,121
Pacific,DJ Scott,All,328,49,87.4,100.8,103.2,30.6%,14.3°,4.8°,24.5,2.0%,1,0.2,0.209,0.269,0.295,42.9%,30.6%,18.4%,43.3%,69.7%,85.9%,25.5%,21.8%,113
Washington,Blake Wilson,All,552,80,88.4,102.5,104.7,35.0%,11.8°,12.2°,31.2,6.2%,5,0.195,0.205,0.268,0.295,37.5%,26.2%,22.5%,42.2%,60.5%,81.9%,28.3%,31.3%,61
UNC Wilmington,Kevin Novobilsky,All,131,19,87.3,99.4,102.9,36.8%,14.1°,14.3°,42.1,0.0%,0,0.214,0.226,0.268,0.308,42.1%,26.3%,26.3%,47.3%,72.4%,78.6%,27.4%,29.0%,127
UNC Greensboro,Branton Jernigan,All,341,39,84.7,100.6,105.9,38.5%,13.9°,15.9°,28.2,0.0%,0,0.221,0.184,0.268,0.242,46.2%,25.6%,25.6%,44.6%,66.0%,81.4%,28.4%,30.3%,109
Evansville,Ben Stuart,All,153,24,79.3,96.6,97.9,20.8%,4.9°,20.0°,29.2,0.0%,0,0.161,0.226,0.268,0.334,50.0%,20.8%,25.0%,37.3%,61.3%,78.3%,14.1%,22.8%,112
UAB,Alex Cheeseman,All,402,60,83.5,99.9,105.3,33.3%,2.2°,6.5°,30.0,5.0%,3,0.202,0.241,0.268,0.327,55.0%,23.3%,20.0%,35.8%,57.8%,84.6%,18.0%,20.1%,108
UL Monroe,Zachary White,All,94,20,85.2,98.4,100.5,25.0%,12.7°,13.3°,25.0,0.0%,0,0.222,0.212,0.268,0.262,50.0%,10.0%,20.0%,51.1%,63.4%,80.8%,41.5%,22.9%,8
Stonehill,Cameron Morrison,All,64,16,86.6,104.3,104.3,31.2%,15.5°,9.7°,37.5,6.2%,1,0.19,0.236,0.268,0.285,50.0%,37.5%,12.5%,56.2%,73.5%,80.0%,36.7%,36.1%,58
British Columbia,Kyle Yip,All,100,19,88.9,103.3,104.7,36.8%,8.2°,13.5°,26.3,0.0%,0,0.208,0.284,0.268,0.362,47.4%,21.1%,26.3%,51.0%,79.5%,88.6%,28.6%,21.6%,136
Campbell,Seth Farni,All,266,35,91.7,106.7,110.0,40.0%,12.4°,13.2°,51.4,8.6%,3,0.211,0.274,0.268,0.358,37.1%,34.3%,28.6%,45.5%,68.2%,70.7%,29.5%,35.5%,94
Michigan,Joe Longo,All,89,20,79.8,94.5,97.6,10.0%,5.1°,-5.4°,20.0,0.0%,0,0.208,0.169,0.268,0.239,50.0%,25.0%,15.0%,47.2%,73.7%,92.9%,27.5%,21.4%,126
Notre Dame,Nick DeMarco,All,811,94,84.1,100.9,107.1,27.7%,19.1°,19.9°,37.2,6.4%,6,0.169,0.2,0.268,0.309,37.2%,35.1%,22.3%,37.2%,62.0%,79.9%,17.3%,26.5%,118
UVa Wise,Morgan Miller,All,120,16,79.9,93.2,94.9,0.0%,3.0°,-,31.2,0.0%,0,0.231,0.211,0.268,0.261,62.5%,12.5%,25.0%,40.0%,56.9%,82.8%,27.5%,27.1%,85
Iona,Sean Stephenson,All,90,25,77.6,102.7,103.6,24.0%,0.3°,1.0°,12.0,0.0%,0,0.25,0.184,0.268,0.204,68.0%,16.0%,8.0%,43.3%,70.0%,92.9%,22.0%,7.7%,136
UMass,Marc Willi,All,148,24,86.5,101.4,104.6,37.5%,23.0°,16.4°,41.7,4.2%,1,0.229,0.243,0.267,0.31,20.8%,41.7%,33.3%,48.0%,66.7%,90.5%,34.1%,33.8%,71
Michigan,Brayden Jefferis,All,464,75,85.5,97.2,99.2,16.0%,10.9°,8.4°,32.0,0.0%,0,0.221,0.242,0.267,0.32,46.7%,24.0%,28.0%,42.9%,65.5%,89.0%,26.7%,20.1%,108
New Orleans,Karson Evans,All,357,50,83.6,98.9,107.7,22.0%,12.4°,16.3°,36.0,2.0%,1,0.174,0.23,0.267,0.341,38.0%,18.0%,30.0%,37.3%,55.6%,78.8%,23.5%,23.3%,75
Virginia Tech,Ethan Gibson,All,311,36,85.5,101.9,105.7,27.8%,14.2°,10.4°,36.1,0.0%,0,0.183,0.195,0.267,0.289,38.9%,30.6%,30.6%,41.5%,59.0%,82.9%,27.3%,27.9%,76
Niagara,Jacob Brooks,All,109,29,82.7,100.7,101.7,17.2%,0.2°,5.7°,31.0,0.0%,0,0.257,0.261,0.267,0.287,51.7%,10.3%,34.5%,59.6%,83.0%,82.1%,41.9%,29.2%,43
CSU Bakersfield,Jared Bujanda,All,153,29,82.7,99.6,106.8,20.7%,16.2°,7.3°,20.7,0.0%,0,0.225,0.159,0.267,0.214,44.8%,34.5%,13.8%,45.8%,78.2%,83.7%,27.6%,25.7%,58
Nicholls,Christian Westcott,All,156,23,87.2,100.1,101.7,34.8%,8.2°,11.8°,30.4,0.0%,0,0.237,0.206,0.267,0.259,43.5%,30.4%,26.1%,46.8%,66.2%,74.5%,27.8%,42.5%,74
SIUE,John Stallcup,All,83,22,87.3,99.9,102.3,36.4%,10.3°,10.6°,31.8,0.0%,0,0.222,0.254,0.267,0.283,36.4%,27.3%,22.7%,49.4%,70.7%,75.9%,28.6%,29.3%,84
Georgia State,Jack Holley,All,66,13,88.1,96.2,100.8,30.8%,24.1°,19.8°,46.2,0.0%,0,0.133,0.17,0.267,0.26,23.1%,53.8%,23.1%,42.4%,72.7%,81.2%,27.3%,35.7%,125
Eastern Illinois,Peyton Wilson,All,187,38,86.0,99.7,101.8,36.8%,4.4°,5.7°,26.3,0.0%,0,0.22,0.338,0.267,0.384,60.5%,15.8%,21.1%,34.2%,49.4%,97.6%,22.1%,12.5%,99
Delaware,Matthew Minckler,All,255,49,83.5,100.8,104.6,18.4%,2.1°,-2.7°,28.6,0.0%,0,0.2,0.187,0.267,0.239,53.1%,22.4%,22.4%,51.4%,74.8%,83.7%,29.5%,27.5%,103
UC Davis,Alex Gouveia,All,264,47,85.5,97.4,100.1,25.5%,11.2°,12.4°,40.4,0.0%,0,0.233,0.234,0.267,0.282,40.4%,29.8%,27.7%,45.1%,60.8%,91.9%,35.2%,24.4%,48
High Point,Matthew Martinez II,All,49,5,82.4,95.8,100.4,20.0%,38.3°,28.1°,40.0,20.0%,1,0.0,0.169,0.267,0.44,0.0%,80.0%,20.0%,28.6%,57.9%,72.7%,10.0%,35.7%,171
Southwestern (TX),Ben Feuer,All,196,31,73.2,89.5,93.1,0.0%,9.1°,-,41.9,0.0%,0,0.205,0.268,0.267,0.346,41.9%,12.9%,41.9%,41.3%,56.8%,88.0%,28.7%,19.8%,57
St. Bonaventure,Morgan Little,All,160,21,79.1,96.5,99.6,23.8%,15.5°,14.1°,28.6,4.8%,1,0.194,0.205,0.267,0.278,38.1%,23.8%,28.6%,40.0%,65.7%,90.9%,21.5%,21.9%,96
Nicholls,Noah Detillier,All,216,28,83.7,101.1,103.1,28.6%,9.7°,19.9°,32.1,3.6%,1,0.175,0.196,0.267,0.301,42.9%,35.7%,21.4%,45.4%,66.0%,89.1%,28.6%,19.4%,99
St. Thomas (TX),Tyler Mills,All,50,12,74.9,90.4,97.9,8.3%,9.0°,11.1°,16.7,0.0%,0,0.214,0.182,0.267,0.312,50.0%,33.3%,16.7%,46.0%,88.9%,87.5%,21.9%,13.0%,98
Sam Houston State,Addison Smith,All,173,33,83.6,97.2,105.7,33.3%,10.1°,3.0°,33.3,0.0%,0,0.244,0.241,0.266,0.269,42.4%,21.2%,30.3%,49.1%,71.4%,80.0%,28.1%,29.4%,84
Middle Tennessee,Clay Badylak,All,297,48,87.4,100.3,102.2,33.3%,14.3°,12.4°,35.4,0.0%,0,0.211,0.23,0.266,0.29,41.7%,29.2%,27.1%,44.8%,65.2%,84.4%,27.0%,23.3%,93
Tusculum,Jack Gagen,All,90,16,80.6,95.4,95.5,12.5%,5.6°,13.0°,25.0,0.0%,0,0.25,0.219,0.266,0.266,56.2%,6.2%,25.0%,45.6%,69.0%,86.2%,25.0%,29.3%,103
Louisiana,Maddox Mandino,All,369,64,84.1,100.3,105.2,25.0%,2.1°,8.1°,18.8,1.6%,1,0.215,0.195,0.266,0.295,59.4%,18.8%,15.6%,50.9%,72.7%,88.0%,34.1%,21.3%,82
Montreat,Hunter Furches,All,41,7,81.2,89.1,89.7,0.0%,11.6°,-,14.3,0.0%,0,0.143,0.229,0.266,0.34,71.4%,28.6%,0.0%,34.1%,76.9%,90.0%,14.3%,21.4%,156
Liberty,Anderson Fulk,All,276,39,89.8,103.4,107.4,38.5%,25.2°,26.1°,33.3,15.4%,6,0.161,0.195,0.266,0.315,20.5%,61.5%,12.8%,47.1%,67.5%,75.3%,30.0%,33.8%,97
Rhodes,Kisho Shima,All,34,6,79.0,91.9,97.0,16.7%,22.6°,25.4°,100.0,0.0%,0,0.143,0.357,0.266,0.483,16.7%,33.3%,50.0%,44.1%,68.8%,72.7%,22.2%,26.7%,123
Florida A&M,Jalen Niles,All,96,13,83.1,88.1,91.8,7.7%,15.3°,-6.2°,30.8,0.0%,0,0.25,0.167,0.266,0.213,38.5%,23.1%,23.1%,33.3%,52.0%,84.6%,13.0%,18.8%,89
New Mexico State,Aidan Lombardi,All,266,40,83.0,98.5,103.1,17.5%,7.9°,13.2°,22.5,0.0%,0,0.204,0.199,0.266,0.262,57.5%,17.5%,20.0%,33.1%,54.5%,88.1%,14.7%,23.9%,95
Quinnipiac,Gabe Wright,All,231,23,85.5,102.2,104.1,30.4%,21.1°,14.3°,43.5,8.7%,2,0.159,0.182,0.266,0.297,21.7%,26.1%,39.1%,39.8%,62.6%,75.0%,17.2%,26.1%,95
Rhode Island,Brody Levin,All,38,5,87.9,93.3,95.0,20.0%,12.9°,-38.2°,80.0,0.0%,0,0.143,0.246,0.266,0.368,20.0%,20.0%,60.0%,42.1%,80.0%,75.0%,17.4%,31.2%,143
Cal Poly,Dylan Knowles,All,77,7,82.8,88.7,90.5,28.6%,-7.6°,-18.1°,28.6,0.0%,0,0.214,0.169,0.266,0.236,71.4%,0.0%,28.6%,35.1%,47.4%,72.2%,23.1%,29.6%,68
Army,Coleson Titus,All,539,97,80.2,97.7,100.4,18.6%,10.0°,5.2°,26.8,0.0%,0,0.217,0.22,0.266,0.283,46.4%,27.8%,19.6%,46.8%,69.6%,89.4%,32.8%,17.5%,87
Kennesaw State,Kaden Brown,All,104,12,96.7,107.4,107.7,58.3%,5.7°,16.6°,16.7,0.0%,0,0.25,0.171,0.266,0.23,50.0%,25.0%,16.7%,37.5%,69.2%,63.0%,18.5%,46.2%,133
Niagara,Shawn Cameron,All,91,11,81.0,98.1,99.2,18.2%,8.4°,14.0°,36.4,0.0%,0,0.222,0.178,0.266,0.239,54.5%,9.1%,27.3%,44.0%,63.6%,66.7%,32.8%,45.0%,119
Toledo,Brandon Lucek,All,71,10,80.1,94.7,94.9,10.0%,20.6°,-7.3°,40.0,0.0%,0,0.231,0.235,0.266,0.301,40.0%,50.0%,10.0%,28.2%,52.2%,83.3%,16.7%,25.0%,114
Fairleigh Dickinson,Hunter Ray,All,114,11,88.3,103.2,105.2,36.4%,16.7°,12.3°,27.3,9.1%,1,0.105,0.168,0.266,0.338,36.4%,36.4%,27.3%,40.4%,72.9%,74.3%,16.7%,28.3%,114
Berry,Charles Pulaski,All,36,6,66.2,79.9,83.5,0.0%,-15.8°,-,16.7,0.0%,0,0.143,0.185,0.266,0.305,66.7%,16.7%,16.7%,33.3%,53.8%,100.0%,21.7%,8.3%,81
North Dakota State,Dante Smith,All,309,41,82.8,101.0,105.5,26.8%,10.7°,14.1°,53.7,4.9%,2,0.243,0.228,0.265,0.29,43.9%,19.5%,31.7%,43.0%,66.7%,77.2%,24.0%,31.6%,101
Coppin State,Curtis Battle,All,26,5,77.4,89.6,93.0,0.0%,4.7°,-,20.0,0.0%,0,0.286,0.218,0.265,0.343,40.0%,20.0%,20.0%,53.8%,75.0%,58.3%,20.0%,35.7%,134
Oral Roberts,Owen Coil,All,78,13,86.2,100.6,104.5,38.5%,14.4°,13.2°,46.2,0.0%,0,0.227,0.253,0.265,0.277,53.8%,23.1%,23.1%,60.3%,77.1%,63.0%,46.5%,44.7%,78
Pacific (OR),Jack Rhea,All,34,6,79.9,94.5,95.2,16.7%,9.5°,2.5°,0.0,0.0%,0,0.286,0.295,0.265,0.42,66.7%,33.3%,0.0%,38.2%,57.9%,100.0%,13.3%,0.0%,110
Webber International,Deven Tedders,All,83,9,80.2,95.2,98.6,11.1%,-1.9°,15.0°,44.4,0.0%,0,0.133,0.163,0.265,0.247,44.4%,22.2%,33.3%,39.8%,48.5%,75.0%,34.0%,39.4%,91
Arkansas State,Cason Tollett,All,525,121,85.5,101.9,104.4,24.8%,1.3°,3.0°,22.3,0.8%,1,0.248,0.251,0.265,0.294,59.5%,19.0%,18.2%,49.1%,70.8%,84.4%,31.5%,21.3%,77
LSU,Michael Braswell,All,707,98,88.4,99.7,103.9,36.7%,13.1°,15.3°,34.7,4.1%,4,0.205,0.242,0.265,0.329,38.8%,29.6%,25.5%,36.6%,51.2%,87.4%,23.0%,18.5%,93
Embry-Riddle,Noah Clymer,All,39,10,84.4,99.5,99.6,30.0%,-7.7°,6.5°,10.0,0.0%,0,0.25,0.257,0.265,0.253,80.0%,10.0%,10.0%,41.0%,57.1%,100.0%,32.0%,25.0%,74
Southern Illinois,Matthew Simay,All,35,5,83.5,93.0,93.4,0.0%,7.2°,-,40.0,0.0%,0,0.286,0.164,0.265,0.178,40.0%,20.0%,40.0%,45.7%,70.6%,91.7%,22.2%,18.8%,113
Presbyterian,Holden Baker,All,32,5,72.8,87.6,89.7,0.0%,40.0°,-,0.0,0.0%,0,0.286,0.124,0.265,0.12,40.0%,40.0%,0.0%,46.9%,78.6%,81.8%,22.2%,33.3%,103
Louisiana,Drew Markle,All,427,69,81.2,102.1,104.7,23.2%,5.1°,7.2°,31.9,0.0%,0,0.233,0.224,0.265,0.305,49.3%,14.5%,29.0%,45.4%,66.5%,78.8%,31.5%,29.4%,45
UNC Greensboro,Jose Perez,All,604,105,82.9,99.8,102.0,22.9%,6.1°,6.7°,28.6,0.0%,0,0.205,0.225,0.265,0.289,49.5%,22.9%,23.8%,37.3%,58.7%,92.8%,18.4%,15.6%,127
Mars Hill,Toby Troutman,All,156,12,81.7,101.6,102.3,33.3%,7.4°,14.9°,33.3,8.3%,1,0.107,0.125,0.265,0.243,50.0%,25.0%,25.0%,42.3%,70.4%,62.0%,18.8%,48.5%,109
Walsh,Andrew Morse,All,69,11,81.7,95.2,96.1,9.1%,6.3°,7.1°,45.5,0.0%,0,0.25,0.208,0.265,0.211,45.5%,18.2%,36.4%,46.4%,62.1%,77.8%,35.0%,31.2%,80
Holy Cross,Van Coughlin,All,68,11,84.6,102.2,105.4,18.2%,5.4°,14.8°,45.5,0.0%,0,0.25,0.216,0.265,0.23,36.4%,9.1%,45.5%,58.8%,86.2%,84.0%,38.5%,30.0%,73
Middle Tennessee,Brett Rodgers,All,240,45,88.5,107.5,110.3,37.8%,4.8°,0.6°,22.2,0.0%,0,0.213,0.201,0.265,0.261,48.9%,22.2%,17.8%,42.9%,61.9%,84.6%,28.1%,26.2%,62
Prairie View,Michael Smith,All,70,7,81.0,92.2,93.0,0.0%,8.6°,-,57.1,0.0%,0,0.286,0.244,0.265,0.246,42.9%,0.0%,57.1%,48.6%,67.6%,60.9%,30.6%,38.2%,57
UC Riverside,Joshua Torres,All,36,9,78.9,91.9,92.9,0.0%,13.6°,-,55.6,0.0%,0,0.25,0.246,0.265,0.256,33.3%,11.1%,55.6%,41.7%,46.2%,83.3%,39.1%,26.7%,-1
UC Santa Barbara,Cole Kosciusko,All,625,115,90.6,103.7,109.1,43.5%,15.1°,15.7°,33.9,6.1%,7,0.221,0.273,0.265,0.351,37.4%,30.4%,27.0%,47.4%,72.2%,86.8%,28.1%,20.6%,87
Berry,Andrew Pendleton,All,33,10,88.8,100.9,101.1,50.0%,5.0°,18.3°,40.0,0.0%,0,0.3,0.346,0.265,0.387,50.0%,10.0%,40.0%,63.6%,92.9%,100.0%,42.1%,14.3%,49
Texas State,Justin Vossos,All,224,31,84.6,95.9,98.6,16.1%,14.5°,12.2°,32.3,0.0%,0,0.216,0.196,0.264,0.258,38.7%,25.8%,22.6%,40.6%,58.5%,85.5%,27.7%,26.4%,75
Texas State,Caden Baker,All,147,22,85.3,97.8,98.3,18.2%,0.7°,10.2°,22.7,0.0%,0,0.138,0.237,0.264,0.328,68.2%,18.2%,13.6%,37.4%,56.1%,94.6%,22.2%,14.5%,106
Illinois-Chicago,DJ Butler,All,105,17,77.1,86.9,90.7,0.0%,-1.7°,-,29.4,0.0%,0,0.15,0.208,0.264,0.329,64.7%,11.8%,17.6%,38.1%,75.0%,84.8%,11.5%,15.0%,134
Chapman,Austin Dudas,All,263,73,82.4,94.4,97.3,8.2%,10.0°,7.0°,30.1,0.0%,0,0.272,0.264,0.264,0.278,43.8%,21.9%,26.0%,45.2%,69.5%,96.3%,25.5%,16.8%,105
UNC Greensboro,Zach Walsh,All,318,36,86.5,102.3,105.5,41.7%,9.0°,9.6°,36.1,2.8%,1,0.212,0.201,0.264,0.268,44.4%,16.7%,33.3%,34.6%,56.6%,83.1%,18.1%,23.6%,122
Arkansas,Rocco Peppi,All,213,36,87.7,101.8,108.8,25.0%,16.5°,8.2°,22.2,2.8%,1,0.217,0.219,0.264,0.3,36.1%,33.3%,16.7%,49.8%,75.3%,89.6%,31.5%,25.5%,83
Nicholls,Logan Mock,All,398,92,81.4,94.4,97.4,7.6%,7.6°,2.4°,29.3,0.0%,0,0.238,0.267,0.264,0.309,53.3%,18.5%,26.1%,40.7%,60.3%,89.5%,23.0%,13.0%,87
Western Michigan,Brendan Harrity,All,313,46,85.1,101.2,102.2,26.1%,2.5°,2.6°,26.1,0.0%,0,0.227,0.218,0.264,0.26,63.0%,10.9%,19.6%,51.1%,69.5%,81.0%,34.0%,36.9%,84
Ashland,Jeremiah Cangelosi,All,159,30,84.2,101.6,104.6,23.3%,6.9°,11.7°,36.7,0.0%,0,0.256,0.312,0.264,0.33,43.3%,16.7%,40.0%,50.9%,79.7%,78.4%,31.6%,25.9%,101
Southeastern Louisiana,Giovanni Licciardi,All,161,30,86.1,97.6,101.0,23.3%,14.5°,16.4°,20.0,0.0%,0,0.194,0.257,0.264,0.359,43.3%,30.0%,13.3%,40.4%,58.6%,97.6%,26.4%,16.9%,85
Saint Mary's (CA),Makoa Sniffen,All,140,33,85.5,102.0,105.7,36.4%,13.6°,15.4°,33.3,0.0%,0,0.237,0.3,0.264,0.346,33.3%,30.3%,30.3%,51.4%,68.9%,83.3%,38.0%,20.8%,50
Princeton,Nick Shenefelt,All,581,103,81.6,99.4,102.9,23.3%,6.2°,7.8°,25.2,0.0%,0,0.203,0.256,0.264,0.317,47.6%,22.3%,22.3%,40.3%,65.2%,86.8%,20.6%,20.5%,116
Marist,Lewis Rodriguez,All,194,31,84.6,99.3,102.0,22.6%,8.7°,7.3°,19.4,3.2%,1,0.171,0.18,0.264,0.301,51.6%,22.6%,12.9%,36.6%,55.7%,93.9%,20.8%,16.9%,99
Delaware,Ayden Frey,All,162,11,88.2,100.5,102.5,54.5%,17.2°,23.4°,54.5,0.0%,0,0.148,0.179,0.264,0.311,27.3%,18.2%,54.5%,42.0%,70.0%,73.5%,20.7%,41.2%,118
New Orleans,Jahlani Rogers,All,202,31,91.9,105.5,106.0,41.9%,8.8°,11.1°,35.5,6.5%,2,0.17,0.245,0.263,0.332,45.2%,9.7%,29.0%,49.0%,75.3%,73.4%,29.9%,35.4%,111
Loyola Marymount,Joe Reid,All,432,68,88.0,105.6,108.3,45.6%,7.5°,13.1°,29.4,7.4%,5,0.211,0.206,0.263,0.268,42.6%,23.5%,25.0%,47.9%,69.2%,70.1%,29.9%,36.7%,62
Tusculum,Seth Sherman,All,121,19,79.5,99.9,105.0,31.6%,7.4°,4.8°,36.8,0.0%,0,0.192,0.213,0.263,0.276,57.9%,10.5%,26.3%,39.7%,59.3%,78.1%,23.9%,31.2%,79
Army,Ethan Ellis,All,76,16,76.3,97.6,101.9,12.5%,19.5°,11.3°,31.2,0.0%,0,0.19,0.221,0.263,0.283,56.2%,0.0%,18.8%,42.1%,57.1%,80.0%,29.3%,28.1%,73
Concord,Demetri Jamison,All,78,10,82.5,95.2,98.7,20.0%,16.8°,8.5°,40.0,10.0%,1,0.188,0.137,0.263,0.265,40.0%,40.0%,10.0%,37.2%,61.5%,91.7%,12.8%,17.2%,125
UT Arlington,Austin Phillips,All,556,98,85.1,101.6,104.7,31.6%,14.8°,17.7°,37.8,6.1%,6,0.186,0.235,0.263,0.328,37.8%,28.6%,25.5%,48.6%,76.5%,81.1%,30.1%,25.2%,87
UVa Wise,DJ Dickson,All,111,18,86.1,98.4,101.7,22.2%,19.5°,11.1°,33.3,0.0%,0,0.217,0.214,0.263,0.299,38.9%,38.9%,16.7%,39.6%,74.4%,75.0%,17.6%,29.5%,150
Iona,Anthony Zollo,All,89,19,85.9,93.9,98.2,10.5%,6.6°,5.6°,36.8,0.0%,0,0.217,0.281,0.263,0.345,47.4%,26.3%,26.3%,44.9%,59.0%,95.7%,34.0%,12.5%,59
Millersville,Keegan Soltis,All,289,48,82.6,94.7,98.1,8.3%,3.5°,6.8°,39.6,0.0%,0,0.189,0.313,0.262,0.386,47.9%,12.5%,37.5%,35.6%,62.2%,94.9%,14.8%,5.8%,131
East Carolina,Davin Whitaker,All,157,30,87.9,101.2,103.3,36.7%,16.9°,12.7°,36.7,3.3%,1,0.19,0.235,0.262,0.316,36.7%,26.7%,30.0%,49.7%,75.4%,86.0%,35.0%,28.2%,62
Princeton,Kevin Blowers,All,400,61,83.5,96.7,99.1,13.1%,0.4°,5.9°,39.3,0.0%,0,0.237,0.236,0.262,0.269,50.8%,8.2%,34.4%,47.5%,71.9%,77.4%,31.2%,33.7%,94
Navy,Chris Klug,All,244,42,83.2,102.1,106.3,33.3%,12.6°,14.6°,35.7,0.0%,0,0.16,0.271,0.262,0.37,35.7%,33.3%,28.6%,42.6%,69.7%,88.7%,27.1%,22.1%,110
Manhattan,Jeremy Sosa,All,142,20,87.2,100.5,108.1,35.0%,18.5°,12.4°,40.0,5.0%,1,0.207,0.237,0.262,0.318,35.0%,35.0%,25.0%,42.3%,64.3%,73.3%,20.8%,21.7%,100
Tarleton State,Carson Lorch,All,260,57,87.2,99.1,101.6,29.8%,16.8°,11.6°,36.8,1.8%,1,0.203,0.262,0.262,0.32,38.6%,26.3%,24.6%,43.1%,66.9%,88.5%,19.2%,13.4%,92
Incarnate Word,Tony Dejesus,All,75,11,89.1,100.3,100.5,45.5%,8.2°,4.6°,45.5,0.0%,0,0.188,0.263,0.262,0.356,45.5%,27.3%,27.3%,34.7%,64.5%,85.0%,13.6%,23.1%,100
Chowan,Elvis Rumaldo,All,80,12,83.0,85.9,86.6,8.3%,7.7°,-1.4°,16.7,0.0%,0,0.188,0.166,0.262,0.254,50.0%,16.7%,8.3%,40.0%,59.5%,81.8%,23.3%,18.8%,109
Brown,Nathan Brasher,All,585,94,85.7,103.1,105.8,34.0%,2.9°,5.4°,28.7,1.1%,1,0.22,0.267,0.262,0.309,55.3%,18.1%,25.5%,44.3%,63.5%,84.0%,29.4%,25.1%,87
San Diego State,Joshua Quezada,All,168,18,82.2,101.1,101.4,27.8%,4.5°,9.5°,16.7,5.6%,1,0.103,0.204,0.262,0.324,61.1%,22.2%,16.7%,30.4%,53.6%,75.7%,14.1%,31.4%,108
Nebraska,Hogan Helligso,All,459,79,85.6,100.8,105.2,29.1%,10.5°,13.3°,32.9,0.0%,0,0.216,0.244,0.262,0.302,44.3%,27.8%,26.6%,47.1%,72.0%,83.9%,26.6%,22.2%,106
Wichita State,Ryan Callahan,All,384,74,86.9,103.7,107.4,36.5%,13.6°,17.0°,48.6,5.4%,4,0.242,0.307,0.262,0.381,39.2%,20.3%,37.8%,46.9%,66.3%,94.9%,30.1%,15.0%,84
Eastern Illinois,Cade Zalewski,All,173,18,90.2,107.9,109.9,44.4%,13.1°,15.8°,27.8,5.6%,1,0.182,0.187,0.262,0.27,44.4%,27.8%,27.8%,47.4%,65.9%,59.3%,30.8%,41.5%,88
CSU Bakersfield,Cody Hendriks,All,468,84,82.4,97.0,100.8,20.2%,4.1°,14.1°,35.7,1.2%,1,0.206,0.255,0.262,0.322,53.6%,16.7%,26.2%,39.3%,64.8%,91.3%,21.0%,15.2%,112
Dayton,Aiden Heberlie,All,290,34,81.4,96.4,98.9,17.6%,9.5°,5.9°,23.5,0.0%,0,0.193,0.147,0.262,0.239,47.1%,23.5%,20.6%,40.7%,61.2%,80.5%,23.1%,27.1%,92
George Fox,Evan Balingit,All,220,36,82.2,96.0,101.7,11.1%,3.6°,25.0°,25.0,0.0%,0,0.229,0.207,0.262,0.265,55.6%,22.2%,19.4%,44.1%,75.3%,84.3%,21.3%,22.7%,130
Memphis,CJ Willis,All,85,8,95.8,105.8,107.2,62.5%,12.4°,7.0°,62.5,0.0%,0,0.188,0.299,0.262,0.372,25.0%,12.5%,62.5%,47.1%,67.7%,57.1%,35.2%,55.0%,98
East Carolina,Roger Vergara,All,133,21,86.9,100.7,102.6,33.3%,4.4°,2.6°,23.8,0.0%,0,0.172,0.265,0.262,0.348,61.9%,19.0%,19.0%,41.4%,75.5%,86.5%,21.4%,20.0%,104
Oklahoma Wesleyan,Connor Hickey,All,85,9,78.4,99.2,101.0,22.2%,-0.5°,8.0°,11.1,0.0%,0,0.188,0.138,0.262,0.234,55.6%,22.2%,11.1%,36.5%,61.5%,81.2%,25.4%,35.5%,80
UCLA,Grant Gray,All,163,15,85.5,100.2,102.6,13.3%,22.0°,20.5°,53.3,6.7%,1,0.207,0.175,0.261,0.273,20.0%,40.0%,33.3%,38.7%,58.0%,82.5%,24.5%,31.7%,125
Penn State,Michael Lucarelli,All,159,15,73.8,97.0,103.7,6.7%,-5.0°,15.2°,20.0,0.0%,0,0.111,0.135,0.261,0.315,60.0%,13.3%,20.0%,29.6%,50.7%,70.6%,14.1%,36.2%,127
Arizona,Gunner Geile,All,207,32,91.5,103.8,107.7,40.6%,18.3°,5.7°,31.2,6.2%,2,0.235,0.218,0.261,0.259,34.4%,37.5%,25.0%,48.8%,68.0%,86.4%,31.8%,32.7%,59
George Washington,Kobe Mentzer,All,91,15,84.1,90.6,100.6,20.0%,8.9°,-2.8°,46.7,0.0%,0,0.143,0.226,0.261,0.322,40.0%,20.0%,40.0%,37.4%,53.7%,77.3%,24.0%,32.4%,88
Western Carolina,Yates Sikes,All,46,5,83.0,92.3,93.2,0.0%,20.5°,-,40.0,0.0%,0,0.111,0.16,0.261,0.314,20.0%,40.0%,40.0%,45.7%,57.9%,81.8%,37.0%,38.1%,75
Western Michigan,Marwynn Matthews Jr,All,65,11,73.5,87.7,88.0,0.0%,-24.2°,-,27.3,0.0%,0,0.267,0.251,0.261,0.27,72.7%,9.1%,18.2%,44.6%,57.6%,73.7%,31.2%,24.1%,8
British Columbia,David Krahn,All,68,11,88.7,98.8,101.7,18.2%,3.5°,4.4°,27.3,0.0%,0,0.25,0.263,0.261,0.292,54.5%,9.1%,18.2%,38.2%,62.1%,72.2%,20.5%,30.8%,87
Kennesaw State,Corey Berry,All,60,6,80.7,87.0,87.0,0.0%,-2.6°,-,0.0,0.0%,0,0.125,0.082,0.261,0.314,66.7%,16.7%,0.0%,28.3%,50.0%,91.7%,13.9%,11.8%,88
West Virginia,Michael Perazza,All,99,26,86.5,99.3,104.5,19.2%,4.6°,13.5°,38.5,3.8%,1,0.241,0.313,0.261,0.36,53.8%,19.2%,26.9%,51.5%,78.3%,94.4%,28.3%,17.6%,118
Coker,Gabriel Santiago,All,90,22,79.4,91.2,94.5,0.0%,2.2°,-,31.8,0.0%,0,0.25,0.326,0.261,0.378,50.0%,22.7%,27.3%,41.1%,60.0%,95.8%,26.0%,8.1%,122
Troy,Peryn Bland,All,70,5,83.5,90.2,90.2,0.0%,-11.4°,-,0.0,0.0%,0,0.214,0.065,0.261,0.11,80.0%,20.0%,0.0%,41.4%,50.0%,56.2%,34.2%,51.7%,89
Abilene Christian,Ranse Radtke,All,170,31,81.3,96.1,104.2,16.1%,19.0°,4.4°,35.5,0.0%,0,0.25,0.242,0.261,0.276,38.7%,12.9%,35.5%,44.7%,56.8%,97.6%,35.4%,18.4%,57
Oregon State,Dallas Macias,All,440,68,86.7,100.6,106.9,36.8%,11.8°,3.4°,29.4,2.9%,2,0.153,0.244,0.261,0.347,42.6%,30.9%,23.5%,37.5%,61.0%,86.1%,21.7%,18.8%,106
Binghamton,Mike Stellrecht,All,551,84,82.8,98.1,101.3,23.8%,5.4°,15.7°,29.8,0.0%,0,0.214,0.248,0.261,0.314,48.8%,22.6%,23.8%,44.1%,72.9%,81.4%,20.0%,24.3%,114
Eckerd,Christian Cabina,All,46,9,87.5,95.4,102.3,44.4%,4.1°,-6.8°,33.3,0.0%,0,0.111,0.244,0.261,0.375,44.4%,22.2%,33.3%,34.8%,64.7%,100.0%,17.2%,0.0%,164
Santa Clara,Hayden Jung-Goldberg,All,59,7,94.2,101.1,102.1,42.9%,11.8°,18.0°,71.4,0.0%,0,0.231,0.218,0.261,0.282,14.3%,0.0%,71.4%,47.5%,70.0%,81.0%,24.1%,32.1%,100
Lincoln Memorial,Brooks Hagedorn,All,103,20,86.0,94.9,96.4,15.0%,11.0°,5.3°,45.0,0.0%,0,0.185,0.225,0.26,0.257,40.0%,25.0%,30.0%,52.4%,69.2%,86.1%,35.3%,22.2%,89
Bryant,Evan Blake,All,206,27,88.8,106.8,107.3,44.4%,20.0°,19.6°,37.0,7.4%,2,0.143,0.219,0.26,0.342,33.3%,37.0%,25.9%,38.8%,63.7%,77.6%,19.1%,31.2%,120
New Orleans,Xavier Rivera,All,95,11,79.4,98.4,102.9,27.3%,14.5°,-7.9°,54.5,9.1%,1,0.158,0.165,0.26,0.26,36.4%,36.4%,18.2%,41.1%,60.5%,69.6%,28.1%,43.6%,122
UC Riverside,David Gibbs,All,118,18,71.7,82.8,88.5,0.0%,-2.8°,-,16.7,0.0%,0,0.208,0.207,0.26,0.271,55.6%,16.7%,16.7%,41.5%,62.8%,92.6%,29.3%,28.6%,96
College of Charleston,Matthew Dominianni,All,145,16,86.9,97.2,101.0,31.2%,15.8°,10.9°,18.8,0.0%,0,0.148,0.188,0.26,0.309,50.0%,37.5%,12.5%,35.2%,58.7%,81.1%,17.1%,29.4%,95
Elon,Alec Welshans,All,205,30,82.0,102.0,103.5,16.7%,12.5°,22.1°,43.3,6.7%,2,0.2,0.188,0.26,0.253,46.7%,13.3%,30.0%,43.9%,62.2%,74.5%,31.7%,38.9%,89
Mercyhurst,Ranciel Ventura,All,89,13,81.4,97.3,98.1,30.8%,14.8°,13.9°,38.5,0.0%,0,0.125,0.272,0.26,0.383,46.2%,30.8%,23.1%,40.4%,64.5%,95.0%,27.6%,11.1%,102
UMass Lowell,Joseph DeLanzo,All,135,28,82.9,102.8,104.3,21.4%,-7.7°,10.1°,17.9,0.0%,0,0.194,0.272,0.26,0.336,71.4%,10.7%,17.9%,40.0%,51.8%,93.1%,31.6%,11.1%,62
Mercyhurst,Eric Chorba,All,103,15,85.1,98.0,105.2,26.7%,17.2°,16.5°,66.7,0.0%,0,0.28,0.274,0.26,0.298,13.3%,20.0%,60.0%,53.4%,71.4%,65.7%,37.0%,34.5%,93
Canisius,Josh Niles,All,87,7,84.9,98.2,98.8,42.9%,9.7°,28.1°,71.4,0.0%,0,0.125,0.202,0.26,0.315,14.3%,14.3%,71.4%,39.1%,59.4%,57.9%,27.3%,47.1%,3
Keiser,Jeremy Garcia,All,91,20,72.0,93.1,97.2,10.0%,14.2°,-0.2°,15.0,0.0%,0,0.227,0.211,0.26,0.251,60.0%,20.0%,15.0%,38.5%,58.1%,100.0%,20.8%,11.4%,108
Minnesota,Jake Larson,All,418,65,85.7,102.8,109.4,33.8%,3.3°,10.9°,30.8,1.5%,1,0.205,0.239,0.26,0.296,55.4%,18.5%,23.1%,46.4%,69.6%,82.0%,26.9%,28.4%,113
Villanova,Tyler Shaw,All,591,110,83.2,94.9,100.6,9.1%,9.2°,9.8°,35.5,0.0%,0,0.2,0.231,0.26,0.298,45.5%,20.9%,30.9%,36.2%,57.8%,90.3%,20.5%,13.6%,112
Seton Hall,Nick Ferri,All,244,36,80.3,102.6,106.4,22.2%,-2.4°,18.5°,33.3,5.6%,2,0.163,0.213,0.26,0.303,44.4%,27.8%,22.2%,40.6%,64.6%,69.4%,25.0%,32.3%,89
Missouri State,Logan Dunn,All,204,29,87.0,103.7,104.9,31.0%,11.3°,14.5°,44.8,3.4%,1,0.175,0.229,0.259,0.334,41.4%,24.1%,34.5%,39.7%,65.9%,82.8%,19.8%,19.8%,132
Marshall,Jack Smith,All,50,5,95.3,98.5,98.6,40.0%,16.1°,21.4°,60.0,20.0%,1,0.222,0.234,0.259,0.347,20.0%,40.0%,40.0%,34.0%,71.4%,73.3%,6.9%,29.4%,129
UC Irvine,Rowan Felsch,All,294,34,88.9,102.1,108.1,38.2%,22.8°,8.1°,26.5,2.9%,1,0.185,0.174,0.259,0.258,32.4%,38.2%,17.6%,42.9%,63.4%,75.3%,25.6%,33.3%,101
UNLV,Jayden Hertel,All,37,7,82.6,101.8,101.9,42.9%,-12.0°,9.3°,42.9,0.0%,0,0.25,0.351,0.259,0.405,57.1%,0.0%,42.9%,40.5%,73.3%,90.9%,18.2%,20.0%,122
Valparaiso,Michael Kuska,All,40,6,78.5,85.0,86.6,0.0%,-9.7°,-,50.0,0.0%,0,0.222,0.198,0.259,0.247,50.0%,33.3%,16.7%,35.0%,52.9%,77.8%,21.7%,14.3%,82
Kent State,Sawyer Solitaria,All,249,47,89.0,105.3,112.5,42.6%,10.8°,15.4°,21.3,6.4%,3,0.19,0.254,0.259,0.374,40.4%,34.0%,19.1%,43.0%,66.7%,92.2%,28.1%,24.3%,83
Tusculum,Justin Millsaps,All,217,32,79.8,97.1,106.0,15.6%,4.0°,7.0°,31.2,0.0%,0,0.143,0.258,0.259,0.349,56.2%,18.8%,21.9%,37.8%,70.0%,78.6%,19.0%,28.0%,142
North Dakota State,Noah Gordon,All,182,29,83.4,103.2,106.4,27.6%,4.0°,14.0°,27.6,6.9%,2,0.196,0.225,0.259,0.326,44.8%,27.6%,24.1%,44.5%,66.7%,83.3%,26.7%,34.6%,84
Slippery Rock,Treston Nemeth,All,41,5,81.0,92.3,96.3,20.0%,23.1°,6.9°,20.0,0.0%,0,0.222,0.225,0.259,0.281,40.0%,40.0%,20.0%,53.7%,84.2%,75.0%,27.3%,36.4%,73
The Citadel,Landon Kahl,All,80,13,80.4,98.8,99.6,38.5%,1.6°,6.6°,15.4,0.0%,0,0.235,0.21,0.259,0.261,69.2%,15.4%,15.4%,36.2%,48.8%,80.0%,23.1%,27.6%,76
Canisius,Ryan Jones,All,43,6,77.3,92.0,95.3,16.7%,-9.7°,10.5°,33.3,0.0%,0,0.222,0.252,0.259,0.295,66.7%,0.0%,33.3%,32.6%,55.6%,90.0%,16.0%,14.3%,63
Santa Clara,Andrew Rayment,All,285,32,80.3,96.7,99.2,18.8%,22.1°,15.5°,34.4,0.0%,0,0.18,0.14,0.259,0.222,31.2%,37.5%,25.0%,50.9%,74.8%,73.5%,30.5%,33.8%,76
Seattle,Kohl Peterson,All,29,8,93.2,96.9,97.1,50.0%,13.0°,8.5°,50.0,0.0%,0,0.222,0.356,0.259,0.415,37.5%,12.5%,50.0%,48.3%,72.7%,87.5%,33.3%,21.4%,85
Cincinnati,Lauden Brooks,All,640,100,90.7,104.2,106.7,44.0%,7.7°,8.8°,33.0,6.0%,6,0.21,0.271,0.259,0.352,48.0%,18.0%,29.0%,37.8%,58.1%,90.1%,18.3%,19.0%,97
Arizona,Dominic Rodriguez,All,83,15,96.9,110.2,110.5,53.3%,-2.8°,-1.3°,26.7,6.7%,1,0.238,0.282,0.259,0.292,60.0%,0.0%,26.7%,41.0%,59.5%,90.9%,26.1%,23.5%,89
UNC Greensboro,Case Kermode,All,269,29,85.5,105.9,108.2,34.5%,21.0°,14.0°,24.1,0.0%,0,0.207,0.152,0.259,0.216,37.9%,31.0%,20.7%,37.2%,51.7%,69.4%,25.5%,41.0%,86
Texas A&M-Corpus Christi,Will Stark,All,38,6,86.8,94.4,94.4,16.7%,-7.5°,-3.7°,16.7,0.0%,0,0.222,0.213,0.259,0.259,83.3%,0.0%,16.7%,39.5%,71.4%,80.0%,20.8%,26.7%,128
Grambling,Chris Marcellus,All,31,7,87.4,98.7,99.1,28.6%,5.3°,17.0°,28.6,14.3%,1,0.222,0.306,0.259,0.393,57.1%,28.6%,14.3%,48.4%,78.6%,54.5%,23.5%,40.0%,149
Eastern Illinois,Eli Hill,All,187,30,82.4,99.8,102.9,26.7%,-2.4°,-4.9°,30.0,3.3%,1,0.171,0.247,0.259,0.316,63.3%,10.0%,23.3%,34.8%,60.0%,90.7%,11.3%,16.9%,117
UMass,Sam Hill,All,66,13,87.4,103.0,106.1,30.8%,20.1°,28.7°,38.5,15.4%,2,0.118,0.262,0.259,0.439,23.1%,61.5%,15.4%,43.9%,69.7%,82.6%,18.2%,20.7%,105
Oregon,Jax Gimenez,All,39,9,73.2,90.1,92.8,0.0%,-16.1°,-,11.1,0.0%,0,0.222,0.213,0.259,0.257,77.8%,11.1%,11.1%,48.7%,81.2%,92.3%,26.1%,21.1%,135
Long Island,Benjamin Fierenzi,All,273,45,81.7,96.8,101.0,17.8%,12.4°,12.5°,31.1,0.0%,0,0.211,0.246,0.259,0.318,42.2%,24.4%,28.9%,39.6%,62.3%,85.2%,18.9%,15.7%,122
California,Ethan Kodama,All,111,19,74.2,99.4,101.6,15.8%,-2.6°,11.4°,21.1,0.0%,0,0.25,0.15,0.258,0.22,52.6%,5.3%,21.1%,41.4%,59.3%,84.4%,24.6%,19.6%,101
Grand View,Evan Borst,All,29,7,87.0,97.9,100.7,28.6%,32.1°,15.7°,42.9,0.0%,0,0.143,0.261,0.258,0.353,0.0%,57.1%,42.9%,41.4%,50.0%,100.0%,35.3%,16.7%,58
FOR_MAS,Nick Hockemeyer,All,145,25,85.5,98.6,103.0,16.0%,9.7°,4.4°,12.0,0.0%,0,0.188,0.175,0.258,0.24,52.0%,20.0%,16.0%,40.7%,60.7%,81.1%,26.2%,25.4%,106
Oregon State,Paul Vazquez,All,39,5,79.2,99.6,100.7,20.0%,4.0°,3.5°,0.0,0.0%,0,0.143,0.145,0.258,0.215,80.0%,20.0%,0.0%,35.9%,60.0%,88.9%,20.8%,7.1%,103
Abilene Christian,Brady Gray,All,225,36,85.2,101.0,105.9,36.1%,11.2°,8.2°,25.0,0.0%,0,0.184,0.232,0.258,0.296,50.0%,27.8%,16.7%,47.1%,71.1%,85.5%,28.9%,27.4%,126
Delta State,Andin Johnson,All,27,6,82.0,100.5,100.6,33.3%,4.3°,12.8°,16.7,0.0%,0,0.143,0.209,0.258,0.301,66.7%,16.7%,16.7%,48.1%,81.8%,77.8%,25.0%,23.1%,111
Willamette,Liam O'Connor,All,63,11,78.6,92.1,92.6,0.0%,-0.7°,-,36.4,0.0%,0,0.188,0.22,0.258,0.28,63.6%,9.1%,27.3%,41.3%,54.8%,70.6%,28.1%,38.5%,142
Occidental,Thomas Munch,All,27,5,77.2,97.2,97.3,40.0%,6.8°,10.1°,40.0,0.0%,0,0.143,0.287,0.258,0.349,40.0%,20.0%,40.0%,40.7%,45.5%,80.0%,37.5%,27.3%,113
Butler,Logan Crock,All,230,28,81.6,93.5,94.5,3.6%,9.8°,-4.3°,42.9,0.0%,0,0.188,0.195,0.258,0.287,42.9%,21.4%,35.7%,42.6%,70.3%,80.8%,16.8%,23.5%,115
UCLA,Jarrod Hocking,All,601,96,90.3,102.6,109.5,39.6%,13.6°,10.6°,34.4,3.1%,3,0.198,0.269,0.258,0.351,40.6%,31.2%,24.0%,39.9%,62.3%,85.1%,17.4%,21.2%,112
Eastern Michigan,Lucas Johnson,All,58,5,83.7,103.3,104.3,60.0%,14.9°,14.3°,20.0,0.0%,0,0.091,0.12,0.258,0.292,40.0%,40.0%,20.0%,48.3%,80.0%,50.0%,24.2%,46.4%,120
Saint Mary's (CA),Rees Kent,All,71,10,78.0,98.3,98.3,20.0%,32.4°,14.4°,20.0,0.0%,0,0.188,0.208,0.258,0.265,10.0%,50.0%,20.0%,49.3%,75.0%,87.5%,28.2%,22.9%,113
The Citadel,Robbie Lane,All,158,26,80.3,97.7,100.8,26.9%,-1.8°,0.7°,30.8,0.0%,0,0.206,0.233,0.258,0.317,69.2%,11.5%,15.4%,32.3%,45.7%,78.4%,18.2%,29.4%,63
Fairleigh Dickinson,Diego Urreta,All,131,22,86.0,96.2,100.4,13.6%,9.1°,20.6°,22.7,0.0%,0,0.207,0.185,0.258,0.293,50.0%,27.3%,13.6%,35.1%,81.8%,80.6%,11.5%,19.6%,170
Kentucky,Griffin Cameron,All,421,58,82.9,96.1,98.3,12.1%,12.1°,12.1°,32.8,0.0%,0,0.222,0.205,0.258,0.284,43.1%,27.6%,25.9%,38.7%,60.0%,86.8%,21.2%,19.0%,102
Utah Tech,Ethan Royal,All,409,61,87.9,100.1,102.7,34.4%,0.2°,5.4°,24.6,0.0%,0,0.217,0.249,0.258,0.301,59.0%,16.4%,21.3%,37.7%,54.3%,94.0%,24.0%,16.2%,76
Alabama State,Demarckus Smiley,All,322,69,84.2,102.4,106.8,31.9%,2.7°,8.3°,24.6,0.0%,0,0.235,0.252,0.257,0.293,50.7%,24.6%,21.7%,47.2%,74.8%,87.1%,27.3%,24.3%,90
Cal State Northridge,Angel Cortez,All,166,26,85.6,101.7,102.9,34.6%,6.3°,11.7°,26.9,0.0%,0,0.2,0.213,0.257,0.281,53.8%,23.1%,23.1%,39.8%,60.3%,81.6%,27.2%,28.8%,91
Ohio,Dylan Shepherd,All,48,11,87.3,102.3,103.2,27.3%,11.5°,13.4°,36.4,0.0%,0,0.25,0.244,0.257,0.26,36.4%,27.3%,36.4%,66.7%,70.0%,71.4%,64.3%,34.4%,68
Lipscomb,Casey Sunseri,All,124,21,84.9,99.0,106.4,23.8%,-1.5°,-0.1°,14.3,4.8%,1,0.179,0.198,0.257,0.262,71.4%,14.3%,14.3%,37.9%,49.1%,89.3%,28.4%,25.5%,73
FGCU,Jake Mummau,All,277,35,86.4,103.9,104.3,40.0%,9.8°,18.2°,34.3,8.6%,3,0.155,0.214,0.257,0.317,45.7%,25.7%,20.0%,38.3%,61.1%,73.8%,17.8%,33.0%,120
Kennesaw State,Shamaar McDuffie,All,652,116,83.9,98.0,101.0,19.0%,3.6°,-2.2°,28.4,0.0%,0,0.228,0.242,0.257,0.296,50.9%,19.0%,26.7%,41.3%,66.4%,90.6%,19.3%,18.2%,108
Catawba College,Hunter Atkins,All,99,28,83.5,95.0,99.7,7.1%,14.3°,11.9°,35.7,0.0%,0,0.2,0.256,0.257,0.314,32.1%,39.3%,28.6%,49.5%,68.3%,96.4%,36.2%,14.3%,102
Southern,Kelcey (KJ) White Jr.,All,52,15,74.9,93.9,94.9,0.0%,-11.5°,-,33.3,0.0%,0,0.25,0.389,0.257,0.378,60.0%,0.0%,33.3%,46.2%,63.0%,94.1%,28.0%,16.7%,76
San Francisco,Zack Ramppen,All,396,90,85.8,98.3,100.2,23.3%,11.9°,7.5°,35.6,0.0%,0,0.236,0.3,0.257,0.328,48.9%,23.3%,25.6%,49.5%,67.0%,92.1%,33.7%,21.4%,64
Gonzaga,Vincent Temesvary,All,261,37,91.1,106.9,111.5,40.5%,3.4°,13.9°,21.6,5.4%,2,0.137,0.203,0.257,0.31,51.4%,24.3%,21.6%,43.3%,67.0%,80.5%,24.7%,24.8%,87
Cal State Northridge,Royce Clayton,All,226,34,85.3,104.4,104.5,35.3%,9.2°,8.4°,29.4,5.9%,2,0.2,0.216,0.257,0.28,47.1%,23.5%,20.6%,48.2%,63.2%,71.7%,37.4%,33.0%,53
Butler,Zach Munton,All,130,18,79.5,98.2,99.9,11.1%,28.7°,8.8°,16.7,0.0%,0,0.185,0.119,0.257,0.183,33.3%,44.4%,11.1%,42.3%,66.7%,79.4%,26.6%,29.1%,106
Fresno State,BJ Rodriguez,All,92,15,85.3,98.3,102.7,33.3%,3.9°,8.5°,20.0,0.0%,0,0.2,0.271,0.257,0.345,60.0%,20.0%,20.0%,46.7%,72.7%,68.8%,22.9%,44.2%,70
Alcorn State,Clayvonjae Wright,All,56,6,91.6,95.8,95.9,50.0%,-9.3°,4.1°,33.3,0.0%,0,0.182,0.211,0.256,0.273,66.7%,0.0%,33.3%,42.9%,80.0%,62.5%,22.2%,41.7%,111
Southern,Kameron Byrd,All,85,15,81.7,96.1,99.6,20.0%,19.1°,3.1°,20.0,0.0%,0,0.25,0.244,0.256,0.262,40.0%,33.3%,20.0%,60.0%,78.0%,87.5%,43.2%,21.6%,80
BYU,Ridge Erickson,All,181,23,85.1,100.1,102.8,21.7%,21.5°,17.2°,26.1,4.3%,1,0.176,0.157,0.256,0.282,26.1%,47.8%,21.7%,43.6%,69.5%,78.9%,22.2%,26.6%,125
Elon,Nathan Wingenroth,All,87,11,75.4,88.0,88.8,0.0%,-7.5°,-,45.5,0.0%,0,0.19,0.173,0.256,0.196,54.5%,0.0%,45.5%,37.9%,52.3%,82.6%,23.3%,24.2%,52
Maine,Quinn Murphy,All,338,61,85.1,96.9,109.0,19.7%,8.7°,5.3°,36.1,1.6%,1,0.184,0.233,0.256,0.313,49.2%,23.0%,26.2%,36.1%,56.7%,80.0%,19.7%,21.3%,80
Sacramento State,Nikhil Beasley,All,169,16,87.5,99.8,103.6,43.8%,19.1°,21.0°,56.2,0.0%,0,0.222,0.182,0.256,0.226,37.5%,25.0%,31.2%,50.9%,74.2%,65.2%,25.0%,37.2%,83
Bucknell,Billy Fluharty,All,523,92,83.0,96.2,100.4,13.0%,4.4°,15.1°,28.3,0.0%,0,0.212,0.195,0.256,0.274,51.1%,22.8%,19.6%,41.5%,68.4%,90.7%,19.2%,15.2%,114
Le Moyne,Wyatt Patchett,All,66,7,89.9,101.8,102.8,42.9%,34.7°,30.3°,28.6,0.0%,0,0.133,0.067,0.256,0.121,14.3%,28.6%,28.6%,50.0%,67.6%,60.9%,31.2%,45.5%,85
Western Illinois,Justin Bogard,All,84,12,83.3,95.1,98.6,8.3%,15.2°,-,58.3,0.0%,0,0.188,0.136,0.256,0.252,41.7%,33.3%,25.0%,41.7%,71.9%,78.3%,23.1%,22.9%,136
North Alabama,Jayden Sloan,All,85,16,85.3,96.2,100.7,43.8%,19.5°,-2.6°,12.5,0.0%,0,0.25,0.265,0.256,0.284,56.2%,18.8%,12.5%,35.3%,54.2%,80.8%,10.8%,30.0%,72
Iowa,Connor Hennings,All,79,11,83.9,95.0,95.6,9.1%,41.0°,41.8°,9.1,0.0%,0,0.167,0.148,0.256,0.239,9.1%,72.7%,9.1%,38.0%,57.1%,93.8%,27.5%,30.0%,56
Nevada,Donovan Ratfield,All,266,55,86.0,101.6,105.5,27.3%,18.3°,12.4°,21.8,1.8%,1,0.188,0.248,0.256,0.332,34.5%,36.4%,21.8%,43.6%,69.7%,86.7%,22.4%,18.1%,107
Sacramento State,Christian Perez,All,222,29,87.6,98.5,99.7,20.7%,9.7°,17.5°,34.5,0.0%,0,0.152,0.202,0.256,0.307,48.3%,27.6%,17.2%,43.2%,76.1%,73.1%,21.6%,42.7%,108
Grand Canyon,Troy Sanders,All,296,64,87.6,101.7,105.4,32.8%,1.3°,-0.4°,25.0,0.0%,0,0.269,0.282,0.256,0.284,57.8%,14.1%,23.4%,40.9%,63.7%,82.6%,21.7%,22.3%,85
Little Rock,Trey Hill,All,47,8,82.9,93.7,94.5,0.0%,18.9°,-,0.0,0.0%,0,0.182,0.16,0.256,0.258,37.5%,37.5%,12.5%,53.2%,83.3%,85.0%,21.7%,20.0%,115
Cal State Fullerton,Cam Burdick,All,435,64,84.1,100.0,105.5,23.4%,16.3°,15.1°,31.2,1.6%,1,0.222,0.189,0.256,0.255,39.1%,29.7%,26.6%,40.9%,54.3%,78.9%,28.4%,31.5%,51
West Georgia,Mason Cooper,All,73,16,78.7,91.4,95.9,12.5%,18.8°,8.0°,50.0,0.0%,0,0.25,0.304,0.256,0.33,37.5%,37.5%,25.0%,42.5%,63.0%,82.4%,30.4%,22.6%,87
Gardner-Webb,Ethan Rossow,All,67,9,74.0,98.2,101.9,22.2%,6.3°,15.5°,55.6,0.0%,0,0.2,0.245,0.256,0.339,44.4%,11.1%,44.4%,32.8%,60.7%,94.1%,12.8%,9.1%,103
Hawaii Pacific,Frankie Peralez,All,49,7,77.5,93.2,97.4,14.3%,-7.9°,8.6°,42.9,0.0%,0,0.182,0.204,0.256,0.284,57.1%,0.0%,42.9%,36.7%,54.5%,66.7%,22.2%,27.8%,108
Portland,Aaron Louis,All,63,9,90.0,95.6,97.0,22.2%,36.9°,12.9°,44.4,0.0%,0,0.214,0.192,0.256,0.199,0.0%,55.6%,33.3%,46.0%,67.9%,78.9%,28.6%,31.0%,74
Wright State,Will Cook,All,458,58,90.0,102.7,105.0,37.9%,14.0°,8.0°,39.7,3.4%,2,0.17,0.192,0.255,0.281,36.2%,34.5%,25.9%,47.4%,78.2%,62.9%,24.9%,40.1%,102
Gardner-Webb,Joe Stanzione,All,35,5,92.4,104.8,105.1,40.0%,13.3°,16.3°,20.0,20.0%,1,0.125,0.246,0.255,0.353,40.0%,40.0%,20.0%,54.3%,66.7%,68.8%,27.3%,36.8%,91
Pomona-Pitzer,Justin Zerger,All,57,11,82.6,95.8,97.6,18.2%,4.9°,9.4°,36.4,0.0%,0,0.222,0.212,0.255,0.246,54.5%,18.2%,27.3%,42.1%,57.1%,81.2%,27.6%,25.0%,82
Lincoln Memorial,Trace Simmons,All,67,17,78.3,100.3,107.0,11.8%,14.4°,14.7°,29.4,0.0%,0,0.222,0.304,0.255,0.339,52.9%,17.6%,29.4%,43.3%,62.1%,77.8%,28.9%,20.7%,118
Penn,Michael Powell,All,250,38,85.2,101.2,111.5,34.2%,0.6°,6.1°,34.2,0.0%,0,0.167,0.246,0.255,0.317,57.9%,7.9%,28.9%,38.8%,60.0%,86.7%,24.7%,25.8%,94
Old Dominion,Scotty Young,All,238,41,85.2,105.0,111.7,31.7%,1.0°,10.0°,34.1,2.4%,1,0.241,0.244,0.255,0.318,56.1%,22.0%,22.0%,47.9%,66.1%,83.3%,32.6%,20.2%,81
Piedmont,Cruz Mullinix,All,26,6,94.6,97.2,99.3,50.0%,0.6°,2.6°,16.7,16.7%,1,0.125,0.283,0.255,0.336,83.3%,16.7%,0.0%,46.2%,55.6%,80.0%,41.2%,50.0%,70
Penn,Cole McGonigal,All,110,17,97.9,110.7,115.8,58.8%,17.2°,15.6°,29.4,17.6%,3,0.192,0.257,0.255,0.397,29.4%,47.1%,17.6%,50.0%,73.1%,84.2%,29.3%,25.5%,75
Flagler,Taylor Shultz,All,84,22,85.6,94.6,97.7,13.6%,13.6°,4.4°,31.8,0.0%,0,0.269,0.287,0.255,0.292,40.9%,36.4%,22.7%,47.6%,71.8%,89.3%,26.7%,22.5%,157
Milwaukee,Cade Palkowski,All,161,15,82.6,101.1,103.5,33.3%,7.3°,16.7°,40.0,0.0%,0,0.125,0.171,0.255,0.315,40.0%,20.0%,26.7%,33.5%,51.2%,73.8%,15.2%,38.9%,104
Lehigh,Trystan Crawford,All,301,49,87.9,105.9,109.1,34.7%,5.2°,2.5°,24.5,4.1%,2,0.177,0.252,0.255,0.345,53.1%,24.5%,18.4%,34.9%,59.2%,90.1%,18.8%,16.2%,126
Harvard,Gavin Smith,All,95,17,82.0,101.6,104.7,23.5%,6.6°,13.0°,35.3,0.0%,0,0.259,0.237,0.255,0.26,41.2%,23.5%,29.4%,38.9%,50.0%,82.6%,28.6%,35.1%,53
UAB,Jake Merrick,All,87,13,85.6,102.3,102.4,30.8%,8.2°,10.7°,30.8,0.0%,0,0.235,0.236,0.255,0.284,38.5%,30.8%,30.8%,28.7%,45.5%,90.0%,11.6%,12.0%,61
Miami,Fabio Peralta,All,648,115,83.0,97.3,101.9,17.4%,2.0°,5.6°,26.1,0.0%,0,0.224,0.226,0.255,0.275,53.0%,19.1%,19.1%,44.0%,68.4%,81.9%,24.1%,26.3%,95
Saint Joseph's,Colton Bower,All,484,62,87.1,99.1,102.8,29.0%,19.1°,20.9°,27.4,4.8%,3,0.182,0.191,0.254,0.271,35.5%,30.6%,21.0%,42.8%,64.9%,79.3%,22.5%,26.1%,117
New Orleans,Justin Best,All,90,17,82.6,98.4,102.3,17.6%,6.3°,21.5°,17.6,0.0%,0,0.227,0.238,0.254,0.297,47.1%,23.5%,17.6%,41.1%,61.1%,86.4%,27.8%,27.0%,93
Millersville,Sam Morris,All,208,51,82.1,97.9,100.9,17.6%,6.8°,5.0°,29.4,0.0%,0,0.222,0.238,0.254,0.276,45.1%,31.4%,19.6%,49.0%,73.6%,98.5%,29.9%,5.9%,76
Florida A&M,Ben Kim,All,96,17,83.6,101.3,104.6,23.5%,19.9°,4.1°,17.6,0.0%,0,0.2,0.292,0.254,0.33,47.1%,17.6%,17.6%,41.7%,70.0%,92.9%,21.4%,7.5%,120
NJIT,Cj Wisniewski,All,47,6,85.4,95.1,99.0,33.3%,12.2°,10.0°,33.3,0.0%,0,0.111,0.176,0.254,0.291,66.7%,16.7%,16.7%,34.0%,71.4%,73.3%,3.8%,25.0%,134
Tennessee,Colby Backus,All,65,9,81.9,105.6,106.2,44.4%,8.3°,6.0°,44.4,0.0%,0,0.188,0.218,0.254,0.249,44.4%,22.2%,33.3%,40.0%,68.2%,73.3%,25.6%,38.5%,64
Louisiana,Carson Hepworth,All,193,41,81.6,103.1,107.3,22.0%,1.8°,12.7°,26.8,4.9%,2,0.167,0.257,0.254,0.322,48.8%,17.1%,26.8%,45.6%,68.2%,84.5%,27.8%,18.2%,81
Wofford,Raul Feliz,All,206,31,80.7,98.8,101.4,19.4%,8.0°,15.2°,45.2,3.2%,1,0.175,0.247,0.254,0.337,51.6%,22.6%,25.8%,39.3%,61.2%,86.7%,19.4%,18.5%,120
Eckerd,Tripp Haddad,All,42,5,87.8,98.9,99.3,40.0%,-7.5°,6.1°,40.0,0.0%,0,0.111,0.247,0.254,0.331,60.0%,0.0%,40.0%,42.9%,72.2%,61.5%,20.8%,50.0%,149
Erskine,Quinn Allen,All,125,25,77.0,94.2,96.5,4.0%,-1.2°,20.8°,36.0,0.0%,0,0.2,0.223,0.254,0.291,48.0%,20.0%,28.0%,44.8%,81.6%,100.0%,21.1%,10.7%,143
Notre Dame,Noah Coy,All,291,37,83.0,100.3,102.1,27.0%,12.7°,15.2°,32.4,2.7%,1,0.19,0.219,0.254,0.315,35.1%,35.1%,29.7%,35.7%,52.7%,85.5%,21.9%,24.0%,91
BYU,Easton Jones,All,599,85,88.5,101.7,109.7,40.0%,22.6°,19.3°,29.4,2.4%,2,0.171,0.195,0.254,0.28,30.6%,48.2%,18.8%,46.2%,68.3%,82.0%,30.3%,31.8%,89
Little Rock,Ty Rhoades,All,356,64,87.1,99.8,105.5,31.2%,2.9°,7.2°,28.1,1.6%,1,0.205,0.25,0.254,0.297,59.4%,15.6%,21.9%,47.2%,73.6%,86.3%,32.2%,21.4%,82
George Fox,Shayde Koga,All,98,20,85.3,94.0,96.0,10.0%,21.6°,7.8°,30.0,0.0%,0,0.192,0.195,0.254,0.257,30.0%,40.0%,30.0%,49.0%,82.6%,86.8%,19.2%,27.1%,169
Maine,Will Burns,All,260,42,80.8,99.9,101.8,23.8%,4.4°,9.1°,26.2,0.0%,0,0.218,0.219,0.254,0.266,52.4%,26.2%,21.4%,40.4%,58.5%,82.6%,25.4%,20.0%,90
Fordham,Reid Lapekas,All,294,53,80.9,100.5,101.7,24.5%,8.4°,11.9°,26.4,1.9%,1,0.235,0.243,0.254,0.291,50.9%,26.4%,20.8%,46.9%,65.2%,91.9%,32.1%,15.2%,63
Florida Memorial,Christoper Marte,All,71,10,84.6,82.1,83.9,10.0%,8.3°,-4.0°,40.0,0.0%,0,0.154,0.243,0.254,0.328,40.0%,10.0%,30.0%,29.6%,57.1%,93.8%,11.6%,9.5%,141
Siena,Owen Pincince,All,98,16,82.8,92.5,98.8,12.5%,18.0°,10.3°,25.0,0.0%,0,0.143,0.201,0.254,0.277,43.8%,25.0%,18.8%,40.8%,64.3%,77.8%,23.2%,22.5%,125
Fairleigh Dickinson,Jeremy Cheeseman,All,122,18,92.5,100.4,102.0,66.7%,28.1°,22.9°,44.4,5.6%,1,0.222,0.241,0.253,0.32,11.1%,44.4%,33.3%,40.2%,68.4%,89.7%,15.4%,18.4%,111
Notre Dame,Jayce Lee,All,385,65,90.3,103.6,110.4,40.0%,14.7°,10.0°,21.5,10.8%,7,0.186,0.211,0.253,0.275,46.2%,36.9%,15.4%,50.4%,63.7%,86.2%,37.0%,24.7%,67
NC State,Matt Heavner,All,491,95,85.1,97.4,101.2,23.2%,15.7°,7.0°,36.8,0.0%,0,0.225,0.25,0.253,0.3,37.9%,34.7%,25.3%,44.2%,65.5%,90.8%,25.1%,16.1%,87
Utah Tech,Ty Johnsen,All,277,49,88.5,104.2,105.5,34.7%,9.0°,0.2°,28.6,0.0%,0,0.213,0.229,0.253,0.298,46.9%,16.3%,22.4%,41.5%,65.4%,92.9%,20.4%,12.2%,114
The Citadel,Matthew Lively,All,478,72,83.4,102.2,103.5,30.6%,8.7°,11.6°,33.3,4.2%,3,0.229,0.215,0.253,0.258,47.2%,33.3%,18.1%,46.9%,63.5%,85.1%,31.0%,26.8%,61
Valparaiso,Bryan Hatch,All,186,22,82.5,100.8,105.0,27.3%,1.3°,15.9°,40.9,0.0%,0,0.143,0.191,0.253,0.311,54.5%,18.2%,27.3%,39.8%,63.6%,83.7%,22.9%,31.1%,95
Monmouth,Simmi Whitehill,All,249,36,87.4,103.2,107.8,41.7%,1.7°,13.8°,30.6,8.3%,3,0.217,0.229,0.253,0.298,50.0%,11.1%,27.8%,48.2%,69.1%,78.9%,31.7%,36.7%,95
Houston Christian,Parker Edwards,All,196,39,85.1,99.6,105.0,30.8%,12.0°,12.3°,41.0,0.0%,0,0.228,0.188,0.253,0.241,38.5%,23.1%,25.6%,58.7%,78.5%,78.1%,40.8%,31.3%,70
Iona,Anthony Febo,All,47,8,85.0,85.0,85.5,12.5%,0.7°,-19.9°,12.5,0.0%,0,0.333,0.213,0.253,0.188,87.5%,12.5%,0.0%,40.4%,65.0%,76.9%,22.2%,21.1%,113
Central Connecticut,Chris Brown,All,48,7,77.5,94.6,101.7,14.3%,24.2°,8.3°,42.9,0.0%,0,0.273,0.172,0.253,0.169,28.6%,42.9%,28.6%,58.3%,75.0%,90.5%,35.0%,17.9%,81
Presbyterian,Aaron Hobson,All,127,16,78.6,95.4,97.6,6.2%,-2.7°,11.7°,25.0,0.0%,0,0.222,0.214,0.253,0.229,62.5%,18.8%,18.8%,51.2%,81.8%,73.3%,27.8%,35.4%,82
South Dakota State,Carter Sintek,All,172,43,83.4,100.0,103.7,20.9%,5.0°,5.8°,20.9,0.0%,0,0.235,0.233,0.253,0.262,53.5%,25.6%,16.3%,48.8%,64.4%,87.9%,31.7%,17.9%,76
St. Thomas (FL),Damian Hernandez,All,120,17,86.3,101.6,105.0,52.9%,20.4°,8.2°,41.2,0.0%,0,0.2,0.254,0.253,0.293,41.2%,23.5%,35.3%,43.3%,63.6%,85.7%,26.2%,19.2%,74
Alcorn State,Jeremiah Farmer,All,35,6,75.4,90.0,90.6,16.7%,-6.9°,-15.2°,16.7,0.0%,0,0.273,0.218,0.253,0.225,66.7%,0.0%,33.3%,57.1%,61.9%,76.9%,50.0%,35.0%,36
Coppin State,Sam Nieves,All,53,8,83.7,100.9,102.8,37.5%,3.2°,17.2°,25.0,0.0%,0,0.273,0.216,0.253,0.244,50.0%,37.5%,12.5%,39.6%,60.0%,86.7%,21.4%,9.5%,140
Texas Southern,Jesse Herrera,All,98,11,80.6,85.5,87.4,0.0%,15.3°,-,18.2,0.0%,0,0.133,0.209,0.252,0.316,54.5%,18.2%,18.2%,26.5%,51.2%,100.0%,8.8%,15.4%,87
Ashland,Gavin Dobbels,All,125,18,75.9,97.0,100.1,16.7%,22.1°,13.5°,33.3,0.0%,0,0.167,0.189,0.252,0.29,38.9%,44.4%,16.7%,41.6%,54.2%,88.5%,33.8%,13.5%,57
Texas State,Dawson Park,All,569,105,84.8,102.1,104.4,34.3%,10.1°,10.7°,31.4,2.9%,3,0.183,0.255,0.252,0.331,45.7%,19.0%,22.9%,45.9%,70.8%,85.9%,24.9%,25.7%,96
Queens (NC),Anibal Rivera,All,319,46,84.1,103.0,105.7,39.1%,0.9°,9.5°,30.4,8.7%,4,0.162,0.217,0.252,0.296,54.3%,19.6%,19.6%,42.3%,59.6%,76.7%,26.8%,31.1%,71
South Alabama,Ty Brooks,All,275,52,86.2,100.3,103.4,26.9%,10.0°,10.4°,36.5,1.9%,1,0.219,0.284,0.252,0.327,44.2%,21.2%,30.8%,44.7%,62.6%,80.5%,28.5%,26.0%,93
Belmont,Nolan Sergeant,All,169,27,78.0,96.2,98.9,14.8%,11.5°,12.4°,33.3,3.7%,1,0.143,0.25,0.252,0.341,37.0%,37.0%,25.9%,39.6%,67.2%,80.5%,24.1%,34.3%,104
East Carolina,Drew Downs,All,175,17,87.5,96.1,96.2,29.4%,3.0°,2.3°,23.5,0.0%,0,0.143,0.177,0.252,0.318,70.6%,17.6%,11.8%,35.4%,65.4%,82.4%,11.3%,22.6%,125
Princeton,Jake Kernodle,All,487,84,87.8,104.9,108.8,38.1%,-3.1°,0.7°,17.9,0.0%,0,0.198,0.232,0.252,0.314,66.7%,11.9%,15.5%,40.0%,64.3%,86.1%,21.2%,25.6%,104
Xavier,Landon Mensik,All,304,42,89.2,104.3,107.1,31.0%,11.5°,5.0°,23.8,2.4%,1,0.182,0.207,0.252,0.277,52.4%,23.8%,19.0%,47.4%,69.8%,79.4%,28.5%,35.4%,66
Presbyterian,Nicholas Smith,All,137,25,92.1,107.1,110.2,48.0%,16.6°,19.0°,32.0,8.0%,2,0.176,0.254,0.252,0.354,32.0%,36.0%,28.0%,56.2%,81.5%,71.7%,33.3%,42.9%,99
Point Loma,Aiden Arriaga,All,38,9,80.2,91.7,92.0,11.1%,15.5°,-5.7°,33.3,0.0%,0,0.1,0.174,0.252,0.244,33.3%,55.6%,11.1%,28.9%,58.3%,100.0%,15.4%,0.0%,159
UMBC,Kyle Eddington,All,243,47,81.1,91.5,97.9,2.1%,15.0°,7.0°,23.4,0.0%,0,0.233,0.186,0.252,0.214,46.8%,31.9%,17.0%,44.4%,70.8%,88.0%,24.1%,21.3%,94
Pomona-Pitzer,Sammy Lee,All,297,48,80.7,93.0,96.7,4.2%,12.0°,-4.5°,22.9,0.0%,0,0.203,0.182,0.252,0.226,39.6%,31.2%,18.8%,35.4%,57.5%,82.6%,20.3%,25.7%,109
Tampa,J.D. Urso,All,51,10,81.2,100.7,101.2,40.0%,4.3°,11.7°,30.0,0.0%,0,0.231,0.253,0.251,0.307,40.0%,20.0%,30.0%,49.0%,81.8%,94.4%,24.1%,16.0%,126
Texas,Jaquae Stewart,All,225,27,86.7,106.4,109.6,33.3%,-0.4°,8.3°,33.3,7.4%,2,0.156,0.208,0.251,0.303,55.6%,14.8%,25.9%,37.3%,57.5%,72.1%,19.3%,40.5%,94
Seton Hall,Tommy Manzo,All,110,22,87.2,97.6,98.4,27.3%,7.4°,20.0°,18.2,0.0%,0,0.214,0.232,0.251,0.302,59.1%,22.7%,13.6%,40.0%,68.6%,88.6%,15.3%,20.5%,116
UC Davis,Ethan Felix,All,51,6,81.9,90.7,91.2,0.0%,41.0°,-,50.0,0.0%,0,0.231,0.132,0.251,0.237,0.0%,33.3%,33.3%,54.9%,90.0%,61.1%,32.3%,46.4%,88
Seattle,Michael Tsoukalas,All,242,32,80.0,94.5,106.6,12.5%,6.1°,1.2°,12.5,0.0%,0,0.179,0.158,0.251,0.235,65.6%,25.0%,9.4%,47.5%,66.3%,73.0%,35.4%,40.0%,65
Incarnate Word,Rey Mendoza,All,118,21,91.0,101.8,105.1,57.1%,9.5°,18.7°,23.8,9.5%,2,0.16,0.305,0.251,0.43,47.6%,38.1%,14.3%,52.5%,80.4%,86.5%,34.7%,14.5%,95
UCF,Mateo Gray,All,72,7,91.7,100.2,101.4,42.9%,-5.6°,8.5°,28.6,0.0%,0,0.083,0.189,0.251,0.315,71.4%,14.3%,14.3%,33.3%,62.5%,80.0%,18.8%,33.3%,88
Pacific,John-Howard Bobo,All,282,49,81.4,94.2,96.7,8.2%,12.3°,21.2°,34.7,0.0%,0,0.21,0.227,0.251,0.297,42.9%,28.6%,26.5%,39.4%,67.2%,79.8%,17.2%,29.7%,120
Penn,Asa Wilson,All,84,16,80.8,93.0,99.0,18.8%,-3.3°,-4.2°,12.5,0.0%,0,0.227,0.148,0.251,0.177,68.8%,12.5%,12.5%,51.2%,64.5%,95.0%,43.4%,27.9%,44
James Madison,Jack Cannizzaro,All,485,98,80.5,94.3,101.8,11.2%,4.4°,4.4°,29.6,0.0%,0,0.202,0.227,0.251,0.274,52.0%,19.4%,21.4%,40.6%,62.4%,88.9%,25.1%,14.7%,85
Whittier,Matthew Mecate,All,57,9,83.2,93.8,96.6,22.2%,2.1°,-14.3°,44.4,0.0%,0,0.231,0.241,0.251,0.274,44.4%,22.2%,33.3%,40.4%,63.2%,83.3%,28.9%,39.1%,92
Florida A&M,Matthew Perez,All,70,10,73.2,89.1,89.3,0.0%,11.3°,-,30.0,0.0%,0,0.2,0.145,0.25,0.21,50.0%,30.0%,10.0%,45.7%,66.7%,80.0%,30.0%,28.1%,98
Kennesaw State,James McGee,All,124,22,81.9,100.7,102.8,22.7%,2.6°,3.1°,31.8,0.0%,0,0.2,0.283,0.25,0.337,54.5%,13.6%,27.3%,37.9%,69.0%,93.1%,22.0%,17.0%,108
Long Beach State,Connor Charpiot,All,453,89,87.6,102.9,105.9,33.7%,15.6°,9.7°,32.6,1.1%,1,0.173,0.26,0.25,0.337,32.6%,31.5%,27.0%,39.1%,65.3%,88.5%,18.5%,14.7%,120
Queens (NC),Justin Hudson,All,297,36,86.2,104.2,108.2,36.1%,22.5°,23.0°,36.1,5.6%,2,0.194,0.191,0.25,0.24,22.2%,36.1%,30.6%,53.2%,68.2%,68.9%,41.2%,45.6%,26
Erskine,Wilder Puertas,All,62,11,73.3,95.0,99.4,9.1%,4.9°,13.1°,18.2,0.0%,0,0.2,0.135,0.25,0.206,54.5%,9.1%,18.2%,48.4%,70.8%,82.4%,34.2%,30.0%,58
Valparaiso,Austin Amburgey,All,433,80,81.3,98.7,103.3,23.8%,11.8°,14.8°,38.8,1.2%,1,0.218,0.251,0.25,0.303,41.2%,33.8%,23.8%,49.0%,65.5%,87.4%,35.6%,25.0%,72
Towson,Casey Bishop,All,367,63,80.4,95.6,99.2,11.1%,15.3°,16.5°,39.7,1.6%,1,0.198,0.24,0.25,0.324,39.7%,20.6%,30.2%,45.2%,66.9%,92.7%,27.9%,21.7%,99
Shenandoah,Daulton Stewart,All,32,6,88.6,97.5,98.4,16.7%,3.0°,12.7°,50.0,0.0%,0,0.25,0.263,0.25,0.291,50.0%,0.0%,50.0%,53.1%,78.6%,90.9%,33.3%,17.6%,14
Coastal Carolina,Ty Barrango,All,363,51,90.1,102.6,105.4,39.2%,16.6°,14.7°,35.3,3.9%,2,0.203,0.236,0.25,0.333,39.2%,31.4%,27.5%,35.8%,53.9%,90.0%,20.4%,17.7%,75
Missouri,Trey Callaway,All,34,5,79.7,98.1,102.8,20.0%,42.6°,12.5°,40.0,0.0%,0,0.222,0.217,0.25,0.216,0.0%,60.0%,40.0%,32.4%,50.0%,71.4%,20.0%,36.4%,10
San Diego State,Samuel Kahler,All,135,23,83.8,94.9,96.3,8.7%,-9.6°,1.7°,26.1,0.0%,0,0.241,0.235,0.249,0.256,65.2%,4.3%,17.4%,39.3%,58.9%,97.0%,25.3%,20.8%,66
San Diego,Gabe D'Arcy,All,199,23,88.2,104.9,107.2,34.8%,4.3°,11.7°,21.7,4.3%,1,0.175,0.191,0.249,0.27,56.5%,26.1%,13.0%,39.2%,60.9%,77.4%,22.3%,24.4%,96
Minnesota,Jake Perry,All,409,88,85.7,104.6,108.4,31.8%,8.0°,4.5°,25.0,1.1%,1,0.192,0.249,0.249,0.318,51.1%,21.6%,20.5%,47.4%,71.5%,90.6%,28.7%,20.6%,100
Cal State Northridge,Matthew Kurata,All,289,48,83.6,99.4,104.1,22.9%,15.3°,21.0°,33.3,2.1%,1,0.164,0.215,0.249,0.309,29.2%,39.6%,29.2%,52.2%,72.8%,77.8%,34.0%,27.8%,69
CSU Bakersfield,Michael Pollard,All,203,30,77.3,94.8,102.2,16.7%,2.4°,-4.6°,13.3,0.0%,0,0.175,0.13,0.249,0.22,56.7%,23.3%,3.3%,38.9%,60.6%,80.7%,20.2%,24.1%,86
Eastern Kentucky,Colby Ott,All,192,30,76.3,91.1,98.0,3.3%,9.1°,35.2°,30.0,0.0%,0,0.174,0.171,0.249,0.243,43.3%,20.0%,30.0%,51.6%,67.4%,91.4%,38.7%,28.3%,66
Milwaukee,Teige Lethert,All,168,24,86.5,102.8,105.5,41.7%,16.1°,20.3°,33.3,4.2%,1,0.154,0.216,0.249,0.298,45.8%,29.2%,20.8%,42.3%,62.4%,77.4%,21.7%,31.0%,93
Houston,Pip Smalley,All,92,11,86.6,101.7,104.7,27.3%,16.9°,14.4°,27.3,0.0%,0,0.176,0.191,0.249,0.306,45.5%,36.4%,18.2%,47.8%,74.4%,75.0%,24.5%,34.1%,113
Lee,Ashton Simmons,All,276,55,77.3,93.0,94.5,1.8%,9.3°,-72.9°,29.1,0.0%,0,0.221,0.199,0.249,0.246,47.3%,21.8%,20.0%,44.9%,61.8%,88.1%,28.6%,14.5%,51
Towson,MJ Phillips,All,127,14,86.1,103.3,103.4,35.7%,14.3°,13.8°,42.9,7.1%,1,0.192,0.184,0.249,0.316,14.3%,21.4%,35.7%,37.0%,57.1%,50.0%,21.1%,48.9%,87
Montreat,Devon Smith,All,56,6,83.0,95.8,96.4,16.7%,9.5°,39.5°,50.0,0.0%,0,0.182,0.163,0.249,0.232,50.0%,16.7%,33.3%,41.1%,66.7%,71.4%,25.7%,30.4%,66
USC Beaufort,Cooper McDaniel,All,48,10,96.0,101.0,102.2,70.0%,15.9°,13.0°,40.0,0.0%,0,0.182,0.429,0.249,0.49,40.0%,30.0%,30.0%,47.9%,78.9%,86.7%,27.6%,21.7%,65
Iona,Braize Mitchell,All,44,5,95.9,106.7,106.7,80.0%,3.1°,12.1°,60.0,0.0%,0,0.2,0.229,0.249,0.311,40.0%,20.0%,40.0%,50.0%,77.8%,100.0%,42.9%,36.4%,74
UCF,Kendry Maduro,All,366,67,88.1,107.8,110.9,43.3%,0.3°,4.5°,25.4,3.0%,2,0.21,0.282,0.248,0.357,49.3%,17.9%,25.4%,48.1%,70.7%,86.5%,31.1%,22.7%,74
Marist,Aydan McNelly,All,89,21,83.5,97.4,100.6,23.8%,1.6°,1.1°,23.8,0.0%,0,0.231,0.299,0.248,0.322,57.1%,14.3%,23.8%,55.1%,68.2%,80.0%,42.2%,30.6%,52
UAB,Gavin Lewis Jr,All,676,129,84.1,96.2,101.0,17.8%,15.9°,4.4°,37.2,0.0%,0,0.196,0.248,0.248,0.31,35.7%,23.3%,31.8%,42.0%,64.4%,86.8%,20.7%,18.0%,109
San Diego State,Gage Adams,All,99,15,77.0,98.5,102.9,13.3%,9.1°,10.5°,33.3,0.0%,0,0.143,0.19,0.248,0.298,40.0%,26.7%,26.7%,33.3%,50.0%,72.7%,20.0%,33.3%,77
Boston College,Owen DeShazo,All,76,8,77.4,100.7,102.4,25.0%,-2.1°,13.8°,50.0,0.0%,0,0.154,0.181,0.248,0.268,62.5%,12.5%,25.0%,39.5%,56.2%,66.7%,27.3%,36.7%,87
Memphis,Daniel Perez,All,641,83,80.0,98.5,105.6,21.7%,7.1°,11.3°,32.5,0.0%,0,0.169,0.21,0.248,0.28,50.6%,22.9%,22.9%,37.6%,56.0%,81.7%,22.1%,26.6%,95
Manhattan,Dylan Mayer,All,190,23,87.2,103.8,107.9,26.1%,18.8°,20.0°,26.1,8.7%,2,0.167,0.17,0.248,0.269,30.4%,39.1%,17.4%,51.1%,72.2%,61.5%,32.0%,48.5%,86
North Dakota State,Kyle Law,All,176,24,83.8,97.0,102.8,33.3%,5.0°,4.2°,29.2,0.0%,0,0.15,0.154,0.247,0.216,54.2%,16.7%,20.8%,39.8%,55.1%,81.6%,24.1%,25.7%,87
Fordham,Tommy Markey,All,410,73,83.0,101.4,104.6,35.6%,6.8°,10.6°,27.4,0.0%,0,0.202,0.232,0.247,0.282,46.6%,21.9%,23.3%,45.4%,66.3%,76.9%,31.6%,27.4%,75
Erskine,Josh Hungler,All,79,15,81.1,96.5,96.7,13.3%,6.9°,13.1°,20.0,0.0%,0,0.25,0.283,0.247,0.308,60.0%,20.0%,20.0%,38.0%,65.6%,100.0%,19.1%,10.0%,124
Bucknell,Luke Nascimento,All,447,44,82.4,102.6,106.8,38.6%,3.2°,18.1°,45.5,6.8%,3,0.155,0.181,0.247,0.3,45.5%,20.5%,34.1%,37.1%,54.7%,76.6%,22.5%,30.1%,85
UCLA,Logan De Groot,All,80,8,81.5,101.7,103.5,25.0%,12.3°,5.7°,37.5,0.0%,0,0.267,0.201,0.247,0.215,37.5%,25.0%,37.5%,30.0%,53.1%,82.4%,14.6%,29.2%,78
St. Bonaventure,Paul Vossen,All,86,12,76.0,90.1,91.8,0.0%,14.6°,-,33.3,0.0%,0,0.222,0.148,0.247,0.212,41.7%,8.3%,33.3%,40.7%,69.8%,83.3%,11.6%,20.0%,110
Auburn,Cole Edwards,All,44,6,90.6,103.3,111.4,33.3%,10.1°,10.3°,33.3,16.7%,1,0.167,0.21,0.247,0.282,66.7%,33.3%,0.0%,50.0%,61.1%,54.5%,42.3%,50.0%,7
James Madison,Corey Dowdell,All,376,50,88.3,106.0,111.8,44.0%,8.1°,14.0°,36.0,10.0%,5,0.181,0.226,0.247,0.305,46.0%,22.0%,22.0%,39.4%,60.6%,70.1%,23.6%,36.5%,84
Siena,Richard Paltridge,All,40,7,92.0,102.7,104.2,57.1%,18.8°,20.9°,28.6,14.3%,1,0.167,0.175,0.247,0.246,42.9%,28.6%,14.3%,47.5%,70.0%,57.1%,25.0%,47.4%,120
Texas Southern,Tyler Legendre,All,88,8,82.4,91.0,91.0,0.0%,14.7°,-,25.0,0.0%,0,0.235,0.14,0.247,0.195,37.5%,25.0%,25.0%,33.0%,44.4%,87.5%,25.0%,24.1%,82
UT Dallas,Jayden Chatman,All,37,10,82.9,94.6,94.9,0.0%,9.3°,-,40.0,0.0%,0,0.182,0.246,0.247,0.237,40.0%,30.0%,30.0%,59.5%,81.2%,100.0%,42.9%,4.5%,102
Monmouth,Aidan Watson,All,44,7,80.2,98.6,100.1,14.3%,4.2°,31.8°,28.6,14.3%,1,0.167,0.115,0.247,0.165,42.9%,14.3%,14.3%,43.2%,71.4%,46.7%,17.4%,52.6%,129
Eastern Michigan,Giano Zuccaro,All,364,50,82.6,100.2,104.1,22.0%,9.5°,9.1°,26.0,0.0%,0,0.121,0.201,0.247,0.321,52.0%,22.0%,18.0%,35.4%,47.1%,93.2%,26.8%,17.8%,87
Iona,Jordan Overton,All,75,17,83.0,105.4,106.6,29.4%,9.7°,13.4°,23.5,5.9%,1,0.227,0.283,0.247,0.339,52.9%,23.5%,17.6%,48.0%,79.3%,87.0%,28.3%,30.6%,74
Francis Marion,Jimmy Koza,All,67,13,77.3,92.8,92.8,0.0%,4.3°,-,38.5,0.0%,0,0.235,0.23,0.247,0.257,46.2%,23.1%,30.8%,46.3%,66.7%,90.9%,26.5%,16.1%,53
Alabama A&M,Elvis Victoriano,All,75,17,86.0,99.0,102.7,23.5%,2.9°,12.1°,17.6,0.0%,0,0.211,0.228,0.247,0.322,52.9%,23.5%,11.8%,50.7%,77.8%,96.4%,25.6%,15.8%,65
Georgetown,Ashton Seymore,All,54,8,77.3,99.7,101.8,25.0%,3.6°,20.3°,0.0,0.0%,0,0.143,0.125,0.247,0.202,50.0%,50.0%,0.0%,46.3%,52.4%,90.9%,42.4%,32.0%,-25
FOR_MAS,Augusto Schroeder,All,60,12,76.0,90.4,95.2,8.3%,15.8°,17.2°,33.3,0.0%,0,0.235,0.146,0.247,0.19,41.7%,25.0%,25.0%,53.3%,75.9%,86.4%,32.3%,25.0%,109
Bellarmine,Brady Morse,All,159,29,81.0,95.3,103.5,13.8%,18.3°,5.6°,34.5,0.0%,0,0.206,0.216,0.246,0.293,24.1%,27.6%,34.5%,45.9%,60.0%,88.1%,34.8%,15.1%,61
Lee,Ryan Valdes,All,206,42,83.4,99.1,102.3,21.4%,13.2°,15.7°,38.1,0.0%,0,0.184,0.272,0.246,0.326,33.3%,23.8%,33.3%,45.6%,66.7%,94.8%,30.3%,17.0%,93
CSU Bakersfield,Kanoa Morisaki,All,113,16,86.3,95.5,98.1,12.5%,30.7°,24.1°,18.8,0.0%,0,0.095,0.13,0.246,0.262,25.0%,50.0%,12.5%,32.7%,61.7%,75.9%,12.1%,27.0%,124
Army,Mark Abell,All,191,33,85.5,102.2,107.4,30.3%,4.8°,12.8°,27.3,3.0%,1,0.217,0.24,0.246,0.307,51.5%,27.3%,18.2%,46.6%,73.6%,81.1%,30.3%,29.2%,89
Pittsburgh,Gavin Miller,All,226,31,85.6,101.6,107.0,38.7%,5.1°,5.4°,29.0,0.0%,0,0.224,0.231,0.246,0.264,54.8%,16.1%,29.0%,43.4%,65.4%,82.4%,24.6%,28.6%,94
Connecticut,Anthony Belisario,All,175,22,83.8,99.3,102.7,27.3%,7.3°,14.7°,13.6,4.5%,1,0.184,0.168,0.246,0.253,59.1%,18.2%,9.1%,43.4%,63.6%,73.2%,23.0%,35.5%,100
Charlotte,Caleb Estes,All,330,56,83.2,100.8,105.2,30.4%,7.0°,17.9°,23.2,3.6%,2,0.2,0.224,0.246,0.293,50.0%,28.6%,19.6%,43.6%,66.7%,83.0%,24.4%,28.5%,112
Central Arkansas,Noah Goodshield,All,132,22,81.7,95.8,98.6,9.1%,2.3°,19.1°,31.8,0.0%,0,0.233,0.227,0.246,0.264,59.1%,18.2%,22.7%,45.5%,71.9%,93.5%,20.6%,20.0%,116
UC Davis,Jason Hanson,All,231,43,84.7,99.9,103.0,30.2%,17.5°,14.0°,32.6,2.3%,1,0.176,0.22,0.246,0.299,32.6%,27.9%,25.6%,36.4%,61.1%,87.0%,12.7%,15.5%,118
Gardner-Webb,Ethan Liao,All,190,29,81.5,99.7,102.6,20.7%,10.1°,19.2°,27.6,3.4%,1,0.167,0.174,0.246,0.233,48.3%,20.7%,17.2%,45.3%,63.3%,82.0%,32.4%,32.6%,64
Northern Kentucky,Jake Altman,All,222,43,78.5,91.8,94.6,2.3%,11.2°,-6.2°,32.6,0.0%,0,0.176,0.209,0.246,0.267,44.2%,30.2%,20.9%,36.9%,55.1%,88.1%,20.0%,18.3%,102
SIUE,Kyle Hepburn,All,112,8,94.4,101.8,103.8,50.0%,18.1°,11.0°,50.0,0.0%,0,0.19,0.155,0.246,0.226,37.5%,12.5%,37.5%,43.8%,54.3%,68.0%,36.4%,34.7%,72
George Fox,Adam Fulton,All,122,22,81.5,92.0,97.0,4.5%,13.9°,15.7°,27.3,0.0%,0,0.241,0.192,0.246,0.208,54.5%,22.7%,18.2%,44.3%,69.4%,91.2%,27.4%,18.5%,89
Ohio,Matthew Ineich,All,122,29,87.6,104.0,105.7,37.9%,7.2°,3.5°,20.7,0.0%,0,0.273,0.272,0.246,0.284,55.2%,27.6%,17.2%,43.4%,64.9%,100.0%,24.6%,3.8%,86
NJIT,Nicholas Vega,All,70,8,91.0,103.6,109.8,25.0%,7.0°,2.4°,50.0,0.0%,0,0.176,0.194,0.245,0.259,25.0%,12.5%,37.5%,47.1%,60.0%,46.7%,40.0%,60.6%,21
Southern Wesleyan,Luke Taylor,All,169,40,82.3,98.0,100.5,22.5%,16.6°,12.9°,30.0,0.0%,0,0.163,0.254,0.245,0.296,42.5%,30.0%,25.0%,55.6%,78.8%,88.5%,40.8%,21.3%,43
Western Michigan,Jackson Isaacs,All,62,11,88.2,101.3,102.0,36.4%,-3.5°,0.1°,27.3,0.0%,0,0.2,0.2,0.245,0.253,63.6%,0.0%,18.2%,41.9%,65.5%,73.7%,21.2%,30.8%,80
Portland,Henry Muench,All,117,14,84.4,97.7,98.7,28.6%,23.2°,21.7°,14.3,0.0%,0,0.15,0.126,0.245,0.229,35.7%,50.0%,7.1%,45.3%,68.9%,76.2%,19.6%,24.5%,113
Cumberlands (KY),Ben Snapp,All,108,16,81.0,94.7,102.5,12.5%,13.7°,1.4°,25.0,0.0%,0,0.15,0.181,0.245,0.273,50.0%,31.2%,18.8%,38.9%,65.1%,96.4%,21.5%,11.9%,136
Seton Hall,Joey Calabretti,All,152,27,94.2,105.0,109.8,59.3%,11.4°,2.9°,25.9,3.7%,1,0.167,0.294,0.245,0.375,48.1%,25.9%,22.2%,52.6%,79.4%,79.6%,31.0%,26.2%,77
Merrimack,Cavan Brady,All,151,32,83.9,96.3,102.2,25.0%,22.4°,9.1°,46.9,0.0%,0,0.22,0.279,0.245,0.3,31.2%,25.0%,40.6%,55.6%,77.8%,85.7%,35.4%,21.4%,89
Loyola Marymount,Justin Dunn,All,214,31,82.0,97.9,100.5,19.4%,13.1°,14.8°,38.7,0.0%,0,0.159,0.23,0.245,0.314,41.9%,22.6%,32.3%,43.9%,68.4%,81.5%,24.4%,23.4%,94
Illinois State,Eric Machej,All,79,12,87.4,95.5,95.9,16.7%,8.3°,11.6°,50.0,0.0%,0,0.188,0.258,0.245,0.317,33.3%,8.3%,50.0%,50.6%,66.7%,70.8%,37.2%,40.0%,55
Southeast Missouri,Demitri Shakotko,All,71,11,87.1,99.9,100.3,36.4%,-4.7°,-0.2°,36.4,0.0%,0,0.188,0.247,0.245,0.309,63.6%,18.2%,18.2%,43.7%,55.9%,73.7%,32.4%,29.0%,47
Bradley,Nick Fleckenstein,All,221,47,78.1,89.4,94.0,2.1%,9.0°,-72.3°,31.9,0.0%,0,0.222,0.272,0.245,0.301,46.8%,19.1%,25.5%,46.2%,65.1%,95.8%,27.7%,11.8%,108
UNC Asheville,Patrick Gillen,All,216,36,86.8,97.8,101.6,19.4%,18.9°,4.0°,27.8,0.0%,0,0.189,0.207,0.245,0.266,33.3%,25.0%,30.6%,42.6%,67.3%,78.6%,19.6%,26.1%,93
Michigan State,Jacob Anderson,All,265,37,84.2,99.8,103.8,27.0%,11.2°,9.6°,29.7,5.4%,2,0.2,0.195,0.244,0.235,43.2%,32.4%,16.2%,44.9%,63.2%,80.6%,31.1%,31.9%,36
Incarnate Word,Ryder Hernandez,All,128,18,78.8,93.4,95.5,5.6%,5.1°,29.5°,33.3,0.0%,0,0.2,0.214,0.244,0.28,50.0%,22.2%,22.2%,51.6%,69.5%,82.9%,36.2%,30.3%,70
Fairfield,JP Kuczik,All,186,35,81.5,96.8,102.0,28.6%,27.8°,15.8°,20.0,0.0%,0,0.154,0.181,0.244,0.31,22.9%,51.4%,11.4%,41.9%,72.2%,93.0%,19.6%,15.4%,110
UMBC,Ehi Okojie,All,76,13,84.9,85.3,93.1,23.1%,11.1°,-11.2°,23.1,0.0%,0,0.263,0.217,0.244,0.212,38.5%,30.8%,23.1%,42.1%,72.2%,84.6%,15.0%,21.9%,118
Coker,Rocco Wojcik,All,98,15,82.6,91.8,94.3,0.0%,13.4°,-,40.0,0.0%,0,0.263,0.309,0.244,0.314,40.0%,26.7%,26.7%,40.8%,78.0%,90.6%,14.0%,15.0%,152
Oakland,Ben Clark,All,437,84,80.9,102.8,105.6,25.0%,10.5°,14.3°,34.5,7.1%,6,0.19,0.22,0.244,0.284,48.8%,21.4%,25.0%,46.5%,70.8%,85.3%,27.3%,19.2%,88
Michigan State,Dayton Murphy,All,332,64,82.3,93.4,97.1,15.6%,5.8°,-0.3°,31.2,0.0%,0,0.188,0.249,0.244,0.307,56.2%,20.3%,21.9%,41.9%,67.5%,94.6%,16.3%,10.1%,112
South Dakota State,Luke Luskey,All,147,23,85.8,104.6,106.3,43.5%,5.4°,10.6°,30.4,4.3%,1,0.167,0.231,0.244,0.3,52.2%,17.4%,26.1%,49.0%,71.2%,63.8%,30.9%,40.3%,114
Houston Christian,Katcher Halligan,All,274,50,84.8,96.3,101.4,26.0%,5.6°,-2.1°,32.0,0.0%,0,0.175,0.214,0.244,0.298,50.0%,14.0%,30.0%,51.5%,76.3%,85.6%,32.7%,14.2%,98
Tulane,Jackson Linn,All,275,44,94.8,111.4,112.1,52.3%,5.8°,10.7°,25.0,11.4%,5,0.186,0.263,0.244,0.345,47.7%,20.5%,22.7%,48.0%,68.0%,74.7%,32.0%,37.9%,64
South Carolina,Max Kaufer,All,201,23,90.5,106.2,108.3,47.8%,21.9°,24.3°,13.0,8.7%,2,0.122,0.169,0.244,0.294,34.8%,47.8%,8.7%,39.3%,58.5%,70.9%,22.4%,34.2%,94
Northern Illinois,Kyle Hartmann,All,103,17,83.9,101.4,103.1,23.5%,25.3°,22.6°,17.6,11.8%,2,0.136,0.193,0.244,0.328,35.3%,41.2%,5.9%,36.9%,44.7%,81.0%,30.4%,28.9%,40
Holy Cross,Braden Connors,All,61,8,81.3,102.3,102.6,25.0%,8.8°,8.1°,25.0,0.0%,0,0.083,0.21,0.243,0.341,50.0%,25.0%,12.5%,39.3%,77.3%,94.1%,17.9%,25.0%,170
UT Martin,Jordan Hudson,All,104,10,90.2,100.5,100.8,50.0%,-4.0°,2.3°,40.0,10.0%,1,0.136,0.216,0.243,0.308,50.0%,10.0%,30.0%,42.3%,55.3%,65.4%,31.6%,45.5%,29
Fairfield,Nolan Colby,All,310,40,85.9,101.5,104.3,37.5%,11.1°,19.1°,47.5,5.0%,2,0.169,0.197,0.243,0.295,37.5%,20.0%,32.5%,43.5%,69.9%,70.1%,17.8%,35.6%,120
Evansville,BJ (Brodie) Peart,All,317,65,86.7,98.0,104.1,26.2%,10.2°,8.0°,38.5,0.0%,0,0.21,0.273,0.243,0.315,40.0%,24.6%,30.8%,50.2%,74.8%,87.1%,31.9%,22.0%,92
Liberty,Michael Robertson,All,797,114,85.0,98.5,103.7,22.8%,12.3°,10.2°,31.6,0.9%,1,0.16,0.207,0.243,0.302,45.6%,28.1%,22.8%,34.9%,54.9%,85.5%,16.9%,24.8%,92
Anderson (SC),Shane Thomas,All,191,21,77.3,92.1,95.1,9.5%,10.9°,6.7°,9.5,0.0%,0,0.135,0.168,0.243,0.275,52.4%,42.9%,4.8%,38.2%,66.7%,77.8%,17.3%,26.0%,110
San Jose State,Jake Maroney,All,151,31,83.4,92.7,93.5,0.0%,26.0°,-,35.5,0.0%,0,0.237,0.23,0.243,0.263,22.6%,41.9%,29.0%,50.3%,64.5%,85.7%,36.0%,23.7%,56
Old Dominion,Brody Connors,All,85,17,86.5,97.2,104.4,23.5%,7.7°,-1.0°,17.6,0.0%,0,0.19,0.277,0.243,0.318,64.7%,17.6%,17.6%,41.2%,63.2%,87.5%,23.4%,17.1%,93
Wichita State,Kaleb Duncan,All,389,58,80.8,101.6,104.8,22.4%,-1.9°,9.5°,27.6,0.0%,0,0.218,0.207,0.242,0.297,63.8%,13.8%,20.7%,45.8%,65.9%,87.1%,29.1%,23.6%,90
Point,Michael Buckley,All,51,12,84.5,93.2,95.5,8.3%,23.0°,11.9°,66.7,0.0%,0,0.235,0.326,0.242,0.338,8.3%,16.7%,66.7%,49.0%,62.5%,100.0%,37.0%,28.0%,48
Mississippi College,Jordan Evans,All,80,12,86.4,102.2,104.5,16.7%,-8.4°,-3.6°,0.0,0.0%,0,0.071,0.199,0.242,0.343,75.0%,16.7%,0.0%,40.0%,75.9%,72.7%,19.6%,25.0%,148
Long Island,Jack Ryan,All,99,16,86.1,103.0,104.3,31.2%,15.4°,13.1°,31.2,0.0%,0,0.182,0.222,0.242,0.257,37.5%,25.0%,31.2%,52.5%,63.6%,75.0%,43.6%,28.8%,70
Vanderbilt,David Mendez,All,106,20,88.1,98.3,100.6,40.0%,3.0°,3.0°,35.0,0.0%,0,0.174,0.246,0.242,0.314,60.0%,25.0%,15.0%,37.7%,68.8%,90.9%,12.1%,10.0%,112
Appalachian State,Tanner McCammon,All,202,30,91.5,106.3,107.2,46.7%,3.4°,7.9°,20.0,3.3%,1,0.213,0.248,0.242,0.276,60.0%,16.7%,20.0%,51.5%,75.8%,85.3%,28.2%,26.9%,85
Western Carolina,Josh Ossiander,All,69,8,85.5,103.3,103.5,62.5%,3.1°,21.6°,12.5,0.0%,0,0.091,0.233,0.242,0.384,37.5%,37.5%,25.0%,33.3%,68.2%,73.3%,17.0%,34.8%,129
UC Davis,Riley Acosta,All,214,50,83.3,100.4,103.9,18.0%,14.6°,5.3°,30.0,0.0%,0,0.246,0.235,0.242,0.254,42.0%,28.0%,22.0%,42.5%,61.1%,93.1%,27.7%,16.5%,106
USC,Maddox Riske,All,62,10,90.3,104.2,106.5,20.0%,3.3°,12.7°,30.0,0.0%,0,0.143,0.229,0.242,0.302,40.0%,30.0%,30.0%,51.6%,73.1%,78.9%,36.1%,21.9%,116
Angelo State,Austin Beck,All,73,15,88.5,96.5,97.5,40.0%,17.2°,11.6°,46.7,0.0%,0,0.235,0.289,0.242,0.332,40.0%,33.3%,26.7%,46.6%,75.8%,92.0%,22.5%,17.6%,84
San Diego,Cade Martinez,All,212,34,81.6,96.6,101.7,17.6%,13.8°,2.3°,41.2,0.0%,0,0.191,0.241,0.242,0.3,38.2%,35.3%,23.5%,39.6%,58.1%,98.0%,27.0%,17.9%,100
Bucknell,Garrison Bullock,All,166,23,84.3,101.1,103.6,30.4%,11.9°,16.5°,8.7,8.7%,2,0.2,0.223,0.242,0.31,52.2%,30.4%,8.7%,39.2%,56.0%,73.8%,25.3%,32.3%,103
British Columbia,David Draayers,All,72,7,70.5,82.0,82.0,0.0%,-17.0°,-,14.3,0.0%,0,0.091,0.083,0.242,0.221,71.4%,14.3%,0.0%,34.7%,55.2%,81.2%,20.9%,28.0%,82
Pacific,Diego Davis,All,309,60,82.4,94.7,101.2,16.7%,7.5°,-14.1°,23.3,0.0%,0,0.233,0.224,0.242,0.255,51.7%,23.3%,21.7%,47.2%,70.7%,88.3%,29.5%,17.1%,81
San Diego,Ryan Ward,All,174,22,87.0,100.3,102.7,18.2%,-2.0°,20.8°,27.3,4.5%,1,0.2,0.185,0.241,0.254,45.5%,36.4%,13.6%,43.7%,61.3%,80.4%,30.3%,34.2%,117
Ave Maria,Sebastian Cabezza,All,225,32,83.0,96.9,98.5,18.8%,19.8°,9.8°,28.1,0.0%,0,0.163,0.15,0.241,0.21,34.4%,28.1%,18.8%,42.7%,67.5%,76.8%,28.2%,27.1%,141
UNC Wilmington,Ryker Galaska,All,272,33,87.7,107.0,113.4,42.4%,0.1°,20.0°,27.3,15.2%,5,0.102,0.231,0.241,0.387,54.5%,21.2%,21.2%,37.5%,69.7%,73.7%,16.0%,36.3%,134
Quincy,Isaiah Fudge,All,51,10,85.9,100.6,101.0,20.0%,4.3°,22.1°,40.0,10.0%,1,0.154,0.204,0.241,0.286,60.0%,10.0%,20.0%,51.0%,81.0%,88.2%,30.0%,30.8%,92
Baylor,Hunter Teplanszky,All,171,27,89.4,103.9,108.0,37.0%,7.3°,9.7°,33.3,3.7%,1,0.167,0.252,0.241,0.346,55.6%,14.8%,25.9%,41.5%,71.8%,83.9%,16.1%,25.4%,132
Marian (IN),Dawson Estep,All,73,10,76.1,93.4,93.5,0.0%,19.3°,-,30.0,0.0%,0,0.2,0.117,0.241,0.135,30.0%,50.0%,20.0%,56.2%,70.0%,57.1%,46.5%,43.9%,13
Portland,Cody Nitowitz,All,314,56,84.0,97.6,101.1,25.0%,1.4°,5.2°,35.7,0.0%,0,0.225,0.28,0.241,0.307,55.4%,10.7%,32.1%,40.8%,65.2%,97.7%,23.1%,7.8%,122
Rutgers,JD Jones,All,248,35,82.2,99.2,103.5,31.4%,6.9°,9.9°,34.3,0.0%,0,0.224,0.237,0.241,0.276,51.4%,11.4%,28.6%,46.4%,65.6%,86.6%,26.8%,21.7%,87
George Fox,Stanley Schoppe,All,80,15,86.5,98.9,99.6,33.3%,11.8°,23.1°,53.3,0.0%,0,0.19,0.224,0.241,0.29,26.7%,40.0%,33.3%,56.2%,84.6%,78.8%,29.3%,28.9%,133
Brown,Conor Cooke,All,166,13,86.2,99.7,101.3,38.5%,7.2°,16.3°,53.8,7.7%,1,0.129,0.143,0.241,0.247,46.2%,15.4%,38.5%,28.3%,40.6%,92.3%,20.6%,31.9%,74
North Carolina A&T,Jason Campo,All,216,34,91.1,104.7,106.1,50.0%,8.8°,12.7°,41.2,5.9%,2,0.154,0.237,0.241,0.327,50.0%,20.6%,29.4%,52.3%,71.8%,88.5%,39.7%,35.4%,57
Towson,Ethan Brand,All,372,47,83.4,96.0,98.6,17.0%,7.7°,-11.4°,21.3,0.0%,0,0.181,0.188,0.241,0.258,53.2%,21.3%,21.3%,36.3%,62.8%,85.7%,17.1%,25.2%,126
Murray State,Dan Tauken,All,275,49,84.3,102.1,110.0,28.6%,7.4°,9.6°,28.6,8.2%,4,0.136,0.22,0.241,0.335,55.1%,22.4%,16.3%,41.1%,65.3%,80.5%,22.9%,26.5%,84
Washington State,Kyler Northrop,All,183,31,76.9,97.7,101.6,19.4%,7.4°,9.4°,35.5,0.0%,0,0.234,0.222,0.241,0.249,45.2%,19.4%,32.3%,44.8%,55.6%,91.1%,36.3%,20.7%,8
Georgia State,John Beverley,All,318,52,82.5,99.7,102.8,19.2%,-0.6°,3.6°,26.9,1.9%,1,0.171,0.197,0.24,0.282,59.6%,21.2%,15.4%,42.8%,66.9%,84.6%,24.7%,26.5%,73
Presbyterian,Evan Cuervo,All,39,5,92.2,98.5,98.6,60.0%,0.1°,4.2°,40.0,0.0%,0,0.125,0.327,0.24,0.407,60.0%,0.0%,40.0%,38.5%,61.1%,63.6%,19.0%,40.0%,33
Grand Canyon,Eli Paton,All,328,73,90.6,105.8,110.7,46.6%,8.4°,7.0°,23.3,2.7%,2,0.213,0.279,0.24,0.336,47.9%,23.3%,20.5%,54.0%,69.7%,88.9%,41.9%,24.3%,43
King,Jacob Eargle,All,34,7,73.3,-,-,0.0%,-27.6°,-,0.0,0.0%,0,0.125,0.174,0.24,0.28,100.0%,0.0%,0.0%,52.9%,87.5%,92.9%,22.2%,16.7%,102
South Carolina,Nolan Nawrocki,All,183,33,90.1,105.9,106.8,39.4%,11.4°,5.9°,36.4,6.1%,2,0.2,0.242,0.24,0.321,39.4%,24.2%,27.3%,48.6%,78.1%,78.9%,29.1%,33.7%,77
Houston,Evan Haeger,All,281,37,83.4,103.6,104.6,32.4%,8.7°,7.0°,21.6,0.0%,0,0.183,0.16,0.24,0.246,51.4%,21.6%,24.3%,46.6%,69.0%,75.3%,27.6%,29.0%,75
UC Riverside,Jayden Lopez,All,169,28,83.6,101.0,106.4,28.6%,17.0°,15.6°,46.4,10.7%,3,0.182,0.214,0.24,0.284,35.7%,32.1%,32.1%,44.4%,74.4%,68.9%,16.1%,38.7%,138
VCU,Seth Werchan,All,611,83,82.9,100.7,103.1,33.7%,10.9°,9.7°,31.3,1.2%,1,0.189,0.204,0.24,0.3,47.0%,28.9%,20.5%,42.6%,67.6%,86.8%,25.5%,26.5%,94
Stanford,Cort MacDonald,All,317,52,85.8,100.5,105.0,19.2%,11.1°,8.0°,34.6,0.0%,0,0.183,0.234,0.24,0.305,42.3%,15.4%,32.7%,41.3%,59.0%,84.7%,26.6%,23.7%,83
Whittier,Alexander Jasso,All,33,6,77.4,92.0,92.9,0.0%,7.0°,-,50.0,0.0%,0,0.143,0.175,0.24,0.301,50.0%,33.3%,16.7%,36.4%,63.6%,71.4%,22.7%,25.0%,59
Pepperdine,Daniel Cook,All,329,62,86.7,99.7,103.0,25.8%,9.2°,13.5°,51.6,3.2%,2,0.225,0.288,0.24,0.333,37.1%,24.2%,38.7%,52.0%,73.5%,83.3%,32.8%,25.7%,95
Longwood,Bentley Yeatts,All,367,67,80.2,96.3,100.4,7.5%,12.4°,16.3°,26.9,0.0%,0,0.161,0.202,0.239,0.274,47.8%,35.8%,14.9%,42.2%,63.9%,86.1%,23.7%,21.3%,93
Southern Wesleyan,Samuel Simonds,All,50,11,81.2,90.0,93.5,0.0%,21.7°,-,36.4,0.0%,0,0.2,0.151,0.239,0.169,27.3%,45.5%,18.2%,50.0%,80.0%,66.7%,37.1%,40.0%,92
South Alabama,Hector Mangual,All,61,14,80.6,96.6,103.3,14.3%,0.1°,13.6°,14.3,7.1%,1,0.143,0.28,0.239,0.413,64.3%,14.3%,7.1%,45.9%,63.3%,84.2%,29.0%,10.7%,103
St. Thomas (MN),Easton Fritcher,All,91,9,87.3,104.8,107.1,33.3%,16.5°,10.0°,44.4,0.0%,0,0.188,0.215,0.239,0.268,33.3%,33.3%,33.3%,50.5%,70.2%,69.7%,29.5%,39.1%,133
UMES,Diego Aponte,All,73,20,83.3,94.0,99.4,10.0%,21.3°,2.9°,25.0,0.0%,0,0.174,0.227,0.239,0.277,40.0%,30.0%,15.0%,53.4%,75.8%,84.0%,35.0%,20.5%,99
Albany,John Vitucci,All,87,14,71.7,88.9,95.0,7.1%,-2.1°,15.8°,28.6,0.0%,0,0.167,0.198,0.238,0.277,57.1%,21.4%,21.4%,37.9%,60.0%,86.7%,8.1%,18.2%,113
Rice,Barrett Eldridge,All,177,24,89.0,105.5,106.9,37.5%,7.2°,4.7°,16.7,0.0%,0,0.208,0.178,0.238,0.184,58.3%,16.7%,12.5%,55.4%,70.8%,68.6%,44.8%,46.9%,43
Eastern Kentucky,Jackson Ginther,All,171,19,83.2,100.0,100.6,31.6%,10.8°,12.1°,36.8,10.5%,2,0.163,0.173,0.238,0.266,42.1%,36.8%,10.5%,48.5%,58.9%,73.2%,35.5%,38.6%,38
North Dakota State,Tate Martin,All,102,14,86.0,98.1,98.7,21.4%,10.8°,18.7°,28.6,7.1%,1,0.158,0.177,0.238,0.343,28.6%,28.6%,21.4%,37.3%,56.8%,72.0%,22.4%,31.6%,74
George Fox,Carson Coulter,All,198,42,84.0,98.1,100.6,26.2%,13.6°,12.5°,31.0,0.0%,0,0.192,0.223,0.238,0.286,38.1%,35.7%,21.4%,51.0%,81.4%,92.9%,27.7%,18.8%,160
UT Martin,Garner Anderson,All,95,11,75.4,102.6,106.7,36.4%,11.5°,16.4°,9.1,0.0%,0,0.158,0.111,0.238,0.255,63.6%,36.4%,0.0%,48.4%,80.0%,85.7%,30.0%,32.6%,62
Canisius,Thomas Zwirecki,All,76,8,93.1,104.1,105.3,62.5%,-1.3°,12.9°,25.0,12.5%,1,0.167,0.172,0.238,0.227,62.5%,25.0%,12.5%,36.8%,48.6%,77.8%,25.6%,28.6%,16
Nicholls,Narvin Booker,All,357,73,82.9,93.4,100.6,13.7%,12.0°,-6.8°,20.5,0.0%,0,0.217,0.255,0.237,0.277,50.7%,23.3%,16.4%,49.9%,67.7%,84.7%,34.7%,22.5%,97
VCU,Nathan Kirkpatrick,All,406,87,87.8,102.4,107.8,37.9%,11.6°,9.8°,33.3,0.0%,0,0.214,0.251,0.237,0.289,41.4%,25.3%,25.3%,54.2%,72.4%,77.9%,39.6%,28.2%,62
Lindenwood,Tanner Simpson,All,49,7,80.8,101.5,102.3,42.9%,7.7°,13.9°,14.3,0.0%,0,0.167,0.191,0.237,0.282,42.9%,14.3%,28.6%,49.0%,78.3%,77.8%,23.1%,33.3%,151
Kennesaw State,Jackson Bradfield,All,177,28,86.1,102.6,106.5,25.0%,10.2°,4.2°,32.1,3.6%,1,0.214,0.236,0.237,0.271,42.9%,14.3%,32.1%,49.2%,70.1%,72.2%,33.0%,39.1%,70
Arizona State,Jonathon Hernandez,All,119,19,88.2,102.1,103.6,52.6%,8.9°,0.8°,5.3,0.0%,0,0.174,0.285,0.237,0.331,73.7%,10.5%,5.3%,51.3%,67.8%,80.0%,35.0%,23.0%,106
Centre,Forrest Day,All,100,16,79.7,94.2,96.2,6.2%,-7.0°,3.6°,31.2,0.0%,0,0.182,0.211,0.237,0.274,62.5%,12.5%,25.0%,36.0%,60.0%,95.8%,20.0%,11.1%,147
Point,Brady Bye,All,48,9,79.4,90.2,92.3,0.0%,11.0°,-,33.3,0.0%,0,0.167,0.263,0.237,0.324,44.4%,22.2%,33.3%,45.8%,78.3%,83.3%,16.0%,27.3%,130
Maine,Zach Martin,All,132,20,82.8,97.9,100.6,15.0%,24.2°,22.2°,20.0,0.0%,0,0.182,0.158,0.237,0.222,35.0%,45.0%,15.0%,53.0%,77.0%,78.7%,32.4%,30.0%,91
Trevecca Nazarene,Carter Warner,All,85,8,76.6,87.9,88.3,0.0%,-3.4°,-,12.5,0.0%,0,0.167,0.114,0.237,0.244,50.0%,12.5%,25.0%,35.3%,54.8%,82.6%,16.3%,30.0%,99
Northeastern,Alex Lane,All,317,60,84.0,106.7,111.5,28.3%,13.3°,9.3°,28.3,6.7%,4,0.176,0.218,0.237,0.297,45.0%,21.7%,16.7%,48.6%,73.9%,77.5%,29.1%,34.4%,70
UC Davis,Matteo Blandino,All,38,5,83.6,90.7,92.7,20.0%,17.3°,-4.1°,40.0,0.0%,0,0.167,0.383,0.237,0.433,40.0%,20.0%,40.0%,39.5%,62.5%,90.0%,22.7%,33.3%,29
NJIT,Michael Doyle,All,208,31,83.4,94.3,97.1,12.9%,20.1°,5.8°,19.4,0.0%,0,0.143,0.144,0.237,0.259,45.2%,38.7%,12.9%,39.4%,63.5%,85.2%,22.8%,29.3%,94
James Madison,Jack Guerrero,All,205,25,87.9,99.6,103.0,32.0%,3.0°,6.4°,36.0,0.0%,0,0.163,0.213,0.237,0.281,60.0%,12.0%,28.0%,42.4%,65.4%,83.0%,27.4%,29.9%,95
St. Thomas (TX),Dillon McKee,All,57,7,90.4,101.1,102.5,71.4%,19.4°,24.9°,14.3,0.0%,0,0.182,0.152,0.237,0.244,42.9%,42.9%,14.3%,38.6%,57.7%,66.7%,22.6%,31.8%,66
Siena,Hunter Daymond,All,56,8,73.9,88.2,89.9,0.0%,-1.8°,-,25.0,0.0%,0,0.167,0.179,0.237,0.252,50.0%,37.5%,12.5%,35.7%,55.0%,81.8%,25.0%,25.0%,148
Alcorn State,Reyfield Adams III,All,26,5,78.3,86.9,87.5,0.0%,5.5°,-,0.0,0.0%,0,0.2,0.07,0.237,0.166,40.0%,40.0%,0.0%,30.8%,71.4%,100.0%,15.8%,0.0%,65
William Carey,Jerod Williams,All,81,15,79.8,95.0,96.3,20.0%,8.1°,3.6°,6.7,0.0%,0,0.188,0.173,0.237,0.247,60.0%,33.3%,6.7%,33.3%,54.5%,94.4%,18.8%,7.4%,144
Hardin-Simmons,Tristin Laughlin,All,34,5,72.0,80.7,84.2,20.0%,27.4°,-1.2°,20.0,0.0%,0,0.2,0.178,0.237,0.265,40.0%,40.0%,20.0%,55.9%,93.3%,85.7%,26.3%,15.8%,155
Reinhardt,Ryan Stephens,All,46,10,83.3,95.8,96.9,10.0%,11.4°,4.4°,20.0,0.0%,0,0.167,0.231,0.237,0.303,50.0%,20.0%,10.0%,47.8%,76.5%,84.6%,31.0%,13.6%,134
Hofstra,Bryce Curry,All,243,52,81.3,97.0,101.3,17.3%,3.2°,2.4°,38.5,0.0%,0,0.222,0.232,0.236,0.257,51.9%,17.3%,28.8%,54.3%,74.4%,87.4%,35.7%,21.2%,59
Sacramento State,Orlando Cobarrubias,All,97,12,84.1,99.3,99.7,33.3%,18.5°,12.4°,16.7,0.0%,0,0.111,0.197,0.236,0.322,41.7%,50.0%,8.3%,25.8%,50.0%,70.8%,2.0%,32.0%,82
Rice,Max Johnson,All,350,42,83.8,95.6,102.2,11.9%,18.5°,11.8°,35.7,0.0%,0,0.176,0.166,0.236,0.234,35.7%,19.0%,31.0%,42.3%,62.3%,78.9%,22.3%,28.4%,114
Long Island,Jarod Wade,All,295,56,78.3,91.3,93.3,0.0%,17.1°,-,35.7,0.0%,0,0.18,0.235,0.236,0.314,37.5%,28.6%,25.0%,38.6%,58.3%,87.8%,23.8%,15.8%,111
Manhattan,Tyler Galletti,All,133,22,86.1,96.4,100.2,36.4%,9.0°,3.2°,22.7,0.0%,0,0.216,0.217,0.236,0.23,50.0%,22.7%,22.7%,51.9%,81.0%,80.9%,29.3%,34.8%,107
Memphis,Creek Robertson,All,678,98,85.6,102.9,106.1,31.6%,13.8°,11.7°,31.6,2.0%,2,0.163,0.192,0.236,0.268,42.9%,29.6%,20.4%,49.9%,73.1%,79.5%,31.3%,32.8%,91
Marist,Scott Esposito,All,128,24,81.0,95.6,99.9,16.7%,12.3°,4.5°,33.3,0.0%,0,0.194,0.263,0.236,0.346,45.8%,29.2%,25.0%,44.5%,66.1%,87.2%,26.1%,19.3%,73
Alabama A&M,AJ Anderson,All,48,8,88.0,94.2,97.1,25.0%,18.5°,-1.2°,62.5,0.0%,0,0.222,0.255,0.235,0.322,25.0%,37.5%,37.5%,45.8%,68.4%,100.0%,31.0%,9.1%,68
Texas A&M Kingsville,Damian Carreon,All,42,7,83.7,97.4,98.3,28.6%,-2.2°,16.0°,42.9,0.0%,0,0.2,0.255,0.235,0.316,57.1%,0.0%,42.9%,57.1%,63.2%,100.0%,52.2%,20.8%,20
University of Montevallo,Ethan Huddleston,All,150,16,84.6,99.9,103.4,25.0%,11.4°,19.6°,31.2,6.2%,1,0.097,0.142,0.235,0.265,43.8%,43.8%,12.5%,35.3%,61.4%,74.4%,12.5%,34.0%,127
Sacred Heart,Ronan Donohue,All,141,18,79.3,101.3,103.4,27.8%,16.9°,18.3°,22.2,0.0%,0,0.2,0.188,0.235,0.241,44.4%,22.2%,22.2%,46.8%,78.7%,79.2%,22.5%,28.8%,132
Arkansas-Pine Bluff,Dane Small,All,183,43,85.5,95.4,101.0,11.6%,20.6°,4.8°,30.2,0.0%,0,0.196,0.252,0.235,0.283,37.2%,20.9%,25.6%,44.8%,70.5%,90.9%,25.7%,14.6%,112
North Florida,Carter White,All,170,27,83.7,103.2,106.0,25.9%,12.8°,0.0°,25.9,3.7%,1,0.171,0.228,0.235,0.296,51.9%,18.5%,22.2%,47.1%,70.4%,82.0%,30.3%,22.5%,69
Southeast Missouri,Michael Rocha,All,87,13,87.9,101.7,102.6,38.5%,9.5°,17.9°,46.2,0.0%,0,0.2,0.297,0.235,0.366,38.5%,30.8%,30.8%,34.5%,48.8%,90.5%,20.5%,26.7%,74
Rice,Gunnett Carlson,All,181,27,85.0,103.7,104.5,22.2%,7.1°,18.6°,18.5,11.1%,3,0.128,0.19,0.235,0.332,44.4%,33.3%,7.4%,42.0%,62.3%,77.1%,26.9%,36.8%,91
California,Jeff Hoffman,All,49,5,83.8,93.7,98.8,40.0%,21.9°,-3.3°,0.0,0.0%,0,0.2,0.113,0.235,0.168,60.0%,40.0%,0.0%,42.9%,61.1%,90.9%,32.3%,28.6%,95
Tennessee,Ariel Antigua,All,334,61,83.5,100.8,106.3,23.0%,11.7°,9.4°,24.6,3.3%,2,0.2,0.247,0.235,0.297,42.6%,34.4%,14.8%,44.9%,65.0%,89.0%,30.4%,14.7%,99
Holy Cross,Connor Cooney,All,237,41,85.5,97.1,102.3,24.4%,7.5°,4.6°,41.5,0.0%,0,0.175,0.242,0.235,0.304,48.8%,14.6%,34.1%,44.3%,60.9%,91.0%,29.9%,20.0%,105
Grambling,Martavius Thomas,All,84,9,71.7,89.7,94.9,0.0%,0.5°,-,22.2,0.0%,0,0.125,0.158,0.235,0.249,66.7%,0.0%,22.2%,44.0%,62.1%,66.7%,34.5%,37.8%,68
Manhattan,Aidan Katzman,All,104,15,76.1,90.0,90.9,0.0%,0.4°,-,20.0,0.0%,0,0.208,0.201,0.235,0.234,66.7%,13.3%,13.3%,51.0%,72.0%,69.4%,31.5%,34.0%,105
Saint Francis (IN),Brenden Lytle,All,98,17,82.3,93.3,94.6,0.0%,8.7°,-,47.1,0.0%,0,0.217,0.277,0.235,0.319,29.4%,23.5%,41.2%,40.8%,54.8%,78.3%,30.4%,30.0%,111
Pepperdine,Brodey Bitove,All,200,24,92.8,106.2,107.5,58.3%,13.1°,14.2°,20.8,8.3%,2,0.182,0.194,0.235,0.298,54.2%,25.0%,8.3%,32.5%,59.1%,63.5%,11.6%,44.6%,121
Hardin-Simmons,Cannon Negron,All,44,8,77.3,82.6,82.8,0.0%,6.5°,-,12.5,0.0%,0,0.2,0.286,0.235,0.329,75.0%,12.5%,12.5%,45.5%,63.2%,91.7%,32.0%,35.0%,83
Coker,Luke Alford,All,67,8,90.7,101.9,106.8,50.0%,22.6°,13.7°,25.0,0.0%,0,0.25,0.271,0.234,0.297,37.5%,12.5%,37.5%,49.3%,73.3%,90.9%,29.7%,27.3%,104
SIUE,Brenden Fry,All,93,14,85.1,97.0,103.0,21.4%,21.3°,22.0°,21.4,0.0%,0,0.227,0.193,0.234,0.221,28.6%,50.0%,21.4%,47.3%,71.4%,76.7%,27.5%,34.1%,96
Seton Hill,Mark Black,All,31,5,94.2,98.9,99.4,40.0%,21.7°,11.6°,40.0,0.0%,0,0.25,0.265,0.234,0.27,20.0%,40.0%,40.0%,41.9%,66.7%,75.0%,26.3%,38.5%,109
Presbyterian,Ryan Becker,All,87,18,87.2,96.9,100.2,27.8%,1.3°,7.3°,27.8,0.0%,0,0.238,0.259,0.234,0.297,55.6%,22.2%,22.2%,41.4%,66.7%,80.8%,20.8%,19.4%,78
Minnesota,Kristofer Hokenson,All,265,37,90.7,103.3,104.8,45.9%,20.7°,21.2°,51.4,5.4%,2,0.18,0.286,0.234,0.385,21.6%,35.1%,37.8%,37.7%,61.8%,77.6%,16.9%,27.0%,97
Whittier,Sevon Battle,All,51,13,72.5,91.3,94.1,7.7%,5.8°,-6.3°,23.1,0.0%,0,0.231,0.251,0.234,0.282,46.2%,30.8%,23.1%,47.1%,60.0%,100.0%,38.7%,12.5%,37
Louisiana Tech,Grant Comeaux,All,239,37,86.6,99.6,101.4,35.1%,5.0°,12.7°,27.0,2.7%,1,0.16,0.256,0.234,0.342,51.4%,27.0%,21.6%,43.9%,69.7%,92.8%,25.7%,19.0%,99
Point,Arwin Burgos,All,66,12,79.6,87.4,89.3,8.3%,3.5°,-2.2°,8.3,0.0%,0,0.214,0.231,0.234,0.262,66.7%,25.0%,8.3%,54.5%,77.4%,87.5%,34.3%,19.4%,105
UVa Wise,Jaden Ruehling,All,65,21,87.6,99.8,100.9,33.3%,9.8°,6.1°,33.3,4.8%,1,0.227,0.312,0.234,0.366,47.6%,38.1%,14.3%,50.8%,73.5%,100.0%,25.8%,9.1%,95
West Texas A&M,Dylan Fesperman,All,41,7,85.3,94.8,97.2,14.3%,17.4°,12.9°,57.1,0.0%,0,0.1,0.265,0.233,0.356,14.3%,14.3%,57.1%,39.0%,47.1%,100.0%,33.3%,18.8%,73
Prairie View,Landon Williams,All,85,14,86.8,98.2,98.9,21.4%,6.2°,21.2°,35.7,7.1%,1,0.143,0.236,0.233,0.32,57.1%,21.4%,14.3%,40.0%,62.2%,73.9%,22.9%,38.2%,106
Eastern Kentucky,Boone Shevey,All,83,8,83.8,103.3,105.0,37.5%,-1.0°,12.2°,37.5,0.0%,0,0.167,0.178,0.233,0.237,50.0%,25.0%,25.0%,33.7%,36.6%,86.7%,31.0%,35.7%,22
North Greenville,Gideon Antle,All,161,26,82.0,103.5,106.4,30.8%,9.1°,10.8°,38.5,3.8%,1,0.156,0.249,0.233,0.337,42.3%,15.4%,26.9%,45.3%,74.6%,86.4%,28.4%,12.3%,92
George Washington,Brodie Freker,All,70,10,84.3,98.5,98.6,20.0%,7.8°,13.3°,30.0,0.0%,0,0.143,0.263,0.233,0.336,50.0%,20.0%,30.0%,41.4%,69.0%,80.0%,22.0%,34.5%,88
Miami (OH),Drew Phillips,All,67,7,86.6,95.6,96.3,28.6%,22.7°,22.8°,42.9,0.0%,0,0.176,0.101,0.233,0.193,14.3%,57.1%,28.6%,55.2%,73.5%,72.0%,36.4%,43.2%,45
Miami,Brandon De Goti,All,165,17,86.5,100.8,103.2,29.4%,16.2°,23.9°,35.3,11.8%,2,0.091,0.118,0.233,0.242,35.3%,35.3%,23.5%,37.0%,59.0%,66.7%,24.0%,41.0%,99
Coker,Gavin Edens,All,25,6,74.6,79.4,83.2,0.0%,-18.2°,-,33.3,0.0%,0,0.25,0.248,0.232,0.242,66.7%,0.0%,33.3%,48.0%,90.0%,88.9%,20.0%,8.3%,72
Georgia State,Austin Sellers,All,122,16,82.2,97.1,101.6,12.5%,13.7°,4.9°,18.8,0.0%,0,0.13,0.167,0.232,0.277,43.8%,31.2%,25.0%,34.4%,50.0%,83.3%,24.3%,33.3%,60
Long Beach State,Easton Elliot,All,182,33,79.0,93.9,94.5,6.1%,-5.8°,-6.1°,24.2,0.0%,0,0.196,0.176,0.232,0.215,60.6%,21.2%,18.2%,46.2%,57.5%,86.0%,35.8%,25.0%,37
Presbyterian,Brody Linker,All,259,49,88.6,102.9,104.8,36.7%,-2.3°,-0.1°,26.5,4.1%,2,0.19,0.237,0.232,0.292,55.1%,14.3%,22.4%,48.3%,68.6%,80.2%,31.2%,21.6%,84
Westcliff,Ian Avalos,All,36,11,75.8,94.4,98.1,9.1%,-11.2°,4.5°,27.3,0.0%,0,0.25,0.255,0.232,0.25,72.7%,9.1%,18.2%,50.0%,70.0%,100.0%,25.0%,5.6%,96
Mercyhurst,Chandler Powell,All,34,6,83.4,92.7,93.3,0.0%,16.1°,-,16.7,0.0%,0,0.25,0.241,0.232,0.24,50.0%,33.3%,16.7%,41.2%,52.0%,92.3%,11.1%,7.1%,51
Bethune-Cookman,Jorge Rodriguez,All,34,8,85.5,99.5,102.8,25.0%,22.6°,27.9°,37.5,0.0%,0,0.286,0.346,0.232,0.442,25.0%,37.5%,25.0%,61.8%,81.2%,100.0%,44.4%,19.0%,118
Coker,Jacob Yarberry,All,49,8,87.7,98.8,100.0,37.5%,0.7°,25.4°,12.5,0.0%,0,0.333,0.257,0.232,0.373,50.0%,25.0%,12.5%,51.0%,100.0%,76.5%,25.0%,24.0%,206
St. Mary's (TX),Hogan Heller,All,39,8,84.4,102.6,103.5,37.5%,6.6°,25.8°,37.5,12.5%,1,0.25,0.295,0.232,0.37,50.0%,37.5%,12.5%,61.5%,80.0%,83.3%,50.0%,33.3%,61
Biola,Tommy Kendlinger,All,25,6,79.0,95.5,96.6,33.3%,-9.6°,-7.6°,16.7,0.0%,0,0.286,0.178,0.232,0.181,50.0%,33.3%,16.7%,44.0%,58.3%,85.7%,30.8%,18.2%,96
Georgetown (KY),Luis Sosa,All,36,7,77.6,94.0,94.8,0.0%,-1.1°,-,14.3,0.0%,0,0.25,0.293,0.232,0.285,71.4%,14.3%,14.3%,52.8%,72.2%,76.9%,33.3%,26.3%,90
Marian (IN),Kameron Salazar,All,90,17,81.4,92.5,94.4,0.0%,-1.3°,-,17.6,0.0%,0,0.25,0.246,0.232,0.25,70.6%,17.6%,11.8%,43.3%,62.0%,90.3%,20.0%,20.5%,134
Pacific,Park Romney,All,118,9,79.8,95.0,98.7,11.1%,26.0°,13.4°,44.4,0.0%,0,0.095,0.117,0.232,0.261,11.1%,66.7%,22.2%,44.1%,64.2%,79.4%,27.7%,30.8%,66
New Mexico State,Cole Rogers,All,61,12,89.6,95.5,96.6,25.0%,12.2°,6.3°,41.7,0.0%,0,0.25,0.24,0.232,0.253,50.0%,16.7%,25.0%,37.7%,61.5%,93.8%,20.0%,17.4%,136
Miami (OH),Tommy Harrison,All,272,38,82.5,102.2,104.2,34.2%,7.6°,10.8°,15.8,5.3%,2,0.155,0.164,0.231,0.262,57.9%,23.7%,7.9%,41.5%,65.1%,80.5%,21.2%,27.4%,128
Austin Peay,Nathan Barksdale,All,187,29,80.3,97.9,103.8,27.6%,9.0°,7.8°,41.4,0.0%,0,0.186,0.254,0.231,0.311,48.3%,20.7%,31.0%,48.1%,76.4%,89.1%,30.4%,23.3%,84
Keiser,Palmer Hutchison,All,82,9,75.1,85.4,87.9,0.0%,-1.0°,-,22.2,0.0%,0,0.125,0.185,0.231,0.26,55.6%,11.1%,22.2%,36.6%,55.0%,90.9%,19.0%,26.7%,91
Sacramento State,Jacob Cortez,All,306,48,79.4,97.8,101.4,8.3%,11.8°,12.7°,31.2,0.0%,0,0.159,0.225,0.231,0.331,41.7%,14.6%,31.2%,42.8%,64.0%,82.8%,25.9%,20.6%,95
Bellarmine,Seth Sweet-Chick,All,215,31,86.1,100.6,101.5,22.6%,18.5°,9.7°,22.6,0.0%,0,0.125,0.17,0.231,0.239,35.5%,35.5%,22.6%,51.2%,79.2%,73.7%,28.6%,40.9%,112
CSU Bakersfield,Lewis Barnum,All,336,50,82.3,102.8,104.8,28.0%,3.4°,4.4°,24.0,0.0%,0,0.205,0.192,0.231,0.232,56.0%,18.0%,20.0%,43.2%,70.4%,76.6%,20.7%,29.7%,98
Campbell,Ben Karpowicz,All,191,17,86.1,101.2,106.1,41.2%,9.9°,11.5°,35.3,5.9%,1,0.132,0.172,0.231,0.249,47.1%,17.6%,29.4%,40.3%,68.8%,56.4%,19.8%,50.6%,96
Whittier,Maximus Berber,All,46,7,83.7,99.4,100.5,14.3%,-0.4°,38.3°,14.3,0.0%,0,0.091,0.139,0.231,0.238,57.1%,28.6%,0.0%,43.5%,68.8%,72.7%,30.0%,45.0%,81
Central Arkansas,Preston Curtis,All,182,27,81.0,104.4,106.6,29.6%,10.9°,19.9°,25.9,7.4%,2,0.156,0.19,0.231,0.274,40.7%,29.6%,25.9%,50.0%,73.6%,75.5%,34.5%,39.6%,87
Illinois-Chicago,David Cox,All,306,36,88.9,99.7,103.9,47.2%,19.2°,21.9°,47.2,5.6%,2,0.175,0.194,0.231,0.275,27.8%,30.6%,30.6%,47.4%,63.6%,76.8%,35.6%,40.7%,55
UT Arlington,Jacob Lang,All,89,16,84.2,97.1,103.5,25.0%,10.0°,1.8°,31.2,0.0%,0,0.167,0.19,0.23,0.24,50.0%,18.8%,31.2%,46.1%,58.0%,75.9%,30.8%,22.0%,73
Ohio State,Sal Mineo,All,247,32,83.5,103.3,104.1,28.1%,-8.5°,1.0°,15.6,3.1%,1,0.167,0.183,0.23,0.247,78.1%,3.1%,12.5%,40.9%,61.7%,83.3%,25.0%,26.7%,89
Ohio State,Sal Mineo,All,247,32,83.5,103.3,104.1,28.1%,-8.5°,1.0°,15.6,3.1%,1,0.167,0.176,0.23,0.237,78.1%,3.1%,12.5%,40.9%,60.3%,80.8%,22.2%,26.7%,91
Princeton,Jay Mentink,All,140,17,82.6,95.1,95.4,11.8%,6.2°,8.5°,29.4,0.0%,0,0.156,0.166,0.23,0.22,41.2%,23.5%,29.4%,42.9%,61.1%,54.5%,31.4%,41.7%,57
Wingate,Jordan Dixon,All,58,12,85.6,98.3,104.1,33.3%,16.3°,25.1°,41.7,0.0%,0,0.188,0.181,0.23,0.245,16.7%,41.7%,25.0%,50.0%,77.8%,76.2%,25.8%,31.0%,47
Duke,Andrew Bell,All,88,10,85.9,98.1,101.0,30.0%,18.5°,9.8°,10.0,0.0%,0,0.067,0.186,0.23,0.309,40.0%,30.0%,10.0%,27.3%,45.7%,87.5%,15.1%,16.7%,92
Saint Mary's (CA),Justin Heffler,All,53,14,82.3,89.7,102.6,7.1%,17.7°,7.0°,64.3,0.0%,0,0.231,0.306,0.23,0.324,28.6%,21.4%,50.0%,58.5%,78.3%,100.0%,43.3%,3.2%,-7
South Alabama,Ryan Storey,All,54,5,84.1,98.2,98.2,60.0%,-11.7°,7.6°,40.0,0.0%,0,0.167,0.185,0.23,0.362,60.0%,0.0%,40.0%,50.0%,80.6%,48.0%,8.7%,55.6%,133
Nevada,Mason Hirata,All,138,24,83.5,101.0,102.6,29.2%,2.2°,11.3°,29.2,0.0%,0,0.222,0.227,0.23,0.274,54.2%,12.5%,29.2%,46.4%,63.8%,84.1%,29.0%,26.6%,32
Texas Southern,Miguel Morales,All,30,7,72.0,84.6,91.4,0.0%,11.9°,-,57.1,0.0%,0,0.125,0.308,0.229,0.355,57.1%,0.0%,42.9%,36.7%,80.0%,87.5%,15.0%,18.2%,145
Hardin-Simmons,Jacob Hollingsworth,All,56,13,72.2,92.7,93.4,0.0%,-13.2°,-,15.4,0.0%,0,0.176,0.155,0.229,0.181,61.5%,15.4%,7.7%,62.5%,91.7%,100.0%,40.6%,22.9%,54
North Florida,Seth Alford,All,168,36,87.5,102.4,105.7,41.7%,26.3°,15.7°,47.2,5.6%,2,0.2,0.265,0.229,0.34,19.4%,41.7%,30.6%,57.7%,80.9%,81.9%,31.6%,28.9%,95
Milwaukee,John Hadley,All,194,14,86.8,100.9,103.5,28.6%,9.8°,7.1°,28.6,0.0%,0,0.121,0.157,0.229,0.244,50.0%,14.3%,28.6%,32.5%,55.3%,68.1%,14.7%,38.1%,132
Quincy,JD Ortiz,All,40,8,87.5,93.8,97.2,37.5%,24.0°,2.8°,12.5,0.0%,0,0.125,0.223,0.229,0.283,37.5%,37.5%,12.5%,42.5%,73.3%,90.9%,24.0%,23.5%,122
Yale,Chace Chaplin,All,106,18,80.0,98.9,101.3,16.7%,-1.0°,9.5°,22.2,0.0%,0,0.174,0.265,0.229,0.324,66.7%,11.1%,16.7%,35.8%,62.8%,96.3%,17.5%,5.3%,111
Carson-Newman,Nick Castellana,All,262,49,79.9,94.3,96.0,6.1%,13.2°,8.9°,30.6,0.0%,0,0.188,0.175,0.229,0.235,40.8%,28.6%,24.5%,47.7%,72.3%,79.0%,29.3%,32.8%,91
Saint Joseph's,Colin Myers,All,109,12,85.7,95.4,99.3,8.3%,7.7°,13.3°,41.7,0.0%,0,0.158,0.197,0.229,0.289,41.7%,16.7%,41.7%,35.8%,52.3%,78.3%,24.6%,33.3%,130
Stephen F. Austin,Ethan Adkisson,All,95,33,78.2,94.3,98.9,9.1%,10.0°,4.7°,24.2,0.0%,0,0.206,0.273,0.229,0.288,48.5%,21.2%,24.2%,62.1%,90.2%,97.3%,40.7%,13.6%,51
Lynn,Blake Mayberry,All,37,5,81.6,102.1,103.6,40.0%,14.1°,10.0°,20.0,0.0%,0,0.143,0.249,0.229,0.309,60.0%,20.0%,20.0%,35.1%,53.3%,100.0%,22.7%,15.4%,120
Georgetown,Jaden Sheffield,All,145,27,75.4,97.6,102.4,22.2%,-2.9°,7.4°,14.8,0.0%,0,0.216,0.186,0.228,0.221,66.7%,14.8%,14.8%,51.0%,74.1%,80.0%,37.4%,41.9%,50
Rhode Island,Nick Toro,All,272,59,84.5,102.8,109.6,22.0%,6.9°,9.6°,25.4,5.1%,3,0.222,0.274,0.228,0.311,47.5%,27.1%,22.0%,48.2%,71.9%,82.8%,29.1%,28.2%,70
Liberty,John Simmons,All,162,13,86.8,99.8,102.0,38.5%,36.4°,29.8°,38.5,7.7%,1,0.036,0.139,0.228,0.307,15.4%,46.2%,23.1%,39.5%,68.6%,75.0%,17.4%,35.9%,96
UNC Asheville,Logan Lowe,All,348,56,80.5,95.1,97.9,7.1%,0.7°,18.9°,39.3,0.0%,0,0.177,0.237,0.228,0.291,50.0%,16.1%,30.4%,37.4%,56.5%,81.1%,19.4%,26.2%,74
Akron,Kyle McConachie,All,477,91,80.6,93.6,98.8,5.5%,14.3°,8.5°,19.8,0.0%,0,0.182,0.19,0.228,0.237,46.2%,37.4%,12.1%,44.2%,70.4%,87.9%,21.3%,17.5%,108
Utah Valley,Joseph Barnhardt,All,146,16,94.0,103.7,106.9,62.5%,18.9°,14.8°,37.5,6.2%,1,0.161,0.229,0.228,0.333,31.2%,43.8%,25.0%,44.5%,65.5%,72.2%,31.9%,41.5%,98
Siena,Gavin Thorburn,All,111,22,82.7,94.1,96.7,18.2%,-3.9°,0.3°,31.8,0.0%,0,0.172,0.167,0.228,0.209,59.1%,18.2%,18.2%,45.9%,69.2%,80.6%,25.4%,25.5%,124
Texas A&M-Corpus Christi,Isaac Webb,All,218,40,89.3,99.3,102.5,37.5%,4.6°,3.0°,35.0,2.5%,1,0.173,0.23,0.227,0.308,45.0%,27.5%,27.5%,42.7%,72.4%,82.5%,22.9%,32.3%,127
North Park,Joseph Perona,All,31,8,82.9,97.9,99.6,25.0%,8.3°,22.1°,37.5,0.0%,0,0.111,0.171,0.227,0.224,37.5%,25.0%,25.0%,41.9%,71.4%,90.0%,17.6%,15.4%,137
Eastern Kentucky,Tait Nunnally,All,295,41,86.2,100.6,108.4,31.7%,20.4°,10.7°,34.1,0.0%,0,0.123,0.216,0.227,0.31,46.3%,29.3%,19.5%,35.3%,56.1%,85.1%,18.4%,25.0%,94
Presbyterian,Mikah Conner,All,168,24,88.6,101.3,103.0,41.7%,18.8°,21.6°,37.5,4.2%,1,0.216,0.204,0.227,0.27,29.2%,25.0%,33.3%,57.1%,75.8%,82.0%,45.1%,31.2%,39
UC San Diego,Garrett Davidson,All,75,11,89.0,102.9,105.4,27.3%,15.2°,33.8°,27.3,18.2%,2,0.176,0.142,0.227,0.233,36.4%,63.6%,0.0%,32.0%,50.0%,88.9%,15.4%,8.3%,132
South Carolina,Gavin Braland,All,341,57,86.8,100.4,102.9,28.1%,-5.9°,4.3°,17.5,0.0%,0,0.215,0.233,0.227,0.262,70.2%,12.3%,15.8%,53.7%,76.9%,78.8%,36.1%,32.8%,62
Pepperdine,Luke Pemberton,All,270,35,90.2,102.9,105.8,37.1%,6.4°,6.3°,40.0,11.4%,4,0.167,0.246,0.227,0.321,45.7%,25.7%,28.6%,44.4%,68.3%,80.3%,29.5%,36.7%,84
Vanderbilt,Jayden Davis,All,193,40,88.3,101.8,105.6,35.0%,8.9°,10.5°,22.5,2.5%,1,0.173,0.27,0.227,0.354,55.0%,25.0%,12.5%,45.1%,75.0%,90.0%,23.9%,19.5%,126
Troy,Cason Eubanks,All,92,13,86.0,101.0,101.1,38.5%,10.1°,15.4°,23.1,0.0%,0,0.158,0.186,0.227,0.27,46.2%,30.8%,23.1%,42.4%,54.5%,87.5%,31.2%,25.6%,66
North Florida,Finn Howell,All,53,8,81.5,103.4,104.5,37.5%,-3.2°,-3.2°,37.5,0.0%,0,0.214,0.202,0.227,0.209,62.5%,0.0%,25.0%,52.8%,65.6%,81.0%,33.3%,32.1%,19
Emory & Henry,Camden Bailey,All,115,25,77.7,96.8,97.1,12.0%,12.4°,25.1°,48.0,0.0%,0,0.167,0.261,0.227,0.328,44.0%,24.0%,32.0%,46.1%,72.7%,90.0%,21.7%,20.8%,116
Mount St. Mary's,Paddy Hebda,All,72,9,79.7,91.7,92.3,0.0%,2.3°,-,22.2,0.0%,0,0.077,0.151,0.227,0.292,66.7%,22.2%,11.1%,38.9%,67.6%,78.3%,13.2%,25.0%,134
Southern Wesleyan,Vinny Angle,All,154,11,73.2,91.4,94.3,0.0%,3.1°,-,27.3,0.0%,0,0.083,0.167,0.227,0.292,54.5%,18.2%,27.3%,36.4%,60.0%,86.1%,21.3%,30.4%,111
Anderson (SC),Bryce Helms,All,70,10,73.1,90.3,90.8,0.0%,23.6°,-,40.0,0.0%,0,0.2,0.192,0.227,0.208,30.0%,30.0%,40.0%,47.1%,67.6%,76.0%,24.2%,24.2%,103
LSU,Ryan Costello,All,69,5,72.1,94.1,101.3,20.0%,29.1°,-,20.0,0.0%,0,0.0,0.083,0.226,0.31,40.0%,20.0%,0.0%,37.7%,59.4%,84.2%,18.9%,19.2%,120
Texas State,Cameron Thompson,All,141,19,88.5,99.0,101.9,31.6%,14.9°,20.6°,10.5,0.0%,0,0.212,0.17,0.226,0.241,47.4%,26.3%,10.5%,46.1%,65.7%,79.5%,28.4%,29.2%,105
UTRGV,Damien Whitfield,All,97,11,82.7,98.9,99.5,27.3%,14.6°,14.1°,54.5,9.1%,1,0.136,0.179,0.226,0.256,36.4%,45.5%,18.2%,30.9%,42.0%,85.7%,19.1%,23.3%,43
Xavier,Eddie Peters,All,292,40,83.8,102.0,106.1,30.0%,15.3°,7.2°,25.0,0.0%,0,0.167,0.155,0.226,0.196,40.0%,35.0%,22.5%,57.9%,78.6%,72.7%,38.8%,34.9%,73
Northern Colorado,AJ Carter,All,121,19,84.1,101.2,104.8,21.1%,13.5°,5.8°,42.1,5.3%,1,0.172,0.243,0.226,0.318,36.8%,26.3%,31.6%,49.6%,71.2%,83.3%,29.0%,25.0%,114
Middle Tennessee,Keaton Ray,All,254,44,90.2,102.7,107.0,40.9%,10.4°,12.3°,34.1,11.4%,5,0.158,0.262,0.226,0.373,45.5%,27.3%,20.5%,43.7%,69.2%,85.1%,25.2%,27.0%,97
Mount Olive,Anthony Mitta,All,268,44,85.2,97.7,99.8,22.7%,19.7°,13.1°,27.3,0.0%,0,0.155,0.241,0.226,0.328,34.1%,22.7%,25.0%,36.6%,63.8%,89.2%,15.8%,18.4%,134
UCLA,Kasen Khansarinia,All,62,8,84.6,94.5,96.1,25.0%,0.9°,4.3°,25.0,0.0%,0,0.0,0.235,0.226,0.389,62.5%,12.5%,25.0%,24.2%,36.4%,100.0%,17.5%,13.3%,86
Portland,Curtis Hebert,All,108,12,83.0,100.7,102.0,25.0%,18.9°,13.0°,8.3,8.3%,1,0.13,0.12,0.226,0.173,41.7%,25.0%,8.3%,48.1%,68.2%,66.7%,34.4%,46.2%,73
VMI,Max Perry,All,305,39,79.9,95.3,99.4,12.8%,2.5°,9.6°,41.0,0.0%,0,0.194,0.158,0.226,0.229,51.3%,15.4%,28.2%,42.0%,63.8%,92.2%,23.2%,18.0%,89
Rider,Peter Crespo,All,113,14,86.0,97.8,98.4,21.4%,12.9°,26.4°,42.9,0.0%,0,0.13,0.198,0.226,0.296,28.6%,35.7%,28.6%,40.7%,71.8%,71.4%,24.3%,41.3%,98
Rhode Island,Will Hindle,All,164,21,84.7,101.3,101.6,23.8%,3.4°,7.4°,28.6,0.0%,0,0.167,0.201,0.225,0.273,52.4%,23.8%,23.8%,36.6%,63.6%,89.8%,12.6%,18.3%,129
UC Davis,Zach Story,All,139,23,84.2,99.1,102.2,21.7%,4.3°,10.6°,30.4,4.3%,1,0.167,0.169,0.225,0.233,43.5%,21.7%,17.4%,38.8%,52.5%,84.4%,28.2%,20.4%,61
Tampa,Lenny Ashby,All,35,9,77.2,101.6,104.1,33.3%,26.7°,10.5°,11.1,0.0%,0,0.2,0.164,0.225,0.213,33.3%,22.2%,11.1%,42.9%,69.2%,100.0%,27.3%,6.7%,163
San Jose State,Jack Vanoncini,All,32,6,86.9,95.6,99.4,16.7%,22.0°,4.6°,50.0,0.0%,0,0.2,0.218,0.225,0.227,33.3%,0.0%,50.0%,37.5%,42.9%,100.0%,33.3%,16.7%,36
Tufts,Henry Fleckner,All,178,34,74.3,96.8,98.9,11.8%,6.8°,15.2°,20.6,0.0%,0,0.15,0.179,0.225,0.282,52.9%,23.5%,8.8%,35.4%,55.4%,74.2%,26.2%,23.8%,86
Marian (IN),Jacob Dill,All,37,8,81.2,87.6,88.8,0.0%,4.8°,-,12.5,0.0%,0,0.2,0.152,0.225,0.16,62.5%,25.0%,12.5%,54.1%,56.2%,88.9%,52.4%,20.0%,38
Youngstown State,Nic Goodwin,All,83,14,82.1,94.3,98.2,7.1%,3.6°,-,28.6,0.0%,0,0.19,0.154,0.225,0.224,50.0%,21.4%,14.3%,54.2%,84.2%,68.8%,28.9%,46.7%,27
Chaminade,Cade Fujii,All,87,15,81.5,97.6,99.7,20.0%,10.2°,15.6°,46.7,0.0%,0,0.211,0.24,0.225,0.296,33.3%,20.0%,33.3%,32.2%,54.2%,100.0%,23.8%,25.0%,124
Mansfield,Michael Biuso,All,56,8,84.1,95.3,97.7,12.5%,7.8°,7.0°,12.5,0.0%,0,0.091,0.279,0.224,0.377,62.5%,25.0%,12.5%,42.9%,81.0%,76.5%,20.0%,37.5%,97
Creighton,Nick Venteicher,All,330,57,85.9,101.2,103.6,22.8%,15.8°,15.5°,29.8,3.5%,2,0.173,0.228,0.224,0.297,35.1%,40.4%,19.3%,40.0%,65.4%,90.2%,17.2%,15.2%,114
Old Dominion,Jack Slater,All,149,21,88.1,100.3,101.5,33.3%,-8.3°,6.8°,19.0,0.0%,0,0.182,0.222,0.224,0.273,61.9%,9.5%,14.3%,40.3%,55.7%,84.6%,26.6%,31.7%,48
Appalachian State,Charlie Evans,All,198,42,83.3,99.2,100.4,35.7%,-1.7°,6.6°,14.3,0.0%,0,0.232,0.197,0.224,0.241,69.0%,16.7%,9.5%,54.5%,75.5%,85.9%,35.6%,24.1%,77
Kennesaw State,Hudson Mimbs,All,154,20,85.9,99.8,101.4,30.0%,9.1°,20.1°,35.0,0.0%,0,0.182,0.193,0.224,0.26,45.0%,20.0%,35.0%,42.9%,64.7%,68.2%,25.6%,40.9%,114
Pepperdine,Cam Conley,All,163,34,86.6,101.7,104.9,23.5%,10.6°,13.1°,35.3,0.0%,0,0.174,0.222,0.224,0.267,38.2%,29.4%,32.4%,63.2%,87.7%,82.8%,43.3%,35.0%,52
Louisiana Tech,Slade Netterville,All,66,7,74.1,88.2,90.3,0.0%,2.3°,-,42.9,0.0%,0,0.091,0.158,0.224,0.283,57.1%,14.3%,28.6%,42.4%,63.0%,64.7%,28.2%,25.0%,110
Whitman,Jack Bickerton,All,61,12,83.3,99.7,105.5,16.7%,15.4°,11.7°,41.7,0.0%,0,0.188,0.242,0.224,0.251,33.3%,33.3%,33.3%,57.4%,73.3%,81.8%,41.9%,34.3%,4
Pomona-Pitzer,George Nahabedian,All,82,11,78.8,93.1,94.6,9.1%,16.0°,-18.6°,54.5,0.0%,0,0.188,0.306,0.224,0.344,27.3%,36.4%,36.4%,41.5%,67.6%,72.0%,20.0%,32.4%,94
Queens (NC),Matthew Suppa,All,63,9,72.2,96.8,98.5,22.2%,-4.6°,-0.9°,33.3,0.0%,0,0.091,0.234,0.224,0.339,55.6%,11.1%,33.3%,38.1%,54.2%,92.3%,28.2%,33.3%,90
Texas State,Theodore Kummer,All,224,47,83.6,98.7,103.0,29.8%,10.9°,6.7°,25.5,0.0%,0,0.182,0.238,0.224,0.282,48.9%,25.5%,19.1%,43.3%,59.3%,90.7%,32.3%,21.6%,75
Chaminade,Benny Nazario,All,66,6,81.3,90.5,95.6,16.7%,18.7°,27.8°,50.0,0.0%,0,0.1,0.219,0.224,0.333,33.3%,33.3%,33.3%,43.9%,62.1%,77.8%,29.7%,24.1%,129
Hardin-Simmons,Justin Blancaflor,All,74,13,83.5,93.6,97.6,7.7%,18.7°,5.8°,23.1,0.0%,0,0.176,0.211,0.224,0.263,46.2%,38.5%,15.4%,52.7%,78.8%,92.3%,31.7%,25.6%,112
Holy Cross,Ryan Grundy,All,245,29,89.2,101.4,105.1,48.3%,19.1°,17.1°,34.5,6.9%,2,0.12,0.216,0.223,0.332,31.0%,34.5%,24.1%,40.0%,57.9%,75.8%,26.1%,33.7%,119
Tarleton State,Tyson Drake,All,348,44,83.5,99.1,108.2,31.8%,21.4°,13.4°,25.0,4.5%,2,0.143,0.157,0.223,0.228,40.9%,27.3%,15.9%,52.6%,81.2%,70.2%,35.9%,38.3%,82
Pittsburgh,Logan Duffy,All,159,19,82.0,100.6,102.1,21.1%,-6.6°,7.2°,26.3,0.0%,0,0.182,0.188,0.223,0.239,68.4%,10.5%,21.1%,40.3%,60.9%,76.2%,24.4%,32.8%,94
Manhattan,Nico Mattera,All,84,10,80.5,95.9,101.2,20.0%,33.3°,0.7°,20.0,0.0%,0,0.118,0.12,0.223,0.219,40.0%,20.0%,10.0%,29.8%,43.2%,62.5%,19.1%,36.0%,76
Harvard,Ryan Mooney,All,280,29,77.5,95.3,101.7,13.8%,26.9°,19.1°,37.9,3.4%,1,0.164,0.118,0.222,0.203,24.1%,37.9%,24.1%,42.9%,67.7%,75.0%,23.1%,35.0%,93
Michigan,Cade Ladehoff,All,164,30,94.2,105.8,115.8,43.3%,16.6°,5.8°,33.3,6.7%,2,0.167,0.261,0.222,0.334,30.0%,30.0%,30.0%,47.6%,70.7%,86.2%,24.4%,21.8%,102
Marian (IN),Zach Bale,All,83,9,88.0,99.8,100.5,33.3%,21.8°,8.4°,33.3,11.1%,1,0.111,0.165,0.222,0.246,44.4%,33.3%,11.1%,48.2%,72.2%,53.8%,29.8%,55.0%,92
Cal State Fullerton,Waldier Perez,All,162,12,85.7,92.3,96.4,16.7%,6.5°,22.7°,16.7,0.0%,0,0.143,0.121,0.222,0.232,50.0%,33.3%,16.7%,35.8%,59.4%,80.5%,18.3%,34.5%,97
Canisius,Mason Cisco,All,69,14,85.2,100.2,103.5,35.7%,-6.1°,12.8°,35.7,0.0%,0,0.211,0.23,0.222,0.282,57.1%,14.3%,28.6%,37.7%,53.6%,93.3%,26.8%,23.1%,60
Cal State Fullerton,Nick Miller,All,97,16,81.9,101.2,102.9,25.0%,3.4°,4.9°,56.2,0.0%,0,0.211,0.287,0.222,0.316,37.5%,25.0%,37.5%,53.6%,71.7%,93.9%,37.3%,15.4%,64
UC Santa Barbara,Rex DeAngelis,All,175,15,86.5,89.2,92.0,13.3%,-0.6°,-8.6°,33.3,0.0%,0,0.138,0.198,0.222,0.275,60.0%,6.7%,33.3%,34.9%,55.1%,88.4%,18.6%,26.2%,90
North Dakota State,Blake Timmons,All,89,7,78.4,97.8,98.8,14.3%,-10.3°,21.7°,28.6,0.0%,0,0.211,0.113,0.222,0.207,71.4%,0.0%,28.6%,39.3%,46.3%,78.9%,33.3%,40.0%,93
Eastern Illinois,Colin Horneman,All,69,9,83.5,94.5,95.7,11.1%,13.5°,0.0°,33.3,0.0%,0,0.077,0.106,0.221,0.234,44.4%,44.4%,11.1%,37.7%,55.6%,86.7%,26.2%,26.9%,87
Young Harris,Marco Colina,All,127,26,87.7,101.3,104.0,30.8%,3.6°,9.5°,34.6,3.8%,1,0.161,0.236,0.221,0.343,46.2%,19.2%,19.2%,48.0%,64.1%,80.5%,31.7%,24.6%,84
Hofstra,Aidan Gallagher,All,72,6,90.6,97.9,98.1,50.0%,7.3°,4.6°,33.3,0.0%,0,0.077,0.122,0.221,0.26,50.0%,33.3%,16.7%,36.1%,66.7%,63.6%,10.3%,42.3%,103
Washington State,Cole Watterson,All,175,17,77.5,86.7,92.3,5.9%,2.9°,-0.9°,23.5,0.0%,0,0.2,0.141,0.221,0.21,52.9%,23.5%,23.5%,41.7%,62.5%,78.2%,20.7%,27.4%,87
Ball State,Ben Giovannetti,All,90,12,83.2,99.9,104.5,25.0%,0.3°,15.5°,33.3,0.0%,0,0.158,0.223,0.221,0.29,66.7%,16.7%,16.7%,50.0%,70.6%,70.8%,37.5%,33.3%,49
Manhattan,Ryan Ash,All,102,10,81.4,99.2,100.7,30.0%,11.2°,11.0°,30.0,0.0%,0,0.167,0.132,0.221,0.202,40.0%,30.0%,20.0%,35.3%,47.5%,73.7%,27.4%,38.9%,70
New Mexico State,Chris Daniels,All,121,10,83.7,102.3,103.1,40.0%,-0.1°,17.3°,40.0,0.0%,0,0.1,0.117,0.221,0.258,50.0%,0.0%,40.0%,44.6%,64.3%,77.8%,27.7%,31.5%,133
Seton Hall,Ryan Frontera,All,333,41,81.4,94.9,98.2,14.6%,14.3°,15.0°,26.8,0.0%,0,0.121,0.183,0.221,0.29,41.5%,36.6%,12.2%,40.8%,66.0%,82.1%,21.7%,25.0%,101
Richmond,Trevor Dosenbach,All,116,22,75.9,94.7,102.7,13.6%,-8.0°,-2.5°,18.2,0.0%,0,0.192,0.192,0.221,0.241,63.6%,13.6%,9.1%,47.4%,75.0%,75.0%,27.9%,34.5%,87
West Georgia,Jack Witmer,All,88,14,80.5,93.0,94.4,7.1%,10.1°,-4.6°,28.6,0.0%,0,0.176,0.176,0.221,0.239,28.6%,42.9%,21.4%,42.0%,61.0%,100.0%,25.5%,10.8%,88
UTSA,Whitt Joyce,All,97,15,85.2,98.5,100.5,26.7%,15.2°,26.2°,13.3,0.0%,0,0.118,0.155,0.22,0.261,40.0%,53.3%,6.7%,42.3%,81.0%,88.2%,12.7%,19.5%,164
Emory & Henry,Ky Gregoire,All,66,10,79.3,95.7,98.5,10.0%,13.9°,3.4°,30.0,0.0%,0,0.2,0.217,0.22,0.242,40.0%,20.0%,30.0%,48.5%,80.6%,84.0%,20.0%,25.0%,139
Queens (NC),Lenox Lively,All,261,44,79.8,98.1,98.8,15.9%,2.2°,0.0°,29.5,0.0%,0,0.167,0.223,0.22,0.281,52.3%,15.9%,27.3%,41.8%,58.0%,81.2%,28.2%,22.9%,71
West Georgia,Landon Weidner,All,119,21,90.3,102.2,104.9,28.6%,5.2°,-5.1°,19.0,0.0%,0,0.2,0.192,0.22,0.234,47.6%,33.3%,19.0%,51.3%,78.8%,80.5%,29.9%,31.1%,94
Florida International,Sebastian Berrios,All,48,5,84.1,92.9,93.5,0.0%,28.6°,-,0.0,0.0%,0,0.0,0.049,0.22,0.27,20.0%,80.0%,0.0%,18.8%,35.7%,80.0%,11.8%,11.1%,151
Vanderbilt,Chris Maldonado,All,145,16,85.5,99.2,107.6,25.0%,17.0°,26.3°,25.0,6.2%,1,0.111,0.127,0.22,0.254,37.5%,31.2%,25.0%,46.9%,61.9%,87.2%,35.4%,29.4%,68
UNLV,Chase Ditmar,All,138,23,85.0,104.3,110.2,34.8%,2.2°,12.9°,26.1,4.3%,1,0.176,0.202,0.22,0.25,52.2%,17.4%,21.7%,49.3%,61.0%,85.1%,34.4%,19.1%,82
George Mason,Sam Lavin,All,245,47,89.0,104.8,106.8,40.4%,14.3°,11.2°,44.7,4.3%,2,0.193,0.311,0.22,0.372,38.3%,21.3%,31.9%,45.7%,66.4%,83.6%,28.9%,18.8%,90
Navy,Tristan Rucker,All,113,10,86.6,101.3,104.2,40.0%,13.0°,13.1°,70.0,10.0%,1,0.174,0.209,0.219,0.289,30.0%,0.0%,60.0%,48.7%,72.9%,68.6%,30.8%,40.0%,77
Bryant,Shea Grady,All,145,28,80.0,103.1,107.5,35.7%,3.5°,5.4°,25.0,3.6%,1,0.194,0.219,0.219,0.261,60.7%,7.1%,21.4%,47.6%,68.2%,86.7%,30.4%,18.8%,87
Nova Southeastern,Roylan Quevedo,All,42,9,87.7,96.8,99.0,33.3%,2.5°,-4.2°,22.2,0.0%,0,0.111,0.241,0.219,0.337,66.7%,11.1%,22.2%,47.6%,73.7%,100.0%,26.1%,0.0%,111
Appalachian State,Riley Luft,All,406,78,85.0,100.0,104.8,34.6%,-1.7°,7.1°,25.6,0.0%,0,0.208,0.266,0.219,0.29,64.1%,17.9%,15.4%,48.8%,74.4%,87.5%,29.9%,26.3%,96
Emory & Henry,Triston Hensley,All,168,35,81.6,96.3,100.2,11.4%,20.1°,31.6°,34.3,2.9%,1,0.186,0.222,0.219,0.265,37.1%,34.3%,22.9%,55.4%,79.5%,83.9%,34.4%,18.3%,83
Lincoln Memorial,CJ Duggan,All,142,21,82.5,97.9,101.2,23.8%,3.3°,6.1°,33.3,0.0%,0,0.167,0.25,0.219,0.297,52.4%,19.0%,23.8%,40.1%,59.4%,84.2%,24.4%,26.3%,130
Princeton,Will Robbins,All,94,21,84.1,101.5,102.1,19.0%,14.4°,8.4°,23.8,4.8%,1,0.217,0.238,0.219,0.266,47.6%,28.6%,19.0%,35.1%,53.7%,90.9%,20.8%,15.2%,115
Alabama A&M,Christian Soto,All,47,5,73.5,92.8,93.7,0.0%,-13.3°,-,0.0,0.0%,0,0.111,0.111,0.218,0.221,80.0%,20.0%,0.0%,29.8%,45.5%,80.0%,16.0%,35.7%,101
Radford,Cody Bradt,All,59,11,82.9,98.1,98.4,27.3%,-13.7°,-7.4°,9.1,0.0%,0,0.176,0.163,0.218,0.247,81.8%,9.1%,9.1%,47.5%,68.8%,81.8%,22.2%,28.6%,76
Queens (NC),Jake Barbour,All,258,60,81.9,97.3,103.1,20.0%,17.6°,3.0°,23.3,0.0%,0,0.181,0.23,0.218,0.279,41.7%,31.7%,18.3%,51.6%,74.2%,85.3%,29.2%,24.1%,87
Louisiana,Trip Dobson III,All,49,6,73.6,88.5,92.3,0.0%,13.1°,-,16.7,0.0%,0,0.111,0.117,0.218,0.235,50.0%,50.0%,0.0%,38.8%,60.0%,88.9%,29.4%,5.3%,116
East Carolina,Nick Parham,All,74,8,79.4,102.8,103.5,37.5%,-8.9°,11.8°,12.5,12.5%,1,0.133,0.18,0.218,0.254,75.0%,25.0%,0.0%,41.9%,61.1%,63.6%,23.7%,38.7%,76
Central Michigan,Elijah Henning,All,65,15,85.8,93.1,96.7,6.7%,16.1°,50.6°,26.7,0.0%,0,0.188,0.142,0.218,0.188,40.0%,20.0%,20.0%,44.6%,66.7%,100.0%,25.7%,24.1%,97
Cincinnati,Luke Sefcik,All,141,14,89.6,103.9,105.2,35.7%,8.1°,3.9°,42.9,0.0%,0,0.12,0.221,0.218,0.316,50.0%,7.1%,35.7%,31.2%,48.4%,96.7%,17.7%,15.9%,90
Sam Houston State,Hudson Pollard,All,46,7,75.4,95.4,99.5,14.3%,6.3°,6.6°,0.0,0.0%,0,0.111,0.169,0.218,0.268,57.1%,28.6%,0.0%,30.4%,45.5%,90.0%,16.7%,21.4%,137
Canisius,Kadin Miller,All,71,12,82.6,99.1,100.3,16.7%,12.1°,12.8°,33.3,0.0%,0,0.176,0.245,0.218,0.276,58.3%,25.0%,16.7%,43.7%,82.9%,79.3%,5.6%,25.8%,141
Stetson,Anthony Gonzalez,All,78,5,83.4,101.4,102.2,40.0%,7.2°,18.1°,60.0,0.0%,0,0.176,0.093,0.218,0.198,40.0%,40.0%,20.0%,50.0%,64.5%,80.0%,40.4%,30.8%,89
FGCU,Vincent Samuel,All,231,40,87.8,103.8,108.0,30.0%,19.1°,23.9°,32.5,5.0%,2,0.17,0.214,0.218,0.314,37.5%,30.0%,22.5%,43.3%,59.2%,87.9%,31.6%,26.0%,97
TCU,Preston Gamster,All,125,14,80.6,101.5,104.5,14.3%,25.1°,12.5°,21.4,0.0%,0,0.154,0.104,0.218,0.206,28.6%,28.6%,14.3%,49.6%,64.6%,77.4%,40.3%,35.5%,23
Quinnipiac,Jack Bryan,All,69,10,79.5,99.1,102.3,10.0%,4.4°,13.8°,20.0,0.0%,0,0.235,0.119,0.218,0.135,50.0%,40.0%,10.0%,42.0%,73.3%,86.4%,17.9%,34.5%,160
Eastern Kentucky,Silas Shaffer,All,146,18,84.9,95.8,98.8,16.7%,18.7°,38.7°,38.9,0.0%,0,0.188,0.119,0.217,0.153,27.8%,38.9%,27.8%,47.3%,64.4%,84.2%,35.6%,37.7%,67
Missouri,Jedier Hernandez,All,355,56,85.4,102.4,106.5,30.4%,7.5°,1.9°,19.6,0.0%,0,0.164,0.209,0.217,0.266,48.2%,26.8%,17.9%,45.9%,71.2%,89.0%,26.7%,19.6%,78
Western Kentucky,Henry Brown,All,300,51,88.8,103.6,106.0,39.2%,14.9°,6.3°,29.4,3.9%,2,0.169,0.263,0.217,0.321,43.1%,29.4%,21.6%,52.0%,72.7%,82.2%,34.2%,26.3%,82
Navy,Noah Ditas,All,191,21,76.9,97.3,98.2,19.0%,1.8°,6.9°,28.6,0.0%,0,0.189,0.187,0.217,0.215,61.9%,9.5%,28.6%,42.9%,60.8%,79.2%,30.4%,36.6%,100
West Georgia,Blake Bradford,All,114,19,84.3,101.7,103.6,36.8%,6.9°,19.2°,36.8,0.0%,0,0.214,0.275,0.217,0.311,52.6%,15.8%,31.6%,60.5%,78.0%,66.7%,46.9%,34.8%,35
Seton Hall,Casey Cumiskey,All,350,68,82.0,99.7,106.9,23.5%,5.6°,3.7°,26.5,1.5%,1,0.178,0.225,0.217,0.276,51.5%,23.5%,19.1%,44.3%,72.7%,89.9%,23.0%,21.9%,103
La Verne,Ryan Vosika,All,58,10,75.3,88.7,89.1,0.0%,10.8°,-,40.0,0.0%,0,0.182,0.322,0.216,0.35,60.0%,10.0%,30.0%,37.9%,57.7%,100.0%,21.9%,4.5%,144
Goshen,Chase Smith,All,51,7,77.4,88.1,89.0,0.0%,13.7°,-,57.1,0.0%,0,0.182,0.257,0.216,0.297,28.6%,28.6%,42.9%,37.3%,72.0%,55.6%,3.8%,47.4%,182
Ashland,Cameron Miller,All,41,10,82.8,93.1,96.3,20.0%,20.9°,11.3°,30.0,0.0%,0,0.222,0.152,0.216,0.219,40.0%,40.0%,20.0%,39.0%,55.6%,100.0%,26.1%,6.2%,107
Houston Christian,Trevor Roper,All,222,45,78.5,93.9,94.6,0.0%,7.2°,-,48.9,0.0%,0,0.193,0.231,0.216,0.26,46.7%,22.2%,31.1%,41.4%,63.3%,95.7%,20.4%,10.9%,105
Princeton,Jordan Kelly,All,541,69,83.7,99.6,106.5,18.8%,11.9°,15.4°,36.2,2.9%,2,0.149,0.179,0.216,0.265,42.0%,24.6%,26.1%,44.2%,60.8%,73.7%,29.9%,39.7%,73
Ohio State,Marc Stephens,All,223,45,86.2,99.0,101.0,33.3%,18.4°,12.3°,33.3,2.2%,1,0.186,0.249,0.216,0.285,33.3%,35.6%,28.9%,45.7%,57.7%,91.7%,35.3%,21.6%,37
Point Loma,Josiah Rodriguez,All,55,10,90.2,103.3,103.9,40.0%,-2.1°,5.8°,20.0,0.0%,0,0.182,0.288,0.216,0.35,60.0%,10.0%,20.0%,36.4%,62.1%,94.4%,7.7%,5.0%,140
Jackson State,Hederick G. Torres Horta,All,44,7,81.0,99.5,101.7,14.3%,-7.3°,14.7°,42.9,0.0%,0,0.182,0.181,0.216,0.243,28.6%,14.3%,42.9%,34.1%,56.2%,88.9%,21.4%,40.0%,22
Little Rock,Kade Goeke,All,106,12,74.1,89.1,89.1,8.3%,-31.9°,-9.3°,8.3,0.0%,0,0.19,0.113,0.216,0.196,91.7%,0.0%,8.3%,43.4%,67.9%,75.0%,18.9%,28.3%,111
Pepperdine,Devon Walczykowski,All,55,6,79.0,80.5,82.0,0.0%,2.2°,-,16.7,0.0%,0,0.182,0.105,0.216,0.149,83.3%,16.7%,0.0%,52.7%,69.6%,81.2%,40.6%,37.9%,-8
Lincoln Memorial,Joey LaMattina,All,53,7,84.4,91.8,92.1,14.3%,6.9°,-10.9°,14.3,0.0%,0,0.182,0.221,0.216,0.26,71.4%,14.3%,14.3%,35.8%,63.6%,78.6%,16.1%,26.3%,95
California Baptist,Cole Howarth,All,151,14,82.5,101.7,101.9,21.4%,3.2°,15.8°,28.6,0.0%,0,0.172,0.137,0.216,0.185,50.0%,21.4%,28.6%,41.1%,65.7%,65.9%,21.4%,37.1%,105
UMass Lowell,Brandon Fish,All,196,36,84.4,99.2,102.0,25.0%,12.9°,4.4°,19.4,0.0%,0,0.184,0.202,0.216,0.23,52.8%,38.9%,8.3%,52.6%,76.9%,86.7%,36.4%,21.4%,75
West Texas A&M,Elijah Batista,All,35,6,70.7,83.8,86.6,0.0%,36.2°,-,16.7,0.0%,0,0.2,0.137,0.216,0.186,33.3%,16.7%,0.0%,54.3%,84.2%,75.0%,18.8%,36.8%,140
Westcliff,Zane Parmenter,All,30,10,77.6,89.2,91.0,0.0%,-2.1°,-,40.0,0.0%,0,0.182,0.215,0.216,0.263,50.0%,20.0%,30.0%,53.3%,92.3%,83.3%,23.5%,12.5%,106
Long Beach State,Luke Taylor,All,221,33,80.3,97.9,103.3,24.2%,4.4°,12.7°,21.2,3.0%,1,0.192,0.205,0.216,0.253,54.5%,27.3%,15.2%,51.1%,74.3%,76.9%,30.2%,38.9%,56
Dallas,Dylan Goddard,All,48,8,76.3,90.9,92.6,0.0%,3.7°,-,37.5,0.0%,0,0.182,0.315,0.216,0.344,50.0%,0.0%,37.5%,47.9%,68.2%,80.0%,30.8%,30.4%,58
La Verne,Benny Vogel,All,32,9,76.0,89.9,93.1,0.0%,21.6°,-,55.6,0.0%,0,0.2,0.281,0.216,0.312,22.2%,22.2%,55.6%,43.8%,54.5%,100.0%,38.1%,14.3%,78
Delta State,Matthew Martinolich,All,53,9,85.4,95.4,96.0,22.2%,14.6°,14.4°,44.4,0.0%,0,0.182,0.353,0.216,0.389,33.3%,22.2%,44.4%,43.4%,66.7%,100.0%,31.4%,13.0%,121
Piedmont,Kyle Carlson,All,57,5,88.6,87.7,89.3,40.0%,10.9°,-16.6°,20.0,0.0%,0,0.091,0.07,0.215,0.172,40.0%,20.0%,20.0%,42.1%,47.6%,70.0%,38.9%,37.5%,69
Central Michigan,Jake Kutella,All,211,48,79.0,100.0,101.4,25.0%,4.2°,12.5°,43.8,0.0%,0,0.182,0.287,0.215,0.328,41.7%,14.6%,37.5%,43.1%,64.6%,92.2%,24.1%,13.2%,69
Eckerd,Kamron Gelwick,All,46,9,82.2,87.8,88.1,0.0%,7.0°,-,0.0,0.0%,0,0.091,0.09,0.215,0.191,44.4%,44.4%,0.0%,41.3%,60.0%,83.3%,26.9%,21.1%,83
Mercyhurst,Ethan Adams,All,77,6,72.8,91.7,92.8,0.0%,42.0°,-,16.7,0.0%,0,0.071,0.037,0.215,0.193,33.3%,33.3%,0.0%,37.7%,61.3%,52.6%,21.7%,55.2%,112
Canisius,Ronan Glassford,All,138,23,83.5,97.5,101.5,21.7%,7.5°,9.1°,21.7,0.0%,0,0.2,0.185,0.215,0.245,56.5%,13.0%,21.7%,55.1%,90.2%,73.9%,34.5%,32.9%,69
British Columbia,Jackson Boomer,All,66,8,79.0,93.3,93.7,0.0%,16.5°,-,37.5,0.0%,0,0.077,0.183,0.215,0.306,37.5%,25.0%,25.0%,40.9%,69.2%,72.2%,22.5%,33.3%,160
Omaha,Grant Sommers,All,218,33,84.0,102.7,105.1,21.2%,24.3°,9.5°,24.2,3.0%,1,0.143,0.165,0.215,0.239,24.2%,36.4%,21.2%,46.8%,71.7%,84.5%,26.1%,26.5%,117
Grambling,Keanu Jacobs-Guishard,All,76,11,80.1,97.4,100.3,18.2%,1.4°,0.1°,9.1,0.0%,0,0.071,0.202,0.215,0.322,72.7%,18.2%,9.1%,43.4%,64.5%,85.0%,28.9%,18.2%,108
Bellarmine,Jackson Case,All,88,8,80.8,95.5,101.7,25.0%,5.6°,0.1°,12.5,0.0%,0,0.071,0.18,0.215,0.306,75.0%,12.5%,0.0%,42.0%,59.1%,80.8%,25.0%,21.6%,127
Western Michigan,Diego Pena,All,99,15,75.8,83.8,84.4,6.7%,13.6°,-6.3°,26.7,0.0%,0,0.208,0.174,0.215,0.194,46.7%,26.7%,26.7%,39.4%,48.7%,89.5%,33.3%,30.8%,60
Oral Roberts,Keaton Campbell,All,116,27,79.7,103.7,106.1,14.8%,-13.6°,3.7°,11.1,0.0%,0,0.147,0.203,0.215,0.249,66.7%,3.7%,14.8%,56.0%,73.7%,78.6%,39.0%,27.7%,72
San Diego State,Evan Escobar,All,252,38,81.0,91.5,95.5,5.3%,5.9°,6.0°,31.6,0.0%,0,0.175,0.144,0.214,0.195,47.4%,23.7%,21.1%,40.5%,50.4%,74.6%,31.9%,33.3%,26
Sacred Heart,Dante D'Amore,All,201,35,87.7,105.6,110.1,37.1%,11.6°,17.2°,31.4,5.7%,2,0.176,0.249,0.214,0.319,48.6%,28.6%,22.9%,49.3%,74.4%,70.3%,30.4%,38.4%,96
West Virginia,Jorge Valdes,All,83,8,86.0,94.8,96.9,12.5%,16.9°,27.7°,25.0,0.0%,0,0.125,0.142,0.214,0.253,37.5%,50.0%,12.5%,36.1%,61.0%,68.0%,11.9%,33.3%,176
Navy,Owen Peterson,All,208,53,79.6,96.7,99.7,17.0%,8.8°,6.6°,26.4,1.9%,1,0.2,0.236,0.214,0.258,45.3%,28.3%,17.0%,46.6%,68.7%,94.1%,26.6%,9.3%,90
Jacksonville,Clayton Hodges,All,47,9,86.9,96.4,96.5,33.3%,3.5°,4.5°,33.3,0.0%,0,0.25,0.204,0.214,0.195,55.6%,11.1%,22.2%,48.9%,80.0%,93.8%,25.9%,13.0%,72
UMass Lowell,Spencer Aubin,All,68,11,82.2,93.2,94.0,0.0%,2.7°,-,27.3,0.0%,0,0.143,0.14,0.214,0.235,63.6%,18.2%,18.2%,39.7%,71.0%,81.8%,13.5%,29.6%,158
North Dakota State,Thomas Simon,All,142,20,78.4,90.0,91.8,5.0%,14.6°,-12.7°,35.0,0.0%,0,0.212,0.208,0.214,0.215,40.0%,30.0%,25.0%,38.7%,47.1%,87.5%,31.1%,25.5%,48
McNeese,Mack Brouseau,All,60,8,79.8,98.3,98.5,37.5%,-1.2°,12.7°,25.0,0.0%,0,0.25,0.21,0.214,0.23,62.5%,12.5%,25.0%,51.7%,65.4%,82.4%,41.2%,35.5%,71
Concord,Brendan Brady,All,45,6,87.8,91.1,95.9,33.3%,31.8°,6.4°,33.3,0.0%,0,0.25,0.136,0.214,0.133,16.7%,0.0%,33.3%,55.6%,75.0%,53.3%,40.0%,40.0%,102
Monmouth,Aidan Bretschneider,All,138,23,91.4,105.7,107.5,43.5%,13.0°,10.0°,43.5,8.7%,2,0.211,0.261,0.214,0.313,34.8%,17.4%,43.5%,54.3%,66.7%,79.5%,43.1%,41.3%,42
East Texas Baptist,Benjamin Lea,All,46,11,84.7,97.7,101.8,27.3%,12.4°,20.7°,36.4,0.0%,0,0.231,0.266,0.214,0.298,27.3%,18.2%,45.5%,39.1%,90.0%,100.0%,25.0%,16.7%,133
Embry-Riddle (AZ),James Warren,All,43,9,83.7,85.3,87.9,11.1%,7.1°,-3.9°,22.2,0.0%,0,0.231,0.169,0.214,0.168,55.6%,22.2%,22.2%,51.2%,52.9%,100.0%,50.0%,31.8%,-19
Northeastern,Chris Walsh,All,110,18,90.3,99.7,105.0,44.4%,17.0°,14.4°,33.3,0.0%,0,0.174,0.268,0.213,0.331,33.3%,27.8%,33.3%,39.1%,58.0%,93.1%,23.3%,18.6%,77
Grambling,Cameron Hill,All,86,8,93.2,103.8,104.3,50.0%,6.9°,9.7°,25.0,12.5%,1,0.167,0.165,0.213,0.299,37.5%,25.0%,12.5%,39.5%,54.3%,68.4%,29.4%,47.1%,73
Houston,Jackson LaLima,All,126,18,82.8,96.5,97.3,16.7%,4.3°,14.6°,27.8,0.0%,0,0.161,0.187,0.213,0.245,50.0%,22.2%,22.2%,48.4%,74.1%,79.1%,26.5%,29.5%,110
Longwood,Jacob Moore,All,61,5,78.0,91.4,91.9,20.0%,4.8°,-8.7°,40.0,0.0%,0,0.167,0.134,0.213,0.173,60.0%,20.0%,20.0%,39.3%,55.6%,93.3%,26.5%,29.2%,56
Incarnate Word,Brandon Burckel,All,55,7,88.6,95.6,96.4,14.3%,22.1°,14.4°,42.9,0.0%,0,0.167,0.16,0.213,0.268,14.3%,28.6%,42.9%,58.2%,84.8%,64.3%,18.2%,40.6%,119
West Georgia,Hank Smith,All,50,9,84.4,102.2,103.5,22.2%,0.2°,21.3°,44.4,11.1%,1,0.154,0.239,0.213,0.329,55.6%,11.1%,33.3%,40.0%,68.2%,73.3%,17.9%,30.0%,116
Miami,Ethan Puig,All,104,16,89.8,101.2,101.7,31.2%,8.8°,13.0°,25.0,0.0%,0,0.1,0.249,0.213,0.362,43.8%,31.2%,18.8%,31.7%,67.6%,80.0%,11.9%,27.3%,123
Northeastern,Justin Bosland,All,87,12,83.5,96.1,96.3,41.7%,21.8°,14.6°,33.3,0.0%,0,0.167,0.206,0.213,0.271,33.3%,33.3%,25.0%,47.1%,63.6%,71.4%,30.2%,31.7%,91
UT Martin,Tommy Koch,All,112,9,79.3,94.1,105.6,11.1%,5.9°,0.4°,22.2,0.0%,0,0.095,0.133,0.213,0.246,44.4%,33.3%,22.2%,42.9%,59.1%,76.9%,32.4%,43.8%,-6
Central Connecticut,Brady Short,All,61,12,88.1,95.8,99.2,25.0%,12.6°,-1.1°,41.7,0.0%,0,0.154,0.236,0.213,0.309,50.0%,25.0%,16.7%,42.6%,64.0%,93.8%,27.8%,3.8%,104
UMass,Jack Peters,All,131,15,81.7,94.3,95.3,13.3%,3.8°,11.2°,40.0,0.0%,0,0.192,0.155,0.213,0.208,46.7%,40.0%,13.3%,41.2%,58.1%,75.0%,26.1%,38.9%,57
San Diego,Jonathan Fitz,All,183,21,88.6,104.1,105.5,38.1%,5.4°,15.0°,38.1,4.8%,1,0.135,0.213,0.212,0.289,52.4%,19.0%,19.0%,31.1%,43.0%,75.7%,20.6%,29.8%,44
Kansas State,Micah Dean,All,197,21,93.0,105.0,108.6,47.6%,9.2°,19.2°,61.9,14.3%,3,0.132,0.245,0.212,0.358,33.3%,23.8%,42.9%,47.2%,71.1%,63.8%,24.0%,36.6%,74
Stonehill,Nathan Kearney,All,77,16,78.2,93.9,95.6,18.8%,16.0°,-0.8°,31.2,0.0%,0,0.2,0.26,0.212,0.284,37.5%,31.2%,31.2%,36.4%,60.0%,88.9%,21.3%,25.0%,107
Indiana State,Miguel Cantu,All,133,26,86.9,105.2,106.3,30.8%,12.7°,7.5°,23.1,3.8%,1,0.176,0.224,0.212,0.26,42.3%,23.1%,23.1%,39.8%,59.4%,94.7%,21.7%,15.1%,82
Chapman,Charlie Sturm,All,77,14,80.0,92.5,94.2,0.0%,-0.2°,-,35.7,0.0%,0,0.2,0.242,0.212,0.266,57.1%,7.1%,35.7%,41.6%,55.9%,84.2%,30.2%,25.0%,76
Ball State,Korbin Griffin,All,222,40,89.3,104.8,108.0,42.5%,8.9°,14.6°,32.5,7.5%,3,0.189,0.305,0.212,0.371,45.0%,17.5%,27.5%,49.5%,73.8%,78.9%,28.6%,24.5%,114
Mars Hill,Dawson Anderson,All,139,23,82.6,100.2,101.2,30.4%,4.1°,10.0°,34.8,0.0%,0,0.195,0.199,0.211,0.232,43.5%,13.0%,34.8%,60.4%,84.5%,65.3%,43.2%,42.9%,61
Nova Southeastern,Zeth Rodriguez,All,32,6,79.7,94.5,94.7,0.0%,3.8°,-,33.3,0.0%,0,0.143,0.195,0.211,0.287,33.3%,16.7%,33.3%,40.6%,70.6%,83.3%,6.7%,15.4%,151
Southeastern (FL),Sean Kaelber,All,102,11,75.1,94.4,95.8,9.1%,9.9°,13.0°,36.4,0.0%,0,0.15,0.116,0.211,0.18,45.5%,36.4%,9.1%,32.4%,64.9%,79.2%,13.8%,36.4%,117
Dayton,Alejandro Cazorla,All,223,32,87.5,104.1,105.7,28.1%,20.8°,22.0°,37.5,3.1%,1,0.137,0.206,0.211,0.291,25.0%,40.6%,31.2%,53.4%,84.6%,76.6%,31.8%,33.6%,96
Washington State,Ollie Obenour,All,341,57,87.1,99.8,101.6,26.3%,4.3°,7.9°,28.1,3.5%,2,0.165,0.208,0.211,0.289,49.1%,22.8%,24.6%,46.0%,66.3%,90.0%,26.9%,18.5%,82
Texas Lutheran,Adam Peavy,All,29,7,80.1,100.1,102.5,14.3%,-2.5°,3.2°,42.9,0.0%,0,0.167,0.265,0.211,0.34,57.1%,14.3%,28.6%,31.0%,22.2%,100.0%,35.0%,0.0%,37
Flagler,Jesse Sullivan,All,74,22,81.1,100.0,102.4,31.8%,4.2°,5.6°,31.8,0.0%,0,0.167,0.313,0.21,0.344,45.5%,27.3%,27.3%,50.0%,79.5%,100.0%,17.1%,5.4%,133
Bucknell,Andrew Swenson,All,81,12,85.1,98.2,102.0,33.3%,22.3°,11.5°,41.7,8.3%,1,0.136,0.198,0.21,0.281,25.0%,41.7%,25.0%,50.6%,69.4%,68.0%,35.6%,48.8%,69
Northwestern State,Colin Rains,All,103,19,78.3,93.1,105.8,21.1%,-10.7°,1.6°,10.5,0.0%,0,0.172,0.179,0.21,0.241,68.4%,10.5%,10.5%,54.4%,78.7%,75.7%,33.9%,33.9%,72
Tampa,Kevin Karstetter,All,43,9,82.1,97.8,99.7,22.2%,-0.1°,8.5°,22.2,0.0%,0,0.0,0.228,0.21,0.399,66.7%,22.2%,11.1%,46.5%,88.2%,86.7%,19.2%,20.0%,124
Kentucky,Will Marcy,All,113,21,83.9,98.3,103.1,23.8%,28.3°,12.2°,38.1,4.8%,1,0.115,0.211,0.21,0.314,19.0%,52.4%,23.8%,42.5%,69.4%,85.3%,21.9%,22.9%,77
Seton Hall,Marco Ali,All,558,102,85.9,99.1,101.9,27.5%,12.1°,11.8°,41.2,0.0%,0,0.161,0.249,0.21,0.33,43.1%,24.5%,29.4%,42.7%,68.8%,89.0%,23.4%,17.2%,127
Alabama A&M,Isaac Castro,All,114,16,78.1,97.8,99.7,25.0%,9.5°,17.3°,37.5,6.2%,1,0.154,0.199,0.209,0.256,37.5%,31.2%,25.0%,42.1%,60.0%,77.8%,30.4%,37.5%,78
UC San Diego,Delshaun Lanier,All,103,13,88.0,101.6,103.4,53.8%,-11.5°,-11.9°,15.4,0.0%,0,0.059,0.251,0.209,0.365,76.9%,15.4%,7.7%,34.0%,52.4%,95.5%,21.3%,11.4%,98
Nebraska,Rhett Stokes,All,306,47,81.5,96.7,107.3,17.0%,6.9°,-6.7°,29.8,0.0%,0,0.2,0.195,0.209,0.241,48.9%,19.1%,25.5%,51.6%,66.7%,82.2%,39.8%,31.0%,45
Rider,Will Gallagher,All,187,30,81.3,97.3,101.0,10.0%,8.2°,12.0°,26.7,3.3%,1,0.195,0.222,0.209,0.268,60.0%,23.3%,16.7%,35.3%,53.0%,86.4%,21.2%,15.2%,86
Akron,Nicky Sackett,All,298,35,79.1,95.5,96.7,11.4%,13.7°,6.5°,40.0,0.0%,0,0.125,0.215,0.209,0.292,37.1%,25.7%,34.3%,42.6%,71.6%,78.3%,24.2%,23.6%,117
Richmond,Aidan O'Keefe,All,298,55,80.1,97.2,100.1,12.7%,6.2°,9.2°,29.1,0.0%,0,0.176,0.213,0.209,0.275,47.3%,16.4%,29.1%,38.9%,64.1%,89.3%,19.2%,22.4%,143
Fairleigh Dickinson,Travis Stroh,All,113,17,77.0,93.2,94.1,0.0%,3.8°,-,29.4,0.0%,0,0.161,0.141,0.209,0.18,58.8%,23.5%,11.8%,45.1%,65.4%,73.5%,27.9%,25.5%,70
Webber International,Brandon Sanchez,All,171,34,82.7,98.5,101.2,20.6%,0.0°,9.2°,32.4,0.0%,0,0.139,0.263,0.209,0.322,58.8%,14.7%,23.5%,38.0%,60.0%,89.7%,24.5%,20.0%,127
Prairie View,Lee Allen,All,31,6,74.2,89.1,90.6,0.0%,-9.5°,-,16.7,0.0%,0,0.167,0.183,0.208,0.248,66.7%,0.0%,0.0%,38.7%,71.4%,80.0%,11.8%,25.0%,114
Boston College,Julio Solier,All,84,15,80.5,101.5,103.4,33.3%,-11.9°,2.9°,26.7,0.0%,0,0.143,0.233,0.208,0.318,60.0%,13.3%,26.7%,44.0%,58.3%,81.0%,33.3%,32.4%,88
Mississippi College,Tyler Jacobsen,All,32,6,87.3,90.1,91.9,0.0%,19.9°,-,16.7,0.0%,0,0.143,0.191,0.208,0.26,33.3%,50.0%,16.7%,46.9%,68.8%,90.9%,25.0%,20.0%,124
UNC Pembroke,Morgan Padgett,All,33,5,87.3,99.6,100.4,20.0%,-0.4°,26.0°,40.0,20.0%,1,0.143,0.34,0.208,0.443,60.0%,20.0%,20.0%,33.3%,41.7%,40.0%,28.6%,45.5%,36
Texas A&M Kingsville,Josh Endo,All,35,6,82.3,83.3,83.8,0.0%,5.1°,-,16.7,0.0%,0,0.143,0.171,0.208,0.239,50.0%,16.7%,16.7%,31.4%,57.1%,87.5%,14.3%,9.1%,85
The Citadel,Garrett Fulmer,All,327,71,85.0,99.7,103.9,18.3%,8.6°,10.1°,26.8,2.8%,2,0.163,0.239,0.208,0.28,52.1%,31.0%,15.5%,50.8%,62.4%,91.3%,38.9%,16.9%,40
George Mason,Garrett Pancione,All,67,11,78.6,90.6,92.7,0.0%,8.5°,-,0.0,0.0%,0,0.071,0.121,0.208,0.23,54.5%,36.4%,0.0%,35.8%,66.7%,93.8%,18.6%,8.3%,117
Fordham,TJ Wachter,All,66,7,86.6,96.0,101.1,42.9%,-4.1°,-3.2°,14.3,0.0%,0,0.143,0.215,0.208,0.273,85.7%,14.3%,0.0%,33.3%,66.7%,71.4%,17.8%,45.5%,86
Chapman,Andrew Powers,All,130,23,82.1,98.9,102.3,21.7%,13.2°,21.3°,26.1,4.3%,1,0.152,0.2,0.208,0.235,52.2%,34.8%,13.0%,58.5%,74.5%,91.4%,49.4%,38.2%,48
Nova Southeastern,Jack Cue,All,29,6,87.2,104.1,105.6,33.3%,5.1°,18.3°,50.0,16.7%,1,0.222,0.22,0.208,0.291,50.0%,33.3%,16.7%,41.4%,58.8%,80.0%,16.7%,33.3%,39
Tusculum,Avery Collins,All,343,48,80.2,98.1,98.7,10.4%,4.6°,15.3°,29.2,0.0%,0,0.145,0.204,0.208,0.258,62.5%,16.7%,18.8%,52.5%,71.4%,78.9%,41.5%,33.3%,72
Lynn,Amaris Harrison,All,28,5,79.0,88.5,89.1,0.0%,21.4°,-,20.0,0.0%,0,0.143,0.18,0.208,0.254,40.0%,40.0%,20.0%,35.7%,50.0%,71.4%,21.4%,30.0%,103
Jackson State,Anthony Brown,All,26,5,66.1,82.0,82.0,0.0%,-32.1°,-,0.0,0.0%,0,0.143,0.11,0.208,0.183,80.0%,0.0%,0.0%,34.6%,28.6%,100.0%,41.7%,33.3%,-6
FGCU,Connor Fosnow,All,29,6,75.6,84.6,87.9,16.7%,25.7°,-2.0°,0.0,0.0%,0,0.143,0.123,0.208,0.198,50.0%,50.0%,0.0%,34.5%,62.5%,80.0%,0.0%,20.0%,170
Point,Sam Baker,All,63,10,76.0,81.3,84.8,0.0%,20.9°,-,30.0,0.0%,0,0.143,0.234,0.208,0.291,50.0%,10.0%,20.0%,46.0%,72.7%,68.8%,31.7%,34.5%,76
Florida Atlantic,Kyle Boylston,All,138,17,85.7,96.9,98.8,35.3%,-8.6°,-1.9°,11.8,0.0%,0,0.107,0.163,0.208,0.255,70.6%,11.8%,11.8%,41.3%,71.4%,75.0%,20.7%,36.8%,130
Hawaii Pacific,Ethan Murakoshi,All,71,8,66.2,98.2,105.2,12.5%,12.3°,12.0°,50.0,0.0%,0,0.143,0.197,0.208,0.323,25.0%,12.5%,37.5%,40.8%,54.3%,84.2%,27.8%,17.2%,101
Mercer,Braydon Kersey,All,87,14,88.3,105.1,108.9,42.9%,21.2°,3.4°,28.6,0.0%,0,0.182,0.198,0.207,0.243,28.6%,21.4%,28.6%,44.8%,64.3%,83.3%,35.6%,28.2%,66
Princeton,Isaac Lamson,All,98,18,84.8,100.1,101.2,33.3%,11.6°,12.6°,33.3,0.0%,0,0.2,0.285,0.207,0.326,44.4%,22.2%,27.8%,53.1%,82.1%,81.2%,33.9%,26.9%,58
Fairleigh Dickinson,Johnathan Gomez,All,140,21,80.0,97.4,99.5,19.0%,-11.2°,0.1°,19.0,0.0%,0,0.167,0.19,0.207,0.242,71.4%,14.3%,14.3%,33.6%,48.3%,89.7%,22.5%,25.5%,84
Central Michigan,Carter Campau,All,105,16,85.1,102.1,104.7,18.8%,6.9°,-0.8°,25.0,0.0%,0,0.19,0.2,0.207,0.237,62.5%,18.8%,18.8%,54.3%,78.0%,89.7%,32.7%,22.8%,64
Newberry,Jesse Free,All,75,13,82.5,94.2,96.7,7.7%,7.6°,3.3°,38.5,0.0%,0,0.188,0.348,0.207,0.372,53.8%,15.4%,30.8%,38.7%,60.0%,93.3%,28.0%,13.8%,85
UC Santa Barbara,Liam Barrett,All,196,31,87.0,98.9,100.8,32.3%,12.1°,-1.9°,25.8,0.0%,0,0.196,0.169,0.207,0.211,45.2%,35.5%,16.1%,37.2%,53.4%,80.9%,24.1%,31.5%,91
Mississippi College,Bryce LaRocca,All,78,13,87.3,98.4,99.2,38.5%,14.2°,-3.1°,30.8,0.0%,0,0.167,0.201,0.206,0.247,46.2%,7.7%,30.8%,42.3%,79.4%,85.2%,13.6%,15.2%,106
Lindsey Wilson,Tray Price,All,27,5,84.3,95.2,100.9,20.0%,10.3°,5.2°,20.0,0.0%,0,0.222,0.284,0.206,0.272,60.0%,20.0%,20.0%,55.6%,69.2%,88.9%,42.9%,33.3%,-4
Central Arkansas,Luke Carner,All,29,8,76.7,78.9,79.2,0.0%,9.6°,-,25.0,0.0%,0,0.222,0.233,0.206,0.239,50.0%,25.0%,25.0%,51.7%,61.1%,90.9%,36.4%,20.0%,47
Saint Joseph's,Michael Pierson,All,216,28,82.0,96.7,98.7,14.3%,12.6°,-11.7°,28.6,0.0%,0,0.182,0.216,0.206,0.237,42.9%,35.7%,21.4%,43.5%,66.7%,83.9%,26.0%,28.7%,110
Lynn,David Judge,All,41,5,81.8,91.3,94.1,0.0%,-1.0°,-,40.0,0.0%,0,0.222,0.306,0.206,0.297,60.0%,0.0%,40.0%,48.8%,61.1%,63.6%,39.1%,35.0%,58
Dartmouth,Nico Banez,All,57,9,87.5,95.0,95.0,11.1%,-0.5°,-17.6°,33.3,0.0%,0,0.222,0.223,0.206,0.221,66.7%,0.0%,33.3%,56.1%,71.4%,80.0%,31.8%,25.0%,69
Oklahoma State,Drew Culbertson,All,359,35,86.6,100.0,103.7,34.3%,10.6°,8.7°,31.4,0.0%,0,0.176,0.16,0.206,0.244,48.6%,22.9%,22.9%,41.2%,53.7%,78.9%,29.1%,31.1%,32
Nova Southeastern,Boris Pena,All,34,7,88.9,98.1,100.0,28.6%,19.3°,14.1°,28.6,0.0%,0,0.25,0.192,0.206,0.222,42.9%,42.9%,14.3%,47.1%,62.5%,90.0%,33.3%,25.0%,87
Murray State,Charlie Jury,All,41,5,92.5,106.9,111.5,40.0%,20.6°,15.6°,40.0,20.0%,1,0.111,0.182,0.206,0.279,20.0%,40.0%,40.0%,39.0%,59.1%,84.6%,15.8%,18.8%,137
Rhode Island,Danny Leikus,All,101,24,80.2,97.1,98.7,16.7%,-5.9°,2.8°,12.5,0.0%,0,0.192,0.251,0.206,0.267,75.0%,12.5%,12.5%,52.5%,81.1%,80.0%,35.9%,26.4%,71
Newberry,Chandler Mims,All,40,6,81.8,92.9,93.3,0.0%,14.8°,-,50.0,0.0%,0,0.125,0.116,0.206,0.196,16.7%,33.3%,50.0%,47.5%,64.7%,90.9%,34.8%,21.1%,91
Lindsey Wilson,Bryce Sidler,All,29,7,83.0,92.4,93.5,0.0%,-7.4°,-,28.6,0.0%,0,0.222,0.246,0.206,0.25,71.4%,0.0%,28.6%,58.6%,83.3%,90.0%,41.2%,17.6%,12
Sacramento State,Luke Oyler,All,83,10,87.9,97.5,99.7,30.0%,2.8°,2.6°,50.0,10.0%,1,0.125,0.216,0.206,0.282,50.0%,10.0%,40.0%,48.2%,62.9%,81.8%,37.5%,22.5%,64
Bowling Green,Brock Amelung,All,31,6,81.6,95.0,99.9,16.7%,29.5°,8.2°,50.0,0.0%,0,0.111,0.143,0.206,0.209,16.7%,50.0%,33.3%,58.1%,90.9%,90.0%,40.0%,33.3%,80
La Verne,Nolan Anguilano,All,31,7,82.8,98.6,99.4,14.3%,-16.7°,10.1°,14.3,0.0%,0,0.222,0.243,0.206,0.238,71.4%,0.0%,14.3%,48.4%,76.9%,100.0%,27.8%,13.3%,109
Chaminade,Trysten Mooney,All,32,8,83.2,94.2,94.9,0.0%,14.2°,-,62.5,0.0%,0,0.222,0.333,0.206,0.352,25.0%,25.0%,50.0%,46.9%,64.7%,100.0%,26.7%,0.0%,122
NJIT,Hayden Mileski,All,33,7,79.6,101.6,101.9,28.6%,-22.5°,14.1°,28.6,0.0%,0,0.182,0.193,0.205,0.212,71.4%,0.0%,28.6%,60.6%,75.0%,60.0%,38.5%,45.0%,113
San Diego State,Cody Liscio,All,45,8,76.6,92.0,94.4,0.0%,16.5°,-,12.5,0.0%,0,0.182,0.162,0.205,0.166,50.0%,37.5%,12.5%,40.0%,63.6%,92.9%,17.4%,16.7%,124
Jacksonville,Cade Hentz,All,142,24,84.5,95.7,98.9,20.8%,2.3°,5.9°,37.5,4.2%,1,0.156,0.232,0.205,0.298,54.2%,20.8%,16.7%,45.1%,67.2%,79.5%,29.8%,31.2%,74
Boston College,Jace Roossien,All,168,17,90.6,102.7,104.6,35.3%,9.3°,17.4°,47.1,5.9%,1,0.152,0.243,0.205,0.355,47.1%,17.6%,35.3%,41.1%,55.1%,72.1%,28.9%,37.7%,72
King,Joey Amunategui,All,91,15,88.8,104.7,106.4,33.3%,-3.4°,-11.8°,26.7,0.0%,0,0.158,0.177,0.205,0.221,53.3%,20.0%,13.3%,49.5%,76.5%,80.8%,33.3%,24.4%,118
VCU,Carter Richey,All,157,17,79.5,98.6,98.9,35.3%,3.8°,0.1°,29.4,0.0%,0,0.133,0.165,0.205,0.253,58.8%,17.6%,17.6%,33.8%,58.3%,74.3%,18.6%,32.1%,105
Troy,Jason Hawkins,All,145,19,81.5,99.5,106.0,21.1%,15.8°,8.8°,31.6,5.3%,1,0.16,0.224,0.205,0.336,42.1%,31.6%,21.1%,34.5%,57.5%,90.5%,11.1%,12.0%,99
Incarnate Word,Gray Bane,All,65,11,91.3,101.4,102.4,45.5%,16.2°,14.8°,36.4,9.1%,1,0.158,0.203,0.205,0.262,36.4%,36.4%,27.3%,49.2%,66.7%,65.4%,23.1%,43.8%,61
Yale,Jeff Pierantoni,All,405,73,82.6,97.1,97.9,15.1%,7.1°,9.1°,28.8,0.0%,0,0.187,0.231,0.205,0.294,50.7%,23.3%,19.2%,45.2%,73.7%,88.6%,25.2%,13.1%,111
Brown,Jared Johnson,All,119,25,87.5,102.2,102.8,40.0%,6.9°,4.2°,28.0,0.0%,0,0.179,0.248,0.205,0.286,52.0%,28.0%,16.0%,42.0%,69.0%,96.6%,27.3%,16.0%,100
James Madison,Jp Williams,All,124,16,89.6,98.8,100.8,31.2%,23.0°,9.9°,18.8,6.2%,1,0.148,0.145,0.205,0.196,31.2%,43.8%,18.8%,43.5%,61.5%,85.0%,23.7%,24.1%,57
Indiana State,Nick Sutherlin,All,71,13,78.9,98.6,100.1,38.5%,5.7°,6.6°,23.1,0.0%,0,0.2,0.183,0.205,0.187,53.8%,15.4%,23.1%,40.8%,50.0%,86.7%,34.1%,41.4%,39
St. Bonaventure,Mike Gunning,All,119,17,80.3,102.6,105.4,17.6%,22.9°,23.2°,35.3,5.9%,1,0.167,0.157,0.205,0.189,29.4%,35.3%,17.6%,48.7%,65.6%,75.0%,31.0%,32.8%,55
Princeton,Dylan Zdunek,All,91,23,84.1,102.7,103.0,30.4%,6.8°,9.4°,17.4,0.0%,0,0.194,0.18,0.205,0.204,52.2%,8.7%,21.7%,62.6%,88.2%,63.3%,47.4%,36.8%,-4
Toledo,JP Wagner,All,217,52,79.1,95.6,102.6,15.4%,6.2°,-0.4°,26.9,0.0%,0,0.175,0.263,0.205,0.308,50.0%,23.1%,21.2%,43.3%,66.0%,91.9%,26.0%,13.8%,79
Arizona,Richie Morales,All,175,22,84.9,97.3,99.9,27.3%,11.3°,13.1°,27.3,4.5%,1,0.162,0.206,0.204,0.262,54.5%,22.7%,22.7%,40.6%,54.9%,82.2%,28.0%,28.2%,75
Jacksonville State,Trey Majette,All,171,32,86.2,99.1,100.4,34.4%,9.8°,3.5°,25.0,0.0%,0,0.205,0.282,0.204,0.291,50.0%,25.0%,21.9%,42.7%,60.2%,86.0%,26.1%,20.5%,59
Gardner-Webb,Aaron Morgan,All,131,11,79.1,97.5,97.8,27.3%,13.8°,22.8°,27.3,0.0%,0,0.154,0.104,0.204,0.259,36.4%,27.3%,27.3%,38.9%,62.5%,65.7%,21.3%,41.2%,114
Wofford,Cade Collins,All,160,22,86.1,99.9,104.5,36.4%,11.7°,7.2°,22.7,0.0%,0,0.182,0.216,0.204,0.258,50.0%,22.7%,18.2%,36.2%,53.6%,88.9%,17.1%,13.8%,76
Pittsburgh,Derrick Tarpley Jr,All,115,20,77.8,97.2,103.4,20.0%,0.6°,1.1°,30.0,0.0%,0,0.12,0.188,0.204,0.276,50.0%,10.0%,30.0%,39.1%,60.9%,82.1%,24.6%,26.7%,105
Penn State,Patrick Graham,All,130,19,85.5,98.5,102.9,36.8%,17.9°,16.1°,31.6,0.0%,0,0.143,0.194,0.204,0.276,36.8%,31.6%,26.3%,37.7%,60.3%,71.4%,19.4%,32.7%,100
Canisius,Owen Silliman,All,80,5,83.9,100.6,101.5,20.0%,-18.2°,0.2°,0.0,0.0%,0,0.067,0.081,0.203,0.221,80.0%,20.0%,0.0%,36.2%,50.0%,43.8%,27.1%,65.5%,43
Appalachian State,Charlie Evans,All,268,56,80.8,98.4,100.4,26.8%,2.3°,6.6°,12.5,0.0%,0,0.187,0.178,0.203,0.255,64.3%,21.4%,7.1%,51.1%,70.5%,86.8%,33.1%,24.8%,81
Southeastern Louisiana,Mozell Little,All,115,21,85.5,99.2,104.3,19.0%,7.8°,12.0°,28.6,4.8%,1,0.167,0.187,0.203,0.249,42.9%,38.1%,19.0%,44.3%,67.3%,89.2%,23.3%,21.6%,84
Saint Joseph's,Matthew Henning,All,78,8,86.4,100.4,101.2,50.0%,9.6°,4.2°,50.0,0.0%,0,0.125,0.175,0.203,0.273,37.5%,12.5%,50.0%,37.2%,54.3%,63.2%,23.3%,41.4%,71
Taylor,Ryan Sommer,All,81,12,79.1,92.6,94.3,0.0%,22.0°,-,16.7,0.0%,0,0.062,0.162,0.203,0.284,25.0%,58.3%,16.7%,34.6%,60.0%,72.2%,19.6%,25.0%,86
Chowan,Caleb Karie,All,70,15,73.0,87.3,90.0,0.0%,5.9°,-,26.7,0.0%,0,0.118,0.215,0.203,0.294,53.3%,26.7%,20.0%,41.4%,60.0%,95.2%,22.9%,6.9%,123
Limestone,Perry Dyer,All,100,8,84.1,93.1,93.3,0.0%,18.9°,-,50.0,0.0%,0,0.059,0.145,0.203,0.268,25.0%,37.5%,37.5%,34.0%,45.9%,64.7%,27.0%,44.1%,52
Wingate,Evan Barefoot,All,65,18,82.0,93.6,95.7,5.6%,2.3°,6.9°,27.8,0.0%,0,0.158,0.209,0.202,0.266,50.0%,11.1%,22.2%,41.5%,80.8%,95.2%,15.4%,11.1%,171
Princeton,Joseph Zorc,All,189,25,82.5,97.0,99.1,24.0%,10.0°,7.9°,24.0,0.0%,0,0.167,0.169,0.202,0.214,52.0%,16.0%,28.0%,48.1%,65.4%,78.4%,36.0%,28.6%,98
Utah Tech,Aden Dance,All,126,17,85.7,96.0,101.1,17.6%,17.5°,7.1°,23.5,0.0%,0,0.087,0.187,0.202,0.283,29.4%,29.4%,17.6%,31.0%,49.2%,76.7%,13.8%,23.1%,101
Rice,Lorenzo Rios,All,89,14,78.7,99.7,101.5,28.6%,6.6°,5.2°,35.7,0.0%,0,0.143,0.21,0.202,0.26,57.1%,14.3%,28.6%,46.1%,69.0%,86.2%,25.5%,22.0%,91
Dartmouth,Jackson Hower,All,247,58,85.6,101.9,105.2,31.0%,2.5°,0.6°,20.7,0.0%,0,0.197,0.26,0.202,0.294,53.4%,15.5%,22.4%,55.1%,74.8%,79.5%,39.0%,26.5%,56
Hofstra,Jake Harring,All,171,22,79.0,98.1,98.3,9.1%,4.7°,23.1°,13.6,4.5%,1,0.154,0.14,0.202,0.215,54.5%,27.3%,13.6%,45.6%,69.0%,82.8%,23.0%,19.2%,92
Dayton,Alejandro Sardinas,All,205,25,82.4,102.2,105.9,20.0%,-13.2°,10.4°,16.0,0.0%,0,0.154,0.174,0.202,0.232,76.0%,8.0%,8.0%,34.6%,55.7%,73.5%,18.8%,35.2%,75
Seton Hall,Gabe Cavazoni,All,134,17,82.6,97.4,100.1,23.5%,14.2°,11.0°,29.4,0.0%,0,0.111,0.156,0.202,0.282,52.9%,29.4%,11.8%,40.3%,54.0%,79.4%,28.2%,24.1%,82
Lehigh,Ian Wirtz,All,98,19,88.2,103.1,104.6,36.8%,7.7°,18.0°,26.3,5.3%,1,0.143,0.227,0.201,0.282,47.4%,31.6%,15.8%,39.8%,56.0%,92.9%,22.9%,23.1%,93
UVa Wise,Jacob Boyle,All,83,17,82.1,94.0,96.7,5.9%,17.5°,14.5°,29.4,0.0%,0,0.167,0.239,0.201,0.242,35.3%,41.2%,23.5%,51.8%,72.5%,75.9%,32.6%,25.6%,105
UNC Asheville,Coleman McGinnis,All,87,13,86.3,96.6,98.2,30.8%,17.8°,26.8°,15.4,0.0%,0,0.136,0.143,0.201,0.177,38.5%,38.5%,15.4%,47.1%,65.0%,69.2%,31.9%,34.1%,71
British Columbia,Mitchell Middlemiss,All,79,14,92.5,107.5,111.4,35.7%,-6.3°,2.0°,42.9,0.0%,0,0.2,0.211,0.201,0.22,50.0%,0.0%,35.7%,55.7%,85.2%,82.6%,40.4%,31.8%,94
Bradley,Mitchell Ball,All,285,34,89.6,104.3,105.7,41.2%,13.3°,18.4°,44.1,8.8%,3,0.14,0.243,0.201,0.341,41.2%,17.6%,32.4%,39.3%,59.5%,74.4%,22.1%,30.4%,91
Texas A&M-Corpus Christi,Mason Persons,All,119,21,88.3,98.6,101.9,28.6%,14.4°,8.7°,28.6,0.0%,0,0.138,0.259,0.201,0.335,42.9%,23.8%,28.6%,40.3%,58.7%,83.8%,19.6%,31.2%,94
CSU Bakersfield,Adam Salazar,All,164,25,81.6,96.2,103.9,16.0%,4.7°,2.2°,28.0,0.0%,0,0.125,0.232,0.201,0.29,48.0%,24.0%,28.0%,39.6%,59.5%,97.7%,23.3%,18.5%,91
Nicholls,Aj Cappell,All,330,61,82.3,94.9,98.7,8.2%,11.8°,6.2°,36.1,0.0%,0,0.183,0.222,0.201,0.254,42.6%,23.0%,27.9%,47.0%,64.4%,86.4%,30.6%,20.6%,68
California Baptist,Riley Hunsaker,All,52,8,82.4,93.0,98.2,37.5%,-5.8°,-8.5°,12.5,0.0%,0,0.111,0.31,0.2,0.359,62.5%,37.5%,0.0%,34.6%,71.4%,80.0%,9.7%,27.8%,114
Illinois,Luke Landrus,All,54,8,85.7,96.1,98.1,12.5%,32.5°,1.6°,25.0,0.0%,0,0.1,0.198,0.2,0.31,37.5%,12.5%,25.0%,35.2%,61.9%,100.0%,18.2%,15.8%,103
Stephen F. Austin,Cooper Schneider,All,151,18,75.8,94.5,98.5,11.1%,0.2°,1.3°,11.1,0.0%,0,0.1,0.13,0.2,0.23,66.7%,22.2%,5.6%,39.7%,64.0%,81.2%,15.8%,23.3%,127
North Dakota State,Luke Shannahan,All,105,9,84.6,91.7,94.6,0.0%,22.3°,-,11.1,0.0%,0,0.1,0.072,0.2,0.183,33.3%,44.4%,11.1%,46.7%,71.4%,68.6%,25.0%,40.8%,74
UC Davis,Ethan Kang,All,43,5,66.1,92.9,96.0,20.0%,29.5°,7.7°,20.0,0.0%,0,0.0,0.127,0.2,0.281,40.0%,20.0%,20.0%,44.2%,58.3%,71.4%,38.7%,36.8%,95
Georgetown,Travis Ilitch,All,41,6,81.4,93.8,94.0,0.0%,9.1°,-,66.7,0.0%,0,0.125,0.153,0.2,0.241,50.0%,16.7%,33.3%,29.3%,41.2%,100.0%,20.8%,16.7%,91
Chapman,Max Toporek,All,51,8,77.4,89.6,92.0,0.0%,31.5°,-,50.0,0.0%,0,0.083,0.127,0.2,0.224,25.0%,50.0%,25.0%,39.2%,73.3%,72.7%,25.0%,40.0%,46
UTRGV,Rudy Gonzalez,All,62,7,83.0,100.2,101.3,28.6%,17.3°,15.8°,28.6,0.0%,0,0.1,0.238,0.2,0.34,42.9%,28.6%,28.6%,40.3%,64.0%,87.5%,24.3%,8.0%,92
UNC Asheville,Isaac Turner,All,91,12,78.5,96.5,97.4,33.3%,2.1°,4.1°,41.7,0.0%,0,0.15,0.17,0.199,0.229,58.3%,8.3%,25.0%,40.7%,62.5%,76.0%,23.5%,29.7%,81
USC Aiken,Tyler Casciato,All,91,19,79.4,92.6,95.3,5.3%,6.8°,0.2°,21.1,0.0%,0,0.182,0.172,0.199,0.214,57.9%,26.3%,15.8%,35.2%,51.2%,100.0%,20.8%,15.6%,110
Maine,Caleb Vacchiano,All,60,6,95.6,101.4,102.6,66.7%,4.5°,-1.5°,16.7,0.0%,0,0.2,0.219,0.199,0.243,66.7%,16.7%,16.7%,36.7%,58.8%,80.0%,27.9%,40.9%,59
Ave Maria,Harrison Rossi,All,159,33,80.5,100.7,101.5,18.2%,5.8°,1.5°,18.2,0.0%,0,0.19,0.21,0.199,0.223,51.5%,12.1%,15.2%,50.9%,75.9%,79.5%,36.6%,22.2%,70
Presbyterian,Connor Bradley,All,52,11,80.1,95.7,104.4,9.1%,8.6°,11.7°,54.5,0.0%,0,0.188,0.273,0.199,0.285,27.3%,36.4%,36.4%,67.3%,82.6%,78.9%,55.2%,31.4%,51
Quincy,Joe Huffman,All,54,7,78.3,95.6,97.0,14.3%,1.9°,-,14.3,0.0%,0,0.167,0.21,0.199,0.259,57.1%,14.3%,14.3%,46.3%,73.9%,76.5%,25.8%,36.0%,137
St. Bonaventure,Robert Mannino,All,102,13,87.8,103.1,103.1,30.8%,12.5°,18.6°,30.8,15.4%,2,0.125,0.162,0.199,0.252,38.5%,46.2%,15.4%,41.2%,54.0%,67.6%,20.5%,33.3%,66
Pepperdine,Max Aude,All,162,32,85.9,99.3,105.0,37.5%,9.0°,10.4°,25.0,3.1%,1,0.116,0.248,0.199,0.317,46.9%,28.1%,15.6%,45.1%,64.2%,86.5%,25.9%,23.3%,58
Youngstown State,Teddy Ruffner,All,106,13,82.5,102.6,104.5,15.4%,8.6°,23.6°,15.4,7.7%,1,0.167,0.192,0.199,0.285,46.2%,23.1%,15.4%,35.8%,58.1%,84.0%,20.6%,39.5%,94
Ohio State,Zach Freeman,All,53,12,84.8,103.5,104.9,25.0%,7.7°,18.0°,50.0,0.0%,0,0.143,0.262,0.199,0.343,41.7%,25.0%,33.3%,52.8%,72.0%,94.4%,35.7%,17.9%,94
California Baptist,Brock Wirthgen,All,62,7,85.1,101.8,105.0,28.6%,-1.3°,-9.3°,0.0,0.0%,0,0.182,0.127,0.199,0.171,57.1%,28.6%,0.0%,37.1%,62.1%,50.0%,15.2%,39.1%,126
North Florida,Jabin Bates,All,46,10,81.4,92.9,94.2,10.0%,12.8°,-7.9°,40.0,0.0%,0,0.167,0.36,0.199,0.394,40.0%,20.0%,40.0%,41.3%,68.2%,86.7%,16.7%,21.1%,130
UC Davis,Joey Wright,All,45,12,88.0,97.5,97.8,25.0%,1.7°,8.7°,25.0,0.0%,0,0.25,0.282,0.199,0.261,50.0%,8.3%,25.0%,42.2%,82.4%,100.0%,17.9%,0.0%,135
Lewis & Clark,Gavin Mangano,All,74,6,67.2,80.2,80.7,0.0%,23.1°,-,16.7,0.0%,0,0.167,0.117,0.199,0.161,33.3%,50.0%,16.7%,39.2%,65.5%,94.7%,22.2%,10.3%,108
Embry-Riddle,Eli Campbell,All,47,10,83.5,94.6,95.5,20.0%,-13.4°,1.7°,20.0,0.0%,0,0.231,0.195,0.199,0.202,80.0%,10.0%,10.0%,48.9%,61.9%,84.6%,38.5%,39.1%,130
Loyola-New Orleans,Brandon Mooney,All,65,9,67.7,98.4,99.0,22.2%,-0.2°,6.3°,11.1,0.0%,0,0.214,0.192,0.199,0.185,66.7%,22.2%,11.1%,46.2%,80.8%,81.0%,23.1%,20.0%,99
Le Moyne,Tim Denet,All,64,7,68.4,76.1,78.6,0.0%,13.9°,-,28.6,0.0%,0,0.167,0.151,0.199,0.199,57.1%,28.6%,14.3%,50.0%,69.7%,78.3%,29.0%,28.1%,95
Pacific,Kaden Petersen,All,195,27,83.1,100.0,101.7,14.8%,9.6°,14.3°,33.3,0.0%,0,0.108,0.203,0.198,0.289,37.0%,29.6%,29.6%,42.1%,70.2%,84.7%,20.7%,23.2%,115
Stephen F. Austin,Owen Hooper,All,56,10,79.5,95.1,96.2,10.0%,3.8°,30.3°,30.0,0.0%,0,0.077,0.143,0.198,0.21,60.0%,40.0%,0.0%,39.3%,64.0%,100.0%,19.4%,9.1%,71
Milwaukee,Tristan Ellis,All,157,23,79.6,93.3,102.2,13.0%,1.4°,-0.5°,26.1,0.0%,0,0.154,0.186,0.198,0.235,56.5%,17.4%,21.7%,45.2%,71.4%,78.0%,24.1%,35.2%,110
University of Montevallo,Jackson Webster,All,118,19,82.6,105.1,105.7,36.8%,9.9°,7.8°,31.6,5.3%,1,0.172,0.208,0.198,0.235,42.1%,26.3%,26.3%,52.5%,85.7%,78.6%,29.0%,27.4%,95
Miami (OH),Justin Gorski,All,105,10,76.5,94.1,94.4,10.0%,-11.7°,-59.3°,30.0,0.0%,0,0.143,0.136,0.197,0.251,70.0%,10.0%,20.0%,45.7%,61.4%,88.9%,34.4%,31.2%,39
Bucknell,Matt Alexander,All,172,31,77.8,92.1,93.3,0.0%,11.1°,-,51.6,0.0%,0,0.146,0.22,0.197,0.28,38.7%,12.9%,45.2%,32.6%,55.4%,91.3%,11.2%,16.1%,122
Navy,Ivan Aguirre,All,133,29,78.3,92.0,94.0,3.4%,10.9°,-0.8°,31.0,0.0%,0,0.135,0.216,0.197,0.246,51.7%,20.7%,20.7%,43.6%,64.1%,97.6%,24.6%,17.2%,76
UC Riverside,David Whittle,All,176,33,84.0,103.1,106.1,36.4%,9.5°,10.9°,27.3,3.0%,1,0.178,0.228,0.197,0.256,48.5%,27.3%,18.2%,49.4%,72.5%,80.3%,24.7%,26.4%,115
Hawaii,Xaige Lancaster,All,67,15,81.8,104.4,107.1,26.7%,-6.8°,-0.5°,6.7,0.0%,0,0.158,0.243,0.196,0.261,73.3%,13.3%,13.3%,49.3%,75.8%,84.0%,23.5%,18.2%,100
Morehead State,Kadin Ray,All,82,14,85.1,95.0,98.0,7.1%,12.6°,11.1°,42.9,0.0%,0,0.2,0.176,0.196,0.188,50.0%,21.4%,28.6%,45.1%,69.0%,90.0%,32.1%,35.1%,98
Louisiana,Mark Collins,All,189,27,82.3,100.0,104.1,29.6%,9.1°,11.5°,29.6,3.7%,1,0.171,0.204,0.196,0.285,48.1%,37.0%,14.8%,42.9%,62.7%,88.5%,27.4%,23.5%,74
Akron,Jackson Frasure,All,75,7,73.0,104.9,106.2,28.6%,5.0°,15.6°,28.6,0.0%,0,0.071,0.088,0.196,0.237,42.9%,28.6%,28.6%,29.3%,48.4%,53.3%,15.9%,45.5%,109
Hawaii,Konnor Palmeira,All,61,14,85.7,100.1,100.1,28.6%,4.6°,7.6°,28.6,0.0%,0,0.118,0.216,0.196,0.287,57.1%,21.4%,21.4%,39.3%,71.4%,85.0%,12.1%,20.8%,137
Queens (NC),Tyler Peters,All,223,25,83.7,96.6,101.0,12.0%,10.3°,15.9°,44.0,0.0%,0,0.136,0.196,0.196,0.259,44.0%,12.0%,36.0%,46.6%,70.6%,77.8%,26.4%,32.7%,100
San Francisco,Myles Kallinger,All,172,25,83.5,96.1,97.9,16.0%,8.4°,5.4°,32.0,0.0%,0,0.167,0.198,0.196,0.238,60.0%,20.0%,16.0%,41.9%,64.4%,87.2%,25.3%,26.4%,98
Hawaii Pacific,Andrew Nykoluk,All,64,10,77.7,88.0,88.2,0.0%,9.9°,-,30.0,0.0%,0,0.077,0.216,0.196,0.31,40.0%,20.0%,30.0%,32.8%,53.8%,85.7%,18.4%,19.0%,55
South Alabama,Cole Ketzner,All,69,8,87.0,97.3,100.8,12.5%,9.9°,17.5°,25.0,0.0%,0,0.143,0.125,0.196,0.198,37.5%,25.0%,25.0%,56.5%,85.2%,73.9%,38.1%,35.9%,40
Dallas Baptist,Ben Tyron,All,68,8,91.0,101.9,102.2,25.0%,10.5°,0.1°,12.5,0.0%,0,0.077,0.077,0.196,0.198,62.5%,25.0%,0.0%,33.8%,50.0%,92.9%,22.5%,21.7%,98
Queens (NC),Will Budnick,All,215,57,83.4,98.1,102.6,21.1%,13.4°,2.3°,24.6,0.0%,0,0.162,0.197,0.196,0.251,43.9%,36.8%,17.5%,55.3%,79.4%,81.5%,33.6%,21.0%,62
Stonehill,Dylan Zemotel,All,64,11,80.9,94.2,96.1,9.1%,4.7°,9.8°,18.2,0.0%,0,0.133,0.161,0.196,0.232,45.5%,36.4%,9.1%,51.6%,71.9%,87.0%,31.2%,21.2%,105
California Lutheran,Carlos Vega,All,59,9,85.4,93.7,94.6,0.0%,9.1°,-,33.3,0.0%,0,0.077,0.159,0.196,0.274,33.3%,33.3%,22.2%,52.5%,69.2%,88.9%,39.4%,22.6%,50
Tufts,Caden Abraham,All,68,12,73.7,88.7,92.1,0.0%,-3.4°,-,16.7,0.0%,0,0.133,0.22,0.196,0.279,83.3%,0.0%,8.3%,41.2%,58.3%,100.0%,31.8%,14.3%,98
Norfolk State,Kydese Queen Jr.,All,74,5,86.2,91.2,95.0,20.0%,9.3°,-13.4°,20.0,0.0%,0,0.133,0.083,0.196,0.158,60.0%,20.0%,0.0%,40.5%,52.9%,88.9%,30.0%,33.3%,88
Lafayette,Ben Petrone,All,78,12,83.9,99.7,101.8,33.3%,15.8°,24.5°,8.3,0.0%,0,0.111,0.131,0.195,0.224,41.7%,50.0%,0.0%,48.7%,70.6%,83.3%,31.8%,28.9%,86
Valparaiso,Thomas Cooper,All,352,62,86.1,104.5,108.2,29.0%,18.2°,17.7°,24.2,3.2%,2,0.148,0.194,0.195,0.255,38.7%,32.3%,16.1%,51.4%,72.4%,84.1%,34.7%,28.2%,59
Southern Wesleyan,Ryan Postnieks,All,65,14,75.7,96.5,98.2,21.4%,-2.3°,6.5°,21.4,0.0%,0,0.211,0.204,0.195,0.253,64.3%,21.4%,7.1%,53.8%,84.6%,95.5%,33.3%,20.0%,66
Chowan,Christopher Rumaldo,All,76,12,78.2,89.8,95.9,16.7%,-5.4°,1.4°,0.0,0.0%,0,0.176,0.186,0.195,0.212,83.3%,8.3%,0.0%,34.2%,43.8%,85.7%,27.3%,19.2%,34
Eastern Illinois,Quade Peters,All,179,26,78.7,94.8,98.1,11.5%,-0.9°,6.5°,15.4,0.0%,0,0.15,0.168,0.195,0.205,61.5%,15.4%,19.2%,37.4%,48.8%,89.7%,28.3%,17.9%,89
Northern Kentucky,Sam Bond,All,180,28,83.0,100.5,103.2,28.6%,4.5°,16.6°,35.7,0.0%,0,0.139,0.244,0.195,0.296,46.4%,14.3%,32.1%,34.4%,50.0%,87.2%,22.5%,17.7%,94
Stephen F. Austin,Kevin Duran,All,155,26,82.7,101.4,105.0,26.9%,-4.2°,11.7°,30.8,0.0%,0,0.179,0.229,0.194,0.288,61.5%,11.5%,26.9%,51.0%,76.2%,81.2%,33.7%,30.4%,87
UNC Asheville,Jake Pereira,All,196,38,76.9,92.0,95.3,7.9%,9.9°,2.4°,31.6,0.0%,0,0.16,0.18,0.194,0.221,47.4%,23.7%,21.1%,47.4%,66.7%,85.7%,33.0%,30.1%,49
Seattle,Hunter Komine,All,133,29,82.1,98.3,102.4,24.1%,2.9°,12.1°,41.4,0.0%,0,0.195,0.216,0.194,0.244,48.3%,20.7%,24.1%,48.9%,69.0%,82.5%,33.3%,21.5%,101
UMass,Michael Toth,All,82,15,84.2,95.3,98.3,20.0%,13.3°,5.1°,13.3,0.0%,0,0.1,0.139,0.194,0.23,46.7%,33.3%,13.3%,35.4%,61.0%,84.0%,9.8%,20.7%,101
California,Matthew Thomas,All,177,25,92.4,108.3,108.8,40.0%,19.0°,14.9°,36.0,8.0%,2,0.125,0.251,0.194,0.33,36.0%,32.0%,28.0%,45.8%,66.7%,78.3%,32.4%,34.6%,82
North Carolina A&T,Kristian Amaro,All,275,35,83.5,98.6,101.2,14.3%,3.8°,6.9°,25.7,2.9%,1,0.129,0.179,0.193,0.237,60.0%,20.0%,20.0%,45.5%,67.5%,77.2%,29.1%,32.8%,104
Davidson,Aidan Rice,All,101,6,69.5,28.2,-,16.7%,-41.0°,-2.0°,0.0,0.0%,0,0.15,0.06,0.193,0.157,50.0%,0.0%,0.0%,39.6%,66.7%,64.3%,20.3%,45.0%,102
Xavier,JD Crisp,All,77,8,69.4,76.3,79.0,0.0%,12.1°,-,25.0,0.0%,0,0.062,0.115,0.193,0.25,37.5%,12.5%,25.0%,42.9%,77.8%,42.9%,24.0%,51.5%,98
FOR_MAS,Kevin Hall,All,114,18,84.4,100.2,106.6,27.8%,28.3°,21.8°,33.3,5.6%,1,0.2,0.165,0.192,0.195,11.1%,22.2%,33.3%,53.5%,69.8%,73.0%,39.3%,31.1%,66
Louisiana,Casey Artigues,All,101,15,84.1,94.0,97.1,6.7%,9.5°,8.8°,53.3,0.0%,0,0.13,0.215,0.192,0.272,33.3%,20.0%,46.7%,47.5%,60.8%,71.0%,34.0%,31.2%,90
Pittsburgh,Anthony LaSala,All,105,19,80.1,91.0,91.2,15.8%,6.0°,-6.6°,36.8,0.0%,0,0.13,0.267,0.192,0.302,42.1%,15.8%,26.3%,36.2%,54.5%,90.0%,16.0%,13.2%,104
Lewis & Clark,Eli Steinhaus,All,99,11,81.0,92.7,94.5,0.0%,20.9°,-,9.1,0.0%,0,0.111,0.131,0.192,0.226,45.5%,45.5%,9.1%,34.3%,64.1%,84.0%,15.0%,17.6%,91
UMass,Jared Munoz,All,162,32,82.2,99.7,102.3,18.8%,8.0°,14.1°,18.8,0.0%,0,0.167,0.208,0.191,0.25,50.0%,28.1%,18.8%,42.6%,65.1%,88.9%,19.0%,15.9%,110
Bowling Green,Gavin Ganun,All,176,18,91.7,106.9,107.0,55.6%,5.9°,9.2°,55.6,22.2%,4,0.158,0.192,0.191,0.283,44.4%,27.8%,27.8%,47.2%,69.9%,60.3%,26.9%,50.6%,56
William & Mary,Charlie Felmlee,All,130,15,79.1,94.4,97.0,6.7%,14.6°,14.8°,26.7,0.0%,0,0.12,0.163,0.19,0.252,46.7%,26.7%,20.0%,42.3%,59.6%,88.2%,28.8%,25.5%,69
Maine,Evan Baschnagel,All,135,19,87.9,97.5,104.9,31.6%,0.9°,-2.4°,5.3,0.0%,0,0.103,0.191,0.19,0.272,68.4%,21.1%,5.3%,42.2%,72.9%,81.4%,18.4%,31.6%,136
St. Bonaventure,Antonio Cordeiro,All,182,23,82.1,98.5,101.9,21.7%,3.1°,15.0°,26.1,0.0%,0,0.114,0.174,0.19,0.232,43.5%,13.0%,34.8%,47.8%,71.6%,77.4%,31.5%,27.6%,83
Missouri,Trey Lawrence,All,176,30,84.3,98.1,100.0,13.3%,-4.0°,8.5°,20.0,0.0%,0,0.136,0.195,0.189,0.262,70.0%,13.3%,13.3%,44.3%,65.2%,80.0%,21.4%,28.2%,73
Princeton,Tommy Googins,All,495,79,85.1,99.9,101.3,22.8%,10.2°,20.1°,27.8,0.0%,0,0.169,0.182,0.189,0.207,43.0%,25.3%,25.3%,46.9%,66.1%,78.3%,30.2%,34.1%,72
Texas A&M Kingsville,Vincent Sanchez,All,25,5,93.6,95.4,96.2,60.0%,10.0°,6.2°,20.0,0.0%,0,0.143,0.203,0.189,0.228,60.0%,20.0%,20.0%,36.0%,61.5%,87.5%,8.3%,22.2%,105
Central Arkansas,Carter Alexander,All,70,8,83.5,101.1,103.7,25.0%,13.1°,19.8°,37.5,0.0%,0,0.167,0.24,0.188,0.268,50.0%,12.5%,37.5%,42.9%,71.4%,72.0%,14.3%,33.3%,111
Southwestern (TX),Connor Duffey,All,53,7,81.6,93.1,97.1,28.6%,36.0°,13.4°,28.6,0.0%,0,0.182,0.177,0.188,0.208,14.3%,71.4%,14.3%,43.4%,82.4%,92.9%,25.0%,30.4%,131
Saint Peter's,Ben Williams,All,46,13,74.6,95.1,100.5,7.7%,13.8°,15.8°,30.8,0.0%,0,0.133,0.27,0.187,0.306,38.5%,30.8%,30.8%,52.2%,73.9%,100.0%,30.4%,12.5%,101
Anderson (SC),Hudson Wilson,All,79,18,71.3,93.2,94.1,0.0%,4.6°,-,38.9,0.0%,0,0.143,0.218,0.187,0.247,38.9%,22.2%,33.3%,51.9%,83.9%,92.3%,31.2%,22.0%,153
South Dakota State,Dagen Schramm,All,69,13,85.9,98.5,98.8,30.8%,12.9°,22.9°,30.8,0.0%,0,0.133,0.264,0.187,0.327,46.2%,23.1%,30.8%,27.5%,50.0%,87.5%,8.1%,10.5%,105
UT Tyler,Cade Conway,All,75,10,84.6,92.2,92.7,20.0%,-0.6°,-4.6°,10.0,0.0%,0,0.143,0.184,0.187,0.225,80.0%,20.0%,0.0%,56.0%,83.3%,68.0%,37.8%,38.1%,105
Southwestern (TX),Owen Stevenson,All,153,16,81.1,101.5,102.1,37.5%,8.5°,17.6°,31.2,6.2%,1,0.162,0.147,0.187,0.182,43.8%,25.0%,18.8%,64.7%,87.0%,61.7%,52.5%,50.5%,-20
UT Martin,JT Popick,All,55,11,84.7,98.4,99.0,36.4%,-10.1°,10.4°,36.4,9.1%,1,0.133,0.168,0.187,0.248,54.5%,27.3%,18.2%,50.9%,81.5%,77.3%,21.4%,32.1%,104
MIT,John Dwyer,All,43,5,83.5,85.7,89.4,20.0%,13.2°,-12.7°,20.0,0.0%,0,0.111,0.129,0.187,0.171,40.0%,40.0%,20.0%,48.8%,84.2%,81.2%,20.8%,33.3%,140
Queens (NC),Charlie Marcantel,All,37,7,78.5,96.8,100.2,14.3%,-1.3°,13.6°,28.6,0.0%,0,0.2,0.236,0.186,0.236,57.1%,14.3%,14.3%,56.8%,75.0%,77.8%,48.0%,33.3%,43
Walsh,Mike Steingass,All,36,7,75.3,82.8,83.8,0.0%,7.5°,-,42.9,0.0%,0,0.2,0.244,0.186,0.236,57.1%,14.3%,28.6%,47.2%,70.0%,100.0%,38.5%,41.2%,82
Fresno Pacific,Ethan Tsui,All,35,10,76.8,89.3,91.1,0.0%,3.9°,-,40.0,0.0%,0,0.25,0.219,0.186,0.229,50.0%,30.0%,20.0%,51.4%,62.5%,100.0%,42.1%,11.1%,67
Loyola Marymount,Jake Lyall,All,35,8,87.2,90.3,90.7,25.0%,7.2°,-5.0°,12.5,0.0%,0,0.2,0.211,0.186,0.206,50.0%,12.5%,12.5%,51.4%,91.7%,81.8%,30.4%,38.9%,127
Arizona State,Manny Garza,All,71,17,87.0,102.7,104.1,23.5%,10.6°,6.8°,35.3,0.0%,0,0.158,0.24,0.186,0.28,41.2%,11.8%,35.3%,40.8%,61.3%,89.5%,25.0%,13.8%,71
UNC Pembroke,Isaias Villarreal,All,35,10,86.1,94.5,94.9,0.0%,20.8°,-,20.0,0.0%,0,0.2,0.277,0.186,0.347,30.0%,50.0%,20.0%,37.1%,50.0%,100.0%,23.5%,0.0%,129
Miami (OH),Dom Magliocca,All,100,6,84.7,94.6,102.0,16.7%,33.1°,25.7°,66.7,16.7%,1,0.176,0.083,0.186,0.229,16.7%,16.7%,33.3%,42.0%,65.1%,60.7%,24.6%,45.2%,94
Loyola Marymount,James Bose,All,268,30,84.8,95.9,101.1,16.7%,23.8°,23.0°,26.7,0.0%,0,0.111,0.148,0.186,0.208,36.7%,40.0%,16.7%,41.8%,67.6%,86.7%,23.6%,23.2%,92
Eastern Kentucky,Jay Douglas,All,95,8,86.8,99.6,100.9,37.5%,11.2°,10.6°,50.0,0.0%,0,0.111,0.139,0.186,0.226,25.0%,37.5%,37.5%,33.7%,52.8%,52.6%,22.0%,50.0%,91
Lebanon Valley,Justin Ranker,All,26,8,88.2,95.4,96.2,12.5%,-2.1°,1.9°,37.5,0.0%,0,0.2,0.26,0.186,0.268,50.0%,12.5%,25.0%,46.2%,75.0%,83.3%,33.3%,25.0%,12
Georgetown (KY),Jose Cazorla,All,27,6,82.3,98.4,102.8,16.7%,39.3°,9.4°,33.3,0.0%,0,0.2,0.145,0.186,0.169,0.0%,66.7%,16.7%,70.4%,91.7%,90.9%,53.3%,26.3%,80
King,Daniel Hicks,All,56,12,83.2,100.6,104.4,25.0%,-0.6°,4.1°,16.7,0.0%,0,0.214,0.259,0.186,0.239,66.7%,0.0%,16.7%,53.6%,68.8%,95.5%,33.3%,13.3%,50
Alcorn State,Ben Martin,All,32,7,80.7,89.9,90.6,0.0%,11.6°,-,28.6,0.0%,0,0.2,0.195,0.186,0.203,42.9%,42.9%,14.3%,53.1%,76.5%,84.6%,26.7%,29.4%,123
Point,Keegan Moore,All,43,5,88.5,78.4,80.0,40.0%,4.2°,-9.8°,40.0,0.0%,0,0.2,0.195,0.186,0.192,60.0%,20.0%,20.0%,41.9%,54.5%,66.7%,28.6%,55.6%,44
Georgia,Cade Brown,All,67,15,87.6,102.6,107.7,26.7%,20.6°,28.9°,40.0,6.7%,1,0.15,0.217,0.186,0.3,26.7%,60.0%,13.3%,58.2%,75.0%,90.5%,46.2%,30.8%,55
Marian (IN),Josh Lamb,All,41,8,76.5,90.0,90.2,0.0%,16.4°,-,37.5,0.0%,0,0.2,0.285,0.186,0.284,37.5%,37.5%,25.0%,48.8%,73.7%,78.6%,27.3%,25.0%,105
UMass Lowell,Brayden Cali,All,117,18,80.0,91.5,98.3,16.7%,10.0°,0.6°,27.8,0.0%,0,0.179,0.203,0.186,0.21,44.4%,27.8%,27.8%,39.3%,60.4%,79.3%,24.6%,30.4%,69
Ave Maria,Michael Ciscar,All,69,8,79.5,94.9,97.6,12.5%,18.9°,17.6°,25.0,0.0%,0,0.125,0.078,0.185,0.095,37.5%,37.5%,12.5%,58.0%,62.5%,80.0%,54.1%,30.0%,-49
Saint Leo,Dylan Mass,All,42,5,83.3,93.5,93.6,0.0%,3.8°,-,20.0,0.0%,0,0.125,0.098,0.185,0.219,60.0%,40.0%,0.0%,28.6%,46.7%,85.7%,18.5%,25.0%,100
Winthrop,Jaxson Croom,All,36,5,92.7,94.0,94.0,40.0%,-13.5°,-25.3°,0.0,0.0%,0,0.125,0.202,0.185,0.254,100.0%,0.0%,0.0%,33.3%,66.7%,80.0%,9.5%,25.0%,137
North Carolina A&T,Ellis Reid,All,33,5,88.5,95.0,95.9,20.0%,31.9°,32.3°,40.0,0.0%,0,0.125,0.172,0.185,0.284,0.0%,60.0%,40.0%,42.4%,64.3%,88.9%,26.3%,42.9%,62
Southeastern (FL),John Rossi,All,282,40,75.0,91.0,97.2,5.0%,-5.8°,8.5°,22.5,0.0%,0,0.115,0.17,0.185,0.253,65.0%,15.0%,20.0%,43.6%,69.6%,88.8%,25.7%,17.9%,102
Lafayette,Ryan Grace,All,106,16,83.9,98.3,100.9,18.8%,-16.9°,3.6°,12.5,0.0%,0,0.125,0.186,0.185,0.226,75.0%,6.2%,12.5%,50.9%,75.6%,90.3%,35.4%,25.9%,78
UMass,Gavin OBrien,All,31,5,88.6,102.1,102.9,40.0%,-0.6°,1.6°,0.0,0.0%,0,0.125,0.202,0.185,0.258,80.0%,0.0%,0.0%,38.7%,46.2%,83.3%,33.3%,25.0%,99
William & Mary,Ethan Rothstein,All,86,15,86.9,98.4,101.0,26.7%,12.4°,3.0°,20.0,0.0%,0,0.15,0.239,0.185,0.281,46.7%,13.3%,26.7%,47.7%,66.7%,80.0%,26.8%,31.7%,75
Texas A&M Kingsville,Isaiah Aguilar,All,55,11,84.0,93.1,96.1,9.1%,10.5°,23.2°,36.4,0.0%,0,0.167,0.206,0.185,0.283,36.4%,18.2%,36.4%,41.8%,65.5%,89.5%,15.4%,17.4%,125
Old Dominion,Tanner Schaedel,All,185,15,89.0,99.7,99.9,40.0%,3.8°,15.8°,33.3,6.7%,1,0.032,0.156,0.185,0.304,60.0%,26.7%,6.7%,39.5%,59.5%,78.0%,22.8%,38.4%,85
Presbyterian,Cameron Mallo,All,82,15,80.7,93.1,95.4,13.3%,8.3°,0.9°,26.7,0.0%,0,0.176,0.239,0.185,0.263,46.7%,26.7%,26.7%,42.7%,66.7%,96.2%,20.9%,5.7%,134
UVa Wise,Nick Badgett,All,87,18,76.6,94.2,96.8,5.6%,-10.7°,40.1°,16.7,0.0%,0,0.154,0.121,0.185,0.138,66.7%,27.8%,0.0%,54.0%,70.0%,89.3%,40.4%,23.4%,43
Redlands,Will Cell,All,37,5,99.9,104.5,104.7,60.0%,11.5°,5.7°,40.0,0.0%,0,0.125,0.276,0.185,0.333,40.0%,20.0%,20.0%,37.8%,71.4%,90.0%,17.4%,28.6%,134
Incarnate Word,Daniel Calabrese,All,86,8,82.2,93.6,95.7,25.0%,9.4°,18.8°,0.0,0.0%,0,0.143,0.07,0.185,0.132,62.5%,37.5%,0.0%,55.8%,71.1%,70.4%,43.8%,47.9%,0
Davidson,Jake Suarez,All,67,10,84.7,95.7,99.0,10.0%,14.8°,19.8°,30.0,0.0%,0,0.154,0.21,0.185,0.261,30.0%,30.0%,30.0%,47.8%,67.7%,81.0%,30.6%,21.9%,66
Sacred Heart,JW Fitzgerald,All,105,16,81.7,94.7,98.4,6.2%,2.0°,1.0°,37.5,0.0%,0,0.179,0.171,0.185,0.226,56.2%,6.2%,31.2%,45.7%,66.0%,74.2%,29.3%,25.0%,98
Kennesaw State,Jamarie Brooks,All,80,5,80.4,91.3,92.8,20.0%,-10.5°,-3.1°,40.0,0.0%,0,0.125,0.159,0.185,0.22,60.0%,0.0%,40.0%,48.8%,63.2%,66.7%,35.7%,56.4%,52
Eastern Michigan,Ben Schechterman,All,109,19,88.8,95.8,99.8,26.3%,7.4°,9.3°,21.1,0.0%,0,0.136,0.262,0.185,0.331,68.4%,15.8%,15.8%,36.7%,60.4%,89.7%,18.0%,15.0%,120
Indiana State,Emil Estrella,All,34,6,88.3,101.3,104.2,33.3%,12.0°,13.2°,50.0,0.0%,0,0.125,0.211,0.185,0.292,50.0%,0.0%,33.3%,44.1%,46.2%,100.0%,42.9%,26.7%,75
UMES,Jason Brown,All,66,14,84.0,93.7,95.2,14.3%,12.9°,4.1°,28.6,0.0%,0,0.167,0.187,0.185,0.218,50.0%,35.7%,14.3%,47.0%,71.9%,78.3%,23.5%,29.0%,86
Southwestern (TX),Will Buchanan,All,41,7,78.8,92.8,93.2,14.3%,5.9°,-15.8°,42.9,0.0%,0,0.125,0.157,0.185,0.238,57.1%,14.3%,28.6%,46.3%,57.1%,50.0%,44.1%,21.1%,8
Texas A&M-Corpus Christi,JJ Bush,All,36,6,94.9,104.5,104.7,50.0%,7.1°,6.6°,33.3,0.0%,0,0.125,0.367,0.185,0.415,66.7%,0.0%,33.3%,50.0%,66.7%,80.0%,38.1%,38.9%,93
Elon,Lawson Wheeler,All,46,8,70.5,84.3,90.0,0.0%,4.0°,-,25.0,0.0%,0,0.1,0.183,0.184,0.326,62.5%,25.0%,12.5%,34.8%,58.3%,100.0%,9.1%,6.2%,101
Pomona-Pitzer,James Quintero,All,48,6,79.3,94.3,95.8,16.7%,3.0°,17.5°,50.0,0.0%,0,0.091,0.154,0.184,0.248,33.3%,0.0%,50.0%,45.8%,82.4%,78.6%,25.8%,40.9%,86
South Dakota State,Jayden Gibson,All,52,5,83.9,94.5,95.3,20.0%,10.7°,37.9°,0.0,0.0%,0,0.1,0.155,0.184,0.244,60.0%,40.0%,0.0%,48.1%,63.0%,76.5%,32.0%,40.0%,79
Georgia Southern,Jett Lovett,All,110,7,86.2,96.0,96.2,42.9%,15.1°,20.4°,28.6,0.0%,0,0.053,0.105,0.184,0.267,42.9%,28.6%,28.6%,33.6%,54.0%,63.0%,16.7%,35.1%,79
Point Loma,Noah Meffert,All,37,5,85.9,99.9,101.8,20.0%,15.8°,31.7°,40.0,20.0%,1,0.0,0.191,0.184,0.412,40.0%,60.0%,0.0%,27.0%,66.7%,75.0%,8.0%,30.0%,158
Chaminade,Jake Harper,All,54,9,78.2,92.0,95.1,11.1%,2.9°,2.3°,22.2,0.0%,0,0.1,0.151,0.184,0.241,66.7%,22.2%,11.1%,33.3%,42.3%,90.9%,25.0%,11.1%,66
Portland,Spencer Scott,All,135,21,75.9,86.8,98.1,4.8%,7.6°,16.5°,19.0,0.0%,0,0.077,0.135,0.184,0.242,47.6%,23.8%,14.3%,33.3%,58.0%,93.1%,18.8%,24.4%,112
UMass Lowell,Scott Brown,All,54,5,81.4,85.0,85.1,0.0%,5.4°,-,20.0,0.0%,0,0.0,0.037,0.184,0.215,20.0%,20.0%,20.0%,42.6%,73.1%,84.2%,14.3%,21.7%,150
Cal State Fullerton,Jack Burke,All,81,11,85.5,96.8,104.1,18.2%,11.8°,7.4°,36.4,0.0%,0,0.111,0.188,0.184,0.265,36.4%,36.4%,27.3%,40.7%,63.9%,73.9%,22.2%,24.2%,150
Princeton,Grant Werdesheim,All,465,55,80.1,98.5,103.2,20.0%,7.5°,4.7°,40.0,0.0%,0,0.148,0.166,0.184,0.22,43.6%,25.5%,25.5%,44.1%,61.4%,78.7%,30.2%,33.2%,60
UAB,Mayes White,All,151,24,84.3,97.7,98.3,33.3%,5.7°,11.6°,37.5,0.0%,0,0.143,0.224,0.182,0.265,41.7%,12.5%,37.5%,42.4%,62.0%,77.3%,25.0%,29.7%,92
Gardner-Webb,Lawson Knight,All,196,39,77.5,92.3,100.6,7.7%,13.8°,9.2°,20.5,0.0%,0,0.125,0.155,0.182,0.222,46.2%,33.3%,17.9%,40.8%,60.4%,89.7%,22.0%,13.8%,69
San Jose State,Antonio Nanez,All,288,54,82.4,93.9,98.9,5.6%,8.6°,4.9°,27.8,0.0%,0,0.157,0.199,0.181,0.242,44.4%,20.4%,24.1%,51.4%,73.5%,91.8%,32.7%,20.3%,81
Sacred Heart,Timothy McGuire,All,120,19,81.9,93.9,94.1,15.8%,0.1°,-4.5°,21.1,0.0%,0,0.111,0.17,0.18,0.237,68.4%,15.8%,15.8%,41.7%,70.6%,80.6%,20.3%,26.0%,114
Miami (OH),Keenan Proctor,All,152,20,80.2,98.0,110.5,15.0%,9.8°,13.7°,35.0,0.0%,0,0.171,0.19,0.18,0.22,40.0%,15.0%,30.0%,52.6%,64.9%,81.2%,41.0%,35.0%,54
Georgia Southwestern,Nick Plaisted,All,137,14,77.0,99.2,103.8,21.4%,2.9°,0.7°,14.3,0.0%,0,0.13,0.173,0.179,0.214,57.1%,14.3%,14.3%,25.5%,42.9%,92.6%,10.8%,14.3%,87
UVa Wise,Jeb Hurst,All,93,13,86.5,94.4,99.4,7.7%,31.3°,19.6°,38.5,0.0%,0,0.15,0.155,0.179,0.178,7.7%,53.8%,30.8%,45.2%,66.7%,89.3%,27.5%,26.2%,73
UC Santa Barbara,Nolan Farley,All,98,13,83.1,99.9,103.7,30.8%,8.6°,10.0°,30.8,0.0%,0,0.125,0.168,0.179,0.229,46.2%,23.1%,30.8%,39.8%,45.9%,70.6%,36.1%,41.0%,25
Rice,Luke Smith,All,70,14,78.1,90.2,95.5,7.1%,5.1°,3.3°,0.0,0.0%,0,0.15,0.118,0.178,0.137,57.1%,28.6%,0.0%,57.1%,74.3%,76.9%,40.0%,32.5%,56
Presbyterian,Andrew Albertus,All,89,20,69.1,85.4,87.0,0.0%,-10.5°,-,35.0,0.0%,0,0.192,0.185,0.178,0.183,65.0%,5.0%,25.0%,47.2%,72.9%,88.6%,17.1%,11.9%,99
Tusculum,Jayden Singleton,All,104,15,84.2,98.4,103.7,46.7%,0.3°,6.9°,40.0,0.0%,0,0.167,0.265,0.178,0.292,53.3%,6.7%,40.0%,51.0%,75.6%,76.5%,32.2%,30.2%,75
Baylor,Will Pendergrass,All,206,33,89.0,100.8,106.3,39.4%,16.7°,18.1°,24.2,0.0%,0,0.125,0.195,0.178,0.263,42.4%,33.3%,15.2%,51.9%,73.6%,65.6%,36.1%,38.3%,69
Brown,Andrew Hanlon,All,85,11,88.6,96.7,97.6,27.3%,22.2°,23.1°,54.5,0.0%,0,0.15,0.147,0.178,0.207,18.2%,36.4%,36.4%,41.2%,61.0%,76.0%,22.7%,28.6%,89
Dartmouth,Axel Riess,All,225,31,81.1,95.7,96.8,25.8%,2.0°,-4.0°,32.3,0.0%,0,0.14,0.174,0.178,0.23,51.6%,16.1%,25.8%,42.7%,66.4%,74.6%,21.2%,35.4%,96
SIUE,Sean Kang,All,80,13,80.0,88.4,88.9,0.0%,-6.2°,-,23.1,0.0%,0,0.105,0.18,0.177,0.175,61.5%,30.8%,7.7%,41.2%,53.5%,95.7%,27.0%,15.2%,76
Union,Eli Ramsey,All,70,15,86.1,98.8,102.6,26.7%,5.2°,16.9°,40.0,0.0%,0,0.111,0.312,0.177,0.377,46.7%,20.0%,33.3%,45.7%,62.5%,90.0%,31.6%,21.9%,67
Niagara,Vincent Mauro,All,151,24,77.6,100.9,104.6,25.0%,14.8°,18.1°,20.8,0.0%,0,0.132,0.14,0.177,0.202,37.5%,25.0%,20.8%,44.4%,65.2%,74.4%,28.2%,40.3%,53
Pepperdine,Cal Wipf,All,76,14,83.9,95.0,95.0,14.3%,15.9°,-3.8°,28.6,0.0%,0,0.1,0.151,0.176,0.226,57.1%,35.7%,7.1%,36.8%,65.6%,90.5%,15.9%,25.0%,83
UAB,Jaxon Yoxtheimer,All,67,7,92.5,96.0,96.9,28.6%,10.7°,14.8°,42.9,0.0%,0,0.125,0.202,0.176,0.256,42.9%,28.6%,28.6%,41.8%,59.5%,81.8%,20.0%,25.0%,32
George Fox,Austin Nissen,All,73,14,80.8,90.3,91.9,0.0%,16.7°,-,42.9,0.0%,0,0.133,0.196,0.176,0.243,28.6%,35.7%,35.7%,35.6%,61.5%,81.2%,21.3%,19.2%,135
Arkansas State,Raul Torres,All,183,44,82.4,94.2,100.3,9.1%,12.8°,6.3°,40.9,0.0%,0,0.146,0.23,0.176,0.271,36.4%,25.0%,31.8%,55.7%,77.4%,94.4%,33.3%,9.8%,85
NJIT,Mattie Thomas,All,167,18,90.6,108.1,109.1,50.0%,11.8°,11.2°,22.2,0.0%,0,0.114,0.18,0.176,0.239,50.0%,16.7%,22.2%,40.1%,59.7%,65.0%,27.0%,52.2%,83
Francis Marion,Will Dorrell,All,69,16,81.7,98.4,100.0,25.0%,23.0°,11.0°,31.2,0.0%,0,0.167,0.243,0.176,0.283,18.8%,18.8%,31.2%,42.0%,66.7%,100.0%,23.1%,13.8%,82
Niagara,Rees Kozar,All,175,23,83.0,103.7,104.6,30.4%,19.2°,6.3°,47.8,0.0%,0,0.108,0.22,0.176,0.296,21.7%,21.7%,47.8%,48.0%,73.0%,63.0%,29.7%,40.5%,72
South Alabama,Ethan Melton,All,140,20,89.8,101.8,103.0,45.0%,10.1°,19.4°,40.0,0.0%,0,0.129,0.195,0.176,0.283,35.0%,35.0%,25.0%,51.4%,72.4%,88.1%,36.6%,27.8%,80
Northwestern State,Mason Wray,All,72,13,86.5,99.8,102.8,38.5%,2.6°,7.2°,23.1,0.0%,0,0.167,0.236,0.176,0.263,61.5%,15.4%,15.4%,48.6%,73.0%,81.5%,22.9%,25.7%,116
Monmouth,Shane Dux,All,205,44,81.8,96.8,101.5,13.6%,8.8°,-3.4°,25.0,0.0%,0,0.167,0.246,0.176,0.258,52.3%,22.7%,15.9%,40.0%,53.1%,98.1%,28.0%,4.9%,88
NJIT,Mattie Thomas,All,167,18,90.6,108.1,109.1,50.0%,11.8°,11.2°,22.2,0.0%,0,0.114,0.203,0.176,0.261,50.0%,16.7%,22.2%,40.1%,58.6%,63.4%,26.8%,52.2%,87
Jackson State,Ledy Alvarez,All,87,14,79.2,94.0,94.4,14.3%,-3.3°,-3.0°,7.1,0.0%,0,0.125,0.191,0.175,0.244,71.4%,14.3%,7.1%,44.8%,62.5%,95.0%,34.5%,20.5%,84
Louisville,Tanner Shiver,All,59,13,80.6,98.7,104.9,15.4%,23.5°,4.7°,7.7,0.0%,0,0.118,0.143,0.175,0.259,38.5%,38.5%,0.0%,54.2%,80.0%,75.0%,35.3%,34.4%,67
Francis Marion,Austin Bunn,All,84,12,89.4,98.4,105.6,33.3%,27.5°,26.3°,50.0,0.0%,0,0.118,0.221,0.175,0.3,8.3%,33.3%,33.3%,36.9%,64.7%,95.5%,18.0%,12.9%,90
Alcorn State,Jaylon Burrell,All,60,10,88.9,99.8,103.7,10.0%,11.5°,20.5°,20.0,0.0%,0,0.188,0.134,0.174,0.253,50.0%,0.0%,20.0%,55.0%,85.7%,62.5%,28.1%,39.4%,73
Millersville,Sammy Laux,All,54,11,85.1,97.5,98.4,36.4%,10.4°,5.4°,45.5,0.0%,0,0.154,0.294,0.174,0.306,54.5%,18.2%,27.3%,40.7%,60.0%,100.0%,29.4%,27.3%,75
Chapman,Brent Valentine,All,55,9,75.3,92.5,93.6,0.0%,-5.0°,-,33.3,0.0%,0,0.2,0.145,0.174,0.141,55.6%,0.0%,33.3%,52.7%,61.9%,84.6%,47.1%,41.4%,29
Bradley,Weston Gingerich,All,56,11,75.8,98.0,100.7,18.2%,-0.8°,9.9°,27.3,0.0%,0,0.2,0.234,0.174,0.224,45.5%,36.4%,18.2%,44.6%,54.2%,69.2%,37.5%,28.0%,51
UL Monroe,Jack Clark,All,134,23,87.6,98.4,102.3,30.4%,18.2°,13.7°,17.4,0.0%,0,0.094,0.218,0.174,0.316,43.5%,26.1%,8.7%,43.3%,59.3%,88.6%,30.7%,24.1%,61
Southern Wesleyan,Jason Culley,All,68,9,75.7,86.2,89.5,0.0%,-3.4°,-,44.4,0.0%,0,0.091,0.218,0.174,0.263,66.7%,22.2%,11.1%,38.2%,72.0%,83.3%,18.6%,15.4%,93
Chapman,Tyler Field,All,58,14,77.9,95.5,99.0,14.3%,21.3°,15.3°,28.6,0.0%,0,0.188,0.226,0.174,0.297,42.9%,35.7%,14.3%,43.1%,69.0%,90.0%,17.2%,12.0%,135
California PA,Caleb Collins,All,49,12,79.1,96.9,99.0,8.3%,-14.4°,13.0°,33.3,0.0%,0,0.2,0.209,0.174,0.21,66.7%,8.3%,25.0%,55.1%,81.8%,94.4%,33.3%,11.1%,16
VCU,Collin Hughes,All,44,12,78.8,91.9,93.3,0.0%,25.7°,-,25.0,0.0%,0,0.154,0.151,0.173,0.2,25.0%,41.7%,16.7%,50.0%,69.0%,95.0%,13.3%,9.1%,71
Piedmont,Jack Ryan,All,64,10,81.6,97.1,100.0,10.0%,-5.6°,7.5°,20.0,0.0%,0,0.143,0.261,0.173,0.298,60.0%,10.0%,30.0%,37.5%,69.6%,75.0%,19.5%,37.5%,124
Northern Colorado,Keaton Fisher,All,63,11,86.2,96.0,98.0,9.1%,12.1°,42.1°,36.4,0.0%,0,0.154,0.265,0.173,0.315,36.4%,27.3%,27.3%,42.9%,64.7%,81.8%,17.2%,14.8%,146
South Carolina,Ryan Bakes,All,124,18,84.9,108.1,109.1,38.9%,13.6°,10.9°,50.0,11.1%,2,0.107,0.24,0.173,0.309,38.9%,22.2%,38.9%,49.2%,66.1%,74.4%,33.8%,32.8%,51
UC Riverside,Ethan Bergan,All,111,20,81.5,97.6,101.2,20.0%,6.4°,10.6°,35.0,0.0%,0,0.091,0.221,0.173,0.288,55.0%,15.0%,25.0%,45.9%,72.3%,97.1%,26.6%,13.7%,105
Dallas Baptist,Mason Swinney,All,131,18,90.1,99.8,101.4,38.9%,13.5°,10.8°,22.2,5.6%,1,0.148,0.194,0.173,0.247,38.9%,22.2%,16.7%,42.0%,63.8%,67.6%,24.7%,32.7%,63
Central Connecticut,Bo Yaworski,All,45,11,86.6,96.9,99.5,18.2%,8.5°,5.1°,36.4,0.0%,0,0.154,0.319,0.173,0.326,63.6%,0.0%,27.3%,53.3%,77.3%,88.2%,30.4%,12.5%,105
Lamar,Caleb Castle,All,55,12,82.6,91.4,92.2,8.3%,-2.1°,-34.9°,33.3,0.0%,0,0.143,0.193,0.173,0.234,50.0%,16.7%,25.0%,45.5%,55.0%,81.8%,40.0%,12.0%,32
UT Dallas,Albert Garza,All,46,13,80.6,94.0,95.0,0.0%,8.0°,-,30.8,0.0%,0,0.143,0.216,0.173,0.262,53.8%,30.8%,15.4%,43.5%,66.7%,100.0%,10.5%,5.0%,144
Pacific,Jakob Guardado,All,49,8,82.5,94.1,99.3,25.0%,12.7°,-0.5°,25.0,0.0%,0,0.091,0.24,0.172,0.285,50.0%,12.5%,25.0%,28.6%,52.6%,90.0%,13.3%,14.3%,99
Oklahoma,Christian Hoffman,All,44,5,84.2,103.3,103.5,60.0%,7.8°,18.0°,40.0,0.0%,0,0.091,0.12,0.172,0.199,60.0%,20.0%,20.0%,45.5%,58.8%,50.0%,37.0%,55.0%,98
Rutgers,Nick Tomasetto,All,268,50,87.9,101.3,105.2,40.0%,-2.1°,-2.0°,20.0,0.0%,0,0.164,0.226,0.172,0.252,62.0%,16.0%,14.0%,52.6%,74.2%,90.2%,34.0%,17.7%,80
Radford,Drew Biggerstaff,All,57,7,85.0,94.3,94.8,0.0%,9.5°,-,14.3,0.0%,0,0.1,0.094,0.172,0.153,42.9%,28.6%,14.3%,45.6%,70.4%,78.9%,23.3%,30.8%,113
LaGrange,Colby Zinser,All,64,5,82.9,92.0,93.0,0.0%,5.0°,-,40.0,0.0%,0,0.091,0.158,0.172,0.212,40.0%,40.0%,20.0%,40.6%,63.6%,85.7%,28.6%,26.9%,118
Lamar,Connor Kaiser,All,69,6,71.2,89.2,91.0,0.0%,8.9°,-,16.7,0.0%,0,0.111,0.078,0.171,0.235,33.3%,50.0%,0.0%,36.2%,65.5%,84.2%,15.0%,24.0%,185
UNLV,Connor Tallakson,All,49,12,84.5,91.8,92.6,0.0%,15.7°,-,41.7,0.0%,0,0.083,0.242,0.171,0.327,33.3%,33.3%,25.0%,40.8%,63.0%,100.0%,13.6%,10.0%,92
FOR_MAS,Dylan Chargo,All,88,15,80.3,98.6,98.6,13.3%,6.5°,12.1°,33.3,0.0%,0,0.167,0.163,0.171,0.177,40.0%,40.0%,20.0%,61.4%,60.0%,70.8%,62.5%,38.9%,-23
Louisiana Tech,Jake Smith,All,64,5,72.5,65.6,65.6,20.0%,-41.8°,-14.4°,0.0,0.0%,0,0.083,0.082,0.171,0.171,100.0%,0.0%,0.0%,46.9%,61.8%,85.7%,30.0%,13.3%,31
Utah,Cal Kilgore,All,120,10,78.5,94.3,95.1,20.0%,-8.9°,1.9°,20.0,0.0%,0,0.048,0.135,0.17,0.245,80.0%,0.0%,10.0%,40.8%,72.7%,78.1%,22.4%,28.6%,119
Walsh,Mason Stoldt,All,60,5,84.0,97.7,99.9,20.0%,7.9°,24.0°,20.0,0.0%,0,0.0,0.136,0.17,0.309,60.0%,40.0%,0.0%,35.0%,65.4%,58.8%,11.8%,47.6%,127
Louisville,George Baker,All,163,24,85.9,105.6,107.5,33.3%,3.2°,11.9°,33.3,8.3%,2,0.122,0.193,0.169,0.249,58.3%,20.8%,20.8%,55.8%,76.7%,78.6%,38.9%,33.0%,45
Chaminade,Harrison Clark,All,55,7,84.7,95.6,97.1,14.3%,11.7°,12.7°,42.9,0.0%,0,0.182,0.248,0.169,0.252,42.9%,14.3%,42.9%,40.0%,60.9%,71.4%,25.0%,27.3%,81
USC Beaufort,Nikko Andre,All,36,10,83.6,79.7,80.3,20.0%,-4.9°,-11.0°,0.0,0.0%,0,0.182,0.154,0.169,0.147,70.0%,10.0%,0.0%,52.8%,86.7%,92.3%,28.6%,21.1%,100
Ohio State,Alonzo Paul Jr.,All,46,10,81.0,94.3,97.3,20.0%,-7.0°,7.7°,20.0,0.0%,0,0.182,0.226,0.169,0.237,70.0%,10.0%,20.0%,43.5%,56.5%,92.3%,30.4%,15.0%,86
James Madison,Jackson Tone,All,177,28,86.2,102.1,103.4,32.1%,21.7°,15.4°,17.9,3.6%,1,0.116,0.165,0.169,0.214,35.7%,39.3%,14.3%,50.3%,68.4%,78.8%,36.6%,36.0%,79
FOR_MAS,Colton Shirley,All,37,5,92.2,97.8,98.2,60.0%,13.0°,14.0°,80.0,0.0%,0,0.182,0.241,0.169,0.259,20.0%,0.0%,80.0%,70.3%,81.0%,88.2%,56.2%,19.2%,-15
Chaminade,Harrison Clark,All,55,7,84.7,95.6,97.1,14.3%,11.7°,12.7°,42.9,0.0%,0,0.182,0.218,0.169,0.235,42.9%,14.3%,42.9%,40.0%,60.0%,73.3%,23.3%,27.3%,88
Longwood,Logan Janney,All,121,18,85.2,102.2,105.5,16.7%,22.6°,16.9°,38.9,0.0%,0,0.133,0.149,0.168,0.17,27.8%,33.3%,27.8%,39.7%,62.5%,74.3%,20.0%,33.3%,60
Oklahoma State,Donovan LaSalle,All,201,27,91.1,108.0,110.7,44.4%,18.9°,18.4°,29.6,11.1%,3,0.093,0.21,0.167,0.324,33.3%,29.6%,22.2%,46.8%,74.7%,72.3%,25.4%,30.9%,84
Kentucky,Raphael Pelletier,All,252,46,85.2,102.5,104.2,34.8%,21.8°,26.2°,32.6,8.7%,4,0.123,0.231,0.167,0.316,32.6%,39.1%,21.7%,44.4%,67.6%,88.4%,28.7%,21.4%,67
Hawaii,Itsuki Takemoto,All,129,30,84.6,102.9,107.2,20.0%,5.7°,12.4°,23.3,0.0%,0,0.143,0.209,0.167,0.286,36.7%,33.3%,23.3%,51.9%,78.9%,80.0%,30.6%,28.4%,39
North Greenville,Josh Williams,All,48,5,78.0,97.4,98.9,40.0%,1.4°,5.7°,20.0,0.0%,0,0.111,0.119,0.166,0.194,60.0%,20.0%,20.0%,35.4%,63.6%,78.6%,11.5%,29.4%,103
Georgia State,Austin Killingsworth,All,38,7,79.0,94.6,95.7,14.3%,-6.7°,2.7°,14.3,0.0%,0,0.111,0.154,0.166,0.207,85.7%,14.3%,0.0%,36.8%,50.0%,100.0%,27.3%,35.7%,33
Wofford,Andrew Mannelly,All,28,7,84.6,98.8,101.3,28.6%,24.5°,42.0°,14.3,0.0%,0,0.125,0.171,0.166,0.257,14.3%,71.4%,14.3%,35.7%,50.0%,88.9%,10.0%,10.0%,162
Dartmouth,Luke Carroll,All,79,14,85.0,99.9,101.1,35.7%,6.3°,-1.8°,21.4,0.0%,0,0.111,0.246,0.166,0.292,57.1%,28.6%,14.3%,50.6%,66.7%,88.5%,35.0%,15.0%,121
Mars Hill,Quinn Rembert,All,32,6,65.8,95.3,100.4,16.7%,8.1°,19.7°,50.0,0.0%,0,0.125,0.136,0.166,0.15,50.0%,16.7%,16.7%,46.9%,58.3%,85.7%,40.0%,20.0%,24
King,Jaylon Woodley,All,34,6,86.6,94.9,97.7,16.7%,-2.9°,13.9°,33.3,0.0%,0,0.125,0.237,0.166,0.277,66.7%,0.0%,33.3%,38.2%,57.9%,81.8%,13.3%,30.8%,144
George Fox,Andre Butler,All,92,17,81.4,92.4,95.9,5.9%,1.9°,5.3°,29.4,0.0%,0,0.185,0.24,0.166,0.24,58.8%,5.9%,29.4%,54.3%,72.2%,92.3%,42.9%,34.0%,25
La Verne,Aaron Whobrey,All,50,7,81.8,95.7,97.2,28.6%,-5.6°,-4.1°,0.0,0.0%,0,0.111,0.18,0.166,0.232,85.7%,14.3%,0.0%,36.0%,53.3%,75.0%,28.6%,27.8%,107
Harvard,Gavin Smith,All,29,5,85.6,97.1,98.0,40.0%,2.2°,15.1°,40.0,0.0%,0,0.125,0.224,0.166,0.276,40.0%,40.0%,20.0%,34.5%,50.0%,75.0%,15.4%,40.0%,28
Iona,Carson Cahoy,All,29,7,82.2,91.1,93.5,14.3%,32.0°,-7.3°,14.3,0.0%,0,0.143,0.136,0.166,0.125,28.6%,28.6%,14.3%,48.3%,100.0%,83.3%,11.8%,21.4%,113
Marshall,Matty Go,All,39,7,88.2,92.4,93.4,0.0%,18.3°,-,0.0,0.0%,0,0.111,0.186,0.166,0.238,57.1%,28.6%,0.0%,35.9%,50.0%,100.0%,26.1%,7.1%,65
Shenandoah,Jackson Simko,All,31,6,78.8,102.1,103.5,33.3%,9.0°,19.1°,16.7,0.0%,0,0.125,0.208,0.166,0.285,50.0%,16.7%,16.7%,51.6%,91.7%,81.8%,26.3%,31.2%,86
Air Force,Cam Anstey,All,107,7,90.7,100.3,102.1,42.9%,-2.8°,7.0°,28.6,0.0%,0,0.1,0.134,0.165,0.174,71.4%,0.0%,28.6%,50.5%,76.5%,69.2%,38.4%,53.7%,66
Murray State,Nico Bermeo,All,71,10,88.9,93.1,100.9,50.0%,10.9°,-1.0°,10.0,0.0%,0,0.062,0.2,0.165,0.283,70.0%,0.0%,10.0%,40.8%,60.7%,88.2%,27.9%,27.6%,82
South Dakota State,Nick Werk,All,165,21,74.5,95.0,96.2,9.5%,-0.1°,26.0°,19.0,0.0%,0,0.108,0.123,0.164,0.19,66.7%,23.8%,9.5%,37.0%,55.2%,75.7%,24.5%,32.8%,101
Centenary (LA),Jobee Boone,All,59,14,80.6,89.1,89.3,0.0%,-7.8°,-,28.6,0.0%,0,0.133,0.242,0.164,0.276,57.1%,14.3%,21.4%,35.6%,63.6%,100.0%,18.9%,9.5%,125
Baylor,John Youens,All,72,10,93.7,102.1,102.6,50.0%,-1.2°,6.5°,10.0,0.0%,0,0.067,0.229,0.164,0.296,70.0%,10.0%,20.0%,40.3%,62.5%,80.0%,22.5%,20.7%,56
Tulane,Boots Landry,All,65,9,87.4,96.9,97.6,22.2%,16.7°,27.4°,55.6,0.0%,0,0.062,0.156,0.163,0.232,33.3%,44.4%,22.2%,49.2%,80.8%,47.6%,28.2%,53.1%,106
Shenandoah,Matt Atchley,All,34,6,81.3,92.7,96.9,16.7%,43.4°,-,0.0,0.0%,0,0.0,0.014,0.163,0.171,0.0%,50.0%,0.0%,32.4%,90.9%,90.0%,4.3%,9.1%,190
Montreat,Jaider Morelos,All,35,7,80.4,86.7,88.3,14.3%,-16.1°,-84.7°,0.0,0.0%,0,0.0,0.161,0.163,0.287,71.4%,28.6%,0.0%,42.9%,100.0%,70.0%,20.0%,26.7%,120
VCU,Danny Estrada,All,181,28,81.4,97.5,99.2,21.4%,9.6°,10.9°,21.4,0.0%,0,0.079,0.192,0.163,0.274,60.7%,21.4%,14.3%,41.4%,63.6%,85.7%,25.0%,25.3%,111
Columbus State,Tyson Kirkland,All,44,5,78.4,85.5,87.7,0.0%,26.7°,-,20.0,0.0%,0,0.0,0.133,0.163,0.267,40.0%,40.0%,20.0%,36.4%,72.7%,100.0%,24.2%,18.8%,114
Oklahoma Wesleyan,Braydon Caldwell,All,72,10,76.8,93.5,96.2,10.0%,-1.5°,5.7°,10.0,0.0%,0,0.133,0.18,0.162,0.213,70.0%,20.0%,10.0%,37.5%,55.6%,80.0%,26.7%,29.6%,86
Mount Olive,Mac James,All,71,6,75.3,90.6,93.5,0.0%,35.7°,-,16.7,0.0%,0,0.133,0.087,0.162,0.134,16.7%,33.3%,16.7%,39.4%,66.7%,61.1%,22.7%,50.0%,113
California Lutheran,Kai Caranto,All,55,14,84.7,90.9,94.5,7.1%,10.3°,-60.8°,35.7,0.0%,0,0.154,0.292,0.162,0.326,42.9%,21.4%,35.7%,56.4%,82.1%,91.3%,29.6%,16.1%,102
Emory & Henry,Khadeem Lewis,All,120,17,80.2,93.4,96.3,23.5%,3.5°,-0.4°,23.5,0.0%,0,0.143,0.178,0.162,0.212,64.7%,23.5%,11.8%,55.8%,76.5%,82.1%,40.6%,32.8%,44
Canisius,Andrew Marcello,All,107,6,74.8,79.0,79.7,0.0%,-5.1°,-,33.3,0.0%,0,0.095,0.095,0.162,0.165,50.0%,16.7%,33.3%,39.3%,60.8%,64.5%,19.6%,42.9%,48
Florida A&M,Josue Figueroa,All,95,17,82.4,98.6,98.7,17.6%,2.4°,2.3°,23.5,0.0%,0,0.091,0.217,0.162,0.283,64.7%,23.5%,5.9%,33.7%,62.2%,82.1%,8.0%,25.0%,156
Alcorn State,Samuel Leonard,All,54,9,76.8,96.7,96.8,22.2%,-14.4°,17.7°,22.2,0.0%,0,0.154,0.237,0.161,0.245,66.7%,11.1%,22.2%,31.5%,35.3%,91.7%,25.0%,35.3%,68
Saint Peter's,Alexander Manent,All,57,6,90.0,98.2,99.3,50.0%,22.3°,11.3°,50.0,0.0%,0,0.077,0.142,0.16,0.233,16.7%,16.7%,66.7%,49.1%,84.6%,59.1%,19.4%,46.4%,144
Omaha,Noah Greise,All,178,27,87.9,104.3,108.7,40.7%,15.2°,17.8°,33.3,3.7%,1,0.167,0.227,0.16,0.26,40.7%,33.3%,25.9%,48.3%,67.0%,67.7%,25.9%,37.2%,87
Walsh,Eli Sutton,All,62,5,91.4,101.4,102.3,60.0%,4.3°,14.8°,0.0,0.0%,0,0.077,0.164,0.16,0.257,80.0%,20.0%,0.0%,38.7%,66.7%,57.1%,24.4%,62.5%,76
Western Illinois,Trevor Leon,All,109,22,80.2,94.9,99.7,9.1%,17.3°,18.4°,50.0,0.0%,0,0.185,0.303,0.16,0.319,27.3%,40.9%,31.8%,42.2%,60.8%,93.5%,25.9%,13.0%,102
Keiser,Landon Lowe,All,98,15,80.8,94.4,97.1,13.3%,4.5°,-6.0°,40.0,0.0%,0,0.095,0.197,0.159,0.246,53.3%,20.0%,20.0%,35.7%,51.2%,90.5%,24.6%,20.0%,113
Le Moyne,Jack Cannon,All,54,5,92.2,99.7,101.6,60.0%,31.5°,6.2°,40.0,0.0%,0,0.083,0.118,0.159,0.181,20.0%,0.0%,40.0%,44.4%,63.0%,70.6%,25.9%,41.7%,53
Belmont,Dean Spoto,All,166,17,83.0,93.8,94.4,5.9%,19.8°,-0.5°,35.3,0.0%,0,0.128,0.167,0.159,0.201,41.2%,23.5%,23.5%,39.2%,51.3%,87.5%,28.4%,32.3%,49
Louisville,Collin Mowry,All,121,23,83.8,98.3,103.8,30.4%,11.7°,10.9°,30.4,0.0%,0,0.143,0.211,0.158,0.227,34.8%,30.4%,21.7%,52.9%,60.3%,68.6%,46.0%,39.1%,22
NJIT,Jaden Caballero,All,200,30,79.1,98.3,99.5,13.3%,10.7°,15.4°,16.7,0.0%,0,0.132,0.165,0.158,0.222,40.0%,43.3%,13.3%,41.5%,60.0%,88.9%,26.4%,15.7%,100
Georgetown,Ashtin Gilio,All,222,31,82.1,96.3,100.0,16.1%,13.7°,9.3°,25.8,0.0%,0,0.13,0.125,0.157,0.197,41.9%,25.8%,16.1%,44.6%,60.0%,84.8%,29.5%,20.2%,75
Stephen F. Austin,Austin Cadroy,All,72,8,78.3,93.6,96.0,12.5%,1.5°,13.7°,25.0,0.0%,0,0.059,0.126,0.157,0.218,50.0%,12.5%,25.0%,37.5%,60.6%,70.0%,17.9%,25.9%,99
Bowling Green,Brayden Curlis,All,125,25,81.5,103.4,104.9,24.0%,15.8°,-3.7°,24.0,0.0%,0,0.143,0.217,0.157,0.255,36.0%,36.0%,16.0%,49.6%,73.6%,87.2%,31.9%,21.0%,33
Bradley,Isaac Sobieszczyk,All,59,8,82.5,95.5,103.8,12.5%,34.9°,34.1°,12.5,12.5%,1,0.077,0.101,0.157,0.157,25.0%,50.0%,12.5%,42.4%,67.7%,85.7%,14.3%,20.0%,132
Washington State,Noah Thein,All,86,8,72.0,91.7,92.7,0.0%,-12.8°,-,12.5,0.0%,0,0.062,0.139,0.157,0.224,62.5%,25.0%,12.5%,30.2%,42.9%,91.7%,24.1%,26.9%,52
Monmouth,Andrew Schmid,All,251,31,76.3,94.5,101.9,12.9%,4.6°,16.7°,38.7,0.0%,0,0.154,0.199,0.157,0.226,48.4%,22.6%,22.6%,43.4%,58.7%,82.4%,28.0%,22.9%,93
University of Montevallo,Blake Wood,All,62,5,80.3,91.4,96.1,20.0%,20.4°,5.9°,20.0,0.0%,0,0.0,0.106,0.157,0.235,40.0%,40.0%,20.0%,37.1%,72.7%,100.0%,17.5%,17.4%,136
Campbell,Wilson Woodcox,All,72,6,80.2,93.1,99.7,16.7%,33.1°,16.7°,33.3,0.0%,0,0.118,0.089,0.157,0.179,16.7%,50.0%,33.3%,44.4%,56.8%,76.2%,31.4%,40.6%,47
Jacksonville State,Zander Buchan,All,139,19,77.4,98.8,100.2,15.8%,13.0°,15.0°,21.1,0.0%,0,0.037,0.133,0.156,0.233,52.6%,26.3%,5.3%,36.7%,66.7%,76.3%,15.9%,31.4%,129
Utah Tech,Gavin Long,All,107,16,80.9,96.4,97.5,18.8%,9.0°,11.8°,43.8,0.0%,0,0.087,0.204,0.156,0.275,56.2%,25.0%,18.8%,37.4%,57.7%,93.3%,18.2%,22.5%,102
Jacksonville,Nick DeLisi,All,70,14,89.3,95.4,96.1,21.4%,0.8°,6.4°,50.0,0.0%,0,0.176,0.277,0.155,0.281,35.7%,7.1%,50.0%,51.4%,76.7%,87.0%,32.5%,25.0%,71
San Diego State,Elijah Selga,All,70,10,79.0,97.5,107.5,10.0%,5.0°,13.4°,40.0,0.0%,0,0.067,0.139,0.155,0.213,40.0%,20.0%,40.0%,48.6%,73.9%,64.7%,36.2%,44.1%,53
Auburn Montgomery,Brendan York,All,55,13,73.3,88.7,92.1,7.7%,7.7°,-,15.4,0.0%,0,0.176,0.172,0.155,0.167,61.5%,15.4%,7.7%,52.7%,76.7%,87.0%,24.0%,13.8%,72
Biola,Nick Madole,All,26,5,81.4,97.9,98.3,40.0%,12.9°,19.9°,40.0,20.0%,1,0.167,0.254,0.155,0.326,20.0%,40.0%,20.0%,50.0%,63.6%,85.7%,40.0%,23.1%,44
Mount Olive,Dawson Ables,All,56,16,67.0,89.4,91.0,0.0%,-8.7°,-,25.0,0.0%,0,0.062,0.218,0.155,0.273,62.5%,12.5%,12.5%,51.8%,83.3%,90.0%,28.1%,20.7%,152
Campbell,DJ Akiyama,All,45,8,89.5,94.3,100.3,37.5%,25.5°,0.7°,12.5,0.0%,0,0.167,0.194,0.155,0.194,37.5%,50.0%,12.5%,60.0%,76.2%,81.2%,45.8%,33.3%,61
UL Monroe,Marcus Aranda,All,120,20,87.0,105.0,107.1,50.0%,-2.6°,6.8°,25.0,0.0%,0,0.111,0.278,0.155,0.331,70.0%,15.0%,15.0%,47.5%,62.5%,82.9%,34.4%,26.3%,59
UMBC,Matthew Best,All,182,21,80.0,96.8,97.9,23.8%,3.9°,25.4°,19.0,0.0%,0,0.077,0.143,0.155,0.215,57.1%,23.8%,4.8%,45.6%,69.7%,75.8%,22.6%,34.9%,96
Arkansas-Pine Bluff,Trinidad De La Garza,All,47,7,92.5,99.0,99.4,42.9%,22.9°,6.1°,42.9,0.0%,0,0.182,0.21,0.155,0.229,28.6%,42.9%,28.6%,40.4%,68.0%,64.7%,9.1%,42.1%,157
Villanova,Shane Solari,All,140,20,80.1,94.2,100.3,10.0%,32.4°,29.1°,10.0,0.0%,0,0.069,0.165,0.154,0.234,30.0%,45.0%,5.0%,36.4%,55.2%,89.2%,19.2%,17.6%,94
Pepperdine,RJ Jimerson,All,102,16,71.2,96.5,96.9,12.5%,3.9°,16.2°,31.2,0.0%,0,0.148,0.16,0.153,0.178,43.8%,25.0%,25.0%,47.1%,61.8%,64.7%,29.8%,45.8%,47
Southern,Jalon Mack,All,85,15,90.6,102.0,102.5,40.0%,6.1°,6.8°,20.0,0.0%,0,0.048,0.22,0.153,0.306,60.0%,20.0%,13.3%,37.6%,58.8%,80.0%,23.5%,31.2%,130
Yale,Owen Turner,All,88,15,81.0,98.5,99.8,26.7%,11.3°,28.6°,26.7,0.0%,0,0.136,0.243,0.153,0.271,40.0%,40.0%,20.0%,44.3%,68.4%,92.3%,26.0%,20.5%,74
Mount St. Mary's,Ethan Flaugher,All,128,17,84.8,95.3,97.6,11.8%,17.1°,12.9°,11.8,0.0%,0,0.0,0.126,0.152,0.265,47.1%,35.3%,11.8%,35.9%,67.3%,82.9%,14.5%,19.6%,119
North Dakota State,Bennett Freiter,All,88,9,75.6,92.9,93.2,0.0%,20.7°,-,22.2,0.0%,0,0.125,0.153,0.152,0.199,33.3%,44.4%,22.2%,46.6%,73.5%,76.0%,29.6%,29.3%,99
Prairie View,Michael Burroughs,All,80,11,74.4,93.0,95.2,9.1%,-10.9°,19.3°,36.4,0.0%,0,0.125,0.201,0.152,0.24,63.6%,9.1%,27.3%,46.2%,65.7%,82.6%,31.1%,29.7%,23
Bryan,Jayron Morris,All,30,9,91.5,95.1,95.6,11.1%,19.1°,25.3°,55.6,0.0%,0,0.1,0.24,0.151,0.355,22.2%,55.6%,22.2%,56.7%,78.6%,90.9%,37.5%,17.6%,24
USC Beaufort,Carson Weathers,All,34,5,68.2,81.5,83.2,0.0%,28.0°,-,0.0,0.0%,0,0.111,0.044,0.151,0.112,20.0%,60.0%,0.0%,38.2%,41.2%,85.7%,35.3%,30.8%,26
Mercyhurst,Casey Smith,All,89,14,83.8,94.2,94.8,0.0%,27.2°,-,57.1,0.0%,0,0.105,0.136,0.151,0.199,14.3%,35.7%,35.7%,31.5%,57.5%,82.6%,10.2%,17.9%,124
Bradley,JD Bogart,All,45,6,74.2,82.1,82.2,16.7%,-3.0°,-20.1°,16.7,0.0%,0,0.1,0.142,0.151,0.185,50.0%,50.0%,0.0%,42.2%,61.9%,69.2%,25.0%,36.8%,56
Wake Forest,Jacob Burley,All,36,6,83.9,96.2,96.6,33.3%,4.8°,0.3°,0.0,0.0%,0,0.1,0.142,0.151,0.209,50.0%,33.3%,16.7%,44.4%,68.8%,72.7%,25.0%,43.8%,115
Lander,Garrett Chun,All,37,8,86.8,93.8,100.3,25.0%,22.9°,-11.4°,25.0,0.0%,0,0.111,0.123,0.151,0.185,25.0%,50.0%,12.5%,54.1%,87.5%,92.9%,28.6%,15.0%,131
Chapman,Tommy Golbranson,All,303,42,81.9,100.3,104.2,19.0%,5.1°,16.9°,33.3,0.0%,0,0.111,0.177,0.151,0.226,52.4%,21.4%,23.8%,53.1%,78.4%,61.5%,37.4%,46.0%,47
NC State,Trenton Lyons,All,40,7,86.6,100.9,101.8,57.1%,14.5°,18.6°,14.3,0.0%,0,0.1,0.217,0.151,0.307,42.9%,28.6%,14.3%,47.5%,46.7%,100.0%,48.0%,26.3%,134
West Texas A&M,Kyle Micklus,All,33,9,84.7,97.7,97.8,22.2%,13.1°,6.9°,33.3,0.0%,0,0.1,0.218,0.151,0.272,33.3%,22.2%,33.3%,42.4%,66.7%,91.7%,13.3%,21.4%,128
USC Beaufort,Luke Doty,All,30,8,90.9,97.9,102.3,12.5%,28.8°,16.0°,37.5,0.0%,0,0.1,0.132,0.151,0.22,12.5%,50.0%,25.0%,46.7%,76.9%,90.0%,23.5%,7.1%,102
Whittier,Coehn Nakasone,All,38,10,83.8,66.2,66.2,10.0%,-11.3°,-23.5°,0.0,0.0%,0,0.1,0.163,0.151,0.209,80.0%,10.0%,0.0%,36.8%,71.4%,100.0%,16.7%,7.1%,127
Utah Tech,Grady Daniels,All,106,14,88.6,97.1,98.1,28.6%,10.3°,9.4°,28.6,0.0%,0,0.1,0.215,0.151,0.291,50.0%,21.4%,28.6%,33.0%,53.3%,83.3%,18.0%,22.9%,111
Wagner,Jake Griess,All,39,7,74.8,87.9,89.8,0.0%,-5.9°,-,0.0,0.0%,0,0.111,0.093,0.151,0.145,71.4%,28.6%,0.0%,48.7%,80.0%,83.3%,29.2%,31.6%,63
Fairleigh Dickinson,Franklin Gomez,All,72,11,78.7,91.1,93.5,0.0%,13.6°,-,54.5,0.0%,0,0.071,0.268,0.15,0.334,27.3%,27.3%,45.5%,31.9%,48.6%,88.2%,16.2%,21.7%,111
Jacksonville State,Payton Mansfield,All,81,5,87.0,92.1,94.9,20.0%,17.2°,-8.2°,20.0,0.0%,0,0.071,0.129,0.15,0.211,40.0%,40.0%,20.0%,35.8%,56.8%,66.7%,18.2%,37.9%,79
Kansas State,Cadyn Karl,All,70,8,85.3,103.7,108.3,37.5%,21.3°,24.7°,50.0,0.0%,0,0.071,0.136,0.15,0.238,12.5%,37.5%,50.0%,45.7%,69.7%,69.6%,24.3%,40.6%,141
UC Riverside,Jaxon Byrd,All,78,15,75.5,91.7,92.1,0.0%,20.0°,-,13.3,0.0%,0,0.105,0.109,0.149,0.146,26.7%,66.7%,6.7%,48.7%,71.0%,86.4%,34.0%,18.4%,78
Coppin State,Jayden Asencio,All,82,13,78.4,96.0,96.3,23.1%,17.5°,18.0°,23.1,0.0%,0,0.056,0.136,0.149,0.254,46.2%,30.8%,0.0%,39.0%,67.7%,76.2%,21.6%,25.0%,149
Sam Houston State,Sam Lee,All,118,26,82.1,97.8,99.8,30.8%,-0.1°,12.9°,23.1,3.8%,1,0.147,0.219,0.149,0.261,65.4%,19.2%,11.5%,49.2%,69.8%,83.8%,32.3%,19.0%,100
Belmont,Tucker Smith,All,108,11,77.2,91.9,96.1,9.1%,23.3°,1.1°,36.4,0.0%,0,0.087,0.116,0.149,0.171,36.4%,45.5%,9.1%,59.3%,80.4%,62.2%,43.5%,45.3%,43
Utah Tech,Eliot Jones,All,84,12,82.6,100.7,101.4,25.0%,-21.4°,5.7°,8.3,0.0%,0,0.105,0.173,0.149,0.204,91.7%,0.0%,8.3%,39.3%,64.9%,75.0%,19.1%,27.3%,105
Sacred Heart,CJ Nolan,All,92,7,73.9,95.8,99.3,14.3%,11.5°,31.0°,57.1,0.0%,0,0.056,0.112,0.149,0.223,42.9%,28.6%,28.6%,43.5%,54.1%,70.0%,36.4%,40.0%,59
Alabama,Jon Young,All,102,14,83.4,101.1,102.3,42.9%,0.5°,13.3°,28.6,0.0%,0,0.136,0.229,0.147,0.296,50.0%,14.3%,21.4%,43.1%,58.7%,85.2%,30.4%,29.5%,94
The Citadel,Rhyder Poppell,All,79,7,73.6,84.7,85.8,0.0%,0.8°,-,0.0,0.0%,0,0.0,0.074,0.147,0.205,71.4%,28.6%,0.0%,30.4%,45.2%,94.7%,13.5%,12.5%,123
Virginia Tech,Jake Slade,All,67,6,89.0,103.7,104.4,66.7%,27.3°,27.8°,0.0,0.0%,0,0.0,0.13,0.147,0.315,33.3%,50.0%,0.0%,41.8%,62.9%,72.7%,18.8%,35.7%,76
Niagara,Tyler Vivacqua,All,71,7,83.0,101.2,101.7,28.6%,-3.5°,3.9°,14.3,0.0%,0,0.077,0.182,0.147,0.22,71.4%,28.6%,0.0%,39.4%,63.6%,85.7%,18.4%,28.6%,70
Incarnate Word,Jake Weaver,All,53,8,93.2,99.9,100.4,50.0%,22.5°,-5.4°,25.0,12.5%,1,0.0,0.166,0.147,0.337,25.0%,75.0%,0.0%,35.8%,69.6%,93.8%,10.0%,10.5%,129
Grand Canyon,Scuba Smolinski,All,54,11,84.7,83.7,90.2,27.3%,-20.1°,-10.2°,9.1,0.0%,0,0.167,0.191,0.146,0.176,90.9%,0.0%,9.1%,53.7%,69.0%,90.0%,36.0%,20.7%,20
Central Michigan,Gregory Guzik,All,112,12,89.5,101.5,103.0,41.7%,31.7°,14.7°,41.7,8.3%,1,0.087,0.187,0.145,0.288,16.7%,25.0%,33.3%,46.4%,66.7%,86.7%,32.8%,23.1%,93
Canisius,Eric Weeks,All,81,16,89.5,99.1,105.4,31.2%,9.9°,10.4°,31.2,0.0%,0,0.136,0.223,0.145,0.241,56.2%,31.2%,12.5%,48.1%,71.4%,76.0%,30.4%,25.6%,86
North Alabama,Wes Walker,All,147,17,81.5,95.6,96.8,11.8%,16.8°,22.9°,35.3,0.0%,0,0.071,0.115,0.144,0.194,35.3%,35.3%,11.8%,54.4%,81.4%,80.7%,29.9%,27.5%,83
Queens (NC),Jacob Grimes,All,141,15,80.2,96.0,98.2,6.7%,-5.3°,17.2°,26.7,0.0%,0,0.067,0.13,0.144,0.193,53.3%,6.7%,26.7%,50.4%,75.0%,64.6%,29.9%,45.1%,100
Houston Christian,Robert Oropeza,All,61,9,83.1,98.1,98.8,44.4%,11.1°,13.5°,55.6,0.0%,0,0.154,0.285,0.144,0.301,44.4%,11.1%,44.4%,41.0%,66.7%,92.9%,27.5%,24.0%,110
Pepperdine,Cole Sheehan,All,80,9,82.8,95.1,95.6,11.1%,-4.2°,37.1°,0.0,0.0%,0,0.118,0.074,0.144,0.176,66.7%,22.2%,0.0%,41.2%,67.6%,68.0%,18.6%,39.4%,70
Bowling Green,Garrett Sloan,All,121,21,87.2,98.3,101.3,33.3%,3.5°,1.7°,33.3,0.0%,0,0.133,0.244,0.143,0.269,52.4%,9.5%,33.3%,47.1%,66.7%,85.0%,27.9%,24.6%,58
West Florida,Jake Cooper,All,48,10,80.7,98.9,100.1,20.0%,0.8°,8.0°,30.0,0.0%,0,0.182,0.387,0.143,0.325,60.0%,10.0%,30.0%,50.0%,77.8%,85.7%,33.3%,16.7%,102
Florida International,Adonys Velez,All,190,26,82.0,102.9,104.1,23.1%,-2.8°,4.6°,30.8,0.0%,0,0.098,0.212,0.143,0.261,57.7%,19.2%,23.1%,46.3%,70.7%,72.4%,27.8%,42.0%,83
Northwestern,Marty Kaplan,All,47,9,74.8,95.3,95.8,22.2%,20.5°,15.6°,55.6,0.0%,0,0.154,0.277,0.143,0.286,22.2%,11.1%,55.6%,38.3%,46.7%,85.7%,34.4%,38.9%,-9
Saint Mary's (CA),Chris Esquivel,All,59,6,82.9,90.9,91.3,16.7%,10.2°,-0.9°,33.3,0.0%,0,0.154,0.155,0.143,0.158,50.0%,16.7%,33.3%,33.9%,50.0%,66.7%,22.9%,30.0%,115
Webber International,Jean Cuello,All,50,6,88.8,100.7,106.6,33.3%,10.1°,0.5°,33.3,0.0%,0,0.154,0.215,0.143,0.21,50.0%,16.7%,33.3%,38.0%,56.0%,64.3%,20.0%,52.6%,132
UT Dallas,Lucas Rexin,All,54,11,79.8,92.3,93.3,0.0%,20.1°,-,27.3,0.0%,0,0.154,0.071,0.143,0.075,36.4%,45.5%,18.2%,46.3%,63.6%,85.7%,34.4%,20.0%,81
USC Beaufort,Jeremy Brown,All,45,8,79.9,96.1,97.9,12.5%,-6.1°,29.7°,25.0,0.0%,0,0.154,0.18,0.143,0.208,62.5%,25.0%,12.5%,51.1%,64.0%,75.0%,35.0%,39.1%,62
USC Beaufort,Noah Campbell,All,48,11,85.8,98.3,101.7,18.2%,14.0°,8.1°,18.2,0.0%,0,0.154,0.29,0.143,0.292,36.4%,18.2%,27.3%,47.9%,72.2%,84.6%,33.3%,21.7%,79
St. John's,Cristian Bernardini,All,141,19,82.2,98.4,100.6,26.3%,1.7°,10.1°,36.8,5.3%,1,0.088,0.164,0.142,0.236,47.4%,21.1%,26.3%,49.6%,67.1%,66.0%,32.4%,40.0%,46
Flagler,Mason Gray,All,80,20,75.1,92.6,93.4,5.0%,-0.1°,-0.5°,10.0,0.0%,0,0.125,0.177,0.141,0.199,60.0%,30.0%,0.0%,50.0%,75.0%,92.6%,29.5%,15.0%,81
Western Kentucky,Anthony Westbrook,All,140,23,90.6,98.8,104.6,34.8%,8.5°,7.6°,47.8,4.3%,1,0.143,0.226,0.141,0.255,34.8%,21.7%,43.5%,42.9%,67.7%,83.3%,23.1%,23.3%,94
North Alabama,Leighton Jenkins,All,218,36,82.9,98.3,101.7,16.7%,-0.9°,13.8°,22.2,0.0%,0,0.103,0.177,0.141,0.223,63.9%,16.7%,13.9%,47.7%,70.0%,78.6%,28.8%,30.8%,68
Arkansas-Pine Bluff,Collin McLemore,All,113,23,76.3,89.7,90.6,0.0%,-4.0°,-,13.0,0.0%,0,0.161,0.202,0.141,0.192,60.9%,4.3%,8.7%,49.6%,61.2%,90.2%,32.6%,12.5%,42
Western Michigan,Cooper Hums,All,145,17,84.3,92.6,93.6,11.8%,9.2°,-1.1°,17.6,0.0%,0,0.143,0.131,0.14,0.204,64.7%,17.6%,11.8%,48.3%,68.9%,86.3%,26.8%,28.6%,79
Texas A&M,Sam Erickson,All,53,5,97.0,106.6,107.2,60.0%,12.2°,4.1°,20.0,0.0%,0,0.1,0.191,0.139,0.236,40.0%,20.0%,20.0%,43.4%,47.6%,60.0%,40.6%,43.5%,25
Alcorn State,Gavin Caston,All,48,5,77.8,90.9,91.2,0.0%,1.6°,-,20.0,0.0%,0,0.1,0.14,0.139,0.184,60.0%,20.0%,20.0%,45.8%,56.0%,64.3%,34.8%,50.0%,67
Western Carolina,Jackson Lyda,All,45,9,82.2,85.9,86.7,0.0%,19.9°,-,33.3,0.0%,0,0.091,0.093,0.139,0.15,33.3%,44.4%,22.2%,46.7%,60.9%,92.9%,31.8%,14.3%,70
UC Davis,Everet Johnson,All,55,7,78.2,100.3,102.5,14.3%,-6.2°,21.6°,14.3,0.0%,0,0.091,0.181,0.139,0.26,71.4%,14.3%,14.3%,43.6%,62.5%,73.3%,29.0%,29.2%,51
Incarnate Word,Ryan Scott,All,48,8,90.7,106.0,108.0,62.5%,14.5°,16.6°,50.0,0.0%,0,0.091,0.405,0.139,0.494,12.5%,25.0%,62.5%,56.2%,83.3%,70.0%,29.2%,33.3%,82
Illinois Springfield,Nick Melvin,All,47,6,72.7,85.4,87.2,0.0%,14.6°,-,16.7,0.0%,0,0.1,0.167,0.139,0.213,50.0%,33.3%,16.7%,55.3%,83.3%,85.0%,26.1%,19.2%,110
Wichita State,David Mauzy,All,97,17,83.5,104.4,106.2,23.5%,0.6°,1.2°,17.6,0.0%,0,0.091,0.2,0.139,0.285,64.7%,17.6%,11.8%,41.2%,58.3%,85.7%,24.5%,17.5%,94
Akron,L.A. Mighton,All,43,8,79.6,78.6,80.0,25.0%,-1.2°,-8.2°,0.0,0.0%,0,0.091,0.157,0.139,0.198,87.5%,12.5%,0.0%,32.6%,52.6%,90.0%,16.7%,35.7%,33
Saint Joseph's,Dean Bergmann,All,78,6,75.2,79.4,80.9,0.0%,-2.8°,-,33.3,0.0%,0,0.0,0.089,0.138,0.212,66.7%,33.3%,0.0%,41.0%,75.7%,50.0%,9.8%,46.9%,125
Georgia State,CJ Blackwell,All,123,15,85.7,101.2,105.3,20.0%,24.5°,19.9°,33.3,6.7%,1,0.107,0.103,0.135,0.151,26.7%,46.7%,20.0%,42.3%,66.7%,69.4%,23.2%,34.6%,88
North Dakota State,Luis Garcia,All,182,24,75.3,90.5,91.5,0.0%,6.0°,-,33.3,0.0%,0,0.054,0.187,0.135,0.264,45.8%,16.7%,29.2%,45.1%,62.0%,86.4%,34.2%,24.4%,65
North Alabama,Ryan West,All,48,8,85.7,89.4,90.2,0.0%,27.2°,-,37.5,0.0%,0,0.0,0.093,0.134,0.244,25.0%,37.5%,25.0%,43.8%,75.0%,88.9%,12.5%,14.3%,102
Fordham,Ryan Meyer,All,36,6,86.2,97.1,98.0,16.7%,4.1°,19.9°,16.7,0.0%,0,0.0,0.168,0.134,0.292,50.0%,33.3%,16.7%,41.7%,57.1%,100.0%,31.8%,26.7%,97
North Alabama,Alex Wade,All,147,13,89.2,101.9,102.0,46.2%,7.8°,13.3°,15.4,0.0%,0,0.067,0.105,0.134,0.172,46.2%,7.7%,15.4%,50.3%,71.2%,68.1%,33.3%,44.6%,38
SIUE,Michael Siemer,All,52,7,87.8,95.2,96.4,28.6%,5.3°,14.5°,0.0,0.0%,0,0.0,0.136,0.134,0.26,57.1%,42.9%,0.0%,32.7%,60.0%,80.0%,7.4%,23.5%,99
Prairie View,Mason Heiskell,All,45,9,72.9,90.1,91.3,0.0%,-9.9°,-,11.1,0.0%,0,0.154,0.188,0.133,0.247,66.7%,11.1%,11.1%,60.0%,66.7%,88.9%,50.0%,22.2%,14
Rhode Island,Tj Gormley,All,34,5,88.5,92.7,93.3,0.0%,16.9°,-,40.0,0.0%,0,0.143,0.205,0.133,0.209,40.0%,40.0%,20.0%,38.2%,75.0%,77.8%,18.2%,38.5%,96
Appalachian State,Xavier Lopez,All,65,13,81.2,94.2,94.4,0.0%,7.9°,-,23.1,0.0%,0,0.125,0.188,0.133,0.204,53.8%,38.5%,7.7%,53.8%,77.1%,81.5%,26.7%,17.1%,107
UMass Lowell,Ryan Strand,All,31,5,76.3,93.9,97.3,20.0%,11.1°,8.9°,20.0,0.0%,0,0.167,0.191,0.133,0.19,40.0%,40.0%,20.0%,41.9%,68.8%,81.8%,13.3%,23.1%,86
Embry-Riddle (AZ),Caden Truman,All,55,10,83.7,88.8,90.4,0.0%,-1.0°,-,20.0,0.0%,0,0.143,0.104,0.133,0.099,60.0%,0.0%,10.0%,56.4%,70.8%,94.1%,45.2%,19.4%,1
Occidental,Griffen Rogers,All,32,5,66.7,92.2,96.7,20.0%,-4.5°,3.8°,40.0,0.0%,0,0.143,0.271,0.133,0.263,60.0%,0.0%,20.0%,34.4%,45.5%,100.0%,28.6%,9.1%,58
The Citadel,Chase Loggins,All,80,7,78.0,92.6,92.7,0.0%,-7.1°,-,42.9,0.0%,0,0.056,0.076,0.133,0.146,57.1%,0.0%,42.9%,41.2%,58.8%,75.0%,28.3%,39.4%,72
Wofford,Logan Tribble,All,48,8,84.1,88.9,91.0,0.0%,44.5°,-,37.5,0.0%,0,0.154,0.095,0.133,0.17,0.0%,62.5%,25.0%,52.1%,62.1%,83.3%,36.8%,24.0%,37
Charleston,Trent Dosenbach,All,27,6,74.1,93.7,94.1,0.0%,-1.8°,-,66.7,0.0%,0,0.143,0.405,0.133,0.396,50.0%,16.7%,33.3%,51.9%,75.0%,100.0%,42.1%,28.6%,40
Charleston Southern,Tyler Wright,All,34,6,81.6,88.6,88.6,16.7%,-6.0°,-9.4°,0.0,0.0%,0,0.143,0.145,0.133,0.139,66.7%,16.7%,0.0%,32.4%,63.6%,71.4%,17.4%,18.2%,137
Tarleton State,Braden Gostisha,All,91,5,80.3,95.0,100.5,20.0%,26.5°,12.0°,40.0,0.0%,0,0.062,0.136,0.133,0.203,20.0%,40.0%,20.0%,29.7%,45.9%,41.2%,18.5%,55.6%,72
UVa Wise,Matt Frye,All,49,11,79.8,89.2,92.2,9.1%,23.4°,-15.7°,27.3,0.0%,0,0.154,0.135,0.133,0.14,36.4%,36.4%,18.2%,49.0%,60.9%,92.9%,38.5%,29.2%,68
Walsh,Brandon Hire,All,41,11,70.9,91.2,91.8,0.0%,-6.5°,-,27.3,0.0%,0,0.154,0.216,0.133,0.215,63.6%,18.2%,18.2%,48.8%,70.0%,71.4%,28.6%,20.0%,100
Westcliff,Kailen Kimata,All,28,7,72.0,83.7,85.1,0.0%,8.0°,-,28.6,0.0%,0,0.143,0.174,0.133,0.17,42.9%,42.9%,14.3%,57.1%,78.6%,81.8%,35.7%,18.8%,102
Southern Wesleyan,Ethan Jarvis,All,30,6,73.8,87.1,87.2,0.0%,-10.5°,-,16.7,0.0%,0,0.143,0.135,0.133,0.138,66.7%,16.7%,16.7%,36.7%,69.2%,88.9%,11.8%,18.2%,144
Lander,Caden Crews,All,28,6,78.3,89.8,97.0,16.7%,24.9°,7.0°,16.7,0.0%,0,0.143,0.301,0.133,0.294,33.3%,50.0%,16.7%,39.3%,69.2%,100.0%,13.3%,0.0%,128
Bryant,Ryan Santangelo,All,89,13,91.8,100.2,104.7,46.2%,12.7°,12.2°,15.4,0.0%,0,0.053,0.2,0.133,0.271,53.8%,23.1%,7.7%,53.9%,74.3%,84.6%,40.7%,27.1%,76
Youngstown State,Brandon McClain-Banks,All,57,9,78.2,91.1,91.7,0.0%,-6.2°,-,22.2,0.0%,0,0.143,0.164,0.133,0.173,77.8%,11.1%,11.1%,49.1%,72.0%,72.2%,31.2%,50.0%,90
Georgetown,Noah Leib,All,90,13,90.4,99.5,100.8,23.1%,23.3°,29.5°,23.1,0.0%,0,0.067,0.264,0.133,0.36,30.8%,38.5%,23.1%,37.8%,56.4%,86.4%,23.5%,20.6%,83
Loyola-New Orleans,Ben Harris,All,35,5,60.9,94.4,96.7,20.0%,5.7°,28.5°,40.0,0.0%,0,0.143,0.159,0.133,0.216,40.0%,40.0%,20.0%,40.0%,83.3%,90.0%,17.4%,14.3%,154
North Carolina,Macaddin Dye,All,181,20,89.0,105.0,109.4,40.0%,13.9°,7.3°,20.0,0.0%,0,0.081,0.165,0.131,0.21,55.0%,25.0%,20.0%,48.1%,64.0%,75.0%,36.8%,29.9%,37
North Georgia,Tyler Triche,All,72,12,83.0,92.5,98.8,8.3%,9.8°,14.3°,16.7,0.0%,0,0.0,0.21,0.13,0.31,50.0%,33.3%,16.7%,38.9%,66.7%,88.9%,22.2%,21.4%,140
Sam Houston State,Keegan Demmer,All,51,6,86.8,96.6,96.8,33.3%,-0.5°,5.8°,16.7,0.0%,0,0.091,0.243,0.128,0.259,66.7%,0.0%,16.7%,47.1%,57.1%,100.0%,40.0%,37.5%,33
UT Arlington,JoJo Medellin,All,52,7,74.4,88.7,89.5,0.0%,14.1°,-,14.3,0.0%,0,0.083,0.081,0.128,0.144,28.6%,57.1%,14.3%,50.0%,76.2%,87.5%,32.3%,34.6%,59
Mount St. Mary's,Jake Slusarski,All,54,7,85.5,93.5,93.6,14.3%,8.3°,-0.6°,28.6,0.0%,0,0.083,0.162,0.128,0.219,42.9%,42.9%,14.3%,38.9%,62.5%,80.0%,20.0%,38.1%,69
St. Bonaventure,Tucker Genovesi,All,53,6,88.8,96.4,98.3,16.7%,31.5°,6.7°,33.3,0.0%,0,0.083,0.118,0.128,0.185,0.0%,50.0%,50.0%,39.6%,66.7%,50.0%,21.9%,61.9%,113
Southern Indiana,Ethan Rothschild,All,52,6,77.5,92.2,93.3,0.0%,8.3°,-,50.0,0.0%,0,0.091,0.182,0.128,0.223,33.3%,33.3%,33.3%,38.5%,61.5%,75.0%,15.4%,30.0%,121
College of Charleston,Schley Gordy,All,80,16,83.8,101.8,102.4,31.2%,6.5°,11.6°,43.8,0.0%,0,0.0,0.284,0.128,0.391,43.8%,25.0%,31.2%,42.5%,75.0%,81.5%,15.9%,17.6%,89
Wagner,Jeremy Delamota,All,53,5,91.1,89.7,89.7,40.0%,-6.2°,-10.7°,0.0,0.0%,0,0.083,0.148,0.128,0.186,100.0%,0.0%,0.0%,41.5%,62.1%,83.3%,16.7%,18.2%,56
Dallas,Tyler Espinosa,All,63,7,83.1,91.3,93.4,14.3%,-0.8°,-11.6°,28.6,0.0%,0,0.083,0.125,0.128,0.173,71.4%,14.3%,14.3%,41.3%,63.3%,89.5%,21.2%,15.4%,75
North Florida,Brady Browning,All,93,14,84.6,96.0,101.5,14.3%,20.6°,27.3°,28.6,0.0%,0,0.13,0.164,0.127,0.172,35.7%,42.9%,21.4%,53.8%,61.7%,75.9%,45.7%,36.0%,75
UNC Greensboro,Malachi Gales,All,88,17,77.3,104.3,106.9,29.4%,1.9°,10.2°,23.5,0.0%,0,0.111,0.225,0.126,0.257,52.9%,11.8%,23.5%,39.8%,54.8%,78.3%,26.1%,34.3%,51
Georgia Southern,Cameron Foster,All,74,9,82.1,96.7,100.7,22.2%,16.0°,2.5°,11.1,0.0%,0,0.062,0.124,0.126,0.194,44.4%,33.3%,22.2%,48.6%,74.3%,80.8%,25.6%,36.1%,107
Chowan,Warren Bailey,All,72,13,80.1,99.9,103.3,15.4%,2.4°,17.6°,15.4,0.0%,0,0.111,0.171,0.125,0.193,53.8%,30.8%,7.7%,52.8%,71.4%,70.0%,40.9%,36.8%,73
Incarnate Word,Tyler Cowan,All,60,14,79.3,90.3,94.9,7.1%,0.5°,-5.3°,7.1,0.0%,0,0.111,0.16,0.125,0.17,71.4%,7.1%,14.3%,51.7%,55.9%,94.7%,46.2%,19.4%,64
California PA,Payton Conte,All,64,15,87.5,98.6,98.6,33.3%,13.8°,6.0°,46.7,0.0%,0,0.125,0.216,0.125,0.248,33.3%,26.7%,40.0%,60.9%,77.1%,92.6%,41.4%,10.3%,30
FOR_MAS,Drew Helton,All,52,9,86.1,89.7,89.9,22.2%,2.3°,-1.5°,22.2,0.0%,0,0.133,0.18,0.124,0.178,55.6%,0.0%,22.2%,57.7%,72.0%,72.2%,44.4%,30.0%,45
Bryan,Cyrus Campos,All,58,7,86.0,93.3,94.2,0.0%,2.3°,-,14.3,0.0%,0,0.143,0.128,0.124,0.127,71.4%,14.3%,14.3%,48.3%,80.0%,83.3%,14.3%,28.6%,152
Embry-Riddle (AZ),Sawyer Amato,All,35,10,84.4,88.2,90.3,10.0%,8.4°,-42.2°,50.0,0.0%,0,0.071,0.167,0.123,0.174,50.0%,10.0%,40.0%,68.6%,72.7%,87.5%,61.5%,37.5%,-21
Fresno Pacific,Jordan Smith,All,117,22,75.2,91.0,92.3,0.0%,3.6°,-,22.7,0.0%,0,0.037,0.193,0.123,0.246,54.5%,9.1%,27.3%,44.4%,64.2%,76.5%,28.1%,30.8%,100
Cumberlands (KY),Jaylen Jones,All,45,7,78.1,88.3,91.7,0.0%,19.8°,-,0.0,0.0%,0,0.0,0.108,0.122,0.212,57.1%,42.9%,0.0%,42.2%,91.7%,90.9%,24.2%,26.3%,90
Grambling,Shannon Martin,All,46,8,76.5,81.4,83.0,0.0%,-12.5°,-,12.5,0.0%,0,0.0,0.149,0.122,0.242,87.5%,0.0%,12.5%,34.8%,57.1%,83.3%,16.0%,25.0%,130
Southwestern (TX),Chase Adams,All,93,15,75.5,87.3,92.6,0.0%,5.3°,-,6.7,0.0%,0,0.0,0.149,0.122,0.248,66.7%,26.7%,6.7%,41.9%,70.6%,83.3%,25.4%,30.8%,107
Duke,Jeff Lougee,All,57,7,81.2,97.8,99.2,28.6%,10.9°,14.8°,0.0,0.0%,0,0.0,0.12,0.122,0.238,42.9%,28.6%,0.0%,33.3%,60.0%,86.7%,12.5%,15.8%,151
Lindenwood,Brodie Short,All,57,7,81.3,95.9,96.9,14.3%,11.0°,28.2°,28.6,0.0%,0,0.0,0.124,0.122,0.272,42.9%,57.1%,0.0%,47.4%,77.8%,66.7%,20.0%,33.3%,123
Binghamton,Tim Hennig,All,45,7,81.4,96.1,101.3,42.9%,15.7°,3.6°,14.3,0.0%,0,0.0,0.154,0.122,0.258,42.9%,28.6%,14.3%,35.6%,54.5%,83.3%,17.4%,25.0%,75
Central Connecticut,Matt Falk,All,45,5,78.2,88.3,92.2,0.0%,7.3°,-,20.0,0.0%,0,0.091,0.154,0.121,0.154,60.0%,20.0%,20.0%,44.4%,66.7%,71.4%,25.0%,40.0%,34
UNC Asheville,Caiden Chilausky,All,82,11,86.2,97.5,102.4,18.2%,9.3°,2.4°,27.3,0.0%,0,0.091,0.13,0.121,0.138,45.5%,18.2%,27.3%,54.9%,76.7%,72.7%,30.8%,31.1%,57
Prairie View,Jayden Williams,All,83,10,84.3,92.7,103.0,10.0%,14.1°,4.8°,20.0,0.0%,0,0.056,0.117,0.12,0.179,60.0%,10.0%,20.0%,38.6%,56.5%,73.1%,16.2%,34.4%,87
Northern Kentucky,Braydon Rogers,All,136,19,80.6,95.7,96.4,15.8%,26.2°,27.0°,21.1,0.0%,0,0.065,0.105,0.119,0.194,26.3%,47.4%,15.8%,33.8%,54.0%,82.4%,16.4%,21.7%,102
Redlands,Jake Burgess,All,51,11,81.4,90.4,94.4,0.0%,14.4°,-,18.2,0.0%,0,0.077,0.272,0.119,0.309,45.5%,27.3%,18.2%,39.2%,63.2%,91.7%,25.0%,25.0%,106
Stony Brook,Nick Solorzano,All,63,11,84.1,103.6,106.1,27.3%,23.8°,11.8°,36.4,9.1%,1,0.083,0.31,0.119,0.364,9.1%,54.5%,36.4%,47.6%,69.0%,85.0%,29.4%,20.0%,84
Bowling Green,Caden Bates,All,52,7,84.4,88.7,89.2,0.0%,30.3°,-,28.6,0.0%,0,0.091,0.116,0.119,0.158,28.6%,42.9%,14.3%,44.2%,62.5%,93.3%,28.6%,26.1%,46
UMES,Michael Blackiston,All,66,7,78.4,94.6,95.8,14.3%,-0.4°,0.3°,14.3,0.0%,0,0.077,0.125,0.119,0.166,71.4%,28.6%,0.0%,43.9%,80.8%,52.4%,20.0%,51.7%,111
Illinois Springfield,Kody Morton,All,32,5,89.9,100.0,101.8,40.0%,19.4°,13.2°,40.0,0.0%,0,0.125,0.209,0.116,0.219,20.0%,40.0%,40.0%,37.5%,57.1%,87.5%,22.2%,16.7%,143
Kent State,Matt Thompson,All,36,5,80.3,91.3,96.4,40.0%,35.1°,18.3°,20.0,0.0%,0,0.125,0.154,0.116,0.212,20.0%,40.0%,20.0%,38.9%,62.5%,60.0%,20.0%,35.7%,98
Biola,Isaiah Leon,All,31,6,82.9,92.6,94.7,0.0%,10.2°,-,16.7,0.0%,0,0.125,0.104,0.116,0.103,50.0%,33.3%,0.0%,64.5%,87.5%,92.9%,40.0%,20.0%,90
Middlebury,Joe Basso,All,52,13,87.1,100.3,104.8,23.1%,-10.7°,-6.4°,7.7,0.0%,0,0.125,0.175,0.116,0.173,69.2%,7.7%,7.7%,53.8%,76.0%,89.5%,33.3%,21.4%,90
Coppin State,Jamar Whitehead,All,84,10,76.1,92.5,96.3,10.0%,5.8°,24.3°,20.0,0.0%,0,0.059,0.101,0.114,0.147,60.0%,10.0%,20.0%,44.0%,69.7%,87.0%,27.5%,29.7%,90
Chowan,Ethan Robinson,All,57,8,82.1,91.3,96.2,12.5%,20.6°,19.7°,25.0,0.0%,0,0.071,0.084,0.111,0.135,25.0%,37.5%,25.0%,33.3%,66.7%,70.0%,21.4%,36.8%,128
Wichita State,Hunter Carlson,All,61,9,77.1,106.3,107.0,33.3%,-16.6°,8.9°,33.3,0.0%,0,0.077,0.267,0.111,0.286,66.7%,11.1%,22.2%,41.0%,59.3%,87.5%,26.5%,12.0%,80
Georgia,Trey King,All,56,11,83.7,96.2,98.0,27.3%,6.9°,10.1°,27.3,0.0%,0,0.071,0.204,0.111,0.246,54.5%,18.2%,27.3%,42.9%,66.7%,94.4%,20.7%,12.5%,159
Coppin State,Gabe Breckenridge,All,44,12,73.8,93.8,93.9,0.0%,8.6°,-,41.7,0.0%,0,0.071,0.19,0.111,0.24,50.0%,16.7%,33.3%,38.6%,52.9%,100.0%,29.6%,17.6%,77
Prairie View,Sonnier Moses,All,73,9,83.2,94.7,95.5,11.1%,-8.9°,21.3°,11.1,0.0%,0,0.118,0.082,0.109,0.143,66.7%,11.1%,11.1%,57.5%,79.3%,69.6%,43.2%,31.0%,19
Missouri State,Logan Fyffe,All,76,12,89.6,102.5,105.3,33.3%,20.5°,18.5°,50.0,8.3%,1,0.059,0.228,0.109,0.313,25.0%,41.7%,33.3%,43.4%,78.8%,76.9%,16.3%,30.3%,133
Western Illinois,Wandel Campana,All,97,11,79.4,99.5,103.9,18.2%,23.8°,7.2°,27.3,0.0%,0,0.05,0.14,0.109,0.178,36.4%,27.3%,27.3%,36.1%,55.6%,68.0%,19.2%,37.1%,105
Norfolk State,Terrence Rhodes,All,82,11,80.4,100.4,103.7,27.3%,4.5°,21.8°,18.2,0.0%,0,0.118,0.136,0.109,0.171,54.5%,36.4%,9.1%,48.8%,77.1%,77.8%,27.7%,30.0%,136
Chowan,Jackson Dunlap,All,71,9,85.4,97.1,98.5,44.4%,13.8°,19.0°,55.6,0.0%,0,0.118,0.186,0.109,0.228,44.4%,33.3%,22.2%,42.3%,66.7%,56.2%,29.8%,43.3%,45
UC Riverside,Diego Boardman,All,117,12,63.4,63.9,65.5,0.0%,-21.0°,-,8.3,0.0%,0,0.04,0.076,0.108,0.141,75.0%,8.3%,8.3%,40.2%,55.8%,82.8%,27.7%,36.2%,82
Incarnate Word,Thomas Lyssy,All,103,17,79.3,95.7,100.3,23.5%,3.1°,2.6°,29.4,0.0%,0,0.115,0.154,0.107,0.168,58.8%,17.6%,17.6%,54.4%,76.6%,88.9%,35.7%,19.6%,121
North Dakota State,William Mann,All,149,7,74.5,96.4,104.1,14.3%,8.4°,26.4°,14.3,14.3%,1,0.033,0.059,0.106,0.122,42.9%,42.9%,0.0%,49.0%,64.8%,60.9%,34.6%,50.7%,37
Towson,Joseph Current,All,78,7,84.7,100.0,102.2,14.3%,21.7°,31.9°,14.3,14.3%,1,0.0,0.111,0.105,0.247,28.6%,28.6%,0.0%,43.6%,75.0%,79.2%,21.7%,26.5%,165
Kent State,Dominic Kibler,All,108,14,83.8,98.7,98.9,21.4%,23.5°,13.3°,21.4,0.0%,0,0.0,0.123,0.105,0.229,28.6%,35.7%,14.3%,33.3%,56.1%,95.7%,19.4%,8.3%,114
St. Mary's (TX),Jacob King,All,48,11,84.5,96.8,97.8,27.3%,-2.5°,3.6°,45.5,0.0%,0,0.0,0.277,0.105,0.356,63.6%,9.1%,27.3%,45.8%,63.6%,92.9%,30.8%,13.6%,115
Navy,Mac McCommons,All,64,8,82.2,104.6,104.8,37.5%,1.7°,21.4°,12.5,0.0%,0,0.067,0.158,0.104,0.157,62.5%,25.0%,12.5%,46.9%,73.1%,73.7%,28.9%,43.3%,86
St. Thomas (TX),Augie Andersen,All,26,5,87.1,97.3,97.3,40.0%,-28.3°,-0.2°,20.0,0.0%,0,0.143,0.219,0.104,0.165,80.0%,0.0%,20.0%,53.8%,83.3%,70.0%,28.6%,35.7%,70
South Alabama,Mason Zambo,All,63,5,86.4,94.3,97.0,20.0%,29.8°,8.8°,60.0,0.0%,0,0.071,0.129,0.104,0.173,0.0%,40.0%,60.0%,52.4%,70.8%,88.2%,41.0%,36.4%,46
Auburn Montgomery,Tucker Burns,All,53,10,67.8,86.7,90.1,0.0%,-2.8°,-,0.0,0.0%,0,0.071,0.162,0.104,0.183,80.0%,20.0%,0.0%,50.9%,78.9%,93.3%,35.3%,14.8%,187
Columbus State,Andrew Rubin,All,32,8,82.2,69.6,70.0,12.5%,5.0°,-1.9°,0.0,0.0%,0,0.111,0.162,0.103,0.155,75.0%,25.0%,0.0%,46.9%,63.2%,91.7%,23.1%,6.7%,140
Le Moyne,Derek Diaz,All,36,8,87.5,95.3,95.9,12.5%,29.0°,6.3°,12.5,0.0%,0,0.111,0.257,0.103,0.274,37.5%,25.0%,12.5%,38.9%,57.9%,81.8%,17.6%,21.4%,184
Elon,Joseph Yovino,All,96,7,77.8,83.8,84.0,14.3%,10.9°,-1.0°,28.6,0.0%,0,0.111,0.15,0.103,0.143,57.1%,14.3%,14.3%,51.0%,70.6%,66.7%,40.3%,42.9%,49
Stonehill,Brayden Rader,All,37,7,69.3,88.1,93.9,0.0%,19.9°,-,14.3,0.0%,0,0.111,0.08,0.103,0.077,57.1%,28.6%,0.0%,48.6%,81.2%,69.2%,23.8%,27.8%,116
Florida International,Rene Lastres,All,69,9,85.0,101.3,106.6,22.2%,42.2°,13.3°,33.3,0.0%,0,0.118,0.091,0.103,0.1,11.1%,22.2%,22.2%,36.2%,55.3%,81.0%,12.9%,28.0%,36
St. Mary's (TX),Trey Guajardo,All,39,6,80.4,87.5,91.7,0.0%,15.9°,-,33.3,0.0%,0,0.125,0.176,0.103,0.18,50.0%,0.0%,33.3%,38.5%,66.7%,90.0%,20.8%,20.0%,105
Georgetown (KY),Jarrett Chapman,All,30,5,79.7,93.6,96.5,20.0%,35.3°,22.9°,20.0,0.0%,0,0.111,0.091,0.103,0.113,20.0%,20.0%,20.0%,63.3%,93.3%,78.6%,33.3%,31.6%,144
Lindenwood,Jack Meyer,All,33,5,93.3,102.6,104.2,60.0%,13.6°,10.8°,60.0,20.0%,1,0.111,0.193,0.103,0.263,60.0%,20.0%,20.0%,42.4%,68.8%,90.9%,17.6%,21.4%,83
Texas Southern,Kelton Phillips,All,111,21,82.4,94.9,102.2,14.3%,-9.6°,-3.7°,33.3,0.0%,0,0.115,0.289,0.103,0.291,61.9%,4.8%,33.3%,47.7%,66.1%,92.7%,24.5%,11.3%,63
Lindsey Wilson,Andres Duran,All,29,7,84.9,100.0,102.1,28.6%,22.0°,7.0°,0.0,0.0%,0,0.111,0.18,0.103,0.177,42.9%,0.0%,0.0%,58.6%,87.5%,85.7%,23.1%,17.6%,160
Stephen F. Austin,River Curs,All,77,6,88.4,96.3,97.7,16.7%,8.2°,32.8°,0.0,0.0%,0,0.059,0.066,0.101,0.093,50.0%,50.0%,0.0%,50.6%,63.9%,65.2%,39.0%,41.0%,67
Tulane,William Good,All,73,8,92.1,99.6,103.4,62.5%,24.8°,13.9°,50.0,0.0%,0,0.067,0.133,0.098,0.198,25.0%,50.0%,25.0%,42.5%,66.7%,75.0%,25.6%,29.0%,93
Mississippi College,Cade Gadman,All,62,14,76.4,84.5,86.5,0.0%,15.4°,-,21.4,0.0%,0,0.062,0.245,0.098,0.272,42.9%,50.0%,7.1%,50.0%,60.6%,90.0%,37.9%,12.9%,44
High Point,Wyatt Ewanowski,All,65,10,82.0,96.5,102.0,20.0%,21.0°,2.7°,40.0,0.0%,0,0.0,0.217,0.098,0.301,40.0%,40.0%,20.0%,35.4%,65.2%,93.3%,19.0%,30.4%,106
McNeese,Conner Westenburg,All,57,10,77.9,95.6,102.8,10.0%,2.8°,12.6°,30.0,0.0%,0,0.0,0.227,0.098,0.296,60.0%,0.0%,20.0%,50.9%,76.9%,95.0%,29.0%,13.8%,94
Long Beach State,Reid Montgomery,All,100,9,82.9,91.4,91.9,0.0%,12.4°,-,11.1,0.0%,0,0.0,0.083,0.096,0.165,44.4%,22.2%,11.1%,41.0%,61.7%,65.5%,22.6%,36.6%,111
Duke,Nick DiPietrantonio,All,38,7,73.9,102.9,103.7,28.6%,6.4°,20.3°,14.3,14.3%,1,0.1,0.23,0.093,0.292,71.4%,14.3%,0.0%,68.4%,92.9%,84.6%,54.2%,30.8%,-8
Lehigh,Bobby Kleckner,All,28,5,80.9,93.6,94.1,0.0%,18.7°,-,20.0,0.0%,0,0.1,0.101,0.093,0.119,40.0%,40.0%,20.0%,53.6%,80.0%,83.3%,23.1%,26.7%,31
Mars Hill,Caleb Smith,All,46,5,75.9,85.8,88.6,0.0%,1.9°,-,20.0,0.0%,0,0.1,0.171,0.093,0.161,60.0%,40.0%,0.0%,50.0%,71.4%,73.3%,32.0%,26.1%,122
Chapman,Sloan Steimel,All,31,5,92.1,97.1,98.2,40.0%,21.9°,13.0°,100.0,0.0%,0,0.111,0.225,0.093,0.26,0.0%,20.0%,80.0%,67.7%,90.9%,80.0%,55.0%,47.6%,85
McNeese,Gage Trahan,All,46,6,79.5,81.0,81.1,0.0%,23.9°,-,33.3,0.0%,0,0.1,0.133,0.093,0.104,16.7%,33.3%,33.3%,50.0%,73.9%,82.4%,26.1%,26.1%,69
St. Thomas (FL),Yoel Rojas,All,76,15,75.7,96.8,97.2,20.0%,-4.4°,16.4°,26.7,0.0%,0,0.118,0.234,0.093,0.245,53.3%,6.7%,20.0%,50.0%,77.4%,100.0%,31.1%,10.5%,73
Union,Nick Stamper,All,41,5,89.8,100.0,100.7,40.0%,1.5°,18.2°,60.0,0.0%,0,0.1,0.15,0.093,0.164,20.0%,0.0%,60.0%,48.8%,73.7%,71.4%,27.3%,30.0%,107
Mississippi College,Beau Kirsch,All,30,6,75.2,82.6,84.6,0.0%,3.5°,-,0.0,0.0%,0,0.0,0.096,0.092,0.179,66.7%,33.3%,0.0%,36.7%,53.3%,100.0%,20.0%,9.1%,49
UNC Asheville,Chase Klingemann,All,29,7,81.5,91.6,93.7,0.0%,5.5°,-,0.0,0.0%,0,0.0,0.182,0.092,0.247,57.1%,28.6%,0.0%,41.4%,90.0%,100.0%,15.8%,25.0%,120
Union,Matthew Autry,All,33,5,82.1,88.6,88.7,0.0%,11.9°,-,40.0,0.0%,0,0.0,0.251,0.092,0.309,40.0%,20.0%,40.0%,33.3%,40.0%,100.0%,30.4%,27.3%,110
Tufts,Ian Robertson,All,31,6,72.3,89.6,89.8,0.0%,-2.6°,-,50.0,0.0%,0,0.0,0.17,0.092,0.247,66.7%,0.0%,16.7%,38.7%,61.5%,87.5%,22.2%,25.0%,138
Juniata,Matthew Quigley,All,29,5,79.6,88.7,89.4,0.0%,14.7°,-,20.0,0.0%,0,0.0,0.191,0.092,0.271,40.0%,40.0%,20.0%,34.5%,57.1%,75.0%,13.3%,30.0%,172
Ball State,Brett Griffiths,All,79,8,75.8,95.0,96.2,25.0%,-11.2°,0.6°,0.0,0.0%,0,0.062,0.133,0.092,0.167,75.0%,25.0%,0.0%,51.9%,80.6%,72.4%,27.9%,31.7%,111
Dartmouth,Stefan Di Corrado,All,67,15,85.2,98.2,102.8,26.7%,21.6°,-1.5°,13.3,0.0%,0,0.059,0.227,0.092,0.259,46.7%,33.3%,13.3%,40.3%,79.3%,78.3%,10.5%,22.2%,135
San Diego,Logan Reddemann,All,88,15,85.8,98.8,101.3,33.3%,7.0°,17.3°,33.3,0.0%,0,0.045,0.199,0.09,0.26,53.3%,26.7%,20.0%,45.5%,61.7%,93.1%,26.8%,17.5%,91
Loyola Marymount,Luca Danos,All,118,18,79.1,95.6,95.7,16.7%,2.7°,8.3°,22.2,0.0%,0,0.042,0.166,0.089,0.214,55.6%,22.2%,16.7%,38.1%,60.0%,96.7%,22.1%,8.9%,94
North Carolina A&T,Luis Gomez,All,118,17,80.1,100.7,103.1,29.4%,10.5°,4.3°,23.5,0.0%,0,0.04,0.217,0.089,0.255,47.1%,23.5%,23.5%,44.9%,66.7%,75.0%,30.0%,35.8%,79
St. John's,Chad Falcon,All,61,15,76.2,96.2,98.2,6.7%,-11.7°,3.1°,6.7,0.0%,0,0.056,0.183,0.087,0.214,73.3%,26.7%,0.0%,50.8%,70.8%,82.4%,37.8%,29.0%,11
Shenandoah,Luke Keister,All,52,13,76.3,88.8,91.8,0.0%,-2.4°,-,15.4,0.0%,0,0.0,0.217,0.086,0.274,61.5%,15.4%,15.4%,44.2%,68.2%,100.0%,26.7%,0.0%,58
Xavier,Tyler Stack,All,38,7,87.0,96.5,99.9,28.6%,-0.4°,-29.0°,14.3,0.0%,0,0.091,0.179,0.084,0.166,57.1%,42.9%,0.0%,60.5%,77.3%,76.5%,37.5%,30.4%,82
Coppin State,Brennen Barczai,All,48,7,78.3,96.2,96.5,28.6%,11.4°,16.0°,71.4,0.0%,0,0.1,0.203,0.084,0.223,42.9%,14.3%,42.9%,52.1%,70.8%,82.4%,33.3%,20.0%,81
UNC Pembroke,Landon Lucas,All,34,8,86.0,107.0,107.1,37.5%,-10.3°,4.8°,12.5,0.0%,0,0.091,0.131,0.084,0.202,62.5%,12.5%,12.5%,44.1%,70.6%,75.0%,17.6%,26.7%,101
Fresno State,Maxwell Shor,All,38,8,87.0,94.8,95.5,12.5%,23.1°,31.9°,50.0,0.0%,0,0.1,0.205,0.084,0.241,25.0%,62.5%,12.5%,52.6%,76.2%,68.8%,23.5%,40.0%,134
Westcliff,Chris Bartholomew,All,43,9,78.5,97.8,99.8,11.1%,-5.2°,25.9°,33.3,11.1%,1,0.1,0.256,0.084,0.295,55.6%,22.2%,22.2%,53.5%,72.7%,87.5%,33.3%,17.4%,39
San Francisco State,Daniel Santos,All,58,12,85.1,95.7,96.3,25.0%,9.6°,-4.7°,25.0,0.0%,0,0.062,0.256,0.083,0.258,58.3%,0.0%,16.7%,43.1%,60.9%,100.0%,31.4%,32.0%,109
Alcorn State,Dillon Brown,All,35,6,80.8,91.3,92.1,0.0%,-6.7°,-,0.0,0.0%,0,0.0,0.085,0.082,0.157,50.0%,16.7%,0.0%,31.4%,33.3%,100.0%,30.0%,27.3%,-15
Ball State,Dj Scheumann,All,45,5,85.4,93.7,93.8,0.0%,9.2°,-,0.0,0.0%,0,0.0,0.099,0.082,0.185,60.0%,40.0%,0.0%,33.3%,55.6%,80.0%,18.5%,33.3%,116
Lincoln Memorial,Caleb Jordan,All,29,6,76.4,91.3,91.3,0.0%,-37.2°,-,16.7,0.0%,0,0.0,0.093,0.082,0.168,66.7%,16.7%,0.0%,51.7%,70.6%,83.3%,25.0%,26.7%,81
Elon,Trey TIffan,All,27,6,70.4,87.8,88.7,0.0%,2.1°,-,16.7,0.0%,0,0.0,0.097,0.082,0.169,50.0%,50.0%,0.0%,48.1%,56.2%,100.0%,36.4%,15.4%,37
Trevecca Nazarene,Josh Griffin,All,33,6,66.4,91.3,95.8,16.7%,0.6°,2.3°,0.0,0.0%,0,0.0,0.156,0.082,0.215,83.3%,16.7%,0.0%,42.4%,69.2%,88.9%,25.0%,14.3%,101
Binghamton,Braylen Gonzalez,All,37,5,90.5,91.0,91.3,20.0%,6.4°,-1.8°,0.0,0.0%,0,0.0,0.143,0.082,0.196,60.0%,40.0%,0.0%,35.1%,52.6%,80.0%,16.7%,23.1%,67
Central Arkansas,Blaine French,All,83,14,73.1,93.4,98.1,14.3%,17.7°,1.3°,14.3,0.0%,0,0.05,0.116,0.079,0.142,57.1%,42.9%,0.0%,51.8%,75.0%,90.9%,25.6%,20.9%,79
California,Elijah Clayton,All,45,7,81.6,94.9,96.2,14.3%,-14.9°,33.4°,14.3,0.0%,0,0.083,0.143,0.077,0.243,71.4%,14.3%,14.3%,48.9%,58.3%,85.7%,38.1%,22.7%,68
Auburn,Addison Klepsch,All,45,11,91.7,94.8,95.7,45.5%,-5.9°,1.5°,0.0,0.0%,0,0.083,0.187,0.077,0.196,63.6%,9.1%,0.0%,46.7%,71.4%,100.0%,25.0%,4.8%,84
North Florida,Ty Velardo,All,57,11,86.2,99.7,102.1,27.3%,21.0°,15.7°,27.3,0.0%,0,0.083,0.249,0.077,0.29,36.4%,27.3%,18.2%,54.4%,72.0%,83.3%,40.6%,19.4%,102
Merrimack,Hayden Bond,All,41,5,84.0,84.3,84.6,20.0%,19.0°,-0.8°,40.0,0.0%,0,0.091,0.166,0.077,0.15,20.0%,40.0%,20.0%,53.7%,76.2%,75.0%,30.0%,36.4%,75
Delaware,Vince Davis,All,90,7,92.6,100.0,100.3,71.4%,5.3°,3.5°,28.6,0.0%,0,0.0,0.152,0.077,0.228,71.4%,14.3%,14.3%,36.7%,61.1%,81.8%,20.4%,33.3%,78
Sacred Heart,Zack Kovalchik,All,158,31,79.3,92.8,97.1,16.1%,13.3°,0.3°,16.1,0.0%,0,0.026,0.154,0.075,0.205,51.6%,29.0%,6.5%,40.5%,70.3%,91.1%,20.2%,17.2%,119
Jackson State,Darwin Gregg,All,49,5,93.1,101.0,103.7,20.0%,18.3°,5.0°,20.0,0.0%,0,0.0,0.137,0.073,0.207,40.0%,40.0%,20.0%,40.8%,62.5%,80.0%,20.0%,40.0%,49
Loyola Marymount,Luke Skinner,All,43,5,82.5,86.6,87.7,0.0%,16.0°,-,20.0,0.0%,0,0.0,0.13,0.073,0.191,60.0%,40.0%,0.0%,51.2%,85.0%,94.1%,21.7%,18.2%,123
Fairfield,Liam Mcilroy,All,37,6,93.0,96.3,96.4,66.7%,-0.5°,6.3°,16.7,0.0%,0,0.0,0.228,0.073,0.31,50.0%,16.7%,16.7%,48.6%,77.8%,64.3%,21.1%,33.3%,164
Valparaiso,RJ Thomae,All,40,5,79.1,94.3,98.8,20.0%,13.9°,22.8°,20.0,0.0%,0,0.0,0.112,0.073,0.202,60.0%,0.0%,20.0%,50.0%,71.4%,60.0%,26.3%,50.0%,94
Eastern Kentucky,Kobe Benson,All,42,6,76.2,92.0,94.7,0.0%,3.9°,-,33.3,0.0%,0,0.0,0.102,0.073,0.171,50.0%,33.3%,16.7%,40.5%,78.9%,86.7%,8.7%,17.6%,119
USC Aiken,Griffin Rowe,All,41,7,77.2,89.0,91.5,14.3%,-2.2°,-6.5°,0.0,0.0%,0,0.0,0.15,0.073,0.202,85.7%,14.3%,0.0%,46.3%,75.0%,100.0%,28.0%,5.3%,56
Utah,Zayke Hawkins,All,35,6,79.3,96.9,99.8,16.7%,19.4°,12.5°,16.7,0.0%,0,0.0,0.151,0.073,0.215,33.3%,50.0%,16.7%,40.0%,64.7%,90.9%,16.7%,21.4%,87
Portland,Jace Miller,All,49,10,89.5,102.8,105.1,40.0%,28.8°,27.3°,50.0,0.0%,0,0.091,0.217,0.071,0.321,10.0%,40.0%,40.0%,51.0%,65.2%,86.7%,38.5%,24.0%,64
Fairleigh Dickinson,Joe Dimotta,All,48,11,82.0,94.7,94.7,9.1%,-2.9°,-6.7°,18.2,0.0%,0,0.077,0.156,0.071,0.173,63.6%,18.2%,9.1%,37.5%,60.0%,93.3%,13.0%,5.6%,121
Lindenwood,Filip Sarota,All,87,12,85.6,98.5,98.9,25.0%,-7.6°,9.7°,0.0,0.0%,0,0.043,0.103,0.069,0.133,66.7%,16.7%,0.0%,50.6%,66.7%,65.4%,37.5%,40.9%,23
Oklahoma,Brandon Cain,All,39,7,80.7,94.1,95.2,14.3%,12.1°,-,14.3,0.0%,0,0.0,0.073,0.067,0.068,42.9%,28.6%,0.0%,43.6%,73.3%,90.9%,25.0%,35.3%,114
Indiana,Josh Pyne,All,44,7,80.2,98.1,106.2,14.3%,9.9°,3.2°,14.3,0.0%,0,0.0,0.216,0.067,0.264,57.1%,28.6%,14.3%,40.9%,50.0%,81.8%,31.8%,22.2%,32
Pacific Lutheran,Lukas Delisle,All,39,7,79.1,86.7,87.5,0.0%,15.5°,-,0.0,0.0%,0,0.0,0.172,0.067,0.226,57.1%,42.9%,0.0%,48.7%,70.0%,78.6%,26.3%,21.1%,71
Long Island,Matt McGurk,All,150,18,92.2,103.3,103.7,55.6%,29.6°,26.1°,16.7,5.6%,1,0.029,0.162,0.067,0.26,27.8%,44.4%,5.6%,46.0%,73.6%,77.4%,20.5%,27.5%,110
Saint Louis,Patrick Mendiola,All,98,13,80.0,96.0,97.9,23.1%,-9.9°,-4.3°,23.1,0.0%,0,0.04,0.166,0.064,0.188,69.2%,7.7%,23.1%,42.9%,67.3%,80.0%,15.2%,28.6%,72
Northern Illinois,Ryan Birr,All,95,14,84.4,94.0,95.6,21.4%,6.4°,1.4°,28.6,0.0%,0,0.0,0.142,0.064,0.204,50.0%,28.6%,14.3%,45.3%,66.7%,84.6%,30.4%,27.9%,124
University of Montevallo,Dominic Maldet,All,56,8,76.0,92.2,97.2,12.5%,21.4°,1.4°,25.0,0.0%,0,0.077,0.137,0.062,0.138,37.5%,37.5%,25.0%,55.4%,68.2%,93.3%,47.1%,35.5%,55
Mississippi College,Blaise Breerwood,All,45,7,88.0,96.9,99.7,28.6%,0.6°,-3.0°,0.0,0.0%,0,0.0,0.194,0.061,0.233,85.7%,14.3%,0.0%,53.3%,78.9%,86.7%,34.6%,25.0%,86
Georgetown,Julius Pfau,All,40,6,79.8,92.8,94.3,0.0%,11.4°,-,33.3,0.0%,0,0.0,0.142,0.061,0.197,66.7%,16.7%,16.7%,47.5%,68.8%,81.8%,33.3%,42.1%,79
Illinois State,Cameron Hill,All,46,5,83.2,98.3,99.8,20.0%,37.0°,-,40.0,20.0%,1,0.0,0.105,0.061,0.207,20.0%,20.0%,20.0%,54.3%,66.7%,71.4%,44.0%,52.0%,-18
California,Jack Johnston,All,50,5,85.1,87.0,88.7,0.0%,31.0°,-,0.0,0.0%,0,0.0,0.066,0.061,0.123,40.0%,60.0%,0.0%,42.0%,55.0%,63.6%,33.3%,42.9%,66
Rhodes,Ben Burkhart,All,40,8,83.6,101.1,103.8,25.0%,-6.8°,2.2°,37.5,0.0%,0,0.0,0.152,0.061,0.219,50.0%,0.0%,37.5%,50.0%,61.5%,87.5%,44.4%,35.0%,2
Pittsburgh,Keeton Burroughs,All,64,11,71.7,93.3,96.5,9.1%,2.6°,20.5°,18.2,0.0%,0,0.062,0.111,0.058,0.114,45.5%,36.4%,18.2%,37.5%,55.6%,93.3%,24.3%,16.7%,50
Arkansas State,Hunter Ryan,All,55,15,83.0,93.9,95.3,6.7%,9.3°,15.6°,33.3,0.0%,0,0.062,0.226,0.058,0.238,46.7%,26.7%,20.0%,50.9%,67.9%,89.5%,33.3%,10.7%,51
West Georgia,Jacob Bowman,All,105,15,83.1,98.6,102.4,20.0%,15.2°,3.4°,53.3,0.0%,0,0.037,0.154,0.057,0.186,33.3%,20.0%,40.0%,41.9%,53.8%,75.0%,30.2%,34.1%,65
Southwestern (TX),Kyle Cox,All,51,7,71.7,88.2,88.4,0.0%,-12.9°,-,42.9,0.0%,0,0.0,0.123,0.057,0.167,57.1%,0.0%,28.6%,43.1%,60.0%,83.3%,32.3%,27.3%,11
Connecticut,Maddix Dalena,All,53,7,92.2,100.0,100.7,57.1%,-11.7°,-6.7°,0.0,0.0%,0,0.0,0.165,0.057,0.247,71.4%,28.6%,0.0%,32.1%,48.0%,91.7%,17.9%,35.3%,70
Arkansas-Pine Bluff,Jaylon Johnson,All,56,5,74.5,78.6,78.6,20.0%,-7.8°,-2.9°,20.0,0.0%,0,0.0,0.098,0.057,0.128,80.0%,0.0%,20.0%,44.6%,54.8%,70.6%,32.0%,40.0%,34
Emory & Henry,Jack Ferguson,All,53,8,60.7,82.1,82.4,0.0%,1.1°,-,12.5,0.0%,0,0.0,0.046,0.052,0.096,50.0%,37.5%,0.0%,47.2%,67.9%,73.7%,24.0%,32.0%,54
St. Thomas (FL),Yordielo O'niel,All,46,10,85.4,92.0,92.0,0.0%,24.2°,-,20.0,0.0%,0,0.0,0.195,0.052,0.248,30.0%,50.0%,20.0%,43.5%,65.0%,84.6%,26.9%,20.0%,94
Cal State Northridge,Jesus Liera,All,57,7,69.8,92.9,94.0,0.0%,-11.9°,-,0.0,0.0%,0,0.0,0.075,0.049,0.121,71.4%,28.6%,0.0%,42.1%,63.0%,82.4%,23.3%,33.3%,114
UNC Asheville,Ben Hemphill,All,69,15,85.9,90.9,92.1,13.3%,9.4°,-16.0°,26.7,0.0%,0,0.0,0.134,0.041,0.178,46.7%,33.3%,13.3%,49.3%,71.4%,92.0%,26.5%,11.8%,80
Seton Hall,Frankie Scravanic,All,72,8,83.8,98.1,98.8,25.0%,4.4°,27.3°,12.5,0.0%,0,0.0,0.156,0.041,0.2,62.5%,25.0%,12.5%,31.9%,51.9%,57.1%,20.0%,43.5%,84
North Dakota State,Tyman Long,All,101,5,82.3,95.0,97.1,20.0%,26.5°,26.2°,20.0,0.0%,0,0.0,0.042,0.032,0.091,40.0%,40.0%,0.0%,47.5%,60.0%,42.4%,32.6%,60.4%,61
Dartmouth,Alejandro Puig,All,88,19,75.4,95.9,98.6,15.8%,2.8°,14.8°,26.3,0.0%,0,0.034,0.148,0.032,0.164,57.9%,26.3%,15.8%,56.8%,76.3%,79.3%,42.0%,34.0%,56
UNC Greensboro,Boone Herman,All,105,13,89.8,105.2,106.2,38.5%,34.0°,18.9°,15.4,7.7%,1,0.0,0.156,0.027,0.205,15.4%,38.5%,23.1%,40.0%,66.7%,75.0%,22.2%,31.0%,95
Rice,Javier Vazquez,All,37,6,83.6,97.4,100.2,16.7%,-6.7°,24.2°,16.7,16.7%,1,0.0,0.13,0.0,0.176,50.0%,33.3%,16.7%,45.9%,68.4%,76.9%,22.2%,35.3%,84
Nova Southeastern,Justin Wachs,All,40,7,80.6,89.9,91.5,0.0%,13.1°,-,14.3,0.0%,0,0.0,0.174,0.0,0.184,42.9%,42.9%,14.3%,45.0%,71.4%,86.7%,15.8%,11.1%,106
Bowling Green,Carter Mottice,All,67,13,82.6,95.4,96.8,30.8%,-2.8°,-4.1°,30.8,0.0%,0,0.0,0.226,0.0,0.23,69.2%,7.7%,23.1%,55.2%,68.8%,90.9%,42.9%,21.6%,35
Eckerd,Cole Schumaker,All,27,10,84.7,94.1,94.1,0.0%,12.7°,-,50.0,0.0%,0,0.0,0.26,0.0,0.293,50.0%,20.0%,30.0%,59.3%,85.7%,83.3%,30.8%,18.8%,159
Indiana State,Sean McGurk,All,46,5,82.9,96.4,99.9,20.0%,9.3°,18.9°,20.0,0.0%,0,0.0,0.162,0.0,0.188,60.0%,20.0%,20.0%,30.4%,50.0%,72.7%,12.5%,28.6%,118
Radford,Ian Hubbard,All,39,9,71.6,93.2,94.1,0.0%,-26.2°,-,0.0,0.0%,0,0.0,0.097,0.0,0.093,77.8%,22.2%,0.0%,66.7%,85.0%,70.6%,47.4%,26.9%,50
Oral Roberts,Tyler Brodrick,All,33,5,85.4,100.7,100.7,20.0%,-6.6°,16.1°,20.0,0.0%,0,0.0,0.163,0.0,0.171,80.0%,0.0%,20.0%,57.6%,92.9%,84.6%,31.6%,21.1%,88
South Alabama,Nathan Wood,All,32,5,81.1,93.6,94.8,0.0%,8.9°,-,20.0,0.0%,0,0.0,0.203,0.0,0.206,60.0%,0.0%,20.0%,40.6%,46.2%,100.0%,36.8%,30.8%,34
Samford,Cullen Horowicz,All,57,5,83.6,96.9,97.9,20.0%,11.4°,59.3°,20.0,0.0%,0,0.0,0.074,0.0,0.074,40.0%,40.0%,20.0%,63.2%,88.0%,63.6%,43.8%,58.3%,54
Georgia Southern,Sammy Leis,All,58,9,81.7,101.6,103.4,33.3%,1.7°,20.8°,11.1,0.0%,0,0.0,0.167,0.0,0.164,66.7%,22.2%,11.1%,53.4%,72.0%,77.8%,39.4%,38.7%,102
Texas A&M-Corpus Christi,Josh Blount,All,46,10,73.2,89.4,90.7,0.0%,-18.2°,-,20.0,0.0%,0,0.0,0.085,0.0,0.091,70.0%,30.0%,0.0%,45.7%,72.0%,72.2%,14.3%,28.6%,106
SIUE,Sam Chapman,All,27,6,69.7,60.0,60.0,0.0%,-43.3°,-,16.7,0.0%,0,0.0,0.133,0.0,0.123,83.3%,0.0%,0.0%,29.6%,58.3%,100.0%,6.7%,0.0%,99
DeSales,Travis Kerr,All,40,5,86.2,99.4,100.4,40.0%,3.1°,14.2°,40.0,0.0%,0,0.0,0.218,0.0,0.239,60.0%,20.0%,20.0%,32.5%,61.1%,81.8%,9.1%,23.1%,132
Delaware State,Brady Daniels,All,26,6,80.4,90.5,94.2,16.7%,6.2°,-0.9°,0.0,0.0%,0,0.0,0.196,0.0,0.185,66.7%,16.7%,16.7%,61.5%,85.7%,75.0%,33.3%,18.8%,126
Cal Poly,Wyatt King,All,86,9,81.7,94.4,100.1,11.1%,47.0°,18.2°,44.4,0.0%,0,0.0,0.098,0.0,0.106,11.1%,33.3%,22.2%,45.3%,61.1%,77.3%,34.0%,33.3%,56
Arkansas-Pine Bluff,Darrius Brown,All,25,6,78.0,85.3,85.5,0.0%,11.4°,-,16.7,0.0%,0,0.0,0.084,0.0,0.088,50.0%,50.0%,0.0%,36.0%,38.5%,80.0%,33.3%,11.1%,31
USF,Jacob Green,All,36,6,73.4,50.1,50.1,0.0%,-16.5°,-,0.0,0.0%,0,0.0,0.076,0.0,0.074,83.3%,0.0%,0.0%,47.2%,56.2%,88.9%,40.0%,35.3%,24
Newberry,Jonathan Velez,All,32,7,78.2,92.6,94.0,0.0%,0.9°,-,14.3,0.0%,0,0.0,0.132,0.0,0.136,28.6%,28.6%,14.3%,56.2%,60.0%,100.0%,55.6%,27.8%,-113
Stephen F. Austin,Jackson Benattar,All,31,5,88.0,95.5,96.5,20.0%,11.4°,3.6°,20.0,0.0%,0,0.0,0.152,0.0,0.15,60.0%,20.0%,20.0%,41.9%,52.9%,77.8%,28.6%,38.5%,4
Point Loma,Luke Reece,All,34,5,86.7,98.5,98.8,40.0%,8.8°,18.6°,40.0,0.0%,0,0.0,0.143,0.0,0.17,40.0%,20.0%,40.0%,41.2%,66.7%,87.5%,27.3%,28.6%,140
Florida Memorial,Justin Martinez,All,35,6,69.9,83.7,88.3,0.0%,24.3°,-,0.0,0.0%,0,0.0,0.126,0.0,0.124,33.3%,50.0%,0.0%,48.6%,57.1%,75.0%,42.9%,29.4%,47
Texas Lutheran,Ryan Botello,All,36,5,88.6,94.3,95.4,20.0%,7.8°,19.6°,60.0,0.0%,0,0.0,0.279,0.0,0.295,40.0%,0.0%,60.0%,36.1%,60.0%,77.8%,19.0%,23.1%,122
Saint Mary's (CA),Blake Conrad,All,38,5,79.1,97.4,99.3,20.0%,-2.1°,36.3°,20.0,0.0%,0,0.0,0.108,0.0,0.149,40.0%,20.0%,20.0%,50.0%,77.8%,71.4%,41.4%,31.6%,39
Mississippi College,Alex Johnson,All,41,10,81.6,96.9,101.4,20.0%,17.4°,-1.3°,20.0,0.0%,0,0.0,0.146,0.0,0.166,50.0%,30.0%,20.0%,53.7%,77.3%,82.4%,26.3%,22.7%,113
Bryan,Zach Terry,All,32,6,65.4,-,-,0.0%,-29.8°,-,0.0,0.0%,0,0.0,0.153,0.0,0.144,100.0%,0.0%,0.0%,65.6%,87.5%,92.9%,43.8%,14.3%,27
